scope,encoder,projection_seed,target_domain,readout,metric,shortlist_size,overlap_count,union_size,jaccard,mmd_missed_top_q,a_missed_top_q,a_rescued_top_q,mmd_rescued_top_q,a_rescued_fractional_top_q,mmd_rescued_fractional_top_q,omission_reduction_from_union,a_only_better_than_mmd_choice,top_q_boundary_ties,has_a_rescue,has_mmd_rescue,a_rescues_any_oracle,mmd_rescues_any_oracle,union_selects_a_only,union_better_than_mmd,union_worse_than_mmd,union_better_than_matched_mmd,union_worse_than_matched_mmd,a_rescue_reaches_final_improvement,a_only_top_q,mmd_only_top_q,mmd_choice,union_choice
base_seed_control,resnet50,20260911,clipart,ridge,brier_score,10,2,18,0.1111111111111111,9,10,0,1,0.0,1.0,0.0,0,1,False,True,False,False,False,False,False,True,False,False,[],"[""infograph__clip_pc1_high|real__clip_pc1_low|sketch__clip_pc1_low""]",infograph__clip_pc1_high|real__clip_pc1_low|sketch__clip_pc1_low,infograph__clip_pc1_high|real__clip_pc1_low|sketch__clip_pc1_low
base_seed_control,resnet50,20260911,clipart,ridge,brier_score,25,9,41,0.21951219512195122,8,6,3,1,3.0,1.0,0.00011745064126222893,1,1,True,True,True,False,True,True,False,True,False,True,"[""real__clip_pc1_high|real__clip_pc1_low|real__clip_pc1_middle"", ""real__clip_pc1_high|real__clip_pc1_low|sketch__clip_pc1_low"", ""real__clip_pc1_low|real__clip_pc1_middle|sketch__clip_pc1_middle""]","[""infograph__clip_pc1_high|real__clip_pc1_low|sketch__clip_pc1_low""]",painting__clip_pc1_middle|real__clip_pc1_low|sketch__clip_pc1_low,real__clip_pc1_high|real__clip_pc1_low|sketch__clip_pc1_low
base_seed_control,resnet50,20260911,clipart,ridge,brier_score,50,27,73,0.3698630136986301,5,5,2,2,2.0,2.0,1.4487009605712586e-05,1,1,True,True,True,False,True,True,False,True,False,True,"[""real__clip_pc1_high|real__clip_pc1_low|real__clip_pc1_middle"", ""real__clip_pc1_high|real__clip_pc1_low|sketch__clip_pc1_low""]","[""infograph__clip_pc1_high|real__clip_pc1_low|sketch__clip_pc1_low"", ""infograph__clip_pc1_middle|real__clip_pc1_low|sketch__clip_pc1_low""]",real__clip_pc1_low|real__clip_pc1_middle|sketch__clip_pc1_low,real__clip_pc1_high|real__clip_pc1_low|sketch__clip_pc1_low
base_seed_control,resnet50,20260911,clipart,ridge,brier_score,100,73,127,0.5748031496062992,2,4,1,3,1.0,3.0,0.0,0,1,True,True,False,False,False,False,False,False,False,False,"[""real__clip_pc1_high|real__clip_pc1_low|real__clip_pc1_middle""]","[""infograph__clip_pc1_middle|real__clip_pc1_low|sketch__clip_pc1_low"", ""real__clip_pc1_low|sketch__clip_pc1_high|sketch__clip_pc1_low"", ""real__clip_pc1_low|sketch__clip_pc1_low|sketch__clip_pc1_middle""]",real__clip_pc1_low|sketch__clip_pc1_low|sketch__clip_pc1_middle,real__clip_pc1_low|sketch__clip_pc1_low|sketch__clip_pc1_middle
base_seed_control,resnet50,20260911,clipart,ridge,brier_score,227,210,244,0.860655737704918,1,1,0,0,0.0,0.0,0.0,0,1,False,False,False,False,False,False,False,False,False,False,[],[],real__clip_pc1_low|sketch__clip_pc1_low|sketch__clip_pc1_middle,real__clip_pc1_low|sketch__clip_pc1_low|sketch__clip_pc1_middle
base_seed_control,resnet50,20260911,clipart,ridge,nll,10,2,18,0.1111111111111111,9,10,0,1,0.0,1.0,0.0,0,1,False,True,False,False,False,False,False,False,True,False,[],"[""infograph__clip_pc1_high|real__clip_pc1_low|sketch__clip_pc1_low""]",infograph__clip_pc1_high|real__clip_pc1_low|sketch__clip_pc1_low,infograph__clip_pc1_high|real__clip_pc1_low|sketch__clip_pc1_low
base_seed_control,resnet50,20260911,clipart,ridge,nll,25,9,41,0.21951219512195122,8,6,3,1,3.0,1.0,0.005050165488598601,1,1,True,True,True,False,True,True,False,True,False,True,"[""real__clip_pc1_high|real__clip_pc1_low|real__clip_pc1_middle"", ""real__clip_pc1_high|real__clip_pc1_low|sketch__clip_pc1_low"", ""real__clip_pc1_low|real__clip_pc1_middle|sketch__clip_pc1_middle""]","[""infograph__clip_pc1_high|real__clip_pc1_low|sketch__clip_pc1_low""]",painting__clip_pc1_middle|real__clip_pc1_low|sketch__clip_pc1_low,real__clip_pc1_high|real__clip_pc1_low|sketch__clip_pc1_low
base_seed_control,resnet50,20260911,clipart,ridge,nll,50,27,73,0.3698630136986301,5,5,2,2,2.0,2.0,0.0010242359621477348,1,1,True,True,True,False,True,True,False,True,False,True,"[""real__clip_pc1_high|real__clip_pc1_low|real__clip_pc1_middle"", ""real__clip_pc1_high|real__clip_pc1_low|sketch__clip_pc1_low""]","[""infograph__clip_pc1_high|real__clip_pc1_low|sketch__clip_pc1_low"", ""infograph__clip_pc1_middle|real__clip_pc1_low|sketch__clip_pc1_low""]",real__clip_pc1_low|real__clip_pc1_middle|sketch__clip_pc1_low,real__clip_pc1_high|real__clip_pc1_low|sketch__clip_pc1_low
base_seed_control,resnet50,20260911,clipart,ridge,nll,100,73,127,0.5748031496062992,2,4,1,3,1.0,3.0,0.0,0,1,True,True,False,False,False,False,False,False,False,False,"[""real__clip_pc1_high|real__clip_pc1_low|real__clip_pc1_middle""]","[""infograph__clip_pc1_middle|real__clip_pc1_low|sketch__clip_pc1_low"", ""real__clip_pc1_low|sketch__clip_pc1_high|sketch__clip_pc1_low"", ""real__clip_pc1_low|sketch__clip_pc1_low|sketch__clip_pc1_middle""]",real__clip_pc1_low|sketch__clip_pc1_low|sketch__clip_pc1_middle,real__clip_pc1_low|sketch__clip_pc1_low|sketch__clip_pc1_middle
base_seed_control,resnet50,20260911,clipart,ridge,nll,227,210,244,0.860655737704918,1,1,0,0,0.0,0.0,0.0,0,1,False,False,False,False,False,False,False,False,False,False,[],[],real__clip_pc1_low|sketch__clip_pc1_low|sketch__clip_pc1_middle,real__clip_pc1_low|sketch__clip_pc1_low|sketch__clip_pc1_middle
base_seed_control,resnet50,20260911,clipart,ridge,error_rate,10,2,18,0.1111111111111111,9,10,0,1,0.0,1.0,0.0,0,1,False,True,False,False,False,False,False,False,True,False,[],"[""infograph__clip_pc1_high|real__clip_pc1_low|sketch__clip_pc1_middle""]",infograph__clip_pc1_high|real__clip_pc1_low|sketch__clip_pc1_middle,infograph__clip_pc1_high|real__clip_pc1_low|sketch__clip_pc1_middle
base_seed_control,resnet50,20260911,clipart,ridge,error_rate,25,9,41,0.21951219512195122,8,7,2,1,2.0,1.0,0.0166015625,2,1,True,True,True,False,True,True,False,True,False,True,"[""real__clip_pc1_high|real__clip_pc1_low|sketch__clip_pc1_low"", ""real__clip_pc1_low|real__clip_pc1_middle|sketch__clip_pc1_middle""]","[""infograph__clip_pc1_high|real__clip_pc1_low|sketch__clip_pc1_middle""]",painting__clip_pc1_middle|real__clip_pc1_low|sketch__clip_pc1_low,real__clip_pc1_high|real__clip_pc1_low|sketch__clip_pc1_low
base_seed_control,resnet50,20260911,clipart,ridge,error_rate,50,27,73,0.3698630136986301,5,3,2,0,2.0,0.0,0.00244140625,2,1,True,False,True,False,True,True,False,False,True,True,"[""real__clip_pc1_high|real__clip_pc1_low|sketch__clip_pc1_low"", ""real__clip_pc1_high|real__clip_pc1_low|sketch__clip_pc1_middle""]",[],real__clip_pc1_low|real__clip_pc1_middle|sketch__clip_pc1_middle,real__clip_pc1_high|real__clip_pc1_low|sketch__clip_pc1_middle
base_seed_control,resnet50,20260911,clipart,ridge,error_rate,100,73,127,0.5748031496062992,0,2,0,2,0.0,2.0,0.0,0,1,False,True,False,False,False,False,False,False,False,False,[],"[""real__clip_pc1_low|sketch__clip_pc1_high|sketch__clip_pc1_low"", ""real__clip_pc1_low|sketch__clip_pc1_low|sketch__clip_pc1_middle""]",real__clip_pc1_low|sketch__clip_pc1_low|sketch__clip_pc1_middle,real__clip_pc1_low|sketch__clip_pc1_low|sketch__clip_pc1_middle
base_seed_control,resnet50,20260911,clipart,ridge,error_rate,227,210,244,0.860655737704918,0,0,0,0,0.0,0.0,0.0,0,1,False,False,False,False,False,False,False,False,False,False,[],[],real__clip_pc1_low|sketch__clip_pc1_low|sketch__clip_pc1_middle,real__clip_pc1_low|sketch__clip_pc1_low|sketch__clip_pc1_middle
base_seed_control,resnet50,20260911,clipart,logistic,brier_score,10,2,18,0.1111111111111111,9,10,0,1,0.0,1.0,0.0,0,1,False,True,False,False,False,False,False,False,True,False,[],"[""infograph__clip_pc1_high|real__clip_pc1_low|sketch__clip_pc1_low""]",infograph__clip_pc1_high|real__clip_pc1_low|sketch__clip_pc1_low,infograph__clip_pc1_high|real__clip_pc1_low|sketch__clip_pc1_low
base_seed_control,resnet50,20260911,clipart,logistic,brier_score,25,9,41,0.21951219512195122,8,6,3,1,3.0,1.0,0.0068936449946972456,1,1,True,True,False,False,True,True,False,False,True,True,"[""real__clip_pc1_high|real__clip_pc1_low|real__clip_pc1_middle"", ""real__clip_pc1_high|real__clip_pc1_low|sketch__clip_pc1_low"", ""real__clip_pc1_low|real__clip_pc1_middle|sketch__clip_pc1_middle""]","[""infograph__clip_pc1_high|real__clip_pc1_low|sketch__clip_pc1_low""]",painting__clip_pc1_middle|real__clip_pc1_low|sketch__clip_pc1_low,real__clip_pc1_high|real__clip_pc1_low|sketch__clip_pc1_low
base_seed_control,resnet50,20260911,clipart,logistic,brier_score,50,27,73,0.3698630136986301,4,4,3,3,3.0,3.0,0.0,0,1,True,True,False,False,False,False,False,False,False,False,"[""real__clip_pc1_high|real__clip_pc1_low|real__clip_pc1_middle"", ""real__clip_pc1_high|real__clip_pc1_low|sketch__clip_pc1_low"", ""real__clip_pc1_high|real__clip_pc1_low|sketch__clip_pc1_middle""]","[""infograph__clip_pc1_high|real__clip_pc1_low|sketch__clip_pc1_low"", ""infograph__clip_pc1_middle|real__clip_pc1_low|sketch__clip_pc1_low"", ""painting__clip_pc1_high|real__clip_pc1_low|sketch__clip_pc1_low""]",real__clip_pc1_low|real__clip_pc1_middle|sketch__clip_pc1_low,real__clip_pc1_low|real__clip_pc1_middle|sketch__clip_pc1_low
base_seed_control,resnet50,20260911,clipart,logistic,brier_score,100,73,127,0.5748031496062992,1,2,1,2,1.0,2.0,0.0,0,1,True,True,False,False,False,False,False,False,False,False,"[""real__clip_pc1_high|real__clip_pc1_low|real__clip_pc1_middle""]","[""infograph__clip_pc1_middle|real__clip_pc1_low|sketch__clip_pc1_low"", ""real__clip_pc1_low|sketch__clip_pc1_low|sketch__clip_pc1_middle""]",real__clip_pc1_low|real__clip_pc1_middle|sketch__clip_pc1_low,real__clip_pc1_low|real__clip_pc1_middle|sketch__clip_pc1_low
base_seed_control,resnet50,20260911,clipart,logistic,brier_score,227,210,244,0.860655737704918,0,0,0,0,0.0,0.0,0.0,0,1,False,False,False,False,False,False,False,False,False,False,[],[],real__clip_pc1_low|real__clip_pc1_middle|sketch__clip_pc1_low,real__clip_pc1_low|real__clip_pc1_middle|sketch__clip_pc1_low
base_seed_control,resnet50,20260911,clipart,logistic,nll,10,2,18,0.1111111111111111,9,10,0,1,0.0,1.0,0.0,0,1,False,True,False,False,False,False,False,False,True,False,[],"[""infograph__clip_pc1_high|real__clip_pc1_low|sketch__clip_pc1_low""]",infograph__clip_pc1_high|real__clip_pc1_low|sketch__clip_pc1_low,infograph__clip_pc1_high|real__clip_pc1_low|sketch__clip_pc1_low
base_seed_control,resnet50,20260911,clipart,logistic,nll,25,9,41,0.21951219512195122,8,7,2,1,2.0,1.0,0.036035912860231445,1,1,True,True,True,False,True,True,False,True,False,True,"[""painting__clip_pc1_middle|real__clip_pc1_low|real__clip_pc1_middle"", ""real__clip_pc1_high|real__clip_pc1_low|sketch__clip_pc1_low""]","[""infograph__clip_pc1_high|real__clip_pc1_low|sketch__clip_pc1_low""]",painting__clip_pc1_middle|real__clip_pc1_low|sketch__clip_pc1_low,real__clip_pc1_high|real__clip_pc1_low|sketch__clip_pc1_low
base_seed_control,resnet50,20260911,clipart,logistic,nll,50,27,73,0.3698630136986301,6,5,3,2,3.0,2.0,0.036035912860231445,1,1,True,True,True,False,True,True,False,False,False,True,"[""painting__clip_pc1_middle|real__clip_pc1_low|real__clip_pc1_middle"", ""real__clip_pc1_high|real__clip_pc1_low|sketch__clip_pc1_low"", ""real__clip_pc1_high|real__clip_pc1_low|sketch__clip_pc1_middle""]","[""infograph__clip_pc1_high|real__clip_pc1_low|sketch__clip_pc1_low"", ""infograph__clip_pc1_middle|real__clip_pc1_low|sketch__clip_pc1_low""]",painting__clip_pc1_middle|real__clip_pc1_low|sketch__clip_pc1_low,real__clip_pc1_high|real__clip_pc1_low|sketch__clip_pc1_low
base_seed_control,resnet50,20260911,clipart,logistic,nll,100,73,127,0.5748031496062992,1,3,1,3,1.0,3.0,0.0,0,1,True,True,False,False,False,False,False,False,False,False,"[""painting__clip_pc1_middle|real__clip_pc1_low|real__clip_pc1_middle""]","[""infograph__clip_pc1_middle|real__clip_pc1_low|sketch__clip_pc1_low"", ""real__clip_pc1_low|sketch__clip_pc1_high|sketch__clip_pc1_low"", ""real__clip_pc1_low|sketch__clip_pc1_low|sketch__clip_pc1_middle""]",real__clip_pc1_high|real__clip_pc1_low|sketch__clip_pc1_low,real__clip_pc1_high|real__clip_pc1_low|sketch__clip_pc1_low
base_seed_control,resnet50,20260911,clipart,logistic,nll,227,210,244,0.860655737704918,0,0,0,0,0.0,0.0,0.0,0,1,False,False,False,False,False,False,False,False,False,False,[],[],real__clip_pc1_high|real__clip_pc1_low|sketch__clip_pc1_low,real__clip_pc1_high|real__clip_pc1_low|sketch__clip_pc1_low
base_seed_control,resnet50,20260911,clipart,logistic,error_rate,10,2,18,0.1111111111111111,10,10,0,0,0.0,0.0,0.0,0,1,False,False,False,False,False,False,False,False,True,False,[],[],infograph__clip_pc1_high|real__clip_pc1_low|sketch__clip_pc1_low,infograph__clip_pc1_high|real__clip_pc1_low|sketch__clip_pc1_low
base_seed_control,resnet50,20260911,clipart,logistic,error_rate,25,9,41,0.21951219512195122,9,6,3,0,3.0,0.0,0.03173828125,1,1,True,False,True,False,True,True,False,True,False,True,"[""infograph__clip_pc1_high|real__clip_pc1_high|real__clip_pc1_low"", ""real__clip_pc1_high|real__clip_pc1_low|sketch__clip_pc1_low"", ""real__clip_pc1_low|real__clip_pc1_middle|sketch__clip_pc1_middle""]",[],painting__clip_pc1_middle|real__clip_pc1_low|sketch__clip_pc1_low,real__clip_pc1_high|real__clip_pc1_low|sketch__clip_pc1_low
base_seed_control,resnet50,20260911,clipart,logistic,error_rate,50,27,73,0.3698630136986301,6,4,3,1,3.0,1.0,0.013671875,1,1,True,True,True,False,True,True,False,False,False,True,"[""infograph__clip_pc1_high|real__clip_pc1_high|real__clip_pc1_low"", ""real__clip_pc1_high|real__clip_pc1_low|sketch__clip_pc1_low"", ""real__clip_pc1_high|real__clip_pc1_low|sketch__clip_pc1_middle""]","[""painting__clip_pc1_high|real__clip_pc1_low|sketch__clip_pc1_low""]",real__clip_pc1_low|real__clip_pc1_middle|sketch__clip_pc1_low,real__clip_pc1_high|real__clip_pc1_low|sketch__clip_pc1_low
base_seed_control,resnet50,20260911,clipart,logistic,error_rate,100,73,127,0.5748031496062992,0,3,0,3,0.0,3.0,0.0,0,1,False,True,False,False,False,False,False,False,False,False,[],"[""infograph__clip_pc1_low|real__clip_pc1_low|sketch__clip_pc1_low"", ""real__clip_pc1_low|sketch__clip_pc1_high|sketch__clip_pc1_low"", ""real__clip_pc1_low|sketch__clip_pc1_low|sketch__clip_pc1_middle""]",real__clip_pc1_high|real__clip_pc1_low|sketch__clip_pc1_low,real__clip_pc1_high|real__clip_pc1_low|sketch__clip_pc1_low
base_seed_control,resnet50,20260911,clipart,logistic,error_rate,227,210,244,0.860655737704918,0,0,0,0,0.0,0.0,0.0,0,1,False,False,False,False,False,False,False,False,False,False,[],[],real__clip_pc1_high|real__clip_pc1_low|sketch__clip_pc1_low,real__clip_pc1_high|real__clip_pc1_low|sketch__clip_pc1_low
base_seed_control,resnet50,20260911,infograph,ridge,brier_score,10,0,20,0.0,10,8,2,0,2.0,0.0,7.222894166170057e-05,2,1,True,False,False,False,True,True,False,True,False,True,"[""clipart__clip_pc1_low|real__clip_pc1_high|real__clip_pc1_low"", ""clipart__clip_pc1_low|real__clip_pc1_high|real__clip_pc1_middle""]",[],clipart__clip_pc1_low|clipart__clip_pc1_middle|real__clip_pc1_middle,clipart__clip_pc1_low|real__clip_pc1_high|real__clip_pc1_low
base_seed_control,resnet50,20260911,infograph,ridge,brier_score,25,4,46,0.08695652173913043,10,7,3,0,3.0,0.0,6.876873908634451e-05,3,1,True,False,False,False,True,True,False,True,False,True,"[""clipart__clip_pc1_low|real__clip_pc1_high|real__clip_pc1_low"", ""clipart__clip_pc1_low|real__clip_pc1_high|real__clip_pc1_middle"", ""clipart__clip_pc1_low|real__clip_pc1_low|real__clip_pc1_middle""]",[],clipart__clip_pc1_low|clipart__clip_pc1_middle|real__clip_pc1_middle,clipart__clip_pc1_low|real__clip_pc1_high|real__clip_pc1_low
base_seed_control,resnet50,20260911,infograph,ridge,brier_score,50,19,81,0.2345679012345679,8,4,5,1,5.0,1.0,0.0,1,1,True,True,False,True,True,True,False,True,False,True,"[""clipart__clip_pc1_low|real__clip_pc1_high|real__clip_pc1_low"", ""clipart__clip_pc1_low|real__clip_pc1_high|real__clip_pc1_middle"", ""clipart__clip_pc1_low|real__clip_pc1_low|real__clip_pc1_middle"", ""real__clip_pc1_high|real__clip_pc1_low|real__clip_pc1_middle"", ""real__clip_pc1_high|real__clip_pc1_middle|sketch__clip_pc1_low""]","[""clipart__clip_pc1_low|real__clip_pc1_high|sketch__clip_pc1_low""]",clipart__clip_pc1_low|real__clip_pc1_middle|sketch__clip_pc1_low,clipart__clip_pc1_low|real__clip_pc1_high|real__clip_pc1_low
base_seed_control,resnet50,20260911,infograph,ridge,brier_score,100,64,136,0.47058823529411764,4,1,4,1,4.0,1.0,0.0,1,1,True,True,False,False,True,True,False,False,False,True,"[""clipart__clip_pc1_low|real__clip_pc1_high|real__clip_pc1_low"", ""clipart__clip_pc1_low|real__clip_pc1_high|real__clip_pc1_middle"", ""real__clip_pc1_high|real__clip_pc1_low|real__clip_pc1_middle"", ""real__clip_pc1_high|real__clip_pc1_low|sketch__clip_pc1_low""]","[""clipart__clip_pc1_low|real__clip_pc1_low|sketch__clip_pc1_low""]",clipart__clip_pc1_low|real__clip_pc1_middle|sketch__clip_pc1_low,clipart__clip_pc1_low|real__clip_pc1_high|real__clip_pc1_low
base_seed_control,resnet50,20260911,infograph,ridge,brier_score,227,219,235,0.9319148936170213,0,0,0,0,0.0,0.0,0.0,0,1,False,False,False,False,False,False,False,False,False,False,[],[],clipart__clip_pc1_low|real__clip_pc1_high|real__clip_pc1_low,clipart__clip_pc1_low|real__clip_pc1_high|real__clip_pc1_low
base_seed_control,resnet50,20260911,infograph,ridge,nll,10,0,20,0.0,10,8,2,0,2.0,0.0,0.003011586160555524,2,1,True,False,True,False,True,True,False,True,False,True,"[""clipart__clip_pc1_low|real__clip_pc1_high|real__clip_pc1_low"", ""clipart__clip_pc1_low|real__clip_pc1_high|real__clip_pc1_middle""]",[],clipart__clip_pc1_low|clipart__clip_pc1_middle|real__clip_pc1_middle,clipart__clip_pc1_low|real__clip_pc1_high|real__clip_pc1_low
base_seed_control,resnet50,20260911,infograph,ridge,nll,25,4,46,0.08695652173913043,10,7,3,0,3.0,0.0,0.002703939831890878,3,1,True,False,True,False,True,True,False,True,False,True,"[""clipart__clip_pc1_low|real__clip_pc1_high|real__clip_pc1_low"", ""clipart__clip_pc1_low|real__clip_pc1_high|real__clip_pc1_middle"", ""clipart__clip_pc1_low|real__clip_pc1_low|real__clip_pc1_middle""]",[],clipart__clip_pc1_low|clipart__clip_pc1_middle|real__clip_pc1_middle,clipart__clip_pc1_low|real__clip_pc1_high|real__clip_pc1_low
base_seed_control,resnet50,20260911,infograph,ridge,nll,50,19,81,0.2345679012345679,8,3,6,1,6.0,1.0,0.00010650386862209871,1,1,True,True,True,False,True,True,False,True,False,True,"[""clipart__clip_pc1_low|painting__clip_pc1_middle|real__clip_pc1_low"", ""clipart__clip_pc1_low|real__clip_pc1_high|real__clip_pc1_low"", ""clipart__clip_pc1_low|real__clip_pc1_high|real__clip_pc1_middle"", ""clipart__clip_pc1_low|real__clip_pc1_low|real__clip_pc1_middle"", ""real__clip_pc1_high|real__clip_pc1_low|real__clip_pc1_middle"", ""real__clip_pc1_high|real__clip_pc1_middle|sketch__clip_pc1_low""]","[""clipart__clip_pc1_low|real__clip_pc1_high|sketch__clip_pc1_low""]",clipart__clip_pc1_low|real__clip_pc1_middle|sketch__clip_pc1_low,clipart__clip_pc1_low|real__clip_pc1_high|real__clip_pc1_low
base_seed_control,resnet50,20260911,infograph,ridge,nll,100,64,136,0.47058823529411764,5,1,5,1,5.0,1.0,0.00010650386862209871,1,1,True,True,True,False,True,True,False,False,False,True,"[""clipart__clip_pc1_low|painting__clip_pc1_middle|real__clip_pc1_low"", ""clipart__clip_pc1_low|real__clip_pc1_high|real__clip_pc1_low"", ""clipart__clip_pc1_low|real__clip_pc1_high|real__clip_pc1_middle"", ""real__clip_pc1_high|real__clip_pc1_low|real__clip_pc1_middle"", ""real__clip_pc1_high|real__clip_pc1_low|sketch__clip_pc1_low""]","[""clipart__clip_pc1_low|real__clip_pc1_low|sketch__clip_pc1_low""]",clipart__clip_pc1_low|real__clip_pc1_middle|sketch__clip_pc1_low,clipart__clip_pc1_low|real__clip_pc1_high|real__clip_pc1_low
base_seed_control,resnet50,20260911,infograph,ridge,nll,227,219,235,0.9319148936170213,0,0,0,0,0.0,0.0,0.0,0,1,False,False,False,False,False,False,False,False,False,False,[],[],clipart__clip_pc1_low|real__clip_pc1_high|real__clip_pc1_low,clipart__clip_pc1_low|real__clip_pc1_high|real__clip_pc1_low
base_seed_control,resnet50,20260911,infograph,ridge,error_rate,10,0,20,0.0,10,10,0,0,0.0,0.0,0.009765625,6,2,False,False,False,False,True,True,False,True,False,False,[],[],clipart__clip_pc1_low|real__clip_pc1_middle|sketch__clip_pc1_middle,clipart__clip_pc1_low|real__clip_pc1_high|real__clip_pc1_low
base_seed_control,resnet50,20260911,infograph,ridge,error_rate,25,4,46,0.08695652173913043,9,9,1,1,1.0,1.0,0.0,3,2,True,True,False,False,True,True,False,True,False,False,"[""clipart__clip_pc1_middle|real__clip_pc1_high|real__clip_pc1_low""]","[""clipart__clip_pc1_low|clipart__clip_pc1_middle|painting__clip_pc1_middle""]",clipart__clip_pc1_middle|real__clip_pc1_low|sketch__clip_pc1_middle,clipart__clip_pc1_low|real__clip_pc1_high|real__clip_pc1_low
base_seed_control,resnet50,20260911,infograph,ridge,error_rate,50,19,81,0.2345679012345679,6,7,3,4,3.0,4.0,0.00537109375,7,2,True,True,True,False,True,True,False,True,False,False,"[""clipart__clip_pc1_low|painting__clip_pc1_middle|real__clip_pc1_low"", ""clipart__clip_pc1_middle|painting__clip_pc1_middle|real__clip_pc1_low"", ""clipart__clip_pc1_middle|real__clip_pc1_high|real__clip_pc1_low""]","[""clipart__clip_pc1_low|clipart__clip_pc1_middle|painting__clip_pc1_middle"", ""clipart__clip_pc1_low|painting__clip_pc1_middle|sketch__clip_pc1_low"", ""clipart__clip_pc1_low|real__clip_pc1_high|sketch__clip_pc1_low"", ""clipart__clip_pc1_middle|painting__clip_pc1_middle|sketch__clip_pc1_low""]",clipart__clip_pc1_low|real__clip_pc1_low|sketch__clip_pc1_middle,real__clip_pc1_high|real__clip_pc1_low|sketch__clip_pc1_middle
base_seed_control,resnet50,20260911,infograph,ridge,error_rate,100,64,136,0.47058823529411764,3,1,3,1,3.0,1.0,0.00439453125,2,2,True,True,True,False,False,False,False,False,False,False,"[""clipart__clip_pc1_low|painting__clip_pc1_middle|real__clip_pc1_low"", ""painting__clip_pc1_middle|real__clip_pc1_low|sketch__clip_pc1_low"", ""real__clip_pc1_high|real__clip_pc1_low|sketch__clip_pc1_low""]","[""clipart__clip_pc1_middle|painting__clip_pc1_middle|sketch__clip_pc1_low""]",painting__clip_pc1_middle|real__clip_pc1_low|sketch__clip_pc1_middle,painting__clip_pc1_middle|real__clip_pc1_low|sketch__clip_pc1_middle
base_seed_control,resnet50,20260911,infograph,ridge,error_rate,227,219,235,0.9319148936170213,0,0,0,0,0.0,0.0,0.0,0,2,False,False,False,False,False,False,False,False,False,False,[],[],painting__clip_pc1_middle|real__clip_pc1_low|sketch__clip_pc1_middle,painting__clip_pc1_middle|real__clip_pc1_low|sketch__clip_pc1_middle
base_seed_control,resnet50,20260911,infograph,logistic,brier_score,10,0,20,0.0,10,9,1,0,1.0,0.0,0.007509896906072067,2,1,True,False,False,False,True,True,False,True,False,True,"[""clipart__clip_pc1_low|real__clip_pc1_high|real__clip_pc1_low""]",[],clipart__clip_pc1_middle|real__clip_pc1_middle|sketch__clip_pc1_low,clipart__clip_pc1_low|real__clip_pc1_high|real__clip_pc1_low
base_seed_control,resnet50,20260911,infograph,logistic,brier_score,25,4,46,0.08695652173913043,9,9,1,1,1.0,1.0,0.0036449890825399622,3,1,True,True,False,False,True,True,False,True,False,True,"[""clipart__clip_pc1_low|real__clip_pc1_high|real__clip_pc1_low""]","[""clipart__clip_pc1_low|clipart__clip_pc1_middle|real__clip_pc1_low""]",clipart__clip_pc1_low|clipart__clip_pc1_middle|real__clip_pc1_high,clipart__clip_pc1_low|real__clip_pc1_high|real__clip_pc1_low
base_seed_control,resnet50,20260911,infograph,logistic,brier_score,50,19,81,0.2345679012345679,5,7,2,4,2.0,4.0,0.0010674649897933763,2,1,True,True,False,False,True,True,False,True,False,True,"[""clipart__clip_pc1_low|painting__clip_pc1_middle|real__clip_pc1_low"", ""clipart__clip_pc1_low|real__clip_pc1_high|real__clip_pc1_low""]","[""clipart__clip_pc1_low|clipart__clip_pc1_middle|real__clip_pc1_low"", ""clipart__clip_pc1_low|painting__clip_pc1_middle|sketch__clip_pc1_low"", ""clipart__clip_pc1_low|real__clip_pc1_high|sketch__clip_pc1_low"", ""clipart__clip_pc1_middle|real__clip_pc1_low|sketch__clip_pc1_low""]",clipart__clip_pc1_low|real__clip_pc1_high|sketch__clip_pc1_low,clipart__clip_pc1_low|real__clip_pc1_high|real__clip_pc1_low
base_seed_control,resnet50,20260911,infograph,logistic,brier_score,100,64,136,0.47058823529411764,4,2,4,2,4.0,2.0,0.0001386671852129373,3,1,True,True,True,False,True,True,False,False,False,True,"[""clipart__clip_pc1_low|painting__clip_pc1_middle|real__clip_pc1_low"", ""clipart__clip_pc1_low|real__clip_pc1_high|real__clip_pc1_low"", ""painting__clip_pc1_middle|real__clip_pc1_low|sketch__clip_pc1_low"", ""real__clip_pc1_high|real__clip_pc1_low|sketch__clip_pc1_low""]","[""clipart__clip_pc1_low|real__clip_pc1_low|sketch__clip_pc1_low"", ""clipart__clip_pc1_middle|real__clip_pc1_low|sketch__clip_pc1_low""]",clipart__clip_pc1_low|real__clip_pc1_high|sketch__clip_pc1_low,clipart__clip_pc1_low|real__clip_pc1_high|real__clip_pc1_low
base_seed_control,resnet50,20260911,infograph,logistic,brier_score,227,219,235,0.9319148936170213,0,0,0,0,0.0,0.0,0.0,0,1,False,False,False,False,False,False,False,False,False,False,[],[],clipart__clip_pc1_low|real__clip_pc1_high|real__clip_pc1_low,clipart__clip_pc1_low|real__clip_pc1_high|real__clip_pc1_low
base_seed_control,resnet50,20260911,infograph,logistic,nll,10,0,20,0.0,10,8,2,0,2.0,0.0,0.042548819819403505,2,1,True,False,False,False,True,True,False,True,False,True,"[""clipart__clip_pc1_low|painting__clip_pc1_middle|real__clip_pc1_middle"", ""clipart__clip_pc1_low|real__clip_pc1_high|real__clip_pc1_low""]",[],clipart__clip_pc1_low|clipart__clip_pc1_middle|real__clip_pc1_middle,clipart__clip_pc1_low|real__clip_pc1_high|real__clip_pc1_low
base_seed_control,resnet50,20260911,infograph,logistic,nll,25,4,46,0.08695652173913043,9,8,2,1,2.0,1.0,0.0,0,1,True,True,False,False,True,False,True,False,True,False,"[""clipart__clip_pc1_low|painting__clip_pc1_middle|real__clip_pc1_middle"", ""clipart__clip_pc1_low|real__clip_pc1_high|real__clip_pc1_low""]","[""clipart__clip_pc1_low|clipart__clip_pc1_middle|painting__clip_pc1_middle""]",clipart__clip_pc1_low|clipart__clip_pc1_middle|painting__clip_pc1_middle,clipart__clip_pc1_low|real__clip_pc1_high|real__clip_pc1_low
base_seed_control,resnet50,20260911,infograph,logistic,nll,50,19,81,0.2345679012345679,6,5,5,4,5.0,4.0,0.011737928028765943,1,1,True,True,True,False,True,True,False,True,False,True,"[""clipart__clip_pc1_low|painting__clip_pc1_low|painting__clip_pc1_middle"", ""clipart__clip_pc1_low|painting__clip_pc1_middle|real__clip_pc1_low"", ""clipart__clip_pc1_low|painting__clip_pc1_middle|real__clip_pc1_middle"", ""clipart__clip_pc1_low|real__clip_pc1_high|real__clip_pc1_low"", ""clipart__clip_pc1_middle|painting__clip_pc1_middle|real__clip_pc1_low""]","[""clipart__clip_pc1_low|clipart__clip_pc1_middle|painting__clip_pc1_middle"", ""clipart__clip_pc1_low|painting__clip_pc1_middle|sketch__clip_pc1_low"", ""clipart__clip_pc1_low|real__clip_pc1_high|sketch__clip_pc1_low"", ""clipart__clip_pc1_middle|painting__clip_pc1_middle|sketch__clip_pc1_low""]",clipart__clip_pc1_low|painting__clip_pc1_middle|sketch__clip_pc1_low,clipart__clip_pc1_low|painting__clip_pc1_middle|real__clip_pc1_low
base_seed_control,resnet50,20260911,infograph,logistic,nll,100,64,136,0.47058823529411764,3,1,3,1,3.0,1.0,0.011737928028765943,1,1,True,True,True,False,True,True,False,False,False,True,"[""clipart__clip_pc1_low|painting__clip_pc1_middle|real__clip_pc1_low"", ""clipart__clip_pc1_low|real__clip_pc1_high|real__clip_pc1_low"", ""painting__clip_pc1_middle|real__clip_pc1_low|sketch__clip_pc1_low""]","[""clipart__clip_pc1_middle|painting__clip_pc1_middle|sketch__clip_pc1_low""]",clipart__clip_pc1_low|painting__clip_pc1_middle|sketch__clip_pc1_low,clipart__clip_pc1_low|painting__clip_pc1_middle|real__clip_pc1_low
base_seed_control,resnet50,20260911,infograph,logistic,nll,227,219,235,0.9319148936170213,0,0,0,0,0.0,0.0,0.0,0,1,False,False,False,False,False,False,False,False,False,False,[],[],clipart__clip_pc1_low|painting__clip_pc1_middle|real__clip_pc1_low,clipart__clip_pc1_low|painting__clip_pc1_middle|real__clip_pc1_low
base_seed_control,resnet50,20260911,infograph,logistic,error_rate,10,0,20,0.0,10,9,1,0,1.0,0.0,0.01025390625,6,1,True,False,False,False,True,True,False,True,False,True,"[""clipart__clip_pc1_low|real__clip_pc1_high|real__clip_pc1_low""]",[],clipart__clip_pc1_low|real__clip_pc1_middle|sketch__clip_pc1_middle,clipart__clip_pc1_low|real__clip_pc1_high|real__clip_pc1_low
base_seed_control,resnet50,20260911,infograph,logistic,error_rate,25,4,46,0.08695652173913043,10,9,1,0,1.0,0.0,0.005859375,1,1,True,False,False,False,True,True,False,True,False,True,"[""clipart__clip_pc1_low|real__clip_pc1_high|real__clip_pc1_low""]",[],clipart__clip_pc1_low|clipart__clip_pc1_middle|painting__clip_pc1_middle,clipart__clip_pc1_low|real__clip_pc1_high|real__clip_pc1_low
base_seed_control,resnet50,20260911,infograph,logistic,error_rate,50,19,81,0.2345679012345679,7,6,4,3,4.0,3.0,0.0,8,1,True,True,False,False,True,True,False,False,True,True,"[""clipart__clip_pc1_low|painting__clip_pc1_middle|real__clip_pc1_low"", ""clipart__clip_pc1_low|real__clip_pc1_high|real__clip_pc1_low"", ""clipart__clip_pc1_middle|painting__clip_pc1_middle|real__clip_pc1_low"", ""real__clip_pc1_high|real__clip_pc1_low|sketch__clip_pc1_middle""]","[""clipart__clip_pc1_low|painting__clip_pc1_middle|sketch__clip_pc1_low"", ""clipart__clip_pc1_low|real__clip_pc1_high|sketch__clip_pc1_low"", ""clipart__clip_pc1_middle|painting__clip_pc1_middle|sketch__clip_pc1_low""]",clipart__clip_pc1_low|real__clip_pc1_low|sketch__clip_pc1_middle,clipart__clip_pc1_low|real__clip_pc1_high|real__clip_pc1_low
base_seed_control,resnet50,20260911,infograph,logistic,error_rate,100,64,136,0.47058823529411764,5,1,5,1,5.0,1.0,0.00048828125,4,1,True,True,True,False,True,True,False,False,False,True,"[""clipart__clip_pc1_low|painting__clip_pc1_middle|real__clip_pc1_low"", ""clipart__clip_pc1_low|real__clip_pc1_high|real__clip_pc1_low"", ""painting__clip_pc1_middle|real__clip_pc1_low|sketch__clip_pc1_low"", ""real__clip_pc1_high|real__clip_pc1_low|sketch__clip_pc1_low"", ""real__clip_pc1_high|real__clip_pc1_low|sketch__clip_pc1_middle""]","[""clipart__clip_pc1_middle|painting__clip_pc1_middle|sketch__clip_pc1_low""]",painting__clip_pc1_middle|real__clip_pc1_low|sketch__clip_pc1_middle,real__clip_pc1_high|real__clip_pc1_low|sketch__clip_pc1_low
base_seed_control,resnet50,20260911,infograph,logistic,error_rate,227,219,235,0.9319148936170213,0,0,0,0,0.0,0.0,0.0,0,1,False,False,False,False,False,False,False,False,False,False,[],[],real__clip_pc1_high|real__clip_pc1_low|sketch__clip_pc1_low,real__clip_pc1_high|real__clip_pc1_low|sketch__clip_pc1_low
base_seed_control,resnet50,20260911,painting,ridge,brier_score,10,8,12,0.6666666666666666,7,6,1,0,1.0,0.0,0.0,0,1,True,False,False,False,False,False,False,False,False,False,"[""real__clip_pc1_high|real__clip_pc1_low|sketch__clip_pc1_middle""]",[],real__clip_pc1_high|real__clip_pc1_low|sketch__clip_pc1_high,real__clip_pc1_high|real__clip_pc1_low|sketch__clip_pc1_high
base_seed_control,resnet50,20260911,painting,ridge,brier_score,25,21,29,0.7241379310344828,5,3,2,0,2.0,0.0,0.0,0,1,True,False,False,False,False,False,False,False,False,False,"[""infograph__clip_pc1_middle|real__clip_pc1_high|real__clip_pc1_low"", ""real__clip_pc1_high|real__clip_pc1_low|sketch__clip_pc1_low""]",[],real__clip_pc1_high|real__clip_pc1_low|sketch__clip_pc1_high,real__clip_pc1_high|real__clip_pc1_low|sketch__clip_pc1_high
base_seed_control,resnet50,20260911,painting,ridge,brier_score,50,42,58,0.7241379310344828,3,3,0,0,0.0,0.0,0.0,0,1,False,False,False,False,False,False,False,False,False,False,[],[],real__clip_pc1_high|real__clip_pc1_low|sketch__clip_pc1_high,real__clip_pc1_high|real__clip_pc1_low|sketch__clip_pc1_high
base_seed_control,resnet50,20260911,painting,ridge,brier_score,100,88,112,0.7857142857142857,2,2,0,0,0.0,0.0,0.0,0,1,False,False,False,False,False,False,False,False,False,False,[],[],real__clip_pc1_high|real__clip_pc1_low|sketch__clip_pc1_high,real__clip_pc1_high|real__clip_pc1_low|sketch__clip_pc1_high
base_seed_control,resnet50,20260911,painting,ridge,brier_score,227,207,247,0.8380566801619433,0,0,0,0,0.0,0.0,0.0,0,1,False,False,False,False,False,False,False,False,False,False,[],[],real__clip_pc1_high|real__clip_pc1_low|sketch__clip_pc1_high,real__clip_pc1_high|real__clip_pc1_low|sketch__clip_pc1_high
base_seed_control,resnet50,20260911,painting,ridge,nll,10,8,12,0.6666666666666666,8,7,1,0,1.0,0.0,0.0,0,1,True,False,False,False,False,False,False,False,False,False,"[""real__clip_pc1_high|real__clip_pc1_low|sketch__clip_pc1_middle""]",[],real__clip_pc1_high|real__clip_pc1_low|sketch__clip_pc1_high,real__clip_pc1_high|real__clip_pc1_low|sketch__clip_pc1_high
base_seed_control,resnet50,20260911,painting,ridge,nll,25,21,29,0.7241379310344828,6,4,2,0,2.0,0.0,0.0,0,1,True,False,False,False,False,False,False,False,False,False,"[""infograph__clip_pc1_middle|real__clip_pc1_high|real__clip_pc1_low"", ""real__clip_pc1_high|real__clip_pc1_low|sketch__clip_pc1_low""]",[],real__clip_pc1_high|real__clip_pc1_low|sketch__clip_pc1_high,real__clip_pc1_high|real__clip_pc1_low|sketch__clip_pc1_high
base_seed_control,resnet50,20260911,painting,ridge,nll,50,42,58,0.7241379310344828,4,3,1,0,1.0,0.0,0.0,0,1,True,False,False,False,False,False,False,False,False,False,"[""infograph__clip_pc1_low|real__clip_pc1_high|real__clip_pc1_low""]",[],real__clip_pc1_high|real__clip_pc1_low|sketch__clip_pc1_high,real__clip_pc1_high|real__clip_pc1_low|sketch__clip_pc1_high
base_seed_control,resnet50,20260911,painting,ridge,nll,100,88,112,0.7857142857142857,3,3,0,0,0.0,0.0,0.0,0,1,False,False,False,False,False,False,False,False,False,False,[],[],real__clip_pc1_high|real__clip_pc1_low|sketch__clip_pc1_high,real__clip_pc1_high|real__clip_pc1_low|sketch__clip_pc1_high
base_seed_control,resnet50,20260911,painting,ridge,nll,227,207,247,0.8380566801619433,0,0,0,0,0.0,0.0,0.0,0,1,False,False,False,False,False,False,False,False,False,False,[],[],real__clip_pc1_high|real__clip_pc1_low|sketch__clip_pc1_high,real__clip_pc1_high|real__clip_pc1_low|sketch__clip_pc1_high
base_seed_control,resnet50,20260911,painting,ridge,error_rate,10,8,12,0.6666666666666666,6,5,1,0,1.0,0.0,0.0,0,1,True,False,False,False,False,False,False,False,False,False,"[""real__clip_pc1_high|real__clip_pc1_low|sketch__clip_pc1_middle""]",[],real__clip_pc1_high|real__clip_pc1_low|sketch__clip_pc1_high,real__clip_pc1_high|real__clip_pc1_low|sketch__clip_pc1_high
base_seed_control,resnet50,20260911,painting,ridge,error_rate,25,21,29,0.7241379310344828,3,1,2,0,2.0,0.0,0.0,0,1,True,False,False,False,False,False,False,False,False,False,"[""infograph__clip_pc1_middle|real__clip_pc1_high|real__clip_pc1_low"", ""real__clip_pc1_high|real__clip_pc1_low|sketch__clip_pc1_low""]",[],real__clip_pc1_high|real__clip_pc1_low|sketch__clip_pc1_high,real__clip_pc1_high|real__clip_pc1_low|sketch__clip_pc1_high
base_seed_control,resnet50,20260911,painting,ridge,error_rate,50,42,58,0.7241379310344828,1,1,0,0,0.0,0.0,0.0,0,1,False,False,False,False,False,False,False,False,False,False,[],[],real__clip_pc1_high|real__clip_pc1_low|sketch__clip_pc1_high,real__clip_pc1_high|real__clip_pc1_low|sketch__clip_pc1_high
base_seed_control,resnet50,20260911,painting,ridge,error_rate,100,88,112,0.7857142857142857,1,1,0,0,0.0,0.0,0.0,0,1,False,False,False,False,False,False,False,False,False,False,[],[],real__clip_pc1_high|real__clip_pc1_low|sketch__clip_pc1_high,real__clip_pc1_high|real__clip_pc1_low|sketch__clip_pc1_high
base_seed_control,resnet50,20260911,painting,ridge,error_rate,227,207,247,0.8380566801619433,0,0,0,0,0.0,0.0,0.0,0,1,False,False,False,False,False,False,False,False,False,False,[],[],real__clip_pc1_high|real__clip_pc1_low|sketch__clip_pc1_high,real__clip_pc1_high|real__clip_pc1_low|sketch__clip_pc1_high
base_seed_control,resnet50,20260911,painting,logistic,brier_score,10,8,12,0.6666666666666666,5,4,1,0,1.0,0.0,0.0,1,1,True,False,False,False,False,False,False,False,False,False,"[""real__clip_pc1_high|real__clip_pc1_low|sketch__clip_pc1_middle""]",[],real__clip_pc1_high|real__clip_pc1_middle|sketch__clip_pc1_high,real__clip_pc1_high|real__clip_pc1_middle|sketch__clip_pc1_high
base_seed_control,resnet50,20260911,painting,logistic,brier_score,25,21,29,0.7241379310344828,3,1,2,0,2.0,0.0,0.0,0,1,True,False,False,False,False,False,False,False,False,False,"[""infograph__clip_pc1_middle|real__clip_pc1_high|real__clip_pc1_low"", ""real__clip_pc1_high|real__clip_pc1_low|sketch__clip_pc1_low""]",[],real__clip_pc1_high|real__clip_pc1_middle|sketch__clip_pc1_high,real__clip_pc1_high|real__clip_pc1_middle|sketch__clip_pc1_high
base_seed_control,resnet50,20260911,painting,logistic,brier_score,50,42,58,0.7241379310344828,1,0,1,0,1.0,0.0,0.0,0,1,True,False,False,False,False,False,False,False,False,False,"[""infograph__clip_pc1_middle|real__clip_pc1_high|sketch__clip_pc1_high""]",[],real__clip_pc1_high|real__clip_pc1_middle|sketch__clip_pc1_high,real__clip_pc1_high|real__clip_pc1_middle|sketch__clip_pc1_high
base_seed_control,resnet50,20260911,painting,logistic,brier_score,100,88,112,0.7857142857142857,0,0,0,0,0.0,0.0,0.0,0,1,False,False,False,False,False,False,False,False,False,False,[],[],real__clip_pc1_high|real__clip_pc1_middle|sketch__clip_pc1_high,real__clip_pc1_high|real__clip_pc1_middle|sketch__clip_pc1_high
base_seed_control,resnet50,20260911,painting,logistic,brier_score,227,207,247,0.8380566801619433,0,0,0,0,0.0,0.0,0.0,0,1,False,False,False,False,False,False,False,False,False,False,[],[],real__clip_pc1_high|real__clip_pc1_middle|sketch__clip_pc1_high,real__clip_pc1_high|real__clip_pc1_middle|sketch__clip_pc1_high
base_seed_control,resnet50,20260911,painting,logistic,nll,10,8,12,0.6666666666666666,6,6,1,1,1.0,1.0,0.0,1,1,True,True,False,False,True,True,False,False,False,True,"[""real__clip_pc1_high|real__clip_pc1_low|sketch__clip_pc1_middle""]","[""clipart__clip_pc1_high|real__clip_pc1_high|real__clip_pc1_middle""]",clipart__clip_pc1_middle|real__clip_pc1_high|real__clip_pc1_low,real__clip_pc1_high|real__clip_pc1_low|sketch__clip_pc1_middle
base_seed_control,resnet50,20260911,painting,logistic,nll,25,21,29,0.7241379310344828,3,1,2,0,2.0,0.0,0.0,1,1,True,False,False,False,True,True,False,False,False,True,"[""infograph__clip_pc1_middle|real__clip_pc1_high|real__clip_pc1_low"", ""real__clip_pc1_high|real__clip_pc1_low|sketch__clip_pc1_low""]",[],real__clip_pc1_high|real__clip_pc1_low|sketch__clip_pc1_middle,real__clip_pc1_high|real__clip_pc1_low|sketch__clip_pc1_low
base_seed_control,resnet50,20260911,painting,logistic,nll,50,42,58,0.7241379310344828,1,0,1,0,1.0,0.0,0.0,0,1,True,False,False,False,False,False,False,False,False,False,"[""infograph__clip_pc1_low|real__clip_pc1_high|real__clip_pc1_low""]",[],real__clip_pc1_high|real__clip_pc1_low|sketch__clip_pc1_low,real__clip_pc1_high|real__clip_pc1_low|sketch__clip_pc1_low
base_seed_control,resnet50,20260911,painting,logistic,nll,100,88,112,0.7857142857142857,0,0,0,0,0.0,0.0,0.0,0,1,False,False,False,False,False,False,False,False,False,False,[],[],real__clip_pc1_high|real__clip_pc1_low|sketch__clip_pc1_low,real__clip_pc1_high|real__clip_pc1_low|sketch__clip_pc1_low
base_seed_control,resnet50,20260911,painting,logistic,nll,227,207,247,0.8380566801619433,0,0,0,0,0.0,0.0,0.0,0,1,False,False,False,False,False,False,False,False,False,False,[],[],real__clip_pc1_high|real__clip_pc1_low|sketch__clip_pc1_low,real__clip_pc1_high|real__clip_pc1_low|sketch__clip_pc1_low
base_seed_control,resnet50,20260911,painting,logistic,error_rate,10,8,12,0.6666666666666666,6,5,1,0,1.0,0.0,0.0,0,1,True,False,False,False,False,False,False,False,True,False,"[""real__clip_pc1_high|real__clip_pc1_low|sketch__clip_pc1_middle""]",[],real__clip_pc1_high|real__clip_pc1_low|sketch__clip_pc1_high,real__clip_pc1_high|real__clip_pc1_low|sketch__clip_pc1_high
base_seed_control,resnet50,20260911,painting,logistic,error_rate,25,21,29,0.7241379310344828,3,1,2,0,2.0,0.0,0.0,1,1,True,False,False,False,True,True,False,False,False,True,"[""infograph__clip_pc1_middle|real__clip_pc1_high|real__clip_pc1_low"", ""real__clip_pc1_high|real__clip_pc1_low|sketch__clip_pc1_low""]",[],clipart__clip_pc1_high|real__clip_pc1_high|real__clip_pc1_low,real__clip_pc1_high|real__clip_pc1_low|sketch__clip_pc1_low
base_seed_control,resnet50,20260911,painting,logistic,error_rate,50,42,58,0.7241379310344828,1,1,0,0,0.0,0.0,0.0,0,1,False,False,False,False,False,False,False,False,False,False,[],[],real__clip_pc1_high|real__clip_pc1_low|sketch__clip_pc1_low,real__clip_pc1_high|real__clip_pc1_low|sketch__clip_pc1_low
base_seed_control,resnet50,20260911,painting,logistic,error_rate,100,88,112,0.7857142857142857,1,1,0,0,0.0,0.0,0.0,0,1,False,False,False,False,False,False,False,False,False,False,[],[],real__clip_pc1_high|real__clip_pc1_low|sketch__clip_pc1_low,real__clip_pc1_high|real__clip_pc1_low|sketch__clip_pc1_low
base_seed_control,resnet50,20260911,painting,logistic,error_rate,227,207,247,0.8380566801619433,0,0,0,0,0.0,0.0,0.0,0,1,False,False,False,False,False,False,False,False,False,False,[],[],real__clip_pc1_high|real__clip_pc1_low|sketch__clip_pc1_low,real__clip_pc1_high|real__clip_pc1_low|sketch__clip_pc1_low
base_seed_control,resnet50,20260911,quickdraw,ridge,brier_score,10,6,14,0.42857142857142855,7,8,0,1,0.0,1.0,0.0,0,1,False,True,False,True,False,False,False,False,False,False,[],"[""clipart__clip_pc1_middle|sketch__clip_pc1_low|sketch__clip_pc1_middle""]",real__clip_pc1_low|sketch__clip_pc1_low|sketch__clip_pc1_middle,real__clip_pc1_low|sketch__clip_pc1_low|sketch__clip_pc1_middle
base_seed_control,resnet50,20260911,quickdraw,ridge,brier_score,25,8,42,0.19047619047619047,6,6,1,1,1.0,1.0,0.0,0,1,True,True,False,False,False,False,False,False,False,False,"[""clipart__clip_pc1_low|clipart__clip_pc1_middle|sketch__clip_pc1_middle""]","[""clipart__clip_pc1_high|sketch__clip_pc1_low|sketch__clip_pc1_middle""]",real__clip_pc1_low|sketch__clip_pc1_low|sketch__clip_pc1_middle,real__clip_pc1_low|sketch__clip_pc1_low|sketch__clip_pc1_middle
base_seed_control,resnet50,20260911,quickdraw,ridge,brier_score,50,26,74,0.35135135135135137,3,4,0,1,0.0,1.0,0.0,0,1,False,True,False,False,False,False,False,False,False,False,[],"[""clipart__clip_pc1_high|sketch__clip_pc1_low|sketch__clip_pc1_middle""]",clipart__clip_pc1_middle|real__clip_pc1_low|sketch__clip_pc1_low,clipart__clip_pc1_middle|real__clip_pc1_low|sketch__clip_pc1_low
base_seed_control,resnet50,20260911,quickdraw,ridge,brier_score,100,79,121,0.6528925619834711,2,2,0,0,0.0,0.0,0.0,0,1,False,False,False,False,False,False,False,False,False,False,[],[],clipart__clip_pc1_middle|real__clip_pc1_low|sketch__clip_pc1_low,clipart__clip_pc1_middle|real__clip_pc1_low|sketch__clip_pc1_low
base_seed_control,resnet50,20260911,quickdraw,ridge,brier_score,227,194,260,0.7461538461538462,0,0,0,0,0.0,0.0,0.0,0,1,False,False,False,False,False,False,False,False,False,False,[],[],clipart__clip_pc1_middle|real__clip_pc1_low|sketch__clip_pc1_low,clipart__clip_pc1_middle|real__clip_pc1_low|sketch__clip_pc1_low
base_seed_control,resnet50,20260911,quickdraw,ridge,nll,10,6,14,0.42857142857142855,7,8,0,1,0.0,1.0,0.0,0,1,False,True,False,True,False,False,False,False,False,False,[],"[""clipart__clip_pc1_middle|sketch__clip_pc1_low|sketch__clip_pc1_middle""]",real__clip_pc1_low|sketch__clip_pc1_low|sketch__clip_pc1_middle,real__clip_pc1_low|sketch__clip_pc1_low|sketch__clip_pc1_middle
base_seed_control,resnet50,20260911,quickdraw,ridge,nll,25,8,42,0.19047619047619047,5,7,0,2,0.0,2.0,0.0,0,1,False,True,False,False,False,False,False,False,False,False,[],"[""clipart__clip_pc1_high|sketch__clip_pc1_low|sketch__clip_pc1_middle"", ""clipart__clip_pc1_middle|sketch__clip_pc1_high|sketch__clip_pc1_low""]",real__clip_pc1_low|sketch__clip_pc1_low|sketch__clip_pc1_middle,real__clip_pc1_low|sketch__clip_pc1_low|sketch__clip_pc1_middle
base_seed_control,resnet50,20260911,quickdraw,ridge,nll,50,26,74,0.35135135135135137,3,5,0,2,0.0,2.0,0.0,0,1,False,True,False,False,False,False,False,False,False,False,[],"[""clipart__clip_pc1_high|sketch__clip_pc1_low|sketch__clip_pc1_middle"", ""clipart__clip_pc1_middle|sketch__clip_pc1_high|sketch__clip_pc1_low""]",clipart__clip_pc1_middle|real__clip_pc1_low|sketch__clip_pc1_low,clipart__clip_pc1_middle|real__clip_pc1_low|sketch__clip_pc1_low
base_seed_control,resnet50,20260911,quickdraw,ridge,nll,100,79,121,0.6528925619834711,2,2,0,0,0.0,0.0,0.0,0,1,False,False,False,False,False,False,False,False,False,False,[],[],clipart__clip_pc1_middle|real__clip_pc1_low|sketch__clip_pc1_low,clipart__clip_pc1_middle|real__clip_pc1_low|sketch__clip_pc1_low
base_seed_control,resnet50,20260911,quickdraw,ridge,nll,227,194,260,0.7461538461538462,0,0,0,0,0.0,0.0,0.0,0,1,False,False,False,False,False,False,False,False,False,False,[],[],clipart__clip_pc1_middle|real__clip_pc1_low|sketch__clip_pc1_low,clipart__clip_pc1_middle|real__clip_pc1_low|sketch__clip_pc1_low
base_seed_control,resnet50,20260911,quickdraw,ridge,error_rate,10,6,14,0.42857142857142855,10,10,0,0,0.0,0.3333333333333333,0.0,0,3,False,False,False,False,False,False,False,False,False,False,[],[],painting__clip_pc1_middle|sketch__clip_pc1_low|sketch__clip_pc1_middle,painting__clip_pc1_middle|sketch__clip_pc1_low|sketch__clip_pc1_middle
base_seed_control,resnet50,20260911,quickdraw,ridge,error_rate,25,8,42,0.19047619047619047,9,10,0,1,0.0,1.0,0.0,2,3,False,True,False,False,False,False,False,False,False,False,[],"[""clipart__clip_pc1_middle|sketch__clip_pc1_high|sketch__clip_pc1_middle""]",real__clip_pc1_low|sketch__clip_pc1_high|sketch__clip_pc1_middle,real__clip_pc1_low|sketch__clip_pc1_high|sketch__clip_pc1_middle
base_seed_control,resnet50,20260911,quickdraw,ridge,error_rate,50,26,74,0.35135135135135137,9,10,0,1,0.0,1.0,0.0,3,3,False,True,False,False,False,False,False,False,False,False,[],"[""clipart__clip_pc1_middle|sketch__clip_pc1_high|sketch__clip_pc1_middle""]",real__clip_pc1_low|sketch__clip_pc1_high|sketch__clip_pc1_middle,real__clip_pc1_low|sketch__clip_pc1_high|sketch__clip_pc1_middle
base_seed_control,resnet50,20260911,quickdraw,ridge,error_rate,100,79,121,0.6528925619834711,8,8,0,0,0.0,0.0,0.0,1,3,False,False,False,False,False,False,False,False,False,False,[],[],real__clip_pc1_low|sketch__clip_pc1_high|sketch__clip_pc1_middle,real__clip_pc1_low|sketch__clip_pc1_high|sketch__clip_pc1_middle
base_seed_control,resnet50,20260911,quickdraw,ridge,error_rate,227,194,260,0.7461538461538462,6,7,0,1,0.0,1.0,0.0,0,3,False,True,False,False,True,False,True,False,True,False,[],"[""clipart__clip_pc1_middle|infograph__clip_pc1_middle|sketch__clip_pc1_high""]",clipart__clip_pc1_middle|infograph__clip_pc1_low|sketch__clip_pc1_middle,clipart__clip_pc1_low|infograph__clip_pc1_high|painting__clip_pc1_middle
base_seed_control,resnet50,20260911,quickdraw,logistic,brier_score,10,6,14,0.42857142857142855,9,10,0,1,0.0,1.0,0.0,0,1,False,True,False,False,False,False,False,False,True,False,[],"[""clipart__clip_pc1_low|sketch__clip_pc1_high|sketch__clip_pc1_low""]",clipart__clip_pc1_low|sketch__clip_pc1_high|sketch__clip_pc1_low,clipart__clip_pc1_low|sketch__clip_pc1_high|sketch__clip_pc1_low
base_seed_control,resnet50,20260911,quickdraw,logistic,brier_score,25,8,42,0.19047619047619047,5,9,1,5,1.0,5.0,0.0,0,1,True,True,False,True,False,False,False,False,False,False,"[""clipart__clip_pc1_middle|real__clip_pc1_middle|sketch__clip_pc1_middle""]","[""clipart__clip_pc1_high|sketch__clip_pc1_high|sketch__clip_pc1_low"", ""clipart__clip_pc1_low|sketch__clip_pc1_high|sketch__clip_pc1_low"", ""clipart__clip_pc1_middle|sketch__clip_pc1_high|sketch__clip_pc1_low"", ""clipart__clip_pc1_middle|sketch__clip_pc1_high|sketch__clip_pc1_middle"", ""real__clip_pc1_middle|sketch__clip_pc1_high|sketch__clip_pc1_low""]",clipart__clip_pc1_middle|sketch__clip_pc1_high|sketch__clip_pc1_low,clipart__clip_pc1_middle|sketch__clip_pc1_high|sketch__clip_pc1_low
base_seed_control,resnet50,20260911,quickdraw,logistic,brier_score,50,26,74,0.35135135135135137,4,8,2,6,2.0,6.0,0.0,0,1,True,True,False,True,False,False,False,False,False,False,"[""clipart__clip_pc1_middle|real__clip_pc1_middle|sketch__clip_pc1_low"", ""clipart__clip_pc1_middle|real__clip_pc1_middle|sketch__clip_pc1_middle""]","[""clipart__clip_pc1_high|sketch__clip_pc1_high|sketch__clip_pc1_low"", ""clipart__clip_pc1_low|sketch__clip_pc1_high|sketch__clip_pc1_low"", ""clipart__clip_pc1_middle|sketch__clip_pc1_high|sketch__clip_pc1_low"", ""clipart__clip_pc1_middle|sketch__clip_pc1_high|sketch__clip_pc1_middle"", ""infograph__clip_pc1_high|sketch__clip_pc1_high|sketch__clip_pc1_low"", ""real__clip_pc1_middle|sketch__clip_pc1_high|sketch__clip_pc1_low""]",clipart__clip_pc1_middle|sketch__clip_pc1_high|sketch__clip_pc1_low,clipart__clip_pc1_middle|sketch__clip_pc1_high|sketch__clip_pc1_low
base_seed_control,resnet50,20260911,quickdraw,logistic,brier_score,100,79,121,0.6528925619834711,2,3,1,2,1.0,2.0,0.0,0,1,True,True,False,False,False,False,False,False,False,False,"[""clipart__clip_pc1_middle|infograph__clip_pc1_high|sketch__clip_pc1_middle""]","[""clipart__clip_pc1_high|sketch__clip_pc1_high|sketch__clip_pc1_low"", ""infograph__clip_pc1_high|sketch__clip_pc1_high|sketch__clip_pc1_low""]",clipart__clip_pc1_middle|sketch__clip_pc1_high|sketch__clip_pc1_low,clipart__clip_pc1_middle|sketch__clip_pc1_high|sketch__clip_pc1_low
base_seed_control,resnet50,20260911,quickdraw,logistic,brier_score,227,194,260,0.7461538461538462,0,0,0,0,0.0,0.0,0.0,0,1,False,False,False,False,False,False,False,False,False,False,[],[],clipart__clip_pc1_middle|sketch__clip_pc1_high|sketch__clip_pc1_low,clipart__clip_pc1_middle|sketch__clip_pc1_high|sketch__clip_pc1_low
base_seed_control,resnet50,20260911,quickdraw,logistic,nll,10,6,14,0.42857142857142855,9,10,0,1,0.0,1.0,0.0,0,1,False,True,False,True,False,False,False,False,False,False,[],"[""clipart__clip_pc1_low|sketch__clip_pc1_high|sketch__clip_pc1_low""]",clipart__clip_pc1_low|sketch__clip_pc1_high|sketch__clip_pc1_low,clipart__clip_pc1_low|sketch__clip_pc1_high|sketch__clip_pc1_low
base_seed_control,resnet50,20260911,quickdraw,logistic,nll,25,8,42,0.19047619047619047,8,10,0,2,0.0,2.0,0.0,0,1,False,True,False,True,False,False,False,False,False,False,[],"[""clipart__clip_pc1_high|sketch__clip_pc1_high|sketch__clip_pc1_low"", ""clipart__clip_pc1_low|sketch__clip_pc1_high|sketch__clip_pc1_low""]",clipart__clip_pc1_low|sketch__clip_pc1_high|sketch__clip_pc1_low,clipart__clip_pc1_low|sketch__clip_pc1_high|sketch__clip_pc1_low
base_seed_control,resnet50,20260911,quickdraw,logistic,nll,50,26,74,0.35135135135135137,8,10,0,2,0.0,2.0,0.0,0,1,False,True,False,True,False,False,False,False,False,False,[],"[""clipart__clip_pc1_high|sketch__clip_pc1_high|sketch__clip_pc1_low"", ""clipart__clip_pc1_low|sketch__clip_pc1_high|sketch__clip_pc1_low""]",clipart__clip_pc1_low|sketch__clip_pc1_high|sketch__clip_pc1_low,clipart__clip_pc1_low|sketch__clip_pc1_high|sketch__clip_pc1_low
base_seed_control,resnet50,20260911,quickdraw,logistic,nll,100,79,121,0.6528925619834711,7,8,0,1,0.0,1.0,0.0,0,1,False,True,False,False,False,False,False,True,False,False,[],"[""clipart__clip_pc1_high|sketch__clip_pc1_high|sketch__clip_pc1_low""]",clipart__clip_pc1_low|sketch__clip_pc1_high|sketch__clip_pc1_low,clipart__clip_pc1_low|sketch__clip_pc1_high|sketch__clip_pc1_low
base_seed_control,resnet50,20260911,quickdraw,logistic,nll,227,194,260,0.7461538461538462,2,3,0,1,0.0,1.0,0.0,0,1,False,True,False,False,False,False,False,False,False,False,[],"[""clipart__clip_pc1_high|clipart__clip_pc1_middle|sketch__clip_pc1_high""]",clipart__clip_pc1_middle|infograph__clip_pc1_high|sketch__clip_pc1_low,clipart__clip_pc1_middle|infograph__clip_pc1_high|sketch__clip_pc1_low
base_seed_control,resnet50,20260911,quickdraw,logistic,error_rate,10,6,14,0.42857142857142855,10,10,0,0,0.0,0.6666666666666666,0.0,0,3,False,False,False,False,False,False,False,False,False,False,[],[],painting__clip_pc1_low|sketch__clip_pc1_low|sketch__clip_pc1_middle,painting__clip_pc1_low|sketch__clip_pc1_low|sketch__clip_pc1_middle
base_seed_control,resnet50,20260911,quickdraw,logistic,error_rate,25,8,42,0.19047619047619047,8,10,0,2,0.0,2.0,0.0,0,3,False,True,False,False,False,False,False,False,False,False,[],"[""painting__clip_pc1_middle|sketch__clip_pc1_high|sketch__clip_pc1_low"", ""real__clip_pc1_middle|sketch__clip_pc1_high|sketch__clip_pc1_low""]",clipart__clip_pc1_middle|sketch__clip_pc1_high|sketch__clip_pc1_middle,clipart__clip_pc1_middle|sketch__clip_pc1_high|sketch__clip_pc1_middle
base_seed_control,resnet50,20260911,quickdraw,logistic,error_rate,50,26,74,0.35135135135135137,8,9,1,2,0.6666666666666666,2.0,0.0,1,3,True,True,False,False,True,False,True,False,False,False,"[""clipart__clip_pc1_middle|real__clip_pc1_middle|sketch__clip_pc1_low""]","[""painting__clip_pc1_middle|sketch__clip_pc1_high|sketch__clip_pc1_low"", ""real__clip_pc1_middle|sketch__clip_pc1_high|sketch__clip_pc1_low""]",clipart__clip_pc1_middle|sketch__clip_pc1_high|sketch__clip_pc1_middle,clipart__clip_pc1_middle|painting__clip_pc1_middle|sketch__clip_pc1_middle
base_seed_control,resnet50,20260911,quickdraw,logistic,error_rate,100,79,121,0.6528925619834711,7,7,0,0,0.0,0.0,0.0,20,3,False,False,False,False,False,False,False,False,False,False,[],[],clipart__clip_pc1_middle|painting__clip_pc1_middle|sketch__clip_pc1_middle,clipart__clip_pc1_middle|painting__clip_pc1_middle|sketch__clip_pc1_middle
base_seed_control,resnet50,20260911,quickdraw,logistic,error_rate,227,194,260,0.7461538461538462,6,6,0,0,0.0,0.0,0.0,14,3,False,False,False,False,False,False,False,False,False,False,[],[],clipart__clip_pc1_middle|painting__clip_pc1_middle|sketch__clip_pc1_middle,clipart__clip_pc1_middle|painting__clip_pc1_middle|sketch__clip_pc1_middle
base_seed_control,resnet50,20260911,real,ridge,brier_score,10,9,11,0.8181818181818182,4,3,1,0,1.0,0.0,0.0,0,1,True,False,False,False,False,False,False,False,False,False,"[""painting__clip_pc1_low|painting__clip_pc1_middle|sketch__clip_pc1_low""]",[],painting__clip_pc1_high|painting__clip_pc1_low|painting__clip_pc1_middle,painting__clip_pc1_high|painting__clip_pc1_low|painting__clip_pc1_middle
base_seed_control,resnet50,20260911,real,ridge,brier_score,25,22,28,0.7857142857142857,2,0,2,0,2.0,0.0,0.0,0,1,True,False,False,False,False,False,False,False,False,False,"[""clipart__clip_pc1_high|painting__clip_pc1_high|painting__clip_pc1_low"", ""clipart__clip_pc1_high|painting__clip_pc1_low|painting__clip_pc1_middle""]",[],painting__clip_pc1_high|painting__clip_pc1_low|painting__clip_pc1_middle,painting__clip_pc1_high|painting__clip_pc1_low|painting__clip_pc1_middle
base_seed_control,resnet50,20260911,real,ridge,brier_score,50,45,55,0.8181818181818182,0,0,0,0,0.0,0.0,0.0,0,1,False,False,False,False,False,False,False,False,False,False,[],[],painting__clip_pc1_high|painting__clip_pc1_low|painting__clip_pc1_middle,painting__clip_pc1_high|painting__clip_pc1_low|painting__clip_pc1_middle
base_seed_control,resnet50,20260911,real,ridge,brier_score,100,88,112,0.7857142857142857,0,0,0,0,0.0,0.0,0.0,0,1,False,False,False,False,False,False,False,False,False,False,[],[],painting__clip_pc1_high|painting__clip_pc1_low|painting__clip_pc1_middle,painting__clip_pc1_high|painting__clip_pc1_low|painting__clip_pc1_middle
base_seed_control,resnet50,20260911,real,ridge,brier_score,227,213,241,0.8838174273858921,0,0,0,0,0.0,0.0,0.0,0,1,False,False,False,False,False,False,False,False,False,False,[],[],painting__clip_pc1_high|painting__clip_pc1_low|painting__clip_pc1_middle,painting__clip_pc1_high|painting__clip_pc1_low|painting__clip_pc1_middle
base_seed_control,resnet50,20260911,real,ridge,nll,10,9,11,0.8181818181818182,4,3,1,0,1.0,0.0,0.0,0,1,True,False,False,False,False,False,False,False,False,False,"[""painting__clip_pc1_low|painting__clip_pc1_middle|sketch__clip_pc1_low""]",[],clipart__clip_pc1_low|painting__clip_pc1_low|painting__clip_pc1_middle,clipart__clip_pc1_low|painting__clip_pc1_low|painting__clip_pc1_middle
base_seed_control,resnet50,20260911,real,ridge,nll,25,22,28,0.7857142857142857,2,0,2,0,2.0,0.0,0.0,0,1,True,False,False,False,False,False,False,False,False,False,"[""clipart__clip_pc1_high|painting__clip_pc1_high|painting__clip_pc1_low"", ""clipart__clip_pc1_high|painting__clip_pc1_low|painting__clip_pc1_middle""]",[],clipart__clip_pc1_low|painting__clip_pc1_low|painting__clip_pc1_middle,clipart__clip_pc1_low|painting__clip_pc1_low|painting__clip_pc1_middle
base_seed_control,resnet50,20260911,real,ridge,nll,50,45,55,0.8181818181818182,0,0,0,0,0.0,0.0,0.0,0,1,False,False,False,False,False,False,False,False,False,False,[],[],clipart__clip_pc1_low|painting__clip_pc1_low|painting__clip_pc1_middle,clipart__clip_pc1_low|painting__clip_pc1_low|painting__clip_pc1_middle
base_seed_control,resnet50,20260911,real,ridge,nll,100,88,112,0.7857142857142857,0,0,0,0,0.0,0.0,0.0,0,1,False,False,False,False,False,False,False,False,False,False,[],[],clipart__clip_pc1_low|painting__clip_pc1_low|painting__clip_pc1_middle,clipart__clip_pc1_low|painting__clip_pc1_low|painting__clip_pc1_middle
base_seed_control,resnet50,20260911,real,ridge,nll,227,213,241,0.8838174273858921,0,0,0,0,0.0,0.0,0.0,0,1,False,False,False,False,False,False,False,False,False,False,[],[],clipart__clip_pc1_low|painting__clip_pc1_low|painting__clip_pc1_middle,clipart__clip_pc1_low|painting__clip_pc1_low|painting__clip_pc1_middle
base_seed_control,resnet50,20260911,real,ridge,error_rate,10,9,11,0.8181818181818182,7,7,0,0,0.0,0.0,0.0,0,1,False,False,False,False,False,False,False,False,False,False,[],[],clipart__clip_pc1_low|painting__clip_pc1_high|painting__clip_pc1_low,clipart__clip_pc1_low|painting__clip_pc1_high|painting__clip_pc1_low
base_seed_control,resnet50,20260911,real,ridge,error_rate,25,22,28,0.7857142857142857,6,6,0,0,0.0,0.0,0.0,0,1,False,False,False,False,False,False,False,False,False,False,[],[],clipart__clip_pc1_low|painting__clip_pc1_high|painting__clip_pc1_low,clipart__clip_pc1_low|painting__clip_pc1_high|painting__clip_pc1_low
base_seed_control,resnet50,20260911,real,ridge,error_rate,50,45,55,0.8181818181818182,3,3,0,0,0.0,0.0,0.0,0,1,False,False,False,False,False,False,False,False,False,False,[],[],clipart__clip_pc1_low|painting__clip_pc1_high|painting__clip_pc1_low,clipart__clip_pc1_low|painting__clip_pc1_high|painting__clip_pc1_low
base_seed_control,resnet50,20260911,real,ridge,error_rate,100,88,112,0.7857142857142857,2,0,2,0,2.0,0.0,0.0,0,1,True,False,False,False,False,False,False,False,False,False,"[""clipart__clip_pc1_high|clipart__clip_pc1_middle|painting__clip_pc1_middle"", ""clipart__clip_pc1_middle|infograph__clip_pc1_low|painting__clip_pc1_middle""]",[],clipart__clip_pc1_low|painting__clip_pc1_high|painting__clip_pc1_low,clipart__clip_pc1_low|painting__clip_pc1_high|painting__clip_pc1_low
base_seed_control,resnet50,20260911,real,ridge,error_rate,227,213,241,0.8838174273858921,0,0,0,0,0.0,0.0,0.0,0,1,False,False,False,False,False,False,False,False,False,False,[],[],clipart__clip_pc1_low|painting__clip_pc1_high|painting__clip_pc1_low,clipart__clip_pc1_low|painting__clip_pc1_high|painting__clip_pc1_low
base_seed_control,resnet50,20260911,real,logistic,brier_score,10,9,11,0.8181818181818182,4,3,1,0,1.0,0.0,0.0,0,1,True,False,False,False,False,False,False,False,False,False,"[""painting__clip_pc1_low|painting__clip_pc1_middle|sketch__clip_pc1_low""]",[],painting__clip_pc1_high|painting__clip_pc1_low|painting__clip_pc1_middle,painting__clip_pc1_high|painting__clip_pc1_low|painting__clip_pc1_middle
base_seed_control,resnet50,20260911,real,logistic,brier_score,25,22,28,0.7857142857142857,1,0,1,0,1.0,0.0,0.0,0,1,True,False,False,False,False,False,False,False,False,False,"[""clipart__clip_pc1_high|painting__clip_pc1_low|painting__clip_pc1_middle""]",[],painting__clip_pc1_high|painting__clip_pc1_low|painting__clip_pc1_middle,painting__clip_pc1_high|painting__clip_pc1_low|painting__clip_pc1_middle
base_seed_control,resnet50,20260911,real,logistic,brier_score,50,45,55,0.8181818181818182,0,0,0,0,0.0,0.0,0.0,0,1,False,False,False,False,False,False,False,False,False,False,[],[],painting__clip_pc1_high|painting__clip_pc1_low|painting__clip_pc1_middle,painting__clip_pc1_high|painting__clip_pc1_low|painting__clip_pc1_middle
base_seed_control,resnet50,20260911,real,logistic,brier_score,100,88,112,0.7857142857142857,0,0,0,0,0.0,0.0,0.0,0,1,False,False,False,False,False,False,False,False,False,False,[],[],painting__clip_pc1_high|painting__clip_pc1_low|painting__clip_pc1_middle,painting__clip_pc1_high|painting__clip_pc1_low|painting__clip_pc1_middle
base_seed_control,resnet50,20260911,real,logistic,brier_score,227,213,241,0.8838174273858921,0,0,0,0,0.0,0.0,0.0,0,1,False,False,False,False,False,False,False,False,False,False,[],[],painting__clip_pc1_high|painting__clip_pc1_low|painting__clip_pc1_middle,painting__clip_pc1_high|painting__clip_pc1_low|painting__clip_pc1_middle
base_seed_control,resnet50,20260911,real,logistic,nll,10,9,11,0.8181818181818182,4,3,1,0,1.0,0.0,0.0,0,1,True,False,False,False,False,False,False,False,False,False,"[""painting__clip_pc1_low|painting__clip_pc1_middle|sketch__clip_pc1_low""]",[],clipart__clip_pc1_low|painting__clip_pc1_low|painting__clip_pc1_middle,clipart__clip_pc1_low|painting__clip_pc1_low|painting__clip_pc1_middle
base_seed_control,resnet50,20260911,real,logistic,nll,25,22,28,0.7857142857142857,2,0,2,0,2.0,0.0,0.0,0,1,True,False,False,False,False,False,False,False,False,False,"[""clipart__clip_pc1_high|painting__clip_pc1_high|painting__clip_pc1_low"", ""clipart__clip_pc1_high|painting__clip_pc1_low|painting__clip_pc1_middle""]",[],clipart__clip_pc1_low|painting__clip_pc1_low|painting__clip_pc1_middle,clipart__clip_pc1_low|painting__clip_pc1_low|painting__clip_pc1_middle
base_seed_control,resnet50,20260911,real,logistic,nll,50,45,55,0.8181818181818182,0,0,0,0,0.0,0.0,0.0,0,1,False,False,False,False,False,False,False,False,False,False,[],[],clipart__clip_pc1_low|painting__clip_pc1_low|painting__clip_pc1_middle,clipart__clip_pc1_low|painting__clip_pc1_low|painting__clip_pc1_middle
base_seed_control,resnet50,20260911,real,logistic,nll,100,88,112,0.7857142857142857,0,0,0,0,0.0,0.0,0.0,0,1,False,False,False,False,False,False,False,False,False,False,[],[],clipart__clip_pc1_low|painting__clip_pc1_low|painting__clip_pc1_middle,clipart__clip_pc1_low|painting__clip_pc1_low|painting__clip_pc1_middle
base_seed_control,resnet50,20260911,real,logistic,nll,227,213,241,0.8838174273858921,0,0,0,0,0.0,0.0,0.0,0,1,False,False,False,False,False,False,False,False,False,False,[],[],clipart__clip_pc1_low|painting__clip_pc1_low|painting__clip_pc1_middle,clipart__clip_pc1_low|painting__clip_pc1_low|painting__clip_pc1_middle
base_seed_control,resnet50,20260911,real,logistic,error_rate,10,9,11,0.8181818181818182,7,7,0,0,0.0,0.0,0.0,0,2,False,False,False,False,False,False,False,False,False,False,[],[],clipart__clip_pc1_low|painting__clip_pc1_high|painting__clip_pc1_low,clipart__clip_pc1_low|painting__clip_pc1_high|painting__clip_pc1_low
base_seed_control,resnet50,20260911,real,logistic,error_rate,25,22,28,0.7857142857142857,4,4,0,0,0.0,0.0,0.0,0,2,False,False,False,False,False,False,False,False,False,False,[],[],clipart__clip_pc1_low|painting__clip_pc1_high|painting__clip_pc1_low,clipart__clip_pc1_low|painting__clip_pc1_high|painting__clip_pc1_low
base_seed_control,resnet50,20260911,real,logistic,error_rate,50,45,55,0.8181818181818182,1,1,0,0,0.0,0.0,0.0,0,2,False,False,False,False,False,False,False,False,False,False,[],[],clipart__clip_pc1_low|painting__clip_pc1_high|painting__clip_pc1_low,clipart__clip_pc1_low|painting__clip_pc1_high|painting__clip_pc1_low
base_seed_control,resnet50,20260911,real,logistic,error_rate,100,88,112,0.7857142857142857,1,0,1,0,1.0,0.0,0.0,0,2,True,False,False,False,False,False,False,False,False,False,"[""clipart__clip_pc1_high|clipart__clip_pc1_middle|painting__clip_pc1_middle""]",[],clipart__clip_pc1_low|painting__clip_pc1_high|painting__clip_pc1_low,clipart__clip_pc1_low|painting__clip_pc1_high|painting__clip_pc1_low
base_seed_control,resnet50,20260911,real,logistic,error_rate,227,213,241,0.8838174273858921,0,0,0,0,0.0,0.0,0.0,0,2,False,False,False,False,False,False,False,False,False,False,[],[],clipart__clip_pc1_low|painting__clip_pc1_high|painting__clip_pc1_low,clipart__clip_pc1_low|painting__clip_pc1_high|painting__clip_pc1_low
base_seed_control,resnet50,20260911,sketch,ridge,brier_score,10,0,20,0.0,9,6,4,1,4.0,1.0,0.0,0,1,True,True,False,True,True,False,True,True,False,False,"[""clipart__clip_pc1_low|painting__clip_pc1_low|real__clip_pc1_high"", ""clipart__clip_pc1_low|painting__clip_pc1_middle|real__clip_pc1_high"", ""clipart__clip_pc1_low|real__clip_pc1_high|real__clip_pc1_low"", ""clipart__clip_pc1_low|real__clip_pc1_high|real__clip_pc1_middle""]","[""clipart__clip_pc1_low|clipart__clip_pc1_middle|real__clip_pc1_high""]",clipart__clip_pc1_low|clipart__clip_pc1_middle|real__clip_pc1_high,clipart__clip_pc1_low|real__clip_pc1_high|real__clip_pc1_low
base_seed_control,resnet50,20260911,sketch,ridge,brier_score,25,7,43,0.16279069767441862,7,3,5,1,5.0,1.0,0.0,1,1,True,True,False,False,False,False,False,False,False,False,"[""clipart__clip_pc1_low|painting__clip_pc1_low|real__clip_pc1_high"", ""clipart__clip_pc1_low|painting__clip_pc1_middle|real__clip_pc1_high"", ""clipart__clip_pc1_low|real__clip_pc1_high|real__clip_pc1_low"", ""clipart__clip_pc1_low|real__clip_pc1_high|real__clip_pc1_middle"", ""clipart__clip_pc1_middle|real__clip_pc1_high|real__clip_pc1_low""]","[""clipart__clip_pc1_high|clipart__clip_pc1_low|real__clip_pc1_high""]",clipart__clip_pc1_high|clipart__clip_pc1_low|real__clip_pc1_high,clipart__clip_pc1_high|clipart__clip_pc1_low|real__clip_pc1_high
base_seed_control,resnet50,20260911,sketch,ridge,brier_score,50,23,77,0.2987012987012987,6,0,6,0,6.0,0.0,0.0,1,1,True,False,False,False,False,False,False,False,False,False,"[""clipart__clip_pc1_high|real__clip_pc1_high|real__clip_pc1_low"", ""clipart__clip_pc1_low|painting__clip_pc1_middle|real__clip_pc1_high"", ""clipart__clip_pc1_low|real__clip_pc1_high|real__clip_pc1_low"", ""clipart__clip_pc1_low|real__clip_pc1_high|real__clip_pc1_middle"", ""clipart__clip_pc1_middle|real__clip_pc1_high|real__clip_pc1_low"", ""painting__clip_pc1_middle|real__clip_pc1_high|real__clip_pc1_low""]",[],clipart__clip_pc1_high|clipart__clip_pc1_low|real__clip_pc1_high,clipart__clip_pc1_high|clipart__clip_pc1_low|real__clip_pc1_high
base_seed_control,resnet50,20260911,sketch,ridge,brier_score,100,58,142,0.4084507042253521,4,0,4,0,4.0,0.0,0.0,1,1,True,False,False,False,False,False,False,False,False,False,"[""clipart__clip_pc1_high|real__clip_pc1_high|real__clip_pc1_low"", ""clipart__clip_pc1_low|real__clip_pc1_high|real__clip_pc1_low"", ""clipart__clip_pc1_low|real__clip_pc1_high|real__clip_pc1_middle"", ""painting__clip_pc1_middle|real__clip_pc1_high|real__clip_pc1_low""]",[],clipart__clip_pc1_high|clipart__clip_pc1_low|real__clip_pc1_high,clipart__clip_pc1_high|clipart__clip_pc1_low|real__clip_pc1_high
base_seed_control,resnet50,20260911,sketch,ridge,brier_score,227,136,318,0.4276729559748428,1,0,1,0,1.0,0.0,0.0,0,1,True,False,False,False,False,False,False,False,False,False,"[""painting__clip_pc1_middle|real__clip_pc1_high|real__clip_pc1_low""]",[],clipart__clip_pc1_high|clipart__clip_pc1_low|real__clip_pc1_high,clipart__clip_pc1_high|clipart__clip_pc1_low|real__clip_pc1_high
base_seed_control,resnet50,20260911,sketch,ridge,nll,10,0,20,0.0,9,6,4,1,4.0,1.0,0.0,0,1,True,True,False,True,True,False,True,True,False,False,"[""clipart__clip_pc1_low|painting__clip_pc1_low|real__clip_pc1_high"", ""clipart__clip_pc1_low|painting__clip_pc1_middle|real__clip_pc1_high"", ""clipart__clip_pc1_low|real__clip_pc1_high|real__clip_pc1_low"", ""clipart__clip_pc1_low|real__clip_pc1_high|real__clip_pc1_middle""]","[""clipart__clip_pc1_low|clipart__clip_pc1_middle|real__clip_pc1_high""]",clipart__clip_pc1_low|clipart__clip_pc1_middle|real__clip_pc1_high,clipart__clip_pc1_low|real__clip_pc1_high|real__clip_pc1_low
base_seed_control,resnet50,20260911,sketch,ridge,nll,25,7,43,0.16279069767441862,7,3,5,1,5.0,1.0,0.0,1,1,True,True,False,False,False,False,False,False,False,False,"[""clipart__clip_pc1_low|painting__clip_pc1_low|real__clip_pc1_high"", ""clipart__clip_pc1_low|painting__clip_pc1_middle|real__clip_pc1_high"", ""clipart__clip_pc1_low|real__clip_pc1_high|real__clip_pc1_low"", ""clipart__clip_pc1_low|real__clip_pc1_high|real__clip_pc1_middle"", ""clipart__clip_pc1_middle|real__clip_pc1_high|real__clip_pc1_low""]","[""clipart__clip_pc1_high|clipart__clip_pc1_low|real__clip_pc1_high""]",clipart__clip_pc1_high|clipart__clip_pc1_low|real__clip_pc1_high,clipart__clip_pc1_high|clipart__clip_pc1_low|real__clip_pc1_high
base_seed_control,resnet50,20260911,sketch,ridge,nll,50,23,77,0.2987012987012987,6,0,6,0,6.0,0.0,0.0,1,1,True,False,False,False,False,False,False,False,False,False,"[""clipart__clip_pc1_high|real__clip_pc1_high|real__clip_pc1_low"", ""clipart__clip_pc1_low|painting__clip_pc1_middle|real__clip_pc1_high"", ""clipart__clip_pc1_low|real__clip_pc1_high|real__clip_pc1_low"", ""clipart__clip_pc1_low|real__clip_pc1_high|real__clip_pc1_middle"", ""clipart__clip_pc1_middle|real__clip_pc1_high|real__clip_pc1_low"", ""painting__clip_pc1_middle|real__clip_pc1_high|real__clip_pc1_low""]",[],clipart__clip_pc1_high|clipart__clip_pc1_low|real__clip_pc1_high,clipart__clip_pc1_high|clipart__clip_pc1_low|real__clip_pc1_high
base_seed_control,resnet50,20260911,sketch,ridge,nll,100,58,142,0.4084507042253521,4,0,4,0,4.0,0.0,0.0,1,1,True,False,False,False,False,False,False,False,False,False,"[""clipart__clip_pc1_high|real__clip_pc1_high|real__clip_pc1_low"", ""clipart__clip_pc1_low|real__clip_pc1_high|real__clip_pc1_low"", ""clipart__clip_pc1_low|real__clip_pc1_high|real__clip_pc1_middle"", ""painting__clip_pc1_middle|real__clip_pc1_high|real__clip_pc1_low""]",[],clipart__clip_pc1_high|clipart__clip_pc1_low|real__clip_pc1_high,clipart__clip_pc1_high|clipart__clip_pc1_low|real__clip_pc1_high
base_seed_control,resnet50,20260911,sketch,ridge,nll,227,136,318,0.4276729559748428,1,0,1,0,1.0,0.0,0.0,0,1,True,False,False,False,False,False,False,False,False,False,"[""painting__clip_pc1_middle|real__clip_pc1_high|real__clip_pc1_low""]",[],clipart__clip_pc1_high|clipart__clip_pc1_low|real__clip_pc1_high,clipart__clip_pc1_high|clipart__clip_pc1_low|real__clip_pc1_high
base_seed_control,resnet50,20260911,sketch,ridge,error_rate,10,0,20,0.0,8,10,0,2,0.0,2.0,0.0,0,2,False,True,False,False,True,False,True,False,True,False,[],"[""clipart__clip_pc1_low|clipart__clip_pc1_middle|painting__clip_pc1_high"", ""clipart__clip_pc1_low|clipart__clip_pc1_middle|real__clip_pc1_high""]",clipart__clip_pc1_low|clipart__clip_pc1_middle|real__clip_pc1_high,clipart__clip_pc1_low|real__clip_pc1_high|real__clip_pc1_low
base_seed_control,resnet50,20260911,sketch,ridge,error_rate,25,7,43,0.16279069767441862,6,7,2,3,2.0,3.0,0.0087890625,2,2,True,True,False,False,True,False,True,False,True,False,"[""clipart__clip_pc1_middle|painting__clip_pc1_middle|real__clip_pc1_middle"", ""clipart__clip_pc1_middle|real__clip_pc1_high|real__clip_pc1_low""]","[""clipart__clip_pc1_high|clipart__clip_pc1_low|painting__clip_pc1_high"", ""clipart__clip_pc1_high|clipart__clip_pc1_low|real__clip_pc1_high"", ""clipart__clip_pc1_low|clipart__clip_pc1_middle|painting__clip_pc1_high""]",clipart__clip_pc1_high|clipart__clip_pc1_low|real__clip_pc1_high,clipart__clip_pc1_low|real__clip_pc1_high|real__clip_pc1_low
base_seed_control,resnet50,20260911,sketch,ridge,error_rate,50,23,77,0.2987012987012987,5,3,3,1,3.0,1.0,0.0,2,2,True,True,False,False,True,False,True,False,True,False,"[""clipart__clip_pc1_high|real__clip_pc1_high|real__clip_pc1_low"", ""clipart__clip_pc1_middle|painting__clip_pc1_high|real__clip_pc1_middle"", ""clipart__clip_pc1_middle|real__clip_pc1_high|real__clip_pc1_low""]","[""clipart__clip_pc1_high|clipart__clip_pc1_low|painting__clip_pc1_high""]",clipart__clip_pc1_high|clipart__clip_pc1_low|real__clip_pc1_high,clipart__clip_pc1_high|real__clip_pc1_high|real__clip_pc1_low
base_seed_control,resnet50,20260911,sketch,ridge,error_rate,100,58,142,0.4084507042253521,1,0,1,0,1.0,0.0,0.0,0,2,True,False,False,False,True,False,True,False,False,False,"[""clipart__clip_pc1_high|real__clip_pc1_high|real__clip_pc1_low""]",[],clipart__clip_pc1_high|clipart__clip_pc1_low|real__clip_pc1_high,clipart__clip_pc1_high|real__clip_pc1_high|real__clip_pc1_low
base_seed_control,resnet50,20260911,sketch,ridge,error_rate,227,136,318,0.4276729559748428,0,0,0,0,0.0,0.0,0.0,0,2,False,False,False,False,False,False,False,False,False,False,[],[],clipart__clip_pc1_high|real__clip_pc1_high|real__clip_pc1_low,clipart__clip_pc1_high|real__clip_pc1_high|real__clip_pc1_low
base_seed_control,resnet50,20260911,sketch,logistic,brier_score,10,0,20,0.0,9,5,5,1,5.0,1.0,0.001257471132148802,2,1,True,True,True,False,True,True,False,True,False,True,"[""clipart__clip_pc1_low|painting__clip_pc1_high|real__clip_pc1_high"", ""clipart__clip_pc1_low|painting__clip_pc1_low|real__clip_pc1_high"", ""clipart__clip_pc1_low|painting__clip_pc1_middle|real__clip_pc1_high"", ""clipart__clip_pc1_low|real__clip_pc1_high|real__clip_pc1_low"", ""clipart__clip_pc1_low|real__clip_pc1_high|real__clip_pc1_middle""]","[""clipart__clip_pc1_low|clipart__clip_pc1_middle|real__clip_pc1_high""]",clipart__clip_pc1_low|clipart__clip_pc1_middle|real__clip_pc1_high,clipart__clip_pc1_low|painting__clip_pc1_middle|real__clip_pc1_high
base_seed_control,resnet50,20260911,sketch,logistic,brier_score,25,7,43,0.16279069767441862,7,3,5,1,5.0,1.0,0.001257471132148802,2,1,True,True,True,False,True,True,False,True,False,True,"[""clipart__clip_pc1_low|painting__clip_pc1_high|real__clip_pc1_high"", ""clipart__clip_pc1_low|painting__clip_pc1_low|real__clip_pc1_high"", ""clipart__clip_pc1_low|painting__clip_pc1_middle|real__clip_pc1_high"", ""clipart__clip_pc1_low|real__clip_pc1_high|real__clip_pc1_low"", ""clipart__clip_pc1_low|real__clip_pc1_high|real__clip_pc1_middle""]","[""clipart__clip_pc1_high|clipart__clip_pc1_low|real__clip_pc1_high""]",clipart__clip_pc1_low|clipart__clip_pc1_middle|real__clip_pc1_high,clipart__clip_pc1_low|painting__clip_pc1_middle|real__clip_pc1_high
base_seed_control,resnet50,20260911,sketch,logistic,brier_score,50,23,77,0.2987012987012987,6,1,5,0,5.0,0.0,0.001257471132148802,2,1,True,False,True,False,True,True,False,False,False,True,"[""clipart__clip_pc1_low|painting__clip_pc1_high|real__clip_pc1_high"", ""clipart__clip_pc1_low|painting__clip_pc1_middle|real__clip_pc1_high"", ""clipart__clip_pc1_low|real__clip_pc1_high|real__clip_pc1_low"", ""clipart__clip_pc1_low|real__clip_pc1_high|real__clip_pc1_middle"", ""painting__clip_pc1_middle|real__clip_pc1_high|real__clip_pc1_low""]",[],clipart__clip_pc1_low|clipart__clip_pc1_middle|real__clip_pc1_high,clipart__clip_pc1_low|painting__clip_pc1_middle|real__clip_pc1_high
base_seed_control,resnet50,20260911,sketch,logistic,brier_score,100,58,142,0.4084507042253521,5,0,5,0,5.0,0.0,0.0,0,1,True,False,False,False,False,False,False,False,False,False,"[""clipart__clip_pc1_low|infograph__clip_pc1_middle|real__clip_pc1_high"", ""clipart__clip_pc1_low|painting__clip_pc1_high|real__clip_pc1_high"", ""clipart__clip_pc1_low|real__clip_pc1_high|real__clip_pc1_low"", ""clipart__clip_pc1_low|real__clip_pc1_high|real__clip_pc1_middle"", ""painting__clip_pc1_middle|real__clip_pc1_high|real__clip_pc1_low""]",[],clipart__clip_pc1_low|painting__clip_pc1_middle|real__clip_pc1_high,clipart__clip_pc1_low|painting__clip_pc1_middle|real__clip_pc1_high
base_seed_control,resnet50,20260911,sketch,logistic,brier_score,227,136,318,0.4276729559748428,1,0,1,0,1.0,0.0,0.0,0,1,True,False,False,False,False,False,False,False,False,False,"[""painting__clip_pc1_middle|real__clip_pc1_high|real__clip_pc1_low""]",[],clipart__clip_pc1_low|painting__clip_pc1_middle|real__clip_pc1_high,clipart__clip_pc1_low|painting__clip_pc1_middle|real__clip_pc1_high
base_seed_control,resnet50,20260911,sketch,logistic,nll,10,0,20,0.0,8,9,1,2,1.0,2.0,0.0,0,1,True,True,False,False,False,False,False,False,False,False,"[""clipart__clip_pc1_low|real__clip_pc1_high|real__clip_pc1_low""]","[""clipart__clip_pc1_high|clipart__clip_pc1_low|painting__clip_pc1_middle"", ""clipart__clip_pc1_low|clipart__clip_pc1_middle|painting__clip_pc1_middle""]",clipart__clip_pc1_low|clipart__clip_pc1_middle|painting__clip_pc1_middle,clipart__clip_pc1_low|clipart__clip_pc1_middle|painting__clip_pc1_middle
base_seed_control,resnet50,20260911,sketch,logistic,nll,25,7,43,0.16279069767441862,7,4,4,1,4.0,1.0,0.010892821558331711,1,1,True,True,True,False,True,True,False,True,False,True,"[""clipart__clip_pc1_low|real__clip_pc1_high|real__clip_pc1_low"", ""clipart__clip_pc1_middle|painting__clip_pc1_low|real__clip_pc1_high"", ""clipart__clip_pc1_middle|painting__clip_pc1_middle|real__clip_pc1_high"", ""clipart__clip_pc1_middle|real__clip_pc1_high|real__clip_pc1_low""]","[""clipart__clip_pc1_high|clipart__clip_pc1_low|painting__clip_pc1_middle""]",clipart__clip_pc1_low|clipart__clip_pc1_middle|painting__clip_pc1_middle,clipart__clip_pc1_middle|real__clip_pc1_high|real__clip_pc1_low
base_seed_control,resnet50,20260911,sketch,logistic,nll,50,23,77,0.2987012987012987,5,1,4,0,4.0,0.0,0.010892821558331711,1,1,True,False,True,False,True,False,True,False,True,False,"[""clipart__clip_pc1_high|real__clip_pc1_high|real__clip_pc1_low"", ""clipart__clip_pc1_low|real__clip_pc1_high|real__clip_pc1_low"", ""clipart__clip_pc1_middle|real__clip_pc1_high|real__clip_pc1_low"", ""painting__clip_pc1_middle|real__clip_pc1_high|real__clip_pc1_low""]",[],clipart__clip_pc1_low|clipart__clip_pc1_middle|painting__clip_pc1_middle,clipart__clip_pc1_high|real__clip_pc1_high|real__clip_pc1_low
base_seed_control,resnet50,20260911,sketch,logistic,nll,100,58,142,0.4084507042253521,3,0,3,0,3.0,0.0,0.0,0,1,True,False,False,False,True,False,True,False,False,False,"[""clipart__clip_pc1_high|real__clip_pc1_high|real__clip_pc1_low"", ""clipart__clip_pc1_low|real__clip_pc1_high|real__clip_pc1_low"", ""painting__clip_pc1_middle|real__clip_pc1_high|real__clip_pc1_low""]",[],clipart__clip_pc1_middle|real__clip_pc1_high|real__clip_pc1_low,clipart__clip_pc1_high|real__clip_pc1_high|real__clip_pc1_low
base_seed_control,resnet50,20260911,sketch,logistic,nll,227,136,318,0.4276729559748428,1,0,1,0,1.0,0.0,0.0,0,1,True,False,False,False,False,False,False,False,False,False,"[""painting__clip_pc1_middle|real__clip_pc1_high|real__clip_pc1_low""]",[],clipart__clip_pc1_high|real__clip_pc1_high|real__clip_pc1_low,clipart__clip_pc1_high|real__clip_pc1_high|real__clip_pc1_low
base_seed_control,resnet50,20260911,sketch,logistic,error_rate,10,0,20,0.0,7,9,1,3,1.0,3.0,0.0,0,1,True,True,False,False,False,False,False,False,False,False,"[""clipart__clip_pc1_low|real__clip_pc1_high|real__clip_pc1_low""]","[""clipart__clip_pc1_low|clipart__clip_pc1_middle|painting__clip_pc1_high"", ""clipart__clip_pc1_low|clipart__clip_pc1_middle|painting__clip_pc1_middle"", ""clipart__clip_pc1_low|clipart__clip_pc1_middle|real__clip_pc1_high""]",clipart__clip_pc1_low|clipart__clip_pc1_middle|real__clip_pc1_high,clipart__clip_pc1_low|clipart__clip_pc1_middle|real__clip_pc1_high
base_seed_control,resnet50,20260911,sketch,logistic,error_rate,25,7,43,0.16279069767441862,4,4,3,3,3.0,3.0,0.0009765625,1,1,True,True,True,False,False,False,False,False,False,False,"[""clipart__clip_pc1_low|real__clip_pc1_high|real__clip_pc1_low"", ""clipart__clip_pc1_middle|painting__clip_pc1_middle|real__clip_pc1_middle"", ""clipart__clip_pc1_middle|real__clip_pc1_high|real__clip_pc1_low""]","[""clipart__clip_pc1_high|clipart__clip_pc1_low|real__clip_pc1_high"", ""clipart__clip_pc1_low|clipart__clip_pc1_middle|painting__clip_pc1_high"", ""clipart__clip_pc1_middle|infograph__clip_pc1_high|real__clip_pc1_high""]",clipart__clip_pc1_low|clipart__clip_pc1_middle|real__clip_pc1_high,clipart__clip_pc1_low|clipart__clip_pc1_middle|real__clip_pc1_high
base_seed_control,resnet50,20260911,sketch,logistic,error_rate,50,23,77,0.2987012987012987,3,1,3,1,3.0,1.0,0.0009765625,1,1,True,True,True,False,False,False,False,False,False,False,"[""clipart__clip_pc1_high|real__clip_pc1_high|real__clip_pc1_low"", ""clipart__clip_pc1_low|real__clip_pc1_high|real__clip_pc1_low"", ""clipart__clip_pc1_middle|real__clip_pc1_high|real__clip_pc1_low""]","[""clipart__clip_pc1_middle|infograph__clip_pc1_high|real__clip_pc1_high""]",clipart__clip_pc1_low|clipart__clip_pc1_middle|real__clip_pc1_high,clipart__clip_pc1_low|clipart__clip_pc1_middle|real__clip_pc1_high
base_seed_control,resnet50,20260911,sketch,logistic,error_rate,100,58,142,0.4084507042253521,2,0,2,0,2.0,0.0,0.0,0,1,True,False,False,False,False,False,False,False,False,False,"[""clipart__clip_pc1_high|real__clip_pc1_high|real__clip_pc1_low"", ""clipart__clip_pc1_low|real__clip_pc1_high|real__clip_pc1_low""]",[],clipart__clip_pc1_low|clipart__clip_pc1_middle|real__clip_pc1_high,clipart__clip_pc1_low|clipart__clip_pc1_middle|real__clip_pc1_high
base_seed_control,resnet50,20260911,sketch,logistic,error_rate,227,136,318,0.4276729559748428,0,0,0,0,0.0,0.0,0.0,0,1,False,False,False,False,False,False,False,False,False,False,[],[],clipart__clip_pc1_low|clipart__clip_pc1_middle|real__clip_pc1_high,clipart__clip_pc1_low|clipart__clip_pc1_middle|real__clip_pc1_high
base_seed_control,dinov2_b14,20260911,clipart,ridge,brier_score,10,0,20,0.0,9,8,2,1,2.0,1.0,0.00013035527428195692,2,1,True,True,False,False,True,True,False,False,True,True,"[""painting__clip_pc1_middle|real__clip_pc1_low|sketch__clip_pc1_low"", ""real__clip_pc1_high|real__clip_pc1_low|sketch__clip_pc1_low""]","[""infograph__clip_pc1_high|sketch__clip_pc1_low|sketch__clip_pc1_middle""]",infograph__clip_pc1_high|sketch__clip_pc1_low|sketch__clip_pc1_middle,painting__clip_pc1_middle|real__clip_pc1_low|sketch__clip_pc1_low
base_seed_control,dinov2_b14,20260911,clipart,ridge,brier_score,25,7,43,0.16279069767441862,6,7,2,3,2.0,3.0,0.0,0,1,True,True,False,True,False,False,False,False,False,False,"[""painting__clip_pc1_middle|real__clip_pc1_low|sketch__clip_pc1_low"", ""real__clip_pc1_high|real__clip_pc1_low|sketch__clip_pc1_low""]","[""infograph__clip_pc1_high|sketch__clip_pc1_low|sketch__clip_pc1_middle"", ""painting__clip_pc1_middle|sketch__clip_pc1_low|sketch__clip_pc1_middle"", ""real__clip_pc1_low|sketch__clip_pc1_low|sketch__clip_pc1_middle""]",real__clip_pc1_low|sketch__clip_pc1_low|sketch__clip_pc1_middle,real__clip_pc1_low|sketch__clip_pc1_low|sketch__clip_pc1_middle
base_seed_control,dinov2_b14,20260911,clipart,ridge,brier_score,50,28,72,0.3888888888888889,5,6,1,2,1.0,2.0,0.0,0,1,True,True,False,False,False,False,False,False,False,False,"[""real__clip_pc1_high|real__clip_pc1_low|sketch__clip_pc1_low""]","[""infograph__clip_pc1_high|sketch__clip_pc1_low|sketch__clip_pc1_middle"", ""painting__clip_pc1_middle|sketch__clip_pc1_low|sketch__clip_pc1_middle""]",real__clip_pc1_low|sketch__clip_pc1_low|sketch__clip_pc1_middle,real__clip_pc1_low|sketch__clip_pc1_low|sketch__clip_pc1_middle
base_seed_control,dinov2_b14,20260911,clipart,ridge,brier_score,100,73,127,0.5748031496062992,1,2,0,1,0.0,1.0,0.0,0,1,False,True,False,False,False,False,False,False,False,False,[],"[""painting__clip_pc1_high|sketch__clip_pc1_low|sketch__clip_pc1_middle""]",real__clip_pc1_low|sketch__clip_pc1_low|sketch__clip_pc1_middle,real__clip_pc1_low|sketch__clip_pc1_low|sketch__clip_pc1_middle
base_seed_control,dinov2_b14,20260911,clipart,ridge,brier_score,227,216,238,0.907563025210084,0,0,0,0,0.0,0.0,0.0,0,1,False,False,False,False,False,False,False,False,False,False,[],[],real__clip_pc1_low|sketch__clip_pc1_low|sketch__clip_pc1_middle,real__clip_pc1_low|sketch__clip_pc1_low|sketch__clip_pc1_middle
base_seed_control,dinov2_b14,20260911,clipart,ridge,nll,10,0,20,0.0,10,8,2,0,2.0,0.0,0.005924976978078256,2,1,True,False,False,False,True,True,False,False,True,True,"[""painting__clip_pc1_middle|real__clip_pc1_low|sketch__clip_pc1_low"", ""real__clip_pc1_high|real__clip_pc1_low|sketch__clip_pc1_low""]",[],painting__clip_pc1_low|sketch__clip_pc1_low|sketch__clip_pc1_middle,painting__clip_pc1_middle|real__clip_pc1_low|sketch__clip_pc1_low
base_seed_control,dinov2_b14,20260911,clipart,ridge,nll,25,7,43,0.16279069767441862,6,7,2,3,2.0,3.0,0.0,0,1,True,True,False,True,False,False,False,False,False,False,"[""painting__clip_pc1_middle|real__clip_pc1_low|sketch__clip_pc1_low"", ""real__clip_pc1_high|real__clip_pc1_low|sketch__clip_pc1_low""]","[""painting__clip_pc1_middle|sketch__clip_pc1_low|sketch__clip_pc1_middle"", ""real__clip_pc1_high|sketch__clip_pc1_low|sketch__clip_pc1_middle"", ""real__clip_pc1_low|sketch__clip_pc1_low|sketch__clip_pc1_middle""]",real__clip_pc1_low|sketch__clip_pc1_low|sketch__clip_pc1_middle,real__clip_pc1_low|sketch__clip_pc1_low|sketch__clip_pc1_middle
base_seed_control,dinov2_b14,20260911,clipart,ridge,nll,50,28,72,0.3888888888888889,5,5,1,1,1.0,1.0,0.0,0,1,True,True,False,False,False,False,False,False,False,False,"[""real__clip_pc1_high|real__clip_pc1_low|sketch__clip_pc1_low""]","[""painting__clip_pc1_middle|sketch__clip_pc1_low|sketch__clip_pc1_middle""]",real__clip_pc1_low|sketch__clip_pc1_low|sketch__clip_pc1_middle,real__clip_pc1_low|sketch__clip_pc1_low|sketch__clip_pc1_middle
base_seed_control,dinov2_b14,20260911,clipart,ridge,nll,100,73,127,0.5748031496062992,2,3,0,1,0.0,1.0,0.0,0,1,False,True,False,False,False,False,False,False,False,False,[],"[""painting__clip_pc1_high|sketch__clip_pc1_low|sketch__clip_pc1_middle""]",real__clip_pc1_low|sketch__clip_pc1_low|sketch__clip_pc1_middle,real__clip_pc1_low|sketch__clip_pc1_low|sketch__clip_pc1_middle
base_seed_control,dinov2_b14,20260911,clipart,ridge,nll,227,216,238,0.907563025210084,1,1,0,0,0.0,0.0,0.0,0,1,False,False,False,False,False,False,False,False,False,False,[],[],real__clip_pc1_low|sketch__clip_pc1_low|sketch__clip_pc1_middle,real__clip_pc1_low|sketch__clip_pc1_low|sketch__clip_pc1_middle
base_seed_control,dinov2_b14,20260911,clipart,ridge,error_rate,10,0,20,0.0,10,6,4,0,4.0,0.0,0.04345703125,6,2,True,False,True,False,True,True,False,True,False,True,"[""painting__clip_pc1_middle|real__clip_pc1_low|sketch__clip_pc1_low"", ""painting__clip_pc1_middle|real__clip_pc1_middle|sketch__clip_pc1_low"", ""real__clip_pc1_high|real__clip_pc1_low|sketch__clip_pc1_low"", ""real__clip_pc1_high|real__clip_pc1_middle|sketch__clip_pc1_low""]",[],painting__clip_pc1_low|sketch__clip_pc1_low|sketch__clip_pc1_middle,real__clip_pc1_high|real__clip_pc1_low|sketch__clip_pc1_low
base_seed_control,dinov2_b14,20260911,clipart,ridge,error_rate,25,7,43,0.16279069767441862,8,5,4,1,4.0,1.0,0.01513671875,3,2,True,True,True,False,False,False,False,False,False,False,"[""painting__clip_pc1_middle|real__clip_pc1_low|sketch__clip_pc1_low"", ""painting__clip_pc1_middle|real__clip_pc1_middle|sketch__clip_pc1_low"", ""real__clip_pc1_high|real__clip_pc1_low|sketch__clip_pc1_low"", ""real__clip_pc1_high|real__clip_pc1_middle|sketch__clip_pc1_low""]","[""painting__clip_pc1_middle|sketch__clip_pc1_low|sketch__clip_pc1_middle""]",painting__clip_pc1_middle|sketch__clip_pc1_low|sketch__clip_pc1_middle,painting__clip_pc1_middle|sketch__clip_pc1_low|sketch__clip_pc1_middle
base_seed_control,dinov2_b14,20260911,clipart,ridge,error_rate,50,28,72,0.3888888888888889,4,5,1,2,1.0,2.0,0.0,1,2,True,True,False,False,False,False,False,False,False,False,"[""real__clip_pc1_high|real__clip_pc1_low|sketch__clip_pc1_low""]","[""painting__clip_pc1_middle|sketch__clip_pc1_low|sketch__clip_pc1_middle"", ""real__clip_pc1_middle|sketch__clip_pc1_high|sketch__clip_pc1_low""]",painting__clip_pc1_middle|sketch__clip_pc1_low|sketch__clip_pc1_middle,painting__clip_pc1_middle|sketch__clip_pc1_low|sketch__clip_pc1_middle
base_seed_control,dinov2_b14,20260911,clipart,ridge,error_rate,100,73,127,0.5748031496062992,2,2,0,0,0.0,0.0,0.0,0,2,False,False,False,False,False,False,False,False,False,False,[],[],painting__clip_pc1_middle|sketch__clip_pc1_low|sketch__clip_pc1_middle,painting__clip_pc1_middle|sketch__clip_pc1_low|sketch__clip_pc1_middle
base_seed_control,dinov2_b14,20260911,clipart,ridge,error_rate,227,216,238,0.907563025210084,2,1,1,0,1.0,0.0,0.0,1,2,True,False,False,False,False,False,False,False,False,False,"[""quickdraw__clip_pc1_low|real__clip_pc1_middle|sketch__clip_pc1_low""]",[],painting__clip_pc1_middle|sketch__clip_pc1_low|sketch__clip_pc1_middle,painting__clip_pc1_middle|sketch__clip_pc1_low|sketch__clip_pc1_middle
base_seed_control,dinov2_b14,20260911,clipart,logistic,brier_score,10,0,20,0.0,10,7,3,0,3.0,0.0,0.016556584183333056,3,1,True,False,False,False,True,True,False,False,True,True,"[""painting__clip_pc1_low|real__clip_pc1_low|sketch__clip_pc1_low"", ""painting__clip_pc1_middle|real__clip_pc1_low|sketch__clip_pc1_low"", ""real__clip_pc1_high|real__clip_pc1_low|sketch__clip_pc1_low""]",[],painting__clip_pc1_low|sketch__clip_pc1_low|sketch__clip_pc1_middle,painting__clip_pc1_middle|real__clip_pc1_low|sketch__clip_pc1_low
base_seed_control,dinov2_b14,20260911,clipart,logistic,brier_score,25,7,43,0.16279069767441862,6,5,4,3,4.0,3.0,0.0,0,1,True,True,False,True,False,False,False,False,False,False,"[""painting__clip_pc1_low|real__clip_pc1_low|sketch__clip_pc1_low"", ""painting__clip_pc1_middle|real__clip_pc1_low|sketch__clip_pc1_low"", ""real__clip_pc1_high|real__clip_pc1_low|sketch__clip_pc1_low"", ""real__clip_pc1_low|real__clip_pc1_middle|sketch__clip_pc1_low""]","[""painting__clip_pc1_middle|sketch__clip_pc1_low|sketch__clip_pc1_middle"", ""real__clip_pc1_high|sketch__clip_pc1_low|sketch__clip_pc1_middle"", ""real__clip_pc1_low|sketch__clip_pc1_low|sketch__clip_pc1_middle""]",real__clip_pc1_low|sketch__clip_pc1_low|sketch__clip_pc1_middle,real__clip_pc1_low|sketch__clip_pc1_low|sketch__clip_pc1_middle
base_seed_control,dinov2_b14,20260911,clipart,logistic,brier_score,50,28,72,0.3888888888888889,3,3,1,1,1.0,1.0,0.0,0,1,True,True,False,False,False,False,False,False,False,False,"[""real__clip_pc1_high|real__clip_pc1_low|sketch__clip_pc1_low""]","[""painting__clip_pc1_middle|sketch__clip_pc1_low|sketch__clip_pc1_middle""]",real__clip_pc1_low|sketch__clip_pc1_low|sketch__clip_pc1_middle,real__clip_pc1_low|sketch__clip_pc1_low|sketch__clip_pc1_middle
base_seed_control,dinov2_b14,20260911,clipart,logistic,brier_score,100,73,127,0.5748031496062992,0,0,0,0,0.0,0.0,0.0,0,1,False,False,False,False,False,False,False,False,False,False,[],[],real__clip_pc1_low|sketch__clip_pc1_low|sketch__clip_pc1_middle,real__clip_pc1_low|sketch__clip_pc1_low|sketch__clip_pc1_middle
base_seed_control,dinov2_b14,20260911,clipart,logistic,brier_score,227,216,238,0.907563025210084,0,0,0,0,0.0,0.0,0.0,0,1,False,False,False,False,False,False,False,False,False,False,[],[],real__clip_pc1_low|sketch__clip_pc1_low|sketch__clip_pc1_middle,real__clip_pc1_low|sketch__clip_pc1_low|sketch__clip_pc1_middle
base_seed_control,dinov2_b14,20260911,clipart,logistic,nll,10,0,20,0.0,9,7,3,1,3.0,1.0,0.04582746468051724,2,1,True,True,False,False,True,True,False,False,True,True,"[""painting__clip_pc1_middle|real__clip_pc1_low|sketch__clip_pc1_low"", ""real__clip_pc1_high|real__clip_pc1_low|sketch__clip_pc1_low"", ""real__clip_pc1_high|real__clip_pc1_low|sketch__clip_pc1_middle""]","[""painting__clip_pc1_low|sketch__clip_pc1_low|sketch__clip_pc1_middle""]",painting__clip_pc1_low|sketch__clip_pc1_low|sketch__clip_pc1_middle,painting__clip_pc1_middle|real__clip_pc1_low|sketch__clip_pc1_low
base_seed_control,dinov2_b14,20260911,clipart,logistic,nll,25,7,43,0.16279069767441862,8,4,5,1,5.0,1.0,0.0,0,1,True,True,False,True,True,False,True,False,False,False,"[""painting__clip_pc1_low|painting__clip_pc1_middle|sketch__clip_pc1_low"", ""painting__clip_pc1_low|real__clip_pc1_low|sketch__clip_pc1_middle"", ""painting__clip_pc1_middle|real__clip_pc1_low|sketch__clip_pc1_low"", ""real__clip_pc1_high|real__clip_pc1_low|sketch__clip_pc1_low"", ""real__clip_pc1_high|real__clip_pc1_low|sketch__clip_pc1_middle""]","[""real__clip_pc1_low|sketch__clip_pc1_low|sketch__clip_pc1_middle""]",real__clip_pc1_low|sketch__clip_pc1_low|sketch__clip_pc1_middle,painting__clip_pc1_middle|real__clip_pc1_low|sketch__clip_pc1_low
base_seed_control,dinov2_b14,20260911,clipart,logistic,nll,50,28,72,0.3888888888888889,6,2,4,0,4.0,0.0,0.0,0,1,True,False,False,False,False,False,False,False,False,False,"[""painting__clip_pc1_low|real__clip_pc1_low|sketch__clip_pc1_middle"", ""painting__clip_pc1_middle|real__clip_pc1_low|sketch__clip_pc1_middle"", ""real__clip_pc1_high|real__clip_pc1_low|sketch__clip_pc1_low"", ""real__clip_pc1_high|real__clip_pc1_low|sketch__clip_pc1_middle""]",[],painting__clip_pc1_middle|real__clip_pc1_low|sketch__clip_pc1_low,painting__clip_pc1_middle|real__clip_pc1_low|sketch__clip_pc1_low
base_seed_control,dinov2_b14,20260911,clipart,logistic,nll,100,73,127,0.5748031496062992,0,0,0,0,0.0,0.0,0.0,0,1,False,False,False,False,False,False,False,False,False,False,[],[],painting__clip_pc1_middle|real__clip_pc1_low|sketch__clip_pc1_low,painting__clip_pc1_middle|real__clip_pc1_low|sketch__clip_pc1_low
base_seed_control,dinov2_b14,20260911,clipart,logistic,nll,227,216,238,0.907563025210084,0,0,0,0,0.0,0.0,0.0,0,1,False,False,False,False,False,False,False,False,False,False,[],[],painting__clip_pc1_middle|real__clip_pc1_low|sketch__clip_pc1_low,painting__clip_pc1_middle|real__clip_pc1_low|sketch__clip_pc1_low
base_seed_control,dinov2_b14,20260911,clipart,logistic,error_rate,10,0,20,0.0,10,5,5,0,5.0,0.0,0.0380859375,5,2,True,False,True,False,True,True,False,True,False,True,"[""painting__clip_pc1_middle|real__clip_pc1_low|sketch__clip_pc1_low"", ""painting__clip_pc1_middle|real__clip_pc1_middle|sketch__clip_pc1_low"", ""real__clip_pc1_high|real__clip_pc1_low|sketch__clip_pc1_low"", ""real__clip_pc1_high|real__clip_pc1_low|sketch__clip_pc1_middle"", ""real__clip_pc1_high|real__clip_pc1_middle|sketch__clip_pc1_low""]",[],painting__clip_pc1_low|sketch__clip_pc1_low|sketch__clip_pc1_middle,real__clip_pc1_high|real__clip_pc1_low|sketch__clip_pc1_low
base_seed_control,dinov2_b14,20260911,clipart,logistic,error_rate,25,7,43,0.16279069767441862,8,5,5,2,5.0,2.0,0.01416015625,4,2,True,True,True,False,True,True,False,True,False,True,"[""painting__clip_pc1_middle|real__clip_pc1_low|sketch__clip_pc1_low"", ""painting__clip_pc1_middle|real__clip_pc1_middle|sketch__clip_pc1_low"", ""real__clip_pc1_high|real__clip_pc1_low|sketch__clip_pc1_low"", ""real__clip_pc1_high|real__clip_pc1_low|sketch__clip_pc1_middle"", ""real__clip_pc1_high|real__clip_pc1_middle|sketch__clip_pc1_low""]","[""painting__clip_pc1_middle|sketch__clip_pc1_low|sketch__clip_pc1_middle"", ""real__clip_pc1_low|sketch__clip_pc1_low|sketch__clip_pc1_middle""]",painting__clip_pc1_middle|sketch__clip_pc1_low|sketch__clip_pc1_middle,real__clip_pc1_high|real__clip_pc1_low|sketch__clip_pc1_low
base_seed_control,dinov2_b14,20260911,clipart,logistic,error_rate,50,28,72,0.3888888888888889,4,4,2,2,2.0,2.0,0.0068359375,1,2,True,True,True,False,True,True,False,False,False,True,"[""real__clip_pc1_high|real__clip_pc1_low|sketch__clip_pc1_low"", ""real__clip_pc1_high|real__clip_pc1_low|sketch__clip_pc1_middle""]","[""painting__clip_pc1_middle|sketch__clip_pc1_low|sketch__clip_pc1_middle"", ""real__clip_pc1_middle|sketch__clip_pc1_high|sketch__clip_pc1_low""]",painting__clip_pc1_middle|sketch__clip_pc1_low|sketch__clip_pc1_middle,real__clip_pc1_high|real__clip_pc1_low|sketch__clip_pc1_low
base_seed_control,dinov2_b14,20260911,clipart,logistic,error_rate,100,73,127,0.5748031496062992,1,1,0,0,0.0,0.0,0.0,0,2,False,False,False,False,False,False,False,False,False,False,[],[],real__clip_pc1_high|real__clip_pc1_low|sketch__clip_pc1_low,real__clip_pc1_high|real__clip_pc1_low|sketch__clip_pc1_low
base_seed_control,dinov2_b14,20260911,clipart,logistic,error_rate,227,216,238,0.907563025210084,1,0,1,0,1.0,0.0,0.0,0,2,True,False,False,False,False,False,False,False,False,False,"[""quickdraw__clip_pc1_low|real__clip_pc1_high|sketch__clip_pc1_low""]",[],real__clip_pc1_high|real__clip_pc1_low|sketch__clip_pc1_low,real__clip_pc1_high|real__clip_pc1_low|sketch__clip_pc1_low
base_seed_control,dinov2_b14,20260911,infograph,ridge,brier_score,10,0,20,0.0,8,10,0,2,0.0,2.0,0.0,0,1,False,True,False,True,False,False,False,False,False,False,[],"[""clipart__clip_pc1_low|clipart__clip_pc1_middle|sketch__clip_pc1_low"", ""clipart__clip_pc1_low|real__clip_pc1_middle|sketch__clip_pc1_low""]",clipart__clip_pc1_low|clipart__clip_pc1_middle|sketch__clip_pc1_low,clipart__clip_pc1_low|clipart__clip_pc1_middle|sketch__clip_pc1_low
base_seed_control,dinov2_b14,20260911,infograph,ridge,brier_score,25,8,42,0.19047619047619047,4,10,0,6,0.0,6.0,0.0,0,1,False,True,False,True,False,False,False,False,False,False,[],"[""clipart__clip_pc1_low|clipart__clip_pc1_middle|sketch__clip_pc1_low"", ""clipart__clip_pc1_low|real__clip_pc1_high|sketch__clip_pc1_low"", ""clipart__clip_pc1_low|real__clip_pc1_low|sketch__clip_pc1_low"", ""clipart__clip_pc1_low|real__clip_pc1_middle|sketch__clip_pc1_low"", ""clipart__clip_pc1_middle|real__clip_pc1_high|sketch__clip_pc1_low"", ""clipart__clip_pc1_middle|real__clip_pc1_low|sketch__clip_pc1_low""]",clipart__clip_pc1_low|clipart__clip_pc1_middle|sketch__clip_pc1_low,clipart__clip_pc1_low|clipart__clip_pc1_middle|sketch__clip_pc1_low
base_seed_control,dinov2_b14,20260911,infograph,ridge,brier_score,50,23,77,0.2987012987012987,1,9,0,8,0.0,8.0,0.0,0,1,False,True,False,True,False,False,False,False,False,False,[],"[""clipart__clip_pc1_high|clipart__clip_pc1_low|sketch__clip_pc1_low"", ""clipart__clip_pc1_low|clipart__clip_pc1_middle|sketch__clip_pc1_low"", ""clipart__clip_pc1_low|painting__clip_pc1_middle|sketch__clip_pc1_low"", ""clipart__clip_pc1_low|real__clip_pc1_low|sketch__clip_pc1_low"", ""clipart__clip_pc1_low|real__clip_pc1_middle|sketch__clip_pc1_low"", ""clipart__clip_pc1_low|sketch__clip_pc1_low|sketch__clip_pc1_middle"", ""clipart__clip_pc1_middle|real__clip_pc1_high|sketch__clip_pc1_low"", ""clipart__clip_pc1_middle|real__clip_pc1_low|sketch__clip_pc1_low""]",clipart__clip_pc1_low|clipart__clip_pc1_middle|sketch__clip_pc1_low,clipart__clip_pc1_low|clipart__clip_pc1_middle|sketch__clip_pc1_low
base_seed_control,dinov2_b14,20260911,infograph,ridge,brier_score,100,72,128,0.5625,0,6,0,6,0.0,6.0,0.0,0,1,False,True,False,True,False,False,False,False,False,False,[],"[""clipart__clip_pc1_high|clipart__clip_pc1_low|sketch__clip_pc1_low"", ""clipart__clip_pc1_low|clipart__clip_pc1_middle|sketch__clip_pc1_low"", ""clipart__clip_pc1_low|real__clip_pc1_low|sketch__clip_pc1_low"", ""clipart__clip_pc1_low|sketch__clip_pc1_low|sketch__clip_pc1_middle"", ""clipart__clip_pc1_middle|real__clip_pc1_low|sketch__clip_pc1_low"", ""clipart__clip_pc1_middle|sketch__clip_pc1_low|sketch__clip_pc1_middle""]",clipart__clip_pc1_low|clipart__clip_pc1_middle|sketch__clip_pc1_low,clipart__clip_pc1_low|clipart__clip_pc1_middle|sketch__clip_pc1_low
base_seed_control,dinov2_b14,20260911,infograph,ridge,brier_score,227,220,234,0.9401709401709402,0,0,0,0,0.0,0.0,0.0,0,1,False,False,False,False,False,False,False,False,False,False,[],[],clipart__clip_pc1_low|clipart__clip_pc1_middle|sketch__clip_pc1_low,clipart__clip_pc1_low|clipart__clip_pc1_middle|sketch__clip_pc1_low
base_seed_control,dinov2_b14,20260911,infograph,ridge,nll,10,0,20,0.0,8,10,0,2,0.0,2.0,0.0,0,1,False,True,False,True,False,False,False,False,False,False,[],"[""clipart__clip_pc1_low|clipart__clip_pc1_middle|sketch__clip_pc1_low"", ""clipart__clip_pc1_low|real__clip_pc1_middle|sketch__clip_pc1_low""]",clipart__clip_pc1_low|clipart__clip_pc1_middle|sketch__clip_pc1_low,clipart__clip_pc1_low|clipart__clip_pc1_middle|sketch__clip_pc1_low
base_seed_control,dinov2_b14,20260911,infograph,ridge,nll,25,8,42,0.19047619047619047,4,10,0,6,0.0,6.0,0.0,0,1,False,True,False,True,False,False,False,False,False,False,[],"[""clipart__clip_pc1_low|clipart__clip_pc1_middle|sketch__clip_pc1_low"", ""clipart__clip_pc1_low|real__clip_pc1_high|sketch__clip_pc1_low"", ""clipart__clip_pc1_low|real__clip_pc1_low|sketch__clip_pc1_low"", ""clipart__clip_pc1_low|real__clip_pc1_middle|sketch__clip_pc1_low"", ""clipart__clip_pc1_middle|real__clip_pc1_high|sketch__clip_pc1_low"", ""clipart__clip_pc1_middle|real__clip_pc1_low|sketch__clip_pc1_low""]",clipart__clip_pc1_low|clipart__clip_pc1_middle|sketch__clip_pc1_low,clipart__clip_pc1_low|clipart__clip_pc1_middle|sketch__clip_pc1_low
base_seed_control,dinov2_b14,20260911,infograph,ridge,nll,50,23,77,0.2987012987012987,1,9,0,8,0.0,8.0,0.0,0,1,False,True,False,True,False,False,False,False,False,False,[],"[""clipart__clip_pc1_high|clipart__clip_pc1_low|sketch__clip_pc1_low"", ""clipart__clip_pc1_low|clipart__clip_pc1_middle|sketch__clip_pc1_low"", ""clipart__clip_pc1_low|painting__clip_pc1_middle|sketch__clip_pc1_low"", ""clipart__clip_pc1_low|real__clip_pc1_low|sketch__clip_pc1_low"", ""clipart__clip_pc1_low|real__clip_pc1_middle|sketch__clip_pc1_low"", ""clipart__clip_pc1_low|sketch__clip_pc1_low|sketch__clip_pc1_middle"", ""clipart__clip_pc1_middle|real__clip_pc1_high|sketch__clip_pc1_low"", ""clipart__clip_pc1_middle|real__clip_pc1_low|sketch__clip_pc1_low""]",clipart__clip_pc1_low|clipart__clip_pc1_middle|sketch__clip_pc1_low,clipart__clip_pc1_low|clipart__clip_pc1_middle|sketch__clip_pc1_low
base_seed_control,dinov2_b14,20260911,infograph,ridge,nll,100,72,128,0.5625,0,6,0,6,0.0,6.0,0.0,0,1,False,True,False,True,False,False,False,False,False,False,[],"[""clipart__clip_pc1_high|clipart__clip_pc1_low|sketch__clip_pc1_low"", ""clipart__clip_pc1_low|clipart__clip_pc1_middle|sketch__clip_pc1_low"", ""clipart__clip_pc1_low|real__clip_pc1_low|sketch__clip_pc1_low"", ""clipart__clip_pc1_low|sketch__clip_pc1_low|sketch__clip_pc1_middle"", ""clipart__clip_pc1_middle|real__clip_pc1_low|sketch__clip_pc1_low"", ""clipart__clip_pc1_middle|sketch__clip_pc1_low|sketch__clip_pc1_middle""]",clipart__clip_pc1_low|clipart__clip_pc1_middle|sketch__clip_pc1_low,clipart__clip_pc1_low|clipart__clip_pc1_middle|sketch__clip_pc1_low
base_seed_control,dinov2_b14,20260911,infograph,ridge,nll,227,220,234,0.9401709401709402,0,0,0,0,0.0,0.0,0.0,0,1,False,False,False,False,False,False,False,False,False,False,[],[],clipart__clip_pc1_low|clipart__clip_pc1_middle|sketch__clip_pc1_low,clipart__clip_pc1_low|clipart__clip_pc1_middle|sketch__clip_pc1_low
base_seed_control,dinov2_b14,20260911,infograph,ridge,error_rate,10,0,20,0.0,9,10,0,1,0.0,1.0,0.0,2,2,False,True,False,False,False,False,False,False,False,False,[],"[""clipart__clip_pc1_middle|real__clip_pc1_middle|sketch__clip_pc1_low""]",clipart__clip_pc1_low|clipart__clip_pc1_middle|sketch__clip_pc1_middle,clipart__clip_pc1_low|clipart__clip_pc1_middle|sketch__clip_pc1_middle
base_seed_control,dinov2_b14,20260911,infograph,ridge,error_rate,25,8,42,0.19047619047619047,9,10,0,1,0.0,1.0,0.0,3,2,False,True,False,False,True,True,False,True,False,False,[],"[""clipart__clip_pc1_middle|real__clip_pc1_middle|sketch__clip_pc1_low""]",clipart__clip_pc1_low|clipart__clip_pc1_middle|sketch__clip_pc1_middle,real__clip_pc1_high|real__clip_pc1_middle|sketch__clip_pc1_low
base_seed_control,dinov2_b14,20260911,infograph,ridge,error_rate,50,23,77,0.2987012987012987,7,8,1,2,1.0,2.0,0.0,2,2,True,True,False,True,True,True,False,False,False,True,"[""painting__clip_pc1_middle|real__clip_pc1_middle|sketch__clip_pc1_low""]","[""clipart__clip_pc1_middle|painting__clip_pc1_middle|sketch__clip_pc1_low"", ""clipart__clip_pc1_middle|real__clip_pc1_middle|sketch__clip_pc1_low""]",clipart__clip_pc1_low|clipart__clip_pc1_middle|sketch__clip_pc1_middle,painting__clip_pc1_middle|real__clip_pc1_middle|sketch__clip_pc1_low
base_seed_control,dinov2_b14,20260911,infograph,ridge,error_rate,100,72,128,0.5625,4,6,0,2,0.0,2.0,0.0,0,2,False,True,False,True,False,False,False,False,False,False,[],"[""clipart__clip_pc1_middle|painting__clip_pc1_middle|sketch__clip_pc1_low"", ""clipart__clip_pc1_middle|sketch__clip_pc1_low|sketch__clip_pc1_middle""]",painting__clip_pc1_middle|real__clip_pc1_middle|sketch__clip_pc1_low,painting__clip_pc1_middle|real__clip_pc1_middle|sketch__clip_pc1_low
base_seed_control,dinov2_b14,20260911,infograph,ridge,error_rate,227,220,234,0.9401709401709402,0,0,0,0,0.0,0.0,0.0,0,2,False,False,False,False,False,False,False,False,False,False,[],[],painting__clip_pc1_middle|real__clip_pc1_middle|sketch__clip_pc1_low,painting__clip_pc1_middle|real__clip_pc1_middle|sketch__clip_pc1_low
base_seed_control,dinov2_b14,20260911,infograph,logistic,brier_score,10,0,20,0.0,7,10,0,3,0.0,3.0,0.0,0,1,False,True,False,False,False,False,False,False,True,False,[],"[""clipart__clip_pc1_low|clipart__clip_pc1_middle|sketch__clip_pc1_low"", ""clipart__clip_pc1_low|real__clip_pc1_middle|sketch__clip_pc1_low"", ""clipart__clip_pc1_middle|real__clip_pc1_middle|sketch__clip_pc1_low""]",clipart__clip_pc1_low|real__clip_pc1_middle|sketch__clip_pc1_low,clipart__clip_pc1_low|real__clip_pc1_middle|sketch__clip_pc1_low
base_seed_control,dinov2_b14,20260911,infograph,logistic,brier_score,25,8,42,0.19047619047619047,3,10,0,7,0.0,7.0,0.0,0,1,False,True,False,True,False,False,False,False,False,False,[],"[""clipart__clip_pc1_low|clipart__clip_pc1_middle|sketch__clip_pc1_low"", ""clipart__clip_pc1_low|real__clip_pc1_high|sketch__clip_pc1_low"", ""clipart__clip_pc1_low|real__clip_pc1_low|sketch__clip_pc1_low"", ""clipart__clip_pc1_low|real__clip_pc1_middle|sketch__clip_pc1_low"", ""clipart__clip_pc1_middle|real__clip_pc1_high|sketch__clip_pc1_low"", ""clipart__clip_pc1_middle|real__clip_pc1_low|sketch__clip_pc1_low"", ""clipart__clip_pc1_middle|real__clip_pc1_middle|sketch__clip_pc1_low""]",clipart__clip_pc1_low|real__clip_pc1_high|sketch__clip_pc1_low,clipart__clip_pc1_low|real__clip_pc1_high|sketch__clip_pc1_low
base_seed_control,dinov2_b14,20260911,infograph,logistic,brier_score,50,23,77,0.2987012987012987,3,8,1,6,1.0,6.0,0.0,1,1,True,True,False,True,False,False,False,False,False,False,"[""real__clip_pc1_high|real__clip_pc1_low|sketch__clip_pc1_low""]","[""clipart__clip_pc1_low|clipart__clip_pc1_middle|sketch__clip_pc1_low"", ""clipart__clip_pc1_low|real__clip_pc1_low|sketch__clip_pc1_low"", ""clipart__clip_pc1_low|real__clip_pc1_middle|sketch__clip_pc1_low"", ""clipart__clip_pc1_middle|real__clip_pc1_high|sketch__clip_pc1_low"", ""clipart__clip_pc1_middle|real__clip_pc1_low|sketch__clip_pc1_low"", ""clipart__clip_pc1_middle|real__clip_pc1_middle|sketch__clip_pc1_low""]",clipart__clip_pc1_low|real__clip_pc1_high|sketch__clip_pc1_low,clipart__clip_pc1_low|real__clip_pc1_high|sketch__clip_pc1_low
base_seed_control,dinov2_b14,20260911,infograph,logistic,brier_score,100,72,128,0.5625,0,4,0,4,0.0,4.0,0.0,0,1,False,True,False,True,False,False,False,False,False,False,[],"[""clipart__clip_pc1_low|clipart__clip_pc1_middle|sketch__clip_pc1_low"", ""clipart__clip_pc1_low|real__clip_pc1_low|sketch__clip_pc1_low"", ""clipart__clip_pc1_middle|real__clip_pc1_low|sketch__clip_pc1_low"", ""painting__clip_pc1_middle|real__clip_pc1_low|sketch__clip_pc1_low""]",clipart__clip_pc1_low|real__clip_pc1_high|sketch__clip_pc1_low,clipart__clip_pc1_low|real__clip_pc1_high|sketch__clip_pc1_low
base_seed_control,dinov2_b14,20260911,infograph,logistic,brier_score,227,220,234,0.9401709401709402,0,0,0,0,0.0,0.0,0.0,0,1,False,False,False,False,False,False,False,False,False,False,[],[],clipart__clip_pc1_low|real__clip_pc1_high|sketch__clip_pc1_low,clipart__clip_pc1_low|real__clip_pc1_high|sketch__clip_pc1_low
base_seed_control,dinov2_b14,20260911,infograph,logistic,nll,10,0,20,0.0,8,10,0,2,0.0,2.0,0.0,0,1,False,True,False,False,True,False,True,False,True,False,[],"[""clipart__clip_pc1_low|clipart__clip_pc1_middle|painting__clip_pc1_middle"", ""clipart__clip_pc1_middle|real__clip_pc1_middle|sketch__clip_pc1_low""]",clipart__clip_pc1_low|clipart__clip_pc1_middle|painting__clip_pc1_middle,clipart__clip_pc1_low|real__clip_pc1_high|real__clip_pc1_low
base_seed_control,dinov2_b14,20260911,infograph,logistic,nll,25,8,42,0.19047619047619047,6,10,0,4,0.0,4.0,0.0,0,1,False,True,False,False,False,False,False,False,False,False,[],"[""clipart__clip_pc1_low|clipart__clip_pc1_middle|painting__clip_pc1_middle"", ""clipart__clip_pc1_low|real__clip_pc1_high|sketch__clip_pc1_low"", ""clipart__clip_pc1_middle|real__clip_pc1_high|sketch__clip_pc1_low"", ""clipart__clip_pc1_middle|real__clip_pc1_middle|sketch__clip_pc1_low""]",clipart__clip_pc1_low|real__clip_pc1_high|sketch__clip_pc1_low,clipart__clip_pc1_low|real__clip_pc1_high|sketch__clip_pc1_low
base_seed_control,dinov2_b14,20260911,infograph,logistic,nll,50,23,77,0.2987012987012987,4,9,0,5,0.0,5.0,0.0,0,1,False,True,False,True,False,False,False,False,False,False,[],"[""clipart__clip_pc1_low|clipart__clip_pc1_middle|painting__clip_pc1_middle"", ""clipart__clip_pc1_low|painting__clip_pc1_middle|sketch__clip_pc1_low"", ""clipart__clip_pc1_middle|painting__clip_pc1_middle|sketch__clip_pc1_low"", ""clipart__clip_pc1_middle|real__clip_pc1_high|sketch__clip_pc1_low"", ""clipart__clip_pc1_middle|real__clip_pc1_middle|sketch__clip_pc1_low""]",clipart__clip_pc1_low|real__clip_pc1_high|sketch__clip_pc1_low,clipart__clip_pc1_low|real__clip_pc1_high|sketch__clip_pc1_low
base_seed_control,dinov2_b14,20260911,infograph,logistic,nll,100,72,128,0.5625,2,5,0,3,0.0,3.0,0.0,0,1,False,True,False,False,False,False,False,False,False,False,[],"[""clipart__clip_pc1_middle|painting__clip_pc1_middle|sketch__clip_pc1_low"", ""clipart__clip_pc1_middle|sketch__clip_pc1_low|sketch__clip_pc1_middle"", ""painting__clip_pc1_middle|real__clip_pc1_low|sketch__clip_pc1_low""]",clipart__clip_pc1_low|real__clip_pc1_high|sketch__clip_pc1_low,clipart__clip_pc1_low|real__clip_pc1_high|sketch__clip_pc1_low
base_seed_control,dinov2_b14,20260911,infograph,logistic,nll,227,220,234,0.9401709401709402,0,0,0,0,0.0,0.0,0.0,0,1,False,False,False,False,False,False,False,False,False,False,[],[],clipart__clip_pc1_low|real__clip_pc1_high|sketch__clip_pc1_low,clipart__clip_pc1_low|real__clip_pc1_high|sketch__clip_pc1_low
base_seed_control,dinov2_b14,20260911,infograph,logistic,error_rate,10,0,20,0.0,9,10,0,1,0.0,1.0,0.0,0,1,False,True,False,False,True,False,True,False,True,False,[],"[""clipart__clip_pc1_middle|real__clip_pc1_middle|sketch__clip_pc1_low""]",clipart__clip_pc1_middle|real__clip_pc1_middle|sketch__clip_pc1_low,clipart__clip_pc1_middle|real__clip_pc1_high|real__clip_pc1_low
base_seed_control,dinov2_b14,20260911,infograph,logistic,error_rate,25,8,42,0.19047619047619047,8,9,1,2,1.0,2.0,0.01171875,1,1,True,True,True,False,True,True,False,True,False,True,"[""real__clip_pc1_high|real__clip_pc1_middle|sketch__clip_pc1_low""]","[""clipart__clip_pc1_middle|real__clip_pc1_high|sketch__clip_pc1_low"", ""clipart__clip_pc1_middle|real__clip_pc1_middle|sketch__clip_pc1_low""]",clipart__clip_pc1_low|real__clip_pc1_high|sketch__clip_pc1_low,real__clip_pc1_high|real__clip_pc1_middle|sketch__clip_pc1_low
base_seed_control,dinov2_b14,20260911,infograph,logistic,error_rate,50,23,77,0.2987012987012987,6,8,2,4,2.0,4.0,0.01171875,4,1,True,True,True,False,True,True,False,False,False,True,"[""painting__clip_pc1_middle|real__clip_pc1_middle|sketch__clip_pc1_low"", ""real__clip_pc1_high|real__clip_pc1_middle|sketch__clip_pc1_low""]","[""clipart__clip_pc1_middle|painting__clip_pc1_low|sketch__clip_pc1_low"", ""clipart__clip_pc1_middle|painting__clip_pc1_middle|sketch__clip_pc1_low"", ""clipart__clip_pc1_middle|real__clip_pc1_high|sketch__clip_pc1_low"", ""clipart__clip_pc1_middle|real__clip_pc1_middle|sketch__clip_pc1_low""]",clipart__clip_pc1_low|real__clip_pc1_high|sketch__clip_pc1_low,real__clip_pc1_high|real__clip_pc1_middle|sketch__clip_pc1_low
base_seed_control,dinov2_b14,20260911,infograph,logistic,error_rate,100,72,128,0.5625,3,4,0,1,0.0,1.0,0.0,0,1,False,True,False,False,False,False,False,False,False,False,[],"[""clipart__clip_pc1_middle|painting__clip_pc1_middle|sketch__clip_pc1_low""]",real__clip_pc1_high|real__clip_pc1_middle|sketch__clip_pc1_low,real__clip_pc1_high|real__clip_pc1_middle|sketch__clip_pc1_low
base_seed_control,dinov2_b14,20260911,infograph,logistic,error_rate,227,220,234,0.9401709401709402,0,0,0,0,0.0,0.0,0.0,0,1,False,False,False,False,False,False,False,False,False,False,[],[],real__clip_pc1_high|real__clip_pc1_middle|sketch__clip_pc1_low,real__clip_pc1_high|real__clip_pc1_middle|sketch__clip_pc1_low
base_seed_control,dinov2_b14,20260911,painting,ridge,brier_score,10,6,14,0.42857142857142855,6,7,0,1,0.0,1.0,0.0,0,1,False,True,False,False,False,False,False,False,True,False,[],"[""real__clip_pc1_high|sketch__clip_pc1_high|sketch__clip_pc1_middle""]",clipart__clip_pc1_middle|real__clip_pc1_high|sketch__clip_pc1_high,clipart__clip_pc1_middle|real__clip_pc1_high|sketch__clip_pc1_high
base_seed_control,dinov2_b14,20260911,painting,ridge,brier_score,25,15,35,0.42857142857142855,4,4,1,1,1.0,1.0,0.0,0,1,True,True,False,False,False,False,False,False,False,False,"[""real__clip_pc1_high|sketch__clip_pc1_low|sketch__clip_pc1_middle""]","[""clipart__clip_pc1_high|real__clip_pc1_high|sketch__clip_pc1_high""]",real__clip_pc1_high|sketch__clip_pc1_high|sketch__clip_pc1_low,real__clip_pc1_high|sketch__clip_pc1_high|sketch__clip_pc1_low
base_seed_control,dinov2_b14,20260911,painting,ridge,brier_score,50,39,61,0.639344262295082,1,1,0,0,0.0,0.0,0.0,0,1,False,False,False,False,False,False,False,False,False,False,[],[],real__clip_pc1_high|sketch__clip_pc1_high|sketch__clip_pc1_low,real__clip_pc1_high|sketch__clip_pc1_high|sketch__clip_pc1_low
base_seed_control,dinov2_b14,20260911,painting,ridge,brier_score,100,85,115,0.7391304347826086,0,0,0,0,0.0,0.0,0.0,0,1,False,False,False,False,False,False,False,False,False,False,[],[],real__clip_pc1_high|sketch__clip_pc1_high|sketch__clip_pc1_low,real__clip_pc1_high|sketch__clip_pc1_high|sketch__clip_pc1_low
base_seed_control,dinov2_b14,20260911,painting,ridge,brier_score,227,213,241,0.8838174273858921,0,0,0,0,0.0,0.0,0.0,0,1,False,False,False,False,False,False,False,False,False,False,[],[],real__clip_pc1_high|sketch__clip_pc1_high|sketch__clip_pc1_low,real__clip_pc1_high|sketch__clip_pc1_high|sketch__clip_pc1_low
base_seed_control,dinov2_b14,20260911,painting,ridge,nll,10,6,14,0.42857142857142855,6,7,0,1,0.0,1.0,0.0,0,1,False,True,False,False,False,False,False,False,True,False,[],"[""real__clip_pc1_high|sketch__clip_pc1_high|sketch__clip_pc1_middle""]",clipart__clip_pc1_middle|real__clip_pc1_high|sketch__clip_pc1_high,clipart__clip_pc1_middle|real__clip_pc1_high|sketch__clip_pc1_high
base_seed_control,dinov2_b14,20260911,painting,ridge,nll,25,15,35,0.42857142857142855,4,4,1,1,1.0,1.0,0.0,0,1,True,True,False,False,False,False,False,False,False,False,"[""real__clip_pc1_high|sketch__clip_pc1_low|sketch__clip_pc1_middle""]","[""clipart__clip_pc1_high|real__clip_pc1_high|sketch__clip_pc1_high""]",real__clip_pc1_high|sketch__clip_pc1_high|sketch__clip_pc1_low,real__clip_pc1_high|sketch__clip_pc1_high|sketch__clip_pc1_low
base_seed_control,dinov2_b14,20260911,painting,ridge,nll,50,39,61,0.639344262295082,1,1,0,0,0.0,0.0,0.0,0,1,False,False,False,False,False,False,False,False,False,False,[],[],real__clip_pc1_high|sketch__clip_pc1_high|sketch__clip_pc1_low,real__clip_pc1_high|sketch__clip_pc1_high|sketch__clip_pc1_low
base_seed_control,dinov2_b14,20260911,painting,ridge,nll,100,85,115,0.7391304347826086,0,0,0,0,0.0,0.0,0.0,0,1,False,False,False,False,False,False,False,False,False,False,[],[],real__clip_pc1_high|sketch__clip_pc1_high|sketch__clip_pc1_low,real__clip_pc1_high|sketch__clip_pc1_high|sketch__clip_pc1_low
base_seed_control,dinov2_b14,20260911,painting,ridge,nll,227,213,241,0.8838174273858921,0,0,0,0,0.0,0.0,0.0,0,1,False,False,False,False,False,False,False,False,False,False,[],[],real__clip_pc1_high|sketch__clip_pc1_high|sketch__clip_pc1_low,real__clip_pc1_high|sketch__clip_pc1_high|sketch__clip_pc1_low
base_seed_control,dinov2_b14,20260911,painting,ridge,error_rate,10,6,14,0.42857142857142855,8,6,2,0,2.0,0.0,0.00537109375,1,1,True,False,False,False,True,True,False,True,False,True,"[""real__clip_pc1_high|real__clip_pc1_low|sketch__clip_pc1_low"", ""real__clip_pc1_high|real__clip_pc1_middle|sketch__clip_pc1_low""]",[],real__clip_pc1_high|real__clip_pc1_low|sketch__clip_pc1_high,real__clip_pc1_high|real__clip_pc1_low|sketch__clip_pc1_low
base_seed_control,dinov2_b14,20260911,painting,ridge,error_rate,25,15,35,0.42857142857142855,4,6,0,2,0.0,2.0,0.0,0,1,False,True,False,False,False,False,False,False,False,False,[],"[""real__clip_pc1_low|sketch__clip_pc1_high|sketch__clip_pc1_low"", ""real__clip_pc1_middle|sketch__clip_pc1_high|sketch__clip_pc1_low""]",real__clip_pc1_high|real__clip_pc1_low|sketch__clip_pc1_low,real__clip_pc1_high|real__clip_pc1_low|sketch__clip_pc1_low
base_seed_control,dinov2_b14,20260911,painting,ridge,error_rate,50,39,61,0.639344262295082,3,5,0,2,0.0,2.0,0.0,0,1,False,True,False,False,False,False,False,False,False,False,[],"[""clipart__clip_pc1_high|real__clip_pc1_low|sketch__clip_pc1_high"", ""real__clip_pc1_low|sketch__clip_pc1_high|sketch__clip_pc1_low""]",real__clip_pc1_high|real__clip_pc1_low|sketch__clip_pc1_low,real__clip_pc1_high|real__clip_pc1_low|sketch__clip_pc1_low
base_seed_control,dinov2_b14,20260911,painting,ridge,error_rate,100,85,115,0.7391304347826086,1,3,0,2,0.0,2.0,0.0,0,1,False,True,False,True,False,False,False,False,False,False,[],"[""clipart__clip_pc1_middle|sketch__clip_pc1_high|sketch__clip_pc1_low"", ""infograph__clip_pc1_middle|sketch__clip_pc1_high|sketch__clip_pc1_low""]",clipart__clip_pc1_middle|sketch__clip_pc1_high|sketch__clip_pc1_low,clipart__clip_pc1_middle|sketch__clip_pc1_high|sketch__clip_pc1_low
base_seed_control,dinov2_b14,20260911,painting,ridge,error_rate,227,213,241,0.8838174273858921,0,0,0,0,0.0,0.0,0.0,0,1,False,False,False,False,False,False,False,False,False,False,[],[],clipart__clip_pc1_middle|sketch__clip_pc1_high|sketch__clip_pc1_low,clipart__clip_pc1_middle|sketch__clip_pc1_high|sketch__clip_pc1_low
base_seed_control,dinov2_b14,20260911,painting,logistic,brier_score,10,6,14,0.42857142857142855,5,6,0,1,0.0,1.0,0.0,0,1,False,True,False,False,False,False,False,False,True,False,[],"[""real__clip_pc1_high|sketch__clip_pc1_high|sketch__clip_pc1_middle""]",clipart__clip_pc1_middle|real__clip_pc1_high|sketch__clip_pc1_high,clipart__clip_pc1_middle|real__clip_pc1_high|sketch__clip_pc1_high
base_seed_control,dinov2_b14,20260911,painting,logistic,brier_score,25,15,35,0.42857142857142855,3,3,1,1,1.0,1.0,0.0,0,1,True,True,False,False,False,False,False,False,False,False,"[""real__clip_pc1_high|sketch__clip_pc1_low|sketch__clip_pc1_middle""]","[""clipart__clip_pc1_high|real__clip_pc1_high|sketch__clip_pc1_high""]",real__clip_pc1_high|sketch__clip_pc1_high|sketch__clip_pc1_low,real__clip_pc1_high|sketch__clip_pc1_high|sketch__clip_pc1_low
base_seed_control,dinov2_b14,20260911,painting,logistic,brier_score,50,39,61,0.639344262295082,1,1,0,0,0.0,0.0,0.0,0,1,False,False,False,False,False,False,False,False,False,False,[],[],real__clip_pc1_high|sketch__clip_pc1_high|sketch__clip_pc1_low,real__clip_pc1_high|sketch__clip_pc1_high|sketch__clip_pc1_low
base_seed_control,dinov2_b14,20260911,painting,logistic,brier_score,100,85,115,0.7391304347826086,0,0,0,0,0.0,0.0,0.0,0,1,False,False,False,False,False,False,False,False,False,False,[],[],real__clip_pc1_high|sketch__clip_pc1_high|sketch__clip_pc1_low,real__clip_pc1_high|sketch__clip_pc1_high|sketch__clip_pc1_low
base_seed_control,dinov2_b14,20260911,painting,logistic,brier_score,227,213,241,0.8838174273858921,0,0,0,0,0.0,0.0,0.0,0,1,False,False,False,False,False,False,False,False,False,False,[],[],real__clip_pc1_high|sketch__clip_pc1_high|sketch__clip_pc1_low,real__clip_pc1_high|sketch__clip_pc1_high|sketch__clip_pc1_low
base_seed_control,dinov2_b14,20260911,painting,logistic,nll,10,6,14,0.42857142857142855,8,7,1,0,1.0,0.0,0.03765533686753386,1,1,True,False,True,False,True,True,False,True,False,True,"[""real__clip_pc1_high|real__clip_pc1_low|sketch__clip_pc1_low""]",[],real__clip_pc1_high|real__clip_pc1_low|sketch__clip_pc1_middle,real__clip_pc1_high|real__clip_pc1_low|sketch__clip_pc1_low
base_seed_control,dinov2_b14,20260911,painting,logistic,nll,25,15,35,0.42857142857142855,6,6,1,1,1.0,1.0,0.0,0,1,True,True,False,False,False,False,False,False,False,False,"[""clipart__clip_pc1_middle|real__clip_pc1_high|real__clip_pc1_low""]","[""clipart__clip_pc1_high|real__clip_pc1_high|sketch__clip_pc1_high""]",real__clip_pc1_high|real__clip_pc1_low|sketch__clip_pc1_low,real__clip_pc1_high|real__clip_pc1_low|sketch__clip_pc1_low
base_seed_control,dinov2_b14,20260911,painting,logistic,nll,50,39,61,0.639344262295082,2,2,0,0,0.0,0.0,0.0,0,1,False,False,False,False,False,False,False,False,False,False,[],[],real__clip_pc1_high|real__clip_pc1_low|sketch__clip_pc1_low,real__clip_pc1_high|real__clip_pc1_low|sketch__clip_pc1_low
base_seed_control,dinov2_b14,20260911,painting,logistic,nll,100,85,115,0.7391304347826086,1,1,0,0,0.0,0.0,0.0,0,1,False,False,False,False,False,False,False,False,False,False,[],[],real__clip_pc1_high|real__clip_pc1_low|sketch__clip_pc1_low,real__clip_pc1_high|real__clip_pc1_low|sketch__clip_pc1_low
base_seed_control,dinov2_b14,20260911,painting,logistic,nll,227,213,241,0.8838174273858921,0,0,0,0,0.0,0.0,0.0,0,1,False,False,False,False,False,False,False,False,False,False,[],[],real__clip_pc1_high|real__clip_pc1_low|sketch__clip_pc1_low,real__clip_pc1_high|real__clip_pc1_low|sketch__clip_pc1_low
base_seed_control,dinov2_b14,20260911,painting,logistic,error_rate,10,6,14,0.42857142857142855,9,7,2,0,2.0,0.0,0.037109375,2,1,True,False,True,False,True,True,False,True,False,True,"[""real__clip_pc1_high|real__clip_pc1_low|sketch__clip_pc1_low"", ""real__clip_pc1_high|real__clip_pc1_middle|sketch__clip_pc1_low""]",[],real__clip_pc1_high|real__clip_pc1_low|sketch__clip_pc1_middle,real__clip_pc1_high|real__clip_pc1_low|sketch__clip_pc1_low
base_seed_control,dinov2_b14,20260911,painting,logistic,error_rate,25,15,35,0.42857142857142855,6,7,0,1,0.0,1.0,0.0,0,1,False,True,False,False,False,False,False,False,False,False,[],"[""real__clip_pc1_middle|sketch__clip_pc1_high|sketch__clip_pc1_low""]",real__clip_pc1_high|real__clip_pc1_low|sketch__clip_pc1_low,real__clip_pc1_high|real__clip_pc1_low|sketch__clip_pc1_low
base_seed_control,dinov2_b14,20260911,painting,logistic,error_rate,50,39,61,0.639344262295082,4,3,1,0,1.0,0.0,0.0,0,1,True,False,False,False,False,False,False,False,False,False,"[""infograph__clip_pc1_middle|real__clip_pc1_high|real__clip_pc1_low""]",[],real__clip_pc1_high|real__clip_pc1_low|sketch__clip_pc1_low,real__clip_pc1_high|real__clip_pc1_low|sketch__clip_pc1_low
base_seed_control,dinov2_b14,20260911,painting,logistic,error_rate,100,85,115,0.7391304347826086,1,2,0,1,0.0,1.0,0.0,0,1,False,True,False,False,False,False,False,False,False,False,[],"[""clipart__clip_pc1_middle|sketch__clip_pc1_high|sketch__clip_pc1_low""]",real__clip_pc1_high|real__clip_pc1_low|sketch__clip_pc1_low,real__clip_pc1_high|real__clip_pc1_low|sketch__clip_pc1_low
base_seed_control,dinov2_b14,20260911,painting,logistic,error_rate,227,213,241,0.8838174273858921,0,0,0,0,0.0,0.0,0.0,0,1,False,False,False,False,False,False,False,False,False,False,[],[],real__clip_pc1_high|real__clip_pc1_low|sketch__clip_pc1_low,real__clip_pc1_high|real__clip_pc1_low|sketch__clip_pc1_low
base_seed_control,dinov2_b14,20260911,quickdraw,ridge,brier_score,10,1,19,0.05263157894736842,7,9,0,2,0.0,2.0,0.0,0,1,False,True,False,False,False,False,False,False,False,False,[],"[""clipart__clip_pc1_middle|sketch__clip_pc1_high|sketch__clip_pc1_low"", ""clipart__clip_pc1_middle|sketch__clip_pc1_low|sketch__clip_pc1_middle""]",clipart__clip_pc1_middle|sketch__clip_pc1_low|sketch__clip_pc1_middle,clipart__clip_pc1_middle|sketch__clip_pc1_low|sketch__clip_pc1_middle
base_seed_control,dinov2_b14,20260911,quickdraw,ridge,brier_score,25,8,42,0.19047619047619047,4,8,0,4,0.0,4.0,0.0,0,1,False,True,False,True,False,False,False,False,False,False,[],"[""clipart__clip_pc1_high|clipart__clip_pc1_middle|sketch__clip_pc1_low"", ""clipart__clip_pc1_low|clipart__clip_pc1_middle|sketch__clip_pc1_low"", ""clipart__clip_pc1_low|clipart__clip_pc1_middle|sketch__clip_pc1_middle"", ""clipart__clip_pc1_middle|sketch__clip_pc1_high|sketch__clip_pc1_low""]",clipart__clip_pc1_low|clipart__clip_pc1_middle|sketch__clip_pc1_low,clipart__clip_pc1_low|clipart__clip_pc1_middle|sketch__clip_pc1_low
base_seed_control,dinov2_b14,20260911,quickdraw,ridge,brier_score,50,16,84,0.19047619047619047,2,7,0,5,0.0,5.0,0.0,0,1,False,True,False,True,False,False,False,False,False,False,[],"[""clipart__clip_pc1_high|clipart__clip_pc1_low|sketch__clip_pc1_low"", ""clipart__clip_pc1_high|clipart__clip_pc1_middle|sketch__clip_pc1_low"", ""clipart__clip_pc1_low|clipart__clip_pc1_middle|sketch__clip_pc1_low"", ""clipart__clip_pc1_middle|infograph__clip_pc1_high|sketch__clip_pc1_low"", ""clipart__clip_pc1_middle|sketch__clip_pc1_high|sketch__clip_pc1_low""]",clipart__clip_pc1_low|clipart__clip_pc1_middle|sketch__clip_pc1_low,clipart__clip_pc1_low|clipart__clip_pc1_middle|sketch__clip_pc1_low
base_seed_control,dinov2_b14,20260911,quickdraw,ridge,brier_score,100,58,142,0.4084507042253521,1,6,0,5,0.0,5.0,0.0,0,1,False,True,False,True,False,False,False,False,False,False,[],"[""clipart__clip_pc1_high|clipart__clip_pc1_low|sketch__clip_pc1_low"", ""clipart__clip_pc1_high|clipart__clip_pc1_middle|sketch__clip_pc1_low"", ""clipart__clip_pc1_low|clipart__clip_pc1_middle|sketch__clip_pc1_low"", ""clipart__clip_pc1_middle|infograph__clip_pc1_high|sketch__clip_pc1_low"", ""clipart__clip_pc1_middle|real__clip_pc1_low|sketch__clip_pc1_low""]",clipart__clip_pc1_low|clipart__clip_pc1_middle|sketch__clip_pc1_low,clipart__clip_pc1_low|clipart__clip_pc1_middle|sketch__clip_pc1_low
base_seed_control,dinov2_b14,20260911,quickdraw,ridge,brier_score,227,197,257,0.7665369649805448,0,1,0,1,0.0,1.0,0.0,0,1,False,True,False,False,False,False,False,False,False,False,[],"[""clipart__clip_pc1_high|clipart__clip_pc1_low|clipart__clip_pc1_middle""]",clipart__clip_pc1_low|clipart__clip_pc1_middle|sketch__clip_pc1_low,clipart__clip_pc1_low|clipart__clip_pc1_middle|sketch__clip_pc1_low
base_seed_control,dinov2_b14,20260911,quickdraw,ridge,nll,10,1,19,0.05263157894736842,7,9,0,2,0.0,2.0,0.0,0,1,False,True,False,False,False,False,False,False,False,False,[],"[""clipart__clip_pc1_middle|sketch__clip_pc1_high|sketch__clip_pc1_low"", ""clipart__clip_pc1_middle|sketch__clip_pc1_low|sketch__clip_pc1_middle""]",clipart__clip_pc1_middle|sketch__clip_pc1_low|sketch__clip_pc1_middle,clipart__clip_pc1_middle|sketch__clip_pc1_low|sketch__clip_pc1_middle
base_seed_control,dinov2_b14,20260911,quickdraw,ridge,nll,25,8,42,0.19047619047619047,4,8,0,4,0.0,4.0,0.0,0,1,False,True,False,True,False,False,False,False,False,False,[],"[""clipart__clip_pc1_high|clipart__clip_pc1_middle|sketch__clip_pc1_low"", ""clipart__clip_pc1_low|clipart__clip_pc1_middle|sketch__clip_pc1_low"", ""clipart__clip_pc1_low|clipart__clip_pc1_middle|sketch__clip_pc1_middle"", ""clipart__clip_pc1_middle|sketch__clip_pc1_high|sketch__clip_pc1_low""]",clipart__clip_pc1_low|clipart__clip_pc1_middle|sketch__clip_pc1_low,clipart__clip_pc1_low|clipart__clip_pc1_middle|sketch__clip_pc1_low
base_seed_control,dinov2_b14,20260911,quickdraw,ridge,nll,50,16,84,0.19047619047619047,2,7,0,5,0.0,5.0,0.0,0,1,False,True,False,True,False,False,False,False,False,False,[],"[""clipart__clip_pc1_high|clipart__clip_pc1_low|sketch__clip_pc1_low"", ""clipart__clip_pc1_high|clipart__clip_pc1_middle|sketch__clip_pc1_low"", ""clipart__clip_pc1_low|clipart__clip_pc1_middle|sketch__clip_pc1_low"", ""clipart__clip_pc1_middle|infograph__clip_pc1_high|sketch__clip_pc1_low"", ""clipart__clip_pc1_middle|sketch__clip_pc1_high|sketch__clip_pc1_low""]",clipart__clip_pc1_low|clipart__clip_pc1_middle|sketch__clip_pc1_low,clipart__clip_pc1_low|clipart__clip_pc1_middle|sketch__clip_pc1_low
base_seed_control,dinov2_b14,20260911,quickdraw,ridge,nll,100,58,142,0.4084507042253521,1,6,0,5,0.0,5.0,0.0,0,1,False,True,False,True,False,False,False,False,False,False,[],"[""clipart__clip_pc1_high|clipart__clip_pc1_low|sketch__clip_pc1_low"", ""clipart__clip_pc1_high|clipart__clip_pc1_middle|sketch__clip_pc1_low"", ""clipart__clip_pc1_low|clipart__clip_pc1_middle|sketch__clip_pc1_low"", ""clipart__clip_pc1_middle|infograph__clip_pc1_high|sketch__clip_pc1_low"", ""clipart__clip_pc1_middle|real__clip_pc1_low|sketch__clip_pc1_low""]",clipart__clip_pc1_low|clipart__clip_pc1_middle|sketch__clip_pc1_low,clipart__clip_pc1_low|clipart__clip_pc1_middle|sketch__clip_pc1_low
base_seed_control,dinov2_b14,20260911,quickdraw,ridge,nll,227,197,257,0.7665369649805448,0,1,0,1,0.0,1.0,0.0,0,1,False,True,False,False,False,False,False,False,False,False,[],"[""clipart__clip_pc1_high|clipart__clip_pc1_low|clipart__clip_pc1_middle""]",clipart__clip_pc1_low|clipart__clip_pc1_middle|sketch__clip_pc1_low,clipart__clip_pc1_low|clipart__clip_pc1_middle|sketch__clip_pc1_low
base_seed_control,dinov2_b14,20260911,quickdraw,ridge,error_rate,10,1,19,0.05263157894736842,7,10,0,3,0.0,3.0,0.0,0,3,False,True,False,False,False,False,False,False,False,False,[],"[""clipart__clip_pc1_low|sketch__clip_pc1_high|sketch__clip_pc1_low"", ""clipart__clip_pc1_middle|sketch__clip_pc1_high|sketch__clip_pc1_low"", ""clipart__clip_pc1_middle|sketch__clip_pc1_low|sketch__clip_pc1_middle""]",clipart__clip_pc1_middle|sketch__clip_pc1_low|sketch__clip_pc1_middle,clipart__clip_pc1_middle|sketch__clip_pc1_low|sketch__clip_pc1_middle
base_seed_control,dinov2_b14,20260911,quickdraw,ridge,error_rate,25,8,42,0.19047619047619047,5,9,0,4,0.0,4.0,0.0,0,3,False,True,False,True,False,False,False,False,False,False,[],"[""clipart__clip_pc1_low|clipart__clip_pc1_middle|sketch__clip_pc1_low"", ""clipart__clip_pc1_low|clipart__clip_pc1_middle|sketch__clip_pc1_middle"", ""clipart__clip_pc1_low|sketch__clip_pc1_high|sketch__clip_pc1_low"", ""clipart__clip_pc1_middle|sketch__clip_pc1_high|sketch__clip_pc1_low""]",clipart__clip_pc1_low|clipart__clip_pc1_middle|sketch__clip_pc1_low,clipart__clip_pc1_low|clipart__clip_pc1_middle|sketch__clip_pc1_low
base_seed_control,dinov2_b14,20260911,quickdraw,ridge,error_rate,50,16,84,0.19047619047619047,5,8,0,3,0.0,3.3333333333333335,0.0,0,3,False,True,False,True,False,False,False,True,False,False,[],"[""clipart__clip_pc1_low|clipart__clip_pc1_middle|sketch__clip_pc1_low"", ""clipart__clip_pc1_low|sketch__clip_pc1_high|sketch__clip_pc1_low"", ""clipart__clip_pc1_middle|sketch__clip_pc1_high|sketch__clip_pc1_low""]",clipart__clip_pc1_low|clipart__clip_pc1_middle|sketch__clip_pc1_low,clipart__clip_pc1_low|clipart__clip_pc1_middle|sketch__clip_pc1_low
base_seed_control,dinov2_b14,20260911,quickdraw,ridge,error_rate,100,58,142,0.4084507042253521,0,5,0,5,0.0,4.333333333333333,0.0,0,3,False,True,False,True,False,False,False,False,False,False,[],"[""clipart__clip_pc1_low|clipart__clip_pc1_middle|sketch__clip_pc1_low"", ""clipart__clip_pc1_low|infograph__clip_pc1_low|sketch__clip_pc1_low"", ""clipart__clip_pc1_low|infograph__clip_pc1_middle|sketch__clip_pc1_low"", ""clipart__clip_pc1_middle|infograph__clip_pc1_low|sketch__clip_pc1_low"", ""clipart__clip_pc1_middle|infograph__clip_pc1_middle|sketch__clip_pc1_low""]",clipart__clip_pc1_middle|infograph__clip_pc1_low|sketch__clip_pc1_low,clipart__clip_pc1_middle|infograph__clip_pc1_low|sketch__clip_pc1_low
base_seed_control,dinov2_b14,20260911,quickdraw,ridge,error_rate,227,197,257,0.7665369649805448,0,0,0,0,0.0,0.0,0.0,0,3,False,False,False,False,False,False,False,False,False,False,[],[],clipart__clip_pc1_middle|infograph__clip_pc1_low|sketch__clip_pc1_low,clipart__clip_pc1_middle|infograph__clip_pc1_low|sketch__clip_pc1_low
base_seed_control,dinov2_b14,20260911,quickdraw,logistic,brier_score,10,1,19,0.05263157894736842,9,10,0,1,0.0,1.0,0.0,0,1,False,True,False,False,False,False,False,False,False,False,[],"[""clipart__clip_pc1_middle|sketch__clip_pc1_low|sketch__clip_pc1_middle""]",clipart__clip_pc1_middle|sketch__clip_pc1_low|sketch__clip_pc1_middle,clipart__clip_pc1_middle|sketch__clip_pc1_low|sketch__clip_pc1_middle
base_seed_control,dinov2_b14,20260911,quickdraw,logistic,brier_score,25,8,42,0.19047619047619047,6,9,0,3,0.0,3.0,0.0,0,1,False,True,False,True,False,False,False,False,False,False,[],"[""clipart__clip_pc1_high|clipart__clip_pc1_middle|sketch__clip_pc1_low"", ""clipart__clip_pc1_low|clipart__clip_pc1_middle|sketch__clip_pc1_low"", ""clipart__clip_pc1_low|clipart__clip_pc1_middle|sketch__clip_pc1_middle""]",clipart__clip_pc1_low|clipart__clip_pc1_middle|sketch__clip_pc1_low,clipart__clip_pc1_low|clipart__clip_pc1_middle|sketch__clip_pc1_low
base_seed_control,dinov2_b14,20260911,quickdraw,logistic,brier_score,50,16,84,0.19047619047619047,4,8,0,4,0.0,4.0,0.0,0,1,False,True,False,True,False,False,False,False,False,False,[],"[""clipart__clip_pc1_high|clipart__clip_pc1_low|sketch__clip_pc1_low"", ""clipart__clip_pc1_high|clipart__clip_pc1_middle|sketch__clip_pc1_low"", ""clipart__clip_pc1_low|clipart__clip_pc1_middle|sketch__clip_pc1_low"", ""clipart__clip_pc1_middle|infograph__clip_pc1_high|sketch__clip_pc1_low""]",clipart__clip_pc1_low|clipart__clip_pc1_middle|sketch__clip_pc1_low,clipart__clip_pc1_low|clipart__clip_pc1_middle|sketch__clip_pc1_low
base_seed_control,dinov2_b14,20260911,quickdraw,logistic,brier_score,100,58,142,0.4084507042253521,2,7,0,5,0.0,5.0,0.0,0,1,False,True,False,True,False,False,False,False,False,False,[],"[""clipart__clip_pc1_high|clipart__clip_pc1_low|sketch__clip_pc1_low"", ""clipart__clip_pc1_high|clipart__clip_pc1_middle|sketch__clip_pc1_low"", ""clipart__clip_pc1_low|clipart__clip_pc1_middle|sketch__clip_pc1_low"", ""clipart__clip_pc1_middle|infograph__clip_pc1_high|sketch__clip_pc1_low"", ""clipart__clip_pc1_middle|real__clip_pc1_low|sketch__clip_pc1_low""]",clipart__clip_pc1_low|clipart__clip_pc1_middle|sketch__clip_pc1_low,clipart__clip_pc1_low|clipart__clip_pc1_middle|sketch__clip_pc1_low
base_seed_control,dinov2_b14,20260911,quickdraw,logistic,brier_score,227,197,257,0.7665369649805448,0,2,0,2,0.0,2.0,0.0,0,1,False,True,False,False,False,False,False,False,False,False,[],"[""clipart__clip_pc1_high|clipart__clip_pc1_low|clipart__clip_pc1_middle"", ""clipart__clip_pc1_low|clipart__clip_pc1_middle|infograph__clip_pc1_high""]",clipart__clip_pc1_low|clipart__clip_pc1_middle|sketch__clip_pc1_low,clipart__clip_pc1_low|clipart__clip_pc1_middle|sketch__clip_pc1_low
base_seed_control,dinov2_b14,20260911,quickdraw,logistic,nll,10,1,19,0.05263157894736842,9,9,0,0,0.0,0.0,0.0,0,1,False,False,False,False,False,False,False,False,False,False,[],[],clipart__clip_pc1_low|sketch__clip_pc1_high|sketch__clip_pc1_low,clipart__clip_pc1_low|sketch__clip_pc1_high|sketch__clip_pc1_low
base_seed_control,dinov2_b14,20260911,quickdraw,logistic,nll,25,8,42,0.19047619047619047,5,9,0,4,0.0,4.0,0.0,0,1,False,True,False,True,False,False,False,False,False,False,[],"[""clipart__clip_pc1_high|clipart__clip_pc1_low|sketch__clip_pc1_middle"", ""clipart__clip_pc1_high|clipart__clip_pc1_middle|sketch__clip_pc1_low"", ""clipart__clip_pc1_high|clipart__clip_pc1_middle|sketch__clip_pc1_middle"", ""clipart__clip_pc1_low|clipart__clip_pc1_middle|sketch__clip_pc1_middle""]",clipart__clip_pc1_high|clipart__clip_pc1_middle|sketch__clip_pc1_low,clipart__clip_pc1_high|clipart__clip_pc1_middle|sketch__clip_pc1_low
base_seed_control,dinov2_b14,20260911,quickdraw,logistic,nll,50,16,84,0.19047619047619047,3,8,0,5,0.0,5.0,0.0,0,1,False,True,False,True,False,False,False,False,False,False,[],"[""clipart__clip_pc1_high|clipart__clip_pc1_low|sketch__clip_pc1_low"", ""clipart__clip_pc1_high|clipart__clip_pc1_low|sketch__clip_pc1_middle"", ""clipart__clip_pc1_high|clipart__clip_pc1_middle|sketch__clip_pc1_low"", ""clipart__clip_pc1_high|clipart__clip_pc1_middle|sketch__clip_pc1_middle"", ""clipart__clip_pc1_middle|infograph__clip_pc1_high|sketch__clip_pc1_low""]",clipart__clip_pc1_high|clipart__clip_pc1_middle|sketch__clip_pc1_low,clipart__clip_pc1_high|clipart__clip_pc1_middle|sketch__clip_pc1_low
base_seed_control,dinov2_b14,20260911,quickdraw,logistic,nll,100,58,142,0.4084507042253521,2,7,0,5,0.0,5.0,0.0,0,1,False,True,False,True,False,False,False,False,False,False,[],"[""clipart__clip_pc1_high|clipart__clip_pc1_low|sketch__clip_pc1_low"", ""clipart__clip_pc1_high|clipart__clip_pc1_middle|sketch__clip_pc1_low"", ""clipart__clip_pc1_high|clipart__clip_pc1_middle|sketch__clip_pc1_middle"", ""clipart__clip_pc1_middle|infograph__clip_pc1_high|sketch__clip_pc1_low"", ""clipart__clip_pc1_middle|infograph__clip_pc1_middle|sketch__clip_pc1_low""]",clipart__clip_pc1_high|clipart__clip_pc1_middle|sketch__clip_pc1_low,clipart__clip_pc1_high|clipart__clip_pc1_middle|sketch__clip_pc1_low
base_seed_control,dinov2_b14,20260911,quickdraw,logistic,nll,227,197,257,0.7665369649805448,0,1,0,1,0.0,1.0,0.0,0,1,False,True,False,False,False,False,False,False,False,False,[],"[""clipart__clip_pc1_high|clipart__clip_pc1_low|clipart__clip_pc1_middle""]",clipart__clip_pc1_high|clipart__clip_pc1_middle|sketch__clip_pc1_low,clipart__clip_pc1_high|clipart__clip_pc1_middle|sketch__clip_pc1_low
base_seed_control,dinov2_b14,20260911,quickdraw,logistic,error_rate,10,1,19,0.05263157894736842,9,10,0,1,0.0,1.0,0.0,0,2,False,True,False,False,False,False,False,False,False,False,[],"[""clipart__clip_pc1_middle|sketch__clip_pc1_high|sketch__clip_pc1_low""]",clipart__clip_pc1_middle|sketch__clip_pc1_high|sketch__clip_pc1_low,clipart__clip_pc1_middle|sketch__clip_pc1_high|sketch__clip_pc1_low
base_seed_control,dinov2_b14,20260911,quickdraw,logistic,error_rate,25,8,42,0.19047619047619047,7,10,0,3,0.0,2.5,0.0,0,2,False,True,False,False,False,False,False,False,False,False,[],"[""clipart__clip_pc1_low|clipart__clip_pc1_middle|sketch__clip_pc1_low"", ""clipart__clip_pc1_low|clipart__clip_pc1_middle|sketch__clip_pc1_middle"", ""clipart__clip_pc1_middle|sketch__clip_pc1_high|sketch__clip_pc1_low""]",clipart__clip_pc1_low|clipart__clip_pc1_middle|sketch__clip_pc1_low,clipart__clip_pc1_low|clipart__clip_pc1_middle|sketch__clip_pc1_low
base_seed_control,dinov2_b14,20260911,quickdraw,logistic,error_rate,50,16,84,0.19047619047619047,6,8,1,3,1.0,3.0,0.0,0,2,True,True,False,False,False,False,False,False,True,False,"[""clipart__clip_pc1_middle|real__clip_pc1_high|sketch__clip_pc1_low""]","[""clipart__clip_pc1_low|clipart__clip_pc1_middle|sketch__clip_pc1_low"", ""clipart__clip_pc1_middle|painting__clip_pc1_middle|sketch__clip_pc1_low"", ""clipart__clip_pc1_middle|sketch__clip_pc1_high|sketch__clip_pc1_low""]",clipart__clip_pc1_low|clipart__clip_pc1_middle|sketch__clip_pc1_low,clipart__clip_pc1_low|clipart__clip_pc1_middle|sketch__clip_pc1_low
base_seed_control,dinov2_b14,20260911,quickdraw,logistic,error_rate,100,58,142,0.4084507042253521,3,5,0,2,0.0,2.5,0.0,0,2,False,True,False,False,False,False,False,False,False,False,[],"[""clipart__clip_pc1_low|clipart__clip_pc1_middle|sketch__clip_pc1_low"", ""clipart__clip_pc1_middle|real__clip_pc1_low|sketch__clip_pc1_low""]",clipart__clip_pc1_middle|real__clip_pc1_middle|sketch__clip_pc1_low,clipart__clip_pc1_middle|real__clip_pc1_middle|sketch__clip_pc1_low
base_seed_control,dinov2_b14,20260911,quickdraw,logistic,error_rate,227,197,257,0.7665369649805448,2,0,2,0,2.0,0.0,0.0,0,2,True,False,False,False,False,False,False,False,False,False,"[""clipart__clip_pc1_low|clipart__clip_pc1_middle|real__clip_pc1_high"", ""clipart__clip_pc1_middle|infograph__clip_pc1_high|real__clip_pc1_middle""]",[],clipart__clip_pc1_low|clipart__clip_pc1_middle|real__clip_pc1_middle,clipart__clip_pc1_low|clipart__clip_pc1_middle|real__clip_pc1_middle
base_seed_control,dinov2_b14,20260911,real,ridge,brier_score,10,8,12,0.6666666666666666,5,7,0,2,0.0,2.0,0.0,0,1,False,True,False,False,False,False,False,False,False,False,[],"[""clipart__clip_pc1_low|clipart__clip_pc1_middle|painting__clip_pc1_low"", ""clipart__clip_pc1_low|painting__clip_pc1_low|sketch__clip_pc1_low""]",clipart__clip_pc1_low|painting__clip_pc1_low|sketch__clip_pc1_low,clipart__clip_pc1_low|painting__clip_pc1_low|sketch__clip_pc1_low
base_seed_control,dinov2_b14,20260911,real,ridge,brier_score,25,20,30,0.6666666666666666,3,4,1,2,1.0,2.0,0.0,0,1,True,True,False,False,False,False,False,False,False,False,"[""clipart__clip_pc1_middle|painting__clip_pc1_low|sketch__clip_pc1_low""]","[""clipart__clip_pc1_low|clipart__clip_pc1_middle|painting__clip_pc1_middle"", ""clipart__clip_pc1_low|painting__clip_pc1_middle|sketch__clip_pc1_low""]",clipart__clip_pc1_low|painting__clip_pc1_low|sketch__clip_pc1_low,clipart__clip_pc1_low|painting__clip_pc1_low|sketch__clip_pc1_low
base_seed_control,dinov2_b14,20260911,real,ridge,brier_score,50,42,58,0.7241379310344828,0,1,0,1,0.0,1.0,0.0,0,1,False,True,False,False,False,False,False,False,False,False,[],"[""clipart__clip_pc1_high|clipart__clip_pc1_low|painting__clip_pc1_middle""]",clipart__clip_pc1_low|painting__clip_pc1_low|sketch__clip_pc1_low,clipart__clip_pc1_low|painting__clip_pc1_low|sketch__clip_pc1_low
base_seed_control,dinov2_b14,20260911,real,ridge,brier_score,100,84,116,0.7241379310344828,0,0,0,0,0.0,0.0,0.0,0,1,False,False,False,False,False,False,False,False,False,False,[],[],clipart__clip_pc1_low|painting__clip_pc1_low|sketch__clip_pc1_low,clipart__clip_pc1_low|painting__clip_pc1_low|sketch__clip_pc1_low
base_seed_control,dinov2_b14,20260911,real,ridge,brier_score,227,223,231,0.9653679653679653,0,0,0,0,0.0,0.0,0.0,0,1,False,False,False,False,False,False,False,False,False,False,[],[],clipart__clip_pc1_low|painting__clip_pc1_low|sketch__clip_pc1_low,clipart__clip_pc1_low|painting__clip_pc1_low|sketch__clip_pc1_low
base_seed_control,dinov2_b14,20260911,real,ridge,nll,10,8,12,0.6666666666666666,6,8,0,2,0.0,2.0,0.0,0,1,False,True,False,True,False,False,False,False,False,False,[],"[""clipart__clip_pc1_low|clipart__clip_pc1_middle|painting__clip_pc1_low"", ""clipart__clip_pc1_low|painting__clip_pc1_low|sketch__clip_pc1_low""]",clipart__clip_pc1_low|painting__clip_pc1_low|sketch__clip_pc1_low,clipart__clip_pc1_low|painting__clip_pc1_low|sketch__clip_pc1_low
base_seed_control,dinov2_b14,20260911,real,ridge,nll,25,20,30,0.6666666666666666,4,5,1,2,1.0,2.0,0.0,0,1,True,True,False,False,False,False,False,False,False,False,"[""clipart__clip_pc1_middle|painting__clip_pc1_low|sketch__clip_pc1_low""]","[""clipart__clip_pc1_low|clipart__clip_pc1_middle|painting__clip_pc1_middle"", ""clipart__clip_pc1_low|painting__clip_pc1_middle|sketch__clip_pc1_low""]",clipart__clip_pc1_low|painting__clip_pc1_low|sketch__clip_pc1_low,clipart__clip_pc1_low|painting__clip_pc1_low|sketch__clip_pc1_low
base_seed_control,dinov2_b14,20260911,real,ridge,nll,50,42,58,0.7241379310344828,1,0,1,0,1.0,0.0,0.0,0,1,True,False,False,False,False,False,False,False,False,False,"[""clipart__clip_pc1_high|painting__clip_pc1_low|sketch__clip_pc1_low""]",[],clipart__clip_pc1_low|painting__clip_pc1_low|sketch__clip_pc1_low,clipart__clip_pc1_low|painting__clip_pc1_low|sketch__clip_pc1_low
base_seed_control,dinov2_b14,20260911,real,ridge,nll,100,84,116,0.7241379310344828,0,0,0,0,0.0,0.0,0.0,0,1,False,False,False,False,False,False,False,False,False,False,[],[],clipart__clip_pc1_low|painting__clip_pc1_low|sketch__clip_pc1_low,clipart__clip_pc1_low|painting__clip_pc1_low|sketch__clip_pc1_low
base_seed_control,dinov2_b14,20260911,real,ridge,nll,227,223,231,0.9653679653679653,0,0,0,0,0.0,0.0,0.0,0,1,False,False,False,False,False,False,False,False,False,False,[],[],clipart__clip_pc1_low|painting__clip_pc1_low|sketch__clip_pc1_low,clipart__clip_pc1_low|painting__clip_pc1_low|sketch__clip_pc1_low
base_seed_control,dinov2_b14,20260911,real,ridge,error_rate,10,8,12,0.6666666666666666,10,9,1,0,1.0,0.0,0.0263671875,1,2,True,False,True,False,True,True,False,True,False,True,"[""clipart__clip_pc1_middle|painting__clip_pc1_low|sketch__clip_pc1_middle""]",[],clipart__clip_pc1_middle|painting__clip_pc1_low|painting__clip_pc1_middle,clipart__clip_pc1_middle|painting__clip_pc1_low|sketch__clip_pc1_middle
base_seed_control,dinov2_b14,20260911,real,ridge,error_rate,25,20,30,0.6666666666666666,10,9,1,0,1.0,0.0,0.0185546875,3,2,True,False,True,False,True,True,False,False,False,True,"[""clipart__clip_pc1_middle|painting__clip_pc1_low|sketch__clip_pc1_middle""]",[],clipart__clip_pc1_low|painting__clip_pc1_low|sketch__clip_pc1_high,clipart__clip_pc1_middle|painting__clip_pc1_low|sketch__clip_pc1_middle
base_seed_control,dinov2_b14,20260911,real,ridge,error_rate,50,42,58,0.7241379310344828,6,5,1,0,1.0,0.0,0.0,0,2,True,False,False,False,False,False,False,False,False,False,"[""clipart__clip_pc1_high|painting__clip_pc1_low|sketch__clip_pc1_middle""]",[],clipart__clip_pc1_middle|painting__clip_pc1_low|sketch__clip_pc1_middle,clipart__clip_pc1_middle|painting__clip_pc1_low|sketch__clip_pc1_middle
base_seed_control,dinov2_b14,20260911,real,ridge,error_rate,100,84,116,0.7241379310344828,3,3,0,0,0.0,0.0,0.0,0,2,False,False,False,False,False,False,False,False,False,False,[],[],clipart__clip_pc1_middle|painting__clip_pc1_low|sketch__clip_pc1_middle,clipart__clip_pc1_middle|painting__clip_pc1_low|sketch__clip_pc1_middle
base_seed_control,dinov2_b14,20260911,real,ridge,error_rate,227,223,231,0.9653679653679653,0,0,0,0,0.0,0.0,0.0,0,2,False,False,False,False,False,False,False,False,False,False,[],[],clipart__clip_pc1_middle|painting__clip_pc1_low|sketch__clip_pc1_middle,clipart__clip_pc1_middle|painting__clip_pc1_low|sketch__clip_pc1_middle
base_seed_control,dinov2_b14,20260911,real,logistic,brier_score,10,8,12,0.6666666666666666,3,5,0,2,0.0,2.0,0.0,0,1,False,True,False,False,False,False,False,False,False,False,[],"[""clipart__clip_pc1_low|clipart__clip_pc1_middle|painting__clip_pc1_low"", ""clipart__clip_pc1_low|painting__clip_pc1_low|sketch__clip_pc1_low""]",clipart__clip_pc1_low|painting__clip_pc1_low|painting__clip_pc1_middle,clipart__clip_pc1_low|painting__clip_pc1_low|painting__clip_pc1_middle
base_seed_control,dinov2_b14,20260911,real,logistic,brier_score,25,20,30,0.6666666666666666,2,2,1,1,1.0,1.0,0.0,0,1,True,True,False,False,False,False,False,False,False,False,"[""clipart__clip_pc1_middle|painting__clip_pc1_low|sketch__clip_pc1_low""]","[""clipart__clip_pc1_low|painting__clip_pc1_middle|sketch__clip_pc1_low""]",clipart__clip_pc1_low|painting__clip_pc1_low|painting__clip_pc1_middle,clipart__clip_pc1_low|painting__clip_pc1_low|painting__clip_pc1_middle
base_seed_control,dinov2_b14,20260911,real,logistic,brier_score,50,42,58,0.7241379310344828,0,0,0,0,0.0,0.0,0.0,0,1,False,False,False,False,False,False,False,False,False,False,[],[],clipart__clip_pc1_low|painting__clip_pc1_low|painting__clip_pc1_middle,clipart__clip_pc1_low|painting__clip_pc1_low|painting__clip_pc1_middle
base_seed_control,dinov2_b14,20260911,real,logistic,brier_score,100,84,116,0.7241379310344828,0,0,0,0,0.0,0.0,0.0,0,1,False,False,False,False,False,False,False,False,False,False,[],[],clipart__clip_pc1_low|painting__clip_pc1_low|painting__clip_pc1_middle,clipart__clip_pc1_low|painting__clip_pc1_low|painting__clip_pc1_middle
base_seed_control,dinov2_b14,20260911,real,logistic,brier_score,227,223,231,0.9653679653679653,0,0,0,0,0.0,0.0,0.0,0,1,False,False,False,False,False,False,False,False,False,False,[],[],clipart__clip_pc1_low|painting__clip_pc1_low|painting__clip_pc1_middle,clipart__clip_pc1_low|painting__clip_pc1_low|painting__clip_pc1_middle
base_seed_control,dinov2_b14,20260911,real,logistic,nll,10,8,12,0.6666666666666666,6,5,1,0,1.0,0.0,0.0032985459638101844,1,1,True,False,True,False,False,False,False,False,False,False,"[""clipart__clip_pc1_middle|painting__clip_pc1_low|sketch__clip_pc1_middle""]",[],clipart__clip_pc1_low|painting__clip_pc1_low|painting__clip_pc1_middle,clipart__clip_pc1_low|painting__clip_pc1_low|painting__clip_pc1_middle
base_seed_control,dinov2_b14,20260911,real,logistic,nll,25,20,30,0.6666666666666666,5,4,1,0,1.0,0.0,0.0032985459638101844,1,1,True,False,True,False,False,False,False,False,False,False,"[""clipart__clip_pc1_middle|painting__clip_pc1_low|sketch__clip_pc1_middle""]",[],clipart__clip_pc1_low|painting__clip_pc1_low|painting__clip_pc1_middle,clipart__clip_pc1_low|painting__clip_pc1_low|painting__clip_pc1_middle
base_seed_control,dinov2_b14,20260911,real,logistic,nll,50,42,58,0.7241379310344828,2,0,2,0,2.0,0.0,0.0,0,1,True,False,False,False,False,False,False,False,False,False,"[""clipart__clip_pc1_high|painting__clip_pc1_low|sketch__clip_pc1_low"", ""clipart__clip_pc1_high|painting__clip_pc1_low|sketch__clip_pc1_middle""]",[],clipart__clip_pc1_low|painting__clip_pc1_low|painting__clip_pc1_middle,clipart__clip_pc1_low|painting__clip_pc1_low|painting__clip_pc1_middle
base_seed_control,dinov2_b14,20260911,real,logistic,nll,100,84,116,0.7241379310344828,0,0,0,0,0.0,0.0,0.0,0,1,False,False,False,False,False,False,False,False,False,False,[],[],clipart__clip_pc1_low|painting__clip_pc1_low|painting__clip_pc1_middle,clipart__clip_pc1_low|painting__clip_pc1_low|painting__clip_pc1_middle
base_seed_control,dinov2_b14,20260911,real,logistic,nll,227,223,231,0.9653679653679653,0,0,0,0,0.0,0.0,0.0,0,1,False,False,False,False,False,False,False,False,False,False,[],[],clipart__clip_pc1_low|painting__clip_pc1_low|painting__clip_pc1_middle,clipart__clip_pc1_low|painting__clip_pc1_low|painting__clip_pc1_middle
base_seed_control,dinov2_b14,20260911,real,logistic,error_rate,10,8,12,0.6666666666666666,10,9,1,0,1.0,0.0,0.01904296875,1,1,True,False,False,False,True,True,False,True,False,True,"[""clipart__clip_pc1_middle|painting__clip_pc1_low|sketch__clip_pc1_middle""]",[],clipart__clip_pc1_low|painting__clip_pc1_low|sketch__clip_pc1_middle,clipart__clip_pc1_middle|painting__clip_pc1_low|sketch__clip_pc1_middle
base_seed_control,dinov2_b14,20260911,real,logistic,error_rate,25,20,30,0.6666666666666666,10,8,2,0,2.0,0.0,0.01025390625,2,1,True,False,False,False,False,False,False,False,False,False,"[""clipart__clip_pc1_middle|painting__clip_pc1_low|sketch__clip_pc1_low"", ""clipart__clip_pc1_middle|painting__clip_pc1_low|sketch__clip_pc1_middle""]",[],clipart__clip_pc1_middle|painting__clip_pc1_high|painting__clip_pc1_low,clipart__clip_pc1_middle|painting__clip_pc1_high|painting__clip_pc1_low
base_seed_control,dinov2_b14,20260911,real,logistic,error_rate,50,42,58,0.7241379310344828,6,4,2,0,2.0,0.0,0.01416015625,2,1,True,False,True,False,True,True,False,True,False,True,"[""clipart__clip_pc1_high|painting__clip_pc1_low|sketch__clip_pc1_middle"", ""clipart__clip_pc1_middle|painting__clip_pc1_low|sketch__clip_pc1_high""]",[],clipart__clip_pc1_middle|painting__clip_pc1_middle|sketch__clip_pc1_low,clipart__clip_pc1_high|painting__clip_pc1_low|sketch__clip_pc1_middle
base_seed_control,dinov2_b14,20260911,real,logistic,error_rate,100,84,116,0.7241379310344828,2,2,0,0,0.0,0.0,0.0,0,1,False,False,False,False,False,False,False,False,False,False,[],[],clipart__clip_pc1_high|painting__clip_pc1_low|sketch__clip_pc1_middle,clipart__clip_pc1_high|painting__clip_pc1_low|sketch__clip_pc1_middle
base_seed_control,dinov2_b14,20260911,real,logistic,error_rate,227,223,231,0.9653679653679653,0,0,0,0,0.0,0.0,0.0,0,1,False,False,False,False,False,False,False,False,False,False,[],[],clipart__clip_pc1_high|painting__clip_pc1_low|sketch__clip_pc1_middle,clipart__clip_pc1_high|painting__clip_pc1_low|sketch__clip_pc1_middle
base_seed_control,dinov2_b14,20260911,sketch,ridge,brier_score,10,0,20,0.0,6,9,1,4,1.0,4.0,0.0,0,1,True,True,False,True,False,False,False,False,False,False,"[""clipart__clip_pc1_low|painting__clip_pc1_middle|real__clip_pc1_high""]","[""clipart__clip_pc1_high|clipart__clip_pc1_low|painting__clip_pc1_high"", ""clipart__clip_pc1_high|clipart__clip_pc1_low|painting__clip_pc1_middle"", ""clipart__clip_pc1_low|clipart__clip_pc1_middle|painting__clip_pc1_high"", ""clipart__clip_pc1_low|clipart__clip_pc1_middle|painting__clip_pc1_middle""]",clipart__clip_pc1_high|clipart__clip_pc1_low|painting__clip_pc1_high,clipart__clip_pc1_high|clipart__clip_pc1_low|painting__clip_pc1_high
base_seed_control,dinov2_b14,20260911,sketch,ridge,brier_score,25,9,41,0.21951219512195122,5,8,2,5,2.0,5.0,0.0,0,1,True,True,False,True,False,False,False,True,False,False,"[""clipart__clip_pc1_low|painting__clip_pc1_high|real__clip_pc1_high"", ""clipart__clip_pc1_low|painting__clip_pc1_middle|real__clip_pc1_high""]","[""clipart__clip_pc1_high|clipart__clip_pc1_low|painting__clip_pc1_high"", ""clipart__clip_pc1_high|clipart__clip_pc1_low|painting__clip_pc1_middle"", ""clipart__clip_pc1_low|clipart__clip_pc1_middle|painting__clip_pc1_high"", ""clipart__clip_pc1_low|clipart__clip_pc1_middle|painting__clip_pc1_middle"", ""clipart__clip_pc1_low|painting__clip_pc1_high|painting__clip_pc1_middle""]",clipart__clip_pc1_high|clipart__clip_pc1_low|painting__clip_pc1_high,clipart__clip_pc1_high|clipart__clip_pc1_low|painting__clip_pc1_high
base_seed_control,dinov2_b14,20260911,sketch,ridge,brier_score,50,29,71,0.4084507042253521,1,4,0,3,0.0,3.0,0.0,0,1,False,True,False,False,False,False,False,False,False,False,[],"[""clipart__clip_pc1_high|clipart__clip_pc1_low|painting__clip_pc1_high"", ""clipart__clip_pc1_low|clipart__clip_pc1_middle|painting__clip_pc1_high"", ""clipart__clip_pc1_low|painting__clip_pc1_high|painting__clip_pc1_middle""]",clipart__clip_pc1_high|clipart__clip_pc1_low|real__clip_pc1_high,clipart__clip_pc1_high|clipart__clip_pc1_low|real__clip_pc1_high
base_seed_control,dinov2_b14,20260911,sketch,ridge,brier_score,100,74,126,0.5873015873015873,0,1,0,1,0.0,1.0,0.0,0,1,False,True,False,False,False,False,False,False,False,False,[],"[""clipart__clip_pc1_high|clipart__clip_pc1_low|clipart__clip_pc1_middle""]",clipart__clip_pc1_high|clipart__clip_pc1_low|real__clip_pc1_high,clipart__clip_pc1_high|clipart__clip_pc1_low|real__clip_pc1_high
base_seed_control,dinov2_b14,20260911,sketch,ridge,brier_score,227,205,249,0.8232931726907631,0,0,0,0,0.0,0.0,0.0,0,1,False,False,False,False,False,False,False,False,False,False,[],[],clipart__clip_pc1_high|clipart__clip_pc1_low|real__clip_pc1_high,clipart__clip_pc1_high|clipart__clip_pc1_low|real__clip_pc1_high
base_seed_control,dinov2_b14,20260911,sketch,ridge,nll,10,0,20,0.0,5,9,1,5,1.0,5.0,0.0,0,1,True,True,False,True,False,False,False,False,False,False,"[""clipart__clip_pc1_low|painting__clip_pc1_middle|real__clip_pc1_high""]","[""clipart__clip_pc1_high|clipart__clip_pc1_low|painting__clip_pc1_high"", ""clipart__clip_pc1_high|clipart__clip_pc1_low|painting__clip_pc1_middle"", ""clipart__clip_pc1_high|clipart__clip_pc1_middle|painting__clip_pc1_high"", ""clipart__clip_pc1_low|clipart__clip_pc1_middle|painting__clip_pc1_high"", ""clipart__clip_pc1_low|clipart__clip_pc1_middle|painting__clip_pc1_middle""]",clipart__clip_pc1_high|clipart__clip_pc1_low|painting__clip_pc1_high,clipart__clip_pc1_high|clipart__clip_pc1_low|painting__clip_pc1_high
base_seed_control,dinov2_b14,20260911,sketch,ridge,nll,25,9,41,0.21951219512195122,4,9,1,6,1.0,6.0,0.0,0,1,True,True,False,True,False,False,False,True,False,False,"[""clipart__clip_pc1_low|painting__clip_pc1_middle|real__clip_pc1_high""]","[""clipart__clip_pc1_high|clipart__clip_pc1_low|painting__clip_pc1_high"", ""clipart__clip_pc1_high|clipart__clip_pc1_low|painting__clip_pc1_middle"", ""clipart__clip_pc1_high|clipart__clip_pc1_middle|painting__clip_pc1_high"", ""clipart__clip_pc1_high|clipart__clip_pc1_middle|painting__clip_pc1_middle"", ""clipart__clip_pc1_low|clipart__clip_pc1_middle|painting__clip_pc1_high"", ""clipart__clip_pc1_low|clipart__clip_pc1_middle|painting__clip_pc1_middle""]",clipart__clip_pc1_high|clipart__clip_pc1_low|painting__clip_pc1_high,clipart__clip_pc1_high|clipart__clip_pc1_low|painting__clip_pc1_high
base_seed_control,dinov2_b14,20260911,sketch,ridge,nll,50,29,71,0.4084507042253521,1,5,0,4,0.0,4.0,0.0,0,1,False,True,False,False,False,False,False,False,False,False,[],"[""clipart__clip_pc1_high|clipart__clip_pc1_low|painting__clip_pc1_high"", ""clipart__clip_pc1_high|clipart__clip_pc1_middle|painting__clip_pc1_high"", ""clipart__clip_pc1_high|clipart__clip_pc1_middle|painting__clip_pc1_middle"", ""clipart__clip_pc1_low|clipart__clip_pc1_middle|painting__clip_pc1_high""]",clipart__clip_pc1_high|clipart__clip_pc1_low|real__clip_pc1_high,clipart__clip_pc1_high|clipart__clip_pc1_low|real__clip_pc1_high
base_seed_control,dinov2_b14,20260911,sketch,ridge,nll,100,74,126,0.5873015873015873,0,2,0,2,0.0,2.0,0.0,0,1,False,True,False,False,False,False,False,False,False,False,[],"[""clipart__clip_pc1_high|clipart__clip_pc1_low|clipart__clip_pc1_middle"", ""clipart__clip_pc1_high|clipart__clip_pc1_middle|painting__clip_pc1_high""]",clipart__clip_pc1_high|clipart__clip_pc1_low|real__clip_pc1_high,clipart__clip_pc1_high|clipart__clip_pc1_low|real__clip_pc1_high
base_seed_control,dinov2_b14,20260911,sketch,ridge,nll,227,205,249,0.8232931726907631,0,0,0,0,0.0,0.0,0.0,0,1,False,False,False,False,False,False,False,False,False,False,[],[],clipart__clip_pc1_high|clipart__clip_pc1_low|real__clip_pc1_high,clipart__clip_pc1_high|clipart__clip_pc1_low|real__clip_pc1_high
base_seed_control,dinov2_b14,20260911,sketch,ridge,error_rate,10,0,20,0.0,7,8,2,3,2.0,3.0,0.015625,2,2,True,True,True,False,True,True,False,True,False,True,"[""clipart__clip_pc1_middle|painting__clip_pc1_middle|real__clip_pc1_low"", ""clipart__clip_pc1_middle|painting__clip_pc1_middle|real__clip_pc1_middle""]","[""clipart__clip_pc1_high|clipart__clip_pc1_low|painting__clip_pc1_middle"", ""clipart__clip_pc1_low|clipart__clip_pc1_middle|painting__clip_pc1_middle"", ""clipart__clip_pc1_middle|painting__clip_pc1_high|painting__clip_pc1_low""]",clipart__clip_pc1_high|clipart__clip_pc1_low|painting__clip_pc1_middle,clipart__clip_pc1_middle|painting__clip_pc1_middle|real__clip_pc1_low
base_seed_control,dinov2_b14,20260911,sketch,ridge,error_rate,25,9,41,0.21951219512195122,4,6,1,3,1.0,3.0,0.0,0,2,True,True,False,False,False,False,False,False,False,False,"[""clipart__clip_pc1_middle|real__clip_pc1_high|real__clip_pc1_low""]","[""clipart__clip_pc1_high|clipart__clip_pc1_low|painting__clip_pc1_middle"", ""clipart__clip_pc1_high|clipart__clip_pc1_middle|painting__clip_pc1_middle"", ""clipart__clip_pc1_low|clipart__clip_pc1_middle|painting__clip_pc1_middle""]",clipart__clip_pc1_middle|painting__clip_pc1_middle|real__clip_pc1_low,clipart__clip_pc1_middle|painting__clip_pc1_middle|real__clip_pc1_low
base_seed_control,dinov2_b14,20260911,sketch,ridge,error_rate,50,29,71,0.4084507042253521,4,4,1,1,1.0,1.0,0.0,0,2,True,True,False,False,True,False,True,False,True,False,"[""clipart__clip_pc1_middle|real__clip_pc1_high|real__clip_pc1_low""]","[""clipart__clip_pc1_high|clipart__clip_pc1_middle|painting__clip_pc1_middle""]",clipart__clip_pc1_middle|painting__clip_pc1_middle|real__clip_pc1_low,clipart__clip_pc1_high|real__clip_pc1_high|real__clip_pc1_low
base_seed_control,dinov2_b14,20260911,sketch,ridge,error_rate,100,74,126,0.5873015873015873,2,2,0,0,0.0,0.0,0.0,0,2,False,False,False,False,False,False,False,False,False,False,[],[],clipart__clip_pc1_high|real__clip_pc1_high|real__clip_pc1_low,clipart__clip_pc1_high|real__clip_pc1_high|real__clip_pc1_low
base_seed_control,dinov2_b14,20260911,sketch,ridge,error_rate,227,205,249,0.8232931726907631,0,0,0,0,0.0,0.0,0.0,1,2,False,False,False,False,False,False,False,False,False,False,[],[],clipart__clip_pc1_high|real__clip_pc1_high|real__clip_pc1_low,clipart__clip_pc1_high|real__clip_pc1_high|real__clip_pc1_low
base_seed_control,dinov2_b14,20260911,sketch,logistic,brier_score,10,0,20,0.0,6,9,1,4,1.0,4.0,0.0,0,1,True,True,False,True,False,False,False,False,False,False,"[""clipart__clip_pc1_low|painting__clip_pc1_middle|real__clip_pc1_high""]","[""clipart__clip_pc1_high|clipart__clip_pc1_low|painting__clip_pc1_high"", ""clipart__clip_pc1_high|clipart__clip_pc1_low|painting__clip_pc1_middle"", ""clipart__clip_pc1_low|clipart__clip_pc1_middle|painting__clip_pc1_high"", ""clipart__clip_pc1_low|clipart__clip_pc1_middle|painting__clip_pc1_middle""]",clipart__clip_pc1_high|clipart__clip_pc1_low|painting__clip_pc1_middle,clipart__clip_pc1_high|clipart__clip_pc1_low|painting__clip_pc1_middle
base_seed_control,dinov2_b14,20260911,sketch,logistic,brier_score,25,9,41,0.21951219512195122,4,8,2,6,2.0,6.0,0.0,0,1,True,True,False,True,False,False,False,True,False,False,"[""clipart__clip_pc1_low|painting__clip_pc1_high|real__clip_pc1_high"", ""clipart__clip_pc1_low|painting__clip_pc1_middle|real__clip_pc1_high""]","[""clipart__clip_pc1_high|clipart__clip_pc1_low|painting__clip_pc1_high"", ""clipart__clip_pc1_high|clipart__clip_pc1_low|painting__clip_pc1_middle"", ""clipart__clip_pc1_high|clipart__clip_pc1_middle|painting__clip_pc1_middle"", ""clipart__clip_pc1_low|clipart__clip_pc1_middle|painting__clip_pc1_high"", ""clipart__clip_pc1_low|clipart__clip_pc1_middle|painting__clip_pc1_middle"", ""clipart__clip_pc1_low|painting__clip_pc1_high|painting__clip_pc1_middle""]",clipart__clip_pc1_high|clipart__clip_pc1_low|painting__clip_pc1_middle,clipart__clip_pc1_high|clipart__clip_pc1_low|painting__clip_pc1_middle
base_seed_control,dinov2_b14,20260911,sketch,logistic,brier_score,50,29,71,0.4084507042253521,0,4,0,4,0.0,4.0,0.0,0,1,False,True,False,False,False,False,False,False,False,False,[],"[""clipart__clip_pc1_high|clipart__clip_pc1_low|painting__clip_pc1_high"", ""clipart__clip_pc1_high|clipart__clip_pc1_middle|painting__clip_pc1_middle"", ""clipart__clip_pc1_low|clipart__clip_pc1_middle|painting__clip_pc1_high"", ""clipart__clip_pc1_low|painting__clip_pc1_high|painting__clip_pc1_middle""]",clipart__clip_pc1_high|clipart__clip_pc1_low|real__clip_pc1_high,clipart__clip_pc1_high|clipart__clip_pc1_low|real__clip_pc1_high
base_seed_control,dinov2_b14,20260911,sketch,logistic,brier_score,100,74,126,0.5873015873015873,0,0,0,0,0.0,0.0,0.0,0,1,False,False,False,False,False,False,False,False,False,False,[],[],clipart__clip_pc1_high|clipart__clip_pc1_low|real__clip_pc1_high,clipart__clip_pc1_high|clipart__clip_pc1_low|real__clip_pc1_high
base_seed_control,dinov2_b14,20260911,sketch,logistic,brier_score,227,205,249,0.8232931726907631,0,0,0,0,0.0,0.0,0.0,0,1,False,False,False,False,False,False,False,False,False,False,[],[],clipart__clip_pc1_high|clipart__clip_pc1_low|real__clip_pc1_high,clipart__clip_pc1_high|clipart__clip_pc1_low|real__clip_pc1_high
base_seed_control,dinov2_b14,20260911,sketch,logistic,nll,10,0,20,0.0,7,7,3,3,3.0,3.0,0.0,0,1,True,True,False,True,False,False,False,False,False,False,"[""clipart__clip_pc1_middle|painting__clip_pc1_middle|real__clip_pc1_high"", ""clipart__clip_pc1_middle|painting__clip_pc1_middle|real__clip_pc1_low"", ""clipart__clip_pc1_middle|painting__clip_pc1_middle|real__clip_pc1_middle""]","[""clipart__clip_pc1_high|clipart__clip_pc1_low|painting__clip_pc1_middle"", ""clipart__clip_pc1_low|clipart__clip_pc1_middle|painting__clip_pc1_middle"", ""clipart__clip_pc1_middle|painting__clip_pc1_high|painting__clip_pc1_low""]",clipart__clip_pc1_high|clipart__clip_pc1_low|painting__clip_pc1_middle,clipart__clip_pc1_high|clipart__clip_pc1_low|painting__clip_pc1_middle
base_seed_control,dinov2_b14,20260911,sketch,logistic,nll,25,9,41,0.21951219512195122,3,4,2,3,2.0,3.0,0.0,0,1,True,True,False,True,False,False,False,False,False,False,"[""clipart__clip_pc1_middle|painting__clip_pc1_middle|real__clip_pc1_high"", ""clipart__clip_pc1_middle|real__clip_pc1_high|real__clip_pc1_low""]","[""clipart__clip_pc1_high|clipart__clip_pc1_low|painting__clip_pc1_middle"", ""clipart__clip_pc1_high|clipart__clip_pc1_middle|painting__clip_pc1_middle"", ""clipart__clip_pc1_low|clipart__clip_pc1_middle|painting__clip_pc1_middle""]",clipart__clip_pc1_high|clipart__clip_pc1_low|painting__clip_pc1_middle,clipart__clip_pc1_high|clipart__clip_pc1_low|painting__clip_pc1_middle
base_seed_control,dinov2_b14,20260911,sketch,logistic,nll,50,29,71,0.4084507042253521,2,2,1,1,1.0,1.0,0.0,0,1,True,True,False,False,False,False,False,False,False,False,"[""clipart__clip_pc1_middle|real__clip_pc1_high|real__clip_pc1_low""]","[""clipart__clip_pc1_high|clipart__clip_pc1_middle|painting__clip_pc1_middle""]",clipart__clip_pc1_high|clipart__clip_pc1_low|painting__clip_pc1_middle,clipart__clip_pc1_high|clipart__clip_pc1_low|painting__clip_pc1_middle
base_seed_control,dinov2_b14,20260911,sketch,logistic,nll,100,74,126,0.5873015873015873,0,0,0,0,0.0,0.0,0.0,0,1,False,False,False,False,False,False,False,False,False,False,[],[],clipart__clip_pc1_high|clipart__clip_pc1_low|painting__clip_pc1_middle,clipart__clip_pc1_high|clipart__clip_pc1_low|painting__clip_pc1_middle
base_seed_control,dinov2_b14,20260911,sketch,logistic,nll,227,205,249,0.8232931726907631,0,0,0,0,0.0,0.0,0.0,0,1,False,False,False,False,False,False,False,False,False,False,[],[],clipart__clip_pc1_high|clipart__clip_pc1_low|painting__clip_pc1_middle,clipart__clip_pc1_high|clipart__clip_pc1_low|painting__clip_pc1_middle
base_seed_control,dinov2_b14,20260911,sketch,logistic,error_rate,10,0,20,0.0,7,7,3,3,3.0,3.0,0.02001953125,2,1,True,True,True,False,False,False,False,False,False,False,"[""clipart__clip_pc1_middle|painting__clip_pc1_low|real__clip_pc1_high"", ""clipart__clip_pc1_middle|painting__clip_pc1_middle|real__clip_pc1_low"", ""clipart__clip_pc1_middle|painting__clip_pc1_middle|real__clip_pc1_middle""]","[""clipart__clip_pc1_high|clipart__clip_pc1_low|painting__clip_pc1_middle"", ""clipart__clip_pc1_low|clipart__clip_pc1_middle|painting__clip_pc1_middle"", ""clipart__clip_pc1_middle|painting__clip_pc1_high|painting__clip_pc1_low""]",clipart__clip_pc1_high|clipart__clip_pc1_low|painting__clip_pc1_middle,clipart__clip_pc1_high|clipart__clip_pc1_low|painting__clip_pc1_middle
base_seed_control,dinov2_b14,20260911,sketch,logistic,error_rate,25,9,41,0.21951219512195122,4,5,2,3,2.0,3.0,0.0,1,1,True,True,False,False,False,False,False,True,False,False,"[""clipart__clip_pc1_middle|painting__clip_pc1_low|real__clip_pc1_high"", ""clipart__clip_pc1_middle|real__clip_pc1_high|real__clip_pc1_low""]","[""clipart__clip_pc1_high|clipart__clip_pc1_low|painting__clip_pc1_middle"", ""clipart__clip_pc1_high|clipart__clip_pc1_middle|painting__clip_pc1_middle"", ""clipart__clip_pc1_low|clipart__clip_pc1_middle|painting__clip_pc1_middle""]",clipart__clip_pc1_high|clipart__clip_pc1_low|painting__clip_pc1_middle,clipart__clip_pc1_high|clipart__clip_pc1_low|painting__clip_pc1_middle
base_seed_control,dinov2_b14,20260911,sketch,logistic,error_rate,50,29,71,0.4084507042253521,3,2,2,1,2.0,1.0,0.0,2,1,True,True,False,False,True,True,False,True,False,True,"[""clipart__clip_pc1_high|real__clip_pc1_high|real__clip_pc1_low"", ""clipart__clip_pc1_middle|real__clip_pc1_high|real__clip_pc1_low""]","[""clipart__clip_pc1_high|clipart__clip_pc1_middle|painting__clip_pc1_middle""]",clipart__clip_pc1_high|clipart__clip_pc1_low|real__clip_pc1_high,clipart__clip_pc1_high|real__clip_pc1_high|real__clip_pc1_low
base_seed_control,dinov2_b14,20260911,sketch,logistic,error_rate,100,74,126,0.5873015873015873,0,0,0,0,0.0,0.0,0.0,0,1,False,False,False,False,False,False,False,False,False,False,[],[],clipart__clip_pc1_high|real__clip_pc1_high|real__clip_pc1_low,clipart__clip_pc1_high|real__clip_pc1_high|real__clip_pc1_low
base_seed_control,dinov2_b14,20260911,sketch,logistic,error_rate,227,205,249,0.8232931726907631,0,0,0,0,0.0,0.0,0.0,0,1,False,False,False,False,False,False,False,False,False,False,[],[],clipart__clip_pc1_high|real__clip_pc1_high|real__clip_pc1_low,clipart__clip_pc1_high|real__clip_pc1_high|real__clip_pc1_low
new_seeds,resnet50,20260917,clipart,ridge,brier_score,10,1,19,0.05263157894736842,9,9,1,1,1.0,1.0,4.714073559142218e-05,1,1,True,True,False,False,False,False,False,True,False,False,"[""real__clip_pc1_high|real__clip_pc1_low|real__clip_pc1_middle""]","[""infograph__clip_pc1_high|real__clip_pc1_low|sketch__clip_pc1_low""]",infograph__clip_pc1_high|real__clip_pc1_low|sketch__clip_pc1_low,infograph__clip_pc1_high|real__clip_pc1_low|sketch__clip_pc1_low
new_seeds,resnet50,20260917,clipart,ridge,brier_score,25,7,43,0.16279069767441862,8,6,4,2,4.0,2.0,0.00013413864024469646,3,1,True,True,True,False,True,True,False,False,True,True,"[""real__clip_pc1_high|real__clip_pc1_low|real__clip_pc1_middle"", ""real__clip_pc1_high|real__clip_pc1_low|sketch__clip_pc1_low"", ""real__clip_pc1_low|real__clip_pc1_middle|sketch__clip_pc1_low"", ""real__clip_pc1_low|real__clip_pc1_middle|sketch__clip_pc1_middle""]","[""infograph__clip_pc1_high|real__clip_pc1_low|sketch__clip_pc1_low"", ""real__clip_pc1_low|sketch__clip_pc1_low|sketch__clip_pc1_middle""]",real__clip_pc1_low|sketch__clip_pc1_low|sketch__clip_pc1_middle,real__clip_pc1_high|real__clip_pc1_low|sketch__clip_pc1_low
new_seeds,resnet50,20260917,clipart,ridge,brier_score,50,21,79,0.26582278481012656,4,5,2,3,2.0,3.0,0.0,0,1,True,True,False,False,False,False,False,False,False,False,"[""infograph__clip_pc1_high|real__clip_pc1_low|real__clip_pc1_middle"", ""real__clip_pc1_high|real__clip_pc1_low|real__clip_pc1_middle""]","[""infograph__clip_pc1_high|real__clip_pc1_low|sketch__clip_pc1_low"", ""infograph__clip_pc1_middle|real__clip_pc1_low|sketch__clip_pc1_low"", ""real__clip_pc1_low|sketch__clip_pc1_low|sketch__clip_pc1_middle""]",real__clip_pc1_high|real__clip_pc1_low|sketch__clip_pc1_low,real__clip_pc1_high|real__clip_pc1_low|sketch__clip_pc1_low
new_seeds,resnet50,20260917,clipart,ridge,brier_score,100,66,134,0.4925373134328358,3,2,3,2,3.0,2.0,0.0,0,1,True,True,False,False,False,False,False,False,False,False,"[""infograph__clip_pc1_middle|real__clip_pc1_high|real__clip_pc1_low"", ""infograph__clip_pc1_middle|real__clip_pc1_low|real__clip_pc1_middle"", ""real__clip_pc1_high|real__clip_pc1_low|real__clip_pc1_middle""]","[""infograph__clip_pc1_middle|real__clip_pc1_low|sketch__clip_pc1_low"", ""real__clip_pc1_low|sketch__clip_pc1_low|sketch__clip_pc1_middle""]",real__clip_pc1_high|real__clip_pc1_low|sketch__clip_pc1_low,real__clip_pc1_high|real__clip_pc1_low|sketch__clip_pc1_low
new_seeds,resnet50,20260917,clipart,ridge,brier_score,227,206,248,0.8306451612903226,0,0,0,0,0.0,0.0,0.0,0,1,False,False,False,False,False,False,False,False,False,False,[],[],real__clip_pc1_high|real__clip_pc1_low|sketch__clip_pc1_low,real__clip_pc1_high|real__clip_pc1_low|sketch__clip_pc1_low
new_seeds,resnet50,20260917,clipart,ridge,nll,10,1,19,0.05263157894736842,9,9,1,1,1.0,1.0,0.0016187400989373657,1,1,True,True,False,False,False,False,False,True,False,False,"[""real__clip_pc1_high|real__clip_pc1_low|real__clip_pc1_middle""]","[""infograph__clip_pc1_high|real__clip_pc1_low|sketch__clip_pc1_low""]",infograph__clip_pc1_high|real__clip_pc1_low|sketch__clip_pc1_low,infograph__clip_pc1_high|real__clip_pc1_low|sketch__clip_pc1_low
new_seeds,resnet50,20260917,clipart,ridge,nll,25,7,43,0.16279069767441862,7,5,4,2,4.0,2.0,0.0046186627241908695,2,1,True,True,True,False,True,True,False,False,True,True,"[""real__clip_pc1_high|real__clip_pc1_low|real__clip_pc1_middle"", ""real__clip_pc1_high|real__clip_pc1_low|sketch__clip_pc1_low"", ""real__clip_pc1_low|real__clip_pc1_middle|sketch__clip_pc1_low"", ""real__clip_pc1_low|real__clip_pc1_middle|sketch__clip_pc1_middle""]","[""infograph__clip_pc1_high|real__clip_pc1_low|sketch__clip_pc1_low"", ""real__clip_pc1_low|sketch__clip_pc1_low|sketch__clip_pc1_middle""]",real__clip_pc1_low|sketch__clip_pc1_low|sketch__clip_pc1_middle,real__clip_pc1_high|real__clip_pc1_low|sketch__clip_pc1_low
new_seeds,resnet50,20260917,clipart,ridge,nll,50,21,79,0.26582278481012656,3,4,2,3,2.0,3.0,0.0,0,1,True,True,False,False,False,False,False,False,False,False,"[""infograph__clip_pc1_high|real__clip_pc1_low|real__clip_pc1_middle"", ""real__clip_pc1_high|real__clip_pc1_low|real__clip_pc1_middle""]","[""infograph__clip_pc1_high|real__clip_pc1_low|sketch__clip_pc1_low"", ""infograph__clip_pc1_middle|real__clip_pc1_low|sketch__clip_pc1_low"", ""real__clip_pc1_low|sketch__clip_pc1_low|sketch__clip_pc1_middle""]",real__clip_pc1_high|real__clip_pc1_low|sketch__clip_pc1_low,real__clip_pc1_high|real__clip_pc1_low|sketch__clip_pc1_low
new_seeds,resnet50,20260917,clipart,ridge,nll,100,66,134,0.4925373134328358,2,2,2,2,2.0,2.0,0.0,0,1,True,True,False,False,False,False,False,False,False,False,"[""infograph__clip_pc1_middle|real__clip_pc1_low|real__clip_pc1_middle"", ""real__clip_pc1_high|real__clip_pc1_low|real__clip_pc1_middle""]","[""infograph__clip_pc1_middle|real__clip_pc1_low|sketch__clip_pc1_low"", ""real__clip_pc1_low|sketch__clip_pc1_low|sketch__clip_pc1_middle""]",real__clip_pc1_high|real__clip_pc1_low|sketch__clip_pc1_low,real__clip_pc1_high|real__clip_pc1_low|sketch__clip_pc1_low
new_seeds,resnet50,20260917,clipart,ridge,nll,227,206,248,0.8306451612903226,0,0,0,0,0.0,0.0,0.0,0,1,False,False,False,False,False,False,False,False,False,False,[],[],real__clip_pc1_high|real__clip_pc1_low|sketch__clip_pc1_low,real__clip_pc1_high|real__clip_pc1_low|sketch__clip_pc1_low
new_seeds,resnet50,20260917,clipart,ridge,error_rate,10,1,19,0.05263157894736842,9,8,2,1,2.0,1.0,0.001953125,2,1,True,True,False,False,False,False,False,False,True,False,"[""painting__clip_pc1_middle|real__clip_pc1_low|real__clip_pc1_middle"", ""real__clip_pc1_high|real__clip_pc1_low|real__clip_pc1_middle""]","[""infograph__clip_pc1_high|real__clip_pc1_low|sketch__clip_pc1_middle""]",infograph__clip_pc1_high|real__clip_pc1_low|sketch__clip_pc1_middle,infograph__clip_pc1_high|real__clip_pc1_low|sketch__clip_pc1_middle
new_seeds,resnet50,20260917,clipart,ridge,error_rate,25,7,43,0.16279069767441862,7,2,7,2,7.0,2.0,0.0087890625,3,1,True,True,True,False,False,False,False,False,False,False,"[""painting__clip_pc1_middle|real__clip_pc1_low|real__clip_pc1_middle"", ""painting__clip_pc1_middle|real__clip_pc1_low|sketch__clip_pc1_middle"", ""real__clip_pc1_high|real__clip_pc1_low|real__clip_pc1_middle"", ""real__clip_pc1_high|real__clip_pc1_low|sketch__clip_pc1_low"", ""real__clip_pc1_high|real__clip_pc1_low|sketch__clip_pc1_middle"", ""real__clip_pc1_low|real__clip_pc1_middle|sketch__clip_pc1_low"", ""real__clip_pc1_low|real__clip_pc1_middle|sketch__clip_pc1_middle""]","[""infograph__clip_pc1_high|real__clip_pc1_low|sketch__clip_pc1_middle"", ""real__clip_pc1_low|sketch__clip_pc1_low|sketch__clip_pc1_middle""]",painting__clip_pc1_middle|real__clip_pc1_low|sketch__clip_pc1_low,painting__clip_pc1_middle|real__clip_pc1_low|sketch__clip_pc1_low
new_seeds,resnet50,20260917,clipart,ridge,error_rate,50,21,79,0.26582278481012656,3,2,3,2,3.0,2.0,0.0,0,1,True,True,False,False,False,False,False,False,False,False,"[""painting__clip_pc1_middle|real__clip_pc1_low|real__clip_pc1_middle"", ""real__clip_pc1_high|real__clip_pc1_low|real__clip_pc1_middle"", ""real__clip_pc1_high|real__clip_pc1_low|sketch__clip_pc1_middle""]","[""infograph__clip_pc1_high|real__clip_pc1_low|sketch__clip_pc1_middle"", ""real__clip_pc1_low|sketch__clip_pc1_low|sketch__clip_pc1_middle""]",painting__clip_pc1_middle|real__clip_pc1_low|sketch__clip_pc1_low,painting__clip_pc1_middle|real__clip_pc1_low|sketch__clip_pc1_low
new_seeds,resnet50,20260917,clipart,ridge,error_rate,100,66,134,0.4925373134328358,2,1,2,1,2.0,1.0,0.0,0,1,True,True,False,False,False,False,False,False,False,False,"[""painting__clip_pc1_middle|real__clip_pc1_low|real__clip_pc1_middle"", ""real__clip_pc1_high|real__clip_pc1_low|real__clip_pc1_middle""]","[""real__clip_pc1_low|sketch__clip_pc1_low|sketch__clip_pc1_middle""]",painting__clip_pc1_middle|real__clip_pc1_low|sketch__clip_pc1_low,painting__clip_pc1_middle|real__clip_pc1_low|sketch__clip_pc1_low
new_seeds,resnet50,20260917,clipart,ridge,error_rate,227,206,248,0.8306451612903226,0,0,0,0,0.0,0.0,0.0,0,1,False,False,False,False,False,False,False,False,False,False,[],[],painting__clip_pc1_middle|real__clip_pc1_low|sketch__clip_pc1_low,painting__clip_pc1_middle|real__clip_pc1_low|sketch__clip_pc1_low
new_seeds,resnet50,20260917,clipart,logistic,brier_score,10,1,19,0.05263157894736842,9,9,1,1,1.0,1.0,0.001628552499484126,1,1,True,True,False,False,False,False,False,False,True,False,"[""real__clip_pc1_high|real__clip_pc1_low|real__clip_pc1_middle""]","[""infograph__clip_pc1_high|real__clip_pc1_low|sketch__clip_pc1_low""]",infograph__clip_pc1_high|real__clip_pc1_low|sketch__clip_pc1_low,infograph__clip_pc1_high|real__clip_pc1_low|sketch__clip_pc1_low
new_seeds,resnet50,20260917,clipart,logistic,brier_score,25,7,43,0.16279069767441862,7,4,5,2,5.0,2.0,0.009850913607065581,3,1,True,True,True,False,True,True,False,False,False,True,"[""real__clip_pc1_high|real__clip_pc1_low|real__clip_pc1_middle"", ""real__clip_pc1_high|real__clip_pc1_low|sketch__clip_pc1_low"", ""real__clip_pc1_high|real__clip_pc1_low|sketch__clip_pc1_middle"", ""real__clip_pc1_low|real__clip_pc1_middle|sketch__clip_pc1_low"", ""real__clip_pc1_low|real__clip_pc1_middle|sketch__clip_pc1_middle""]","[""infograph__clip_pc1_high|real__clip_pc1_low|sketch__clip_pc1_low"", ""real__clip_pc1_low|sketch__clip_pc1_low|sketch__clip_pc1_middle""]",painting__clip_pc1_middle|real__clip_pc1_low|sketch__clip_pc1_low,real__clip_pc1_low|real__clip_pc1_middle|sketch__clip_pc1_low
new_seeds,resnet50,20260917,clipart,logistic,brier_score,50,21,79,0.26582278481012656,4,3,3,2,3.0,2.0,0.0,0,1,True,True,False,False,False,False,False,False,False,False,"[""infograph__clip_pc1_high|real__clip_pc1_low|real__clip_pc1_middle"", ""real__clip_pc1_high|real__clip_pc1_low|real__clip_pc1_middle"", ""real__clip_pc1_high|real__clip_pc1_low|sketch__clip_pc1_middle""]","[""infograph__clip_pc1_high|real__clip_pc1_low|sketch__clip_pc1_low"", ""real__clip_pc1_low|sketch__clip_pc1_low|sketch__clip_pc1_middle""]",real__clip_pc1_low|real__clip_pc1_middle|sketch__clip_pc1_low,real__clip_pc1_low|real__clip_pc1_middle|sketch__clip_pc1_low
new_seeds,resnet50,20260917,clipart,logistic,brier_score,100,66,134,0.4925373134328358,2,1,2,1,2.0,1.0,0.0,0,1,True,True,False,False,False,False,False,False,False,False,"[""infograph__clip_pc1_middle|real__clip_pc1_low|real__clip_pc1_middle"", ""real__clip_pc1_high|real__clip_pc1_low|real__clip_pc1_middle""]","[""real__clip_pc1_low|sketch__clip_pc1_low|sketch__clip_pc1_middle""]",real__clip_pc1_low|real__clip_pc1_middle|sketch__clip_pc1_low,real__clip_pc1_low|real__clip_pc1_middle|sketch__clip_pc1_low
new_seeds,resnet50,20260917,clipart,logistic,brier_score,227,206,248,0.8306451612903226,0,0,0,0,0.0,0.0,0.0,0,1,False,False,False,False,False,False,False,False,False,False,[],[],real__clip_pc1_low|real__clip_pc1_middle|sketch__clip_pc1_low,real__clip_pc1_low|real__clip_pc1_middle|sketch__clip_pc1_low
new_seeds,resnet50,20260917,clipart,logistic,nll,10,1,19,0.05263157894736842,9,8,2,1,2.0,1.0,0.0157305126040046,1,1,True,True,False,False,True,False,True,False,True,False,"[""infograph__clip_pc1_high|real__clip_pc1_high|real__clip_pc1_low"", ""painting__clip_pc1_middle|real__clip_pc1_low|real__clip_pc1_middle""]","[""infograph__clip_pc1_high|real__clip_pc1_low|sketch__clip_pc1_low""]",infograph__clip_pc1_high|real__clip_pc1_low|sketch__clip_pc1_low,infograph__clip_pc1_high|real__clip_pc1_high|real__clip_pc1_low
new_seeds,resnet50,20260917,clipart,logistic,nll,25,7,43,0.16279069767441862,7,4,5,2,5.0,2.0,0.034936751032284,1,1,True,True,True,False,True,True,False,True,False,True,"[""infograph__clip_pc1_high|real__clip_pc1_high|real__clip_pc1_low"", ""painting__clip_pc1_middle|real__clip_pc1_low|real__clip_pc1_middle"", ""painting__clip_pc1_middle|real__clip_pc1_low|sketch__clip_pc1_middle"", ""real__clip_pc1_high|real__clip_pc1_low|sketch__clip_pc1_low"", ""real__clip_pc1_high|real__clip_pc1_low|sketch__clip_pc1_middle""]","[""infograph__clip_pc1_high|real__clip_pc1_low|sketch__clip_pc1_low"", ""real__clip_pc1_low|sketch__clip_pc1_low|sketch__clip_pc1_middle""]",painting__clip_pc1_middle|real__clip_pc1_low|sketch__clip_pc1_low,real__clip_pc1_high|real__clip_pc1_low|sketch__clip_pc1_low
new_seeds,resnet50,20260917,clipart,logistic,nll,50,21,79,0.26582278481012656,4,3,4,3,4.0,3.0,0.0,0,1,True,True,False,False,False,False,False,False,False,False,"[""infograph__clip_pc1_high|real__clip_pc1_high|real__clip_pc1_low"", ""painting__clip_pc1_high|real__clip_pc1_low|sketch__clip_pc1_middle"", ""painting__clip_pc1_middle|real__clip_pc1_low|real__clip_pc1_middle"", ""real__clip_pc1_high|real__clip_pc1_low|sketch__clip_pc1_middle""]","[""infograph__clip_pc1_high|real__clip_pc1_low|sketch__clip_pc1_low"", ""real__clip_pc1_low|sketch__clip_pc1_high|sketch__clip_pc1_low"", ""real__clip_pc1_low|sketch__clip_pc1_low|sketch__clip_pc1_middle""]",real__clip_pc1_high|real__clip_pc1_low|sketch__clip_pc1_low,real__clip_pc1_high|real__clip_pc1_low|sketch__clip_pc1_low
new_seeds,resnet50,20260917,clipart,logistic,nll,100,66,134,0.4925373134328358,1,2,1,2,1.0,2.0,0.0,0,1,True,True,False,False,False,False,False,False,False,False,"[""painting__clip_pc1_middle|real__clip_pc1_low|real__clip_pc1_middle""]","[""real__clip_pc1_low|sketch__clip_pc1_high|sketch__clip_pc1_low"", ""real__clip_pc1_low|sketch__clip_pc1_low|sketch__clip_pc1_middle""]",real__clip_pc1_high|real__clip_pc1_low|sketch__clip_pc1_low,real__clip_pc1_high|real__clip_pc1_low|sketch__clip_pc1_low
new_seeds,resnet50,20260917,clipart,logistic,nll,227,206,248,0.8306451612903226,0,0,0,0,0.0,0.0,0.0,0,1,False,False,False,False,False,False,False,False,False,False,[],[],real__clip_pc1_high|real__clip_pc1_low|sketch__clip_pc1_low,real__clip_pc1_high|real__clip_pc1_low|sketch__clip_pc1_low
new_seeds,resnet50,20260917,clipart,logistic,error_rate,10,1,19,0.05263157894736842,10,9,1,0,1.0,0.0,0.00390625,2,2,True,False,False,False,True,True,False,False,True,False,"[""real__clip_pc1_high|real__clip_pc1_low|real__clip_pc1_middle""]",[],infograph__clip_pc1_high|real__clip_pc1_low|sketch__clip_pc1_low,infograph__clip_pc1_high|real__clip_pc1_high|real__clip_pc1_low
new_seeds,resnet50,20260917,clipart,logistic,error_rate,25,7,43,0.16279069767441862,8,4,5,1,5.0,1.0,0.0185546875,4,2,True,True,True,False,True,True,False,True,False,True,"[""real__clip_pc1_high|real__clip_pc1_low|real__clip_pc1_middle"", ""real__clip_pc1_high|real__clip_pc1_low|sketch__clip_pc1_low"", ""real__clip_pc1_high|real__clip_pc1_low|sketch__clip_pc1_middle"", ""real__clip_pc1_low|real__clip_pc1_middle|sketch__clip_pc1_low"", ""real__clip_pc1_low|real__clip_pc1_middle|sketch__clip_pc1_middle""]","[""real__clip_pc1_low|sketch__clip_pc1_low|sketch__clip_pc1_middle""]",real__clip_pc1_low|sketch__clip_pc1_low|sketch__clip_pc1_middle,real__clip_pc1_high|real__clip_pc1_low|sketch__clip_pc1_low
new_seeds,resnet50,20260917,clipart,logistic,error_rate,50,21,79,0.26582278481012656,4,3,3,2,3.0,2.0,0.0,0,2,True,True,False,False,False,False,False,False,False,False,"[""infograph__clip_pc1_high|real__clip_pc1_low|real__clip_pc1_middle"", ""real__clip_pc1_high|real__clip_pc1_low|real__clip_pc1_middle"", ""real__clip_pc1_high|real__clip_pc1_low|sketch__clip_pc1_middle""]","[""real__clip_pc1_low|sketch__clip_pc1_high|sketch__clip_pc1_low"", ""real__clip_pc1_low|sketch__clip_pc1_low|sketch__clip_pc1_middle""]",real__clip_pc1_high|real__clip_pc1_low|sketch__clip_pc1_low,real__clip_pc1_high|real__clip_pc1_low|sketch__clip_pc1_low
new_seeds,resnet50,20260917,clipart,logistic,error_rate,100,66,134,0.4925373134328358,2,3,1,2,1.0,2.0,0.0,0,2,True,True,False,False,False,False,False,False,False,False,"[""real__clip_pc1_high|real__clip_pc1_low|real__clip_pc1_middle""]","[""real__clip_pc1_low|sketch__clip_pc1_high|sketch__clip_pc1_low"", ""real__clip_pc1_low|sketch__clip_pc1_low|sketch__clip_pc1_middle""]",real__clip_pc1_high|real__clip_pc1_low|sketch__clip_pc1_low,real__clip_pc1_high|real__clip_pc1_low|sketch__clip_pc1_low
new_seeds,resnet50,20260917,clipart,logistic,error_rate,227,206,248,0.8306451612903226,0,0,0,0,0.0,0.0,0.0,0,2,False,False,False,False,False,False,False,False,False,False,[],[],real__clip_pc1_high|real__clip_pc1_low|sketch__clip_pc1_low,real__clip_pc1_high|real__clip_pc1_low|sketch__clip_pc1_low
new_seeds,resnet50,20260917,infograph,ridge,brier_score,10,2,18,0.1111111111111111,9,9,1,1,1.0,1.0,5.482227891828728e-05,1,1,True,True,False,False,True,True,False,True,False,True,"[""clipart__clip_pc1_low|real__clip_pc1_high|real__clip_pc1_low""]","[""clipart__clip_pc1_low|clipart__clip_pc1_middle|real__clip_pc1_low""]",clipart__clip_pc1_low|real__clip_pc1_middle|sketch__clip_pc1_low,clipart__clip_pc1_low|real__clip_pc1_high|real__clip_pc1_low
new_seeds,resnet50,20260917,infograph,ridge,brier_score,25,6,44,0.13636363636363635,8,7,2,1,2.0,1.0,3.96839057470455e-05,2,1,True,True,False,False,True,True,False,True,False,True,"[""clipart__clip_pc1_low|real__clip_pc1_high|real__clip_pc1_low"", ""real__clip_pc1_high|real__clip_pc1_low|real__clip_pc1_middle""]","[""clipart__clip_pc1_low|clipart__clip_pc1_middle|real__clip_pc1_low""]",clipart__clip_pc1_low|real__clip_pc1_low|real__clip_pc1_middle,clipart__clip_pc1_low|real__clip_pc1_high|real__clip_pc1_low
new_seeds,resnet50,20260917,infograph,ridge,brier_score,50,21,79,0.26582278481012656,5,4,3,2,3.0,2.0,1.649375334189518e-05,1,1,True,True,False,False,True,True,False,True,False,True,"[""clipart__clip_pc1_low|painting__clip_pc1_middle|real__clip_pc1_low"", ""clipart__clip_pc1_low|real__clip_pc1_high|real__clip_pc1_low"", ""real__clip_pc1_high|real__clip_pc1_low|real__clip_pc1_middle""]","[""clipart__clip_pc1_low|clipart__clip_pc1_middle|real__clip_pc1_low"", ""clipart__clip_pc1_low|real__clip_pc1_low|sketch__clip_pc1_low""]",real__clip_pc1_low|real__clip_pc1_middle|sketch__clip_pc1_low,clipart__clip_pc1_low|real__clip_pc1_high|real__clip_pc1_low
new_seeds,resnet50,20260917,infograph,ridge,brier_score,100,68,132,0.5151515151515151,1,2,1,2,1.0,2.0,0.0,0,1,True,True,False,False,False,False,False,False,False,False,"[""real__clip_pc1_high|real__clip_pc1_low|real__clip_pc1_middle""]","[""clipart__clip_pc1_low|clipart__clip_pc1_middle|real__clip_pc1_low"", ""clipart__clip_pc1_low|real__clip_pc1_low|sketch__clip_pc1_low""]",real__clip_pc1_high|real__clip_pc1_low|sketch__clip_pc1_low,real__clip_pc1_high|real__clip_pc1_low|sketch__clip_pc1_low
new_seeds,resnet50,20260917,infograph,ridge,brier_score,227,217,237,0.9156118143459916,0,0,0,0,0.0,0.0,0.0,0,1,False,False,False,False,False,False,False,False,False,False,[],[],real__clip_pc1_high|real__clip_pc1_low|sketch__clip_pc1_low,real__clip_pc1_high|real__clip_pc1_low|sketch__clip_pc1_low
new_seeds,resnet50,20260917,infograph,ridge,nll,10,2,18,0.1111111111111111,10,9,1,0,1.0,0.0,0.0025811676613960444,1,1,True,False,False,False,True,True,False,True,False,True,"[""clipart__clip_pc1_low|real__clip_pc1_high|real__clip_pc1_low""]",[],clipart__clip_pc1_low|real__clip_pc1_middle|sketch__clip_pc1_low,clipart__clip_pc1_low|real__clip_pc1_high|real__clip_pc1_low
new_seeds,resnet50,20260917,infograph,ridge,nll,25,6,44,0.13636363636363635,9,7,2,0,2.0,0.0,0.0023119521956598277,2,1,True,False,False,False,True,True,False,True,False,True,"[""clipart__clip_pc1_low|real__clip_pc1_high|real__clip_pc1_low"", ""real__clip_pc1_high|real__clip_pc1_low|real__clip_pc1_middle""]",[],clipart__clip_pc1_low|real__clip_pc1_low|real__clip_pc1_middle,clipart__clip_pc1_low|real__clip_pc1_high|real__clip_pc1_low
new_seeds,resnet50,20260917,infograph,ridge,nll,50,21,79,0.26582278481012656,5,4,3,2,3.0,2.0,0.0011893311790922567,2,1,True,True,False,False,True,True,False,True,False,True,"[""clipart__clip_pc1_low|painting__clip_pc1_middle|real__clip_pc1_low"", ""clipart__clip_pc1_low|real__clip_pc1_high|real__clip_pc1_low"", ""real__clip_pc1_high|real__clip_pc1_low|real__clip_pc1_middle""]","[""clipart__clip_pc1_low|painting__clip_pc1_middle|sketch__clip_pc1_low"", ""clipart__clip_pc1_low|real__clip_pc1_low|sketch__clip_pc1_low""]",real__clip_pc1_low|real__clip_pc1_middle|sketch__clip_pc1_low,clipart__clip_pc1_low|real__clip_pc1_high|real__clip_pc1_low
new_seeds,resnet50,20260917,infograph,ridge,nll,100,68,132,0.5151515151515151,1,1,1,1,1.0,1.0,0.0,0,1,True,True,False,False,False,False,False,False,False,False,"[""real__clip_pc1_high|real__clip_pc1_low|real__clip_pc1_middle""]","[""clipart__clip_pc1_low|real__clip_pc1_low|sketch__clip_pc1_low""]",real__clip_pc1_high|real__clip_pc1_low|sketch__clip_pc1_low,real__clip_pc1_high|real__clip_pc1_low|sketch__clip_pc1_low
new_seeds,resnet50,20260917,infograph,ridge,nll,227,217,237,0.9156118143459916,0,0,0,0,0.0,0.0,0.0,0,1,False,False,False,False,False,False,False,False,False,False,[],[],real__clip_pc1_high|real__clip_pc1_low|sketch__clip_pc1_low,real__clip_pc1_high|real__clip_pc1_low|sketch__clip_pc1_low
new_seeds,resnet50,20260917,infograph,ridge,error_rate,10,2,18,0.1111111111111111,8,9,1,2,1.0,2.0,0.005859375,1,2,True,True,False,False,True,True,False,True,False,True,"[""clipart__clip_pc1_low|real__clip_pc1_high|real__clip_pc1_low""]","[""clipart__clip_pc1_low|clipart__clip_pc1_middle|real__clip_pc1_low"", ""clipart__clip_pc1_low|painting__clip_pc1_low|sketch__clip_pc1_low""]",clipart__clip_pc1_low|clipart__clip_pc1_middle|real__clip_pc1_low,clipart__clip_pc1_low|real__clip_pc1_high|real__clip_pc1_low
new_seeds,resnet50,20260917,infograph,ridge,error_rate,25,6,44,0.13636363636363635,8,9,1,2,1.0,2.0,0.005859375,2,2,True,True,False,False,True,True,False,True,False,False,"[""clipart__clip_pc1_low|real__clip_pc1_high|real__clip_pc1_low""]","[""clipart__clip_pc1_low|clipart__clip_pc1_middle|real__clip_pc1_low"", ""clipart__clip_pc1_low|painting__clip_pc1_low|sketch__clip_pc1_low""]",clipart__clip_pc1_low|clipart__clip_pc1_middle|painting__clip_pc1_middle,clipart__clip_pc1_middle|real__clip_pc1_high|real__clip_pc1_low
new_seeds,resnet50,20260917,infograph,ridge,error_rate,50,21,79,0.26582278481012656,6,7,2,3,2.0,3.0,0.00439453125,4,2,True,True,False,False,True,True,False,False,False,False,"[""clipart__clip_pc1_low|painting__clip_pc1_middle|real__clip_pc1_low"", ""clipart__clip_pc1_low|real__clip_pc1_high|real__clip_pc1_low""]","[""clipart__clip_pc1_low|clipart__clip_pc1_middle|real__clip_pc1_low"", ""clipart__clip_pc1_low|painting__clip_pc1_low|sketch__clip_pc1_low"", ""clipart__clip_pc1_low|painting__clip_pc1_middle|sketch__clip_pc1_low""]",clipart__clip_pc1_low|clipart__clip_pc1_middle|painting__clip_pc1_middle,clipart__clip_pc1_middle|real__clip_pc1_high|real__clip_pc1_low
new_seeds,resnet50,20260917,infograph,ridge,error_rate,100,68,132,0.5151515151515151,0,2,0,2,0.0,2.0,0.0,0,2,False,True,False,False,False,False,False,False,False,False,[],"[""clipart__clip_pc1_low|clipart__clip_pc1_middle|real__clip_pc1_low"", ""clipart__clip_pc1_middle|painting__clip_pc1_middle|sketch__clip_pc1_low""]",real__clip_pc1_high|real__clip_pc1_low|sketch__clip_pc1_low,real__clip_pc1_high|real__clip_pc1_low|sketch__clip_pc1_low
new_seeds,resnet50,20260917,infograph,ridge,error_rate,227,217,237,0.9156118143459916,0,0,0,0,0.0,0.0,0.0,0,2,False,False,False,False,False,False,False,False,False,False,[],[],real__clip_pc1_high|real__clip_pc1_low|sketch__clip_pc1_low,real__clip_pc1_high|real__clip_pc1_low|sketch__clip_pc1_low
new_seeds,resnet50,20260917,infograph,logistic,brier_score,10,2,18,0.1111111111111111,9,9,1,1,1.0,1.0,0.004638099332035406,1,1,True,True,False,False,True,True,False,True,False,True,"[""clipart__clip_pc1_low|real__clip_pc1_high|real__clip_pc1_low""]","[""clipart__clip_pc1_low|real__clip_pc1_middle|sketch__clip_pc1_low""]",clipart__clip_pc1_low|real__clip_pc1_middle|sketch__clip_pc1_low,clipart__clip_pc1_low|real__clip_pc1_high|real__clip_pc1_low
new_seeds,resnet50,20260917,infograph,logistic,brier_score,25,6,44,0.13636363636363635,9,8,2,1,2.0,1.0,0.004638099332035406,2,1,True,True,False,False,True,True,False,True,False,True,"[""clipart__clip_pc1_low|real__clip_pc1_high|real__clip_pc1_low"", ""clipart__clip_pc1_middle|real__clip_pc1_high|real__clip_pc1_low""]","[""clipart__clip_pc1_low|real__clip_pc1_middle|sketch__clip_pc1_low""]",clipart__clip_pc1_low|real__clip_pc1_middle|sketch__clip_pc1_low,clipart__clip_pc1_low|real__clip_pc1_high|real__clip_pc1_low
new_seeds,resnet50,20260917,infograph,logistic,brier_score,50,21,79,0.26582278481012656,6,4,3,1,3.0,1.0,0.0019446674267049602,1,1,True,True,False,False,True,True,False,True,False,True,"[""clipart__clip_pc1_low|painting__clip_pc1_middle|real__clip_pc1_low"", ""clipart__clip_pc1_low|real__clip_pc1_high|real__clip_pc1_low"", ""clipart__clip_pc1_middle|real__clip_pc1_high|real__clip_pc1_low""]","[""clipart__clip_pc1_low|real__clip_pc1_low|sketch__clip_pc1_low""]",clipart__clip_pc1_low|real__clip_pc1_high|sketch__clip_pc1_low,clipart__clip_pc1_low|real__clip_pc1_high|real__clip_pc1_low
new_seeds,resnet50,20260917,infograph,logistic,brier_score,100,68,132,0.5151515151515151,1,1,1,1,1.0,1.0,0.0,0,1,True,True,False,False,False,False,False,False,False,False,"[""painting__clip_pc1_middle|real__clip_pc1_high|real__clip_pc1_low""]","[""clipart__clip_pc1_low|real__clip_pc1_low|sketch__clip_pc1_low""]",clipart__clip_pc1_low|real__clip_pc1_high|real__clip_pc1_low,clipart__clip_pc1_low|real__clip_pc1_high|real__clip_pc1_low
new_seeds,resnet50,20260917,infograph,logistic,brier_score,227,217,237,0.9156118143459916,0,0,0,0,0.0,0.0,0.0,0,1,False,False,False,False,False,False,False,False,False,False,[],[],clipart__clip_pc1_low|real__clip_pc1_high|real__clip_pc1_low,clipart__clip_pc1_low|real__clip_pc1_high|real__clip_pc1_low
new_seeds,resnet50,20260917,infograph,logistic,nll,10,2,18,0.1111111111111111,10,8,2,0,2.0,0.0,0.08051453507708306,3,1,True,False,False,False,True,True,False,True,False,True,"[""clipart__clip_pc1_low|painting__clip_pc1_middle|real__clip_pc1_middle"", ""clipart__clip_pc1_low|real__clip_pc1_high|real__clip_pc1_low""]",[],clipart__clip_pc1_low|clipart__clip_pc1_middle|real__clip_pc1_middle,clipart__clip_pc1_low|real__clip_pc1_high|real__clip_pc1_low
new_seeds,resnet50,20260917,infograph,logistic,nll,25,6,44,0.13636363636363635,9,8,2,1,2.0,1.0,0.022736087757966317,2,1,True,True,False,False,True,True,False,True,False,True,"[""clipart__clip_pc1_low|painting__clip_pc1_middle|real__clip_pc1_middle"", ""clipart__clip_pc1_low|real__clip_pc1_high|real__clip_pc1_low""]","[""clipart__clip_pc1_low|clipart__clip_pc1_middle|painting__clip_pc1_middle""]",clipart__clip_pc1_low|clipart__clip_pc1_middle|painting__clip_pc1_middle,clipart__clip_pc1_low|real__clip_pc1_high|real__clip_pc1_low
new_seeds,resnet50,20260917,infograph,logistic,nll,50,21,79,0.26582278481012656,6,6,2,2,2.0,2.0,0.01719869214191405,2,1,True,True,True,False,True,True,False,False,True,True,"[""clipart__clip_pc1_low|painting__clip_pc1_middle|real__clip_pc1_low"", ""clipart__clip_pc1_low|real__clip_pc1_high|real__clip_pc1_low""]","[""clipart__clip_pc1_low|clipart__clip_pc1_middle|painting__clip_pc1_middle"", ""clipart__clip_pc1_low|painting__clip_pc1_middle|sketch__clip_pc1_low""]",clipart__clip_pc1_low|real__clip_pc1_high|sketch__clip_pc1_low,clipart__clip_pc1_low|real__clip_pc1_high|real__clip_pc1_low
new_seeds,resnet50,20260917,infograph,logistic,nll,100,68,132,0.5151515151515151,0,1,0,1,0.0,1.0,0.0,0,1,False,True,False,False,False,False,False,False,False,False,[],"[""clipart__clip_pc1_middle|painting__clip_pc1_middle|sketch__clip_pc1_low""]",clipart__clip_pc1_low|real__clip_pc1_high|real__clip_pc1_low,clipart__clip_pc1_low|real__clip_pc1_high|real__clip_pc1_low
new_seeds,resnet50,20260917,infograph,logistic,nll,227,217,237,0.9156118143459916,0,0,0,0,0.0,0.0,0.0,0,1,False,False,False,False,False,False,False,False,False,False,[],[],clipart__clip_pc1_low|real__clip_pc1_high|real__clip_pc1_low,clipart__clip_pc1_low|real__clip_pc1_high|real__clip_pc1_low
new_seeds,resnet50,20260917,infograph,logistic,error_rate,10,2,18,0.1111111111111111,10,9,1,0,1.0,0.0,0.01123046875,1,1,True,False,False,False,True,True,False,True,False,True,"[""clipart__clip_pc1_low|real__clip_pc1_high|real__clip_pc1_low""]",[],clipart__clip_pc1_middle|real__clip_pc1_middle|sketch__clip_pc1_low,clipart__clip_pc1_low|real__clip_pc1_high|real__clip_pc1_low
new_seeds,resnet50,20260917,infograph,logistic,error_rate,25,6,44,0.13636363636363635,10,8,2,0,2.0,0.0,0.0107421875,2,1,True,False,False,False,True,True,False,False,True,True,"[""clipart__clip_pc1_low|real__clip_pc1_high|real__clip_pc1_low"", ""clipart__clip_pc1_middle|real__clip_pc1_high|real__clip_pc1_low""]",[],clipart__clip_pc1_low|clipart__clip_pc1_middle|real__clip_pc1_high,clipart__clip_pc1_middle|real__clip_pc1_high|real__clip_pc1_low
new_seeds,resnet50,20260917,infograph,logistic,error_rate,50,21,79,0.26582278481012656,8,6,3,1,3.0,1.0,0.0,0,1,True,True,False,False,True,False,True,False,False,False,"[""clipart__clip_pc1_low|painting__clip_pc1_middle|real__clip_pc1_low"", ""clipart__clip_pc1_low|real__clip_pc1_high|real__clip_pc1_low"", ""clipart__clip_pc1_middle|real__clip_pc1_high|real__clip_pc1_low""]","[""clipart__clip_pc1_low|painting__clip_pc1_middle|sketch__clip_pc1_low""]",clipart__clip_pc1_low|real__clip_pc1_high|sketch__clip_pc1_low,clipart__clip_pc1_middle|real__clip_pc1_high|real__clip_pc1_low
new_seeds,resnet50,20260917,infograph,logistic,error_rate,100,68,132,0.5151515151515151,1,1,0,0,0.0,0.0,0.0,0,1,False,False,False,False,False,False,False,False,False,False,[],[],real__clip_pc1_high|real__clip_pc1_low|sketch__clip_pc1_low,real__clip_pc1_high|real__clip_pc1_low|sketch__clip_pc1_low
new_seeds,resnet50,20260917,infograph,logistic,error_rate,227,217,237,0.9156118143459916,0,0,0,0,0.0,0.0,0.0,0,1,False,False,False,False,False,False,False,False,False,False,[],[],real__clip_pc1_high|real__clip_pc1_low|sketch__clip_pc1_low,real__clip_pc1_high|real__clip_pc1_low|sketch__clip_pc1_low
new_seeds,resnet50,20260917,painting,ridge,brier_score,10,7,13,0.5384615384615384,7,6,1,0,1.0,0.0,0.0,0,1,True,False,False,False,False,False,False,False,False,False,"[""real__clip_pc1_high|real__clip_pc1_low|real__clip_pc1_middle""]",[],real__clip_pc1_high|real__clip_pc1_low|sketch__clip_pc1_high,real__clip_pc1_high|real__clip_pc1_low|sketch__clip_pc1_high
new_seeds,resnet50,20260917,painting,ridge,brier_score,25,20,30,0.6666666666666666,4,2,2,0,2.0,0.0,0.0,0,1,True,False,False,False,False,False,False,False,False,False,"[""infograph__clip_pc1_high|real__clip_pc1_high|real__clip_pc1_low"", ""infograph__clip_pc1_middle|real__clip_pc1_high|real__clip_pc1_low""]",[],real__clip_pc1_high|real__clip_pc1_low|sketch__clip_pc1_high,real__clip_pc1_high|real__clip_pc1_low|sketch__clip_pc1_high
new_seeds,resnet50,20260917,painting,ridge,brier_score,50,41,59,0.6949152542372882,3,1,2,0,2.0,0.0,0.0,0,1,True,False,False,False,False,False,False,False,False,False,"[""infograph__clip_pc1_low|real__clip_pc1_high|real__clip_pc1_low"", ""infograph__clip_pc1_middle|real__clip_pc1_high|real__clip_pc1_low""]",[],real__clip_pc1_high|real__clip_pc1_low|sketch__clip_pc1_high,real__clip_pc1_high|real__clip_pc1_low|sketch__clip_pc1_high
new_seeds,resnet50,20260917,painting,ridge,brier_score,100,89,111,0.8018018018018018,2,1,1,0,1.0,0.0,0.0,0,1,True,False,False,False,False,False,False,False,False,False,"[""infograph__clip_pc1_low|real__clip_pc1_high|real__clip_pc1_low""]",[],real__clip_pc1_high|real__clip_pc1_low|sketch__clip_pc1_high,real__clip_pc1_high|real__clip_pc1_low|sketch__clip_pc1_high
new_seeds,resnet50,20260917,painting,ridge,brier_score,227,205,249,0.8232931726907631,0,0,0,0,0.0,0.0,0.0,0,1,False,False,False,False,False,False,False,False,False,False,[],[],real__clip_pc1_high|real__clip_pc1_low|sketch__clip_pc1_high,real__clip_pc1_high|real__clip_pc1_low|sketch__clip_pc1_high
new_seeds,resnet50,20260917,painting,ridge,nll,10,7,13,0.5384615384615384,7,5,2,0,2.0,0.0,0.0,0,1,True,False,False,False,False,False,False,False,False,False,"[""clipart__clip_pc1_low|real__clip_pc1_high|real__clip_pc1_low"", ""real__clip_pc1_high|real__clip_pc1_low|real__clip_pc1_middle""]",[],real__clip_pc1_high|real__clip_pc1_low|sketch__clip_pc1_high,real__clip_pc1_high|real__clip_pc1_low|sketch__clip_pc1_high
new_seeds,resnet50,20260917,painting,ridge,nll,25,20,30,0.6666666666666666,3,1,2,0,2.0,0.0,0.0,0,1,True,False,False,False,False,False,False,False,False,False,"[""infograph__clip_pc1_high|real__clip_pc1_high|real__clip_pc1_low"", ""infograph__clip_pc1_middle|real__clip_pc1_high|real__clip_pc1_low""]",[],real__clip_pc1_high|real__clip_pc1_low|sketch__clip_pc1_high,real__clip_pc1_high|real__clip_pc1_low|sketch__clip_pc1_high
new_seeds,resnet50,20260917,painting,ridge,nll,50,41,59,0.6949152542372882,2,0,2,0,2.0,0.0,0.0,0,1,True,False,False,False,False,False,False,False,False,False,"[""infograph__clip_pc1_low|real__clip_pc1_high|real__clip_pc1_low"", ""infograph__clip_pc1_middle|real__clip_pc1_high|real__clip_pc1_low""]",[],real__clip_pc1_high|real__clip_pc1_low|sketch__clip_pc1_high,real__clip_pc1_high|real__clip_pc1_low|sketch__clip_pc1_high
new_seeds,resnet50,20260917,painting,ridge,nll,100,89,111,0.8018018018018018,1,0,1,0,1.0,0.0,0.0,0,1,True,False,False,False,False,False,False,False,False,False,"[""infograph__clip_pc1_low|real__clip_pc1_high|real__clip_pc1_low""]",[],real__clip_pc1_high|real__clip_pc1_low|sketch__clip_pc1_high,real__clip_pc1_high|real__clip_pc1_low|sketch__clip_pc1_high
new_seeds,resnet50,20260917,painting,ridge,nll,227,205,249,0.8232931726907631,0,0,0,0,0.0,0.0,0.0,0,1,False,False,False,False,False,False,False,False,False,False,[],[],real__clip_pc1_high|real__clip_pc1_low|sketch__clip_pc1_high,real__clip_pc1_high|real__clip_pc1_low|sketch__clip_pc1_high
new_seeds,resnet50,20260917,painting,ridge,error_rate,10,7,13,0.5384615384615384,7,5,2,0,2.0,0.0,0.00830078125,1,2,True,False,True,False,False,False,False,False,False,False,"[""clipart__clip_pc1_low|real__clip_pc1_high|real__clip_pc1_low"", ""real__clip_pc1_high|real__clip_pc1_low|real__clip_pc1_middle""]",[],real__clip_pc1_high|real__clip_pc1_low|sketch__clip_pc1_high,real__clip_pc1_high|real__clip_pc1_low|sketch__clip_pc1_high
new_seeds,resnet50,20260917,painting,ridge,error_rate,25,20,30,0.6666666666666666,3,1,2,0,2.0,0.0,0.0,0,2,True,False,False,False,False,False,False,False,False,False,"[""infograph__clip_pc1_high|real__clip_pc1_high|real__clip_pc1_low"", ""infograph__clip_pc1_middle|real__clip_pc1_high|real__clip_pc1_low""]",[],real__clip_pc1_high|real__clip_pc1_low|sketch__clip_pc1_high,real__clip_pc1_high|real__clip_pc1_low|sketch__clip_pc1_high
new_seeds,resnet50,20260917,painting,ridge,error_rate,50,41,59,0.6949152542372882,2,1,1,0,1.0,0.0,0.0,0,2,True,False,False,False,False,False,False,False,False,False,"[""infograph__clip_pc1_middle|real__clip_pc1_high|real__clip_pc1_low""]",[],real__clip_pc1_high|real__clip_pc1_low|sketch__clip_pc1_high,real__clip_pc1_high|real__clip_pc1_low|sketch__clip_pc1_high
new_seeds,resnet50,20260917,painting,ridge,error_rate,100,89,111,0.8018018018018018,1,1,0,0,0.0,0.0,0.0,0,2,False,False,False,False,False,False,False,False,False,False,[],[],real__clip_pc1_high|real__clip_pc1_low|sketch__clip_pc1_high,real__clip_pc1_high|real__clip_pc1_low|sketch__clip_pc1_high
new_seeds,resnet50,20260917,painting,ridge,error_rate,227,205,249,0.8232931726907631,0,0,0,0,0.0,0.0,0.0,0,2,False,False,False,False,False,False,False,False,False,False,[],[],real__clip_pc1_high|real__clip_pc1_low|sketch__clip_pc1_high,real__clip_pc1_high|real__clip_pc1_low|sketch__clip_pc1_high
new_seeds,resnet50,20260917,painting,logistic,brier_score,10,7,13,0.5384615384615384,6,4,2,0,2.0,0.0,0.0,1,1,True,False,False,False,False,False,False,False,False,False,"[""clipart__clip_pc1_low|real__clip_pc1_high|real__clip_pc1_low"", ""real__clip_pc1_high|real__clip_pc1_low|real__clip_pc1_middle""]",[],real__clip_pc1_high|real__clip_pc1_middle|sketch__clip_pc1_high,real__clip_pc1_high|real__clip_pc1_middle|sketch__clip_pc1_high
new_seeds,resnet50,20260917,painting,logistic,brier_score,25,20,30,0.6666666666666666,2,1,1,0,1.0,0.0,0.0,0,1,True,False,False,False,False,False,False,False,False,False,"[""infograph__clip_pc1_middle|real__clip_pc1_high|real__clip_pc1_low""]",[],real__clip_pc1_high|real__clip_pc1_middle|sketch__clip_pc1_high,real__clip_pc1_high|real__clip_pc1_middle|sketch__clip_pc1_high
new_seeds,resnet50,20260917,painting,logistic,brier_score,50,41,59,0.6949152542372882,1,1,1,1,1.0,1.0,0.0,0,1,True,True,False,False,False,False,False,False,False,False,"[""infograph__clip_pc1_middle|real__clip_pc1_high|real__clip_pc1_low""]","[""infograph__clip_pc1_middle|real__clip_pc1_high|sketch__clip_pc1_high""]",real__clip_pc1_high|real__clip_pc1_middle|sketch__clip_pc1_high,real__clip_pc1_high|real__clip_pc1_middle|sketch__clip_pc1_high
new_seeds,resnet50,20260917,painting,logistic,brier_score,100,89,111,0.8018018018018018,0,0,0,0,0.0,0.0,0.0,0,1,False,False,False,False,False,False,False,False,False,False,[],[],real__clip_pc1_high|real__clip_pc1_middle|sketch__clip_pc1_high,real__clip_pc1_high|real__clip_pc1_middle|sketch__clip_pc1_high
new_seeds,resnet50,20260917,painting,logistic,brier_score,227,205,249,0.8232931726907631,0,0,0,0,0.0,0.0,0.0,0,1,False,False,False,False,False,False,False,False,False,False,[],[],real__clip_pc1_high|real__clip_pc1_middle|sketch__clip_pc1_high,real__clip_pc1_high|real__clip_pc1_middle|sketch__clip_pc1_high
new_seeds,resnet50,20260917,painting,logistic,nll,10,7,13,0.5384615384615384,7,6,2,1,2.0,1.0,0.04333978277349182,1,1,True,True,True,False,True,True,False,False,False,True,"[""clipart__clip_pc1_low|real__clip_pc1_high|real__clip_pc1_low"", ""real__clip_pc1_high|real__clip_pc1_low|real__clip_pc1_middle""]","[""clipart__clip_pc1_high|real__clip_pc1_high|real__clip_pc1_middle""]",real__clip_pc1_high|real__clip_pc1_low|sketch__clip_pc1_middle,real__clip_pc1_high|real__clip_pc1_low|real__clip_pc1_middle
new_seeds,resnet50,20260917,painting,logistic,nll,25,20,30,0.6666666666666666,3,1,2,0,2.0,0.0,0.0,0,1,True,False,False,False,False,False,False,False,False,False,"[""infograph__clip_pc1_high|real__clip_pc1_high|real__clip_pc1_low"", ""infograph__clip_pc1_middle|real__clip_pc1_high|real__clip_pc1_low""]",[],real__clip_pc1_high|real__clip_pc1_low|sketch__clip_pc1_low,real__clip_pc1_high|real__clip_pc1_low|sketch__clip_pc1_low
new_seeds,resnet50,20260917,painting,logistic,nll,50,41,59,0.6949152542372882,2,0,2,0,2.0,0.0,0.0,0,1,True,False,False,False,False,False,False,False,False,False,"[""infograph__clip_pc1_low|real__clip_pc1_high|real__clip_pc1_low"", ""infograph__clip_pc1_middle|real__clip_pc1_high|real__clip_pc1_low""]",[],real__clip_pc1_high|real__clip_pc1_low|sketch__clip_pc1_low,real__clip_pc1_high|real__clip_pc1_low|sketch__clip_pc1_low
new_seeds,resnet50,20260917,painting,logistic,nll,100,89,111,0.8018018018018018,1,0,1,0,1.0,0.0,0.0,0,1,True,False,False,False,False,False,False,False,False,False,"[""infograph__clip_pc1_low|real__clip_pc1_high|real__clip_pc1_low""]",[],real__clip_pc1_high|real__clip_pc1_low|sketch__clip_pc1_low,real__clip_pc1_high|real__clip_pc1_low|sketch__clip_pc1_low
new_seeds,resnet50,20260917,painting,logistic,nll,227,205,249,0.8232931726907631,0,0,0,0,0.0,0.0,0.0,0,1,False,False,False,False,False,False,False,False,False,False,[],[],real__clip_pc1_high|real__clip_pc1_low|sketch__clip_pc1_low,real__clip_pc1_high|real__clip_pc1_low|sketch__clip_pc1_low
new_seeds,resnet50,20260917,painting,logistic,error_rate,10,7,13,0.5384615384615384,7,5,2,0,2.0,0.0,0.00390625,1,1,True,False,True,False,False,False,False,False,False,False,"[""clipart__clip_pc1_low|real__clip_pc1_high|real__clip_pc1_low"", ""real__clip_pc1_high|real__clip_pc1_low|real__clip_pc1_middle""]",[],real__clip_pc1_high|real__clip_pc1_low|sketch__clip_pc1_high,real__clip_pc1_high|real__clip_pc1_low|sketch__clip_pc1_high
new_seeds,resnet50,20260917,painting,logistic,error_rate,25,20,30,0.6666666666666666,3,1,2,0,2.0,0.0,0.0,0,1,True,False,False,False,False,False,False,False,False,False,"[""infograph__clip_pc1_high|real__clip_pc1_high|real__clip_pc1_low"", ""infograph__clip_pc1_middle|real__clip_pc1_high|real__clip_pc1_low""]",[],real__clip_pc1_high|real__clip_pc1_low|sketch__clip_pc1_high,real__clip_pc1_high|real__clip_pc1_low|sketch__clip_pc1_high
new_seeds,resnet50,20260917,painting,logistic,error_rate,50,41,59,0.6949152542372882,2,1,1,0,1.0,0.0,0.0,0,1,True,False,False,False,False,False,False,False,False,False,"[""infograph__clip_pc1_middle|real__clip_pc1_high|real__clip_pc1_low""]",[],real__clip_pc1_high|real__clip_pc1_low|sketch__clip_pc1_high,real__clip_pc1_high|real__clip_pc1_low|sketch__clip_pc1_high
new_seeds,resnet50,20260917,painting,logistic,error_rate,100,89,111,0.8018018018018018,1,1,0,0,0.0,0.0,0.0,0,1,False,False,False,False,False,False,False,False,False,False,[],[],real__clip_pc1_high|real__clip_pc1_low|sketch__clip_pc1_high,real__clip_pc1_high|real__clip_pc1_low|sketch__clip_pc1_high
new_seeds,resnet50,20260917,painting,logistic,error_rate,227,205,249,0.8232931726907631,0,0,0,0,0.0,0.0,0.0,0,1,False,False,False,False,False,False,False,False,False,False,[],[],real__clip_pc1_high|real__clip_pc1_low|sketch__clip_pc1_high,real__clip_pc1_high|real__clip_pc1_low|sketch__clip_pc1_high
new_seeds,resnet50,20260917,quickdraw,ridge,brier_score,10,5,15,0.3333333333333333,8,9,0,1,0.0,1.0,0.0,0,1,False,True,False,False,False,False,False,False,True,False,[],"[""clipart__clip_pc1_middle|sketch__clip_pc1_low|sketch__clip_pc1_middle""]",clipart__clip_pc1_low|sketch__clip_pc1_low|sketch__clip_pc1_middle,clipart__clip_pc1_low|sketch__clip_pc1_low|sketch__clip_pc1_middle
new_seeds,resnet50,20260917,quickdraw,ridge,brier_score,25,12,38,0.3157894736842105,5,8,0,3,0.0,3.0,0.0,0,1,False,True,False,True,False,False,False,True,False,False,[],"[""clipart__clip_pc1_high|sketch__clip_pc1_low|sketch__clip_pc1_middle"", ""clipart__clip_pc1_low|clipart__clip_pc1_middle|sketch__clip_pc1_low"", ""clipart__clip_pc1_middle|sketch__clip_pc1_low|sketch__clip_pc1_middle""]",clipart__clip_pc1_low|clipart__clip_pc1_middle|sketch__clip_pc1_low,clipart__clip_pc1_low|clipart__clip_pc1_middle|sketch__clip_pc1_low
new_seeds,resnet50,20260917,quickdraw,ridge,brier_score,50,28,72,0.3888888888888889,4,6,0,2,0.0,2.0,0.0,0,1,False,True,False,False,False,False,False,False,False,False,[],"[""clipart__clip_pc1_high|clipart__clip_pc1_low|sketch__clip_pc1_low"", ""clipart__clip_pc1_high|sketch__clip_pc1_low|sketch__clip_pc1_middle""]",clipart__clip_pc1_high|clipart__clip_pc1_low|sketch__clip_pc1_low,clipart__clip_pc1_high|clipart__clip_pc1_low|sketch__clip_pc1_low
new_seeds,resnet50,20260917,quickdraw,ridge,brier_score,100,76,124,0.6129032258064516,2,4,0,2,0.0,2.0,0.0,0,1,False,True,False,False,False,False,False,False,False,False,[],"[""clipart__clip_pc1_high|clipart__clip_pc1_middle|sketch__clip_pc1_low"", ""clipart__clip_pc1_low|infograph__clip_pc1_middle|sketch__clip_pc1_low""]",clipart__clip_pc1_high|clipart__clip_pc1_low|sketch__clip_pc1_low,clipart__clip_pc1_high|clipart__clip_pc1_low|sketch__clip_pc1_low
new_seeds,resnet50,20260917,quickdraw,ridge,brier_score,227,204,250,0.816,0,1,0,1,0.0,1.0,0.0,0,1,False,True,False,False,False,False,False,False,False,False,[],"[""clipart__clip_pc1_high|infograph__clip_pc1_middle|sketch__clip_pc1_low""]",clipart__clip_pc1_high|clipart__clip_pc1_low|sketch__clip_pc1_low,clipart__clip_pc1_high|clipart__clip_pc1_low|sketch__clip_pc1_low
new_seeds,resnet50,20260917,quickdraw,ridge,nll,10,5,15,0.3333333333333333,8,9,0,1,0.0,1.0,0.0,0,1,False,True,False,False,False,False,False,False,True,False,[],"[""clipart__clip_pc1_middle|sketch__clip_pc1_low|sketch__clip_pc1_middle""]",clipart__clip_pc1_low|sketch__clip_pc1_low|sketch__clip_pc1_middle,clipart__clip_pc1_low|sketch__clip_pc1_low|sketch__clip_pc1_middle
new_seeds,resnet50,20260917,quickdraw,ridge,nll,25,12,38,0.3157894736842105,6,9,0,3,0.0,3.0,0.0,0,1,False,True,False,True,False,False,False,True,False,False,[],"[""clipart__clip_pc1_high|sketch__clip_pc1_low|sketch__clip_pc1_middle"", ""clipart__clip_pc1_low|clipart__clip_pc1_middle|sketch__clip_pc1_low"", ""clipart__clip_pc1_middle|sketch__clip_pc1_low|sketch__clip_pc1_middle""]",clipart__clip_pc1_low|clipart__clip_pc1_middle|sketch__clip_pc1_low,clipart__clip_pc1_low|clipart__clip_pc1_middle|sketch__clip_pc1_low
new_seeds,resnet50,20260917,quickdraw,ridge,nll,50,28,72,0.3888888888888889,5,7,0,2,0.0,2.0,0.0,0,1,False,True,False,False,False,False,False,False,False,False,[],"[""clipart__clip_pc1_high|clipart__clip_pc1_low|sketch__clip_pc1_low"", ""clipart__clip_pc1_high|sketch__clip_pc1_low|sketch__clip_pc1_middle""]",clipart__clip_pc1_high|clipart__clip_pc1_low|sketch__clip_pc1_low,clipart__clip_pc1_high|clipart__clip_pc1_low|sketch__clip_pc1_low
new_seeds,resnet50,20260917,quickdraw,ridge,nll,100,76,124,0.6129032258064516,3,5,0,2,0.0,2.0,0.0,0,1,False,True,False,False,False,False,False,False,False,False,[],"[""clipart__clip_pc1_high|clipart__clip_pc1_middle|sketch__clip_pc1_low"", ""clipart__clip_pc1_low|infograph__clip_pc1_middle|sketch__clip_pc1_low""]",clipart__clip_pc1_high|clipart__clip_pc1_low|sketch__clip_pc1_low,clipart__clip_pc1_high|clipart__clip_pc1_low|sketch__clip_pc1_low
new_seeds,resnet50,20260917,quickdraw,ridge,nll,227,204,250,0.816,0,1,0,1,0.0,1.0,0.0,0,1,False,True,False,False,False,False,False,False,False,False,[],"[""clipart__clip_pc1_high|infograph__clip_pc1_middle|sketch__clip_pc1_low""]",clipart__clip_pc1_high|clipart__clip_pc1_low|sketch__clip_pc1_low,clipart__clip_pc1_high|clipart__clip_pc1_low|sketch__clip_pc1_low
new_seeds,resnet50,20260917,quickdraw,ridge,error_rate,10,5,15,0.3333333333333333,8,10,0,2,0.0,2.0,0.0,0,1,False,True,False,False,True,False,True,False,True,False,[],"[""clipart__clip_pc1_low|sketch__clip_pc1_high|sketch__clip_pc1_low"", ""clipart__clip_pc1_middle|sketch__clip_pc1_low|sketch__clip_pc1_middle""]",clipart__clip_pc1_low|sketch__clip_pc1_high|sketch__clip_pc1_low,clipart__clip_pc1_low|real__clip_pc1_high|sketch__clip_pc1_low
new_seeds,resnet50,20260917,quickdraw,ridge,error_rate,25,12,38,0.3157894736842105,6,10,0,4,0.0,4.0,0.0,0,1,False,True,False,True,False,False,False,False,False,False,[],"[""clipart__clip_pc1_low|clipart__clip_pc1_middle|sketch__clip_pc1_low"", ""clipart__clip_pc1_low|sketch__clip_pc1_high|sketch__clip_pc1_low"", ""clipart__clip_pc1_middle|sketch__clip_pc1_high|sketch__clip_pc1_low"", ""clipart__clip_pc1_middle|sketch__clip_pc1_low|sketch__clip_pc1_middle""]",clipart__clip_pc1_middle|sketch__clip_pc1_high|sketch__clip_pc1_low,clipart__clip_pc1_middle|sketch__clip_pc1_high|sketch__clip_pc1_low
new_seeds,resnet50,20260917,quickdraw,ridge,error_rate,50,28,72,0.3888888888888889,5,8,0,3,0.0,3.0,0.0,0,1,False,True,False,False,False,False,False,True,False,False,[],"[""clipart__clip_pc1_high|clipart__clip_pc1_low|sketch__clip_pc1_low"", ""clipart__clip_pc1_low|sketch__clip_pc1_high|sketch__clip_pc1_low"", ""clipart__clip_pc1_middle|sketch__clip_pc1_high|sketch__clip_pc1_low""]",clipart__clip_pc1_middle|sketch__clip_pc1_high|sketch__clip_pc1_low,clipart__clip_pc1_middle|sketch__clip_pc1_high|sketch__clip_pc1_low
new_seeds,resnet50,20260917,quickdraw,ridge,error_rate,100,76,124,0.6129032258064516,4,5,0,1,0.0,1.0,0.0,0,1,False,True,False,False,False,False,False,False,False,False,[],"[""clipart__clip_pc1_high|clipart__clip_pc1_middle|sketch__clip_pc1_low""]",infograph__clip_pc1_low|sketch__clip_pc1_low|sketch__clip_pc1_middle,infograph__clip_pc1_low|sketch__clip_pc1_low|sketch__clip_pc1_middle
new_seeds,resnet50,20260917,quickdraw,ridge,error_rate,227,204,250,0.816,3,3,0,0,0.0,0.0,0.0,0,1,False,False,False,False,False,False,False,False,False,False,[],[],clipart__clip_pc1_high|clipart__clip_pc1_low|clipart__clip_pc1_middle,clipart__clip_pc1_high|clipart__clip_pc1_low|clipart__clip_pc1_middle
new_seeds,resnet50,20260917,quickdraw,logistic,brier_score,10,5,15,0.3333333333333333,9,10,0,1,0.0,1.0,0.0,0,1,False,True,False,False,False,False,False,False,False,False,[],"[""clipart__clip_pc1_low|sketch__clip_pc1_high|sketch__clip_pc1_low""]",clipart__clip_pc1_low|sketch__clip_pc1_high|sketch__clip_pc1_low,clipart__clip_pc1_low|sketch__clip_pc1_high|sketch__clip_pc1_low
new_seeds,resnet50,20260917,quickdraw,logistic,brier_score,25,12,38,0.3157894736842105,7,10,0,3,0.0,3.0,0.0,0,1,False,True,False,True,False,False,False,False,True,False,[],"[""clipart__clip_pc1_low|sketch__clip_pc1_high|sketch__clip_pc1_low"", ""clipart__clip_pc1_middle|sketch__clip_pc1_high|sketch__clip_pc1_low"", ""real__clip_pc1_middle|sketch__clip_pc1_high|sketch__clip_pc1_low""]",real__clip_pc1_low|sketch__clip_pc1_high|sketch__clip_pc1_low,real__clip_pc1_low|sketch__clip_pc1_high|sketch__clip_pc1_low
new_seeds,resnet50,20260917,quickdraw,logistic,brier_score,50,28,72,0.3888888888888889,4,9,0,5,0.0,5.0,0.0,0,1,False,True,False,True,False,False,False,False,False,False,[],"[""clipart__clip_pc1_high|sketch__clip_pc1_high|sketch__clip_pc1_low"", ""clipart__clip_pc1_low|sketch__clip_pc1_high|sketch__clip_pc1_low"", ""clipart__clip_pc1_middle|sketch__clip_pc1_high|sketch__clip_pc1_low"", ""infograph__clip_pc1_high|sketch__clip_pc1_high|sketch__clip_pc1_low"", ""real__clip_pc1_middle|sketch__clip_pc1_high|sketch__clip_pc1_low""]",clipart__clip_pc1_high|sketch__clip_pc1_high|sketch__clip_pc1_low,clipart__clip_pc1_high|sketch__clip_pc1_high|sketch__clip_pc1_low
new_seeds,resnet50,20260917,quickdraw,logistic,brier_score,100,76,124,0.6129032258064516,0,6,0,6,0.0,6.0,0.0,0,1,False,True,False,False,False,False,False,False,False,False,[],"[""clipart__clip_pc1_high|clipart__clip_pc1_middle|sketch__clip_pc1_low"", ""clipart__clip_pc1_high|real__clip_pc1_middle|sketch__clip_pc1_low"", ""clipart__clip_pc1_high|sketch__clip_pc1_high|sketch__clip_pc1_low"", ""clipart__clip_pc1_middle|infograph__clip_pc1_high|sketch__clip_pc1_low"", ""infograph__clip_pc1_high|real__clip_pc1_middle|sketch__clip_pc1_low"", ""infograph__clip_pc1_high|sketch__clip_pc1_high|sketch__clip_pc1_low""]",clipart__clip_pc1_high|sketch__clip_pc1_high|sketch__clip_pc1_low,clipart__clip_pc1_high|sketch__clip_pc1_high|sketch__clip_pc1_low
new_seeds,resnet50,20260917,quickdraw,logistic,brier_score,227,204,250,0.816,0,0,0,0,0.0,0.0,0.0,0,1,False,False,False,False,False,False,False,False,False,False,[],[],clipart__clip_pc1_high|sketch__clip_pc1_high|sketch__clip_pc1_low,clipart__clip_pc1_high|sketch__clip_pc1_high|sketch__clip_pc1_low
new_seeds,resnet50,20260917,quickdraw,logistic,nll,10,5,15,0.3333333333333333,9,10,0,1,0.0,1.0,0.0,0,1,False,True,False,False,False,False,False,False,False,False,[],"[""clipart__clip_pc1_low|sketch__clip_pc1_high|sketch__clip_pc1_low""]",clipart__clip_pc1_low|sketch__clip_pc1_high|sketch__clip_pc1_low,clipart__clip_pc1_low|sketch__clip_pc1_high|sketch__clip_pc1_low
new_seeds,resnet50,20260917,quickdraw,logistic,nll,25,12,38,0.3157894736842105,7,10,0,3,0.0,3.0,0.0,0,1,False,True,False,False,False,False,False,False,False,False,[],"[""clipart__clip_pc1_high|sketch__clip_pc1_low|sketch__clip_pc1_middle"", ""clipart__clip_pc1_low|sketch__clip_pc1_high|sketch__clip_pc1_low"", ""real__clip_pc1_low|sketch__clip_pc1_high|sketch__clip_pc1_low""]",real__clip_pc1_low|sketch__clip_pc1_high|sketch__clip_pc1_low,real__clip_pc1_low|sketch__clip_pc1_high|sketch__clip_pc1_low
new_seeds,resnet50,20260917,quickdraw,logistic,nll,50,28,72,0.3888888888888889,6,10,0,4,0.0,4.0,0.0,0,1,False,True,False,True,False,False,False,False,False,False,[],"[""clipart__clip_pc1_high|sketch__clip_pc1_high|sketch__clip_pc1_low"", ""clipart__clip_pc1_high|sketch__clip_pc1_low|sketch__clip_pc1_middle"", ""clipart__clip_pc1_low|sketch__clip_pc1_high|sketch__clip_pc1_low"", ""real__clip_pc1_low|sketch__clip_pc1_high|sketch__clip_pc1_low""]",clipart__clip_pc1_high|sketch__clip_pc1_high|sketch__clip_pc1_low,clipart__clip_pc1_high|sketch__clip_pc1_high|sketch__clip_pc1_low
new_seeds,resnet50,20260917,quickdraw,logistic,nll,100,76,124,0.6129032258064516,3,7,0,4,0.0,4.0,0.0,0,1,False,True,False,True,False,False,False,False,False,False,[],"[""clipart__clip_pc1_high|clipart__clip_pc1_middle|sketch__clip_pc1_low"", ""clipart__clip_pc1_high|painting__clip_pc1_low|sketch__clip_pc1_low"", ""clipart__clip_pc1_high|sketch__clip_pc1_high|sketch__clip_pc1_low"", ""clipart__clip_pc1_middle|infograph__clip_pc1_high|sketch__clip_pc1_low""]",clipart__clip_pc1_high|sketch__clip_pc1_high|sketch__clip_pc1_low,clipart__clip_pc1_high|sketch__clip_pc1_high|sketch__clip_pc1_low
new_seeds,resnet50,20260917,quickdraw,logistic,nll,227,204,250,0.816,0,1,0,1,0.0,1.0,0.0,0,1,False,True,False,False,False,False,False,False,False,False,[],"[""clipart__clip_pc1_high|infograph__clip_pc1_middle|sketch__clip_pc1_low""]",clipart__clip_pc1_high|sketch__clip_pc1_high|sketch__clip_pc1_low,clipart__clip_pc1_high|sketch__clip_pc1_high|sketch__clip_pc1_low
new_seeds,resnet50,20260917,quickdraw,logistic,error_rate,10,5,15,0.3333333333333333,7,10,0,3,0.0,3.5,0.0,0,2,False,True,False,True,False,False,False,False,False,False,[],"[""clipart__clip_pc1_middle|sketch__clip_pc1_low|sketch__clip_pc1_middle"", ""painting__clip_pc1_middle|sketch__clip_pc1_low|sketch__clip_pc1_middle"", ""sketch__clip_pc1_high|sketch__clip_pc1_low|sketch__clip_pc1_middle""]",sketch__clip_pc1_high|sketch__clip_pc1_low|sketch__clip_pc1_middle,sketch__clip_pc1_high|sketch__clip_pc1_low|sketch__clip_pc1_middle
new_seeds,resnet50,20260917,quickdraw,logistic,error_rate,25,12,38,0.3157894736842105,5,9,0,4,0.0,4.0,0.0,0,2,False,True,False,True,False,False,False,False,False,False,[],"[""clipart__clip_pc1_low|clipart__clip_pc1_middle|sketch__clip_pc1_low"", ""clipart__clip_pc1_middle|sketch__clip_pc1_high|sketch__clip_pc1_low"", ""clipart__clip_pc1_middle|sketch__clip_pc1_low|sketch__clip_pc1_middle"", ""sketch__clip_pc1_high|sketch__clip_pc1_low|sketch__clip_pc1_middle""]",sketch__clip_pc1_high|sketch__clip_pc1_low|sketch__clip_pc1_middle,sketch__clip_pc1_high|sketch__clip_pc1_low|sketch__clip_pc1_middle
new_seeds,resnet50,20260917,quickdraw,logistic,error_rate,50,28,72,0.3888888888888889,3,6,0,3,0.0,2.5,0.0,0,2,False,True,False,False,False,False,False,False,False,False,[],"[""clipart__clip_pc1_middle|sketch__clip_pc1_high|sketch__clip_pc1_low"", ""infograph__clip_pc1_middle|sketch__clip_pc1_low|sketch__clip_pc1_middle"", ""sketch__clip_pc1_high|sketch__clip_pc1_low|sketch__clip_pc1_middle""]",sketch__clip_pc1_high|sketch__clip_pc1_low|sketch__clip_pc1_middle,sketch__clip_pc1_high|sketch__clip_pc1_low|sketch__clip_pc1_middle
new_seeds,resnet50,20260917,quickdraw,logistic,error_rate,100,76,124,0.6129032258064516,2,2,0,0,0.0,0.0,0.0,0,2,False,False,False,False,False,False,False,False,False,False,[],[],sketch__clip_pc1_high|sketch__clip_pc1_low|sketch__clip_pc1_middle,sketch__clip_pc1_high|sketch__clip_pc1_low|sketch__clip_pc1_middle
new_seeds,resnet50,20260917,quickdraw,logistic,error_rate,227,204,250,0.816,0,0,0,0,0.0,0.0,0.0,0,2,False,False,False,False,False,False,False,False,False,False,[],[],sketch__clip_pc1_high|sketch__clip_pc1_low|sketch__clip_pc1_middle,sketch__clip_pc1_high|sketch__clip_pc1_low|sketch__clip_pc1_middle
new_seeds,resnet50,20260917,real,ridge,brier_score,10,9,11,0.8181818181818182,3,3,0,0,0.0,0.0,0.0,0,1,False,False,False,False,False,False,False,False,False,False,[],[],painting__clip_pc1_high|painting__clip_pc1_low|painting__clip_pc1_middle,painting__clip_pc1_high|painting__clip_pc1_low|painting__clip_pc1_middle
new_seeds,resnet50,20260917,real,ridge,brier_score,25,20,30,0.6666666666666666,1,0,1,0,1.0,0.0,0.0,0,1,True,False,False,False,False,False,False,False,False,False,"[""clipart__clip_pc1_high|painting__clip_pc1_low|painting__clip_pc1_middle""]",[],painting__clip_pc1_high|painting__clip_pc1_low|painting__clip_pc1_middle,painting__clip_pc1_high|painting__clip_pc1_low|painting__clip_pc1_middle
new_seeds,resnet50,20260917,real,ridge,brier_score,50,45,55,0.8181818181818182,0,0,0,0,0.0,0.0,0.0,0,1,False,False,False,False,False,False,False,False,False,False,[],[],painting__clip_pc1_high|painting__clip_pc1_low|painting__clip_pc1_middle,painting__clip_pc1_high|painting__clip_pc1_low|painting__clip_pc1_middle
new_seeds,resnet50,20260917,real,ridge,brier_score,100,92,108,0.8518518518518519,0,0,0,0,0.0,0.0,0.0,0,1,False,False,False,False,False,False,False,False,False,False,[],[],painting__clip_pc1_high|painting__clip_pc1_low|painting__clip_pc1_middle,painting__clip_pc1_high|painting__clip_pc1_low|painting__clip_pc1_middle
new_seeds,resnet50,20260917,real,ridge,brier_score,227,205,249,0.8232931726907631,0,0,0,0,0.0,0.0,0.0,0,1,False,False,False,False,False,False,False,False,False,False,[],[],painting__clip_pc1_high|painting__clip_pc1_low|painting__clip_pc1_middle,painting__clip_pc1_high|painting__clip_pc1_low|painting__clip_pc1_middle
new_seeds,resnet50,20260917,real,ridge,nll,10,9,11,0.8181818181818182,4,4,0,0,0.0,0.0,0.0,0,1,False,False,False,False,False,False,False,False,False,False,[],[],clipart__clip_pc1_low|painting__clip_pc1_low|painting__clip_pc1_middle,clipart__clip_pc1_low|painting__clip_pc1_low|painting__clip_pc1_middle
new_seeds,resnet50,20260917,real,ridge,nll,25,20,30,0.6666666666666666,1,0,1,0,1.0,0.0,0.0,0,1,True,False,False,False,False,False,False,False,False,False,"[""clipart__clip_pc1_high|painting__clip_pc1_low|painting__clip_pc1_middle""]",[],clipart__clip_pc1_low|painting__clip_pc1_low|painting__clip_pc1_middle,clipart__clip_pc1_low|painting__clip_pc1_low|painting__clip_pc1_middle
new_seeds,resnet50,20260917,real,ridge,nll,50,45,55,0.8181818181818182,0,0,0,0,0.0,0.0,0.0,0,1,False,False,False,False,False,False,False,False,False,False,[],[],clipart__clip_pc1_low|painting__clip_pc1_low|painting__clip_pc1_middle,clipart__clip_pc1_low|painting__clip_pc1_low|painting__clip_pc1_middle
new_seeds,resnet50,20260917,real,ridge,nll,100,92,108,0.8518518518518519,0,0,0,0,0.0,0.0,0.0,0,1,False,False,False,False,False,False,False,False,False,False,[],[],clipart__clip_pc1_low|painting__clip_pc1_low|painting__clip_pc1_middle,clipart__clip_pc1_low|painting__clip_pc1_low|painting__clip_pc1_middle
new_seeds,resnet50,20260917,real,ridge,nll,227,205,249,0.8232931726907631,0,0,0,0,0.0,0.0,0.0,0,1,False,False,False,False,False,False,False,False,False,False,[],[],clipart__clip_pc1_low|painting__clip_pc1_low|painting__clip_pc1_middle,clipart__clip_pc1_low|painting__clip_pc1_low|painting__clip_pc1_middle
new_seeds,resnet50,20260917,real,ridge,error_rate,10,9,11,0.8181818181818182,7,7,0,0,0.0,0.0,0.0,0,1,False,False,False,False,False,False,False,False,False,False,[],[],clipart__clip_pc1_low|painting__clip_pc1_high|painting__clip_pc1_low,clipart__clip_pc1_low|painting__clip_pc1_high|painting__clip_pc1_low
new_seeds,resnet50,20260917,real,ridge,error_rate,25,20,30,0.6666666666666666,6,5,1,0,1.0,0.0,0.0,0,1,True,False,False,False,False,False,False,False,False,False,"[""clipart__clip_pc1_low|clipart__clip_pc1_middle|painting__clip_pc1_low""]",[],clipart__clip_pc1_low|painting__clip_pc1_high|painting__clip_pc1_low,clipart__clip_pc1_low|painting__clip_pc1_high|painting__clip_pc1_low
new_seeds,resnet50,20260917,real,ridge,error_rate,50,45,55,0.8181818181818182,3,3,0,0,0.0,0.0,0.0,0,1,False,False,False,False,False,False,False,False,False,False,[],[],clipart__clip_pc1_low|painting__clip_pc1_high|painting__clip_pc1_low,clipart__clip_pc1_low|painting__clip_pc1_high|painting__clip_pc1_low
new_seeds,resnet50,20260917,real,ridge,error_rate,100,92,108,0.8518518518518519,1,0,1,0,1.0,0.0,0.0,0,1,True,False,False,False,False,False,False,False,False,False,"[""clipart__clip_pc1_middle|infograph__clip_pc1_low|painting__clip_pc1_middle""]",[],clipart__clip_pc1_low|painting__clip_pc1_high|painting__clip_pc1_low,clipart__clip_pc1_low|painting__clip_pc1_high|painting__clip_pc1_low
new_seeds,resnet50,20260917,real,ridge,error_rate,227,205,249,0.8232931726907631,0,0,0,0,0.0,0.0,0.0,0,1,False,False,False,False,False,False,False,False,False,False,[],[],clipart__clip_pc1_low|painting__clip_pc1_high|painting__clip_pc1_low,clipart__clip_pc1_low|painting__clip_pc1_high|painting__clip_pc1_low
new_seeds,resnet50,20260917,real,logistic,brier_score,10,9,11,0.8181818181818182,4,3,1,0,1.0,0.0,0.0,0,1,True,False,False,False,False,False,False,False,False,False,"[""infograph__clip_pc1_high|painting__clip_pc1_low|painting__clip_pc1_middle""]",[],painting__clip_pc1_high|painting__clip_pc1_low|painting__clip_pc1_middle,painting__clip_pc1_high|painting__clip_pc1_low|painting__clip_pc1_middle
new_seeds,resnet50,20260917,real,logistic,brier_score,25,20,30,0.6666666666666666,1,0,1,0,1.0,0.0,0.0,0,1,True,False,False,False,False,False,False,False,False,False,"[""painting__clip_pc1_low|painting__clip_pc1_middle|sketch__clip_pc1_high""]",[],painting__clip_pc1_high|painting__clip_pc1_low|painting__clip_pc1_middle,painting__clip_pc1_high|painting__clip_pc1_low|painting__clip_pc1_middle
new_seeds,resnet50,20260917,real,logistic,brier_score,50,45,55,0.8181818181818182,0,0,0,0,0.0,0.0,0.0,0,1,False,False,False,False,False,False,False,False,False,False,[],[],painting__clip_pc1_high|painting__clip_pc1_low|painting__clip_pc1_middle,painting__clip_pc1_high|painting__clip_pc1_low|painting__clip_pc1_middle
new_seeds,resnet50,20260917,real,logistic,brier_score,100,92,108,0.8518518518518519,0,0,0,0,0.0,0.0,0.0,0,1,False,False,False,False,False,False,False,False,False,False,[],[],painting__clip_pc1_high|painting__clip_pc1_low|painting__clip_pc1_middle,painting__clip_pc1_high|painting__clip_pc1_low|painting__clip_pc1_middle
new_seeds,resnet50,20260917,real,logistic,brier_score,227,205,249,0.8232931726907631,0,0,0,0,0.0,0.0,0.0,0,1,False,False,False,False,False,False,False,False,False,False,[],[],painting__clip_pc1_high|painting__clip_pc1_low|painting__clip_pc1_middle,painting__clip_pc1_high|painting__clip_pc1_low|painting__clip_pc1_middle
new_seeds,resnet50,20260917,real,logistic,nll,10,9,11,0.8181818181818182,4,4,0,0,0.0,0.0,0.0,0,1,False,False,False,False,False,False,False,False,False,False,[],[],clipart__clip_pc1_low|painting__clip_pc1_low|painting__clip_pc1_middle,clipart__clip_pc1_low|painting__clip_pc1_low|painting__clip_pc1_middle
new_seeds,resnet50,20260917,real,logistic,nll,25,20,30,0.6666666666666666,1,0,1,0,1.0,0.0,0.0,0,1,True,False,False,False,False,False,False,False,False,False,"[""clipart__clip_pc1_high|painting__clip_pc1_low|painting__clip_pc1_middle""]",[],clipart__clip_pc1_low|painting__clip_pc1_low|painting__clip_pc1_middle,clipart__clip_pc1_low|painting__clip_pc1_low|painting__clip_pc1_middle
new_seeds,resnet50,20260917,real,logistic,nll,50,45,55,0.8181818181818182,0,0,0,0,0.0,0.0,0.0,0,1,False,False,False,False,False,False,False,False,False,False,[],[],clipart__clip_pc1_low|painting__clip_pc1_low|painting__clip_pc1_middle,clipart__clip_pc1_low|painting__clip_pc1_low|painting__clip_pc1_middle
new_seeds,resnet50,20260917,real,logistic,nll,100,92,108,0.8518518518518519,0,0,0,0,0.0,0.0,0.0,0,1,False,False,False,False,False,False,False,False,False,False,[],[],clipart__clip_pc1_low|painting__clip_pc1_low|painting__clip_pc1_middle,clipart__clip_pc1_low|painting__clip_pc1_low|painting__clip_pc1_middle
new_seeds,resnet50,20260917,real,logistic,nll,227,205,249,0.8232931726907631,0,0,0,0,0.0,0.0,0.0,0,1,False,False,False,False,False,False,False,False,False,False,[],[],clipart__clip_pc1_low|painting__clip_pc1_low|painting__clip_pc1_middle,clipart__clip_pc1_low|painting__clip_pc1_low|painting__clip_pc1_middle
new_seeds,resnet50,20260917,real,logistic,error_rate,10,9,11,0.8181818181818182,7,7,0,0,0.0,0.0,0.0,0,2,False,False,False,False,False,False,False,False,False,False,[],[],clipart__clip_pc1_low|painting__clip_pc1_high|painting__clip_pc1_low,clipart__clip_pc1_low|painting__clip_pc1_high|painting__clip_pc1_low
new_seeds,resnet50,20260917,real,logistic,error_rate,25,20,30,0.6666666666666666,6,5,1,0,1.0,0.0,0.0,0,2,True,False,False,False,False,False,False,False,False,False,"[""clipart__clip_pc1_low|clipart__clip_pc1_middle|painting__clip_pc1_low""]",[],clipart__clip_pc1_low|painting__clip_pc1_high|painting__clip_pc1_low,clipart__clip_pc1_low|painting__clip_pc1_high|painting__clip_pc1_low
new_seeds,resnet50,20260917,real,logistic,error_rate,50,45,55,0.8181818181818182,2,2,0,0,0.0,0.0,0.0,0,2,False,False,False,False,False,False,False,False,False,False,[],[],clipart__clip_pc1_low|painting__clip_pc1_high|painting__clip_pc1_low,clipart__clip_pc1_low|painting__clip_pc1_high|painting__clip_pc1_low
new_seeds,resnet50,20260917,real,logistic,error_rate,100,92,108,0.8518518518518519,0,0,0,0,0.0,0.0,0.0,0,2,False,False,False,False,False,False,False,False,False,False,[],[],clipart__clip_pc1_low|painting__clip_pc1_high|painting__clip_pc1_low,clipart__clip_pc1_low|painting__clip_pc1_high|painting__clip_pc1_low
new_seeds,resnet50,20260917,real,logistic,error_rate,227,205,249,0.8232931726907631,0,0,0,0,0.0,0.0,0.0,0,2,False,False,False,False,False,False,False,False,False,False,[],[],clipart__clip_pc1_low|painting__clip_pc1_high|painting__clip_pc1_low,clipart__clip_pc1_low|painting__clip_pc1_high|painting__clip_pc1_low
new_seeds,resnet50,20260917,sketch,ridge,brier_score,10,1,19,0.05263157894736842,9,5,5,1,5.0,1.0,6.2634602221445235e-06,1,1,True,True,True,False,True,True,False,True,False,True,"[""clipart__clip_pc1_low|painting__clip_pc1_high|real__clip_pc1_high"", ""clipart__clip_pc1_low|painting__clip_pc1_low|real__clip_pc1_high"", ""clipart__clip_pc1_low|painting__clip_pc1_middle|real__clip_pc1_high"", ""clipart__clip_pc1_low|real__clip_pc1_high|real__clip_pc1_low"", ""clipart__clip_pc1_low|real__clip_pc1_high|real__clip_pc1_middle""]","[""clipart__clip_pc1_low|clipart__clip_pc1_middle|real__clip_pc1_high""]",clipart__clip_pc1_low|clipart__clip_pc1_middle|real__clip_pc1_high,clipart__clip_pc1_low|real__clip_pc1_high|real__clip_pc1_low
new_seeds,resnet50,20260917,sketch,ridge,brier_score,25,8,42,0.19047619047619047,8,3,6,1,6.0,1.0,6.2634602221445235e-06,1,1,True,True,True,False,True,True,False,True,False,True,"[""clipart__clip_pc1_low|painting__clip_pc1_high|real__clip_pc1_high"", ""clipart__clip_pc1_low|painting__clip_pc1_low|real__clip_pc1_high"", ""clipart__clip_pc1_low|painting__clip_pc1_middle|real__clip_pc1_high"", ""clipart__clip_pc1_low|real__clip_pc1_high|real__clip_pc1_low"", ""clipart__clip_pc1_low|real__clip_pc1_high|real__clip_pc1_middle"", ""clipart__clip_pc1_middle|real__clip_pc1_high|real__clip_pc1_low""]","[""clipart__clip_pc1_high|clipart__clip_pc1_low|real__clip_pc1_high""]",clipart__clip_pc1_high|clipart__clip_pc1_low|real__clip_pc1_high,clipart__clip_pc1_low|real__clip_pc1_high|real__clip_pc1_low
new_seeds,resnet50,20260917,sketch,ridge,brier_score,50,29,71,0.4084507042253521,6,1,5,0,5.0,0.0,6.2634602221445235e-06,1,1,True,False,True,False,True,True,False,True,False,True,"[""clipart__clip_pc1_low|infograph__clip_pc1_high|real__clip_pc1_high"", ""clipart__clip_pc1_low|painting__clip_pc1_high|real__clip_pc1_high"", ""clipart__clip_pc1_low|real__clip_pc1_high|real__clip_pc1_low"", ""clipart__clip_pc1_low|real__clip_pc1_high|real__clip_pc1_middle"", ""clipart__clip_pc1_middle|real__clip_pc1_high|real__clip_pc1_low""]",[],clipart__clip_pc1_high|clipart__clip_pc1_low|real__clip_pc1_high,clipart__clip_pc1_low|real__clip_pc1_high|real__clip_pc1_low
new_seeds,resnet50,20260917,sketch,ridge,brier_score,100,74,126,0.5873015873015873,1,0,1,0,1.0,0.0,0.0,0,1,True,False,False,False,False,False,False,False,False,False,"[""clipart__clip_pc1_low|infograph__clip_pc1_middle|real__clip_pc1_high""]",[],clipart__clip_pc1_low|real__clip_pc1_high|real__clip_pc1_low,clipart__clip_pc1_low|real__clip_pc1_high|real__clip_pc1_low
new_seeds,resnet50,20260917,sketch,ridge,brier_score,227,166,288,0.5763888888888888,0,0,0,0,0.0,0.0,0.0,0,1,False,False,False,False,False,False,False,False,False,False,[],[],clipart__clip_pc1_low|real__clip_pc1_high|real__clip_pc1_low,clipart__clip_pc1_low|real__clip_pc1_high|real__clip_pc1_low
new_seeds,resnet50,20260917,sketch,ridge,nll,10,1,19,0.05263157894736842,9,6,4,1,4.0,1.0,0.0005323211577561437,1,1,True,True,True,False,True,True,False,True,False,True,"[""clipart__clip_pc1_low|painting__clip_pc1_low|real__clip_pc1_high"", ""clipart__clip_pc1_low|painting__clip_pc1_middle|real__clip_pc1_high"", ""clipart__clip_pc1_low|real__clip_pc1_high|real__clip_pc1_low"", ""clipart__clip_pc1_low|real__clip_pc1_high|real__clip_pc1_middle""]","[""clipart__clip_pc1_low|clipart__clip_pc1_middle|real__clip_pc1_high""]",clipart__clip_pc1_low|clipart__clip_pc1_middle|real__clip_pc1_high,clipart__clip_pc1_low|real__clip_pc1_high|real__clip_pc1_low
new_seeds,resnet50,20260917,sketch,ridge,nll,25,8,42,0.19047619047619047,8,4,5,1,5.0,1.0,0.0005323211577561437,1,1,True,True,True,False,True,True,False,True,False,True,"[""clipart__clip_pc1_low|painting__clip_pc1_low|real__clip_pc1_high"", ""clipart__clip_pc1_low|painting__clip_pc1_middle|real__clip_pc1_high"", ""clipart__clip_pc1_low|real__clip_pc1_high|real__clip_pc1_low"", ""clipart__clip_pc1_low|real__clip_pc1_high|real__clip_pc1_middle"", ""clipart__clip_pc1_middle|real__clip_pc1_high|real__clip_pc1_low""]","[""clipart__clip_pc1_high|clipart__clip_pc1_low|real__clip_pc1_high""]",clipart__clip_pc1_high|clipart__clip_pc1_low|real__clip_pc1_high,clipart__clip_pc1_low|real__clip_pc1_high|real__clip_pc1_low
new_seeds,resnet50,20260917,sketch,ridge,nll,50,29,71,0.4084507042253521,6,2,4,0,4.0,0.0,0.0005323211577561437,1,1,True,False,True,False,True,True,False,True,False,True,"[""clipart__clip_pc1_low|infograph__clip_pc1_high|real__clip_pc1_high"", ""clipart__clip_pc1_low|real__clip_pc1_high|real__clip_pc1_low"", ""clipart__clip_pc1_low|real__clip_pc1_high|real__clip_pc1_middle"", ""clipart__clip_pc1_middle|real__clip_pc1_high|real__clip_pc1_low""]",[],clipart__clip_pc1_high|clipart__clip_pc1_low|real__clip_pc1_high,clipart__clip_pc1_low|real__clip_pc1_high|real__clip_pc1_low
new_seeds,resnet50,20260917,sketch,ridge,nll,100,74,126,0.5873015873015873,1,0,1,0,1.0,0.0,0.0,0,1,True,False,False,False,False,False,False,False,False,False,"[""clipart__clip_pc1_low|infograph__clip_pc1_middle|real__clip_pc1_high""]",[],clipart__clip_pc1_low|real__clip_pc1_high|real__clip_pc1_low,clipart__clip_pc1_low|real__clip_pc1_high|real__clip_pc1_low
new_seeds,resnet50,20260917,sketch,ridge,nll,227,166,288,0.5763888888888888,0,0,0,0,0.0,0.0,0.0,0,1,False,False,False,False,False,False,False,False,False,False,[],[],clipart__clip_pc1_low|real__clip_pc1_high|real__clip_pc1_low,clipart__clip_pc1_low|real__clip_pc1_high|real__clip_pc1_low
new_seeds,resnet50,20260917,sketch,ridge,error_rate,10,1,19,0.05263157894736842,7,9,1,3,1.0,3.0,0.0,0,1,True,True,False,False,False,False,False,False,True,False,"[""clipart__clip_pc1_low|real__clip_pc1_high|real__clip_pc1_low""]","[""clipart__clip_pc1_high|clipart__clip_pc1_low|painting__clip_pc1_high"", ""clipart__clip_pc1_low|clipart__clip_pc1_middle|painting__clip_pc1_high"", ""clipart__clip_pc1_low|clipart__clip_pc1_middle|real__clip_pc1_high""]",clipart__clip_pc1_high|clipart__clip_pc1_low|painting__clip_pc1_high,clipart__clip_pc1_high|clipart__clip_pc1_low|painting__clip_pc1_high
new_seeds,resnet50,20260917,sketch,ridge,error_rate,25,8,42,0.19047619047619047,4,6,2,4,2.0,4.0,0.0,1,1,True,True,False,False,False,False,False,False,False,False,"[""clipart__clip_pc1_low|real__clip_pc1_high|real__clip_pc1_low"", ""clipart__clip_pc1_middle|real__clip_pc1_high|real__clip_pc1_low""]","[""clipart__clip_pc1_high|clipart__clip_pc1_low|painting__clip_pc1_high"", ""clipart__clip_pc1_high|clipart__clip_pc1_low|real__clip_pc1_high"", ""clipart__clip_pc1_low|clipart__clip_pc1_middle|painting__clip_pc1_high"", ""clipart__clip_pc1_middle|painting__clip_pc1_high|painting__clip_pc1_low""]",clipart__clip_pc1_high|clipart__clip_pc1_low|real__clip_pc1_high,clipart__clip_pc1_high|clipart__clip_pc1_low|real__clip_pc1_high
new_seeds,resnet50,20260917,sketch,ridge,error_rate,50,29,71,0.4084507042253521,3,3,2,2,2.0,2.0,0.0,1,1,True,True,False,False,False,False,False,False,False,False,"[""clipart__clip_pc1_low|real__clip_pc1_high|real__clip_pc1_low"", ""clipart__clip_pc1_middle|real__clip_pc1_high|real__clip_pc1_low""]","[""clipart__clip_pc1_high|clipart__clip_pc1_low|painting__clip_pc1_high"", ""clipart__clip_pc1_high|clipart__clip_pc1_middle|painting__clip_pc1_middle""]",clipart__clip_pc1_high|clipart__clip_pc1_low|real__clip_pc1_high,clipart__clip_pc1_high|clipart__clip_pc1_low|real__clip_pc1_high
new_seeds,resnet50,20260917,sketch,ridge,error_rate,100,74,126,0.5873015873015873,0,1,0,1,0.0,1.0,0.0,0,1,False,True,False,False,False,False,False,False,False,False,[],"[""clipart__clip_pc1_high|clipart__clip_pc1_middle|painting__clip_pc1_middle""]",clipart__clip_pc1_high|clipart__clip_pc1_low|real__clip_pc1_high,clipart__clip_pc1_high|clipart__clip_pc1_low|real__clip_pc1_high
new_seeds,resnet50,20260917,sketch,ridge,error_rate,227,166,288,0.5763888888888888,0,0,0,0,0.0,0.0,0.0,0,1,False,False,False,False,False,False,False,False,False,False,[],[],clipart__clip_pc1_high|clipart__clip_pc1_low|real__clip_pc1_high,clipart__clip_pc1_high|clipart__clip_pc1_low|real__clip_pc1_high
new_seeds,resnet50,20260917,sketch,logistic,brier_score,10,1,19,0.05263157894736842,9,6,4,1,4.0,1.0,0.0011060139282113024,2,1,True,True,True,False,True,False,True,False,True,False,"[""clipart__clip_pc1_low|painting__clip_pc1_high|real__clip_pc1_high"", ""clipart__clip_pc1_low|painting__clip_pc1_low|real__clip_pc1_high"", ""clipart__clip_pc1_low|painting__clip_pc1_middle|real__clip_pc1_high"", ""clipart__clip_pc1_low|real__clip_pc1_high|real__clip_pc1_low""]","[""clipart__clip_pc1_low|clipart__clip_pc1_middle|real__clip_pc1_high""]",clipart__clip_pc1_low|clipart__clip_pc1_middle|real__clip_pc1_high,clipart__clip_pc1_low|real__clip_pc1_high|real__clip_pc1_low
new_seeds,resnet50,20260917,sketch,logistic,brier_score,25,8,42,0.19047619047619047,8,5,4,1,4.0,1.0,0.0011060139282113024,2,1,True,True,True,False,True,False,True,False,True,False,"[""clipart__clip_pc1_low|painting__clip_pc1_high|real__clip_pc1_high"", ""clipart__clip_pc1_low|painting__clip_pc1_low|real__clip_pc1_high"", ""clipart__clip_pc1_low|painting__clip_pc1_middle|real__clip_pc1_high"", ""clipart__clip_pc1_low|real__clip_pc1_high|real__clip_pc1_low""]","[""clipart__clip_pc1_high|clipart__clip_pc1_low|real__clip_pc1_high""]",clipart__clip_pc1_low|clipart__clip_pc1_middle|real__clip_pc1_high,clipart__clip_pc1_low|real__clip_pc1_high|real__clip_pc1_low
new_seeds,resnet50,20260917,sketch,logistic,brier_score,50,29,71,0.4084507042253521,6,2,4,0,4.0,0.0,0.0,1,1,True,False,False,False,True,False,True,False,True,False,"[""clipart__clip_pc1_low|infograph__clip_pc1_high|real__clip_pc1_high"", ""clipart__clip_pc1_low|painting__clip_pc1_high|real__clip_pc1_high"", ""clipart__clip_pc1_low|real__clip_pc1_high|real__clip_pc1_low"", ""painting__clip_pc1_middle|real__clip_pc1_high|real__clip_pc1_low""]",[],clipart__clip_pc1_low|clipart__clip_pc1_middle|real__clip_pc1_high,clipart__clip_pc1_low|real__clip_pc1_high|real__clip_pc1_low
new_seeds,resnet50,20260917,sketch,logistic,brier_score,100,74,126,0.5873015873015873,3,1,2,0,2.0,0.0,0.0,0,1,True,False,False,False,False,False,False,False,False,False,"[""clipart__clip_pc1_low|infograph__clip_pc1_middle|real__clip_pc1_high"", ""painting__clip_pc1_middle|real__clip_pc1_high|real__clip_pc1_low""]",[],clipart__clip_pc1_low|real__clip_pc1_high|real__clip_pc1_low,clipart__clip_pc1_low|real__clip_pc1_high|real__clip_pc1_low
new_seeds,resnet50,20260917,sketch,logistic,brier_score,227,166,288,0.5763888888888888,1,0,1,0,1.0,0.0,0.0,0,1,True,False,False,False,False,False,False,False,False,False,"[""painting__clip_pc1_high|painting__clip_pc1_middle|real__clip_pc1_high""]",[],clipart__clip_pc1_low|real__clip_pc1_high|real__clip_pc1_low,clipart__clip_pc1_low|real__clip_pc1_high|real__clip_pc1_low
new_seeds,resnet50,20260917,sketch,logistic,nll,10,1,19,0.05263157894736842,9,9,1,1,1.0,1.0,0.0,0,1,True,True,False,False,False,False,False,False,True,False,"[""clipart__clip_pc1_low|real__clip_pc1_high|real__clip_pc1_low""]","[""clipart__clip_pc1_low|clipart__clip_pc1_middle|painting__clip_pc1_middle""]",clipart__clip_pc1_low|clipart__clip_pc1_middle|painting__clip_pc1_middle,clipart__clip_pc1_low|clipart__clip_pc1_middle|painting__clip_pc1_middle
new_seeds,resnet50,20260917,sketch,logistic,nll,25,8,42,0.19047619047619047,8,4,4,0,4.0,0.0,0.01976013162011281,1,1,True,False,True,False,True,True,False,True,False,True,"[""clipart__clip_pc1_low|real__clip_pc1_high|real__clip_pc1_low"", ""clipart__clip_pc1_middle|painting__clip_pc1_low|real__clip_pc1_high"", ""clipart__clip_pc1_middle|painting__clip_pc1_middle|real__clip_pc1_high"", ""clipart__clip_pc1_middle|real__clip_pc1_high|real__clip_pc1_low""]",[],clipart__clip_pc1_middle|painting__clip_pc1_middle|real__clip_pc1_low,clipart__clip_pc1_middle|real__clip_pc1_high|real__clip_pc1_low
new_seeds,resnet50,20260917,sketch,logistic,nll,50,29,71,0.4084507042253521,4,3,3,2,3.0,2.0,0.01976013162011281,1,1,True,True,True,False,True,True,False,False,False,True,"[""clipart__clip_pc1_low|real__clip_pc1_high|real__clip_pc1_low"", ""clipart__clip_pc1_middle|real__clip_pc1_high|real__clip_pc1_low"", ""painting__clip_pc1_middle|real__clip_pc1_high|real__clip_pc1_low""]","[""clipart__clip_pc1_high|clipart__clip_pc1_middle|painting__clip_pc1_middle"", ""clipart__clip_pc1_high|clipart__clip_pc1_middle|real__clip_pc1_high""]",clipart__clip_pc1_middle|painting__clip_pc1_middle|real__clip_pc1_low,clipart__clip_pc1_middle|real__clip_pc1_high|real__clip_pc1_low
new_seeds,resnet50,20260917,sketch,logistic,nll,100,74,126,0.5873015873015873,1,2,1,2,1.0,2.0,0.0,0,1,True,True,False,False,False,False,False,False,False,False,"[""painting__clip_pc1_middle|real__clip_pc1_high|real__clip_pc1_low""]","[""clipart__clip_pc1_high|clipart__clip_pc1_middle|painting__clip_pc1_middle"", ""clipart__clip_pc1_high|clipart__clip_pc1_middle|real__clip_pc1_high""]",clipart__clip_pc1_high|real__clip_pc1_high|real__clip_pc1_low,clipart__clip_pc1_high|real__clip_pc1_high|real__clip_pc1_low
new_seeds,resnet50,20260917,sketch,logistic,nll,227,166,288,0.5763888888888888,0,0,0,0,0.0,0.0,0.0,0,1,False,False,False,False,False,False,False,False,False,False,[],[],clipart__clip_pc1_high|real__clip_pc1_high|real__clip_pc1_low,clipart__clip_pc1_high|real__clip_pc1_high|real__clip_pc1_low
new_seeds,resnet50,20260917,sketch,logistic,error_rate,10,1,19,0.05263157894736842,8,9,1,2,0.6666666666666666,2.0,0.0,0,3,True,True,False,False,True,False,True,False,True,False,"[""clipart__clip_pc1_low|painting__clip_pc1_high|real__clip_pc1_high""]","[""clipart__clip_pc1_low|clipart__clip_pc1_middle|painting__clip_pc1_high"", ""clipart__clip_pc1_low|clipart__clip_pc1_middle|real__clip_pc1_high""]",clipart__clip_pc1_low|clipart__clip_pc1_middle|real__clip_pc1_high,clipart__clip_pc1_low|real__clip_pc1_high|real__clip_pc1_low
new_seeds,resnet50,20260917,sketch,logistic,error_rate,25,8,42,0.19047619047619047,5,5,3,3,3.0,3.0,0.0087890625,2,3,True,True,True,False,False,False,False,False,False,False,"[""clipart__clip_pc1_low|painting__clip_pc1_high|real__clip_pc1_high"", ""clipart__clip_pc1_middle|painting__clip_pc1_low|real__clip_pc1_high"", ""clipart__clip_pc1_middle|real__clip_pc1_high|real__clip_pc1_low""]","[""clipart__clip_pc1_high|clipart__clip_pc1_low|real__clip_pc1_high"", ""clipart__clip_pc1_low|clipart__clip_pc1_middle|painting__clip_pc1_high"", ""clipart__clip_pc1_middle|painting__clip_pc1_high|painting__clip_pc1_low""]",clipart__clip_pc1_high|clipart__clip_pc1_low|real__clip_pc1_high,clipart__clip_pc1_high|clipart__clip_pc1_low|real__clip_pc1_high
new_seeds,resnet50,20260917,sketch,logistic,error_rate,50,29,71,0.4084507042253521,3,2,2,1,1.3333333333333333,1.0,0.0087890625,1,3,True,True,True,False,False,False,False,False,False,False,"[""clipart__clip_pc1_low|painting__clip_pc1_high|real__clip_pc1_high"", ""clipart__clip_pc1_middle|real__clip_pc1_high|real__clip_pc1_low""]","[""clipart__clip_pc1_middle|infograph__clip_pc1_high|real__clip_pc1_high""]",clipart__clip_pc1_high|clipart__clip_pc1_low|real__clip_pc1_high,clipart__clip_pc1_high|clipart__clip_pc1_low|real__clip_pc1_high
new_seeds,resnet50,20260917,sketch,logistic,error_rate,100,74,126,0.5873015873015873,0,0,0,0,0.0,0.0,0.0,0,3,False,False,False,False,False,False,False,False,False,False,[],[],clipart__clip_pc1_high|real__clip_pc1_high|real__clip_pc1_low,clipart__clip_pc1_high|real__clip_pc1_high|real__clip_pc1_low
new_seeds,resnet50,20260917,sketch,logistic,error_rate,227,166,288,0.5763888888888888,0,0,0,0,0.0,0.0,0.0,0,3,False,False,False,False,False,False,False,False,False,False,[],[],clipart__clip_pc1_high|real__clip_pc1_high|real__clip_pc1_low,clipart__clip_pc1_high|real__clip_pc1_high|real__clip_pc1_low
new_seeds,dinov2_b14,20260917,clipart,ridge,brier_score,10,2,18,0.1111111111111111,8,7,2,1,2.0,1.0,9.750036232480941e-05,2,1,True,True,False,False,True,True,False,False,True,True,"[""painting__clip_pc1_middle|real__clip_pc1_low|sketch__clip_pc1_low"", ""real__clip_pc1_high|real__clip_pc1_low|sketch__clip_pc1_low""]","[""infograph__clip_pc1_high|sketch__clip_pc1_low|sketch__clip_pc1_middle""]",real__clip_pc1_high|sketch__clip_pc1_low|sketch__clip_pc1_middle,painting__clip_pc1_middle|real__clip_pc1_low|sketch__clip_pc1_low
new_seeds,dinov2_b14,20260917,clipart,ridge,brier_score,25,13,37,0.35135135135135137,6,6,3,3,3.0,3.0,0.0,0,1,True,True,False,True,False,False,False,False,False,False,"[""painting__clip_pc1_middle|real__clip_pc1_low|sketch__clip_pc1_low"", ""real__clip_pc1_high|real__clip_pc1_low|sketch__clip_pc1_low"", ""real__clip_pc1_low|real__clip_pc1_middle|sketch__clip_pc1_low""]","[""infograph__clip_pc1_high|sketch__clip_pc1_low|sketch__clip_pc1_middle"", ""painting__clip_pc1_middle|sketch__clip_pc1_low|sketch__clip_pc1_middle"", ""real__clip_pc1_low|sketch__clip_pc1_low|sketch__clip_pc1_middle""]",real__clip_pc1_low|sketch__clip_pc1_low|sketch__clip_pc1_middle,real__clip_pc1_low|sketch__clip_pc1_low|sketch__clip_pc1_middle
new_seeds,dinov2_b14,20260917,clipart,ridge,brier_score,50,31,69,0.4492753623188406,2,5,0,3,0.0,3.0,0.0,0,1,False,True,False,False,False,False,False,False,False,False,[],"[""infograph__clip_pc1_high|sketch__clip_pc1_low|sketch__clip_pc1_middle"", ""painting__clip_pc1_middle|sketch__clip_pc1_low|sketch__clip_pc1_middle"", ""real__clip_pc1_low|sketch__clip_pc1_high|sketch__clip_pc1_low""]",real__clip_pc1_low|sketch__clip_pc1_low|sketch__clip_pc1_middle,real__clip_pc1_low|sketch__clip_pc1_low|sketch__clip_pc1_middle
new_seeds,dinov2_b14,20260917,clipart,ridge,brier_score,100,78,122,0.639344262295082,0,1,0,1,0.0,1.0,0.0,0,1,False,True,False,False,False,False,False,False,False,False,[],"[""sketch__clip_pc1_high|sketch__clip_pc1_low|sketch__clip_pc1_middle""]",real__clip_pc1_low|sketch__clip_pc1_low|sketch__clip_pc1_middle,real__clip_pc1_low|sketch__clip_pc1_low|sketch__clip_pc1_middle
new_seeds,dinov2_b14,20260917,clipart,ridge,brier_score,227,210,244,0.860655737704918,0,0,0,0,0.0,0.0,0.0,0,1,False,False,False,False,False,False,False,False,False,False,[],[],real__clip_pc1_low|sketch__clip_pc1_low|sketch__clip_pc1_middle,real__clip_pc1_low|sketch__clip_pc1_low|sketch__clip_pc1_middle
new_seeds,dinov2_b14,20260917,clipart,ridge,nll,10,2,18,0.1111111111111111,7,7,2,2,2.0,2.0,0.0029595546941596496,2,1,True,True,False,False,True,True,False,False,True,True,"[""painting__clip_pc1_middle|real__clip_pc1_low|sketch__clip_pc1_low"", ""real__clip_pc1_high|real__clip_pc1_low|sketch__clip_pc1_low""]","[""infograph__clip_pc1_high|sketch__clip_pc1_low|sketch__clip_pc1_middle"", ""real__clip_pc1_high|sketch__clip_pc1_low|sketch__clip_pc1_middle""]",real__clip_pc1_middle|sketch__clip_pc1_low|sketch__clip_pc1_middle,painting__clip_pc1_middle|real__clip_pc1_low|sketch__clip_pc1_low
new_seeds,dinov2_b14,20260917,clipart,ridge,nll,25,13,37,0.35135135135135137,5,6,2,3,2.0,3.0,0.0,0,1,True,True,False,True,False,False,False,False,False,False,"[""painting__clip_pc1_middle|real__clip_pc1_low|sketch__clip_pc1_low"", ""real__clip_pc1_high|real__clip_pc1_low|sketch__clip_pc1_low""]","[""infograph__clip_pc1_high|sketch__clip_pc1_low|sketch__clip_pc1_middle"", ""painting__clip_pc1_middle|sketch__clip_pc1_low|sketch__clip_pc1_middle"", ""real__clip_pc1_low|sketch__clip_pc1_low|sketch__clip_pc1_middle""]",real__clip_pc1_low|sketch__clip_pc1_low|sketch__clip_pc1_middle,real__clip_pc1_low|sketch__clip_pc1_low|sketch__clip_pc1_middle
new_seeds,dinov2_b14,20260917,clipart,ridge,nll,50,31,69,0.4492753623188406,2,5,0,3,0.0,3.0,0.0,0,1,False,True,False,False,False,False,False,False,False,False,[],"[""infograph__clip_pc1_high|sketch__clip_pc1_low|sketch__clip_pc1_middle"", ""painting__clip_pc1_middle|sketch__clip_pc1_low|sketch__clip_pc1_middle"", ""real__clip_pc1_low|sketch__clip_pc1_high|sketch__clip_pc1_low""]",real__clip_pc1_low|sketch__clip_pc1_low|sketch__clip_pc1_middle,real__clip_pc1_low|sketch__clip_pc1_low|sketch__clip_pc1_middle
new_seeds,dinov2_b14,20260917,clipart,ridge,nll,100,78,122,0.639344262295082,1,2,0,1,0.0,1.0,0.0,0,1,False,True,False,False,False,False,False,False,False,False,[],"[""sketch__clip_pc1_high|sketch__clip_pc1_low|sketch__clip_pc1_middle""]",real__clip_pc1_low|sketch__clip_pc1_low|sketch__clip_pc1_middle,real__clip_pc1_low|sketch__clip_pc1_low|sketch__clip_pc1_middle
new_seeds,dinov2_b14,20260917,clipart,ridge,nll,227,210,244,0.860655737704918,1,1,0,0,0.0,0.0,0.0,0,1,False,False,False,False,False,False,False,False,False,False,[],[],real__clip_pc1_low|sketch__clip_pc1_low|sketch__clip_pc1_middle,real__clip_pc1_low|sketch__clip_pc1_low|sketch__clip_pc1_middle
new_seeds,dinov2_b14,20260917,clipart,ridge,error_rate,10,2,18,0.1111111111111111,9,6,3,0,3.0,0.0,0.01806640625,3,2,True,False,True,False,True,True,False,True,False,True,"[""painting__clip_pc1_middle|real__clip_pc1_middle|sketch__clip_pc1_low"", ""real__clip_pc1_high|real__clip_pc1_low|sketch__clip_pc1_low"", ""real__clip_pc1_high|real__clip_pc1_middle|sketch__clip_pc1_low""]",[],real__clip_pc1_middle|sketch__clip_pc1_low|sketch__clip_pc1_middle,real__clip_pc1_high|real__clip_pc1_low|sketch__clip_pc1_low
new_seeds,dinov2_b14,20260917,clipart,ridge,error_rate,25,13,37,0.35135135135135137,5,6,1,2,1.0,2.0,0.0,0,2,True,True,False,False,True,False,True,False,False,False,"[""real__clip_pc1_high|real__clip_pc1_low|sketch__clip_pc1_low""]","[""painting__clip_pc1_middle|sketch__clip_pc1_low|sketch__clip_pc1_middle"", ""real__clip_pc1_low|sketch__clip_pc1_low|sketch__clip_pc1_middle""]",real__clip_pc1_high|real__clip_pc1_middle|sketch__clip_pc1_low,real__clip_pc1_high|real__clip_pc1_low|sketch__clip_pc1_low
new_seeds,dinov2_b14,20260917,clipart,ridge,error_rate,50,31,69,0.4492753623188406,2,4,0,2,0.0,2.0,0.0,0,2,False,True,False,False,False,False,False,False,False,False,[],"[""painting__clip_pc1_middle|sketch__clip_pc1_low|sketch__clip_pc1_middle"", ""real__clip_pc1_low|sketch__clip_pc1_high|sketch__clip_pc1_low""]",real__clip_pc1_high|real__clip_pc1_low|sketch__clip_pc1_low,real__clip_pc1_high|real__clip_pc1_low|sketch__clip_pc1_low
new_seeds,dinov2_b14,20260917,clipart,ridge,error_rate,100,78,122,0.639344262295082,2,2,0,0,0.0,0.0,0.0,0,2,False,False,False,False,False,False,False,False,False,False,[],[],real__clip_pc1_high|real__clip_pc1_low|sketch__clip_pc1_low,real__clip_pc1_high|real__clip_pc1_low|sketch__clip_pc1_low
new_seeds,dinov2_b14,20260917,clipart,ridge,error_rate,227,210,244,0.860655737704918,2,2,0,0,0.0,0.0,0.0,0,2,False,False,False,False,False,False,False,False,False,False,[],[],real__clip_pc1_high|real__clip_pc1_low|sketch__clip_pc1_low,real__clip_pc1_high|real__clip_pc1_low|sketch__clip_pc1_low
new_seeds,dinov2_b14,20260917,clipart,logistic,brier_score,10,2,18,0.1111111111111111,8,6,3,1,3.0,1.0,0.01122601727348016,2,1,True,True,True,False,True,True,False,True,False,True,"[""painting__clip_pc1_middle|real__clip_pc1_low|sketch__clip_pc1_low"", ""painting__clip_pc1_middle|real__clip_pc1_middle|sketch__clip_pc1_low"", ""real__clip_pc1_high|real__clip_pc1_low|sketch__clip_pc1_low""]","[""real__clip_pc1_high|sketch__clip_pc1_low|sketch__clip_pc1_middle""]",real__clip_pc1_high|sketch__clip_pc1_low|sketch__clip_pc1_middle,painting__clip_pc1_middle|real__clip_pc1_low|sketch__clip_pc1_low
new_seeds,dinov2_b14,20260917,clipart,logistic,brier_score,25,13,37,0.35135135135135137,5,4,3,2,3.0,2.0,0.00026602715285206635,1,1,True,True,True,False,True,True,False,False,False,True,"[""painting__clip_pc1_middle|real__clip_pc1_low|sketch__clip_pc1_low"", ""real__clip_pc1_high|real__clip_pc1_low|sketch__clip_pc1_low"", ""real__clip_pc1_low|real__clip_pc1_middle|sketch__clip_pc1_low""]","[""painting__clip_pc1_middle|sketch__clip_pc1_low|sketch__clip_pc1_middle"", ""real__clip_pc1_low|sketch__clip_pc1_low|sketch__clip_pc1_middle""]",real__clip_pc1_low|sketch__clip_pc1_low|sketch__clip_pc1_middle,painting__clip_pc1_middle|real__clip_pc1_low|sketch__clip_pc1_low
new_seeds,dinov2_b14,20260917,clipart,logistic,brier_score,50,31,69,0.4492753623188406,1,3,0,2,0.0,2.0,0.0,0,1,False,True,False,False,False,False,False,False,False,False,[],"[""painting__clip_pc1_middle|sketch__clip_pc1_low|sketch__clip_pc1_middle"", ""real__clip_pc1_low|sketch__clip_pc1_high|sketch__clip_pc1_low""]",painting__clip_pc1_middle|real__clip_pc1_low|sketch__clip_pc1_low,painting__clip_pc1_middle|real__clip_pc1_low|sketch__clip_pc1_low
new_seeds,dinov2_b14,20260917,clipart,logistic,brier_score,100,78,122,0.639344262295082,0,0,0,0,0.0,0.0,0.0,0,1,False,False,False,False,False,False,False,False,False,False,[],[],painting__clip_pc1_middle|real__clip_pc1_low|sketch__clip_pc1_low,painting__clip_pc1_middle|real__clip_pc1_low|sketch__clip_pc1_low
new_seeds,dinov2_b14,20260917,clipart,logistic,brier_score,227,210,244,0.860655737704918,0,0,0,0,0.0,0.0,0.0,0,1,False,False,False,False,False,False,False,False,False,False,[],[],painting__clip_pc1_middle|real__clip_pc1_low|sketch__clip_pc1_low,painting__clip_pc1_middle|real__clip_pc1_low|sketch__clip_pc1_low
new_seeds,dinov2_b14,20260917,clipart,logistic,nll,10,2,18,0.1111111111111111,8,8,2,2,2.0,2.0,0.06780589593539332,2,1,True,True,True,False,True,True,False,True,False,True,"[""painting__clip_pc1_middle|real__clip_pc1_low|sketch__clip_pc1_low"", ""real__clip_pc1_high|real__clip_pc1_low|sketch__clip_pc1_low""]","[""infograph__clip_pc1_high|real__clip_pc1_low|sketch__clip_pc1_low"", ""painting__clip_pc1_low|sketch__clip_pc1_low|sketch__clip_pc1_middle""]",painting__clip_pc1_low|sketch__clip_pc1_low|sketch__clip_pc1_middle,painting__clip_pc1_middle|real__clip_pc1_low|sketch__clip_pc1_low
new_seeds,dinov2_b14,20260917,clipart,logistic,nll,25,13,37,0.35135135135135137,6,5,3,2,3.0,2.0,0.006351760870424439,1,1,True,True,True,False,True,True,False,False,False,True,"[""painting__clip_pc1_middle|real__clip_pc1_low|sketch__clip_pc1_low"", ""real__clip_pc1_high|real__clip_pc1_low|sketch__clip_pc1_low"", ""real__clip_pc1_high|real__clip_pc1_low|sketch__clip_pc1_middle""]","[""infograph__clip_pc1_high|real__clip_pc1_low|sketch__clip_pc1_low"", ""real__clip_pc1_low|sketch__clip_pc1_low|sketch__clip_pc1_middle""]",real__clip_pc1_low|sketch__clip_pc1_low|sketch__clip_pc1_middle,painting__clip_pc1_middle|real__clip_pc1_low|sketch__clip_pc1_low
new_seeds,dinov2_b14,20260917,clipart,logistic,nll,50,31,69,0.4492753623188406,2,3,2,3,2.0,3.0,0.0,0,1,True,True,False,False,False,False,False,False,False,False,"[""painting__clip_pc1_middle|real__clip_pc1_low|sketch__clip_pc1_middle"", ""real__clip_pc1_high|real__clip_pc1_low|sketch__clip_pc1_middle""]","[""infograph__clip_pc1_high|real__clip_pc1_low|sketch__clip_pc1_low"", ""painting__clip_pc1_low|sketch__clip_pc1_high|sketch__clip_pc1_low"", ""real__clip_pc1_low|sketch__clip_pc1_high|sketch__clip_pc1_low""]",painting__clip_pc1_middle|real__clip_pc1_low|sketch__clip_pc1_low,painting__clip_pc1_middle|real__clip_pc1_low|sketch__clip_pc1_low
new_seeds,dinov2_b14,20260917,clipart,logistic,nll,100,78,122,0.639344262295082,0,0,0,0,0.0,0.0,0.0,0,1,False,False,False,False,False,False,False,False,False,False,[],[],painting__clip_pc1_middle|real__clip_pc1_low|sketch__clip_pc1_low,painting__clip_pc1_middle|real__clip_pc1_low|sketch__clip_pc1_low
new_seeds,dinov2_b14,20260917,clipart,logistic,nll,227,210,244,0.860655737704918,0,0,0,0,0.0,0.0,0.0,0,1,False,False,False,False,False,False,False,False,False,False,[],[],painting__clip_pc1_middle|real__clip_pc1_low|sketch__clip_pc1_low,painting__clip_pc1_middle|real__clip_pc1_low|sketch__clip_pc1_low
new_seeds,dinov2_b14,20260917,clipart,logistic,error_rate,10,2,18,0.1111111111111111,8,5,4,1,4.0,1.0,0.04443359375,4,1,True,True,True,False,True,True,False,True,False,True,"[""painting__clip_pc1_middle|real__clip_pc1_low|sketch__clip_pc1_low"", ""painting__clip_pc1_middle|real__clip_pc1_middle|sketch__clip_pc1_low"", ""real__clip_pc1_high|real__clip_pc1_low|sketch__clip_pc1_low"", ""real__clip_pc1_high|real__clip_pc1_middle|sketch__clip_pc1_low""]","[""real__clip_pc1_high|sketch__clip_pc1_low|sketch__clip_pc1_middle""]",real__clip_pc1_high|sketch__clip_pc1_low|sketch__clip_pc1_middle,real__clip_pc1_high|real__clip_pc1_low|sketch__clip_pc1_low
new_seeds,dinov2_b14,20260917,clipart,logistic,error_rate,25,13,37,0.35135135135135137,5,3,3,1,3.0,1.0,0.021484375,1,1,True,True,True,False,True,True,False,False,False,True,"[""painting__clip_pc1_middle|real__clip_pc1_low|sketch__clip_pc1_low"", ""real__clip_pc1_high|real__clip_pc1_low|sketch__clip_pc1_low"", ""real__clip_pc1_high|real__clip_pc1_low|sketch__clip_pc1_middle""]","[""real__clip_pc1_low|sketch__clip_pc1_low|sketch__clip_pc1_middle""]",real__clip_pc1_high|real__clip_pc1_middle|sketch__clip_pc1_low,real__clip_pc1_high|real__clip_pc1_low|sketch__clip_pc1_low
new_seeds,dinov2_b14,20260917,clipart,logistic,error_rate,50,31,69,0.4492753623188406,2,1,1,0,1.0,0.0,0.0,0,1,True,False,False,False,False,False,False,False,False,False,"[""real__clip_pc1_high|real__clip_pc1_low|sketch__clip_pc1_middle""]",[],real__clip_pc1_high|real__clip_pc1_low|sketch__clip_pc1_low,real__clip_pc1_high|real__clip_pc1_low|sketch__clip_pc1_low
new_seeds,dinov2_b14,20260917,clipart,logistic,error_rate,100,78,122,0.639344262295082,1,1,0,0,0.0,0.0,0.0,0,1,False,False,False,False,False,False,False,False,False,False,[],[],real__clip_pc1_high|real__clip_pc1_low|sketch__clip_pc1_low,real__clip_pc1_high|real__clip_pc1_low|sketch__clip_pc1_low
new_seeds,dinov2_b14,20260917,clipart,logistic,error_rate,227,210,244,0.860655737704918,0,0,0,0,0.0,0.0,0.0,0,1,False,False,False,False,False,False,False,False,False,False,[],[],real__clip_pc1_high|real__clip_pc1_low|sketch__clip_pc1_low,real__clip_pc1_high|real__clip_pc1_low|sketch__clip_pc1_low
new_seeds,dinov2_b14,20260917,infograph,ridge,brier_score,10,1,19,0.05263157894736842,7,10,0,3,0.0,3.0,0.0,0,1,False,True,False,True,False,False,False,False,False,False,[],"[""clipart__clip_pc1_low|clipart__clip_pc1_middle|sketch__clip_pc1_low"", ""clipart__clip_pc1_low|real__clip_pc1_middle|sketch__clip_pc1_low"", ""clipart__clip_pc1_middle|real__clip_pc1_low|sketch__clip_pc1_low""]",clipart__clip_pc1_low|clipart__clip_pc1_middle|sketch__clip_pc1_low,clipart__clip_pc1_low|clipart__clip_pc1_middle|sketch__clip_pc1_low
new_seeds,dinov2_b14,20260917,infograph,ridge,brier_score,25,6,44,0.13636363636363635,4,10,0,6,0.0,6.0,0.0,0,1,False,True,False,True,False,False,False,False,False,False,[],"[""clipart__clip_pc1_low|clipart__clip_pc1_middle|sketch__clip_pc1_low"", ""clipart__clip_pc1_low|real__clip_pc1_high|sketch__clip_pc1_low"", ""clipart__clip_pc1_low|real__clip_pc1_low|sketch__clip_pc1_low"", ""clipart__clip_pc1_low|real__clip_pc1_middle|sketch__clip_pc1_low"", ""clipart__clip_pc1_low|sketch__clip_pc1_low|sketch__clip_pc1_middle"", ""clipart__clip_pc1_middle|real__clip_pc1_low|sketch__clip_pc1_low""]",clipart__clip_pc1_low|clipart__clip_pc1_middle|sketch__clip_pc1_low,clipart__clip_pc1_low|clipart__clip_pc1_middle|sketch__clip_pc1_low
new_seeds,dinov2_b14,20260917,infograph,ridge,brier_score,50,23,77,0.2987012987012987,0,8,0,8,0.0,8.0,0.0,0,1,False,True,False,True,False,False,False,False,False,False,[],"[""clipart__clip_pc1_high|clipart__clip_pc1_low|sketch__clip_pc1_low"", ""clipart__clip_pc1_low|clipart__clip_pc1_middle|sketch__clip_pc1_low"", ""clipart__clip_pc1_low|painting__clip_pc1_middle|sketch__clip_pc1_low"", ""clipart__clip_pc1_low|real__clip_pc1_low|sketch__clip_pc1_low"", ""clipart__clip_pc1_low|sketch__clip_pc1_low|sketch__clip_pc1_middle"", ""clipart__clip_pc1_middle|painting__clip_pc1_middle|sketch__clip_pc1_low"", ""clipart__clip_pc1_middle|real__clip_pc1_low|sketch__clip_pc1_low"", ""clipart__clip_pc1_middle|sketch__clip_pc1_low|sketch__clip_pc1_middle""]",clipart__clip_pc1_low|clipart__clip_pc1_middle|sketch__clip_pc1_low,clipart__clip_pc1_low|clipart__clip_pc1_middle|sketch__clip_pc1_low
new_seeds,dinov2_b14,20260917,infograph,ridge,brier_score,100,71,129,0.5503875968992248,0,6,0,6,0.0,6.0,0.0,0,1,False,True,False,True,False,False,False,False,False,False,[],"[""clipart__clip_pc1_high|clipart__clip_pc1_low|sketch__clip_pc1_low"", ""clipart__clip_pc1_low|clipart__clip_pc1_middle|sketch__clip_pc1_low"", ""clipart__clip_pc1_low|real__clip_pc1_low|sketch__clip_pc1_low"", ""clipart__clip_pc1_middle|painting__clip_pc1_middle|sketch__clip_pc1_low"", ""clipart__clip_pc1_middle|real__clip_pc1_low|sketch__clip_pc1_low"", ""clipart__clip_pc1_middle|sketch__clip_pc1_low|sketch__clip_pc1_middle""]",clipart__clip_pc1_low|clipart__clip_pc1_middle|sketch__clip_pc1_low,clipart__clip_pc1_low|clipart__clip_pc1_middle|sketch__clip_pc1_low
new_seeds,dinov2_b14,20260917,infograph,ridge,brier_score,227,218,236,0.923728813559322,0,0,0,0,0.0,0.0,0.0,0,1,False,False,False,False,False,False,False,False,False,False,[],[],clipart__clip_pc1_low|clipart__clip_pc1_middle|sketch__clip_pc1_low,clipart__clip_pc1_low|clipart__clip_pc1_middle|sketch__clip_pc1_low
new_seeds,dinov2_b14,20260917,infograph,ridge,nll,10,1,19,0.05263157894736842,7,10,0,3,0.0,3.0,0.0,0,1,False,True,False,True,False,False,False,False,False,False,[],"[""clipart__clip_pc1_low|clipart__clip_pc1_middle|sketch__clip_pc1_low"", ""clipart__clip_pc1_middle|real__clip_pc1_low|sketch__clip_pc1_low"", ""clipart__clip_pc1_middle|real__clip_pc1_middle|sketch__clip_pc1_low""]",clipart__clip_pc1_low|clipart__clip_pc1_middle|sketch__clip_pc1_low,clipart__clip_pc1_low|clipart__clip_pc1_middle|sketch__clip_pc1_low
new_seeds,dinov2_b14,20260917,infograph,ridge,nll,25,6,44,0.13636363636363635,4,10,0,6,0.0,6.0,0.0,0,1,False,True,False,True,False,False,False,False,False,False,[],"[""clipart__clip_pc1_low|clipart__clip_pc1_middle|sketch__clip_pc1_low"", ""clipart__clip_pc1_low|real__clip_pc1_high|sketch__clip_pc1_low"", ""clipart__clip_pc1_low|real__clip_pc1_low|sketch__clip_pc1_low"", ""clipart__clip_pc1_low|sketch__clip_pc1_low|sketch__clip_pc1_middle"", ""clipart__clip_pc1_middle|real__clip_pc1_low|sketch__clip_pc1_low"", ""clipart__clip_pc1_middle|real__clip_pc1_middle|sketch__clip_pc1_low""]",clipart__clip_pc1_low|clipart__clip_pc1_middle|sketch__clip_pc1_low,clipart__clip_pc1_low|clipart__clip_pc1_middle|sketch__clip_pc1_low
new_seeds,dinov2_b14,20260917,infograph,ridge,nll,50,23,77,0.2987012987012987,0,9,0,9,0.0,9.0,0.0,0,1,False,True,False,True,False,False,False,False,False,False,[],"[""clipart__clip_pc1_high|clipart__clip_pc1_low|sketch__clip_pc1_low"", ""clipart__clip_pc1_low|clipart__clip_pc1_middle|sketch__clip_pc1_low"", ""clipart__clip_pc1_low|painting__clip_pc1_middle|sketch__clip_pc1_low"", ""clipart__clip_pc1_low|real__clip_pc1_low|sketch__clip_pc1_low"", ""clipart__clip_pc1_low|sketch__clip_pc1_low|sketch__clip_pc1_middle"", ""clipart__clip_pc1_middle|painting__clip_pc1_middle|sketch__clip_pc1_low"", ""clipart__clip_pc1_middle|real__clip_pc1_low|sketch__clip_pc1_low"", ""clipart__clip_pc1_middle|real__clip_pc1_middle|sketch__clip_pc1_low"", ""clipart__clip_pc1_middle|sketch__clip_pc1_low|sketch__clip_pc1_middle""]",clipart__clip_pc1_low|clipart__clip_pc1_middle|sketch__clip_pc1_low,clipart__clip_pc1_low|clipart__clip_pc1_middle|sketch__clip_pc1_low
new_seeds,dinov2_b14,20260917,infograph,ridge,nll,100,71,129,0.5503875968992248,0,6,0,6,0.0,6.0,0.0,0,1,False,True,False,True,False,False,False,False,False,False,[],"[""clipart__clip_pc1_high|clipart__clip_pc1_low|sketch__clip_pc1_low"", ""clipart__clip_pc1_low|clipart__clip_pc1_middle|sketch__clip_pc1_low"", ""clipart__clip_pc1_low|real__clip_pc1_low|sketch__clip_pc1_low"", ""clipart__clip_pc1_middle|painting__clip_pc1_middle|sketch__clip_pc1_low"", ""clipart__clip_pc1_middle|real__clip_pc1_low|sketch__clip_pc1_low"", ""clipart__clip_pc1_middle|sketch__clip_pc1_low|sketch__clip_pc1_middle""]",clipart__clip_pc1_low|clipart__clip_pc1_middle|sketch__clip_pc1_low,clipart__clip_pc1_low|clipart__clip_pc1_middle|sketch__clip_pc1_low
new_seeds,dinov2_b14,20260917,infograph,ridge,nll,227,218,236,0.923728813559322,0,0,0,0,0.0,0.0,0.0,0,1,False,False,False,False,False,False,False,False,False,False,[],[],clipart__clip_pc1_low|clipart__clip_pc1_middle|sketch__clip_pc1_low,clipart__clip_pc1_low|clipart__clip_pc1_middle|sketch__clip_pc1_low
new_seeds,dinov2_b14,20260917,infograph,ridge,error_rate,10,1,19,0.05263157894736842,9,10,0,1,0.0,1.0,0.0,0,2,False,True,False,False,True,False,True,False,True,False,[],"[""clipart__clip_pc1_middle|real__clip_pc1_middle|sketch__clip_pc1_low""]",clipart__clip_pc1_middle|real__clip_pc1_high|sketch__clip_pc1_low,real__clip_pc1_high|real__clip_pc1_middle|sketch__clip_pc1_low
new_seeds,dinov2_b14,20260917,infograph,ridge,error_rate,25,6,44,0.13636363636363635,9,10,0,1,0.0,1.0,0.0,0,2,False,True,False,False,True,False,True,False,True,False,[],"[""clipart__clip_pc1_middle|real__clip_pc1_middle|sketch__clip_pc1_low""]",clipart__clip_pc1_middle|real__clip_pc1_high|sketch__clip_pc1_low,real__clip_pc1_high|real__clip_pc1_middle|sketch__clip_pc1_low
new_seeds,dinov2_b14,20260917,infograph,ridge,error_rate,50,23,77,0.2987012987012987,6,9,1,4,1.0,4.0,0.0,1,2,True,True,False,True,True,True,False,False,False,True,"[""painting__clip_pc1_middle|real__clip_pc1_middle|sketch__clip_pc1_low""]","[""clipart__clip_pc1_low|painting__clip_pc1_middle|sketch__clip_pc1_low"", ""clipart__clip_pc1_middle|painting__clip_pc1_middle|sketch__clip_pc1_low"", ""clipart__clip_pc1_middle|real__clip_pc1_middle|sketch__clip_pc1_low"", ""clipart__clip_pc1_middle|sketch__clip_pc1_low|sketch__clip_pc1_middle""]",real__clip_pc1_high|real__clip_pc1_middle|sketch__clip_pc1_low,painting__clip_pc1_middle|real__clip_pc1_middle|sketch__clip_pc1_low
new_seeds,dinov2_b14,20260917,infograph,ridge,error_rate,100,71,129,0.5503875968992248,3,6,0,3,0.0,3.0,0.0,0,2,False,True,False,True,False,False,False,False,False,False,[],"[""clipart__clip_pc1_middle|painting__clip_pc1_high|sketch__clip_pc1_low"", ""clipart__clip_pc1_middle|painting__clip_pc1_middle|sketch__clip_pc1_low"", ""clipart__clip_pc1_middle|sketch__clip_pc1_low|sketch__clip_pc1_middle""]",painting__clip_pc1_middle|real__clip_pc1_middle|sketch__clip_pc1_low,painting__clip_pc1_middle|real__clip_pc1_middle|sketch__clip_pc1_low
new_seeds,dinov2_b14,20260917,infograph,ridge,error_rate,227,218,236,0.923728813559322,0,0,0,0,0.0,0.0,0.0,0,2,False,False,False,False,False,False,False,False,False,False,[],[],painting__clip_pc1_middle|real__clip_pc1_middle|sketch__clip_pc1_low,painting__clip_pc1_middle|real__clip_pc1_middle|sketch__clip_pc1_low
new_seeds,dinov2_b14,20260917,infograph,logistic,brier_score,10,1,19,0.05263157894736842,6,10,0,4,0.0,4.0,0.0,0,1,False,True,False,False,False,False,False,False,False,False,[],"[""clipart__clip_pc1_low|clipart__clip_pc1_middle|sketch__clip_pc1_low"", ""clipart__clip_pc1_middle|real__clip_pc1_high|sketch__clip_pc1_low"", ""clipart__clip_pc1_middle|real__clip_pc1_low|sketch__clip_pc1_low"", ""clipart__clip_pc1_middle|real__clip_pc1_middle|sketch__clip_pc1_low""]",clipart__clip_pc1_low|real__clip_pc1_middle|sketch__clip_pc1_low,clipart__clip_pc1_low|real__clip_pc1_middle|sketch__clip_pc1_low
new_seeds,dinov2_b14,20260917,infograph,logistic,brier_score,25,6,44,0.13636363636363635,4,10,0,6,0.0,6.0,0.0,0,1,False,True,False,True,False,False,False,False,False,False,[],"[""clipart__clip_pc1_low|clipart__clip_pc1_middle|sketch__clip_pc1_low"", ""clipart__clip_pc1_low|real__clip_pc1_high|sketch__clip_pc1_low"", ""clipart__clip_pc1_low|real__clip_pc1_low|sketch__clip_pc1_low"", ""clipart__clip_pc1_middle|real__clip_pc1_high|sketch__clip_pc1_low"", ""clipart__clip_pc1_middle|real__clip_pc1_low|sketch__clip_pc1_low"", ""clipart__clip_pc1_middle|real__clip_pc1_middle|sketch__clip_pc1_low""]",clipart__clip_pc1_low|real__clip_pc1_low|sketch__clip_pc1_low,clipart__clip_pc1_low|real__clip_pc1_low|sketch__clip_pc1_low
new_seeds,dinov2_b14,20260917,infograph,logistic,brier_score,50,23,77,0.2987012987012987,2,8,1,7,1.0,7.0,0.0,0,1,True,True,False,True,False,False,False,False,False,False,"[""real__clip_pc1_high|real__clip_pc1_low|sketch__clip_pc1_low""]","[""clipart__clip_pc1_low|clipart__clip_pc1_middle|sketch__clip_pc1_low"", ""clipart__clip_pc1_low|painting__clip_pc1_middle|sketch__clip_pc1_low"", ""clipart__clip_pc1_low|real__clip_pc1_low|sketch__clip_pc1_low"", ""clipart__clip_pc1_middle|painting__clip_pc1_middle|sketch__clip_pc1_low"", ""clipart__clip_pc1_middle|real__clip_pc1_high|sketch__clip_pc1_low"", ""clipart__clip_pc1_middle|real__clip_pc1_low|sketch__clip_pc1_low"", ""clipart__clip_pc1_middle|real__clip_pc1_middle|sketch__clip_pc1_low""]",clipart__clip_pc1_low|real__clip_pc1_low|sketch__clip_pc1_low,clipart__clip_pc1_low|real__clip_pc1_low|sketch__clip_pc1_low
new_seeds,dinov2_b14,20260917,infograph,logistic,brier_score,100,71,129,0.5503875968992248,0,4,0,4,0.0,4.0,0.0,0,1,False,True,False,True,False,False,False,False,False,False,[],"[""clipart__clip_pc1_low|clipart__clip_pc1_middle|sketch__clip_pc1_low"", ""clipart__clip_pc1_low|real__clip_pc1_low|sketch__clip_pc1_low"", ""clipart__clip_pc1_middle|painting__clip_pc1_middle|sketch__clip_pc1_low"", ""clipart__clip_pc1_middle|real__clip_pc1_low|sketch__clip_pc1_low""]",clipart__clip_pc1_low|real__clip_pc1_low|sketch__clip_pc1_low,clipart__clip_pc1_low|real__clip_pc1_low|sketch__clip_pc1_low
new_seeds,dinov2_b14,20260917,infograph,logistic,brier_score,227,218,236,0.923728813559322,0,0,0,0,0.0,0.0,0.0,0,1,False,False,False,False,False,False,False,False,False,False,[],[],clipart__clip_pc1_low|real__clip_pc1_low|sketch__clip_pc1_low,clipart__clip_pc1_low|real__clip_pc1_low|sketch__clip_pc1_low
new_seeds,dinov2_b14,20260917,infograph,logistic,nll,10,1,19,0.05263157894736842,8,10,0,2,0.0,2.0,0.0,0,1,False,True,False,False,False,False,False,True,False,False,[],"[""clipart__clip_pc1_low|clipart__clip_pc1_middle|sketch__clip_pc1_middle"", ""clipart__clip_pc1_middle|real__clip_pc1_middle|sketch__clip_pc1_low""]",clipart__clip_pc1_low|clipart__clip_pc1_middle|real__clip_pc1_middle,clipart__clip_pc1_low|clipart__clip_pc1_middle|real__clip_pc1_middle
new_seeds,dinov2_b14,20260917,infograph,logistic,nll,25,6,44,0.13636363636363635,6,10,0,4,0.0,4.0,0.0,1,1,False,True,False,False,False,False,False,False,True,False,[],"[""clipart__clip_pc1_low|clipart__clip_pc1_middle|painting__clip_pc1_middle"", ""clipart__clip_pc1_low|clipart__clip_pc1_middle|sketch__clip_pc1_middle"", ""clipart__clip_pc1_middle|real__clip_pc1_low|sketch__clip_pc1_middle"", ""clipart__clip_pc1_middle|real__clip_pc1_middle|sketch__clip_pc1_low""]",clipart__clip_pc1_low|real__clip_pc1_high|sketch__clip_pc1_low,clipart__clip_pc1_low|real__clip_pc1_high|sketch__clip_pc1_low
new_seeds,dinov2_b14,20260917,infograph,logistic,nll,50,23,77,0.2987012987012987,3,8,1,6,1.0,6.0,0.0,0,1,True,True,False,True,False,False,False,False,False,False,"[""clipart__clip_pc1_low|painting__clip_pc1_middle|real__clip_pc1_low""]","[""clipart__clip_pc1_low|clipart__clip_pc1_middle|painting__clip_pc1_middle"", ""clipart__clip_pc1_low|clipart__clip_pc1_middle|sketch__clip_pc1_middle"", ""clipart__clip_pc1_low|painting__clip_pc1_middle|sketch__clip_pc1_low"", ""clipart__clip_pc1_middle|painting__clip_pc1_middle|sketch__clip_pc1_low"", ""clipart__clip_pc1_middle|real__clip_pc1_middle|sketch__clip_pc1_low"", ""clipart__clip_pc1_middle|sketch__clip_pc1_low|sketch__clip_pc1_middle""]",clipart__clip_pc1_low|painting__clip_pc1_middle|sketch__clip_pc1_low,clipart__clip_pc1_low|painting__clip_pc1_middle|sketch__clip_pc1_low
new_seeds,dinov2_b14,20260917,infograph,logistic,nll,100,71,129,0.5503875968992248,1,4,0,3,0.0,3.0,0.0,0,1,False,True,False,True,False,False,False,False,False,False,[],"[""clipart__clip_pc1_low|clipart__clip_pc1_middle|painting__clip_pc1_middle"", ""clipart__clip_pc1_middle|painting__clip_pc1_middle|sketch__clip_pc1_low"", ""clipart__clip_pc1_middle|sketch__clip_pc1_low|sketch__clip_pc1_middle""]",clipart__clip_pc1_low|painting__clip_pc1_middle|sketch__clip_pc1_low,clipart__clip_pc1_low|painting__clip_pc1_middle|sketch__clip_pc1_low
new_seeds,dinov2_b14,20260917,infograph,logistic,nll,227,218,236,0.923728813559322,0,0,0,0,0.0,0.0,0.0,0,1,False,False,False,False,False,False,False,False,False,False,[],[],clipart__clip_pc1_low|painting__clip_pc1_middle|sketch__clip_pc1_low,clipart__clip_pc1_low|painting__clip_pc1_middle|sketch__clip_pc1_low
new_seeds,dinov2_b14,20260917,infograph,logistic,error_rate,10,1,19,0.05263157894736842,9,10,0,1,0.0,1.0,0.0,0,1,False,True,False,False,True,False,True,False,True,False,[],"[""clipart__clip_pc1_middle|real__clip_pc1_high|sketch__clip_pc1_low""]",clipart__clip_pc1_middle|real__clip_pc1_high|sketch__clip_pc1_low,real__clip_pc1_high|real__clip_pc1_middle|sketch__clip_pc1_low
new_seeds,dinov2_b14,20260917,infograph,logistic,error_rate,25,6,44,0.13636363636363635,8,9,0,1,0.0,1.0,0.0,0,1,False,True,False,False,True,False,True,False,True,False,[],"[""clipart__clip_pc1_middle|real__clip_pc1_high|sketch__clip_pc1_low""]",clipart__clip_pc1_middle|real__clip_pc1_high|sketch__clip_pc1_low,real__clip_pc1_high|real__clip_pc1_middle|sketch__clip_pc1_low
new_seeds,dinov2_b14,20260917,infograph,logistic,error_rate,50,23,77,0.2987012987012987,7,9,0,2,0.0,2.0,0.0,1,1,False,True,False,False,True,False,True,False,False,False,[],"[""clipart__clip_pc1_middle|painting__clip_pc1_middle|sketch__clip_pc1_low"", ""clipart__clip_pc1_middle|real__clip_pc1_high|sketch__clip_pc1_low""]",real__clip_pc1_high|real__clip_pc1_middle|sketch__clip_pc1_low,real__clip_pc1_high|real__clip_pc1_low|sketch__clip_pc1_low
new_seeds,dinov2_b14,20260917,infograph,logistic,error_rate,100,71,129,0.5503875968992248,3,7,0,4,0.0,4.0,0.0,0,1,False,True,False,False,False,False,False,False,False,False,[],"[""clipart__clip_pc1_low|clipart__clip_pc1_middle|sketch__clip_pc1_high"", ""clipart__clip_pc1_middle|painting__clip_pc1_high|sketch__clip_pc1_low"", ""clipart__clip_pc1_middle|painting__clip_pc1_middle|sketch__clip_pc1_low"", ""painting__clip_pc1_middle|sketch__clip_pc1_low|sketch__clip_pc1_middle""]",real__clip_pc1_high|real__clip_pc1_low|sketch__clip_pc1_low,real__clip_pc1_high|real__clip_pc1_low|sketch__clip_pc1_low
new_seeds,dinov2_b14,20260917,infograph,logistic,error_rate,227,218,236,0.923728813559322,0,0,0,0,0.0,0.0,0.0,0,1,False,False,False,False,False,False,False,False,False,False,[],[],real__clip_pc1_high|real__clip_pc1_low|sketch__clip_pc1_low,real__clip_pc1_high|real__clip_pc1_low|sketch__clip_pc1_low
new_seeds,dinov2_b14,20260917,painting,ridge,brier_score,10,6,14,0.42857142857142855,6,7,0,1,0.0,1.0,0.0,0,1,False,True,False,False,False,False,False,False,True,False,[],"[""real__clip_pc1_high|sketch__clip_pc1_high|sketch__clip_pc1_middle""]",clipart__clip_pc1_middle|real__clip_pc1_high|sketch__clip_pc1_high,clipart__clip_pc1_middle|real__clip_pc1_high|sketch__clip_pc1_high
new_seeds,dinov2_b14,20260917,painting,ridge,brier_score,25,16,34,0.47058823529411764,4,3,1,0,1.0,0.0,0.0,0,1,True,False,False,False,False,False,False,False,False,False,"[""real__clip_pc1_high|sketch__clip_pc1_low|sketch__clip_pc1_middle""]",[],real__clip_pc1_high|sketch__clip_pc1_high|sketch__clip_pc1_low,real__clip_pc1_high|sketch__clip_pc1_high|sketch__clip_pc1_low
new_seeds,dinov2_b14,20260917,painting,ridge,brier_score,50,39,61,0.639344262295082,3,2,1,0,1.0,0.0,0.0,0,1,True,False,False,False,False,False,False,False,False,False,"[""clipart__clip_pc1_middle|real__clip_pc1_high|sketch__clip_pc1_low""]",[],real__clip_pc1_high|sketch__clip_pc1_high|sketch__clip_pc1_low,real__clip_pc1_high|sketch__clip_pc1_high|sketch__clip_pc1_low
new_seeds,dinov2_b14,20260917,painting,ridge,brier_score,100,86,114,0.7543859649122807,1,0,1,0,1.0,0.0,0.0,0,1,True,False,False,False,False,False,False,False,False,False,"[""clipart__clip_pc1_high|clipart__clip_pc1_middle|real__clip_pc1_high""]",[],real__clip_pc1_high|sketch__clip_pc1_high|sketch__clip_pc1_low,real__clip_pc1_high|sketch__clip_pc1_high|sketch__clip_pc1_low
new_seeds,dinov2_b14,20260917,painting,ridge,brier_score,227,214,240,0.8916666666666667,0,0,0,0,0.0,0.0,0.0,0,1,False,False,False,False,False,False,False,False,False,False,[],[],real__clip_pc1_high|sketch__clip_pc1_high|sketch__clip_pc1_low,real__clip_pc1_high|sketch__clip_pc1_high|sketch__clip_pc1_low
new_seeds,dinov2_b14,20260917,painting,ridge,nll,10,6,14,0.42857142857142855,6,7,0,1,0.0,1.0,0.0,0,1,False,True,False,False,False,False,False,False,True,False,[],"[""real__clip_pc1_high|sketch__clip_pc1_high|sketch__clip_pc1_middle""]",clipart__clip_pc1_middle|real__clip_pc1_high|sketch__clip_pc1_high,clipart__clip_pc1_middle|real__clip_pc1_high|sketch__clip_pc1_high
new_seeds,dinov2_b14,20260917,painting,ridge,nll,25,16,34,0.47058823529411764,4,2,2,0,2.0,0.0,0.0,0,1,True,False,False,False,False,False,False,False,False,False,"[""clipart__clip_pc1_middle|real__clip_pc1_high|sketch__clip_pc1_middle"", ""real__clip_pc1_high|sketch__clip_pc1_low|sketch__clip_pc1_middle""]",[],real__clip_pc1_high|sketch__clip_pc1_high|sketch__clip_pc1_low,real__clip_pc1_high|sketch__clip_pc1_high|sketch__clip_pc1_low
new_seeds,dinov2_b14,20260917,painting,ridge,nll,50,39,61,0.639344262295082,2,1,1,0,1.0,0.0,0.0,0,1,True,False,False,False,False,False,False,False,False,False,"[""clipart__clip_pc1_middle|real__clip_pc1_high|sketch__clip_pc1_low""]",[],real__clip_pc1_high|sketch__clip_pc1_high|sketch__clip_pc1_low,real__clip_pc1_high|sketch__clip_pc1_high|sketch__clip_pc1_low
new_seeds,dinov2_b14,20260917,painting,ridge,nll,100,86,114,0.7543859649122807,0,0,0,0,0.0,0.0,0.0,0,1,False,False,False,False,False,False,False,False,False,False,[],[],real__clip_pc1_high|sketch__clip_pc1_high|sketch__clip_pc1_low,real__clip_pc1_high|sketch__clip_pc1_high|sketch__clip_pc1_low
new_seeds,dinov2_b14,20260917,painting,ridge,nll,227,214,240,0.8916666666666667,0,0,0,0,0.0,0.0,0.0,0,1,False,False,False,False,False,False,False,False,False,False,[],[],real__clip_pc1_high|sketch__clip_pc1_high|sketch__clip_pc1_low,real__clip_pc1_high|sketch__clip_pc1_high|sketch__clip_pc1_low
new_seeds,dinov2_b14,20260917,painting,ridge,error_rate,10,6,14,0.42857142857142855,8,7,1,0,1.0,0.0,0.0,0,1,True,False,False,False,True,False,True,False,True,False,"[""real__clip_pc1_high|real__clip_pc1_middle|sketch__clip_pc1_low""]",[],real__clip_pc1_high|real__clip_pc1_low|sketch__clip_pc1_high,real__clip_pc1_high|real__clip_pc1_middle|sketch__clip_pc1_low
new_seeds,dinov2_b14,20260917,painting,ridge,error_rate,25,16,34,0.47058823529411764,3,5,0,2,0.0,2.0,0.0,0,1,False,True,False,False,False,False,False,False,False,False,[],"[""real__clip_pc1_low|sketch__clip_pc1_high|sketch__clip_pc1_low"", ""real__clip_pc1_middle|sketch__clip_pc1_high|sketch__clip_pc1_low""]",real__clip_pc1_high|real__clip_pc1_low|sketch__clip_pc1_low,real__clip_pc1_high|real__clip_pc1_low|sketch__clip_pc1_low
new_seeds,dinov2_b14,20260917,painting,ridge,error_rate,50,39,61,0.639344262295082,3,4,0,1,0.0,1.0,0.0,0,1,False,True,False,False,False,False,False,False,False,False,[],"[""real__clip_pc1_low|sketch__clip_pc1_high|sketch__clip_pc1_low""]",real__clip_pc1_high|real__clip_pc1_low|sketch__clip_pc1_low,real__clip_pc1_high|real__clip_pc1_low|sketch__clip_pc1_low
new_seeds,dinov2_b14,20260917,painting,ridge,error_rate,100,86,114,0.7543859649122807,2,2,0,0,0.0,0.0,0.0,0,1,False,False,False,False,False,False,False,False,False,False,[],[],clipart__clip_pc1_middle|sketch__clip_pc1_high|sketch__clip_pc1_low,clipart__clip_pc1_middle|sketch__clip_pc1_high|sketch__clip_pc1_low
new_seeds,dinov2_b14,20260917,painting,ridge,error_rate,227,214,240,0.8916666666666667,0,0,0,0,0.0,0.0,0.0,0,1,False,False,False,False,False,False,False,False,False,False,[],[],clipart__clip_pc1_middle|sketch__clip_pc1_high|sketch__clip_pc1_low,clipart__clip_pc1_middle|sketch__clip_pc1_high|sketch__clip_pc1_low
new_seeds,dinov2_b14,20260917,painting,logistic,brier_score,10,6,14,0.42857142857142855,5,6,0,1,0.0,1.0,0.0,0,1,False,True,False,False,False,False,False,False,True,False,[],"[""real__clip_pc1_high|sketch__clip_pc1_high|sketch__clip_pc1_middle""]",clipart__clip_pc1_middle|real__clip_pc1_high|sketch__clip_pc1_high,clipart__clip_pc1_middle|real__clip_pc1_high|sketch__clip_pc1_high
new_seeds,dinov2_b14,20260917,painting,logistic,brier_score,25,16,34,0.47058823529411764,3,2,1,0,1.0,0.0,0.0,0,1,True,False,False,False,False,False,False,False,False,False,"[""clipart__clip_pc1_high|real__clip_pc1_high|sketch__clip_pc1_middle""]",[],real__clip_pc1_high|sketch__clip_pc1_high|sketch__clip_pc1_low,real__clip_pc1_high|sketch__clip_pc1_high|sketch__clip_pc1_low
new_seeds,dinov2_b14,20260917,painting,logistic,brier_score,50,39,61,0.639344262295082,2,1,1,0,1.0,0.0,0.0,0,1,True,False,False,False,False,False,False,False,False,False,"[""clipart__clip_pc1_middle|real__clip_pc1_high|sketch__clip_pc1_low""]",[],real__clip_pc1_high|sketch__clip_pc1_high|sketch__clip_pc1_low,real__clip_pc1_high|sketch__clip_pc1_high|sketch__clip_pc1_low
new_seeds,dinov2_b14,20260917,painting,logistic,brier_score,100,86,114,0.7543859649122807,0,0,0,0,0.0,0.0,0.0,0,1,False,False,False,False,False,False,False,False,False,False,[],[],real__clip_pc1_high|sketch__clip_pc1_high|sketch__clip_pc1_low,real__clip_pc1_high|sketch__clip_pc1_high|sketch__clip_pc1_low
new_seeds,dinov2_b14,20260917,painting,logistic,brier_score,227,214,240,0.8916666666666667,0,0,0,0,0.0,0.0,0.0,0,1,False,False,False,False,False,False,False,False,False,False,[],[],real__clip_pc1_high|sketch__clip_pc1_high|sketch__clip_pc1_low,real__clip_pc1_high|sketch__clip_pc1_high|sketch__clip_pc1_low
new_seeds,dinov2_b14,20260917,painting,logistic,nll,10,6,14,0.42857142857142855,8,8,0,0,0.0,0.0,0.0,0,1,False,False,False,False,False,False,False,False,False,False,[],[],real__clip_pc1_high|real__clip_pc1_low|sketch__clip_pc1_middle,real__clip_pc1_high|real__clip_pc1_low|sketch__clip_pc1_middle
new_seeds,dinov2_b14,20260917,painting,logistic,nll,25,16,34,0.47058823529411764,6,3,3,0,3.0,0.0,0.0,0,1,True,False,False,False,False,False,False,False,False,False,"[""clipart__clip_pc1_high|real__clip_pc1_high|real__clip_pc1_middle"", ""clipart__clip_pc1_high|real__clip_pc1_high|sketch__clip_pc1_middle"", ""clipart__clip_pc1_middle|real__clip_pc1_high|real__clip_pc1_low""]",[],real__clip_pc1_high|real__clip_pc1_low|sketch__clip_pc1_low,real__clip_pc1_high|real__clip_pc1_low|sketch__clip_pc1_low
new_seeds,dinov2_b14,20260917,painting,logistic,nll,50,39,61,0.639344262295082,1,1,0,0,0.0,0.0,0.0,0,1,False,False,False,False,False,False,False,False,False,False,[],[],real__clip_pc1_high|real__clip_pc1_low|sketch__clip_pc1_low,real__clip_pc1_high|real__clip_pc1_low|sketch__clip_pc1_low
new_seeds,dinov2_b14,20260917,painting,logistic,nll,100,86,114,0.7543859649122807,0,0,0,0,0.0,0.0,0.0,0,1,False,False,False,False,False,False,False,False,False,False,[],[],real__clip_pc1_high|real__clip_pc1_low|sketch__clip_pc1_low,real__clip_pc1_high|real__clip_pc1_low|sketch__clip_pc1_low
new_seeds,dinov2_b14,20260917,painting,logistic,nll,227,214,240,0.8916666666666667,0,0,0,0,0.0,0.0,0.0,0,1,False,False,False,False,False,False,False,False,False,False,[],[],real__clip_pc1_high|real__clip_pc1_low|sketch__clip_pc1_low,real__clip_pc1_high|real__clip_pc1_low|sketch__clip_pc1_low
new_seeds,dinov2_b14,20260917,painting,logistic,error_rate,10,6,14,0.42857142857142855,8,7,1,0,1.0,0.0,0.00927734375,1,1,True,False,False,False,True,True,False,True,False,True,"[""real__clip_pc1_high|real__clip_pc1_middle|sketch__clip_pc1_low""]",[],real__clip_pc1_high|real__clip_pc1_low|sketch__clip_pc1_middle,real__clip_pc1_high|real__clip_pc1_middle|sketch__clip_pc1_low
new_seeds,dinov2_b14,20260917,painting,logistic,error_rate,25,16,34,0.47058823529411764,6,5,1,0,1.0,0.0,0.0,0,1,True,False,False,False,False,False,False,False,False,False,"[""real__clip_pc1_high|sketch__clip_pc1_low|sketch__clip_pc1_middle""]",[],real__clip_pc1_high|real__clip_pc1_low|sketch__clip_pc1_low,real__clip_pc1_high|real__clip_pc1_low|sketch__clip_pc1_low
new_seeds,dinov2_b14,20260917,painting,logistic,error_rate,50,39,61,0.639344262295082,4,3,1,0,1.0,0.0,0.0,0,1,True,False,False,False,False,False,False,False,False,False,"[""clipart__clip_pc1_middle|real__clip_pc1_high|sketch__clip_pc1_low""]",[],real__clip_pc1_high|real__clip_pc1_low|sketch__clip_pc1_low,real__clip_pc1_high|real__clip_pc1_low|sketch__clip_pc1_low
new_seeds,dinov2_b14,20260917,painting,logistic,error_rate,100,86,114,0.7543859649122807,1,1,0,0,0.0,0.0,0.0,0,1,False,False,False,False,False,False,False,False,False,False,[],[],real__clip_pc1_high|real__clip_pc1_low|sketch__clip_pc1_low,real__clip_pc1_high|real__clip_pc1_low|sketch__clip_pc1_low
new_seeds,dinov2_b14,20260917,painting,logistic,error_rate,227,214,240,0.8916666666666667,0,0,0,0,0.0,0.0,0.0,0,1,False,False,False,False,False,False,False,False,False,False,[],[],real__clip_pc1_high|real__clip_pc1_low|sketch__clip_pc1_low,real__clip_pc1_high|real__clip_pc1_low|sketch__clip_pc1_low
new_seeds,dinov2_b14,20260917,quickdraw,ridge,brier_score,10,1,19,0.05263157894736842,6,9,0,3,0.0,3.0,0.0,0,1,False,True,False,False,False,False,False,False,True,False,[],"[""clipart__clip_pc1_high|sketch__clip_pc1_low|sketch__clip_pc1_middle"", ""clipart__clip_pc1_middle|sketch__clip_pc1_high|sketch__clip_pc1_low"", ""clipart__clip_pc1_middle|sketch__clip_pc1_low|sketch__clip_pc1_middle""]",clipart__clip_pc1_middle|sketch__clip_pc1_low|sketch__clip_pc1_middle,clipart__clip_pc1_middle|sketch__clip_pc1_low|sketch__clip_pc1_middle
new_seeds,dinov2_b14,20260917,quickdraw,ridge,brier_score,25,4,46,0.08695652173913043,3,8,0,5,0.0,5.0,0.0,0,1,False,True,False,False,False,False,False,False,True,False,[],"[""clipart__clip_pc1_high|clipart__clip_pc1_low|sketch__clip_pc1_low"", ""clipart__clip_pc1_high|clipart__clip_pc1_middle|sketch__clip_pc1_low"", ""clipart__clip_pc1_high|sketch__clip_pc1_low|sketch__clip_pc1_middle"", ""clipart__clip_pc1_low|clipart__clip_pc1_middle|sketch__clip_pc1_middle"", ""clipart__clip_pc1_middle|sketch__clip_pc1_high|sketch__clip_pc1_low""]",clipart__clip_pc1_high|clipart__clip_pc1_low|sketch__clip_pc1_low,clipart__clip_pc1_high|clipart__clip_pc1_low|sketch__clip_pc1_low
new_seeds,dinov2_b14,20260917,quickdraw,ridge,brier_score,50,15,85,0.17647058823529413,2,6,0,4,0.0,4.0,0.0,0,1,False,True,False,True,False,False,False,False,False,False,[],"[""clipart__clip_pc1_high|clipart__clip_pc1_low|sketch__clip_pc1_low"", ""clipart__clip_pc1_high|clipart__clip_pc1_middle|sketch__clip_pc1_low"", ""clipart__clip_pc1_low|clipart__clip_pc1_middle|sketch__clip_pc1_low"", ""clipart__clip_pc1_middle|sketch__clip_pc1_high|sketch__clip_pc1_low""]",clipart__clip_pc1_low|clipart__clip_pc1_middle|sketch__clip_pc1_low,clipart__clip_pc1_low|clipart__clip_pc1_middle|sketch__clip_pc1_low
new_seeds,dinov2_b14,20260917,quickdraw,ridge,brier_score,100,52,148,0.35135135135135137,1,3,0,2,0.0,2.0,0.0,0,1,False,True,False,False,False,False,False,False,False,False,[],"[""clipart__clip_pc1_high|clipart__clip_pc1_low|sketch__clip_pc1_low"", ""clipart__clip_pc1_high|clipart__clip_pc1_middle|sketch__clip_pc1_low""]",clipart__clip_pc1_low|clipart__clip_pc1_middle|sketch__clip_pc1_low,clipart__clip_pc1_low|clipart__clip_pc1_middle|sketch__clip_pc1_low
new_seeds,dinov2_b14,20260917,quickdraw,ridge,brier_score,227,177,277,0.6389891696750902,0,1,0,1,0.0,1.0,0.0,0,1,False,True,False,False,False,False,False,False,False,False,[],"[""clipart__clip_pc1_high|clipart__clip_pc1_low|clipart__clip_pc1_middle""]",clipart__clip_pc1_low|clipart__clip_pc1_middle|sketch__clip_pc1_low,clipart__clip_pc1_low|clipart__clip_pc1_middle|sketch__clip_pc1_low
new_seeds,dinov2_b14,20260917,quickdraw,ridge,nll,10,1,19,0.05263157894736842,6,9,0,3,0.0,3.0,0.0,0,1,False,True,False,False,False,False,False,False,True,False,[],"[""clipart__clip_pc1_high|sketch__clip_pc1_low|sketch__clip_pc1_middle"", ""clipart__clip_pc1_middle|sketch__clip_pc1_high|sketch__clip_pc1_low"", ""clipart__clip_pc1_middle|sketch__clip_pc1_low|sketch__clip_pc1_middle""]",clipart__clip_pc1_middle|sketch__clip_pc1_low|sketch__clip_pc1_middle,clipart__clip_pc1_middle|sketch__clip_pc1_low|sketch__clip_pc1_middle
new_seeds,dinov2_b14,20260917,quickdraw,ridge,nll,25,4,46,0.08695652173913043,2,8,0,6,0.0,6.0,0.0,0,1,False,True,False,False,False,False,False,False,True,False,[],"[""clipart__clip_pc1_high|clipart__clip_pc1_low|sketch__clip_pc1_low"", ""clipart__clip_pc1_high|clipart__clip_pc1_low|sketch__clip_pc1_middle"", ""clipart__clip_pc1_high|clipart__clip_pc1_middle|sketch__clip_pc1_low"", ""clipart__clip_pc1_high|sketch__clip_pc1_low|sketch__clip_pc1_middle"", ""clipart__clip_pc1_low|clipart__clip_pc1_middle|sketch__clip_pc1_middle"", ""clipart__clip_pc1_middle|sketch__clip_pc1_high|sketch__clip_pc1_low""]",clipart__clip_pc1_high|clipart__clip_pc1_low|sketch__clip_pc1_low,clipart__clip_pc1_high|clipart__clip_pc1_low|sketch__clip_pc1_low
new_seeds,dinov2_b14,20260917,quickdraw,ridge,nll,50,15,85,0.17647058823529413,1,6,0,5,0.0,5.0,0.0,0,1,False,True,False,True,False,False,False,False,False,False,[],"[""clipart__clip_pc1_high|clipart__clip_pc1_low|sketch__clip_pc1_low"", ""clipart__clip_pc1_high|clipart__clip_pc1_low|sketch__clip_pc1_middle"", ""clipart__clip_pc1_high|clipart__clip_pc1_middle|sketch__clip_pc1_low"", ""clipart__clip_pc1_low|clipart__clip_pc1_middle|sketch__clip_pc1_low"", ""clipart__clip_pc1_middle|sketch__clip_pc1_high|sketch__clip_pc1_low""]",clipart__clip_pc1_low|clipart__clip_pc1_middle|sketch__clip_pc1_low,clipart__clip_pc1_low|clipart__clip_pc1_middle|sketch__clip_pc1_low
new_seeds,dinov2_b14,20260917,quickdraw,ridge,nll,100,52,148,0.35135135135135137,1,3,0,2,0.0,2.0,0.0,0,1,False,True,False,False,False,False,False,False,False,False,[],"[""clipart__clip_pc1_high|clipart__clip_pc1_low|sketch__clip_pc1_low"", ""clipart__clip_pc1_high|clipart__clip_pc1_middle|sketch__clip_pc1_low""]",clipart__clip_pc1_low|clipart__clip_pc1_middle|sketch__clip_pc1_low,clipart__clip_pc1_low|clipart__clip_pc1_middle|sketch__clip_pc1_low
new_seeds,dinov2_b14,20260917,quickdraw,ridge,nll,227,177,277,0.6389891696750902,0,1,0,1,0.0,1.0,0.0,0,1,False,True,False,False,False,False,False,False,False,False,[],"[""clipart__clip_pc1_high|clipart__clip_pc1_low|clipart__clip_pc1_middle""]",clipart__clip_pc1_low|clipart__clip_pc1_middle|sketch__clip_pc1_low,clipart__clip_pc1_low|clipart__clip_pc1_middle|sketch__clip_pc1_low
new_seeds,dinov2_b14,20260917,quickdraw,ridge,error_rate,10,1,19,0.05263157894736842,7,10,0,3,0.0,3.0,0.0,0,1,False,True,False,False,False,False,False,False,True,False,[],"[""clipart__clip_pc1_low|sketch__clip_pc1_high|sketch__clip_pc1_low"", ""clipart__clip_pc1_middle|sketch__clip_pc1_high|sketch__clip_pc1_low"", ""clipart__clip_pc1_middle|sketch__clip_pc1_low|sketch__clip_pc1_middle""]",clipart__clip_pc1_middle|sketch__clip_pc1_high|sketch__clip_pc1_low,clipart__clip_pc1_middle|sketch__clip_pc1_high|sketch__clip_pc1_low
new_seeds,dinov2_b14,20260917,quickdraw,ridge,error_rate,25,4,46,0.08695652173913043,5,9,0,4,0.0,4.0,0.0,0,1,False,True,False,False,False,False,False,False,False,False,[],"[""clipart__clip_pc1_high|clipart__clip_pc1_low|sketch__clip_pc1_low"", ""clipart__clip_pc1_high|clipart__clip_pc1_middle|sketch__clip_pc1_low"", ""clipart__clip_pc1_low|sketch__clip_pc1_high|sketch__clip_pc1_low"", ""clipart__clip_pc1_middle|sketch__clip_pc1_high|sketch__clip_pc1_low""]",clipart__clip_pc1_high|clipart__clip_pc1_low|sketch__clip_pc1_low,clipart__clip_pc1_high|clipart__clip_pc1_low|sketch__clip_pc1_low
new_seeds,dinov2_b14,20260917,quickdraw,ridge,error_rate,50,15,85,0.17647058823529413,3,7,2,6,2.0,6.0,0.00048828125,2,1,True,True,False,False,False,False,False,False,False,False,"[""clipart__clip_pc1_middle|real__clip_pc1_high|sketch__clip_pc1_low"", ""clipart__clip_pc1_middle|real__clip_pc1_middle|sketch__clip_pc1_low""]","[""clipart__clip_pc1_high|clipart__clip_pc1_low|sketch__clip_pc1_low"", ""clipart__clip_pc1_high|clipart__clip_pc1_middle|sketch__clip_pc1_low"", ""clipart__clip_pc1_low|clipart__clip_pc1_middle|sketch__clip_pc1_low"", ""clipart__clip_pc1_low|sketch__clip_pc1_high|sketch__clip_pc1_low"", ""clipart__clip_pc1_middle|infograph__clip_pc1_high|sketch__clip_pc1_low"", ""clipart__clip_pc1_middle|sketch__clip_pc1_high|sketch__clip_pc1_low""]",clipart__clip_pc1_high|clipart__clip_pc1_low|sketch__clip_pc1_low,clipart__clip_pc1_high|clipart__clip_pc1_low|sketch__clip_pc1_low
new_seeds,dinov2_b14,20260917,quickdraw,ridge,error_rate,100,52,148,0.35135135135135137,0,3,0,3,0.0,3.0,0.0,0,1,False,True,False,False,False,False,False,False,False,False,[],"[""clipart__clip_pc1_high|clipart__clip_pc1_low|sketch__clip_pc1_low"", ""clipart__clip_pc1_high|clipart__clip_pc1_middle|sketch__clip_pc1_low"", ""clipart__clip_pc1_middle|infograph__clip_pc1_high|sketch__clip_pc1_low""]",clipart__clip_pc1_high|clipart__clip_pc1_low|sketch__clip_pc1_low,clipart__clip_pc1_high|clipart__clip_pc1_low|sketch__clip_pc1_low
new_seeds,dinov2_b14,20260917,quickdraw,ridge,error_rate,227,177,277,0.6389891696750902,0,0,0,0,0.0,0.0,0.0,0,1,False,False,False,False,False,False,False,False,False,False,[],[],clipart__clip_pc1_high|clipart__clip_pc1_low|sketch__clip_pc1_low,clipart__clip_pc1_high|clipart__clip_pc1_low|sketch__clip_pc1_low
new_seeds,dinov2_b14,20260917,quickdraw,logistic,brier_score,10,1,19,0.05263157894736842,9,10,0,1,0.0,1.0,0.0,0,1,False,True,False,False,False,False,False,False,True,False,[],"[""clipart__clip_pc1_middle|sketch__clip_pc1_low|sketch__clip_pc1_middle""]",clipart__clip_pc1_middle|sketch__clip_pc1_low|sketch__clip_pc1_middle,clipart__clip_pc1_middle|sketch__clip_pc1_low|sketch__clip_pc1_middle
new_seeds,dinov2_b14,20260917,quickdraw,logistic,brier_score,25,4,46,0.08695652173913043,6,9,0,3,0.0,3.0,0.0,0,1,False,True,False,False,False,False,False,False,True,False,[],"[""clipart__clip_pc1_high|clipart__clip_pc1_low|sketch__clip_pc1_low"", ""clipart__clip_pc1_high|clipart__clip_pc1_middle|sketch__clip_pc1_low"", ""clipart__clip_pc1_low|clipart__clip_pc1_middle|sketch__clip_pc1_middle""]",clipart__clip_pc1_high|clipart__clip_pc1_low|sketch__clip_pc1_low,clipart__clip_pc1_high|clipart__clip_pc1_low|sketch__clip_pc1_low
new_seeds,dinov2_b14,20260917,quickdraw,logistic,brier_score,50,15,85,0.17647058823529413,5,6,2,3,2.0,3.0,0.0,0,1,True,True,False,True,False,False,False,False,False,False,"[""clipart__clip_pc1_middle|painting__clip_pc1_low|sketch__clip_pc1_low"", ""clipart__clip_pc1_middle|real__clip_pc1_middle|sketch__clip_pc1_low""]","[""clipart__clip_pc1_high|clipart__clip_pc1_low|sketch__clip_pc1_low"", ""clipart__clip_pc1_high|clipart__clip_pc1_middle|sketch__clip_pc1_low"", ""clipart__clip_pc1_low|clipart__clip_pc1_middle|sketch__clip_pc1_low""]",clipart__clip_pc1_low|clipart__clip_pc1_middle|sketch__clip_pc1_low,clipart__clip_pc1_low|clipart__clip_pc1_middle|sketch__clip_pc1_low
new_seeds,dinov2_b14,20260917,quickdraw,logistic,brier_score,100,52,148,0.35135135135135137,1,3,0,2,0.0,2.0,0.0,0,1,False,True,False,False,False,False,False,False,False,False,[],"[""clipart__clip_pc1_high|clipart__clip_pc1_low|sketch__clip_pc1_low"", ""clipart__clip_pc1_high|clipart__clip_pc1_middle|sketch__clip_pc1_low""]",clipart__clip_pc1_low|clipart__clip_pc1_middle|sketch__clip_pc1_low,clipart__clip_pc1_low|clipart__clip_pc1_middle|sketch__clip_pc1_low
new_seeds,dinov2_b14,20260917,quickdraw,logistic,brier_score,227,177,277,0.6389891696750902,0,1,0,1,0.0,1.0,0.0,0,1,False,True,False,False,False,False,False,False,False,False,[],"[""clipart__clip_pc1_high|clipart__clip_pc1_low|clipart__clip_pc1_middle""]",clipart__clip_pc1_low|clipart__clip_pc1_middle|sketch__clip_pc1_low,clipart__clip_pc1_low|clipart__clip_pc1_middle|sketch__clip_pc1_low
new_seeds,dinov2_b14,20260917,quickdraw,logistic,nll,10,1,19,0.05263157894736842,8,9,0,1,0.0,1.0,0.0,0,1,False,True,False,False,False,False,False,False,True,False,[],"[""clipart__clip_pc1_high|sketch__clip_pc1_low|sketch__clip_pc1_middle""]",clipart__clip_pc1_high|sketch__clip_pc1_low|sketch__clip_pc1_middle,clipart__clip_pc1_high|sketch__clip_pc1_low|sketch__clip_pc1_middle
new_seeds,dinov2_b14,20260917,quickdraw,logistic,nll,25,4,46,0.08695652173913043,3,9,0,6,0.0,6.0,0.0,0,1,False,True,False,True,False,False,False,False,False,False,[],"[""clipart__clip_pc1_high|clipart__clip_pc1_low|sketch__clip_pc1_low"", ""clipart__clip_pc1_high|clipart__clip_pc1_low|sketch__clip_pc1_middle"", ""clipart__clip_pc1_high|clipart__clip_pc1_middle|sketch__clip_pc1_low"", ""clipart__clip_pc1_high|clipart__clip_pc1_middle|sketch__clip_pc1_middle"", ""clipart__clip_pc1_high|sketch__clip_pc1_low|sketch__clip_pc1_middle"", ""clipart__clip_pc1_low|clipart__clip_pc1_middle|sketch__clip_pc1_middle""]",clipart__clip_pc1_high|clipart__clip_pc1_middle|sketch__clip_pc1_low,clipart__clip_pc1_high|clipart__clip_pc1_middle|sketch__clip_pc1_low
new_seeds,dinov2_b14,20260917,quickdraw,logistic,nll,50,15,85,0.17647058823529413,1,7,0,6,0.0,6.0,0.0,0,1,False,True,False,True,False,False,False,False,False,False,[],"[""clipart__clip_pc1_high|clipart__clip_pc1_low|sketch__clip_pc1_low"", ""clipart__clip_pc1_high|clipart__clip_pc1_low|sketch__clip_pc1_middle"", ""clipart__clip_pc1_high|clipart__clip_pc1_middle|sketch__clip_pc1_low"", ""clipart__clip_pc1_high|clipart__clip_pc1_middle|sketch__clip_pc1_middle"", ""clipart__clip_pc1_middle|infograph__clip_pc1_high|sketch__clip_pc1_low"", ""clipart__clip_pc1_middle|infograph__clip_pc1_middle|sketch__clip_pc1_low""]",clipart__clip_pc1_high|clipart__clip_pc1_middle|sketch__clip_pc1_low,clipart__clip_pc1_high|clipart__clip_pc1_middle|sketch__clip_pc1_low
new_seeds,dinov2_b14,20260917,quickdraw,logistic,nll,100,52,148,0.35135135135135137,1,6,0,5,0.0,5.0,0.0,0,1,False,True,False,True,False,False,False,False,False,False,[],"[""clipart__clip_pc1_high|clipart__clip_pc1_low|sketch__clip_pc1_low"", ""clipart__clip_pc1_high|clipart__clip_pc1_middle|sketch__clip_pc1_low"", ""clipart__clip_pc1_high|clipart__clip_pc1_middle|sketch__clip_pc1_middle"", ""clipart__clip_pc1_middle|infograph__clip_pc1_high|sketch__clip_pc1_low"", ""clipart__clip_pc1_middle|infograph__clip_pc1_middle|sketch__clip_pc1_low""]",clipart__clip_pc1_high|clipart__clip_pc1_middle|sketch__clip_pc1_low,clipart__clip_pc1_high|clipart__clip_pc1_middle|sketch__clip_pc1_low
new_seeds,dinov2_b14,20260917,quickdraw,logistic,nll,227,177,277,0.6389891696750902,0,1,0,1,0.0,1.0,0.0,0,1,False,True,False,False,False,False,False,False,False,False,[],"[""clipart__clip_pc1_high|clipart__clip_pc1_low|clipart__clip_pc1_middle""]",clipart__clip_pc1_high|clipart__clip_pc1_middle|sketch__clip_pc1_low,clipart__clip_pc1_high|clipart__clip_pc1_middle|sketch__clip_pc1_low
new_seeds,dinov2_b14,20260917,quickdraw,logistic,error_rate,10,1,19,0.05263157894736842,9,10,0,1,0.0,1.0,0.0,0,1,False,True,False,False,False,False,False,False,True,False,[],"[""clipart__clip_pc1_middle|sketch__clip_pc1_low|sketch__clip_pc1_middle""]",clipart__clip_pc1_low|sketch__clip_pc1_high|sketch__clip_pc1_low,clipart__clip_pc1_low|sketch__clip_pc1_high|sketch__clip_pc1_low
new_seeds,dinov2_b14,20260917,quickdraw,logistic,error_rate,25,4,46,0.08695652173913043,7,8,1,2,1.0,2.0,0.0,0,1,True,True,False,False,False,False,False,False,False,False,"[""clipart__clip_pc1_low|real__clip_pc1_high|sketch__clip_pc1_low""]","[""clipart__clip_pc1_high|clipart__clip_pc1_low|sketch__clip_pc1_low"", ""clipart__clip_pc1_high|clipart__clip_pc1_middle|sketch__clip_pc1_low""]",clipart__clip_pc1_high|clipart__clip_pc1_low|sketch__clip_pc1_low,clipart__clip_pc1_high|clipart__clip_pc1_low|sketch__clip_pc1_low
new_seeds,dinov2_b14,20260917,quickdraw,logistic,error_rate,50,15,85,0.17647058823529413,6,5,4,3,4.0,3.0,0.01123046875,14,1,True,True,False,False,True,True,False,False,False,True,"[""clipart__clip_pc1_low|real__clip_pc1_high|sketch__clip_pc1_low"", ""clipart__clip_pc1_middle|painting__clip_pc1_low|sketch__clip_pc1_low"", ""clipart__clip_pc1_middle|real__clip_pc1_high|sketch__clip_pc1_low"", ""clipart__clip_pc1_middle|real__clip_pc1_middle|sketch__clip_pc1_low""]","[""clipart__clip_pc1_high|clipart__clip_pc1_low|sketch__clip_pc1_low"", ""clipart__clip_pc1_high|clipart__clip_pc1_middle|sketch__clip_pc1_low"", ""clipart__clip_pc1_low|clipart__clip_pc1_middle|sketch__clip_pc1_low""]",real__clip_pc1_low|sketch__clip_pc1_high|sketch__clip_pc1_low,clipart__clip_pc1_middle|painting__clip_pc1_low|sketch__clip_pc1_low
new_seeds,dinov2_b14,20260917,quickdraw,logistic,error_rate,100,52,148,0.35135135135135137,1,2,1,2,1.0,2.0,0.0,0,1,True,True,False,False,False,False,False,False,False,False,"[""clipart__clip_pc1_low|real__clip_pc1_high|sketch__clip_pc1_low""]","[""clipart__clip_pc1_high|clipart__clip_pc1_low|sketch__clip_pc1_low"", ""clipart__clip_pc1_high|clipart__clip_pc1_middle|sketch__clip_pc1_low""]",clipart__clip_pc1_middle|painting__clip_pc1_low|sketch__clip_pc1_low,clipart__clip_pc1_middle|painting__clip_pc1_low|sketch__clip_pc1_low
new_seeds,dinov2_b14,20260917,quickdraw,logistic,error_rate,227,177,277,0.6389891696750902,0,0,0,0,0.0,0.0,0.0,0,1,False,False,False,False,False,False,False,False,False,False,[],[],clipart__clip_pc1_middle|painting__clip_pc1_low|sketch__clip_pc1_low,clipart__clip_pc1_middle|painting__clip_pc1_low|sketch__clip_pc1_low
new_seeds,dinov2_b14,20260917,real,ridge,brier_score,10,8,12,0.6666666666666666,6,7,0,1,0.0,1.0,0.0,0,1,False,True,False,True,False,False,False,False,False,False,[],"[""clipart__clip_pc1_low|painting__clip_pc1_low|sketch__clip_pc1_low""]",clipart__clip_pc1_low|painting__clip_pc1_low|sketch__clip_pc1_low,clipart__clip_pc1_low|painting__clip_pc1_low|sketch__clip_pc1_low
new_seeds,dinov2_b14,20260917,real,ridge,brier_score,25,18,32,0.5625,3,4,1,2,1.0,2.0,0.0,0,1,True,True,False,False,False,False,False,False,False,False,"[""clipart__clip_pc1_middle|painting__clip_pc1_low|sketch__clip_pc1_low""]","[""clipart__clip_pc1_low|clipart__clip_pc1_middle|painting__clip_pc1_middle"", ""clipart__clip_pc1_low|painting__clip_pc1_middle|sketch__clip_pc1_low""]",clipart__clip_pc1_low|painting__clip_pc1_low|sketch__clip_pc1_low,clipart__clip_pc1_low|painting__clip_pc1_low|sketch__clip_pc1_low
new_seeds,dinov2_b14,20260917,real,ridge,brier_score,50,40,60,0.6666666666666666,1,0,1,0,1.0,0.0,0.0,0,1,True,False,False,False,False,False,False,False,False,False,"[""clipart__clip_pc1_high|painting__clip_pc1_low|sketch__clip_pc1_low""]",[],clipart__clip_pc1_low|painting__clip_pc1_low|sketch__clip_pc1_low,clipart__clip_pc1_low|painting__clip_pc1_low|sketch__clip_pc1_low
new_seeds,dinov2_b14,20260917,real,ridge,brier_score,100,84,116,0.7241379310344828,0,0,0,0,0.0,0.0,0.0,0,1,False,False,False,False,False,False,False,False,False,False,[],[],clipart__clip_pc1_low|painting__clip_pc1_low|sketch__clip_pc1_low,clipart__clip_pc1_low|painting__clip_pc1_low|sketch__clip_pc1_low
new_seeds,dinov2_b14,20260917,real,ridge,brier_score,227,216,238,0.907563025210084,0,0,0,0,0.0,0.0,0.0,0,1,False,False,False,False,False,False,False,False,False,False,[],[],clipart__clip_pc1_low|painting__clip_pc1_low|sketch__clip_pc1_low,clipart__clip_pc1_low|painting__clip_pc1_low|sketch__clip_pc1_low
new_seeds,dinov2_b14,20260917,real,ridge,nll,10,8,12,0.6666666666666666,7,8,0,1,0.0,1.0,0.0,0,1,False,True,False,True,False,False,False,False,False,False,[],"[""clipart__clip_pc1_low|painting__clip_pc1_low|sketch__clip_pc1_low""]",clipart__clip_pc1_low|painting__clip_pc1_low|sketch__clip_pc1_low,clipart__clip_pc1_low|painting__clip_pc1_low|sketch__clip_pc1_low
new_seeds,dinov2_b14,20260917,real,ridge,nll,25,18,32,0.5625,4,5,1,2,1.0,2.0,0.0,0,1,True,True,False,False,False,False,False,False,False,False,"[""clipart__clip_pc1_middle|painting__clip_pc1_low|sketch__clip_pc1_low""]","[""clipart__clip_pc1_low|clipart__clip_pc1_middle|painting__clip_pc1_middle"", ""clipart__clip_pc1_low|painting__clip_pc1_middle|sketch__clip_pc1_low""]",clipart__clip_pc1_low|painting__clip_pc1_low|sketch__clip_pc1_low,clipart__clip_pc1_low|painting__clip_pc1_low|sketch__clip_pc1_low
new_seeds,dinov2_b14,20260917,real,ridge,nll,50,40,60,0.6666666666666666,1,0,1,0,1.0,0.0,0.0,0,1,True,False,False,False,False,False,False,False,False,False,"[""clipart__clip_pc1_high|painting__clip_pc1_low|sketch__clip_pc1_low""]",[],clipart__clip_pc1_low|painting__clip_pc1_low|sketch__clip_pc1_low,clipart__clip_pc1_low|painting__clip_pc1_low|sketch__clip_pc1_low
new_seeds,dinov2_b14,20260917,real,ridge,nll,100,84,116,0.7241379310344828,0,0,0,0,0.0,0.0,0.0,0,1,False,False,False,False,False,False,False,False,False,False,[],[],clipart__clip_pc1_low|painting__clip_pc1_low|sketch__clip_pc1_low,clipart__clip_pc1_low|painting__clip_pc1_low|sketch__clip_pc1_low
new_seeds,dinov2_b14,20260917,real,ridge,nll,227,216,238,0.907563025210084,0,0,0,0,0.0,0.0,0.0,0,1,False,False,False,False,False,False,False,False,False,False,[],[],clipart__clip_pc1_low|painting__clip_pc1_low|sketch__clip_pc1_low,clipart__clip_pc1_low|painting__clip_pc1_low|sketch__clip_pc1_low
new_seeds,dinov2_b14,20260917,real,ridge,error_rate,10,8,12,0.6666666666666666,10,9,1,0,1.0,0.0,0.01611328125,1,1,True,False,False,False,True,True,False,True,False,True,"[""clipart__clip_pc1_middle|painting__clip_pc1_low|sketch__clip_pc1_middle""]",[],clipart__clip_pc1_middle|painting__clip_pc1_high|painting__clip_pc1_low,clipart__clip_pc1_middle|painting__clip_pc1_low|sketch__clip_pc1_middle
new_seeds,dinov2_b14,20260917,real,ridge,error_rate,25,18,32,0.5625,8,5,3,0,3.0,0.0,0.0,0,1,True,False,False,False,False,False,False,False,False,False,"[""clipart__clip_pc1_high|painting__clip_pc1_low|sketch__clip_pc1_middle"", ""clipart__clip_pc1_middle|painting__clip_pc1_low|sketch__clip_pc1_low"", ""painting__clip_pc1_low|sketch__clip_pc1_low|sketch__clip_pc1_middle""]",[],clipart__clip_pc1_middle|painting__clip_pc1_low|sketch__clip_pc1_middle,clipart__clip_pc1_middle|painting__clip_pc1_low|sketch__clip_pc1_middle
new_seeds,dinov2_b14,20260917,real,ridge,error_rate,50,40,60,0.6666666666666666,5,4,1,0,1.0,0.0,0.0,1,1,True,False,False,False,False,False,False,False,False,False,"[""clipart__clip_pc1_high|painting__clip_pc1_low|sketch__clip_pc1_middle""]",[],clipart__clip_pc1_middle|painting__clip_pc1_middle|sketch__clip_pc1_low,clipart__clip_pc1_middle|painting__clip_pc1_middle|sketch__clip_pc1_low
new_seeds,dinov2_b14,20260917,real,ridge,error_rate,100,84,116,0.7241379310344828,3,3,0,0,0.0,0.0,0.0,0,1,False,False,False,False,False,False,False,False,False,False,[],[],clipart__clip_pc1_middle|painting__clip_pc1_middle|sketch__clip_pc1_low,clipart__clip_pc1_middle|painting__clip_pc1_middle|sketch__clip_pc1_low
new_seeds,dinov2_b14,20260917,real,ridge,error_rate,227,216,238,0.907563025210084,0,0,0,0,0.0,0.0,0.0,0,1,False,False,False,False,False,False,False,False,False,False,[],[],clipart__clip_pc1_middle|sketch__clip_pc1_high|sketch__clip_pc1_low,clipart__clip_pc1_middle|sketch__clip_pc1_high|sketch__clip_pc1_low
new_seeds,dinov2_b14,20260917,real,logistic,brier_score,10,8,12,0.6666666666666666,4,5,0,1,0.0,1.0,0.0,0,1,False,True,False,False,False,False,False,False,False,False,[],"[""clipart__clip_pc1_low|painting__clip_pc1_low|sketch__clip_pc1_low""]",clipart__clip_pc1_low|painting__clip_pc1_low|painting__clip_pc1_middle,clipart__clip_pc1_low|painting__clip_pc1_low|painting__clip_pc1_middle
new_seeds,dinov2_b14,20260917,real,logistic,brier_score,25,18,32,0.5625,2,2,1,1,1.0,1.0,0.0,0,1,True,True,False,False,False,False,False,False,False,False,"[""clipart__clip_pc1_middle|painting__clip_pc1_low|sketch__clip_pc1_low""]","[""clipart__clip_pc1_low|painting__clip_pc1_middle|sketch__clip_pc1_low""]",clipart__clip_pc1_low|painting__clip_pc1_low|painting__clip_pc1_middle,clipart__clip_pc1_low|painting__clip_pc1_low|painting__clip_pc1_middle
new_seeds,dinov2_b14,20260917,real,logistic,brier_score,50,40,60,0.6666666666666666,0,0,0,0,0.0,0.0,0.0,0,1,False,False,False,False,False,False,False,False,False,False,[],[],clipart__clip_pc1_low|painting__clip_pc1_low|painting__clip_pc1_middle,clipart__clip_pc1_low|painting__clip_pc1_low|painting__clip_pc1_middle
new_seeds,dinov2_b14,20260917,real,logistic,brier_score,100,84,116,0.7241379310344828,0,0,0,0,0.0,0.0,0.0,0,1,False,False,False,False,False,False,False,False,False,False,[],[],clipart__clip_pc1_low|painting__clip_pc1_low|painting__clip_pc1_middle,clipart__clip_pc1_low|painting__clip_pc1_low|painting__clip_pc1_middle
new_seeds,dinov2_b14,20260917,real,logistic,brier_score,227,216,238,0.907563025210084,0,0,0,0,0.0,0.0,0.0,0,1,False,False,False,False,False,False,False,False,False,False,[],[],clipart__clip_pc1_low|painting__clip_pc1_low|painting__clip_pc1_middle,clipart__clip_pc1_low|painting__clip_pc1_low|painting__clip_pc1_middle
new_seeds,dinov2_b14,20260917,real,logistic,nll,10,8,12,0.6666666666666666,6,5,1,0,1.0,0.0,0.0,0,1,True,False,False,False,False,False,False,False,False,False,"[""clipart__clip_pc1_middle|painting__clip_pc1_low|sketch__clip_pc1_middle""]",[],clipart__clip_pc1_low|painting__clip_pc1_low|sketch__clip_pc1_middle,clipart__clip_pc1_low|painting__clip_pc1_low|sketch__clip_pc1_middle
new_seeds,dinov2_b14,20260917,real,logistic,nll,25,18,32,0.5625,4,2,2,0,2.0,0.0,0.0,0,1,True,False,False,False,False,False,False,False,False,False,"[""clipart__clip_pc1_high|painting__clip_pc1_low|sketch__clip_pc1_middle"", ""painting__clip_pc1_low|sketch__clip_pc1_low|sketch__clip_pc1_middle""]",[],clipart__clip_pc1_low|painting__clip_pc1_low|sketch__clip_pc1_middle,clipart__clip_pc1_low|painting__clip_pc1_low|sketch__clip_pc1_middle
new_seeds,dinov2_b14,20260917,real,logistic,nll,50,40,60,0.6666666666666666,2,0,2,0,2.0,0.0,0.0,0,1,True,False,False,False,False,False,False,False,False,False,"[""clipart__clip_pc1_high|painting__clip_pc1_low|sketch__clip_pc1_low"", ""clipart__clip_pc1_high|painting__clip_pc1_low|sketch__clip_pc1_middle""]",[],clipart__clip_pc1_low|painting__clip_pc1_low|sketch__clip_pc1_middle,clipart__clip_pc1_low|painting__clip_pc1_low|sketch__clip_pc1_middle
new_seeds,dinov2_b14,20260917,real,logistic,nll,100,84,116,0.7241379310344828,0,0,0,0,0.0,0.0,0.0,0,1,False,False,False,False,False,False,False,False,False,False,[],[],clipart__clip_pc1_low|painting__clip_pc1_low|sketch__clip_pc1_middle,clipart__clip_pc1_low|painting__clip_pc1_low|sketch__clip_pc1_middle
new_seeds,dinov2_b14,20260917,real,logistic,nll,227,216,238,0.907563025210084,0,0,0,0,0.0,0.0,0.0,0,1,False,False,False,False,False,False,False,False,False,False,[],[],clipart__clip_pc1_low|painting__clip_pc1_low|sketch__clip_pc1_middle,clipart__clip_pc1_low|painting__clip_pc1_low|sketch__clip_pc1_middle
new_seeds,dinov2_b14,20260917,real,logistic,error_rate,10,8,12,0.6666666666666666,10,9,1,0,1.0,0.0,0.0166015625,1,1,True,False,False,False,True,True,False,True,False,True,"[""clipart__clip_pc1_middle|painting__clip_pc1_low|sketch__clip_pc1_middle""]",[],clipart__clip_pc1_low|painting__clip_pc1_low|sketch__clip_pc1_low,clipart__clip_pc1_middle|painting__clip_pc1_low|sketch__clip_pc1_middle
new_seeds,dinov2_b14,20260917,real,logistic,error_rate,25,18,32,0.5625,8,5,3,0,3.0,0.0,0.0,0,1,True,False,False,False,True,False,False,False,False,False,"[""clipart__clip_pc1_high|painting__clip_pc1_low|sketch__clip_pc1_middle"", ""clipart__clip_pc1_middle|painting__clip_pc1_low|sketch__clip_pc1_low"", ""painting__clip_pc1_low|sketch__clip_pc1_low|sketch__clip_pc1_middle""]",[],clipart__clip_pc1_middle|painting__clip_pc1_low|sketch__clip_pc1_middle,clipart__clip_pc1_middle|painting__clip_pc1_low|sketch__clip_pc1_low
new_seeds,dinov2_b14,20260917,real,logistic,error_rate,50,40,60,0.6666666666666666,5,3,2,0,2.0,0.0,0.0,0,1,True,False,False,False,False,False,False,False,False,False,"[""clipart__clip_pc1_high|painting__clip_pc1_low|sketch__clip_pc1_low"", ""clipart__clip_pc1_high|painting__clip_pc1_low|sketch__clip_pc1_middle""]",[],clipart__clip_pc1_middle|painting__clip_pc1_low|sketch__clip_pc1_low,clipart__clip_pc1_middle|painting__clip_pc1_low|sketch__clip_pc1_low
new_seeds,dinov2_b14,20260917,real,logistic,error_rate,100,84,116,0.7241379310344828,2,2,0,0,0.0,0.0,0.0,0,1,False,False,False,False,False,False,False,False,False,False,[],[],clipart__clip_pc1_middle|painting__clip_pc1_low|sketch__clip_pc1_low,clipart__clip_pc1_middle|painting__clip_pc1_low|sketch__clip_pc1_low
new_seeds,dinov2_b14,20260917,real,logistic,error_rate,227,216,238,0.907563025210084,0,0,0,0,0.0,0.0,0.0,0,1,False,False,False,False,False,False,False,False,False,False,[],[],clipart__clip_pc1_middle|painting__clip_pc1_low|sketch__clip_pc1_low,clipart__clip_pc1_middle|painting__clip_pc1_low|sketch__clip_pc1_low
new_seeds,dinov2_b14,20260917,sketch,ridge,brier_score,10,3,17,0.17647058823529413,6,10,0,4,0.0,4.0,0.0,0,1,False,True,False,True,False,False,False,False,False,False,[],"[""clipart__clip_pc1_high|clipart__clip_pc1_low|painting__clip_pc1_high"", ""clipart__clip_pc1_high|clipart__clip_pc1_low|painting__clip_pc1_middle"", ""clipart__clip_pc1_low|clipart__clip_pc1_middle|painting__clip_pc1_high"", ""clipart__clip_pc1_low|clipart__clip_pc1_middle|painting__clip_pc1_middle""]",clipart__clip_pc1_high|clipart__clip_pc1_low|painting__clip_pc1_high,clipart__clip_pc1_high|clipart__clip_pc1_low|painting__clip_pc1_high
new_seeds,dinov2_b14,20260917,sketch,ridge,brier_score,25,11,39,0.28205128205128205,5,10,0,5,0.0,5.0,0.0,0,1,False,True,False,True,False,False,False,False,False,False,[],"[""clipart__clip_pc1_high|clipart__clip_pc1_low|painting__clip_pc1_high"", ""clipart__clip_pc1_high|clipart__clip_pc1_low|painting__clip_pc1_middle"", ""clipart__clip_pc1_low|clipart__clip_pc1_middle|painting__clip_pc1_high"", ""clipart__clip_pc1_low|clipart__clip_pc1_middle|painting__clip_pc1_middle"", ""clipart__clip_pc1_low|painting__clip_pc1_high|painting__clip_pc1_middle""]",clipart__clip_pc1_high|clipart__clip_pc1_low|painting__clip_pc1_high,clipart__clip_pc1_high|clipart__clip_pc1_low|painting__clip_pc1_high
new_seeds,dinov2_b14,20260917,sketch,ridge,brier_score,50,30,70,0.42857142857142855,1,7,0,6,0.0,6.0,0.0,0,1,False,True,False,True,False,False,False,False,False,False,[],"[""clipart__clip_pc1_high|clipart__clip_pc1_low|painting__clip_pc1_high"", ""clipart__clip_pc1_high|clipart__clip_pc1_low|real__clip_pc1_high"", ""clipart__clip_pc1_high|clipart__clip_pc1_middle|painting__clip_pc1_middle"", ""clipart__clip_pc1_low|clipart__clip_pc1_middle|painting__clip_pc1_high"", ""clipart__clip_pc1_low|clipart__clip_pc1_middle|real__clip_pc1_high"", ""clipart__clip_pc1_low|painting__clip_pc1_high|painting__clip_pc1_middle""]",clipart__clip_pc1_high|clipart__clip_pc1_low|painting__clip_pc1_high,clipart__clip_pc1_high|clipart__clip_pc1_low|painting__clip_pc1_high
new_seeds,dinov2_b14,20260917,sketch,ridge,brier_score,100,79,121,0.6528925619834711,1,1,0,0,0.0,0.0,0.0,0,1,False,False,False,False,False,False,False,False,False,False,[],[],clipart__clip_pc1_high|clipart__clip_pc1_low|painting__clip_pc1_high,clipart__clip_pc1_high|clipart__clip_pc1_low|painting__clip_pc1_high
new_seeds,dinov2_b14,20260917,sketch,ridge,brier_score,227,200,254,0.7874015748031497,0,0,0,0,0.0,0.0,0.0,0,1,False,False,False,False,False,False,False,False,False,False,[],[],clipart__clip_pc1_high|clipart__clip_pc1_low|painting__clip_pc1_high,clipart__clip_pc1_high|clipart__clip_pc1_low|painting__clip_pc1_high
new_seeds,dinov2_b14,20260917,sketch,ridge,nll,10,3,17,0.17647058823529413,6,10,0,4,0.0,4.0,0.0,0,1,False,True,False,True,False,False,False,False,False,False,[],"[""clipart__clip_pc1_high|clipart__clip_pc1_low|painting__clip_pc1_high"", ""clipart__clip_pc1_high|clipart__clip_pc1_low|painting__clip_pc1_middle"", ""clipart__clip_pc1_low|clipart__clip_pc1_middle|painting__clip_pc1_high"", ""clipart__clip_pc1_low|clipart__clip_pc1_middle|painting__clip_pc1_middle""]",clipart__clip_pc1_high|clipart__clip_pc1_low|painting__clip_pc1_high,clipart__clip_pc1_high|clipart__clip_pc1_low|painting__clip_pc1_high
new_seeds,dinov2_b14,20260917,sketch,ridge,nll,25,11,39,0.28205128205128205,6,10,0,4,0.0,4.0,0.0,0,1,False,True,False,True,False,False,False,False,False,False,[],"[""clipart__clip_pc1_high|clipart__clip_pc1_low|painting__clip_pc1_high"", ""clipart__clip_pc1_high|clipart__clip_pc1_low|painting__clip_pc1_middle"", ""clipart__clip_pc1_low|clipart__clip_pc1_middle|painting__clip_pc1_high"", ""clipart__clip_pc1_low|clipart__clip_pc1_middle|painting__clip_pc1_middle""]",clipart__clip_pc1_high|clipart__clip_pc1_low|painting__clip_pc1_high,clipart__clip_pc1_high|clipart__clip_pc1_low|painting__clip_pc1_high
new_seeds,dinov2_b14,20260917,sketch,ridge,nll,50,30,70,0.42857142857142855,2,8,0,6,0.0,6.0,0.0,0,1,False,True,False,False,False,False,False,False,False,False,[],"[""clipart__clip_pc1_high|clipart__clip_pc1_low|painting__clip_pc1_high"", ""clipart__clip_pc1_high|clipart__clip_pc1_low|real__clip_pc1_high"", ""clipart__clip_pc1_high|clipart__clip_pc1_middle|painting__clip_pc1_high"", ""clipart__clip_pc1_high|clipart__clip_pc1_middle|painting__clip_pc1_middle"", ""clipart__clip_pc1_low|clipart__clip_pc1_middle|painting__clip_pc1_high"", ""clipart__clip_pc1_low|clipart__clip_pc1_middle|real__clip_pc1_high""]",clipart__clip_pc1_high|clipart__clip_pc1_low|painting__clip_pc1_high,clipart__clip_pc1_high|clipart__clip_pc1_low|painting__clip_pc1_high
new_seeds,dinov2_b14,20260917,sketch,ridge,nll,100,79,121,0.6528925619834711,1,3,0,2,0.0,2.0,0.0,0,1,False,True,False,False,False,False,False,False,False,False,[],"[""clipart__clip_pc1_high|clipart__clip_pc1_middle|painting__clip_pc1_high"", ""clipart__clip_pc1_high|clipart__clip_pc1_middle|real__clip_pc1_high""]",clipart__clip_pc1_high|clipart__clip_pc1_low|painting__clip_pc1_high,clipart__clip_pc1_high|clipart__clip_pc1_low|painting__clip_pc1_high
new_seeds,dinov2_b14,20260917,sketch,ridge,nll,227,200,254,0.7874015748031497,0,0,0,0,0.0,0.0,0.0,0,1,False,False,False,False,False,False,False,False,False,False,[],[],clipart__clip_pc1_high|clipart__clip_pc1_low|painting__clip_pc1_high,clipart__clip_pc1_high|clipart__clip_pc1_low|painting__clip_pc1_high
new_seeds,dinov2_b14,20260917,sketch,ridge,error_rate,10,3,17,0.17647058823529413,7,8,1,2,1.0,2.0,0.0,0,3,True,True,False,False,False,False,False,False,False,False,"[""clipart__clip_pc1_middle|painting__clip_pc1_middle|real__clip_pc1_low""]","[""clipart__clip_pc1_high|clipart__clip_pc1_low|painting__clip_pc1_middle"", ""clipart__clip_pc1_low|clipart__clip_pc1_middle|painting__clip_pc1_middle""]",clipart__clip_pc1_middle|painting__clip_pc1_middle|real__clip_pc1_middle,clipart__clip_pc1_middle|painting__clip_pc1_middle|real__clip_pc1_middle
new_seeds,dinov2_b14,20260917,sketch,ridge,error_rate,25,11,39,0.28205128205128205,6,8,0,2,0.0,2.0,0.0,0,3,False,True,False,False,False,False,False,False,False,False,[],"[""clipart__clip_pc1_high|clipart__clip_pc1_low|painting__clip_pc1_middle"", ""clipart__clip_pc1_low|clipart__clip_pc1_middle|painting__clip_pc1_middle""]",clipart__clip_pc1_middle|painting__clip_pc1_middle|real__clip_pc1_middle,clipart__clip_pc1_middle|painting__clip_pc1_middle|real__clip_pc1_middle
new_seeds,dinov2_b14,20260917,sketch,ridge,error_rate,50,30,70,0.42857142857142855,5,6,0,1,0.0,1.0,0.0,0,3,False,True,False,False,False,False,False,False,False,False,[],"[""clipart__clip_pc1_high|clipart__clip_pc1_middle|painting__clip_pc1_middle""]",clipart__clip_pc1_middle|painting__clip_pc1_middle|real__clip_pc1_middle,clipart__clip_pc1_middle|painting__clip_pc1_middle|real__clip_pc1_middle
new_seeds,dinov2_b14,20260917,sketch,ridge,error_rate,100,79,121,0.6528925619834711,2,4,0,2,0.0,2.0,0.0,0,3,False,True,False,False,False,False,False,False,False,False,[],"[""clipart__clip_pc1_high|clipart__clip_pc1_middle|painting__clip_pc1_low"", ""clipart__clip_pc1_high|clipart__clip_pc1_middle|real__clip_pc1_high""]",clipart__clip_pc1_middle|painting__clip_pc1_middle|real__clip_pc1_middle,clipart__clip_pc1_middle|painting__clip_pc1_middle|real__clip_pc1_middle
new_seeds,dinov2_b14,20260917,sketch,ridge,error_rate,227,200,254,0.7874015748031497,0,0,0,0,0.0,0.0,0.0,0,3,False,False,False,False,False,False,False,False,False,False,[],[],clipart__clip_pc1_middle|painting__clip_pc1_middle|real__clip_pc1_middle,clipart__clip_pc1_middle|painting__clip_pc1_middle|real__clip_pc1_middle
new_seeds,dinov2_b14,20260917,sketch,logistic,brier_score,10,3,17,0.17647058823529413,5,10,0,5,0.0,5.0,0.0,0,1,False,True,False,True,False,False,False,False,False,False,[],"[""clipart__clip_pc1_high|clipart__clip_pc1_low|painting__clip_pc1_high"", ""clipart__clip_pc1_high|clipart__clip_pc1_low|painting__clip_pc1_middle"", ""clipart__clip_pc1_low|clipart__clip_pc1_middle|painting__clip_pc1_high"", ""clipart__clip_pc1_low|clipart__clip_pc1_middle|painting__clip_pc1_middle"", ""clipart__clip_pc1_middle|painting__clip_pc1_high|painting__clip_pc1_middle""]",clipart__clip_pc1_high|clipart__clip_pc1_low|painting__clip_pc1_middle,clipart__clip_pc1_high|clipart__clip_pc1_low|painting__clip_pc1_middle
new_seeds,dinov2_b14,20260917,sketch,logistic,brier_score,25,11,39,0.28205128205128205,4,10,0,6,0.0,6.0,0.0,0,1,False,True,False,True,False,False,False,True,False,False,[],"[""clipart__clip_pc1_high|clipart__clip_pc1_low|painting__clip_pc1_high"", ""clipart__clip_pc1_high|clipart__clip_pc1_low|painting__clip_pc1_middle"", ""clipart__clip_pc1_low|clipart__clip_pc1_middle|painting__clip_pc1_high"", ""clipart__clip_pc1_low|clipart__clip_pc1_middle|painting__clip_pc1_middle"", ""clipart__clip_pc1_low|painting__clip_pc1_high|painting__clip_pc1_middle"", ""clipart__clip_pc1_middle|painting__clip_pc1_high|painting__clip_pc1_middle""]",clipart__clip_pc1_high|clipart__clip_pc1_low|painting__clip_pc1_middle,clipart__clip_pc1_high|clipart__clip_pc1_low|painting__clip_pc1_middle
new_seeds,dinov2_b14,20260917,sketch,logistic,brier_score,50,30,70,0.42857142857142855,0,7,0,7,0.0,7.0,0.0,0,1,False,True,False,False,False,False,False,False,False,False,[],"[""clipart__clip_pc1_high|clipart__clip_pc1_low|painting__clip_pc1_high"", ""clipart__clip_pc1_high|clipart__clip_pc1_low|real__clip_pc1_high"", ""clipart__clip_pc1_high|clipart__clip_pc1_middle|painting__clip_pc1_middle"", ""clipart__clip_pc1_low|clipart__clip_pc1_middle|painting__clip_pc1_high"", ""clipart__clip_pc1_low|clipart__clip_pc1_middle|real__clip_pc1_high"", ""clipart__clip_pc1_low|painting__clip_pc1_high|painting__clip_pc1_middle"", ""clipart__clip_pc1_middle|painting__clip_pc1_high|painting__clip_pc1_middle""]",clipart__clip_pc1_high|clipart__clip_pc1_low|real__clip_pc1_high,clipart__clip_pc1_high|clipart__clip_pc1_low|real__clip_pc1_high
new_seeds,dinov2_b14,20260917,sketch,logistic,brier_score,100,79,121,0.6528925619834711,0,0,0,0,0.0,0.0,0.0,0,1,False,False,False,False,False,False,False,False,False,False,[],[],clipart__clip_pc1_high|clipart__clip_pc1_low|real__clip_pc1_high,clipart__clip_pc1_high|clipart__clip_pc1_low|real__clip_pc1_high
new_seeds,dinov2_b14,20260917,sketch,logistic,brier_score,227,200,254,0.7874015748031497,0,0,0,0,0.0,0.0,0.0,0,1,False,False,False,False,False,False,False,False,False,False,[],[],clipart__clip_pc1_high|clipart__clip_pc1_low|real__clip_pc1_high,clipart__clip_pc1_high|clipart__clip_pc1_low|real__clip_pc1_high
new_seeds,dinov2_b14,20260917,sketch,logistic,nll,10,3,17,0.17647058823529413,5,8,1,4,1.0,4.0,0.0,1,1,True,True,False,True,False,False,False,False,False,False,"[""clipart__clip_pc1_middle|painting__clip_pc1_middle|real__clip_pc1_low""]","[""clipart__clip_pc1_high|clipart__clip_pc1_low|painting__clip_pc1_middle"", ""clipart__clip_pc1_low|clipart__clip_pc1_middle|painting__clip_pc1_high"", ""clipart__clip_pc1_low|clipart__clip_pc1_middle|painting__clip_pc1_middle"", ""clipart__clip_pc1_middle|painting__clip_pc1_high|painting__clip_pc1_low""]",clipart__clip_pc1_high|clipart__clip_pc1_low|painting__clip_pc1_middle,clipart__clip_pc1_high|clipart__clip_pc1_low|painting__clip_pc1_middle
new_seeds,dinov2_b14,20260917,sketch,logistic,nll,25,11,39,0.28205128205128205,4,7,0,3,0.0,3.0,0.0,0,1,False,True,False,True,False,False,False,False,True,False,[],"[""clipart__clip_pc1_high|clipart__clip_pc1_low|painting__clip_pc1_middle"", ""clipart__clip_pc1_low|clipart__clip_pc1_middle|painting__clip_pc1_high"", ""clipart__clip_pc1_low|clipart__clip_pc1_middle|painting__clip_pc1_middle""]",clipart__clip_pc1_high|clipart__clip_pc1_low|painting__clip_pc1_middle,clipart__clip_pc1_high|clipart__clip_pc1_low|painting__clip_pc1_middle
new_seeds,dinov2_b14,20260917,sketch,logistic,nll,50,30,70,0.42857142857142855,2,4,1,3,1.0,3.0,0.0,0,1,True,True,False,False,False,False,False,False,False,False,"[""clipart__clip_pc1_middle|real__clip_pc1_high|real__clip_pc1_low""]","[""clipart__clip_pc1_high|clipart__clip_pc1_middle|painting__clip_pc1_high"", ""clipart__clip_pc1_high|clipart__clip_pc1_middle|painting__clip_pc1_middle"", ""clipart__clip_pc1_low|clipart__clip_pc1_middle|painting__clip_pc1_high""]",clipart__clip_pc1_high|clipart__clip_pc1_middle|painting__clip_pc1_middle,clipart__clip_pc1_high|clipart__clip_pc1_middle|painting__clip_pc1_middle
new_seeds,dinov2_b14,20260917,sketch,logistic,nll,100,79,121,0.6528925619834711,0,2,0,2,0.0,2.0,0.0,0,1,False,True,False,False,False,False,False,False,False,False,[],"[""clipart__clip_pc1_high|clipart__clip_pc1_middle|painting__clip_pc1_high"", ""clipart__clip_pc1_high|clipart__clip_pc1_middle|real__clip_pc1_high""]",clipart__clip_pc1_high|clipart__clip_pc1_middle|painting__clip_pc1_middle,clipart__clip_pc1_high|clipart__clip_pc1_middle|painting__clip_pc1_middle
new_seeds,dinov2_b14,20260917,sketch,logistic,nll,227,200,254,0.7874015748031497,0,0,0,0,0.0,0.0,0.0,0,1,False,False,False,False,False,False,False,False,False,False,[],[],clipart__clip_pc1_high|clipart__clip_pc1_middle|painting__clip_pc1_middle,clipart__clip_pc1_high|clipart__clip_pc1_middle|painting__clip_pc1_middle
new_seeds,dinov2_b14,20260917,sketch,logistic,error_rate,10,3,17,0.17647058823529413,6,8,1,3,1.0,2.5,0.00634765625,1,2,True,True,True,False,True,True,False,False,False,True,"[""clipart__clip_pc1_middle|painting__clip_pc1_middle|real__clip_pc1_low""]","[""clipart__clip_pc1_high|clipart__clip_pc1_low|painting__clip_pc1_middle"", ""clipart__clip_pc1_low|clipart__clip_pc1_middle|painting__clip_pc1_middle"", ""clipart__clip_pc1_middle|painting__clip_pc1_high|painting__clip_pc1_low""]",clipart__clip_pc1_middle|painting__clip_pc1_middle|real__clip_pc1_middle,clipart__clip_pc1_middle|painting__clip_pc1_middle|real__clip_pc1_low
new_seeds,dinov2_b14,20260917,sketch,logistic,error_rate,25,11,39,0.28205128205128205,5,6,1,2,1.5,1.5,0.0,0,2,True,True,False,False,False,False,False,False,False,False,"[""clipart__clip_pc1_middle|painting__clip_pc1_low|real__clip_pc1_high""]","[""clipart__clip_pc1_high|clipart__clip_pc1_low|painting__clip_pc1_middle"", ""clipart__clip_pc1_low|clipart__clip_pc1_middle|painting__clip_pc1_middle""]",clipart__clip_pc1_middle|painting__clip_pc1_middle|real__clip_pc1_low,clipart__clip_pc1_middle|painting__clip_pc1_middle|real__clip_pc1_low
new_seeds,dinov2_b14,20260917,sketch,logistic,error_rate,50,30,70,0.42857142857142855,3,3,1,1,1.0,1.0,0.0,0,2,True,True,False,False,False,False,False,True,False,False,"[""clipart__clip_pc1_middle|real__clip_pc1_high|real__clip_pc1_low""]","[""clipart__clip_pc1_high|clipart__clip_pc1_middle|painting__clip_pc1_middle""]",clipart__clip_pc1_middle|painting__clip_pc1_middle|real__clip_pc1_low,clipart__clip_pc1_middle|painting__clip_pc1_middle|real__clip_pc1_low
new_seeds,dinov2_b14,20260917,sketch,logistic,error_rate,100,79,121,0.6528925619834711,0,1,0,1,0.0,1.0,0.0,0,2,False,True,False,False,False,False,False,False,False,False,[],"[""clipart__clip_pc1_high|clipart__clip_pc1_middle|painting__clip_pc1_low""]",clipart__clip_pc1_high|clipart__clip_pc1_middle|real__clip_pc1_middle,clipart__clip_pc1_high|clipart__clip_pc1_middle|real__clip_pc1_middle
new_seeds,dinov2_b14,20260917,sketch,logistic,error_rate,227,200,254,0.7874015748031497,0,0,0,0,0.0,0.0,0.0,0,2,False,False,False,False,False,False,False,False,False,False,[],[],clipart__clip_pc1_high|clipart__clip_pc1_middle|real__clip_pc1_middle,clipart__clip_pc1_high|clipart__clip_pc1_middle|real__clip_pc1_middle
new_seeds,resnet50,20260918,clipart,ridge,brier_score,10,1,19,0.05263157894736842,9,9,1,1,1.0,1.0,0.0,0,1,True,True,False,False,False,False,False,False,True,False,"[""real__clip_pc1_high|real__clip_pc1_low|real__clip_pc1_middle""]","[""infograph__clip_pc1_high|real__clip_pc1_low|sketch__clip_pc1_low""]",infograph__clip_pc1_high|real__clip_pc1_low|sketch__clip_pc1_low,infograph__clip_pc1_high|real__clip_pc1_low|sketch__clip_pc1_low
new_seeds,resnet50,20260918,clipart,ridge,brier_score,25,4,46,0.08695652173913043,7,6,4,3,4.0,3.0,2.7427085007247776e-05,2,1,True,True,True,False,True,True,False,True,False,True,"[""real__clip_pc1_high|real__clip_pc1_low|real__clip_pc1_middle"", ""real__clip_pc1_high|real__clip_pc1_low|sketch__clip_pc1_low"", ""real__clip_pc1_low|real__clip_pc1_middle|sketch__clip_pc1_low"", ""real__clip_pc1_low|real__clip_pc1_middle|sketch__clip_pc1_middle""]","[""infograph__clip_pc1_high|real__clip_pc1_low|sketch__clip_pc1_low"", ""painting__clip_pc1_middle|real__clip_pc1_low|sketch__clip_pc1_low"", ""real__clip_pc1_low|sketch__clip_pc1_low|sketch__clip_pc1_middle""]",real__clip_pc1_low|sketch__clip_pc1_low|sketch__clip_pc1_middle,real__clip_pc1_high|real__clip_pc1_low|sketch__clip_pc1_low
new_seeds,resnet50,20260918,clipart,ridge,brier_score,50,20,80,0.25,4,5,3,4,3.0,4.0,0.0,1,1,True,True,False,False,True,True,False,False,False,True,"[""real__clip_pc1_high|real__clip_pc1_low|real__clip_pc1_middle"", ""real__clip_pc1_high|real__clip_pc1_low|sketch__clip_pc1_low"", ""real__clip_pc1_low|real__clip_pc1_middle|sketch__clip_pc1_middle""]","[""infograph__clip_pc1_high|real__clip_pc1_low|sketch__clip_pc1_low"", ""infograph__clip_pc1_middle|real__clip_pc1_low|sketch__clip_pc1_low"", ""real__clip_pc1_low|sketch__clip_pc1_high|sketch__clip_pc1_low"", ""real__clip_pc1_low|sketch__clip_pc1_low|sketch__clip_pc1_middle""]",real__clip_pc1_low|sketch__clip_pc1_low|sketch__clip_pc1_middle,real__clip_pc1_high|real__clip_pc1_low|sketch__clip_pc1_low
new_seeds,resnet50,20260918,clipart,ridge,brier_score,100,61,139,0.43884892086330934,2,3,1,2,1.0,2.0,0.0,0,1,True,True,False,False,False,False,False,False,False,False,"[""real__clip_pc1_high|real__clip_pc1_low|real__clip_pc1_middle""]","[""real__clip_pc1_low|sketch__clip_pc1_high|sketch__clip_pc1_low"", ""real__clip_pc1_low|sketch__clip_pc1_low|sketch__clip_pc1_middle""]",real__clip_pc1_high|real__clip_pc1_low|sketch__clip_pc1_low,real__clip_pc1_high|real__clip_pc1_low|sketch__clip_pc1_low
new_seeds,resnet50,20260918,clipart,ridge,brier_score,227,200,254,0.7874015748031497,1,1,0,0,0.0,0.0,0.0,0,1,False,False,False,False,False,False,False,False,False,False,[],[],real__clip_pc1_high|real__clip_pc1_low|sketch__clip_pc1_low,real__clip_pc1_high|real__clip_pc1_low|sketch__clip_pc1_low
new_seeds,resnet50,20260918,clipart,ridge,nll,10,1,19,0.05263157894736842,9,9,1,1,1.0,1.0,0.0,1,1,True,True,False,False,False,False,False,False,True,False,"[""real__clip_pc1_high|real__clip_pc1_low|real__clip_pc1_middle""]","[""infograph__clip_pc1_high|real__clip_pc1_low|sketch__clip_pc1_low""]",painting__clip_pc1_low|real__clip_pc1_low|sketch__clip_pc1_low,painting__clip_pc1_low|real__clip_pc1_low|sketch__clip_pc1_low
new_seeds,resnet50,20260918,clipart,ridge,nll,25,4,46,0.08695652173913043,7,6,4,3,4.0,3.0,0.0002710377717267676,2,1,True,True,True,False,False,False,False,False,False,False,"[""real__clip_pc1_high|real__clip_pc1_low|real__clip_pc1_middle"", ""real__clip_pc1_high|real__clip_pc1_low|sketch__clip_pc1_low"", ""real__clip_pc1_low|real__clip_pc1_middle|sketch__clip_pc1_low"", ""real__clip_pc1_low|real__clip_pc1_middle|sketch__clip_pc1_middle""]","[""infograph__clip_pc1_high|real__clip_pc1_low|sketch__clip_pc1_low"", ""painting__clip_pc1_middle|real__clip_pc1_low|sketch__clip_pc1_low"", ""real__clip_pc1_low|sketch__clip_pc1_low|sketch__clip_pc1_middle""]",real__clip_pc1_low|sketch__clip_pc1_low|sketch__clip_pc1_middle,real__clip_pc1_low|sketch__clip_pc1_low|sketch__clip_pc1_middle
new_seeds,resnet50,20260918,clipart,ridge,nll,50,20,80,0.25,4,5,3,4,3.0,4.0,0.0,1,1,True,True,False,False,False,False,False,False,False,False,"[""real__clip_pc1_high|real__clip_pc1_low|real__clip_pc1_middle"", ""real__clip_pc1_high|real__clip_pc1_low|sketch__clip_pc1_low"", ""real__clip_pc1_low|real__clip_pc1_middle|sketch__clip_pc1_middle""]","[""infograph__clip_pc1_high|real__clip_pc1_low|sketch__clip_pc1_low"", ""infograph__clip_pc1_middle|real__clip_pc1_low|sketch__clip_pc1_low"", ""real__clip_pc1_low|sketch__clip_pc1_high|sketch__clip_pc1_low"", ""real__clip_pc1_low|sketch__clip_pc1_low|sketch__clip_pc1_middle""]",real__clip_pc1_low|sketch__clip_pc1_low|sketch__clip_pc1_middle,real__clip_pc1_low|sketch__clip_pc1_low|sketch__clip_pc1_middle
new_seeds,resnet50,20260918,clipart,ridge,nll,100,61,139,0.43884892086330934,2,3,1,2,1.0,2.0,0.0,0,1,True,True,False,False,False,False,False,False,False,False,"[""real__clip_pc1_high|real__clip_pc1_low|real__clip_pc1_middle""]","[""real__clip_pc1_low|sketch__clip_pc1_high|sketch__clip_pc1_low"", ""real__clip_pc1_low|sketch__clip_pc1_low|sketch__clip_pc1_middle""]",real__clip_pc1_low|sketch__clip_pc1_low|sketch__clip_pc1_middle,real__clip_pc1_low|sketch__clip_pc1_low|sketch__clip_pc1_middle
new_seeds,resnet50,20260918,clipart,ridge,nll,227,200,254,0.7874015748031497,1,1,0,0,0.0,0.0,0.0,0,1,False,False,False,False,False,False,False,False,False,False,[],[],real__clip_pc1_low|sketch__clip_pc1_low|sketch__clip_pc1_middle,real__clip_pc1_low|sketch__clip_pc1_low|sketch__clip_pc1_middle
new_seeds,resnet50,20260918,clipart,ridge,error_rate,10,1,19,0.05263157894736842,10,7,3,0,3.0,0.0,0.0068359375,3,1,True,False,False,False,True,True,False,False,True,True,"[""infograph__clip_pc1_high|real__clip_pc1_high|real__clip_pc1_low"", ""painting__clip_pc1_middle|real__clip_pc1_low|real__clip_pc1_middle"", ""real__clip_pc1_high|real__clip_pc1_low|real__clip_pc1_middle""]",[],infograph__clip_pc1_high|real__clip_pc1_low|sketch__clip_pc1_middle,real__clip_pc1_high|real__clip_pc1_low|real__clip_pc1_middle
new_seeds,resnet50,20260918,clipart,ridge,error_rate,25,4,46,0.08695652173913043,8,3,7,2,7.0,2.0,0.0126953125,1,1,True,True,True,False,True,True,False,True,False,True,"[""infograph__clip_pc1_high|real__clip_pc1_high|real__clip_pc1_low"", ""painting__clip_pc1_middle|real__clip_pc1_low|real__clip_pc1_middle"", ""real__clip_pc1_high|real__clip_pc1_low|real__clip_pc1_middle"", ""real__clip_pc1_high|real__clip_pc1_low|sketch__clip_pc1_low"", ""real__clip_pc1_high|real__clip_pc1_low|sketch__clip_pc1_middle"", ""real__clip_pc1_low|real__clip_pc1_middle|sketch__clip_pc1_low"", ""real__clip_pc1_low|real__clip_pc1_middle|sketch__clip_pc1_middle""]","[""painting__clip_pc1_middle|real__clip_pc1_low|sketch__clip_pc1_low"", ""real__clip_pc1_low|sketch__clip_pc1_low|sketch__clip_pc1_middle""]",painting__clip_pc1_middle|real__clip_pc1_low|sketch__clip_pc1_low,real__clip_pc1_high|real__clip_pc1_low|sketch__clip_pc1_low
new_seeds,resnet50,20260918,clipart,ridge,error_rate,50,20,80,0.25,7,2,6,1,6.0,1.0,0.0126953125,1,1,True,True,True,False,True,True,False,False,False,True,"[""infograph__clip_pc1_high|real__clip_pc1_high|real__clip_pc1_low"", ""painting__clip_pc1_middle|real__clip_pc1_low|real__clip_pc1_middle"", ""real__clip_pc1_high|real__clip_pc1_low|real__clip_pc1_middle"", ""real__clip_pc1_high|real__clip_pc1_low|sketch__clip_pc1_low"", ""real__clip_pc1_high|real__clip_pc1_low|sketch__clip_pc1_middle"", ""real__clip_pc1_low|real__clip_pc1_middle|sketch__clip_pc1_middle""]","[""real__clip_pc1_low|sketch__clip_pc1_low|sketch__clip_pc1_middle""]",painting__clip_pc1_middle|real__clip_pc1_low|sketch__clip_pc1_low,real__clip_pc1_high|real__clip_pc1_low|sketch__clip_pc1_low
new_seeds,resnet50,20260918,clipart,ridge,error_rate,100,61,139,0.43884892086330934,3,1,3,1,3.0,1.0,0.0,0,1,True,True,False,False,False,False,False,False,False,False,"[""infograph__clip_pc1_high|real__clip_pc1_high|real__clip_pc1_low"", ""painting__clip_pc1_middle|real__clip_pc1_low|real__clip_pc1_middle"", ""real__clip_pc1_high|real__clip_pc1_low|real__clip_pc1_middle""]","[""real__clip_pc1_low|sketch__clip_pc1_low|sketch__clip_pc1_middle""]",real__clip_pc1_high|real__clip_pc1_low|sketch__clip_pc1_low,real__clip_pc1_high|real__clip_pc1_low|sketch__clip_pc1_low
new_seeds,resnet50,20260918,clipart,ridge,error_rate,227,200,254,0.7874015748031497,0,0,0,0,0.0,0.0,0.0,0,1,False,False,False,False,False,False,False,False,False,False,[],[],real__clip_pc1_high|real__clip_pc1_low|sketch__clip_pc1_low,real__clip_pc1_high|real__clip_pc1_low|sketch__clip_pc1_low
new_seeds,resnet50,20260918,clipart,logistic,brier_score,10,1,19,0.05263157894736842,9,9,1,1,1.0,1.0,0.0,0,1,True,True,False,False,False,False,False,False,True,False,"[""real__clip_pc1_high|real__clip_pc1_low|real__clip_pc1_middle""]","[""infograph__clip_pc1_high|real__clip_pc1_low|sketch__clip_pc1_low""]",infograph__clip_pc1_high|real__clip_pc1_low|sketch__clip_pc1_low,infograph__clip_pc1_high|real__clip_pc1_low|sketch__clip_pc1_low
new_seeds,resnet50,20260918,clipart,logistic,brier_score,25,4,46,0.08695652173913043,7,6,4,3,4.0,3.0,0.007827509074212369,2,1,True,True,True,False,True,True,False,False,False,True,"[""real__clip_pc1_high|real__clip_pc1_low|real__clip_pc1_middle"", ""real__clip_pc1_high|real__clip_pc1_low|sketch__clip_pc1_low"", ""real__clip_pc1_low|real__clip_pc1_middle|sketch__clip_pc1_low"", ""real__clip_pc1_low|real__clip_pc1_middle|sketch__clip_pc1_middle""]","[""infograph__clip_pc1_high|real__clip_pc1_low|sketch__clip_pc1_low"", ""painting__clip_pc1_middle|real__clip_pc1_low|sketch__clip_pc1_low"", ""real__clip_pc1_low|sketch__clip_pc1_low|sketch__clip_pc1_middle""]",painting__clip_pc1_middle|real__clip_pc1_low|sketch__clip_pc1_low,real__clip_pc1_low|real__clip_pc1_middle|sketch__clip_pc1_low
new_seeds,resnet50,20260918,clipart,logistic,brier_score,50,20,80,0.25,5,5,3,3,3.0,3.0,0.0,0,1,True,True,False,False,False,False,False,False,False,False,"[""real__clip_pc1_high|real__clip_pc1_low|real__clip_pc1_middle"", ""real__clip_pc1_high|real__clip_pc1_low|sketch__clip_pc1_low"", ""real__clip_pc1_low|real__clip_pc1_middle|sketch__clip_pc1_middle""]","[""infograph__clip_pc1_high|real__clip_pc1_low|sketch__clip_pc1_low"", ""infograph__clip_pc1_middle|real__clip_pc1_low|sketch__clip_pc1_low"", ""real__clip_pc1_low|sketch__clip_pc1_low|sketch__clip_pc1_middle""]",real__clip_pc1_low|real__clip_pc1_middle|sketch__clip_pc1_low,real__clip_pc1_low|real__clip_pc1_middle|sketch__clip_pc1_low
new_seeds,resnet50,20260918,clipart,logistic,brier_score,100,61,139,0.43884892086330934,2,1,2,1,2.0,1.0,0.0,0,1,True,True,False,False,False,False,False,False,False,False,"[""infograph__clip_pc1_middle|real__clip_pc1_low|real__clip_pc1_middle"", ""real__clip_pc1_high|real__clip_pc1_low|real__clip_pc1_middle""]","[""real__clip_pc1_low|sketch__clip_pc1_low|sketch__clip_pc1_middle""]",real__clip_pc1_low|real__clip_pc1_middle|sketch__clip_pc1_low,real__clip_pc1_low|real__clip_pc1_middle|sketch__clip_pc1_low
new_seeds,resnet50,20260918,clipart,logistic,brier_score,227,200,254,0.7874015748031497,0,0,0,0,0.0,0.0,0.0,0,1,False,False,False,False,False,False,False,False,False,False,[],[],real__clip_pc1_low|real__clip_pc1_middle|sketch__clip_pc1_low,real__clip_pc1_low|real__clip_pc1_middle|sketch__clip_pc1_low
new_seeds,resnet50,20260918,clipart,logistic,nll,10,1,19,0.05263157894736842,9,8,2,1,2.0,1.0,0.012994833865309197,3,1,True,True,False,False,True,True,False,False,True,True,"[""infograph__clip_pc1_high|real__clip_pc1_high|real__clip_pc1_low"", ""painting__clip_pc1_middle|real__clip_pc1_low|real__clip_pc1_middle""]","[""infograph__clip_pc1_high|real__clip_pc1_low|sketch__clip_pc1_low""]",infograph__clip_pc1_high|real__clip_pc1_low|sketch__clip_pc1_middle,painting__clip_pc1_middle|real__clip_pc1_low|real__clip_pc1_middle
new_seeds,resnet50,20260918,clipart,logistic,nll,25,4,46,0.08695652173913043,7,6,4,3,4.0,3.0,0.03300391352736298,1,1,True,True,True,False,True,True,False,True,False,True,"[""infograph__clip_pc1_high|real__clip_pc1_high|real__clip_pc1_low"", ""painting__clip_pc1_middle|real__clip_pc1_low|real__clip_pc1_middle"", ""real__clip_pc1_high|real__clip_pc1_low|sketch__clip_pc1_low"", ""real__clip_pc1_high|real__clip_pc1_low|sketch__clip_pc1_middle""]","[""infograph__clip_pc1_high|real__clip_pc1_low|sketch__clip_pc1_low"", ""painting__clip_pc1_middle|real__clip_pc1_low|sketch__clip_pc1_low"", ""real__clip_pc1_low|sketch__clip_pc1_low|sketch__clip_pc1_middle""]",painting__clip_pc1_middle|real__clip_pc1_low|sketch__clip_pc1_low,real__clip_pc1_high|real__clip_pc1_low|sketch__clip_pc1_low
new_seeds,resnet50,20260918,clipart,logistic,nll,50,20,80,0.25,5,4,4,3,4.0,3.0,0.03300391352736298,1,1,True,True,True,False,True,True,False,False,False,True,"[""infograph__clip_pc1_high|real__clip_pc1_high|real__clip_pc1_low"", ""painting__clip_pc1_middle|real__clip_pc1_low|real__clip_pc1_middle"", ""real__clip_pc1_high|real__clip_pc1_low|sketch__clip_pc1_low"", ""real__clip_pc1_high|real__clip_pc1_low|sketch__clip_pc1_middle""]","[""infograph__clip_pc1_high|real__clip_pc1_low|sketch__clip_pc1_low"", ""real__clip_pc1_low|sketch__clip_pc1_high|sketch__clip_pc1_low"", ""real__clip_pc1_low|sketch__clip_pc1_low|sketch__clip_pc1_middle""]",painting__clip_pc1_middle|real__clip_pc1_low|sketch__clip_pc1_low,real__clip_pc1_high|real__clip_pc1_low|sketch__clip_pc1_low
new_seeds,resnet50,20260918,clipart,logistic,nll,100,61,139,0.43884892086330934,2,2,2,2,2.0,2.0,0.0,0,1,True,True,False,False,False,False,False,False,False,False,"[""infograph__clip_pc1_high|real__clip_pc1_high|real__clip_pc1_low"", ""painting__clip_pc1_middle|real__clip_pc1_low|real__clip_pc1_middle""]","[""real__clip_pc1_low|sketch__clip_pc1_high|sketch__clip_pc1_low"", ""real__clip_pc1_low|sketch__clip_pc1_low|sketch__clip_pc1_middle""]",real__clip_pc1_high|real__clip_pc1_low|sketch__clip_pc1_low,real__clip_pc1_high|real__clip_pc1_low|sketch__clip_pc1_low
new_seeds,resnet50,20260918,clipart,logistic,nll,227,200,254,0.7874015748031497,0,0,0,0,0.0,0.0,0.0,0,1,False,False,False,False,False,False,False,False,False,False,[],[],real__clip_pc1_high|real__clip_pc1_low|sketch__clip_pc1_low,real__clip_pc1_high|real__clip_pc1_low|sketch__clip_pc1_low
new_seeds,resnet50,20260918,clipart,logistic,error_rate,10,1,19,0.05263157894736842,8,10,0,2,0.0,2.0,0.0,0,3,False,True,False,False,False,False,False,False,True,False,[],"[""infograph__clip_pc1_high|real__clip_pc1_low|sketch__clip_pc1_low"", ""infograph__clip_pc1_high|real__clip_pc1_low|sketch__clip_pc1_middle""]",infograph__clip_pc1_high|real__clip_pc1_low|sketch__clip_pc1_low,infograph__clip_pc1_high|real__clip_pc1_low|sketch__clip_pc1_low
new_seeds,resnet50,20260918,clipart,logistic,error_rate,25,4,46,0.08695652173913043,6,5,5,4,5.0,4.0,0.01953125,2,3,True,True,True,False,True,True,False,True,False,True,"[""infograph__clip_pc1_high|real__clip_pc1_low|real__clip_pc1_middle"", ""real__clip_pc1_high|real__clip_pc1_low|sketch__clip_pc1_low"", ""real__clip_pc1_high|real__clip_pc1_low|sketch__clip_pc1_middle"", ""real__clip_pc1_low|real__clip_pc1_middle|sketch__clip_pc1_low"", ""real__clip_pc1_low|real__clip_pc1_middle|sketch__clip_pc1_middle""]","[""infograph__clip_pc1_high|real__clip_pc1_low|sketch__clip_pc1_low"", ""infograph__clip_pc1_high|real__clip_pc1_low|sketch__clip_pc1_middle"", ""painting__clip_pc1_middle|real__clip_pc1_low|sketch__clip_pc1_low"", ""real__clip_pc1_low|sketch__clip_pc1_low|sketch__clip_pc1_middle""]",painting__clip_pc1_middle|real__clip_pc1_low|sketch__clip_pc1_low,real__clip_pc1_high|real__clip_pc1_low|sketch__clip_pc1_low
new_seeds,resnet50,20260918,clipart,logistic,error_rate,50,20,80,0.25,5,3,4,2,4.0,2.0,0.015625,1,3,True,True,True,False,True,True,False,False,False,True,"[""infograph__clip_pc1_high|real__clip_pc1_low|real__clip_pc1_middle"", ""real__clip_pc1_high|real__clip_pc1_low|sketch__clip_pc1_low"", ""real__clip_pc1_high|real__clip_pc1_low|sketch__clip_pc1_middle"", ""real__clip_pc1_low|real__clip_pc1_middle|sketch__clip_pc1_middle""]","[""infograph__clip_pc1_high|real__clip_pc1_low|sketch__clip_pc1_low"", ""real__clip_pc1_low|sketch__clip_pc1_low|sketch__clip_pc1_middle""]",real__clip_pc1_low|real__clip_pc1_middle|sketch__clip_pc1_low,real__clip_pc1_high|real__clip_pc1_low|sketch__clip_pc1_low
new_seeds,resnet50,20260918,clipart,logistic,error_rate,100,61,139,0.43884892086330934,1,1,1,1,1.0,1.0,0.0,0,3,True,True,False,False,False,False,False,False,False,False,"[""infograph__clip_pc1_middle|real__clip_pc1_low|real__clip_pc1_middle""]","[""real__clip_pc1_low|sketch__clip_pc1_low|sketch__clip_pc1_middle""]",real__clip_pc1_high|real__clip_pc1_low|sketch__clip_pc1_low,real__clip_pc1_high|real__clip_pc1_low|sketch__clip_pc1_low
new_seeds,resnet50,20260918,clipart,logistic,error_rate,227,200,254,0.7874015748031497,0,0,0,0,0.0,0.0,0.0,0,3,False,False,False,False,False,False,False,False,False,False,[],[],real__clip_pc1_high|real__clip_pc1_low|sketch__clip_pc1_low,real__clip_pc1_high|real__clip_pc1_low|sketch__clip_pc1_low
new_seeds,resnet50,20260918,infograph,ridge,brier_score,10,2,18,0.1111111111111111,9,8,2,1,2.0,1.0,3.1800874997545137e-05,2,1,True,True,True,False,True,True,False,True,False,True,"[""clipart__clip_pc1_low|real__clip_pc1_high|real__clip_pc1_low"", ""clipart__clip_pc1_low|real__clip_pc1_low|real__clip_pc1_middle""]","[""clipart__clip_pc1_low|real__clip_pc1_middle|sketch__clip_pc1_low""]",clipart__clip_pc1_low|real__clip_pc1_middle|sketch__clip_pc1_low,clipart__clip_pc1_low|real__clip_pc1_high|real__clip_pc1_low
new_seeds,resnet50,20260918,infograph,ridge,brier_score,25,9,41,0.21951219512195122,9,7,3,1,3.0,1.0,3.1800874997545137e-05,2,1,True,True,True,False,True,True,False,True,False,True,"[""clipart__clip_pc1_low|real__clip_pc1_high|real__clip_pc1_low"", ""clipart__clip_pc1_low|real__clip_pc1_low|real__clip_pc1_middle"", ""real__clip_pc1_high|real__clip_pc1_low|real__clip_pc1_middle""]","[""clipart__clip_pc1_low|real__clip_pc1_middle|sketch__clip_pc1_low""]",clipart__clip_pc1_low|real__clip_pc1_middle|sketch__clip_pc1_low,clipart__clip_pc1_low|real__clip_pc1_high|real__clip_pc1_low
new_seeds,resnet50,20260918,infograph,ridge,brier_score,50,27,73,0.3698630136986301,6,1,6,1,6.0,1.0,1.8514869175589865e-05,6,1,True,True,True,False,True,True,False,True,False,True,"[""clipart__clip_pc1_low|painting__clip_pc1_middle|real__clip_pc1_low"", ""clipart__clip_pc1_low|real__clip_pc1_high|real__clip_pc1_low"", ""clipart__clip_pc1_low|real__clip_pc1_low|real__clip_pc1_middle"", ""painting__clip_pc1_middle|real__clip_pc1_low|real__clip_pc1_middle"", ""real__clip_pc1_high|real__clip_pc1_low|real__clip_pc1_middle"", ""real__clip_pc1_high|real__clip_pc1_low|sketch__clip_pc1_low""]","[""clipart__clip_pc1_low|real__clip_pc1_low|sketch__clip_pc1_low""]",clipart__clip_pc1_low|real__clip_pc1_high|sketch__clip_pc1_low,clipart__clip_pc1_low|real__clip_pc1_high|real__clip_pc1_low
new_seeds,resnet50,20260918,infograph,ridge,brier_score,100,75,125,0.6,2,0,2,0,2.0,0.0,0.0,0,1,True,False,False,False,False,False,False,False,False,False,"[""painting__clip_pc1_middle|real__clip_pc1_low|real__clip_pc1_middle"", ""real__clip_pc1_high|real__clip_pc1_low|real__clip_pc1_middle""]",[],clipart__clip_pc1_low|real__clip_pc1_high|real__clip_pc1_low,clipart__clip_pc1_low|real__clip_pc1_high|real__clip_pc1_low
new_seeds,resnet50,20260918,infograph,ridge,brier_score,227,217,237,0.9156118143459916,0,0,0,0,0.0,0.0,0.0,0,1,False,False,False,False,False,False,False,False,False,False,[],[],clipart__clip_pc1_low|real__clip_pc1_high|real__clip_pc1_low,clipart__clip_pc1_low|real__clip_pc1_high|real__clip_pc1_low
new_seeds,resnet50,20260918,infograph,ridge,nll,10,2,18,0.1111111111111111,9,8,2,1,2.0,1.0,0.0017642476040453658,2,1,True,True,True,False,True,True,False,True,False,True,"[""clipart__clip_pc1_low|real__clip_pc1_high|real__clip_pc1_low"", ""clipart__clip_pc1_low|real__clip_pc1_low|real__clip_pc1_middle""]","[""clipart__clip_pc1_low|real__clip_pc1_middle|sketch__clip_pc1_low""]",clipart__clip_pc1_low|real__clip_pc1_middle|sketch__clip_pc1_low,clipart__clip_pc1_low|real__clip_pc1_high|real__clip_pc1_low
new_seeds,resnet50,20260918,infograph,ridge,nll,25,9,41,0.21951219512195122,9,7,3,1,3.0,1.0,0.0017642476040453658,2,1,True,True,True,False,True,True,False,True,False,True,"[""clipart__clip_pc1_low|real__clip_pc1_high|real__clip_pc1_low"", ""clipart__clip_pc1_low|real__clip_pc1_low|real__clip_pc1_middle"", ""real__clip_pc1_high|real__clip_pc1_low|real__clip_pc1_middle""]","[""clipart__clip_pc1_low|real__clip_pc1_middle|sketch__clip_pc1_low""]",clipart__clip_pc1_low|real__clip_pc1_middle|sketch__clip_pc1_low,clipart__clip_pc1_low|real__clip_pc1_high|real__clip_pc1_low
new_seeds,resnet50,20260918,infograph,ridge,nll,50,27,73,0.3698630136986301,6,2,5,1,5.0,1.0,0.0016424922898377048,5,1,True,True,True,False,True,True,False,True,False,True,"[""clipart__clip_pc1_low|painting__clip_pc1_middle|real__clip_pc1_low"", ""clipart__clip_pc1_low|real__clip_pc1_high|real__clip_pc1_low"", ""clipart__clip_pc1_low|real__clip_pc1_low|real__clip_pc1_middle"", ""painting__clip_pc1_middle|real__clip_pc1_low|real__clip_pc1_middle"", ""real__clip_pc1_high|real__clip_pc1_low|real__clip_pc1_middle""]","[""clipart__clip_pc1_low|real__clip_pc1_low|sketch__clip_pc1_low""]",clipart__clip_pc1_low|real__clip_pc1_high|sketch__clip_pc1_low,clipart__clip_pc1_low|real__clip_pc1_high|real__clip_pc1_low
new_seeds,resnet50,20260918,infograph,ridge,nll,100,75,125,0.6,2,0,2,0,2.0,0.0,0.0,0,1,True,False,False,False,False,False,False,False,False,False,"[""painting__clip_pc1_middle|real__clip_pc1_low|real__clip_pc1_middle"", ""real__clip_pc1_high|real__clip_pc1_low|real__clip_pc1_middle""]",[],clipart__clip_pc1_low|real__clip_pc1_high|real__clip_pc1_low,clipart__clip_pc1_low|real__clip_pc1_high|real__clip_pc1_low
new_seeds,resnet50,20260918,infograph,ridge,nll,227,217,237,0.9156118143459916,0,0,0,0,0.0,0.0,0.0,0,1,False,False,False,False,False,False,False,False,False,False,[],[],clipart__clip_pc1_low|real__clip_pc1_high|real__clip_pc1_low,clipart__clip_pc1_low|real__clip_pc1_high|real__clip_pc1_low
new_seeds,resnet50,20260918,infograph,ridge,error_rate,10,2,18,0.1111111111111111,10,9,1,0,1.0,0.0,0.01611328125,2,1,True,False,False,False,True,True,False,True,False,True,"[""clipart__clip_pc1_low|real__clip_pc1_high|real__clip_pc1_low""]",[],clipart__clip_pc1_low|clipart__clip_pc1_middle|painting__clip_pc1_low,clipart__clip_pc1_low|real__clip_pc1_high|real__clip_pc1_low
new_seeds,resnet50,20260918,infograph,ridge,error_rate,25,9,41,0.21951219512195122,9,9,1,1,1.0,1.0,0.0078125,3,1,True,True,False,False,True,True,False,True,False,True,"[""clipart__clip_pc1_low|real__clip_pc1_high|real__clip_pc1_low""]","[""clipart__clip_pc1_low|painting__clip_pc1_low|sketch__clip_pc1_middle""]",clipart__clip_pc1_low|clipart__clip_pc1_middle|painting__clip_pc1_low,clipart__clip_pc1_low|real__clip_pc1_high|real__clip_pc1_low
new_seeds,resnet50,20260918,infograph,ridge,error_rate,50,27,73,0.3698630136986301,7,3,5,1,5.0,1.0,0.0068359375,3,1,True,True,True,False,True,True,False,False,False,True,"[""clipart__clip_pc1_low|painting__clip_pc1_low|painting__clip_pc1_middle"", ""clipart__clip_pc1_low|painting__clip_pc1_middle|real__clip_pc1_low"", ""clipart__clip_pc1_low|real__clip_pc1_high|real__clip_pc1_low"", ""real__clip_pc1_high|real__clip_pc1_low|sketch__clip_pc1_low"", ""real__clip_pc1_high|real__clip_pc1_low|sketch__clip_pc1_middle""]","[""clipart__clip_pc1_low|clipart__clip_pc1_middle|painting__clip_pc1_middle""]",clipart__clip_pc1_low|clipart__clip_pc1_middle|painting__clip_pc1_middle,real__clip_pc1_high|real__clip_pc1_low|sketch__clip_pc1_low
new_seeds,resnet50,20260918,infograph,ridge,error_rate,100,75,125,0.6,1,0,1,0,1.0,0.0,0.0,0,1,True,False,False,False,False,False,False,False,False,False,"[""clipart__clip_pc1_low|painting__clip_pc1_high|painting__clip_pc1_low""]",[],real__clip_pc1_high|real__clip_pc1_low|sketch__clip_pc1_low,real__clip_pc1_high|real__clip_pc1_low|sketch__clip_pc1_low
new_seeds,resnet50,20260918,infograph,ridge,error_rate,227,217,237,0.9156118143459916,0,0,0,0,0.0,0.0,0.0,0,1,False,False,False,False,False,False,False,False,False,False,[],[],real__clip_pc1_high|real__clip_pc1_low|sketch__clip_pc1_low,real__clip_pc1_high|real__clip_pc1_low|sketch__clip_pc1_low
new_seeds,resnet50,20260918,infograph,logistic,brier_score,10,2,18,0.1111111111111111,10,9,1,0,1.0,0.0,0.005254613240630146,1,1,True,False,True,False,True,True,False,True,False,True,"[""clipart__clip_pc1_low|real__clip_pc1_high|real__clip_pc1_low""]",[],clipart__clip_pc1_low|real__clip_pc1_middle|sketch__clip_pc1_low,clipart__clip_pc1_low|real__clip_pc1_high|real__clip_pc1_low
new_seeds,resnet50,20260918,infograph,logistic,brier_score,25,9,41,0.21951219512195122,10,8,2,0,2.0,0.0,0.004334592421195493,2,1,True,False,True,False,True,True,False,True,False,True,"[""clipart__clip_pc1_low|real__clip_pc1_high|real__clip_pc1_low"", ""clipart__clip_pc1_middle|real__clip_pc1_high|real__clip_pc1_low""]",[],clipart__clip_pc1_low|real__clip_pc1_middle|sketch__clip_pc1_low,clipart__clip_pc1_low|real__clip_pc1_high|real__clip_pc1_low
new_seeds,resnet50,20260918,infograph,logistic,brier_score,50,27,73,0.3698630136986301,6,4,3,1,3.0,1.0,0.0017514142433594504,3,1,True,True,True,False,True,True,False,True,False,True,"[""clipart__clip_pc1_low|painting__clip_pc1_middle|real__clip_pc1_low"", ""clipart__clip_pc1_low|real__clip_pc1_high|real__clip_pc1_low"", ""real__clip_pc1_high|real__clip_pc1_low|sketch__clip_pc1_low""]","[""clipart__clip_pc1_low|real__clip_pc1_low|sketch__clip_pc1_low""]",clipart__clip_pc1_low|real__clip_pc1_high|sketch__clip_pc1_low,clipart__clip_pc1_low|real__clip_pc1_high|real__clip_pc1_low
new_seeds,resnet50,20260918,infograph,logistic,brier_score,100,75,125,0.6,2,0,2,0,2.0,0.0,0.0,0,1,True,False,False,False,False,False,False,False,False,False,"[""clipart__clip_pc1_low|painting__clip_pc1_high|real__clip_pc1_low"", ""painting__clip_pc1_middle|real__clip_pc1_high|real__clip_pc1_low""]",[],clipart__clip_pc1_low|real__clip_pc1_high|real__clip_pc1_low,clipart__clip_pc1_low|real__clip_pc1_high|real__clip_pc1_low
new_seeds,resnet50,20260918,infograph,logistic,brier_score,227,217,237,0.9156118143459916,0,0,0,0,0.0,0.0,0.0,0,1,False,False,False,False,False,False,False,False,False,False,[],[],clipart__clip_pc1_low|real__clip_pc1_high|real__clip_pc1_low,clipart__clip_pc1_low|real__clip_pc1_high|real__clip_pc1_low
new_seeds,resnet50,20260918,infograph,logistic,nll,10,2,18,0.1111111111111111,10,8,2,0,2.0,0.0,0.0778051634933492,3,1,True,False,False,False,True,True,False,True,False,True,"[""clipart__clip_pc1_low|painting__clip_pc1_middle|real__clip_pc1_middle"", ""clipart__clip_pc1_low|real__clip_pc1_high|real__clip_pc1_low""]",[],clipart__clip_pc1_low|clipart__clip_pc1_middle|real__clip_pc1_middle,clipart__clip_pc1_low|real__clip_pc1_high|real__clip_pc1_low
new_seeds,resnet50,20260918,infograph,logistic,nll,25,9,41,0.21951219512195122,10,8,2,0,2.0,0.0,0.0778051634933492,5,1,True,False,False,False,True,True,False,True,False,True,"[""clipart__clip_pc1_low|painting__clip_pc1_middle|real__clip_pc1_middle"", ""clipart__clip_pc1_low|real__clip_pc1_high|real__clip_pc1_low""]",[],clipart__clip_pc1_low|clipart__clip_pc1_middle|real__clip_pc1_middle,clipart__clip_pc1_low|real__clip_pc1_high|real__clip_pc1_low
new_seeds,resnet50,20260918,infograph,logistic,nll,50,27,73,0.3698630136986301,8,3,6,1,6.0,1.0,0.04618325308894633,4,1,True,True,True,False,True,True,False,True,False,True,"[""clipart__clip_pc1_low|painting__clip_pc1_low|painting__clip_pc1_middle"", ""clipart__clip_pc1_low|painting__clip_pc1_middle|real__clip_pc1_low"", ""clipart__clip_pc1_low|painting__clip_pc1_middle|real__clip_pc1_middle"", ""clipart__clip_pc1_low|real__clip_pc1_high|real__clip_pc1_low"", ""clipart__clip_pc1_middle|painting__clip_pc1_middle|real__clip_pc1_low"", ""real__clip_pc1_high|real__clip_pc1_low|sketch__clip_pc1_low""]","[""clipart__clip_pc1_low|clipart__clip_pc1_middle|painting__clip_pc1_middle""]",clipart__clip_pc1_low|real__clip_pc1_high|sketch__clip_pc1_low,clipart__clip_pc1_low|painting__clip_pc1_middle|real__clip_pc1_low
new_seeds,resnet50,20260918,infograph,logistic,nll,100,75,125,0.6,0,0,0,0,0.0,0.0,0.0,0,1,False,False,False,False,False,False,False,False,False,False,[],[],clipart__clip_pc1_low|painting__clip_pc1_middle|real__clip_pc1_low,clipart__clip_pc1_low|painting__clip_pc1_middle|real__clip_pc1_low
new_seeds,resnet50,20260918,infograph,logistic,nll,227,217,237,0.9156118143459916,0,0,0,0,0.0,0.0,0.0,0,1,False,False,False,False,False,False,False,False,False,False,[],[],clipart__clip_pc1_low|painting__clip_pc1_middle|real__clip_pc1_low,clipart__clip_pc1_low|painting__clip_pc1_middle|real__clip_pc1_low
new_seeds,resnet50,20260918,infograph,logistic,error_rate,10,2,18,0.1111111111111111,10,9,1,0,1.0,0.0,0.02490234375,2,2,True,False,True,False,True,True,False,True,False,True,"[""clipart__clip_pc1_low|real__clip_pc1_high|real__clip_pc1_low""]",[],clipart__clip_pc1_low|clipart__clip_pc1_middle|real__clip_pc1_high,clipart__clip_pc1_low|real__clip_pc1_high|real__clip_pc1_low
new_seeds,resnet50,20260918,infograph,logistic,error_rate,25,9,41,0.21951219512195122,10,8,2,0,2.0,0.0,0.0146484375,3,2,True,False,True,False,True,True,False,True,False,True,"[""clipart__clip_pc1_low|real__clip_pc1_high|real__clip_pc1_low"", ""clipart__clip_pc1_middle|real__clip_pc1_high|real__clip_pc1_low""]",[],clipart__clip_pc1_low|clipart__clip_pc1_middle|real__clip_pc1_high,clipart__clip_pc1_low|real__clip_pc1_high|real__clip_pc1_low
new_seeds,resnet50,20260918,infograph,logistic,error_rate,50,27,73,0.3698630136986301,7,3,5,1,5.0,1.0,0.00537109375,3,2,True,True,True,False,True,True,False,False,False,True,"[""clipart__clip_pc1_low|painting__clip_pc1_low|painting__clip_pc1_middle"", ""clipart__clip_pc1_low|painting__clip_pc1_middle|real__clip_pc1_low"", ""clipart__clip_pc1_low|real__clip_pc1_high|real__clip_pc1_low"", ""real__clip_pc1_high|real__clip_pc1_low|sketch__clip_pc1_low"", ""real__clip_pc1_high|real__clip_pc1_low|sketch__clip_pc1_middle""]","[""clipart__clip_pc1_low|clipart__clip_pc1_middle|painting__clip_pc1_middle""]",clipart__clip_pc1_middle|real__clip_pc1_high|real__clip_pc1_low,real__clip_pc1_high|real__clip_pc1_low|sketch__clip_pc1_low
new_seeds,resnet50,20260918,infograph,logistic,error_rate,100,75,125,0.6,1,0,1,0,1.0,0.0,0.0,0,2,True,False,False,False,False,False,False,False,False,False,"[""clipart__clip_pc1_low|painting__clip_pc1_high|painting__clip_pc1_low""]",[],real__clip_pc1_high|real__clip_pc1_low|sketch__clip_pc1_low,real__clip_pc1_high|real__clip_pc1_low|sketch__clip_pc1_low
new_seeds,resnet50,20260918,infograph,logistic,error_rate,227,217,237,0.9156118143459916,0,0,0,0,0.0,0.0,0.0,0,2,False,False,False,False,False,False,False,False,False,False,[],[],real__clip_pc1_high|real__clip_pc1_low|sketch__clip_pc1_low,real__clip_pc1_high|real__clip_pc1_low|sketch__clip_pc1_low
new_seeds,resnet50,20260918,painting,ridge,brier_score,10,5,15,0.3333333333333333,7,4,3,0,3.0,0.0,0.0,0,1,True,False,False,False,False,False,False,False,False,False,"[""clipart__clip_pc1_low|real__clip_pc1_high|real__clip_pc1_low"", ""clipart__clip_pc1_middle|real__clip_pc1_high|real__clip_pc1_low"", ""real__clip_pc1_high|real__clip_pc1_low|real__clip_pc1_middle""]",[],real__clip_pc1_high|real__clip_pc1_low|sketch__clip_pc1_high,real__clip_pc1_high|real__clip_pc1_low|sketch__clip_pc1_high
new_seeds,resnet50,20260918,painting,ridge,brier_score,25,20,30,0.6666666666666666,3,2,1,0,1.0,0.0,0.0,0,1,True,False,False,False,False,False,False,False,False,False,"[""infograph__clip_pc1_middle|real__clip_pc1_high|real__clip_pc1_low""]",[],real__clip_pc1_high|real__clip_pc1_low|sketch__clip_pc1_high,real__clip_pc1_high|real__clip_pc1_low|sketch__clip_pc1_high
new_seeds,resnet50,20260918,painting,ridge,brier_score,50,41,59,0.6949152542372882,2,1,2,1,2.0,1.0,0.0,0,1,True,True,False,False,False,False,False,False,False,False,"[""infograph__clip_pc1_low|real__clip_pc1_high|real__clip_pc1_low"", ""infograph__clip_pc1_middle|real__clip_pc1_high|real__clip_pc1_low""]","[""real__clip_pc1_high|sketch__clip_pc1_high|sketch__clip_pc1_low""]",real__clip_pc1_high|real__clip_pc1_low|sketch__clip_pc1_high,real__clip_pc1_high|real__clip_pc1_low|sketch__clip_pc1_high
new_seeds,resnet50,20260918,painting,ridge,brier_score,100,88,112,0.7857142857142857,1,0,1,0,1.0,0.0,0.0,0,1,True,False,False,False,False,False,False,False,False,False,"[""infograph__clip_pc1_low|real__clip_pc1_high|real__clip_pc1_low""]",[],real__clip_pc1_high|real__clip_pc1_low|sketch__clip_pc1_high,real__clip_pc1_high|real__clip_pc1_low|sketch__clip_pc1_high
new_seeds,resnet50,20260918,painting,ridge,brier_score,227,206,248,0.8306451612903226,0,0,0,0,0.0,0.0,0.0,0,1,False,False,False,False,False,False,False,False,False,False,[],[],real__clip_pc1_high|real__clip_pc1_low|sketch__clip_pc1_high,real__clip_pc1_high|real__clip_pc1_low|sketch__clip_pc1_high
new_seeds,resnet50,20260918,painting,ridge,nll,10,5,15,0.3333333333333333,8,5,3,0,3.0,0.0,0.0,0,1,True,False,False,False,False,False,False,False,False,False,"[""clipart__clip_pc1_low|real__clip_pc1_high|real__clip_pc1_low"", ""clipart__clip_pc1_middle|real__clip_pc1_high|real__clip_pc1_low"", ""real__clip_pc1_high|real__clip_pc1_low|real__clip_pc1_middle""]",[],real__clip_pc1_high|real__clip_pc1_low|sketch__clip_pc1_high,real__clip_pc1_high|real__clip_pc1_low|sketch__clip_pc1_high
new_seeds,resnet50,20260918,painting,ridge,nll,25,20,30,0.6666666666666666,3,1,2,0,2.0,0.0,0.0,0,1,True,False,False,False,False,False,False,False,False,False,"[""infograph__clip_pc1_high|real__clip_pc1_high|real__clip_pc1_low"", ""infograph__clip_pc1_middle|real__clip_pc1_high|real__clip_pc1_low""]",[],real__clip_pc1_high|real__clip_pc1_low|sketch__clip_pc1_high,real__clip_pc1_high|real__clip_pc1_low|sketch__clip_pc1_high
new_seeds,resnet50,20260918,painting,ridge,nll,50,41,59,0.6949152542372882,2,0,2,0,2.0,0.0,0.0,0,1,True,False,False,False,False,False,False,False,False,False,"[""infograph__clip_pc1_low|real__clip_pc1_high|real__clip_pc1_low"", ""infograph__clip_pc1_middle|real__clip_pc1_high|real__clip_pc1_low""]",[],real__clip_pc1_high|real__clip_pc1_low|sketch__clip_pc1_high,real__clip_pc1_high|real__clip_pc1_low|sketch__clip_pc1_high
new_seeds,resnet50,20260918,painting,ridge,nll,100,88,112,0.7857142857142857,1,0,1,0,1.0,0.0,0.0,0,1,True,False,False,False,False,False,False,False,False,False,"[""infograph__clip_pc1_low|real__clip_pc1_high|real__clip_pc1_low""]",[],real__clip_pc1_high|real__clip_pc1_low|sketch__clip_pc1_high,real__clip_pc1_high|real__clip_pc1_low|sketch__clip_pc1_high
new_seeds,resnet50,20260918,painting,ridge,nll,227,206,248,0.8306451612903226,0,0,0,0,0.0,0.0,0.0,0,1,False,False,False,False,False,False,False,False,False,False,[],[],real__clip_pc1_high|real__clip_pc1_low|sketch__clip_pc1_high,real__clip_pc1_high|real__clip_pc1_low|sketch__clip_pc1_high
new_seeds,resnet50,20260918,painting,ridge,error_rate,10,5,15,0.3333333333333333,8,5,3,0,3.0,0.0,0.017578125,1,1,True,False,True,False,True,True,False,True,False,True,"[""clipart__clip_pc1_low|real__clip_pc1_high|real__clip_pc1_low"", ""clipart__clip_pc1_middle|real__clip_pc1_high|real__clip_pc1_low"", ""real__clip_pc1_high|real__clip_pc1_low|real__clip_pc1_middle""]",[],real__clip_pc1_high|real__clip_pc1_low|sketch__clip_pc1_high,real__clip_pc1_high|real__clip_pc1_low|real__clip_pc1_middle
new_seeds,resnet50,20260918,painting,ridge,error_rate,25,20,30,0.6666666666666666,3,1,2,0,2.0,0.0,0.0,0,1,True,False,False,False,False,False,False,False,False,False,"[""infograph__clip_pc1_high|real__clip_pc1_high|real__clip_pc1_low"", ""infograph__clip_pc1_middle|real__clip_pc1_high|real__clip_pc1_low""]",[],real__clip_pc1_high|real__clip_pc1_low|real__clip_pc1_middle,real__clip_pc1_high|real__clip_pc1_low|real__clip_pc1_middle
new_seeds,resnet50,20260918,painting,ridge,error_rate,50,41,59,0.6949152542372882,2,1,1,0,1.0,0.0,0.0,0,1,True,False,False,False,False,False,False,False,False,False,"[""infograph__clip_pc1_middle|real__clip_pc1_high|real__clip_pc1_low""]",[],real__clip_pc1_high|real__clip_pc1_low|real__clip_pc1_middle,real__clip_pc1_high|real__clip_pc1_low|real__clip_pc1_middle
new_seeds,resnet50,20260918,painting,ridge,error_rate,100,88,112,0.7857142857142857,1,1,0,0,0.0,0.0,0.0,0,1,False,False,False,False,False,False,False,False,False,False,[],[],real__clip_pc1_high|real__clip_pc1_low|real__clip_pc1_middle,real__clip_pc1_high|real__clip_pc1_low|real__clip_pc1_middle
new_seeds,resnet50,20260918,painting,ridge,error_rate,227,206,248,0.8306451612903226,0,0,0,0,0.0,0.0,0.0,0,1,False,False,False,False,False,False,False,False,False,False,[],[],real__clip_pc1_high|real__clip_pc1_low|real__clip_pc1_middle,real__clip_pc1_high|real__clip_pc1_low|real__clip_pc1_middle
new_seeds,resnet50,20260918,painting,logistic,brier_score,10,5,15,0.3333333333333333,7,4,3,0,3.0,0.0,0.0,1,1,True,False,False,False,False,False,False,False,False,False,"[""clipart__clip_pc1_low|real__clip_pc1_high|real__clip_pc1_low"", ""clipart__clip_pc1_middle|real__clip_pc1_high|real__clip_pc1_low"", ""real__clip_pc1_high|real__clip_pc1_low|real__clip_pc1_middle""]",[],real__clip_pc1_high|real__clip_pc1_middle|sketch__clip_pc1_high,real__clip_pc1_high|real__clip_pc1_middle|sketch__clip_pc1_high
new_seeds,resnet50,20260918,painting,logistic,brier_score,25,20,30,0.6666666666666666,2,1,1,0,1.0,0.0,0.0,0,1,True,False,False,False,False,False,False,False,False,False,"[""infograph__clip_pc1_middle|real__clip_pc1_high|real__clip_pc1_low""]",[],real__clip_pc1_high|real__clip_pc1_middle|sketch__clip_pc1_high,real__clip_pc1_high|real__clip_pc1_middle|sketch__clip_pc1_high
new_seeds,resnet50,20260918,painting,logistic,brier_score,50,41,59,0.6949152542372882,1,1,1,1,1.0,1.0,0.0,0,1,True,True,False,False,False,False,False,False,False,False,"[""infograph__clip_pc1_middle|real__clip_pc1_high|real__clip_pc1_low""]","[""real__clip_pc1_high|sketch__clip_pc1_high|sketch__clip_pc1_low""]",real__clip_pc1_high|real__clip_pc1_middle|sketch__clip_pc1_high,real__clip_pc1_high|real__clip_pc1_middle|sketch__clip_pc1_high
new_seeds,resnet50,20260918,painting,logistic,brier_score,100,88,112,0.7857142857142857,0,0,0,0,0.0,0.0,0.0,0,1,False,False,False,False,False,False,False,False,False,False,[],[],real__clip_pc1_high|real__clip_pc1_middle|sketch__clip_pc1_high,real__clip_pc1_high|real__clip_pc1_middle|sketch__clip_pc1_high
new_seeds,resnet50,20260918,painting,logistic,brier_score,227,206,248,0.8306451612903226,0,0,0,0,0.0,0.0,0.0,0,1,False,False,False,False,False,False,False,False,False,False,[],[],real__clip_pc1_high|real__clip_pc1_middle|sketch__clip_pc1_high,real__clip_pc1_high|real__clip_pc1_middle|sketch__clip_pc1_high
new_seeds,resnet50,20260918,painting,logistic,nll,10,5,15,0.3333333333333333,8,6,3,1,3.0,1.0,0.03823796276995228,1,1,True,True,True,False,True,True,False,True,False,True,"[""clipart__clip_pc1_low|real__clip_pc1_high|real__clip_pc1_low"", ""clipart__clip_pc1_middle|real__clip_pc1_high|real__clip_pc1_low"", ""real__clip_pc1_high|real__clip_pc1_low|real__clip_pc1_middle""]","[""clipart__clip_pc1_high|real__clip_pc1_high|real__clip_pc1_middle""]",real__clip_pc1_high|real__clip_pc1_low|sketch__clip_pc1_middle,real__clip_pc1_high|real__clip_pc1_low|real__clip_pc1_middle
new_seeds,resnet50,20260918,painting,logistic,nll,25,20,30,0.6666666666666666,3,1,2,0,2.0,0.0,0.0,0,1,True,False,False,False,False,False,False,False,False,False,"[""infograph__clip_pc1_high|real__clip_pc1_high|real__clip_pc1_low"", ""infograph__clip_pc1_middle|real__clip_pc1_high|real__clip_pc1_low""]",[],real__clip_pc1_high|real__clip_pc1_low|sketch__clip_pc1_low,real__clip_pc1_high|real__clip_pc1_low|sketch__clip_pc1_low
new_seeds,resnet50,20260918,painting,logistic,nll,50,41,59,0.6949152542372882,2,0,2,0,2.0,0.0,0.0,0,1,True,False,False,False,False,False,False,False,False,False,"[""infograph__clip_pc1_low|real__clip_pc1_high|real__clip_pc1_low"", ""infograph__clip_pc1_middle|real__clip_pc1_high|real__clip_pc1_low""]",[],real__clip_pc1_high|real__clip_pc1_low|sketch__clip_pc1_low,real__clip_pc1_high|real__clip_pc1_low|sketch__clip_pc1_low
new_seeds,resnet50,20260918,painting,logistic,nll,100,88,112,0.7857142857142857,1,0,1,0,1.0,0.0,0.0,0,1,True,False,False,False,False,False,False,False,False,False,"[""infograph__clip_pc1_low|real__clip_pc1_high|real__clip_pc1_low""]",[],real__clip_pc1_high|real__clip_pc1_low|sketch__clip_pc1_low,real__clip_pc1_high|real__clip_pc1_low|sketch__clip_pc1_low
new_seeds,resnet50,20260918,painting,logistic,nll,227,206,248,0.8306451612903226,0,0,0,0,0.0,0.0,0.0,0,1,False,False,False,False,False,False,False,False,False,False,[],[],real__clip_pc1_high|real__clip_pc1_low|sketch__clip_pc1_low,real__clip_pc1_high|real__clip_pc1_low|sketch__clip_pc1_low
new_seeds,resnet50,20260918,painting,logistic,error_rate,10,5,15,0.3333333333333333,8,5,3,0,3.0,0.0,0.01708984375,1,1,True,False,True,False,False,False,False,False,False,False,"[""clipart__clip_pc1_low|real__clip_pc1_high|real__clip_pc1_low"", ""clipart__clip_pc1_middle|real__clip_pc1_high|real__clip_pc1_low"", ""real__clip_pc1_high|real__clip_pc1_low|real__clip_pc1_middle""]",[],real__clip_pc1_high|real__clip_pc1_low|sketch__clip_pc1_high,real__clip_pc1_high|real__clip_pc1_low|sketch__clip_pc1_high
new_seeds,resnet50,20260918,painting,logistic,error_rate,25,20,30,0.6666666666666666,2,1,1,0,1.0,0.0,0.0,0,1,True,False,False,False,True,False,True,False,True,False,"[""infograph__clip_pc1_middle|real__clip_pc1_high|real__clip_pc1_low""]",[],real__clip_pc1_high|real__clip_pc1_low|sketch__clip_pc1_low,infograph__clip_pc1_middle|real__clip_pc1_high|real__clip_pc1_low
new_seeds,resnet50,20260918,painting,logistic,error_rate,50,41,59,0.6949152542372882,2,1,1,0,1.0,0.0,0.0,0,1,True,False,False,False,True,False,True,False,True,False,"[""infograph__clip_pc1_middle|real__clip_pc1_high|real__clip_pc1_low""]",[],real__clip_pc1_high|real__clip_pc1_low|sketch__clip_pc1_low,infograph__clip_pc1_middle|real__clip_pc1_high|real__clip_pc1_low
new_seeds,resnet50,20260918,painting,logistic,error_rate,100,88,112,0.7857142857142857,1,1,0,0,0.0,0.0,0.0,0,1,False,False,False,False,False,False,False,False,False,False,[],[],infograph__clip_pc1_middle|real__clip_pc1_high|real__clip_pc1_low,infograph__clip_pc1_middle|real__clip_pc1_high|real__clip_pc1_low
new_seeds,resnet50,20260918,painting,logistic,error_rate,227,206,248,0.8306451612903226,0,0,0,0,0.0,0.0,0.0,0,1,False,False,False,False,False,False,False,False,False,False,[],[],infograph__clip_pc1_middle|real__clip_pc1_high|real__clip_pc1_low,infograph__clip_pc1_middle|real__clip_pc1_high|real__clip_pc1_low
new_seeds,resnet50,20260918,quickdraw,ridge,brier_score,10,5,15,0.3333333333333333,7,9,0,2,0.0,2.0,0.0,0,1,False,True,False,False,False,False,False,False,False,False,[],"[""clipart__clip_pc1_low|clipart__clip_pc1_middle|sketch__clip_pc1_low"", ""clipart__clip_pc1_middle|sketch__clip_pc1_low|sketch__clip_pc1_middle""]",clipart__clip_pc1_low|sketch__clip_pc1_low|sketch__clip_pc1_middle,clipart__clip_pc1_low|sketch__clip_pc1_low|sketch__clip_pc1_middle
new_seeds,resnet50,20260918,quickdraw,ridge,brier_score,25,13,37,0.35135135135135137,5,8,0,3,0.0,3.0,0.0,0,1,False,True,False,False,False,False,False,False,False,False,[],"[""clipart__clip_pc1_high|sketch__clip_pc1_low|sketch__clip_pc1_middle"", ""clipart__clip_pc1_low|clipart__clip_pc1_middle|sketch__clip_pc1_low"", ""clipart__clip_pc1_low|clipart__clip_pc1_middle|sketch__clip_pc1_middle""]",clipart__clip_pc1_low|clipart__clip_pc1_middle|sketch__clip_pc1_middle,clipart__clip_pc1_low|clipart__clip_pc1_middle|sketch__clip_pc1_middle
new_seeds,resnet50,20260918,quickdraw,ridge,brier_score,50,34,66,0.5151515151515151,3,6,0,3,0.0,3.0,0.0,0,1,False,True,False,False,False,False,False,False,False,False,[],"[""clipart__clip_pc1_high|clipart__clip_pc1_low|sketch__clip_pc1_low"", ""clipart__clip_pc1_high|clipart__clip_pc1_low|sketch__clip_pc1_middle"", ""clipart__clip_pc1_high|sketch__clip_pc1_low|sketch__clip_pc1_middle""]",clipart__clip_pc1_low|clipart__clip_pc1_middle|sketch__clip_pc1_middle,clipart__clip_pc1_low|clipart__clip_pc1_middle|sketch__clip_pc1_middle
new_seeds,resnet50,20260918,quickdraw,ridge,brier_score,100,82,118,0.6949152542372882,1,3,0,2,0.0,2.0,0.0,0,1,False,True,False,True,False,False,False,False,False,False,[],"[""clipart__clip_pc1_high|clipart__clip_pc1_middle|sketch__clip_pc1_low"", ""clipart__clip_pc1_high|clipart__clip_pc1_middle|sketch__clip_pc1_middle""]",clipart__clip_pc1_low|clipart__clip_pc1_middle|sketch__clip_pc1_middle,clipart__clip_pc1_low|clipart__clip_pc1_middle|sketch__clip_pc1_middle
new_seeds,resnet50,20260918,quickdraw,ridge,brier_score,227,211,243,0.8683127572016461,0,0,0,0,0.0,0.0,0.0,0,1,False,False,False,False,False,False,False,False,False,False,[],[],clipart__clip_pc1_low|clipart__clip_pc1_middle|sketch__clip_pc1_middle,clipart__clip_pc1_low|clipart__clip_pc1_middle|sketch__clip_pc1_middle
new_seeds,resnet50,20260918,quickdraw,ridge,nll,10,5,15,0.3333333333333333,7,9,0,2,0.0,2.0,0.0,0,1,False,True,False,False,False,False,False,False,False,False,[],"[""clipart__clip_pc1_low|clipart__clip_pc1_middle|sketch__clip_pc1_low"", ""clipart__clip_pc1_middle|sketch__clip_pc1_low|sketch__clip_pc1_middle""]",clipart__clip_pc1_low|sketch__clip_pc1_low|sketch__clip_pc1_middle,clipart__clip_pc1_low|sketch__clip_pc1_low|sketch__clip_pc1_middle
new_seeds,resnet50,20260918,quickdraw,ridge,nll,25,13,37,0.35135135135135137,5,8,0,3,0.0,3.0,0.0,0,1,False,True,False,False,False,False,False,False,False,False,[],"[""clipart__clip_pc1_high|sketch__clip_pc1_low|sketch__clip_pc1_middle"", ""clipart__clip_pc1_low|clipart__clip_pc1_middle|sketch__clip_pc1_low"", ""clipart__clip_pc1_low|clipart__clip_pc1_middle|sketch__clip_pc1_middle""]",clipart__clip_pc1_low|clipart__clip_pc1_middle|sketch__clip_pc1_middle,clipart__clip_pc1_low|clipart__clip_pc1_middle|sketch__clip_pc1_middle
new_seeds,resnet50,20260918,quickdraw,ridge,nll,50,34,66,0.5151515151515151,3,6,0,3,0.0,3.0,0.0,0,1,False,True,False,False,False,False,False,False,False,False,[],"[""clipart__clip_pc1_high|clipart__clip_pc1_low|sketch__clip_pc1_low"", ""clipart__clip_pc1_high|clipart__clip_pc1_low|sketch__clip_pc1_middle"", ""clipart__clip_pc1_high|sketch__clip_pc1_low|sketch__clip_pc1_middle""]",clipart__clip_pc1_low|clipart__clip_pc1_middle|sketch__clip_pc1_middle,clipart__clip_pc1_low|clipart__clip_pc1_middle|sketch__clip_pc1_middle
new_seeds,resnet50,20260918,quickdraw,ridge,nll,100,82,118,0.6949152542372882,1,3,0,2,0.0,2.0,0.0,0,1,False,True,False,True,False,False,False,False,False,False,[],"[""clipart__clip_pc1_high|clipart__clip_pc1_middle|sketch__clip_pc1_low"", ""clipart__clip_pc1_high|clipart__clip_pc1_middle|sketch__clip_pc1_middle""]",clipart__clip_pc1_low|clipart__clip_pc1_middle|sketch__clip_pc1_middle,clipart__clip_pc1_low|clipart__clip_pc1_middle|sketch__clip_pc1_middle
new_seeds,resnet50,20260918,quickdraw,ridge,nll,227,211,243,0.8683127572016461,0,0,0,0,0.0,0.0,0.0,0,1,False,False,False,False,False,False,False,False,False,False,[],[],clipart__clip_pc1_low|clipart__clip_pc1_middle|sketch__clip_pc1_middle,clipart__clip_pc1_low|clipart__clip_pc1_middle|sketch__clip_pc1_middle
new_seeds,resnet50,20260918,quickdraw,ridge,error_rate,10,5,15,0.3333333333333333,7,9,0,2,0.0,2.0,0.0,0,3,False,True,False,True,False,False,False,False,False,False,[],"[""clipart__clip_pc1_low|clipart__clip_pc1_middle|sketch__clip_pc1_low"", ""clipart__clip_pc1_middle|sketch__clip_pc1_low|sketch__clip_pc1_middle""]",clipart__clip_pc1_low|sketch__clip_pc1_high|sketch__clip_pc1_low,clipart__clip_pc1_low|sketch__clip_pc1_high|sketch__clip_pc1_low
new_seeds,resnet50,20260918,quickdraw,ridge,error_rate,25,13,37,0.35135135135135137,7,8,0,1,0.0,1.6666666666666665,0.0,0,3,False,True,False,False,False,False,False,False,False,False,[],"[""clipart__clip_pc1_low|clipart__clip_pc1_middle|sketch__clip_pc1_low""]",clipart__clip_pc1_low|sketch__clip_pc1_high|sketch__clip_pc1_low,clipart__clip_pc1_low|sketch__clip_pc1_high|sketch__clip_pc1_low
new_seeds,resnet50,20260918,quickdraw,ridge,error_rate,50,34,66,0.5151515151515151,5,7,0,2,0.0,2.333333333333333,0.0,0,3,False,True,False,False,False,False,False,False,False,False,[],"[""clipart__clip_pc1_high|clipart__clip_pc1_low|sketch__clip_pc1_low"", ""clipart__clip_pc1_middle|painting__clip_pc1_middle|sketch__clip_pc1_low""]",clipart__clip_pc1_middle|painting__clip_pc1_low|sketch__clip_pc1_middle,clipart__clip_pc1_middle|painting__clip_pc1_low|sketch__clip_pc1_middle
new_seeds,resnet50,20260918,quickdraw,ridge,error_rate,100,82,118,0.6949152542372882,2,4,0,2,0.0,2.0,0.0,0,3,False,True,False,False,False,False,False,False,False,False,[],"[""clipart__clip_pc1_high|clipart__clip_pc1_middle|sketch__clip_pc1_low"", ""clipart__clip_pc1_high|clipart__clip_pc1_middle|sketch__clip_pc1_middle""]",clipart__clip_pc1_middle|painting__clip_pc1_low|sketch__clip_pc1_middle,clipart__clip_pc1_middle|painting__clip_pc1_low|sketch__clip_pc1_middle
new_seeds,resnet50,20260918,quickdraw,ridge,error_rate,227,211,243,0.8683127572016461,0,0,0,0,0.0,0.0,0.0,0,3,False,False,False,False,False,False,False,False,False,False,[],[],clipart__clip_pc1_middle|painting__clip_pc1_low|sketch__clip_pc1_middle,clipart__clip_pc1_middle|painting__clip_pc1_low|sketch__clip_pc1_middle
new_seeds,resnet50,20260918,quickdraw,logistic,brier_score,10,5,15,0.3333333333333333,7,10,0,3,0.0,3.0,0.0,0,1,False,True,False,False,False,False,False,False,False,False,[],"[""clipart__clip_pc1_low|clipart__clip_pc1_middle|sketch__clip_pc1_low"", ""clipart__clip_pc1_low|sketch__clip_pc1_high|sketch__clip_pc1_low"", ""clipart__clip_pc1_middle|sketch__clip_pc1_low|sketch__clip_pc1_middle""]",clipart__clip_pc1_low|sketch__clip_pc1_high|sketch__clip_pc1_low,clipart__clip_pc1_low|sketch__clip_pc1_high|sketch__clip_pc1_low
new_seeds,resnet50,20260918,quickdraw,logistic,brier_score,25,13,37,0.35135135135135137,4,8,0,4,0.0,4.0,0.0,0,1,False,True,False,True,False,False,False,False,False,False,[],"[""clipart__clip_pc1_low|clipart__clip_pc1_middle|sketch__clip_pc1_low"", ""clipart__clip_pc1_low|sketch__clip_pc1_high|sketch__clip_pc1_low"", ""clipart__clip_pc1_middle|real__clip_pc1_middle|sketch__clip_pc1_low"", ""clipart__clip_pc1_middle|sketch__clip_pc1_high|sketch__clip_pc1_low""]",clipart__clip_pc1_low|sketch__clip_pc1_high|sketch__clip_pc1_low,clipart__clip_pc1_low|sketch__clip_pc1_high|sketch__clip_pc1_low
new_seeds,resnet50,20260918,quickdraw,logistic,brier_score,50,34,66,0.5151515151515151,3,5,0,2,0.0,2.0,0.0,0,1,False,True,False,False,False,False,False,False,False,False,[],"[""clipart__clip_pc1_middle|sketch__clip_pc1_high|sketch__clip_pc1_low"", ""real__clip_pc1_middle|sketch__clip_pc1_high|sketch__clip_pc1_low""]",clipart__clip_pc1_low|sketch__clip_pc1_high|sketch__clip_pc1_low,clipart__clip_pc1_low|sketch__clip_pc1_high|sketch__clip_pc1_low
new_seeds,resnet50,20260918,quickdraw,logistic,brier_score,100,82,118,0.6949152542372882,1,3,0,2,0.0,2.0,0.0,0,1,False,True,False,False,False,False,False,False,False,False,[],"[""clipart__clip_pc1_high|clipart__clip_pc1_middle|sketch__clip_pc1_low"", ""clipart__clip_pc1_middle|infograph__clip_pc1_high|sketch__clip_pc1_low""]",clipart__clip_pc1_low|sketch__clip_pc1_high|sketch__clip_pc1_low,clipart__clip_pc1_low|sketch__clip_pc1_high|sketch__clip_pc1_low
new_seeds,resnet50,20260918,quickdraw,logistic,brier_score,227,211,243,0.8683127572016461,0,0,0,0,0.0,0.0,0.0,0,1,False,False,False,False,False,False,False,False,False,False,[],[],clipart__clip_pc1_low|sketch__clip_pc1_high|sketch__clip_pc1_low,clipart__clip_pc1_low|sketch__clip_pc1_high|sketch__clip_pc1_low
new_seeds,resnet50,20260918,quickdraw,logistic,nll,10,5,15,0.3333333333333333,9,10,0,1,0.0,1.0,0.0,0,1,False,True,False,False,False,False,False,False,False,False,[],"[""clipart__clip_pc1_low|sketch__clip_pc1_high|sketch__clip_pc1_low""]",clipart__clip_pc1_low|sketch__clip_pc1_high|sketch__clip_pc1_low,clipart__clip_pc1_low|sketch__clip_pc1_high|sketch__clip_pc1_low
new_seeds,resnet50,20260918,quickdraw,logistic,nll,25,13,37,0.35135135135135137,8,10,0,2,0.0,2.0,0.0,0,1,False,True,False,False,False,False,False,False,False,False,[],"[""clipart__clip_pc1_high|sketch__clip_pc1_low|sketch__clip_pc1_middle"", ""clipart__clip_pc1_low|sketch__clip_pc1_high|sketch__clip_pc1_low""]",clipart__clip_pc1_low|sketch__clip_pc1_high|sketch__clip_pc1_low,clipart__clip_pc1_low|sketch__clip_pc1_high|sketch__clip_pc1_low
new_seeds,resnet50,20260918,quickdraw,logistic,nll,50,34,66,0.5151515151515151,7,9,0,2,0.0,2.0,0.0,0,1,False,True,False,False,False,False,False,False,True,False,[],"[""clipart__clip_pc1_high|clipart__clip_pc1_low|sketch__clip_pc1_low"", ""clipart__clip_pc1_high|sketch__clip_pc1_low|sketch__clip_pc1_middle""]",clipart__clip_pc1_low|sketch__clip_pc1_high|sketch__clip_pc1_low,clipart__clip_pc1_low|sketch__clip_pc1_high|sketch__clip_pc1_low
new_seeds,resnet50,20260918,quickdraw,logistic,nll,100,82,118,0.6949152542372882,4,7,0,3,0.0,3.0,0.0,0,1,False,True,False,True,False,False,False,False,False,False,[],"[""clipart__clip_pc1_high|clipart__clip_pc1_middle|sketch__clip_pc1_low"", ""clipart__clip_pc1_high|sketch__clip_pc1_high|sketch__clip_pc1_low"", ""clipart__clip_pc1_middle|infograph__clip_pc1_high|sketch__clip_pc1_low""]",clipart__clip_pc1_high|sketch__clip_pc1_high|sketch__clip_pc1_low,clipart__clip_pc1_high|sketch__clip_pc1_high|sketch__clip_pc1_low
new_seeds,resnet50,20260918,quickdraw,logistic,nll,227,211,243,0.8683127572016461,0,0,0,0,0.0,0.0,0.0,0,1,False,False,False,False,False,False,False,False,False,False,[],[],clipart__clip_pc1_high|sketch__clip_pc1_high|sketch__clip_pc1_low,clipart__clip_pc1_high|sketch__clip_pc1_high|sketch__clip_pc1_low
new_seeds,resnet50,20260918,quickdraw,logistic,error_rate,10,5,15,0.3333333333333333,8,10,0,2,0.0,2.0,0.0,0,2,False,True,False,False,False,False,False,False,False,False,[],"[""clipart__clip_pc1_low|clipart__clip_pc1_middle|sketch__clip_pc1_low"", ""clipart__clip_pc1_middle|sketch__clip_pc1_low|sketch__clip_pc1_middle""]",clipart__clip_pc1_low|clipart__clip_pc1_middle|sketch__clip_pc1_low,clipart__clip_pc1_low|clipart__clip_pc1_middle|sketch__clip_pc1_low
new_seeds,resnet50,20260918,quickdraw,logistic,error_rate,25,13,37,0.35135135135135137,7,8,1,2,1.5,2.0,0.0,0,2,True,True,False,True,False,False,False,False,False,False,"[""clipart__clip_pc1_middle|real__clip_pc1_high|sketch__clip_pc1_low""]","[""clipart__clip_pc1_low|clipart__clip_pc1_middle|sketch__clip_pc1_low"", ""clipart__clip_pc1_middle|sketch__clip_pc1_high|sketch__clip_pc1_low""]",clipart__clip_pc1_middle|sketch__clip_pc1_high|sketch__clip_pc1_low,clipart__clip_pc1_middle|sketch__clip_pc1_high|sketch__clip_pc1_low
new_seeds,resnet50,20260918,quickdraw,logistic,error_rate,50,34,66,0.5151515151515151,4,7,0,3,0.0,3.0,0.0,0,2,False,True,False,True,False,False,False,False,False,False,[],"[""clipart__clip_pc1_middle|painting__clip_pc1_high|sketch__clip_pc1_low"", ""clipart__clip_pc1_middle|painting__clip_pc1_middle|sketch__clip_pc1_low"", ""clipart__clip_pc1_middle|sketch__clip_pc1_high|sketch__clip_pc1_low""]",clipart__clip_pc1_middle|sketch__clip_pc1_high|sketch__clip_pc1_low,clipart__clip_pc1_middle|sketch__clip_pc1_high|sketch__clip_pc1_low
new_seeds,resnet50,20260918,quickdraw,logistic,error_rate,100,82,118,0.6949152542372882,4,4,0,0,0.0,0.0,0.0,0,2,False,False,False,False,False,False,False,False,False,False,[],[],clipart__clip_pc1_middle|sketch__clip_pc1_high|sketch__clip_pc1_low,clipart__clip_pc1_middle|sketch__clip_pc1_high|sketch__clip_pc1_low
new_seeds,resnet50,20260918,quickdraw,logistic,error_rate,227,211,243,0.8683127572016461,1,1,0,0,0.0,0.0,0.0,0,2,False,False,False,False,False,False,False,False,False,False,[],[],clipart__clip_pc1_low|infograph__clip_pc1_high|real__clip_pc1_middle,clipart__clip_pc1_low|infograph__clip_pc1_high|real__clip_pc1_middle
new_seeds,resnet50,20260918,real,ridge,brier_score,10,10,10,1.0,4,4,0,0,0,0,0.0,0,1,False,False,False,False,False,False,False,False,False,False,[],[],painting__clip_pc1_high|painting__clip_pc1_low|painting__clip_pc1_middle,painting__clip_pc1_high|painting__clip_pc1_low|painting__clip_pc1_middle
new_seeds,resnet50,20260918,real,ridge,brier_score,25,20,30,0.6666666666666666,2,0,2,0,2.0,0.0,0.0,0,1,True,False,False,False,False,False,False,False,False,False,"[""clipart__clip_pc1_high|painting__clip_pc1_low|painting__clip_pc1_middle"", ""painting__clip_pc1_low|painting__clip_pc1_middle|sketch__clip_pc1_high""]",[],painting__clip_pc1_high|painting__clip_pc1_low|painting__clip_pc1_middle,painting__clip_pc1_high|painting__clip_pc1_low|painting__clip_pc1_middle
new_seeds,resnet50,20260918,real,ridge,brier_score,50,41,59,0.6949152542372882,0,0,0,0,0.0,0.0,0.0,0,1,False,False,False,False,False,False,False,False,False,False,[],[],painting__clip_pc1_high|painting__clip_pc1_low|painting__clip_pc1_middle,painting__clip_pc1_high|painting__clip_pc1_low|painting__clip_pc1_middle
new_seeds,resnet50,20260918,real,ridge,brier_score,100,88,112,0.7857142857142857,0,0,0,0,0.0,0.0,0.0,0,1,False,False,False,False,False,False,False,False,False,False,[],[],painting__clip_pc1_high|painting__clip_pc1_low|painting__clip_pc1_middle,painting__clip_pc1_high|painting__clip_pc1_low|painting__clip_pc1_middle
new_seeds,resnet50,20260918,real,ridge,brier_score,227,210,244,0.860655737704918,0,0,0,0,0.0,0.0,0.0,0,1,False,False,False,False,False,False,False,False,False,False,[],[],painting__clip_pc1_high|painting__clip_pc1_low|painting__clip_pc1_middle,painting__clip_pc1_high|painting__clip_pc1_low|painting__clip_pc1_middle
new_seeds,resnet50,20260918,real,ridge,nll,10,10,10,1.0,3,3,0,0,0,0,0.0,0,1,False,False,False,False,False,False,False,False,False,False,[],[],clipart__clip_pc1_low|painting__clip_pc1_low|painting__clip_pc1_middle,clipart__clip_pc1_low|painting__clip_pc1_low|painting__clip_pc1_middle
new_seeds,resnet50,20260918,real,ridge,nll,25,20,30,0.6666666666666666,1,0,1,0,1.0,0.0,0.0,0,1,True,False,False,False,False,False,False,False,False,False,"[""clipart__clip_pc1_high|painting__clip_pc1_low|painting__clip_pc1_middle""]",[],clipart__clip_pc1_low|painting__clip_pc1_low|painting__clip_pc1_middle,clipart__clip_pc1_low|painting__clip_pc1_low|painting__clip_pc1_middle
new_seeds,resnet50,20260918,real,ridge,nll,50,41,59,0.6949152542372882,0,0,0,0,0.0,0.0,0.0,0,1,False,False,False,False,False,False,False,False,False,False,[],[],clipart__clip_pc1_low|painting__clip_pc1_low|painting__clip_pc1_middle,clipart__clip_pc1_low|painting__clip_pc1_low|painting__clip_pc1_middle
new_seeds,resnet50,20260918,real,ridge,nll,100,88,112,0.7857142857142857,0,0,0,0,0.0,0.0,0.0,0,1,False,False,False,False,False,False,False,False,False,False,[],[],clipart__clip_pc1_low|painting__clip_pc1_low|painting__clip_pc1_middle,clipart__clip_pc1_low|painting__clip_pc1_low|painting__clip_pc1_middle
new_seeds,resnet50,20260918,real,ridge,nll,227,210,244,0.860655737704918,0,0,0,0,0.0,0.0,0.0,0,1,False,False,False,False,False,False,False,False,False,False,[],[],clipart__clip_pc1_low|painting__clip_pc1_low|painting__clip_pc1_middle,clipart__clip_pc1_low|painting__clip_pc1_low|painting__clip_pc1_middle
new_seeds,resnet50,20260918,real,ridge,error_rate,10,10,10,1.0,7,7,0,0,0,0,0.0,0,1,False,False,False,False,False,False,False,False,False,False,[],[],clipart__clip_pc1_low|painting__clip_pc1_high|painting__clip_pc1_low,clipart__clip_pc1_low|painting__clip_pc1_high|painting__clip_pc1_low
new_seeds,resnet50,20260918,real,ridge,error_rate,25,20,30,0.6666666666666666,6,5,1,0,1.0,0.0,0.0,0,1,True,False,False,False,False,False,False,False,False,False,"[""clipart__clip_pc1_low|clipart__clip_pc1_middle|painting__clip_pc1_low""]",[],clipart__clip_pc1_low|painting__clip_pc1_high|painting__clip_pc1_low,clipart__clip_pc1_low|painting__clip_pc1_high|painting__clip_pc1_low
new_seeds,resnet50,20260918,real,ridge,error_rate,50,41,59,0.6949152542372882,4,4,0,0,0.0,0.0,0.0,0,1,False,False,False,False,False,False,False,False,False,False,[],[],clipart__clip_pc1_low|painting__clip_pc1_high|painting__clip_pc1_low,clipart__clip_pc1_low|painting__clip_pc1_high|painting__clip_pc1_low
new_seeds,resnet50,20260918,real,ridge,error_rate,100,88,112,0.7857142857142857,1,0,1,0,1.0,0.0,0.0,0,1,True,False,False,False,False,False,False,False,False,False,"[""clipart__clip_pc1_middle|infograph__clip_pc1_low|painting__clip_pc1_middle""]",[],clipart__clip_pc1_low|painting__clip_pc1_high|painting__clip_pc1_low,clipart__clip_pc1_low|painting__clip_pc1_high|painting__clip_pc1_low
new_seeds,resnet50,20260918,real,ridge,error_rate,227,210,244,0.860655737704918,0,0,0,0,0.0,0.0,0.0,0,1,False,False,False,False,False,False,False,False,False,False,[],[],clipart__clip_pc1_low|painting__clip_pc1_high|painting__clip_pc1_low,clipart__clip_pc1_low|painting__clip_pc1_high|painting__clip_pc1_low
new_seeds,resnet50,20260918,real,logistic,brier_score,10,10,10,1.0,3,3,0,0,0,0,0.0,0,1,False,False,False,False,False,False,False,False,False,False,[],[],painting__clip_pc1_high|painting__clip_pc1_low|painting__clip_pc1_middle,painting__clip_pc1_high|painting__clip_pc1_low|painting__clip_pc1_middle
new_seeds,resnet50,20260918,real,logistic,brier_score,25,20,30,0.6666666666666666,1,0,1,0,1.0,0.0,0.0,0,1,True,False,False,False,False,False,False,False,False,False,"[""painting__clip_pc1_low|painting__clip_pc1_middle|sketch__clip_pc1_high""]",[],painting__clip_pc1_high|painting__clip_pc1_low|painting__clip_pc1_middle,painting__clip_pc1_high|painting__clip_pc1_low|painting__clip_pc1_middle
new_seeds,resnet50,20260918,real,logistic,brier_score,50,41,59,0.6949152542372882,0,0,0,0,0.0,0.0,0.0,0,1,False,False,False,False,False,False,False,False,False,False,[],[],painting__clip_pc1_high|painting__clip_pc1_low|painting__clip_pc1_middle,painting__clip_pc1_high|painting__clip_pc1_low|painting__clip_pc1_middle
new_seeds,resnet50,20260918,real,logistic,brier_score,100,88,112,0.7857142857142857,0,0,0,0,0.0,0.0,0.0,0,1,False,False,False,False,False,False,False,False,False,False,[],[],painting__clip_pc1_high|painting__clip_pc1_low|painting__clip_pc1_middle,painting__clip_pc1_high|painting__clip_pc1_low|painting__clip_pc1_middle
new_seeds,resnet50,20260918,real,logistic,brier_score,227,210,244,0.860655737704918,0,0,0,0,0.0,0.0,0.0,0,1,False,False,False,False,False,False,False,False,False,False,[],[],painting__clip_pc1_high|painting__clip_pc1_low|painting__clip_pc1_middle,painting__clip_pc1_high|painting__clip_pc1_low|painting__clip_pc1_middle
new_seeds,resnet50,20260918,real,logistic,nll,10,10,10,1.0,4,4,0,0,0,0,0.0,0,1,False,False,False,False,False,False,False,False,False,False,[],[],clipart__clip_pc1_low|painting__clip_pc1_low|painting__clip_pc1_middle,clipart__clip_pc1_low|painting__clip_pc1_low|painting__clip_pc1_middle
new_seeds,resnet50,20260918,real,logistic,nll,25,20,30,0.6666666666666666,1,0,1,0,1.0,0.0,0.0,0,1,True,False,False,False,False,False,False,False,False,False,"[""clipart__clip_pc1_high|painting__clip_pc1_low|painting__clip_pc1_middle""]",[],clipart__clip_pc1_low|painting__clip_pc1_low|painting__clip_pc1_middle,clipart__clip_pc1_low|painting__clip_pc1_low|painting__clip_pc1_middle
new_seeds,resnet50,20260918,real,logistic,nll,50,41,59,0.6949152542372882,0,0,0,0,0.0,0.0,0.0,0,1,False,False,False,False,False,False,False,False,False,False,[],[],clipart__clip_pc1_low|painting__clip_pc1_low|painting__clip_pc1_middle,clipart__clip_pc1_low|painting__clip_pc1_low|painting__clip_pc1_middle
new_seeds,resnet50,20260918,real,logistic,nll,100,88,112,0.7857142857142857,0,0,0,0,0.0,0.0,0.0,0,1,False,False,False,False,False,False,False,False,False,False,[],[],clipart__clip_pc1_low|painting__clip_pc1_low|painting__clip_pc1_middle,clipart__clip_pc1_low|painting__clip_pc1_low|painting__clip_pc1_middle
new_seeds,resnet50,20260918,real,logistic,nll,227,210,244,0.860655737704918,0,0,0,0,0.0,0.0,0.0,0,1,False,False,False,False,False,False,False,False,False,False,[],[],clipart__clip_pc1_low|painting__clip_pc1_low|painting__clip_pc1_middle,clipart__clip_pc1_low|painting__clip_pc1_low|painting__clip_pc1_middle
new_seeds,resnet50,20260918,real,logistic,error_rate,10,10,10,1.0,7,7,0,0,0,0,0.0,0,2,False,False,False,False,False,False,False,False,False,False,[],[],clipart__clip_pc1_low|painting__clip_pc1_high|painting__clip_pc1_low,clipart__clip_pc1_low|painting__clip_pc1_high|painting__clip_pc1_low
new_seeds,resnet50,20260918,real,logistic,error_rate,25,20,30,0.6666666666666666,4,3,1,0,1.0,0.0,0.0,0,2,True,False,False,False,False,False,False,False,False,False,"[""clipart__clip_pc1_low|clipart__clip_pc1_middle|painting__clip_pc1_low""]",[],clipart__clip_pc1_low|painting__clip_pc1_high|painting__clip_pc1_low,clipart__clip_pc1_low|painting__clip_pc1_high|painting__clip_pc1_low
new_seeds,resnet50,20260918,real,logistic,error_rate,50,41,59,0.6949152542372882,1,1,0,0,0.0,0.0,0.0,0,2,False,False,False,False,False,False,False,False,False,False,[],[],clipart__clip_pc1_low|painting__clip_pc1_high|painting__clip_pc1_low,clipart__clip_pc1_low|painting__clip_pc1_high|painting__clip_pc1_low
new_seeds,resnet50,20260918,real,logistic,error_rate,100,88,112,0.7857142857142857,0,0,0,0,0.0,0.0,0.0,0,2,False,False,False,False,False,False,False,False,False,False,[],[],clipart__clip_pc1_low|painting__clip_pc1_high|painting__clip_pc1_low,clipart__clip_pc1_low|painting__clip_pc1_high|painting__clip_pc1_low
new_seeds,resnet50,20260918,real,logistic,error_rate,227,210,244,0.860655737704918,0,0,0,0,0.0,0.0,0.0,0,2,False,False,False,False,False,False,False,False,False,False,[],[],clipart__clip_pc1_low|painting__clip_pc1_high|painting__clip_pc1_low,clipart__clip_pc1_low|painting__clip_pc1_high|painting__clip_pc1_low
new_seeds,resnet50,20260918,sketch,ridge,brier_score,10,0,20,0.0,10,7,3,0,3.0,0.0,0.0001195773058643157,4,1,True,False,False,False,True,True,False,True,False,True,"[""clipart__clip_pc1_low|painting__clip_pc1_low|real__clip_pc1_high"", ""clipart__clip_pc1_low|painting__clip_pc1_middle|real__clip_pc1_high"", ""clipart__clip_pc1_low|real__clip_pc1_high|real__clip_pc1_low""]",[],clipart__clip_pc1_low|clipart__clip_pc1_middle|painting__clip_pc1_high,clipart__clip_pc1_low|real__clip_pc1_high|real__clip_pc1_low
new_seeds,resnet50,20260918,sketch,ridge,brier_score,25,2,48,0.041666666666666664,9,3,7,1,7.0,1.0,7.451720557272168e-07,1,1,True,True,True,False,False,False,False,False,False,False,"[""clipart__clip_pc1_low|clipart__clip_pc1_middle|real__clip_pc1_high"", ""clipart__clip_pc1_low|infograph__clip_pc1_high|real__clip_pc1_high"", ""clipart__clip_pc1_low|painting__clip_pc1_high|real__clip_pc1_high"", ""clipart__clip_pc1_low|painting__clip_pc1_low|real__clip_pc1_high"", ""clipart__clip_pc1_low|painting__clip_pc1_middle|real__clip_pc1_high"", ""clipart__clip_pc1_low|real__clip_pc1_high|real__clip_pc1_low"", ""clipart__clip_pc1_middle|real__clip_pc1_high|real__clip_pc1_low""]","[""clipart__clip_pc1_high|clipart__clip_pc1_low|real__clip_pc1_high""]",clipart__clip_pc1_high|clipart__clip_pc1_low|real__clip_pc1_high,clipart__clip_pc1_high|clipart__clip_pc1_low|real__clip_pc1_high
new_seeds,resnet50,20260918,sketch,ridge,brier_score,50,16,84,0.19047619047619047,8,1,7,0,7.0,0.0,0.0,0,1,True,False,False,False,False,False,False,False,False,False,"[""clipart__clip_pc1_high|real__clip_pc1_high|real__clip_pc1_low"", ""clipart__clip_pc1_low|infograph__clip_pc1_high|real__clip_pc1_high"", ""clipart__clip_pc1_low|painting__clip_pc1_high|real__clip_pc1_high"", ""clipart__clip_pc1_low|painting__clip_pc1_low|real__clip_pc1_high"", ""clipart__clip_pc1_low|painting__clip_pc1_middle|real__clip_pc1_high"", ""clipart__clip_pc1_low|real__clip_pc1_high|real__clip_pc1_low"", ""clipart__clip_pc1_middle|real__clip_pc1_high|real__clip_pc1_low""]",[],clipart__clip_pc1_high|clipart__clip_pc1_low|real__clip_pc1_high,clipart__clip_pc1_high|clipart__clip_pc1_low|real__clip_pc1_high
new_seeds,resnet50,20260918,sketch,ridge,brier_score,100,68,132,0.5151515151515151,3,0,3,0,3.0,0.0,0.0,0,1,True,False,False,False,False,False,False,False,False,False,"[""clipart__clip_pc1_low|infograph__clip_pc1_middle|real__clip_pc1_high"", ""clipart__clip_pc1_low|painting__clip_pc1_high|real__clip_pc1_high"", ""clipart__clip_pc1_low|real__clip_pc1_high|real__clip_pc1_low""]",[],clipart__clip_pc1_high|clipart__clip_pc1_low|real__clip_pc1_high,clipart__clip_pc1_high|clipart__clip_pc1_low|real__clip_pc1_high
new_seeds,resnet50,20260918,sketch,ridge,brier_score,227,154,300,0.5133333333333333,0,0,0,0,0.0,0.0,0.0,0,1,False,False,False,False,False,False,False,False,False,False,[],[],clipart__clip_pc1_high|clipart__clip_pc1_low|real__clip_pc1_high,clipart__clip_pc1_high|clipart__clip_pc1_low|real__clip_pc1_high
new_seeds,resnet50,20260918,sketch,ridge,nll,10,0,20,0.0,10,7,3,0,3.0,0.0,0.004112293502011255,4,1,True,False,False,False,True,True,False,True,False,True,"[""clipart__clip_pc1_low|painting__clip_pc1_low|real__clip_pc1_high"", ""clipart__clip_pc1_low|painting__clip_pc1_middle|real__clip_pc1_high"", ""clipart__clip_pc1_low|real__clip_pc1_high|real__clip_pc1_low""]",[],clipart__clip_pc1_low|clipart__clip_pc1_middle|painting__clip_pc1_high,clipart__clip_pc1_low|real__clip_pc1_high|real__clip_pc1_low
new_seeds,resnet50,20260918,sketch,ridge,nll,25,2,48,0.041666666666666664,9,3,7,1,7.0,1.0,0.0,0,1,True,True,False,True,False,False,False,False,False,False,"[""clipart__clip_pc1_low|clipart__clip_pc1_middle|real__clip_pc1_high"", ""clipart__clip_pc1_low|infograph__clip_pc1_high|real__clip_pc1_high"", ""clipart__clip_pc1_low|painting__clip_pc1_high|real__clip_pc1_high"", ""clipart__clip_pc1_low|painting__clip_pc1_low|real__clip_pc1_high"", ""clipart__clip_pc1_low|painting__clip_pc1_middle|real__clip_pc1_high"", ""clipart__clip_pc1_low|real__clip_pc1_high|real__clip_pc1_low"", ""clipart__clip_pc1_middle|real__clip_pc1_high|real__clip_pc1_low""]","[""clipart__clip_pc1_high|clipart__clip_pc1_low|real__clip_pc1_high""]",clipart__clip_pc1_high|clipart__clip_pc1_low|real__clip_pc1_high,clipart__clip_pc1_high|clipart__clip_pc1_low|real__clip_pc1_high
new_seeds,resnet50,20260918,sketch,ridge,nll,50,16,84,0.19047619047619047,8,1,7,0,7.0,0.0,0.0,0,1,True,False,False,False,False,False,False,False,False,False,"[""clipart__clip_pc1_high|real__clip_pc1_high|real__clip_pc1_low"", ""clipart__clip_pc1_low|infograph__clip_pc1_high|real__clip_pc1_high"", ""clipart__clip_pc1_low|painting__clip_pc1_high|real__clip_pc1_high"", ""clipart__clip_pc1_low|painting__clip_pc1_low|real__clip_pc1_high"", ""clipart__clip_pc1_low|painting__clip_pc1_middle|real__clip_pc1_high"", ""clipart__clip_pc1_low|real__clip_pc1_high|real__clip_pc1_low"", ""clipart__clip_pc1_middle|real__clip_pc1_high|real__clip_pc1_low""]",[],clipart__clip_pc1_high|clipart__clip_pc1_low|real__clip_pc1_high,clipart__clip_pc1_high|clipart__clip_pc1_low|real__clip_pc1_high
new_seeds,resnet50,20260918,sketch,ridge,nll,100,68,132,0.5151515151515151,3,0,3,0,3.0,0.0,0.0,0,1,True,False,False,False,False,False,False,False,False,False,"[""clipart__clip_pc1_low|infograph__clip_pc1_middle|real__clip_pc1_high"", ""clipart__clip_pc1_low|painting__clip_pc1_high|real__clip_pc1_high"", ""clipart__clip_pc1_low|real__clip_pc1_high|real__clip_pc1_low""]",[],clipart__clip_pc1_high|clipart__clip_pc1_low|real__clip_pc1_high,clipart__clip_pc1_high|clipart__clip_pc1_low|real__clip_pc1_high
new_seeds,resnet50,20260918,sketch,ridge,nll,227,154,300,0.5133333333333333,0,0,0,0,0.0,0.0,0.0,0,1,False,False,False,False,False,False,False,False,False,False,[],[],clipart__clip_pc1_high|clipart__clip_pc1_low|real__clip_pc1_high,clipart__clip_pc1_high|clipart__clip_pc1_low|real__clip_pc1_high
new_seeds,resnet50,20260918,sketch,ridge,error_rate,10,0,20,0.0,6,8,2,4,2.0,4.666666666666667,0.0,2,3,True,True,False,True,False,False,False,False,False,False,"[""clipart__clip_pc1_low|real__clip_pc1_high|real__clip_pc1_low"", ""clipart__clip_pc1_middle|painting__clip_pc1_middle|real__clip_pc1_middle""]","[""clipart__clip_pc1_high|clipart__clip_pc1_low|painting__clip_pc1_high"", ""clipart__clip_pc1_high|clipart__clip_pc1_low|painting__clip_pc1_middle"", ""clipart__clip_pc1_high|clipart__clip_pc1_middle|painting__clip_pc1_middle"", ""clipart__clip_pc1_low|clipart__clip_pc1_middle|painting__clip_pc1_high""]",clipart__clip_pc1_high|clipart__clip_pc1_low|painting__clip_pc1_middle,clipart__clip_pc1_high|clipart__clip_pc1_low|painting__clip_pc1_middle
new_seeds,resnet50,20260918,sketch,ridge,error_rate,25,2,48,0.041666666666666664,4,6,4,6,4.0,6.0,0.0,3,3,True,True,False,True,False,False,False,False,False,False,"[""clipart__clip_pc1_low|clipart__clip_pc1_middle|real__clip_pc1_high"", ""clipart__clip_pc1_low|real__clip_pc1_high|real__clip_pc1_low"", ""clipart__clip_pc1_middle|painting__clip_pc1_middle|real__clip_pc1_middle"", ""clipart__clip_pc1_middle|real__clip_pc1_high|real__clip_pc1_low""]","[""clipart__clip_pc1_high|clipart__clip_pc1_low|painting__clip_pc1_high"", ""clipart__clip_pc1_high|clipart__clip_pc1_low|painting__clip_pc1_middle"", ""clipart__clip_pc1_high|clipart__clip_pc1_low|real__clip_pc1_high"", ""clipart__clip_pc1_high|clipart__clip_pc1_middle|painting__clip_pc1_high"", ""clipart__clip_pc1_high|clipart__clip_pc1_middle|painting__clip_pc1_middle"", ""clipart__clip_pc1_low|clipart__clip_pc1_middle|painting__clip_pc1_high""]",clipart__clip_pc1_high|clipart__clip_pc1_low|painting__clip_pc1_middle,clipart__clip_pc1_high|clipart__clip_pc1_low|painting__clip_pc1_middle
new_seeds,resnet50,20260918,sketch,ridge,error_rate,50,16,84,0.19047619047619047,2,5,2,5,2.0,4.666666666666667,0.0,1,3,True,True,False,True,False,False,False,False,False,False,"[""clipart__clip_pc1_low|real__clip_pc1_high|real__clip_pc1_low"", ""clipart__clip_pc1_middle|real__clip_pc1_high|real__clip_pc1_low""]","[""clipart__clip_pc1_high|clipart__clip_pc1_low|painting__clip_pc1_high"", ""clipart__clip_pc1_high|clipart__clip_pc1_low|painting__clip_pc1_middle"", ""clipart__clip_pc1_high|clipart__clip_pc1_middle|painting__clip_pc1_high"", ""clipart__clip_pc1_high|clipart__clip_pc1_middle|painting__clip_pc1_middle"", ""clipart__clip_pc1_low|clipart__clip_pc1_middle|painting__clip_pc1_high""]",clipart__clip_pc1_high|clipart__clip_pc1_low|painting__clip_pc1_middle,clipart__clip_pc1_high|clipart__clip_pc1_low|painting__clip_pc1_middle
new_seeds,resnet50,20260918,sketch,ridge,error_rate,100,68,132,0.5151515151515151,1,2,1,2,1.0,1.3333333333333333,0.0,1,3,True,True,False,True,False,False,False,False,False,False,"[""clipart__clip_pc1_low|real__clip_pc1_high|real__clip_pc1_low""]","[""clipart__clip_pc1_high|clipart__clip_pc1_middle|painting__clip_pc1_high"", ""clipart__clip_pc1_high|clipart__clip_pc1_middle|painting__clip_pc1_middle""]",clipart__clip_pc1_high|clipart__clip_pc1_low|painting__clip_pc1_middle,clipart__clip_pc1_high|clipart__clip_pc1_low|painting__clip_pc1_middle
new_seeds,resnet50,20260918,sketch,ridge,error_rate,227,154,300,0.5133333333333333,0,0,0,0,0.0,0.0,0.0,0,3,False,False,False,False,False,False,False,False,False,False,[],[],clipart__clip_pc1_high|clipart__clip_pc1_low|painting__clip_pc1_middle,clipart__clip_pc1_high|clipart__clip_pc1_low|painting__clip_pc1_middle
new_seeds,resnet50,20260918,sketch,logistic,brier_score,10,0,20,0.0,10,6,4,0,4.0,0.0,0.011806475977882425,5,1,True,False,False,False,True,True,False,True,False,True,"[""clipart__clip_pc1_low|painting__clip_pc1_low|real__clip_pc1_high"", ""clipart__clip_pc1_low|painting__clip_pc1_middle|real__clip_pc1_high"", ""clipart__clip_pc1_low|real__clip_pc1_high|real__clip_pc1_low"", ""clipart__clip_pc1_low|real__clip_pc1_high|real__clip_pc1_middle""]",[],clipart__clip_pc1_low|clipart__clip_pc1_middle|painting__clip_pc1_middle,clipart__clip_pc1_low|real__clip_pc1_high|real__clip_pc1_low
new_seeds,resnet50,20260918,sketch,logistic,brier_score,25,2,48,0.041666666666666664,9,3,7,1,7.0,1.0,0.0048245692709553145,6,1,True,True,True,False,True,True,False,True,False,True,"[""clipart__clip_pc1_low|clipart__clip_pc1_middle|real__clip_pc1_high"", ""clipart__clip_pc1_low|infograph__clip_pc1_high|real__clip_pc1_high"", ""clipart__clip_pc1_low|painting__clip_pc1_high|real__clip_pc1_high"", ""clipart__clip_pc1_low|painting__clip_pc1_low|real__clip_pc1_high"", ""clipart__clip_pc1_low|painting__clip_pc1_middle|real__clip_pc1_high"", ""clipart__clip_pc1_low|real__clip_pc1_high|real__clip_pc1_low"", ""clipart__clip_pc1_low|real__clip_pc1_high|real__clip_pc1_middle""]","[""clipart__clip_pc1_high|clipart__clip_pc1_low|real__clip_pc1_high""]",clipart__clip_pc1_high|clipart__clip_pc1_low|real__clip_pc1_high,clipart__clip_pc1_low|real__clip_pc1_high|real__clip_pc1_low
new_seeds,resnet50,20260918,sketch,logistic,brier_score,50,16,84,0.19047619047619047,8,1,7,0,7.0,0.0,0.002504867794457688,3,1,True,False,True,False,True,True,False,True,False,True,"[""clipart__clip_pc1_low|infograph__clip_pc1_high|real__clip_pc1_high"", ""clipart__clip_pc1_low|painting__clip_pc1_high|real__clip_pc1_high"", ""clipart__clip_pc1_low|painting__clip_pc1_low|real__clip_pc1_high"", ""clipart__clip_pc1_low|painting__clip_pc1_middle|real__clip_pc1_high"", ""clipart__clip_pc1_low|real__clip_pc1_high|real__clip_pc1_low"", ""clipart__clip_pc1_low|real__clip_pc1_high|real__clip_pc1_middle"", ""painting__clip_pc1_middle|real__clip_pc1_high|real__clip_pc1_low""]",[],clipart__clip_pc1_low|clipart__clip_pc1_middle|real__clip_pc1_high,clipart__clip_pc1_low|real__clip_pc1_high|real__clip_pc1_low
new_seeds,resnet50,20260918,sketch,logistic,brier_score,100,68,132,0.5151515151515151,5,1,4,0,4.0,0.0,0.0003743311580198805,1,1,True,False,True,False,True,False,True,False,True,False,"[""clipart__clip_pc1_low|painting__clip_pc1_high|real__clip_pc1_high"", ""clipart__clip_pc1_low|real__clip_pc1_high|real__clip_pc1_low"", ""clipart__clip_pc1_low|real__clip_pc1_high|real__clip_pc1_middle"", ""painting__clip_pc1_middle|real__clip_pc1_high|real__clip_pc1_low""]",[],clipart__clip_pc1_low|painting__clip_pc1_middle|real__clip_pc1_high,clipart__clip_pc1_low|real__clip_pc1_high|real__clip_pc1_low
new_seeds,resnet50,20260918,sketch,logistic,brier_score,227,154,300,0.5133333333333333,2,0,2,0,2.0,0.0,0.0,1,1,True,False,False,False,False,False,False,False,False,False,"[""painting__clip_pc1_high|painting__clip_pc1_middle|real__clip_pc1_high"", ""painting__clip_pc1_middle|real__clip_pc1_high|real__clip_pc1_low""]",[],clipart__clip_pc1_low|real__clip_pc1_high|real__clip_pc1_low,clipart__clip_pc1_low|real__clip_pc1_high|real__clip_pc1_low
new_seeds,resnet50,20260918,sketch,logistic,nll,10,0,20,0.0,9,9,1,1,1.0,1.0,0.0,0,1,True,True,False,False,False,False,False,False,False,False,"[""clipart__clip_pc1_low|real__clip_pc1_high|real__clip_pc1_low""]","[""clipart__clip_pc1_low|clipart__clip_pc1_middle|painting__clip_pc1_middle""]",clipart__clip_pc1_low|clipart__clip_pc1_middle|painting__clip_pc1_middle,clipart__clip_pc1_low|clipart__clip_pc1_middle|painting__clip_pc1_middle
new_seeds,resnet50,20260918,sketch,logistic,nll,25,2,48,0.041666666666666664,8,5,4,1,4.0,1.0,0.03575164075690118,1,1,True,True,True,False,True,True,False,True,False,True,"[""clipart__clip_pc1_low|real__clip_pc1_high|real__clip_pc1_low"", ""clipart__clip_pc1_middle|painting__clip_pc1_low|real__clip_pc1_high"", ""clipart__clip_pc1_middle|painting__clip_pc1_middle|real__clip_pc1_high"", ""clipart__clip_pc1_middle|real__clip_pc1_high|real__clip_pc1_low""]","[""clipart__clip_pc1_low|clipart__clip_pc1_middle|painting__clip_pc1_middle""]",clipart__clip_pc1_middle|painting__clip_pc1_middle|real__clip_pc1_low,clipart__clip_pc1_middle|real__clip_pc1_high|real__clip_pc1_low
new_seeds,resnet50,20260918,sketch,logistic,nll,50,16,84,0.19047619047619047,6,2,5,1,5.0,1.0,0.03575164075690118,2,1,True,True,True,False,True,True,False,False,False,True,"[""clipart__clip_pc1_high|real__clip_pc1_high|real__clip_pc1_low"", ""clipart__clip_pc1_low|real__clip_pc1_high|real__clip_pc1_low"", ""clipart__clip_pc1_middle|painting__clip_pc1_middle|real__clip_pc1_high"", ""clipart__clip_pc1_middle|real__clip_pc1_high|real__clip_pc1_low"", ""painting__clip_pc1_middle|real__clip_pc1_high|real__clip_pc1_low""]","[""clipart__clip_pc1_high|clipart__clip_pc1_middle|real__clip_pc1_high""]",clipart__clip_pc1_middle|painting__clip_pc1_middle|real__clip_pc1_low,clipart__clip_pc1_high|real__clip_pc1_high|real__clip_pc1_low
new_seeds,resnet50,20260918,sketch,logistic,nll,100,68,132,0.5151515151515151,2,0,2,0,2.0,0.0,0.0,0,1,True,False,False,False,False,False,False,False,False,False,"[""clipart__clip_pc1_low|real__clip_pc1_high|real__clip_pc1_low"", ""painting__clip_pc1_middle|real__clip_pc1_high|real__clip_pc1_low""]",[],clipart__clip_pc1_high|real__clip_pc1_high|real__clip_pc1_low,clipart__clip_pc1_high|real__clip_pc1_high|real__clip_pc1_low
new_seeds,resnet50,20260918,sketch,logistic,nll,227,154,300,0.5133333333333333,1,0,1,0,1.0,0.0,0.0,0,1,True,False,False,False,False,False,False,False,False,False,"[""painting__clip_pc1_middle|real__clip_pc1_high|real__clip_pc1_low""]",[],clipart__clip_pc1_high|real__clip_pc1_high|real__clip_pc1_low,clipart__clip_pc1_high|real__clip_pc1_high|real__clip_pc1_low
new_seeds,resnet50,20260918,sketch,logistic,error_rate,10,0,20,0.0,8,9,1,2,1.0,2.0,0.00048828125,1,1,True,True,False,False,False,False,False,False,False,False,"[""clipart__clip_pc1_low|real__clip_pc1_high|real__clip_pc1_low""]","[""clipart__clip_pc1_high|clipart__clip_pc1_low|painting__clip_pc1_high"", ""clipart__clip_pc1_low|clipart__clip_pc1_middle|painting__clip_pc1_high""]",clipart__clip_pc1_high|clipart__clip_pc1_low|painting__clip_pc1_high,clipart__clip_pc1_high|clipart__clip_pc1_low|painting__clip_pc1_high
new_seeds,resnet50,20260918,sketch,logistic,error_rate,25,2,48,0.041666666666666664,6,7,3,4,3.0,4.0,0.0,3,1,True,True,False,True,False,False,False,False,False,False,"[""clipart__clip_pc1_low|clipart__clip_pc1_middle|real__clip_pc1_high"", ""clipart__clip_pc1_low|real__clip_pc1_high|real__clip_pc1_low"", ""clipart__clip_pc1_middle|real__clip_pc1_high|real__clip_pc1_low""]","[""clipart__clip_pc1_high|clipart__clip_pc1_low|painting__clip_pc1_high"", ""clipart__clip_pc1_high|clipart__clip_pc1_low|real__clip_pc1_high"", ""clipart__clip_pc1_low|clipart__clip_pc1_middle|painting__clip_pc1_high"", ""clipart__clip_pc1_middle|painting__clip_pc1_high|painting__clip_pc1_low""]",clipart__clip_pc1_high|clipart__clip_pc1_low|painting__clip_pc1_high,clipart__clip_pc1_high|clipart__clip_pc1_low|painting__clip_pc1_high
new_seeds,resnet50,20260918,sketch,logistic,error_rate,50,16,84,0.19047619047619047,5,4,3,2,3.0,2.0,0.0,3,1,True,True,False,False,True,True,False,False,False,True,"[""clipart__clip_pc1_high|real__clip_pc1_high|real__clip_pc1_low"", ""clipart__clip_pc1_low|real__clip_pc1_high|real__clip_pc1_low"", ""clipart__clip_pc1_middle|real__clip_pc1_high|real__clip_pc1_low""]","[""clipart__clip_pc1_high|clipart__clip_pc1_low|painting__clip_pc1_high"", ""clipart__clip_pc1_low|clipart__clip_pc1_middle|painting__clip_pc1_high""]",clipart__clip_pc1_high|clipart__clip_pc1_low|painting__clip_pc1_high,clipart__clip_pc1_high|real__clip_pc1_high|real__clip_pc1_low
new_seeds,resnet50,20260918,sketch,logistic,error_rate,100,68,132,0.5151515151515151,1,1,1,1,1.0,1.0,0.0,0,1,True,True,False,False,False,False,False,False,False,False,"[""clipart__clip_pc1_low|real__clip_pc1_high|real__clip_pc1_low""]","[""clipart__clip_pc1_high|infograph__clip_pc1_high|real__clip_pc1_high""]",clipart__clip_pc1_high|real__clip_pc1_high|real__clip_pc1_low,clipart__clip_pc1_high|real__clip_pc1_high|real__clip_pc1_low
new_seeds,resnet50,20260918,sketch,logistic,error_rate,227,154,300,0.5133333333333333,0,0,0,0,0.0,0.0,0.0,0,1,False,False,False,False,False,False,False,False,False,False,[],[],clipart__clip_pc1_high|real__clip_pc1_high|real__clip_pc1_low,clipart__clip_pc1_high|real__clip_pc1_high|real__clip_pc1_low
new_seeds,dinov2_b14,20260918,clipart,ridge,brier_score,10,0,20,0.0,7,8,2,3,2.0,3.0,0.0,0,1,True,True,False,True,False,False,False,False,False,False,"[""painting__clip_pc1_middle|real__clip_pc1_low|sketch__clip_pc1_low"", ""real__clip_pc1_high|real__clip_pc1_low|sketch__clip_pc1_low""]","[""infograph__clip_pc1_high|sketch__clip_pc1_low|sketch__clip_pc1_middle"", ""painting__clip_pc1_middle|sketch__clip_pc1_low|sketch__clip_pc1_middle"", ""real__clip_pc1_low|sketch__clip_pc1_low|sketch__clip_pc1_middle""]",real__clip_pc1_low|sketch__clip_pc1_low|sketch__clip_pc1_middle,real__clip_pc1_low|sketch__clip_pc1_low|sketch__clip_pc1_middle
new_seeds,dinov2_b14,20260918,clipart,ridge,brier_score,25,11,39,0.28205128205128205,7,8,2,3,2.0,3.0,0.0,0,1,True,True,False,True,False,False,False,False,False,False,"[""painting__clip_pc1_middle|real__clip_pc1_low|sketch__clip_pc1_low"", ""real__clip_pc1_high|real__clip_pc1_low|sketch__clip_pc1_low""]","[""infograph__clip_pc1_high|sketch__clip_pc1_low|sketch__clip_pc1_middle"", ""painting__clip_pc1_middle|sketch__clip_pc1_low|sketch__clip_pc1_middle"", ""real__clip_pc1_low|sketch__clip_pc1_low|sketch__clip_pc1_middle""]",real__clip_pc1_low|sketch__clip_pc1_low|sketch__clip_pc1_middle,real__clip_pc1_low|sketch__clip_pc1_low|sketch__clip_pc1_middle
new_seeds,dinov2_b14,20260918,clipart,ridge,brier_score,50,30,70,0.42857142857142855,2,7,0,5,0.0,5.0,0.0,0,1,False,True,False,False,False,False,False,False,False,False,[],"[""infograph__clip_pc1_high|sketch__clip_pc1_low|sketch__clip_pc1_middle"", ""painting__clip_pc1_high|sketch__clip_pc1_low|sketch__clip_pc1_middle"", ""painting__clip_pc1_middle|sketch__clip_pc1_low|sketch__clip_pc1_middle"", ""real__clip_pc1_low|sketch__clip_pc1_high|sketch__clip_pc1_low"", ""sketch__clip_pc1_high|sketch__clip_pc1_low|sketch__clip_pc1_middle""]",real__clip_pc1_low|sketch__clip_pc1_low|sketch__clip_pc1_middle,real__clip_pc1_low|sketch__clip_pc1_low|sketch__clip_pc1_middle
new_seeds,dinov2_b14,20260918,clipart,ridge,brier_score,100,79,121,0.6528925619834711,1,3,0,2,0.0,2.0,0.0,0,1,False,True,False,False,False,False,False,False,False,False,[],"[""painting__clip_pc1_high|sketch__clip_pc1_low|sketch__clip_pc1_middle"", ""sketch__clip_pc1_high|sketch__clip_pc1_low|sketch__clip_pc1_middle""]",real__clip_pc1_low|sketch__clip_pc1_low|sketch__clip_pc1_middle,real__clip_pc1_low|sketch__clip_pc1_low|sketch__clip_pc1_middle
new_seeds,dinov2_b14,20260918,clipart,ridge,brier_score,227,210,244,0.860655737704918,1,1,0,0,0.0,0.0,0.0,0,1,False,False,False,False,False,False,False,False,False,False,[],[],real__clip_pc1_low|sketch__clip_pc1_low|sketch__clip_pc1_middle,real__clip_pc1_low|sketch__clip_pc1_low|sketch__clip_pc1_middle
new_seeds,dinov2_b14,20260918,clipart,ridge,nll,10,0,20,0.0,6,8,2,4,2.0,4.0,0.0,0,1,True,True,False,True,False,False,False,False,False,False,"[""painting__clip_pc1_middle|real__clip_pc1_low|sketch__clip_pc1_low"", ""real__clip_pc1_high|real__clip_pc1_low|sketch__clip_pc1_low""]","[""infograph__clip_pc1_high|sketch__clip_pc1_low|sketch__clip_pc1_middle"", ""painting__clip_pc1_middle|sketch__clip_pc1_low|sketch__clip_pc1_middle"", ""real__clip_pc1_low|sketch__clip_pc1_low|sketch__clip_pc1_middle"", ""real__clip_pc1_middle|sketch__clip_pc1_low|sketch__clip_pc1_middle""]",real__clip_pc1_low|sketch__clip_pc1_low|sketch__clip_pc1_middle,real__clip_pc1_low|sketch__clip_pc1_low|sketch__clip_pc1_middle
new_seeds,dinov2_b14,20260918,clipart,ridge,nll,25,11,39,0.28205128205128205,6,7,2,3,2.0,3.0,0.0,0,1,True,True,False,True,False,False,False,False,False,False,"[""painting__clip_pc1_middle|real__clip_pc1_low|sketch__clip_pc1_low"", ""real__clip_pc1_high|real__clip_pc1_low|sketch__clip_pc1_low""]","[""infograph__clip_pc1_high|sketch__clip_pc1_low|sketch__clip_pc1_middle"", ""painting__clip_pc1_middle|sketch__clip_pc1_low|sketch__clip_pc1_middle"", ""real__clip_pc1_low|sketch__clip_pc1_low|sketch__clip_pc1_middle""]",real__clip_pc1_low|sketch__clip_pc1_low|sketch__clip_pc1_middle,real__clip_pc1_low|sketch__clip_pc1_low|sketch__clip_pc1_middle
new_seeds,dinov2_b14,20260918,clipart,ridge,nll,50,30,70,0.42857142857142855,2,6,0,4,0.0,4.0,0.0,0,1,False,True,False,False,False,False,False,False,False,False,[],"[""infograph__clip_pc1_high|sketch__clip_pc1_low|sketch__clip_pc1_middle"", ""painting__clip_pc1_middle|sketch__clip_pc1_low|sketch__clip_pc1_middle"", ""real__clip_pc1_low|sketch__clip_pc1_high|sketch__clip_pc1_low"", ""sketch__clip_pc1_high|sketch__clip_pc1_low|sketch__clip_pc1_middle""]",real__clip_pc1_low|sketch__clip_pc1_low|sketch__clip_pc1_middle,real__clip_pc1_low|sketch__clip_pc1_low|sketch__clip_pc1_middle
new_seeds,dinov2_b14,20260918,clipart,ridge,nll,100,79,121,0.6528925619834711,1,2,0,1,0.0,1.0,0.0,0,1,False,True,False,False,False,False,False,False,False,False,[],"[""sketch__clip_pc1_high|sketch__clip_pc1_low|sketch__clip_pc1_middle""]",real__clip_pc1_low|sketch__clip_pc1_low|sketch__clip_pc1_middle,real__clip_pc1_low|sketch__clip_pc1_low|sketch__clip_pc1_middle
new_seeds,dinov2_b14,20260918,clipart,ridge,nll,227,210,244,0.860655737704918,1,1,0,0,0.0,0.0,0.0,0,1,False,False,False,False,False,False,False,False,False,False,[],[],real__clip_pc1_low|sketch__clip_pc1_low|sketch__clip_pc1_middle,real__clip_pc1_low|sketch__clip_pc1_low|sketch__clip_pc1_middle
new_seeds,dinov2_b14,20260918,clipart,ridge,error_rate,10,0,20,0.0,7,7,3,3,3.0,3.0,0.01171875,3,1,True,True,False,False,True,True,False,True,False,True,"[""real__clip_pc1_high|real__clip_pc1_low|sketch__clip_pc1_low"", ""real__clip_pc1_high|real__clip_pc1_low|sketch__clip_pc1_middle"", ""real__clip_pc1_high|real__clip_pc1_middle|sketch__clip_pc1_low""]","[""painting__clip_pc1_middle|sketch__clip_pc1_low|sketch__clip_pc1_middle"", ""real__clip_pc1_high|sketch__clip_pc1_low|sketch__clip_pc1_middle"", ""real__clip_pc1_middle|sketch__clip_pc1_low|sketch__clip_pc1_middle""]",real__clip_pc1_low|sketch__clip_pc1_low|sketch__clip_pc1_middle,real__clip_pc1_high|real__clip_pc1_low|sketch__clip_pc1_low
new_seeds,dinov2_b14,20260918,clipart,ridge,error_rate,25,11,39,0.28205128205128205,5,4,2,1,2.0,1.0,0.00439453125,1,1,True,True,False,False,True,True,False,True,False,True,"[""real__clip_pc1_high|real__clip_pc1_low|sketch__clip_pc1_low"", ""real__clip_pc1_high|real__clip_pc1_low|sketch__clip_pc1_middle""]","[""painting__clip_pc1_middle|sketch__clip_pc1_low|sketch__clip_pc1_middle""]",real__clip_pc1_middle|sketch__clip_pc1_high|sketch__clip_pc1_low,real__clip_pc1_high|real__clip_pc1_low|sketch__clip_pc1_low
new_seeds,dinov2_b14,20260918,clipart,ridge,error_rate,50,30,70,0.42857142857142855,4,4,1,1,1.0,1.0,0.0,0,1,True,True,False,False,False,False,False,False,False,False,"[""real__clip_pc1_high|real__clip_pc1_low|sketch__clip_pc1_middle""]","[""painting__clip_pc1_middle|sketch__clip_pc1_low|sketch__clip_pc1_middle""]",real__clip_pc1_high|real__clip_pc1_low|sketch__clip_pc1_low,real__clip_pc1_high|real__clip_pc1_low|sketch__clip_pc1_low
new_seeds,dinov2_b14,20260918,clipart,ridge,error_rate,100,79,121,0.6528925619834711,3,3,0,0,0.0,0.0,0.0,0,1,False,False,False,False,False,False,False,False,False,False,[],[],real__clip_pc1_high|real__clip_pc1_low|sketch__clip_pc1_low,real__clip_pc1_high|real__clip_pc1_low|sketch__clip_pc1_low
new_seeds,dinov2_b14,20260918,clipart,ridge,error_rate,227,210,244,0.860655737704918,3,3,0,0,0.0,0.0,0.0,0,1,False,False,False,False,False,False,False,False,False,False,[],[],real__clip_pc1_high|real__clip_pc1_low|sketch__clip_pc1_low,real__clip_pc1_high|real__clip_pc1_low|sketch__clip_pc1_low
new_seeds,dinov2_b14,20260918,clipart,logistic,brier_score,10,0,20,0.0,6,7,3,4,3.0,4.0,0.0,0,1,True,True,False,True,True,False,True,False,True,False,"[""painting__clip_pc1_low|real__clip_pc1_low|sketch__clip_pc1_low"", ""painting__clip_pc1_middle|real__clip_pc1_low|sketch__clip_pc1_low"", ""real__clip_pc1_high|real__clip_pc1_low|sketch__clip_pc1_low""]","[""painting__clip_pc1_middle|sketch__clip_pc1_low|sketch__clip_pc1_middle"", ""real__clip_pc1_high|sketch__clip_pc1_low|sketch__clip_pc1_middle"", ""real__clip_pc1_low|sketch__clip_pc1_low|sketch__clip_pc1_middle"", ""real__clip_pc1_middle|sketch__clip_pc1_low|sketch__clip_pc1_middle""]",real__clip_pc1_low|sketch__clip_pc1_low|sketch__clip_pc1_middle,painting__clip_pc1_middle|real__clip_pc1_low|sketch__clip_pc1_low
new_seeds,dinov2_b14,20260918,clipart,logistic,brier_score,25,11,39,0.28205128205128205,6,4,4,2,4.0,2.0,0.0,0,1,True,True,False,True,True,False,True,False,False,False,"[""painting__clip_pc1_low|real__clip_pc1_low|sketch__clip_pc1_low"", ""painting__clip_pc1_middle|real__clip_pc1_low|sketch__clip_pc1_low"", ""real__clip_pc1_high|real__clip_pc1_low|sketch__clip_pc1_low"", ""real__clip_pc1_low|real__clip_pc1_middle|sketch__clip_pc1_low""]","[""painting__clip_pc1_middle|sketch__clip_pc1_low|sketch__clip_pc1_middle"", ""real__clip_pc1_low|sketch__clip_pc1_low|sketch__clip_pc1_middle""]",real__clip_pc1_low|sketch__clip_pc1_low|sketch__clip_pc1_middle,painting__clip_pc1_middle|real__clip_pc1_low|sketch__clip_pc1_low
new_seeds,dinov2_b14,20260918,clipart,logistic,brier_score,50,30,70,0.42857142857142855,1,3,0,2,0.0,2.0,0.0,0,1,False,True,False,False,False,False,False,False,False,False,[],"[""painting__clip_pc1_middle|sketch__clip_pc1_low|sketch__clip_pc1_middle"", ""real__clip_pc1_low|sketch__clip_pc1_high|sketch__clip_pc1_low""]",painting__clip_pc1_middle|real__clip_pc1_low|sketch__clip_pc1_low,painting__clip_pc1_middle|real__clip_pc1_low|sketch__clip_pc1_low
new_seeds,dinov2_b14,20260918,clipart,logistic,brier_score,100,79,121,0.6528925619834711,0,0,0,0,0.0,0.0,0.0,0,1,False,False,False,False,False,False,False,False,False,False,[],[],painting__clip_pc1_middle|real__clip_pc1_low|sketch__clip_pc1_low,painting__clip_pc1_middle|real__clip_pc1_low|sketch__clip_pc1_low
new_seeds,dinov2_b14,20260918,clipart,logistic,brier_score,227,210,244,0.860655737704918,0,0,0,0,0.0,0.0,0.0,0,1,False,False,False,False,False,False,False,False,False,False,[],[],painting__clip_pc1_middle|real__clip_pc1_low|sketch__clip_pc1_low,painting__clip_pc1_middle|real__clip_pc1_low|sketch__clip_pc1_low
new_seeds,dinov2_b14,20260918,clipart,logistic,nll,10,0,20,0.0,8,7,3,2,3.0,2.0,0.0,0,1,True,True,False,True,True,False,True,False,True,False,"[""painting__clip_pc1_middle|real__clip_pc1_low|sketch__clip_pc1_low"", ""real__clip_pc1_high|real__clip_pc1_low|sketch__clip_pc1_low"", ""real__clip_pc1_high|real__clip_pc1_low|sketch__clip_pc1_middle""]","[""painting__clip_pc1_low|sketch__clip_pc1_low|sketch__clip_pc1_middle"", ""real__clip_pc1_low|sketch__clip_pc1_low|sketch__clip_pc1_middle""]",real__clip_pc1_low|sketch__clip_pc1_low|sketch__clip_pc1_middle,painting__clip_pc1_middle|real__clip_pc1_low|sketch__clip_pc1_low
new_seeds,dinov2_b14,20260918,clipart,logistic,nll,25,11,39,0.28205128205128205,7,4,5,2,5.0,2.0,0.0,0,1,True,True,False,True,True,False,True,False,False,False,"[""painting__clip_pc1_low|real__clip_pc1_low|sketch__clip_pc1_middle"", ""painting__clip_pc1_middle|real__clip_pc1_low|sketch__clip_pc1_low"", ""painting__clip_pc1_middle|real__clip_pc1_low|sketch__clip_pc1_middle"", ""real__clip_pc1_high|real__clip_pc1_low|sketch__clip_pc1_low"", ""real__clip_pc1_high|real__clip_pc1_low|sketch__clip_pc1_middle""]","[""painting__clip_pc1_low|sketch__clip_pc1_high|sketch__clip_pc1_low"", ""real__clip_pc1_low|sketch__clip_pc1_low|sketch__clip_pc1_middle""]",real__clip_pc1_low|sketch__clip_pc1_low|sketch__clip_pc1_middle,painting__clip_pc1_middle|real__clip_pc1_low|sketch__clip_pc1_low
new_seeds,dinov2_b14,20260918,clipart,logistic,nll,50,30,70,0.42857142857142855,4,2,3,1,3.0,1.0,0.0,0,1,True,True,False,False,False,False,False,False,False,False,"[""painting__clip_pc1_low|real__clip_pc1_low|sketch__clip_pc1_middle"", ""painting__clip_pc1_middle|real__clip_pc1_low|sketch__clip_pc1_middle"", ""real__clip_pc1_high|real__clip_pc1_low|sketch__clip_pc1_middle""]","[""real__clip_pc1_low|sketch__clip_pc1_high|sketch__clip_pc1_low""]",painting__clip_pc1_middle|real__clip_pc1_low|sketch__clip_pc1_low,painting__clip_pc1_middle|real__clip_pc1_low|sketch__clip_pc1_low
new_seeds,dinov2_b14,20260918,clipart,logistic,nll,100,79,121,0.6528925619834711,1,0,1,0,1.0,0.0,0.0,0,1,True,False,False,False,False,False,False,False,False,False,"[""painting__clip_pc1_high|real__clip_pc1_low|sketch__clip_pc1_middle""]",[],painting__clip_pc1_middle|real__clip_pc1_low|sketch__clip_pc1_low,painting__clip_pc1_middle|real__clip_pc1_low|sketch__clip_pc1_low
new_seeds,dinov2_b14,20260918,clipart,logistic,nll,227,210,244,0.860655737704918,0,0,0,0,0.0,0.0,0.0,0,1,False,False,False,False,False,False,False,False,False,False,[],[],painting__clip_pc1_middle|real__clip_pc1_low|sketch__clip_pc1_low,painting__clip_pc1_middle|real__clip_pc1_low|sketch__clip_pc1_low
new_seeds,dinov2_b14,20260918,clipart,logistic,error_rate,10,0,20,0.0,7,6,4,3,4.0,3.0,0.02490234375,5,1,True,True,True,False,True,True,False,True,False,True,"[""painting__clip_pc1_middle|real__clip_pc1_low|sketch__clip_pc1_low"", ""real__clip_pc1_high|real__clip_pc1_low|sketch__clip_pc1_low"", ""real__clip_pc1_high|real__clip_pc1_low|sketch__clip_pc1_middle"", ""real__clip_pc1_high|real__clip_pc1_middle|sketch__clip_pc1_low""]","[""painting__clip_pc1_middle|sketch__clip_pc1_low|sketch__clip_pc1_middle"", ""real__clip_pc1_high|sketch__clip_pc1_low|sketch__clip_pc1_middle"", ""real__clip_pc1_middle|sketch__clip_pc1_low|sketch__clip_pc1_middle""]",real__clip_pc1_low|sketch__clip_pc1_low|sketch__clip_pc1_middle,real__clip_pc1_high|real__clip_pc1_low|sketch__clip_pc1_low
new_seeds,dinov2_b14,20260918,clipart,logistic,error_rate,25,11,39,0.28205128205128205,5,3,3,1,3.0,1.0,0.00830078125,1,1,True,True,True,False,True,True,False,True,False,True,"[""painting__clip_pc1_middle|real__clip_pc1_low|sketch__clip_pc1_low"", ""real__clip_pc1_high|real__clip_pc1_low|sketch__clip_pc1_low"", ""real__clip_pc1_high|real__clip_pc1_low|sketch__clip_pc1_middle""]","[""painting__clip_pc1_middle|sketch__clip_pc1_low|sketch__clip_pc1_middle""]",real__clip_pc1_high|real__clip_pc1_middle|sketch__clip_pc1_low,real__clip_pc1_high|real__clip_pc1_low|sketch__clip_pc1_low
new_seeds,dinov2_b14,20260918,clipart,logistic,error_rate,50,30,70,0.42857142857142855,3,3,1,1,1.0,1.0,0.0,0,1,True,True,False,False,False,False,False,False,False,False,"[""real__clip_pc1_high|real__clip_pc1_low|sketch__clip_pc1_middle""]","[""painting__clip_pc1_middle|sketch__clip_pc1_low|sketch__clip_pc1_middle""]",real__clip_pc1_high|real__clip_pc1_low|sketch__clip_pc1_low,real__clip_pc1_high|real__clip_pc1_low|sketch__clip_pc1_low
new_seeds,dinov2_b14,20260918,clipart,logistic,error_rate,100,79,121,0.6528925619834711,2,2,0,0,0.0,0.0,0.0,0,1,False,False,False,False,False,False,False,False,False,False,[],[],real__clip_pc1_high|real__clip_pc1_low|sketch__clip_pc1_low,real__clip_pc1_high|real__clip_pc1_low|sketch__clip_pc1_low
new_seeds,dinov2_b14,20260918,clipart,logistic,error_rate,227,210,244,0.860655737704918,2,1,1,0,1.0,0.0,0.0,0,1,True,False,False,False,False,False,False,False,False,False,"[""quickdraw__clip_pc1_middle|real__clip_pc1_middle|sketch__clip_pc1_low""]",[],real__clip_pc1_high|real__clip_pc1_low|sketch__clip_pc1_low,real__clip_pc1_high|real__clip_pc1_low|sketch__clip_pc1_low
new_seeds,dinov2_b14,20260918,infograph,ridge,brier_score,10,1,19,0.05263157894736842,9,10,0,1,0.0,1.0,0.0,0,1,False,True,False,False,False,False,False,False,False,False,[],"[""clipart__clip_pc1_middle|real__clip_pc1_high|sketch__clip_pc1_low""]",clipart__clip_pc1_low|clipart__clip_pc1_middle|sketch__clip_pc1_middle,clipart__clip_pc1_low|clipart__clip_pc1_middle|sketch__clip_pc1_middle
new_seeds,dinov2_b14,20260918,infograph,ridge,brier_score,25,6,44,0.13636363636363635,5,10,0,5,0.0,5.0,0.0,0,1,False,True,False,True,False,False,False,False,False,False,[],"[""clipart__clip_pc1_low|clipart__clip_pc1_middle|sketch__clip_pc1_low"", ""clipart__clip_pc1_low|real__clip_pc1_middle|sketch__clip_pc1_low"", ""clipart__clip_pc1_middle|real__clip_pc1_high|sketch__clip_pc1_low"", ""clipart__clip_pc1_middle|real__clip_pc1_low|sketch__clip_pc1_low"", ""clipart__clip_pc1_middle|sketch__clip_pc1_low|sketch__clip_pc1_middle""]",clipart__clip_pc1_low|clipart__clip_pc1_middle|sketch__clip_pc1_low,clipart__clip_pc1_low|clipart__clip_pc1_middle|sketch__clip_pc1_low
new_seeds,dinov2_b14,20260918,infograph,ridge,brier_score,50,22,78,0.28205128205128205,2,7,0,5,0.0,5.0,0.0,0,1,False,True,False,True,False,False,False,False,False,False,[],"[""clipart__clip_pc1_low|clipart__clip_pc1_middle|sketch__clip_pc1_low"", ""clipart__clip_pc1_low|painting__clip_pc1_middle|sketch__clip_pc1_low"", ""clipart__clip_pc1_low|sketch__clip_pc1_low|sketch__clip_pc1_middle"", ""clipart__clip_pc1_middle|real__clip_pc1_low|sketch__clip_pc1_low"", ""clipart__clip_pc1_middle|sketch__clip_pc1_low|sketch__clip_pc1_middle""]",clipart__clip_pc1_low|clipart__clip_pc1_middle|sketch__clip_pc1_low,clipart__clip_pc1_low|clipart__clip_pc1_middle|sketch__clip_pc1_low
new_seeds,dinov2_b14,20260918,infograph,ridge,brier_score,100,67,133,0.5037593984962406,0,5,0,5,0.0,5.0,0.0,0,1,False,True,False,True,False,False,False,False,False,False,[],"[""clipart__clip_pc1_low|clipart__clip_pc1_middle|sketch__clip_pc1_low"", ""clipart__clip_pc1_low|real__clip_pc1_low|sketch__clip_pc1_low"", ""clipart__clip_pc1_low|sketch__clip_pc1_low|sketch__clip_pc1_middle"", ""clipart__clip_pc1_middle|real__clip_pc1_low|sketch__clip_pc1_low"", ""clipart__clip_pc1_middle|sketch__clip_pc1_low|sketch__clip_pc1_middle""]",clipart__clip_pc1_low|clipart__clip_pc1_middle|sketch__clip_pc1_low,clipart__clip_pc1_low|clipart__clip_pc1_middle|sketch__clip_pc1_low
new_seeds,dinov2_b14,20260918,infograph,ridge,brier_score,227,221,233,0.9484978540772532,0,0,0,0,0.0,0.0,0.0,0,1,False,False,False,False,False,False,False,False,False,False,[],[],clipart__clip_pc1_low|clipart__clip_pc1_middle|sketch__clip_pc1_low,clipart__clip_pc1_low|clipart__clip_pc1_middle|sketch__clip_pc1_low
new_seeds,dinov2_b14,20260918,infograph,ridge,nll,10,1,19,0.05263157894736842,9,10,0,1,0.0,1.0,0.0,0,1,False,True,False,False,False,False,False,False,False,False,[],"[""clipart__clip_pc1_middle|real__clip_pc1_high|sketch__clip_pc1_low""]",clipart__clip_pc1_low|clipart__clip_pc1_middle|sketch__clip_pc1_middle,clipart__clip_pc1_low|clipart__clip_pc1_middle|sketch__clip_pc1_middle
new_seeds,dinov2_b14,20260918,infograph,ridge,nll,25,6,44,0.13636363636363635,4,10,0,6,0.0,6.0,0.0,0,1,False,True,False,True,False,False,False,False,False,False,[],"[""clipart__clip_pc1_low|clipart__clip_pc1_middle|sketch__clip_pc1_low"", ""clipart__clip_pc1_low|real__clip_pc1_middle|sketch__clip_pc1_low"", ""clipart__clip_pc1_middle|painting__clip_pc1_middle|sketch__clip_pc1_low"", ""clipart__clip_pc1_middle|real__clip_pc1_high|sketch__clip_pc1_low"", ""clipart__clip_pc1_middle|real__clip_pc1_low|sketch__clip_pc1_low"", ""clipart__clip_pc1_middle|sketch__clip_pc1_low|sketch__clip_pc1_middle""]",clipart__clip_pc1_low|clipart__clip_pc1_middle|sketch__clip_pc1_low,clipart__clip_pc1_low|clipart__clip_pc1_middle|sketch__clip_pc1_low
new_seeds,dinov2_b14,20260918,infograph,ridge,nll,50,22,78,0.28205128205128205,1,7,0,6,0.0,6.0,0.0,0,1,False,True,False,True,False,False,False,False,False,False,[],"[""clipart__clip_pc1_low|clipart__clip_pc1_middle|sketch__clip_pc1_low"", ""clipart__clip_pc1_low|painting__clip_pc1_middle|sketch__clip_pc1_low"", ""clipart__clip_pc1_low|sketch__clip_pc1_low|sketch__clip_pc1_middle"", ""clipart__clip_pc1_middle|painting__clip_pc1_middle|sketch__clip_pc1_low"", ""clipart__clip_pc1_middle|real__clip_pc1_low|sketch__clip_pc1_low"", ""clipart__clip_pc1_middle|sketch__clip_pc1_low|sketch__clip_pc1_middle""]",clipart__clip_pc1_low|clipart__clip_pc1_middle|sketch__clip_pc1_low,clipart__clip_pc1_low|clipart__clip_pc1_middle|sketch__clip_pc1_low
new_seeds,dinov2_b14,20260918,infograph,ridge,nll,100,67,133,0.5037593984962406,0,5,0,5,0.0,5.0,0.0,0,1,False,True,False,True,False,False,False,False,False,False,[],"[""clipart__clip_pc1_low|clipart__clip_pc1_middle|sketch__clip_pc1_low"", ""clipart__clip_pc1_low|real__clip_pc1_low|sketch__clip_pc1_low"", ""clipart__clip_pc1_low|sketch__clip_pc1_low|sketch__clip_pc1_middle"", ""clipart__clip_pc1_middle|real__clip_pc1_low|sketch__clip_pc1_low"", ""clipart__clip_pc1_middle|sketch__clip_pc1_low|sketch__clip_pc1_middle""]",clipart__clip_pc1_low|clipart__clip_pc1_middle|sketch__clip_pc1_low,clipart__clip_pc1_low|clipart__clip_pc1_middle|sketch__clip_pc1_low
new_seeds,dinov2_b14,20260918,infograph,ridge,nll,227,221,233,0.9484978540772532,0,0,0,0,0.0,0.0,0.0,0,1,False,False,False,False,False,False,False,False,False,False,[],[],clipart__clip_pc1_low|clipart__clip_pc1_middle|sketch__clip_pc1_low,clipart__clip_pc1_low|clipart__clip_pc1_middle|sketch__clip_pc1_low
new_seeds,dinov2_b14,20260918,infograph,ridge,error_rate,10,1,19,0.05263157894736842,7,10,0,3,0.0,3.0,0.0,0,2,False,True,False,False,False,False,False,False,True,False,[],"[""clipart__clip_pc1_middle|real__clip_pc1_low|sketch__clip_pc1_middle"", ""clipart__clip_pc1_middle|real__clip_pc1_middle|sketch__clip_pc1_low"", ""clipart__clip_pc1_middle|real__clip_pc1_middle|sketch__clip_pc1_middle""]",clipart__clip_pc1_middle|real__clip_pc1_high|sketch__clip_pc1_low,clipart__clip_pc1_middle|real__clip_pc1_high|sketch__clip_pc1_low
new_seeds,dinov2_b14,20260918,infograph,ridge,error_rate,25,6,44,0.13636363636363635,5,9,0,4,0.0,4.0,0.0,0,2,False,True,False,False,False,False,False,False,False,False,[],"[""clipart__clip_pc1_middle|painting__clip_pc1_middle|sketch__clip_pc1_low"", ""clipart__clip_pc1_middle|real__clip_pc1_low|sketch__clip_pc1_middle"", ""clipart__clip_pc1_middle|real__clip_pc1_middle|sketch__clip_pc1_low"", ""clipart__clip_pc1_middle|sketch__clip_pc1_low|sketch__clip_pc1_middle""]",clipart__clip_pc1_middle|painting__clip_pc1_middle|sketch__clip_pc1_low,clipart__clip_pc1_middle|painting__clip_pc1_middle|sketch__clip_pc1_low
new_seeds,dinov2_b14,20260918,infograph,ridge,error_rate,50,22,78,0.28205128205128205,4,6,1,3,1.0,3.0,0.0,1,2,True,True,False,False,False,False,False,False,False,False,"[""painting__clip_pc1_middle|real__clip_pc1_middle|sketch__clip_pc1_low""]","[""clipart__clip_pc1_low|painting__clip_pc1_middle|sketch__clip_pc1_low"", ""clipart__clip_pc1_middle|painting__clip_pc1_middle|sketch__clip_pc1_low"", ""clipart__clip_pc1_middle|sketch__clip_pc1_low|sketch__clip_pc1_middle""]",clipart__clip_pc1_middle|painting__clip_pc1_middle|sketch__clip_pc1_low,clipart__clip_pc1_middle|painting__clip_pc1_middle|sketch__clip_pc1_low
new_seeds,dinov2_b14,20260918,infograph,ridge,error_rate,100,67,133,0.5037593984962406,1,4,0,3,0.0,3.0,0.0,0,2,False,True,False,True,False,False,False,False,False,False,[],"[""clipart__clip_pc1_middle|painting__clip_pc1_high|sketch__clip_pc1_middle"", ""clipart__clip_pc1_middle|sketch__clip_pc1_high|sketch__clip_pc1_low"", ""clipart__clip_pc1_middle|sketch__clip_pc1_low|sketch__clip_pc1_middle""]",clipart__clip_pc1_middle|sketch__clip_pc1_high|sketch__clip_pc1_low,clipart__clip_pc1_middle|sketch__clip_pc1_high|sketch__clip_pc1_low
new_seeds,dinov2_b14,20260918,infograph,ridge,error_rate,227,221,233,0.9484978540772532,0,0,0,0,0.0,0.0,0.0,0,2,False,False,False,False,False,False,False,False,False,False,[],[],clipart__clip_pc1_middle|sketch__clip_pc1_high|sketch__clip_pc1_low,clipart__clip_pc1_middle|sketch__clip_pc1_high|sketch__clip_pc1_low
new_seeds,dinov2_b14,20260918,infograph,logistic,brier_score,10,1,19,0.05263157894736842,9,10,0,1,0.0,1.0,0.0,0,1,False,True,False,False,False,False,False,False,False,False,[],"[""clipart__clip_pc1_middle|real__clip_pc1_high|sketch__clip_pc1_low""]",clipart__clip_pc1_middle|real__clip_pc1_high|sketch__clip_pc1_low,clipart__clip_pc1_middle|real__clip_pc1_high|sketch__clip_pc1_low
new_seeds,dinov2_b14,20260918,infograph,logistic,brier_score,25,6,44,0.13636363636363635,6,10,0,4,0.0,4.0,0.0,0,1,False,True,False,False,False,False,False,False,True,False,[],"[""clipart__clip_pc1_low|real__clip_pc1_middle|sketch__clip_pc1_low"", ""clipart__clip_pc1_middle|painting__clip_pc1_middle|sketch__clip_pc1_low"", ""clipart__clip_pc1_middle|real__clip_pc1_high|sketch__clip_pc1_low"", ""clipart__clip_pc1_middle|real__clip_pc1_low|sketch__clip_pc1_low""]",clipart__clip_pc1_low|real__clip_pc1_middle|sketch__clip_pc1_low,clipart__clip_pc1_low|real__clip_pc1_middle|sketch__clip_pc1_low
new_seeds,dinov2_b14,20260918,infograph,logistic,brier_score,50,22,78,0.28205128205128205,4,6,1,3,1.0,3.0,0.0027087240227388065,1,1,True,True,True,False,False,False,False,False,False,False,"[""real__clip_pc1_high|real__clip_pc1_low|sketch__clip_pc1_low""]","[""clipart__clip_pc1_low|painting__clip_pc1_middle|sketch__clip_pc1_low"", ""clipart__clip_pc1_middle|painting__clip_pc1_middle|sketch__clip_pc1_low"", ""clipart__clip_pc1_middle|real__clip_pc1_low|sketch__clip_pc1_low""]",clipart__clip_pc1_low|real__clip_pc1_high|sketch__clip_pc1_low,clipart__clip_pc1_low|real__clip_pc1_high|sketch__clip_pc1_low
new_seeds,dinov2_b14,20260918,infograph,logistic,brier_score,100,67,133,0.5037593984962406,1,2,1,2,1.0,2.0,0.0017398882750531142,1,1,True,True,True,False,False,False,False,False,False,False,"[""real__clip_pc1_high|real__clip_pc1_low|sketch__clip_pc1_low""]","[""clipart__clip_pc1_low|real__clip_pc1_low|sketch__clip_pc1_low"", ""clipart__clip_pc1_middle|real__clip_pc1_low|sketch__clip_pc1_low""]",clipart__clip_pc1_low|real__clip_pc1_high|sketch__clip_pc1_low,clipart__clip_pc1_low|real__clip_pc1_high|sketch__clip_pc1_low
new_seeds,dinov2_b14,20260918,infograph,logistic,brier_score,227,221,233,0.9484978540772532,0,0,0,0,0.0,0.0,0.0,0,1,False,False,False,False,False,False,False,False,False,False,[],[],clipart__clip_pc1_low|real__clip_pc1_high|sketch__clip_pc1_low,clipart__clip_pc1_low|real__clip_pc1_high|sketch__clip_pc1_low
new_seeds,dinov2_b14,20260918,infograph,logistic,nll,10,1,19,0.05263157894736842,8,10,0,2,0.0,2.0,0.0,0,1,False,True,False,False,False,False,False,False,False,False,[],"[""clipart__clip_pc1_middle|real__clip_pc1_high|sketch__clip_pc1_low"", ""clipart__clip_pc1_middle|real__clip_pc1_middle|sketch__clip_pc1_low""]",clipart__clip_pc1_low|real__clip_pc1_middle|sketch__clip_pc1_middle,clipart__clip_pc1_low|real__clip_pc1_middle|sketch__clip_pc1_middle
new_seeds,dinov2_b14,20260918,infograph,logistic,nll,25,6,44,0.13636363636363635,6,10,0,4,0.0,4.0,0.0,3,1,False,True,False,True,False,False,False,False,True,False,[],"[""clipart__clip_pc1_middle|painting__clip_pc1_middle|sketch__clip_pc1_low"", ""clipart__clip_pc1_middle|real__clip_pc1_high|sketch__clip_pc1_low"", ""clipart__clip_pc1_middle|real__clip_pc1_middle|sketch__clip_pc1_low"", ""clipart__clip_pc1_middle|sketch__clip_pc1_low|sketch__clip_pc1_middle""]",clipart__clip_pc1_low|real__clip_pc1_middle|sketch__clip_pc1_middle,clipart__clip_pc1_low|real__clip_pc1_middle|sketch__clip_pc1_middle
new_seeds,dinov2_b14,20260918,infograph,logistic,nll,50,22,78,0.28205128205128205,3,6,1,4,1.0,4.0,0.0,1,1,True,True,False,True,True,True,False,True,False,True,"[""real__clip_pc1_high|real__clip_pc1_low|sketch__clip_pc1_low""]","[""clipart__clip_pc1_low|painting__clip_pc1_middle|sketch__clip_pc1_low"", ""clipart__clip_pc1_low|sketch__clip_pc1_low|sketch__clip_pc1_middle"", ""clipart__clip_pc1_middle|painting__clip_pc1_middle|sketch__clip_pc1_low"", ""clipart__clip_pc1_middle|sketch__clip_pc1_low|sketch__clip_pc1_middle""]",clipart__clip_pc1_low|real__clip_pc1_high|sketch__clip_pc1_low,real__clip_pc1_high|real__clip_pc1_low|sketch__clip_pc1_low
new_seeds,dinov2_b14,20260918,infograph,logistic,nll,100,67,133,0.5037593984962406,1,3,1,3,1.0,3.0,0.0,1,1,True,True,False,False,True,True,False,False,False,True,"[""real__clip_pc1_high|real__clip_pc1_low|sketch__clip_pc1_low""]","[""clipart__clip_pc1_low|sketch__clip_pc1_low|sketch__clip_pc1_middle"", ""clipart__clip_pc1_middle|sketch__clip_pc1_high|sketch__clip_pc1_low"", ""clipart__clip_pc1_middle|sketch__clip_pc1_low|sketch__clip_pc1_middle""]",clipart__clip_pc1_low|real__clip_pc1_high|sketch__clip_pc1_low,real__clip_pc1_high|real__clip_pc1_low|sketch__clip_pc1_low
new_seeds,dinov2_b14,20260918,infograph,logistic,nll,227,221,233,0.9484978540772532,0,0,0,0,0.0,0.0,0.0,0,1,False,False,False,False,False,False,False,False,False,False,[],[],real__clip_pc1_high|real__clip_pc1_low|sketch__clip_pc1_low,real__clip_pc1_high|real__clip_pc1_low|sketch__clip_pc1_low
new_seeds,dinov2_b14,20260918,infograph,logistic,error_rate,10,1,19,0.05263157894736842,7,10,0,3,0.0,3.0,0.0,0,2,False,True,False,False,True,False,True,False,True,False,[],"[""clipart__clip_pc1_middle|real__clip_pc1_high|sketch__clip_pc1_low"", ""clipart__clip_pc1_middle|real__clip_pc1_low|sketch__clip_pc1_middle"", ""clipart__clip_pc1_middle|real__clip_pc1_middle|sketch__clip_pc1_low""]",clipart__clip_pc1_middle|real__clip_pc1_high|sketch__clip_pc1_low,real__clip_pc1_high|real__clip_pc1_middle|sketch__clip_pc1_low
new_seeds,dinov2_b14,20260918,infograph,logistic,error_rate,25,6,44,0.13636363636363635,6,10,0,4,0.0,4.0,0.0,0,2,False,True,False,False,False,False,False,False,False,False,[],"[""clipart__clip_pc1_middle|real__clip_pc1_high|sketch__clip_pc1_low"", ""clipart__clip_pc1_middle|real__clip_pc1_low|sketch__clip_pc1_middle"", ""clipart__clip_pc1_middle|real__clip_pc1_middle|sketch__clip_pc1_low"", ""clipart__clip_pc1_middle|sketch__clip_pc1_low|sketch__clip_pc1_middle""]",clipart__clip_pc1_middle|painting__clip_pc1_middle|sketch__clip_pc1_low,clipart__clip_pc1_middle|painting__clip_pc1_middle|sketch__clip_pc1_low
new_seeds,dinov2_b14,20260918,infograph,logistic,error_rate,50,22,78,0.28205128205128205,5,5,1,1,1.0,1.0,0.00830078125,1,2,True,True,True,False,True,True,False,False,False,True,"[""painting__clip_pc1_middle|real__clip_pc1_middle|sketch__clip_pc1_low""]","[""clipart__clip_pc1_middle|sketch__clip_pc1_low|sketch__clip_pc1_middle""]",clipart__clip_pc1_middle|painting__clip_pc1_middle|sketch__clip_pc1_low,painting__clip_pc1_middle|real__clip_pc1_middle|sketch__clip_pc1_low
new_seeds,dinov2_b14,20260918,infograph,logistic,error_rate,100,67,133,0.5037593984962406,0,5,0,5,0.0,5.0,0.0,0,2,False,True,False,False,False,False,False,False,False,False,[],"[""clipart__clip_pc1_middle|painting__clip_pc1_high|sketch__clip_pc1_low"", ""clipart__clip_pc1_middle|painting__clip_pc1_high|sketch__clip_pc1_middle"", ""clipart__clip_pc1_middle|sketch__clip_pc1_high|sketch__clip_pc1_low"", ""clipart__clip_pc1_middle|sketch__clip_pc1_low|sketch__clip_pc1_middle"", ""painting__clip_pc1_middle|sketch__clip_pc1_low|sketch__clip_pc1_middle""]",painting__clip_pc1_middle|real__clip_pc1_middle|sketch__clip_pc1_low,painting__clip_pc1_middle|real__clip_pc1_middle|sketch__clip_pc1_low
new_seeds,dinov2_b14,20260918,infograph,logistic,error_rate,227,221,233,0.9484978540772532,0,0,0,0,0.0,0.0,0.0,0,2,False,False,False,False,False,False,False,False,False,False,[],[],painting__clip_pc1_middle|real__clip_pc1_middle|sketch__clip_pc1_low,painting__clip_pc1_middle|real__clip_pc1_middle|sketch__clip_pc1_low
new_seeds,dinov2_b14,20260918,painting,ridge,brier_score,10,6,14,0.42857142857142855,5,8,0,3,0.0,3.0,0.0,0,1,False,True,False,True,False,False,False,False,False,False,[],"[""clipart__clip_pc1_middle|real__clip_pc1_high|sketch__clip_pc1_high"", ""real__clip_pc1_high|sketch__clip_pc1_high|sketch__clip_pc1_low"", ""real__clip_pc1_high|sketch__clip_pc1_high|sketch__clip_pc1_middle""]",real__clip_pc1_high|sketch__clip_pc1_high|sketch__clip_pc1_low,real__clip_pc1_high|sketch__clip_pc1_high|sketch__clip_pc1_low
new_seeds,dinov2_b14,20260918,painting,ridge,brier_score,25,19,31,0.6129032258064516,5,4,1,0,1.0,0.0,0.0,0,1,True,False,False,False,False,False,False,False,False,False,"[""real__clip_pc1_high|sketch__clip_pc1_low|sketch__clip_pc1_middle""]",[],real__clip_pc1_high|sketch__clip_pc1_high|sketch__clip_pc1_low,real__clip_pc1_high|sketch__clip_pc1_high|sketch__clip_pc1_low
new_seeds,dinov2_b14,20260918,painting,ridge,brier_score,50,41,59,0.6949152542372882,2,1,1,0,1.0,0.0,0.0,0,1,True,False,False,False,False,False,False,False,False,False,"[""clipart__clip_pc1_middle|real__clip_pc1_high|sketch__clip_pc1_low""]",[],real__clip_pc1_high|sketch__clip_pc1_high|sketch__clip_pc1_low,real__clip_pc1_high|sketch__clip_pc1_high|sketch__clip_pc1_low
new_seeds,dinov2_b14,20260918,painting,ridge,brier_score,100,86,114,0.7543859649122807,0,0,0,0,0.0,0.0,0.0,0,1,False,False,False,False,False,False,False,False,False,False,[],[],real__clip_pc1_high|sketch__clip_pc1_high|sketch__clip_pc1_low,real__clip_pc1_high|sketch__clip_pc1_high|sketch__clip_pc1_low
new_seeds,dinov2_b14,20260918,painting,ridge,brier_score,227,213,241,0.8838174273858921,0,0,0,0,0.0,0.0,0.0,0,1,False,False,False,False,False,False,False,False,False,False,[],[],real__clip_pc1_high|sketch__clip_pc1_high|sketch__clip_pc1_low,real__clip_pc1_high|sketch__clip_pc1_high|sketch__clip_pc1_low
new_seeds,dinov2_b14,20260918,painting,ridge,nll,10,6,14,0.42857142857142855,5,8,0,3,0.0,3.0,0.0,0,1,False,True,False,True,False,False,False,False,False,False,[],"[""clipart__clip_pc1_middle|real__clip_pc1_high|sketch__clip_pc1_high"", ""real__clip_pc1_high|sketch__clip_pc1_high|sketch__clip_pc1_low"", ""real__clip_pc1_high|sketch__clip_pc1_high|sketch__clip_pc1_middle""]",real__clip_pc1_high|sketch__clip_pc1_high|sketch__clip_pc1_low,real__clip_pc1_high|sketch__clip_pc1_high|sketch__clip_pc1_low
new_seeds,dinov2_b14,20260918,painting,ridge,nll,25,19,31,0.6129032258064516,5,4,1,0,1.0,0.0,0.0,0,1,True,False,False,False,False,False,False,False,False,False,"[""real__clip_pc1_high|sketch__clip_pc1_low|sketch__clip_pc1_middle""]",[],real__clip_pc1_high|sketch__clip_pc1_high|sketch__clip_pc1_low,real__clip_pc1_high|sketch__clip_pc1_high|sketch__clip_pc1_low
new_seeds,dinov2_b14,20260918,painting,ridge,nll,50,41,59,0.6949152542372882,2,1,1,0,1.0,0.0,0.0,0,1,True,False,False,False,False,False,False,False,False,False,"[""clipart__clip_pc1_middle|real__clip_pc1_high|sketch__clip_pc1_low""]",[],real__clip_pc1_high|sketch__clip_pc1_high|sketch__clip_pc1_low,real__clip_pc1_high|sketch__clip_pc1_high|sketch__clip_pc1_low
new_seeds,dinov2_b14,20260918,painting,ridge,nll,100,86,114,0.7543859649122807,0,0,0,0,0.0,0.0,0.0,0,1,False,False,False,False,False,False,False,False,False,False,[],[],real__clip_pc1_high|sketch__clip_pc1_high|sketch__clip_pc1_low,real__clip_pc1_high|sketch__clip_pc1_high|sketch__clip_pc1_low
new_seeds,dinov2_b14,20260918,painting,ridge,nll,227,213,241,0.8838174273858921,0,0,0,0,0.0,0.0,0.0,0,1,False,False,False,False,False,False,False,False,False,False,[],[],real__clip_pc1_high|sketch__clip_pc1_high|sketch__clip_pc1_low,real__clip_pc1_high|sketch__clip_pc1_high|sketch__clip_pc1_low
new_seeds,dinov2_b14,20260918,painting,ridge,error_rate,10,6,14,0.42857142857142855,8,7,1,0,1.0,0.0,0.0,0,1,True,False,False,False,False,False,False,False,False,False,"[""real__clip_pc1_high|real__clip_pc1_middle|sketch__clip_pc1_low""]",[],real__clip_pc1_high|real__clip_pc1_low|sketch__clip_pc1_high,real__clip_pc1_high|real__clip_pc1_low|sketch__clip_pc1_high
new_seeds,dinov2_b14,20260918,painting,ridge,error_rate,25,19,31,0.6129032258064516,5,6,0,1,0.0,1.0,0.0,0,1,False,True,False,False,False,False,False,False,False,False,[],"[""clipart__clip_pc1_middle|real__clip_pc1_low|sketch__clip_pc1_high""]",real__clip_pc1_high|real__clip_pc1_low|sketch__clip_pc1_low,real__clip_pc1_high|real__clip_pc1_low|sketch__clip_pc1_low
new_seeds,dinov2_b14,20260918,painting,ridge,error_rate,50,41,59,0.6949152542372882,2,4,0,2,0.0,2.0,0.0,0,1,False,True,False,False,False,False,False,False,False,False,[],"[""clipart__clip_pc1_high|real__clip_pc1_low|sketch__clip_pc1_high"", ""real__clip_pc1_low|sketch__clip_pc1_high|sketch__clip_pc1_low""]",real__clip_pc1_high|real__clip_pc1_low|sketch__clip_pc1_low,real__clip_pc1_high|real__clip_pc1_low|sketch__clip_pc1_low
new_seeds,dinov2_b14,20260918,painting,ridge,error_rate,100,86,114,0.7543859649122807,1,1,0,0,0.0,0.0,0.0,0,1,False,False,False,False,False,False,False,False,False,False,[],[],clipart__clip_pc1_middle|sketch__clip_pc1_high|sketch__clip_pc1_low,clipart__clip_pc1_middle|sketch__clip_pc1_high|sketch__clip_pc1_low
new_seeds,dinov2_b14,20260918,painting,ridge,error_rate,227,213,241,0.8838174273858921,0,0,0,0,0.0,0.0,0.0,0,1,False,False,False,False,False,False,False,False,False,False,[],[],clipart__clip_pc1_middle|sketch__clip_pc1_high|sketch__clip_pc1_low,clipart__clip_pc1_middle|sketch__clip_pc1_high|sketch__clip_pc1_low
new_seeds,dinov2_b14,20260918,painting,logistic,brier_score,10,6,14,0.42857142857142855,4,7,0,3,0.0,3.0,0.0,0,1,False,True,False,True,False,False,False,False,False,False,[],"[""clipart__clip_pc1_middle|real__clip_pc1_high|sketch__clip_pc1_high"", ""real__clip_pc1_high|sketch__clip_pc1_high|sketch__clip_pc1_low"", ""real__clip_pc1_high|sketch__clip_pc1_high|sketch__clip_pc1_middle""]",real__clip_pc1_high|sketch__clip_pc1_high|sketch__clip_pc1_low,real__clip_pc1_high|sketch__clip_pc1_high|sketch__clip_pc1_low
new_seeds,dinov2_b14,20260918,painting,logistic,brier_score,25,19,31,0.6129032258064516,4,2,2,0,2.0,0.0,0.0,0,1,True,False,False,False,False,False,False,False,False,False,"[""infograph__clip_pc1_high|real__clip_pc1_high|sketch__clip_pc1_high"", ""real__clip_pc1_high|sketch__clip_pc1_low|sketch__clip_pc1_middle""]",[],real__clip_pc1_high|sketch__clip_pc1_high|sketch__clip_pc1_low,real__clip_pc1_high|sketch__clip_pc1_high|sketch__clip_pc1_low
new_seeds,dinov2_b14,20260918,painting,logistic,brier_score,50,41,59,0.6949152542372882,0,0,0,0,0.0,0.0,0.0,0,1,False,False,False,False,False,False,False,False,False,False,[],[],real__clip_pc1_high|sketch__clip_pc1_high|sketch__clip_pc1_low,real__clip_pc1_high|sketch__clip_pc1_high|sketch__clip_pc1_low
new_seeds,dinov2_b14,20260918,painting,logistic,brier_score,100,86,114,0.7543859649122807,0,0,0,0,0.0,0.0,0.0,0,1,False,False,False,False,False,False,False,False,False,False,[],[],real__clip_pc1_high|sketch__clip_pc1_high|sketch__clip_pc1_low,real__clip_pc1_high|sketch__clip_pc1_high|sketch__clip_pc1_low
new_seeds,dinov2_b14,20260918,painting,logistic,brier_score,227,213,241,0.8838174273858921,0,0,0,0,0.0,0.0,0.0,0,1,False,False,False,False,False,False,False,False,False,False,[],[],real__clip_pc1_high|sketch__clip_pc1_high|sketch__clip_pc1_low,real__clip_pc1_high|sketch__clip_pc1_high|sketch__clip_pc1_low
new_seeds,dinov2_b14,20260918,painting,logistic,nll,10,6,14,0.42857142857142855,8,8,0,0,0.0,0.0,0.0,0,1,False,False,False,False,False,False,False,False,False,False,[],[],real__clip_pc1_high|real__clip_pc1_low|sketch__clip_pc1_middle,real__clip_pc1_high|real__clip_pc1_low|sketch__clip_pc1_middle
new_seeds,dinov2_b14,20260918,painting,logistic,nll,25,19,31,0.6129032258064516,6,5,1,0,1.0,0.0,0.0,0,1,True,False,False,False,False,False,False,False,False,False,"[""clipart__clip_pc1_high|real__clip_pc1_high|real__clip_pc1_middle""]",[],real__clip_pc1_high|real__clip_pc1_low|sketch__clip_pc1_low,real__clip_pc1_high|real__clip_pc1_low|sketch__clip_pc1_low
new_seeds,dinov2_b14,20260918,painting,logistic,nll,50,41,59,0.6949152542372882,1,1,0,0,0.0,0.0,0.0,0,1,False,False,False,False,False,False,False,False,False,False,[],[],real__clip_pc1_high|real__clip_pc1_low|sketch__clip_pc1_low,real__clip_pc1_high|real__clip_pc1_low|sketch__clip_pc1_low
new_seeds,dinov2_b14,20260918,painting,logistic,nll,100,86,114,0.7543859649122807,0,0,0,0,0.0,0.0,0.0,0,1,False,False,False,False,False,False,False,False,False,False,[],[],real__clip_pc1_high|real__clip_pc1_low|sketch__clip_pc1_low,real__clip_pc1_high|real__clip_pc1_low|sketch__clip_pc1_low
new_seeds,dinov2_b14,20260918,painting,logistic,nll,227,213,241,0.8838174273858921,0,0,0,0,0.0,0.0,0.0,0,1,False,False,False,False,False,False,False,False,False,False,[],[],real__clip_pc1_high|real__clip_pc1_low|sketch__clip_pc1_low,real__clip_pc1_high|real__clip_pc1_low|sketch__clip_pc1_low
new_seeds,dinov2_b14,20260918,painting,logistic,error_rate,10,6,14,0.42857142857142855,8,7,1,0,1.0,0.0,0.0029296875,1,1,True,False,False,False,True,True,False,False,False,True,"[""real__clip_pc1_high|real__clip_pc1_middle|sketch__clip_pc1_low""]",[],real__clip_pc1_high|real__clip_pc1_low|sketch__clip_pc1_middle,real__clip_pc1_high|real__clip_pc1_middle|sketch__clip_pc1_low
new_seeds,dinov2_b14,20260918,painting,logistic,error_rate,25,19,31,0.6129032258064516,5,5,0,0,0.0,0.0,0.0,0,1,False,False,False,False,False,False,False,False,False,False,[],[],real__clip_pc1_high|real__clip_pc1_low|sketch__clip_pc1_low,real__clip_pc1_high|real__clip_pc1_low|sketch__clip_pc1_low
new_seeds,dinov2_b14,20260918,painting,logistic,error_rate,50,41,59,0.6949152542372882,4,2,2,0,2.0,0.0,0.0,0,1,True,False,False,False,False,False,False,False,False,False,"[""clipart__clip_pc1_middle|real__clip_pc1_high|sketch__clip_pc1_low"", ""infograph__clip_pc1_middle|real__clip_pc1_high|real__clip_pc1_low""]",[],real__clip_pc1_high|real__clip_pc1_low|sketch__clip_pc1_low,real__clip_pc1_high|real__clip_pc1_low|sketch__clip_pc1_low
new_seeds,dinov2_b14,20260918,painting,logistic,error_rate,100,86,114,0.7543859649122807,0,0,0,0,0.0,0.0,0.0,0,1,False,False,False,False,False,False,False,False,False,False,[],[],real__clip_pc1_high|real__clip_pc1_low|sketch__clip_pc1_low,real__clip_pc1_high|real__clip_pc1_low|sketch__clip_pc1_low
new_seeds,dinov2_b14,20260918,painting,logistic,error_rate,227,213,241,0.8838174273858921,0,0,0,0,0.0,0.0,0.0,0,1,False,False,False,False,False,False,False,False,False,False,[],[],real__clip_pc1_high|real__clip_pc1_low|sketch__clip_pc1_low,real__clip_pc1_high|real__clip_pc1_low|sketch__clip_pc1_low
new_seeds,dinov2_b14,20260918,quickdraw,ridge,brier_score,10,3,17,0.17647058823529413,6,8,0,2,0.0,2.0,0.0,0,1,False,True,False,True,False,False,False,False,True,False,[],"[""clipart__clip_pc1_high|clipart__clip_pc1_low|sketch__clip_pc1_low"", ""clipart__clip_pc1_low|clipart__clip_pc1_middle|sketch__clip_pc1_low""]",clipart__clip_pc1_high|clipart__clip_pc1_low|sketch__clip_pc1_low,clipart__clip_pc1_high|clipart__clip_pc1_low|sketch__clip_pc1_low
new_seeds,dinov2_b14,20260918,quickdraw,ridge,brier_score,25,8,42,0.19047619047619047,4,8,0,4,0.0,4.0,0.0,0,1,False,True,False,True,False,False,False,False,False,False,[],"[""clipart__clip_pc1_high|clipart__clip_pc1_low|sketch__clip_pc1_low"", ""clipart__clip_pc1_high|clipart__clip_pc1_middle|sketch__clip_pc1_low"", ""clipart__clip_pc1_low|clipart__clip_pc1_middle|sketch__clip_pc1_low"", ""clipart__clip_pc1_low|clipart__clip_pc1_middle|sketch__clip_pc1_middle""]",clipart__clip_pc1_high|clipart__clip_pc1_middle|sketch__clip_pc1_low,clipart__clip_pc1_high|clipart__clip_pc1_middle|sketch__clip_pc1_low
new_seeds,dinov2_b14,20260918,quickdraw,ridge,brier_score,50,30,70,0.42857142857142855,2,7,0,5,0.0,5.0,0.0,0,1,False,True,False,True,False,False,False,False,False,False,[],"[""clipart__clip_pc1_high|clipart__clip_pc1_low|sketch__clip_pc1_low"", ""clipart__clip_pc1_high|clipart__clip_pc1_middle|sketch__clip_pc1_low"", ""clipart__clip_pc1_low|clipart__clip_pc1_middle|sketch__clip_pc1_low"", ""clipart__clip_pc1_middle|infograph__clip_pc1_high|sketch__clip_pc1_low"", ""clipart__clip_pc1_middle|real__clip_pc1_low|sketch__clip_pc1_low""]",clipart__clip_pc1_high|clipart__clip_pc1_middle|sketch__clip_pc1_low,clipart__clip_pc1_high|clipart__clip_pc1_middle|sketch__clip_pc1_low
new_seeds,dinov2_b14,20260918,quickdraw,ridge,brier_score,100,68,132,0.5151515151515151,1,3,0,2,0.0,2.0,0.0,0,1,False,True,False,False,False,False,False,False,False,False,[],"[""clipart__clip_pc1_high|clipart__clip_pc1_low|clipart__clip_pc1_middle"", ""clipart__clip_pc1_high|clipart__clip_pc1_middle|sketch__clip_pc1_low""]",clipart__clip_pc1_high|clipart__clip_pc1_middle|sketch__clip_pc1_low,clipart__clip_pc1_high|clipart__clip_pc1_middle|sketch__clip_pc1_low
new_seeds,dinov2_b14,20260918,quickdraw,ridge,brier_score,227,201,253,0.7944664031620553,0,1,0,1,0.0,1.0,0.0,0,1,False,True,False,False,False,False,False,False,False,False,[],"[""clipart__clip_pc1_high|clipart__clip_pc1_low|clipart__clip_pc1_middle""]",clipart__clip_pc1_high|clipart__clip_pc1_middle|sketch__clip_pc1_low,clipart__clip_pc1_high|clipart__clip_pc1_middle|sketch__clip_pc1_low
new_seeds,dinov2_b14,20260918,quickdraw,ridge,nll,10,3,17,0.17647058823529413,6,8,0,2,0.0,2.0,0.0,0,1,False,True,False,False,False,False,False,False,True,False,[],"[""clipart__clip_pc1_high|clipart__clip_pc1_low|sketch__clip_pc1_low"", ""clipart__clip_pc1_low|clipart__clip_pc1_middle|sketch__clip_pc1_low""]",clipart__clip_pc1_high|clipart__clip_pc1_low|sketch__clip_pc1_low,clipart__clip_pc1_high|clipart__clip_pc1_low|sketch__clip_pc1_low
new_seeds,dinov2_b14,20260918,quickdraw,ridge,nll,25,8,42,0.19047619047619047,4,8,0,4,0.0,4.0,0.0,0,1,False,True,False,True,False,False,False,False,False,False,[],"[""clipart__clip_pc1_high|clipart__clip_pc1_low|sketch__clip_pc1_low"", ""clipart__clip_pc1_high|clipart__clip_pc1_middle|sketch__clip_pc1_low"", ""clipart__clip_pc1_low|clipart__clip_pc1_middle|sketch__clip_pc1_low"", ""clipart__clip_pc1_low|clipart__clip_pc1_middle|sketch__clip_pc1_middle""]",clipart__clip_pc1_high|clipart__clip_pc1_middle|sketch__clip_pc1_low,clipart__clip_pc1_high|clipart__clip_pc1_middle|sketch__clip_pc1_low
new_seeds,dinov2_b14,20260918,quickdraw,ridge,nll,50,30,70,0.42857142857142855,2,7,0,5,0.0,5.0,0.0,0,1,False,True,False,True,False,False,False,False,False,False,[],"[""clipart__clip_pc1_high|clipart__clip_pc1_low|sketch__clip_pc1_low"", ""clipart__clip_pc1_high|clipart__clip_pc1_middle|sketch__clip_pc1_low"", ""clipart__clip_pc1_low|clipart__clip_pc1_middle|sketch__clip_pc1_low"", ""clipart__clip_pc1_middle|infograph__clip_pc1_high|sketch__clip_pc1_low"", ""clipart__clip_pc1_middle|real__clip_pc1_low|sketch__clip_pc1_low""]",clipart__clip_pc1_high|clipart__clip_pc1_middle|sketch__clip_pc1_low,clipart__clip_pc1_high|clipart__clip_pc1_middle|sketch__clip_pc1_low
new_seeds,dinov2_b14,20260918,quickdraw,ridge,nll,100,68,132,0.5151515151515151,1,3,0,2,0.0,2.0,0.0,0,1,False,True,False,True,False,False,False,False,False,False,[],"[""clipart__clip_pc1_high|clipart__clip_pc1_low|clipart__clip_pc1_middle"", ""clipart__clip_pc1_high|clipart__clip_pc1_middle|sketch__clip_pc1_low""]",clipart__clip_pc1_high|clipart__clip_pc1_middle|sketch__clip_pc1_low,clipart__clip_pc1_high|clipart__clip_pc1_middle|sketch__clip_pc1_low
new_seeds,dinov2_b14,20260918,quickdraw,ridge,nll,227,201,253,0.7944664031620553,0,1,0,1,0.0,1.0,0.0,0,1,False,True,False,False,False,False,False,False,False,False,[],"[""clipart__clip_pc1_high|clipart__clip_pc1_low|clipart__clip_pc1_middle""]",clipart__clip_pc1_high|clipart__clip_pc1_middle|sketch__clip_pc1_low,clipart__clip_pc1_high|clipart__clip_pc1_middle|sketch__clip_pc1_low
new_seeds,dinov2_b14,20260918,quickdraw,ridge,error_rate,10,3,17,0.17647058823529413,7,10,0,3,0.0,3.0,0.0,0,3,False,True,False,False,False,False,False,False,False,False,[],"[""clipart__clip_pc1_high|clipart__clip_pc1_low|sketch__clip_pc1_low"", ""clipart__clip_pc1_low|clipart__clip_pc1_middle|sketch__clip_pc1_low"", ""clipart__clip_pc1_low|sketch__clip_pc1_high|sketch__clip_pc1_low""]",clipart__clip_pc1_high|clipart__clip_pc1_low|sketch__clip_pc1_low,clipart__clip_pc1_high|clipart__clip_pc1_low|sketch__clip_pc1_low
new_seeds,dinov2_b14,20260918,quickdraw,ridge,error_rate,25,8,42,0.19047619047619047,5,8,1,4,1.0,4.0,0.0,1,3,True,True,False,False,False,False,False,False,False,False,"[""clipart__clip_pc1_middle|real__clip_pc1_middle|sketch__clip_pc1_low""]","[""clipart__clip_pc1_high|clipart__clip_pc1_low|sketch__clip_pc1_low"", ""clipart__clip_pc1_high|clipart__clip_pc1_middle|sketch__clip_pc1_low"", ""clipart__clip_pc1_low|clipart__clip_pc1_middle|sketch__clip_pc1_low"", ""clipart__clip_pc1_low|clipart__clip_pc1_middle|sketch__clip_pc1_middle""]",clipart__clip_pc1_high|clipart__clip_pc1_low|sketch__clip_pc1_low,clipart__clip_pc1_high|clipart__clip_pc1_low|sketch__clip_pc1_low
new_seeds,dinov2_b14,20260918,quickdraw,ridge,error_rate,50,30,70,0.42857142857142855,3,7,0,4,0.0,4.0,0.0,0,3,False,True,False,False,False,False,False,False,False,False,[],"[""clipart__clip_pc1_high|clipart__clip_pc1_low|sketch__clip_pc1_low"", ""clipart__clip_pc1_high|clipart__clip_pc1_middle|sketch__clip_pc1_low"", ""clipart__clip_pc1_low|clipart__clip_pc1_middle|sketch__clip_pc1_high"", ""clipart__clip_pc1_low|clipart__clip_pc1_middle|sketch__clip_pc1_low""]",clipart__clip_pc1_high|clipart__clip_pc1_low|sketch__clip_pc1_low,clipart__clip_pc1_high|clipart__clip_pc1_low|sketch__clip_pc1_low
new_seeds,dinov2_b14,20260918,quickdraw,ridge,error_rate,100,68,132,0.5151515151515151,2,5,0,3,0.0,3.0,0.0,0,3,False,True,False,True,False,False,False,False,False,False,[],"[""clipart__clip_pc1_high|clipart__clip_pc1_low|clipart__clip_pc1_middle"", ""clipart__clip_pc1_high|clipart__clip_pc1_middle|sketch__clip_pc1_low"", ""clipart__clip_pc1_low|clipart__clip_pc1_middle|sketch__clip_pc1_high""]",clipart__clip_pc1_high|clipart__clip_pc1_low|sketch__clip_pc1_low,clipart__clip_pc1_high|clipart__clip_pc1_low|sketch__clip_pc1_low
new_seeds,dinov2_b14,20260918,quickdraw,ridge,error_rate,227,201,253,0.7944664031620553,0,3,0,3,0.0,3.0,0.0,0,3,False,True,False,True,False,False,False,False,False,False,[],"[""clipart__clip_pc1_high|clipart__clip_pc1_low|clipart__clip_pc1_middle"", ""clipart__clip_pc1_high|clipart__clip_pc1_middle|infograph__clip_pc1_middle"", ""clipart__clip_pc1_low|clipart__clip_pc1_middle|infograph__clip_pc1_middle""]",clipart__clip_pc1_high|clipart__clip_pc1_low|sketch__clip_pc1_low,clipart__clip_pc1_high|clipart__clip_pc1_low|sketch__clip_pc1_low
new_seeds,dinov2_b14,20260918,quickdraw,logistic,brier_score,10,3,17,0.17647058823529413,8,10,0,2,0.0,2.0,0.0,0,1,False,True,False,True,False,False,False,False,False,False,[],"[""clipart__clip_pc1_high|clipart__clip_pc1_low|sketch__clip_pc1_low"", ""clipart__clip_pc1_low|clipart__clip_pc1_middle|sketch__clip_pc1_low""]",clipart__clip_pc1_low|clipart__clip_pc1_middle|sketch__clip_pc1_low,clipart__clip_pc1_low|clipart__clip_pc1_middle|sketch__clip_pc1_low
new_seeds,dinov2_b14,20260918,quickdraw,logistic,brier_score,25,8,42,0.19047619047619047,6,9,1,4,1.0,4.0,0.0,0,1,True,True,False,True,False,False,False,False,False,False,"[""clipart__clip_pc1_middle|painting__clip_pc1_low|sketch__clip_pc1_low""]","[""clipart__clip_pc1_high|clipart__clip_pc1_low|sketch__clip_pc1_low"", ""clipart__clip_pc1_high|clipart__clip_pc1_middle|sketch__clip_pc1_low"", ""clipart__clip_pc1_low|clipart__clip_pc1_middle|sketch__clip_pc1_low"", ""clipart__clip_pc1_low|clipart__clip_pc1_middle|sketch__clip_pc1_middle""]",clipart__clip_pc1_low|clipart__clip_pc1_middle|sketch__clip_pc1_low,clipart__clip_pc1_low|clipart__clip_pc1_middle|sketch__clip_pc1_low
new_seeds,dinov2_b14,20260918,quickdraw,logistic,brier_score,50,30,70,0.42857142857142855,4,8,0,4,0.0,4.0,0.0,0,1,False,True,False,True,False,False,False,False,False,False,[],"[""clipart__clip_pc1_high|clipart__clip_pc1_low|sketch__clip_pc1_low"", ""clipart__clip_pc1_high|clipart__clip_pc1_middle|sketch__clip_pc1_low"", ""clipart__clip_pc1_low|clipart__clip_pc1_middle|sketch__clip_pc1_low"", ""clipart__clip_pc1_middle|real__clip_pc1_low|sketch__clip_pc1_low""]",clipart__clip_pc1_low|clipart__clip_pc1_middle|sketch__clip_pc1_low,clipart__clip_pc1_low|clipart__clip_pc1_middle|sketch__clip_pc1_low
new_seeds,dinov2_b14,20260918,quickdraw,logistic,brier_score,100,68,132,0.5151515151515151,3,5,0,2,0.0,2.0,0.0,0,1,False,True,False,False,False,False,False,False,False,False,[],"[""clipart__clip_pc1_high|clipart__clip_pc1_low|clipart__clip_pc1_middle"", ""clipart__clip_pc1_high|clipart__clip_pc1_middle|sketch__clip_pc1_low""]",clipart__clip_pc1_low|clipart__clip_pc1_middle|sketch__clip_pc1_low,clipart__clip_pc1_low|clipart__clip_pc1_middle|sketch__clip_pc1_low
new_seeds,dinov2_b14,20260918,quickdraw,logistic,brier_score,227,201,253,0.7944664031620553,0,2,0,2,0.0,2.0,0.0,0,1,False,True,False,False,False,False,False,False,False,False,[],"[""clipart__clip_pc1_high|clipart__clip_pc1_low|clipart__clip_pc1_middle"", ""clipart__clip_pc1_high|clipart__clip_pc1_middle|real__clip_pc1_low""]",clipart__clip_pc1_low|clipart__clip_pc1_middle|sketch__clip_pc1_low,clipart__clip_pc1_low|clipart__clip_pc1_middle|sketch__clip_pc1_low
new_seeds,dinov2_b14,20260918,quickdraw,logistic,nll,10,3,17,0.17647058823529413,9,10,0,1,0.0,1.0,0.0,0,1,False,True,False,False,False,False,False,False,True,False,[],"[""clipart__clip_pc1_high|clipart__clip_pc1_low|sketch__clip_pc1_low""]",clipart__clip_pc1_high|clipart__clip_pc1_low|sketch__clip_pc1_low,clipart__clip_pc1_high|clipart__clip_pc1_low|sketch__clip_pc1_low
new_seeds,dinov2_b14,20260918,quickdraw,logistic,nll,25,8,42,0.19047619047619047,5,10,0,5,0.0,5.0,0.0,0,1,False,True,False,True,False,False,False,False,False,False,[],"[""clipart__clip_pc1_high|clipart__clip_pc1_low|sketch__clip_pc1_low"", ""clipart__clip_pc1_high|clipart__clip_pc1_low|sketch__clip_pc1_middle"", ""clipart__clip_pc1_high|clipart__clip_pc1_middle|sketch__clip_pc1_low"", ""clipart__clip_pc1_high|clipart__clip_pc1_middle|sketch__clip_pc1_middle"", ""clipart__clip_pc1_low|clipart__clip_pc1_middle|sketch__clip_pc1_middle""]",clipart__clip_pc1_high|clipart__clip_pc1_middle|sketch__clip_pc1_low,clipart__clip_pc1_high|clipart__clip_pc1_middle|sketch__clip_pc1_low
new_seeds,dinov2_b14,20260918,quickdraw,logistic,nll,50,30,70,0.42857142857142855,4,8,0,4,0.0,4.0,0.0,0,1,False,True,False,True,False,False,False,False,False,False,[],"[""clipart__clip_pc1_high|clipart__clip_pc1_low|sketch__clip_pc1_low"", ""clipart__clip_pc1_high|clipart__clip_pc1_low|sketch__clip_pc1_middle"", ""clipart__clip_pc1_high|clipart__clip_pc1_middle|sketch__clip_pc1_low"", ""clipart__clip_pc1_high|clipart__clip_pc1_middle|sketch__clip_pc1_middle""]",clipart__clip_pc1_high|clipart__clip_pc1_middle|sketch__clip_pc1_low,clipart__clip_pc1_high|clipart__clip_pc1_middle|sketch__clip_pc1_low
new_seeds,dinov2_b14,20260918,quickdraw,logistic,nll,100,68,132,0.5151515151515151,2,6,0,4,0.0,4.0,0.0,0,1,False,True,False,True,False,False,False,False,False,False,[],"[""clipart__clip_pc1_high|clipart__clip_pc1_low|clipart__clip_pc1_middle"", ""clipart__clip_pc1_high|clipart__clip_pc1_middle|sketch__clip_pc1_low"", ""clipart__clip_pc1_high|clipart__clip_pc1_middle|sketch__clip_pc1_middle"", ""clipart__clip_pc1_middle|infograph__clip_pc1_middle|sketch__clip_pc1_low""]",clipart__clip_pc1_high|clipart__clip_pc1_middle|sketch__clip_pc1_low,clipart__clip_pc1_high|clipart__clip_pc1_middle|sketch__clip_pc1_low
new_seeds,dinov2_b14,20260918,quickdraw,logistic,nll,227,201,253,0.7944664031620553,0,2,0,2,0.0,2.0,0.0,0,1,False,True,False,False,False,False,False,False,False,False,[],"[""clipart__clip_pc1_high|clipart__clip_pc1_low|clipart__clip_pc1_middle"", ""clipart__clip_pc1_high|clipart__clip_pc1_middle|infograph__clip_pc1_middle""]",clipart__clip_pc1_high|clipart__clip_pc1_middle|sketch__clip_pc1_low,clipart__clip_pc1_high|clipart__clip_pc1_middle|sketch__clip_pc1_low
new_seeds,dinov2_b14,20260918,quickdraw,logistic,error_rate,10,3,17,0.17647058823529413,10,10,0,0,0.0,0.0,0.0,0,2,False,False,False,False,False,False,False,False,True,False,[],[],clipart__clip_pc1_high|clipart__clip_pc1_low|sketch__clip_pc1_low,clipart__clip_pc1_high|clipart__clip_pc1_low|sketch__clip_pc1_low
new_seeds,dinov2_b14,20260918,quickdraw,logistic,error_rate,25,8,42,0.19047619047619047,10,9,1,0,1.0,0.5,0.00048828125,1,2,True,False,False,False,False,False,False,False,False,False,"[""clipart__clip_pc1_middle|painting__clip_pc1_low|sketch__clip_pc1_low""]",[],clipart__clip_pc1_high|clipart__clip_pc1_middle|sketch__clip_pc1_low,clipart__clip_pc1_high|clipart__clip_pc1_middle|sketch__clip_pc1_low
new_seeds,dinov2_b14,20260918,quickdraw,logistic,error_rate,50,30,70,0.42857142857142855,9,9,0,0,0.0,0.5,0.0,0,2,False,False,False,False,False,False,False,False,False,False,[],[],clipart__clip_pc1_high|clipart__clip_pc1_middle|sketch__clip_pc1_low,clipart__clip_pc1_high|clipart__clip_pc1_middle|sketch__clip_pc1_low
new_seeds,dinov2_b14,20260918,quickdraw,logistic,error_rate,100,68,132,0.5151515151515151,8,9,0,1,0.0,1.5,0.0,0,2,False,True,False,False,False,False,False,False,False,False,[],"[""clipart__clip_pc1_high|clipart__clip_pc1_low|clipart__clip_pc1_middle""]",clipart__clip_pc1_high|clipart__clip_pc1_middle|sketch__clip_pc1_low,clipart__clip_pc1_high|clipart__clip_pc1_middle|sketch__clip_pc1_low
new_seeds,dinov2_b14,20260918,quickdraw,logistic,error_rate,227,201,253,0.7944664031620553,0,6,0,6,0.0,5.5,0.0,0,2,False,True,False,False,False,False,False,False,False,False,[],"[""clipart__clip_pc1_high|clipart__clip_pc1_low|clipart__clip_pc1_middle"", ""clipart__clip_pc1_high|clipart__clip_pc1_middle|infograph__clip_pc1_high"", ""clipart__clip_pc1_high|clipart__clip_pc1_middle|infograph__clip_pc1_middle"", ""clipart__clip_pc1_high|clipart__clip_pc1_middle|painting__clip_pc1_middle"", ""clipart__clip_pc1_high|clipart__clip_pc1_middle|real__clip_pc1_high"", ""clipart__clip_pc1_high|clipart__clip_pc1_middle|real__clip_pc1_low""]",clipart__clip_pc1_high|clipart__clip_pc1_middle|sketch__clip_pc1_low,clipart__clip_pc1_high|clipart__clip_pc1_middle|sketch__clip_pc1_low
new_seeds,dinov2_b14,20260918,real,ridge,brier_score,10,8,12,0.6666666666666666,5,6,0,1,0.0,1.0,0.0,0,1,False,True,False,False,False,False,False,False,False,False,[],"[""clipart__clip_pc1_low|painting__clip_pc1_low|sketch__clip_pc1_low""]",clipart__clip_pc1_low|painting__clip_pc1_low|sketch__clip_pc1_low,clipart__clip_pc1_low|painting__clip_pc1_low|sketch__clip_pc1_low
new_seeds,dinov2_b14,20260918,real,ridge,brier_score,25,19,31,0.6129032258064516,2,3,1,2,1.0,2.0,0.0,0,1,True,True,False,False,False,False,False,False,False,False,"[""clipart__clip_pc1_middle|painting__clip_pc1_low|sketch__clip_pc1_low""]","[""clipart__clip_pc1_low|clipart__clip_pc1_middle|painting__clip_pc1_middle"", ""clipart__clip_pc1_low|painting__clip_pc1_middle|sketch__clip_pc1_low""]",clipart__clip_pc1_low|painting__clip_pc1_low|sketch__clip_pc1_low,clipart__clip_pc1_low|painting__clip_pc1_low|sketch__clip_pc1_low
new_seeds,dinov2_b14,20260918,real,ridge,brier_score,50,40,60,0.6666666666666666,0,0,0,0,0.0,0.0,0.0,0,1,False,False,False,False,False,False,False,False,False,False,[],[],clipart__clip_pc1_low|painting__clip_pc1_low|sketch__clip_pc1_low,clipart__clip_pc1_low|painting__clip_pc1_low|sketch__clip_pc1_low
new_seeds,dinov2_b14,20260918,real,ridge,brier_score,100,85,115,0.7391304347826086,0,0,0,0,0.0,0.0,0.0,0,1,False,False,False,False,False,False,False,False,False,False,[],[],clipart__clip_pc1_low|painting__clip_pc1_low|sketch__clip_pc1_low,clipart__clip_pc1_low|painting__clip_pc1_low|sketch__clip_pc1_low
new_seeds,dinov2_b14,20260918,real,ridge,brier_score,227,216,238,0.907563025210084,0,0,0,0,0.0,0.0,0.0,0,1,False,False,False,False,False,False,False,False,False,False,[],[],clipart__clip_pc1_low|painting__clip_pc1_low|sketch__clip_pc1_low,clipart__clip_pc1_low|painting__clip_pc1_low|sketch__clip_pc1_low
new_seeds,dinov2_b14,20260918,real,ridge,nll,10,8,12,0.6666666666666666,5,6,0,1,0.0,1.0,0.0,0,1,False,True,False,False,False,False,False,False,False,False,[],"[""clipart__clip_pc1_low|painting__clip_pc1_low|sketch__clip_pc1_low""]",clipart__clip_pc1_low|painting__clip_pc1_low|sketch__clip_pc1_low,clipart__clip_pc1_low|painting__clip_pc1_low|sketch__clip_pc1_low
new_seeds,dinov2_b14,20260918,real,ridge,nll,25,19,31,0.6129032258064516,2,3,1,2,1.0,2.0,0.0,0,1,True,True,False,False,False,False,False,False,False,False,"[""clipart__clip_pc1_middle|painting__clip_pc1_low|sketch__clip_pc1_low""]","[""clipart__clip_pc1_low|clipart__clip_pc1_middle|painting__clip_pc1_middle"", ""clipart__clip_pc1_low|painting__clip_pc1_middle|sketch__clip_pc1_low""]",clipart__clip_pc1_low|painting__clip_pc1_low|sketch__clip_pc1_low,clipart__clip_pc1_low|painting__clip_pc1_low|sketch__clip_pc1_low
new_seeds,dinov2_b14,20260918,real,ridge,nll,50,40,60,0.6666666666666666,0,0,0,0,0.0,0.0,0.0,0,1,False,False,False,False,False,False,False,False,False,False,[],[],clipart__clip_pc1_low|painting__clip_pc1_low|sketch__clip_pc1_low,clipart__clip_pc1_low|painting__clip_pc1_low|sketch__clip_pc1_low
new_seeds,dinov2_b14,20260918,real,ridge,nll,100,85,115,0.7391304347826086,0,0,0,0,0.0,0.0,0.0,0,1,False,False,False,False,False,False,False,False,False,False,[],[],clipart__clip_pc1_low|painting__clip_pc1_low|sketch__clip_pc1_low,clipart__clip_pc1_low|painting__clip_pc1_low|sketch__clip_pc1_low
new_seeds,dinov2_b14,20260918,real,ridge,nll,227,216,238,0.907563025210084,0,0,0,0,0.0,0.0,0.0,0,1,False,False,False,False,False,False,False,False,False,False,[],[],clipart__clip_pc1_low|painting__clip_pc1_low|sketch__clip_pc1_low,clipart__clip_pc1_low|painting__clip_pc1_low|sketch__clip_pc1_low
new_seeds,dinov2_b14,20260918,real,ridge,error_rate,10,8,12,0.6666666666666666,9,8,1,0,1.0,0.0,0.0087890625,1,3,True,False,False,False,True,True,False,True,False,True,"[""clipart__clip_pc1_middle|painting__clip_pc1_low|sketch__clip_pc1_middle""]",[],clipart__clip_pc1_low|painting__clip_pc1_low|sketch__clip_pc1_high,clipart__clip_pc1_middle|painting__clip_pc1_low|sketch__clip_pc1_middle
new_seeds,dinov2_b14,20260918,real,ridge,error_rate,25,19,31,0.6129032258064516,8,7,1,0,1.0,0.0,0.0107421875,1,3,True,False,False,False,True,True,False,True,False,True,"[""clipart__clip_pc1_high|painting__clip_pc1_low|sketch__clip_pc1_middle""]",[],clipart__clip_pc1_middle|painting__clip_pc1_low|sketch__clip_pc1_middle,clipart__clip_pc1_high|painting__clip_pc1_low|sketch__clip_pc1_middle
new_seeds,dinov2_b14,20260918,real,ridge,error_rate,50,40,60,0.6666666666666666,8,7,1,0,1.0,0.0,0.0107421875,1,3,True,False,False,False,True,True,False,False,False,True,"[""clipart__clip_pc1_high|painting__clip_pc1_low|sketch__clip_pc1_middle""]",[],clipart__clip_pc1_middle|painting__clip_pc1_low|sketch__clip_pc1_middle,clipart__clip_pc1_high|painting__clip_pc1_low|sketch__clip_pc1_middle
new_seeds,dinov2_b14,20260918,real,ridge,error_rate,100,85,115,0.7391304347826086,7,7,0,0,0.3333333333333333,0.0,0.0,0,3,False,False,False,False,False,False,False,False,False,False,[],[],clipart__clip_pc1_high|painting__clip_pc1_low|sketch__clip_pc1_middle,clipart__clip_pc1_high|painting__clip_pc1_low|sketch__clip_pc1_middle
new_seeds,dinov2_b14,20260918,real,ridge,error_rate,227,216,238,0.907563025210084,0,0,0,0,0.0,0.0,0.0,0,3,False,False,False,False,False,False,False,False,False,False,[],[],clipart__clip_pc1_high|painting__clip_pc1_low|sketch__clip_pc1_middle,clipart__clip_pc1_high|painting__clip_pc1_low|sketch__clip_pc1_middle
new_seeds,dinov2_b14,20260918,real,logistic,brier_score,10,8,12,0.6666666666666666,4,5,0,1,0.0,1.0,0.0,0,1,False,True,False,False,False,False,False,False,False,False,[],"[""clipart__clip_pc1_low|painting__clip_pc1_low|sketch__clip_pc1_low""]",clipart__clip_pc1_low|painting__clip_pc1_low|painting__clip_pc1_middle,clipart__clip_pc1_low|painting__clip_pc1_low|painting__clip_pc1_middle
new_seeds,dinov2_b14,20260918,real,logistic,brier_score,25,19,31,0.6129032258064516,2,2,1,1,1.0,1.0,0.0,0,1,True,True,False,False,False,False,False,False,False,False,"[""clipart__clip_pc1_middle|painting__clip_pc1_low|sketch__clip_pc1_low""]","[""clipart__clip_pc1_low|painting__clip_pc1_middle|sketch__clip_pc1_low""]",clipart__clip_pc1_low|painting__clip_pc1_low|painting__clip_pc1_middle,clipart__clip_pc1_low|painting__clip_pc1_low|painting__clip_pc1_middle
new_seeds,dinov2_b14,20260918,real,logistic,brier_score,50,40,60,0.6666666666666666,0,0,0,0,0.0,0.0,0.0,0,1,False,False,False,False,False,False,False,False,False,False,[],[],clipart__clip_pc1_low|painting__clip_pc1_low|painting__clip_pc1_middle,clipart__clip_pc1_low|painting__clip_pc1_low|painting__clip_pc1_middle
new_seeds,dinov2_b14,20260918,real,logistic,brier_score,100,85,115,0.7391304347826086,0,0,0,0,0.0,0.0,0.0,0,1,False,False,False,False,False,False,False,False,False,False,[],[],clipart__clip_pc1_low|painting__clip_pc1_low|painting__clip_pc1_middle,clipart__clip_pc1_low|painting__clip_pc1_low|painting__clip_pc1_middle
new_seeds,dinov2_b14,20260918,real,logistic,brier_score,227,216,238,0.907563025210084,0,0,0,0,0.0,0.0,0.0,0,1,False,False,False,False,False,False,False,False,False,False,[],[],clipart__clip_pc1_low|painting__clip_pc1_low|painting__clip_pc1_middle,clipart__clip_pc1_low|painting__clip_pc1_low|painting__clip_pc1_middle
new_seeds,dinov2_b14,20260918,real,logistic,nll,10,8,12,0.6666666666666666,5,3,2,0,2.0,0.0,0.0,0,1,True,False,False,False,False,False,False,False,False,False,"[""clipart__clip_pc1_middle|painting__clip_pc1_high|painting__clip_pc1_low"", ""clipart__clip_pc1_middle|painting__clip_pc1_low|sketch__clip_pc1_middle""]",[],clipart__clip_pc1_low|painting__clip_pc1_low|sketch__clip_pc1_middle,clipart__clip_pc1_low|painting__clip_pc1_low|sketch__clip_pc1_middle
new_seeds,dinov2_b14,20260918,real,logistic,nll,25,19,31,0.6129032258064516,3,1,2,0,2.0,0.0,0.0,0,1,True,False,False,False,False,False,False,False,False,False,"[""clipart__clip_pc1_high|painting__clip_pc1_low|sketch__clip_pc1_middle"", ""painting__clip_pc1_low|sketch__clip_pc1_low|sketch__clip_pc1_middle""]",[],clipart__clip_pc1_low|painting__clip_pc1_low|sketch__clip_pc1_middle,clipart__clip_pc1_low|painting__clip_pc1_low|sketch__clip_pc1_middle
new_seeds,dinov2_b14,20260918,real,logistic,nll,50,40,60,0.6666666666666666,1,0,1,0,1.0,0.0,0.0,0,1,True,False,False,False,False,False,False,False,False,False,"[""clipart__clip_pc1_high|painting__clip_pc1_low|sketch__clip_pc1_middle""]",[],clipart__clip_pc1_low|painting__clip_pc1_low|sketch__clip_pc1_middle,clipart__clip_pc1_low|painting__clip_pc1_low|sketch__clip_pc1_middle
new_seeds,dinov2_b14,20260918,real,logistic,nll,100,85,115,0.7391304347826086,0,0,0,0,0.0,0.0,0.0,0,1,False,False,False,False,False,False,False,False,False,False,[],[],clipart__clip_pc1_low|painting__clip_pc1_low|sketch__clip_pc1_middle,clipart__clip_pc1_low|painting__clip_pc1_low|sketch__clip_pc1_middle
new_seeds,dinov2_b14,20260918,real,logistic,nll,227,216,238,0.907563025210084,0,0,0,0,0.0,0.0,0.0,0,1,False,False,False,False,False,False,False,False,False,False,[],[],clipart__clip_pc1_low|painting__clip_pc1_low|sketch__clip_pc1_middle,clipart__clip_pc1_low|painting__clip_pc1_low|sketch__clip_pc1_middle
new_seeds,dinov2_b14,20260918,real,logistic,error_rate,10,8,12,0.6666666666666666,8,7,1,0,1.0,0.0,0.0087890625,2,1,True,False,False,False,True,True,False,True,False,True,"[""clipart__clip_pc1_middle|painting__clip_pc1_low|sketch__clip_pc1_middle""]",[],painting__clip_pc1_low|painting__clip_pc1_middle|sketch__clip_pc1_low,clipart__clip_pc1_middle|painting__clip_pc1_low|sketch__clip_pc1_middle
new_seeds,dinov2_b14,20260918,real,logistic,error_rate,25,19,31,0.6129032258064516,6,4,2,0,2.0,0.0,0.013671875,1,1,True,False,True,False,True,False,True,False,False,False,"[""clipart__clip_pc1_high|painting__clip_pc1_low|sketch__clip_pc1_middle"", ""painting__clip_pc1_low|sketch__clip_pc1_low|sketch__clip_pc1_middle""]",[],clipart__clip_pc1_middle|painting__clip_pc1_low|sketch__clip_pc1_middle,painting__clip_pc1_low|sketch__clip_pc1_low|sketch__clip_pc1_middle
new_seeds,dinov2_b14,20260918,real,logistic,error_rate,50,40,60,0.6666666666666666,4,4,1,1,1.0,1.0,0.013671875,1,1,True,True,True,False,False,False,False,False,False,False,"[""clipart__clip_pc1_high|painting__clip_pc1_low|sketch__clip_pc1_middle""]","[""clipart__clip_pc1_middle|painting__clip_pc1_middle|sketch__clip_pc1_low""]",painting__clip_pc1_low|sketch__clip_pc1_low|sketch__clip_pc1_middle,painting__clip_pc1_low|sketch__clip_pc1_low|sketch__clip_pc1_middle
new_seeds,dinov2_b14,20260918,real,logistic,error_rate,100,85,115,0.7391304347826086,3,3,0,0,0.0,0.0,0.0,0,1,False,False,False,False,False,False,False,False,False,False,[],[],painting__clip_pc1_low|sketch__clip_pc1_low|sketch__clip_pc1_middle,painting__clip_pc1_low|sketch__clip_pc1_low|sketch__clip_pc1_middle
new_seeds,dinov2_b14,20260918,real,logistic,error_rate,227,216,238,0.907563025210084,0,0,0,0,0.0,0.0,0.0,0,1,False,False,False,False,False,False,False,False,False,False,[],[],painting__clip_pc1_low|sketch__clip_pc1_low|sketch__clip_pc1_middle,painting__clip_pc1_low|sketch__clip_pc1_low|sketch__clip_pc1_middle
new_seeds,dinov2_b14,20260918,sketch,ridge,brier_score,10,4,16,0.25,6,9,1,4,1.0,4.0,0.0,0,1,True,True,False,True,False,False,False,False,False,False,"[""clipart__clip_pc1_low|painting__clip_pc1_middle|real__clip_pc1_high""]","[""clipart__clip_pc1_high|clipart__clip_pc1_low|painting__clip_pc1_high"", ""clipart__clip_pc1_high|clipart__clip_pc1_low|painting__clip_pc1_middle"", ""clipart__clip_pc1_low|clipart__clip_pc1_middle|painting__clip_pc1_high"", ""clipart__clip_pc1_low|clipart__clip_pc1_middle|painting__clip_pc1_middle""]",clipart__clip_pc1_high|clipart__clip_pc1_low|painting__clip_pc1_high,clipart__clip_pc1_high|clipart__clip_pc1_low|painting__clip_pc1_high
new_seeds,dinov2_b14,20260918,sketch,ridge,brier_score,25,11,39,0.28205128205128205,4,9,1,6,1.0,6.0,0.0,0,1,True,True,False,True,False,False,False,False,False,False,"[""clipart__clip_pc1_low|painting__clip_pc1_middle|real__clip_pc1_high""]","[""clipart__clip_pc1_high|clipart__clip_pc1_low|painting__clip_pc1_high"", ""clipart__clip_pc1_high|clipart__clip_pc1_low|painting__clip_pc1_middle"", ""clipart__clip_pc1_high|clipart__clip_pc1_low|real__clip_pc1_high"", ""clipart__clip_pc1_low|clipart__clip_pc1_middle|painting__clip_pc1_high"", ""clipart__clip_pc1_low|clipart__clip_pc1_middle|painting__clip_pc1_middle"", ""clipart__clip_pc1_low|clipart__clip_pc1_middle|real__clip_pc1_high""]",clipart__clip_pc1_high|clipart__clip_pc1_low|painting__clip_pc1_high,clipart__clip_pc1_high|clipart__clip_pc1_low|painting__clip_pc1_high
new_seeds,dinov2_b14,20260918,sketch,ridge,brier_score,50,35,65,0.5384615384615384,1,4,0,3,0.0,3.0,0.0,0,1,False,True,False,True,False,False,False,False,False,False,[],"[""clipart__clip_pc1_high|clipart__clip_pc1_low|painting__clip_pc1_high"", ""clipart__clip_pc1_low|clipart__clip_pc1_middle|painting__clip_pc1_high"", ""clipart__clip_pc1_low|painting__clip_pc1_high|painting__clip_pc1_middle""]",clipart__clip_pc1_high|clipart__clip_pc1_low|painting__clip_pc1_high,clipart__clip_pc1_high|clipart__clip_pc1_low|painting__clip_pc1_high
new_seeds,dinov2_b14,20260918,sketch,ridge,brier_score,100,77,123,0.6260162601626016,0,1,0,1,0.0,1.0,0.0,0,1,False,True,False,False,False,False,False,False,False,False,[],"[""clipart__clip_pc1_high|clipart__clip_pc1_low|clipart__clip_pc1_middle""]",clipart__clip_pc1_high|clipart__clip_pc1_low|painting__clip_pc1_high,clipart__clip_pc1_high|clipart__clip_pc1_low|painting__clip_pc1_high
new_seeds,dinov2_b14,20260918,sketch,ridge,brier_score,227,212,242,0.8760330578512396,0,0,0,0,0.0,0.0,0.0,0,1,False,False,False,False,False,False,False,False,False,False,[],[],clipart__clip_pc1_high|clipart__clip_pc1_low|painting__clip_pc1_high,clipart__clip_pc1_high|clipart__clip_pc1_low|painting__clip_pc1_high
new_seeds,dinov2_b14,20260918,sketch,ridge,nll,10,4,16,0.25,6,10,0,4,0.0,4.0,0.0,0,1,False,True,False,True,False,False,False,False,False,False,[],"[""clipart__clip_pc1_high|clipart__clip_pc1_low|painting__clip_pc1_high"", ""clipart__clip_pc1_high|clipart__clip_pc1_low|painting__clip_pc1_middle"", ""clipart__clip_pc1_low|clipart__clip_pc1_middle|painting__clip_pc1_high"", ""clipart__clip_pc1_low|clipart__clip_pc1_middle|painting__clip_pc1_middle""]",clipart__clip_pc1_high|clipart__clip_pc1_low|painting__clip_pc1_high,clipart__clip_pc1_high|clipart__clip_pc1_low|painting__clip_pc1_high
new_seeds,dinov2_b14,20260918,sketch,ridge,nll,25,11,39,0.28205128205128205,4,10,0,6,0.0,6.0,0.0,0,1,False,True,False,True,False,False,False,False,False,False,[],"[""clipart__clip_pc1_high|clipart__clip_pc1_low|painting__clip_pc1_high"", ""clipart__clip_pc1_high|clipart__clip_pc1_low|painting__clip_pc1_middle"", ""clipart__clip_pc1_high|clipart__clip_pc1_low|real__clip_pc1_high"", ""clipart__clip_pc1_low|clipart__clip_pc1_middle|painting__clip_pc1_high"", ""clipart__clip_pc1_low|clipart__clip_pc1_middle|painting__clip_pc1_middle"", ""clipart__clip_pc1_low|clipart__clip_pc1_middle|real__clip_pc1_high""]",clipart__clip_pc1_high|clipart__clip_pc1_low|painting__clip_pc1_high,clipart__clip_pc1_high|clipart__clip_pc1_low|painting__clip_pc1_high
new_seeds,dinov2_b14,20260918,sketch,ridge,nll,50,35,65,0.5384615384615384,2,6,0,4,0.0,4.0,0.0,0,1,False,True,False,True,False,False,False,False,False,False,[],"[""clipart__clip_pc1_high|clipart__clip_pc1_low|painting__clip_pc1_high"", ""clipart__clip_pc1_high|clipart__clip_pc1_middle|painting__clip_pc1_middle"", ""clipart__clip_pc1_low|clipart__clip_pc1_middle|painting__clip_pc1_high"", ""clipart__clip_pc1_low|painting__clip_pc1_high|painting__clip_pc1_middle""]",clipart__clip_pc1_high|clipart__clip_pc1_low|painting__clip_pc1_high,clipart__clip_pc1_high|clipart__clip_pc1_low|painting__clip_pc1_high
new_seeds,dinov2_b14,20260918,sketch,ridge,nll,100,77,123,0.6260162601626016,0,2,0,2,0.0,2.0,0.0,0,1,False,True,False,False,False,False,False,False,False,False,[],"[""clipart__clip_pc1_high|clipart__clip_pc1_low|clipart__clip_pc1_middle"", ""clipart__clip_pc1_high|clipart__clip_pc1_middle|painting__clip_pc1_high""]",clipart__clip_pc1_high|clipart__clip_pc1_low|painting__clip_pc1_high,clipart__clip_pc1_high|clipart__clip_pc1_low|painting__clip_pc1_high
new_seeds,dinov2_b14,20260918,sketch,ridge,nll,227,212,242,0.8760330578512396,0,0,0,0,0.0,0.0,0.0,0,1,False,False,False,False,False,False,False,False,False,False,[],[],clipart__clip_pc1_high|clipart__clip_pc1_low|painting__clip_pc1_high,clipart__clip_pc1_high|clipart__clip_pc1_low|painting__clip_pc1_high
new_seeds,dinov2_b14,20260918,sketch,ridge,error_rate,10,4,16,0.25,5,8,0,3,0.0,3.0,0.0,0,2,False,True,False,False,False,False,False,False,False,False,[],"[""clipart__clip_pc1_high|clipart__clip_pc1_low|painting__clip_pc1_middle"", ""clipart__clip_pc1_low|clipart__clip_pc1_middle|painting__clip_pc1_middle"", ""clipart__clip_pc1_middle|painting__clip_pc1_high|painting__clip_pc1_low""]",clipart__clip_pc1_high|clipart__clip_pc1_low|painting__clip_pc1_middle,clipart__clip_pc1_high|clipart__clip_pc1_low|painting__clip_pc1_middle
new_seeds,dinov2_b14,20260918,sketch,ridge,error_rate,25,11,39,0.28205128205128205,5,6,1,2,1.0,2.0,0.0,1,2,True,True,False,False,False,False,False,False,False,False,"[""clipart__clip_pc1_middle|real__clip_pc1_high|real__clip_pc1_low""]","[""clipart__clip_pc1_high|clipart__clip_pc1_low|painting__clip_pc1_middle"", ""clipart__clip_pc1_low|clipart__clip_pc1_middle|painting__clip_pc1_middle""]",clipart__clip_pc1_high|clipart__clip_pc1_low|painting__clip_pc1_middle,clipart__clip_pc1_high|clipart__clip_pc1_low|painting__clip_pc1_middle
new_seeds,dinov2_b14,20260918,sketch,ridge,error_rate,50,35,65,0.5384615384615384,3,3,1,1,1.0,1.0,0.0,1,2,True,True,False,False,False,False,False,False,False,False,"[""clipart__clip_pc1_high|real__clip_pc1_high|real__clip_pc1_low""]","[""clipart__clip_pc1_high|clipart__clip_pc1_middle|painting__clip_pc1_middle""]",clipart__clip_pc1_high|clipart__clip_pc1_low|painting__clip_pc1_middle,clipart__clip_pc1_high|clipart__clip_pc1_low|painting__clip_pc1_middle
new_seeds,dinov2_b14,20260918,sketch,ridge,error_rate,100,77,123,0.6260162601626016,1,2,0,1,0.0,1.0,0.0,0,2,False,True,False,False,False,False,False,False,False,False,[],"[""clipart__clip_pc1_high|clipart__clip_pc1_middle|real__clip_pc1_middle""]",clipart__clip_pc1_high|clipart__clip_pc1_low|painting__clip_pc1_middle,clipart__clip_pc1_high|clipart__clip_pc1_low|painting__clip_pc1_middle
new_seeds,dinov2_b14,20260918,sketch,ridge,error_rate,227,212,242,0.8760330578512396,0,0,0,0,0.0,0.0,0.0,0,2,False,False,False,False,False,False,False,False,False,False,[],[],clipart__clip_pc1_high|clipart__clip_pc1_low|painting__clip_pc1_middle,clipart__clip_pc1_high|clipart__clip_pc1_low|painting__clip_pc1_middle
new_seeds,dinov2_b14,20260918,sketch,logistic,brier_score,10,4,16,0.25,5,8,1,4,1.0,4.0,0.0,0,1,True,True,False,True,False,False,False,False,False,False,"[""clipart__clip_pc1_low|painting__clip_pc1_middle|real__clip_pc1_high""]","[""clipart__clip_pc1_high|clipart__clip_pc1_low|painting__clip_pc1_high"", ""clipart__clip_pc1_high|clipart__clip_pc1_low|painting__clip_pc1_middle"", ""clipart__clip_pc1_low|clipart__clip_pc1_middle|painting__clip_pc1_high"", ""clipart__clip_pc1_low|clipart__clip_pc1_middle|painting__clip_pc1_middle""]",clipart__clip_pc1_low|clipart__clip_pc1_middle|painting__clip_pc1_middle,clipart__clip_pc1_low|clipart__clip_pc1_middle|painting__clip_pc1_middle
new_seeds,dinov2_b14,20260918,sketch,logistic,brier_score,25,11,39,0.28205128205128205,3,8,1,6,1.0,6.0,0.0,0,1,True,True,False,True,False,False,False,False,False,False,"[""clipart__clip_pc1_low|painting__clip_pc1_middle|real__clip_pc1_high""]","[""clipart__clip_pc1_high|clipart__clip_pc1_low|painting__clip_pc1_high"", ""clipart__clip_pc1_high|clipart__clip_pc1_low|painting__clip_pc1_middle"", ""clipart__clip_pc1_high|clipart__clip_pc1_low|real__clip_pc1_high"", ""clipart__clip_pc1_low|clipart__clip_pc1_middle|painting__clip_pc1_high"", ""clipart__clip_pc1_low|clipart__clip_pc1_middle|painting__clip_pc1_middle"", ""clipart__clip_pc1_low|clipart__clip_pc1_middle|real__clip_pc1_high""]",clipart__clip_pc1_high|clipart__clip_pc1_low|real__clip_pc1_high,clipart__clip_pc1_high|clipart__clip_pc1_low|real__clip_pc1_high
new_seeds,dinov2_b14,20260918,sketch,logistic,brier_score,50,35,65,0.5384615384615384,0,3,0,3,0.0,3.0,0.0,0,1,False,True,False,False,False,False,False,False,False,False,[],"[""clipart__clip_pc1_high|clipart__clip_pc1_low|painting__clip_pc1_high"", ""clipart__clip_pc1_high|clipart__clip_pc1_middle|painting__clip_pc1_middle"", ""clipart__clip_pc1_low|clipart__clip_pc1_middle|painting__clip_pc1_high""]",clipart__clip_pc1_high|clipart__clip_pc1_low|real__clip_pc1_high,clipart__clip_pc1_high|clipart__clip_pc1_low|real__clip_pc1_high
new_seeds,dinov2_b14,20260918,sketch,logistic,brier_score,100,77,123,0.6260162601626016,0,0,0,0,0.0,0.0,0.0,0,1,False,False,False,False,False,False,False,False,False,False,[],[],clipart__clip_pc1_high|clipart__clip_pc1_low|real__clip_pc1_high,clipart__clip_pc1_high|clipart__clip_pc1_low|real__clip_pc1_high
new_seeds,dinov2_b14,20260918,sketch,logistic,brier_score,227,212,242,0.8760330578512396,0,0,0,0,0.0,0.0,0.0,0,1,False,False,False,False,False,False,False,False,False,False,[],[],clipart__clip_pc1_high|clipart__clip_pc1_low|real__clip_pc1_high,clipart__clip_pc1_high|clipart__clip_pc1_low|real__clip_pc1_high
new_seeds,dinov2_b14,20260918,sketch,logistic,nll,10,4,16,0.25,4,7,0,3,0.0,3.0,0.0,0,1,False,True,False,True,False,False,False,False,False,False,[],"[""clipart__clip_pc1_high|clipart__clip_pc1_low|painting__clip_pc1_middle"", ""clipart__clip_pc1_low|clipart__clip_pc1_middle|painting__clip_pc1_high"", ""clipart__clip_pc1_low|clipart__clip_pc1_middle|painting__clip_pc1_middle""]",clipart__clip_pc1_high|clipart__clip_pc1_low|painting__clip_pc1_middle,clipart__clip_pc1_high|clipart__clip_pc1_low|painting__clip_pc1_middle
new_seeds,dinov2_b14,20260918,sketch,logistic,nll,25,11,39,0.28205128205128205,4,6,1,3,1.0,3.0,0.0,0,1,True,True,False,True,False,False,False,False,False,False,"[""clipart__clip_pc1_middle|real__clip_pc1_high|real__clip_pc1_low""]","[""clipart__clip_pc1_high|clipart__clip_pc1_low|painting__clip_pc1_middle"", ""clipart__clip_pc1_low|clipart__clip_pc1_middle|painting__clip_pc1_high"", ""clipart__clip_pc1_low|clipart__clip_pc1_middle|painting__clip_pc1_middle""]",clipart__clip_pc1_high|clipart__clip_pc1_low|painting__clip_pc1_middle,clipart__clip_pc1_high|clipart__clip_pc1_low|painting__clip_pc1_middle
new_seeds,dinov2_b14,20260918,sketch,logistic,nll,50,35,65,0.5384615384615384,2,4,0,2,0.0,2.0,0.0,0,1,False,True,False,False,False,False,False,False,False,False,[],"[""clipart__clip_pc1_high|clipart__clip_pc1_middle|painting__clip_pc1_middle"", ""clipart__clip_pc1_low|clipart__clip_pc1_middle|painting__clip_pc1_high""]",clipart__clip_pc1_high|clipart__clip_pc1_middle|painting__clip_pc1_middle,clipart__clip_pc1_high|clipart__clip_pc1_middle|painting__clip_pc1_middle
new_seeds,dinov2_b14,20260918,sketch,logistic,nll,100,77,123,0.6260162601626016,0,1,0,1,0.0,1.0,0.0,0,1,False,True,False,False,False,False,False,False,False,False,[],"[""clipart__clip_pc1_high|clipart__clip_pc1_middle|painting__clip_pc1_high""]",clipart__clip_pc1_high|clipart__clip_pc1_middle|painting__clip_pc1_middle,clipart__clip_pc1_high|clipart__clip_pc1_middle|painting__clip_pc1_middle
new_seeds,dinov2_b14,20260918,sketch,logistic,nll,227,212,242,0.8760330578512396,0,0,0,0,0.0,0.0,0.0,0,1,False,False,False,False,False,False,False,False,False,False,[],[],clipart__clip_pc1_high|clipart__clip_pc1_middle|painting__clip_pc1_middle,clipart__clip_pc1_high|clipart__clip_pc1_middle|painting__clip_pc1_middle
new_seeds,dinov2_b14,20260918,sketch,logistic,error_rate,10,4,16,0.25,6,7,1,2,1.0,2.0,0.0,0,2,True,True,False,False,False,False,False,False,False,False,"[""clipart__clip_pc1_middle|painting__clip_pc1_low|real__clip_pc1_high""]","[""clipart__clip_pc1_high|clipart__clip_pc1_low|painting__clip_pc1_middle"", ""clipart__clip_pc1_middle|painting__clip_pc1_high|painting__clip_pc1_low""]",clipart__clip_pc1_high|clipart__clip_pc1_low|painting__clip_pc1_middle,clipart__clip_pc1_high|clipart__clip_pc1_low|painting__clip_pc1_middle
new_seeds,dinov2_b14,20260918,sketch,logistic,error_rate,25,11,39,0.28205128205128205,5,6,1,2,1.5,1.5,0.0,3,2,True,True,False,False,False,False,False,False,False,False,"[""clipart__clip_pc1_middle|painting__clip_pc1_low|real__clip_pc1_high""]","[""clipart__clip_pc1_high|clipart__clip_pc1_low|painting__clip_pc1_middle"", ""clipart__clip_pc1_high|clipart__clip_pc1_low|real__clip_pc1_high""]",clipart__clip_pc1_high|clipart__clip_pc1_low|painting__clip_pc1_low,clipart__clip_pc1_high|clipart__clip_pc1_low|painting__clip_pc1_low
new_seeds,dinov2_b14,20260918,sketch,logistic,error_rate,50,35,65,0.5384615384615384,3,3,1,1,1.0,1.0,0.00146484375,1,2,True,True,True,False,True,True,False,False,False,True,"[""clipart__clip_pc1_high|real__clip_pc1_high|real__clip_pc1_low""]","[""clipart__clip_pc1_high|clipart__clip_pc1_middle|painting__clip_pc1_middle""]",clipart__clip_pc1_high|clipart__clip_pc1_low|painting__clip_pc1_low,clipart__clip_pc1_high|real__clip_pc1_high|real__clip_pc1_low
new_seeds,dinov2_b14,20260918,sketch,logistic,error_rate,100,77,123,0.6260162601626016,1,1,0,0,0.0,0.0,0.0,0,2,False,False,False,False,False,False,False,False,False,False,[],[],clipart__clip_pc1_high|real__clip_pc1_high|real__clip_pc1_low,clipart__clip_pc1_high|real__clip_pc1_high|real__clip_pc1_low
new_seeds,dinov2_b14,20260918,sketch,logistic,error_rate,227,212,242,0.8760330578512396,0,0,0,0,0.0,0.0,0.0,0,2,False,False,False,False,False,False,False,False,False,False,[],[],clipart__clip_pc1_high|real__clip_pc1_high|real__clip_pc1_low,clipart__clip_pc1_high|real__clip_pc1_high|real__clip_pc1_low
new_seeds,resnet50,20260919,clipart,ridge,brier_score,10,1,19,0.05263157894736842,8,10,0,2,0.0,2.0,0.0,0,1,False,True,False,False,False,False,False,False,True,False,[],"[""infograph__clip_pc1_high|real__clip_pc1_low|sketch__clip_pc1_low"", ""painting__clip_pc1_middle|real__clip_pc1_low|sketch__clip_pc1_low""]",painting__clip_pc1_middle|real__clip_pc1_low|sketch__clip_pc1_low,painting__clip_pc1_middle|real__clip_pc1_low|sketch__clip_pc1_low
new_seeds,resnet50,20260919,clipart,ridge,brier_score,25,8,42,0.19047619047619047,6,8,1,3,1.0,3.0,0.0,0,1,True,True,False,False,False,False,False,False,True,False,"[""real__clip_pc1_high|real__clip_pc1_low|real__clip_pc1_middle""]","[""infograph__clip_pc1_high|real__clip_pc1_low|sketch__clip_pc1_low"", ""real__clip_pc1_low|real__clip_pc1_middle|sketch__clip_pc1_low"", ""real__clip_pc1_low|sketch__clip_pc1_low|sketch__clip_pc1_middle""]",real__clip_pc1_low|sketch__clip_pc1_low|sketch__clip_pc1_middle,real__clip_pc1_low|sketch__clip_pc1_low|sketch__clip_pc1_middle
new_seeds,resnet50,20260919,clipart,ridge,brier_score,50,24,76,0.3157894736842105,3,5,1,3,1.0,3.0,0.0,0,1,True,True,False,False,False,False,False,False,False,False,"[""real__clip_pc1_high|real__clip_pc1_low|real__clip_pc1_middle""]","[""infograph__clip_pc1_high|real__clip_pc1_low|sketch__clip_pc1_low"", ""infograph__clip_pc1_middle|real__clip_pc1_low|sketch__clip_pc1_low"", ""real__clip_pc1_low|sketch__clip_pc1_low|sketch__clip_pc1_middle""]",real__clip_pc1_high|real__clip_pc1_low|sketch__clip_pc1_low,real__clip_pc1_high|real__clip_pc1_low|sketch__clip_pc1_low
new_seeds,resnet50,20260919,clipart,ridge,brier_score,100,73,127,0.5748031496062992,2,4,1,3,1.0,3.0,0.0,0,1,True,True,False,False,False,False,False,False,False,False,"[""real__clip_pc1_high|real__clip_pc1_low|real__clip_pc1_middle""]","[""infograph__clip_pc1_middle|real__clip_pc1_low|sketch__clip_pc1_low"", ""real__clip_pc1_low|sketch__clip_pc1_high|sketch__clip_pc1_low"", ""real__clip_pc1_low|sketch__clip_pc1_low|sketch__clip_pc1_middle""]",real__clip_pc1_high|real__clip_pc1_low|sketch__clip_pc1_low,real__clip_pc1_high|real__clip_pc1_low|sketch__clip_pc1_low
new_seeds,resnet50,20260919,clipart,ridge,brier_score,227,211,243,0.8683127572016461,1,1,0,0,0.0,0.0,0.0,0,1,False,False,False,False,False,False,False,False,False,False,[],[],real__clip_pc1_high|real__clip_pc1_low|sketch__clip_pc1_low,real__clip_pc1_high|real__clip_pc1_low|sketch__clip_pc1_low
new_seeds,resnet50,20260919,clipart,ridge,nll,10,1,19,0.05263157894736842,8,10,0,2,0.0,2.0,0.0,0,1,False,True,False,False,False,False,False,False,False,False,[],"[""infograph__clip_pc1_high|real__clip_pc1_low|sketch__clip_pc1_low"", ""painting__clip_pc1_middle|real__clip_pc1_low|sketch__clip_pc1_low""]",painting__clip_pc1_middle|real__clip_pc1_low|sketch__clip_pc1_low,painting__clip_pc1_middle|real__clip_pc1_low|sketch__clip_pc1_low
new_seeds,resnet50,20260919,clipart,ridge,nll,25,8,42,0.19047619047619047,6,8,1,3,1.0,3.0,0.0,0,1,True,True,False,False,False,False,False,False,True,False,"[""real__clip_pc1_high|real__clip_pc1_low|real__clip_pc1_middle""]","[""infograph__clip_pc1_high|real__clip_pc1_low|sketch__clip_pc1_low"", ""real__clip_pc1_low|real__clip_pc1_middle|sketch__clip_pc1_low"", ""real__clip_pc1_low|sketch__clip_pc1_low|sketch__clip_pc1_middle""]",real__clip_pc1_low|sketch__clip_pc1_low|sketch__clip_pc1_middle,real__clip_pc1_low|sketch__clip_pc1_low|sketch__clip_pc1_middle
new_seeds,resnet50,20260919,clipart,ridge,nll,50,24,76,0.3157894736842105,3,4,2,3,2.0,3.0,0.0,0,1,True,True,False,False,False,False,False,False,False,False,"[""real__clip_pc1_high|real__clip_pc1_low|real__clip_pc1_middle"", ""real__clip_pc1_high|real__clip_pc1_low|sketch__clip_pc1_middle""]","[""infograph__clip_pc1_high|real__clip_pc1_low|sketch__clip_pc1_low"", ""infograph__clip_pc1_middle|real__clip_pc1_low|sketch__clip_pc1_low"", ""real__clip_pc1_low|sketch__clip_pc1_low|sketch__clip_pc1_middle""]",real__clip_pc1_high|real__clip_pc1_low|sketch__clip_pc1_low,real__clip_pc1_high|real__clip_pc1_low|sketch__clip_pc1_low
new_seeds,resnet50,20260919,clipart,ridge,nll,100,73,127,0.5748031496062992,1,3,1,3,1.0,3.0,0.0,0,1,True,True,False,False,False,False,False,False,False,False,"[""real__clip_pc1_high|real__clip_pc1_low|real__clip_pc1_middle""]","[""infograph__clip_pc1_middle|real__clip_pc1_low|sketch__clip_pc1_low"", ""real__clip_pc1_low|sketch__clip_pc1_high|sketch__clip_pc1_low"", ""real__clip_pc1_low|sketch__clip_pc1_low|sketch__clip_pc1_middle""]",real__clip_pc1_high|real__clip_pc1_low|sketch__clip_pc1_low,real__clip_pc1_high|real__clip_pc1_low|sketch__clip_pc1_low
new_seeds,resnet50,20260919,clipart,ridge,nll,227,211,243,0.8683127572016461,0,0,0,0,0.0,0.0,0.0,0,1,False,False,False,False,False,False,False,False,False,False,[],[],real__clip_pc1_high|real__clip_pc1_low|sketch__clip_pc1_low,real__clip_pc1_high|real__clip_pc1_low|sketch__clip_pc1_low
new_seeds,resnet50,20260919,clipart,ridge,error_rate,10,1,19,0.05263157894736842,9,9,1,1,0.3333333333333333,1.0,0.0,0,3,True,True,False,False,False,False,False,False,False,False,"[""painting__clip_pc1_middle|real__clip_pc1_low|real__clip_pc1_middle""]","[""painting__clip_pc1_middle|real__clip_pc1_low|sketch__clip_pc1_low""]",painting__clip_pc1_middle|real__clip_pc1_low|sketch__clip_pc1_low,painting__clip_pc1_middle|real__clip_pc1_low|sketch__clip_pc1_low
new_seeds,resnet50,20260919,clipart,ridge,error_rate,25,8,42,0.19047619047619047,6,7,2,3,1.6666666666666665,3.0,0.0,0,3,True,True,False,False,False,False,False,False,True,False,"[""infograph__clip_pc1_high|real__clip_pc1_high|real__clip_pc1_low"", ""painting__clip_pc1_middle|real__clip_pc1_low|real__clip_pc1_middle""]","[""painting__clip_pc1_middle|real__clip_pc1_low|sketch__clip_pc1_middle"", ""real__clip_pc1_low|real__clip_pc1_middle|sketch__clip_pc1_low"", ""real__clip_pc1_low|sketch__clip_pc1_low|sketch__clip_pc1_middle""]",real__clip_pc1_low|sketch__clip_pc1_low|sketch__clip_pc1_middle,real__clip_pc1_low|sketch__clip_pc1_low|sketch__clip_pc1_middle
new_seeds,resnet50,20260919,clipart,ridge,error_rate,50,24,76,0.3157894736842105,4,2,3,1,2.6666666666666665,1.0,0.0,0,3,True,True,False,False,False,False,False,False,False,False,"[""infograph__clip_pc1_high|real__clip_pc1_high|real__clip_pc1_low"", ""painting__clip_pc1_middle|real__clip_pc1_low|real__clip_pc1_middle"", ""real__clip_pc1_high|real__clip_pc1_low|sketch__clip_pc1_middle""]","[""real__clip_pc1_low|sketch__clip_pc1_low|sketch__clip_pc1_middle""]",real__clip_pc1_high|real__clip_pc1_low|sketch__clip_pc1_low,real__clip_pc1_high|real__clip_pc1_low|sketch__clip_pc1_low
new_seeds,resnet50,20260919,clipart,ridge,error_rate,100,73,127,0.5748031496062992,0,2,0,2,0.3333333333333333,2.3333333333333335,0.0,0,3,False,True,False,False,False,False,False,False,False,False,[],"[""infograph__clip_pc1_low|real__clip_pc1_low|sketch__clip_pc1_low"", ""real__clip_pc1_low|sketch__clip_pc1_low|sketch__clip_pc1_middle""]",real__clip_pc1_high|real__clip_pc1_low|sketch__clip_pc1_low,real__clip_pc1_high|real__clip_pc1_low|sketch__clip_pc1_low
new_seeds,resnet50,20260919,clipart,ridge,error_rate,227,211,243,0.8683127572016461,0,0,0,0,0.0,0.0,0.0,0,3,False,False,False,False,False,False,False,False,False,False,[],[],real__clip_pc1_high|real__clip_pc1_low|sketch__clip_pc1_low,real__clip_pc1_high|real__clip_pc1_low|sketch__clip_pc1_low
new_seeds,resnet50,20260919,clipart,logistic,brier_score,10,1,19,0.05263157894736842,8,10,0,2,0.0,2.0,0.0,0,1,False,True,False,False,False,False,False,False,True,False,[],"[""infograph__clip_pc1_high|real__clip_pc1_low|sketch__clip_pc1_low"", ""painting__clip_pc1_middle|real__clip_pc1_low|sketch__clip_pc1_low""]",painting__clip_pc1_middle|real__clip_pc1_low|sketch__clip_pc1_low,painting__clip_pc1_middle|real__clip_pc1_low|sketch__clip_pc1_low
new_seeds,resnet50,20260919,clipart,logistic,brier_score,25,8,42,0.19047619047619047,6,8,1,3,1.0,3.0,0.0,0,1,True,True,False,True,False,False,False,False,False,False,"[""real__clip_pc1_high|real__clip_pc1_low|real__clip_pc1_middle""]","[""infograph__clip_pc1_high|real__clip_pc1_low|sketch__clip_pc1_low"", ""real__clip_pc1_low|real__clip_pc1_middle|sketch__clip_pc1_low"", ""real__clip_pc1_low|sketch__clip_pc1_low|sketch__clip_pc1_middle""]",real__clip_pc1_low|real__clip_pc1_middle|sketch__clip_pc1_low,real__clip_pc1_low|real__clip_pc1_middle|sketch__clip_pc1_low
new_seeds,resnet50,20260919,clipart,logistic,brier_score,50,24,76,0.3157894736842105,2,4,2,4,2.0,4.0,0.0,0,1,True,True,False,False,False,False,False,False,False,False,"[""real__clip_pc1_high|real__clip_pc1_low|real__clip_pc1_middle"", ""real__clip_pc1_high|real__clip_pc1_low|sketch__clip_pc1_middle""]","[""infograph__clip_pc1_high|real__clip_pc1_low|sketch__clip_pc1_low"", ""infograph__clip_pc1_middle|real__clip_pc1_low|sketch__clip_pc1_low"", ""painting__clip_pc1_high|real__clip_pc1_low|sketch__clip_pc1_low"", ""real__clip_pc1_low|sketch__clip_pc1_low|sketch__clip_pc1_middle""]",real__clip_pc1_low|real__clip_pc1_middle|sketch__clip_pc1_low,real__clip_pc1_low|real__clip_pc1_middle|sketch__clip_pc1_low
new_seeds,resnet50,20260919,clipart,logistic,brier_score,100,73,127,0.5748031496062992,1,2,1,2,1.0,2.0,0.0,0,1,True,True,False,False,False,False,False,False,False,False,"[""real__clip_pc1_high|real__clip_pc1_low|real__clip_pc1_middle""]","[""infograph__clip_pc1_middle|real__clip_pc1_low|sketch__clip_pc1_low"", ""real__clip_pc1_low|sketch__clip_pc1_low|sketch__clip_pc1_middle""]",real__clip_pc1_low|real__clip_pc1_middle|sketch__clip_pc1_low,real__clip_pc1_low|real__clip_pc1_middle|sketch__clip_pc1_low
new_seeds,resnet50,20260919,clipart,logistic,brier_score,227,211,243,0.8683127572016461,0,0,0,0,0.0,0.0,0.0,0,1,False,False,False,False,False,False,False,False,False,False,[],[],real__clip_pc1_low|real__clip_pc1_middle|sketch__clip_pc1_low,real__clip_pc1_low|real__clip_pc1_middle|sketch__clip_pc1_low
new_seeds,resnet50,20260919,clipart,logistic,nll,10,1,19,0.05263157894736842,8,9,1,2,1.0,2.0,0.0,0,1,True,True,False,False,False,False,False,False,False,False,"[""painting__clip_pc1_middle|real__clip_pc1_low|real__clip_pc1_middle""]","[""infograph__clip_pc1_high|real__clip_pc1_low|sketch__clip_pc1_low"", ""painting__clip_pc1_middle|real__clip_pc1_low|sketch__clip_pc1_low""]",painting__clip_pc1_middle|real__clip_pc1_low|sketch__clip_pc1_low,painting__clip_pc1_middle|real__clip_pc1_low|sketch__clip_pc1_low
new_seeds,resnet50,20260919,clipart,logistic,nll,25,8,42,0.19047619047619047,6,7,2,3,2.0,3.0,0.0,0,1,True,True,False,False,False,False,False,False,True,False,"[""infograph__clip_pc1_high|real__clip_pc1_high|real__clip_pc1_low"", ""painting__clip_pc1_middle|real__clip_pc1_low|real__clip_pc1_middle""]","[""infograph__clip_pc1_high|real__clip_pc1_low|sketch__clip_pc1_low"", ""painting__clip_pc1_middle|real__clip_pc1_low|sketch__clip_pc1_middle"", ""real__clip_pc1_low|sketch__clip_pc1_low|sketch__clip_pc1_middle""]",painting__clip_pc1_middle|real__clip_pc1_low|sketch__clip_pc1_low,painting__clip_pc1_middle|real__clip_pc1_low|sketch__clip_pc1_low
new_seeds,resnet50,20260919,clipart,logistic,nll,50,24,76,0.3157894736842105,4,4,3,3,3.0,3.0,0.0,0,1,True,True,False,False,False,False,False,False,False,False,"[""infograph__clip_pc1_high|real__clip_pc1_high|real__clip_pc1_low"", ""painting__clip_pc1_middle|real__clip_pc1_low|real__clip_pc1_middle"", ""real__clip_pc1_high|real__clip_pc1_low|sketch__clip_pc1_middle""]","[""infograph__clip_pc1_high|real__clip_pc1_low|sketch__clip_pc1_low"", ""painting__clip_pc1_high|real__clip_pc1_low|sketch__clip_pc1_middle"", ""real__clip_pc1_low|sketch__clip_pc1_low|sketch__clip_pc1_middle""]",real__clip_pc1_high|real__clip_pc1_low|sketch__clip_pc1_low,real__clip_pc1_high|real__clip_pc1_low|sketch__clip_pc1_low
new_seeds,resnet50,20260919,clipart,logistic,nll,100,73,127,0.5748031496062992,0,2,0,2,0.0,2.0,0.0,0,1,False,True,False,False,False,False,False,False,False,False,[],"[""real__clip_pc1_low|sketch__clip_pc1_high|sketch__clip_pc1_low"", ""real__clip_pc1_low|sketch__clip_pc1_low|sketch__clip_pc1_middle""]",real__clip_pc1_high|real__clip_pc1_low|sketch__clip_pc1_low,real__clip_pc1_high|real__clip_pc1_low|sketch__clip_pc1_low
new_seeds,resnet50,20260919,clipart,logistic,nll,227,211,243,0.8683127572016461,0,0,0,0,0.0,0.0,0.0,0,1,False,False,False,False,False,False,False,False,False,False,[],[],real__clip_pc1_high|real__clip_pc1_low|sketch__clip_pc1_low,real__clip_pc1_high|real__clip_pc1_low|sketch__clip_pc1_low
new_seeds,resnet50,20260919,clipart,logistic,error_rate,10,1,19,0.05263157894736842,8,10,0,2,0.0,2.0,0.0,0,1,False,True,False,False,False,False,False,False,True,False,[],"[""infograph__clip_pc1_high|real__clip_pc1_low|sketch__clip_pc1_low"", ""painting__clip_pc1_middle|real__clip_pc1_low|sketch__clip_pc1_low""]",painting__clip_pc1_middle|real__clip_pc1_low|sketch__clip_pc1_low,painting__clip_pc1_middle|real__clip_pc1_low|sketch__clip_pc1_low
new_seeds,resnet50,20260919,clipart,logistic,error_rate,25,8,42,0.19047619047619047,6,8,1,3,1.0,3.0,0.0,0,1,True,True,False,False,False,False,False,False,True,False,"[""infograph__clip_pc1_high|real__clip_pc1_high|real__clip_pc1_low""]","[""infograph__clip_pc1_high|real__clip_pc1_low|sketch__clip_pc1_low"", ""real__clip_pc1_low|real__clip_pc1_middle|sketch__clip_pc1_low"", ""real__clip_pc1_low|sketch__clip_pc1_low|sketch__clip_pc1_middle""]",real__clip_pc1_low|real__clip_pc1_middle|sketch__clip_pc1_low,real__clip_pc1_low|real__clip_pc1_middle|sketch__clip_pc1_low
new_seeds,resnet50,20260919,clipart,logistic,error_rate,50,24,76,0.3157894736842105,3,4,2,3,2.0,3.0,0.0,0,1,True,True,False,False,False,False,False,False,False,False,"[""infograph__clip_pc1_high|real__clip_pc1_high|real__clip_pc1_low"", ""real__clip_pc1_high|real__clip_pc1_low|sketch__clip_pc1_middle""]","[""infograph__clip_pc1_high|real__clip_pc1_low|sketch__clip_pc1_low"", ""painting__clip_pc1_high|real__clip_pc1_low|sketch__clip_pc1_low"", ""real__clip_pc1_low|sketch__clip_pc1_low|sketch__clip_pc1_middle""]",real__clip_pc1_high|real__clip_pc1_low|sketch__clip_pc1_low,real__clip_pc1_high|real__clip_pc1_low|sketch__clip_pc1_low
new_seeds,resnet50,20260919,clipart,logistic,error_rate,100,73,127,0.5748031496062992,0,2,0,2,0.0,2.0,0.0,0,1,False,True,False,False,False,False,False,False,False,False,[],"[""real__clip_pc1_low|sketch__clip_pc1_high|sketch__clip_pc1_low"", ""real__clip_pc1_low|sketch__clip_pc1_low|sketch__clip_pc1_middle""]",real__clip_pc1_high|real__clip_pc1_low|sketch__clip_pc1_low,real__clip_pc1_high|real__clip_pc1_low|sketch__clip_pc1_low
new_seeds,resnet50,20260919,clipart,logistic,error_rate,227,211,243,0.8683127572016461,0,0,0,0,0.0,0.0,0.0,0,1,False,False,False,False,False,False,False,False,False,False,[],[],real__clip_pc1_high|real__clip_pc1_low|sketch__clip_pc1_low,real__clip_pc1_high|real__clip_pc1_low|sketch__clip_pc1_low
new_seeds,resnet50,20260919,infograph,ridge,brier_score,10,6,14,0.42857142857142855,9,10,0,1,0.0,1.0,0.0,0,1,False,True,False,False,False,False,False,False,False,False,[],"[""clipart__clip_pc1_middle|real__clip_pc1_low|real__clip_pc1_middle""]",clipart__clip_pc1_low|real__clip_pc1_high|real__clip_pc1_middle,clipart__clip_pc1_low|real__clip_pc1_high|real__clip_pc1_middle
new_seeds,resnet50,20260919,infograph,ridge,brier_score,25,17,33,0.5151515151515151,8,6,3,1,3.0,1.0,0.0,0,1,True,True,False,False,True,False,True,False,False,False,"[""clipart__clip_pc1_low|real__clip_pc1_high|real__clip_pc1_low"", ""painting__clip_pc1_middle|real__clip_pc1_low|real__clip_pc1_middle"", ""real__clip_pc1_high|real__clip_pc1_low|real__clip_pc1_middle""]","[""clipart__clip_pc1_middle|real__clip_pc1_low|real__clip_pc1_middle""]",clipart__clip_pc1_low|real__clip_pc1_low|real__clip_pc1_middle,clipart__clip_pc1_low|real__clip_pc1_high|real__clip_pc1_low
new_seeds,resnet50,20260919,infograph,ridge,brier_score,50,40,60,0.6666666666666666,5,4,2,1,2.0,1.0,0.0,0,1,True,True,False,True,False,False,False,False,False,False,"[""painting__clip_pc1_middle|real__clip_pc1_low|real__clip_pc1_middle"", ""real__clip_pc1_high|real__clip_pc1_low|real__clip_pc1_middle""]","[""real__clip_pc1_low|real__clip_pc1_middle|sketch__clip_pc1_low""]",clipart__clip_pc1_low|real__clip_pc1_high|real__clip_pc1_low,clipart__clip_pc1_low|real__clip_pc1_high|real__clip_pc1_low
new_seeds,resnet50,20260919,infograph,ridge,brier_score,100,89,111,0.8018018018018018,1,2,0,1,0.0,1.0,0.0,0,1,False,True,False,False,False,False,False,False,False,False,[],"[""clipart__clip_pc1_low|clipart__clip_pc1_middle|real__clip_pc1_low""]",clipart__clip_pc1_low|real__clip_pc1_high|real__clip_pc1_low,clipart__clip_pc1_low|real__clip_pc1_high|real__clip_pc1_low
new_seeds,resnet50,20260919,infograph,ridge,brier_score,227,222,232,0.9568965517241379,0,0,0,0,0.0,0.0,0.0,0,1,False,False,False,False,False,False,False,False,False,False,[],[],clipart__clip_pc1_low|real__clip_pc1_high|real__clip_pc1_low,clipart__clip_pc1_low|real__clip_pc1_high|real__clip_pc1_low
new_seeds,resnet50,20260919,infograph,ridge,nll,10,6,14,0.42857142857142855,9,10,0,1,0.0,1.0,0.0,1,1,False,True,False,False,False,False,False,False,False,False,[],"[""clipart__clip_pc1_middle|real__clip_pc1_low|real__clip_pc1_middle""]",clipart__clip_pc1_low|real__clip_pc1_high|real__clip_pc1_middle,clipart__clip_pc1_low|real__clip_pc1_high|real__clip_pc1_middle
new_seeds,resnet50,20260919,infograph,ridge,nll,25,17,33,0.5151515151515151,8,6,3,1,3.0,1.0,0.0,0,1,True,True,False,False,True,False,True,False,False,False,"[""clipart__clip_pc1_low|real__clip_pc1_high|real__clip_pc1_low"", ""painting__clip_pc1_middle|real__clip_pc1_low|real__clip_pc1_middle"", ""real__clip_pc1_high|real__clip_pc1_low|real__clip_pc1_middle""]","[""clipart__clip_pc1_middle|real__clip_pc1_low|real__clip_pc1_middle""]",clipart__clip_pc1_low|real__clip_pc1_low|real__clip_pc1_middle,clipart__clip_pc1_low|real__clip_pc1_high|real__clip_pc1_low
new_seeds,resnet50,20260919,infograph,ridge,nll,50,40,60,0.6666666666666666,4,3,2,1,2.0,1.0,0.0,0,1,True,True,False,True,False,False,False,False,False,False,"[""painting__clip_pc1_middle|real__clip_pc1_low|real__clip_pc1_middle"", ""real__clip_pc1_high|real__clip_pc1_low|real__clip_pc1_middle""]","[""real__clip_pc1_low|real__clip_pc1_middle|sketch__clip_pc1_low""]",clipart__clip_pc1_low|real__clip_pc1_high|real__clip_pc1_low,clipart__clip_pc1_low|real__clip_pc1_high|real__clip_pc1_low
new_seeds,resnet50,20260919,infograph,ridge,nll,100,89,111,0.8018018018018018,1,1,0,0,0.0,0.0,0.0,0,1,False,False,False,False,False,False,False,False,False,False,[],[],clipart__clip_pc1_low|real__clip_pc1_high|real__clip_pc1_low,clipart__clip_pc1_low|real__clip_pc1_high|real__clip_pc1_low
new_seeds,resnet50,20260919,infograph,ridge,nll,227,222,232,0.9568965517241379,0,0,0,0,0.0,0.0,0.0,0,1,False,False,False,False,False,False,False,False,False,False,[],[],clipart__clip_pc1_low|real__clip_pc1_high|real__clip_pc1_low,clipart__clip_pc1_low|real__clip_pc1_high|real__clip_pc1_low
new_seeds,resnet50,20260919,infograph,ridge,error_rate,10,6,14,0.42857142857142855,10,10,0,0,0.0,0.0,0.001953125,1,3,False,False,False,False,True,True,False,True,False,False,[],[],clipart__clip_pc1_low|painting__clip_pc1_low|real__clip_pc1_high,clipart__clip_pc1_low|painting__clip_pc1_middle|real__clip_pc1_middle
new_seeds,resnet50,20260919,infograph,ridge,error_rate,25,17,33,0.5151515151515151,9,9,1,1,1.0,1.0,0.00537109375,1,3,True,True,False,False,True,True,False,False,False,True,"[""clipart__clip_pc1_low|real__clip_pc1_high|real__clip_pc1_low""]","[""clipart__clip_pc1_middle|real__clip_pc1_high|real__clip_pc1_low""]",clipart__clip_pc1_middle|real__clip_pc1_high|real__clip_pc1_low,clipart__clip_pc1_low|real__clip_pc1_high|real__clip_pc1_low
new_seeds,resnet50,20260919,infograph,ridge,error_rate,50,40,60,0.6666666666666666,7,6,1,0,1.0,0.0,0.0,0,3,True,False,False,False,False,False,False,False,False,False,"[""real__clip_pc1_high|real__clip_pc1_low|sketch__clip_pc1_middle""]",[],clipart__clip_pc1_low|real__clip_pc1_high|real__clip_pc1_low,clipart__clip_pc1_low|real__clip_pc1_high|real__clip_pc1_low
new_seeds,resnet50,20260919,infograph,ridge,error_rate,100,89,111,0.8018018018018018,0,1,0,1,0.0,1.0,0.0,0,3,False,True,False,False,False,False,False,False,False,False,[],"[""clipart__clip_pc1_middle|painting__clip_pc1_middle|sketch__clip_pc1_low""]",clipart__clip_pc1_low|real__clip_pc1_high|real__clip_pc1_low,clipart__clip_pc1_low|real__clip_pc1_high|real__clip_pc1_low
new_seeds,resnet50,20260919,infograph,ridge,error_rate,227,222,232,0.9568965517241379,0,0,0,0,0.0,0.0,0.0,0,3,False,False,False,False,False,False,False,False,False,False,[],[],clipart__clip_pc1_low|real__clip_pc1_high|real__clip_pc1_low,clipart__clip_pc1_low|real__clip_pc1_high|real__clip_pc1_low
new_seeds,resnet50,20260919,infograph,logistic,brier_score,10,6,14,0.42857142857142855,10,10,0,0,0.0,0.0,0.0,0,1,False,False,False,False,False,False,False,False,False,False,[],[],clipart__clip_pc1_low|painting__clip_pc1_low|real__clip_pc1_high,clipart__clip_pc1_low|painting__clip_pc1_low|real__clip_pc1_high
new_seeds,resnet50,20260919,infograph,logistic,brier_score,25,17,33,0.5151515151515151,10,9,1,0,1.0,0.0,0.005156495455096555,2,1,True,False,True,False,True,True,False,False,False,True,"[""clipart__clip_pc1_low|real__clip_pc1_high|real__clip_pc1_low""]",[],clipart__clip_pc1_low|painting__clip_pc1_low|real__clip_pc1_high,clipart__clip_pc1_low|real__clip_pc1_high|real__clip_pc1_low
new_seeds,resnet50,20260919,infograph,logistic,brier_score,50,40,60,0.6666666666666666,5,6,0,1,0.0,1.0,0.0,0,1,False,True,False,False,False,False,False,False,False,False,[],"[""real__clip_pc1_low|real__clip_pc1_middle|sketch__clip_pc1_low""]",clipart__clip_pc1_low|real__clip_pc1_high|real__clip_pc1_low,clipart__clip_pc1_low|real__clip_pc1_high|real__clip_pc1_low
new_seeds,resnet50,20260919,infograph,logistic,brier_score,100,89,111,0.8018018018018018,3,2,1,0,1.0,0.0,0.0,0,1,True,False,False,False,False,False,False,False,False,False,"[""painting__clip_pc1_middle|real__clip_pc1_high|real__clip_pc1_low""]",[],clipart__clip_pc1_low|real__clip_pc1_high|real__clip_pc1_low,clipart__clip_pc1_low|real__clip_pc1_high|real__clip_pc1_low
new_seeds,resnet50,20260919,infograph,logistic,brier_score,227,222,232,0.9568965517241379,0,0,0,0,0.0,0.0,0.0,0,1,False,False,False,False,False,False,False,False,False,False,[],[],clipart__clip_pc1_low|real__clip_pc1_high|real__clip_pc1_low,clipart__clip_pc1_low|real__clip_pc1_high|real__clip_pc1_low
new_seeds,resnet50,20260919,infograph,logistic,nll,10,6,14,0.42857142857142855,10,9,1,0,1.0,0.0,0.05906523341105174,2,1,True,False,False,False,True,True,False,False,False,True,"[""clipart__clip_pc1_low|painting__clip_pc1_middle|real__clip_pc1_middle""]",[],clipart__clip_pc1_low|real__clip_pc1_high|real__clip_pc1_middle,clipart__clip_pc1_low|painting__clip_pc1_middle|real__clip_pc1_middle
new_seeds,resnet50,20260919,infograph,logistic,nll,25,17,33,0.5151515151515151,9,8,1,0,1.0,0.0,0.0006768303761530703,1,1,True,False,False,False,True,True,False,False,False,True,"[""clipart__clip_pc1_low|real__clip_pc1_high|real__clip_pc1_low""]",[],clipart__clip_pc1_low|painting__clip_pc1_middle|real__clip_pc1_middle,clipart__clip_pc1_low|real__clip_pc1_high|real__clip_pc1_low
new_seeds,resnet50,20260919,infograph,logistic,nll,50,40,60,0.6666666666666666,6,6,0,0,0.0,0.0,0.0,0,1,False,False,False,False,False,False,False,False,False,False,[],[],clipart__clip_pc1_low|painting__clip_pc1_middle|real__clip_pc1_low,clipart__clip_pc1_low|painting__clip_pc1_middle|real__clip_pc1_low
new_seeds,resnet50,20260919,infograph,logistic,nll,100,89,111,0.8018018018018018,0,1,0,1,0.0,1.0,0.0,0,1,False,True,False,False,False,False,False,False,False,False,[],"[""clipart__clip_pc1_middle|painting__clip_pc1_middle|sketch__clip_pc1_low""]",clipart__clip_pc1_low|painting__clip_pc1_middle|real__clip_pc1_low,clipart__clip_pc1_low|painting__clip_pc1_middle|real__clip_pc1_low
new_seeds,resnet50,20260919,infograph,logistic,nll,227,222,232,0.9568965517241379,0,0,0,0,0.0,0.0,0.0,0,1,False,False,False,False,False,False,False,False,False,False,[],[],clipart__clip_pc1_low|painting__clip_pc1_middle|real__clip_pc1_low,clipart__clip_pc1_low|painting__clip_pc1_middle|real__clip_pc1_low
new_seeds,resnet50,20260919,infograph,logistic,error_rate,10,6,14,0.42857142857142855,10,10,0,0,0.0,0.0,0.0,0,1,False,False,False,False,False,False,False,False,False,False,[],[],clipart__clip_pc1_low|painting__clip_pc1_low|real__clip_pc1_high,clipart__clip_pc1_low|painting__clip_pc1_low|real__clip_pc1_high
new_seeds,resnet50,20260919,infograph,logistic,error_rate,25,17,33,0.5151515151515151,9,9,1,1,1.0,1.0,0.0146484375,1,1,True,True,True,False,True,True,False,False,False,True,"[""clipart__clip_pc1_low|real__clip_pc1_high|real__clip_pc1_low""]","[""clipart__clip_pc1_middle|real__clip_pc1_high|real__clip_pc1_low""]",clipart__clip_pc1_middle|real__clip_pc1_high|real__clip_pc1_low,clipart__clip_pc1_low|real__clip_pc1_high|real__clip_pc1_low
new_seeds,resnet50,20260919,infograph,logistic,error_rate,50,40,60,0.6666666666666666,6,6,0,0,0.0,0.0,0.0,0,1,False,False,False,False,False,False,False,False,False,False,[],[],clipart__clip_pc1_low|real__clip_pc1_high|real__clip_pc1_low,clipart__clip_pc1_low|real__clip_pc1_high|real__clip_pc1_low
new_seeds,resnet50,20260919,infograph,logistic,error_rate,100,89,111,0.8018018018018018,1,1,0,0,0.0,0.0,0.0,0,1,False,False,False,False,False,False,False,False,False,False,[],[],clipart__clip_pc1_low|real__clip_pc1_high|real__clip_pc1_low,clipart__clip_pc1_low|real__clip_pc1_high|real__clip_pc1_low
new_seeds,resnet50,20260919,infograph,logistic,error_rate,227,222,232,0.9568965517241379,0,0,0,0,0.0,0.0,0.0,0,1,False,False,False,False,False,False,False,False,False,False,[],[],clipart__clip_pc1_low|real__clip_pc1_high|real__clip_pc1_low,clipart__clip_pc1_low|real__clip_pc1_high|real__clip_pc1_low
new_seeds,resnet50,20260919,painting,ridge,brier_score,10,8,12,0.6666666666666666,5,5,1,1,1.0,1.0,0.0,0,1,True,True,False,False,False,False,False,False,False,False,"[""real__clip_pc1_high|real__clip_pc1_low|sketch__clip_pc1_middle""]","[""clipart__clip_pc1_high|real__clip_pc1_high|real__clip_pc1_low""]",real__clip_pc1_high|real__clip_pc1_low|sketch__clip_pc1_high,real__clip_pc1_high|real__clip_pc1_low|sketch__clip_pc1_high
new_seeds,resnet50,20260919,painting,ridge,brier_score,25,21,29,0.7241379310344828,2,1,1,0,1.0,0.0,0.0,0,1,True,False,False,False,False,False,False,False,False,False,"[""infograph__clip_pc1_middle|real__clip_pc1_high|real__clip_pc1_low""]",[],real__clip_pc1_high|real__clip_pc1_low|sketch__clip_pc1_high,real__clip_pc1_high|real__clip_pc1_low|sketch__clip_pc1_high
new_seeds,resnet50,20260919,painting,ridge,brier_score,50,41,59,0.6949152542372882,2,0,2,0,2.0,0.0,0.0,0,1,True,False,False,False,False,False,False,False,False,False,"[""infograph__clip_pc1_low|real__clip_pc1_high|real__clip_pc1_low"", ""infograph__clip_pc1_middle|real__clip_pc1_high|real__clip_pc1_low""]",[],real__clip_pc1_high|real__clip_pc1_low|sketch__clip_pc1_high,real__clip_pc1_high|real__clip_pc1_low|sketch__clip_pc1_high
new_seeds,resnet50,20260919,painting,ridge,brier_score,100,88,112,0.7857142857142857,0,0,0,0,0.0,0.0,0.0,0,1,False,False,False,False,False,False,False,False,False,False,[],[],real__clip_pc1_high|real__clip_pc1_low|sketch__clip_pc1_high,real__clip_pc1_high|real__clip_pc1_low|sketch__clip_pc1_high
new_seeds,resnet50,20260919,painting,ridge,brier_score,227,207,247,0.8380566801619433,0,0,0,0,0.0,0.0,0.0,0,1,False,False,False,False,False,False,False,False,False,False,[],[],real__clip_pc1_high|real__clip_pc1_low|sketch__clip_pc1_high,real__clip_pc1_high|real__clip_pc1_low|sketch__clip_pc1_high
new_seeds,resnet50,20260919,painting,ridge,nll,10,8,12,0.6666666666666666,5,5,1,1,1.0,1.0,0.0,0,1,True,True,False,False,False,False,False,False,False,False,"[""real__clip_pc1_high|real__clip_pc1_low|sketch__clip_pc1_middle""]","[""clipart__clip_pc1_high|real__clip_pc1_high|real__clip_pc1_low""]",real__clip_pc1_high|real__clip_pc1_low|sketch__clip_pc1_high,real__clip_pc1_high|real__clip_pc1_low|sketch__clip_pc1_high
new_seeds,resnet50,20260919,painting,ridge,nll,25,21,29,0.7241379310344828,2,1,1,0,1.0,0.0,0.0,0,1,True,False,False,False,False,False,False,False,False,False,"[""infograph__clip_pc1_middle|real__clip_pc1_high|real__clip_pc1_low""]",[],real__clip_pc1_high|real__clip_pc1_low|sketch__clip_pc1_high,real__clip_pc1_high|real__clip_pc1_low|sketch__clip_pc1_high
new_seeds,resnet50,20260919,painting,ridge,nll,50,41,59,0.6949152542372882,2,0,2,0,2.0,0.0,0.0,0,1,True,False,False,False,False,False,False,False,False,False,"[""infograph__clip_pc1_low|real__clip_pc1_high|real__clip_pc1_low"", ""infograph__clip_pc1_middle|real__clip_pc1_high|real__clip_pc1_low""]",[],real__clip_pc1_high|real__clip_pc1_low|sketch__clip_pc1_high,real__clip_pc1_high|real__clip_pc1_low|sketch__clip_pc1_high
new_seeds,resnet50,20260919,painting,ridge,nll,100,88,112,0.7857142857142857,0,0,0,0,0.0,0.0,0.0,0,1,False,False,False,False,False,False,False,False,False,False,[],[],real__clip_pc1_high|real__clip_pc1_low|sketch__clip_pc1_high,real__clip_pc1_high|real__clip_pc1_low|sketch__clip_pc1_high
new_seeds,resnet50,20260919,painting,ridge,nll,227,207,247,0.8380566801619433,0,0,0,0,0.0,0.0,0.0,0,1,False,False,False,False,False,False,False,False,False,False,[],[],real__clip_pc1_high|real__clip_pc1_low|sketch__clip_pc1_high,real__clip_pc1_high|real__clip_pc1_low|sketch__clip_pc1_high
new_seeds,resnet50,20260919,painting,ridge,error_rate,10,8,12,0.6666666666666666,5,5,1,1,1.0,1.0,0.0,0,1,True,True,False,False,False,False,False,False,False,False,"[""real__clip_pc1_high|real__clip_pc1_low|sketch__clip_pc1_middle""]","[""clipart__clip_pc1_high|real__clip_pc1_high|real__clip_pc1_low""]",real__clip_pc1_high|real__clip_pc1_low|real__clip_pc1_middle,real__clip_pc1_high|real__clip_pc1_low|real__clip_pc1_middle
new_seeds,resnet50,20260919,painting,ridge,error_rate,25,21,29,0.7241379310344828,2,1,1,0,1.0,0.0,0.0,0,1,True,False,False,False,False,False,False,False,False,False,"[""infograph__clip_pc1_middle|real__clip_pc1_high|real__clip_pc1_low""]",[],real__clip_pc1_high|real__clip_pc1_low|sketch__clip_pc1_low,real__clip_pc1_high|real__clip_pc1_low|sketch__clip_pc1_low
new_seeds,resnet50,20260919,painting,ridge,error_rate,50,41,59,0.6949152542372882,2,1,1,0,1.0,0.0,0.0,0,1,True,False,False,False,False,False,False,False,False,False,"[""infograph__clip_pc1_middle|real__clip_pc1_high|real__clip_pc1_low""]",[],real__clip_pc1_high|real__clip_pc1_low|sketch__clip_pc1_low,real__clip_pc1_high|real__clip_pc1_low|sketch__clip_pc1_low
new_seeds,resnet50,20260919,painting,ridge,error_rate,100,88,112,0.7857142857142857,1,1,0,0,0.0,0.0,0.0,0,1,False,False,False,False,False,False,False,False,False,False,[],[],real__clip_pc1_high|real__clip_pc1_low|sketch__clip_pc1_low,real__clip_pc1_high|real__clip_pc1_low|sketch__clip_pc1_low
new_seeds,resnet50,20260919,painting,ridge,error_rate,227,207,247,0.8380566801619433,0,0,0,0,0.0,0.0,0.0,0,1,False,False,False,False,False,False,False,False,False,False,[],[],real__clip_pc1_high|real__clip_pc1_low|sketch__clip_pc1_low,real__clip_pc1_high|real__clip_pc1_low|sketch__clip_pc1_low
new_seeds,resnet50,20260919,painting,logistic,brier_score,10,8,12,0.6666666666666666,4,4,1,1,1.0,1.0,0.0,0,1,True,True,False,False,False,False,False,False,False,False,"[""real__clip_pc1_high|real__clip_pc1_low|sketch__clip_pc1_middle""]","[""clipart__clip_pc1_high|real__clip_pc1_high|real__clip_pc1_low""]",real__clip_pc1_high|real__clip_pc1_low|sketch__clip_pc1_high,real__clip_pc1_high|real__clip_pc1_low|sketch__clip_pc1_high
new_seeds,resnet50,20260919,painting,logistic,brier_score,25,21,29,0.7241379310344828,1,0,1,0,1.0,0.0,0.0,0,1,True,False,False,False,False,False,False,False,False,False,"[""infograph__clip_pc1_middle|real__clip_pc1_high|real__clip_pc1_low""]",[],real__clip_pc1_high|real__clip_pc1_low|sketch__clip_pc1_high,real__clip_pc1_high|real__clip_pc1_low|sketch__clip_pc1_high
new_seeds,resnet50,20260919,painting,logistic,brier_score,50,41,59,0.6949152542372882,1,0,1,0,1.0,0.0,0.0,0,1,True,False,False,False,False,False,False,False,False,False,"[""infograph__clip_pc1_middle|real__clip_pc1_high|real__clip_pc1_low""]",[],real__clip_pc1_high|real__clip_pc1_low|sketch__clip_pc1_high,real__clip_pc1_high|real__clip_pc1_low|sketch__clip_pc1_high
new_seeds,resnet50,20260919,painting,logistic,brier_score,100,88,112,0.7857142857142857,0,0,0,0,0.0,0.0,0.0,0,1,False,False,False,False,False,False,False,False,False,False,[],[],real__clip_pc1_high|real__clip_pc1_low|sketch__clip_pc1_high,real__clip_pc1_high|real__clip_pc1_low|sketch__clip_pc1_high
new_seeds,resnet50,20260919,painting,logistic,brier_score,227,207,247,0.8380566801619433,0,0,0,0,0.0,0.0,0.0,0,1,False,False,False,False,False,False,False,False,False,False,[],[],real__clip_pc1_high|real__clip_pc1_low|sketch__clip_pc1_high,real__clip_pc1_high|real__clip_pc1_low|sketch__clip_pc1_high
new_seeds,resnet50,20260919,painting,logistic,nll,10,8,12,0.6666666666666666,5,6,1,2,1.0,2.0,0.0,0,1,True,True,False,False,False,False,False,False,False,False,"[""real__clip_pc1_high|real__clip_pc1_low|sketch__clip_pc1_middle""]","[""clipart__clip_pc1_high|real__clip_pc1_high|real__clip_pc1_low"", ""clipart__clip_pc1_high|real__clip_pc1_high|real__clip_pc1_middle""]",clipart__clip_pc1_middle|real__clip_pc1_high|real__clip_pc1_low,clipart__clip_pc1_middle|real__clip_pc1_high|real__clip_pc1_low
new_seeds,resnet50,20260919,painting,logistic,nll,25,21,29,0.7241379310344828,2,1,1,0,1.0,0.0,0.0,0,1,True,False,False,False,False,False,False,False,False,False,"[""infograph__clip_pc1_middle|real__clip_pc1_high|real__clip_pc1_low""]",[],clipart__clip_pc1_middle|real__clip_pc1_high|real__clip_pc1_low,clipart__clip_pc1_middle|real__clip_pc1_high|real__clip_pc1_low
new_seeds,resnet50,20260919,painting,logistic,nll,50,41,59,0.6949152542372882,2,0,2,0,2.0,0.0,0.0,0,1,True,False,False,False,False,False,False,False,False,False,"[""infograph__clip_pc1_low|real__clip_pc1_high|real__clip_pc1_low"", ""infograph__clip_pc1_middle|real__clip_pc1_high|real__clip_pc1_low""]",[],clipart__clip_pc1_middle|real__clip_pc1_high|real__clip_pc1_low,clipart__clip_pc1_middle|real__clip_pc1_high|real__clip_pc1_low
new_seeds,resnet50,20260919,painting,logistic,nll,100,88,112,0.7857142857142857,0,0,0,0,0.0,0.0,0.0,0,1,False,False,False,False,False,False,False,False,False,False,[],[],clipart__clip_pc1_middle|real__clip_pc1_high|real__clip_pc1_low,clipart__clip_pc1_middle|real__clip_pc1_high|real__clip_pc1_low
new_seeds,resnet50,20260919,painting,logistic,nll,227,207,247,0.8380566801619433,0,0,0,0,0.0,0.0,0.0,0,1,False,False,False,False,False,False,False,False,False,False,[],[],clipart__clip_pc1_middle|real__clip_pc1_high|real__clip_pc1_low,clipart__clip_pc1_middle|real__clip_pc1_high|real__clip_pc1_low
new_seeds,resnet50,20260919,painting,logistic,error_rate,10,8,12,0.6666666666666666,5,5,1,1,1.0,1.0,0.0,0,1,True,True,False,False,False,False,False,False,False,False,"[""real__clip_pc1_high|real__clip_pc1_low|sketch__clip_pc1_middle""]","[""clipart__clip_pc1_high|real__clip_pc1_high|real__clip_pc1_low""]",clipart__clip_pc1_high|real__clip_pc1_high|real__clip_pc1_low,clipart__clip_pc1_high|real__clip_pc1_high|real__clip_pc1_low
new_seeds,resnet50,20260919,painting,logistic,error_rate,25,21,29,0.7241379310344828,2,1,1,0,1.0,0.0,0.0,0,1,True,False,False,False,False,False,False,False,False,False,"[""infograph__clip_pc1_middle|real__clip_pc1_high|real__clip_pc1_low""]",[],clipart__clip_pc1_high|real__clip_pc1_high|real__clip_pc1_low,clipart__clip_pc1_high|real__clip_pc1_high|real__clip_pc1_low
new_seeds,resnet50,20260919,painting,logistic,error_rate,50,41,59,0.6949152542372882,2,0,2,0,2.0,0.0,0.0,0,1,True,False,False,False,False,False,False,False,False,False,"[""infograph__clip_pc1_low|real__clip_pc1_high|real__clip_pc1_low"", ""infograph__clip_pc1_middle|real__clip_pc1_high|real__clip_pc1_low""]",[],clipart__clip_pc1_high|real__clip_pc1_high|real__clip_pc1_low,clipart__clip_pc1_high|real__clip_pc1_high|real__clip_pc1_low
new_seeds,resnet50,20260919,painting,logistic,error_rate,100,88,112,0.7857142857142857,0,0,0,0,0.0,0.0,0.0,0,1,False,False,False,False,False,False,False,False,False,False,[],[],clipart__clip_pc1_high|real__clip_pc1_high|real__clip_pc1_low,clipart__clip_pc1_high|real__clip_pc1_high|real__clip_pc1_low
new_seeds,resnet50,20260919,painting,logistic,error_rate,227,207,247,0.8380566801619433,0,0,0,0,0.0,0.0,0.0,0,1,False,False,False,False,False,False,False,False,False,False,[],[],clipart__clip_pc1_high|real__clip_pc1_high|real__clip_pc1_low,clipart__clip_pc1_high|real__clip_pc1_high|real__clip_pc1_low
new_seeds,resnet50,20260919,quickdraw,ridge,brier_score,10,6,14,0.42857142857142855,7,8,0,1,0.0,1.0,0.0,0,1,False,True,False,False,False,False,False,False,False,False,[],"[""clipart__clip_pc1_middle|sketch__clip_pc1_low|sketch__clip_pc1_middle""]",clipart__clip_pc1_low|sketch__clip_pc1_low|sketch__clip_pc1_middle,clipart__clip_pc1_low|sketch__clip_pc1_low|sketch__clip_pc1_middle
new_seeds,resnet50,20260919,quickdraw,ridge,brier_score,25,10,40,0.25,4,7,0,3,0.0,3.0,0.0,0,1,False,True,False,True,False,False,False,False,False,False,[],"[""clipart__clip_pc1_low|clipart__clip_pc1_middle|sketch__clip_pc1_low"", ""clipart__clip_pc1_low|real__clip_pc1_low|sketch__clip_pc1_low"", ""clipart__clip_pc1_middle|real__clip_pc1_low|sketch__clip_pc1_low""]",clipart__clip_pc1_low|clipart__clip_pc1_middle|sketch__clip_pc1_low,clipart__clip_pc1_low|clipart__clip_pc1_middle|sketch__clip_pc1_low
new_seeds,resnet50,20260919,quickdraw,ridge,brier_score,50,29,71,0.4084507042253521,2,7,0,5,0.0,5.0,0.0,0,1,False,True,False,True,False,False,False,False,False,False,[],"[""clipart__clip_pc1_high|clipart__clip_pc1_low|sketch__clip_pc1_low"", ""clipart__clip_pc1_high|real__clip_pc1_low|sketch__clip_pc1_low"", ""clipart__clip_pc1_low|clipart__clip_pc1_middle|sketch__clip_pc1_low"", ""clipart__clip_pc1_low|real__clip_pc1_low|sketch__clip_pc1_low"", ""clipart__clip_pc1_middle|real__clip_pc1_low|sketch__clip_pc1_low""]",clipart__clip_pc1_high|clipart__clip_pc1_low|sketch__clip_pc1_low,clipart__clip_pc1_high|clipart__clip_pc1_low|sketch__clip_pc1_low
new_seeds,resnet50,20260919,quickdraw,ridge,brier_score,100,78,122,0.639344262295082,2,4,0,2,0.0,2.0,0.0,0,1,False,True,False,False,False,False,False,False,False,False,[],"[""clipart__clip_pc1_high|clipart__clip_pc1_low|sketch__clip_pc1_low"", ""clipart__clip_pc1_high|real__clip_pc1_low|sketch__clip_pc1_low""]",clipart__clip_pc1_high|clipart__clip_pc1_low|sketch__clip_pc1_low,clipart__clip_pc1_high|clipart__clip_pc1_low|sketch__clip_pc1_low
new_seeds,resnet50,20260919,quickdraw,ridge,brier_score,227,206,248,0.8306451612903226,0,1,0,1,0.0,1.0,0.0,0,1,False,True,False,False,False,False,False,False,False,False,[],"[""clipart__clip_pc1_high|clipart__clip_pc1_low|clipart__clip_pc1_middle""]",clipart__clip_pc1_high|clipart__clip_pc1_low|sketch__clip_pc1_low,clipart__clip_pc1_high|clipart__clip_pc1_low|sketch__clip_pc1_low
new_seeds,resnet50,20260919,quickdraw,ridge,nll,10,6,14,0.42857142857142855,7,8,0,1,0.0,1.0,0.0,0,1,False,True,False,False,False,False,False,False,False,False,[],"[""clipart__clip_pc1_middle|sketch__clip_pc1_low|sketch__clip_pc1_middle""]",clipart__clip_pc1_low|sketch__clip_pc1_low|sketch__clip_pc1_middle,clipart__clip_pc1_low|sketch__clip_pc1_low|sketch__clip_pc1_middle
new_seeds,resnet50,20260919,quickdraw,ridge,nll,25,10,40,0.25,3,7,0,4,0.0,4.0,0.0,0,1,False,True,False,True,False,False,False,False,False,False,[],"[""clipart__clip_pc1_high|sketch__clip_pc1_low|sketch__clip_pc1_middle"", ""clipart__clip_pc1_low|clipart__clip_pc1_middle|sketch__clip_pc1_low"", ""clipart__clip_pc1_low|real__clip_pc1_low|sketch__clip_pc1_low"", ""clipart__clip_pc1_middle|real__clip_pc1_low|sketch__clip_pc1_low""]",clipart__clip_pc1_low|clipart__clip_pc1_middle|sketch__clip_pc1_low,clipart__clip_pc1_low|clipart__clip_pc1_middle|sketch__clip_pc1_low
new_seeds,resnet50,20260919,quickdraw,ridge,nll,50,29,71,0.4084507042253521,1,7,0,6,0.0,6.0,0.0,0,1,False,True,False,True,False,False,False,False,False,False,[],"[""clipart__clip_pc1_high|clipart__clip_pc1_low|sketch__clip_pc1_low"", ""clipart__clip_pc1_high|real__clip_pc1_low|sketch__clip_pc1_low"", ""clipart__clip_pc1_high|sketch__clip_pc1_low|sketch__clip_pc1_middle"", ""clipart__clip_pc1_low|clipart__clip_pc1_middle|sketch__clip_pc1_low"", ""clipart__clip_pc1_low|real__clip_pc1_low|sketch__clip_pc1_low"", ""clipart__clip_pc1_middle|real__clip_pc1_low|sketch__clip_pc1_low""]",clipart__clip_pc1_high|clipart__clip_pc1_low|sketch__clip_pc1_low,clipart__clip_pc1_high|clipart__clip_pc1_low|sketch__clip_pc1_low
new_seeds,resnet50,20260919,quickdraw,ridge,nll,100,78,122,0.639344262295082,1,3,0,2,0.0,2.0,0.0,0,1,False,True,False,False,False,False,False,False,False,False,[],"[""clipart__clip_pc1_high|clipart__clip_pc1_low|sketch__clip_pc1_low"", ""clipart__clip_pc1_high|real__clip_pc1_low|sketch__clip_pc1_low""]",clipart__clip_pc1_high|clipart__clip_pc1_low|sketch__clip_pc1_low,clipart__clip_pc1_high|clipart__clip_pc1_low|sketch__clip_pc1_low
new_seeds,resnet50,20260919,quickdraw,ridge,nll,227,206,248,0.8306451612903226,0,0,0,0,0.0,0.0,0.0,0,1,False,False,False,False,False,False,False,False,False,False,[],[],clipart__clip_pc1_high|clipart__clip_pc1_low|sketch__clip_pc1_low,clipart__clip_pc1_high|clipart__clip_pc1_low|sketch__clip_pc1_low
new_seeds,resnet50,20260919,quickdraw,ridge,error_rate,10,6,14,0.42857142857142855,8,10,0,2,0.0,2.0,0.0,0,1,False,True,False,False,False,False,False,False,False,False,[],"[""clipart__clip_pc1_low|sketch__clip_pc1_high|sketch__clip_pc1_low"", ""clipart__clip_pc1_middle|sketch__clip_pc1_low|sketch__clip_pc1_middle""]",clipart__clip_pc1_middle|sketch__clip_pc1_low|sketch__clip_pc1_middle,clipart__clip_pc1_middle|sketch__clip_pc1_low|sketch__clip_pc1_middle
new_seeds,resnet50,20260919,quickdraw,ridge,error_rate,25,10,40,0.25,7,9,0,2,0.0,2.0,0.0,0,1,False,True,False,True,False,False,False,False,False,False,[],"[""clipart__clip_pc1_low|sketch__clip_pc1_high|sketch__clip_pc1_low"", ""clipart__clip_pc1_middle|sketch__clip_pc1_high|sketch__clip_pc1_low""]",clipart__clip_pc1_middle|sketch__clip_pc1_low|sketch__clip_pc1_middle,clipart__clip_pc1_middle|sketch__clip_pc1_low|sketch__clip_pc1_middle
new_seeds,resnet50,20260919,quickdraw,ridge,error_rate,50,29,71,0.4084507042253521,4,7,0,3,0.0,3.0,0.0,0,1,False,True,False,True,False,False,False,False,False,False,[],"[""clipart__clip_pc1_middle|painting__clip_pc1_middle|sketch__clip_pc1_low"", ""clipart__clip_pc1_middle|real__clip_pc1_middle|sketch__clip_pc1_low"", ""clipart__clip_pc1_middle|sketch__clip_pc1_high|sketch__clip_pc1_low""]",clipart__clip_pc1_middle|sketch__clip_pc1_low|sketch__clip_pc1_middle,clipart__clip_pc1_middle|sketch__clip_pc1_low|sketch__clip_pc1_middle
new_seeds,resnet50,20260919,quickdraw,ridge,error_rate,100,78,122,0.639344262295082,3,3,0,0,0.0,0.0,0.0,0,1,False,False,False,False,False,False,False,False,False,False,[],[],clipart__clip_pc1_middle|sketch__clip_pc1_low|sketch__clip_pc1_middle,clipart__clip_pc1_middle|sketch__clip_pc1_low|sketch__clip_pc1_middle
new_seeds,resnet50,20260919,quickdraw,ridge,error_rate,227,206,248,0.8306451612903226,0,0,0,0,0.0,0.0,0.0,0,1,False,False,False,False,False,False,False,False,False,False,[],[],clipart__clip_pc1_middle|infograph__clip_pc1_low|sketch__clip_pc1_low,clipart__clip_pc1_middle|infograph__clip_pc1_low|sketch__clip_pc1_low
new_seeds,resnet50,20260919,quickdraw,logistic,brier_score,10,6,14,0.42857142857142855,8,10,0,2,0.0,2.0,0.0,0,1,False,True,False,False,False,False,False,False,False,False,[],"[""clipart__clip_pc1_low|sketch__clip_pc1_high|sketch__clip_pc1_low"", ""clipart__clip_pc1_middle|sketch__clip_pc1_low|sketch__clip_pc1_middle""]",clipart__clip_pc1_low|sketch__clip_pc1_high|sketch__clip_pc1_low,clipart__clip_pc1_low|sketch__clip_pc1_high|sketch__clip_pc1_low
new_seeds,resnet50,20260919,quickdraw,logistic,brier_score,25,10,40,0.25,5,8,1,4,1.0,4.0,0.0,0,1,True,True,False,False,False,False,False,False,False,False,"[""clipart__clip_pc1_middle|real__clip_pc1_high|sketch__clip_pc1_low""]","[""clipart__clip_pc1_low|clipart__clip_pc1_middle|sketch__clip_pc1_low"", ""clipart__clip_pc1_low|real__clip_pc1_middle|sketch__clip_pc1_low"", ""clipart__clip_pc1_low|sketch__clip_pc1_high|sketch__clip_pc1_low"", ""clipart__clip_pc1_middle|sketch__clip_pc1_high|sketch__clip_pc1_low""]",clipart__clip_pc1_low|sketch__clip_pc1_high|sketch__clip_pc1_low,clipart__clip_pc1_low|sketch__clip_pc1_high|sketch__clip_pc1_low
new_seeds,resnet50,20260919,quickdraw,logistic,brier_score,50,29,71,0.4084507042253521,2,5,1,4,1.0,4.0,0.0,0,1,True,True,False,True,False,False,False,False,False,False,"[""clipart__clip_pc1_middle|real__clip_pc1_middle|sketch__clip_pc1_middle""]","[""clipart__clip_pc1_low|clipart__clip_pc1_middle|sketch__clip_pc1_low"", ""clipart__clip_pc1_middle|real__clip_pc1_middle|sketch__clip_pc1_low"", ""clipart__clip_pc1_middle|sketch__clip_pc1_high|sketch__clip_pc1_low"", ""real__clip_pc1_middle|sketch__clip_pc1_high|sketch__clip_pc1_low""]",clipart__clip_pc1_low|sketch__clip_pc1_high|sketch__clip_pc1_low,clipart__clip_pc1_low|sketch__clip_pc1_high|sketch__clip_pc1_low
new_seeds,resnet50,20260919,quickdraw,logistic,brier_score,100,78,122,0.639344262295082,0,0,0,0,0.0,0.0,0.0,0,1,False,False,False,False,False,False,False,False,False,False,[],[],clipart__clip_pc1_low|sketch__clip_pc1_high|sketch__clip_pc1_low,clipart__clip_pc1_low|sketch__clip_pc1_high|sketch__clip_pc1_low
new_seeds,resnet50,20260919,quickdraw,logistic,brier_score,227,206,248,0.8306451612903226,0,0,0,0,0.0,0.0,0.0,0,1,False,False,False,False,False,False,False,False,False,False,[],[],clipart__clip_pc1_low|sketch__clip_pc1_high|sketch__clip_pc1_low,clipart__clip_pc1_low|sketch__clip_pc1_high|sketch__clip_pc1_low
new_seeds,resnet50,20260919,quickdraw,logistic,nll,10,6,14,0.42857142857142855,8,9,0,1,0.0,1.0,0.0,0,1,False,True,False,True,False,False,False,False,False,False,[],"[""clipart__clip_pc1_low|sketch__clip_pc1_high|sketch__clip_pc1_low""]",clipart__clip_pc1_low|sketch__clip_pc1_high|sketch__clip_pc1_low,clipart__clip_pc1_low|sketch__clip_pc1_high|sketch__clip_pc1_low
new_seeds,resnet50,20260919,quickdraw,logistic,nll,25,10,40,0.25,6,9,0,3,0.0,3.0,0.0,0,1,False,True,False,True,False,False,False,True,False,False,[],"[""clipart__clip_pc1_high|sketch__clip_pc1_low|sketch__clip_pc1_middle"", ""clipart__clip_pc1_low|sketch__clip_pc1_high|sketch__clip_pc1_low"", ""painting__clip_pc1_low|sketch__clip_pc1_high|sketch__clip_pc1_low""]",clipart__clip_pc1_low|sketch__clip_pc1_high|sketch__clip_pc1_low,clipart__clip_pc1_low|sketch__clip_pc1_high|sketch__clip_pc1_low
new_seeds,resnet50,20260919,quickdraw,logistic,nll,50,29,71,0.4084507042253521,4,7,0,3,0.0,3.0,0.0,0,1,False,True,False,False,False,False,False,False,False,False,[],"[""clipart__clip_pc1_high|clipart__clip_pc1_low|sketch__clip_pc1_low"", ""clipart__clip_pc1_high|sketch__clip_pc1_high|sketch__clip_pc1_low"", ""clipart__clip_pc1_high|sketch__clip_pc1_low|sketch__clip_pc1_middle""]",clipart__clip_pc1_high|sketch__clip_pc1_high|sketch__clip_pc1_low,clipart__clip_pc1_high|sketch__clip_pc1_high|sketch__clip_pc1_low
new_seeds,resnet50,20260919,quickdraw,logistic,nll,100,78,122,0.639344262295082,3,6,0,3,0.0,3.0,0.0,0,1,False,True,False,False,False,False,False,False,False,False,[],"[""clipart__clip_pc1_high|clipart__clip_pc1_low|sketch__clip_pc1_high"", ""clipart__clip_pc1_high|clipart__clip_pc1_low|sketch__clip_pc1_low"", ""clipart__clip_pc1_high|sketch__clip_pc1_high|sketch__clip_pc1_low""]",clipart__clip_pc1_high|sketch__clip_pc1_high|sketch__clip_pc1_low,clipart__clip_pc1_high|sketch__clip_pc1_high|sketch__clip_pc1_low
new_seeds,resnet50,20260919,quickdraw,logistic,nll,227,206,248,0.8306451612903226,0,1,0,1,0.0,1.0,0.0,0,1,False,True,False,False,False,False,False,False,False,False,[],"[""clipart__clip_pc1_high|clipart__clip_pc1_middle|sketch__clip_pc1_high""]",clipart__clip_pc1_high|sketch__clip_pc1_high|sketch__clip_pc1_low,clipart__clip_pc1_high|sketch__clip_pc1_high|sketch__clip_pc1_low
new_seeds,resnet50,20260919,quickdraw,logistic,error_rate,10,6,14,0.42857142857142855,9,10,0,1,0.0,1.0,0.0,1,2,False,True,False,False,True,False,True,False,True,False,[],"[""clipart__clip_pc1_low|sketch__clip_pc1_high|sketch__clip_pc1_low""]",clipart__clip_pc1_low|sketch__clip_pc1_low|sketch__clip_pc1_middle,clipart__clip_pc1_low|painting__clip_pc1_low|sketch__clip_pc1_middle
new_seeds,resnet50,20260919,quickdraw,logistic,error_rate,25,10,40,0.25,7,9,1,3,1.0,3.0,0.0,7,2,True,True,False,False,True,True,False,True,False,False,"[""clipart__clip_pc1_middle|real__clip_pc1_high|sketch__clip_pc1_low""]","[""clipart__clip_pc1_low|clipart__clip_pc1_middle|sketch__clip_pc1_low"", ""clipart__clip_pc1_low|sketch__clip_pc1_high|sketch__clip_pc1_low"", ""clipart__clip_pc1_middle|sketch__clip_pc1_high|sketch__clip_pc1_low""]",clipart__clip_pc1_low|sketch__clip_pc1_high|sketch__clip_pc1_middle,clipart__clip_pc1_low|painting__clip_pc1_high|sketch__clip_pc1_middle
new_seeds,resnet50,20260919,quickdraw,logistic,error_rate,50,29,71,0.4084507042253521,5,7,1,3,1.0,3.0,0.0,9,2,True,True,False,True,True,True,False,False,False,False,"[""real__clip_pc1_high|real__clip_pc1_middle|sketch__clip_pc1_low""]","[""clipart__clip_pc1_low|clipart__clip_pc1_middle|sketch__clip_pc1_low"", ""clipart__clip_pc1_middle|real__clip_pc1_middle|sketch__clip_pc1_low"", ""clipart__clip_pc1_middle|sketch__clip_pc1_high|sketch__clip_pc1_low""]",clipart__clip_pc1_low|painting__clip_pc1_low|sketch__clip_pc1_middle,clipart__clip_pc1_low|painting__clip_pc1_high|sketch__clip_pc1_middle
new_seeds,resnet50,20260919,quickdraw,logistic,error_rate,100,78,122,0.639344262295082,1,0,1,0,1.0,0.0,0.0,10,2,True,False,False,False,False,False,False,False,False,False,"[""painting__clip_pc1_high|real__clip_pc1_middle|sketch__clip_pc1_low""]",[],clipart__clip_pc1_low|real__clip_pc1_high|sketch__clip_pc1_high,clipart__clip_pc1_low|real__clip_pc1_high|sketch__clip_pc1_high
new_seeds,resnet50,20260919,quickdraw,logistic,error_rate,227,206,248,0.8306451612903226,0,0,0,0,0.0,0.0,0.0,3,2,False,False,False,False,False,False,False,False,False,False,[],[],clipart__clip_pc1_low|infograph__clip_pc1_low|sketch__clip_pc1_high,clipart__clip_pc1_low|infograph__clip_pc1_low|sketch__clip_pc1_high
new_seeds,resnet50,20260919,real,ridge,brier_score,10,10,10,1.0,4,4,0,0,0,0,0.0,0,1,False,False,False,False,False,False,False,False,False,False,[],[],painting__clip_pc1_high|painting__clip_pc1_low|painting__clip_pc1_middle,painting__clip_pc1_high|painting__clip_pc1_low|painting__clip_pc1_middle
new_seeds,resnet50,20260919,real,ridge,brier_score,25,22,28,0.7857142857142857,1,0,1,0,1.0,0.0,0.0,0,1,True,False,False,False,False,False,False,False,False,False,"[""clipart__clip_pc1_high|painting__clip_pc1_low|painting__clip_pc1_middle""]",[],painting__clip_pc1_high|painting__clip_pc1_low|painting__clip_pc1_middle,painting__clip_pc1_high|painting__clip_pc1_low|painting__clip_pc1_middle
new_seeds,resnet50,20260919,real,ridge,brier_score,50,44,56,0.7857142857142857,0,0,0,0,0.0,0.0,0.0,0,1,False,False,False,False,False,False,False,False,False,False,[],[],painting__clip_pc1_high|painting__clip_pc1_low|painting__clip_pc1_middle,painting__clip_pc1_high|painting__clip_pc1_low|painting__clip_pc1_middle
new_seeds,resnet50,20260919,real,ridge,brier_score,100,91,109,0.8348623853211009,0,0,0,0,0.0,0.0,0.0,0,1,False,False,False,False,False,False,False,False,False,False,[],[],painting__clip_pc1_high|painting__clip_pc1_low|painting__clip_pc1_middle,painting__clip_pc1_high|painting__clip_pc1_low|painting__clip_pc1_middle
new_seeds,resnet50,20260919,real,ridge,brier_score,227,206,248,0.8306451612903226,0,0,0,0,0.0,0.0,0.0,0,1,False,False,False,False,False,False,False,False,False,False,[],[],painting__clip_pc1_high|painting__clip_pc1_low|painting__clip_pc1_middle,painting__clip_pc1_high|painting__clip_pc1_low|painting__clip_pc1_middle
new_seeds,resnet50,20260919,real,ridge,nll,10,10,10,1.0,5,5,0,0,0,0,0.0,0,1,False,False,False,False,False,False,False,False,False,False,[],[],clipart__clip_pc1_low|painting__clip_pc1_low|painting__clip_pc1_middle,clipart__clip_pc1_low|painting__clip_pc1_low|painting__clip_pc1_middle
new_seeds,resnet50,20260919,real,ridge,nll,25,22,28,0.7857142857142857,3,2,1,0,1.0,0.0,0.0,0,1,True,False,False,False,False,False,False,False,False,False,"[""clipart__clip_pc1_high|painting__clip_pc1_low|painting__clip_pc1_middle""]",[],clipart__clip_pc1_low|painting__clip_pc1_low|painting__clip_pc1_middle,clipart__clip_pc1_low|painting__clip_pc1_low|painting__clip_pc1_middle
new_seeds,resnet50,20260919,real,ridge,nll,50,44,56,0.7857142857142857,0,0,0,0,0.0,0.0,0.0,0,1,False,False,False,False,False,False,False,False,False,False,[],[],clipart__clip_pc1_low|painting__clip_pc1_low|painting__clip_pc1_middle,clipart__clip_pc1_low|painting__clip_pc1_low|painting__clip_pc1_middle
new_seeds,resnet50,20260919,real,ridge,nll,100,91,109,0.8348623853211009,0,0,0,0,0.0,0.0,0.0,0,1,False,False,False,False,False,False,False,False,False,False,[],[],clipart__clip_pc1_low|painting__clip_pc1_low|painting__clip_pc1_middle,clipart__clip_pc1_low|painting__clip_pc1_low|painting__clip_pc1_middle
new_seeds,resnet50,20260919,real,ridge,nll,227,206,248,0.8306451612903226,0,0,0,0,0.0,0.0,0.0,0,1,False,False,False,False,False,False,False,False,False,False,[],[],clipart__clip_pc1_low|painting__clip_pc1_low|painting__clip_pc1_middle,clipart__clip_pc1_low|painting__clip_pc1_low|painting__clip_pc1_middle
new_seeds,resnet50,20260919,real,ridge,error_rate,10,10,10,1.0,7,7,0,0,0,0,0.0,0,2,False,False,False,False,False,False,False,False,False,False,[],[],clipart__clip_pc1_low|painting__clip_pc1_high|painting__clip_pc1_low,clipart__clip_pc1_low|painting__clip_pc1_high|painting__clip_pc1_low
new_seeds,resnet50,20260919,real,ridge,error_rate,25,22,28,0.7857142857142857,7,6,1,0,1.0,0.0,0.0,0,2,True,False,False,False,False,False,False,False,False,False,"[""clipart__clip_pc1_low|clipart__clip_pc1_middle|painting__clip_pc1_middle""]",[],clipart__clip_pc1_low|painting__clip_pc1_high|painting__clip_pc1_low,clipart__clip_pc1_low|painting__clip_pc1_high|painting__clip_pc1_low
new_seeds,resnet50,20260919,real,ridge,error_rate,50,44,56,0.7857142857142857,4,3,1,0,1.0,0.0,0.0,0,2,True,False,False,False,False,False,False,False,False,False,"[""clipart__clip_pc1_high|clipart__clip_pc1_low|painting__clip_pc1_middle""]",[],clipart__clip_pc1_low|painting__clip_pc1_high|painting__clip_pc1_low,clipart__clip_pc1_low|painting__clip_pc1_high|painting__clip_pc1_low
new_seeds,resnet50,20260919,real,ridge,error_rate,100,91,109,0.8348623853211009,0,0,0,0,0.0,0.0,0.0,0,2,False,False,False,False,False,False,False,False,False,False,[],[],clipart__clip_pc1_low|painting__clip_pc1_high|painting__clip_pc1_low,clipart__clip_pc1_low|painting__clip_pc1_high|painting__clip_pc1_low
new_seeds,resnet50,20260919,real,ridge,error_rate,227,206,248,0.8306451612903226,0,0,0,0,0.0,0.0,0.0,0,2,False,False,False,False,False,False,False,False,False,False,[],[],clipart__clip_pc1_low|painting__clip_pc1_high|painting__clip_pc1_low,clipart__clip_pc1_low|painting__clip_pc1_high|painting__clip_pc1_low
new_seeds,resnet50,20260919,real,logistic,brier_score,10,10,10,1.0,3,3,0,0,0,0,0.0,0,1,False,False,False,False,False,False,False,False,False,False,[],[],painting__clip_pc1_high|painting__clip_pc1_low|painting__clip_pc1_middle,painting__clip_pc1_high|painting__clip_pc1_low|painting__clip_pc1_middle
new_seeds,resnet50,20260919,real,logistic,brier_score,25,22,28,0.7857142857142857,0,0,0,0,0.0,0.0,0.0,0,1,False,False,False,False,False,False,False,False,False,False,[],[],painting__clip_pc1_high|painting__clip_pc1_low|painting__clip_pc1_middle,painting__clip_pc1_high|painting__clip_pc1_low|painting__clip_pc1_middle
new_seeds,resnet50,20260919,real,logistic,brier_score,50,44,56,0.7857142857142857,0,0,0,0,0.0,0.0,0.0,0,1,False,False,False,False,False,False,False,False,False,False,[],[],painting__clip_pc1_high|painting__clip_pc1_low|painting__clip_pc1_middle,painting__clip_pc1_high|painting__clip_pc1_low|painting__clip_pc1_middle
new_seeds,resnet50,20260919,real,logistic,brier_score,100,91,109,0.8348623853211009,0,0,0,0,0.0,0.0,0.0,0,1,False,False,False,False,False,False,False,False,False,False,[],[],painting__clip_pc1_high|painting__clip_pc1_low|painting__clip_pc1_middle,painting__clip_pc1_high|painting__clip_pc1_low|painting__clip_pc1_middle
new_seeds,resnet50,20260919,real,logistic,brier_score,227,206,248,0.8306451612903226,0,0,0,0,0.0,0.0,0.0,0,1,False,False,False,False,False,False,False,False,False,False,[],[],painting__clip_pc1_high|painting__clip_pc1_low|painting__clip_pc1_middle,painting__clip_pc1_high|painting__clip_pc1_low|painting__clip_pc1_middle
new_seeds,resnet50,20260919,real,logistic,nll,10,10,10,1.0,5,5,0,0,0,0,0.0,0,1,False,False,False,False,False,False,False,False,False,False,[],[],clipart__clip_pc1_low|painting__clip_pc1_low|painting__clip_pc1_middle,clipart__clip_pc1_low|painting__clip_pc1_low|painting__clip_pc1_middle
new_seeds,resnet50,20260919,real,logistic,nll,25,22,28,0.7857142857142857,3,0,3,0,3.0,0.0,0.0,0,1,True,False,False,False,False,False,False,False,False,False,"[""clipart__clip_pc1_high|painting__clip_pc1_high|painting__clip_pc1_low"", ""clipart__clip_pc1_high|painting__clip_pc1_low|painting__clip_pc1_middle"", ""clipart__clip_pc1_low|clipart__clip_pc1_middle|painting__clip_pc1_middle""]",[],clipart__clip_pc1_low|painting__clip_pc1_low|painting__clip_pc1_middle,clipart__clip_pc1_low|painting__clip_pc1_low|painting__clip_pc1_middle
new_seeds,resnet50,20260919,real,logistic,nll,50,44,56,0.7857142857142857,0,0,0,0,0.0,0.0,0.0,0,1,False,False,False,False,False,False,False,False,False,False,[],[],clipart__clip_pc1_low|painting__clip_pc1_low|painting__clip_pc1_middle,clipart__clip_pc1_low|painting__clip_pc1_low|painting__clip_pc1_middle
new_seeds,resnet50,20260919,real,logistic,nll,100,91,109,0.8348623853211009,0,0,0,0,0.0,0.0,0.0,0,1,False,False,False,False,False,False,False,False,False,False,[],[],clipart__clip_pc1_low|painting__clip_pc1_low|painting__clip_pc1_middle,clipart__clip_pc1_low|painting__clip_pc1_low|painting__clip_pc1_middle
new_seeds,resnet50,20260919,real,logistic,nll,227,206,248,0.8306451612903226,0,0,0,0,0.0,0.0,0.0,0,1,False,False,False,False,False,False,False,False,False,False,[],[],clipart__clip_pc1_low|painting__clip_pc1_low|painting__clip_pc1_middle,clipart__clip_pc1_low|painting__clip_pc1_low|painting__clip_pc1_middle
new_seeds,resnet50,20260919,real,logistic,error_rate,10,10,10,1.0,7,7,0,0,0,0,0.0,0,1,False,False,False,False,False,False,False,False,False,False,[],[],clipart__clip_pc1_low|painting__clip_pc1_high|painting__clip_pc1_low,clipart__clip_pc1_low|painting__clip_pc1_high|painting__clip_pc1_low
new_seeds,resnet50,20260919,real,logistic,error_rate,25,22,28,0.7857142857142857,6,5,1,0,1.0,0.0,0.0,0,1,True,False,False,False,False,False,False,False,False,False,"[""clipart__clip_pc1_low|clipart__clip_pc1_middle|painting__clip_pc1_middle""]",[],clipart__clip_pc1_low|painting__clip_pc1_high|painting__clip_pc1_low,clipart__clip_pc1_low|painting__clip_pc1_high|painting__clip_pc1_low
new_seeds,resnet50,20260919,real,logistic,error_rate,50,44,56,0.7857142857142857,3,2,1,0,1.0,0.0,0.0,0,1,True,False,False,False,False,False,False,False,False,False,"[""clipart__clip_pc1_high|clipart__clip_pc1_low|painting__clip_pc1_middle""]",[],clipart__clip_pc1_low|painting__clip_pc1_high|painting__clip_pc1_low,clipart__clip_pc1_low|painting__clip_pc1_high|painting__clip_pc1_low
new_seeds,resnet50,20260919,real,logistic,error_rate,100,91,109,0.8348623853211009,1,0,1,0,1.0,0.0,0.0,0,1,True,False,False,False,False,False,False,False,False,False,"[""clipart__clip_pc1_high|clipart__clip_pc1_middle|painting__clip_pc1_middle""]",[],clipart__clip_pc1_low|painting__clip_pc1_high|painting__clip_pc1_low,clipart__clip_pc1_low|painting__clip_pc1_high|painting__clip_pc1_low
new_seeds,resnet50,20260919,real,logistic,error_rate,227,206,248,0.8306451612903226,0,0,0,0,0.0,0.0,0.0,0,1,False,False,False,False,False,False,False,False,False,False,[],[],clipart__clip_pc1_low|painting__clip_pc1_high|painting__clip_pc1_low,clipart__clip_pc1_low|painting__clip_pc1_high|painting__clip_pc1_low
new_seeds,resnet50,20260919,sketch,ridge,brier_score,10,2,18,0.1111111111111111,8,8,2,2,2.0,2.0,0.0,0,1,True,True,False,False,False,False,False,False,False,False,"[""clipart__clip_pc1_low|painting__clip_pc1_middle|real__clip_pc1_high"", ""clipart__clip_pc1_low|real__clip_pc1_high|real__clip_pc1_middle""]","[""clipart__clip_pc1_high|clipart__clip_pc1_low|real__clip_pc1_high"", ""clipart__clip_pc1_low|clipart__clip_pc1_middle|real__clip_pc1_high""]",clipart__clip_pc1_high|clipart__clip_pc1_low|real__clip_pc1_high,clipart__clip_pc1_high|clipart__clip_pc1_low|real__clip_pc1_high
new_seeds,resnet50,20260919,sketch,ridge,brier_score,25,11,39,0.28205128205128205,8,5,5,2,5.0,2.0,9.117492983157227e-06,1,1,True,True,True,False,False,False,False,False,False,False,"[""clipart__clip_pc1_low|infograph__clip_pc1_high|real__clip_pc1_high"", ""clipart__clip_pc1_low|painting__clip_pc1_high|real__clip_pc1_high"", ""clipart__clip_pc1_low|painting__clip_pc1_middle|real__clip_pc1_high"", ""clipart__clip_pc1_low|real__clip_pc1_high|real__clip_pc1_low"", ""clipart__clip_pc1_low|real__clip_pc1_high|real__clip_pc1_middle""]","[""clipart__clip_pc1_high|clipart__clip_pc1_low|real__clip_pc1_high"", ""clipart__clip_pc1_low|clipart__clip_pc1_middle|real__clip_pc1_high""]",clipart__clip_pc1_high|clipart__clip_pc1_low|real__clip_pc1_high,clipart__clip_pc1_high|clipart__clip_pc1_low|real__clip_pc1_high
new_seeds,resnet50,20260919,sketch,ridge,brier_score,50,28,72,0.3888888888888889,4,3,2,1,2.0,1.0,0.0,0,1,True,True,False,False,False,False,False,False,False,False,"[""clipart__clip_pc1_low|painting__clip_pc1_high|real__clip_pc1_high"", ""clipart__clip_pc1_low|real__clip_pc1_high|real__clip_pc1_middle""]","[""clipart__clip_pc1_high|clipart__clip_pc1_low|real__clip_pc1_high""]",clipart__clip_pc1_high|clipart__clip_pc1_low|real__clip_pc1_high,clipart__clip_pc1_high|clipart__clip_pc1_low|real__clip_pc1_high
new_seeds,resnet50,20260919,sketch,ridge,brier_score,100,74,126,0.5873015873015873,1,0,1,0,1.0,0.0,0.0,0,1,True,False,False,False,False,False,False,False,False,False,"[""clipart__clip_pc1_low|infograph__clip_pc1_middle|real__clip_pc1_high""]",[],clipart__clip_pc1_high|clipart__clip_pc1_low|real__clip_pc1_high,clipart__clip_pc1_high|clipart__clip_pc1_low|real__clip_pc1_high
new_seeds,resnet50,20260919,sketch,ridge,brier_score,227,165,289,0.5709342560553633,0,0,0,0,0.0,0.0,0.0,0,1,False,False,False,False,False,False,False,False,False,False,[],[],clipart__clip_pc1_high|clipart__clip_pc1_low|real__clip_pc1_high,clipart__clip_pc1_high|clipart__clip_pc1_low|real__clip_pc1_high
new_seeds,resnet50,20260919,sketch,ridge,nll,10,2,18,0.1111111111111111,8,8,2,2,2.0,2.0,0.0,0,1,True,True,False,False,False,False,False,False,False,False,"[""clipart__clip_pc1_low|painting__clip_pc1_middle|real__clip_pc1_high"", ""clipart__clip_pc1_low|real__clip_pc1_high|real__clip_pc1_middle""]","[""clipart__clip_pc1_high|clipart__clip_pc1_low|real__clip_pc1_high"", ""clipart__clip_pc1_low|clipart__clip_pc1_middle|real__clip_pc1_high""]",clipart__clip_pc1_high|clipart__clip_pc1_low|real__clip_pc1_high,clipart__clip_pc1_high|clipart__clip_pc1_low|real__clip_pc1_high
new_seeds,resnet50,20260919,sketch,ridge,nll,25,11,39,0.28205128205128205,8,6,4,2,4.0,2.0,0.0002353868181534935,1,1,True,True,True,False,False,False,False,False,False,False,"[""clipart__clip_pc1_low|infograph__clip_pc1_high|real__clip_pc1_high"", ""clipart__clip_pc1_low|painting__clip_pc1_middle|real__clip_pc1_high"", ""clipart__clip_pc1_low|real__clip_pc1_high|real__clip_pc1_low"", ""clipart__clip_pc1_low|real__clip_pc1_high|real__clip_pc1_middle""]","[""clipart__clip_pc1_high|clipart__clip_pc1_low|real__clip_pc1_high"", ""clipart__clip_pc1_low|clipart__clip_pc1_middle|real__clip_pc1_high""]",clipart__clip_pc1_high|clipart__clip_pc1_low|real__clip_pc1_high,clipart__clip_pc1_high|clipart__clip_pc1_low|real__clip_pc1_high
new_seeds,resnet50,20260919,sketch,ridge,nll,50,28,72,0.3888888888888889,4,3,2,1,2.0,1.0,0.0,0,1,True,True,False,False,False,False,False,False,False,False,"[""clipart__clip_pc1_low|real__clip_pc1_high|real__clip_pc1_middle"", ""painting__clip_pc1_middle|real__clip_pc1_high|real__clip_pc1_low""]","[""clipart__clip_pc1_high|clipart__clip_pc1_low|real__clip_pc1_high""]",clipart__clip_pc1_high|clipart__clip_pc1_low|real__clip_pc1_high,clipart__clip_pc1_high|clipart__clip_pc1_low|real__clip_pc1_high
new_seeds,resnet50,20260919,sketch,ridge,nll,100,74,126,0.5873015873015873,2,0,2,0,2.0,0.0,0.0,0,1,True,False,False,False,False,False,False,False,False,False,"[""clipart__clip_pc1_low|infograph__clip_pc1_middle|real__clip_pc1_high"", ""painting__clip_pc1_middle|real__clip_pc1_high|real__clip_pc1_low""]",[],clipart__clip_pc1_high|clipart__clip_pc1_low|real__clip_pc1_high,clipart__clip_pc1_high|clipart__clip_pc1_low|real__clip_pc1_high
new_seeds,resnet50,20260919,sketch,ridge,nll,227,165,289,0.5709342560553633,0,0,0,0,0.0,0.0,0.0,0,1,False,False,False,False,False,False,False,False,False,False,[],[],clipart__clip_pc1_high|clipart__clip_pc1_low|real__clip_pc1_high,clipart__clip_pc1_high|clipart__clip_pc1_low|real__clip_pc1_high
new_seeds,resnet50,20260919,sketch,ridge,error_rate,10,2,18,0.1111111111111111,7,10,0,3,0.0,3.0,0.0,0,1,False,True,False,False,False,False,False,True,False,False,[],"[""clipart__clip_pc1_high|clipart__clip_pc1_low|painting__clip_pc1_middle"", ""clipart__clip_pc1_low|clipart__clip_pc1_middle|painting__clip_pc1_high"", ""clipart__clip_pc1_low|clipart__clip_pc1_middle|painting__clip_pc1_middle""]",clipart__clip_pc1_high|clipart__clip_pc1_low|painting__clip_pc1_middle,clipart__clip_pc1_high|clipart__clip_pc1_low|painting__clip_pc1_middle
new_seeds,resnet50,20260919,sketch,ridge,error_rate,25,11,39,0.28205128205128205,6,7,2,3,2.0,3.0,0.0,2,1,True,True,False,False,False,False,False,False,False,False,"[""clipart__clip_pc1_low|real__clip_pc1_high|real__clip_pc1_low"", ""clipart__clip_pc1_middle|painting__clip_pc1_high|painting__clip_pc1_low""]","[""clipart__clip_pc1_high|clipart__clip_pc1_low|painting__clip_pc1_high"", ""clipart__clip_pc1_high|clipart__clip_pc1_low|painting__clip_pc1_middle"", ""clipart__clip_pc1_low|clipart__clip_pc1_middle|painting__clip_pc1_high""]",clipart__clip_pc1_high|clipart__clip_pc1_low|painting__clip_pc1_high,clipart__clip_pc1_high|clipart__clip_pc1_low|painting__clip_pc1_high
new_seeds,resnet50,20260919,sketch,ridge,error_rate,50,28,72,0.3888888888888889,2,5,0,3,0.0,3.0,0.0,0,1,False,True,False,False,False,False,False,False,False,False,[],"[""clipart__clip_pc1_high|clipart__clip_pc1_low|painting__clip_pc1_high"", ""clipart__clip_pc1_high|clipart__clip_pc1_low|painting__clip_pc1_middle"", ""clipart__clip_pc1_middle|infograph__clip_pc1_high|painting__clip_pc1_middle""]",clipart__clip_pc1_high|clipart__clip_pc1_low|painting__clip_pc1_high,clipart__clip_pc1_high|clipart__clip_pc1_low|painting__clip_pc1_high
new_seeds,resnet50,20260919,sketch,ridge,error_rate,100,74,126,0.5873015873015873,0,1,0,1,0.0,1.0,0.0,0,1,False,True,False,True,False,False,False,False,False,False,[],"[""clipart__clip_pc1_high|clipart__clip_pc1_middle|painting__clip_pc1_middle""]",clipart__clip_pc1_high|clipart__clip_pc1_low|painting__clip_pc1_high,clipart__clip_pc1_high|clipart__clip_pc1_low|painting__clip_pc1_high
new_seeds,resnet50,20260919,sketch,ridge,error_rate,227,165,289,0.5709342560553633,0,0,0,0,0.0,0.0,0.0,0,1,False,False,False,False,False,False,False,False,False,False,[],[],clipart__clip_pc1_high|clipart__clip_pc1_low|painting__clip_pc1_high,clipart__clip_pc1_high|clipart__clip_pc1_low|painting__clip_pc1_high
new_seeds,resnet50,20260919,sketch,logistic,brier_score,10,2,18,0.1111111111111111,8,7,3,2,3.0,2.0,0.0,0,1,True,True,False,False,False,False,False,False,False,False,"[""clipart__clip_pc1_low|painting__clip_pc1_low|real__clip_pc1_high"", ""clipart__clip_pc1_low|painting__clip_pc1_middle|real__clip_pc1_high"", ""clipart__clip_pc1_low|real__clip_pc1_high|real__clip_pc1_middle""]","[""clipart__clip_pc1_high|clipart__clip_pc1_low|real__clip_pc1_high"", ""clipart__clip_pc1_low|clipart__clip_pc1_middle|real__clip_pc1_high""]",clipart__clip_pc1_low|clipart__clip_pc1_middle|real__clip_pc1_high,clipart__clip_pc1_low|clipart__clip_pc1_middle|real__clip_pc1_high
new_seeds,resnet50,20260919,sketch,logistic,brier_score,25,11,39,0.28205128205128205,7,4,5,2,5.0,2.0,0.0005384543893083293,1,1,True,True,True,False,False,False,False,False,False,False,"[""clipart__clip_pc1_low|infograph__clip_pc1_high|real__clip_pc1_high"", ""clipart__clip_pc1_low|painting__clip_pc1_high|real__clip_pc1_high"", ""clipart__clip_pc1_low|painting__clip_pc1_middle|real__clip_pc1_high"", ""clipart__clip_pc1_low|real__clip_pc1_high|real__clip_pc1_low"", ""clipart__clip_pc1_low|real__clip_pc1_high|real__clip_pc1_middle""]","[""clipart__clip_pc1_high|clipart__clip_pc1_low|real__clip_pc1_high"", ""clipart__clip_pc1_low|clipart__clip_pc1_middle|real__clip_pc1_high""]",clipart__clip_pc1_low|clipart__clip_pc1_middle|real__clip_pc1_high,clipart__clip_pc1_low|clipart__clip_pc1_middle|real__clip_pc1_high
new_seeds,resnet50,20260919,sketch,logistic,brier_score,50,28,72,0.3888888888888889,4,2,3,1,3.0,1.0,0.0,0,1,True,True,False,False,False,False,False,False,False,False,"[""clipart__clip_pc1_low|painting__clip_pc1_high|real__clip_pc1_high"", ""clipart__clip_pc1_low|real__clip_pc1_high|real__clip_pc1_middle"", ""painting__clip_pc1_middle|real__clip_pc1_high|real__clip_pc1_low""]","[""clipart__clip_pc1_high|clipart__clip_pc1_low|real__clip_pc1_high""]",clipart__clip_pc1_low|clipart__clip_pc1_middle|real__clip_pc1_high,clipart__clip_pc1_low|clipart__clip_pc1_middle|real__clip_pc1_high
new_seeds,resnet50,20260919,sketch,logistic,brier_score,100,74,126,0.5873015873015873,2,0,2,0,2.0,0.0,0.0,0,1,True,False,False,False,False,False,False,False,False,False,"[""clipart__clip_pc1_low|infograph__clip_pc1_middle|real__clip_pc1_high"", ""painting__clip_pc1_middle|real__clip_pc1_high|real__clip_pc1_low""]",[],clipart__clip_pc1_low|clipart__clip_pc1_middle|real__clip_pc1_high,clipart__clip_pc1_low|clipart__clip_pc1_middle|real__clip_pc1_high
new_seeds,resnet50,20260919,sketch,logistic,brier_score,227,165,289,0.5709342560553633,0,0,0,0,0.0,0.0,0.0,0,1,False,False,False,False,False,False,False,False,False,False,[],[],clipart__clip_pc1_low|clipart__clip_pc1_middle|real__clip_pc1_high,clipart__clip_pc1_low|clipart__clip_pc1_middle|real__clip_pc1_high
new_seeds,resnet50,20260919,sketch,logistic,nll,10,2,18,0.1111111111111111,8,9,1,2,1.0,2.0,0.0,0,1,True,True,False,False,False,False,False,False,False,False,"[""clipart__clip_pc1_middle|painting__clip_pc1_low|real__clip_pc1_high""]","[""clipart__clip_pc1_high|clipart__clip_pc1_low|painting__clip_pc1_middle"", ""clipart__clip_pc1_low|clipart__clip_pc1_middle|painting__clip_pc1_middle""]",clipart__clip_pc1_high|clipart__clip_pc1_low|painting__clip_pc1_middle,clipart__clip_pc1_high|clipart__clip_pc1_low|painting__clip_pc1_middle
new_seeds,resnet50,20260919,sketch,logistic,nll,25,11,39,0.28205128205128205,7,5,3,1,3.0,1.0,0.0,1,1,True,True,False,False,False,False,False,False,True,False,"[""clipart__clip_pc1_low|real__clip_pc1_high|real__clip_pc1_low"", ""clipart__clip_pc1_middle|painting__clip_pc1_low|real__clip_pc1_high"", ""clipart__clip_pc1_middle|painting__clip_pc1_middle|real__clip_pc1_high""]","[""clipart__clip_pc1_high|clipart__clip_pc1_low|painting__clip_pc1_middle""]",clipart__clip_pc1_high|clipart__clip_pc1_low|painting__clip_pc1_middle,clipart__clip_pc1_high|clipart__clip_pc1_low|painting__clip_pc1_middle
new_seeds,resnet50,20260919,sketch,logistic,nll,50,28,72,0.3888888888888889,3,3,1,1,1.0,1.0,0.0,0,1,True,True,False,False,False,False,False,True,False,False,"[""painting__clip_pc1_middle|real__clip_pc1_high|real__clip_pc1_low""]","[""clipart__clip_pc1_high|clipart__clip_pc1_low|painting__clip_pc1_middle""]",clipart__clip_pc1_middle|real__clip_pc1_high|real__clip_pc1_low,clipart__clip_pc1_middle|real__clip_pc1_high|real__clip_pc1_low
new_seeds,resnet50,20260919,sketch,logistic,nll,100,74,126,0.5873015873015873,1,1,1,1,1.0,1.0,0.0,0,1,True,True,False,False,False,False,False,False,False,False,"[""painting__clip_pc1_middle|real__clip_pc1_high|real__clip_pc1_low""]","[""clipart__clip_pc1_high|clipart__clip_pc1_middle|real__clip_pc1_high""]",clipart__clip_pc1_high|real__clip_pc1_high|real__clip_pc1_low,clipart__clip_pc1_high|real__clip_pc1_high|real__clip_pc1_low
new_seeds,resnet50,20260919,sketch,logistic,nll,227,165,289,0.5709342560553633,0,0,0,0,0.0,0.0,0.0,0,1,False,False,False,False,False,False,False,False,False,False,[],[],clipart__clip_pc1_high|real__clip_pc1_high|real__clip_pc1_low,clipart__clip_pc1_high|real__clip_pc1_high|real__clip_pc1_low
new_seeds,resnet50,20260919,sketch,logistic,error_rate,10,2,18,0.1111111111111111,7,9,1,3,1.0,3.0,0.0,0,1,True,True,False,False,False,False,False,False,False,False,"[""clipart__clip_pc1_middle|painting__clip_pc1_low|real__clip_pc1_high""]","[""clipart__clip_pc1_high|clipart__clip_pc1_low|real__clip_pc1_high"", ""clipart__clip_pc1_low|clipart__clip_pc1_middle|painting__clip_pc1_high"", ""clipart__clip_pc1_low|clipart__clip_pc1_middle|real__clip_pc1_high""]",clipart__clip_pc1_high|clipart__clip_pc1_low|real__clip_pc1_high,clipart__clip_pc1_high|clipart__clip_pc1_low|real__clip_pc1_high
new_seeds,resnet50,20260919,sketch,logistic,error_rate,25,11,39,0.28205128205128205,7,8,2,3,2.0,3.0,0.0,0,1,True,True,False,False,False,False,False,False,False,False,"[""clipart__clip_pc1_low|real__clip_pc1_high|real__clip_pc1_low"", ""clipart__clip_pc1_middle|painting__clip_pc1_low|real__clip_pc1_high""]","[""clipart__clip_pc1_high|clipart__clip_pc1_low|real__clip_pc1_high"", ""clipart__clip_pc1_low|clipart__clip_pc1_middle|painting__clip_pc1_high"", ""clipart__clip_pc1_low|clipart__clip_pc1_middle|real__clip_pc1_high""]",clipart__clip_pc1_high|clipart__clip_pc1_low|real__clip_pc1_high,clipart__clip_pc1_high|clipart__clip_pc1_low|real__clip_pc1_high
new_seeds,resnet50,20260919,sketch,logistic,error_rate,50,28,72,0.3888888888888889,3,5,0,2,0.0,2.0,0.0,0,1,False,True,False,False,False,False,False,False,True,False,[],"[""clipart__clip_pc1_high|clipart__clip_pc1_low|real__clip_pc1_high"", ""clipart__clip_pc1_middle|infograph__clip_pc1_high|real__clip_pc1_high""]",clipart__clip_pc1_high|clipart__clip_pc1_low|real__clip_pc1_high,clipart__clip_pc1_high|clipart__clip_pc1_low|real__clip_pc1_high
new_seeds,resnet50,20260919,sketch,logistic,error_rate,100,74,126,0.5873015873015873,1,0,1,0,1.0,0.0,0.0,0,1,True,False,False,False,False,False,False,False,False,False,"[""infograph__clip_pc1_high|real__clip_pc1_high|real__clip_pc1_low""]",[],clipart__clip_pc1_high|real__clip_pc1_high|real__clip_pc1_low,clipart__clip_pc1_high|real__clip_pc1_high|real__clip_pc1_low
new_seeds,resnet50,20260919,sketch,logistic,error_rate,227,165,289,0.5709342560553633,0,0,0,0,0.0,0.0,0.0,0,1,False,False,False,False,False,False,False,False,False,False,[],[],clipart__clip_pc1_high|real__clip_pc1_high|real__clip_pc1_low,clipart__clip_pc1_high|real__clip_pc1_high|real__clip_pc1_low
new_seeds,dinov2_b14,20260919,clipart,ridge,brier_score,10,0,20,0.0,8,8,2,2,2.0,2.0,6.535007726193864e-05,1,1,True,True,False,False,True,True,False,False,True,True,"[""painting__clip_pc1_middle|real__clip_pc1_low|sketch__clip_pc1_low"", ""real__clip_pc1_high|real__clip_pc1_low|sketch__clip_pc1_low""]","[""infograph__clip_pc1_high|real__clip_pc1_low|sketch__clip_pc1_low"", ""infograph__clip_pc1_high|sketch__clip_pc1_low|sketch__clip_pc1_middle""]",infograph__clip_pc1_high|sketch__clip_pc1_low|sketch__clip_pc1_middle,painting__clip_pc1_middle|real__clip_pc1_low|sketch__clip_pc1_low
new_seeds,dinov2_b14,20260919,clipart,ridge,brier_score,25,4,46,0.08695652173913043,6,8,2,4,2.0,4.0,0.0,0,1,True,True,False,True,False,False,False,False,False,False,"[""painting__clip_pc1_middle|real__clip_pc1_low|sketch__clip_pc1_low"", ""real__clip_pc1_high|real__clip_pc1_low|sketch__clip_pc1_low""]","[""infograph__clip_pc1_high|real__clip_pc1_low|sketch__clip_pc1_low"", ""infograph__clip_pc1_high|sketch__clip_pc1_low|sketch__clip_pc1_middle"", ""painting__clip_pc1_middle|sketch__clip_pc1_low|sketch__clip_pc1_middle"", ""real__clip_pc1_low|sketch__clip_pc1_low|sketch__clip_pc1_middle""]",real__clip_pc1_low|sketch__clip_pc1_low|sketch__clip_pc1_middle,real__clip_pc1_low|sketch__clip_pc1_low|sketch__clip_pc1_middle
new_seeds,dinov2_b14,20260919,clipart,ridge,brier_score,50,21,79,0.26582278481012656,5,7,2,4,2.0,4.0,0.0,0,1,True,True,False,False,False,False,False,False,False,False,"[""painting__clip_pc1_middle|real__clip_pc1_low|sketch__clip_pc1_low"", ""real__clip_pc1_high|real__clip_pc1_low|sketch__clip_pc1_low""]","[""infograph__clip_pc1_high|real__clip_pc1_low|sketch__clip_pc1_low"", ""infograph__clip_pc1_high|sketch__clip_pc1_low|sketch__clip_pc1_middle"", ""painting__clip_pc1_middle|sketch__clip_pc1_low|sketch__clip_pc1_middle"", ""real__clip_pc1_low|sketch__clip_pc1_high|sketch__clip_pc1_low""]",real__clip_pc1_low|sketch__clip_pc1_low|sketch__clip_pc1_middle,real__clip_pc1_low|sketch__clip_pc1_low|sketch__clip_pc1_middle
new_seeds,dinov2_b14,20260919,clipart,ridge,brier_score,100,67,133,0.5037593984962406,0,3,0,3,0.0,3.0,0.0,0,1,False,True,False,False,False,False,False,False,False,False,[],"[""infograph__clip_pc1_high|sketch__clip_pc1_low|sketch__clip_pc1_middle"", ""painting__clip_pc1_high|sketch__clip_pc1_low|sketch__clip_pc1_middle"", ""sketch__clip_pc1_high|sketch__clip_pc1_low|sketch__clip_pc1_middle""]",real__clip_pc1_low|sketch__clip_pc1_low|sketch__clip_pc1_middle,real__clip_pc1_low|sketch__clip_pc1_low|sketch__clip_pc1_middle
new_seeds,dinov2_b14,20260919,clipart,ridge,brier_score,227,213,241,0.8838174273858921,0,0,0,0,0.0,0.0,0.0,0,1,False,False,False,False,False,False,False,False,False,False,[],[],real__clip_pc1_low|sketch__clip_pc1_low|sketch__clip_pc1_middle,real__clip_pc1_low|sketch__clip_pc1_low|sketch__clip_pc1_middle
new_seeds,dinov2_b14,20260919,clipart,ridge,nll,10,0,20,0.0,8,8,2,2,2.0,2.0,0.0032984215794620297,1,1,True,True,False,False,True,True,False,False,True,True,"[""painting__clip_pc1_middle|real__clip_pc1_low|sketch__clip_pc1_low"", ""real__clip_pc1_high|real__clip_pc1_low|sketch__clip_pc1_low""]","[""infograph__clip_pc1_high|sketch__clip_pc1_low|sketch__clip_pc1_middle"", ""real__clip_pc1_middle|sketch__clip_pc1_low|sketch__clip_pc1_middle""]",infograph__clip_pc1_high|sketch__clip_pc1_low|sketch__clip_pc1_middle,painting__clip_pc1_middle|real__clip_pc1_low|sketch__clip_pc1_low
new_seeds,dinov2_b14,20260919,clipart,ridge,nll,25,4,46,0.08695652173913043,6,7,2,3,2.0,3.0,0.0,0,1,True,True,False,True,False,False,False,False,False,False,"[""painting__clip_pc1_middle|real__clip_pc1_low|sketch__clip_pc1_low"", ""real__clip_pc1_high|real__clip_pc1_low|sketch__clip_pc1_low""]","[""infograph__clip_pc1_high|sketch__clip_pc1_low|sketch__clip_pc1_middle"", ""painting__clip_pc1_middle|sketch__clip_pc1_low|sketch__clip_pc1_middle"", ""real__clip_pc1_low|sketch__clip_pc1_low|sketch__clip_pc1_middle""]",real__clip_pc1_low|sketch__clip_pc1_low|sketch__clip_pc1_middle,real__clip_pc1_low|sketch__clip_pc1_low|sketch__clip_pc1_middle
new_seeds,dinov2_b14,20260919,clipart,ridge,nll,50,21,79,0.26582278481012656,5,6,2,3,2.0,3.0,0.0,0,1,True,True,False,False,False,False,False,False,False,False,"[""painting__clip_pc1_middle|real__clip_pc1_low|sketch__clip_pc1_low"", ""real__clip_pc1_high|real__clip_pc1_low|sketch__clip_pc1_low""]","[""infograph__clip_pc1_high|sketch__clip_pc1_low|sketch__clip_pc1_middle"", ""painting__clip_pc1_middle|sketch__clip_pc1_low|sketch__clip_pc1_middle"", ""real__clip_pc1_low|sketch__clip_pc1_high|sketch__clip_pc1_low""]",real__clip_pc1_low|sketch__clip_pc1_low|sketch__clip_pc1_middle,real__clip_pc1_low|sketch__clip_pc1_low|sketch__clip_pc1_middle
new_seeds,dinov2_b14,20260919,clipart,ridge,nll,100,67,133,0.5037593984962406,0,3,0,3,0.0,3.0,0.0,0,1,False,True,False,False,False,False,False,False,False,False,[],"[""infograph__clip_pc1_high|sketch__clip_pc1_low|sketch__clip_pc1_middle"", ""painting__clip_pc1_high|sketch__clip_pc1_low|sketch__clip_pc1_middle"", ""sketch__clip_pc1_high|sketch__clip_pc1_low|sketch__clip_pc1_middle""]",real__clip_pc1_low|sketch__clip_pc1_low|sketch__clip_pc1_middle,real__clip_pc1_low|sketch__clip_pc1_low|sketch__clip_pc1_middle
new_seeds,dinov2_b14,20260919,clipart,ridge,nll,227,213,241,0.8838174273858921,0,0,0,0,0.0,0.0,0.0,0,1,False,False,False,False,False,False,False,False,False,False,[],[],real__clip_pc1_low|sketch__clip_pc1_low|sketch__clip_pc1_middle,real__clip_pc1_low|sketch__clip_pc1_low|sketch__clip_pc1_middle
new_seeds,dinov2_b14,20260919,clipart,ridge,error_rate,10,0,20,0.0,9,6,4,1,4.0,1.0,0.01123046875,1,1,True,True,True,False,True,True,False,True,False,True,"[""painting__clip_pc1_middle|real__clip_pc1_low|sketch__clip_pc1_low"", ""painting__clip_pc1_middle|real__clip_pc1_middle|sketch__clip_pc1_low"", ""real__clip_pc1_high|real__clip_pc1_low|sketch__clip_pc1_low"", ""real__clip_pc1_high|real__clip_pc1_middle|sketch__clip_pc1_low""]","[""real__clip_pc1_middle|sketch__clip_pc1_low|sketch__clip_pc1_middle""]",real__clip_pc1_middle|sketch__clip_pc1_low|sketch__clip_pc1_middle,real__clip_pc1_high|real__clip_pc1_low|sketch__clip_pc1_low
new_seeds,dinov2_b14,20260919,clipart,ridge,error_rate,25,4,46,0.08695652173913043,7,5,4,2,4.0,2.0,0.01123046875,1,1,True,True,True,False,True,True,False,True,False,True,"[""painting__clip_pc1_middle|real__clip_pc1_low|sketch__clip_pc1_low"", ""painting__clip_pc1_middle|real__clip_pc1_middle|sketch__clip_pc1_low"", ""real__clip_pc1_high|real__clip_pc1_low|sketch__clip_pc1_low"", ""real__clip_pc1_high|real__clip_pc1_middle|sketch__clip_pc1_low""]","[""painting__clip_pc1_middle|sketch__clip_pc1_low|sketch__clip_pc1_middle"", ""real__clip_pc1_low|sketch__clip_pc1_low|sketch__clip_pc1_middle""]",painting__clip_pc1_middle|sketch__clip_pc1_low|sketch__clip_pc1_middle,real__clip_pc1_high|real__clip_pc1_low|sketch__clip_pc1_low
new_seeds,dinov2_b14,20260919,clipart,ridge,error_rate,50,21,79,0.26582278481012656,3,3,2,2,2.0,2.0,0.01123046875,2,1,True,True,True,False,True,True,False,False,False,True,"[""painting__clip_pc1_middle|real__clip_pc1_low|sketch__clip_pc1_low"", ""real__clip_pc1_high|real__clip_pc1_low|sketch__clip_pc1_low""]","[""painting__clip_pc1_middle|sketch__clip_pc1_low|sketch__clip_pc1_middle"", ""real__clip_pc1_low|sketch__clip_pc1_high|sketch__clip_pc1_low""]",real__clip_pc1_low|sketch__clip_pc1_high|sketch__clip_pc1_low,real__clip_pc1_high|real__clip_pc1_low|sketch__clip_pc1_low
new_seeds,dinov2_b14,20260919,clipart,ridge,error_rate,100,67,133,0.5037593984962406,1,1,0,0,0.0,0.0,0.0,0,1,False,False,False,False,False,False,False,False,False,False,[],[],real__clip_pc1_high|real__clip_pc1_low|sketch__clip_pc1_low,real__clip_pc1_high|real__clip_pc1_low|sketch__clip_pc1_low
new_seeds,dinov2_b14,20260919,clipart,ridge,error_rate,227,213,241,0.8838174273858921,1,1,0,0,0.0,0.0,0.0,0,1,False,False,False,False,False,False,False,False,False,False,[],[],real__clip_pc1_high|real__clip_pc1_low|sketch__clip_pc1_low,real__clip_pc1_high|real__clip_pc1_low|sketch__clip_pc1_low
new_seeds,dinov2_b14,20260919,clipart,logistic,brier_score,10,0,20,0.0,8,8,2,2,2.0,2.0,0.01044232673535328,2,1,True,True,False,False,True,True,False,False,True,True,"[""painting__clip_pc1_middle|real__clip_pc1_low|sketch__clip_pc1_low"", ""real__clip_pc1_high|real__clip_pc1_low|sketch__clip_pc1_low""]","[""infograph__clip_pc1_high|real__clip_pc1_low|sketch__clip_pc1_low"", ""real__clip_pc1_middle|sketch__clip_pc1_low|sketch__clip_pc1_middle""]",real__clip_pc1_middle|sketch__clip_pc1_low|sketch__clip_pc1_middle,painting__clip_pc1_middle|real__clip_pc1_low|sketch__clip_pc1_low
new_seeds,dinov2_b14,20260919,clipart,logistic,brier_score,25,4,46,0.08695652173913043,5,5,3,3,3.0,3.0,0.0,0,1,True,True,False,True,False,False,False,False,False,False,"[""painting__clip_pc1_middle|real__clip_pc1_low|sketch__clip_pc1_low"", ""real__clip_pc1_high|real__clip_pc1_low|sketch__clip_pc1_low"", ""real__clip_pc1_low|real__clip_pc1_middle|sketch__clip_pc1_low""]","[""infograph__clip_pc1_high|real__clip_pc1_low|sketch__clip_pc1_low"", ""painting__clip_pc1_middle|sketch__clip_pc1_low|sketch__clip_pc1_middle"", ""real__clip_pc1_low|sketch__clip_pc1_low|sketch__clip_pc1_middle""]",real__clip_pc1_low|sketch__clip_pc1_low|sketch__clip_pc1_middle,real__clip_pc1_low|sketch__clip_pc1_low|sketch__clip_pc1_middle
new_seeds,dinov2_b14,20260919,clipart,logistic,brier_score,50,21,79,0.26582278481012656,3,4,2,3,2.0,3.0,0.0,0,1,True,True,False,False,False,False,False,False,False,False,"[""painting__clip_pc1_middle|real__clip_pc1_low|sketch__clip_pc1_low"", ""real__clip_pc1_high|real__clip_pc1_low|sketch__clip_pc1_low""]","[""infograph__clip_pc1_high|real__clip_pc1_low|sketch__clip_pc1_low"", ""painting__clip_pc1_middle|sketch__clip_pc1_low|sketch__clip_pc1_middle"", ""real__clip_pc1_low|sketch__clip_pc1_high|sketch__clip_pc1_low""]",real__clip_pc1_low|sketch__clip_pc1_low|sketch__clip_pc1_middle,real__clip_pc1_low|sketch__clip_pc1_low|sketch__clip_pc1_middle
new_seeds,dinov2_b14,20260919,clipart,logistic,brier_score,100,67,133,0.5037593984962406,0,0,0,0,0.0,0.0,0.0,0,1,False,False,False,False,False,False,False,False,False,False,[],[],real__clip_pc1_low|sketch__clip_pc1_low|sketch__clip_pc1_middle,real__clip_pc1_low|sketch__clip_pc1_low|sketch__clip_pc1_middle
new_seeds,dinov2_b14,20260919,clipart,logistic,brier_score,227,213,241,0.8838174273858921,0,0,0,0,0.0,0.0,0.0,0,1,False,False,False,False,False,False,False,False,False,False,[],[],real__clip_pc1_low|sketch__clip_pc1_low|sketch__clip_pc1_middle,real__clip_pc1_low|sketch__clip_pc1_low|sketch__clip_pc1_middle
new_seeds,dinov2_b14,20260919,clipart,logistic,nll,10,0,20,0.0,9,7,3,1,3.0,1.0,0.05417328280236067,2,1,True,True,False,False,True,True,False,False,True,True,"[""painting__clip_pc1_middle|real__clip_pc1_low|sketch__clip_pc1_low"", ""real__clip_pc1_high|real__clip_pc1_low|sketch__clip_pc1_low"", ""real__clip_pc1_high|real__clip_pc1_low|sketch__clip_pc1_middle""]","[""painting__clip_pc1_low|sketch__clip_pc1_low|sketch__clip_pc1_middle""]",painting__clip_pc1_low|sketch__clip_pc1_low|sketch__clip_pc1_middle,painting__clip_pc1_middle|real__clip_pc1_low|sketch__clip_pc1_low
new_seeds,dinov2_b14,20260919,clipart,logistic,nll,25,4,46,0.08695652173913043,8,4,5,1,5.0,1.0,0.0,0,1,True,True,False,True,False,False,False,False,False,False,"[""painting__clip_pc1_low|painting__clip_pc1_middle|sketch__clip_pc1_low"", ""painting__clip_pc1_middle|real__clip_pc1_low|sketch__clip_pc1_low"", ""painting__clip_pc1_middle|real__clip_pc1_low|sketch__clip_pc1_middle"", ""real__clip_pc1_high|real__clip_pc1_low|sketch__clip_pc1_low"", ""real__clip_pc1_high|real__clip_pc1_low|sketch__clip_pc1_middle""]","[""real__clip_pc1_low|sketch__clip_pc1_low|sketch__clip_pc1_middle""]",real__clip_pc1_low|sketch__clip_pc1_low|sketch__clip_pc1_middle,real__clip_pc1_low|sketch__clip_pc1_low|sketch__clip_pc1_middle
new_seeds,dinov2_b14,20260919,clipart,logistic,nll,50,21,79,0.26582278481012656,5,2,4,1,4.0,1.0,0.0,0,1,True,True,False,False,False,False,False,False,False,False,"[""painting__clip_pc1_middle|real__clip_pc1_low|sketch__clip_pc1_low"", ""painting__clip_pc1_middle|real__clip_pc1_low|sketch__clip_pc1_middle"", ""real__clip_pc1_high|real__clip_pc1_low|sketch__clip_pc1_low"", ""real__clip_pc1_high|real__clip_pc1_low|sketch__clip_pc1_middle""]","[""real__clip_pc1_low|sketch__clip_pc1_high|sketch__clip_pc1_low""]",real__clip_pc1_low|sketch__clip_pc1_low|sketch__clip_pc1_middle,real__clip_pc1_low|sketch__clip_pc1_low|sketch__clip_pc1_middle
new_seeds,dinov2_b14,20260919,clipart,logistic,nll,100,67,133,0.5037593984962406,3,0,3,0,3.0,0.0,0.0,0,1,True,False,False,False,False,False,False,False,False,False,"[""painting__clip_pc1_high|real__clip_pc1_low|sketch__clip_pc1_middle"", ""painting__clip_pc1_middle|real__clip_pc1_low|sketch__clip_pc1_middle"", ""real__clip_pc1_high|real__clip_pc1_low|sketch__clip_pc1_middle""]",[],real__clip_pc1_low|sketch__clip_pc1_low|sketch__clip_pc1_middle,real__clip_pc1_low|sketch__clip_pc1_low|sketch__clip_pc1_middle
new_seeds,dinov2_b14,20260919,clipart,logistic,nll,227,213,241,0.8838174273858921,0,0,0,0,0.0,0.0,0.0,0,1,False,False,False,False,False,False,False,False,False,False,[],[],real__clip_pc1_low|sketch__clip_pc1_low|sketch__clip_pc1_middle,real__clip_pc1_low|sketch__clip_pc1_low|sketch__clip_pc1_middle
new_seeds,dinov2_b14,20260919,clipart,logistic,error_rate,10,0,20,0.0,10,5,5,0,5.0,0.0,0.0322265625,5,1,True,False,True,False,True,True,False,True,False,True,"[""painting__clip_pc1_middle|real__clip_pc1_low|sketch__clip_pc1_low"", ""painting__clip_pc1_middle|real__clip_pc1_middle|sketch__clip_pc1_low"", ""real__clip_pc1_high|real__clip_pc1_low|sketch__clip_pc1_low"", ""real__clip_pc1_high|real__clip_pc1_low|sketch__clip_pc1_middle"", ""real__clip_pc1_high|real__clip_pc1_middle|sketch__clip_pc1_low""]",[],real__clip_pc1_middle|sketch__clip_pc1_low|sketch__clip_pc1_middle,real__clip_pc1_high|real__clip_pc1_low|sketch__clip_pc1_low
new_seeds,dinov2_b14,20260919,clipart,logistic,error_rate,25,4,46,0.08695652173913043,8,4,5,1,5.0,1.0,0.02197265625,3,1,True,True,True,False,True,True,False,True,False,True,"[""painting__clip_pc1_middle|real__clip_pc1_low|sketch__clip_pc1_low"", ""painting__clip_pc1_middle|real__clip_pc1_middle|sketch__clip_pc1_low"", ""real__clip_pc1_high|real__clip_pc1_low|sketch__clip_pc1_low"", ""real__clip_pc1_high|real__clip_pc1_low|sketch__clip_pc1_middle"", ""real__clip_pc1_high|real__clip_pc1_middle|sketch__clip_pc1_low""]","[""real__clip_pc1_low|sketch__clip_pc1_low|sketch__clip_pc1_middle""]",real__clip_pc1_low|sketch__clip_pc1_low|sketch__clip_pc1_middle,real__clip_pc1_high|real__clip_pc1_low|sketch__clip_pc1_low
new_seeds,dinov2_b14,20260919,clipart,logistic,error_rate,50,21,79,0.26582278481012656,4,2,3,1,3.0,1.0,0.0185546875,2,1,True,True,True,False,True,True,False,False,False,True,"[""painting__clip_pc1_middle|real__clip_pc1_low|sketch__clip_pc1_low"", ""real__clip_pc1_high|real__clip_pc1_low|sketch__clip_pc1_low"", ""real__clip_pc1_high|real__clip_pc1_low|sketch__clip_pc1_middle""]","[""real__clip_pc1_low|sketch__clip_pc1_high|sketch__clip_pc1_low""]",real__clip_pc1_low|sketch__clip_pc1_low|sketch__clip_pc1_middle,real__clip_pc1_high|real__clip_pc1_low|sketch__clip_pc1_low
new_seeds,dinov2_b14,20260919,clipart,logistic,error_rate,100,67,133,0.5037593984962406,2,1,1,0,1.0,0.0,0.0,0,1,True,False,False,False,False,False,False,False,False,False,"[""real__clip_pc1_high|real__clip_pc1_low|sketch__clip_pc1_middle""]",[],real__clip_pc1_high|real__clip_pc1_low|sketch__clip_pc1_low,real__clip_pc1_high|real__clip_pc1_low|sketch__clip_pc1_low
new_seeds,dinov2_b14,20260919,clipart,logistic,error_rate,227,213,241,0.8838174273858921,1,0,1,0,1.0,0.0,0.0,0,1,True,False,False,False,False,False,False,False,False,False,"[""quickdraw__clip_pc1_low|real__clip_pc1_high|sketch__clip_pc1_low""]",[],real__clip_pc1_high|real__clip_pc1_low|sketch__clip_pc1_low,real__clip_pc1_high|real__clip_pc1_low|sketch__clip_pc1_low
new_seeds,dinov2_b14,20260919,infograph,ridge,brier_score,10,0,20,0.0,7,10,0,3,0.0,3.0,0.0,0,1,False,True,False,True,False,False,False,False,False,False,[],"[""clipart__clip_pc1_low|clipart__clip_pc1_middle|real__clip_pc1_low"", ""clipart__clip_pc1_low|clipart__clip_pc1_middle|sketch__clip_pc1_low"", ""clipart__clip_pc1_low|clipart__clip_pc1_middle|sketch__clip_pc1_middle""]",clipart__clip_pc1_low|clipart__clip_pc1_middle|sketch__clip_pc1_low,clipart__clip_pc1_low|clipart__clip_pc1_middle|sketch__clip_pc1_low
new_seeds,dinov2_b14,20260919,infograph,ridge,brier_score,25,2,48,0.041666666666666664,4,10,0,6,0.0,6.0,0.0,0,1,False,True,False,True,False,False,False,False,False,False,[],"[""clipart__clip_pc1_high|clipart__clip_pc1_low|sketch__clip_pc1_low"", ""clipart__clip_pc1_low|clipart__clip_pc1_middle|real__clip_pc1_low"", ""clipart__clip_pc1_low|clipart__clip_pc1_middle|sketch__clip_pc1_low"", ""clipart__clip_pc1_low|clipart__clip_pc1_middle|sketch__clip_pc1_middle"", ""clipart__clip_pc1_middle|real__clip_pc1_low|sketch__clip_pc1_low"", ""clipart__clip_pc1_middle|sketch__clip_pc1_low|sketch__clip_pc1_middle""]",clipart__clip_pc1_low|clipart__clip_pc1_middle|sketch__clip_pc1_low,clipart__clip_pc1_low|clipart__clip_pc1_middle|sketch__clip_pc1_low
new_seeds,dinov2_b14,20260919,infograph,ridge,brier_score,50,12,88,0.13636363636363635,1,10,0,9,0.0,9.0,0.0,0,1,False,True,False,True,False,False,False,False,False,False,[],"[""clipart__clip_pc1_high|clipart__clip_pc1_low|sketch__clip_pc1_low"", ""clipart__clip_pc1_low|clipart__clip_pc1_middle|real__clip_pc1_low"", ""clipart__clip_pc1_low|clipart__clip_pc1_middle|sketch__clip_pc1_low"", ""clipart__clip_pc1_low|clipart__clip_pc1_middle|sketch__clip_pc1_middle"", ""clipart__clip_pc1_low|painting__clip_pc1_middle|sketch__clip_pc1_low"", ""clipart__clip_pc1_low|real__clip_pc1_low|sketch__clip_pc1_low"", ""clipart__clip_pc1_low|sketch__clip_pc1_low|sketch__clip_pc1_middle"", ""clipart__clip_pc1_middle|real__clip_pc1_low|sketch__clip_pc1_low"", ""clipart__clip_pc1_middle|sketch__clip_pc1_low|sketch__clip_pc1_middle""]",clipart__clip_pc1_low|clipart__clip_pc1_middle|sketch__clip_pc1_low,clipart__clip_pc1_low|clipart__clip_pc1_middle|sketch__clip_pc1_low
new_seeds,dinov2_b14,20260919,infograph,ridge,brier_score,100,56,144,0.3888888888888889,0,8,0,8,0.0,8.0,0.0,0,1,False,True,False,True,False,False,False,False,False,False,[],"[""clipart__clip_pc1_high|clipart__clip_pc1_low|sketch__clip_pc1_low"", ""clipart__clip_pc1_low|clipart__clip_pc1_middle|real__clip_pc1_low"", ""clipart__clip_pc1_low|clipart__clip_pc1_middle|sketch__clip_pc1_low"", ""clipart__clip_pc1_low|real__clip_pc1_low|sketch__clip_pc1_low"", ""clipart__clip_pc1_low|sketch__clip_pc1_high|sketch__clip_pc1_low"", ""clipart__clip_pc1_low|sketch__clip_pc1_low|sketch__clip_pc1_middle"", ""clipart__clip_pc1_middle|real__clip_pc1_low|sketch__clip_pc1_low"", ""clipart__clip_pc1_middle|sketch__clip_pc1_low|sketch__clip_pc1_middle""]",clipart__clip_pc1_low|clipart__clip_pc1_middle|sketch__clip_pc1_low,clipart__clip_pc1_low|clipart__clip_pc1_middle|sketch__clip_pc1_low
new_seeds,dinov2_b14,20260919,infograph,ridge,brier_score,227,220,234,0.9401709401709402,0,0,0,0,0.0,0.0,0.0,0,1,False,False,False,False,False,False,False,False,False,False,[],[],clipart__clip_pc1_low|clipart__clip_pc1_middle|sketch__clip_pc1_low,clipart__clip_pc1_low|clipart__clip_pc1_middle|sketch__clip_pc1_low
new_seeds,dinov2_b14,20260919,infograph,ridge,nll,10,0,20,0.0,7,10,0,3,0.0,3.0,0.0,0,1,False,True,False,True,False,False,False,False,False,False,[],"[""clipart__clip_pc1_low|clipart__clip_pc1_middle|real__clip_pc1_low"", ""clipart__clip_pc1_low|clipart__clip_pc1_middle|sketch__clip_pc1_low"", ""clipart__clip_pc1_low|clipart__clip_pc1_middle|sketch__clip_pc1_middle""]",clipart__clip_pc1_low|clipart__clip_pc1_middle|sketch__clip_pc1_low,clipart__clip_pc1_low|clipart__clip_pc1_middle|sketch__clip_pc1_low
new_seeds,dinov2_b14,20260919,infograph,ridge,nll,25,2,48,0.041666666666666664,4,10,0,6,0.0,6.0,0.0,0,1,False,True,False,True,False,False,False,False,False,False,[],"[""clipart__clip_pc1_high|clipart__clip_pc1_low|sketch__clip_pc1_low"", ""clipart__clip_pc1_low|clipart__clip_pc1_middle|real__clip_pc1_low"", ""clipart__clip_pc1_low|clipart__clip_pc1_middle|sketch__clip_pc1_low"", ""clipart__clip_pc1_low|clipart__clip_pc1_middle|sketch__clip_pc1_middle"", ""clipart__clip_pc1_middle|real__clip_pc1_low|sketch__clip_pc1_low"", ""clipart__clip_pc1_middle|sketch__clip_pc1_low|sketch__clip_pc1_middle""]",clipart__clip_pc1_low|clipart__clip_pc1_middle|sketch__clip_pc1_low,clipart__clip_pc1_low|clipart__clip_pc1_middle|sketch__clip_pc1_low
new_seeds,dinov2_b14,20260919,infograph,ridge,nll,50,12,88,0.13636363636363635,1,10,0,9,0.0,9.0,0.0,0,1,False,True,False,True,False,False,False,False,False,False,[],"[""clipart__clip_pc1_high|clipart__clip_pc1_low|sketch__clip_pc1_low"", ""clipart__clip_pc1_low|clipart__clip_pc1_middle|real__clip_pc1_low"", ""clipart__clip_pc1_low|clipart__clip_pc1_middle|sketch__clip_pc1_low"", ""clipart__clip_pc1_low|clipart__clip_pc1_middle|sketch__clip_pc1_middle"", ""clipart__clip_pc1_low|painting__clip_pc1_middle|sketch__clip_pc1_low"", ""clipart__clip_pc1_low|real__clip_pc1_low|sketch__clip_pc1_low"", ""clipart__clip_pc1_low|sketch__clip_pc1_low|sketch__clip_pc1_middle"", ""clipart__clip_pc1_middle|real__clip_pc1_low|sketch__clip_pc1_low"", ""clipart__clip_pc1_middle|sketch__clip_pc1_low|sketch__clip_pc1_middle""]",clipart__clip_pc1_low|clipart__clip_pc1_middle|sketch__clip_pc1_low,clipart__clip_pc1_low|clipart__clip_pc1_middle|sketch__clip_pc1_low
new_seeds,dinov2_b14,20260919,infograph,ridge,nll,100,56,144,0.3888888888888889,0,8,0,8,0.0,8.0,0.0,0,1,False,True,False,True,False,False,False,False,False,False,[],"[""clipart__clip_pc1_high|clipart__clip_pc1_low|sketch__clip_pc1_low"", ""clipart__clip_pc1_low|clipart__clip_pc1_middle|real__clip_pc1_low"", ""clipart__clip_pc1_low|clipart__clip_pc1_middle|sketch__clip_pc1_low"", ""clipart__clip_pc1_low|real__clip_pc1_low|sketch__clip_pc1_low"", ""clipart__clip_pc1_low|sketch__clip_pc1_high|sketch__clip_pc1_low"", ""clipart__clip_pc1_low|sketch__clip_pc1_low|sketch__clip_pc1_middle"", ""clipart__clip_pc1_middle|real__clip_pc1_low|sketch__clip_pc1_low"", ""clipart__clip_pc1_middle|sketch__clip_pc1_low|sketch__clip_pc1_middle""]",clipart__clip_pc1_low|clipart__clip_pc1_middle|sketch__clip_pc1_low,clipart__clip_pc1_low|clipart__clip_pc1_middle|sketch__clip_pc1_low
new_seeds,dinov2_b14,20260919,infograph,ridge,nll,227,220,234,0.9401709401709402,0,0,0,0,0.0,0.0,0.0,0,1,False,False,False,False,False,False,False,False,False,False,[],[],clipart__clip_pc1_low|clipart__clip_pc1_middle|sketch__clip_pc1_low,clipart__clip_pc1_low|clipart__clip_pc1_middle|sketch__clip_pc1_low
new_seeds,dinov2_b14,20260919,infograph,ridge,error_rate,10,0,20,0.0,9,10,0,1,0.0,1.0,0.0,0,1,False,True,False,False,False,False,False,False,False,False,[],"[""clipart__clip_pc1_middle|real__clip_pc1_middle|sketch__clip_pc1_middle""]",clipart__clip_pc1_middle|real__clip_pc1_middle|sketch__clip_pc1_middle,clipart__clip_pc1_middle|real__clip_pc1_middle|sketch__clip_pc1_middle
new_seeds,dinov2_b14,20260919,infograph,ridge,error_rate,25,2,48,0.041666666666666664,7,8,1,2,1.0,2.0,0.0,0,1,True,True,False,False,True,False,True,False,True,False,"[""real__clip_pc1_high|real__clip_pc1_middle|sketch__clip_pc1_low""]","[""clipart__clip_pc1_middle|real__clip_pc1_low|sketch__clip_pc1_middle"", ""clipart__clip_pc1_middle|sketch__clip_pc1_low|sketch__clip_pc1_middle""]",clipart__clip_pc1_middle|real__clip_pc1_middle|sketch__clip_pc1_middle,real__clip_pc1_high|real__clip_pc1_low|sketch__clip_pc1_low
new_seeds,dinov2_b14,20260919,infograph,ridge,error_rate,50,12,88,0.13636363636363635,4,5,1,2,1.0,2.0,0.0,2,1,True,True,False,False,True,False,True,False,True,False,"[""real__clip_pc1_high|real__clip_pc1_middle|sketch__clip_pc1_low""]","[""clipart__clip_pc1_low|painting__clip_pc1_low|sketch__clip_pc1_low"", ""clipart__clip_pc1_middle|sketch__clip_pc1_low|sketch__clip_pc1_middle""]",clipart__clip_pc1_middle|painting__clip_pc1_middle|sketch__clip_pc1_low,real__clip_pc1_high|real__clip_pc1_low|sketch__clip_pc1_low
new_seeds,dinov2_b14,20260919,infograph,ridge,error_rate,100,56,144,0.3888888888888889,1,4,1,4,1.0,4.0,0.0,2,1,True,True,False,True,True,False,True,False,False,False,"[""real__clip_pc1_high|real__clip_pc1_middle|sketch__clip_pc1_low""]","[""clipart__clip_pc1_low|sketch__clip_pc1_high|sketch__clip_pc1_low"", ""clipart__clip_pc1_middle|painting__clip_pc1_high|sketch__clip_pc1_low"", ""clipart__clip_pc1_middle|sketch__clip_pc1_high|sketch__clip_pc1_low"", ""clipart__clip_pc1_middle|sketch__clip_pc1_low|sketch__clip_pc1_middle""]",clipart__clip_pc1_middle|painting__clip_pc1_middle|sketch__clip_pc1_low,painting__clip_pc1_middle|real__clip_pc1_low|sketch__clip_pc1_low
new_seeds,dinov2_b14,20260919,infograph,ridge,error_rate,227,220,234,0.9401709401709402,0,0,0,0,0.0,0.0,0.0,0,1,False,False,False,False,False,False,False,False,False,False,[],[],painting__clip_pc1_middle|real__clip_pc1_low|sketch__clip_pc1_low,painting__clip_pc1_middle|real__clip_pc1_low|sketch__clip_pc1_low
new_seeds,dinov2_b14,20260919,infograph,logistic,brier_score,10,0,20,0.0,9,10,0,1,0.0,1.0,0.0,0,1,False,True,False,False,False,False,False,True,False,False,[],"[""clipart__clip_pc1_low|clipart__clip_pc1_middle|sketch__clip_pc1_low""]",clipart__clip_pc1_low|clipart__clip_pc1_middle|sketch__clip_pc1_low,clipart__clip_pc1_low|clipart__clip_pc1_middle|sketch__clip_pc1_low
new_seeds,dinov2_b14,20260919,infograph,logistic,brier_score,25,2,48,0.041666666666666664,7,9,1,3,1.0,3.0,0.0,1,1,True,True,False,False,False,False,False,False,True,False,"[""real__clip_pc1_high|real__clip_pc1_low|sketch__clip_pc1_low""]","[""clipart__clip_pc1_low|clipart__clip_pc1_middle|sketch__clip_pc1_low"", ""clipart__clip_pc1_low|real__clip_pc1_middle|sketch__clip_pc1_low"", ""clipart__clip_pc1_middle|real__clip_pc1_low|sketch__clip_pc1_low""]",clipart__clip_pc1_low|real__clip_pc1_middle|sketch__clip_pc1_low,clipart__clip_pc1_low|real__clip_pc1_middle|sketch__clip_pc1_low
new_seeds,dinov2_b14,20260919,infograph,logistic,brier_score,50,12,88,0.13636363636363635,3,7,2,6,2.0,6.0,0.0,0,1,True,True,False,True,False,False,False,False,False,False,"[""real__clip_pc1_high|real__clip_pc1_low|sketch__clip_pc1_low"", ""real__clip_pc1_low|real__clip_pc1_middle|sketch__clip_pc1_low""]","[""clipart__clip_pc1_low|clipart__clip_pc1_middle|sketch__clip_pc1_low"", ""clipart__clip_pc1_low|painting__clip_pc1_middle|sketch__clip_pc1_low"", ""clipart__clip_pc1_low|real__clip_pc1_low|sketch__clip_pc1_low"", ""clipart__clip_pc1_low|real__clip_pc1_middle|sketch__clip_pc1_low"", ""clipart__clip_pc1_middle|painting__clip_pc1_middle|sketch__clip_pc1_low"", ""clipart__clip_pc1_middle|real__clip_pc1_low|sketch__clip_pc1_low""]",clipart__clip_pc1_low|real__clip_pc1_low|sketch__clip_pc1_low,clipart__clip_pc1_low|real__clip_pc1_low|sketch__clip_pc1_low
new_seeds,dinov2_b14,20260919,infograph,logistic,brier_score,100,56,144,0.3888888888888889,3,4,3,4,3.0,4.0,0.0,0,1,True,True,False,True,False,False,False,False,False,False,"[""painting__clip_pc1_middle|real__clip_pc1_low|sketch__clip_pc1_low"", ""real__clip_pc1_high|real__clip_pc1_low|sketch__clip_pc1_low"", ""real__clip_pc1_low|real__clip_pc1_middle|sketch__clip_pc1_low""]","[""clipart__clip_pc1_low|clipart__clip_pc1_middle|sketch__clip_pc1_low"", ""clipart__clip_pc1_low|real__clip_pc1_low|sketch__clip_pc1_low"", ""clipart__clip_pc1_middle|painting__clip_pc1_middle|sketch__clip_pc1_low"", ""clipart__clip_pc1_middle|real__clip_pc1_low|sketch__clip_pc1_low""]",clipart__clip_pc1_low|real__clip_pc1_low|sketch__clip_pc1_low,clipart__clip_pc1_low|real__clip_pc1_low|sketch__clip_pc1_low
new_seeds,dinov2_b14,20260919,infograph,logistic,brier_score,227,220,234,0.9401709401709402,0,0,0,0,0.0,0.0,0.0,0,1,False,False,False,False,False,False,False,False,False,False,[],[],clipart__clip_pc1_low|real__clip_pc1_low|sketch__clip_pc1_low,clipart__clip_pc1_low|real__clip_pc1_low|sketch__clip_pc1_low
new_seeds,dinov2_b14,20260919,infograph,logistic,nll,10,0,20,0.0,9,9,1,1,1.0,1.0,0.0,0,1,True,True,False,False,True,False,True,False,True,False,"[""clipart__clip_pc1_low|real__clip_pc1_high|real__clip_pc1_low""]","[""clipart__clip_pc1_low|clipart__clip_pc1_middle|painting__clip_pc1_middle""]",clipart__clip_pc1_low|clipart__clip_pc1_middle|painting__clip_pc1_middle,clipart__clip_pc1_low|real__clip_pc1_high|real__clip_pc1_low
new_seeds,dinov2_b14,20260919,infograph,logistic,nll,25,2,48,0.041666666666666664,9,8,2,1,2.0,1.0,0.0,0,1,True,True,False,False,True,False,True,False,True,False,"[""clipart__clip_pc1_low|real__clip_pc1_high|real__clip_pc1_low"", ""real__clip_pc1_high|real__clip_pc1_low|sketch__clip_pc1_low""]","[""clipart__clip_pc1_low|clipart__clip_pc1_middle|painting__clip_pc1_middle""]",clipart__clip_pc1_low|clipart__clip_pc1_middle|painting__clip_pc1_middle,clipart__clip_pc1_low|real__clip_pc1_high|real__clip_pc1_low
new_seeds,dinov2_b14,20260919,infograph,logistic,nll,50,12,88,0.13636363636363635,5,5,3,3,3.0,3.0,0.0,0,1,True,True,False,False,False,False,False,False,False,False,"[""clipart__clip_pc1_low|painting__clip_pc1_middle|real__clip_pc1_low"", ""clipart__clip_pc1_low|real__clip_pc1_high|real__clip_pc1_low"", ""real__clip_pc1_high|real__clip_pc1_low|sketch__clip_pc1_low""]","[""clipart__clip_pc1_low|clipart__clip_pc1_middle|painting__clip_pc1_middle"", ""clipart__clip_pc1_low|painting__clip_pc1_middle|sketch__clip_pc1_low"", ""clipart__clip_pc1_middle|painting__clip_pc1_middle|sketch__clip_pc1_low""]",clipart__clip_pc1_low|real__clip_pc1_high|sketch__clip_pc1_low,clipart__clip_pc1_low|real__clip_pc1_high|sketch__clip_pc1_low
new_seeds,dinov2_b14,20260919,infograph,logistic,nll,100,56,144,0.3888888888888889,4,2,4,2,4.0,2.0,0.0,0,1,True,True,False,False,False,False,False,False,False,False,"[""clipart__clip_pc1_low|painting__clip_pc1_middle|real__clip_pc1_low"", ""clipart__clip_pc1_low|real__clip_pc1_high|real__clip_pc1_low"", ""painting__clip_pc1_middle|real__clip_pc1_low|sketch__clip_pc1_low"", ""real__clip_pc1_high|real__clip_pc1_low|sketch__clip_pc1_low""]","[""clipart__clip_pc1_low|sketch__clip_pc1_high|sketch__clip_pc1_low"", ""clipart__clip_pc1_middle|painting__clip_pc1_middle|sketch__clip_pc1_low""]",clipart__clip_pc1_low|real__clip_pc1_high|sketch__clip_pc1_low,clipart__clip_pc1_low|real__clip_pc1_high|sketch__clip_pc1_low
new_seeds,dinov2_b14,20260919,infograph,logistic,nll,227,220,234,0.9401709401709402,0,0,0,0,0.0,0.0,0.0,0,1,False,False,False,False,False,False,False,False,False,False,[],[],clipart__clip_pc1_low|real__clip_pc1_high|sketch__clip_pc1_low,clipart__clip_pc1_low|real__clip_pc1_high|sketch__clip_pc1_low
new_seeds,dinov2_b14,20260919,infograph,logistic,error_rate,10,0,20,0.0,10,8,2,0,2.0,0.0,0.01025390625,3,3,True,False,False,False,True,True,False,True,False,True,"[""clipart__clip_pc1_low|real__clip_pc1_high|real__clip_pc1_low"", ""clipart__clip_pc1_middle|real__clip_pc1_high|real__clip_pc1_low""]",[],clipart__clip_pc1_middle|real__clip_pc1_middle|sketch__clip_pc1_middle,clipart__clip_pc1_middle|real__clip_pc1_high|real__clip_pc1_low
new_seeds,dinov2_b14,20260919,infograph,logistic,error_rate,25,2,48,0.041666666666666664,8,8,2,2,2.6666666666666665,2.0,0.00634765625,2,3,True,True,False,False,True,False,True,False,True,False,"[""clipart__clip_pc1_low|real__clip_pc1_high|real__clip_pc1_low"", ""clipart__clip_pc1_middle|real__clip_pc1_high|real__clip_pc1_low""]","[""clipart__clip_pc1_middle|painting__clip_pc1_low|sketch__clip_pc1_low"", ""clipart__clip_pc1_middle|real__clip_pc1_low|sketch__clip_pc1_middle""]",clipart__clip_pc1_middle|real__clip_pc1_low|sketch__clip_pc1_middle,real__clip_pc1_high|real__clip_pc1_low|sketch__clip_pc1_low
new_seeds,dinov2_b14,20260919,infograph,logistic,error_rate,50,12,88,0.13636363636363635,6,4,3,1,3.6666666666666665,1.0,0.0,2,3,True,True,False,False,True,False,True,False,True,False,"[""clipart__clip_pc1_low|real__clip_pc1_high|real__clip_pc1_low"", ""clipart__clip_pc1_middle|real__clip_pc1_high|real__clip_pc1_low"", ""painting__clip_pc1_low|real__clip_pc1_high|sketch__clip_pc1_low""]","[""clipart__clip_pc1_middle|painting__clip_pc1_low|sketch__clip_pc1_low""]",clipart__clip_pc1_low|real__clip_pc1_high|sketch__clip_pc1_low,real__clip_pc1_high|real__clip_pc1_low|sketch__clip_pc1_low
new_seeds,dinov2_b14,20260919,infograph,logistic,error_rate,100,56,144,0.3888888888888889,3,3,2,2,2.6666666666666665,1.6666666666666665,0.0,1,3,True,True,False,False,True,False,True,False,False,False,"[""clipart__clip_pc1_low|real__clip_pc1_high|real__clip_pc1_low"", ""painting__clip_pc1_low|real__clip_pc1_high|sketch__clip_pc1_low""]","[""clipart__clip_pc1_middle|painting__clip_pc1_high|sketch__clip_pc1_low"", ""clipart__clip_pc1_middle|sketch__clip_pc1_high|sketch__clip_pc1_low""]",clipart__clip_pc1_low|real__clip_pc1_high|sketch__clip_pc1_low,real__clip_pc1_high|real__clip_pc1_low|sketch__clip_pc1_low
new_seeds,dinov2_b14,20260919,infograph,logistic,error_rate,227,220,234,0.9401709401709402,0,0,0,0,0.0,0.0,0.0,0,3,False,False,False,False,False,False,False,False,False,False,[],[],real__clip_pc1_high|real__clip_pc1_low|sketch__clip_pc1_low,real__clip_pc1_high|real__clip_pc1_low|sketch__clip_pc1_low
new_seeds,dinov2_b14,20260919,painting,ridge,brier_score,10,6,14,0.42857142857142855,6,8,0,2,0.0,2.0,0.0,0,1,False,True,False,False,False,False,False,False,True,False,[],"[""clipart__clip_pc1_middle|real__clip_pc1_high|sketch__clip_pc1_high"", ""real__clip_pc1_high|sketch__clip_pc1_high|sketch__clip_pc1_middle""]",clipart__clip_pc1_middle|real__clip_pc1_high|sketch__clip_pc1_high,clipart__clip_pc1_middle|real__clip_pc1_high|sketch__clip_pc1_high
new_seeds,dinov2_b14,20260919,painting,ridge,brier_score,25,19,31,0.6129032258064516,5,3,2,0,2.0,0.0,0.0,0,1,True,False,False,False,False,False,False,False,False,False,"[""clipart__clip_pc1_middle|real__clip_pc1_high|sketch__clip_pc1_middle"", ""real__clip_pc1_high|sketch__clip_pc1_low|sketch__clip_pc1_middle""]",[],real__clip_pc1_high|sketch__clip_pc1_high|sketch__clip_pc1_low,real__clip_pc1_high|sketch__clip_pc1_high|sketch__clip_pc1_low
new_seeds,dinov2_b14,20260919,painting,ridge,brier_score,50,40,60,0.6666666666666666,2,1,1,0,1.0,0.0,0.0,0,1,True,False,False,False,False,False,False,False,False,False,"[""clipart__clip_pc1_middle|real__clip_pc1_high|sketch__clip_pc1_low""]",[],real__clip_pc1_high|sketch__clip_pc1_high|sketch__clip_pc1_low,real__clip_pc1_high|sketch__clip_pc1_high|sketch__clip_pc1_low
new_seeds,dinov2_b14,20260919,painting,ridge,brier_score,100,86,114,0.7543859649122807,0,0,0,0,0.0,0.0,0.0,0,1,False,False,False,False,False,False,False,False,False,False,[],[],real__clip_pc1_high|sketch__clip_pc1_high|sketch__clip_pc1_low,real__clip_pc1_high|sketch__clip_pc1_high|sketch__clip_pc1_low
new_seeds,dinov2_b14,20260919,painting,ridge,brier_score,227,212,242,0.8760330578512396,0,0,0,0,0.0,0.0,0.0,0,1,False,False,False,False,False,False,False,False,False,False,[],[],real__clip_pc1_high|sketch__clip_pc1_high|sketch__clip_pc1_low,real__clip_pc1_high|sketch__clip_pc1_high|sketch__clip_pc1_low
new_seeds,dinov2_b14,20260919,painting,ridge,nll,10,6,14,0.42857142857142855,6,8,0,2,0.0,2.0,0.0,0,1,False,True,False,False,False,False,False,False,True,False,[],"[""clipart__clip_pc1_middle|real__clip_pc1_high|sketch__clip_pc1_high"", ""real__clip_pc1_high|sketch__clip_pc1_high|sketch__clip_pc1_middle""]",clipart__clip_pc1_middle|real__clip_pc1_high|sketch__clip_pc1_high,clipart__clip_pc1_middle|real__clip_pc1_high|sketch__clip_pc1_high
new_seeds,dinov2_b14,20260919,painting,ridge,nll,25,19,31,0.6129032258064516,5,3,2,0,2.0,0.0,0.0,0,1,True,False,False,False,False,False,False,False,False,False,"[""clipart__clip_pc1_middle|real__clip_pc1_high|sketch__clip_pc1_middle"", ""real__clip_pc1_high|sketch__clip_pc1_low|sketch__clip_pc1_middle""]",[],real__clip_pc1_high|sketch__clip_pc1_high|sketch__clip_pc1_low,real__clip_pc1_high|sketch__clip_pc1_high|sketch__clip_pc1_low
new_seeds,dinov2_b14,20260919,painting,ridge,nll,50,40,60,0.6666666666666666,2,1,1,0,1.0,0.0,0.0,0,1,True,False,False,False,False,False,False,False,False,False,"[""clipart__clip_pc1_middle|real__clip_pc1_high|sketch__clip_pc1_low""]",[],real__clip_pc1_high|sketch__clip_pc1_high|sketch__clip_pc1_low,real__clip_pc1_high|sketch__clip_pc1_high|sketch__clip_pc1_low
new_seeds,dinov2_b14,20260919,painting,ridge,nll,100,86,114,0.7543859649122807,0,0,0,0,0.0,0.0,0.0,0,1,False,False,False,False,False,False,False,False,False,False,[],[],real__clip_pc1_high|sketch__clip_pc1_high|sketch__clip_pc1_low,real__clip_pc1_high|sketch__clip_pc1_high|sketch__clip_pc1_low
new_seeds,dinov2_b14,20260919,painting,ridge,nll,227,212,242,0.8760330578512396,0,0,0,0,0.0,0.0,0.0,0,1,False,False,False,False,False,False,False,False,False,False,[],[],real__clip_pc1_high|sketch__clip_pc1_high|sketch__clip_pc1_low,real__clip_pc1_high|sketch__clip_pc1_high|sketch__clip_pc1_low
new_seeds,dinov2_b14,20260919,painting,ridge,error_rate,10,6,14,0.42857142857142855,9,7,2,0,2.0,0.0,0.01171875,1,2,True,False,True,False,True,True,False,True,False,True,"[""real__clip_pc1_high|real__clip_pc1_low|sketch__clip_pc1_low"", ""real__clip_pc1_high|real__clip_pc1_middle|sketch__clip_pc1_low""]",[],real__clip_pc1_high|real__clip_pc1_low|sketch__clip_pc1_high,real__clip_pc1_high|real__clip_pc1_low|sketch__clip_pc1_low
new_seeds,dinov2_b14,20260919,painting,ridge,error_rate,25,19,31,0.6129032258064516,6,7,0,1,0.0,1.0,0.0,0,2,False,True,False,False,False,False,False,False,False,False,[],"[""real__clip_pc1_low|sketch__clip_pc1_high|sketch__clip_pc1_low""]",real__clip_pc1_high|real__clip_pc1_low|sketch__clip_pc1_low,real__clip_pc1_high|real__clip_pc1_low|sketch__clip_pc1_low
new_seeds,dinov2_b14,20260919,painting,ridge,error_rate,50,40,60,0.6666666666666666,4,5,0,1,0.0,1.0,0.0,0,2,False,True,False,False,False,False,False,False,False,False,[],"[""clipart__clip_pc1_high|real__clip_pc1_low|sketch__clip_pc1_high""]",real__clip_pc1_high|real__clip_pc1_low|sketch__clip_pc1_low,real__clip_pc1_high|real__clip_pc1_low|sketch__clip_pc1_low
new_seeds,dinov2_b14,20260919,painting,ridge,error_rate,100,86,114,0.7543859649122807,2,3,0,1,0.0,1.0,0.0,0,2,False,True,False,False,False,False,False,False,False,False,[],"[""clipart__clip_pc1_middle|sketch__clip_pc1_high|sketch__clip_pc1_low""]",real__clip_pc1_high|real__clip_pc1_low|sketch__clip_pc1_low,real__clip_pc1_high|real__clip_pc1_low|sketch__clip_pc1_low
new_seeds,dinov2_b14,20260919,painting,ridge,error_rate,227,212,242,0.8760330578512396,0,0,0,0,0.0,0.0,0.0,0,2,False,False,False,False,False,False,False,False,False,False,[],[],real__clip_pc1_high|real__clip_pc1_low|sketch__clip_pc1_low,real__clip_pc1_high|real__clip_pc1_low|sketch__clip_pc1_low
new_seeds,dinov2_b14,20260919,painting,logistic,brier_score,10,6,14,0.42857142857142855,5,7,0,2,0.0,2.0,0.0,0,1,False,True,False,False,False,False,False,False,True,False,[],"[""clipart__clip_pc1_middle|real__clip_pc1_high|sketch__clip_pc1_high"", ""real__clip_pc1_high|sketch__clip_pc1_high|sketch__clip_pc1_middle""]",clipart__clip_pc1_middle|real__clip_pc1_high|sketch__clip_pc1_high,clipart__clip_pc1_middle|real__clip_pc1_high|sketch__clip_pc1_high
new_seeds,dinov2_b14,20260919,painting,logistic,brier_score,25,19,31,0.6129032258064516,4,3,1,0,1.0,0.0,0.0,0,1,True,False,False,False,False,False,False,False,False,False,"[""real__clip_pc1_high|sketch__clip_pc1_low|sketch__clip_pc1_middle""]",[],real__clip_pc1_high|sketch__clip_pc1_high|sketch__clip_pc1_low,real__clip_pc1_high|sketch__clip_pc1_high|sketch__clip_pc1_low
new_seeds,dinov2_b14,20260919,painting,logistic,brier_score,50,40,60,0.6666666666666666,1,0,1,0,1.0,0.0,0.0,0,1,True,False,False,False,False,False,False,False,False,False,"[""clipart__clip_pc1_high|real__clip_pc1_high|sketch__clip_pc1_middle""]",[],real__clip_pc1_high|sketch__clip_pc1_high|sketch__clip_pc1_low,real__clip_pc1_high|sketch__clip_pc1_high|sketch__clip_pc1_low
new_seeds,dinov2_b14,20260919,painting,logistic,brier_score,100,86,114,0.7543859649122807,0,0,0,0,0.0,0.0,0.0,0,1,False,False,False,False,False,False,False,False,False,False,[],[],real__clip_pc1_high|sketch__clip_pc1_high|sketch__clip_pc1_low,real__clip_pc1_high|sketch__clip_pc1_high|sketch__clip_pc1_low
new_seeds,dinov2_b14,20260919,painting,logistic,brier_score,227,212,242,0.8760330578512396,0,0,0,0,0.0,0.0,0.0,0,1,False,False,False,False,False,False,False,False,False,False,[],[],real__clip_pc1_high|sketch__clip_pc1_high|sketch__clip_pc1_low,real__clip_pc1_high|sketch__clip_pc1_high|sketch__clip_pc1_low
new_seeds,dinov2_b14,20260919,painting,logistic,nll,10,6,14,0.42857142857142855,8,7,1,0,1.0,0.0,0.013394344072270137,1,1,True,False,True,False,True,True,False,True,False,True,"[""real__clip_pc1_high|real__clip_pc1_low|sketch__clip_pc1_low""]",[],real__clip_pc1_high|real__clip_pc1_low|sketch__clip_pc1_middle,real__clip_pc1_high|real__clip_pc1_low|sketch__clip_pc1_low
new_seeds,dinov2_b14,20260919,painting,logistic,nll,25,19,31,0.6129032258064516,6,4,2,0,2.0,0.0,0.0,0,1,True,False,False,False,False,False,False,False,False,False,"[""clipart__clip_pc1_high|real__clip_pc1_high|real__clip_pc1_low"", ""clipart__clip_pc1_high|real__clip_pc1_high|real__clip_pc1_middle""]",[],real__clip_pc1_high|real__clip_pc1_low|sketch__clip_pc1_low,real__clip_pc1_high|real__clip_pc1_low|sketch__clip_pc1_low
new_seeds,dinov2_b14,20260919,painting,logistic,nll,50,40,60,0.6666666666666666,2,1,1,0,1.0,0.0,0.0,0,1,True,False,False,False,False,False,False,False,False,False,"[""clipart__clip_pc1_high|real__clip_pc1_high|sketch__clip_pc1_middle""]",[],real__clip_pc1_high|real__clip_pc1_low|sketch__clip_pc1_low,real__clip_pc1_high|real__clip_pc1_low|sketch__clip_pc1_low
new_seeds,dinov2_b14,20260919,painting,logistic,nll,100,86,114,0.7543859649122807,0,0,0,0,0.0,0.0,0.0,0,1,False,False,False,False,False,False,False,False,False,False,[],[],real__clip_pc1_high|real__clip_pc1_low|sketch__clip_pc1_low,real__clip_pc1_high|real__clip_pc1_low|sketch__clip_pc1_low
new_seeds,dinov2_b14,20260919,painting,logistic,nll,227,212,242,0.8760330578512396,0,0,0,0,0.0,0.0,0.0,0,1,False,False,False,False,False,False,False,False,False,False,[],[],real__clip_pc1_high|real__clip_pc1_low|sketch__clip_pc1_low,real__clip_pc1_high|real__clip_pc1_low|sketch__clip_pc1_low
new_seeds,dinov2_b14,20260919,painting,logistic,error_rate,10,6,14,0.42857142857142855,8,6,2,0,2.0,0.0,0.0283203125,2,1,True,False,True,False,True,True,False,True,False,True,"[""real__clip_pc1_high|real__clip_pc1_low|sketch__clip_pc1_low"", ""real__clip_pc1_high|real__clip_pc1_middle|sketch__clip_pc1_low""]",[],real__clip_pc1_high|real__clip_pc1_low|sketch__clip_pc1_middle,real__clip_pc1_high|real__clip_pc1_low|sketch__clip_pc1_low
new_seeds,dinov2_b14,20260919,painting,logistic,error_rate,25,19,31,0.6129032258064516,5,5,1,1,1.0,1.0,0.0,0,1,True,True,False,False,False,False,False,False,False,False,"[""clipart__clip_pc1_high|real__clip_pc1_high|real__clip_pc1_low""]","[""real__clip_pc1_low|sketch__clip_pc1_high|sketch__clip_pc1_low""]",real__clip_pc1_high|real__clip_pc1_low|sketch__clip_pc1_low,real__clip_pc1_high|real__clip_pc1_low|sketch__clip_pc1_low
new_seeds,dinov2_b14,20260919,painting,logistic,error_rate,50,40,60,0.6666666666666666,3,3,0,0,0.0,0.0,0.0,0,1,False,False,False,False,False,False,False,False,False,False,[],[],real__clip_pc1_high|real__clip_pc1_low|sketch__clip_pc1_low,real__clip_pc1_high|real__clip_pc1_low|sketch__clip_pc1_low
new_seeds,dinov2_b14,20260919,painting,logistic,error_rate,100,86,114,0.7543859649122807,1,2,0,1,0.0,1.0,0.0,0,1,False,True,False,False,False,False,False,False,False,False,[],"[""clipart__clip_pc1_middle|sketch__clip_pc1_high|sketch__clip_pc1_low""]",real__clip_pc1_high|real__clip_pc1_low|sketch__clip_pc1_low,real__clip_pc1_high|real__clip_pc1_low|sketch__clip_pc1_low
new_seeds,dinov2_b14,20260919,painting,logistic,error_rate,227,212,242,0.8760330578512396,0,0,0,0,0.0,0.0,0.0,0,1,False,False,False,False,False,False,False,False,False,False,[],[],real__clip_pc1_high|real__clip_pc1_low|sketch__clip_pc1_low,real__clip_pc1_high|real__clip_pc1_low|sketch__clip_pc1_low
new_seeds,dinov2_b14,20260919,quickdraw,ridge,brier_score,10,0,20,0.0,7,10,0,3,0.0,3.0,0.0,0,1,False,True,False,False,False,False,False,False,True,False,[],"[""clipart__clip_pc1_low|sketch__clip_pc1_low|sketch__clip_pc1_middle"", ""clipart__clip_pc1_middle|sketch__clip_pc1_high|sketch__clip_pc1_low"", ""clipart__clip_pc1_middle|sketch__clip_pc1_low|sketch__clip_pc1_middle""]",clipart__clip_pc1_middle|sketch__clip_pc1_low|sketch__clip_pc1_middle,clipart__clip_pc1_middle|sketch__clip_pc1_low|sketch__clip_pc1_middle
new_seeds,dinov2_b14,20260919,quickdraw,ridge,brier_score,25,5,45,0.1111111111111111,3,9,0,6,0.0,6.0,0.0,0,1,False,True,False,True,False,False,False,False,False,False,[],"[""clipart__clip_pc1_high|clipart__clip_pc1_low|sketch__clip_pc1_low"", ""clipart__clip_pc1_high|clipart__clip_pc1_middle|sketch__clip_pc1_low"", ""clipart__clip_pc1_low|clipart__clip_pc1_middle|sketch__clip_pc1_low"", ""clipart__clip_pc1_low|clipart__clip_pc1_middle|sketch__clip_pc1_middle"", ""clipart__clip_pc1_middle|sketch__clip_pc1_high|sketch__clip_pc1_low"", ""clipart__clip_pc1_middle|sketch__clip_pc1_low|sketch__clip_pc1_middle""]",clipart__clip_pc1_low|clipart__clip_pc1_middle|sketch__clip_pc1_low,clipart__clip_pc1_low|clipart__clip_pc1_middle|sketch__clip_pc1_low
new_seeds,dinov2_b14,20260919,quickdraw,ridge,brier_score,50,11,89,0.12359550561797752,2,6,1,5,1.0,5.0,0.0,0,1,True,True,False,True,False,False,False,False,False,False,"[""clipart__clip_pc1_middle|real__clip_pc1_low|sketch__clip_pc1_low""]","[""clipart__clip_pc1_high|clipart__clip_pc1_low|sketch__clip_pc1_low"", ""clipart__clip_pc1_high|clipart__clip_pc1_middle|sketch__clip_pc1_low"", ""clipart__clip_pc1_low|clipart__clip_pc1_middle|sketch__clip_pc1_low"", ""clipart__clip_pc1_middle|infograph__clip_pc1_high|sketch__clip_pc1_low"", ""clipart__clip_pc1_middle|sketch__clip_pc1_high|sketch__clip_pc1_low""]",clipart__clip_pc1_low|clipart__clip_pc1_middle|sketch__clip_pc1_low,clipart__clip_pc1_low|clipart__clip_pc1_middle|sketch__clip_pc1_low
new_seeds,dinov2_b14,20260919,quickdraw,ridge,brier_score,100,60,140,0.42857142857142855,0,4,0,4,0.0,4.0,0.0,0,1,False,True,False,False,False,False,False,False,False,False,[],"[""clipart__clip_pc1_high|clipart__clip_pc1_low|clipart__clip_pc1_middle"", ""clipart__clip_pc1_high|clipart__clip_pc1_low|sketch__clip_pc1_low"", ""clipart__clip_pc1_high|clipart__clip_pc1_middle|sketch__clip_pc1_low"", ""clipart__clip_pc1_middle|infograph__clip_pc1_high|sketch__clip_pc1_low""]",clipart__clip_pc1_low|clipart__clip_pc1_middle|sketch__clip_pc1_low,clipart__clip_pc1_low|clipart__clip_pc1_middle|sketch__clip_pc1_low
new_seeds,dinov2_b14,20260919,quickdraw,ridge,brier_score,227,186,268,0.6940298507462687,0,1,0,1,0.0,1.0,0.0,0,1,False,True,False,False,False,False,False,False,False,False,[],"[""clipart__clip_pc1_high|clipart__clip_pc1_low|clipart__clip_pc1_middle""]",clipart__clip_pc1_low|clipart__clip_pc1_middle|sketch__clip_pc1_low,clipart__clip_pc1_low|clipart__clip_pc1_middle|sketch__clip_pc1_low
new_seeds,dinov2_b14,20260919,quickdraw,ridge,nll,10,0,20,0.0,7,10,0,3,0.0,3.0,0.0,0,1,False,True,False,False,False,False,False,False,True,False,[],"[""clipart__clip_pc1_low|sketch__clip_pc1_low|sketch__clip_pc1_middle"", ""clipart__clip_pc1_middle|sketch__clip_pc1_high|sketch__clip_pc1_low"", ""clipart__clip_pc1_middle|sketch__clip_pc1_low|sketch__clip_pc1_middle""]",clipart__clip_pc1_middle|sketch__clip_pc1_low|sketch__clip_pc1_middle,clipart__clip_pc1_middle|sketch__clip_pc1_low|sketch__clip_pc1_middle
new_seeds,dinov2_b14,20260919,quickdraw,ridge,nll,25,5,45,0.1111111111111111,3,9,0,6,0.0,6.0,0.0,0,1,False,True,False,True,False,False,False,False,False,False,[],"[""clipart__clip_pc1_high|clipart__clip_pc1_low|sketch__clip_pc1_low"", ""clipart__clip_pc1_high|clipart__clip_pc1_middle|sketch__clip_pc1_low"", ""clipart__clip_pc1_low|clipart__clip_pc1_middle|sketch__clip_pc1_low"", ""clipart__clip_pc1_low|clipart__clip_pc1_middle|sketch__clip_pc1_middle"", ""clipart__clip_pc1_middle|sketch__clip_pc1_high|sketch__clip_pc1_low"", ""clipart__clip_pc1_middle|sketch__clip_pc1_low|sketch__clip_pc1_middle""]",clipart__clip_pc1_low|clipart__clip_pc1_middle|sketch__clip_pc1_low,clipart__clip_pc1_low|clipart__clip_pc1_middle|sketch__clip_pc1_low
new_seeds,dinov2_b14,20260919,quickdraw,ridge,nll,50,11,89,0.12359550561797752,2,6,1,5,1.0,5.0,0.0,0,1,True,True,False,True,False,False,False,False,False,False,"[""clipart__clip_pc1_middle|real__clip_pc1_low|sketch__clip_pc1_low""]","[""clipart__clip_pc1_high|clipart__clip_pc1_low|sketch__clip_pc1_low"", ""clipart__clip_pc1_high|clipart__clip_pc1_middle|sketch__clip_pc1_low"", ""clipart__clip_pc1_low|clipart__clip_pc1_middle|sketch__clip_pc1_low"", ""clipart__clip_pc1_middle|infograph__clip_pc1_high|sketch__clip_pc1_low"", ""clipart__clip_pc1_middle|sketch__clip_pc1_high|sketch__clip_pc1_low""]",clipart__clip_pc1_low|clipart__clip_pc1_middle|sketch__clip_pc1_low,clipart__clip_pc1_low|clipart__clip_pc1_middle|sketch__clip_pc1_low
new_seeds,dinov2_b14,20260919,quickdraw,ridge,nll,100,60,140,0.42857142857142855,0,4,0,4,0.0,4.0,0.0,0,1,False,True,False,False,False,False,False,False,False,False,[],"[""clipart__clip_pc1_high|clipart__clip_pc1_low|clipart__clip_pc1_middle"", ""clipart__clip_pc1_high|clipart__clip_pc1_low|sketch__clip_pc1_low"", ""clipart__clip_pc1_high|clipart__clip_pc1_middle|sketch__clip_pc1_low"", ""clipart__clip_pc1_middle|infograph__clip_pc1_high|sketch__clip_pc1_low""]",clipart__clip_pc1_low|clipart__clip_pc1_middle|sketch__clip_pc1_low,clipart__clip_pc1_low|clipart__clip_pc1_middle|sketch__clip_pc1_low
new_seeds,dinov2_b14,20260919,quickdraw,ridge,nll,227,186,268,0.6940298507462687,0,1,0,1,0.0,1.0,0.0,0,1,False,True,False,False,False,False,False,False,False,False,[],"[""clipart__clip_pc1_high|clipart__clip_pc1_low|clipart__clip_pc1_middle""]",clipart__clip_pc1_low|clipart__clip_pc1_middle|sketch__clip_pc1_low,clipart__clip_pc1_low|clipart__clip_pc1_middle|sketch__clip_pc1_low
new_seeds,dinov2_b14,20260919,quickdraw,ridge,error_rate,10,0,20,0.0,7,10,0,3,0.0,3.0,0.0,0,1,False,True,False,False,False,False,False,True,False,False,[],"[""clipart__clip_pc1_low|sketch__clip_pc1_high|sketch__clip_pc1_low"", ""clipart__clip_pc1_middle|sketch__clip_pc1_high|sketch__clip_pc1_low"", ""clipart__clip_pc1_middle|sketch__clip_pc1_low|sketch__clip_pc1_middle""]",clipart__clip_pc1_middle|sketch__clip_pc1_low|sketch__clip_pc1_middle,clipart__clip_pc1_middle|sketch__clip_pc1_low|sketch__clip_pc1_middle
new_seeds,dinov2_b14,20260919,quickdraw,ridge,error_rate,25,5,45,0.1111111111111111,5,10,0,5,0.0,5.0,0.0,0,1,False,True,False,False,False,False,False,False,False,False,[],"[""clipart__clip_pc1_low|clipart__clip_pc1_middle|sketch__clip_pc1_low"", ""clipart__clip_pc1_low|clipart__clip_pc1_middle|sketch__clip_pc1_middle"", ""clipart__clip_pc1_low|sketch__clip_pc1_high|sketch__clip_pc1_low"", ""clipart__clip_pc1_middle|sketch__clip_pc1_high|sketch__clip_pc1_low"", ""clipart__clip_pc1_middle|sketch__clip_pc1_low|sketch__clip_pc1_middle""]",clipart__clip_pc1_low|clipart__clip_pc1_middle|sketch__clip_pc1_middle,clipart__clip_pc1_low|clipart__clip_pc1_middle|sketch__clip_pc1_middle
new_seeds,dinov2_b14,20260919,quickdraw,ridge,error_rate,50,11,89,0.12359550561797752,4,7,1,4,1.0,4.0,0.00048828125,1,1,True,True,False,False,False,False,False,False,False,False,"[""clipart__clip_pc1_middle|real__clip_pc1_middle|sketch__clip_pc1_low""]","[""clipart__clip_pc1_low|clipart__clip_pc1_middle|sketch__clip_pc1_low"", ""clipart__clip_pc1_low|sketch__clip_pc1_high|sketch__clip_pc1_low"", ""clipart__clip_pc1_middle|infograph__clip_pc1_high|sketch__clip_pc1_low"", ""clipart__clip_pc1_middle|sketch__clip_pc1_high|sketch__clip_pc1_low""]",clipart__clip_pc1_low|clipart__clip_pc1_middle|sketch__clip_pc1_middle,clipart__clip_pc1_low|clipart__clip_pc1_middle|sketch__clip_pc1_middle
new_seeds,dinov2_b14,20260919,quickdraw,ridge,error_rate,100,60,140,0.42857142857142855,0,3,0,3,0.0,3.0,0.0,0,1,False,True,False,True,False,False,False,False,False,False,[],"[""clipart__clip_pc1_low|clipart__clip_pc1_middle|sketch__clip_pc1_high"", ""clipart__clip_pc1_middle|infograph__clip_pc1_high|sketch__clip_pc1_low"", ""clipart__clip_pc1_middle|painting__clip_pc1_high|sketch__clip_pc1_low""]",clipart__clip_pc1_low|clipart__clip_pc1_middle|sketch__clip_pc1_middle,clipart__clip_pc1_low|clipart__clip_pc1_middle|sketch__clip_pc1_middle
new_seeds,dinov2_b14,20260919,quickdraw,ridge,error_rate,227,186,268,0.6940298507462687,0,0,0,0,0.0,0.0,0.0,0,1,False,False,False,False,False,False,False,False,False,False,[],[],clipart__clip_pc1_low|clipart__clip_pc1_middle|sketch__clip_pc1_middle,clipart__clip_pc1_low|clipart__clip_pc1_middle|sketch__clip_pc1_middle
new_seeds,dinov2_b14,20260919,quickdraw,logistic,brier_score,10,0,20,0.0,10,10,0,0,0.0,0.0,0.0,0,1,False,False,False,False,True,False,True,False,True,False,[],[],clipart__clip_pc1_middle|sketch__clip_pc1_low|sketch__clip_pc1_middle,clipart__clip_pc1_low|painting__clip_pc1_low|sketch__clip_pc1_low
new_seeds,dinov2_b14,20260919,quickdraw,logistic,brier_score,25,5,45,0.1111111111111111,6,10,0,4,0.0,4.0,0.0,0,1,False,True,False,True,False,False,False,False,False,False,[],"[""clipart__clip_pc1_high|clipart__clip_pc1_low|sketch__clip_pc1_low"", ""clipart__clip_pc1_high|clipart__clip_pc1_middle|sketch__clip_pc1_low"", ""clipart__clip_pc1_low|clipart__clip_pc1_middle|sketch__clip_pc1_low"", ""clipart__clip_pc1_low|clipart__clip_pc1_middle|sketch__clip_pc1_middle""]",clipart__clip_pc1_low|clipart__clip_pc1_middle|sketch__clip_pc1_low,clipart__clip_pc1_low|clipart__clip_pc1_middle|sketch__clip_pc1_low
new_seeds,dinov2_b14,20260919,quickdraw,logistic,brier_score,50,11,89,0.12359550561797752,6,8,1,3,1.0,3.0,0.0,0,1,True,True,False,True,False,False,False,False,False,False,"[""clipart__clip_pc1_middle|real__clip_pc1_low|sketch__clip_pc1_low""]","[""clipart__clip_pc1_high|clipart__clip_pc1_low|sketch__clip_pc1_low"", ""clipart__clip_pc1_high|clipart__clip_pc1_middle|sketch__clip_pc1_low"", ""clipart__clip_pc1_low|clipart__clip_pc1_middle|sketch__clip_pc1_low""]",clipart__clip_pc1_low|clipart__clip_pc1_middle|sketch__clip_pc1_low,clipart__clip_pc1_low|clipart__clip_pc1_middle|sketch__clip_pc1_low
new_seeds,dinov2_b14,20260919,quickdraw,logistic,brier_score,100,60,140,0.42857142857142855,4,7,0,3,0.0,3.0,0.0,0,1,False,True,False,False,False,False,False,False,False,False,[],"[""clipart__clip_pc1_high|clipart__clip_pc1_low|clipart__clip_pc1_middle"", ""clipart__clip_pc1_high|clipart__clip_pc1_low|sketch__clip_pc1_low"", ""clipart__clip_pc1_high|clipart__clip_pc1_middle|sketch__clip_pc1_low""]",clipart__clip_pc1_low|clipart__clip_pc1_middle|sketch__clip_pc1_low,clipart__clip_pc1_low|clipart__clip_pc1_middle|sketch__clip_pc1_low
new_seeds,dinov2_b14,20260919,quickdraw,logistic,brier_score,227,186,268,0.6940298507462687,0,2,0,2,0.0,2.0,0.0,0,1,False,True,False,False,False,False,False,False,False,False,[],"[""clipart__clip_pc1_high|clipart__clip_pc1_low|clipart__clip_pc1_middle"", ""clipart__clip_pc1_low|clipart__clip_pc1_middle|painting__clip_pc1_high""]",clipart__clip_pc1_low|clipart__clip_pc1_middle|sketch__clip_pc1_low,clipart__clip_pc1_low|clipart__clip_pc1_middle|sketch__clip_pc1_low
new_seeds,dinov2_b14,20260919,quickdraw,logistic,nll,10,0,20,0.0,8,10,0,2,0.0,2.0,0.0,0,1,False,True,False,False,False,False,False,False,True,False,[],"[""clipart__clip_pc1_low|sketch__clip_pc1_high|sketch__clip_pc1_low"", ""clipart__clip_pc1_low|sketch__clip_pc1_low|sketch__clip_pc1_middle""]",clipart__clip_pc1_low|sketch__clip_pc1_high|sketch__clip_pc1_low,clipart__clip_pc1_low|sketch__clip_pc1_high|sketch__clip_pc1_low
new_seeds,dinov2_b14,20260919,quickdraw,logistic,nll,25,5,45,0.1111111111111111,3,9,0,6,0.0,6.0,0.0,0,1,False,True,False,True,False,False,False,False,False,False,[],"[""clipart__clip_pc1_high|clipart__clip_pc1_low|sketch__clip_pc1_low"", ""clipart__clip_pc1_high|clipart__clip_pc1_low|sketch__clip_pc1_middle"", ""clipart__clip_pc1_high|clipart__clip_pc1_middle|sketch__clip_pc1_low"", ""clipart__clip_pc1_high|clipart__clip_pc1_middle|sketch__clip_pc1_middle"", ""clipart__clip_pc1_low|clipart__clip_pc1_middle|sketch__clip_pc1_middle"", ""clipart__clip_pc1_low|sketch__clip_pc1_high|sketch__clip_pc1_low""]",clipart__clip_pc1_high|clipart__clip_pc1_low|sketch__clip_pc1_low,clipart__clip_pc1_high|clipart__clip_pc1_low|sketch__clip_pc1_low
new_seeds,dinov2_b14,20260919,quickdraw,logistic,nll,50,11,89,0.12359550561797752,1,8,0,7,0.0,7.0,0.0,0,1,False,True,False,True,False,False,False,False,False,False,[],"[""clipart__clip_pc1_high|clipart__clip_pc1_low|sketch__clip_pc1_low"", ""clipart__clip_pc1_high|clipart__clip_pc1_low|sketch__clip_pc1_middle"", ""clipart__clip_pc1_high|clipart__clip_pc1_middle|sketch__clip_pc1_low"", ""clipart__clip_pc1_high|clipart__clip_pc1_middle|sketch__clip_pc1_middle"", ""clipart__clip_pc1_low|sketch__clip_pc1_high|sketch__clip_pc1_low"", ""clipart__clip_pc1_middle|infograph__clip_pc1_high|sketch__clip_pc1_low"", ""clipart__clip_pc1_middle|infograph__clip_pc1_middle|sketch__clip_pc1_low""]",clipart__clip_pc1_high|clipart__clip_pc1_low|sketch__clip_pc1_low,clipart__clip_pc1_high|clipart__clip_pc1_low|sketch__clip_pc1_low
new_seeds,dinov2_b14,20260919,quickdraw,logistic,nll,100,60,140,0.42857142857142855,0,6,0,6,0.0,6.0,0.0,0,1,False,True,False,True,False,False,False,False,False,False,[],"[""clipart__clip_pc1_high|clipart__clip_pc1_low|clipart__clip_pc1_middle"", ""clipart__clip_pc1_high|clipart__clip_pc1_low|sketch__clip_pc1_low"", ""clipart__clip_pc1_high|clipart__clip_pc1_middle|sketch__clip_pc1_low"", ""clipart__clip_pc1_high|clipart__clip_pc1_middle|sketch__clip_pc1_middle"", ""clipart__clip_pc1_middle|infograph__clip_pc1_high|sketch__clip_pc1_low"", ""clipart__clip_pc1_middle|infograph__clip_pc1_middle|sketch__clip_pc1_low""]",clipart__clip_pc1_high|clipart__clip_pc1_low|sketch__clip_pc1_low,clipart__clip_pc1_high|clipart__clip_pc1_low|sketch__clip_pc1_low
new_seeds,dinov2_b14,20260919,quickdraw,logistic,nll,227,186,268,0.6940298507462687,0,1,0,1,0.0,1.0,0.0,0,1,False,True,False,False,False,False,False,False,False,False,[],"[""clipart__clip_pc1_high|clipart__clip_pc1_low|clipart__clip_pc1_middle""]",clipart__clip_pc1_high|clipart__clip_pc1_low|sketch__clip_pc1_low,clipart__clip_pc1_high|clipart__clip_pc1_low|sketch__clip_pc1_low
new_seeds,dinov2_b14,20260919,quickdraw,logistic,error_rate,10,0,20,0.0,10,10,0,0,0.0,0.0,0.0,0,2,False,False,False,False,True,False,True,False,True,False,[],[],clipart__clip_pc1_middle|sketch__clip_pc1_low|sketch__clip_pc1_middle,clipart__clip_pc1_low|painting__clip_pc1_low|sketch__clip_pc1_low
new_seeds,dinov2_b14,20260919,quickdraw,logistic,error_rate,25,5,45,0.1111111111111111,9,10,0,1,0.0,1.0,0.0,0,2,False,True,False,False,False,False,False,False,True,False,[],"[""clipart__clip_pc1_low|clipart__clip_pc1_middle|sketch__clip_pc1_low""]",clipart__clip_pc1_low|clipart__clip_pc1_middle|sketch__clip_pc1_low,clipart__clip_pc1_low|clipart__clip_pc1_middle|sketch__clip_pc1_low
new_seeds,dinov2_b14,20260919,quickdraw,logistic,error_rate,50,11,89,0.12359550561797752,6,8,2,4,2.0,4.0,0.0087890625,2,2,True,True,True,False,False,False,False,False,False,False,"[""clipart__clip_pc1_middle|real__clip_pc1_low|sketch__clip_pc1_low"", ""clipart__clip_pc1_middle|real__clip_pc1_middle|sketch__clip_pc1_low""]","[""clipart__clip_pc1_low|clipart__clip_pc1_middle|sketch__clip_pc1_low"", ""clipart__clip_pc1_middle|infograph__clip_pc1_high|sketch__clip_pc1_low"", ""clipart__clip_pc1_middle|infograph__clip_pc1_low|sketch__clip_pc1_low"", ""clipart__clip_pc1_middle|infograph__clip_pc1_middle|sketch__clip_pc1_low""]",clipart__clip_pc1_middle|infograph__clip_pc1_middle|sketch__clip_pc1_low,clipart__clip_pc1_middle|infograph__clip_pc1_middle|sketch__clip_pc1_low
new_seeds,dinov2_b14,20260919,quickdraw,logistic,error_rate,100,60,140,0.42857142857142855,2,6,0,4,0.0,4.0,0.0,0,2,False,True,False,False,False,False,False,False,False,False,[],"[""clipart__clip_pc1_middle|infograph__clip_pc1_high|sketch__clip_pc1_low"", ""clipart__clip_pc1_middle|infograph__clip_pc1_low|sketch__clip_pc1_low"", ""clipart__clip_pc1_middle|infograph__clip_pc1_middle|sketch__clip_pc1_low"", ""clipart__clip_pc1_middle|painting__clip_pc1_high|sketch__clip_pc1_low""]",clipart__clip_pc1_middle|infograph__clip_pc1_middle|sketch__clip_pc1_low,clipart__clip_pc1_middle|infograph__clip_pc1_middle|sketch__clip_pc1_low
new_seeds,dinov2_b14,20260919,quickdraw,logistic,error_rate,227,186,268,0.6940298507462687,1,1,0,0,0.0,0.0,0.0,1,2,False,False,False,False,False,False,False,False,False,False,[],[],clipart__clip_pc1_low|clipart__clip_pc1_middle|real__clip_pc1_low,clipart__clip_pc1_low|clipart__clip_pc1_middle|real__clip_pc1_low
new_seeds,dinov2_b14,20260919,real,ridge,brier_score,10,8,12,0.6666666666666666,7,7,0,0,0.0,0.0,0.0,0,1,False,False,False,False,False,False,False,False,False,False,[],[],clipart__clip_pc1_low|painting__clip_pc1_low|painting__clip_pc1_middle,clipart__clip_pc1_low|painting__clip_pc1_low|painting__clip_pc1_middle
new_seeds,dinov2_b14,20260919,real,ridge,brier_score,25,19,31,0.6129032258064516,3,4,1,2,1.0,2.0,0.0,0,1,True,True,False,False,False,False,False,False,False,False,"[""clipart__clip_pc1_high|clipart__clip_pc1_low|painting__clip_pc1_low""]","[""clipart__clip_pc1_low|clipart__clip_pc1_middle|painting__clip_pc1_middle"", ""clipart__clip_pc1_low|painting__clip_pc1_middle|sketch__clip_pc1_low""]",clipart__clip_pc1_low|painting__clip_pc1_low|sketch__clip_pc1_low,clipart__clip_pc1_low|painting__clip_pc1_low|sketch__clip_pc1_low
new_seeds,dinov2_b14,20260919,real,ridge,brier_score,50,38,62,0.6129032258064516,0,1,0,1,0.0,1.0,0.0,0,1,False,True,False,False,False,False,False,False,False,False,[],"[""clipart__clip_pc1_middle|painting__clip_pc1_middle|sketch__clip_pc1_low""]",clipart__clip_pc1_low|painting__clip_pc1_low|sketch__clip_pc1_low,clipart__clip_pc1_low|painting__clip_pc1_low|sketch__clip_pc1_low
new_seeds,dinov2_b14,20260919,real,ridge,brier_score,100,82,118,0.6949152542372882,0,0,0,0,0.0,0.0,0.0,0,1,False,False,False,False,False,False,False,False,False,False,[],[],clipart__clip_pc1_low|painting__clip_pc1_low|sketch__clip_pc1_low,clipart__clip_pc1_low|painting__clip_pc1_low|sketch__clip_pc1_low
new_seeds,dinov2_b14,20260919,real,ridge,brier_score,227,217,237,0.9156118143459916,0,0,0,0,0.0,0.0,0.0,0,1,False,False,False,False,False,False,False,False,False,False,[],[],clipart__clip_pc1_low|painting__clip_pc1_low|sketch__clip_pc1_low,clipart__clip_pc1_low|painting__clip_pc1_low|sketch__clip_pc1_low
new_seeds,dinov2_b14,20260919,real,ridge,nll,10,8,12,0.6666666666666666,7,7,0,0,0.0,0.0,0.0,0,1,False,False,False,False,False,False,False,False,False,False,[],[],clipart__clip_pc1_low|painting__clip_pc1_low|painting__clip_pc1_middle,clipart__clip_pc1_low|painting__clip_pc1_low|painting__clip_pc1_middle
new_seeds,dinov2_b14,20260919,real,ridge,nll,25,19,31,0.6129032258064516,3,4,1,2,1.0,2.0,0.0,0,1,True,True,False,False,False,False,False,False,False,False,"[""clipart__clip_pc1_high|clipart__clip_pc1_low|painting__clip_pc1_low""]","[""clipart__clip_pc1_low|clipart__clip_pc1_middle|painting__clip_pc1_middle"", ""clipart__clip_pc1_low|painting__clip_pc1_middle|sketch__clip_pc1_low""]",clipart__clip_pc1_low|clipart__clip_pc1_middle|painting__clip_pc1_low,clipart__clip_pc1_low|clipart__clip_pc1_middle|painting__clip_pc1_low
new_seeds,dinov2_b14,20260919,real,ridge,nll,50,38,62,0.6129032258064516,0,1,0,1,0.0,1.0,0.0,0,1,False,True,False,False,False,False,False,False,False,False,[],"[""clipart__clip_pc1_middle|painting__clip_pc1_middle|sketch__clip_pc1_low""]",clipart__clip_pc1_low|clipart__clip_pc1_middle|painting__clip_pc1_low,clipart__clip_pc1_low|clipart__clip_pc1_middle|painting__clip_pc1_low
new_seeds,dinov2_b14,20260919,real,ridge,nll,100,82,118,0.6949152542372882,0,0,0,0,0.0,0.0,0.0,0,1,False,False,False,False,False,False,False,False,False,False,[],[],clipart__clip_pc1_low|clipart__clip_pc1_middle|painting__clip_pc1_low,clipart__clip_pc1_low|clipart__clip_pc1_middle|painting__clip_pc1_low
new_seeds,dinov2_b14,20260919,real,ridge,nll,227,217,237,0.9156118143459916,0,0,0,0,0.0,0.0,0.0,0,1,False,False,False,False,False,False,False,False,False,False,[],[],clipart__clip_pc1_low|clipart__clip_pc1_middle|painting__clip_pc1_low,clipart__clip_pc1_low|clipart__clip_pc1_middle|painting__clip_pc1_low
new_seeds,dinov2_b14,20260919,real,ridge,error_rate,10,8,12,0.6666666666666666,10,9,1,0,1.0,0.0,0.02587890625,1,1,True,False,False,False,True,True,False,True,False,True,"[""clipart__clip_pc1_middle|painting__clip_pc1_low|sketch__clip_pc1_middle""]",[],clipart__clip_pc1_low|painting__clip_pc1_low|sketch__clip_pc1_middle,clipart__clip_pc1_middle|painting__clip_pc1_low|sketch__clip_pc1_middle
new_seeds,dinov2_b14,20260919,real,ridge,error_rate,25,19,31,0.6129032258064516,9,7,2,0,2.0,0.0,0.00244140625,1,1,True,False,True,False,False,False,False,False,False,False,"[""clipart__clip_pc1_high|painting__clip_pc1_low|sketch__clip_pc1_middle"", ""painting__clip_pc1_low|sketch__clip_pc1_low|sketch__clip_pc1_middle""]",[],clipart__clip_pc1_middle|painting__clip_pc1_low|sketch__clip_pc1_middle,clipart__clip_pc1_middle|painting__clip_pc1_low|sketch__clip_pc1_middle
new_seeds,dinov2_b14,20260919,real,ridge,error_rate,50,38,62,0.6129032258064516,6,6,1,1,1.0,1.0,0.00244140625,1,1,True,True,True,False,False,False,False,False,False,False,"[""clipart__clip_pc1_high|painting__clip_pc1_low|sketch__clip_pc1_middle""]","[""painting__clip_pc1_middle|sketch__clip_pc1_low|sketch__clip_pc1_middle""]",clipart__clip_pc1_middle|painting__clip_pc1_middle|sketch__clip_pc1_low,clipart__clip_pc1_middle|painting__clip_pc1_middle|sketch__clip_pc1_low
new_seeds,dinov2_b14,20260919,real,ridge,error_rate,100,82,118,0.6949152542372882,4,3,1,0,1.0,0.0,0.0,1,1,True,False,False,False,False,False,False,False,False,False,"[""infograph__clip_pc1_low|painting__clip_pc1_low|sketch__clip_pc1_middle""]",[],clipart__clip_pc1_middle|painting__clip_pc1_middle|sketch__clip_pc1_low,clipart__clip_pc1_middle|painting__clip_pc1_middle|sketch__clip_pc1_low
new_seeds,dinov2_b14,20260919,real,ridge,error_rate,227,217,237,0.9156118143459916,0,0,0,0,0.0,0.0,0.0,0,1,False,False,False,False,False,False,False,False,False,False,[],[],clipart__clip_pc1_middle|painting__clip_pc1_middle|sketch__clip_pc1_low,clipart__clip_pc1_middle|painting__clip_pc1_middle|sketch__clip_pc1_low
new_seeds,dinov2_b14,20260919,real,logistic,brier_score,10,8,12,0.6666666666666666,5,5,0,0,0.0,0.0,0.0,0,1,False,False,False,False,False,False,False,False,False,False,[],[],clipart__clip_pc1_low|painting__clip_pc1_low|painting__clip_pc1_middle,clipart__clip_pc1_low|painting__clip_pc1_low|painting__clip_pc1_middle
new_seeds,dinov2_b14,20260919,real,logistic,brier_score,25,19,31,0.6129032258064516,2,2,1,1,1.0,1.0,0.0,0,1,True,True,False,False,False,False,False,False,False,False,"[""clipart__clip_pc1_high|clipart__clip_pc1_low|painting__clip_pc1_low""]","[""clipart__clip_pc1_low|painting__clip_pc1_middle|sketch__clip_pc1_low""]",clipart__clip_pc1_low|painting__clip_pc1_low|painting__clip_pc1_middle,clipart__clip_pc1_low|painting__clip_pc1_low|painting__clip_pc1_middle
new_seeds,dinov2_b14,20260919,real,logistic,brier_score,50,38,62,0.6129032258064516,0,0,0,0,0.0,0.0,0.0,0,1,False,False,False,False,False,False,False,False,False,False,[],[],clipart__clip_pc1_low|painting__clip_pc1_low|painting__clip_pc1_middle,clipart__clip_pc1_low|painting__clip_pc1_low|painting__clip_pc1_middle
new_seeds,dinov2_b14,20260919,real,logistic,brier_score,100,82,118,0.6949152542372882,0,0,0,0,0.0,0.0,0.0,0,1,False,False,False,False,False,False,False,False,False,False,[],[],clipart__clip_pc1_low|painting__clip_pc1_low|painting__clip_pc1_middle,clipart__clip_pc1_low|painting__clip_pc1_low|painting__clip_pc1_middle
new_seeds,dinov2_b14,20260919,real,logistic,brier_score,227,217,237,0.9156118143459916,0,0,0,0,0.0,0.0,0.0,0,1,False,False,False,False,False,False,False,False,False,False,[],[],clipart__clip_pc1_low|painting__clip_pc1_low|painting__clip_pc1_middle,clipart__clip_pc1_low|painting__clip_pc1_low|painting__clip_pc1_middle
new_seeds,dinov2_b14,20260919,real,logistic,nll,10,8,12,0.6666666666666666,5,4,1,0,1.0,0.0,0.001071173815105464,1,1,True,False,True,False,False,False,False,False,False,False,"[""clipart__clip_pc1_middle|painting__clip_pc1_low|sketch__clip_pc1_middle""]",[],clipart__clip_pc1_low|painting__clip_pc1_low|sketch__clip_pc1_middle,clipart__clip_pc1_low|painting__clip_pc1_low|sketch__clip_pc1_middle
new_seeds,dinov2_b14,20260919,real,logistic,nll,25,19,31,0.6129032258064516,3,0,3,0,3.0,0.0,0.0,0,1,True,False,False,False,False,False,False,False,False,False,"[""clipart__clip_pc1_high|painting__clip_pc1_low|sketch__clip_pc1_middle"", ""clipart__clip_pc1_middle|painting__clip_pc1_low|sketch__clip_pc1_high"", ""painting__clip_pc1_low|sketch__clip_pc1_low|sketch__clip_pc1_middle""]",[],clipart__clip_pc1_low|painting__clip_pc1_low|sketch__clip_pc1_middle,clipart__clip_pc1_low|painting__clip_pc1_low|sketch__clip_pc1_middle
new_seeds,dinov2_b14,20260919,real,logistic,nll,50,38,62,0.6129032258064516,1,0,1,0,1.0,0.0,0.0,0,1,True,False,False,False,False,False,False,False,False,False,"[""clipart__clip_pc1_high|painting__clip_pc1_low|sketch__clip_pc1_middle""]",[],clipart__clip_pc1_low|painting__clip_pc1_low|sketch__clip_pc1_middle,clipart__clip_pc1_low|painting__clip_pc1_low|sketch__clip_pc1_middle
new_seeds,dinov2_b14,20260919,real,logistic,nll,100,82,118,0.6949152542372882,0,0,0,0,0.0,0.0,0.0,0,1,False,False,False,False,False,False,False,False,False,False,[],[],clipart__clip_pc1_low|painting__clip_pc1_low|sketch__clip_pc1_middle,clipart__clip_pc1_low|painting__clip_pc1_low|sketch__clip_pc1_middle
new_seeds,dinov2_b14,20260919,real,logistic,nll,227,217,237,0.9156118143459916,0,0,0,0,0.0,0.0,0.0,0,1,False,False,False,False,False,False,False,False,False,False,[],[],clipart__clip_pc1_low|painting__clip_pc1_low|sketch__clip_pc1_middle,clipart__clip_pc1_low|painting__clip_pc1_low|sketch__clip_pc1_middle
new_seeds,dinov2_b14,20260919,real,logistic,error_rate,10,8,12,0.6666666666666666,9,8,1,0,1.0,0.0,0.0224609375,1,2,True,False,False,False,False,False,False,False,False,False,"[""clipart__clip_pc1_middle|painting__clip_pc1_low|sketch__clip_pc1_middle""]",[],painting__clip_pc1_high|painting__clip_pc1_low|sketch__clip_pc1_low,painting__clip_pc1_high|painting__clip_pc1_low|sketch__clip_pc1_low
new_seeds,dinov2_b14,20260919,real,logistic,error_rate,25,19,31,0.6129032258064516,7,5,2,0,2.5,0.0,0.009765625,4,2,True,False,True,False,False,False,False,False,False,False,"[""clipart__clip_pc1_high|painting__clip_pc1_low|sketch__clip_pc1_middle"", ""painting__clip_pc1_low|sketch__clip_pc1_low|sketch__clip_pc1_middle""]",[],painting__clip_pc1_high|painting__clip_pc1_low|sketch__clip_pc1_low,painting__clip_pc1_high|painting__clip_pc1_low|sketch__clip_pc1_low
new_seeds,dinov2_b14,20260919,real,logistic,error_rate,50,38,62,0.6129032258064516,3,4,1,2,1.0,2.0,0.009765625,1,2,True,True,True,False,False,False,False,False,False,False,"[""clipart__clip_pc1_high|painting__clip_pc1_low|sketch__clip_pc1_middle""]","[""clipart__clip_pc1_middle|painting__clip_pc1_middle|sketch__clip_pc1_low"", ""painting__clip_pc1_middle|sketch__clip_pc1_low|sketch__clip_pc1_middle""]",painting__clip_pc1_low|sketch__clip_pc1_high|sketch__clip_pc1_low,painting__clip_pc1_low|sketch__clip_pc1_high|sketch__clip_pc1_low
new_seeds,dinov2_b14,20260919,real,logistic,error_rate,100,82,118,0.6949152542372882,1,1,0,0,0.0,0.0,0.0,0,2,False,False,False,False,False,False,False,False,False,False,[],[],painting__clip_pc1_low|sketch__clip_pc1_high|sketch__clip_pc1_low,painting__clip_pc1_low|sketch__clip_pc1_high|sketch__clip_pc1_low
new_seeds,dinov2_b14,20260919,real,logistic,error_rate,227,217,237,0.9156118143459916,0,0,0,0,0.0,0.0,0.0,0,2,False,False,False,False,False,False,False,False,False,False,[],[],painting__clip_pc1_low|sketch__clip_pc1_high|sketch__clip_pc1_low,painting__clip_pc1_low|sketch__clip_pc1_high|sketch__clip_pc1_low
new_seeds,dinov2_b14,20260919,sketch,ridge,brier_score,10,2,18,0.1111111111111111,6,10,0,4,0.0,4.0,0.0,0,1,False,True,False,True,False,False,False,False,False,False,[],"[""clipart__clip_pc1_high|clipart__clip_pc1_low|painting__clip_pc1_high"", ""clipart__clip_pc1_high|clipart__clip_pc1_low|painting__clip_pc1_middle"", ""clipart__clip_pc1_low|clipart__clip_pc1_middle|painting__clip_pc1_high"", ""clipart__clip_pc1_low|clipart__clip_pc1_middle|painting__clip_pc1_middle""]",clipart__clip_pc1_low|clipart__clip_pc1_middle|painting__clip_pc1_high,clipart__clip_pc1_low|clipart__clip_pc1_middle|painting__clip_pc1_high
new_seeds,dinov2_b14,20260919,sketch,ridge,brier_score,25,9,41,0.21951219512195122,4,10,0,6,0.0,6.0,0.0,0,1,False,True,False,True,False,False,False,False,False,False,[],"[""clipart__clip_pc1_high|clipart__clip_pc1_low|painting__clip_pc1_high"", ""clipart__clip_pc1_high|clipart__clip_pc1_low|painting__clip_pc1_middle"", ""clipart__clip_pc1_high|clipart__clip_pc1_low|real__clip_pc1_high"", ""clipart__clip_pc1_low|clipart__clip_pc1_middle|painting__clip_pc1_high"", ""clipart__clip_pc1_low|clipart__clip_pc1_middle|painting__clip_pc1_middle"", ""clipart__clip_pc1_middle|painting__clip_pc1_high|painting__clip_pc1_middle""]",clipart__clip_pc1_low|clipart__clip_pc1_middle|painting__clip_pc1_high,clipart__clip_pc1_low|clipart__clip_pc1_middle|painting__clip_pc1_high
new_seeds,dinov2_b14,20260919,sketch,ridge,brier_score,50,33,67,0.4925373134328358,1,7,0,6,0.0,6.0,0.0,0,1,False,True,False,True,False,False,False,False,False,False,[],"[""clipart__clip_pc1_high|clipart__clip_pc1_low|painting__clip_pc1_high"", ""clipart__clip_pc1_high|clipart__clip_pc1_low|real__clip_pc1_high"", ""clipart__clip_pc1_high|clipart__clip_pc1_middle|painting__clip_pc1_high"", ""clipart__clip_pc1_low|clipart__clip_pc1_middle|painting__clip_pc1_high"", ""clipart__clip_pc1_low|painting__clip_pc1_high|painting__clip_pc1_middle"", ""clipart__clip_pc1_middle|painting__clip_pc1_high|painting__clip_pc1_middle""]",clipart__clip_pc1_low|clipart__clip_pc1_middle|painting__clip_pc1_high,clipart__clip_pc1_low|clipart__clip_pc1_middle|painting__clip_pc1_high
new_seeds,dinov2_b14,20260919,sketch,ridge,brier_score,100,76,124,0.6129032258064516,1,2,0,1,0.0,1.0,0.0,0,1,False,True,False,False,False,False,False,False,False,False,[],"[""clipart__clip_pc1_high|clipart__clip_pc1_middle|painting__clip_pc1_high""]",clipart__clip_pc1_low|clipart__clip_pc1_middle|painting__clip_pc1_high,clipart__clip_pc1_low|clipart__clip_pc1_middle|painting__clip_pc1_high
new_seeds,dinov2_b14,20260919,sketch,ridge,brier_score,227,211,243,0.8683127572016461,0,0,0,0,0.0,0.0,0.0,0,1,False,False,False,False,False,False,False,False,False,False,[],[],clipart__clip_pc1_low|clipart__clip_pc1_middle|painting__clip_pc1_high,clipart__clip_pc1_low|clipart__clip_pc1_middle|painting__clip_pc1_high
new_seeds,dinov2_b14,20260919,sketch,ridge,nll,10,2,18,0.1111111111111111,6,10,0,4,0.0,4.0,0.0,0,1,False,True,False,True,False,False,False,False,False,False,[],"[""clipart__clip_pc1_high|clipart__clip_pc1_low|painting__clip_pc1_high"", ""clipart__clip_pc1_high|clipart__clip_pc1_low|painting__clip_pc1_middle"", ""clipart__clip_pc1_low|clipart__clip_pc1_middle|painting__clip_pc1_high"", ""clipart__clip_pc1_low|clipart__clip_pc1_middle|painting__clip_pc1_middle""]",clipart__clip_pc1_low|clipart__clip_pc1_middle|painting__clip_pc1_high,clipart__clip_pc1_low|clipart__clip_pc1_middle|painting__clip_pc1_high
new_seeds,dinov2_b14,20260919,sketch,ridge,nll,25,9,41,0.21951219512195122,4,10,0,6,0.0,6.0,0.0,0,1,False,True,False,True,False,False,False,False,False,False,[],"[""clipart__clip_pc1_high|clipart__clip_pc1_low|painting__clip_pc1_high"", ""clipart__clip_pc1_high|clipart__clip_pc1_low|painting__clip_pc1_middle"", ""clipart__clip_pc1_high|clipart__clip_pc1_low|real__clip_pc1_high"", ""clipart__clip_pc1_high|clipart__clip_pc1_middle|painting__clip_pc1_middle"", ""clipart__clip_pc1_low|clipart__clip_pc1_middle|painting__clip_pc1_high"", ""clipart__clip_pc1_low|clipart__clip_pc1_middle|painting__clip_pc1_middle""]",clipart__clip_pc1_low|clipart__clip_pc1_middle|painting__clip_pc1_high,clipart__clip_pc1_low|clipart__clip_pc1_middle|painting__clip_pc1_high
new_seeds,dinov2_b14,20260919,sketch,ridge,nll,50,33,67,0.4925373134328358,2,7,0,5,0.0,5.0,0.0,0,1,False,True,False,True,False,False,False,False,False,False,[],"[""clipart__clip_pc1_high|clipart__clip_pc1_low|painting__clip_pc1_high"", ""clipart__clip_pc1_high|clipart__clip_pc1_low|real__clip_pc1_high"", ""clipart__clip_pc1_high|clipart__clip_pc1_middle|painting__clip_pc1_high"", ""clipart__clip_pc1_high|clipart__clip_pc1_middle|painting__clip_pc1_middle"", ""clipart__clip_pc1_low|clipart__clip_pc1_middle|painting__clip_pc1_high""]",clipart__clip_pc1_low|clipart__clip_pc1_middle|painting__clip_pc1_high,clipart__clip_pc1_low|clipart__clip_pc1_middle|painting__clip_pc1_high
new_seeds,dinov2_b14,20260919,sketch,ridge,nll,100,76,124,0.6129032258064516,1,2,0,1,0.0,1.0,0.0,0,1,False,True,False,False,False,False,False,False,False,False,[],"[""clipart__clip_pc1_high|clipart__clip_pc1_middle|painting__clip_pc1_high""]",clipart__clip_pc1_low|clipart__clip_pc1_middle|painting__clip_pc1_high,clipart__clip_pc1_low|clipart__clip_pc1_middle|painting__clip_pc1_high
new_seeds,dinov2_b14,20260919,sketch,ridge,nll,227,211,243,0.8683127572016461,0,0,0,0,0.0,0.0,0.0,0,1,False,False,False,False,False,False,False,False,False,False,[],[],clipart__clip_pc1_low|clipart__clip_pc1_middle|painting__clip_pc1_high,clipart__clip_pc1_low|clipart__clip_pc1_middle|painting__clip_pc1_high
new_seeds,dinov2_b14,20260919,sketch,ridge,error_rate,10,2,18,0.1111111111111111,8,8,2,2,2.0,2.0,0.0,3,2,True,True,False,False,True,True,False,False,False,False,"[""clipart__clip_pc1_middle|painting__clip_pc1_low|real__clip_pc1_high"", ""clipart__clip_pc1_middle|painting__clip_pc1_middle|real__clip_pc1_middle""]","[""clipart__clip_pc1_high|clipart__clip_pc1_low|painting__clip_pc1_middle"", ""clipart__clip_pc1_middle|painting__clip_pc1_high|painting__clip_pc1_low""]",clipart__clip_pc1_high|painting__clip_pc1_middle|real__clip_pc1_middle,clipart__clip_pc1_middle|painting__clip_pc1_middle|real__clip_pc1_low
new_seeds,dinov2_b14,20260919,sketch,ridge,error_rate,25,9,41,0.21951219512195122,5,6,2,3,2.0,3.0,0.0,0,2,True,True,False,True,False,False,False,False,False,False,"[""clipart__clip_pc1_middle|painting__clip_pc1_low|real__clip_pc1_high"", ""clipart__clip_pc1_middle|real__clip_pc1_high|real__clip_pc1_low""]","[""clipart__clip_pc1_high|clipart__clip_pc1_low|painting__clip_pc1_middle"", ""clipart__clip_pc1_high|clipart__clip_pc1_low|real__clip_pc1_high"", ""clipart__clip_pc1_high|clipart__clip_pc1_middle|painting__clip_pc1_middle""]",clipart__clip_pc1_high|clipart__clip_pc1_middle|painting__clip_pc1_middle,clipart__clip_pc1_high|clipart__clip_pc1_middle|painting__clip_pc1_middle
new_seeds,dinov2_b14,20260919,sketch,ridge,error_rate,50,33,67,0.4925373134328358,2,4,1,3,1.0,3.0,0.0,0,2,True,True,False,True,False,False,False,False,False,False,"[""clipart__clip_pc1_middle|real__clip_pc1_high|real__clip_pc1_low""]","[""clipart__clip_pc1_high|clipart__clip_pc1_low|real__clip_pc1_high"", ""clipart__clip_pc1_high|clipart__clip_pc1_middle|painting__clip_pc1_high"", ""clipart__clip_pc1_high|clipart__clip_pc1_middle|painting__clip_pc1_middle""]",clipart__clip_pc1_high|clipart__clip_pc1_middle|painting__clip_pc1_middle,clipart__clip_pc1_high|clipart__clip_pc1_middle|painting__clip_pc1_middle
new_seeds,dinov2_b14,20260919,sketch,ridge,error_rate,100,76,124,0.6129032258064516,0,1,0,1,0.0,1.0,0.0,0,2,False,True,False,False,False,False,False,False,False,False,[],"[""clipart__clip_pc1_high|clipart__clip_pc1_middle|painting__clip_pc1_high""]",clipart__clip_pc1_high|clipart__clip_pc1_middle|painting__clip_pc1_middle,clipart__clip_pc1_high|clipart__clip_pc1_middle|painting__clip_pc1_middle
new_seeds,dinov2_b14,20260919,sketch,ridge,error_rate,227,211,243,0.8683127572016461,0,0,0,0,0.0,0.0,0.0,0,2,False,False,False,False,False,False,False,False,False,False,[],[],clipart__clip_pc1_high|clipart__clip_pc1_middle|painting__clip_pc1_middle,clipart__clip_pc1_high|clipart__clip_pc1_middle|painting__clip_pc1_middle
new_seeds,dinov2_b14,20260919,sketch,logistic,brier_score,10,2,18,0.1111111111111111,6,10,0,4,0.0,4.0,0.0,0,1,False,True,False,True,False,False,False,False,False,False,[],"[""clipart__clip_pc1_high|clipart__clip_pc1_low|painting__clip_pc1_high"", ""clipart__clip_pc1_high|clipart__clip_pc1_low|painting__clip_pc1_middle"", ""clipart__clip_pc1_low|clipart__clip_pc1_middle|painting__clip_pc1_high"", ""clipart__clip_pc1_low|clipart__clip_pc1_middle|painting__clip_pc1_middle""]",clipart__clip_pc1_low|clipart__clip_pc1_middle|painting__clip_pc1_high,clipart__clip_pc1_low|clipart__clip_pc1_middle|painting__clip_pc1_high
new_seeds,dinov2_b14,20260919,sketch,logistic,brier_score,25,9,41,0.21951219512195122,3,9,0,6,0.0,6.0,0.0,0,1,False,True,False,True,False,False,False,False,False,False,[],"[""clipart__clip_pc1_high|clipart__clip_pc1_low|painting__clip_pc1_high"", ""clipart__clip_pc1_high|clipart__clip_pc1_low|painting__clip_pc1_middle"", ""clipart__clip_pc1_high|clipart__clip_pc1_low|real__clip_pc1_high"", ""clipart__clip_pc1_low|clipart__clip_pc1_middle|painting__clip_pc1_high"", ""clipart__clip_pc1_low|clipart__clip_pc1_middle|painting__clip_pc1_middle"", ""clipart__clip_pc1_middle|painting__clip_pc1_high|painting__clip_pc1_middle""]",clipart__clip_pc1_low|clipart__clip_pc1_middle|painting__clip_pc1_high,clipart__clip_pc1_low|clipart__clip_pc1_middle|painting__clip_pc1_high
new_seeds,dinov2_b14,20260919,sketch,logistic,brier_score,50,33,67,0.4925373134328358,0,5,0,5,0.0,5.0,0.0,0,1,False,True,False,False,False,False,False,False,False,False,[],"[""clipart__clip_pc1_high|clipart__clip_pc1_low|painting__clip_pc1_high"", ""clipart__clip_pc1_high|clipart__clip_pc1_low|real__clip_pc1_high"", ""clipart__clip_pc1_low|clipart__clip_pc1_middle|painting__clip_pc1_high"", ""clipart__clip_pc1_low|painting__clip_pc1_high|painting__clip_pc1_middle"", ""clipart__clip_pc1_middle|painting__clip_pc1_high|painting__clip_pc1_middle""]",clipart__clip_pc1_low|clipart__clip_pc1_middle|painting__clip_pc1_high,clipart__clip_pc1_low|clipart__clip_pc1_middle|painting__clip_pc1_high
new_seeds,dinov2_b14,20260919,sketch,logistic,brier_score,100,76,124,0.6129032258064516,0,0,0,0,0.0,0.0,0.0,0,1,False,False,False,False,False,False,False,False,False,False,[],[],clipart__clip_pc1_low|clipart__clip_pc1_middle|painting__clip_pc1_high,clipart__clip_pc1_low|clipart__clip_pc1_middle|painting__clip_pc1_high
new_seeds,dinov2_b14,20260919,sketch,logistic,brier_score,227,211,243,0.8683127572016461,0,0,0,0,0.0,0.0,0.0,0,1,False,False,False,False,False,False,False,False,False,False,[],[],clipart__clip_pc1_low|clipart__clip_pc1_middle|painting__clip_pc1_high,clipart__clip_pc1_low|clipart__clip_pc1_middle|painting__clip_pc1_high
new_seeds,dinov2_b14,20260919,sketch,logistic,nll,10,2,18,0.1111111111111111,6,8,2,4,2.0,4.0,0.0,1,1,True,True,False,True,False,False,False,False,False,False,"[""clipart__clip_pc1_middle|painting__clip_pc1_middle|real__clip_pc1_low"", ""clipart__clip_pc1_middle|painting__clip_pc1_middle|real__clip_pc1_middle""]","[""clipart__clip_pc1_high|clipart__clip_pc1_low|painting__clip_pc1_middle"", ""clipart__clip_pc1_low|clipart__clip_pc1_middle|painting__clip_pc1_high"", ""clipart__clip_pc1_low|clipart__clip_pc1_middle|painting__clip_pc1_middle"", ""clipart__clip_pc1_middle|painting__clip_pc1_high|painting__clip_pc1_low""]",clipart__clip_pc1_high|clipart__clip_pc1_low|painting__clip_pc1_middle,clipart__clip_pc1_high|clipart__clip_pc1_low|painting__clip_pc1_middle
new_seeds,dinov2_b14,20260919,sketch,logistic,nll,25,9,41,0.21951219512195122,2,5,1,4,1.0,4.0,0.0,0,1,True,True,False,True,False,False,False,False,False,False,"[""clipart__clip_pc1_middle|real__clip_pc1_high|real__clip_pc1_low""]","[""clipart__clip_pc1_high|clipart__clip_pc1_low|painting__clip_pc1_middle"", ""clipart__clip_pc1_high|clipart__clip_pc1_middle|painting__clip_pc1_middle"", ""clipart__clip_pc1_low|clipart__clip_pc1_middle|painting__clip_pc1_high"", ""clipart__clip_pc1_low|clipart__clip_pc1_middle|painting__clip_pc1_middle""]",clipart__clip_pc1_high|clipart__clip_pc1_middle|painting__clip_pc1_middle,clipart__clip_pc1_high|clipart__clip_pc1_middle|painting__clip_pc1_middle
new_seeds,dinov2_b14,20260919,sketch,logistic,nll,50,33,67,0.4925373134328358,2,3,1,2,1.0,2.0,0.0,0,1,True,True,False,False,False,False,False,False,False,False,"[""clipart__clip_pc1_middle|real__clip_pc1_high|real__clip_pc1_low""]","[""clipart__clip_pc1_high|clipart__clip_pc1_middle|painting__clip_pc1_middle"", ""clipart__clip_pc1_low|clipart__clip_pc1_middle|painting__clip_pc1_high""]",clipart__clip_pc1_high|clipart__clip_pc1_middle|painting__clip_pc1_middle,clipart__clip_pc1_high|clipart__clip_pc1_middle|painting__clip_pc1_middle
new_seeds,dinov2_b14,20260919,sketch,logistic,nll,100,76,124,0.6129032258064516,0,0,0,0,0.0,0.0,0.0,0,1,False,False,False,False,False,False,False,False,False,False,[],[],clipart__clip_pc1_high|clipart__clip_pc1_middle|painting__clip_pc1_middle,clipart__clip_pc1_high|clipart__clip_pc1_middle|painting__clip_pc1_middle
new_seeds,dinov2_b14,20260919,sketch,logistic,nll,227,211,243,0.8683127572016461,0,0,0,0,0.0,0.0,0.0,0,1,False,False,False,False,False,False,False,False,False,False,[],[],clipart__clip_pc1_high|clipart__clip_pc1_middle|painting__clip_pc1_middle,clipart__clip_pc1_high|clipart__clip_pc1_middle|painting__clip_pc1_middle
new_seeds,dinov2_b14,20260919,sketch,logistic,error_rate,10,2,18,0.1111111111111111,7,7,3,3,3.0,3.0,0.00390625,4,2,True,True,True,False,False,False,False,False,False,False,"[""clipart__clip_pc1_middle|painting__clip_pc1_low|real__clip_pc1_high"", ""clipart__clip_pc1_middle|painting__clip_pc1_middle|real__clip_pc1_low"", ""clipart__clip_pc1_middle|painting__clip_pc1_middle|real__clip_pc1_middle""]","[""clipart__clip_pc1_high|clipart__clip_pc1_low|painting__clip_pc1_middle"", ""clipart__clip_pc1_low|clipart__clip_pc1_middle|painting__clip_pc1_middle"", ""clipart__clip_pc1_middle|painting__clip_pc1_high|painting__clip_pc1_low""]",clipart__clip_pc1_high|painting__clip_pc1_middle|real__clip_pc1_middle,clipart__clip_pc1_high|painting__clip_pc1_middle|real__clip_pc1_middle
new_seeds,dinov2_b14,20260919,sketch,logistic,error_rate,25,9,41,0.21951219512195122,4,4,3,3,3.0,3.0,0.0,1,2,True,True,False,False,False,False,False,False,False,False,"[""clipart__clip_pc1_middle|painting__clip_pc1_low|real__clip_pc1_high"", ""clipart__clip_pc1_middle|real__clip_pc1_high|real__clip_pc1_low"", ""clipart__clip_pc1_middle|real__clip_pc1_high|real__clip_pc1_middle""]","[""clipart__clip_pc1_high|clipart__clip_pc1_low|painting__clip_pc1_middle"", ""clipart__clip_pc1_high|clipart__clip_pc1_middle|painting__clip_pc1_middle"", ""clipart__clip_pc1_low|clipart__clip_pc1_middle|painting__clip_pc1_middle""]",clipart__clip_pc1_high|clipart__clip_pc1_middle|painting__clip_pc1_middle,clipart__clip_pc1_high|clipart__clip_pc1_middle|painting__clip_pc1_middle
new_seeds,dinov2_b14,20260919,sketch,logistic,error_rate,50,33,67,0.4925373134328358,2,1,2,1,2.0,1.0,0.0,1,2,True,True,False,False,False,False,False,False,False,False,"[""clipart__clip_pc1_middle|real__clip_pc1_high|real__clip_pc1_low"", ""clipart__clip_pc1_middle|real__clip_pc1_high|real__clip_pc1_middle""]","[""clipart__clip_pc1_high|clipart__clip_pc1_middle|painting__clip_pc1_middle""]",clipart__clip_pc1_high|real__clip_pc1_high|real__clip_pc1_low,clipart__clip_pc1_high|real__clip_pc1_high|real__clip_pc1_low
new_seeds,dinov2_b14,20260919,sketch,logistic,error_rate,100,76,124,0.6129032258064516,0,0,0,0,0.0,0.0,0.0,0,2,False,False,False,False,False,False,False,False,False,False,[],[],clipart__clip_pc1_high|real__clip_pc1_high|real__clip_pc1_low,clipart__clip_pc1_high|real__clip_pc1_high|real__clip_pc1_low
new_seeds,dinov2_b14,20260919,sketch,logistic,error_rate,227,211,243,0.8683127572016461,0,0,0,0,0.0,0.0,0.0,0,2,False,False,False,False,False,False,False,False,False,False,[],[],clipart__clip_pc1_high|real__clip_pc1_high|real__clip_pc1_low,clipart__clip_pc1_high|real__clip_pc1_high|real__clip_pc1_low
new_seeds,resnet50,20260920,clipart,ridge,brier_score,10,1,19,0.05263157894736842,9,10,0,1,0.0,1.0,0.0,0,1,False,True,False,False,False,False,False,False,True,False,[],"[""infograph__clip_pc1_high|real__clip_pc1_low|sketch__clip_pc1_low""]",infograph__clip_pc1_high|real__clip_pc1_low|sketch__clip_pc1_low,infograph__clip_pc1_high|real__clip_pc1_low|sketch__clip_pc1_low
new_seeds,resnet50,20260920,clipart,ridge,brier_score,25,9,41,0.21951219512195122,6,6,2,2,2.0,2.0,0.0,0,1,True,True,False,False,False,False,False,False,False,False,"[""real__clip_pc1_high|real__clip_pc1_low|sketch__clip_pc1_low"", ""real__clip_pc1_low|real__clip_pc1_middle|sketch__clip_pc1_middle""]","[""infograph__clip_pc1_high|real__clip_pc1_low|sketch__clip_pc1_low"", ""real__clip_pc1_low|sketch__clip_pc1_low|sketch__clip_pc1_middle""]",real__clip_pc1_low|real__clip_pc1_middle|sketch__clip_pc1_low,real__clip_pc1_low|real__clip_pc1_middle|sketch__clip_pc1_low
new_seeds,resnet50,20260920,clipart,ridge,brier_score,50,27,73,0.3698630136986301,1,4,1,4,1.0,4.0,0.0,0,1,True,True,False,False,False,False,False,False,False,False,"[""real__clip_pc1_high|real__clip_pc1_low|real__clip_pc1_middle""]","[""infograph__clip_pc1_high|real__clip_pc1_low|sketch__clip_pc1_low"", ""infograph__clip_pc1_middle|real__clip_pc1_low|sketch__clip_pc1_low"", ""real__clip_pc1_low|sketch__clip_pc1_high|sketch__clip_pc1_low"", ""real__clip_pc1_low|sketch__clip_pc1_low|sketch__clip_pc1_middle""]",real__clip_pc1_low|real__clip_pc1_middle|sketch__clip_pc1_low,real__clip_pc1_low|real__clip_pc1_middle|sketch__clip_pc1_low
new_seeds,resnet50,20260920,clipart,ridge,brier_score,100,75,125,0.6,1,2,1,2,1.0,2.0,0.0,0,1,True,True,False,False,False,False,False,False,False,False,"[""real__clip_pc1_high|real__clip_pc1_low|real__clip_pc1_middle""]","[""infograph__clip_pc1_middle|real__clip_pc1_low|sketch__clip_pc1_low"", ""real__clip_pc1_low|sketch__clip_pc1_high|sketch__clip_pc1_low""]",real__clip_pc1_low|real__clip_pc1_middle|sketch__clip_pc1_low,real__clip_pc1_low|real__clip_pc1_middle|sketch__clip_pc1_low
new_seeds,resnet50,20260920,clipart,ridge,brier_score,227,207,247,0.8380566801619433,0,0,0,0,0.0,0.0,0.0,0,1,False,False,False,False,False,False,False,False,False,False,[],[],real__clip_pc1_low|real__clip_pc1_middle|sketch__clip_pc1_low,real__clip_pc1_low|real__clip_pc1_middle|sketch__clip_pc1_low
new_seeds,resnet50,20260920,clipart,ridge,nll,10,1,19,0.05263157894736842,9,10,0,1,0.0,1.0,0.0,0,1,False,True,False,False,False,False,False,False,True,False,[],"[""infograph__clip_pc1_high|real__clip_pc1_low|sketch__clip_pc1_low""]",infograph__clip_pc1_high|real__clip_pc1_low|sketch__clip_pc1_low,infograph__clip_pc1_high|real__clip_pc1_low|sketch__clip_pc1_low
new_seeds,resnet50,20260920,clipart,ridge,nll,25,9,41,0.21951219512195122,6,6,2,2,2.0,2.0,0.0,1,1,True,True,False,False,True,True,False,False,False,True,"[""real__clip_pc1_high|real__clip_pc1_low|sketch__clip_pc1_low"", ""real__clip_pc1_low|real__clip_pc1_middle|sketch__clip_pc1_middle""]","[""infograph__clip_pc1_high|real__clip_pc1_low|sketch__clip_pc1_low"", ""real__clip_pc1_low|sketch__clip_pc1_low|sketch__clip_pc1_middle""]",real__clip_pc1_low|sketch__clip_pc1_low|sketch__clip_pc1_middle,real__clip_pc1_high|real__clip_pc1_low|sketch__clip_pc1_low
new_seeds,resnet50,20260920,clipart,ridge,nll,50,27,73,0.3698630136986301,1,4,1,4,1.0,4.0,0.0,0,1,True,True,False,False,False,False,False,False,False,False,"[""real__clip_pc1_high|real__clip_pc1_low|real__clip_pc1_middle""]","[""infograph__clip_pc1_high|real__clip_pc1_low|sketch__clip_pc1_low"", ""infograph__clip_pc1_middle|real__clip_pc1_low|sketch__clip_pc1_low"", ""real__clip_pc1_low|sketch__clip_pc1_high|sketch__clip_pc1_low"", ""real__clip_pc1_low|sketch__clip_pc1_low|sketch__clip_pc1_middle""]",real__clip_pc1_high|real__clip_pc1_low|sketch__clip_pc1_low,real__clip_pc1_high|real__clip_pc1_low|sketch__clip_pc1_low
new_seeds,resnet50,20260920,clipart,ridge,nll,100,75,125,0.6,1,2,1,2,1.0,2.0,0.0,0,1,True,True,False,False,False,False,False,False,False,False,"[""real__clip_pc1_high|real__clip_pc1_low|real__clip_pc1_middle""]","[""infograph__clip_pc1_middle|real__clip_pc1_low|sketch__clip_pc1_low"", ""real__clip_pc1_low|sketch__clip_pc1_high|sketch__clip_pc1_low""]",real__clip_pc1_high|real__clip_pc1_low|sketch__clip_pc1_low,real__clip_pc1_high|real__clip_pc1_low|sketch__clip_pc1_low
new_seeds,resnet50,20260920,clipart,ridge,nll,227,207,247,0.8380566801619433,0,0,0,0,0.0,0.0,0.0,0,1,False,False,False,False,False,False,False,False,False,False,[],[],real__clip_pc1_high|real__clip_pc1_low|sketch__clip_pc1_low,real__clip_pc1_high|real__clip_pc1_low|sketch__clip_pc1_low
new_seeds,resnet50,20260920,clipart,ridge,error_rate,10,1,19,0.05263157894736842,9,10,0,1,0.0,1.0,0.0,1,1,False,True,False,False,False,False,False,False,True,False,[],"[""infograph__clip_pc1_high|real__clip_pc1_low|sketch__clip_pc1_low""]",infograph__clip_pc1_high|real__clip_pc1_low|sketch__clip_pc1_middle,infograph__clip_pc1_high|real__clip_pc1_low|sketch__clip_pc1_middle
new_seeds,resnet50,20260920,clipart,ridge,error_rate,25,9,41,0.21951219512195122,6,5,3,2,3.0,2.0,0.00390625,2,1,True,True,True,False,True,True,False,False,False,True,"[""real__clip_pc1_high|real__clip_pc1_low|sketch__clip_pc1_low"", ""real__clip_pc1_high|real__clip_pc1_low|sketch__clip_pc1_middle"", ""real__clip_pc1_low|real__clip_pc1_middle|sketch__clip_pc1_middle""]","[""infograph__clip_pc1_high|real__clip_pc1_low|sketch__clip_pc1_low"", ""real__clip_pc1_low|sketch__clip_pc1_low|sketch__clip_pc1_middle""]",real__clip_pc1_low|sketch__clip_pc1_low|sketch__clip_pc1_middle,real__clip_pc1_high|real__clip_pc1_low|sketch__clip_pc1_low
new_seeds,resnet50,20260920,clipart,ridge,error_rate,50,27,73,0.3698630136986301,2,3,2,3,2.0,3.0,0.0,0,1,True,True,False,False,False,False,False,False,False,False,"[""real__clip_pc1_high|real__clip_pc1_low|real__clip_pc1_middle"", ""real__clip_pc1_high|real__clip_pc1_low|sketch__clip_pc1_middle""]","[""infograph__clip_pc1_high|real__clip_pc1_low|sketch__clip_pc1_low"", ""real__clip_pc1_low|sketch__clip_pc1_high|sketch__clip_pc1_low"", ""real__clip_pc1_low|sketch__clip_pc1_low|sketch__clip_pc1_middle""]",real__clip_pc1_high|real__clip_pc1_low|sketch__clip_pc1_low,real__clip_pc1_high|real__clip_pc1_low|sketch__clip_pc1_low
new_seeds,resnet50,20260920,clipart,ridge,error_rate,100,75,125,0.6,1,1,1,1,1.0,1.0,0.0,0,1,True,True,False,False,False,False,False,False,False,False,"[""real__clip_pc1_high|real__clip_pc1_low|real__clip_pc1_middle""]","[""real__clip_pc1_low|sketch__clip_pc1_high|sketch__clip_pc1_low""]",real__clip_pc1_high|real__clip_pc1_low|sketch__clip_pc1_low,real__clip_pc1_high|real__clip_pc1_low|sketch__clip_pc1_low
new_seeds,resnet50,20260920,clipart,ridge,error_rate,227,207,247,0.8380566801619433,0,0,0,0,0.0,0.0,0.0,0,1,False,False,False,False,False,False,False,False,False,False,[],[],real__clip_pc1_high|real__clip_pc1_low|sketch__clip_pc1_low,real__clip_pc1_high|real__clip_pc1_low|sketch__clip_pc1_low
new_seeds,resnet50,20260920,clipart,logistic,brier_score,10,1,19,0.05263157894736842,9,10,0,1,0.0,1.0,0.0,0,1,False,True,False,False,False,False,False,False,False,False,[],"[""infograph__clip_pc1_high|real__clip_pc1_low|sketch__clip_pc1_low""]",infograph__clip_pc1_high|real__clip_pc1_low|sketch__clip_pc1_low,infograph__clip_pc1_high|real__clip_pc1_low|sketch__clip_pc1_low
new_seeds,resnet50,20260920,clipart,logistic,brier_score,25,9,41,0.21951219512195122,6,6,2,2,2.0,2.0,0.0,0,1,True,True,False,False,False,False,False,False,False,False,"[""real__clip_pc1_high|real__clip_pc1_low|sketch__clip_pc1_low"", ""real__clip_pc1_low|real__clip_pc1_middle|sketch__clip_pc1_middle""]","[""infograph__clip_pc1_high|real__clip_pc1_low|sketch__clip_pc1_low"", ""real__clip_pc1_low|sketch__clip_pc1_low|sketch__clip_pc1_middle""]",real__clip_pc1_low|real__clip_pc1_middle|sketch__clip_pc1_low,real__clip_pc1_low|real__clip_pc1_middle|sketch__clip_pc1_low
new_seeds,resnet50,20260920,clipart,logistic,brier_score,50,27,73,0.3698630136986301,1,4,1,4,1.0,4.0,0.0,0,1,True,True,False,False,False,False,False,False,False,False,"[""real__clip_pc1_high|real__clip_pc1_low|real__clip_pc1_middle""]","[""infograph__clip_pc1_high|real__clip_pc1_low|sketch__clip_pc1_low"", ""infograph__clip_pc1_middle|real__clip_pc1_low|sketch__clip_pc1_low"", ""painting__clip_pc1_high|real__clip_pc1_low|sketch__clip_pc1_low"", ""real__clip_pc1_low|sketch__clip_pc1_low|sketch__clip_pc1_middle""]",real__clip_pc1_low|real__clip_pc1_middle|sketch__clip_pc1_low,real__clip_pc1_low|real__clip_pc1_middle|sketch__clip_pc1_low
new_seeds,resnet50,20260920,clipart,logistic,brier_score,100,75,125,0.6,1,1,1,1,1.0,1.0,0.0,0,1,True,True,False,False,False,False,False,False,False,False,"[""real__clip_pc1_high|real__clip_pc1_low|real__clip_pc1_middle""]","[""infograph__clip_pc1_middle|real__clip_pc1_low|sketch__clip_pc1_low""]",real__clip_pc1_low|real__clip_pc1_middle|sketch__clip_pc1_low,real__clip_pc1_low|real__clip_pc1_middle|sketch__clip_pc1_low
new_seeds,resnet50,20260920,clipart,logistic,brier_score,227,207,247,0.8380566801619433,0,0,0,0,0.0,0.0,0.0,0,1,False,False,False,False,False,False,False,False,False,False,[],[],real__clip_pc1_low|real__clip_pc1_middle|sketch__clip_pc1_low,real__clip_pc1_low|real__clip_pc1_middle|sketch__clip_pc1_low
new_seeds,resnet50,20260920,clipart,logistic,nll,10,1,19,0.05263157894736842,9,9,1,1,1.0,1.0,0.0,0,1,True,True,False,False,False,False,False,False,True,False,"[""painting__clip_pc1_middle|real__clip_pc1_low|real__clip_pc1_middle""]","[""infograph__clip_pc1_high|real__clip_pc1_low|sketch__clip_pc1_low""]",infograph__clip_pc1_high|real__clip_pc1_low|sketch__clip_pc1_low,infograph__clip_pc1_high|real__clip_pc1_low|sketch__clip_pc1_low
new_seeds,resnet50,20260920,clipart,logistic,nll,25,9,41,0.21951219512195122,7,5,4,2,4.0,2.0,0.027609817569346884,1,1,True,True,True,False,True,True,False,False,False,True,"[""infograph__clip_pc1_high|real__clip_pc1_high|real__clip_pc1_low"", ""painting__clip_pc1_middle|real__clip_pc1_low|real__clip_pc1_middle"", ""real__clip_pc1_high|real__clip_pc1_low|sketch__clip_pc1_low"", ""real__clip_pc1_high|real__clip_pc1_low|sketch__clip_pc1_middle""]","[""infograph__clip_pc1_high|real__clip_pc1_low|sketch__clip_pc1_low"", ""real__clip_pc1_low|sketch__clip_pc1_low|sketch__clip_pc1_middle""]",real__clip_pc1_low|sketch__clip_pc1_low|sketch__clip_pc1_middle,real__clip_pc1_high|real__clip_pc1_low|sketch__clip_pc1_low
new_seeds,resnet50,20260920,clipart,logistic,nll,50,27,73,0.3698630136986301,4,3,4,3,4.0,3.0,0.0,0,1,True,True,False,False,False,False,False,False,False,False,"[""infograph__clip_pc1_high|real__clip_pc1_high|real__clip_pc1_low"", ""painting__clip_pc1_middle|real__clip_pc1_low|real__clip_pc1_middle"", ""real__clip_pc1_high|real__clip_pc1_low|real__clip_pc1_middle"", ""real__clip_pc1_high|real__clip_pc1_low|sketch__clip_pc1_middle""]","[""infograph__clip_pc1_high|real__clip_pc1_low|sketch__clip_pc1_low"", ""real__clip_pc1_low|sketch__clip_pc1_high|sketch__clip_pc1_low"", ""real__clip_pc1_low|sketch__clip_pc1_low|sketch__clip_pc1_middle""]",real__clip_pc1_high|real__clip_pc1_low|sketch__clip_pc1_low,real__clip_pc1_high|real__clip_pc1_low|sketch__clip_pc1_low
new_seeds,resnet50,20260920,clipart,logistic,nll,100,75,125,0.6,2,1,2,1,2.0,1.0,0.0,0,1,True,True,False,False,False,False,False,False,False,False,"[""painting__clip_pc1_middle|real__clip_pc1_low|real__clip_pc1_middle"", ""real__clip_pc1_high|real__clip_pc1_low|real__clip_pc1_middle""]","[""real__clip_pc1_low|sketch__clip_pc1_high|sketch__clip_pc1_low""]",real__clip_pc1_high|real__clip_pc1_low|sketch__clip_pc1_low,real__clip_pc1_high|real__clip_pc1_low|sketch__clip_pc1_low
new_seeds,resnet50,20260920,clipart,logistic,nll,227,207,247,0.8380566801619433,0,0,0,0,0.0,0.0,0.0,0,1,False,False,False,False,False,False,False,False,False,False,[],[],real__clip_pc1_high|real__clip_pc1_low|sketch__clip_pc1_low,real__clip_pc1_high|real__clip_pc1_low|sketch__clip_pc1_low
new_seeds,resnet50,20260920,clipart,logistic,error_rate,10,1,19,0.05263157894736842,9,10,0,1,0.0,1.0,0.0,0,1,False,True,False,False,False,False,False,False,True,False,[],"[""infograph__clip_pc1_high|real__clip_pc1_low|sketch__clip_pc1_low""]",infograph__clip_pc1_high|real__clip_pc1_low|sketch__clip_pc1_middle,infograph__clip_pc1_high|real__clip_pc1_low|sketch__clip_pc1_middle
new_seeds,resnet50,20260920,clipart,logistic,error_rate,25,9,41,0.21951219512195122,6,5,3,2,3.0,2.0,0.00146484375,1,1,True,True,True,False,True,True,False,False,False,True,"[""real__clip_pc1_high|real__clip_pc1_low|sketch__clip_pc1_low"", ""real__clip_pc1_high|real__clip_pc1_low|sketch__clip_pc1_middle"", ""real__clip_pc1_low|real__clip_pc1_middle|sketch__clip_pc1_middle""]","[""infograph__clip_pc1_high|real__clip_pc1_low|sketch__clip_pc1_low"", ""real__clip_pc1_low|sketch__clip_pc1_low|sketch__clip_pc1_middle""]",real__clip_pc1_low|real__clip_pc1_middle|sketch__clip_pc1_low,real__clip_pc1_high|real__clip_pc1_low|sketch__clip_pc1_low
new_seeds,resnet50,20260920,clipart,logistic,error_rate,50,27,73,0.3698630136986301,1,5,1,5,1.0,5.0,0.0,0,1,True,True,False,False,False,False,False,False,False,False,"[""real__clip_pc1_high|real__clip_pc1_low|sketch__clip_pc1_middle""]","[""infograph__clip_pc1_high|real__clip_pc1_low|sketch__clip_pc1_low"", ""infograph__clip_pc1_middle|real__clip_pc1_low|sketch__clip_pc1_low"", ""painting__clip_pc1_high|real__clip_pc1_low|sketch__clip_pc1_low"", ""real__clip_pc1_low|sketch__clip_pc1_high|sketch__clip_pc1_low"", ""real__clip_pc1_low|sketch__clip_pc1_low|sketch__clip_pc1_middle""]",real__clip_pc1_high|real__clip_pc1_low|sketch__clip_pc1_low,real__clip_pc1_high|real__clip_pc1_low|sketch__clip_pc1_low
new_seeds,resnet50,20260920,clipart,logistic,error_rate,100,75,125,0.6,0,2,0,2,0.0,2.0,0.0,0,1,False,True,False,False,False,False,False,False,False,False,[],"[""infograph__clip_pc1_middle|real__clip_pc1_low|sketch__clip_pc1_low"", ""real__clip_pc1_low|sketch__clip_pc1_high|sketch__clip_pc1_low""]",real__clip_pc1_high|real__clip_pc1_low|sketch__clip_pc1_low,real__clip_pc1_high|real__clip_pc1_low|sketch__clip_pc1_low
new_seeds,resnet50,20260920,clipart,logistic,error_rate,227,207,247,0.8380566801619433,0,0,0,0,0.0,0.0,0.0,0,1,False,False,False,False,False,False,False,False,False,False,[],[],real__clip_pc1_high|real__clip_pc1_low|sketch__clip_pc1_low,real__clip_pc1_high|real__clip_pc1_low|sketch__clip_pc1_low
new_seeds,resnet50,20260920,infograph,ridge,brier_score,10,3,17,0.17647058823529413,10,9,1,0,1.0,0.0,6.912630905864248e-05,2,1,True,False,False,False,True,True,False,True,False,True,"[""clipart__clip_pc1_low|real__clip_pc1_high|real__clip_pc1_middle""]",[],clipart__clip_pc1_low|clipart__clip_pc1_middle|real__clip_pc1_high,clipart__clip_pc1_low|real__clip_pc1_high|real__clip_pc1_middle
new_seeds,resnet50,20260920,infograph,ridge,brier_score,25,11,39,0.28205128205128205,9,4,5,0,5.0,0.0,1.685824866282104e-05,4,1,True,False,True,False,True,True,False,True,False,True,"[""clipart__clip_pc1_low|real__clip_pc1_high|real__clip_pc1_low"", ""clipart__clip_pc1_low|real__clip_pc1_high|real__clip_pc1_middle"", ""clipart__clip_pc1_low|real__clip_pc1_low|real__clip_pc1_middle"", ""real__clip_pc1_high|real__clip_pc1_low|real__clip_pc1_middle"", ""real__clip_pc1_high|real__clip_pc1_middle|sketch__clip_pc1_low""]",[],clipart__clip_pc1_low|real__clip_pc1_middle|sketch__clip_pc1_low,clipart__clip_pc1_low|real__clip_pc1_high|real__clip_pc1_low
new_seeds,resnet50,20260920,infograph,ridge,brier_score,50,25,75,0.3333333333333333,8,3,5,0,5.0,0.0,2.3494304757232243e-06,1,1,True,False,True,False,True,True,False,True,False,True,"[""clipart__clip_pc1_low|real__clip_pc1_high|real__clip_pc1_low"", ""clipart__clip_pc1_low|real__clip_pc1_high|real__clip_pc1_middle"", ""clipart__clip_pc1_low|real__clip_pc1_high|sketch__clip_pc1_low"", ""real__clip_pc1_high|real__clip_pc1_low|real__clip_pc1_middle"", ""real__clip_pc1_high|real__clip_pc1_middle|sketch__clip_pc1_low""]",[],clipart__clip_pc1_low|real__clip_pc1_low|real__clip_pc1_middle,clipart__clip_pc1_low|real__clip_pc1_high|real__clip_pc1_low
new_seeds,resnet50,20260920,infograph,ridge,brier_score,100,72,128,0.5625,2,1,2,1,2.0,1.0,0.0,0,1,True,True,False,False,False,False,False,False,False,False,"[""real__clip_pc1_high|real__clip_pc1_low|real__clip_pc1_middle"", ""real__clip_pc1_high|real__clip_pc1_low|sketch__clip_pc1_low""]","[""clipart__clip_pc1_low|real__clip_pc1_low|sketch__clip_pc1_low""]",clipart__clip_pc1_low|real__clip_pc1_high|real__clip_pc1_low,clipart__clip_pc1_low|real__clip_pc1_high|real__clip_pc1_low
new_seeds,resnet50,20260920,infograph,ridge,brier_score,227,221,233,0.9484978540772532,0,0,0,0,0.0,0.0,0.0,0,1,False,False,False,False,False,False,False,False,False,False,[],[],clipart__clip_pc1_low|real__clip_pc1_high|real__clip_pc1_low,clipart__clip_pc1_low|real__clip_pc1_high|real__clip_pc1_low
new_seeds,resnet50,20260920,infograph,ridge,nll,10,3,17,0.17647058823529413,10,9,1,0,1.0,0.0,0.0027506105965651173,2,1,True,False,False,False,True,True,False,True,False,True,"[""clipart__clip_pc1_low|real__clip_pc1_high|real__clip_pc1_middle""]",[],clipart__clip_pc1_low|clipart__clip_pc1_middle|real__clip_pc1_middle,clipart__clip_pc1_low|real__clip_pc1_high|real__clip_pc1_middle
new_seeds,resnet50,20260920,infograph,ridge,nll,25,11,39,0.28205128205128205,9,4,5,0,5.0,0.0,0.0006680442831283884,4,1,True,False,True,False,True,True,False,True,False,True,"[""clipart__clip_pc1_low|real__clip_pc1_high|real__clip_pc1_low"", ""clipart__clip_pc1_low|real__clip_pc1_high|real__clip_pc1_middle"", ""clipart__clip_pc1_low|real__clip_pc1_low|real__clip_pc1_middle"", ""real__clip_pc1_high|real__clip_pc1_low|real__clip_pc1_middle"", ""real__clip_pc1_high|real__clip_pc1_middle|sketch__clip_pc1_low""]",[],clipart__clip_pc1_low|real__clip_pc1_middle|sketch__clip_pc1_low,clipart__clip_pc1_low|real__clip_pc1_high|real__clip_pc1_low
new_seeds,resnet50,20260920,infograph,ridge,nll,50,25,75,0.3333333333333333,8,2,6,0,6.0,0.0,0.0001764828534609464,1,1,True,False,True,False,True,True,False,True,False,True,"[""clipart__clip_pc1_low|real__clip_pc1_high|real__clip_pc1_low"", ""clipart__clip_pc1_low|real__clip_pc1_high|real__clip_pc1_middle"", ""clipart__clip_pc1_low|real__clip_pc1_high|sketch__clip_pc1_low"", ""painting__clip_pc1_middle|real__clip_pc1_low|real__clip_pc1_middle"", ""real__clip_pc1_high|real__clip_pc1_low|real__clip_pc1_middle"", ""real__clip_pc1_high|real__clip_pc1_middle|sketch__clip_pc1_low""]",[],clipart__clip_pc1_low|real__clip_pc1_low|real__clip_pc1_middle,clipart__clip_pc1_low|real__clip_pc1_high|real__clip_pc1_low
new_seeds,resnet50,20260920,infograph,ridge,nll,100,72,128,0.5625,3,0,3,0,3.0,0.0,0.0,0,1,True,False,False,False,False,False,False,False,False,False,"[""painting__clip_pc1_middle|real__clip_pc1_low|real__clip_pc1_middle"", ""real__clip_pc1_high|real__clip_pc1_low|real__clip_pc1_middle"", ""real__clip_pc1_high|real__clip_pc1_low|sketch__clip_pc1_low""]",[],clipart__clip_pc1_low|real__clip_pc1_high|real__clip_pc1_low,clipart__clip_pc1_low|real__clip_pc1_high|real__clip_pc1_low
new_seeds,resnet50,20260920,infograph,ridge,nll,227,221,233,0.9484978540772532,0,0,0,0,0.0,0.0,0.0,0,1,False,False,False,False,False,False,False,False,False,False,[],[],clipart__clip_pc1_low|real__clip_pc1_high|real__clip_pc1_low,clipart__clip_pc1_low|real__clip_pc1_high|real__clip_pc1_low
new_seeds,resnet50,20260920,infograph,ridge,error_rate,10,3,17,0.17647058823529413,10,10,0,0,0.0,0.0,0.0,0,1,False,False,False,False,False,False,False,False,False,False,[],[],clipart__clip_pc1_low|clipart__clip_pc1_middle|real__clip_pc1_high,clipart__clip_pc1_low|clipart__clip_pc1_middle|real__clip_pc1_high
new_seeds,resnet50,20260920,infograph,ridge,error_rate,25,11,39,0.28205128205128205,10,9,1,0,1.0,0.0,0.017578125,1,1,True,False,True,False,True,True,False,True,False,True,"[""clipart__clip_pc1_low|real__clip_pc1_high|real__clip_pc1_low""]",[],clipart__clip_pc1_low|clipart__clip_pc1_middle|painting__clip_pc1_middle,clipart__clip_pc1_low|real__clip_pc1_high|real__clip_pc1_low
new_seeds,resnet50,20260920,infograph,ridge,error_rate,50,25,75,0.3333333333333333,8,6,3,1,3.0,1.0,0.00927734375,3,1,True,True,True,False,True,True,False,True,False,True,"[""clipart__clip_pc1_low|painting__clip_pc1_middle|real__clip_pc1_low"", ""clipart__clip_pc1_low|real__clip_pc1_high|real__clip_pc1_low"", ""clipart__clip_pc1_low|real__clip_pc1_high|sketch__clip_pc1_low""]","[""clipart__clip_pc1_middle|painting__clip_pc1_middle|real__clip_pc1_low""]",clipart__clip_pc1_high|real__clip_pc1_high|real__clip_pc1_low,clipart__clip_pc1_low|real__clip_pc1_high|real__clip_pc1_low
new_seeds,resnet50,20260920,infograph,ridge,error_rate,100,72,128,0.5625,2,1,1,0,1.0,0.0,0.0,0,1,True,False,False,False,True,False,True,False,False,False,"[""real__clip_pc1_high|real__clip_pc1_low|sketch__clip_pc1_low""]",[],clipart__clip_pc1_low|real__clip_pc1_high|real__clip_pc1_low,real__clip_pc1_high|real__clip_pc1_low|sketch__clip_pc1_low
new_seeds,resnet50,20260920,infograph,ridge,error_rate,227,221,233,0.9484978540772532,0,0,0,0,0.0,0.0,0.0,0,1,False,False,False,False,False,False,False,False,False,False,[],[],real__clip_pc1_high|real__clip_pc1_low|sketch__clip_pc1_low,real__clip_pc1_high|real__clip_pc1_low|sketch__clip_pc1_low
new_seeds,resnet50,20260920,infograph,logistic,brier_score,10,3,17,0.17647058823529413,10,10,0,0,0.0,0.0,0.0,0,1,False,False,False,False,False,False,False,False,False,False,[],[],clipart__clip_pc1_low|clipart__clip_pc1_middle|real__clip_pc1_high,clipart__clip_pc1_low|clipart__clip_pc1_middle|real__clip_pc1_high
new_seeds,resnet50,20260920,infograph,logistic,brier_score,25,11,39,0.28205128205128205,10,9,1,0,1.0,0.0,0.006871348031641467,1,1,True,False,True,False,True,True,False,True,False,True,"[""clipart__clip_pc1_low|real__clip_pc1_high|real__clip_pc1_low""]",[],clipart__clip_pc1_low|clipart__clip_pc1_middle|real__clip_pc1_high,clipart__clip_pc1_low|real__clip_pc1_high|real__clip_pc1_low
new_seeds,resnet50,20260920,infograph,logistic,brier_score,50,25,75,0.3333333333333333,9,5,4,0,4.0,0.0,0.006036765064260874,4,1,True,False,True,False,True,True,False,True,False,True,"[""clipart__clip_pc1_low|painting__clip_pc1_middle|real__clip_pc1_high"", ""clipart__clip_pc1_low|painting__clip_pc1_middle|real__clip_pc1_low"", ""clipart__clip_pc1_low|real__clip_pc1_high|real__clip_pc1_low"", ""clipart__clip_pc1_low|real__clip_pc1_high|sketch__clip_pc1_low""]",[],clipart__clip_pc1_middle|real__clip_pc1_high|real__clip_pc1_low,clipart__clip_pc1_low|real__clip_pc1_high|real__clip_pc1_low
new_seeds,resnet50,20260920,infograph,logistic,brier_score,100,72,128,0.5625,4,1,4,1,4.0,1.0,0.0,0,1,True,True,False,False,False,False,False,False,False,False,"[""clipart__clip_pc1_low|painting__clip_pc1_middle|real__clip_pc1_high"", ""painting__clip_pc1_middle|real__clip_pc1_high|real__clip_pc1_low"", ""painting__clip_pc1_middle|real__clip_pc1_high|sketch__clip_pc1_low"", ""real__clip_pc1_high|real__clip_pc1_low|sketch__clip_pc1_low""]","[""clipart__clip_pc1_low|real__clip_pc1_low|sketch__clip_pc1_low""]",clipart__clip_pc1_low|real__clip_pc1_high|real__clip_pc1_low,clipart__clip_pc1_low|real__clip_pc1_high|real__clip_pc1_low
new_seeds,resnet50,20260920,infograph,logistic,brier_score,227,221,233,0.9484978540772532,0,0,0,0,0.0,0.0,0.0,0,1,False,False,False,False,False,False,False,False,False,False,[],[],clipart__clip_pc1_low|real__clip_pc1_high|real__clip_pc1_low,clipart__clip_pc1_low|real__clip_pc1_high|real__clip_pc1_low
new_seeds,resnet50,20260920,infograph,logistic,nll,10,3,17,0.17647058823529413,10,9,1,0,1.0,0.0,0.051619700189007744,2,1,True,False,False,False,True,True,False,True,False,True,"[""clipart__clip_pc1_low|painting__clip_pc1_middle|real__clip_pc1_middle""]",[],clipart__clip_pc1_low|real__clip_pc1_middle|sketch__clip_pc1_middle,clipart__clip_pc1_low|painting__clip_pc1_middle|real__clip_pc1_middle
new_seeds,resnet50,20260920,infograph,logistic,nll,25,11,39,0.28205128205128205,9,8,2,1,2.0,1.0,0.01796238428839292,2,1,True,True,False,False,True,True,False,True,False,True,"[""clipart__clip_pc1_low|painting__clip_pc1_middle|real__clip_pc1_middle"", ""clipart__clip_pc1_low|real__clip_pc1_high|real__clip_pc1_low""]","[""clipart__clip_pc1_low|clipart__clip_pc1_middle|painting__clip_pc1_middle""]",clipart__clip_pc1_low|clipart__clip_pc1_middle|painting__clip_pc1_middle,clipart__clip_pc1_low|real__clip_pc1_high|real__clip_pc1_low
new_seeds,resnet50,20260920,infograph,logistic,nll,50,25,75,0.3333333333333333,8,6,3,1,3.0,1.0,0.02250089895776597,3,1,True,True,True,False,True,True,False,False,True,True,"[""clipart__clip_pc1_low|painting__clip_pc1_middle|real__clip_pc1_low"", ""clipart__clip_pc1_low|real__clip_pc1_high|real__clip_pc1_low"", ""clipart__clip_pc1_low|real__clip_pc1_high|sketch__clip_pc1_low""]","[""clipart__clip_pc1_low|clipart__clip_pc1_middle|painting__clip_pc1_middle""]",clipart__clip_pc1_low|painting__clip_pc1_middle|real__clip_pc1_middle,clipart__clip_pc1_low|real__clip_pc1_high|real__clip_pc1_low
new_seeds,resnet50,20260920,infograph,logistic,nll,100,72,128,0.5625,2,1,1,0,1.0,0.0,0.0,0,1,True,False,False,False,False,False,False,False,False,False,"[""real__clip_pc1_high|real__clip_pc1_low|sketch__clip_pc1_low""]",[],clipart__clip_pc1_low|real__clip_pc1_high|real__clip_pc1_low,clipart__clip_pc1_low|real__clip_pc1_high|real__clip_pc1_low
new_seeds,resnet50,20260920,infograph,logistic,nll,227,221,233,0.9484978540772532,0,0,0,0,0.0,0.0,0.0,0,1,False,False,False,False,False,False,False,False,False,False,[],[],clipart__clip_pc1_low|real__clip_pc1_high|real__clip_pc1_low,clipart__clip_pc1_low|real__clip_pc1_high|real__clip_pc1_low
new_seeds,resnet50,20260920,infograph,logistic,error_rate,10,3,17,0.17647058823529413,10,10,0,0,0.0,0.0,0.0,0,1,False,False,False,False,False,False,False,False,False,False,[],[],clipart__clip_pc1_low|clipart__clip_pc1_middle|real__clip_pc1_high,clipart__clip_pc1_low|clipart__clip_pc1_middle|real__clip_pc1_high
new_seeds,resnet50,20260920,infograph,logistic,error_rate,25,11,39,0.28205128205128205,9,9,1,1,1.0,1.0,0.02392578125,1,1,True,True,True,False,True,True,False,True,False,True,"[""clipart__clip_pc1_low|real__clip_pc1_high|real__clip_pc1_low""]","[""clipart__clip_pc1_low|clipart__clip_pc1_middle|painting__clip_pc1_middle""]",clipart__clip_pc1_low|clipart__clip_pc1_middle|real__clip_pc1_high,clipart__clip_pc1_low|real__clip_pc1_high|real__clip_pc1_low
new_seeds,resnet50,20260920,infograph,logistic,error_rate,50,25,75,0.3333333333333333,7,6,3,2,3.0,2.0,0.02001953125,3,1,True,True,True,False,True,True,False,True,False,True,"[""clipart__clip_pc1_low|painting__clip_pc1_middle|real__clip_pc1_low"", ""clipart__clip_pc1_low|real__clip_pc1_high|real__clip_pc1_low"", ""clipart__clip_pc1_low|real__clip_pc1_high|sketch__clip_pc1_low""]","[""clipart__clip_pc1_low|clipart__clip_pc1_middle|painting__clip_pc1_middle"", ""clipart__clip_pc1_middle|painting__clip_pc1_middle|real__clip_pc1_low""]",clipart__clip_pc1_high|real__clip_pc1_high|real__clip_pc1_low,clipart__clip_pc1_low|real__clip_pc1_high|real__clip_pc1_low
new_seeds,resnet50,20260920,infograph,logistic,error_rate,100,72,128,0.5625,2,0,2,0,2.0,0.0,0.0,0,1,True,False,False,False,True,False,True,False,False,False,"[""painting__clip_pc1_middle|real__clip_pc1_high|sketch__clip_pc1_low"", ""real__clip_pc1_high|real__clip_pc1_low|sketch__clip_pc1_low""]",[],clipart__clip_pc1_low|real__clip_pc1_high|real__clip_pc1_low,real__clip_pc1_high|real__clip_pc1_low|sketch__clip_pc1_low
new_seeds,resnet50,20260920,infograph,logistic,error_rate,227,221,233,0.9484978540772532,0,0,0,0,0.0,0.0,0.0,0,1,False,False,False,False,False,False,False,False,False,False,[],[],real__clip_pc1_high|real__clip_pc1_low|sketch__clip_pc1_low,real__clip_pc1_high|real__clip_pc1_low|sketch__clip_pc1_low
new_seeds,resnet50,20260920,painting,ridge,brier_score,10,8,12,0.6666666666666666,6,5,1,0,1.0,0.0,0.0,0,1,True,False,False,False,False,False,False,False,False,False,"[""clipart__clip_pc1_low|real__clip_pc1_high|real__clip_pc1_low""]",[],real__clip_pc1_high|real__clip_pc1_low|sketch__clip_pc1_high,real__clip_pc1_high|real__clip_pc1_low|sketch__clip_pc1_high
new_seeds,resnet50,20260920,painting,ridge,brier_score,25,19,31,0.6129032258064516,3,2,1,0,1.0,0.0,0.0,0,1,True,False,False,False,False,False,False,False,False,False,"[""infograph__clip_pc1_high|real__clip_pc1_high|real__clip_pc1_low""]",[],real__clip_pc1_high|real__clip_pc1_low|sketch__clip_pc1_high,real__clip_pc1_high|real__clip_pc1_low|sketch__clip_pc1_high
new_seeds,resnet50,20260920,painting,ridge,brier_score,50,43,57,0.7543859649122807,1,0,1,0,1.0,0.0,0.0,0,1,True,False,False,False,False,False,False,False,False,False,"[""infograph__clip_pc1_middle|real__clip_pc1_high|real__clip_pc1_low""]",[],real__clip_pc1_high|real__clip_pc1_low|sketch__clip_pc1_high,real__clip_pc1_high|real__clip_pc1_low|sketch__clip_pc1_high
new_seeds,resnet50,20260920,painting,ridge,brier_score,100,90,110,0.8181818181818182,0,0,0,0,0.0,0.0,0.0,0,1,False,False,False,False,False,False,False,False,False,False,[],[],real__clip_pc1_high|real__clip_pc1_low|sketch__clip_pc1_high,real__clip_pc1_high|real__clip_pc1_low|sketch__clip_pc1_high
new_seeds,resnet50,20260920,painting,ridge,brier_score,227,205,249,0.8232931726907631,0,0,0,0,0.0,0.0,0.0,0,1,False,False,False,False,False,False,False,False,False,False,[],[],real__clip_pc1_high|real__clip_pc1_low|sketch__clip_pc1_high,real__clip_pc1_high|real__clip_pc1_low|sketch__clip_pc1_high
new_seeds,resnet50,20260920,painting,ridge,nll,10,8,12,0.6666666666666666,6,5,1,0,1.0,0.0,0.0,0,1,True,False,False,False,False,False,False,False,False,False,"[""clipart__clip_pc1_low|real__clip_pc1_high|real__clip_pc1_low""]",[],real__clip_pc1_high|real__clip_pc1_low|sketch__clip_pc1_high,real__clip_pc1_high|real__clip_pc1_low|sketch__clip_pc1_high
new_seeds,resnet50,20260920,painting,ridge,nll,25,19,31,0.6129032258064516,3,2,1,0,1.0,0.0,0.0,0,1,True,False,False,False,False,False,False,False,False,False,"[""infograph__clip_pc1_high|real__clip_pc1_high|real__clip_pc1_low""]",[],real__clip_pc1_high|real__clip_pc1_low|sketch__clip_pc1_high,real__clip_pc1_high|real__clip_pc1_low|sketch__clip_pc1_high
new_seeds,resnet50,20260920,painting,ridge,nll,50,43,57,0.7543859649122807,2,0,2,0,2.0,0.0,0.0,0,1,True,False,False,False,False,False,False,False,False,False,"[""infograph__clip_pc1_low|real__clip_pc1_high|real__clip_pc1_low"", ""infograph__clip_pc1_middle|real__clip_pc1_high|real__clip_pc1_low""]",[],real__clip_pc1_high|real__clip_pc1_low|sketch__clip_pc1_high,real__clip_pc1_high|real__clip_pc1_low|sketch__clip_pc1_high
new_seeds,resnet50,20260920,painting,ridge,nll,100,90,110,0.8181818181818182,1,0,1,0,1.0,0.0,0.0,0,1,True,False,False,False,False,False,False,False,False,False,"[""infograph__clip_pc1_low|real__clip_pc1_high|real__clip_pc1_low""]",[],real__clip_pc1_high|real__clip_pc1_low|sketch__clip_pc1_high,real__clip_pc1_high|real__clip_pc1_low|sketch__clip_pc1_high
new_seeds,resnet50,20260920,painting,ridge,nll,227,205,249,0.8232931726907631,0,0,0,0,0.0,0.0,0.0,0,1,False,False,False,False,False,False,False,False,False,False,[],[],real__clip_pc1_high|real__clip_pc1_low|sketch__clip_pc1_high,real__clip_pc1_high|real__clip_pc1_low|sketch__clip_pc1_high
new_seeds,resnet50,20260920,painting,ridge,error_rate,10,8,12,0.6666666666666666,6,5,1,0,1.0,0.0,0.0,0,2,True,False,False,False,False,False,False,False,False,False,"[""clipart__clip_pc1_low|real__clip_pc1_high|real__clip_pc1_low""]",[],real__clip_pc1_high|real__clip_pc1_low|real__clip_pc1_middle,real__clip_pc1_high|real__clip_pc1_low|real__clip_pc1_middle
new_seeds,resnet50,20260920,painting,ridge,error_rate,25,19,31,0.6129032258064516,3,3,0,0,0.0,0.0,0.0,0,2,False,False,False,False,False,False,False,False,False,False,[],[],real__clip_pc1_high|real__clip_pc1_low|real__clip_pc1_middle,real__clip_pc1_high|real__clip_pc1_low|real__clip_pc1_middle
new_seeds,resnet50,20260920,painting,ridge,error_rate,50,43,57,0.7543859649122807,3,1,2,0,2.0,0.0,0.0,0,2,True,False,False,False,False,False,False,False,False,False,"[""infograph__clip_pc1_low|real__clip_pc1_high|real__clip_pc1_low"", ""infograph__clip_pc1_middle|real__clip_pc1_high|real__clip_pc1_low""]",[],real__clip_pc1_high|real__clip_pc1_low|real__clip_pc1_middle,real__clip_pc1_high|real__clip_pc1_low|real__clip_pc1_middle
new_seeds,resnet50,20260920,painting,ridge,error_rate,100,90,110,0.8181818181818182,2,1,1,0,1.0,0.0,0.0,0,2,True,False,False,False,False,False,False,False,False,False,"[""infograph__clip_pc1_low|real__clip_pc1_high|real__clip_pc1_low""]",[],real__clip_pc1_high|real__clip_pc1_low|real__clip_pc1_middle,real__clip_pc1_high|real__clip_pc1_low|real__clip_pc1_middle
new_seeds,resnet50,20260920,painting,ridge,error_rate,227,205,249,0.8232931726907631,0,0,0,0,0.0,0.0,0.0,0,2,False,False,False,False,False,False,False,False,False,False,[],[],real__clip_pc1_high|real__clip_pc1_low|real__clip_pc1_middle,real__clip_pc1_high|real__clip_pc1_low|real__clip_pc1_middle
new_seeds,resnet50,20260920,painting,logistic,brier_score,10,8,12,0.6666666666666666,5,4,1,0,1.0,0.0,0.0,0,1,True,False,False,False,False,False,False,False,False,False,"[""clipart__clip_pc1_low|real__clip_pc1_high|real__clip_pc1_low""]",[],real__clip_pc1_high|real__clip_pc1_low|sketch__clip_pc1_high,real__clip_pc1_high|real__clip_pc1_low|sketch__clip_pc1_high
new_seeds,resnet50,20260920,painting,logistic,brier_score,25,19,31,0.6129032258064516,1,1,0,0,0.0,0.0,0.0,0,1,False,False,False,False,False,False,False,False,False,False,[],[],real__clip_pc1_high|real__clip_pc1_low|sketch__clip_pc1_high,real__clip_pc1_high|real__clip_pc1_low|sketch__clip_pc1_high
new_seeds,resnet50,20260920,painting,logistic,brier_score,50,43,57,0.7543859649122807,1,0,1,0,1.0,0.0,0.0,0,1,True,False,False,False,False,False,False,False,False,False,"[""infograph__clip_pc1_middle|real__clip_pc1_high|real__clip_pc1_low""]",[],real__clip_pc1_high|real__clip_pc1_low|sketch__clip_pc1_high,real__clip_pc1_high|real__clip_pc1_low|sketch__clip_pc1_high
new_seeds,resnet50,20260920,painting,logistic,brier_score,100,90,110,0.8181818181818182,0,0,0,0,0.0,0.0,0.0,0,1,False,False,False,False,False,False,False,False,False,False,[],[],real__clip_pc1_high|real__clip_pc1_low|sketch__clip_pc1_high,real__clip_pc1_high|real__clip_pc1_low|sketch__clip_pc1_high
new_seeds,resnet50,20260920,painting,logistic,brier_score,227,205,249,0.8232931726907631,0,0,0,0,0.0,0.0,0.0,0,1,False,False,False,False,False,False,False,False,False,False,[],[],real__clip_pc1_high|real__clip_pc1_low|sketch__clip_pc1_high,real__clip_pc1_high|real__clip_pc1_low|sketch__clip_pc1_high
new_seeds,resnet50,20260920,painting,logistic,nll,10,8,12,0.6666666666666666,6,6,1,1,1.0,1.0,0.0,0,1,True,True,False,False,False,False,False,False,False,False,"[""clipart__clip_pc1_low|real__clip_pc1_high|real__clip_pc1_low""]","[""clipart__clip_pc1_high|real__clip_pc1_high|real__clip_pc1_middle""]",clipart__clip_pc1_middle|real__clip_pc1_high|real__clip_pc1_low,clipart__clip_pc1_middle|real__clip_pc1_high|real__clip_pc1_low
new_seeds,resnet50,20260920,painting,logistic,nll,25,19,31,0.6129032258064516,3,2,1,0,1.0,0.0,0.0,0,1,True,False,False,False,False,False,False,False,False,False,"[""infograph__clip_pc1_high|real__clip_pc1_high|real__clip_pc1_low""]",[],real__clip_pc1_high|real__clip_pc1_low|sketch__clip_pc1_low,real__clip_pc1_high|real__clip_pc1_low|sketch__clip_pc1_low
new_seeds,resnet50,20260920,painting,logistic,nll,50,43,57,0.7543859649122807,2,0,2,0,2.0,0.0,0.0,0,1,True,False,False,False,False,False,False,False,False,False,"[""infograph__clip_pc1_low|real__clip_pc1_high|real__clip_pc1_low"", ""infograph__clip_pc1_middle|real__clip_pc1_high|real__clip_pc1_low""]",[],real__clip_pc1_high|real__clip_pc1_low|sketch__clip_pc1_low,real__clip_pc1_high|real__clip_pc1_low|sketch__clip_pc1_low
new_seeds,resnet50,20260920,painting,logistic,nll,100,90,110,0.8181818181818182,1,0,1,0,1.0,0.0,0.0,0,1,True,False,False,False,False,False,False,False,False,False,"[""infograph__clip_pc1_low|real__clip_pc1_high|real__clip_pc1_low""]",[],real__clip_pc1_high|real__clip_pc1_low|sketch__clip_pc1_low,real__clip_pc1_high|real__clip_pc1_low|sketch__clip_pc1_low
new_seeds,resnet50,20260920,painting,logistic,nll,227,205,249,0.8232931726907631,0,0,0,0,0.0,0.0,0.0,0,1,False,False,False,False,False,False,False,False,False,False,[],[],real__clip_pc1_high|real__clip_pc1_low|sketch__clip_pc1_low,real__clip_pc1_high|real__clip_pc1_low|sketch__clip_pc1_low
new_seeds,resnet50,20260920,painting,logistic,error_rate,10,8,12,0.6666666666666666,6,5,1,0,1.0,0.0,0.0,0,1,True,False,False,False,False,False,False,False,False,False,"[""clipart__clip_pc1_low|real__clip_pc1_high|real__clip_pc1_low""]",[],clipart__clip_pc1_middle|real__clip_pc1_high|real__clip_pc1_low,clipart__clip_pc1_middle|real__clip_pc1_high|real__clip_pc1_low
new_seeds,resnet50,20260920,painting,logistic,error_rate,25,19,31,0.6129032258064516,3,2,1,0,1.0,0.0,0.0,0,1,True,False,False,False,False,False,False,False,False,False,"[""infograph__clip_pc1_high|real__clip_pc1_high|real__clip_pc1_low""]",[],real__clip_pc1_high|real__clip_pc1_low|sketch__clip_pc1_low,real__clip_pc1_high|real__clip_pc1_low|sketch__clip_pc1_low
new_seeds,resnet50,20260920,painting,logistic,error_rate,50,43,57,0.7543859649122807,2,0,2,0,2.0,0.0,0.0,0,1,True,False,False,False,False,False,False,False,False,False,"[""infograph__clip_pc1_low|real__clip_pc1_high|real__clip_pc1_low"", ""infograph__clip_pc1_middle|real__clip_pc1_high|real__clip_pc1_low""]",[],real__clip_pc1_high|real__clip_pc1_low|sketch__clip_pc1_low,real__clip_pc1_high|real__clip_pc1_low|sketch__clip_pc1_low
new_seeds,resnet50,20260920,painting,logistic,error_rate,100,90,110,0.8181818181818182,1,0,1,0,1.0,0.0,0.0,0,1,True,False,False,False,False,False,False,False,False,False,"[""infograph__clip_pc1_low|real__clip_pc1_high|real__clip_pc1_low""]",[],real__clip_pc1_high|real__clip_pc1_low|sketch__clip_pc1_low,real__clip_pc1_high|real__clip_pc1_low|sketch__clip_pc1_low
new_seeds,resnet50,20260920,painting,logistic,error_rate,227,205,249,0.8232931726907631,0,0,0,0,0.0,0.0,0.0,0,1,False,False,False,False,False,False,False,False,False,False,[],[],real__clip_pc1_high|real__clip_pc1_low|sketch__clip_pc1_low,real__clip_pc1_high|real__clip_pc1_low|sketch__clip_pc1_low
new_seeds,resnet50,20260920,quickdraw,ridge,brier_score,10,5,15,0.3333333333333333,7,8,0,1,0.0,1.0,0.0,0,1,False,True,False,False,False,False,False,False,False,False,[],"[""clipart__clip_pc1_middle|sketch__clip_pc1_low|sketch__clip_pc1_middle""]",real__clip_pc1_low|sketch__clip_pc1_low|sketch__clip_pc1_middle,real__clip_pc1_low|sketch__clip_pc1_low|sketch__clip_pc1_middle
new_seeds,resnet50,20260920,quickdraw,ridge,brier_score,25,12,38,0.3157894736842105,4,7,0,3,0.0,3.0,0.0,0,1,False,True,False,False,False,False,False,False,False,False,[],"[""clipart__clip_pc1_low|clipart__clip_pc1_middle|sketch__clip_pc1_low"", ""clipart__clip_pc1_low|real__clip_pc1_low|sketch__clip_pc1_low"", ""clipart__clip_pc1_middle|real__clip_pc1_low|sketch__clip_pc1_low""]",clipart__clip_pc1_low|real__clip_pc1_low|sketch__clip_pc1_low,clipart__clip_pc1_low|real__clip_pc1_low|sketch__clip_pc1_low
new_seeds,resnet50,20260920,quickdraw,ridge,brier_score,50,34,66,0.5151515151515151,1,6,0,5,0.0,5.0,0.0,0,1,False,True,False,True,False,False,False,False,False,False,[],"[""clipart__clip_pc1_high|clipart__clip_pc1_low|sketch__clip_pc1_low"", ""clipart__clip_pc1_high|clipart__clip_pc1_middle|sketch__clip_pc1_low"", ""clipart__clip_pc1_high|real__clip_pc1_low|sketch__clip_pc1_low"", ""clipart__clip_pc1_low|clipart__clip_pc1_middle|sketch__clip_pc1_low"", ""clipart__clip_pc1_middle|real__clip_pc1_low|sketch__clip_pc1_low""]",clipart__clip_pc1_high|real__clip_pc1_low|sketch__clip_pc1_low,clipart__clip_pc1_high|real__clip_pc1_low|sketch__clip_pc1_low
new_seeds,resnet50,20260920,quickdraw,ridge,brier_score,100,76,124,0.6129032258064516,0,2,0,2,0.0,2.0,0.0,0,1,False,True,False,False,False,False,False,False,False,False,[],"[""clipart__clip_pc1_high|clipart__clip_pc1_middle|sketch__clip_pc1_low"", ""clipart__clip_pc1_high|real__clip_pc1_low|sketch__clip_pc1_low""]",clipart__clip_pc1_high|real__clip_pc1_low|sketch__clip_pc1_low,clipart__clip_pc1_high|real__clip_pc1_low|sketch__clip_pc1_low
new_seeds,resnet50,20260920,quickdraw,ridge,brier_score,227,209,245,0.8530612244897959,0,0,0,0,0.0,0.0,0.0,0,1,False,False,False,False,False,False,False,False,False,False,[],[],clipart__clip_pc1_high|real__clip_pc1_low|sketch__clip_pc1_low,clipart__clip_pc1_high|real__clip_pc1_low|sketch__clip_pc1_low
new_seeds,resnet50,20260920,quickdraw,ridge,nll,10,5,15,0.3333333333333333,6,8,0,2,0.0,2.0,0.0,0,1,False,True,False,False,False,False,False,False,False,False,[],"[""clipart__clip_pc1_high|sketch__clip_pc1_low|sketch__clip_pc1_middle"", ""clipart__clip_pc1_middle|sketch__clip_pc1_low|sketch__clip_pc1_middle""]",real__clip_pc1_low|sketch__clip_pc1_low|sketch__clip_pc1_middle,real__clip_pc1_low|sketch__clip_pc1_low|sketch__clip_pc1_middle
new_seeds,resnet50,20260920,quickdraw,ridge,nll,25,12,38,0.3157894736842105,3,7,0,4,0.0,4.0,0.0,0,1,False,True,False,False,False,False,False,False,False,False,[],"[""clipart__clip_pc1_high|sketch__clip_pc1_low|sketch__clip_pc1_middle"", ""clipart__clip_pc1_low|clipart__clip_pc1_middle|sketch__clip_pc1_low"", ""clipart__clip_pc1_low|real__clip_pc1_low|sketch__clip_pc1_low"", ""clipart__clip_pc1_middle|real__clip_pc1_low|sketch__clip_pc1_low""]",clipart__clip_pc1_low|real__clip_pc1_low|sketch__clip_pc1_low,clipart__clip_pc1_low|real__clip_pc1_low|sketch__clip_pc1_low
new_seeds,resnet50,20260920,quickdraw,ridge,nll,50,34,66,0.5151515151515151,0,6,0,6,0.0,6.0,0.0,0,1,False,True,False,True,False,False,False,False,False,False,[],"[""clipart__clip_pc1_high|clipart__clip_pc1_low|sketch__clip_pc1_low"", ""clipart__clip_pc1_high|clipart__clip_pc1_middle|sketch__clip_pc1_low"", ""clipart__clip_pc1_high|real__clip_pc1_low|sketch__clip_pc1_low"", ""clipart__clip_pc1_high|sketch__clip_pc1_low|sketch__clip_pc1_middle"", ""clipart__clip_pc1_low|clipart__clip_pc1_middle|sketch__clip_pc1_low"", ""clipart__clip_pc1_middle|real__clip_pc1_low|sketch__clip_pc1_low""]",clipart__clip_pc1_high|real__clip_pc1_low|sketch__clip_pc1_low,clipart__clip_pc1_high|real__clip_pc1_low|sketch__clip_pc1_low
new_seeds,resnet50,20260920,quickdraw,ridge,nll,100,76,124,0.6129032258064516,0,2,0,2,0.0,2.0,0.0,0,1,False,True,False,False,False,False,False,False,False,False,[],"[""clipart__clip_pc1_high|clipart__clip_pc1_middle|sketch__clip_pc1_low"", ""clipart__clip_pc1_high|real__clip_pc1_low|sketch__clip_pc1_low""]",clipart__clip_pc1_high|real__clip_pc1_low|sketch__clip_pc1_low,clipart__clip_pc1_high|real__clip_pc1_low|sketch__clip_pc1_low
new_seeds,resnet50,20260920,quickdraw,ridge,nll,227,209,245,0.8530612244897959,0,0,0,0,0.0,0.0,0.0,0,1,False,False,False,False,False,False,False,False,False,False,[],[],clipart__clip_pc1_high|real__clip_pc1_low|sketch__clip_pc1_low,clipart__clip_pc1_high|real__clip_pc1_low|sketch__clip_pc1_low
new_seeds,resnet50,20260920,quickdraw,ridge,error_rate,10,5,15,0.3333333333333333,8,10,0,2,0.0,2.0,0.0,0,3,False,True,False,False,False,False,False,False,False,False,[],"[""clipart__clip_pc1_high|sketch__clip_pc1_low|sketch__clip_pc1_middle"", ""clipart__clip_pc1_middle|sketch__clip_pc1_low|sketch__clip_pc1_middle""]",clipart__clip_pc1_low|sketch__clip_pc1_high|sketch__clip_pc1_low,clipart__clip_pc1_low|sketch__clip_pc1_high|sketch__clip_pc1_low
new_seeds,resnet50,20260920,quickdraw,ridge,error_rate,25,12,38,0.3157894736842105,7,9,0,2,0.0,2.0,0.0,0,3,False,True,False,False,False,False,False,False,False,False,[],"[""clipart__clip_pc1_high|sketch__clip_pc1_low|sketch__clip_pc1_middle"", ""clipart__clip_pc1_low|clipart__clip_pc1_middle|sketch__clip_pc1_low""]",clipart__clip_pc1_low|sketch__clip_pc1_high|sketch__clip_pc1_low,clipart__clip_pc1_low|sketch__clip_pc1_high|sketch__clip_pc1_low
new_seeds,resnet50,20260920,quickdraw,ridge,error_rate,50,34,66,0.5151515151515151,3,8,0,5,0.0,5.0,0.0,0,3,False,True,False,False,False,False,False,False,True,False,[],"[""clipart__clip_pc1_high|clipart__clip_pc1_low|sketch__clip_pc1_low"", ""clipart__clip_pc1_high|clipart__clip_pc1_middle|sketch__clip_pc1_low"", ""clipart__clip_pc1_high|sketch__clip_pc1_low|sketch__clip_pc1_middle"", ""clipart__clip_pc1_low|clipart__clip_pc1_middle|sketch__clip_pc1_low"", ""clipart__clip_pc1_middle|painting__clip_pc1_middle|sketch__clip_pc1_low""]",clipart__clip_pc1_low|sketch__clip_pc1_high|sketch__clip_pc1_low,clipart__clip_pc1_low|sketch__clip_pc1_high|sketch__clip_pc1_low
new_seeds,resnet50,20260920,quickdraw,ridge,error_rate,100,76,124,0.6129032258064516,2,3,0,1,0.0,1.0,0.0,0,3,False,True,False,False,False,False,False,False,False,False,[],"[""clipart__clip_pc1_high|clipart__clip_pc1_middle|sketch__clip_pc1_low""]",clipart__clip_pc1_low|infograph__clip_pc1_high|sketch__clip_pc1_low,clipart__clip_pc1_low|infograph__clip_pc1_high|sketch__clip_pc1_low
new_seeds,resnet50,20260920,quickdraw,ridge,error_rate,227,209,245,0.8530612244897959,1,2,0,1,0.0,1.0,0.0,0,3,False,True,False,False,False,False,False,False,False,False,[],"[""clipart__clip_pc1_high|clipart__clip_pc1_middle|painting__clip_pc1_low""]",clipart__clip_pc1_low|infograph__clip_pc1_high|sketch__clip_pc1_low,clipart__clip_pc1_low|infograph__clip_pc1_high|sketch__clip_pc1_low
new_seeds,resnet50,20260920,quickdraw,logistic,brier_score,10,5,15,0.3333333333333333,8,10,0,2,0.0,2.0,0.0,0,1,False,True,False,False,False,False,False,False,False,False,[],"[""clipart__clip_pc1_middle|sketch__clip_pc1_high|sketch__clip_pc1_low"", ""clipart__clip_pc1_middle|sketch__clip_pc1_low|sketch__clip_pc1_middle""]",clipart__clip_pc1_middle|sketch__clip_pc1_high|sketch__clip_pc1_low,clipart__clip_pc1_middle|sketch__clip_pc1_high|sketch__clip_pc1_low
new_seeds,resnet50,20260920,quickdraw,logistic,brier_score,25,12,38,0.3157894736842105,8,9,0,1,0.0,1.0,0.0,0,1,False,True,False,False,False,False,False,False,False,False,[],"[""clipart__clip_pc1_middle|sketch__clip_pc1_high|sketch__clip_pc1_low""]",clipart__clip_pc1_middle|sketch__clip_pc1_high|sketch__clip_pc1_low,clipart__clip_pc1_middle|sketch__clip_pc1_high|sketch__clip_pc1_low
new_seeds,resnet50,20260920,quickdraw,logistic,brier_score,50,34,66,0.5151515151515151,5,7,0,2,0.0,2.0,0.0,0,1,False,True,False,False,False,False,False,False,False,False,[],"[""clipart__clip_pc1_high|clipart__clip_pc1_middle|sketch__clip_pc1_low"", ""clipart__clip_pc1_middle|sketch__clip_pc1_high|sketch__clip_pc1_low""]",clipart__clip_pc1_middle|sketch__clip_pc1_high|sketch__clip_pc1_low,clipart__clip_pc1_middle|sketch__clip_pc1_high|sketch__clip_pc1_low
new_seeds,resnet50,20260920,quickdraw,logistic,brier_score,100,76,124,0.6129032258064516,3,5,0,2,0.0,2.0,0.0,0,1,False,True,False,True,False,False,False,False,False,False,[],"[""clipart__clip_pc1_high|clipart__clip_pc1_middle|sketch__clip_pc1_low"", ""clipart__clip_pc1_middle|infograph__clip_pc1_high|sketch__clip_pc1_low""]",clipart__clip_pc1_middle|infograph__clip_pc1_high|sketch__clip_pc1_low,clipart__clip_pc1_middle|infograph__clip_pc1_high|sketch__clip_pc1_low
new_seeds,resnet50,20260920,quickdraw,logistic,brier_score,227,209,245,0.8530612244897959,1,1,0,0,0.0,0.0,0.0,0,1,False,False,False,False,False,False,False,False,False,False,[],[],clipart__clip_pc1_middle|infograph__clip_pc1_high|sketch__clip_pc1_low,clipart__clip_pc1_middle|infograph__clip_pc1_high|sketch__clip_pc1_low
new_seeds,resnet50,20260920,quickdraw,logistic,nll,10,5,15,0.3333333333333333,8,10,0,2,0.0,2.0,0.0,0,1,False,True,False,False,False,False,False,False,False,False,[],"[""clipart__clip_pc1_high|sketch__clip_pc1_low|sketch__clip_pc1_middle"", ""clipart__clip_pc1_low|sketch__clip_pc1_high|sketch__clip_pc1_low""]",clipart__clip_pc1_high|sketch__clip_pc1_low|sketch__clip_pc1_middle,clipart__clip_pc1_high|sketch__clip_pc1_low|sketch__clip_pc1_middle
new_seeds,resnet50,20260920,quickdraw,logistic,nll,25,12,38,0.3157894736842105,7,10,0,3,0.0,3.0,0.0,0,1,False,True,False,True,False,False,False,False,False,False,[],"[""clipart__clip_pc1_high|sketch__clip_pc1_high|sketch__clip_pc1_low"", ""clipart__clip_pc1_high|sketch__clip_pc1_low|sketch__clip_pc1_middle"", ""clipart__clip_pc1_low|sketch__clip_pc1_high|sketch__clip_pc1_low""]",clipart__clip_pc1_high|sketch__clip_pc1_high|sketch__clip_pc1_low,clipart__clip_pc1_high|sketch__clip_pc1_high|sketch__clip_pc1_low
new_seeds,resnet50,20260920,quickdraw,logistic,nll,50,34,66,0.5151515151515151,5,8,0,3,0.0,3.0,0.0,0,1,False,True,False,True,False,False,False,False,False,False,[],"[""clipart__clip_pc1_high|clipart__clip_pc1_middle|sketch__clip_pc1_low"", ""clipart__clip_pc1_high|sketch__clip_pc1_high|sketch__clip_pc1_low"", ""clipart__clip_pc1_high|sketch__clip_pc1_low|sketch__clip_pc1_middle""]",clipart__clip_pc1_high|sketch__clip_pc1_high|sketch__clip_pc1_low,clipart__clip_pc1_high|sketch__clip_pc1_high|sketch__clip_pc1_low
new_seeds,resnet50,20260920,quickdraw,logistic,nll,100,76,124,0.6129032258064516,3,6,0,3,0.0,3.0,0.0,0,1,False,True,False,True,False,False,False,False,False,False,[],"[""clipart__clip_pc1_high|clipart__clip_pc1_middle|sketch__clip_pc1_low"", ""clipart__clip_pc1_high|sketch__clip_pc1_high|sketch__clip_pc1_low"", ""clipart__clip_pc1_middle|infograph__clip_pc1_high|sketch__clip_pc1_low""]",clipart__clip_pc1_high|sketch__clip_pc1_high|sketch__clip_pc1_low,clipart__clip_pc1_high|sketch__clip_pc1_high|sketch__clip_pc1_low
new_seeds,resnet50,20260920,quickdraw,logistic,nll,227,209,245,0.8530612244897959,0,1,0,1,0.0,1.0,0.0,0,1,False,True,False,False,False,False,False,False,False,False,[],"[""clipart__clip_pc1_high|infograph__clip_pc1_middle|sketch__clip_pc1_low""]",clipart__clip_pc1_high|sketch__clip_pc1_high|sketch__clip_pc1_low,clipart__clip_pc1_high|sketch__clip_pc1_high|sketch__clip_pc1_low
new_seeds,resnet50,20260920,quickdraw,logistic,error_rate,10,5,15,0.3333333333333333,8,8,0,0,0.4,0.0,0.0,0,5,False,False,False,False,False,False,False,False,True,False,[],[],painting__clip_pc1_low|sketch__clip_pc1_low|sketch__clip_pc1_middle,painting__clip_pc1_low|sketch__clip_pc1_low|sketch__clip_pc1_middle
new_seeds,resnet50,20260920,quickdraw,logistic,error_rate,25,12,38,0.3157894736842105,7,7,1,1,0.8,1.4,0.0,0,5,True,True,False,False,False,False,False,False,False,False,"[""clipart__clip_pc1_low|painting__clip_pc1_high|sketch__clip_pc1_low""]","[""clipart__clip_pc1_low|clipart__clip_pc1_middle|sketch__clip_pc1_low""]",clipart__clip_pc1_low|clipart__clip_pc1_middle|sketch__clip_pc1_low,clipart__clip_pc1_low|clipart__clip_pc1_middle|sketch__clip_pc1_low
new_seeds,resnet50,20260920,quickdraw,logistic,error_rate,50,34,66,0.5151515151515151,5,7,0,2,0.0,2.0,0.0,0,5,False,True,False,False,False,False,False,False,False,False,[],"[""clipart__clip_pc1_high|clipart__clip_pc1_low|sketch__clip_pc1_low"", ""clipart__clip_pc1_low|clipart__clip_pc1_middle|sketch__clip_pc1_low""]",clipart__clip_pc1_low|clipart__clip_pc1_middle|sketch__clip_pc1_low,clipart__clip_pc1_low|clipart__clip_pc1_middle|sketch__clip_pc1_low
new_seeds,resnet50,20260920,quickdraw,logistic,error_rate,100,76,124,0.6129032258064516,3,4,0,1,0.0,0.4,0.0,0,5,False,True,False,False,False,False,False,False,False,False,[],"[""clipart__clip_pc1_low|infograph__clip_pc1_middle|sketch__clip_pc1_low""]",clipart__clip_pc1_low|clipart__clip_pc1_middle|sketch__clip_pc1_low,clipart__clip_pc1_low|clipart__clip_pc1_middle|sketch__clip_pc1_low
new_seeds,resnet50,20260920,quickdraw,logistic,error_rate,227,209,245,0.8530612244897959,3,3,0,0,0.0,0.0,0.0,0,5,False,False,False,False,False,False,False,False,False,False,[],[],clipart__clip_pc1_low|clipart__clip_pc1_middle|sketch__clip_pc1_low,clipart__clip_pc1_low|clipart__clip_pc1_middle|sketch__clip_pc1_low
new_seeds,resnet50,20260920,real,ridge,brier_score,10,8,12,0.6666666666666666,5,3,2,0,2.0,0.0,0.0,0,1,True,False,False,False,False,False,False,False,False,False,"[""clipart__clip_pc1_middle|painting__clip_pc1_low|painting__clip_pc1_middle"", ""infograph__clip_pc1_high|painting__clip_pc1_low|painting__clip_pc1_middle""]",[],clipart__clip_pc1_low|painting__clip_pc1_low|painting__clip_pc1_middle,clipart__clip_pc1_low|painting__clip_pc1_low|painting__clip_pc1_middle
new_seeds,resnet50,20260920,real,ridge,brier_score,25,19,31,0.6129032258064516,3,1,2,0,2.0,0.0,0.0,0,1,True,False,False,False,False,False,False,False,False,False,"[""clipart__clip_pc1_high|painting__clip_pc1_low|painting__clip_pc1_middle"", ""infograph__clip_pc1_middle|painting__clip_pc1_low|painting__clip_pc1_middle""]",[],clipart__clip_pc1_low|painting__clip_pc1_low|painting__clip_pc1_middle,clipart__clip_pc1_low|painting__clip_pc1_low|painting__clip_pc1_middle
new_seeds,resnet50,20260920,real,ridge,brier_score,50,43,57,0.7543859649122807,1,0,1,0,1.0,0.0,0.0,0,1,True,False,False,False,False,False,False,False,False,False,"[""clipart__clip_pc1_low|infograph__clip_pc1_middle|painting__clip_pc1_low""]",[],clipart__clip_pc1_low|painting__clip_pc1_low|painting__clip_pc1_middle,clipart__clip_pc1_low|painting__clip_pc1_low|painting__clip_pc1_middle
new_seeds,resnet50,20260920,real,ridge,brier_score,100,90,110,0.8181818181818182,0,0,0,0,0.0,0.0,0.0,0,1,False,False,False,False,False,False,False,False,False,False,[],[],clipart__clip_pc1_low|painting__clip_pc1_low|painting__clip_pc1_middle,clipart__clip_pc1_low|painting__clip_pc1_low|painting__clip_pc1_middle
new_seeds,resnet50,20260920,real,ridge,brier_score,227,206,248,0.8306451612903226,0,0,0,0,0.0,0.0,0.0,0,1,False,False,False,False,False,False,False,False,False,False,[],[],clipart__clip_pc1_low|painting__clip_pc1_low|painting__clip_pc1_middle,clipart__clip_pc1_low|painting__clip_pc1_low|painting__clip_pc1_middle
new_seeds,resnet50,20260920,real,ridge,nll,10,8,12,0.6666666666666666,5,4,1,0,1.0,0.0,0.0,0,1,True,False,False,False,False,False,False,False,False,False,"[""clipart__clip_pc1_middle|painting__clip_pc1_low|painting__clip_pc1_middle""]",[],clipart__clip_pc1_low|painting__clip_pc1_low|painting__clip_pc1_middle,clipart__clip_pc1_low|painting__clip_pc1_low|painting__clip_pc1_middle
new_seeds,resnet50,20260920,real,ridge,nll,25,19,31,0.6129032258064516,4,2,2,0,2.0,0.0,0.0,0,1,True,False,False,False,False,False,False,False,False,False,"[""clipart__clip_pc1_high|painting__clip_pc1_low|painting__clip_pc1_middle"", ""infograph__clip_pc1_middle|painting__clip_pc1_low|painting__clip_pc1_middle""]",[],clipart__clip_pc1_low|painting__clip_pc1_low|painting__clip_pc1_middle,clipart__clip_pc1_low|painting__clip_pc1_low|painting__clip_pc1_middle
new_seeds,resnet50,20260920,real,ridge,nll,50,43,57,0.7543859649122807,1,0,1,0,1.0,0.0,0.0,0,1,True,False,False,False,False,False,False,False,False,False,"[""clipart__clip_pc1_low|infograph__clip_pc1_middle|painting__clip_pc1_low""]",[],clipart__clip_pc1_low|painting__clip_pc1_low|painting__clip_pc1_middle,clipart__clip_pc1_low|painting__clip_pc1_low|painting__clip_pc1_middle
new_seeds,resnet50,20260920,real,ridge,nll,100,90,110,0.8181818181818182,0,0,0,0,0.0,0.0,0.0,0,1,False,False,False,False,False,False,False,False,False,False,[],[],clipart__clip_pc1_low|painting__clip_pc1_low|painting__clip_pc1_middle,clipart__clip_pc1_low|painting__clip_pc1_low|painting__clip_pc1_middle
new_seeds,resnet50,20260920,real,ridge,nll,227,206,248,0.8306451612903226,0,0,0,0,0.0,0.0,0.0,0,1,False,False,False,False,False,False,False,False,False,False,[],[],clipart__clip_pc1_low|painting__clip_pc1_low|painting__clip_pc1_middle,clipart__clip_pc1_low|painting__clip_pc1_low|painting__clip_pc1_middle
new_seeds,resnet50,20260920,real,ridge,error_rate,10,8,12,0.6666666666666666,7,7,0,0,0.0,0.0,0.0,0,1,False,False,False,False,False,False,False,False,False,False,[],[],clipart__clip_pc1_low|painting__clip_pc1_high|painting__clip_pc1_low,clipart__clip_pc1_low|painting__clip_pc1_high|painting__clip_pc1_low
new_seeds,resnet50,20260920,real,ridge,error_rate,25,19,31,0.6129032258064516,6,5,1,0,1.0,0.0,0.0,0,1,True,False,False,False,False,False,False,False,False,False,"[""clipart__clip_pc1_low|clipart__clip_pc1_middle|painting__clip_pc1_middle""]",[],clipart__clip_pc1_low|painting__clip_pc1_high|painting__clip_pc1_low,clipart__clip_pc1_low|painting__clip_pc1_high|painting__clip_pc1_low
new_seeds,resnet50,20260920,real,ridge,error_rate,50,43,57,0.7543859649122807,4,2,2,0,2.0,0.0,0.0,0,1,True,False,False,False,False,False,False,False,False,False,"[""clipart__clip_pc1_high|clipart__clip_pc1_low|painting__clip_pc1_middle"", ""clipart__clip_pc1_low|infograph__clip_pc1_middle|painting__clip_pc1_low""]",[],clipart__clip_pc1_low|painting__clip_pc1_high|painting__clip_pc1_low,clipart__clip_pc1_low|painting__clip_pc1_high|painting__clip_pc1_low
new_seeds,resnet50,20260920,real,ridge,error_rate,100,90,110,0.8181818181818182,1,0,1,0,1.0,0.0,0.0,0,1,True,False,False,False,False,False,False,False,False,False,"[""clipart__clip_pc1_low|infograph__clip_pc1_low|painting__clip_pc1_low""]",[],clipart__clip_pc1_low|painting__clip_pc1_high|painting__clip_pc1_low,clipart__clip_pc1_low|painting__clip_pc1_high|painting__clip_pc1_low
new_seeds,resnet50,20260920,real,ridge,error_rate,227,206,248,0.8306451612903226,0,0,0,0,0.0,0.0,0.0,0,1,False,False,False,False,False,False,False,False,False,False,[],[],clipart__clip_pc1_low|painting__clip_pc1_high|painting__clip_pc1_low,clipart__clip_pc1_low|painting__clip_pc1_high|painting__clip_pc1_low
new_seeds,resnet50,20260920,real,logistic,brier_score,10,8,12,0.6666666666666666,4,2,2,0,2.0,0.0,0.0,0,1,True,False,False,False,False,False,False,False,False,False,"[""clipart__clip_pc1_middle|painting__clip_pc1_low|painting__clip_pc1_middle"", ""infograph__clip_pc1_high|painting__clip_pc1_low|painting__clip_pc1_middle""]",[],painting__clip_pc1_high|painting__clip_pc1_low|painting__clip_pc1_middle,painting__clip_pc1_high|painting__clip_pc1_low|painting__clip_pc1_middle
new_seeds,resnet50,20260920,real,logistic,brier_score,25,19,31,0.6129032258064516,1,0,1,0,1.0,0.0,0.0,0,1,True,False,False,False,False,False,False,False,False,False,"[""infograph__clip_pc1_middle|painting__clip_pc1_low|painting__clip_pc1_middle""]",[],painting__clip_pc1_high|painting__clip_pc1_low|painting__clip_pc1_middle,painting__clip_pc1_high|painting__clip_pc1_low|painting__clip_pc1_middle
new_seeds,resnet50,20260920,real,logistic,brier_score,50,43,57,0.7543859649122807,0,0,0,0,0.0,0.0,0.0,0,1,False,False,False,False,False,False,False,False,False,False,[],[],painting__clip_pc1_high|painting__clip_pc1_low|painting__clip_pc1_middle,painting__clip_pc1_high|painting__clip_pc1_low|painting__clip_pc1_middle
new_seeds,resnet50,20260920,real,logistic,brier_score,100,90,110,0.8181818181818182,0,0,0,0,0.0,0.0,0.0,0,1,False,False,False,False,False,False,False,False,False,False,[],[],painting__clip_pc1_high|painting__clip_pc1_low|painting__clip_pc1_middle,painting__clip_pc1_high|painting__clip_pc1_low|painting__clip_pc1_middle
new_seeds,resnet50,20260920,real,logistic,brier_score,227,206,248,0.8306451612903226,0,0,0,0,0.0,0.0,0.0,0,1,False,False,False,False,False,False,False,False,False,False,[],[],painting__clip_pc1_high|painting__clip_pc1_low|painting__clip_pc1_middle,painting__clip_pc1_high|painting__clip_pc1_low|painting__clip_pc1_middle
new_seeds,resnet50,20260920,real,logistic,nll,10,8,12,0.6666666666666666,3,3,1,1,1.0,1.0,0.0,0,1,True,True,False,False,False,False,False,False,False,False,"[""clipart__clip_pc1_middle|painting__clip_pc1_low|painting__clip_pc1_middle""]","[""painting__clip_pc1_high|painting__clip_pc1_low|sketch__clip_pc1_low""]",clipart__clip_pc1_low|painting__clip_pc1_low|painting__clip_pc1_middle,clipart__clip_pc1_low|painting__clip_pc1_low|painting__clip_pc1_middle
new_seeds,resnet50,20260920,real,logistic,nll,25,19,31,0.6129032258064516,2,0,2,0,2.0,0.0,0.0,0,1,True,False,False,False,False,False,False,False,False,False,"[""clipart__clip_pc1_high|painting__clip_pc1_high|painting__clip_pc1_low"", ""clipart__clip_pc1_high|painting__clip_pc1_low|painting__clip_pc1_middle""]",[],clipart__clip_pc1_low|painting__clip_pc1_low|painting__clip_pc1_middle,clipart__clip_pc1_low|painting__clip_pc1_low|painting__clip_pc1_middle
new_seeds,resnet50,20260920,real,logistic,nll,50,43,57,0.7543859649122807,0,0,0,0,0.0,0.0,0.0,0,1,False,False,False,False,False,False,False,False,False,False,[],[],clipart__clip_pc1_low|painting__clip_pc1_low|painting__clip_pc1_middle,clipart__clip_pc1_low|painting__clip_pc1_low|painting__clip_pc1_middle
new_seeds,resnet50,20260920,real,logistic,nll,100,90,110,0.8181818181818182,0,0,0,0,0.0,0.0,0.0,0,1,False,False,False,False,False,False,False,False,False,False,[],[],clipart__clip_pc1_low|painting__clip_pc1_low|painting__clip_pc1_middle,clipart__clip_pc1_low|painting__clip_pc1_low|painting__clip_pc1_middle
new_seeds,resnet50,20260920,real,logistic,nll,227,206,248,0.8306451612903226,0,0,0,0,0.0,0.0,0.0,0,1,False,False,False,False,False,False,False,False,False,False,[],[],clipart__clip_pc1_low|painting__clip_pc1_low|painting__clip_pc1_middle,clipart__clip_pc1_low|painting__clip_pc1_low|painting__clip_pc1_middle
new_seeds,resnet50,20260920,real,logistic,error_rate,10,8,12,0.6666666666666666,6,6,1,1,1.0,1.0,0.0,0,1,True,True,False,False,False,False,False,False,False,False,"[""clipart__clip_pc1_middle|painting__clip_pc1_low|painting__clip_pc1_middle""]","[""painting__clip_pc1_high|painting__clip_pc1_low|sketch__clip_pc1_low""]",clipart__clip_pc1_low|painting__clip_pc1_high|painting__clip_pc1_low,clipart__clip_pc1_low|painting__clip_pc1_high|painting__clip_pc1_low
new_seeds,resnet50,20260920,real,logistic,error_rate,25,19,31,0.6129032258064516,5,3,2,0,2.0,0.0,0.0,0,1,True,False,False,False,False,False,False,False,False,False,"[""clipart__clip_pc1_low|clipart__clip_pc1_middle|painting__clip_pc1_middle"", ""infograph__clip_pc1_middle|painting__clip_pc1_high|painting__clip_pc1_low""]",[],clipart__clip_pc1_low|painting__clip_pc1_high|painting__clip_pc1_low,clipart__clip_pc1_low|painting__clip_pc1_high|painting__clip_pc1_low
new_seeds,resnet50,20260920,real,logistic,error_rate,50,43,57,0.7543859649122807,1,0,1,0,1.0,0.0,0.0,0,1,True,False,False,False,False,False,False,False,False,False,"[""clipart__clip_pc1_low|infograph__clip_pc1_middle|painting__clip_pc1_low""]",[],clipart__clip_pc1_low|painting__clip_pc1_high|painting__clip_pc1_low,clipart__clip_pc1_low|painting__clip_pc1_high|painting__clip_pc1_low
new_seeds,resnet50,20260920,real,logistic,error_rate,100,90,110,0.8181818181818182,0,0,0,0,0.0,0.0,0.0,0,1,False,False,False,False,False,False,False,False,False,False,[],[],clipart__clip_pc1_low|painting__clip_pc1_high|painting__clip_pc1_low,clipart__clip_pc1_low|painting__clip_pc1_high|painting__clip_pc1_low
new_seeds,resnet50,20260920,real,logistic,error_rate,227,206,248,0.8306451612903226,0,0,0,0,0.0,0.0,0.0,0,1,False,False,False,False,False,False,False,False,False,False,[],[],clipart__clip_pc1_low|painting__clip_pc1_high|painting__clip_pc1_low,clipart__clip_pc1_low|painting__clip_pc1_high|painting__clip_pc1_low
new_seeds,resnet50,20260920,sketch,ridge,brier_score,10,1,19,0.05263157894736842,8,6,4,2,4.0,2.0,0.0,0,1,True,True,False,True,False,False,False,False,False,False,"[""clipart__clip_pc1_low|painting__clip_pc1_low|real__clip_pc1_high"", ""clipart__clip_pc1_low|painting__clip_pc1_middle|real__clip_pc1_high"", ""clipart__clip_pc1_low|real__clip_pc1_high|real__clip_pc1_low"", ""clipart__clip_pc1_low|real__clip_pc1_high|real__clip_pc1_middle""]","[""clipart__clip_pc1_high|clipart__clip_pc1_low|real__clip_pc1_high"", ""clipart__clip_pc1_low|clipart__clip_pc1_middle|real__clip_pc1_high""]",clipart__clip_pc1_high|clipart__clip_pc1_low|real__clip_pc1_high,clipart__clip_pc1_high|clipart__clip_pc1_low|real__clip_pc1_high
new_seeds,resnet50,20260920,sketch,ridge,brier_score,25,13,37,0.35135135135135137,6,2,5,1,5.0,1.0,0.0,0,1,True,True,False,False,False,False,False,False,False,False,"[""clipart__clip_pc1_low|infograph__clip_pc1_high|real__clip_pc1_high"", ""clipart__clip_pc1_low|painting__clip_pc1_high|real__clip_pc1_high"", ""clipart__clip_pc1_low|painting__clip_pc1_middle|real__clip_pc1_high"", ""clipart__clip_pc1_low|real__clip_pc1_high|real__clip_pc1_low"", ""clipart__clip_pc1_low|real__clip_pc1_high|real__clip_pc1_middle""]","[""clipart__clip_pc1_high|clipart__clip_pc1_low|real__clip_pc1_high""]",clipart__clip_pc1_high|clipart__clip_pc1_low|real__clip_pc1_high,clipart__clip_pc1_high|clipart__clip_pc1_low|real__clip_pc1_high
new_seeds,resnet50,20260920,sketch,ridge,brier_score,50,34,66,0.5151515151515151,2,1,1,0,1.0,0.0,0.0,0,1,True,False,False,False,False,False,False,False,False,False,"[""clipart__clip_pc1_low|painting__clip_pc1_high|real__clip_pc1_high""]",[],clipart__clip_pc1_high|clipart__clip_pc1_low|real__clip_pc1_high,clipart__clip_pc1_high|clipart__clip_pc1_low|real__clip_pc1_high
new_seeds,resnet50,20260920,sketch,ridge,brier_score,100,81,119,0.680672268907563,1,0,1,0,1.0,0.0,0.0,0,1,True,False,False,False,False,False,False,False,False,False,"[""clipart__clip_pc1_low|infograph__clip_pc1_middle|real__clip_pc1_high""]",[],clipart__clip_pc1_high|clipart__clip_pc1_low|real__clip_pc1_high,clipart__clip_pc1_high|clipart__clip_pc1_low|real__clip_pc1_high
new_seeds,resnet50,20260920,sketch,ridge,brier_score,227,189,265,0.7132075471698113,0,0,0,0,0.0,0.0,0.0,0,1,False,False,False,False,False,False,False,False,False,False,[],[],clipart__clip_pc1_high|clipart__clip_pc1_low|real__clip_pc1_high,clipart__clip_pc1_high|clipart__clip_pc1_low|real__clip_pc1_high
new_seeds,resnet50,20260920,sketch,ridge,nll,10,1,19,0.05263157894736842,8,7,3,2,3.0,2.0,0.0,0,1,True,True,False,True,False,False,False,False,False,False,"[""clipart__clip_pc1_low|painting__clip_pc1_low|real__clip_pc1_high"", ""clipart__clip_pc1_low|real__clip_pc1_high|real__clip_pc1_low"", ""clipart__clip_pc1_low|real__clip_pc1_high|real__clip_pc1_middle""]","[""clipart__clip_pc1_high|clipart__clip_pc1_low|real__clip_pc1_high"", ""clipart__clip_pc1_low|clipart__clip_pc1_middle|real__clip_pc1_high""]",clipart__clip_pc1_high|clipart__clip_pc1_low|real__clip_pc1_high,clipart__clip_pc1_high|clipart__clip_pc1_low|real__clip_pc1_high
new_seeds,resnet50,20260920,sketch,ridge,nll,25,13,37,0.35135135135135137,6,3,4,1,4.0,1.0,0.0,0,1,True,True,False,True,False,False,False,False,False,False,"[""clipart__clip_pc1_low|infograph__clip_pc1_high|real__clip_pc1_high"", ""clipart__clip_pc1_low|painting__clip_pc1_high|real__clip_pc1_high"", ""clipart__clip_pc1_low|real__clip_pc1_high|real__clip_pc1_low"", ""clipart__clip_pc1_low|real__clip_pc1_high|real__clip_pc1_middle""]","[""clipart__clip_pc1_high|clipart__clip_pc1_low|real__clip_pc1_high""]",clipart__clip_pc1_high|clipart__clip_pc1_low|real__clip_pc1_high,clipart__clip_pc1_high|clipart__clip_pc1_low|real__clip_pc1_high
new_seeds,resnet50,20260920,sketch,ridge,nll,50,34,66,0.5151515151515151,2,2,1,1,1.0,1.0,0.0,0,1,True,True,False,False,False,False,False,False,False,False,"[""clipart__clip_pc1_low|painting__clip_pc1_high|real__clip_pc1_high""]","[""clipart__clip_pc1_high|real__clip_pc1_high|real__clip_pc1_low""]",clipart__clip_pc1_high|clipart__clip_pc1_low|real__clip_pc1_high,clipart__clip_pc1_high|clipart__clip_pc1_low|real__clip_pc1_high
new_seeds,resnet50,20260920,sketch,ridge,nll,100,81,119,0.680672268907563,1,0,1,0,1.0,0.0,0.0,0,1,True,False,False,False,False,False,False,False,False,False,"[""clipart__clip_pc1_low|infograph__clip_pc1_middle|real__clip_pc1_high""]",[],clipart__clip_pc1_high|clipart__clip_pc1_low|real__clip_pc1_high,clipart__clip_pc1_high|clipart__clip_pc1_low|real__clip_pc1_high
new_seeds,resnet50,20260920,sketch,ridge,nll,227,189,265,0.7132075471698113,0,0,0,0,0.0,0.0,0.0,0,1,False,False,False,False,False,False,False,False,False,False,[],[],clipart__clip_pc1_high|clipart__clip_pc1_low|real__clip_pc1_high,clipart__clip_pc1_high|clipart__clip_pc1_low|real__clip_pc1_high
new_seeds,resnet50,20260920,sketch,ridge,error_rate,10,1,19,0.05263157894736842,7,9,1,3,1.0,3.0,0.0,0,2,True,True,False,True,False,False,False,True,False,False,"[""clipart__clip_pc1_low|real__clip_pc1_high|real__clip_pc1_low""]","[""clipart__clip_pc1_high|clipart__clip_pc1_low|real__clip_pc1_high"", ""clipart__clip_pc1_low|clipart__clip_pc1_middle|painting__clip_pc1_high"", ""clipart__clip_pc1_low|clipart__clip_pc1_middle|real__clip_pc1_high""]",clipart__clip_pc1_high|clipart__clip_pc1_low|real__clip_pc1_high,clipart__clip_pc1_high|clipart__clip_pc1_low|real__clip_pc1_high
new_seeds,resnet50,20260920,sketch,ridge,error_rate,25,13,37,0.35135135135135137,4,6,1,3,1.0,3.0,0.0,0,2,True,True,False,True,False,False,False,False,False,False,"[""clipart__clip_pc1_low|real__clip_pc1_high|real__clip_pc1_low""]","[""clipart__clip_pc1_high|clipart__clip_pc1_low|painting__clip_pc1_high"", ""clipart__clip_pc1_high|clipart__clip_pc1_low|real__clip_pc1_high"", ""clipart__clip_pc1_low|clipart__clip_pc1_middle|painting__clip_pc1_high""]",clipart__clip_pc1_middle|real__clip_pc1_high|real__clip_pc1_low,clipart__clip_pc1_middle|real__clip_pc1_high|real__clip_pc1_low
new_seeds,resnet50,20260920,sketch,ridge,error_rate,50,34,66,0.5151515151515151,0,3,0,3,0.0,3.0,0.0,0,2,False,True,False,False,False,False,False,False,False,False,[],"[""clipart__clip_pc1_high|clipart__clip_pc1_low|painting__clip_pc1_high"", ""clipart__clip_pc1_high|real__clip_pc1_high|real__clip_pc1_low"", ""clipart__clip_pc1_middle|infograph__clip_pc1_high|real__clip_pc1_high""]",clipart__clip_pc1_high|real__clip_pc1_high|real__clip_pc1_low,clipart__clip_pc1_high|real__clip_pc1_high|real__clip_pc1_low
new_seeds,resnet50,20260920,sketch,ridge,error_rate,100,81,119,0.680672268907563,0,0,0,0,0.0,0.0,0.0,0,2,False,False,False,False,False,False,False,False,False,False,[],[],clipart__clip_pc1_high|clipart__clip_pc1_middle|painting__clip_pc1_middle,clipart__clip_pc1_high|clipart__clip_pc1_middle|painting__clip_pc1_middle
new_seeds,resnet50,20260920,sketch,ridge,error_rate,227,189,265,0.7132075471698113,0,0,0,0,0.0,0.0,0.0,0,2,False,False,False,False,False,False,False,False,False,False,[],[],clipart__clip_pc1_high|clipart__clip_pc1_middle|painting__clip_pc1_middle,clipart__clip_pc1_high|clipart__clip_pc1_middle|painting__clip_pc1_middle
new_seeds,resnet50,20260920,sketch,logistic,brier_score,10,1,19,0.05263157894736842,8,6,4,2,4.0,2.0,0.0,0,1,True,True,False,True,False,False,False,False,False,False,"[""clipart__clip_pc1_low|painting__clip_pc1_low|real__clip_pc1_high"", ""clipart__clip_pc1_low|painting__clip_pc1_middle|real__clip_pc1_high"", ""clipart__clip_pc1_low|real__clip_pc1_high|real__clip_pc1_low"", ""clipart__clip_pc1_low|real__clip_pc1_high|real__clip_pc1_middle""]","[""clipart__clip_pc1_high|clipart__clip_pc1_low|real__clip_pc1_high"", ""clipart__clip_pc1_low|clipart__clip_pc1_middle|real__clip_pc1_high""]",clipart__clip_pc1_low|clipart__clip_pc1_middle|real__clip_pc1_high,clipart__clip_pc1_low|clipart__clip_pc1_middle|real__clip_pc1_high
new_seeds,resnet50,20260920,sketch,logistic,brier_score,25,13,37,0.35135135135135137,7,3,5,1,5.0,1.0,0.0,0,1,True,True,False,False,False,False,False,False,False,False,"[""clipart__clip_pc1_low|infograph__clip_pc1_high|real__clip_pc1_high"", ""clipart__clip_pc1_low|painting__clip_pc1_high|real__clip_pc1_high"", ""clipart__clip_pc1_low|painting__clip_pc1_middle|real__clip_pc1_high"", ""clipart__clip_pc1_low|real__clip_pc1_high|real__clip_pc1_low"", ""clipart__clip_pc1_low|real__clip_pc1_high|real__clip_pc1_middle""]","[""clipart__clip_pc1_high|clipart__clip_pc1_low|real__clip_pc1_high""]",clipart__clip_pc1_low|clipart__clip_pc1_middle|real__clip_pc1_high,clipart__clip_pc1_low|clipart__clip_pc1_middle|real__clip_pc1_high
new_seeds,resnet50,20260920,sketch,logistic,brier_score,50,34,66,0.5151515151515151,3,2,1,0,1.0,0.0,0.0,0,1,True,False,False,False,False,False,False,False,False,False,"[""clipart__clip_pc1_low|painting__clip_pc1_high|real__clip_pc1_high""]",[],clipart__clip_pc1_low|clipart__clip_pc1_middle|real__clip_pc1_high,clipart__clip_pc1_low|clipart__clip_pc1_middle|real__clip_pc1_high
new_seeds,resnet50,20260920,sketch,logistic,brier_score,100,81,119,0.680672268907563,2,1,1,0,1.0,0.0,0.0,0,1,True,False,False,False,False,False,False,False,False,False,"[""clipart__clip_pc1_low|infograph__clip_pc1_middle|real__clip_pc1_high""]",[],clipart__clip_pc1_low|clipart__clip_pc1_middle|real__clip_pc1_high,clipart__clip_pc1_low|clipart__clip_pc1_middle|real__clip_pc1_high
new_seeds,resnet50,20260920,sketch,logistic,brier_score,227,189,265,0.7132075471698113,1,0,1,0,1.0,0.0,0.0,0,1,True,False,False,False,False,False,False,False,False,False,"[""painting__clip_pc1_high|painting__clip_pc1_middle|real__clip_pc1_high""]",[],clipart__clip_pc1_low|clipart__clip_pc1_middle|real__clip_pc1_high,clipart__clip_pc1_low|clipart__clip_pc1_middle|real__clip_pc1_high
new_seeds,resnet50,20260920,sketch,logistic,nll,10,1,19,0.05263157894736842,8,9,1,2,1.0,2.0,0.0,1,1,True,True,False,False,False,False,False,False,True,False,"[""clipart__clip_pc1_low|real__clip_pc1_high|real__clip_pc1_low""]","[""clipart__clip_pc1_low|clipart__clip_pc1_middle|painting__clip_pc1_middle"", ""clipart__clip_pc1_middle|painting__clip_pc1_middle|real__clip_pc1_low""]",clipart__clip_pc1_high|clipart__clip_pc1_low|painting__clip_pc1_middle,clipart__clip_pc1_high|clipart__clip_pc1_low|painting__clip_pc1_middle
new_seeds,resnet50,20260920,sketch,logistic,nll,25,13,37,0.35135135135135137,6,4,2,0,2.0,0.0,0.0,0,1,True,False,False,False,False,False,False,False,False,False,"[""clipart__clip_pc1_low|real__clip_pc1_high|real__clip_pc1_low"", ""clipart__clip_pc1_middle|painting__clip_pc1_middle|real__clip_pc1_high""]",[],clipart__clip_pc1_middle|real__clip_pc1_high|real__clip_pc1_low,clipart__clip_pc1_middle|real__clip_pc1_high|real__clip_pc1_low
new_seeds,resnet50,20260920,sketch,logistic,nll,50,34,66,0.5151515151515151,2,2,1,1,1.0,1.0,0.0,0,1,True,True,False,False,False,False,False,False,False,False,"[""painting__clip_pc1_middle|real__clip_pc1_high|real__clip_pc1_low""]","[""clipart__clip_pc1_high|real__clip_pc1_high|real__clip_pc1_low""]",clipart__clip_pc1_high|real__clip_pc1_high|real__clip_pc1_low,clipart__clip_pc1_high|real__clip_pc1_high|real__clip_pc1_low
new_seeds,resnet50,20260920,sketch,logistic,nll,100,81,119,0.680672268907563,1,1,1,1,1.0,1.0,0.0,0,1,True,True,False,False,False,False,False,False,False,False,"[""painting__clip_pc1_middle|real__clip_pc1_high|real__clip_pc1_low""]","[""clipart__clip_pc1_high|clipart__clip_pc1_middle|real__clip_pc1_high""]",clipart__clip_pc1_high|real__clip_pc1_high|real__clip_pc1_low,clipart__clip_pc1_high|real__clip_pc1_high|real__clip_pc1_low
new_seeds,resnet50,20260920,sketch,logistic,nll,227,189,265,0.7132075471698113,0,0,0,0,0.0,0.0,0.0,0,1,False,False,False,False,False,False,False,False,False,False,[],[],clipart__clip_pc1_high|real__clip_pc1_high|real__clip_pc1_low,clipart__clip_pc1_high|real__clip_pc1_high|real__clip_pc1_low
new_seeds,resnet50,20260920,sketch,logistic,error_rate,10,1,19,0.05263157894736842,7,8,2,3,2.0,3.0,0.0,1,1,True,True,False,False,False,False,False,False,False,False,"[""clipart__clip_pc1_low|painting__clip_pc1_high|painting__clip_pc1_low"", ""clipart__clip_pc1_low|real__clip_pc1_high|real__clip_pc1_low""]","[""clipart__clip_pc1_high|clipart__clip_pc1_low|real__clip_pc1_high"", ""clipart__clip_pc1_low|clipart__clip_pc1_middle|painting__clip_pc1_high"", ""clipart__clip_pc1_low|clipart__clip_pc1_middle|real__clip_pc1_high""]",clipart__clip_pc1_high|clipart__clip_pc1_low|real__clip_pc1_high,clipart__clip_pc1_high|clipart__clip_pc1_low|real__clip_pc1_high
new_seeds,resnet50,20260920,sketch,logistic,error_rate,25,13,37,0.35135135135135137,5,5,2,2,2.0,2.0,0.0,1,1,True,True,False,False,False,False,False,False,False,False,"[""clipart__clip_pc1_low|painting__clip_pc1_high|painting__clip_pc1_low"", ""clipart__clip_pc1_low|real__clip_pc1_high|real__clip_pc1_low""]","[""clipart__clip_pc1_high|clipart__clip_pc1_low|real__clip_pc1_high"", ""clipart__clip_pc1_low|clipart__clip_pc1_middle|painting__clip_pc1_high""]",clipart__clip_pc1_high|clipart__clip_pc1_low|real__clip_pc1_high,clipart__clip_pc1_high|clipart__clip_pc1_low|real__clip_pc1_high
new_seeds,resnet50,20260920,sketch,logistic,error_rate,50,34,66,0.5151515151515151,0,2,0,2,0.0,2.0,0.0,0,1,False,True,False,False,False,False,False,False,False,False,[],"[""clipart__clip_pc1_high|real__clip_pc1_high|real__clip_pc1_low"", ""clipart__clip_pc1_middle|infograph__clip_pc1_high|real__clip_pc1_high""]",clipart__clip_pc1_high|real__clip_pc1_high|real__clip_pc1_low,clipart__clip_pc1_high|real__clip_pc1_high|real__clip_pc1_low
new_seeds,resnet50,20260920,sketch,logistic,error_rate,100,81,119,0.680672268907563,0,0,0,0,0.0,0.0,0.0,0,1,False,False,False,False,False,False,False,False,False,False,[],[],clipart__clip_pc1_high|real__clip_pc1_high|real__clip_pc1_low,clipart__clip_pc1_high|real__clip_pc1_high|real__clip_pc1_low
new_seeds,resnet50,20260920,sketch,logistic,error_rate,227,189,265,0.7132075471698113,0,0,0,0,0.0,0.0,0.0,0,1,False,False,False,False,False,False,False,False,False,False,[],[],clipart__clip_pc1_high|real__clip_pc1_high|real__clip_pc1_low,clipart__clip_pc1_high|real__clip_pc1_high|real__clip_pc1_low
new_seeds,dinov2_b14,20260920,clipart,ridge,brier_score,10,0,20,0.0,6,8,2,4,2.0,4.0,0.0,0,1,True,True,False,True,False,False,False,False,False,False,"[""painting__clip_pc1_middle|real__clip_pc1_low|sketch__clip_pc1_low"", ""real__clip_pc1_high|real__clip_pc1_low|sketch__clip_pc1_low""]","[""infograph__clip_pc1_high|sketch__clip_pc1_low|sketch__clip_pc1_middle"", ""painting__clip_pc1_middle|sketch__clip_pc1_low|sketch__clip_pc1_middle"", ""real__clip_pc1_low|sketch__clip_pc1_low|sketch__clip_pc1_middle"", ""real__clip_pc1_middle|sketch__clip_pc1_low|sketch__clip_pc1_middle""]",real__clip_pc1_low|sketch__clip_pc1_low|sketch__clip_pc1_middle,real__clip_pc1_low|sketch__clip_pc1_low|sketch__clip_pc1_middle
new_seeds,dinov2_b14,20260920,clipart,ridge,brier_score,25,10,40,0.25,5,6,2,3,2.0,3.0,0.0,0,1,True,True,False,False,False,False,False,False,False,False,"[""painting__clip_pc1_middle|real__clip_pc1_low|sketch__clip_pc1_low"", ""real__clip_pc1_high|real__clip_pc1_low|sketch__clip_pc1_low""]","[""infograph__clip_pc1_high|real__clip_pc1_low|sketch__clip_pc1_low"", ""infograph__clip_pc1_high|sketch__clip_pc1_low|sketch__clip_pc1_middle"", ""painting__clip_pc1_middle|sketch__clip_pc1_low|sketch__clip_pc1_middle""]",real__clip_pc1_low|sketch__clip_pc1_low|sketch__clip_pc1_middle,real__clip_pc1_low|sketch__clip_pc1_low|sketch__clip_pc1_middle
new_seeds,dinov2_b14,20260920,clipart,ridge,brier_score,50,27,73,0.3698630136986301,1,5,0,4,0.0,4.0,0.0,0,1,False,True,False,False,False,False,False,False,False,False,[],"[""infograph__clip_pc1_high|real__clip_pc1_low|sketch__clip_pc1_low"", ""infograph__clip_pc1_high|sketch__clip_pc1_low|sketch__clip_pc1_middle"", ""real__clip_pc1_low|sketch__clip_pc1_high|sketch__clip_pc1_low"", ""sketch__clip_pc1_high|sketch__clip_pc1_low|sketch__clip_pc1_middle""]",real__clip_pc1_low|sketch__clip_pc1_low|sketch__clip_pc1_middle,real__clip_pc1_low|sketch__clip_pc1_low|sketch__clip_pc1_middle
new_seeds,dinov2_b14,20260920,clipart,ridge,brier_score,100,76,124,0.6129032258064516,0,1,0,1,0.0,1.0,0.0,0,1,False,True,False,False,False,False,False,False,False,False,[],"[""sketch__clip_pc1_high|sketch__clip_pc1_low|sketch__clip_pc1_middle""]",real__clip_pc1_low|sketch__clip_pc1_low|sketch__clip_pc1_middle,real__clip_pc1_low|sketch__clip_pc1_low|sketch__clip_pc1_middle
new_seeds,dinov2_b14,20260920,clipart,ridge,brier_score,227,207,247,0.8380566801619433,0,0,0,0,0.0,0.0,0.0,0,1,False,False,False,False,False,False,False,False,False,False,[],[],real__clip_pc1_low|sketch__clip_pc1_low|sketch__clip_pc1_middle,real__clip_pc1_low|sketch__clip_pc1_low|sketch__clip_pc1_middle
new_seeds,dinov2_b14,20260920,clipart,ridge,nll,10,0,20,0.0,6,8,2,4,2.0,4.0,0.0,0,1,True,True,False,True,False,False,False,False,False,False,"[""painting__clip_pc1_middle|real__clip_pc1_low|sketch__clip_pc1_low"", ""real__clip_pc1_high|real__clip_pc1_low|sketch__clip_pc1_low""]","[""infograph__clip_pc1_high|sketch__clip_pc1_low|sketch__clip_pc1_middle"", ""painting__clip_pc1_middle|sketch__clip_pc1_low|sketch__clip_pc1_middle"", ""real__clip_pc1_low|sketch__clip_pc1_low|sketch__clip_pc1_middle"", ""real__clip_pc1_middle|sketch__clip_pc1_low|sketch__clip_pc1_middle""]",real__clip_pc1_low|sketch__clip_pc1_low|sketch__clip_pc1_middle,real__clip_pc1_low|sketch__clip_pc1_low|sketch__clip_pc1_middle
new_seeds,dinov2_b14,20260920,clipart,ridge,nll,25,10,40,0.25,6,6,2,2,2.0,2.0,0.0,0,1,True,True,False,False,False,False,False,False,False,False,"[""painting__clip_pc1_middle|real__clip_pc1_low|sketch__clip_pc1_low"", ""real__clip_pc1_high|real__clip_pc1_low|sketch__clip_pc1_low""]","[""infograph__clip_pc1_high|sketch__clip_pc1_low|sketch__clip_pc1_middle"", ""painting__clip_pc1_middle|sketch__clip_pc1_low|sketch__clip_pc1_middle""]",real__clip_pc1_low|sketch__clip_pc1_low|sketch__clip_pc1_middle,real__clip_pc1_low|sketch__clip_pc1_low|sketch__clip_pc1_middle
new_seeds,dinov2_b14,20260920,clipart,ridge,nll,50,27,73,0.3698630136986301,1,5,0,4,0.0,4.0,0.0,0,1,False,True,False,False,False,False,False,False,False,False,[],"[""infograph__clip_pc1_high|sketch__clip_pc1_low|sketch__clip_pc1_middle"", ""painting__clip_pc1_high|sketch__clip_pc1_low|sketch__clip_pc1_middle"", ""real__clip_pc1_low|sketch__clip_pc1_high|sketch__clip_pc1_low"", ""sketch__clip_pc1_high|sketch__clip_pc1_low|sketch__clip_pc1_middle""]",real__clip_pc1_low|sketch__clip_pc1_low|sketch__clip_pc1_middle,real__clip_pc1_low|sketch__clip_pc1_low|sketch__clip_pc1_middle
new_seeds,dinov2_b14,20260920,clipart,ridge,nll,100,76,124,0.6129032258064516,0,2,0,2,0.0,2.0,0.0,0,1,False,True,False,False,False,False,False,False,False,False,[],"[""painting__clip_pc1_high|sketch__clip_pc1_low|sketch__clip_pc1_middle"", ""sketch__clip_pc1_high|sketch__clip_pc1_low|sketch__clip_pc1_middle""]",real__clip_pc1_low|sketch__clip_pc1_low|sketch__clip_pc1_middle,real__clip_pc1_low|sketch__clip_pc1_low|sketch__clip_pc1_middle
new_seeds,dinov2_b14,20260920,clipart,ridge,nll,227,207,247,0.8380566801619433,0,0,0,0,0.0,0.0,0.0,0,1,False,False,False,False,False,False,False,False,False,False,[],[],real__clip_pc1_low|sketch__clip_pc1_low|sketch__clip_pc1_middle,real__clip_pc1_low|sketch__clip_pc1_low|sketch__clip_pc1_middle
new_seeds,dinov2_b14,20260920,clipart,ridge,error_rate,10,0,20,0.0,8,7,3,2,3.0,2.0,0.01220703125,3,2,True,True,False,False,True,True,False,False,False,True,"[""painting__clip_pc1_middle|real__clip_pc1_middle|sketch__clip_pc1_low"", ""real__clip_pc1_high|real__clip_pc1_low|sketch__clip_pc1_low"", ""real__clip_pc1_high|real__clip_pc1_middle|sketch__clip_pc1_low""]","[""painting__clip_pc1_middle|sketch__clip_pc1_low|sketch__clip_pc1_middle"", ""real__clip_pc1_middle|sketch__clip_pc1_low|sketch__clip_pc1_middle""]",painting__clip_pc1_middle|sketch__clip_pc1_low|sketch__clip_pc1_middle,painting__clip_pc1_middle|real__clip_pc1_middle|sketch__clip_pc1_low
new_seeds,dinov2_b14,20260920,clipart,ridge,error_rate,25,10,40,0.25,5,6,1,2,1.0,2.0,0.0,0,2,True,True,False,True,False,False,False,False,False,False,"[""real__clip_pc1_high|real__clip_pc1_low|sketch__clip_pc1_low""]","[""painting__clip_pc1_middle|sketch__clip_pc1_low|sketch__clip_pc1_middle"", ""real__clip_pc1_middle|sketch__clip_pc1_high|sketch__clip_pc1_low""]",painting__clip_pc1_middle|real__clip_pc1_middle|sketch__clip_pc1_low,painting__clip_pc1_middle|real__clip_pc1_middle|sketch__clip_pc1_low
new_seeds,dinov2_b14,20260920,clipart,ridge,error_rate,50,27,73,0.3698630136986301,4,4,0,0,0.0,0.0,0.0,0,2,False,False,False,False,False,False,False,False,False,False,[],[],painting__clip_pc1_middle|real__clip_pc1_middle|sketch__clip_pc1_low,painting__clip_pc1_middle|real__clip_pc1_middle|sketch__clip_pc1_low
new_seeds,dinov2_b14,20260920,clipart,ridge,error_rate,100,76,124,0.6129032258064516,4,4,0,0,0.0,0.0,0.0,0,2,False,False,False,False,False,False,False,False,False,False,[],[],painting__clip_pc1_middle|real__clip_pc1_middle|sketch__clip_pc1_low,painting__clip_pc1_middle|real__clip_pc1_middle|sketch__clip_pc1_low
new_seeds,dinov2_b14,20260920,clipart,ridge,error_rate,227,207,247,0.8380566801619433,2,3,0,1,0.0,1.0,0.0,0,2,False,True,False,False,False,False,False,False,False,False,[],"[""painting__clip_pc1_middle|quickdraw__clip_pc1_low|sketch__clip_pc1_low""]",painting__clip_pc1_middle|real__clip_pc1_middle|sketch__clip_pc1_low,painting__clip_pc1_middle|real__clip_pc1_middle|sketch__clip_pc1_low
new_seeds,dinov2_b14,20260920,clipart,logistic,brier_score,10,0,20,0.0,6,8,2,4,2.0,4.0,3.136959404237416e-05,1,1,True,True,True,False,True,True,False,True,False,True,"[""painting__clip_pc1_middle|real__clip_pc1_low|sketch__clip_pc1_low"", ""real__clip_pc1_high|real__clip_pc1_low|sketch__clip_pc1_low""]","[""painting__clip_pc1_middle|sketch__clip_pc1_low|sketch__clip_pc1_middle"", ""real__clip_pc1_high|sketch__clip_pc1_low|sketch__clip_pc1_middle"", ""real__clip_pc1_low|sketch__clip_pc1_low|sketch__clip_pc1_middle"", ""real__clip_pc1_middle|sketch__clip_pc1_low|sketch__clip_pc1_middle""]",real__clip_pc1_low|sketch__clip_pc1_low|sketch__clip_pc1_middle,painting__clip_pc1_middle|real__clip_pc1_low|sketch__clip_pc1_low
new_seeds,dinov2_b14,20260920,clipart,logistic,brier_score,25,10,40,0.25,5,4,3,2,3.0,2.0,3.136959404237416e-05,1,1,True,True,True,False,True,True,False,False,False,True,"[""painting__clip_pc1_middle|real__clip_pc1_low|sketch__clip_pc1_low"", ""real__clip_pc1_high|real__clip_pc1_low|sketch__clip_pc1_low"", ""real__clip_pc1_low|real__clip_pc1_middle|sketch__clip_pc1_low""]","[""infograph__clip_pc1_high|real__clip_pc1_low|sketch__clip_pc1_low"", ""painting__clip_pc1_middle|sketch__clip_pc1_low|sketch__clip_pc1_middle""]",real__clip_pc1_low|sketch__clip_pc1_low|sketch__clip_pc1_middle,painting__clip_pc1_middle|real__clip_pc1_low|sketch__clip_pc1_low
new_seeds,dinov2_b14,20260920,clipart,logistic,brier_score,50,27,73,0.3698630136986301,1,3,0,2,0.0,2.0,0.0,0,1,False,True,False,False,False,False,False,False,False,False,[],"[""infograph__clip_pc1_high|real__clip_pc1_low|sketch__clip_pc1_low"", ""real__clip_pc1_low|sketch__clip_pc1_high|sketch__clip_pc1_low""]",painting__clip_pc1_middle|real__clip_pc1_low|sketch__clip_pc1_low,painting__clip_pc1_middle|real__clip_pc1_low|sketch__clip_pc1_low
new_seeds,dinov2_b14,20260920,clipart,logistic,brier_score,100,76,124,0.6129032258064516,0,0,0,0,0.0,0.0,0.0,0,1,False,False,False,False,False,False,False,False,False,False,[],[],painting__clip_pc1_middle|real__clip_pc1_low|sketch__clip_pc1_low,painting__clip_pc1_middle|real__clip_pc1_low|sketch__clip_pc1_low
new_seeds,dinov2_b14,20260920,clipart,logistic,brier_score,227,207,247,0.8380566801619433,0,0,0,0,0.0,0.0,0.0,0,1,False,False,False,False,False,False,False,False,False,False,[],[],painting__clip_pc1_middle|real__clip_pc1_low|sketch__clip_pc1_low,painting__clip_pc1_middle|real__clip_pc1_low|sketch__clip_pc1_low
new_seeds,dinov2_b14,20260920,clipart,logistic,nll,10,0,20,0.0,8,7,3,2,3.0,2.0,0.0,0,1,True,True,False,True,True,False,True,False,True,False,"[""painting__clip_pc1_middle|real__clip_pc1_low|sketch__clip_pc1_low"", ""real__clip_pc1_high|real__clip_pc1_low|sketch__clip_pc1_low"", ""real__clip_pc1_high|real__clip_pc1_low|sketch__clip_pc1_middle""]","[""painting__clip_pc1_low|sketch__clip_pc1_low|sketch__clip_pc1_middle"", ""real__clip_pc1_low|sketch__clip_pc1_low|sketch__clip_pc1_middle""]",real__clip_pc1_low|sketch__clip_pc1_low|sketch__clip_pc1_middle,painting__clip_pc1_middle|real__clip_pc1_low|sketch__clip_pc1_low
new_seeds,dinov2_b14,20260920,clipart,logistic,nll,25,10,40,0.25,6,2,5,1,5.0,1.0,0.0,0,1,True,True,False,False,True,False,True,False,False,False,"[""painting__clip_pc1_low|real__clip_pc1_low|sketch__clip_pc1_middle"", ""painting__clip_pc1_middle|real__clip_pc1_low|sketch__clip_pc1_low"", ""painting__clip_pc1_middle|real__clip_pc1_low|sketch__clip_pc1_middle"", ""real__clip_pc1_high|real__clip_pc1_low|sketch__clip_pc1_low"", ""real__clip_pc1_high|real__clip_pc1_low|sketch__clip_pc1_middle""]","[""painting__clip_pc1_low|sketch__clip_pc1_high|sketch__clip_pc1_low""]",real__clip_pc1_low|sketch__clip_pc1_low|sketch__clip_pc1_middle,painting__clip_pc1_middle|real__clip_pc1_low|sketch__clip_pc1_low
new_seeds,dinov2_b14,20260920,clipart,logistic,nll,50,27,73,0.3698630136986301,3,2,3,2,3.0,2.0,0.0,0,1,True,True,False,False,False,False,False,False,False,False,"[""painting__clip_pc1_low|real__clip_pc1_low|sketch__clip_pc1_middle"", ""painting__clip_pc1_middle|real__clip_pc1_low|sketch__clip_pc1_middle"", ""real__clip_pc1_high|real__clip_pc1_low|sketch__clip_pc1_middle""]","[""painting__clip_pc1_low|sketch__clip_pc1_high|sketch__clip_pc1_low"", ""real__clip_pc1_low|sketch__clip_pc1_high|sketch__clip_pc1_low""]",painting__clip_pc1_middle|real__clip_pc1_low|sketch__clip_pc1_low,painting__clip_pc1_middle|real__clip_pc1_low|sketch__clip_pc1_low
new_seeds,dinov2_b14,20260920,clipart,logistic,nll,100,76,124,0.6129032258064516,0,0,0,0,0.0,0.0,0.0,0,1,False,False,False,False,False,False,False,False,False,False,[],[],painting__clip_pc1_middle|real__clip_pc1_low|sketch__clip_pc1_low,painting__clip_pc1_middle|real__clip_pc1_low|sketch__clip_pc1_low
new_seeds,dinov2_b14,20260920,clipart,logistic,nll,227,207,247,0.8380566801619433,0,0,0,0,0.0,0.0,0.0,0,1,False,False,False,False,False,False,False,False,False,False,[],[],painting__clip_pc1_middle|real__clip_pc1_low|sketch__clip_pc1_low,painting__clip_pc1_middle|real__clip_pc1_low|sketch__clip_pc1_low
new_seeds,dinov2_b14,20260920,clipart,logistic,error_rate,10,0,20,0.0,9,6,4,1,4.0,1.0,0.0146484375,4,1,True,True,False,False,True,True,False,False,True,True,"[""painting__clip_pc1_middle|real__clip_pc1_low|sketch__clip_pc1_low"", ""painting__clip_pc1_middle|real__clip_pc1_middle|sketch__clip_pc1_low"", ""real__clip_pc1_high|real__clip_pc1_low|sketch__clip_pc1_low"", ""real__clip_pc1_high|real__clip_pc1_middle|sketch__clip_pc1_low""]","[""painting__clip_pc1_middle|sketch__clip_pc1_low|sketch__clip_pc1_middle""]",painting__clip_pc1_middle|sketch__clip_pc1_low|sketch__clip_pc1_middle,painting__clip_pc1_middle|real__clip_pc1_low|sketch__clip_pc1_low
new_seeds,dinov2_b14,20260920,clipart,logistic,error_rate,25,10,40,0.25,6,6,2,2,2.0,2.0,0.0,0,1,True,True,False,True,True,False,True,False,False,False,"[""painting__clip_pc1_middle|real__clip_pc1_low|sketch__clip_pc1_low"", ""real__clip_pc1_high|real__clip_pc1_low|sketch__clip_pc1_low""]","[""painting__clip_pc1_middle|sketch__clip_pc1_low|sketch__clip_pc1_middle"", ""real__clip_pc1_middle|sketch__clip_pc1_high|sketch__clip_pc1_low""]",painting__clip_pc1_middle|real__clip_pc1_middle|sketch__clip_pc1_low,painting__clip_pc1_middle|real__clip_pc1_low|sketch__clip_pc1_low
new_seeds,dinov2_b14,20260920,clipart,logistic,error_rate,50,27,73,0.3698630136986301,3,4,0,1,0.0,1.0,0.0,0,1,False,True,False,False,False,False,False,False,False,False,[],"[""real__clip_pc1_low|sketch__clip_pc1_high|sketch__clip_pc1_low""]",painting__clip_pc1_middle|real__clip_pc1_low|sketch__clip_pc1_low,painting__clip_pc1_middle|real__clip_pc1_low|sketch__clip_pc1_low
new_seeds,dinov2_b14,20260920,clipart,logistic,error_rate,100,76,124,0.6129032258064516,3,3,0,0,0.0,0.0,0.0,0,1,False,False,False,False,False,False,False,False,False,False,[],[],painting__clip_pc1_middle|real__clip_pc1_low|sketch__clip_pc1_low,painting__clip_pc1_middle|real__clip_pc1_low|sketch__clip_pc1_low
new_seeds,dinov2_b14,20260920,clipart,logistic,error_rate,227,207,247,0.8380566801619433,1,0,1,0,1.0,0.0,0.0,0,1,True,False,False,False,False,False,False,False,False,False,"[""quickdraw__clip_pc1_middle|real__clip_pc1_middle|sketch__clip_pc1_low""]",[],painting__clip_pc1_middle|real__clip_pc1_low|sketch__clip_pc1_low,painting__clip_pc1_middle|real__clip_pc1_low|sketch__clip_pc1_low
new_seeds,dinov2_b14,20260920,infograph,ridge,brier_score,10,3,17,0.17647058823529413,8,10,0,2,0.0,2.0,0.0,0,1,False,True,False,False,False,False,False,False,True,False,[],"[""clipart__clip_pc1_low|clipart__clip_pc1_middle|real__clip_pc1_low"", ""clipart__clip_pc1_low|real__clip_pc1_middle|sketch__clip_pc1_low""]",clipart__clip_pc1_low|real__clip_pc1_middle|sketch__clip_pc1_low,clipart__clip_pc1_low|real__clip_pc1_middle|sketch__clip_pc1_low
new_seeds,dinov2_b14,20260920,infograph,ridge,brier_score,25,7,43,0.16279069767441862,4,10,0,6,0.0,6.0,0.0,0,1,False,True,False,True,False,False,False,False,False,False,[],"[""clipart__clip_pc1_low|clipart__clip_pc1_middle|real__clip_pc1_low"", ""clipart__clip_pc1_low|clipart__clip_pc1_middle|sketch__clip_pc1_low"", ""clipart__clip_pc1_low|painting__clip_pc1_middle|sketch__clip_pc1_low"", ""clipart__clip_pc1_low|real__clip_pc1_low|sketch__clip_pc1_low"", ""clipart__clip_pc1_low|real__clip_pc1_middle|sketch__clip_pc1_low"", ""clipart__clip_pc1_low|sketch__clip_pc1_low|sketch__clip_pc1_middle""]",clipart__clip_pc1_low|clipart__clip_pc1_middle|sketch__clip_pc1_low,clipart__clip_pc1_low|clipart__clip_pc1_middle|sketch__clip_pc1_low
new_seeds,dinov2_b14,20260920,infograph,ridge,brier_score,50,25,75,0.3333333333333333,2,9,0,7,0.0,7.0,0.0,0,1,False,True,False,True,False,False,False,False,False,False,[],"[""clipart__clip_pc1_low|clipart__clip_pc1_middle|real__clip_pc1_low"", ""clipart__clip_pc1_low|clipart__clip_pc1_middle|sketch__clip_pc1_low"", ""clipart__clip_pc1_low|painting__clip_pc1_middle|sketch__clip_pc1_low"", ""clipart__clip_pc1_low|real__clip_pc1_low|sketch__clip_pc1_low"", ""clipart__clip_pc1_low|sketch__clip_pc1_low|sketch__clip_pc1_middle"", ""clipart__clip_pc1_middle|painting__clip_pc1_middle|sketch__clip_pc1_low"", ""clipart__clip_pc1_middle|real__clip_pc1_low|sketch__clip_pc1_low""]",clipart__clip_pc1_low|clipart__clip_pc1_middle|sketch__clip_pc1_low,clipart__clip_pc1_low|clipart__clip_pc1_middle|sketch__clip_pc1_low
new_seeds,dinov2_b14,20260920,infograph,ridge,brier_score,100,78,122,0.639344262295082,1,6,0,5,0.0,5.0,0.0,0,1,False,True,False,True,False,False,False,False,False,False,[],"[""clipart__clip_pc1_high|clipart__clip_pc1_low|sketch__clip_pc1_low"", ""clipart__clip_pc1_low|clipart__clip_pc1_middle|sketch__clip_pc1_low"", ""clipart__clip_pc1_low|sketch__clip_pc1_low|sketch__clip_pc1_middle"", ""clipart__clip_pc1_middle|painting__clip_pc1_middle|sketch__clip_pc1_low"", ""clipart__clip_pc1_middle|real__clip_pc1_low|sketch__clip_pc1_low""]",clipart__clip_pc1_low|clipart__clip_pc1_middle|sketch__clip_pc1_low,clipart__clip_pc1_low|clipart__clip_pc1_middle|sketch__clip_pc1_low
new_seeds,dinov2_b14,20260920,infograph,ridge,brier_score,227,218,236,0.923728813559322,0,0,0,0,0.0,0.0,0.0,0,1,False,False,False,False,False,False,False,False,False,False,[],[],clipart__clip_pc1_low|clipart__clip_pc1_middle|sketch__clip_pc1_low,clipart__clip_pc1_low|clipart__clip_pc1_middle|sketch__clip_pc1_low
new_seeds,dinov2_b14,20260920,infograph,ridge,nll,10,3,17,0.17647058823529413,9,10,0,1,0.0,1.0,0.0,0,1,False,True,False,False,False,False,False,False,True,False,[],"[""clipart__clip_pc1_low|clipart__clip_pc1_middle|real__clip_pc1_low""]",clipart__clip_pc1_low|real__clip_pc1_middle|sketch__clip_pc1_low,clipart__clip_pc1_low|real__clip_pc1_middle|sketch__clip_pc1_low
new_seeds,dinov2_b14,20260920,infograph,ridge,nll,25,7,43,0.16279069767441862,5,10,0,5,0.0,5.0,0.0,0,1,False,True,False,True,False,False,False,False,False,False,[],"[""clipart__clip_pc1_low|clipart__clip_pc1_middle|real__clip_pc1_low"", ""clipart__clip_pc1_low|clipart__clip_pc1_middle|sketch__clip_pc1_low"", ""clipart__clip_pc1_low|painting__clip_pc1_middle|sketch__clip_pc1_low"", ""clipart__clip_pc1_low|real__clip_pc1_low|sketch__clip_pc1_low"", ""clipart__clip_pc1_low|sketch__clip_pc1_low|sketch__clip_pc1_middle""]",clipart__clip_pc1_low|clipart__clip_pc1_middle|sketch__clip_pc1_low,clipart__clip_pc1_low|clipart__clip_pc1_middle|sketch__clip_pc1_low
new_seeds,dinov2_b14,20260920,infograph,ridge,nll,50,25,75,0.3333333333333333,2,10,0,8,0.0,8.0,0.0,0,1,False,True,False,True,False,False,False,False,False,False,[],"[""clipart__clip_pc1_low|clipart__clip_pc1_middle|real__clip_pc1_low"", ""clipart__clip_pc1_low|clipart__clip_pc1_middle|sketch__clip_pc1_low"", ""clipart__clip_pc1_low|painting__clip_pc1_middle|sketch__clip_pc1_low"", ""clipart__clip_pc1_low|real__clip_pc1_low|sketch__clip_pc1_low"", ""clipart__clip_pc1_low|sketch__clip_pc1_low|sketch__clip_pc1_middle"", ""clipart__clip_pc1_middle|painting__clip_pc1_middle|sketch__clip_pc1_low"", ""clipart__clip_pc1_middle|real__clip_pc1_low|sketch__clip_pc1_low"", ""clipart__clip_pc1_middle|sketch__clip_pc1_low|sketch__clip_pc1_middle""]",clipart__clip_pc1_low|clipart__clip_pc1_middle|sketch__clip_pc1_low,clipart__clip_pc1_low|clipart__clip_pc1_middle|sketch__clip_pc1_low
new_seeds,dinov2_b14,20260920,infograph,ridge,nll,100,78,122,0.639344262295082,1,7,0,6,0.0,6.0,0.0,0,1,False,True,False,True,False,False,False,False,False,False,[],"[""clipart__clip_pc1_high|clipart__clip_pc1_low|sketch__clip_pc1_low"", ""clipart__clip_pc1_low|clipart__clip_pc1_middle|sketch__clip_pc1_low"", ""clipart__clip_pc1_low|sketch__clip_pc1_low|sketch__clip_pc1_middle"", ""clipart__clip_pc1_middle|painting__clip_pc1_middle|sketch__clip_pc1_low"", ""clipart__clip_pc1_middle|real__clip_pc1_low|sketch__clip_pc1_low"", ""clipart__clip_pc1_middle|sketch__clip_pc1_low|sketch__clip_pc1_middle""]",clipart__clip_pc1_low|clipart__clip_pc1_middle|sketch__clip_pc1_low,clipart__clip_pc1_low|clipart__clip_pc1_middle|sketch__clip_pc1_low
new_seeds,dinov2_b14,20260920,infograph,ridge,nll,227,218,236,0.923728813559322,0,0,0,0,0.0,0.0,0.0,0,1,False,False,False,False,False,False,False,False,False,False,[],[],clipart__clip_pc1_low|clipart__clip_pc1_middle|sketch__clip_pc1_low,clipart__clip_pc1_low|clipart__clip_pc1_middle|sketch__clip_pc1_low
new_seeds,dinov2_b14,20260920,infograph,ridge,error_rate,10,3,17,0.17647058823529413,8,10,0,2,0.0,2.0,0.0,1,1,False,True,False,False,True,True,False,False,True,False,[],"[""clipart__clip_pc1_low|real__clip_pc1_middle|sketch__clip_pc1_low"", ""clipart__clip_pc1_middle|real__clip_pc1_middle|sketch__clip_pc1_middle""]",clipart__clip_pc1_low|clipart__clip_pc1_middle|real__clip_pc1_middle,clipart__clip_pc1_low|painting__clip_pc1_middle|real__clip_pc1_middle
new_seeds,dinov2_b14,20260920,infograph,ridge,error_rate,25,7,43,0.16279069767441862,6,7,2,3,2.0,3.0,0.0,0,1,True,True,False,False,True,False,True,True,False,False,"[""clipart__clip_pc1_middle|painting__clip_pc1_middle|real__clip_pc1_middle"", ""real__clip_pc1_high|real__clip_pc1_middle|sketch__clip_pc1_low""]","[""clipart__clip_pc1_low|painting__clip_pc1_middle|sketch__clip_pc1_low"", ""clipart__clip_pc1_low|real__clip_pc1_middle|sketch__clip_pc1_low"", ""clipart__clip_pc1_middle|real__clip_pc1_middle|sketch__clip_pc1_low""]",clipart__clip_pc1_middle|real__clip_pc1_middle|sketch__clip_pc1_low,real__clip_pc1_high|real__clip_pc1_middle|sketch__clip_pc1_low
new_seeds,dinov2_b14,20260920,infograph,ridge,error_rate,50,25,75,0.3333333333333333,4,5,2,3,2.0,3.0,0.005859375,4,1,True,True,True,False,True,True,False,False,False,True,"[""painting__clip_pc1_middle|real__clip_pc1_middle|sketch__clip_pc1_low"", ""real__clip_pc1_high|real__clip_pc1_middle|sketch__clip_pc1_low""]","[""clipart__clip_pc1_low|painting__clip_pc1_middle|sketch__clip_pc1_low"", ""clipart__clip_pc1_middle|painting__clip_pc1_middle|sketch__clip_pc1_low"", ""clipart__clip_pc1_middle|real__clip_pc1_middle|sketch__clip_pc1_low""]",clipart__clip_pc1_low|real__clip_pc1_middle|sketch__clip_pc1_high,real__clip_pc1_high|real__clip_pc1_middle|sketch__clip_pc1_low
new_seeds,dinov2_b14,20260920,infograph,ridge,error_rate,100,78,122,0.639344262295082,1,2,1,2,1.0,2.0,0.0,1,1,True,True,False,False,False,False,False,False,False,False,"[""real__clip_pc1_middle|sketch__clip_pc1_high|sketch__clip_pc1_low""]","[""clipart__clip_pc1_low|sketch__clip_pc1_high|sketch__clip_pc1_low"", ""clipart__clip_pc1_middle|painting__clip_pc1_middle|sketch__clip_pc1_low""]",real__clip_pc1_high|real__clip_pc1_middle|sketch__clip_pc1_low,real__clip_pc1_high|real__clip_pc1_middle|sketch__clip_pc1_low
new_seeds,dinov2_b14,20260920,infograph,ridge,error_rate,227,218,236,0.923728813559322,0,0,0,0,0.0,0.0,0.0,0,1,False,False,False,False,False,False,False,False,False,False,[],[],real__clip_pc1_high|real__clip_pc1_middle|sketch__clip_pc1_low,real__clip_pc1_high|real__clip_pc1_middle|sketch__clip_pc1_low
new_seeds,dinov2_b14,20260920,infograph,logistic,brier_score,10,3,17,0.17647058823529413,10,10,0,0,0.0,0.0,0.0,0,1,False,False,False,False,False,False,False,False,False,False,[],[],clipart__clip_pc1_low|real__clip_pc1_middle|sketch__clip_pc1_low,clipart__clip_pc1_low|real__clip_pc1_middle|sketch__clip_pc1_low
new_seeds,dinov2_b14,20260920,infograph,logistic,brier_score,25,7,43,0.16279069767441862,5,10,0,5,0.0,5.0,0.0,0,1,False,True,False,False,False,False,False,False,False,False,[],"[""clipart__clip_pc1_low|clipart__clip_pc1_middle|sketch__clip_pc1_low"", ""clipart__clip_pc1_low|painting__clip_pc1_middle|sketch__clip_pc1_low"", ""clipart__clip_pc1_low|real__clip_pc1_high|sketch__clip_pc1_low"", ""clipart__clip_pc1_low|real__clip_pc1_low|sketch__clip_pc1_low"", ""clipart__clip_pc1_middle|real__clip_pc1_middle|sketch__clip_pc1_low""]",clipart__clip_pc1_low|real__clip_pc1_high|sketch__clip_pc1_low,clipart__clip_pc1_low|real__clip_pc1_high|sketch__clip_pc1_low
new_seeds,dinov2_b14,20260920,infograph,logistic,brier_score,50,25,75,0.3333333333333333,2,8,1,7,1.0,7.0,0.0,0,1,True,True,False,True,False,False,False,False,False,False,"[""real__clip_pc1_high|real__clip_pc1_low|sketch__clip_pc1_low""]","[""clipart__clip_pc1_low|clipart__clip_pc1_middle|sketch__clip_pc1_low"", ""clipart__clip_pc1_low|painting__clip_pc1_middle|sketch__clip_pc1_low"", ""clipart__clip_pc1_low|real__clip_pc1_low|sketch__clip_pc1_low"", ""clipart__clip_pc1_middle|painting__clip_pc1_middle|sketch__clip_pc1_low"", ""clipart__clip_pc1_middle|real__clip_pc1_high|sketch__clip_pc1_low"", ""clipart__clip_pc1_middle|real__clip_pc1_low|sketch__clip_pc1_low"", ""clipart__clip_pc1_middle|real__clip_pc1_middle|sketch__clip_pc1_low""]",clipart__clip_pc1_low|real__clip_pc1_high|sketch__clip_pc1_low,clipart__clip_pc1_low|real__clip_pc1_high|sketch__clip_pc1_low
new_seeds,dinov2_b14,20260920,infograph,logistic,brier_score,100,78,122,0.639344262295082,1,3,1,3,1.0,3.0,0.0,0,1,True,True,False,True,False,False,False,False,False,False,"[""real__clip_pc1_high|real__clip_pc1_low|sketch__clip_pc1_low""]","[""clipart__clip_pc1_low|clipart__clip_pc1_middle|sketch__clip_pc1_low"", ""clipart__clip_pc1_middle|painting__clip_pc1_middle|sketch__clip_pc1_low"", ""clipart__clip_pc1_middle|real__clip_pc1_low|sketch__clip_pc1_low""]",clipart__clip_pc1_low|real__clip_pc1_high|sketch__clip_pc1_low,clipart__clip_pc1_low|real__clip_pc1_high|sketch__clip_pc1_low
new_seeds,dinov2_b14,20260920,infograph,logistic,brier_score,227,218,236,0.923728813559322,0,0,0,0,0.0,0.0,0.0,0,1,False,False,False,False,False,False,False,False,False,False,[],[],clipart__clip_pc1_low|real__clip_pc1_high|sketch__clip_pc1_low,clipart__clip_pc1_low|real__clip_pc1_high|sketch__clip_pc1_low
new_seeds,dinov2_b14,20260920,infograph,logistic,nll,10,3,17,0.17647058823529413,10,10,0,0,0.0,0.0,0.0028173492152774315,1,1,False,False,False,False,True,True,False,False,True,False,[],[],clipart__clip_pc1_low|clipart__clip_pc1_middle|real__clip_pc1_middle,clipart__clip_pc1_low|painting__clip_pc1_middle|real__clip_pc1_middle
new_seeds,dinov2_b14,20260920,infograph,logistic,nll,25,7,43,0.16279069767441862,6,10,0,4,0.0,4.0,0.0,0,1,False,True,False,False,False,False,False,False,False,False,[],"[""clipart__clip_pc1_low|clipart__clip_pc1_middle|painting__clip_pc1_middle"", ""clipart__clip_pc1_low|painting__clip_pc1_middle|sketch__clip_pc1_low"", ""clipart__clip_pc1_low|real__clip_pc1_high|sketch__clip_pc1_low"", ""clipart__clip_pc1_middle|real__clip_pc1_middle|sketch__clip_pc1_low""]",clipart__clip_pc1_low|painting__clip_pc1_middle|sketch__clip_pc1_low,clipart__clip_pc1_low|painting__clip_pc1_middle|sketch__clip_pc1_low
new_seeds,dinov2_b14,20260920,infograph,logistic,nll,50,25,75,0.3333333333333333,4,8,1,5,1.0,5.0,0.0,0,1,True,True,False,True,False,False,False,False,False,False,"[""clipart__clip_pc1_low|painting__clip_pc1_middle|real__clip_pc1_low""]","[""clipart__clip_pc1_low|clipart__clip_pc1_middle|painting__clip_pc1_middle"", ""clipart__clip_pc1_low|painting__clip_pc1_middle|sketch__clip_pc1_low"", ""clipart__clip_pc1_middle|painting__clip_pc1_middle|sketch__clip_pc1_low"", ""clipart__clip_pc1_middle|real__clip_pc1_high|sketch__clip_pc1_low"", ""clipart__clip_pc1_middle|real__clip_pc1_middle|sketch__clip_pc1_low""]",clipart__clip_pc1_low|painting__clip_pc1_middle|sketch__clip_pc1_low,clipart__clip_pc1_low|painting__clip_pc1_middle|sketch__clip_pc1_low
new_seeds,dinov2_b14,20260920,infograph,logistic,nll,100,78,122,0.639344262295082,1,2,0,1,0.0,1.0,0.0,0,1,False,True,False,True,False,False,False,False,False,False,[],"[""clipart__clip_pc1_middle|painting__clip_pc1_middle|sketch__clip_pc1_low""]",clipart__clip_pc1_low|painting__clip_pc1_middle|sketch__clip_pc1_low,clipart__clip_pc1_low|painting__clip_pc1_middle|sketch__clip_pc1_low
new_seeds,dinov2_b14,20260920,infograph,logistic,nll,227,218,236,0.923728813559322,0,0,0,0,0.0,0.0,0.0,0,1,False,False,False,False,False,False,False,False,False,False,[],[],clipart__clip_pc1_low|painting__clip_pc1_middle|sketch__clip_pc1_low,clipart__clip_pc1_low|painting__clip_pc1_middle|sketch__clip_pc1_low
new_seeds,dinov2_b14,20260920,infograph,logistic,error_rate,10,3,17,0.17647058823529413,10,10,0,0,0.0,0.0,0.0,0,1,False,False,False,False,False,False,False,True,False,False,[],[],clipart__clip_pc1_low|clipart__clip_pc1_middle|sketch__clip_pc1_middle,clipart__clip_pc1_low|clipart__clip_pc1_middle|sketch__clip_pc1_middle
new_seeds,dinov2_b14,20260920,infograph,logistic,error_rate,25,7,43,0.16279069767441862,10,9,1,0,1.0,0.0,0.00732421875,2,1,True,False,True,False,True,True,False,True,False,True,"[""real__clip_pc1_high|real__clip_pc1_middle|sketch__clip_pc1_low""]",[],clipart__clip_pc1_low|painting__clip_pc1_middle|sketch__clip_pc1_low,real__clip_pc1_high|real__clip_pc1_middle|sketch__clip_pc1_low
new_seeds,dinov2_b14,20260920,infograph,logistic,error_rate,50,25,75,0.3333333333333333,8,7,3,2,3.0,2.0,0.00341796875,3,1,True,True,True,False,True,False,True,False,True,False,"[""clipart__clip_pc1_middle|real__clip_pc1_high|real__clip_pc1_low"", ""painting__clip_pc1_middle|real__clip_pc1_middle|sketch__clip_pc1_low"", ""real__clip_pc1_high|real__clip_pc1_middle|sketch__clip_pc1_low""]","[""clipart__clip_pc1_middle|painting__clip_pc1_middle|sketch__clip_pc1_low"", ""clipart__clip_pc1_middle|real__clip_pc1_high|sketch__clip_pc1_low""]",clipart__clip_pc1_low|painting__clip_pc1_middle|sketch__clip_pc1_low,real__clip_pc1_high|real__clip_pc1_low|sketch__clip_pc1_low
new_seeds,dinov2_b14,20260920,infograph,logistic,error_rate,100,78,122,0.639344262295082,3,3,1,1,1.0,1.0,0.0,0,1,True,True,False,False,True,False,True,False,False,False,"[""real__clip_pc1_middle|sketch__clip_pc1_high|sketch__clip_pc1_low""]","[""clipart__clip_pc1_middle|painting__clip_pc1_middle|sketch__clip_pc1_low""]",real__clip_pc1_high|real__clip_pc1_middle|sketch__clip_pc1_low,real__clip_pc1_high|real__clip_pc1_low|sketch__clip_pc1_low
new_seeds,dinov2_b14,20260920,infograph,logistic,error_rate,227,218,236,0.923728813559322,1,1,0,0,0.0,0.0,0.0,0,1,False,False,False,False,False,False,False,False,False,False,[],[],real__clip_pc1_high|real__clip_pc1_low|sketch__clip_pc1_low,real__clip_pc1_high|real__clip_pc1_low|sketch__clip_pc1_low
new_seeds,dinov2_b14,20260920,painting,ridge,brier_score,10,4,16,0.25,6,9,0,3,0.0,3.0,0.0,0,1,False,True,False,True,False,False,False,False,False,False,[],"[""clipart__clip_pc1_low|real__clip_pc1_high|sketch__clip_pc1_high"", ""real__clip_pc1_high|sketch__clip_pc1_high|sketch__clip_pc1_low"", ""real__clip_pc1_high|sketch__clip_pc1_high|sketch__clip_pc1_middle""]",real__clip_pc1_high|sketch__clip_pc1_high|sketch__clip_pc1_low,real__clip_pc1_high|sketch__clip_pc1_high|sketch__clip_pc1_low
new_seeds,dinov2_b14,20260920,painting,ridge,brier_score,25,18,32,0.5625,5,4,1,0,1.0,0.0,0.0,0,1,True,False,False,False,False,False,False,False,False,False,"[""real__clip_pc1_high|sketch__clip_pc1_low|sketch__clip_pc1_middle""]",[],real__clip_pc1_high|sketch__clip_pc1_high|sketch__clip_pc1_low,real__clip_pc1_high|sketch__clip_pc1_high|sketch__clip_pc1_low
new_seeds,dinov2_b14,20260920,painting,ridge,brier_score,50,38,62,0.6129032258064516,1,1,0,0,0.0,0.0,0.0,0,1,False,False,False,False,False,False,False,False,False,False,[],[],real__clip_pc1_high|sketch__clip_pc1_high|sketch__clip_pc1_low,real__clip_pc1_high|sketch__clip_pc1_high|sketch__clip_pc1_low
new_seeds,dinov2_b14,20260920,painting,ridge,brier_score,100,84,116,0.7241379310344828,0,0,0,0,0.0,0.0,0.0,0,1,False,False,False,False,False,False,False,False,False,False,[],[],real__clip_pc1_high|sketch__clip_pc1_high|sketch__clip_pc1_low,real__clip_pc1_high|sketch__clip_pc1_high|sketch__clip_pc1_low
new_seeds,dinov2_b14,20260920,painting,ridge,brier_score,227,212,242,0.8760330578512396,0,0,0,0,0.0,0.0,0.0,0,1,False,False,False,False,False,False,False,False,False,False,[],[],real__clip_pc1_high|sketch__clip_pc1_high|sketch__clip_pc1_low,real__clip_pc1_high|sketch__clip_pc1_high|sketch__clip_pc1_low
new_seeds,dinov2_b14,20260920,painting,ridge,nll,10,4,16,0.25,5,8,0,3,0.0,3.0,0.0,0,1,False,True,False,True,False,False,False,False,False,False,[],"[""clipart__clip_pc1_low|real__clip_pc1_high|sketch__clip_pc1_high"", ""real__clip_pc1_high|sketch__clip_pc1_high|sketch__clip_pc1_low"", ""real__clip_pc1_high|sketch__clip_pc1_high|sketch__clip_pc1_middle""]",real__clip_pc1_high|sketch__clip_pc1_high|sketch__clip_pc1_low,real__clip_pc1_high|sketch__clip_pc1_high|sketch__clip_pc1_low
new_seeds,dinov2_b14,20260920,painting,ridge,nll,25,18,32,0.5625,4,3,1,0,1.0,0.0,0.0,0,1,True,False,False,False,False,False,False,False,False,False,"[""real__clip_pc1_high|sketch__clip_pc1_low|sketch__clip_pc1_middle""]",[],real__clip_pc1_high|sketch__clip_pc1_high|sketch__clip_pc1_low,real__clip_pc1_high|sketch__clip_pc1_high|sketch__clip_pc1_low
new_seeds,dinov2_b14,20260920,painting,ridge,nll,50,38,62,0.6129032258064516,1,1,0,0,0.0,0.0,0.0,0,1,False,False,False,False,False,False,False,False,False,False,[],[],real__clip_pc1_high|sketch__clip_pc1_high|sketch__clip_pc1_low,real__clip_pc1_high|sketch__clip_pc1_high|sketch__clip_pc1_low
new_seeds,dinov2_b14,20260920,painting,ridge,nll,100,84,116,0.7241379310344828,0,0,0,0,0.0,0.0,0.0,0,1,False,False,False,False,False,False,False,False,False,False,[],[],real__clip_pc1_high|sketch__clip_pc1_high|sketch__clip_pc1_low,real__clip_pc1_high|sketch__clip_pc1_high|sketch__clip_pc1_low
new_seeds,dinov2_b14,20260920,painting,ridge,nll,227,212,242,0.8760330578512396,0,0,0,0,0.0,0.0,0.0,0,1,False,False,False,False,False,False,False,False,False,False,[],[],real__clip_pc1_high|sketch__clip_pc1_high|sketch__clip_pc1_low,real__clip_pc1_high|sketch__clip_pc1_high|sketch__clip_pc1_low
new_seeds,dinov2_b14,20260920,painting,ridge,error_rate,10,4,16,0.25,8,7,1,0,1.0,0.0,0.01025390625,1,1,True,False,False,False,True,True,False,False,False,True,"[""real__clip_pc1_high|real__clip_pc1_low|sketch__clip_pc1_low""]",[],real__clip_pc1_high|real__clip_pc1_low|sketch__clip_pc1_high,real__clip_pc1_high|real__clip_pc1_low|sketch__clip_pc1_low
new_seeds,dinov2_b14,20260920,painting,ridge,error_rate,25,18,32,0.5625,4,7,0,3,0.0,3.0,0.0,0,1,False,True,False,False,False,False,False,False,False,False,[],"[""clipart__clip_pc1_middle|real__clip_pc1_low|sketch__clip_pc1_high"", ""real__clip_pc1_low|sketch__clip_pc1_high|sketch__clip_pc1_low"", ""real__clip_pc1_middle|sketch__clip_pc1_high|sketch__clip_pc1_low""]",real__clip_pc1_high|real__clip_pc1_low|sketch__clip_pc1_low,real__clip_pc1_high|real__clip_pc1_low|sketch__clip_pc1_low
new_seeds,dinov2_b14,20260920,painting,ridge,error_rate,50,38,62,0.6129032258064516,3,5,0,2,0.0,2.0,0.0,0,1,False,True,False,False,False,False,False,False,False,False,[],"[""clipart__clip_pc1_high|real__clip_pc1_low|sketch__clip_pc1_high"", ""real__clip_pc1_low|sketch__clip_pc1_high|sketch__clip_pc1_low""]",real__clip_pc1_high|real__clip_pc1_low|sketch__clip_pc1_low,real__clip_pc1_high|real__clip_pc1_low|sketch__clip_pc1_low
new_seeds,dinov2_b14,20260920,painting,ridge,error_rate,100,84,116,0.7241379310344828,2,3,0,1,0.0,1.0,0.0,0,1,False,True,False,True,False,False,False,False,False,False,[],"[""clipart__clip_pc1_middle|sketch__clip_pc1_high|sketch__clip_pc1_low""]",clipart__clip_pc1_middle|sketch__clip_pc1_high|sketch__clip_pc1_low,clipart__clip_pc1_middle|sketch__clip_pc1_high|sketch__clip_pc1_low
new_seeds,dinov2_b14,20260920,painting,ridge,error_rate,227,212,242,0.8760330578512396,0,0,0,0,0.0,0.0,0.0,0,1,False,False,False,False,False,False,False,False,False,False,[],[],clipart__clip_pc1_middle|sketch__clip_pc1_high|sketch__clip_pc1_low,clipart__clip_pc1_middle|sketch__clip_pc1_high|sketch__clip_pc1_low
new_seeds,dinov2_b14,20260920,painting,logistic,brier_score,10,4,16,0.25,5,8,0,3,0.0,3.0,0.0,0,1,False,True,False,True,False,False,False,False,False,False,[],"[""clipart__clip_pc1_low|real__clip_pc1_high|sketch__clip_pc1_high"", ""real__clip_pc1_high|sketch__clip_pc1_high|sketch__clip_pc1_low"", ""real__clip_pc1_high|sketch__clip_pc1_high|sketch__clip_pc1_middle""]",real__clip_pc1_high|sketch__clip_pc1_high|sketch__clip_pc1_low,real__clip_pc1_high|sketch__clip_pc1_high|sketch__clip_pc1_low
new_seeds,dinov2_b14,20260920,painting,logistic,brier_score,25,18,32,0.5625,4,2,2,0,2.0,0.0,0.0,0,1,True,False,False,False,False,False,False,False,False,False,"[""clipart__clip_pc1_high|real__clip_pc1_high|sketch__clip_pc1_middle"", ""real__clip_pc1_high|sketch__clip_pc1_low|sketch__clip_pc1_middle""]",[],real__clip_pc1_high|sketch__clip_pc1_high|sketch__clip_pc1_low,real__clip_pc1_high|sketch__clip_pc1_high|sketch__clip_pc1_low
new_seeds,dinov2_b14,20260920,painting,logistic,brier_score,50,38,62,0.6129032258064516,1,0,1,0,1.0,0.0,0.0,0,1,True,False,False,False,False,False,False,False,False,False,"[""clipart__clip_pc1_high|real__clip_pc1_high|sketch__clip_pc1_middle""]",[],real__clip_pc1_high|sketch__clip_pc1_high|sketch__clip_pc1_low,real__clip_pc1_high|sketch__clip_pc1_high|sketch__clip_pc1_low
new_seeds,dinov2_b14,20260920,painting,logistic,brier_score,100,84,116,0.7241379310344828,0,0,0,0,0.0,0.0,0.0,0,1,False,False,False,False,False,False,False,False,False,False,[],[],real__clip_pc1_high|sketch__clip_pc1_high|sketch__clip_pc1_low,real__clip_pc1_high|sketch__clip_pc1_high|sketch__clip_pc1_low
new_seeds,dinov2_b14,20260920,painting,logistic,brier_score,227,212,242,0.8760330578512396,0,0,0,0,0.0,0.0,0.0,0,1,False,False,False,False,False,False,False,False,False,False,[],[],real__clip_pc1_high|sketch__clip_pc1_high|sketch__clip_pc1_low,real__clip_pc1_high|sketch__clip_pc1_high|sketch__clip_pc1_low
new_seeds,dinov2_b14,20260920,painting,logistic,nll,10,4,16,0.25,8,8,1,1,1.0,1.0,0.03250158685338134,1,1,True,True,True,False,True,True,False,False,False,True,"[""real__clip_pc1_high|real__clip_pc1_low|sketch__clip_pc1_low""]","[""clipart__clip_pc1_low|real__clip_pc1_high|sketch__clip_pc1_high""]",real__clip_pc1_high|real__clip_pc1_low|sketch__clip_pc1_middle,real__clip_pc1_high|real__clip_pc1_low|sketch__clip_pc1_low
new_seeds,dinov2_b14,20260920,painting,logistic,nll,25,18,32,0.5625,6,5,1,0,1.0,0.0,0.0,0,1,True,False,False,False,False,False,False,False,False,False,"[""clipart__clip_pc1_high|real__clip_pc1_high|sketch__clip_pc1_middle""]",[],real__clip_pc1_high|real__clip_pc1_low|sketch__clip_pc1_low,real__clip_pc1_high|real__clip_pc1_low|sketch__clip_pc1_low
new_seeds,dinov2_b14,20260920,painting,logistic,nll,50,38,62,0.6129032258064516,3,2,1,0,1.0,0.0,0.0,0,1,True,False,False,False,False,False,False,False,False,False,"[""clipart__clip_pc1_high|real__clip_pc1_high|sketch__clip_pc1_middle""]",[],real__clip_pc1_high|real__clip_pc1_low|sketch__clip_pc1_low,real__clip_pc1_high|real__clip_pc1_low|sketch__clip_pc1_low
new_seeds,dinov2_b14,20260920,painting,logistic,nll,100,84,116,0.7241379310344828,1,1,0,0,0.0,0.0,0.0,0,1,False,False,False,False,False,False,False,False,False,False,[],[],clipart__clip_pc1_high|real__clip_pc1_high|sketch__clip_pc1_low,clipart__clip_pc1_high|real__clip_pc1_high|sketch__clip_pc1_low
new_seeds,dinov2_b14,20260920,painting,logistic,nll,227,212,242,0.8760330578512396,0,0,0,0,0.0,0.0,0.0,0,1,False,False,False,False,False,False,False,False,False,False,[],[],clipart__clip_pc1_high|real__clip_pc1_high|sketch__clip_pc1_low,clipart__clip_pc1_high|real__clip_pc1_high|sketch__clip_pc1_low
new_seeds,dinov2_b14,20260920,painting,logistic,error_rate,10,4,16,0.25,9,7,2,0,2.0,0.0,0.03515625,2,1,True,False,True,False,True,True,False,False,False,True,"[""real__clip_pc1_high|real__clip_pc1_low|sketch__clip_pc1_low"", ""real__clip_pc1_high|real__clip_pc1_middle|sketch__clip_pc1_low""]",[],real__clip_pc1_high|real__clip_pc1_low|sketch__clip_pc1_middle,real__clip_pc1_high|real__clip_pc1_low|sketch__clip_pc1_low
new_seeds,dinov2_b14,20260920,painting,logistic,error_rate,25,18,32,0.5625,5,7,0,2,0.0,2.0,0.0,0,1,False,True,False,False,False,False,False,False,False,False,[],"[""real__clip_pc1_low|sketch__clip_pc1_high|sketch__clip_pc1_low"", ""real__clip_pc1_middle|sketch__clip_pc1_high|sketch__clip_pc1_low""]",real__clip_pc1_high|real__clip_pc1_low|sketch__clip_pc1_low,real__clip_pc1_high|real__clip_pc1_low|sketch__clip_pc1_low
new_seeds,dinov2_b14,20260920,painting,logistic,error_rate,50,38,62,0.6129032258064516,3,4,0,1,0.0,1.0,0.0,0,1,False,True,False,False,False,False,False,False,False,False,[],"[""real__clip_pc1_low|sketch__clip_pc1_high|sketch__clip_pc1_low""]",real__clip_pc1_high|real__clip_pc1_low|sketch__clip_pc1_low,real__clip_pc1_high|real__clip_pc1_low|sketch__clip_pc1_low
new_seeds,dinov2_b14,20260920,painting,logistic,error_rate,100,84,116,0.7241379310344828,1,2,0,1,0.0,1.0,0.0,0,1,False,True,False,False,False,False,False,False,False,False,[],"[""clipart__clip_pc1_middle|sketch__clip_pc1_high|sketch__clip_pc1_low""]",real__clip_pc1_high|real__clip_pc1_low|sketch__clip_pc1_low,real__clip_pc1_high|real__clip_pc1_low|sketch__clip_pc1_low
new_seeds,dinov2_b14,20260920,painting,logistic,error_rate,227,212,242,0.8760330578512396,0,0,0,0,0.0,0.0,0.0,0,1,False,False,False,False,False,False,False,False,False,False,[],[],real__clip_pc1_high|real__clip_pc1_low|sketch__clip_pc1_low,real__clip_pc1_high|real__clip_pc1_low|sketch__clip_pc1_low
new_seeds,dinov2_b14,20260920,quickdraw,ridge,brier_score,10,0,20,0.0,5,10,0,5,0.0,5.0,0.0,0,1,False,True,False,True,False,False,False,False,False,False,[],"[""clipart__clip_pc1_high|clipart__clip_pc1_low|sketch__clip_pc1_low"", ""clipart__clip_pc1_high|clipart__clip_pc1_middle|sketch__clip_pc1_low"", ""clipart__clip_pc1_high|sketch__clip_pc1_low|sketch__clip_pc1_middle"", ""clipart__clip_pc1_low|sketch__clip_pc1_low|sketch__clip_pc1_middle"", ""clipart__clip_pc1_middle|sketch__clip_pc1_low|sketch__clip_pc1_middle""]",clipart__clip_pc1_high|clipart__clip_pc1_low|sketch__clip_pc1_low,clipart__clip_pc1_high|clipart__clip_pc1_low|sketch__clip_pc1_low
new_seeds,dinov2_b14,20260920,quickdraw,ridge,brier_score,25,3,47,0.06382978723404255,3,8,0,5,0.0,5.0,0.0,0,1,False,True,False,True,False,False,False,False,False,False,[],"[""clipart__clip_pc1_high|clipart__clip_pc1_low|sketch__clip_pc1_low"", ""clipart__clip_pc1_high|clipart__clip_pc1_middle|sketch__clip_pc1_low"", ""clipart__clip_pc1_high|infograph__clip_pc1_high|sketch__clip_pc1_low"", ""clipart__clip_pc1_high|sketch__clip_pc1_low|sketch__clip_pc1_middle"", ""clipart__clip_pc1_low|clipart__clip_pc1_middle|sketch__clip_pc1_low""]",clipart__clip_pc1_high|clipart__clip_pc1_low|sketch__clip_pc1_low,clipart__clip_pc1_high|clipart__clip_pc1_low|sketch__clip_pc1_low
new_seeds,dinov2_b14,20260920,quickdraw,ridge,brier_score,50,18,82,0.21951219512195122,1,7,0,6,0.0,6.0,0.0,0,1,False,True,False,True,False,False,False,False,False,False,[],"[""clipart__clip_pc1_high|clipart__clip_pc1_low|clipart__clip_pc1_middle"", ""clipart__clip_pc1_high|clipart__clip_pc1_low|sketch__clip_pc1_low"", ""clipart__clip_pc1_high|clipart__clip_pc1_middle|sketch__clip_pc1_low"", ""clipart__clip_pc1_high|infograph__clip_pc1_high|sketch__clip_pc1_low"", ""clipart__clip_pc1_low|clipart__clip_pc1_middle|sketch__clip_pc1_low"", ""clipart__clip_pc1_middle|infograph__clip_pc1_high|sketch__clip_pc1_low""]",clipart__clip_pc1_high|clipart__clip_pc1_low|sketch__clip_pc1_low,clipart__clip_pc1_high|clipart__clip_pc1_low|sketch__clip_pc1_low
new_seeds,dinov2_b14,20260920,quickdraw,ridge,brier_score,100,55,145,0.3793103448275862,0,5,0,5,0.0,5.0,0.0,0,1,False,True,False,False,False,False,False,False,False,False,[],"[""clipart__clip_pc1_high|clipart__clip_pc1_low|clipart__clip_pc1_middle"", ""clipart__clip_pc1_high|clipart__clip_pc1_middle|sketch__clip_pc1_low"", ""clipart__clip_pc1_high|infograph__clip_pc1_high|sketch__clip_pc1_low"", ""clipart__clip_pc1_low|infograph__clip_pc1_high|sketch__clip_pc1_low"", ""clipart__clip_pc1_middle|infograph__clip_pc1_high|sketch__clip_pc1_low""]",clipart__clip_pc1_high|clipart__clip_pc1_low|sketch__clip_pc1_low,clipart__clip_pc1_high|clipart__clip_pc1_low|sketch__clip_pc1_low
new_seeds,dinov2_b14,20260920,quickdraw,ridge,brier_score,227,185,269,0.6877323420074349,0,0,0,0,0.0,0.0,0.0,0,1,False,False,False,False,False,False,False,False,False,False,[],[],clipart__clip_pc1_high|clipart__clip_pc1_low|sketch__clip_pc1_low,clipart__clip_pc1_high|clipart__clip_pc1_low|sketch__clip_pc1_low
new_seeds,dinov2_b14,20260920,quickdraw,ridge,nll,10,0,20,0.0,5,10,0,5,0.0,5.0,0.0,0,1,False,True,False,True,False,False,False,False,False,False,[],"[""clipart__clip_pc1_high|clipart__clip_pc1_low|sketch__clip_pc1_low"", ""clipart__clip_pc1_high|clipart__clip_pc1_middle|sketch__clip_pc1_low"", ""clipart__clip_pc1_high|sketch__clip_pc1_low|sketch__clip_pc1_middle"", ""clipart__clip_pc1_low|sketch__clip_pc1_low|sketch__clip_pc1_middle"", ""clipart__clip_pc1_middle|sketch__clip_pc1_low|sketch__clip_pc1_middle""]",clipart__clip_pc1_high|clipart__clip_pc1_low|sketch__clip_pc1_low,clipart__clip_pc1_high|clipart__clip_pc1_low|sketch__clip_pc1_low
new_seeds,dinov2_b14,20260920,quickdraw,ridge,nll,25,3,47,0.06382978723404255,3,8,0,5,0.0,5.0,0.0,0,1,False,True,False,True,False,False,False,False,False,False,[],"[""clipart__clip_pc1_high|clipart__clip_pc1_low|sketch__clip_pc1_low"", ""clipart__clip_pc1_high|clipart__clip_pc1_middle|sketch__clip_pc1_low"", ""clipart__clip_pc1_high|infograph__clip_pc1_high|sketch__clip_pc1_low"", ""clipart__clip_pc1_high|sketch__clip_pc1_low|sketch__clip_pc1_middle"", ""clipart__clip_pc1_low|clipart__clip_pc1_middle|sketch__clip_pc1_low""]",clipart__clip_pc1_high|clipart__clip_pc1_low|sketch__clip_pc1_low,clipart__clip_pc1_high|clipart__clip_pc1_low|sketch__clip_pc1_low
new_seeds,dinov2_b14,20260920,quickdraw,ridge,nll,50,18,82,0.21951219512195122,1,7,0,6,0.0,6.0,0.0,0,1,False,True,False,True,False,False,False,False,False,False,[],"[""clipart__clip_pc1_high|clipart__clip_pc1_low|clipart__clip_pc1_middle"", ""clipart__clip_pc1_high|clipart__clip_pc1_low|sketch__clip_pc1_low"", ""clipart__clip_pc1_high|clipart__clip_pc1_middle|sketch__clip_pc1_low"", ""clipart__clip_pc1_high|infograph__clip_pc1_high|sketch__clip_pc1_low"", ""clipart__clip_pc1_low|clipart__clip_pc1_middle|sketch__clip_pc1_low"", ""clipart__clip_pc1_middle|infograph__clip_pc1_high|sketch__clip_pc1_low""]",clipart__clip_pc1_high|clipart__clip_pc1_low|sketch__clip_pc1_low,clipart__clip_pc1_high|clipart__clip_pc1_low|sketch__clip_pc1_low
new_seeds,dinov2_b14,20260920,quickdraw,ridge,nll,100,55,145,0.3793103448275862,0,5,0,5,0.0,5.0,0.0,0,1,False,True,False,False,False,False,False,False,False,False,[],"[""clipart__clip_pc1_high|clipart__clip_pc1_low|clipart__clip_pc1_middle"", ""clipart__clip_pc1_high|clipart__clip_pc1_middle|sketch__clip_pc1_low"", ""clipart__clip_pc1_high|infograph__clip_pc1_high|sketch__clip_pc1_low"", ""clipart__clip_pc1_low|infograph__clip_pc1_high|sketch__clip_pc1_low"", ""clipart__clip_pc1_middle|infograph__clip_pc1_high|sketch__clip_pc1_low""]",clipart__clip_pc1_high|clipart__clip_pc1_low|sketch__clip_pc1_low,clipart__clip_pc1_high|clipart__clip_pc1_low|sketch__clip_pc1_low
new_seeds,dinov2_b14,20260920,quickdraw,ridge,nll,227,185,269,0.6877323420074349,0,0,0,0,0.0,0.0,0.0,0,1,False,False,False,False,False,False,False,False,False,False,[],[],clipart__clip_pc1_high|clipart__clip_pc1_low|sketch__clip_pc1_low,clipart__clip_pc1_high|clipart__clip_pc1_low|sketch__clip_pc1_low
new_seeds,dinov2_b14,20260920,quickdraw,ridge,error_rate,10,0,20,0.0,8,10,0,2,0.0,2.0,0.0,0,1,False,True,False,False,False,False,False,False,False,False,[],"[""clipart__clip_pc1_high|clipart__clip_pc1_low|sketch__clip_pc1_low"", ""clipart__clip_pc1_high|sketch__clip_pc1_low|sketch__clip_pc1_middle""]",clipart__clip_pc1_high|clipart__clip_pc1_low|sketch__clip_pc1_low,clipart__clip_pc1_high|clipart__clip_pc1_low|sketch__clip_pc1_low
new_seeds,dinov2_b14,20260920,quickdraw,ridge,error_rate,25,3,47,0.06382978723404255,5,10,0,5,0.0,5.0,0.0,0,1,False,True,False,True,False,False,False,True,False,False,[],"[""clipart__clip_pc1_high|clipart__clip_pc1_low|sketch__clip_pc1_low"", ""clipart__clip_pc1_high|infograph__clip_pc1_high|sketch__clip_pc1_low"", ""clipart__clip_pc1_high|infograph__clip_pc1_middle|sketch__clip_pc1_low"", ""clipart__clip_pc1_high|real__clip_pc1_middle|sketch__clip_pc1_low"", ""clipart__clip_pc1_high|sketch__clip_pc1_low|sketch__clip_pc1_middle""]",clipart__clip_pc1_high|clipart__clip_pc1_low|sketch__clip_pc1_low,clipart__clip_pc1_high|clipart__clip_pc1_low|sketch__clip_pc1_low
new_seeds,dinov2_b14,20260920,quickdraw,ridge,error_rate,50,18,82,0.21951219512195122,2,8,0,6,0.0,6.0,0.0,0,1,False,True,False,False,False,False,False,False,False,False,[],"[""clipart__clip_pc1_high|clipart__clip_pc1_low|sketch__clip_pc1_low"", ""clipart__clip_pc1_high|infograph__clip_pc1_high|sketch__clip_pc1_low"", ""clipart__clip_pc1_high|infograph__clip_pc1_low|sketch__clip_pc1_low"", ""clipart__clip_pc1_high|infograph__clip_pc1_middle|sketch__clip_pc1_low"", ""clipart__clip_pc1_high|painting__clip_pc1_high|sketch__clip_pc1_low"", ""clipart__clip_pc1_middle|infograph__clip_pc1_high|sketch__clip_pc1_low""]",clipart__clip_pc1_high|infograph__clip_pc1_low|sketch__clip_pc1_low,clipart__clip_pc1_high|infograph__clip_pc1_low|sketch__clip_pc1_low
new_seeds,dinov2_b14,20260920,quickdraw,ridge,error_rate,100,55,145,0.3793103448275862,0,6,0,6,0.0,6.0,0.0,0,1,False,True,False,False,False,False,False,False,False,False,[],"[""clipart__clip_pc1_high|clipart__clip_pc1_middle|infograph__clip_pc1_high"", ""clipart__clip_pc1_high|infograph__clip_pc1_high|sketch__clip_pc1_low"", ""clipart__clip_pc1_high|infograph__clip_pc1_low|sketch__clip_pc1_low"", ""clipart__clip_pc1_high|infograph__clip_pc1_middle|sketch__clip_pc1_low"", ""clipart__clip_pc1_high|painting__clip_pc1_high|sketch__clip_pc1_low"", ""clipart__clip_pc1_middle|infograph__clip_pc1_high|sketch__clip_pc1_low""]",clipart__clip_pc1_high|infograph__clip_pc1_low|sketch__clip_pc1_low,clipart__clip_pc1_high|infograph__clip_pc1_low|sketch__clip_pc1_low
new_seeds,dinov2_b14,20260920,quickdraw,ridge,error_rate,227,185,269,0.6877323420074349,0,1,0,1,0.0,1.0,0.0,0,1,False,True,False,False,False,False,False,False,False,False,[],"[""clipart__clip_pc1_high|clipart__clip_pc1_middle|infograph__clip_pc1_high""]",clipart__clip_pc1_high|infograph__clip_pc1_low|sketch__clip_pc1_low,clipart__clip_pc1_high|infograph__clip_pc1_low|sketch__clip_pc1_low
new_seeds,dinov2_b14,20260920,quickdraw,logistic,brier_score,10,0,20,0.0,8,10,0,2,0.0,2.0,0.0,0,1,False,True,False,False,False,False,False,False,False,False,[],"[""clipart__clip_pc1_high|clipart__clip_pc1_low|sketch__clip_pc1_low"", ""clipart__clip_pc1_high|clipart__clip_pc1_middle|sketch__clip_pc1_low""]",clipart__clip_pc1_high|clipart__clip_pc1_low|sketch__clip_pc1_low,clipart__clip_pc1_high|clipart__clip_pc1_low|sketch__clip_pc1_low
new_seeds,dinov2_b14,20260920,quickdraw,logistic,brier_score,25,3,47,0.06382978723404255,6,10,0,4,0.0,4.0,0.0,0,1,False,True,False,True,False,False,False,False,False,False,[],"[""clipart__clip_pc1_high|clipart__clip_pc1_low|sketch__clip_pc1_low"", ""clipart__clip_pc1_high|clipart__clip_pc1_middle|sketch__clip_pc1_low"", ""clipart__clip_pc1_high|infograph__clip_pc1_high|sketch__clip_pc1_low"", ""clipart__clip_pc1_low|clipart__clip_pc1_middle|sketch__clip_pc1_low""]",clipart__clip_pc1_high|clipart__clip_pc1_low|sketch__clip_pc1_low,clipart__clip_pc1_high|clipart__clip_pc1_low|sketch__clip_pc1_low
new_seeds,dinov2_b14,20260920,quickdraw,logistic,brier_score,50,18,82,0.21951219512195122,3,9,0,6,0.0,6.0,0.0,0,1,False,True,False,True,False,False,False,False,False,False,[],"[""clipart__clip_pc1_high|clipart__clip_pc1_low|clipart__clip_pc1_middle"", ""clipart__clip_pc1_high|clipart__clip_pc1_low|sketch__clip_pc1_low"", ""clipart__clip_pc1_high|clipart__clip_pc1_middle|sketch__clip_pc1_low"", ""clipart__clip_pc1_high|infograph__clip_pc1_high|sketch__clip_pc1_low"", ""clipart__clip_pc1_low|clipart__clip_pc1_middle|sketch__clip_pc1_low"", ""clipart__clip_pc1_middle|infograph__clip_pc1_high|sketch__clip_pc1_low""]",clipart__clip_pc1_high|clipart__clip_pc1_low|sketch__clip_pc1_low,clipart__clip_pc1_high|clipart__clip_pc1_low|sketch__clip_pc1_low
new_seeds,dinov2_b14,20260920,quickdraw,logistic,brier_score,100,55,145,0.3793103448275862,2,7,0,5,0.0,5.0,0.0,0,1,False,True,False,False,False,False,False,False,False,False,[],"[""clipart__clip_pc1_high|clipart__clip_pc1_low|clipart__clip_pc1_middle"", ""clipart__clip_pc1_high|clipart__clip_pc1_middle|sketch__clip_pc1_low"", ""clipart__clip_pc1_high|infograph__clip_pc1_high|sketch__clip_pc1_low"", ""clipart__clip_pc1_low|infograph__clip_pc1_high|sketch__clip_pc1_low"", ""clipart__clip_pc1_middle|infograph__clip_pc1_high|sketch__clip_pc1_low""]",clipart__clip_pc1_high|clipart__clip_pc1_low|sketch__clip_pc1_low,clipart__clip_pc1_high|clipart__clip_pc1_low|sketch__clip_pc1_low
new_seeds,dinov2_b14,20260920,quickdraw,logistic,brier_score,227,185,269,0.6877323420074349,0,2,0,2,0.0,2.0,0.0,0,1,False,True,False,False,False,False,False,False,False,False,[],"[""clipart__clip_pc1_high|clipart__clip_pc1_low|infograph__clip_pc1_high"", ""clipart__clip_pc1_low|clipart__clip_pc1_middle|infograph__clip_pc1_high""]",clipart__clip_pc1_high|clipart__clip_pc1_low|sketch__clip_pc1_low,clipart__clip_pc1_high|clipart__clip_pc1_low|sketch__clip_pc1_low
new_seeds,dinov2_b14,20260920,quickdraw,logistic,nll,10,0,20,0.0,5,10,0,5,0.0,5.0,0.0,0,1,False,True,False,True,False,False,False,False,False,False,[],"[""clipart__clip_pc1_high|clipart__clip_pc1_low|sketch__clip_pc1_low"", ""clipart__clip_pc1_high|clipart__clip_pc1_middle|sketch__clip_pc1_low"", ""clipart__clip_pc1_high|sketch__clip_pc1_high|sketch__clip_pc1_low"", ""clipart__clip_pc1_high|sketch__clip_pc1_low|sketch__clip_pc1_middle"", ""clipart__clip_pc1_low|sketch__clip_pc1_low|sketch__clip_pc1_middle""]",clipart__clip_pc1_high|clipart__clip_pc1_low|sketch__clip_pc1_low,clipart__clip_pc1_high|clipart__clip_pc1_low|sketch__clip_pc1_low
new_seeds,dinov2_b14,20260920,quickdraw,logistic,nll,25,3,47,0.06382978723404255,3,9,0,6,0.0,6.0,0.0,0,1,False,True,False,True,False,False,False,False,False,False,[],"[""clipart__clip_pc1_high|clipart__clip_pc1_low|sketch__clip_pc1_low"", ""clipart__clip_pc1_high|clipart__clip_pc1_low|sketch__clip_pc1_middle"", ""clipart__clip_pc1_high|clipart__clip_pc1_middle|sketch__clip_pc1_low"", ""clipart__clip_pc1_high|infograph__clip_pc1_high|sketch__clip_pc1_low"", ""clipart__clip_pc1_high|sketch__clip_pc1_high|sketch__clip_pc1_low"", ""clipart__clip_pc1_high|sketch__clip_pc1_low|sketch__clip_pc1_middle""]",clipart__clip_pc1_high|clipart__clip_pc1_low|sketch__clip_pc1_low,clipart__clip_pc1_high|clipart__clip_pc1_low|sketch__clip_pc1_low
new_seeds,dinov2_b14,20260920,quickdraw,logistic,nll,50,18,82,0.21951219512195122,0,7,0,7,0.0,7.0,0.0,0,1,False,True,False,True,False,False,False,False,False,False,[],"[""clipart__clip_pc1_high|clipart__clip_pc1_low|sketch__clip_pc1_low"", ""clipart__clip_pc1_high|clipart__clip_pc1_low|sketch__clip_pc1_middle"", ""clipart__clip_pc1_high|clipart__clip_pc1_middle|sketch__clip_pc1_low"", ""clipart__clip_pc1_high|infograph__clip_pc1_high|sketch__clip_pc1_low"", ""clipart__clip_pc1_high|sketch__clip_pc1_high|sketch__clip_pc1_low"", ""clipart__clip_pc1_middle|infograph__clip_pc1_high|sketch__clip_pc1_low"", ""clipart__clip_pc1_middle|infograph__clip_pc1_middle|sketch__clip_pc1_low""]",clipart__clip_pc1_high|clipart__clip_pc1_low|sketch__clip_pc1_low,clipart__clip_pc1_high|clipart__clip_pc1_low|sketch__clip_pc1_low
new_seeds,dinov2_b14,20260920,quickdraw,logistic,nll,100,55,145,0.3793103448275862,0,5,0,5,0.0,5.0,0.0,0,1,False,True,False,False,False,False,False,False,False,False,[],"[""clipart__clip_pc1_high|clipart__clip_pc1_middle|sketch__clip_pc1_low"", ""clipart__clip_pc1_high|infograph__clip_pc1_high|sketch__clip_pc1_low"", ""clipart__clip_pc1_high|sketch__clip_pc1_high|sketch__clip_pc1_low"", ""clipart__clip_pc1_middle|infograph__clip_pc1_high|sketch__clip_pc1_low"", ""clipart__clip_pc1_middle|infograph__clip_pc1_middle|sketch__clip_pc1_low""]",clipart__clip_pc1_high|clipart__clip_pc1_low|sketch__clip_pc1_low,clipart__clip_pc1_high|clipart__clip_pc1_low|sketch__clip_pc1_low
new_seeds,dinov2_b14,20260920,quickdraw,logistic,nll,227,185,269,0.6877323420074349,0,0,0,0,0.0,0.0,0.0,0,1,False,False,False,False,False,False,False,False,False,False,[],[],clipart__clip_pc1_high|clipart__clip_pc1_low|sketch__clip_pc1_low,clipart__clip_pc1_high|clipart__clip_pc1_low|sketch__clip_pc1_low
new_seeds,dinov2_b14,20260920,quickdraw,logistic,error_rate,10,0,20,0.0,8,9,1,2,1.0,2.0,0.0,0,1,True,True,False,True,False,False,False,False,False,False,"[""clipart__clip_pc1_low|real__clip_pc1_high|sketch__clip_pc1_low""]","[""clipart__clip_pc1_high|clipart__clip_pc1_low|sketch__clip_pc1_low"", ""clipart__clip_pc1_high|clipart__clip_pc1_middle|sketch__clip_pc1_low""]",clipart__clip_pc1_high|clipart__clip_pc1_middle|sketch__clip_pc1_low,clipart__clip_pc1_high|clipart__clip_pc1_middle|sketch__clip_pc1_low
new_seeds,dinov2_b14,20260920,quickdraw,logistic,error_rate,25,3,47,0.06382978723404255,5,7,3,5,3.0,5.0,0.0,0,1,True,True,False,True,False,False,False,False,False,False,"[""clipart__clip_pc1_low|real__clip_pc1_high|sketch__clip_pc1_low"", ""clipart__clip_pc1_middle|real__clip_pc1_high|sketch__clip_pc1_low"", ""clipart__clip_pc1_middle|real__clip_pc1_middle|sketch__clip_pc1_low""]","[""clipart__clip_pc1_high|clipart__clip_pc1_low|sketch__clip_pc1_low"", ""clipart__clip_pc1_high|clipart__clip_pc1_middle|sketch__clip_pc1_low"", ""clipart__clip_pc1_high|infograph__clip_pc1_high|sketch__clip_pc1_low"", ""clipart__clip_pc1_high|infograph__clip_pc1_middle|sketch__clip_pc1_low"", ""clipart__clip_pc1_high|real__clip_pc1_middle|sketch__clip_pc1_low""]",clipart__clip_pc1_high|clipart__clip_pc1_middle|sketch__clip_pc1_low,clipart__clip_pc1_high|clipart__clip_pc1_middle|sketch__clip_pc1_low
new_seeds,dinov2_b14,20260920,quickdraw,logistic,error_rate,50,18,82,0.21951219512195122,4,6,3,5,3.0,5.0,0.0,0,1,True,True,False,True,False,False,False,False,False,False,"[""clipart__clip_pc1_low|real__clip_pc1_high|sketch__clip_pc1_low"", ""clipart__clip_pc1_middle|real__clip_pc1_high|sketch__clip_pc1_low"", ""clipart__clip_pc1_middle|real__clip_pc1_middle|sketch__clip_pc1_low""]","[""clipart__clip_pc1_high|clipart__clip_pc1_low|sketch__clip_pc1_low"", ""clipart__clip_pc1_high|clipart__clip_pc1_middle|sketch__clip_pc1_low"", ""clipart__clip_pc1_high|infograph__clip_pc1_high|sketch__clip_pc1_low"", ""clipart__clip_pc1_high|infograph__clip_pc1_middle|sketch__clip_pc1_low"", ""clipart__clip_pc1_middle|infograph__clip_pc1_high|sketch__clip_pc1_low""]",clipart__clip_pc1_high|clipart__clip_pc1_middle|sketch__clip_pc1_low,clipart__clip_pc1_high|clipart__clip_pc1_middle|sketch__clip_pc1_low
new_seeds,dinov2_b14,20260920,quickdraw,logistic,error_rate,100,55,145,0.3793103448275862,0,4,0,4,0.0,4.0,0.0,0,1,False,True,False,True,False,False,False,False,False,False,[],"[""clipart__clip_pc1_high|clipart__clip_pc1_middle|sketch__clip_pc1_low"", ""clipart__clip_pc1_high|infograph__clip_pc1_high|sketch__clip_pc1_low"", ""clipart__clip_pc1_high|infograph__clip_pc1_middle|sketch__clip_pc1_low"", ""clipart__clip_pc1_middle|infograph__clip_pc1_high|sketch__clip_pc1_low""]",clipart__clip_pc1_high|clipart__clip_pc1_middle|sketch__clip_pc1_low,clipart__clip_pc1_high|clipart__clip_pc1_middle|sketch__clip_pc1_low
new_seeds,dinov2_b14,20260920,quickdraw,logistic,error_rate,227,185,269,0.6877323420074349,0,0,0,0,0.0,0.0,0.0,0,1,False,False,False,False,False,False,False,False,False,False,[],[],clipart__clip_pc1_high|clipart__clip_pc1_middle|sketch__clip_pc1_low,clipart__clip_pc1_high|clipart__clip_pc1_middle|sketch__clip_pc1_low
new_seeds,dinov2_b14,20260920,real,ridge,brier_score,10,7,13,0.5384615384615384,6,6,1,1,1.0,1.0,0.0,0,1,True,True,False,True,False,False,False,False,False,False,"[""clipart__clip_pc1_low|clipart__clip_pc1_middle|painting__clip_pc1_low""]","[""clipart__clip_pc1_low|painting__clip_pc1_low|sketch__clip_pc1_low""]",clipart__clip_pc1_low|painting__clip_pc1_low|sketch__clip_pc1_low,clipart__clip_pc1_low|painting__clip_pc1_low|sketch__clip_pc1_low
new_seeds,dinov2_b14,20260920,real,ridge,brier_score,25,19,31,0.6129032258064516,3,3,2,2,2.0,2.0,0.0,0,1,True,True,False,False,False,False,False,False,False,False,"[""clipart__clip_pc1_high|clipart__clip_pc1_low|painting__clip_pc1_low"", ""clipart__clip_pc1_middle|painting__clip_pc1_low|sketch__clip_pc1_low""]","[""clipart__clip_pc1_low|clipart__clip_pc1_middle|painting__clip_pc1_middle"", ""clipart__clip_pc1_low|painting__clip_pc1_middle|sketch__clip_pc1_low""]",clipart__clip_pc1_low|painting__clip_pc1_low|sketch__clip_pc1_low,clipart__clip_pc1_low|painting__clip_pc1_low|sketch__clip_pc1_low
new_seeds,dinov2_b14,20260920,real,ridge,brier_score,50,39,61,0.639344262295082,1,0,1,0,1.0,0.0,0.0,0,1,True,False,False,False,False,False,False,False,False,False,"[""clipart__clip_pc1_high|painting__clip_pc1_low|sketch__clip_pc1_low""]",[],clipart__clip_pc1_low|painting__clip_pc1_low|sketch__clip_pc1_low,clipart__clip_pc1_low|painting__clip_pc1_low|sketch__clip_pc1_low
new_seeds,dinov2_b14,20260920,real,ridge,brier_score,100,84,116,0.7241379310344828,0,0,0,0,0.0,0.0,0.0,0,1,False,False,False,False,False,False,False,False,False,False,[],[],clipart__clip_pc1_low|painting__clip_pc1_low|sketch__clip_pc1_low,clipart__clip_pc1_low|painting__clip_pc1_low|sketch__clip_pc1_low
new_seeds,dinov2_b14,20260920,real,ridge,brier_score,227,212,242,0.8760330578512396,0,0,0,0,0.0,0.0,0.0,0,1,False,False,False,False,False,False,False,False,False,False,[],[],clipart__clip_pc1_low|painting__clip_pc1_low|sketch__clip_pc1_low,clipart__clip_pc1_low|painting__clip_pc1_low|sketch__clip_pc1_low
new_seeds,dinov2_b14,20260920,real,ridge,nll,10,7,13,0.5384615384615384,6,6,1,1,1.0,1.0,0.0,0,1,True,True,False,True,False,False,False,False,False,False,"[""clipart__clip_pc1_low|clipart__clip_pc1_middle|painting__clip_pc1_low""]","[""clipart__clip_pc1_low|painting__clip_pc1_low|sketch__clip_pc1_low""]",clipart__clip_pc1_low|painting__clip_pc1_low|sketch__clip_pc1_low,clipart__clip_pc1_low|painting__clip_pc1_low|sketch__clip_pc1_low
new_seeds,dinov2_b14,20260920,real,ridge,nll,25,19,31,0.6129032258064516,4,3,2,1,2.0,1.0,0.0,0,1,True,True,False,False,False,False,False,False,False,False,"[""clipart__clip_pc1_high|clipart__clip_pc1_low|painting__clip_pc1_low"", ""clipart__clip_pc1_middle|painting__clip_pc1_low|sketch__clip_pc1_low""]","[""clipart__clip_pc1_low|painting__clip_pc1_middle|sketch__clip_pc1_low""]",clipart__clip_pc1_low|painting__clip_pc1_low|sketch__clip_pc1_low,clipart__clip_pc1_low|painting__clip_pc1_low|sketch__clip_pc1_low
new_seeds,dinov2_b14,20260920,real,ridge,nll,50,39,61,0.639344262295082,1,1,1,1,1.0,1.0,0.0,0,1,True,True,False,False,False,False,False,False,False,False,"[""clipart__clip_pc1_high|painting__clip_pc1_low|sketch__clip_pc1_low""]","[""clipart__clip_pc1_middle|painting__clip_pc1_middle|sketch__clip_pc1_low""]",clipart__clip_pc1_low|painting__clip_pc1_low|sketch__clip_pc1_low,clipart__clip_pc1_low|painting__clip_pc1_low|sketch__clip_pc1_low
new_seeds,dinov2_b14,20260920,real,ridge,nll,100,84,116,0.7241379310344828,0,0,0,0,0.0,0.0,0.0,0,1,False,False,False,False,False,False,False,False,False,False,[],[],clipart__clip_pc1_low|painting__clip_pc1_low|sketch__clip_pc1_low,clipart__clip_pc1_low|painting__clip_pc1_low|sketch__clip_pc1_low
new_seeds,dinov2_b14,20260920,real,ridge,nll,227,212,242,0.8760330578512396,0,0,0,0,0.0,0.0,0.0,0,1,False,False,False,False,False,False,False,False,False,False,[],[],clipart__clip_pc1_low|painting__clip_pc1_low|sketch__clip_pc1_low,clipart__clip_pc1_low|painting__clip_pc1_low|sketch__clip_pc1_low
new_seeds,dinov2_b14,20260920,real,ridge,error_rate,10,7,13,0.5384615384615384,9,9,1,1,1.0,1.0,0.01953125,1,2,True,True,False,False,True,True,False,True,False,True,"[""clipart__clip_pc1_middle|painting__clip_pc1_low|sketch__clip_pc1_middle""]","[""clipart__clip_pc1_low|painting__clip_pc1_low|sketch__clip_pc1_low""]",clipart__clip_pc1_low|painting__clip_pc1_low|sketch__clip_pc1_middle,clipart__clip_pc1_middle|painting__clip_pc1_low|sketch__clip_pc1_middle
new_seeds,dinov2_b14,20260920,real,ridge,error_rate,25,19,31,0.6129032258064516,6,4,2,0,2.0,0.0,0.01318359375,1,2,True,False,True,False,True,True,False,True,False,True,"[""clipart__clip_pc1_high|painting__clip_pc1_low|sketch__clip_pc1_middle"", ""clipart__clip_pc1_middle|painting__clip_pc1_low|sketch__clip_pc1_low""]",[],clipart__clip_pc1_middle|painting__clip_pc1_low|sketch__clip_pc1_middle,clipart__clip_pc1_high|painting__clip_pc1_low|sketch__clip_pc1_middle
new_seeds,dinov2_b14,20260920,real,ridge,error_rate,50,39,61,0.639344262295082,5,4,1,0,1.0,0.0,0.01318359375,1,2,True,False,True,False,True,True,False,False,False,True,"[""clipart__clip_pc1_high|painting__clip_pc1_low|sketch__clip_pc1_middle""]",[],clipart__clip_pc1_middle|painting__clip_pc1_low|sketch__clip_pc1_middle,clipart__clip_pc1_high|painting__clip_pc1_low|sketch__clip_pc1_middle
new_seeds,dinov2_b14,20260920,real,ridge,error_rate,100,84,116,0.7241379310344828,4,4,0,0,0.0,0.0,0.0,0,2,False,False,False,False,False,False,False,False,False,False,[],[],clipart__clip_pc1_high|painting__clip_pc1_low|sketch__clip_pc1_middle,clipart__clip_pc1_high|painting__clip_pc1_low|sketch__clip_pc1_middle
new_seeds,dinov2_b14,20260920,real,ridge,error_rate,227,212,242,0.8760330578512396,0,0,0,0,0.0,0.0,0.0,0,2,False,False,False,False,False,False,False,False,False,False,[],[],clipart__clip_pc1_high|painting__clip_pc1_low|sketch__clip_pc1_middle,clipart__clip_pc1_high|painting__clip_pc1_low|sketch__clip_pc1_middle
new_seeds,dinov2_b14,20260920,real,logistic,brier_score,10,7,13,0.5384615384615384,4,4,1,1,1.0,1.0,0.0,0,1,True,True,False,False,False,False,False,False,False,False,"[""clipart__clip_pc1_low|clipart__clip_pc1_middle|painting__clip_pc1_low""]","[""clipart__clip_pc1_low|painting__clip_pc1_low|sketch__clip_pc1_low""]",clipart__clip_pc1_low|painting__clip_pc1_low|painting__clip_pc1_middle,clipart__clip_pc1_low|painting__clip_pc1_low|painting__clip_pc1_middle
new_seeds,dinov2_b14,20260920,real,logistic,brier_score,25,19,31,0.6129032258064516,2,1,2,1,2.0,1.0,0.0,0,1,True,True,False,False,False,False,False,False,False,False,"[""clipart__clip_pc1_high|clipart__clip_pc1_low|painting__clip_pc1_low"", ""clipart__clip_pc1_middle|painting__clip_pc1_low|sketch__clip_pc1_low""]","[""clipart__clip_pc1_low|painting__clip_pc1_middle|sketch__clip_pc1_low""]",clipart__clip_pc1_low|painting__clip_pc1_low|painting__clip_pc1_middle,clipart__clip_pc1_low|painting__clip_pc1_low|painting__clip_pc1_middle
new_seeds,dinov2_b14,20260920,real,logistic,brier_score,50,39,61,0.639344262295082,0,0,0,0,0.0,0.0,0.0,0,1,False,False,False,False,False,False,False,False,False,False,[],[],clipart__clip_pc1_low|painting__clip_pc1_low|painting__clip_pc1_middle,clipart__clip_pc1_low|painting__clip_pc1_low|painting__clip_pc1_middle
new_seeds,dinov2_b14,20260920,real,logistic,brier_score,100,84,116,0.7241379310344828,0,0,0,0,0.0,0.0,0.0,0,1,False,False,False,False,False,False,False,False,False,False,[],[],clipart__clip_pc1_low|painting__clip_pc1_low|painting__clip_pc1_middle,clipart__clip_pc1_low|painting__clip_pc1_low|painting__clip_pc1_middle
new_seeds,dinov2_b14,20260920,real,logistic,brier_score,227,212,242,0.8760330578512396,0,0,0,0,0.0,0.0,0.0,0,1,False,False,False,False,False,False,False,False,False,False,[],[],clipart__clip_pc1_low|painting__clip_pc1_low|painting__clip_pc1_middle,clipart__clip_pc1_low|painting__clip_pc1_low|painting__clip_pc1_middle
new_seeds,dinov2_b14,20260920,real,logistic,nll,10,7,13,0.5384615384615384,7,6,1,0,1.0,0.0,0.004293704088484063,1,1,True,False,True,False,False,False,False,False,False,False,"[""clipart__clip_pc1_middle|painting__clip_pc1_low|sketch__clip_pc1_middle""]",[],clipart__clip_pc1_low|painting__clip_pc1_low|sketch__clip_pc1_middle,clipart__clip_pc1_low|painting__clip_pc1_low|sketch__clip_pc1_middle
new_seeds,dinov2_b14,20260920,real,logistic,nll,25,19,31,0.6129032258064516,4,2,2,0,2.0,0.0,0.0,0,1,True,False,False,False,False,False,False,False,False,False,"[""clipart__clip_pc1_high|clipart__clip_pc1_low|painting__clip_pc1_low"", ""clipart__clip_pc1_high|painting__clip_pc1_low|sketch__clip_pc1_middle""]",[],clipart__clip_pc1_low|painting__clip_pc1_low|sketch__clip_pc1_middle,clipart__clip_pc1_low|painting__clip_pc1_low|sketch__clip_pc1_middle
new_seeds,dinov2_b14,20260920,real,logistic,nll,50,39,61,0.639344262295082,2,0,2,0,2.0,0.0,0.0,0,1,True,False,False,False,False,False,False,False,False,False,"[""clipart__clip_pc1_high|painting__clip_pc1_low|sketch__clip_pc1_low"", ""clipart__clip_pc1_high|painting__clip_pc1_low|sketch__clip_pc1_middle""]",[],clipart__clip_pc1_low|painting__clip_pc1_low|sketch__clip_pc1_middle,clipart__clip_pc1_low|painting__clip_pc1_low|sketch__clip_pc1_middle
new_seeds,dinov2_b14,20260920,real,logistic,nll,100,84,116,0.7241379310344828,0,0,0,0,0.0,0.0,0.0,0,1,False,False,False,False,False,False,False,False,False,False,[],[],clipart__clip_pc1_low|painting__clip_pc1_low|sketch__clip_pc1_middle,clipart__clip_pc1_low|painting__clip_pc1_low|sketch__clip_pc1_middle
new_seeds,dinov2_b14,20260920,real,logistic,nll,227,212,242,0.8760330578512396,0,0,0,0,0.0,0.0,0.0,0,1,False,False,False,False,False,False,False,False,False,False,[],[],clipart__clip_pc1_low|painting__clip_pc1_low|sketch__clip_pc1_middle,clipart__clip_pc1_low|painting__clip_pc1_low|sketch__clip_pc1_middle
new_seeds,dinov2_b14,20260920,real,logistic,error_rate,10,7,13,0.5384615384615384,9,8,1,0,1.0,0.0,0.02685546875,1,2,True,False,False,False,True,True,False,True,False,True,"[""clipart__clip_pc1_middle|painting__clip_pc1_low|sketch__clip_pc1_middle""]",[],clipart__clip_pc1_low|painting__clip_pc1_low|sketch__clip_pc1_middle,clipart__clip_pc1_middle|painting__clip_pc1_low|sketch__clip_pc1_middle
new_seeds,dinov2_b14,20260920,real,logistic,error_rate,25,19,31,0.6129032258064516,6,3,3,0,3.0,0.0,0.001953125,1,2,True,False,True,False,True,True,False,True,False,True,"[""clipart__clip_pc1_high|clipart__clip_pc1_low|painting__clip_pc1_low"", ""clipart__clip_pc1_high|painting__clip_pc1_low|sketch__clip_pc1_middle"", ""clipart__clip_pc1_middle|painting__clip_pc1_low|sketch__clip_pc1_low""]",[],clipart__clip_pc1_middle|painting__clip_pc1_low|sketch__clip_pc1_middle,clipart__clip_pc1_high|painting__clip_pc1_low|sketch__clip_pc1_middle
new_seeds,dinov2_b14,20260920,real,logistic,error_rate,50,39,61,0.639344262295082,3,2,1,0,1.0,0.0,0.001953125,1,2,True,False,True,False,True,True,False,False,False,True,"[""clipart__clip_pc1_high|painting__clip_pc1_low|sketch__clip_pc1_middle""]",[],clipart__clip_pc1_middle|painting__clip_pc1_low|sketch__clip_pc1_middle,clipart__clip_pc1_high|painting__clip_pc1_low|sketch__clip_pc1_middle
new_seeds,dinov2_b14,20260920,real,logistic,error_rate,100,84,116,0.7241379310344828,2,2,0,0,0.0,0.0,0.0,0,2,False,False,False,False,False,False,False,False,False,False,[],[],clipart__clip_pc1_high|painting__clip_pc1_low|sketch__clip_pc1_middle,clipart__clip_pc1_high|painting__clip_pc1_low|sketch__clip_pc1_middle
new_seeds,dinov2_b14,20260920,real,logistic,error_rate,227,212,242,0.8760330578512396,0,0,0,0,0.0,0.0,0.0,0,2,False,False,False,False,False,False,False,False,False,False,[],[],clipart__clip_pc1_high|painting__clip_pc1_low|sketch__clip_pc1_middle,clipart__clip_pc1_high|painting__clip_pc1_low|sketch__clip_pc1_middle
new_seeds,dinov2_b14,20260920,sketch,ridge,brier_score,10,1,19,0.05263157894736842,7,10,0,3,0.0,3.0,0.0,0,1,False,True,False,True,False,False,False,False,False,False,[],"[""clipart__clip_pc1_high|clipart__clip_pc1_low|painting__clip_pc1_high"", ""clipart__clip_pc1_high|clipart__clip_pc1_low|painting__clip_pc1_middle"", ""clipart__clip_pc1_low|clipart__clip_pc1_middle|painting__clip_pc1_middle""]",clipart__clip_pc1_high|clipart__clip_pc1_low|painting__clip_pc1_high,clipart__clip_pc1_high|clipart__clip_pc1_low|painting__clip_pc1_high
new_seeds,dinov2_b14,20260920,sketch,ridge,brier_score,25,9,41,0.21951219512195122,4,10,0,6,0.0,6.0,0.0,0,1,False,True,False,True,False,False,False,False,False,False,[],"[""clipart__clip_pc1_high|clipart__clip_pc1_low|painting__clip_pc1_high"", ""clipart__clip_pc1_high|clipart__clip_pc1_low|painting__clip_pc1_middle"", ""clipart__clip_pc1_high|clipart__clip_pc1_middle|painting__clip_pc1_middle"", ""clipart__clip_pc1_low|clipart__clip_pc1_middle|painting__clip_pc1_high"", ""clipart__clip_pc1_low|clipart__clip_pc1_middle|painting__clip_pc1_middle"", ""clipart__clip_pc1_middle|painting__clip_pc1_high|painting__clip_pc1_middle""]",clipart__clip_pc1_high|clipart__clip_pc1_low|painting__clip_pc1_high,clipart__clip_pc1_high|clipart__clip_pc1_low|painting__clip_pc1_high
new_seeds,dinov2_b14,20260920,sketch,ridge,brier_score,50,31,69,0.4492753623188406,1,7,0,6,0.0,6.0,0.0,0,1,False,True,False,False,False,False,False,False,False,False,[],"[""clipart__clip_pc1_high|clipart__clip_pc1_low|painting__clip_pc1_high"", ""clipart__clip_pc1_high|clipart__clip_pc1_low|real__clip_pc1_high"", ""clipart__clip_pc1_high|clipart__clip_pc1_middle|painting__clip_pc1_middle"", ""clipart__clip_pc1_low|clipart__clip_pc1_middle|painting__clip_pc1_high"", ""clipart__clip_pc1_low|painting__clip_pc1_high|painting__clip_pc1_middle"", ""clipart__clip_pc1_middle|painting__clip_pc1_high|painting__clip_pc1_middle""]",clipart__clip_pc1_high|clipart__clip_pc1_low|painting__clip_pc1_high,clipart__clip_pc1_high|clipart__clip_pc1_low|painting__clip_pc1_high
new_seeds,dinov2_b14,20260920,sketch,ridge,brier_score,100,74,126,0.5873015873015873,0,2,0,2,0.0,2.0,0.0,0,1,False,True,False,False,False,False,False,False,False,False,[],"[""clipart__clip_pc1_high|clipart__clip_pc1_low|clipart__clip_pc1_middle"", ""clipart__clip_pc1_high|clipart__clip_pc1_low|painting__clip_pc1_high""]",clipart__clip_pc1_high|clipart__clip_pc1_low|painting__clip_pc1_high,clipart__clip_pc1_high|clipart__clip_pc1_low|painting__clip_pc1_high
new_seeds,dinov2_b14,20260920,sketch,ridge,brier_score,227,207,247,0.8380566801619433,0,0,0,0,0.0,0.0,0.0,0,1,False,False,False,False,False,False,False,False,False,False,[],[],clipart__clip_pc1_high|clipart__clip_pc1_low|painting__clip_pc1_high,clipart__clip_pc1_high|clipart__clip_pc1_low|painting__clip_pc1_high
new_seeds,dinov2_b14,20260920,sketch,ridge,nll,10,1,19,0.05263157894736842,7,10,0,3,0.0,3.0,0.0,0,1,False,True,False,True,False,False,False,False,False,False,[],"[""clipart__clip_pc1_high|clipart__clip_pc1_low|painting__clip_pc1_high"", ""clipart__clip_pc1_high|clipart__clip_pc1_low|painting__clip_pc1_middle"", ""clipart__clip_pc1_low|clipart__clip_pc1_middle|painting__clip_pc1_middle""]",clipart__clip_pc1_high|clipart__clip_pc1_low|painting__clip_pc1_middle,clipart__clip_pc1_high|clipart__clip_pc1_low|painting__clip_pc1_middle
new_seeds,dinov2_b14,20260920,sketch,ridge,nll,25,9,41,0.21951219512195122,3,10,0,7,0.0,7.0,0.0,0,1,False,True,False,True,False,False,False,False,False,False,[],"[""clipart__clip_pc1_high|clipart__clip_pc1_low|painting__clip_pc1_high"", ""clipart__clip_pc1_high|clipart__clip_pc1_low|painting__clip_pc1_middle"", ""clipart__clip_pc1_high|clipart__clip_pc1_middle|painting__clip_pc1_high"", ""clipart__clip_pc1_high|clipart__clip_pc1_middle|painting__clip_pc1_middle"", ""clipart__clip_pc1_low|clipart__clip_pc1_middle|painting__clip_pc1_high"", ""clipart__clip_pc1_low|clipart__clip_pc1_middle|painting__clip_pc1_middle"", ""clipart__clip_pc1_middle|painting__clip_pc1_high|painting__clip_pc1_middle""]",clipart__clip_pc1_high|clipart__clip_pc1_low|painting__clip_pc1_middle,clipart__clip_pc1_high|clipart__clip_pc1_low|painting__clip_pc1_middle
new_seeds,dinov2_b14,20260920,sketch,ridge,nll,50,31,69,0.4492753623188406,1,7,0,6,0.0,6.0,0.0,0,1,False,True,False,False,False,False,False,False,False,False,[],"[""clipart__clip_pc1_high|clipart__clip_pc1_low|painting__clip_pc1_high"", ""clipart__clip_pc1_high|clipart__clip_pc1_low|real__clip_pc1_high"", ""clipart__clip_pc1_high|clipart__clip_pc1_middle|painting__clip_pc1_high"", ""clipart__clip_pc1_high|clipart__clip_pc1_middle|painting__clip_pc1_middle"", ""clipart__clip_pc1_low|clipart__clip_pc1_middle|painting__clip_pc1_high"", ""clipart__clip_pc1_middle|painting__clip_pc1_high|painting__clip_pc1_middle""]",clipart__clip_pc1_high|clipart__clip_pc1_low|painting__clip_pc1_middle,clipart__clip_pc1_high|clipart__clip_pc1_low|painting__clip_pc1_middle
new_seeds,dinov2_b14,20260920,sketch,ridge,nll,100,74,126,0.5873015873015873,0,3,0,3,0.0,3.0,0.0,0,1,False,True,False,False,False,False,False,False,False,False,[],"[""clipart__clip_pc1_high|clipart__clip_pc1_low|clipart__clip_pc1_middle"", ""clipart__clip_pc1_high|clipart__clip_pc1_low|painting__clip_pc1_high"", ""clipart__clip_pc1_high|clipart__clip_pc1_middle|painting__clip_pc1_high""]",clipart__clip_pc1_high|clipart__clip_pc1_low|painting__clip_pc1_middle,clipart__clip_pc1_high|clipart__clip_pc1_low|painting__clip_pc1_middle
new_seeds,dinov2_b14,20260920,sketch,ridge,nll,227,207,247,0.8380566801619433,0,0,0,0,0.0,0.0,0.0,0,1,False,False,False,False,False,False,False,False,False,False,[],[],clipart__clip_pc1_high|clipart__clip_pc1_low|painting__clip_pc1_middle,clipart__clip_pc1_high|clipart__clip_pc1_low|painting__clip_pc1_middle
new_seeds,dinov2_b14,20260920,sketch,ridge,error_rate,10,1,19,0.05263157894736842,9,8,2,1,2.0,1.0,0.021484375,2,3,True,True,True,False,True,True,False,False,False,True,"[""clipart__clip_pc1_middle|painting__clip_pc1_middle|real__clip_pc1_low"", ""clipart__clip_pc1_middle|painting__clip_pc1_middle|real__clip_pc1_middle""]","[""clipart__clip_pc1_high|clipart__clip_pc1_low|painting__clip_pc1_middle""]",clipart__clip_pc1_high|clipart__clip_pc1_low|painting__clip_pc1_middle,clipart__clip_pc1_middle|painting__clip_pc1_middle|real__clip_pc1_middle
new_seeds,dinov2_b14,20260920,sketch,ridge,error_rate,25,9,41,0.21951219512195122,5,6,1,2,1.0,2.0,0.0,0,3,True,True,False,False,False,False,False,False,False,False,"[""clipart__clip_pc1_middle|real__clip_pc1_high|real__clip_pc1_low""]","[""clipart__clip_pc1_high|clipart__clip_pc1_low|painting__clip_pc1_middle"", ""clipart__clip_pc1_high|clipart__clip_pc1_middle|painting__clip_pc1_middle""]",clipart__clip_pc1_middle|painting__clip_pc1_middle|real__clip_pc1_middle,clipart__clip_pc1_middle|painting__clip_pc1_middle|real__clip_pc1_middle
new_seeds,dinov2_b14,20260920,sketch,ridge,error_rate,50,31,69,0.4492753623188406,4,4,1,1,1.0,1.0,0.0,0,3,True,True,False,False,False,False,False,False,False,False,"[""clipart__clip_pc1_middle|real__clip_pc1_high|real__clip_pc1_low""]","[""clipart__clip_pc1_high|clipart__clip_pc1_middle|painting__clip_pc1_middle""]",clipart__clip_pc1_middle|painting__clip_pc1_middle|real__clip_pc1_middle,clipart__clip_pc1_middle|painting__clip_pc1_middle|real__clip_pc1_middle
new_seeds,dinov2_b14,20260920,sketch,ridge,error_rate,100,74,126,0.5873015873015873,3,3,0,0,0.0,0.0,0.0,0,3,False,False,False,False,False,False,False,False,False,False,[],[],clipart__clip_pc1_middle|painting__clip_pc1_middle|real__clip_pc1_middle,clipart__clip_pc1_middle|painting__clip_pc1_middle|real__clip_pc1_middle
new_seeds,dinov2_b14,20260920,sketch,ridge,error_rate,227,207,247,0.8380566801619433,0,0,0,0,0.0,0.0,0.0,0,3,False,False,False,False,False,False,False,False,False,False,[],[],clipart__clip_pc1_middle|painting__clip_pc1_middle|real__clip_pc1_middle,clipart__clip_pc1_middle|painting__clip_pc1_middle|real__clip_pc1_middle
new_seeds,dinov2_b14,20260920,sketch,logistic,brier_score,10,1,19,0.05263157894736842,7,10,0,3,0.0,3.0,0.0,0,1,False,True,False,True,False,False,False,False,False,False,[],"[""clipart__clip_pc1_high|clipart__clip_pc1_low|painting__clip_pc1_high"", ""clipart__clip_pc1_high|clipart__clip_pc1_low|painting__clip_pc1_middle"", ""clipart__clip_pc1_low|clipart__clip_pc1_middle|painting__clip_pc1_middle""]",clipart__clip_pc1_high|clipart__clip_pc1_low|painting__clip_pc1_middle,clipart__clip_pc1_high|clipart__clip_pc1_low|painting__clip_pc1_middle
new_seeds,dinov2_b14,20260920,sketch,logistic,brier_score,25,9,41,0.21951219512195122,4,10,0,6,0.0,6.0,0.0,0,1,False,True,False,True,False,False,False,False,False,False,[],"[""clipart__clip_pc1_high|clipart__clip_pc1_low|painting__clip_pc1_high"", ""clipart__clip_pc1_high|clipart__clip_pc1_low|painting__clip_pc1_middle"", ""clipart__clip_pc1_high|clipart__clip_pc1_middle|painting__clip_pc1_middle"", ""clipart__clip_pc1_low|clipart__clip_pc1_middle|painting__clip_pc1_high"", ""clipart__clip_pc1_low|clipart__clip_pc1_middle|painting__clip_pc1_middle"", ""clipart__clip_pc1_middle|painting__clip_pc1_high|painting__clip_pc1_middle""]",clipart__clip_pc1_high|clipart__clip_pc1_low|painting__clip_pc1_middle,clipart__clip_pc1_high|clipart__clip_pc1_low|painting__clip_pc1_middle
new_seeds,dinov2_b14,20260920,sketch,logistic,brier_score,50,31,69,0.4492753623188406,0,6,0,6,0.0,6.0,0.0,0,1,False,True,False,False,False,False,False,False,False,False,[],"[""clipart__clip_pc1_high|clipart__clip_pc1_low|painting__clip_pc1_high"", ""clipart__clip_pc1_high|clipart__clip_pc1_low|real__clip_pc1_high"", ""clipart__clip_pc1_high|clipart__clip_pc1_middle|painting__clip_pc1_middle"", ""clipart__clip_pc1_low|clipart__clip_pc1_middle|painting__clip_pc1_high"", ""clipart__clip_pc1_low|painting__clip_pc1_high|painting__clip_pc1_middle"", ""clipart__clip_pc1_middle|painting__clip_pc1_high|painting__clip_pc1_middle""]",clipart__clip_pc1_high|clipart__clip_pc1_low|painting__clip_pc1_middle,clipart__clip_pc1_high|clipart__clip_pc1_low|painting__clip_pc1_middle
new_seeds,dinov2_b14,20260920,sketch,logistic,brier_score,100,74,126,0.5873015873015873,0,1,0,1,0.0,1.0,0.0,0,1,False,True,False,False,False,False,False,False,False,False,[],"[""clipart__clip_pc1_high|clipart__clip_pc1_low|painting__clip_pc1_high""]",clipart__clip_pc1_high|clipart__clip_pc1_low|painting__clip_pc1_middle,clipart__clip_pc1_high|clipart__clip_pc1_low|painting__clip_pc1_middle
new_seeds,dinov2_b14,20260920,sketch,logistic,brier_score,227,207,247,0.8380566801619433,0,0,0,0,0.0,0.0,0.0,0,1,False,False,False,False,False,False,False,False,False,False,[],[],clipart__clip_pc1_high|clipart__clip_pc1_low|painting__clip_pc1_middle,clipart__clip_pc1_high|clipart__clip_pc1_low|painting__clip_pc1_middle
new_seeds,dinov2_b14,20260920,sketch,logistic,nll,10,1,19,0.05263157894736842,7,8,2,3,2.0,3.0,0.0,1,1,True,True,False,True,False,False,False,False,False,False,"[""clipart__clip_pc1_middle|painting__clip_pc1_middle|real__clip_pc1_low"", ""clipart__clip_pc1_middle|painting__clip_pc1_middle|real__clip_pc1_middle""]","[""clipart__clip_pc1_high|clipart__clip_pc1_low|painting__clip_pc1_middle"", ""clipart__clip_pc1_high|painting__clip_pc1_middle|real__clip_pc1_low"", ""clipart__clip_pc1_low|clipart__clip_pc1_middle|painting__clip_pc1_middle""]",clipart__clip_pc1_high|clipart__clip_pc1_low|painting__clip_pc1_middle,clipart__clip_pc1_high|clipart__clip_pc1_low|painting__clip_pc1_middle
new_seeds,dinov2_b14,20260920,sketch,logistic,nll,25,9,41,0.21951219512195122,2,6,1,5,1.0,5.0,0.0,0,1,True,True,False,True,False,False,False,False,False,False,"[""clipart__clip_pc1_middle|real__clip_pc1_high|real__clip_pc1_low""]","[""clipart__clip_pc1_high|clipart__clip_pc1_low|painting__clip_pc1_middle"", ""clipart__clip_pc1_high|clipart__clip_pc1_middle|painting__clip_pc1_high"", ""clipart__clip_pc1_high|clipart__clip_pc1_middle|painting__clip_pc1_middle"", ""clipart__clip_pc1_low|clipart__clip_pc1_middle|painting__clip_pc1_high"", ""clipart__clip_pc1_low|clipart__clip_pc1_middle|painting__clip_pc1_middle""]",clipart__clip_pc1_high|clipart__clip_pc1_low|painting__clip_pc1_middle,clipart__clip_pc1_high|clipart__clip_pc1_low|painting__clip_pc1_middle
new_seeds,dinov2_b14,20260920,sketch,logistic,nll,50,31,69,0.4492753623188406,1,4,1,4,1.0,4.0,0.0,0,1,True,True,False,False,False,False,False,False,False,False,"[""clipart__clip_pc1_middle|real__clip_pc1_high|real__clip_pc1_low""]","[""clipart__clip_pc1_high|clipart__clip_pc1_middle|painting__clip_pc1_high"", ""clipart__clip_pc1_high|clipart__clip_pc1_middle|painting__clip_pc1_middle"", ""clipart__clip_pc1_high|clipart__clip_pc1_middle|real__clip_pc1_high"", ""clipart__clip_pc1_low|clipart__clip_pc1_middle|painting__clip_pc1_high""]",clipart__clip_pc1_high|clipart__clip_pc1_low|painting__clip_pc1_middle,clipart__clip_pc1_high|clipart__clip_pc1_low|painting__clip_pc1_middle
new_seeds,dinov2_b14,20260920,sketch,logistic,nll,100,74,126,0.5873015873015873,0,1,0,1,0.0,1.0,0.0,0,1,False,True,False,False,False,False,False,False,False,False,[],"[""clipart__clip_pc1_high|clipart__clip_pc1_middle|painting__clip_pc1_high""]",clipart__clip_pc1_high|clipart__clip_pc1_low|painting__clip_pc1_middle,clipart__clip_pc1_high|clipart__clip_pc1_low|painting__clip_pc1_middle
new_seeds,dinov2_b14,20260920,sketch,logistic,nll,227,207,247,0.8380566801619433,0,0,0,0,0.0,0.0,0.0,0,1,False,False,False,False,False,False,False,False,False,False,[],[],clipart__clip_pc1_high|clipart__clip_pc1_low|painting__clip_pc1_middle,clipart__clip_pc1_high|clipart__clip_pc1_low|painting__clip_pc1_middle
new_seeds,dinov2_b14,20260920,sketch,logistic,error_rate,10,1,19,0.05263157894736842,8,8,2,2,2.0,2.0,0.017578125,2,1,True,True,True,False,True,True,False,False,False,True,"[""clipart__clip_pc1_middle|painting__clip_pc1_middle|real__clip_pc1_low"", ""clipart__clip_pc1_middle|painting__clip_pc1_middle|real__clip_pc1_middle""]","[""clipart__clip_pc1_high|clipart__clip_pc1_low|painting__clip_pc1_middle"", ""clipart__clip_pc1_high|painting__clip_pc1_middle|real__clip_pc1_low""]",clipart__clip_pc1_high|clipart__clip_pc1_low|painting__clip_pc1_middle,clipart__clip_pc1_middle|painting__clip_pc1_middle|real__clip_pc1_middle
new_seeds,dinov2_b14,20260920,sketch,logistic,error_rate,25,9,41,0.21951219512195122,4,5,1,2,1.0,2.0,0.0,0,1,True,True,False,False,False,False,False,False,False,False,"[""clipart__clip_pc1_middle|real__clip_pc1_high|real__clip_pc1_low""]","[""clipart__clip_pc1_high|clipart__clip_pc1_low|painting__clip_pc1_middle"", ""clipart__clip_pc1_high|clipart__clip_pc1_middle|painting__clip_pc1_middle""]",clipart__clip_pc1_middle|painting__clip_pc1_middle|real__clip_pc1_middle,clipart__clip_pc1_middle|painting__clip_pc1_middle|real__clip_pc1_middle
new_seeds,dinov2_b14,20260920,sketch,logistic,error_rate,50,31,69,0.4492753623188406,1,3,1,3,1.0,3.0,0.0,0,1,True,True,False,False,False,False,False,False,False,False,"[""clipart__clip_pc1_middle|real__clip_pc1_high|real__clip_pc1_low""]","[""clipart__clip_pc1_high|clipart__clip_pc1_low|real__clip_pc1_high"", ""clipart__clip_pc1_high|clipart__clip_pc1_middle|painting__clip_pc1_middle"", ""clipart__clip_pc1_high|clipart__clip_pc1_middle|real__clip_pc1_high""]",clipart__clip_pc1_middle|painting__clip_pc1_middle|real__clip_pc1_middle,clipart__clip_pc1_middle|painting__clip_pc1_middle|real__clip_pc1_middle
new_seeds,dinov2_b14,20260920,sketch,logistic,error_rate,100,74,126,0.5873015873015873,0,0,0,0,0.0,0.0,0.0,0,1,False,False,False,False,False,False,False,False,False,False,[],[],clipart__clip_pc1_middle|painting__clip_pc1_middle|real__clip_pc1_middle,clipart__clip_pc1_middle|painting__clip_pc1_middle|real__clip_pc1_middle
new_seeds,dinov2_b14,20260920,sketch,logistic,error_rate,227,207,247,0.8380566801619433,0,0,0,0,0.0,0.0,0.0,0,1,False,False,False,False,False,False,False,False,False,False,[],[],clipart__clip_pc1_middle|painting__clip_pc1_middle|real__clip_pc1_middle,clipart__clip_pc1_middle|painting__clip_pc1_middle|real__clip_pc1_middle
