encoder,source,source_domain,adapter_seed,target,validation_accuracy,test_accuracy,source_samples,steps,width,batch_size,ridge,training_seconds,evaluation_seconds,device
resnet50,bloodmnist,medical,0,beans,0.8653846979141235,0.8671875,500,600,256,128,0.01,1.9197139143943787,0.16066769696772099,npu:6
resnet50,bloodmnist,medical,0,dtd,0.6196808815002441,0.6154254674911499,500,600,256,128,0.01,1.9197139143943787,0.06691290065646172,npu:6
resnet50,bloodmnist,medical,0,eurosat,0.9115307331085205,0.9129629731178284,500,600,256,128,0.01,1.9197139143943787,0.030420389026403427,npu:6
resnet50,bloodmnist,medical,0,flowers102,0.5882353782653809,0.6649999618530273,500,600,256,128,0.01,1.9197139143943787,0.037005333229899406,npu:6
resnet50,bloodmnist,medical,0,food101,0.39801982045173645,0.42739999294281006,500,600,256,128,0.01,1.9197139143943787,0.03044094890356064,npu:6
resnet50,bloodmnist,medical,0,gtsrb,0.6755162477493286,0.5784000158309937,500,600,256,128,0.01,1.9197139143943787,0.028249159455299377,npu:6
resnet50,bloodmnist,medical,0,oxford_pets,0.8985114097595215,0.8778958320617676,500,600,256,128,0.01,1.9197139143943787,0.027095355093479156,npu:6
resnet50,bloodmnist,medical,1,beans,0.7932692766189575,0.8671875,500,600,256,128,0.01,1.1804415117949247,0.0156781654804945,npu:6
resnet50,bloodmnist,medical,1,dtd,0.6409574747085571,0.6186169385910034,500,600,256,128,0.01,1.1804415117949247,0.023030180484056473,npu:6
resnet50,bloodmnist,medical,1,eurosat,0.8916500806808472,0.9044444561004639,500,600,256,128,0.01,1.1804415117949247,0.021436657756567,npu:6
resnet50,bloodmnist,medical,1,flowers102,0.617647111415863,0.6803999543190002,500,600,256,128,0.01,1.1804415117949247,0.01848796382546425,npu:6
resnet50,bloodmnist,medical,1,food101,0.4099010229110718,0.4381999969482422,500,600,256,128,0.01,1.1804415117949247,0.025179490447044373,npu:6
resnet50,bloodmnist,medical,1,gtsrb,0.6460177302360535,0.5767999887466431,500,600,256,128,0.01,1.1804415117949247,0.0227071400731802,npu:6
resnet50,bloodmnist,medical,1,oxford_pets,0.9066305160522461,0.87953120470047,500,600,256,128,0.01,1.1804415117949247,0.018156904727220535,npu:6
resnet50,bloodmnist,medical,2,beans,0.822115421295166,0.890625,500,600,256,128,0.01,1.1563073061406612,0.015355454757809639,npu:6
resnet50,bloodmnist,medical,2,dtd,0.6103724241256714,0.6164893507957458,500,600,256,128,0.01,1.1563073061406612,0.01888485811650753,npu:6
resnet50,bloodmnist,medical,2,eurosat,0.9005963802337646,0.9044444561004639,500,600,256,128,0.01,1.1563073061406612,0.020677052438259125,npu:6
resnet50,bloodmnist,medical,2,flowers102,0.6127451658248901,0.6789999604225159,500,600,256,128,0.01,1.1563073061406612,0.017706813290715218,npu:6
resnet50,bloodmnist,medical,2,food101,0.39603960514068604,0.43039998412132263,500,600,256,128,0.01,1.1563073061406612,0.02225157991051674,npu:6
resnet50,bloodmnist,medical,2,gtsrb,0.6705998182296753,0.58160001039505,500,600,256,128,0.01,1.1563073061406612,0.020616834983229637,npu:6
resnet50,bloodmnist,medical,2,oxford_pets,0.8958051204681396,0.8871626853942871,500,600,256,128,0.01,1.1563073061406612,0.019642509520053864,npu:6
resnet50,bloodmnist,medical,3,beans,0.8365384936332703,0.8984375,500,600,256,128,0.01,1.206012224778533,0.016626300290226936,npu:6
resnet50,bloodmnist,medical,3,dtd,0.6436170339584351,0.6244680881500244,500,600,256,128,0.01,1.206012224778533,0.019548071548342705,npu:6
resnet50,bloodmnist,medical,3,eurosat,0.8986082673072815,0.9048148393630981,500,600,256,128,0.01,1.206012224778533,0.020981715992093086,npu:6
resnet50,bloodmnist,medical,3,flowers102,0.6421569585800171,0.6669999361038208,500,600,256,128,0.01,1.206012224778533,0.019252687692642212,npu:6
resnet50,bloodmnist,medical,3,food101,0.3841584324836731,0.4368000030517578,500,600,256,128,0.01,1.206012224778533,0.023640504106879234,npu:6
resnet50,bloodmnist,medical,3,gtsrb,0.6853491067886353,0.5861999988555908,500,600,256,128,0.01,1.206012224778533,0.022082630544900894,npu:6
resnet50,bloodmnist,medical,3,oxford_pets,0.8863328099250793,0.8822567462921143,500,600,256,128,0.01,1.206012224778533,0.018007615581154823,npu:6
resnet50,bloodmnist,medical,4,beans,0.8557692766189575,0.8359375,500,600,256,128,0.01,1.2192643620073795,0.01485949195921421,npu:6
resnet50,bloodmnist,medical,4,dtd,0.6196808815002441,0.6191489100456238,500,600,256,128,0.01,1.2192643620073795,0.01914592832326889,npu:6
resnet50,bloodmnist,medical,4,eurosat,0.9035784602165222,0.9099999666213989,500,600,256,128,0.01,1.2192643620073795,0.019536059349775314,npu:6
resnet50,bloodmnist,medical,4,flowers102,0.6225490570068359,0.6661999225616455,500,600,256,128,0.01,1.2192643620073795,0.0189595278352499,npu:6
resnet50,bloodmnist,medical,4,food101,0.3772277235984802,0.43699997663497925,500,600,256,128,0.01,1.2192643620073795,0.022733593359589577,npu:6
resnet50,bloodmnist,medical,4,gtsrb,0.656833827495575,0.5712000131607056,500,600,256,128,0.01,1.2192643620073795,0.022931192070245743,npu:6
resnet50,bloodmnist,medical,4,oxford_pets,0.8998645544052124,0.8773507475852966,500,600,256,128,0.01,1.2192643620073795,0.021803008392453194,npu:6
resnet50,breastmnist,medical,0,beans,0.826923131942749,0.8828125,500,600,256,128,0.01,1.2482172660529613,0.015326492488384247,npu:6
resnet50,breastmnist,medical,0,dtd,0.6103723645210266,0.6069148778915405,500,600,256,128,0.01,1.2482172660529613,0.017756113782525063,npu:6
resnet50,breastmnist,medical,0,eurosat,0.8916499614715576,0.9029629826545715,500,600,256,128,0.01,1.2482172660529613,0.018729738891124725,npu:6
resnet50,breastmnist,medical,0,flowers102,0.6372549533843994,0.6521999835968018,500,600,256,128,0.01,1.2482172660529613,0.0182289257645607,npu:6
resnet50,breastmnist,medical,0,food101,0.3990098834037781,0.420199990272522,500,600,256,128,0.01,1.2482172660529613,0.021432975307106972,npu:6
resnet50,breastmnist,medical,0,gtsrb,0.6814159750938416,0.5851999521255493,500,600,256,128,0.01,1.2482172660529613,0.020778296515345573,npu:6
resnet50,breastmnist,medical,0,oxford_pets,0.9066305160522461,0.8798037767410278,500,600,256,128,0.01,1.2482172660529613,0.01829591579735279,npu:6
resnet50,breastmnist,medical,1,beans,0.8750001192092896,0.8359375,500,600,256,128,0.01,1.2123392801731825,0.015072651207447052,npu:6
resnet50,breastmnist,medical,1,dtd,0.6143617033958435,0.6196808218955994,500,600,256,128,0.01,1.2123392801731825,0.01922811008989811,npu:6
resnet50,breastmnist,medical,1,eurosat,0.8876738548278809,0.9051852226257324,500,600,256,128,0.01,1.2123392801731825,0.019449381157755852,npu:6
resnet50,breastmnist,medical,1,flowers102,0.6127451658248901,0.6647999286651611,500,600,256,128,0.01,1.2123392801731825,0.018979761749505997,npu:6
resnet50,breastmnist,medical,1,food101,0.4039604067802429,0.42559999227523804,500,600,256,128,0.01,1.2123392801731825,0.022020500153303146,npu:6
resnet50,breastmnist,medical,1,gtsrb,0.6666666865348816,0.5779999494552612,500,600,256,128,0.01,1.2123392801731825,0.021427098661661148,npu:6
resnet50,breastmnist,medical,1,oxford_pets,0.9066305160522461,0.888252854347229,500,600,256,128,0.01,1.2123392801731825,0.018924718722701073,npu:6
resnet50,breastmnist,medical,2,beans,0.8557692766189575,0.8671875,500,600,256,128,0.01,1.2329220902174711,0.022350260987877846,npu:6
resnet50,breastmnist,medical,2,dtd,0.6143617630004883,0.6026595830917358,500,600,256,128,0.01,1.2329220902174711,0.024847889319062233,npu:6
resnet50,breastmnist,medical,2,eurosat,0.8906559944152832,0.9059259295463562,500,600,256,128,0.01,1.2329220902174711,0.02489100769162178,npu:6
resnet50,breastmnist,medical,2,flowers102,0.6421568989753723,0.6675999760627747,500,600,256,128,0.01,1.2329220902174711,0.024486757814884186,npu:6
resnet50,breastmnist,medical,2,food101,0.4128713011741638,0.423799991607666,500,600,256,128,0.01,1.2329220902174711,0.027124416083097458,npu:6
resnet50,breastmnist,medical,2,gtsrb,0.6735496520996094,0.5729999542236328,500,600,256,128,0.01,1.2329220902174711,0.02625812590122223,npu:6
resnet50,breastmnist,medical,2,oxford_pets,0.8998646140098572,0.8836194276809692,500,600,256,128,0.01,1.2329220902174711,0.02636430598795414,npu:6
resnet50,breastmnist,medical,3,beans,0.8750001192092896,0.8671875,500,600,256,128,0.01,1.2333900723606348,0.0282429326325655,npu:6
resnet50,breastmnist,medical,3,dtd,0.6316490173339844,0.6186169981956482,500,600,256,128,0.01,1.2333900723606348,0.02709604799747467,npu:6
resnet50,breastmnist,medical,3,eurosat,0.902584433555603,0.9014814496040344,500,600,256,128,0.01,1.2333900723606348,0.03221799619495869,npu:6
resnet50,breastmnist,medical,3,flowers102,0.5980392694473267,0.6613999605178833,500,600,256,128,0.01,1.2333900723606348,0.024178605526685715,npu:6
resnet50,breastmnist,medical,3,food101,0.4108911156654358,0.4351999759674072,500,600,256,128,0.01,1.2333900723606348,0.026190752163529396,npu:6
resnet50,breastmnist,medical,3,gtsrb,0.6804326772689819,0.6055999994277954,500,600,256,128,0.01,1.2333900723606348,0.03365366905927658,npu:6
resnet50,breastmnist,medical,3,oxford_pets,0.9052773118019104,0.8866176009178162,500,600,256,128,0.01,1.2333900723606348,0.023112762719392776,npu:6
resnet50,breastmnist,medical,4,beans,0.8846154808998108,0.921875,500,600,256,128,0.01,1.2104190532118082,0.017685653641819954,npu:6
resnet50,breastmnist,medical,4,dtd,0.6050532460212708,0.6047872304916382,500,600,256,128,0.01,1.2104190532118082,0.019374508410692215,npu:6
resnet50,breastmnist,medical,4,eurosat,0.9135187864303589,0.9018518328666687,500,600,256,128,0.01,1.2104190532118082,0.021429717540740967,npu:6
resnet50,breastmnist,medical,4,flowers102,0.6813726425170898,0.6665999889373779,500,600,256,128,0.01,1.2104190532118082,0.020082810893654823,npu:6
resnet50,breastmnist,medical,4,food101,0.39900991320610046,0.43879997730255127,500,600,256,128,0.01,1.2104190532118082,0.02309287339448929,npu:6
resnet50,breastmnist,medical,4,gtsrb,0.6794494390487671,0.5929999351501465,500,600,256,128,0.01,1.2104190532118082,0.020752374082803726,npu:6
resnet50,breastmnist,medical,4,oxford_pets,0.9012178182601929,0.8868901133537292,500,600,256,128,0.01,1.2104190532118082,0.019105710089206696,npu:6
resnet50,cifar10,general_vision,0,beans,0.846153974533081,0.8828125,500,600,256,128,0.01,1.2822067774832249,0.020810693502426147,npu:6
resnet50,cifar10,general_vision,0,dtd,0.6276596188545227,0.6138297915458679,500,600,256,128,0.01,1.2822067774832249,0.019665231928229332,npu:6
resnet50,cifar10,general_vision,0,eurosat,0.8976142406463623,0.9007407426834106,500,600,256,128,0.01,1.2822067774832249,0.020352372899651527,npu:6
resnet50,cifar10,general_vision,0,flowers102,0.6519608497619629,0.6869999766349792,500,600,256,128,0.01,1.2822067774832249,0.020195983350276947,npu:6
resnet50,cifar10,general_vision,0,food101,0.4188118875026703,0.4449999928474426,500,600,256,128,0.01,1.2822067774832249,0.022954102605581284,npu:6
resnet50,cifar10,general_vision,0,gtsrb,0.6715830564498901,0.5613999366760254,500,600,256,128,0.01,1.2822067774832249,0.021920327097177505,npu:6
resnet50,cifar10,general_vision,0,oxford_pets,0.9066305160522461,0.8863450288772583,500,600,256,128,0.01,1.2822067774832249,0.018477825447916985,npu:6
resnet50,cifar10,general_vision,1,beans,0.8653846979141235,0.875,500,600,256,128,0.01,1.2524512819945812,0.016608597710728645,npu:6
resnet50,cifar10,general_vision,1,dtd,0.6422872543334961,0.6292552947998047,500,600,256,128,0.01,1.2524512819945812,0.02089790627360344,npu:6
resnet50,cifar10,general_vision,1,eurosat,0.902584433555603,0.9011111259460449,500,600,256,128,0.01,1.2524512819945812,0.020722631365060806,npu:6
resnet50,cifar10,general_vision,1,flowers102,0.6519608497619629,0.6818000078201294,500,600,256,128,0.01,1.2524512819945812,0.021937858313322067,npu:6
resnet50,cifar10,general_vision,1,food101,0.40693068504333496,0.45619997382164,500,600,256,128,0.01,1.2524512819945812,0.023455483838915825,npu:6
resnet50,cifar10,general_vision,1,gtsrb,0.6764995455741882,0.5801999568939209,500,600,256,128,0.01,1.2524512819945812,0.022813983261585236,npu:6
resnet50,cifar10,general_vision,1,oxford_pets,0.9066305160522461,0.8887979984283447,500,600,256,128,0.01,1.2524512819945812,0.019626298919320107,npu:6
resnet50,cifar10,general_vision,2,beans,0.8750000596046448,0.90625,500,600,256,128,0.01,1.2287813238799572,0.015758447349071503,npu:6
resnet50,cifar10,general_vision,2,dtd,0.626329779624939,0.6361702084541321,500,600,256,128,0.01,1.2287813238799572,0.019093848764896393,npu:6
resnet50,cifar10,general_vision,2,eurosat,0.8926440477371216,0.8959259390830994,500,600,256,128,0.01,1.2287813238799572,0.020512325689196587,npu:6
resnet50,cifar10,general_vision,2,flowers102,0.6519608497619629,0.6843999624252319,500,600,256,128,0.01,1.2287813238799572,0.020692935213446617,npu:6
resnet50,cifar10,general_vision,2,food101,0.39009904861450195,0.4490000009536743,500,600,256,128,0.01,1.2287813238799572,0.023819807916879654,npu:6
resnet50,cifar10,general_vision,2,gtsrb,0.6902655363082886,0.5848000049591064,500,600,256,128,0.01,1.2287813238799572,0.025181660428643227,npu:6
resnet50,cifar10,general_vision,2,oxford_pets,0.907983660697937,0.8912509679794312,500,600,256,128,0.01,1.2287813238799572,0.020611245185136795,npu:6
resnet50,cifar10,general_vision,3,beans,0.8557692766189575,0.8828125,500,600,256,128,0.01,1.24249910376966,0.018415547907352448,npu:6
resnet50,cifar10,general_vision,3,dtd,0.6289894580841064,0.6335106492042542,500,600,256,128,0.01,1.24249910376966,0.020276343449950218,npu:6
resnet50,cifar10,general_vision,3,eurosat,0.8946321606636047,0.8962963223457336,500,600,256,128,0.01,1.24249910376966,0.019773412495851517,npu:6
resnet50,cifar10,general_vision,3,flowers102,0.6323530673980713,0.6741999387741089,500,600,256,128,0.01,1.24249910376966,0.020009580999612808,npu:6
resnet50,cifar10,general_vision,3,food101,0.4108911156654358,0.451200008392334,500,600,256,128,0.01,1.24249910376966,0.021781688556075096,npu:6
resnet50,cifar10,general_vision,3,gtsrb,0.6745328903198242,0.584399938583374,500,600,256,128,0.01,1.24249910376966,0.021356718614697456,npu:6
resnet50,cifar10,general_vision,3,oxford_pets,0.8998645544052124,0.8898881673812866,500,600,256,128,0.01,1.24249910376966,0.019359739497303963,npu:6
resnet50,cifar10,general_vision,4,beans,0.8750001192092896,0.8828125,500,600,256,128,0.01,1.2479238361120224,0.01677521876990795,npu:6
resnet50,cifar10,general_vision,4,dtd,0.6582447290420532,0.6255319118499756,500,600,256,128,0.01,1.2479238361120224,0.0189997386187315,npu:6
resnet50,cifar10,general_vision,4,eurosat,0.903578519821167,0.9029629826545715,500,600,256,128,0.01,1.2479238361120224,0.031947074458003044,npu:6
resnet50,cifar10,general_vision,4,flowers102,0.64705890417099,0.6840000152587891,500,600,256,128,0.01,1.2479238361120224,0.021187705919146538,npu:6
resnet50,cifar10,general_vision,4,food101,0.4128713011741638,0.4509999752044678,500,600,256,128,0.01,1.2479238361120224,0.023870564997196198,npu:6
resnet50,cifar10,general_vision,4,gtsrb,0.6558505296707153,0.5595999956130981,500,600,256,128,0.01,1.2479238361120224,0.022830942645668983,npu:6
resnet50,cifar10,general_vision,4,oxford_pets,0.8971582651138306,0.8866175413131714,500,600,256,128,0.01,1.2479238361120224,0.020112743601202965,npu:6
resnet50,cifar100,general_vision,0,beans,0.8509616255760193,0.8828125,500,600,256,128,0.01,1.2264500092715025,0.016688689589500427,npu:6
resnet50,cifar100,general_vision,0,dtd,0.6422872543334961,0.6420212388038635,500,600,256,128,0.01,1.2264500092715025,0.020368723198771477,npu:6
resnet50,cifar100,general_vision,0,eurosat,0.9145128726959229,0.9118518829345703,500,600,256,128,0.01,1.2264500092715025,0.020880654454231262,npu:6
resnet50,cifar100,general_vision,0,flowers102,0.6127451658248901,0.6845999956130981,500,600,256,128,0.01,1.2264500092715025,0.017521291971206665,npu:6
resnet50,cifar100,general_vision,0,food101,0.4099010229110718,0.44259998202323914,500,600,256,128,0.01,1.2264500092715025,0.022637231275439262,npu:6
resnet50,cifar100,general_vision,0,gtsrb,0.6715831160545349,0.5885999202728271,500,600,256,128,0.01,1.2264500092715025,0.023808466270565987,npu:6
resnet50,cifar100,general_vision,0,oxford_pets,0.9066305160522461,0.8953392505645752,500,600,256,128,0.01,1.2264500092715025,0.020884964615106583,npu:6
resnet50,cifar100,general_vision,1,beans,0.8605769872665405,0.875,500,600,256,128,0.01,1.2139449641108513,0.01570623554289341,npu:6
resnet50,cifar100,general_vision,1,dtd,0.6223404407501221,0.6420212388038635,500,600,256,128,0.01,1.2139449641108513,0.01822352409362793,npu:6
resnet50,cifar100,general_vision,1,eurosat,0.8916500806808472,0.9092592597007751,500,600,256,128,0.01,1.2139449641108513,0.020702751353383064,npu:6
resnet50,cifar100,general_vision,1,flowers102,0.6421569585800171,0.6967999935150146,500,600,256,128,0.01,1.2139449641108513,0.01881863921880722,npu:6
resnet50,cifar100,general_vision,1,food101,0.4287129044532776,0.4537999629974365,500,600,256,128,0.01,1.2139449641108513,0.024411775171756744,npu:6
resnet50,cifar100,general_vision,1,gtsrb,0.6696165204048157,0.5892000198364258,500,600,256,128,0.01,1.2139449641108513,0.021315377205610275,npu:6
resnet50,cifar100,general_vision,1,oxford_pets,0.9025709629058838,0.891523540019989,500,600,256,128,0.01,1.2139449641108513,0.02027789130806923,npu:6
resnet50,cifar100,general_vision,2,beans,0.8894231915473938,0.8984375,500,600,256,128,0.01,1.2225797735154629,0.015606723725795746,npu:6
resnet50,cifar100,general_vision,2,dtd,0.6502659916877747,0.6441489458084106,500,600,256,128,0.01,1.2225797735154629,0.01940649002790451,npu:6
resnet50,cifar100,general_vision,2,eurosat,0.907554566860199,0.9048148393630981,500,600,256,128,0.01,1.2225797735154629,0.020588533952832222,npu:6
resnet50,cifar100,general_vision,2,flowers102,0.6666667461395264,0.6833999752998352,500,600,256,128,0.01,1.2225797735154629,0.01938566006720066,npu:6
resnet50,cifar100,general_vision,2,food101,0.41584160923957825,0.44859999418258667,500,600,256,128,0.01,1.2225797735154629,0.042414942756295204,npu:6
resnet50,cifar100,general_vision,2,gtsrb,0.6588004231452942,0.568399965763092,500,600,256,128,0.01,1.2225797735154629,0.02270900271832943,npu:6
resnet50,cifar100,general_vision,2,oxford_pets,0.9093368649482727,0.896156907081604,500,600,256,128,0.01,1.2225797735154629,0.018806105479598045,npu:6
resnet50,cifar100,general_vision,3,beans,0.836538553237915,0.84375,500,600,256,128,0.01,1.2211436703801155,0.015470186248421669,npu:6
resnet50,cifar100,general_vision,3,dtd,0.647606372833252,0.6308510303497314,500,600,256,128,0.01,1.2211436703801155,0.01996316947042942,npu:6
resnet50,cifar100,general_vision,3,eurosat,0.9035784602165222,0.9029629826545715,500,600,256,128,0.01,1.2211436703801155,0.02100524678826332,npu:6
resnet50,cifar100,general_vision,3,flowers102,0.617647111415863,0.696399986743927,500,600,256,128,0.01,1.2211436703801155,0.020880315452814102,npu:6
resnet50,cifar100,general_vision,3,food101,0.4118812084197998,0.44899997115135193,500,600,256,128,0.01,1.2211436703801155,0.02239328995347023,npu:6
resnet50,cifar100,general_vision,3,gtsrb,0.6725664138793945,0.592199981212616,500,600,256,128,0.01,1.2211436703801155,0.023213962092995644,npu:6
resnet50,cifar100,general_vision,3,oxford_pets,0.907983660697937,0.89533931016922,500,600,256,128,0.01,1.2211436703801155,0.020239921286702156,npu:6
resnet50,cifar100,general_vision,4,beans,0.8557692766189575,0.921875,500,600,256,128,0.01,1.1899100486189127,0.019047848880290985,npu:6
resnet50,cifar100,general_vision,4,dtd,0.625,0.6398935317993164,500,600,256,128,0.01,1.1899100486189127,0.021013377234339714,npu:6
resnet50,cifar100,general_vision,4,eurosat,0.9184889793395996,0.9018518328666687,500,600,256,128,0.01,1.1899100486189127,0.02245648019015789,npu:6
resnet50,cifar100,general_vision,4,flowers102,0.64705890417099,0.6949999332427979,500,600,256,128,0.01,1.1899100486189127,0.01925312913954258,npu:6
resnet50,cifar100,general_vision,4,food101,0.39801979064941406,0.4440000057220459,500,600,256,128,0.01,1.1899100486189127,0.02295832149684429,npu:6
resnet50,cifar100,general_vision,4,gtsrb,0.6853491067886353,0.5795999765396118,500,600,256,128,0.01,1.1899100486189127,0.023441243916749954,npu:6
resnet50,cifar100,general_vision,4,oxford_pets,0.9106900691986084,0.8928862810134888,500,600,256,128,0.01,1.1899100486189127,0.02048320509493351,npu:6
resnet50,cifar100_coarse,general_vision,0,beans,0.8461539149284363,0.875,500,600,256,128,0.01,1.2643720638006926,0.017117053270339966,npu:6
resnet50,cifar100_coarse,general_vision,0,dtd,0.6396276950836182,0.6223404407501221,500,600,256,128,0.01,1.2643720638006926,0.019447648897767067,npu:6
resnet50,cifar100_coarse,general_vision,0,eurosat,0.9035784602165222,0.9040740728378296,500,600,256,128,0.01,1.2643720638006926,0.020684754475951195,npu:6
resnet50,cifar100_coarse,general_vision,0,flowers102,0.6127451658248901,0.6901999711990356,500,600,256,128,0.01,1.2643720638006926,0.019786691293120384,npu:6
resnet50,cifar100_coarse,general_vision,0,food101,0.40891093015670776,0.4391999840736389,500,600,256,128,0.01,1.2643720638006926,0.022856460884213448,npu:6
resnet50,cifar100_coarse,general_vision,0,gtsrb,0.6499508619308472,0.5758000016212463,500,600,256,128,0.01,1.2643720638006926,0.023613424971699715,npu:6
resnet50,cifar100_coarse,general_vision,0,oxford_pets,0.9106900691986084,0.8887979984283447,500,600,256,128,0.01,1.2643720638006926,0.02215578779578209,npu:6
resnet50,cifar100_coarse,general_vision,1,beans,0.8653846383094788,0.9375,500,600,256,128,0.01,1.2199950944632292,0.02006707899272442,npu:6
resnet50,cifar100_coarse,general_vision,1,dtd,0.6396276950836182,0.6308510303497314,500,600,256,128,0.01,1.2199950944632292,0.02113344334065914,npu:6
resnet50,cifar100_coarse,general_vision,1,eurosat,0.9095426797866821,0.911481499671936,500,600,256,128,0.01,1.2199950944632292,0.024342697113752365,npu:6
resnet50,cifar100_coarse,general_vision,1,flowers102,0.6029412150382996,0.6767999529838562,500,600,256,128,0.01,1.2199950944632292,0.023796696215867996,npu:6
resnet50,cifar100_coarse,general_vision,1,food101,0.4009900987148285,0.44359999895095825,500,600,256,128,0.01,1.2199950944632292,0.027842892333865166,npu:6
resnet50,cifar100_coarse,general_vision,1,gtsrb,0.6715831160545349,0.5708000063896179,500,600,256,128,0.01,1.2199950944632292,0.027144456282258034,npu:6
resnet50,cifar100_coarse,general_vision,1,oxford_pets,0.8971582055091858,0.8860724568367004,500,600,256,128,0.01,1.2199950944632292,0.02454366907477379,npu:6
resnet50,cifar100_coarse,general_vision,2,beans,0.8653846979141235,0.8984375,500,600,256,128,0.01,1.2185253873467445,0.017397301271557808,npu:6
resnet50,cifar100_coarse,general_vision,2,dtd,0.6170213222503662,0.6154255270957947,500,600,256,128,0.01,1.2185253873467445,0.01866517774760723,npu:6
resnet50,cifar100_coarse,general_vision,2,eurosat,0.9015904068946838,0.9040740728378296,500,600,256,128,0.01,1.2185253873467445,0.02031412348151207,npu:6
resnet50,cifar100_coarse,general_vision,2,flowers102,0.6225490570068359,0.6749999523162842,500,600,256,128,0.01,1.2185253873467445,0.018955687060952187,npu:6
resnet50,cifar100_coarse,general_vision,2,food101,0.40000003576278687,0.4463999569416046,500,600,256,128,0.01,1.2185253873467445,0.022314032539725304,npu:6
resnet50,cifar100_coarse,general_vision,2,gtsrb,0.6558505296707153,0.5662000179290771,500,600,256,128,0.01,1.2185253873467445,0.02432422712445259,npu:6
resnet50,cifar100_coarse,general_vision,2,oxford_pets,0.9147495627403259,0.884164571762085,500,600,256,128,0.01,1.2185253873467445,0.021941689774394035,npu:6
resnet50,cifar100_coarse,general_vision,3,beans,0.8750001192092896,0.875,500,600,256,128,0.01,1.1908155288547277,0.015224575996398926,npu:6
resnet50,cifar100_coarse,general_vision,3,dtd,0.6316489577293396,0.6255319118499756,500,600,256,128,0.01,1.1908155288547277,0.02006690204143524,npu:6
resnet50,cifar100_coarse,general_vision,3,eurosat,0.8946321606636047,0.8988889455795288,500,600,256,128,0.01,1.1908155288547277,0.021204136312007904,npu:6
resnet50,cifar100_coarse,general_vision,3,flowers102,0.6176470518112183,0.6805999875068665,500,600,256,128,0.01,1.1908155288547277,0.01997395046055317,npu:6
resnet50,cifar100_coarse,general_vision,3,food101,0.394059419631958,0.4411999583244324,500,600,256,128,0.01,1.1908155288547277,0.023442624136805534,npu:6
resnet50,cifar100_coarse,general_vision,3,gtsrb,0.6715831160545349,0.5793999433517456,500,600,256,128,0.01,1.1908155288547277,0.023594945669174194,npu:6
resnet50,cifar100_coarse,general_vision,3,oxford_pets,0.9106900691986084,0.8898882269859314,500,600,256,128,0.01,1.1908155288547277,0.021673638373613358,npu:6
resnet50,cifar100_coarse,general_vision,4,beans,0.8557692766189575,0.859375,500,600,256,128,0.01,1.2683588899672031,0.01750614494085312,npu:6
resnet50,cifar100_coarse,general_vision,4,dtd,0.6436170339584351,0.6335106492042542,500,600,256,128,0.01,1.2683588899672031,0.030843282118439674,npu:6
resnet50,cifar100_coarse,general_vision,4,eurosat,0.8976142406463623,0.9040740728378296,500,600,256,128,0.01,1.2683588899672031,0.020347552374005318,npu:6
resnet50,cifar100_coarse,general_vision,4,flowers102,0.6274510622024536,0.6807999610900879,500,600,256,128,0.01,1.2683588899672031,0.01919781044125557,npu:6
resnet50,cifar100_coarse,general_vision,4,food101,0.39900994300842285,0.4405999779701233,500,600,256,128,0.01,1.2683588899672031,0.022181760519742966,npu:6
resnet50,cifar100_coarse,general_vision,4,gtsrb,0.650934100151062,0.5631999969482422,500,600,256,128,0.01,1.2683588899672031,0.021611208096146584,npu:6
resnet50,cifar100_coarse,general_vision,4,oxford_pets,0.9025709629058838,0.8874351978302002,500,600,256,128,0.01,1.2683588899672031,0.01850956864655018,npu:6
resnet50,dermamnist,medical,0,beans,0.831730842590332,0.8828125,500,600,256,128,0.01,1.2375489063560963,0.014545101672410965,npu:6
resnet50,dermamnist,medical,0,dtd,0.6303191781044006,0.6356382966041565,500,600,256,128,0.01,1.2375489063560963,0.018472984433174133,npu:6
resnet50,dermamnist,medical,0,eurosat,0.9095426797866821,0.9070370197296143,500,600,256,128,0.01,1.2375489063560963,0.024011677131056786,npu:6
resnet50,dermamnist,medical,0,flowers102,0.5882353186607361,0.664199948310852,500,600,256,128,0.01,1.2375489063560963,0.019021429121494293,npu:6
resnet50,dermamnist,medical,0,food101,0.4009901285171509,0.43939995765686035,500,600,256,128,0.01,1.2375489063560963,0.02207733877003193,npu:6
resnet50,dermamnist,medical,0,gtsrb,0.674532949924469,0.5877999067306519,500,600,256,128,0.01,1.2375489063560963,0.022687312215566635,npu:6
resnet50,dermamnist,medical,0,oxford_pets,0.8944518566131592,0.8863450288772583,500,600,256,128,0.01,1.2375489063560963,0.020009391009807587,npu:6
resnet50,dermamnist,medical,1,beans,0.8557693362236023,0.875,500,600,256,128,0.01,1.2250164840370417,0.01616392843425274,npu:6
resnet50,dermamnist,medical,1,dtd,0.6170213222503662,0.6292552947998047,500,600,256,128,0.01,1.2250164840370417,0.02641342394053936,npu:6
resnet50,dermamnist,medical,1,eurosat,0.9105367660522461,0.9077777862548828,500,600,256,128,0.01,1.2250164840370417,0.025765864178538322,npu:6
resnet50,dermamnist,medical,1,flowers102,0.6519608497619629,0.6678000092506409,500,600,256,128,0.01,1.2250164840370417,0.021307945251464844,npu:6
resnet50,dermamnist,medical,1,food101,0.39603960514068604,0.431799978017807,500,600,256,128,0.01,1.2250164840370417,0.025947514921426773,npu:6
resnet50,dermamnist,medical,1,gtsrb,0.6647001504898071,0.5841999650001526,500,600,256,128,0.01,1.2250164840370417,0.023768045008182526,npu:6
resnet50,dermamnist,medical,1,oxford_pets,0.8971582651138306,0.8830744028091431,500,600,256,128,0.01,1.2250164840370417,0.02306845411658287,npu:6
resnet50,dermamnist,medical,2,beans,0.8509615659713745,0.890625,500,600,256,128,0.01,1.2654401399195194,0.015479324385523796,npu:6
resnet50,dermamnist,medical,2,dtd,0.6382979154586792,0.620212733745575,500,600,256,128,0.01,1.2654401399195194,0.02050800435245037,npu:6
resnet50,dermamnist,medical,2,eurosat,0.8986083269119263,0.9103703498840332,500,600,256,128,0.01,1.2654401399195194,0.022924363613128662,npu:6
resnet50,dermamnist,medical,2,flowers102,0.617647111415863,0.6625999808311462,500,600,256,128,0.01,1.2654401399195194,0.020716603845357895,npu:6
resnet50,dermamnist,medical,2,food101,0.4099010229110718,0.4521999657154083,500,600,256,128,0.01,1.2654401399195194,0.022838132455945015,npu:6
resnet50,dermamnist,medical,2,gtsrb,0.6755162477493286,0.5841999650001526,500,600,256,128,0.01,1.2654401399195194,0.021250857040286064,npu:6
resnet50,dermamnist,medical,2,oxford_pets,0.9039241671562195,0.8866175413131714,500,600,256,128,0.01,1.2654401399195194,0.020941825583577156,npu:6
resnet50,dermamnist,medical,3,beans,0.8509615659713745,0.8515625,500,600,256,128,0.01,1.2420882433652878,0.017342165112495422,npu:6
resnet50,dermamnist,medical,3,dtd,0.6436170339584351,0.6329786777496338,500,600,256,128,0.01,1.2420882433652878,0.017696324735879898,npu:6
resnet50,dermamnist,medical,3,eurosat,0.9045724868774414,0.9103703498840332,500,600,256,128,0.01,1.2420882433652878,0.019335057586431503,npu:6
resnet50,dermamnist,medical,3,flowers102,0.6519608497619629,0.6610000133514404,500,600,256,128,0.01,1.2420882433652878,0.01854029670357704,npu:6
resnet50,dermamnist,medical,3,food101,0.39702972769737244,0.4490000009536743,500,600,256,128,0.01,1.2420882433652878,0.0226943027228117,npu:6
resnet50,dermamnist,medical,3,gtsrb,0.6971485018730164,0.5967999696731567,500,600,256,128,0.01,1.2420882433652878,0.021946987137198448,npu:6
resnet50,dermamnist,medical,3,oxford_pets,0.907983660697937,0.8852547407150269,500,600,256,128,0.01,1.2420882433652878,0.020140081644058228,npu:6
resnet50,dermamnist,medical,4,beans,0.8701923489570618,0.859375,500,600,256,128,0.01,1.2715092487633228,0.01801455393433571,npu:6
resnet50,dermamnist,medical,4,dtd,0.6276595592498779,0.631382942199707,500,600,256,128,0.01,1.2715092487633228,0.01893180049955845,npu:6
resnet50,dermamnist,medical,4,eurosat,0.8996022939682007,0.9129629731178284,500,600,256,128,0.01,1.2715092487633228,0.020124223083257675,npu:6
resnet50,dermamnist,medical,4,flowers102,0.6421569585800171,0.6633999943733215,500,600,256,128,0.01,1.2715092487633228,0.019704669713974,npu:6
resnet50,dermamnist,medical,4,food101,0.40792080760002136,0.43959999084472656,500,600,256,128,0.01,1.2715092487633228,0.022546911612153053,npu:6
resnet50,dermamnist,medical,4,gtsrb,0.692232072353363,0.5825999975204468,500,600,256,128,0.01,1.2715092487633228,0.021272195503115654,npu:6
resnet50,dermamnist,medical,4,oxford_pets,0.9012178182601929,0.884164571762085,500,600,256,128,0.01,1.2715092487633228,0.018359987065196037,npu:6
resnet50,fashion_mnist,digits_characters,0,beans,0.8461539149284363,0.859375,500,600,256,128,0.01,1.2467502802610397,0.016109757125377655,npu:6
resnet50,fashion_mnist,digits_characters,0,dtd,0.6436170339584351,0.6303191184997559,500,600,256,128,0.01,1.2467502802610397,0.018375156447291374,npu:6
resnet50,fashion_mnist,digits_characters,0,eurosat,0.8966202139854431,0.9044444561004639,500,600,256,128,0.01,1.2467502802610397,0.01953190006315708,npu:6
resnet50,fashion_mnist,digits_characters,0,flowers102,0.6519608497619629,0.6769999861717224,500,600,256,128,0.01,1.2467502802610397,0.01815415546298027,npu:6
resnet50,fashion_mnist,digits_characters,0,food101,0.4277228116989136,0.43880000710487366,500,600,256,128,0.01,1.2467502802610397,0.023391732946038246,npu:6
resnet50,fashion_mnist,digits_characters,0,gtsrb,0.668633222579956,0.5755999088287354,500,600,256,128,0.01,1.2467502802610397,0.03023959882557392,npu:6
resnet50,fashion_mnist,digits_characters,0,oxford_pets,0.8930987119674683,0.8958843946456909,500,600,256,128,0.01,1.2467502802610397,0.02164800651371479,npu:6
resnet50,fashion_mnist,digits_characters,1,beans,0.8413462042808533,0.8984375,500,600,256,128,0.01,1.254165979102254,0.017970524728298187,npu:6
resnet50,fashion_mnist,digits_characters,1,dtd,0.6289893984794617,0.6207447052001953,500,600,256,128,0.01,1.254165979102254,0.020643524825572968,npu:6
resnet50,fashion_mnist,digits_characters,1,eurosat,0.8976142406463623,0.903333306312561,500,600,256,128,0.01,1.254165979102254,0.02294953353703022,npu:6
resnet50,fashion_mnist,digits_characters,1,flowers102,0.6225490570068359,0.6721999645233154,500,600,256,128,0.01,1.254165979102254,0.021389484405517578,npu:6
resnet50,fashion_mnist,digits_characters,1,food101,0.40000003576278687,0.4413999915122986,500,600,256,128,0.01,1.254165979102254,0.02647002600133419,npu:6
resnet50,fashion_mnist,digits_characters,1,gtsrb,0.6627335548400879,0.5825999975204468,500,600,256,128,0.01,1.254165979102254,0.024433888494968414,npu:6
resnet50,fashion_mnist,digits_characters,1,oxford_pets,0.9079837203025818,0.8904333114624023,500,600,256,128,0.01,1.254165979102254,0.022491849958896637,npu:6
resnet50,fashion_mnist,digits_characters,2,beans,0.879807710647583,0.8828125,500,600,256,128,0.01,1.2179941181093454,0.01689663901925087,npu:6
resnet50,fashion_mnist,digits_characters,2,dtd,0.6223404407501221,0.6260638236999512,500,600,256,128,0.01,1.2179941181093454,0.020277835428714752,npu:6
resnet50,fashion_mnist,digits_characters,2,eurosat,0.8996022939682007,0.9096296429634094,500,600,256,128,0.01,1.2179941181093454,0.022180039435625076,npu:6
resnet50,fashion_mnist,digits_characters,2,flowers102,0.64705890417099,0.668999969959259,500,600,256,128,0.01,1.2179941181093454,0.01833500526845455,npu:6
resnet50,fashion_mnist,digits_characters,2,food101,0.41485148668289185,0.44019997119903564,500,600,256,128,0.01,1.2179941181093454,0.023368561640381813,npu:6
resnet50,fashion_mnist,digits_characters,2,gtsrb,0.6696165800094604,0.5835999846458435,500,600,256,128,0.01,1.2179941181093454,0.02245509997010231,npu:6
resnet50,fashion_mnist,digits_characters,2,oxford_pets,0.907983660697937,0.8915234804153442,500,600,256,128,0.01,1.2179941181093454,0.02874705381691456,npu:6
resnet50,fashion_mnist,digits_characters,3,beans,0.8798077702522278,0.8359375,500,600,256,128,0.01,1.220871539786458,0.019876420497894287,npu:6
resnet50,fashion_mnist,digits_characters,3,dtd,0.6356383562088013,0.6255318522453308,500,600,256,128,0.01,1.220871539786458,0.025035712867975235,npu:6
resnet50,fashion_mnist,digits_characters,3,eurosat,0.8966202139854431,0.8959258794784546,500,600,256,128,0.01,1.220871539786458,0.02027275413274765,npu:6
resnet50,fashion_mnist,digits_characters,3,flowers102,0.6323530077934265,0.6697999835014343,500,600,256,128,0.01,1.220871539786458,0.020632363855838776,npu:6
resnet50,fashion_mnist,digits_characters,3,food101,0.4108911156654358,0.4389999806880951,500,600,256,128,0.01,1.220871539786458,0.02459014765918255,npu:6
resnet50,fashion_mnist,digits_characters,3,gtsrb,0.6922321319580078,0.5785999298095703,500,600,256,128,0.01,1.220871539786458,0.0243159681558609,npu:6
resnet50,fashion_mnist,digits_characters,3,oxford_pets,0.9012178182601929,0.8849822282791138,500,600,256,128,0.01,1.220871539786458,0.021005084738135338,npu:6
resnet50,fashion_mnist,digits_characters,4,beans,0.8365384936332703,0.9375,500,600,256,128,0.01,1.2681228443980217,0.01778426393866539,npu:6
resnet50,fashion_mnist,digits_characters,4,dtd,0.6382979154586792,0.6271276473999023,500,600,256,128,0.01,1.2681228443980217,0.019282281398773193,npu:6
resnet50,fashion_mnist,digits_characters,4,eurosat,0.8916500210762024,0.9103703498840332,500,600,256,128,0.01,1.2681228443980217,0.02044602483510971,npu:6
resnet50,fashion_mnist,digits_characters,4,flowers102,0.6274510622024536,0.6735999584197998,500,600,256,128,0.01,1.2681228443980217,0.019662510603666306,npu:6
resnet50,fashion_mnist,digits_characters,4,food101,0.4039604067802429,0.4505999684333801,500,600,256,128,0.01,1.2681228443980217,0.022517099976539612,npu:6
resnet50,fashion_mnist,digits_characters,4,gtsrb,0.674532949924469,0.5655999183654785,500,600,256,128,0.01,1.2681228443980217,0.023107673972845078,npu:6
resnet50,fashion_mnist,digits_characters,4,oxford_pets,0.9012177586555481,0.8917961120605469,500,600,256,128,0.01,1.2681228443980217,0.019894080236554146,npu:6
resnet50,mnist,digits_characters,0,beans,0.8653846383094788,0.8359375,500,600,256,128,0.01,1.2416791524738073,0.01701931096613407,npu:6
resnet50,mnist,digits_characters,0,dtd,0.626329779624939,0.6148935556411743,500,600,256,128,0.01,1.2416791524738073,0.029272504150867462,npu:6
resnet50,mnist,digits_characters,0,eurosat,0.9095426797866821,0.9062963128089905,500,600,256,128,0.01,1.2416791524738073,0.022983411327004433,npu:6
resnet50,mnist,digits_characters,0,flowers102,0.617647111415863,0.6673999428749084,500,600,256,128,0.01,1.2416791524738073,0.01931595988571644,npu:6
resnet50,mnist,digits_characters,0,food101,0.4099010229110718,0.4453999698162079,500,600,256,128,0.01,1.2416791524738073,0.023049283772706985,npu:6
resnet50,mnist,digits_characters,0,gtsrb,0.6853490471839905,0.5777999758720398,500,600,256,128,0.01,1.2416791524738073,0.019744519144296646,npu:6
resnet50,mnist,digits_characters,0,oxford_pets,0.8958051204681396,0.8849822282791138,500,600,256,128,0.01,1.2416791524738073,0.02015257067978382,npu:6
resnet50,mnist,digits_characters,1,beans,0.841346263885498,0.859375,500,600,256,128,0.01,1.262853678315878,0.01647513173520565,npu:6
resnet50,mnist,digits_characters,1,dtd,0.6210106611251831,0.6308510303497314,500,600,256,128,0.01,1.262853678315878,0.019620852544903755,npu:6
resnet50,mnist,digits_characters,1,eurosat,0.9075546264648438,0.9025925993919373,500,600,256,128,0.01,1.262853678315878,0.019491760060191154,npu:6
resnet50,mnist,digits_characters,1,flowers102,0.6421569585800171,0.6686000227928162,500,600,256,128,0.01,1.262853678315878,0.019020535051822662,npu:6
resnet50,mnist,digits_characters,1,food101,0.4188118875026703,0.4423999786376953,500,600,256,128,0.01,1.262853678315878,0.023250743746757507,npu:6
resnet50,mnist,digits_characters,1,gtsrb,0.6804326772689819,0.5773999691009521,500,600,256,128,0.01,1.262853678315878,0.02287491224706173,npu:6
resnet50,mnist,digits_characters,1,oxford_pets,0.9052773714065552,0.8860725164413452,500,600,256,128,0.01,1.262853678315878,0.01997458003461361,npu:6
resnet50,mnist,digits_characters,2,beans,0.8798077702522278,0.8515625,500,600,256,128,0.01,1.260637640953064,0.017224131152033806,npu:6
resnet50,mnist,digits_characters,2,dtd,0.6329787373542786,0.6186169981956482,500,600,256,128,0.01,1.260637640953064,0.019640719518065453,npu:6
resnet50,mnist,digits_characters,2,eurosat,0.9095426797866821,0.9151852130889893,500,600,256,128,0.01,1.260637640953064,0.02103857509791851,npu:6
resnet50,mnist,digits_characters,2,flowers102,0.6274510622024536,0.6740000247955322,500,600,256,128,0.01,1.260637640953064,0.019547998905181885,npu:6
resnet50,mnist,digits_characters,2,food101,0.40693071484565735,0.43759995698928833,500,600,256,128,0.01,1.260637640953064,0.024020034819841385,npu:6
resnet50,mnist,digits_characters,2,gtsrb,0.6755162477493286,0.5785999298095703,500,600,256,128,0.01,1.260637640953064,0.021759727969765663,npu:6
resnet50,mnist,digits_characters,2,oxford_pets,0.9120432138442993,0.8926137685775757,500,600,256,128,0.01,1.260637640953064,0.03203962370753288,npu:6
resnet50,mnist,digits_characters,3,beans,0.826923131942749,0.875,500,600,256,128,0.01,1.2461200878024101,0.017377233132719994,npu:6
resnet50,mnist,digits_characters,3,dtd,0.6276596188545227,0.6228722929954529,500,600,256,128,0.01,1.2461200878024101,0.01930736005306244,npu:6
resnet50,mnist,digits_characters,3,eurosat,0.9015904068946838,0.897777795791626,500,600,256,128,0.01,1.2461200878024101,0.021934397518634796,npu:6
resnet50,mnist,digits_characters,3,flowers102,0.6519608497619629,0.667199969291687,500,600,256,128,0.01,1.2461200878024101,0.020028483122587204,npu:6
resnet50,mnist,digits_characters,3,food101,0.41386139392852783,0.4359999895095825,500,600,256,128,0.01,1.2461200878024101,0.02287907339632511,npu:6
resnet50,mnist,digits_characters,3,gtsrb,0.6784660816192627,0.5911999940872192,500,600,256,128,0.01,1.2461200878024101,0.02206381782889366,npu:6
resnet50,mnist,digits_characters,3,oxford_pets,0.9120432138442993,0.8904333114624023,500,600,256,128,0.01,1.2461200878024101,0.01969168893992901,npu:6
resnet50,mnist,digits_characters,4,beans,0.8653846979141235,0.875,500,600,256,128,0.01,1.2089474461972713,0.01717604324221611,npu:6
resnet50,mnist,digits_characters,4,dtd,0.6223404407501221,0.6281914710998535,500,600,256,128,0.01,1.2089474461972713,0.019404679536819458,npu:6
resnet50,mnist,digits_characters,4,eurosat,0.9155068397521973,0.9025925993919373,500,600,256,128,0.01,1.2089474461972713,0.022089660167694092,npu:6
resnet50,mnist,digits_characters,4,flowers102,0.6421569585800171,0.6691999435424805,500,600,256,128,0.01,1.2089474461972713,0.019863199442625046,npu:6
resnet50,mnist,digits_characters,4,food101,0.4277227818965912,0.4389999806880951,500,600,256,128,0.01,1.2089474461972713,0.022404488176107407,npu:6
resnet50,mnist,digits_characters,4,gtsrb,0.6735496520996094,0.569599986076355,500,600,256,128,0.01,1.2089474461972713,0.023974737152457237,npu:6
resnet50,mnist,digits_characters,4,oxford_pets,0.9120432138442993,0.8904333114624023,500,600,256,128,0.01,1.2089474461972713,0.02084294706583023,npu:6
resnet50,octmnist,medical,0,beans,0.8750000596046448,0.8828125,500,600,256,128,0.01,1.2635512612760067,0.01700281910598278,npu:6
resnet50,octmnist,medical,0,dtd,0.6210106611251831,0.603723406791687,500,600,256,128,0.01,1.2635512612760067,0.024729048833251,npu:6
resnet50,octmnist,medical,0,eurosat,0.9065605401992798,0.9059259295463562,500,600,256,128,0.01,1.2635512612760067,0.019794302061200142,npu:6
resnet50,octmnist,medical,0,flowers102,0.617647111415863,0.6771999597549438,500,600,256,128,0.01,1.2635512612760067,0.018873177468776703,npu:6
resnet50,octmnist,medical,0,food101,0.40792080760002136,0.42799997329711914,500,600,256,128,0.01,1.2635512612760067,0.023080622777342796,npu:6
resnet50,octmnist,medical,0,gtsrb,0.668633222579956,0.58079993724823,500,600,256,128,0.01,1.2635512612760067,0.021329306066036224,npu:6
resnet50,octmnist,medical,0,oxford_pets,0.907983660697937,0.8874351978302002,500,600,256,128,0.01,1.2635512612760067,0.020324762910604477,npu:6
resnet50,octmnist,medical,1,beans,0.831730842590332,0.8671875,500,600,256,128,0.01,1.2131655495613813,0.01668138988316059,npu:6
resnet50,octmnist,medical,1,dtd,0.6050532460212708,0.6159574389457703,500,600,256,128,0.01,1.2131655495613813,0.02006296068429947,npu:6
resnet50,octmnist,medical,1,eurosat,0.9005963802337646,0.902222216129303,500,600,256,128,0.01,1.2131655495613813,0.020167319104075432,npu:6
resnet50,octmnist,medical,1,flowers102,0.6274510622024536,0.6615999937057495,500,600,256,128,0.01,1.2131655495613813,0.018502935767173767,npu:6
resnet50,octmnist,medical,1,food101,0.393069326877594,0.43359997868537903,500,600,256,128,0.01,1.2131655495613813,0.021956587210297585,npu:6
resnet50,octmnist,medical,1,gtsrb,0.6666666865348816,0.5659999847412109,500,600,256,128,0.01,1.2131655495613813,0.024308107793331146,npu:6
resnet50,octmnist,medical,1,oxford_pets,0.9039241671562195,0.8923412561416626,500,600,256,128,0.01,1.2131655495613813,0.022881092503666878,npu:6
resnet50,octmnist,medical,2,beans,0.8557692766189575,0.8671875,500,600,256,128,0.01,1.2272672895342112,0.019299568608403206,npu:6
resnet50,octmnist,medical,2,dtd,0.625,0.6063829660415649,500,600,256,128,0.01,1.2272672895342112,0.02146577648818493,npu:6
resnet50,octmnist,medical,2,eurosat,0.9095426797866821,0.9014815092086792,500,600,256,128,0.01,1.2272672895342112,0.024278907105326653,npu:6
resnet50,octmnist,medical,2,flowers102,0.6421569585800171,0.6589999198913574,500,600,256,128,0.01,1.2272672895342112,0.019708219915628433,npu:6
resnet50,octmnist,medical,2,food101,0.39603960514068604,0.4277999997138977,500,600,256,128,0.01,1.2272672895342112,0.023126333951950073,npu:6
resnet50,octmnist,medical,2,gtsrb,0.6774828433990479,0.5891999006271362,500,600,256,128,0.01,1.2272672895342112,0.023925792425870895,npu:6
resnet50,octmnist,medical,2,oxford_pets,0.9066305160522461,0.8917961120605469,500,600,256,128,0.01,1.2272672895342112,0.021751318126916885,npu:6
resnet50,octmnist,medical,3,beans,0.831730842590332,0.890625,500,600,256,128,0.01,1.269713532179594,0.021635379642248154,npu:6
resnet50,octmnist,medical,3,dtd,0.6170213222503662,0.6042553186416626,500,600,256,128,0.01,1.269713532179594,0.03570578806102276,npu:6
resnet50,octmnist,medical,3,eurosat,0.9065605401992798,0.911481499671936,500,600,256,128,0.01,1.269713532179594,0.02741192653775215,npu:6
resnet50,octmnist,medical,3,flowers102,0.6568628549575806,0.6715999841690063,500,600,256,128,0.01,1.269713532179594,0.022749513387680054,npu:6
resnet50,octmnist,medical,3,food101,0.4019801914691925,0.4487999677658081,500,600,256,128,0.01,1.269713532179594,0.026567483320832253,npu:6
resnet50,octmnist,medical,3,gtsrb,0.6676499843597412,0.5817999839782715,500,600,256,128,0.01,1.269713532179594,0.021782027557492256,npu:6
resnet50,octmnist,medical,3,oxford_pets,0.9052773118019104,0.8942490816116333,500,600,256,128,0.01,1.269713532179594,0.020158732309937477,npu:6
resnet50,octmnist,medical,4,beans,0.8509616255760193,0.8828125,500,600,256,128,0.01,1.2877420485019684,0.018431495875120163,npu:6
resnet50,octmnist,medical,4,dtd,0.6117022037506104,0.610106348991394,500,600,256,128,0.01,1.2877420485019684,0.01962352730333805,npu:6
resnet50,octmnist,medical,4,eurosat,0.89463210105896,0.9033333659172058,500,600,256,128,0.01,1.2877420485019684,0.021269526332616806,npu:6
resnet50,octmnist,medical,4,flowers102,0.6470588445663452,0.6787999868392944,500,600,256,128,0.01,1.2877420485019684,0.020261414349079132,npu:6
resnet50,octmnist,medical,4,food101,0.395049512386322,0.4325999617576599,500,600,256,128,0.01,1.2877420485019684,0.022977063432335854,npu:6
resnet50,octmnist,medical,4,gtsrb,0.6784660816192627,0.5785999894142151,500,600,256,128,0.01,1.2877420485019684,0.022647932171821594,npu:6
resnet50,octmnist,medical,4,oxford_pets,0.9039241671562195,0.888252854347229,500,600,256,128,0.01,1.2877420485019684,0.020744843408465385,npu:6
resnet50,organamnist,medical,0,beans,0.831730842590332,0.8671875,500,600,256,128,0.01,1.2416403740644455,0.016576096415519714,npu:6
resnet50,organamnist,medical,0,dtd,0.6223404407501221,0.645212709903717,500,600,256,128,0.01,1.2416403740644455,0.020300261676311493,npu:6
resnet50,organamnist,medical,0,eurosat,0.9015904068946838,0.9066666960716248,500,600,256,128,0.01,1.2416403740644455,0.02100914716720581,npu:6
resnet50,organamnist,medical,0,flowers102,0.5931373238563538,0.6615999937057495,500,600,256,128,0.01,1.2416403740644455,0.0195344015955925,npu:6
resnet50,organamnist,medical,0,food101,0.39207923412323,0.42739999294281006,500,600,256,128,0.01,1.2416403740644455,0.022303808480501175,npu:6
resnet50,organamnist,medical,0,gtsrb,0.6617502570152283,0.5641999840736389,500,600,256,128,0.01,1.2416403740644455,0.021942630410194397,npu:6
resnet50,organamnist,medical,0,oxford_pets,0.9066305160522461,0.89206862449646,500,600,256,128,0.01,1.2416403740644455,0.025572150945663452,npu:6
resnet50,organamnist,medical,1,beans,0.875,0.890625,500,600,256,128,0.01,1.2193598710000515,0.01667810045182705,npu:6
resnet50,organamnist,medical,1,dtd,0.6356383562088013,0.6430851221084595,500,600,256,128,0.01,1.2193598710000515,0.01804298534989357,npu:6
resnet50,organamnist,medical,1,eurosat,0.9035784602165222,0.9059258699417114,500,600,256,128,0.01,1.2193598710000515,0.020127680152654648,npu:6
resnet50,organamnist,medical,1,flowers102,0.593137264251709,0.6717999577522278,500,600,256,128,0.01,1.2193598710000515,0.01871211640536785,npu:6
resnet50,organamnist,medical,1,food101,0.39702969789505005,0.43939995765686035,500,600,256,128,0.01,1.2193598710000515,0.0232405848801136,npu:6
resnet50,organamnist,medical,1,gtsrb,0.6578171253204346,0.5712000131607056,500,600,256,128,0.01,1.2193598710000515,0.023093031719326973,npu:6
resnet50,organamnist,medical,1,oxford_pets,0.9052773714065552,0.8934314250946045,500,600,256,128,0.01,1.2193598710000515,0.02101607620716095,npu:6
resnet50,organamnist,medical,2,beans,0.8461539149284363,0.859375,500,600,256,128,0.01,1.2094706166535616,0.01621296815574169,npu:6
resnet50,organamnist,medical,2,dtd,0.623670220375061,0.6388297080993652,500,600,256,128,0.01,1.2094706166535616,0.018970588222146034,npu:6
resnet50,organamnist,medical,2,eurosat,0.8966202139854431,0.9011111259460449,500,600,256,128,0.01,1.2094706166535616,0.02163945697247982,npu:6
resnet50,organamnist,medical,2,flowers102,0.6666667461395264,0.6607999801635742,500,600,256,128,0.01,1.2094706166535616,0.019993502646684647,npu:6
resnet50,organamnist,medical,2,food101,0.4089109003543854,0.43619996309280396,500,600,256,128,0.01,1.2094706166535616,0.022724442183971405,npu:6
resnet50,organamnist,medical,2,gtsrb,0.6666666865348816,0.5729999542236328,500,600,256,128,0.01,1.2094706166535616,0.021006504073739052,npu:6
resnet50,organamnist,medical,2,oxford_pets,0.9025709629058838,0.8928862810134888,500,600,256,128,0.01,1.2094706166535616,0.020239010453224182,npu:6
resnet50,organamnist,medical,3,beans,0.8701924085617065,0.84375,500,600,256,128,0.01,1.2598662488162518,0.018940279260277748,npu:6
resnet50,organamnist,medical,3,dtd,0.6329787969589233,0.6271276473999023,500,600,256,128,0.01,1.2598662488162518,0.019309867173433304,npu:6
resnet50,organamnist,medical,3,eurosat,0.8996022939682007,0.8992592692375183,500,600,256,128,0.01,1.2598662488162518,0.02045297622680664,npu:6
resnet50,organamnist,medical,3,flowers102,0.617647111415863,0.6552000045776367,500,600,256,128,0.01,1.2598662488162518,0.01904197596013546,npu:6
resnet50,organamnist,medical,3,food101,0.3871287405490875,0.4381999969482422,500,600,256,128,0.01,1.2598662488162518,0.022639421746134758,npu:6
resnet50,organamnist,medical,3,gtsrb,0.6804326772689819,0.574400007724762,500,600,256,128,0.01,1.2598662488162518,0.02333061210811138,npu:6
resnet50,organamnist,medical,3,oxford_pets,0.9012178182601929,0.886890172958374,500,600,256,128,0.01,1.2598662488162518,0.019290318712592125,npu:6
resnet50,organamnist,medical,4,beans,0.846153974533081,0.859375,500,600,256,128,0.01,1.2330660931766033,0.015427256003022194,npu:6
resnet50,organamnist,medical,4,dtd,0.6489362120628357,0.6228723526000977,500,600,256,128,0.01,1.2330660931766033,0.019631007686257362,npu:6
resnet50,organamnist,medical,4,eurosat,0.8966202735900879,0.9070370197296143,500,600,256,128,0.01,1.2330660931766033,0.020251482725143433,npu:6
resnet50,organamnist,medical,4,flowers102,0.6421569585800171,0.6639999747276306,500,600,256,128,0.01,1.2330660931766033,0.020016880705952644,npu:6
resnet50,organamnist,medical,4,food101,0.41485151648521423,0.4347999691963196,500,600,256,128,0.01,1.2330660931766033,0.023899443447589874,npu:6
resnet50,organamnist,medical,4,gtsrb,0.6538839936256409,0.5568000078201294,500,600,256,128,0.01,1.2330660931766033,0.02248987928032875,npu:6
resnet50,organamnist,medical,4,oxford_pets,0.8985114097595215,0.8904333114624023,500,600,256,128,0.01,1.2330660931766033,0.021649446338415146,npu:6
resnet50,organcmnist,medical,0,beans,0.889423131942749,0.8828125,500,600,256,128,0.01,1.2664000503718853,0.01830344647169113,npu:6
resnet50,organcmnist,medical,0,dtd,0.646276593208313,0.6228723526000977,500,600,256,128,0.01,1.2664000503718853,0.021751368418335915,npu:6
resnet50,organcmnist,medical,0,eurosat,0.903578519821167,0.9051851630210876,500,600,256,128,0.01,1.2664000503718853,0.02370208501815796,npu:6
resnet50,organcmnist,medical,0,flowers102,0.6127451658248901,0.6851999759674072,500,600,256,128,0.01,1.2664000503718853,0.02351713366806507,npu:6
resnet50,organcmnist,medical,0,food101,0.39702972769737244,0.43459999561309814,500,600,256,128,0.01,1.2664000503718853,0.02305867150425911,npu:6
resnet50,organcmnist,medical,0,gtsrb,0.6666666865348816,0.5687999725341797,500,600,256,128,0.01,1.2664000503718853,0.022169020026922226,npu:6
resnet50,organcmnist,medical,0,oxford_pets,0.907983660697937,0.8912509679794312,500,600,256,128,0.01,1.2664000503718853,0.019685979932546616,npu:6
resnet50,organcmnist,medical,1,beans,0.894230842590332,0.8203125,500,600,256,128,0.01,1.208398200571537,0.016777820885181427,npu:6
resnet50,organcmnist,medical,1,dtd,0.6343085765838623,0.6319148540496826,500,600,256,128,0.01,1.208398200571537,0.019736310467123985,npu:6
resnet50,organcmnist,medical,1,eurosat,0.9095426797866821,0.9037036895751953,500,600,256,128,0.01,1.208398200571537,0.019534319639205933,npu:6
resnet50,organcmnist,medical,1,flowers102,0.6274510622024536,0.6679999828338623,500,600,256,128,0.01,1.208398200571537,0.020124252885580063,npu:6
resnet50,organcmnist,medical,1,food101,0.39801982045173645,0.4405999779701233,500,600,256,128,0.01,1.208398200571537,0.02166120894253254,npu:6
resnet50,organcmnist,medical,1,gtsrb,0.6725663542747498,0.5758000016212463,500,600,256,128,0.01,1.208398200571537,0.019914699718356133,npu:6
resnet50,organcmnist,medical,1,oxford_pets,0.9106900691986084,0.8866175413131714,500,600,256,128,0.01,1.208398200571537,0.019546499475836754,npu:6
resnet50,organcmnist,medical,2,beans,0.8365384936332703,0.8671875,500,600,256,128,0.01,1.2350986078381538,0.014417992904782295,npu:6
resnet50,organcmnist,medical,2,dtd,0.6117021441459656,0.6319148540496826,500,600,256,128,0.01,1.2350986078381538,0.018966777250170708,npu:6
resnet50,organcmnist,medical,2,eurosat,0.9135188460350037,0.9048147797584534,500,600,256,128,0.01,1.2350986078381538,0.01906641013920307,npu:6
resnet50,organcmnist,medical,2,flowers102,0.5882353782653809,0.6647999286651611,500,600,256,128,0.01,1.2350986078381538,0.018770845606923103,npu:6
resnet50,organcmnist,medical,2,food101,0.4019802212715149,0.43699997663497925,500,600,256,128,0.01,1.2350986078381538,0.022580360993742943,npu:6
resnet50,organcmnist,medical,2,gtsrb,0.6735497117042542,0.5637999773025513,500,600,256,128,0.01,1.2350986078381538,0.024236304685473442,npu:6
resnet50,organcmnist,medical,2,oxford_pets,0.8971582651138306,0.8893431425094604,500,600,256,128,0.01,1.2350986078381538,0.022998182103037834,npu:6
resnet50,organcmnist,medical,3,beans,0.831730842590332,0.8359375,500,600,256,128,0.01,1.2170258052647114,0.01945384033024311,npu:6
resnet50,organcmnist,medical,3,dtd,0.6183511018753052,0.631382942199707,500,600,256,128,0.01,1.2170258052647114,0.020033830776810646,npu:6
resnet50,organcmnist,medical,3,eurosat,0.9075546264648438,0.897777795791626,500,600,256,128,0.01,1.2170258052647114,0.025685172528028488,npu:6
resnet50,organcmnist,medical,3,flowers102,0.6372549533843994,0.6665999889373779,500,600,256,128,0.01,1.2170258052647114,0.020411310717463493,npu:6
resnet50,organcmnist,medical,3,food101,0.40693068504333496,0.43379998207092285,500,600,256,128,0.01,1.2170258052647114,0.02289647050201893,npu:6
resnet50,organcmnist,medical,3,gtsrb,0.683382511138916,0.5633999109268188,500,600,256,128,0.01,1.2170258052647114,0.02132061868906021,npu:6
resnet50,organcmnist,medical,3,oxford_pets,0.907983660697937,0.8855273127555847,500,600,256,128,0.01,1.2170258052647114,0.02008652128279209,npu:6
resnet50,organcmnist,medical,4,beans,0.8653846383094788,0.8828125,500,600,256,128,0.01,1.2323063388466835,0.016062157228589058,npu:6
resnet50,organcmnist,medical,4,dtd,0.6303192377090454,0.6244680881500244,500,600,256,128,0.01,1.2323063388466835,0.019463511183857918,npu:6
resnet50,organcmnist,medical,4,eurosat,0.9115307927131653,0.9107407331466675,500,600,256,128,0.01,1.2323063388466835,0.021333128213882446,npu:6
resnet50,organcmnist,medical,4,flowers102,0.6470588445663452,0.6759999394416809,500,600,256,128,0.01,1.2323063388466835,0.019055848941206932,npu:6
resnet50,organcmnist,medical,4,food101,0.38910892605781555,0.43459996581077576,500,600,256,128,0.01,1.2323063388466835,0.022782443091273308,npu:6
resnet50,organcmnist,medical,4,gtsrb,0.6666666865348816,0.5705999135971069,500,600,256,128,0.01,1.2323063388466835,0.023246964439749718,npu:6
resnet50,organcmnist,medical,4,oxford_pets,0.8930987119674683,0.8825292587280273,500,600,256,128,0.01,1.2323063388466835,0.02039824239909649,npu:6
resnet50,organsmnist,medical,0,beans,0.8653846979141235,0.8515625,500,600,256,128,0.01,1.2209358680993319,0.019722830504179,npu:6
resnet50,organsmnist,medical,0,dtd,0.6303191781044006,0.6154255270957947,500,600,256,128,0.01,1.2209358680993319,0.020310692489147186,npu:6
resnet50,organsmnist,medical,0,eurosat,0.8896619081497192,0.8981481790542603,500,600,256,128,0.01,1.2209358680993319,0.02163800783455372,npu:6
resnet50,organsmnist,medical,0,flowers102,0.6617647409439087,0.6789999604225159,500,600,256,128,0.01,1.2209358680993319,0.022626182064414024,npu:6
resnet50,organsmnist,medical,0,food101,0.39702969789505005,0.4339999854564667,500,600,256,128,0.01,1.2209358680993319,0.02355651557445526,npu:6
resnet50,organsmnist,medical,0,gtsrb,0.6705998182296753,0.5690000057220459,500,600,256,128,0.01,1.2209358680993319,0.023084113374352455,npu:6
resnet50,organsmnist,medical,0,oxford_pets,0.8971582055091858,0.8792586326599121,500,600,256,128,0.01,1.2209358680993319,0.020692095160484314,npu:6
resnet50,organsmnist,medical,1,beans,0.8509615659713745,0.890625,500,600,256,128,0.01,1.22988305054605,0.015495456755161285,npu:6
resnet50,organsmnist,medical,1,dtd,0.623670220375061,0.6186169981956482,500,600,256,128,0.01,1.22988305054605,0.01823391579091549,npu:6
resnet50,organsmnist,medical,1,eurosat,0.8986083269119263,0.9085184931755066,500,600,256,128,0.01,1.22988305054605,0.02399173565208912,npu:6
resnet50,organsmnist,medical,1,flowers102,0.6176471710205078,0.684999942779541,500,600,256,128,0.01,1.22988305054605,0.02048342488706112,npu:6
resnet50,organsmnist,medical,1,food101,0.39900991320610046,0.437999963760376,500,600,256,128,0.01,1.22988305054605,0.021815435960888863,npu:6
resnet50,organsmnist,medical,1,gtsrb,0.6637167930603027,0.5622000098228455,500,600,256,128,0.01,1.22988305054605,0.02185579016804695,npu:6
resnet50,organsmnist,medical,1,oxford_pets,0.8930987119674683,0.8817116022109985,500,600,256,128,0.01,1.22988305054605,0.020567934960126877,npu:6
resnet50,organsmnist,medical,2,beans,0.836538553237915,0.8671875,500,600,256,128,0.01,1.2333372309803963,0.016065560281276703,npu:6
resnet50,organsmnist,medical,2,dtd,0.6090426445007324,0.6239361763000488,500,600,256,128,0.01,1.2333372309803963,0.019661622121930122,npu:6
resnet50,organsmnist,medical,2,eurosat,0.8876738548278809,0.9029629230499268,500,600,256,128,0.01,1.2333372309803963,0.0205291248857975,npu:6
resnet50,organsmnist,medical,2,flowers102,0.5980392694473267,0.6741999387741089,500,600,256,128,0.01,1.2333372309803963,0.018983997404575348,npu:6
resnet50,organsmnist,medical,2,food101,0.4118812084197998,0.4408000111579895,500,600,256,128,0.01,1.2333372309803963,0.02122320421040058,npu:6
resnet50,organsmnist,medical,2,gtsrb,0.6479842662811279,0.5648000240325928,500,600,256,128,0.01,1.2333372309803963,0.0213429257273674,npu:6
resnet50,organsmnist,medical,2,oxford_pets,0.8863328099250793,0.8819841742515564,500,600,256,128,0.01,1.2333372309803963,0.02040056139230728,npu:6
resnet50,organsmnist,medical,3,beans,0.8701924085617065,0.875,500,600,256,128,0.01,1.284078635275364,0.016644319519400597,npu:6
resnet50,organsmnist,medical,3,dtd,0.625,0.6228723526000977,500,600,256,128,0.01,1.284078635275364,0.020041070878505707,npu:6
resnet50,organsmnist,medical,3,eurosat,0.8906559944152832,0.9014815092086792,500,600,256,128,0.01,1.284078635275364,0.020230913534760475,npu:6
resnet50,organsmnist,medical,3,flowers102,0.6127451658248901,0.6827999353408813,500,600,256,128,0.01,1.284078635275364,0.019102199003100395,npu:6
resnet50,organsmnist,medical,3,food101,0.394059419631958,0.4283999800682068,500,600,256,128,0.01,1.284078635275364,0.023055072873830795,npu:6
resnet50,organsmnist,medical,3,gtsrb,0.6725664138793945,0.5771999955177307,500,600,256,128,0.01,1.284078635275364,0.020759493112564087,npu:6
resnet50,organsmnist,medical,3,oxford_pets,0.8985114097595215,0.880348801612854,500,600,256,128,0.01,1.284078635275364,0.022086597979068756,npu:6
resnet50,organsmnist,medical,4,beans,0.831730842590332,0.8515625,500,600,256,128,0.01,1.2349545005708933,0.016620460897684097,npu:6
resnet50,organsmnist,medical,4,dtd,0.6130319833755493,0.645212709903717,500,600,256,128,0.01,1.2349545005708933,0.019090499728918076,npu:6
resnet50,organsmnist,medical,4,eurosat,0.8956261873245239,0.9051852226257324,500,600,256,128,0.01,1.2349545005708933,0.020217152312397957,npu:6
resnet50,organsmnist,medical,4,flowers102,0.6568628549575806,0.6739999651908875,500,600,256,128,0.01,1.2349545005708933,0.021507347002625465,npu:6
resnet50,organsmnist,medical,4,food101,0.40693071484565735,0.437999963760376,500,600,256,128,0.01,1.2349545005708933,0.023780595511198044,npu:6
resnet50,organsmnist,medical,4,gtsrb,0.6548672914505005,0.5748000144958496,500,600,256,128,0.01,1.2349545005708933,0.022260289639234543,npu:6
resnet50,organsmnist,medical,4,oxford_pets,0.8985114097595215,0.8746252059936523,500,600,256,128,0.01,1.2349545005708933,0.019662272185087204,npu:6
resnet50,pathmnist,medical,0,beans,0.8125000596046448,0.8671875,500,600,256,128,0.01,1.2791780456900597,0.015380576252937317,npu:6
resnet50,pathmnist,medical,0,dtd,0.623670220375061,0.6223404407501221,500,600,256,128,0.01,1.2791780456900597,0.019175508990883827,npu:6
resnet50,pathmnist,medical,0,eurosat,0.9125248193740845,0.9022222757339478,500,600,256,128,0.01,1.2791780456900597,0.01940854825079441,npu:6
resnet50,pathmnist,medical,0,flowers102,0.6372549533843994,0.6749999523162842,500,600,256,128,0.01,1.2791780456900597,0.020712336525321007,npu:6
resnet50,pathmnist,medical,0,food101,0.4188119173049927,0.4485999643802643,500,600,256,128,0.01,1.2791780456900597,0.022591250017285347,npu:6
resnet50,pathmnist,medical,0,gtsrb,0.6715830564498901,0.5733999609947205,500,600,256,128,0.01,1.2791780456900597,0.021315576508641243,npu:6
resnet50,pathmnist,medical,0,oxford_pets,0.8876859545707703,0.8934314250946045,500,600,256,128,0.01,1.2791780456900597,0.020497454330325127,npu:6
resnet50,pathmnist,medical,1,beans,0.8701923489570618,0.8671875,500,600,256,128,0.01,1.266591852530837,0.016497217118740082,npu:6
resnet50,pathmnist,medical,1,dtd,0.625,0.6218085289001465,500,600,256,128,0.01,1.266591852530837,0.01932481862604618,npu:6
resnet50,pathmnist,medical,1,eurosat,0.9045724868774414,0.9092592597007751,500,600,256,128,0.01,1.266591852530837,0.02171819843351841,npu:6
resnet50,pathmnist,medical,1,flowers102,0.6862745881080627,0.6827999353408813,500,600,256,128,0.01,1.266591852530837,0.019313238561153412,npu:6
resnet50,pathmnist,medical,1,food101,0.4128713011741638,0.4421999752521515,500,600,256,128,0.01,1.266591852530837,0.021728476509451866,npu:6
resnet50,pathmnist,medical,1,gtsrb,0.6794494390487671,0.5866000056266785,500,600,256,128,0.01,1.266591852530837,0.021188024431467056,npu:6
resnet50,pathmnist,medical,1,oxford_pets,0.8930987119674683,0.8931588530540466,500,600,256,128,0.01,1.266591852530837,0.02057068422436714,npu:6
resnet50,pathmnist,medical,2,beans,0.822115421295166,0.8671875,500,600,256,128,0.01,1.2178076580166817,0.017070190981030464,npu:6
resnet50,pathmnist,medical,2,dtd,0.6289893388748169,0.6234042644500732,500,600,256,128,0.01,1.2178076580166817,0.019498292356729507,npu:6
resnet50,pathmnist,medical,2,eurosat,0.9145128726959229,0.9077777862548828,500,600,256,128,0.01,1.2178076580166817,0.020309703424572945,npu:6
resnet50,pathmnist,medical,2,flowers102,0.6519608497619629,0.6733999252319336,500,600,256,128,0.01,1.2178076580166817,0.019249947741627693,npu:6
resnet50,pathmnist,medical,2,food101,0.40792080760002136,0.4411999583244324,500,600,256,128,0.01,1.2178076580166817,0.038606468588113785,npu:6
resnet50,pathmnist,medical,2,gtsrb,0.6843658089637756,0.5741999745368958,500,600,256,128,0.01,1.2178076580166817,0.0254067312926054,npu:6
resnet50,pathmnist,medical,2,oxford_pets,0.894451916217804,0.8907058835029602,500,600,256,128,0.01,1.2178076580166817,0.02169571816921234,npu:6
resnet50,pathmnist,medical,3,beans,0.831730842590332,0.859375,500,600,256,128,0.01,1.1712487190961838,0.01675396040081978,npu:6
resnet50,pathmnist,medical,3,dtd,0.6422872543334961,0.6382979154586792,500,600,256,128,0.01,1.1712487190961838,0.034883713349699974,npu:6
resnet50,pathmnist,medical,3,eurosat,0.903578519821167,0.9029629826545715,500,600,256,128,0.01,1.1712487190961838,0.024031389504671097,npu:6
resnet50,pathmnist,medical,3,flowers102,0.6568628549575806,0.6823999881744385,500,600,256,128,0.01,1.1712487190961838,0.019873611629009247,npu:6
resnet50,pathmnist,medical,3,food101,0.4277228116989136,0.43719998002052307,500,600,256,128,0.01,1.1712487190961838,0.02312932163476944,npu:6
resnet50,pathmnist,medical,3,gtsrb,0.6755162477493286,0.58079993724823,500,600,256,128,0.01,1.1712487190961838,0.023582283407449722,npu:6
resnet50,pathmnist,medical,3,oxford_pets,0.907983660697937,0.8877077698707581,500,600,256,128,0.01,1.1712487190961838,0.020081212744116783,npu:6
resnet50,pathmnist,medical,4,beans,0.841346263885498,0.875,500,600,256,128,0.01,1.2395203653723001,0.016388989984989166,npu:6
resnet50,pathmnist,medical,4,dtd,0.6223404407501221,0.6265957355499268,500,600,256,128,0.01,1.2395203653723001,0.01917656697332859,npu:6
resnet50,pathmnist,medical,4,eurosat,0.9085487127304077,0.9100000262260437,500,600,256,128,0.01,1.2395203653723001,0.02106008492410183,npu:6
resnet50,pathmnist,medical,4,flowers102,0.6568628549575806,0.6669999361038208,500,600,256,128,0.01,1.2395203653723001,0.019660308957099915,npu:6
resnet50,pathmnist,medical,4,food101,0.42277228832244873,0.4413999617099762,500,600,256,128,0.01,1.2395203653723001,0.02336127497255802,npu:6
resnet50,pathmnist,medical,4,gtsrb,0.6774827837944031,0.5776000022888184,500,600,256,128,0.01,1.2395203653723001,0.021270783618092537,npu:6
resnet50,pathmnist,medical,4,oxford_pets,0.8958051204681396,0.8890705108642578,500,600,256,128,0.01,1.2395203653723001,0.01973058097064495,npu:6
resnet50,pneumoniamnist,medical,0,beans,0.8509616255760193,0.8828125,500,600,256,128,0.01,1.27354577742517,0.017903214320540428,npu:6
resnet50,pneumoniamnist,medical,0,dtd,0.6196808815002441,0.6228722929954529,500,600,256,128,0.01,1.27354577742517,0.02191247045993805,npu:6
resnet50,pneumoniamnist,medical,0,eurosat,0.8926440477371216,0.8992592096328735,500,600,256,128,0.01,1.27354577742517,0.02160573936998844,npu:6
resnet50,pneumoniamnist,medical,0,flowers102,0.6029412746429443,0.670799970626831,500,600,256,128,0.01,1.27354577742517,0.01916447840631008,npu:6
resnet50,pneumoniamnist,medical,0,food101,0.393069326877594,0.43699997663497925,500,600,256,128,0.01,1.27354577742517,0.024627037346363068,npu:6
resnet50,pneumoniamnist,medical,0,gtsrb,0.6538839936256409,0.5787999629974365,500,600,256,128,0.01,1.27354577742517,0.02238547056913376,npu:6
resnet50,pneumoniamnist,medical,0,oxford_pets,0.9066305160522461,0.8890705108642578,500,600,256,128,0.01,1.27354577742517,0.021025415509939194,npu:6
resnet50,pneumoniamnist,medical,1,beans,0.8557692766189575,0.875,500,600,256,128,0.01,1.2148509249091148,0.01594325713813305,npu:6
resnet50,pneumoniamnist,medical,1,dtd,0.644946813583374,0.6164894104003906,500,600,256,128,0.01,1.2148509249091148,0.02161460556089878,npu:6
resnet50,pneumoniamnist,medical,1,eurosat,0.9015903472900391,0.8933333158493042,500,600,256,128,0.01,1.2148509249091148,0.021298276260495186,npu:6
resnet50,pneumoniamnist,medical,1,flowers102,0.6323530077934265,0.6711999177932739,500,600,256,128,0.01,1.2148509249091148,0.025595013052225113,npu:6
resnet50,pneumoniamnist,medical,1,food101,0.39603960514068604,0.4309999942779541,500,600,256,128,0.01,1.2148509249091148,0.023690273985266685,npu:6
resnet50,pneumoniamnist,medical,1,gtsrb,0.6607669591903687,0.573199987411499,500,600,256,128,0.01,1.2148509249091148,0.022683070972561836,npu:6
resnet50,pneumoniamnist,medical,1,oxford_pets,0.9066305160522461,0.8819841146469116,500,600,256,128,0.01,1.2148509249091148,0.019291527569293976,npu:6
resnet50,pneumoniamnist,medical,2,beans,0.8509616255760193,0.8828125,500,600,256,128,0.01,1.2263745944947004,0.015211395919322968,npu:6
resnet50,pneumoniamnist,medical,2,dtd,0.6050532460212708,0.6159573793411255,500,600,256,128,0.01,1.2263745944947004,0.019352149218320847,npu:6
resnet50,pneumoniamnist,medical,2,eurosat,0.9045724868774414,0.8966666460037231,500,600,256,128,0.01,1.2263745944947004,0.020240403711795807,npu:6
resnet50,pneumoniamnist,medical,2,flowers102,0.6274510622024536,0.680400013923645,500,600,256,128,0.01,1.2263745944947004,0.020128481090068817,npu:6
resnet50,pneumoniamnist,medical,2,food101,0.39009901881217957,0.4283999800682068,500,600,256,128,0.01,1.2263745944947004,0.02361207641661167,npu:6
resnet50,pneumoniamnist,medical,2,gtsrb,0.665683388710022,0.5801999568939209,500,600,256,128,0.01,1.2263745944947004,0.022096801549196243,npu:6
resnet50,pneumoniamnist,medical,2,oxford_pets,0.9052773118019104,0.8822566866874695,500,600,256,128,0.01,1.2263745944947004,0.01982066221535206,npu:6
resnet50,pneumoniamnist,medical,3,beans,0.841346263885498,0.875,500,600,256,128,0.01,1.2319797556847334,0.014427999034523964,npu:6
resnet50,pneumoniamnist,medical,3,dtd,0.6077128648757935,0.6058510541915894,500,600,256,128,0.01,1.2319797556847334,0.018967468291521072,npu:6
resnet50,pneumoniamnist,medical,3,eurosat,0.8827037215232849,0.8877778053283691,500,600,256,128,0.01,1.2319797556847334,0.020662350580096245,npu:6
resnet50,pneumoniamnist,medical,3,flowers102,0.5980392694473267,0.6691999435424805,500,600,256,128,0.01,1.2319797556847334,0.021968238055706024,npu:6
resnet50,pneumoniamnist,medical,3,food101,0.394059419631958,0.42979997396469116,500,600,256,128,0.01,1.2319797556847334,0.027423178777098656,npu:6
resnet50,pneumoniamnist,medical,3,gtsrb,0.6627335548400879,0.5825999975204468,500,600,256,128,0.01,1.2319797556847334,0.021495334804058075,npu:6
resnet50,pneumoniamnist,medical,3,oxford_pets,0.8998645544052124,0.8904333114624023,500,600,256,128,0.01,1.2319797556847334,0.0196134801954031,npu:6
resnet50,pneumoniamnist,medical,4,beans,0.8701923489570618,0.9140625,500,600,256,128,0.01,1.248979788273573,0.01710899919271469,npu:6
resnet50,pneumoniamnist,medical,4,dtd,0.6170213222503662,0.6026595830917358,500,600,256,128,0.01,1.248979788273573,0.020782243460416794,npu:6
resnet50,pneumoniamnist,medical,4,eurosat,0.8846918344497681,0.8962962627410889,500,600,256,128,0.01,1.248979788273573,0.02211209014058113,npu:6
resnet50,pneumoniamnist,medical,4,flowers102,0.6225490570068359,0.675599992275238,500,600,256,128,0.01,1.248979788273573,0.019179340451955795,npu:6
resnet50,pneumoniamnist,medical,4,food101,0.37920790910720825,0.431799978017807,500,600,256,128,0.01,1.248979788273573,0.022597860544919968,npu:6
resnet50,pneumoniamnist,medical,4,gtsrb,0.6715831160545349,0.5655999183654785,500,600,256,128,0.01,1.248979788273573,0.021608788520097733,npu:6
resnet50,pneumoniamnist,medical,4,oxford_pets,0.9012178182601929,0.8871626853942871,500,600,256,128,0.01,1.248979788273573,0.019788512960076332,npu:6
resnet50,rendered_sst2,rendered_text,0,beans,0.9182692766189575,0.8828125,500,600,256,128,0.01,1.2311777863651514,0.016276929527521133,npu:6
resnet50,rendered_sst2,rendered_text,0,dtd,0.582446813583374,0.5739361047744751,500,600,256,128,0.01,1.2311777863651514,0.022248700261116028,npu:6
resnet50,rendered_sst2,rendered_text,0,eurosat,0.8807156085968018,0.8870370388031006,500,600,256,128,0.01,1.2311777863651514,0.02407034859061241,npu:6
resnet50,rendered_sst2,rendered_text,0,flowers102,0.64705890417099,0.6381999254226685,500,600,256,128,0.01,1.2311777863651514,0.020288504660129547,npu:6
resnet50,rendered_sst2,rendered_text,0,food101,0.33564358949661255,0.36959999799728394,500,600,256,128,0.01,1.2311777863651514,0.022304311394691467,npu:6
resnet50,rendered_sst2,rendered_text,0,gtsrb,0.6558505892753601,0.5461999773979187,500,600,256,128,0.01,1.2311777863651514,0.02105974592268467,npu:6
resnet50,rendered_sst2,rendered_text,0,oxford_pets,0.8822733163833618,0.8642681837081909,500,600,256,128,0.01,1.2311777863651514,0.01890650950372219,npu:6
resnet50,rendered_sst2,rendered_text,1,beans,0.8413462042808533,0.859375,500,600,256,128,0.01,1.2526642922312021,0.015381716191768646,npu:6
resnet50,rendered_sst2,rendered_text,1,dtd,0.5784574747085571,0.5877659320831299,500,600,256,128,0.01,1.2526642922312021,0.019350357353687286,npu:6
resnet50,rendered_sst2,rendered_text,1,eurosat,0.8936380743980408,0.9037036895751953,500,600,256,128,0.01,1.2526642922312021,0.021907728165388107,npu:6
resnet50,rendered_sst2,rendered_text,1,flowers102,0.6274510622024536,0.6627999544143677,500,600,256,128,0.01,1.2526642922312021,0.02050437405705452,npu:6
resnet50,rendered_sst2,rendered_text,1,food101,0.36138617992401123,0.38819998502731323,500,600,256,128,0.01,1.2526642922312021,0.02514921873807907,npu:6
resnet50,rendered_sst2,rendered_text,1,gtsrb,0.6529006958007812,0.5875999927520752,500,600,256,128,0.01,1.2526642922312021,0.02561817318201065,npu:6
resnet50,rendered_sst2,rendered_text,1,oxford_pets,0.8741542100906372,0.8596347570419312,500,600,256,128,0.01,1.2526642922312021,0.018756188452243805,npu:6
resnet50,rendered_sst2,rendered_text,2,beans,0.889423131942749,0.8984375,500,600,256,128,0.01,1.2447885163128376,0.017237430438399315,npu:6
resnet50,rendered_sst2,rendered_text,2,dtd,0.5757979154586792,0.5792552828788757,500,600,256,128,0.01,1.2447885163128376,0.020917683839797974,npu:6
resnet50,rendered_sst2,rendered_text,2,eurosat,0.8866798281669617,0.8962962627410889,500,600,256,128,0.01,1.2447885163128376,0.021172108128666878,npu:6
resnet50,rendered_sst2,rendered_text,2,flowers102,0.6078431606292725,0.6471999883651733,500,600,256,128,0.01,1.2447885163128376,0.019344309344887733,npu:6
resnet50,rendered_sst2,rendered_text,2,food101,0.3514851927757263,0.37679997086524963,500,600,256,128,0.01,1.2447885163128376,0.023338351398706436,npu:6
resnet50,rendered_sst2,rendered_text,2,gtsrb,0.6273353099822998,0.5473999977111816,500,600,256,128,0.01,1.2447885163128376,0.029140325263142586,npu:6
resnet50,rendered_sst2,rendered_text,2,oxford_pets,0.8660351037979126,0.8609975576400757,500,600,256,128,0.01,1.2447885163128376,0.022320060059428215,npu:6
resnet50,rendered_sst2,rendered_text,3,beans,0.8605769872665405,0.8671875,500,600,256,128,0.01,1.2467179112136364,0.017466295510530472,npu:6
resnet50,rendered_sst2,rendered_text,3,dtd,0.5651596188545227,0.5622339844703674,500,600,256,128,0.01,1.2467179112136364,0.02231702022254467,npu:6
resnet50,rendered_sst2,rendered_text,3,eurosat,0.8886679410934448,0.8951851725578308,500,600,256,128,0.01,1.2467179112136364,0.02011031098663807,npu:6
resnet50,rendered_sst2,rendered_text,3,flowers102,0.6225491166114807,0.6551999449729919,500,600,256,128,0.01,1.2467179112136364,0.01923774741590023,npu:6
resnet50,rendered_sst2,rendered_text,3,food101,0.3495049774646759,0.37839996814727783,500,600,256,128,0.01,1.2467179112136364,0.022549111396074295,npu:6
resnet50,rendered_sst2,rendered_text,3,gtsrb,0.6558505296707153,0.5748000144958496,500,600,256,128,0.01,1.2467179112136364,0.0210779570043087,npu:6
resnet50,rendered_sst2,rendered_text,3,oxford_pets,0.857915997505188,0.8419187664985657,500,600,256,128,0.01,1.2467179112136364,0.020150331780314445,npu:6
resnet50,rendered_sst2,rendered_text,4,beans,0.879807710647583,0.859375,500,600,256,128,0.01,1.2181823495775461,0.015810756012797356,npu:6
resnet50,rendered_sst2,rendered_text,4,dtd,0.5678191781044006,0.5712765455245972,500,600,256,128,0.01,1.2181823495775461,0.019487472251057625,npu:6
resnet50,rendered_sst2,rendered_text,4,eurosat,0.8996023535728455,0.889629602432251,500,600,256,128,0.01,1.2181823495775461,0.022270608693361282,npu:6
resnet50,rendered_sst2,rendered_text,4,flowers102,0.5980392694473267,0.6441999673843384,500,600,256,128,0.01,1.2181823495775461,0.01875760592520237,npu:6
resnet50,rendered_sst2,rendered_text,4,food101,0.36435645818710327,0.38279998302459717,500,600,256,128,0.01,1.2181823495775461,0.02238568104803562,npu:6
resnet50,rendered_sst2,rendered_text,4,gtsrb,0.6489675641059875,0.5527999401092529,500,600,256,128,0.01,1.2181823495775461,0.021793236956000328,npu:6
resnet50,rendered_sst2,rendered_text,4,oxford_pets,0.8700946569442749,0.8623602986335754,500,600,256,128,0.01,1.2181823495775461,0.020904414355754852,npu:6
resnet50,retinamnist,medical,0,beans,0.826923131942749,0.8984375,500,600,256,128,0.01,1.2214434910565615,0.01661156862974167,npu:6
resnet50,retinamnist,medical,0,dtd,0.6223404407501221,0.6063829660415649,500,600,256,128,0.01,1.2214434910565615,0.018329475075006485,npu:6
resnet50,retinamnist,medical,0,eurosat,0.8856858015060425,0.9048148393630981,500,600,256,128,0.01,1.2214434910565615,0.02221543900668621,npu:6
resnet50,retinamnist,medical,0,flowers102,0.6029412746429443,0.6559999585151672,500,600,256,128,0.01,1.2214434910565615,0.02011421136558056,npu:6
resnet50,retinamnist,medical,0,food101,0.393069326877594,0.4269999861717224,500,600,256,128,0.01,1.2214434910565615,0.04106013663113117,npu:6
resnet50,retinamnist,medical,0,gtsrb,0.6499508619308472,0.555400013923645,500,600,256,128,0.01,1.2214434910565615,0.022182079032063484,npu:6
resnet50,retinamnist,medical,0,oxford_pets,0.9052773118019104,0.8849822282791138,500,600,256,128,0.01,1.2214434910565615,0.019994361326098442,npu:6
resnet50,retinamnist,medical,1,beans,0.8798077702522278,0.8828125,500,600,256,128,0.01,1.215289430692792,0.015989849343895912,npu:6
resnet50,retinamnist,medical,1,dtd,0.6063829660415649,0.620212733745575,500,600,256,128,0.01,1.215289430692792,0.01895722933113575,npu:6
resnet50,retinamnist,medical,1,eurosat,0.8916500806808472,0.9081481695175171,500,600,256,128,0.01,1.215289430692792,0.0200592540204525,npu:6
resnet50,retinamnist,medical,1,flowers102,0.5882353782653809,0.652999997138977,500,600,256,128,0.01,1.215289430692792,0.018995771184563637,npu:6
resnet50,retinamnist,medical,1,food101,0.39603960514068604,0.421999990940094,500,600,256,128,0.01,1.215289430692792,0.02369747683405876,npu:6
resnet50,retinamnist,medical,1,gtsrb,0.6548672914505005,0.5467999577522278,500,600,256,128,0.01,1.215289430692792,0.021681131795048714,npu:6
resnet50,retinamnist,medical,1,oxford_pets,0.8958050012588501,0.8838920593261719,500,600,256,128,0.01,1.215289430692792,0.019934335723519325,npu:6
resnet50,retinamnist,medical,2,beans,0.8605769872665405,0.8671875,500,600,256,128,0.01,1.225936871021986,0.01661023125052452,npu:6
resnet50,retinamnist,medical,2,dtd,0.6170213222503662,0.6005319356918335,500,600,256,128,0.01,1.225936871021986,0.018426788970828056,npu:6
resnet50,retinamnist,medical,2,eurosat,0.889661967754364,0.8907407522201538,500,600,256,128,0.01,1.225936871021986,0.021186308935284615,npu:6
resnet50,retinamnist,medical,2,flowers102,0.6127451658248901,0.6633999943733215,500,600,256,128,0.01,1.225936871021986,0.018308907747268677,npu:6
resnet50,retinamnist,medical,2,food101,0.393069326877594,0.4293999969959259,500,600,256,128,0.01,1.225936871021986,0.022498922422528267,npu:6
resnet50,retinamnist,medical,2,gtsrb,0.6558505296707153,0.5593999624252319,500,600,256,128,0.01,1.225936871021986,0.022460298612713814,npu:6
resnet50,retinamnist,medical,2,oxford_pets,0.8985114097595215,0.8857998847961426,500,600,256,128,0.01,1.225936871021986,0.019259242340922356,npu:6
resnet50,retinamnist,medical,3,beans,0.8509615659713745,0.859375,500,600,256,128,0.01,1.2241552360355854,0.016582001000642776,npu:6
resnet50,retinamnist,medical,3,dtd,0.6143617630004883,0.6106382608413696,500,600,256,128,0.01,1.2241552360355854,0.020398834720253944,npu:6
resnet50,retinamnist,medical,3,eurosat,0.8876738548278809,0.8970370292663574,500,600,256,128,0.01,1.2241552360355854,0.020522356033325195,npu:6
resnet50,retinamnist,medical,3,flowers102,0.6078432202339172,0.6466000080108643,500,600,256,128,0.01,1.2241552360355854,0.02000841312110424,npu:6
resnet50,retinamnist,medical,3,food101,0.3861386179924011,0.41579997539520264,500,600,256,128,0.01,1.2241552360355854,0.024737179279327393,npu:6
resnet50,retinamnist,medical,3,gtsrb,0.6529006958007812,0.5662000179290771,500,600,256,128,0.01,1.2241552360355854,0.023178962990641594,npu:6
resnet50,retinamnist,medical,3,oxford_pets,0.9012178182601929,0.8822567462921143,500,600,256,128,0.01,1.2241552360355854,0.01989414170384407,npu:6
resnet50,retinamnist,medical,4,beans,0.8605769872665405,0.90625,500,600,256,128,0.01,1.227958219125867,0.01649254746735096,npu:6
resnet50,retinamnist,medical,4,dtd,0.6210106611251831,0.6063829660415649,500,600,256,128,0.01,1.227958219125867,0.01935667172074318,npu:6
resnet50,retinamnist,medical,4,eurosat,0.8996022939682007,0.897777795791626,500,600,256,128,0.01,1.227958219125867,0.022604281082749367,npu:6
resnet50,retinamnist,medical,4,flowers102,0.6029412746429443,0.6387999653816223,500,600,256,128,0.01,1.227958219125867,0.019596682861447334,npu:6
resnet50,retinamnist,medical,4,food101,0.3861386477947235,0.4169999957084656,500,600,256,128,0.01,1.227958219125867,0.023458926007151604,npu:6
resnet50,retinamnist,medical,4,gtsrb,0.6283186078071594,0.5583999752998352,500,600,256,128,0.01,1.227958219125867,0.02219047024846077,npu:6
resnet50,retinamnist,medical,4,oxford_pets,0.9025709629058838,0.8825292587280273,500,600,256,128,0.01,1.227958219125867,0.031201282516121864,npu:6
resnet50,stl10,general_vision,0,beans,0.8701924085617065,0.921875,500,600,256,128,0.01,1.2212591841816902,0.01642296090722084,npu:6
resnet50,stl10,general_vision,0,dtd,0.6223404407501221,0.6324467658996582,500,600,256,128,0.01,1.2212591841816902,0.018853258341550827,npu:6
resnet50,stl10,general_vision,0,eurosat,0.8946321606636047,0.898888885974884,500,600,256,128,0.01,1.2212591841816902,0.01989346370100975,npu:6
resnet50,stl10,general_vision,0,flowers102,0.6323530673980713,0.6905999779701233,500,600,256,128,0.01,1.2212591841816902,0.019553232938051224,npu:6
resnet50,stl10,general_vision,0,food101,0.40495049953460693,0.45319998264312744,500,600,256,128,0.01,1.2212591841816902,0.024429291486740112,npu:6
resnet50,stl10,general_vision,0,gtsrb,0.6843658089637756,0.5699999928474426,500,600,256,128,0.01,1.2212591841816902,0.02388058789074421,npu:6
resnet50,stl10,general_vision,0,oxford_pets,0.9106900691986084,0.8833469152450562,500,600,256,128,0.01,1.2212591841816902,0.020428383722901344,npu:6
resnet50,stl10,general_vision,1,beans,0.8653846979141235,0.875,500,600,256,128,0.01,1.2430049255490303,0.01753155328333378,npu:6
resnet50,stl10,general_vision,1,dtd,0.6289893984794617,0.6361702084541321,500,600,256,128,0.01,1.2430049255490303,0.020390557125210762,npu:6
resnet50,stl10,general_vision,1,eurosat,0.8976142406463623,0.9085185527801514,500,600,256,128,0.01,1.2430049255490303,0.021633310243487358,npu:6
resnet50,stl10,general_vision,1,flowers102,0.6617648005485535,0.6999999284744263,500,600,256,128,0.01,1.2430049255490303,0.020424723625183105,npu:6
resnet50,stl10,general_vision,1,food101,0.4198020100593567,0.45879998803138733,500,600,256,128,0.01,1.2430049255490303,0.02251487225294113,npu:6
resnet50,stl10,general_vision,1,gtsrb,0.6725663542747498,0.5759999752044678,500,600,256,128,0.01,1.2430049255490303,0.021418048068881035,npu:6
resnet50,stl10,general_vision,1,oxford_pets,0.8998646140098572,0.8852547407150269,500,600,256,128,0.01,1.2430049255490303,0.019815674051642418,npu:6
resnet50,stl10,general_vision,2,beans,0.8750001192092896,0.9140625,500,600,256,128,0.01,1.2069668807089329,0.015114527195692062,npu:6
resnet50,stl10,general_vision,2,dtd,0.6329787373542786,0.6234042644500732,500,600,256,128,0.01,1.2069668807089329,0.021191319450736046,npu:6
resnet50,stl10,general_vision,2,eurosat,0.8936381340026855,0.9107407331466675,500,600,256,128,0.01,1.2069668807089329,0.020982569083571434,npu:6
resnet50,stl10,general_vision,2,flowers102,0.6519608497619629,0.703999936580658,500,600,256,128,0.01,1.2069668807089329,0.019534071907401085,npu:6
resnet50,stl10,general_vision,2,food101,0.41485151648521423,0.4659999907016754,500,600,256,128,0.01,1.2069668807089329,0.024840570986270905,npu:6
resnet50,stl10,general_vision,2,gtsrb,0.6932153701782227,0.5701999664306641,500,600,256,128,0.01,1.2069668807089329,0.02123609557747841,npu:6
resnet50,stl10,general_vision,2,oxford_pets,0.8985114097595215,0.8874351978302002,500,600,256,128,0.01,1.2069668807089329,0.019902480766177177,npu:6
resnet50,stl10,general_vision,3,beans,0.894230842590332,0.890625,500,600,256,128,0.01,1.2347692921757698,0.015988687053322792,npu:6
resnet50,stl10,general_vision,3,dtd,0.6316488981246948,0.6388297080993652,500,600,256,128,0.01,1.2347692921757698,0.01859256811439991,npu:6
resnet50,stl10,general_vision,3,eurosat,0.8916500806808472,0.9055555462837219,500,600,256,128,0.01,1.2347692921757698,0.01964901201426983,npu:6
resnet50,stl10,general_vision,3,flowers102,0.6274510622024536,0.693399965763092,500,600,256,128,0.01,1.2347692921757698,0.019067008048295975,npu:6
resnet50,stl10,general_vision,3,food101,0.41584157943725586,0.4569999575614929,500,600,256,128,0.01,1.2347692921757698,0.023288995027542114,npu:6
resnet50,stl10,general_vision,3,gtsrb,0.683382511138916,0.5797999501228333,500,600,256,128,0.01,1.2347692921757698,0.0219589676707983,npu:6
resnet50,stl10,general_vision,3,oxford_pets,0.9025709629058838,0.8885254859924316,500,600,256,128,0.01,1.2347692921757698,0.019556622952222824,npu:6
resnet50,stl10,general_vision,4,beans,0.846153974533081,0.890625,500,600,256,128,0.01,1.2165067363530397,0.01771446503698826,npu:6
resnet50,stl10,general_vision,4,dtd,0.623670220375061,0.6265957355499268,500,600,256,128,0.01,1.2165067363530397,0.019453750923275948,npu:6
resnet50,stl10,general_vision,4,eurosat,0.9065605401992798,0.9118518233299255,500,600,256,128,0.01,1.2165067363530397,0.020433953031897545,npu:6
resnet50,stl10,general_vision,4,flowers102,0.6470588445663452,0.709399938583374,500,600,256,128,0.01,1.2165067363530397,0.01904194988310337,npu:6
resnet50,stl10,general_vision,4,food101,0.40594059228897095,0.4603999853134155,500,600,256,128,0.01,1.2165067363530397,0.024086618795990944,npu:6
resnet50,stl10,general_vision,4,gtsrb,0.6745328903198242,0.5717999935150146,500,600,256,128,0.01,1.2165067363530397,0.02221892960369587,npu:6
resnet50,stl10,general_vision,4,oxford_pets,0.9093368649482727,0.8759880065917969,500,600,256,128,0.01,1.2165067363530397,0.02078292705118656,npu:6
resnet50,svhn,digits_characters,0,beans,0.889423131942749,0.875,500,600,256,128,0.01,1.2013141121715307,0.01627819985151291,npu:6
resnet50,svhn,digits_characters,0,dtd,0.6396276950836182,0.617553174495697,500,600,256,128,0.01,1.2013141121715307,0.022102393209934235,npu:6
resnet50,svhn,digits_characters,0,eurosat,0.8976142406463623,0.9014815092086792,500,600,256,128,0.01,1.2013141121715307,0.021740388125181198,npu:6
resnet50,svhn,digits_characters,0,flowers102,0.6078432202339172,0.6721999645233154,500,600,256,128,0.01,1.2013141121715307,0.018413648009300232,npu:6
resnet50,svhn,digits_characters,0,food101,0.4099010229110718,0.4413999915122986,500,600,256,128,0.01,1.2013141121715307,0.0317499078810215,npu:6
resnet50,svhn,digits_characters,0,gtsrb,0.665683388710022,0.5784000158309937,500,600,256,128,0.01,1.2013141121715307,0.022623462602496147,npu:6
resnet50,svhn,digits_characters,0,oxford_pets,0.8985114097595215,0.8814390897750854,500,600,256,128,0.01,1.2013141121715307,0.02047075517475605,npu:6
resnet50,svhn,digits_characters,1,beans,0.8509615659713745,0.8984375,500,600,256,128,0.01,1.215341443195939,0.01607958786189556,npu:6
resnet50,svhn,digits_characters,1,dtd,0.6329786777496338,0.6154255270957947,500,600,256,128,0.01,1.215341443195939,0.019438082352280617,npu:6
resnet50,svhn,digits_characters,1,eurosat,0.8936381340026855,0.8996296525001526,500,600,256,128,0.01,1.215341443195939,0.020626533776521683,npu:6
resnet50,svhn,digits_characters,1,flowers102,0.6274510025978088,0.6714000105857849,500,600,256,128,0.01,1.215341443195939,0.019713571295142174,npu:6
resnet50,svhn,digits_characters,1,food101,0.41584160923957825,0.4357999861240387,500,600,256,128,0.01,1.215341443195939,0.03655468486249447,npu:6
resnet50,svhn,digits_characters,1,gtsrb,0.665683388710022,0.5706000328063965,500,600,256,128,0.01,1.215341443195939,0.021435419097542763,npu:6
resnet50,svhn,digits_characters,1,oxford_pets,0.8985114097595215,0.8877077698707581,500,600,256,128,0.01,1.215341443195939,0.020544687286019325,npu:6
resnet50,svhn,digits_characters,2,beans,0.836538553237915,0.875,500,600,256,128,0.01,1.3280459754168987,0.020593244582414627,npu:6
resnet50,svhn,digits_characters,2,dtd,0.6196809411048889,0.6239361763000488,500,600,256,128,0.01,1.3280459754168987,0.020737316459417343,npu:6
resnet50,svhn,digits_characters,2,eurosat,0.8976142406463623,0.9025925993919373,500,600,256,128,0.01,1.3280459754168987,0.019596902653574944,npu:6
resnet50,svhn,digits_characters,2,flowers102,0.6274510622024536,0.670799970626831,500,600,256,128,0.01,1.3280459754168987,0.021088847890496254,npu:6
resnet50,svhn,digits_characters,2,food101,0.39603960514068604,0.44019997119903564,500,600,256,128,0.01,1.3280459754168987,0.02643420547246933,npu:6
resnet50,svhn,digits_characters,2,gtsrb,0.6627335548400879,0.5697999596595764,500,600,256,128,0.01,1.3280459754168987,0.022406412288546562,npu:6
resnet50,svhn,digits_characters,2,oxford_pets,0.9052773118019104,0.8937039375305176,500,600,256,128,0.01,1.3280459754168987,0.033073170110583305,npu:6
resnet50,svhn,digits_characters,3,beans,0.8461538553237915,0.8828125,500,600,256,128,0.01,1.2840629648417234,0.018317777663469315,npu:6
resnet50,svhn,digits_characters,3,dtd,0.664893627166748,0.6138297915458679,500,600,256,128,0.01,1.2840629648417234,0.022455640137195587,npu:6
resnet50,svhn,digits_characters,3,eurosat,0.8956261873245239,0.8948148488998413,500,600,256,128,0.01,1.2840629648417234,0.02448282018303871,npu:6
resnet50,svhn,digits_characters,3,flowers102,0.6372549533843994,0.6759999990463257,500,600,256,128,0.01,1.2840629648417234,0.02528037317097187,npu:6
resnet50,svhn,digits_characters,3,food101,0.393069326877594,0.43799999356269836,500,600,256,128,0.01,1.2840629648417234,0.027973754331469536,npu:6
resnet50,svhn,digits_characters,3,gtsrb,0.6666666865348816,0.5747999548912048,500,600,256,128,0.01,1.2840629648417234,0.024623770266771317,npu:6
resnet50,svhn,digits_characters,3,oxford_pets,0.9025709629058838,0.8947941660881042,500,600,256,128,0.01,1.2840629648417234,0.023597724735736847,npu:6
resnet50,svhn,digits_characters,4,beans,0.8509615659713745,0.890625,500,600,256,128,0.01,1.214611841365695,0.017638513818383217,npu:6
resnet50,svhn,digits_characters,4,dtd,0.6303191781044006,0.6180850863456726,500,600,256,128,0.01,1.214611841365695,0.020506126806139946,npu:6
resnet50,svhn,digits_characters,4,eurosat,0.9035784602165222,0.9044444561004639,500,600,256,128,0.01,1.214611841365695,0.022313671186566353,npu:6
resnet50,svhn,digits_characters,4,flowers102,0.6813726425170898,0.6693999767303467,500,600,256,128,0.01,1.214611841365695,0.019763359799981117,npu:6
resnet50,svhn,digits_characters,4,food101,0.41485148668289185,0.4407999813556671,500,600,256,128,0.01,1.214611841365695,0.022921113297343254,npu:6
resnet50,svhn,digits_characters,4,gtsrb,0.6538840532302856,0.5655999183654785,500,600,256,128,0.01,1.214611841365695,0.02199879288673401,npu:6
resnet50,svhn,digits_characters,4,oxford_pets,0.9093368649482727,0.8896156549453735,500,600,256,128,0.01,1.214611841365695,0.019633831456303596,npu:6
resnet50,tiny_imagenet,general_vision,0,beans,0.831730842590332,0.8203125,500,600,256,128,0.01,1.2785040345042944,0.016235969960689545,npu:6
resnet50,tiny_imagenet,general_vision,0,dtd,0.6542553305625916,0.6452127695083618,500,600,256,128,0.01,1.2785040345042944,0.0183752179145813,npu:6
resnet50,tiny_imagenet,general_vision,0,eurosat,0.9035784602165222,0.9122222065925598,500,600,256,128,0.01,1.2785040345042944,0.02131034806370735,npu:6
resnet50,tiny_imagenet,general_vision,0,flowers102,0.6617647409439087,0.6893999576568604,500,600,256,128,0.01,1.2785040345042944,0.0191987082362175,npu:6
resnet50,tiny_imagenet,general_vision,0,food101,0.4198020100593567,0.4490000009536743,500,600,256,128,0.01,1.2785040345042944,0.02341044880449772,npu:6
resnet50,tiny_imagenet,general_vision,0,gtsrb,0.706981360912323,0.5827999711036682,500,600,256,128,0.01,1.2785040345042944,0.023049404844641685,npu:6
resnet50,tiny_imagenet,general_vision,0,oxford_pets,0.9066305160522461,0.896156907081604,500,600,256,128,0.01,1.2785040345042944,0.020973145961761475,npu:6
resnet50,tiny_imagenet,general_vision,1,beans,0.8413462042808533,0.8203125,500,600,256,128,0.01,1.2501652892678976,0.01914108917117119,npu:6
resnet50,tiny_imagenet,general_vision,1,dtd,0.6436170339584351,0.6446807980537415,500,600,256,128,0.01,1.2501652892678976,0.024994300678372383,npu:6
resnet50,tiny_imagenet,general_vision,1,eurosat,0.9015904068946838,0.9085184931755066,500,600,256,128,0.01,1.2501652892678976,0.035009607672691345,npu:6
resnet50,tiny_imagenet,general_vision,1,flowers102,0.6274510622024536,0.6941999793052673,500,600,256,128,0.01,1.2501652892678976,0.02253883145749569,npu:6
resnet50,tiny_imagenet,general_vision,1,food101,0.4019802212715149,0.4495999813079834,500,600,256,128,0.01,1.2501652892678976,0.024462969973683357,npu:6
resnet50,tiny_imagenet,general_vision,1,gtsrb,0.6912487745285034,0.5964000225067139,500,600,256,128,0.01,1.2501652892678976,0.02282499149441719,npu:6
resnet50,tiny_imagenet,general_vision,1,oxford_pets,0.9228686094284058,0.8969745635986328,500,600,256,128,0.01,1.2501652892678976,0.019013890996575356,npu:6
resnet50,tiny_imagenet,general_vision,2,beans,0.8173077702522278,0.875,500,600,256,128,0.01,1.213689299300313,0.015873128548264503,npu:6
resnet50,tiny_imagenet,general_vision,2,dtd,0.6382979154586792,0.6393616795539856,500,600,256,128,0.01,1.213689299300313,0.018336348235607147,npu:6
resnet50,tiny_imagenet,general_vision,2,eurosat,0.9045724868774414,0.914814829826355,500,600,256,128,0.01,1.213689299300313,0.021363379433751106,npu:6
resnet50,tiny_imagenet,general_vision,2,flowers102,0.6225490570068359,0.6805999279022217,500,600,256,128,0.01,1.213689299300313,0.021942010149359703,npu:6
resnet50,tiny_imagenet,general_vision,2,food101,0.4108911156654358,0.44760000705718994,500,600,256,128,0.01,1.213689299300313,0.02658349648118019,npu:6
resnet50,tiny_imagenet,general_vision,2,gtsrb,0.698131799697876,0.5885999798774719,500,600,256,128,0.01,1.213689299300313,0.026809081435203552,npu:6
resnet50,tiny_imagenet,general_vision,2,oxford_pets,0.9228686690330505,0.8956118822097778,500,600,256,128,0.01,1.213689299300313,0.025138624012470245,npu:6
resnet50,tiny_imagenet,general_vision,3,beans,0.8750000596046448,0.875,500,600,256,128,0.01,1.220094621181488,0.016147200018167496,npu:6
resnet50,tiny_imagenet,general_vision,3,dtd,0.6382979154586792,0.6446808576583862,500,600,256,128,0.01,1.220094621181488,0.020436275750398636,npu:6
resnet50,tiny_imagenet,general_vision,3,eurosat,0.9165009260177612,0.9029629826545715,500,600,256,128,0.01,1.220094621181488,0.02193318121135235,npu:6
resnet50,tiny_imagenet,general_vision,3,flowers102,0.6568628549575806,0.6841999888420105,500,600,256,128,0.01,1.220094621181488,0.019963974133133888,npu:6
resnet50,tiny_imagenet,general_vision,3,food101,0.41584157943725586,0.4511999785900116,500,600,256,128,0.01,1.220094621181488,0.024794328957796097,npu:6
resnet50,tiny_imagenet,general_vision,3,gtsrb,0.6892821788787842,0.5895999670028687,500,600,256,128,0.01,1.220094621181488,0.025054171681404114,npu:6
resnet50,tiny_imagenet,general_vision,3,oxford_pets,0.9201623201370239,0.8986099362373352,500,600,256,128,0.01,1.220094621181488,0.02100895717740059,npu:6
resnet50,tiny_imagenet,general_vision,4,beans,0.8605769872665405,0.875,500,600,256,128,0.01,1.280269268900156,0.016123129054903984,npu:6
resnet50,tiny_imagenet,general_vision,4,dtd,0.644946813583374,0.6452127695083618,500,600,256,128,0.01,1.280269268900156,0.019117850810289383,npu:6
resnet50,tiny_imagenet,general_vision,4,eurosat,0.9065605401992798,0.9107407331466675,500,600,256,128,0.01,1.280269268900156,0.021043766289949417,npu:6
resnet50,tiny_imagenet,general_vision,4,flowers102,0.6421568989753723,0.6843999624252319,500,600,256,128,0.01,1.280269268900156,0.027843132615089417,npu:6
resnet50,tiny_imagenet,general_vision,4,food101,0.40693068504333496,0.45479997992515564,500,600,256,128,0.01,1.280269268900156,0.02429760992527008,npu:6
resnet50,tiny_imagenet,general_vision,4,gtsrb,0.7148475646972656,0.579800009727478,500,600,256,128,0.01,1.280269268900156,0.022076500579714775,npu:6
resnet50,tiny_imagenet,general_vision,4,oxford_pets,0.9052773118019104,0.892341136932373,500,600,256,128,0.01,1.280269268900156,0.018206406384706497,npu:6
resnet50,tissuemnist,medical,0,beans,0.8125000596046448,0.8515625,500,600,256,128,0.01,1.2104953564703465,0.01557888649404049,npu:6
resnet50,tissuemnist,medical,0,dtd,0.6143617630004883,0.6212766170501709,500,600,256,128,0.01,1.2104953564703465,0.01934160105884075,npu:6
resnet50,tissuemnist,medical,0,eurosat,0.9055665731430054,0.9044444561004639,500,600,256,128,0.01,1.2104953564703465,0.021164128556847572,npu:6
resnet50,tissuemnist,medical,0,flowers102,0.6029411554336548,0.6599999666213989,500,600,256,128,0.01,1.2104953564703465,0.01955372281372547,npu:6
resnet50,tissuemnist,medical,0,food101,0.41386139392852783,0.446399986743927,500,600,256,128,0.01,1.2104953564703465,0.023060426115989685,npu:6
resnet50,tissuemnist,medical,0,gtsrb,0.6794493794441223,0.5537999868392944,500,600,256,128,0.01,1.2104953564703465,0.02218981273472309,npu:6
resnet50,tissuemnist,medical,0,oxford_pets,0.9039241671562195,0.8849822282791138,500,600,256,128,0.01,1.2104953564703465,0.019128520041704178,npu:6
resnet50,tissuemnist,medical,1,beans,0.836538553237915,0.875,500,600,256,128,0.01,1.233797300606966,0.0162297785282135,npu:6
resnet50,tissuemnist,medical,1,dtd,0.6289893984794617,0.6164893507957458,500,600,256,128,0.01,1.233797300606966,0.019993802532553673,npu:6
resnet50,tissuemnist,medical,1,eurosat,0.9015904068946838,0.9011111259460449,500,600,256,128,0.01,1.233797300606966,0.019715910777449608,npu:6
resnet50,tissuemnist,medical,1,flowers102,0.6274510622024536,0.6665999889373779,500,600,256,128,0.01,1.233797300606966,0.018805338069796562,npu:6
resnet50,tissuemnist,medical,1,food101,0.42376241087913513,0.4383999705314636,500,600,256,128,0.01,1.233797300606966,0.02327294461429119,npu:6
resnet50,tissuemnist,medical,1,gtsrb,0.6705998182296753,0.5719999670982361,500,600,256,128,0.01,1.233797300606966,0.020726365968585014,npu:6
resnet50,tissuemnist,medical,1,oxford_pets,0.9079837203025818,0.8773507475852966,500,600,256,128,0.01,1.233797300606966,0.019136648625135422,npu:6
resnet50,tissuemnist,medical,2,beans,0.8701923489570618,0.8828125,500,600,256,128,0.01,1.2497399561107159,0.018962480127811432,npu:6
resnet50,tissuemnist,medical,2,dtd,0.6223404407501221,0.6143616437911987,500,600,256,128,0.01,1.2497399561107159,0.019921572878956795,npu:6
resnet50,tissuemnist,medical,2,eurosat,0.8936380743980408,0.897777795791626,500,600,256,128,0.01,1.2497399561107159,0.030408626422286034,npu:6
resnet50,tissuemnist,medical,2,flowers102,0.5882353782653809,0.6682000160217285,500,600,256,128,0.01,1.2497399561107159,0.022674396634101868,npu:6
resnet50,tissuemnist,medical,2,food101,0.4099010229110718,0.44419997930526733,500,600,256,128,0.01,1.2497399561107159,0.02443455345928669,npu:6
resnet50,tissuemnist,medical,2,gtsrb,0.650934100151062,0.5663999915122986,500,600,256,128,0.01,1.2497399561107159,0.021781418472528458,npu:6
resnet50,tissuemnist,medical,2,oxford_pets,0.9025709629058838,0.8871626853942871,500,600,256,128,0.01,1.2497399561107159,0.019713131710886955,npu:6
resnet50,tissuemnist,medical,3,beans,0.8365384936332703,0.828125,500,600,256,128,0.01,1.292488994076848,0.019201532006263733,npu:6
resnet50,tissuemnist,medical,3,dtd,0.6303191781044006,0.6122340559959412,500,600,256,128,0.01,1.292488994076848,0.019452640786767006,npu:6
resnet50,tissuemnist,medical,3,eurosat,0.889661967754364,0.8925926089286804,500,600,256,128,0.01,1.292488994076848,0.021276475861668587,npu:6
resnet50,tissuemnist,medical,3,flowers102,0.6274510622024536,0.6631999611854553,500,600,256,128,0.01,1.292488994076848,0.01939409226179123,npu:6
resnet50,tissuemnist,medical,3,food101,0.394059419631958,0.43699997663497925,500,600,256,128,0.01,1.292488994076848,0.02330056205391884,npu:6
resnet50,tissuemnist,medical,3,gtsrb,0.6401180028915405,0.5655999779701233,500,600,256,128,0.01,1.292488994076848,0.02211894653737545,npu:6
resnet50,tissuemnist,medical,3,oxford_pets,0.8863328099250793,0.8860724568367004,500,600,256,128,0.01,1.292488994076848,0.019218111410737038,npu:6
resnet50,tissuemnist,medical,4,beans,0.8701924085617065,0.890625,500,600,256,128,0.01,1.2893636208027601,0.017846209928393364,npu:6
resnet50,tissuemnist,medical,4,dtd,0.623670220375061,0.6132978200912476,500,600,256,128,0.01,1.2893636208027601,0.0201704241335392,npu:6
resnet50,tissuemnist,medical,4,eurosat,0.8916500806808472,0.9040740728378296,500,600,256,128,0.01,1.2893636208027601,0.019319972023367882,npu:6
resnet50,tissuemnist,medical,4,flowers102,0.6274510622024536,0.6621999740600586,500,600,256,128,0.01,1.2893636208027601,0.018297767266631126,npu:6
resnet50,tissuemnist,medical,4,food101,0.40495049953460693,0.4371999502182007,500,600,256,128,0.01,1.2893636208027601,0.02275584638118744,npu:6
resnet50,tissuemnist,medical,4,gtsrb,0.6617502570152283,0.548799991607666,500,600,256,128,0.01,1.2893636208027601,0.021737506613135338,npu:6
resnet50,tissuemnist,medical,4,oxford_pets,0.9012178182601929,0.8912509679794312,500,600,256,128,0.01,1.2893636208027601,0.01963028497993946,npu:6
resnet50,usps,digits_characters,0,beans,0.817307710647583,0.875,500,600,256,128,0.01,1.3185676708817482,0.016331475228071213,npu:6
resnet50,usps,digits_characters,0,dtd,0.625,0.6255319118499756,500,600,256,128,0.01,1.3185676708817482,0.021575158461928368,npu:6
resnet50,usps,digits_characters,0,eurosat,0.9095426797866821,0.9151852130889893,500,600,256,128,0.01,1.3185676708817482,0.020779693499207497,npu:6
resnet50,usps,digits_characters,0,flowers102,0.5833333730697632,0.6862000226974487,500,600,256,128,0.01,1.3185676708817482,0.01859181933104992,npu:6
resnet50,usps,digits_characters,0,food101,0.394059419631958,0.4405999779701233,500,600,256,128,0.01,1.3185676708817482,0.024759434163570404,npu:6
resnet50,usps,digits_characters,0,gtsrb,0.6607670187950134,0.5893999338150024,500,600,256,128,0.01,1.3185676708817482,0.023293007165193558,npu:6
resnet50,usps,digits_characters,0,oxford_pets,0.9106900691986084,0.8928862810134888,500,600,256,128,0.01,1.3185676708817482,0.021534666419029236,npu:6
resnet50,usps,digits_characters,1,beans,0.8750000596046448,0.8984375,500,600,256,128,0.01,1.2732194643467665,0.016122575849294662,npu:6
resnet50,usps,digits_characters,1,dtd,0.6489362120628357,0.6218084692955017,500,600,256,128,0.01,1.2732194643467665,0.020416811108589172,npu:6
resnet50,usps,digits_characters,1,eurosat,0.9065605998039246,0.9062963128089905,500,600,256,128,0.01,1.2732194643467665,0.02217833884060383,npu:6
resnet50,usps,digits_characters,1,flowers102,0.6470588445663452,0.6746000051498413,500,600,256,128,0.01,1.2732194643467665,0.02269313670694828,npu:6
resnet50,usps,digits_characters,1,food101,0.38811883330345154,0.44760000705718994,500,600,256,128,0.01,1.2732194643467665,0.02683352865278721,npu:6
resnet50,usps,digits_characters,1,gtsrb,0.6578171253204346,0.5779999494552612,500,600,256,128,0.01,1.2732194643467665,0.02425043098628521,npu:6
resnet50,usps,digits_characters,1,oxford_pets,0.9079837203025818,0.8868901133537292,500,600,256,128,0.01,1.2732194643467665,0.02162892557680607,npu:6
resnet50,usps,digits_characters,2,beans,0.8509616255760193,0.875,500,600,256,128,0.01,1.2978336159139872,0.021539026871323586,npu:6
resnet50,usps,digits_characters,2,dtd,0.6436170339584351,0.6271276473999023,500,600,256,128,0.01,1.2978336159139872,0.02748947963118553,npu:6
resnet50,usps,digits_characters,2,eurosat,0.9075546264648438,0.9077777862548828,500,600,256,128,0.01,1.2978336159139872,0.027027476578950882,npu:6
resnet50,usps,digits_characters,2,flowers102,0.6764706373214722,0.6948000192642212,500,600,256,128,0.01,1.2978336159139872,0.024925295263528824,npu:6
resnet50,usps,digits_characters,2,food101,0.4009901285171509,0.4422000050544739,500,600,256,128,0.01,1.2978336159139872,0.027951881289482117,npu:6
resnet50,usps,digits_characters,2,gtsrb,0.6863323450088501,0.5927999019622803,500,600,256,128,0.01,1.2978336159139872,0.02982468344271183,npu:6
resnet50,usps,digits_characters,2,oxford_pets,0.913396418094635,0.883619487285614,500,600,256,128,0.01,1.2978336159139872,0.037658512592315674,npu:6
resnet50,usps,digits_characters,3,beans,0.894230842590332,0.8984375,500,600,256,128,0.01,1.2747638188302517,0.029938172549009323,npu:6
resnet50,usps,digits_characters,3,dtd,0.6276596188545227,0.6122339963912964,500,600,256,128,0.01,1.2747638188302517,0.021741848438978195,npu:6
resnet50,usps,digits_characters,3,eurosat,0.9035784602165222,0.9122222661972046,500,600,256,128,0.01,1.2747638188302517,0.021641457453370094,npu:6
resnet50,usps,digits_characters,3,flowers102,0.6568628549575806,0.6865999698638916,500,600,256,128,0.01,1.2747638188302517,0.037101199850440025,npu:6
resnet50,usps,digits_characters,3,food101,0.40792080760002136,0.42899996042251587,500,600,256,128,0.01,1.2747638188302517,0.03332776203751564,npu:6
resnet50,usps,digits_characters,3,gtsrb,0.6705998182296753,0.5893999338150024,500,600,256,128,0.01,1.2747638188302517,0.03340619243681431,npu:6
resnet50,usps,digits_characters,3,oxford_pets,0.913396418094635,0.8863450288772583,500,600,256,128,0.01,1.2747638188302517,0.030105246230959892,npu:6
resnet50,usps,digits_characters,4,beans,0.879807710647583,0.9296875,500,600,256,128,0.01,1.3284840509295464,0.015412244945764542,npu:6
resnet50,usps,digits_characters,4,dtd,0.6276596188545227,0.6196808218955994,500,600,256,128,0.01,1.3284840509295464,0.02238490991294384,npu:6
resnet50,usps,digits_characters,4,eurosat,0.9085486531257629,0.902222216129303,500,600,256,128,0.01,1.3284840509295464,0.031336767598986626,npu:6
resnet50,usps,digits_characters,4,flowers102,0.6666667461395264,0.6881999969482422,500,600,256,128,0.01,1.3284840509295464,0.02210576832294464,npu:6
resnet50,usps,digits_characters,4,food101,0.39702972769737244,0.4413999915122986,500,600,256,128,0.01,1.3284840509295464,0.024364972487092018,npu:6
resnet50,usps,digits_characters,4,gtsrb,0.6814159154891968,0.5821999311447144,500,600,256,128,0.01,1.3284840509295464,0.021768556907773018,npu:6
resnet50,usps,digits_characters,4,oxford_pets,0.9174559116363525,0.8939765095710754,500,600,256,128,0.01,1.3284840509295464,0.05115630850195885,npu:6
