START_UTC=2026-09-07T06:59:07Z ENCODER=clip_b32
SCRIPT_SHA256=8c05e398ff6c1bebd025c4288d2cfc3a73ad052c8b194cbfc057dd43f8d0096a
[
  {
    "encoder": "clip_b32",
    "method": "dpp_subspace",
    "shortlist_size": 3,
    "rows": 7,
    "targets": 7,
    "best_candidate_recall_mean": 0.7142857142857143,
    "top3_candidate_recall_mean": 0.5238095238095237,
    "best_candidate_family_recall_mean": 0.7142857142857143,
    "top3_candidate_family_recall_mean": 0.5476190476190476,
    "validation_regret_mean": 0.0013065389417707962,
    "normalized_validation_regret_mean": 0.04621557834180375,
    "test_regret_mean": 0.00167713846479145,
    "removed_fraction": 0.85,
    "selected_family_count_mean": 3.0,
    "removed_family_fraction_mean": 0.8125,
    "passes_90pct_recall_at_50pct_removal": false
  },
  {
    "encoder": "clip_b32",
    "method": "dpp_subspace",
    "shortlist_size": 5,
    "rows": 7,
    "targets": 7,
    "best_candidate_recall_mean": 0.8571428571428571,
    "top3_candidate_recall_mean": 0.619047619047619,
    "best_candidate_family_recall_mean": 1.0,
    "top3_candidate_family_recall_mean": 0.8571428571428571,
    "validation_regret_mean": 0.0005788983617510045,
    "normalized_validation_regret_mean": 0.011057609354520307,
    "test_regret_mean": -0.00010857582092284521,
    "removed_fraction": 0.75,
    "selected_family_count_mean": 5.0,
    "removed_family_fraction_mean": 0.6875,
    "passes_90pct_recall_at_50pct_removal": false
  },
  {
    "encoder": "clip_b32",
    "method": "dpp_subspace",
    "shortlist_size": 10,
    "rows": 7,
    "targets": 7,
    "best_candidate_recall_mean": 1.0,
    "top3_candidate_recall_mean": 1.0,
    "best_candidate_family_recall_mean": 1.0,
    "top3_candidate_family_recall_mean": 1.0,
    "validation_regret_mean": 0.0,
    "normalized_validation_regret_mean": 0.0,
    "test_regret_mean": 0.0,
    "removed_fraction": 0.5,
    "selected_family_count_mean": 9.0,
    "removed_family_fraction_mean": 0.4375,
    "passes_90pct_recall_at_50pct_removal": true
  },
  {
    "encoder": "clip_b32",
    "method": "facility_subspace",
    "shortlist_size": 3,
    "rows": 7,
    "targets": 7,
    "best_candidate_recall_mean": 0.14285714285714285,
    "top3_candidate_recall_mean": 0.23809523809523808,
    "best_candidate_family_recall_mean": 0.14285714285714285,
    "top3_candidate_family_recall_mean": 0.35714285714285715,
    "validation_regret_mean": 0.003287020658462552,
    "normalized_validation_regret_mean": 0.15839138160834973,
    "test_regret_mean": 0.005271296841757629,
    "removed_fraction": 0.85,
    "selected_family_count_mean": 3.0,
    "removed_family_fraction_mean": 0.8125,
    "passes_90pct_recall_at_50pct_removal": false
  },
  {
    "encoder": "clip_b32",
    "method": "facility_subspace",
    "shortlist_size": 5,
    "rows": 7,
    "targets": 7,
    "best_candidate_recall_mean": 0.14285714285714285,
    "top3_candidate_recall_mean": 0.47619047619047616,
    "best_candidate_family_recall_mean": 0.14285714285714285,
    "top3_candidate_family_recall_mean": 0.5952380952380951,
    "validation_regret_mean": 0.0024802625124369848,
    "normalized_validation_regret_mean": 0.10936511968360328,
    "test_regret_mean": 0.005621211869376046,
    "removed_fraction": 0.75,
    "selected_family_count_mean": 5.0,
    "removed_family_fraction_mean": 0.6875,
    "passes_90pct_recall_at_50pct_removal": false
  },
  {
    "encoder": "clip_b32",
    "method": "facility_subspace",
    "shortlist_size": 10,
    "rows": 7,
    "targets": 7,
    "best_candidate_recall_mean": 0.2857142857142857,
    "top3_candidate_recall_mean": 0.5714285714285714,
    "best_candidate_family_recall_mean": 0.2857142857142857,
    "top3_candidate_family_recall_mean": 0.6904761904761905,
    "validation_regret_mean": 0.001752621932417193,
    "normalized_validation_regret_mean": 0.07420715069631985,
    "test_regret_mean": 0.003835497583661751,
    "removed_fraction": 0.5,
    "selected_family_count_mean": 10.0,
    "removed_family_fraction_mean": 0.375,
    "passes_90pct_recall_at_50pct_removal": false
  },
  {
    "encoder": "clip_b32",
    "method": "kcenter_subspace",
    "shortlist_size": 3,
    "rows": 7,
    "targets": 7,
    "best_candidate_recall_mean": 0.0,
    "top3_candidate_recall_mean": 0.23809523809523808,
    "best_candidate_family_recall_mean": 0.0,
    "top3_candidate_family_recall_mean": 0.23809523809523808,
    "validation_regret_mean": 0.006117239871281178,
    "normalized_validation_regret_mean": 0.2122215969199446,
    "test_regret_mean": 0.00895436320986068,
    "removed_fraction": 0.85,
    "selected_family_count_mean": 3.0,
    "removed_family_fraction_mean": 0.8125,
    "passes_90pct_recall_at_50pct_removal": false
  },
  {
    "encoder": "clip_b32",
    "method": "kcenter_subspace",
    "shortlist_size": 5,
    "rows": 7,
    "targets": 7,
    "best_candidate_recall_mean": 0.0,
    "top3_candidate_recall_mean": 0.2857142857142857,
    "best_candidate_family_recall_mean": 0.0,
    "top3_candidate_family_recall_mean": 0.38095238095238093,
    "validation_regret_mean": 0.006117239871281178,
    "normalized_validation_regret_mean": 0.2122215969199446,
    "test_regret_mean": 0.00895436320986068,
    "removed_fraction": 0.75,
    "selected_family_count_mean": 5.0,
    "removed_family_fraction_mean": 0.6875,
    "passes_90pct_recall_at_50pct_removal": false
  },
  {
    "encoder": "clip_b32",
    "method": "kcenter_subspace",
    "shortlist_size": 10,
    "rows": 7,
    "targets": 7,
    "best_candidate_recall_mean": 0.14285714285714285,
    "top3_candidate_recall_mean": 0.5238095238095238,
    "best_candidate_family_recall_mean": 0.14285714285714285,
    "top3_candidate_family_recall_mean": 0.6428571428571429,
    "validation_regret_mean": 0.0024802625124369848,
    "normalized_validation_regret_mean": 0.10936511968360328,
    "test_regret_mean": 0.005621211869376046,
    "removed_fraction": 0.5,
    "selected_family_count_mean": 10.0,
    "removed_family_fraction_mean": 0.375,
    "passes_90pct_recall_at_50pct_removal": false
  },
  {
    "encoder": "clip_b32",
    "method": "pool_vendi_subspace",
    "shortlist_size": 3,
    "rows": 7,
    "targets": 7,
    "best_candidate_recall_mean": 0.0,
    "top3_candidate_recall_mean": 0.23809523809523808,
    "best_candidate_family_recall_mean": 0.0,
    "top3_candidate_family_recall_mean": 0.23809523809523808,
    "validation_regret_mean": 0.006117239871281178,
    "normalized_validation_regret_mean": 0.2122215969199446,
    "test_regret_mean": 0.00895436320986068,
    "removed_fraction": 0.85,
    "selected_family_count_mean": 3.0,
    "removed_family_fraction_mean": 0.8125,
    "passes_90pct_recall_at_50pct_removal": false
  },
  {
    "encoder": "clip_b32",
    "method": "pool_vendi_subspace",
    "shortlist_size": 5,
    "rows": 7,
    "targets": 7,
    "best_candidate_recall_mean": 0.0,
    "top3_candidate_recall_mean": 0.38095238095238093,
    "best_candidate_family_recall_mean": 0.0,
    "top3_candidate_family_recall_mean": 0.38095238095238093,
    "validation_regret_mean": 0.005995857566680878,
    "normalized_validation_regret_mean": 0.20990305847606,
    "test_regret_mean": 0.008891505854470405,
    "removed_fraction": 0.75,
    "selected_family_count_mean": 5.0,
    "removed_family_fraction_mean": 0.6875,
    "passes_90pct_recall_at_50pct_removal": false
  },
  {
    "encoder": "clip_b32",
    "method": "pool_vendi_subspace",
    "shortlist_size": 10,
    "rows": 7,
    "targets": 7,
    "best_candidate_recall_mean": 0.7142857142857143,
    "top3_candidate_recall_mean": 0.6666666666666667,
    "best_candidate_family_recall_mean": 0.7142857142857143,
    "top3_candidate_family_recall_mean": 0.6904761904761905,
    "validation_regret_mean": 0.0013065389417707962,
    "normalized_validation_regret_mean": 0.04621557834180375,
    "test_regret_mean": 0.00167713846479145,
    "removed_fraction": 0.5,
    "selected_family_count_mean": 10.0,
    "removed_family_fraction_mean": 0.375,
    "passes_90pct_recall_at_50pct_removal": false
  },
  {
    "encoder": "clip_b32",
    "method": "random",
    "shortlist_size": 3,
    "rows": 700,
    "targets": 7,
    "best_candidate_recall_mean": 0.15571428571428572,
    "top3_candidate_recall_mean": 0.14333333333333334,
    "best_candidate_family_recall_mean": 0.17857142857142858,
    "top3_candidate_family_recall_mean": 0.1969047619047619,
    "validation_regret_mean": 0.008073719150575033,
    "normalized_validation_regret_mean": 0.30634197332729995,
    "test_regret_mean": 0.009993762731552126,
    "removed_fraction": 0.85,
    "selected_family_count_mean": 2.9371428571428573,
    "removed_family_fraction_mean": 0.8164285714285714,
    "passes_90pct_recall_at_50pct_removal": false
  },
  {
    "encoder": "clip_b32",
    "method": "random",
    "shortlist_size": 5,
    "rows": 700,
    "targets": 7,
    "best_candidate_recall_mean": 0.24285714285714285,
    "top3_candidate_recall_mean": 0.2623809523809524,
    "best_candidate_family_recall_mean": 0.2785714285714286,
    "top3_candidate_family_recall_mean": 0.3314285714285714,
    "validation_regret_mean": 0.00548382045179127,
    "normalized_validation_regret_mean": 0.2093005133211777,
    "test_regret_mean": 0.007073245372091024,
    "removed_fraction": 0.75,
    "selected_family_count_mean": 4.755714285714285,
    "removed_family_fraction_mean": 0.7027678571428572,
    "passes_90pct_recall_at_50pct_removal": false
  },
  {
    "encoder": "clip_b32",
    "method": "random",
    "shortlist_size": 10,
    "rows": 700,
    "targets": 7,
    "best_candidate_recall_mean": 0.48,
    "top3_candidate_recall_mean": 0.48,
    "best_candidate_family_recall_mean": 0.5214285714285715,
    "top3_candidate_family_recall_mean": 0.5807142857142857,
    "validation_regret_mean": 0.0026620460987853557,
    "normalized_validation_regret_mean": 0.10249484120019628,
    "test_regret_mean": 0.003726211786270144,
    "removed_fraction": 0.5,
    "selected_family_count_mean": 8.961428571428572,
    "removed_family_fraction_mean": 0.43991071428571427,
    "passes_90pct_recall_at_50pct_removal": false
  },
  {
    "encoder": "clip_b32",
    "method": "rank_only",
    "shortlist_size": 3,
    "rows": 7,
    "targets": 7,
    "best_candidate_recall_mean": 0.7142857142857143,
    "top3_candidate_recall_mean": 0.5238095238095237,
    "best_candidate_family_recall_mean": 0.7142857142857143,
    "top3_candidate_family_recall_mean": 0.5476190476190476,
    "validation_regret_mean": 0.0013065389417707962,
    "normalized_validation_regret_mean": 0.04621557834180375,
    "test_regret_mean": 0.00167713846479145,
    "removed_fraction": 0.85,
    "selected_family_count_mean": 3.0,
    "removed_family_fraction_mean": 0.8125,
    "passes_90pct_recall_at_50pct_removal": false
  },
  {
    "encoder": "clip_b32",
    "method": "rank_only",
    "shortlist_size": 5,
    "rows": 7,
    "targets": 7,
    "best_candidate_recall_mean": 0.8571428571428571,
    "top3_candidate_recall_mean": 0.8095238095238094,
    "best_candidate_family_recall_mean": 0.8571428571428571,
    "top3_candidate_family_recall_mean": 0.8095238095238094,
    "validation_regret_mean": 0.0007276405800197917,
    "normalized_validation_regret_mean": 0.03515796898728345,
    "test_regret_mean": 0.0017857142857142952,
    "removed_fraction": 0.75,
    "selected_family_count_mean": 4.0,
    "removed_family_fraction_mean": 0.75,
    "passes_90pct_recall_at_50pct_removal": false
  },
  {
    "encoder": "clip_b32",
    "method": "rank_only",
    "shortlist_size": 10,
    "rows": 7,
    "targets": 7,
    "best_candidate_recall_mean": 1.0,
    "top3_candidate_recall_mean": 0.9047619047619048,
    "best_candidate_family_recall_mean": 1.0,
    "top3_candidate_family_recall_mean": 0.9047619047619048,
    "validation_regret_mean": 0.0,
    "normalized_validation_regret_mean": 0.0,
    "test_regret_mean": 0.0,
    "removed_fraction": 0.5,
    "selected_family_count_mean": 8.0,
    "removed_family_fraction_mean": 0.5,
    "passes_90pct_recall_at_50pct_removal": true
  }
]
SOURCE_DONE=bloodmnist COMPLETED=1/21
[
  {
    "encoder": "clip_b32",
    "method": "dpp_subspace",
    "shortlist_size": 3,
    "rows": 7,
    "targets": 7,
    "best_candidate_recall_mean": 0.7142857142857143,
    "top3_candidate_recall_mean": 0.5238095238095237,
    "best_candidate_family_recall_mean": 0.7142857142857143,
    "top3_candidate_family_recall_mean": 0.5476190476190476,
    "validation_regret_mean": 0.0013065389417707962,
    "normalized_validation_regret_mean": 0.04037112443161823,
    "test_regret_mean": 0.00167713846479145,
    "removed_fraction": 0.85,
    "selected_family_count_mean": 3.0,
    "removed_family_fraction_mean": 0.8125,
    "passes_90pct_recall_at_50pct_removal": false
  },
  {
    "encoder": "clip_b32",
    "method": "dpp_subspace",
    "shortlist_size": 5,
    "rows": 7,
    "targets": 7,
    "best_candidate_recall_mean": 0.8571428571428571,
    "top3_candidate_recall_mean": 0.619047619047619,
    "best_candidate_family_recall_mean": 1.0,
    "top3_candidate_family_recall_mean": 0.8571428571428571,
    "validation_regret_mean": 0.0005788983617510045,
    "normalized_validation_regret_mean": 0.011057609354520307,
    "test_regret_mean": -0.00010857582092284521,
    "removed_fraction": 0.75,
    "selected_family_count_mean": 5.0,
    "removed_family_fraction_mean": 0.6875,
    "passes_90pct_recall_at_50pct_removal": false
  },
  {
    "encoder": "clip_b32",
    "method": "dpp_subspace",
    "shortlist_size": 10,
    "rows": 7,
    "targets": 7,
    "best_candidate_recall_mean": 1.0,
    "top3_candidate_recall_mean": 0.9047619047619048,
    "best_candidate_family_recall_mean": 1.0,
    "top3_candidate_family_recall_mean": 0.9047619047619048,
    "validation_regret_mean": 0.0,
    "normalized_validation_regret_mean": 0.0,
    "test_regret_mean": 0.0,
    "removed_fraction": 0.5,
    "selected_family_count_mean": 9.0,
    "removed_family_fraction_mean": 0.4375,
    "passes_90pct_recall_at_50pct_removal": true
  },
  {
    "encoder": "clip_b32",
    "method": "facility_subspace",
    "shortlist_size": 3,
    "rows": 7,
    "targets": 7,
    "best_candidate_recall_mean": 0.14285714285714285,
    "top3_candidate_recall_mean": 0.23809523809523808,
    "best_candidate_family_recall_mean": 0.14285714285714285,
    "top3_candidate_family_recall_mean": 0.35714285714285715,
    "validation_regret_mean": 0.003287020658462552,
    "normalized_validation_regret_mean": 0.15569461241430024,
    "test_regret_mean": 0.005271296841757629,
    "removed_fraction": 0.85,
    "selected_family_count_mean": 3.0,
    "removed_family_fraction_mean": 0.8125,
    "passes_90pct_recall_at_50pct_removal": false
  },
  {
    "encoder": "clip_b32",
    "method": "facility_subspace",
    "shortlist_size": 5,
    "rows": 7,
    "targets": 7,
    "best_candidate_recall_mean": 0.14285714285714285,
    "top3_candidate_recall_mean": 0.47619047619047616,
    "best_candidate_family_recall_mean": 0.14285714285714285,
    "top3_candidate_family_recall_mean": 0.5952380952380951,
    "validation_regret_mean": 0.0024802625124369848,
    "normalized_validation_regret_mean": 0.10741258323063144,
    "test_regret_mean": 0.005621211869376046,
    "removed_fraction": 0.75,
    "selected_family_count_mean": 5.0,
    "removed_family_fraction_mean": 0.6875,
    "passes_90pct_recall_at_50pct_removal": false
  },
  {
    "encoder": "clip_b32",
    "method": "facility_subspace",
    "shortlist_size": 10,
    "rows": 7,
    "targets": 7,
    "best_candidate_recall_mean": 0.2857142857142857,
    "top3_candidate_recall_mean": 0.5714285714285714,
    "best_candidate_family_recall_mean": 0.2857142857142857,
    "top3_candidate_family_recall_mean": 0.6904761904761905,
    "validation_regret_mean": 0.001752621932417193,
    "normalized_validation_regret_mean": 0.07809906815353351,
    "test_regret_mean": 0.003835497583661751,
    "removed_fraction": 0.5,
    "selected_family_count_mean": 10.0,
    "removed_family_fraction_mean": 0.375,
    "passes_90pct_recall_at_50pct_removal": false
  },
  {
    "encoder": "clip_b32",
    "method": "kcenter_subspace",
    "shortlist_size": 3,
    "rows": 7,
    "targets": 7,
    "best_candidate_recall_mean": 0.0,
    "top3_candidate_recall_mean": 0.23809523809523808,
    "best_candidate_family_recall_mean": 0.0,
    "top3_candidate_family_recall_mean": 0.23809523809523808,
    "validation_regret_mean": 0.006117239871281178,
    "normalized_validation_regret_mean": 0.21300348565100274,
    "test_regret_mean": 0.00895436320986068,
    "removed_fraction": 0.85,
    "selected_family_count_mean": 3.0,
    "removed_family_fraction_mean": 0.8125,
    "passes_90pct_recall_at_50pct_removal": false
  },
  {
    "encoder": "clip_b32",
    "method": "kcenter_subspace",
    "shortlist_size": 5,
    "rows": 7,
    "targets": 7,
    "best_candidate_recall_mean": 0.0,
    "top3_candidate_recall_mean": 0.2857142857142857,
    "best_candidate_family_recall_mean": 0.0,
    "top3_candidate_family_recall_mean": 0.38095238095238093,
    "validation_regret_mean": 0.006117239871281178,
    "normalized_validation_regret_mean": 0.21300348565100274,
    "test_regret_mean": 0.00895436320986068,
    "removed_fraction": 0.75,
    "selected_family_count_mean": 5.0,
    "removed_family_fraction_mean": 0.6875,
    "passes_90pct_recall_at_50pct_removal": false
  },
  {
    "encoder": "clip_b32",
    "method": "kcenter_subspace",
    "shortlist_size": 10,
    "rows": 7,
    "targets": 7,
    "best_candidate_recall_mean": 0.0,
    "top3_candidate_recall_mean": 0.3333333333333333,
    "best_candidate_family_recall_mean": 0.14285714285714285,
    "top3_candidate_family_recall_mean": 0.6428571428571429,
    "validation_regret_mean": 0.005776288207173986,
    "normalized_validation_regret_mean": 0.2005720927620401,
    "test_regret_mean": 0.00923436539513727,
    "removed_fraction": 0.5,
    "selected_family_count_mean": 10.0,
    "removed_family_fraction_mean": 0.375,
    "passes_90pct_recall_at_50pct_removal": false
  },
  {
    "encoder": "clip_b32",
    "method": "pool_vendi_subspace",
    "shortlist_size": 3,
    "rows": 7,
    "targets": 7,
    "best_candidate_recall_mean": 0.0,
    "top3_candidate_recall_mean": 0.23809523809523808,
    "best_candidate_family_recall_mean": 0.0,
    "top3_candidate_family_recall_mean": 0.23809523809523808,
    "validation_regret_mean": 0.006117239871281178,
    "normalized_validation_regret_mean": 0.21300348565100274,
    "test_regret_mean": 0.00895436320986068,
    "removed_fraction": 0.85,
    "selected_family_count_mean": 3.0,
    "removed_family_fraction_mean": 0.8125,
    "passes_90pct_recall_at_50pct_removal": false
  },
  {
    "encoder": "clip_b32",
    "method": "pool_vendi_subspace",
    "shortlist_size": 5,
    "rows": 7,
    "targets": 7,
    "best_candidate_recall_mean": 0.0,
    "top3_candidate_recall_mean": 0.38095238095238093,
    "best_candidate_family_recall_mean": 0.0,
    "top3_candidate_family_recall_mean": 0.38095238095238093,
    "validation_regret_mean": 0.005995857566680878,
    "normalized_validation_regret_mean": 0.21068494720711814,
    "test_regret_mean": 0.008891505854470405,
    "removed_fraction": 0.75,
    "selected_family_count_mean": 5.0,
    "removed_family_fraction_mean": 0.6875,
    "passes_90pct_recall_at_50pct_removal": false
  },
  {
    "encoder": "clip_b32",
    "method": "pool_vendi_subspace",
    "shortlist_size": 10,
    "rows": 7,
    "targets": 7,
    "best_candidate_recall_mean": 0.7142857142857143,
    "top3_candidate_recall_mean": 0.6666666666666667,
    "best_candidate_family_recall_mean": 0.7142857142857143,
    "top3_candidate_family_recall_mean": 0.6904761904761905,
    "validation_regret_mean": 0.0013065389417707962,
    "normalized_validation_regret_mean": 0.04037112443161823,
    "test_regret_mean": 0.00167713846479145,
    "removed_fraction": 0.5,
    "selected_family_count_mean": 10.0,
    "removed_family_fraction_mean": 0.375,
    "passes_90pct_recall_at_50pct_removal": false
  },
  {
    "encoder": "clip_b32",
    "method": "random",
    "shortlist_size": 3,
    "rows": 700,
    "targets": 7,
    "best_candidate_recall_mean": 0.15571428571428572,
    "top3_candidate_recall_mean": 0.14333333333333334,
    "best_candidate_family_recall_mean": 0.17857142857142858,
    "top3_candidate_family_recall_mean": 0.1969047619047619,
    "validation_regret_mean": 0.007808716063491287,
    "normalized_validation_regret_mean": 0.30553841862353376,
    "test_regret_mean": 0.009723578367914475,
    "removed_fraction": 0.85,
    "selected_family_count_mean": 2.9371428571428573,
    "removed_family_fraction_mean": 0.8164285714285714,
    "passes_90pct_recall_at_50pct_removal": false
  },
  {
    "encoder": "clip_b32",
    "method": "random",
    "shortlist_size": 5,
    "rows": 700,
    "targets": 7,
    "best_candidate_recall_mean": 0.24285714285714285,
    "top3_candidate_recall_mean": 0.2623809523809524,
    "best_candidate_family_recall_mean": 0.2785714285714286,
    "top3_candidate_family_recall_mean": 0.3314285714285714,
    "validation_regret_mean": 0.0053823317982464635,
    "normalized_validation_regret_mean": 0.2078559648859012,
    "test_regret_mean": 0.006872504830360415,
    "removed_fraction": 0.75,
    "selected_family_count_mean": 4.755714285714285,
    "removed_family_fraction_mean": 0.7027678571428572,
    "passes_90pct_recall_at_50pct_removal": false
  },
  {
    "encoder": "clip_b32",
    "method": "random",
    "shortlist_size": 10,
    "rows": 700,
    "targets": 7,
    "best_candidate_recall_mean": 0.48,
    "top3_candidate_recall_mean": 0.48,
    "best_candidate_family_recall_mean": 0.5214285714285715,
    "top3_candidate_family_recall_mean": 0.5807142857142857,
    "validation_regret_mean": 0.0026248707872494753,
    "normalized_validation_regret_mean": 0.1013316855849886,
    "test_regret_mean": 0.0037273693936211746,
    "removed_fraction": 0.5,
    "selected_family_count_mean": 8.961428571428572,
    "removed_family_fraction_mean": 0.43991071428571427,
    "passes_90pct_recall_at_50pct_removal": false
  },
  {
    "encoder": "clip_b32",
    "method": "rank_only",
    "shortlist_size": 3,
    "rows": 7,
    "targets": 7,
    "best_candidate_recall_mean": 0.7142857142857143,
    "top3_candidate_recall_mean": 0.5238095238095237,
    "best_candidate_family_recall_mean": 0.7142857142857143,
    "top3_candidate_family_recall_mean": 0.5476190476190476,
    "validation_regret_mean": 0.0013065389417707962,
    "normalized_validation_regret_mean": 0.04037112443161823,
    "test_regret_mean": 0.00167713846479145,
    "removed_fraction": 0.85,
    "selected_family_count_mean": 3.0,
    "removed_family_fraction_mean": 0.8125,
    "passes_90pct_recall_at_50pct_removal": false
  },
  {
    "encoder": "clip_b32",
    "method": "rank_only",
    "shortlist_size": 5,
    "rows": 7,
    "targets": 7,
    "best_candidate_recall_mean": 0.8571428571428571,
    "top3_candidate_recall_mean": 0.8095238095238094,
    "best_candidate_family_recall_mean": 0.8571428571428571,
    "top3_candidate_family_recall_mean": 0.8095238095238094,
    "validation_regret_mean": 0.0007276405800197917,
    "normalized_validation_regret_mean": 0.029313515077097924,
    "test_regret_mean": 0.0017857142857142952,
    "removed_fraction": 0.75,
    "selected_family_count_mean": 4.0,
    "removed_family_fraction_mean": 0.75,
    "passes_90pct_recall_at_50pct_removal": false
  },
  {
    "encoder": "clip_b32",
    "method": "rank_only",
    "shortlist_size": 10,
    "rows": 7,
    "targets": 7,
    "best_candidate_recall_mean": 1.0,
    "top3_candidate_recall_mean": 0.9047619047619048,
    "best_candidate_family_recall_mean": 1.0,
    "top3_candidate_family_recall_mean": 0.9047619047619048,
    "validation_regret_mean": 0.0,
    "normalized_validation_regret_mean": 0.0,
    "test_regret_mean": 0.0,
    "removed_fraction": 0.5,
    "selected_family_count_mean": 8.0,
    "removed_family_fraction_mean": 0.5,
    "passes_90pct_recall_at_50pct_removal": true
  }
]
SOURCE_DONE=breastmnist COMPLETED=2/21
[
  {
    "encoder": "clip_b32",
    "method": "dpp_subspace",
    "shortlist_size": 3,
    "rows": 7,
    "targets": 7,
    "best_candidate_recall_mean": 0.8571428571428571,
    "top3_candidate_recall_mean": 0.5238095238095237,
    "best_candidate_family_recall_mean": 0.8571428571428571,
    "top3_candidate_family_recall_mean": 0.5476190476190476,
    "validation_regret_mean": 0.0005788983617510045,
    "normalized_validation_regret_mean": 0.011057609354520307,
    "test_regret_mean": -0.00010857582092284521,
    "removed_fraction": 0.85,
    "selected_family_count_mean": 3.0,
    "removed_family_fraction_mean": 0.8125,
    "passes_90pct_recall_at_50pct_removal": false
  },
  {
    "encoder": "clip_b32",
    "method": "dpp_subspace",
    "shortlist_size": 5,
    "rows": 7,
    "targets": 7,
    "best_candidate_recall_mean": 0.8571428571428571,
    "top3_candidate_recall_mean": 0.619047619047619,
    "best_candidate_family_recall_mean": 1.0,
    "top3_candidate_family_recall_mean": 0.9047619047619048,
    "validation_regret_mean": 0.0005788983617510045,
    "normalized_validation_regret_mean": 0.011057609354520307,
    "test_regret_mean": -0.00010857582092284521,
    "removed_fraction": 0.75,
    "selected_family_count_mean": 5.0,
    "removed_family_fraction_mean": 0.6875,
    "passes_90pct_recall_at_50pct_removal": false
  },
  {
    "encoder": "clip_b32",
    "method": "dpp_subspace",
    "shortlist_size": 10,
    "rows": 7,
    "targets": 7,
    "best_candidate_recall_mean": 1.0,
    "top3_candidate_recall_mean": 1.0,
    "best_candidate_family_recall_mean": 1.0,
    "top3_candidate_family_recall_mean": 1.0,
    "validation_regret_mean": 0.0,
    "normalized_validation_regret_mean": 0.0,
    "test_regret_mean": 0.0,
    "removed_fraction": 0.5,
    "selected_family_count_mean": 9.0,
    "removed_family_fraction_mean": 0.4375,
    "passes_90pct_recall_at_50pct_removal": true
  },
  {
    "encoder": "clip_b32",
    "method": "facility_subspace",
    "shortlist_size": 3,
    "rows": 7,
    "targets": 7,
    "best_candidate_recall_mean": 0.14285714285714285,
    "top3_candidate_recall_mean": 0.2857142857142857,
    "best_candidate_family_recall_mean": 0.14285714285714285,
    "top3_candidate_family_recall_mean": 0.40476190476190477,
    "validation_regret_mean": 0.00255938007844276,
    "normalized_validation_regret_mean": 0.12369153498586825,
    "test_regret_mean": 0.0034855825560433334,
    "removed_fraction": 0.85,
    "selected_family_count_mean": 3.0,
    "removed_family_fraction_mean": 0.8125,
    "passes_90pct_recall_at_50pct_removal": false
  },
  {
    "encoder": "clip_b32",
    "method": "facility_subspace",
    "shortlist_size": 5,
    "rows": 7,
    "targets": 7,
    "best_candidate_recall_mean": 0.2857142857142857,
    "top3_candidate_recall_mean": 0.5238095238095238,
    "best_candidate_family_recall_mean": 0.2857142857142857,
    "top3_candidate_family_recall_mean": 0.6428571428571429,
    "validation_regret_mean": 0.001752621932417193,
    "normalized_validation_regret_mean": 0.07420715069631985,
    "test_regret_mean": 0.003835497583661751,
    "removed_fraction": 0.75,
    "selected_family_count_mean": 5.0,
    "removed_family_fraction_mean": 0.6875,
    "passes_90pct_recall_at_50pct_removal": false
  },
  {
    "encoder": "clip_b32",
    "method": "facility_subspace",
    "shortlist_size": 10,
    "rows": 7,
    "targets": 7,
    "best_candidate_recall_mean": 0.2857142857142857,
    "top3_candidate_recall_mean": 0.5714285714285714,
    "best_candidate_family_recall_mean": 0.2857142857142857,
    "top3_candidate_family_recall_mean": 0.6904761904761905,
    "validation_regret_mean": 0.001752621932417193,
    "normalized_validation_regret_mean": 0.07420715069631985,
    "test_regret_mean": 0.003835497583661751,
    "removed_fraction": 0.5,
    "selected_family_count_mean": 10.0,
    "removed_family_fraction_mean": 0.375,
    "passes_90pct_recall_at_50pct_removal": false
  },
  {
    "encoder": "clip_b32",
    "method": "kcenter_subspace",
    "shortlist_size": 3,
    "rows": 7,
    "targets": 7,
    "best_candidate_recall_mean": 0.14285714285714285,
    "top3_candidate_recall_mean": 0.23809523809523808,
    "best_candidate_family_recall_mean": 0.14285714285714285,
    "top3_candidate_family_recall_mean": 0.23809523809523808,
    "validation_regret_mean": 0.005389599291261387,
    "normalized_validation_regret_mean": 0.17706362793266112,
    "test_regret_mean": 0.007168648924146386,
    "removed_fraction": 0.85,
    "selected_family_count_mean": 3.0,
    "removed_family_fraction_mean": 0.8125,
    "passes_90pct_recall_at_50pct_removal": false
  },
  {
    "encoder": "clip_b32",
    "method": "kcenter_subspace",
    "shortlist_size": 5,
    "rows": 7,
    "targets": 7,
    "best_candidate_recall_mean": 0.14285714285714285,
    "top3_candidate_recall_mean": 0.2857142857142857,
    "best_candidate_family_recall_mean": 0.14285714285714285,
    "top3_candidate_family_recall_mean": 0.38095238095238093,
    "validation_regret_mean": 0.005389599291261387,
    "normalized_validation_regret_mean": 0.17706362793266112,
    "test_regret_mean": 0.007168648924146386,
    "removed_fraction": 0.75,
    "selected_family_count_mean": 5.0,
    "removed_family_fraction_mean": 0.6875,
    "passes_90pct_recall_at_50pct_removal": false
  },
  {
    "encoder": "clip_b32",
    "method": "kcenter_subspace",
    "shortlist_size": 10,
    "rows": 7,
    "targets": 7,
    "best_candidate_recall_mean": 0.2857142857142857,
    "top3_candidate_recall_mean": 0.5714285714285714,
    "best_candidate_family_recall_mean": 0.2857142857142857,
    "top3_candidate_family_recall_mean": 0.6904761904761905,
    "validation_regret_mean": 0.001752621932417193,
    "normalized_validation_regret_mean": 0.07420715069631985,
    "test_regret_mean": 0.003835497583661751,
    "removed_fraction": 0.5,
    "selected_family_count_mean": 10.0,
    "removed_family_fraction_mean": 0.375,
    "passes_90pct_recall_at_50pct_removal": false
  },
  {
    "encoder": "clip_b32",
    "method": "pool_vendi_subspace",
    "shortlist_size": 3,
    "rows": 7,
    "targets": 7,
    "best_candidate_recall_mean": 0.14285714285714285,
    "top3_candidate_recall_mean": 0.23809523809523808,
    "best_candidate_family_recall_mean": 0.14285714285714285,
    "top3_candidate_family_recall_mean": 0.23809523809523808,
    "validation_regret_mean": 0.005389599291261387,
    "normalized_validation_regret_mean": 0.17706362793266112,
    "test_regret_mean": 0.007168648924146386,
    "removed_fraction": 0.85,
    "selected_family_count_mean": 3.0,
    "removed_family_fraction_mean": 0.8125,
    "passes_90pct_recall_at_50pct_removal": false
  },
  {
    "encoder": "clip_b32",
    "method": "pool_vendi_subspace",
    "shortlist_size": 5,
    "rows": 7,
    "targets": 7,
    "best_candidate_recall_mean": 0.14285714285714285,
    "top3_candidate_recall_mean": 0.38095238095238093,
    "best_candidate_family_recall_mean": 0.14285714285714285,
    "top3_candidate_family_recall_mean": 0.38095238095238093,
    "validation_regret_mean": 0.005268216986661086,
    "normalized_validation_regret_mean": 0.1747450894887765,
    "test_regret_mean": 0.00710579156875611,
    "removed_fraction": 0.75,
    "selected_family_count_mean": 5.0,
    "removed_family_fraction_mean": 0.6875,
    "passes_90pct_recall_at_50pct_removal": false
  },
  {
    "encoder": "clip_b32",
    "method": "pool_vendi_subspace",
    "shortlist_size": 10,
    "rows": 7,
    "targets": 7,
    "best_candidate_recall_mean": 0.8571428571428571,
    "top3_candidate_recall_mean": 0.6666666666666667,
    "best_candidate_family_recall_mean": 0.8571428571428571,
    "top3_candidate_family_recall_mean": 0.6904761904761905,
    "validation_regret_mean": 0.0005788983617510045,
    "normalized_validation_regret_mean": 0.011057609354520307,
    "test_regret_mean": -0.00010857582092284521,
    "removed_fraction": 0.5,
    "selected_family_count_mean": 10.0,
    "removed_family_fraction_mean": 0.375,
    "passes_90pct_recall_at_50pct_removal": false
  },
  {
    "encoder": "clip_b32",
    "method": "random",
    "shortlist_size": 3,
    "rows": 700,
    "targets": 7,
    "best_candidate_recall_mean": 0.15428571428571428,
    "top3_candidate_recall_mean": 0.14,
    "best_candidate_family_recall_mean": 0.17714285714285713,
    "top3_candidate_family_recall_mean": 0.1969047619047619,
    "validation_regret_mean": 0.007624387311340447,
    "normalized_validation_regret_mean": 0.2859865074209989,
    "test_regret_mean": 0.008558508089610504,
    "removed_fraction": 0.85,
    "selected_family_count_mean": 2.9371428571428573,
    "removed_family_fraction_mean": 0.8164285714285714,
    "passes_90pct_recall_at_50pct_removal": false
  },
  {
    "encoder": "clip_b32",
    "method": "random",
    "shortlist_size": 5,
    "rows": 700,
    "targets": 7,
    "best_candidate_recall_mean": 0.2557142857142857,
    "top3_candidate_recall_mean": 0.26380952380952377,
    "best_candidate_family_recall_mean": 0.2914285714285714,
    "top3_candidate_family_recall_mean": 0.3404761904761905,
    "validation_regret_mean": 0.00503855004284959,
    "normalized_validation_regret_mean": 0.18626890012073005,
    "test_regret_mean": 0.005597364544868465,
    "removed_fraction": 0.75,
    "selected_family_count_mean": 4.755714285714285,
    "removed_family_fraction_mean": 0.7027678571428572,
    "passes_90pct_recall_at_50pct_removal": false
  },
  {
    "encoder": "clip_b32",
    "method": "random",
    "shortlist_size": 10,
    "rows": 700,
    "targets": 7,
    "best_candidate_recall_mean": 0.45714285714285713,
    "top3_candidate_recall_mean": 0.48,
    "best_candidate_family_recall_mean": 0.49857142857142855,
    "top3_candidate_family_recall_mean": 0.5921428571428572,
    "validation_regret_mean": 0.002362367531334275,
    "normalized_validation_regret_mean": 0.08857485053054816,
    "test_regret_mean": 0.002569612520081653,
    "removed_fraction": 0.5,
    "selected_family_count_mean": 8.961428571428572,
    "removed_family_fraction_mean": 0.43991071428571427,
    "passes_90pct_recall_at_50pct_removal": false
  },
  {
    "encoder": "clip_b32",
    "method": "rank_only",
    "shortlist_size": 3,
    "rows": 7,
    "targets": 7,
    "best_candidate_recall_mean": 0.8571428571428571,
    "top3_candidate_recall_mean": 0.5238095238095237,
    "best_candidate_family_recall_mean": 0.8571428571428571,
    "top3_candidate_family_recall_mean": 0.5476190476190476,
    "validation_regret_mean": 0.0005788983617510045,
    "normalized_validation_regret_mean": 0.011057609354520307,
    "test_regret_mean": -0.00010857582092284521,
    "removed_fraction": 0.85,
    "selected_family_count_mean": 3.0,
    "removed_family_fraction_mean": 0.8125,
    "passes_90pct_recall_at_50pct_removal": false
  },
  {
    "encoder": "clip_b32",
    "method": "rank_only",
    "shortlist_size": 5,
    "rows": 7,
    "targets": 7,
    "best_candidate_recall_mean": 1.0,
    "top3_candidate_recall_mean": 0.8571428571428571,
    "best_candidate_family_recall_mean": 1.0,
    "top3_candidate_family_recall_mean": 0.8571428571428571,
    "validation_regret_mean": 0.0,
    "normalized_validation_regret_mean": 0.0,
    "test_regret_mean": 0.0,
    "removed_fraction": 0.75,
    "selected_family_count_mean": 4.0,
    "removed_family_fraction_mean": 0.75,
    "passes_90pct_recall_at_50pct_removal": true
  },
  {
    "encoder": "clip_b32",
    "method": "rank_only",
    "shortlist_size": 10,
    "rows": 7,
    "targets": 7,
    "best_candidate_recall_mean": 1.0,
    "top3_candidate_recall_mean": 0.9047619047619048,
    "best_candidate_family_recall_mean": 1.0,
    "top3_candidate_family_recall_mean": 0.9047619047619048,
    "validation_regret_mean": 0.0,
    "normalized_validation_regret_mean": 0.0,
    "test_regret_mean": 0.0,
    "removed_fraction": 0.5,
    "selected_family_count_mean": 8.0,
    "removed_family_fraction_mean": 0.5,
    "passes_90pct_recall_at_50pct_removal": true
  }
]
SOURCE_DONE=cifar10 COMPLETED=3/21
[
  {
    "encoder": "clip_b32",
    "method": "dpp_subspace",
    "shortlist_size": 3,
    "rows": 7,
    "targets": 7,
    "best_candidate_recall_mean": 0.8571428571428571,
    "top3_candidate_recall_mean": 0.619047619047619,
    "best_candidate_family_recall_mean": 0.8571428571428571,
    "top3_candidate_family_recall_mean": 0.619047619047619,
    "validation_regret_mean": 0.0007276405800197917,
    "normalized_validation_regret_mean": 0.029313515077097924,
    "test_regret_mean": 0.0017857142857142952,
    "removed_fraction": 0.85,
    "selected_family_count_mean": 3.0,
    "removed_family_fraction_mean": 0.8235294117647057,
    "passes_90pct_recall_at_50pct_removal": false
  },
  {
    "encoder": "clip_b32",
    "method": "dpp_subspace",
    "shortlist_size": 5,
    "rows": 7,
    "targets": 7,
    "best_candidate_recall_mean": 1.0,
    "top3_candidate_recall_mean": 0.8095238095238094,
    "best_candidate_family_recall_mean": 1.0,
    "top3_candidate_family_recall_mean": 0.8095238095238094,
    "validation_regret_mean": 0.0,
    "normalized_validation_regret_mean": 0.0,
    "test_regret_mean": 0.0,
    "removed_fraction": 0.75,
    "selected_family_count_mean": 5.0,
    "removed_family_fraction_mean": 0.7058823529411765,
    "passes_90pct_recall_at_50pct_removal": true
  },
  {
    "encoder": "clip_b32",
    "method": "dpp_subspace",
    "shortlist_size": 10,
    "rows": 7,
    "targets": 7,
    "best_candidate_recall_mean": 1.0,
    "top3_candidate_recall_mean": 1.0,
    "best_candidate_family_recall_mean": 1.0,
    "top3_candidate_family_recall_mean": 1.0,
    "validation_regret_mean": 0.0,
    "normalized_validation_regret_mean": 0.0,
    "test_regret_mean": 0.0,
    "removed_fraction": 0.5,
    "selected_family_count_mean": 10.0,
    "removed_family_fraction_mean": 0.41176470588235287,
    "passes_90pct_recall_at_50pct_removal": true
  },
  {
    "encoder": "clip_b32",
    "method": "facility_subspace",
    "shortlist_size": 3,
    "rows": 7,
    "targets": 7,
    "best_candidate_recall_mean": 0.14285714285714285,
    "top3_candidate_recall_mean": 0.09523809523809523,
    "best_candidate_family_recall_mean": 0.14285714285714285,
    "top3_candidate_family_recall_mean": 0.23809523809523808,
    "validation_regret_mean": 0.007635612386731542,
    "normalized_validation_regret_mean": 0.30388897478423144,
    "test_regret_mean": 0.009632917812892359,
    "removed_fraction": 0.85,
    "selected_family_count_mean": 3.0,
    "removed_family_fraction_mean": 0.8235294117647057,
    "passes_90pct_recall_at_50pct_removal": false
  },
  {
    "encoder": "clip_b32",
    "method": "facility_subspace",
    "shortlist_size": 5,
    "rows": 7,
    "targets": 7,
    "best_candidate_recall_mean": 0.14285714285714285,
    "top3_candidate_recall_mean": 0.3333333333333333,
    "best_candidate_family_recall_mean": 0.14285714285714285,
    "top3_candidate_family_recall_mean": 0.47619047619047616,
    "validation_regret_mean": 0.005147433069551931,
    "normalized_validation_regret_mean": 0.17362943223710509,
    "test_regret_mean": 0.007402942861829488,
    "removed_fraction": 0.75,
    "selected_family_count_mean": 5.0,
    "removed_family_fraction_mean": 0.7058823529411765,
    "passes_90pct_recall_at_50pct_removal": false
  },
  {
    "encoder": "clip_b32",
    "method": "facility_subspace",
    "shortlist_size": 10,
    "rows": 7,
    "targets": 7,
    "best_candidate_recall_mean": 0.14285714285714285,
    "top3_candidate_recall_mean": 0.38095238095238093,
    "best_candidate_family_recall_mean": 0.14285714285714285,
    "top3_candidate_family_recall_mean": 0.5238095238095238,
    "validation_regret_mean": 0.004764613553233733,
    "normalized_validation_regret_mean": 0.16570366927591973,
    "test_regret_mean": 0.007877225535256525,
    "removed_fraction": 0.5,
    "selected_family_count_mean": 10.0,
    "removed_family_fraction_mean": 0.41176470588235287,
    "passes_90pct_recall_at_50pct_removal": false
  },
  {
    "encoder": "clip_b32",
    "method": "kcenter_subspace",
    "shortlist_size": 3,
    "rows": 7,
    "targets": 7,
    "best_candidate_recall_mean": 0.0,
    "top3_candidate_recall_mean": 0.3333333333333333,
    "best_candidate_family_recall_mean": 0.0,
    "top3_candidate_family_recall_mean": 0.3333333333333333,
    "validation_regret_mean": 0.005538341509530175,
    "normalized_validation_regret_mean": 0.19692056867889124,
    "test_regret_mean": 0.009062939030783526,
    "removed_fraction": 0.85,
    "selected_family_count_mean": 3.0,
    "removed_family_fraction_mean": 0.8235294117647057,
    "passes_90pct_recall_at_50pct_removal": false
  },
  {
    "encoder": "clip_b32",
    "method": "kcenter_subspace",
    "shortlist_size": 5,
    "rows": 7,
    "targets": 7,
    "best_candidate_recall_mean": 0.0,
    "top3_candidate_recall_mean": 0.38095238095238093,
    "best_candidate_family_recall_mean": 0.0,
    "top3_candidate_family_recall_mean": 0.5238095238095238,
    "validation_regret_mean": 0.005538341509530175,
    "normalized_validation_regret_mean": 0.19692056867889124,
    "test_regret_mean": 0.009062939030783526,
    "removed_fraction": 0.75,
    "selected_family_count_mean": 5.0,
    "removed_family_fraction_mean": 0.7058823529411765,
    "passes_90pct_recall_at_50pct_removal": false
  },
  {
    "encoder": "clip_b32",
    "method": "kcenter_subspace",
    "shortlist_size": 10,
    "rows": 7,
    "targets": 7,
    "best_candidate_recall_mean": 0.0,
    "top3_candidate_recall_mean": 0.47619047619047616,
    "best_candidate_family_recall_mean": 0.0,
    "top3_candidate_family_recall_mean": 0.619047619047619,
    "validation_regret_mean": 0.005197389845422983,
    "normalized_validation_regret_mean": 0.18486428470680338,
    "test_regret_mean": 0.009342941216060116,
    "removed_fraction": 0.5,
    "selected_family_count_mean": 10.0,
    "removed_family_fraction_mean": 0.41176470588235287,
    "passes_90pct_recall_at_50pct_removal": false
  },
  {
    "encoder": "clip_b32",
    "method": "pool_vendi_subspace",
    "shortlist_size": 3,
    "rows": 7,
    "targets": 7,
    "best_candidate_recall_mean": 0.0,
    "top3_candidate_recall_mean": 0.3333333333333333,
    "best_candidate_family_recall_mean": 0.0,
    "top3_candidate_family_recall_mean": 0.3333333333333333,
    "validation_regret_mean": 0.005538341509530175,
    "normalized_validation_regret_mean": 0.19692056867889124,
    "test_regret_mean": 0.009062939030783526,
    "removed_fraction": 0.85,
    "selected_family_count_mean": 3.0,
    "removed_family_fraction_mean": 0.8235294117647057,
    "passes_90pct_recall_at_50pct_removal": false
  },
  {
    "encoder": "clip_b32",
    "method": "pool_vendi_subspace",
    "shortlist_size": 5,
    "rows": 7,
    "targets": 7,
    "best_candidate_recall_mean": 0.0,
    "top3_candidate_recall_mean": 0.5238095238095238,
    "best_candidate_family_recall_mean": 0.0,
    "top3_candidate_family_recall_mean": 0.5238095238095238,
    "validation_regret_mean": 0.005416959204929873,
    "normalized_validation_regret_mean": 0.19440751139488185,
    "test_regret_mean": 0.00900008167539325,
    "removed_fraction": 0.75,
    "selected_family_count_mean": 5.0,
    "removed_family_fraction_mean": 0.7058823529411765,
    "passes_90pct_recall_at_50pct_removal": false
  },
  {
    "encoder": "clip_b32",
    "method": "pool_vendi_subspace",
    "shortlist_size": 10,
    "rows": 7,
    "targets": 7,
    "best_candidate_recall_mean": 0.8571428571428571,
    "top3_candidate_recall_mean": 0.8095238095238095,
    "best_candidate_family_recall_mean": 0.8571428571428571,
    "top3_candidate_family_recall_mean": 0.8095238095238095,
    "validation_regret_mean": 0.0007276405800197917,
    "normalized_validation_regret_mean": 0.029313515077097924,
    "test_regret_mean": 0.0017857142857142952,
    "removed_fraction": 0.5,
    "selected_family_count_mean": 10.0,
    "removed_family_fraction_mean": 0.41176470588235287,
    "passes_90pct_recall_at_50pct_removal": false
  },
  {
    "encoder": "clip_b32",
    "method": "random",
    "shortlist_size": 3,
    "rows": 700,
    "targets": 7,
    "best_candidate_recall_mean": 0.13714285714285715,
    "top3_candidate_recall_mean": 0.13952380952380952,
    "best_candidate_family_recall_mean": 0.13714285714285715,
    "top3_candidate_family_recall_mean": 0.15523809523809523,
    "validation_regret_mean": 0.008461405113107261,
    "normalized_validation_regret_mean": 0.32352168438505163,
    "test_regret_mean": 0.011137268577303206,
    "removed_fraction": 0.85,
    "selected_family_count_mean": 2.954285714285714,
    "removed_family_fraction_mean": 0.8262184873949578,
    "passes_90pct_recall_at_50pct_removal": false
  },
  {
    "encoder": "clip_b32",
    "method": "random",
    "shortlist_size": 5,
    "rows": 700,
    "targets": 7,
    "best_candidate_recall_mean": 0.26285714285714284,
    "top3_candidate_recall_mean": 0.259047619047619,
    "best_candidate_family_recall_mean": 0.26285714285714284,
    "top3_candidate_family_recall_mean": 0.2833333333333333,
    "validation_regret_mean": 0.00594047206992407,
    "normalized_validation_regret_mean": 0.22798411428899384,
    "test_regret_mean": 0.008245503783226015,
    "removed_fraction": 0.75,
    "selected_family_count_mean": 4.805714285714286,
    "removed_family_fraction_mean": 0.7173109243697479,
    "passes_90pct_recall_at_50pct_removal": false
  },
  {
    "encoder": "clip_b32",
    "method": "random",
    "shortlist_size": 10,
    "rows": 700,
    "targets": 7,
    "best_candidate_recall_mean": 0.49714285714285716,
    "top3_candidate_recall_mean": 0.47190476190476177,
    "best_candidate_family_recall_mean": 0.49714285714285716,
    "top3_candidate_family_recall_mean": 0.52,
    "validation_regret_mean": 0.0032150633146498134,
    "normalized_validation_regret_mean": 0.12365234799285078,
    "test_regret_mean": 0.0048523882797786196,
    "removed_fraction": 0.5,
    "selected_family_count_mean": 9.16,
    "removed_family_fraction_mean": 0.4611764705882353,
    "passes_90pct_recall_at_50pct_removal": false
  },
  {
    "encoder": "clip_b32",
    "method": "rank_only",
    "shortlist_size": 3,
    "rows": 7,
    "targets": 7,
    "best_candidate_recall_mean": 0.8571428571428571,
    "top3_candidate_recall_mean": 0.619047619047619,
    "best_candidate_family_recall_mean": 0.8571428571428571,
    "top3_candidate_family_recall_mean": 0.619047619047619,
    "validation_regret_mean": 0.0007276405800197917,
    "normalized_validation_regret_mean": 0.029313515077097924,
    "test_regret_mean": 0.0017857142857142952,
    "removed_fraction": 0.85,
    "selected_family_count_mean": 3.0,
    "removed_family_fraction_mean": 0.8235294117647057,
    "passes_90pct_recall_at_50pct_removal": false
  },
  {
    "encoder": "clip_b32",
    "method": "rank_only",
    "shortlist_size": 5,
    "rows": 7,
    "targets": 7,
    "best_candidate_recall_mean": 1.0,
    "top3_candidate_recall_mean": 0.8095238095238094,
    "best_candidate_family_recall_mean": 1.0,
    "top3_candidate_family_recall_mean": 0.8095238095238094,
    "validation_regret_mean": 0.0,
    "normalized_validation_regret_mean": 0.0,
    "test_regret_mean": 0.0,
    "removed_fraction": 0.75,
    "selected_family_count_mean": 5.0,
    "removed_family_fraction_mean": 0.7058823529411765,
    "passes_90pct_recall_at_50pct_removal": true
  },
  {
    "encoder": "clip_b32",
    "method": "rank_only",
    "shortlist_size": 10,
    "rows": 7,
    "targets": 7,
    "best_candidate_recall_mean": 1.0,
    "top3_candidate_recall_mean": 0.8571428571428571,
    "best_candidate_family_recall_mean": 1.0,
    "top3_candidate_family_recall_mean": 0.8571428571428571,
    "validation_regret_mean": 0.0,
    "normalized_validation_regret_mean": 0.0,
    "test_regret_mean": 0.0,
    "removed_fraction": 0.5,
    "selected_family_count_mean": 9.0,
    "removed_family_fraction_mean": 0.4705882352941177,
    "passes_90pct_recall_at_50pct_removal": true
  }
]
SOURCE_DONE=cifar100 COMPLETED=4/21
[
  {
    "encoder": "clip_b32",
    "method": "dpp_subspace",
    "shortlist_size": 3,
    "rows": 7,
    "targets": 7,
    "best_candidate_recall_mean": 0.7142857142857143,
    "top3_candidate_recall_mean": 0.5238095238095237,
    "best_candidate_family_recall_mean": 0.7142857142857143,
    "top3_candidate_family_recall_mean": 0.5238095238095237,
    "validation_regret_mean": 0.0013065389417707962,
    "normalized_validation_regret_mean": 0.04037112443161823,
    "test_regret_mean": 0.00167713846479145,
    "removed_fraction": 0.85,
    "selected_family_count_mean": 3.0,
    "removed_family_fraction_mean": 0.8235294117647057,
    "passes_90pct_recall_at_50pct_removal": false
  },
  {
    "encoder": "clip_b32",
    "method": "dpp_subspace",
    "shortlist_size": 5,
    "rows": 7,
    "targets": 7,
    "best_candidate_recall_mean": 1.0,
    "top3_candidate_recall_mean": 0.8571428571428571,
    "best_candidate_family_recall_mean": 1.0,
    "top3_candidate_family_recall_mean": 0.8571428571428571,
    "validation_regret_mean": 0.0,
    "normalized_validation_regret_mean": 0.0,
    "test_regret_mean": 0.0,
    "removed_fraction": 0.75,
    "selected_family_count_mean": 5.0,
    "removed_family_fraction_mean": 0.7058823529411765,
    "passes_90pct_recall_at_50pct_removal": true
  },
  {
    "encoder": "clip_b32",
    "method": "dpp_subspace",
    "shortlist_size": 10,
    "rows": 7,
    "targets": 7,
    "best_candidate_recall_mean": 1.0,
    "top3_candidate_recall_mean": 1.0,
    "best_candidate_family_recall_mean": 1.0,
    "top3_candidate_family_recall_mean": 1.0,
    "validation_regret_mean": 0.0,
    "normalized_validation_regret_mean": 0.0,
    "test_regret_mean": 0.0,
    "removed_fraction": 0.5,
    "selected_family_count_mean": 10.0,
    "removed_family_fraction_mean": 0.41176470588235287,
    "passes_90pct_recall_at_50pct_removal": true
  },
  {
    "encoder": "clip_b32",
    "method": "facility_subspace",
    "shortlist_size": 3,
    "rows": 7,
    "targets": 7,
    "best_candidate_recall_mean": 0.14285714285714285,
    "top3_candidate_recall_mean": 0.09523809523809523,
    "best_candidate_family_recall_mean": 0.14285714285714285,
    "top3_candidate_family_recall_mean": 0.19047619047619047,
    "validation_regret_mean": 0.008214510748482546,
    "normalized_validation_regret_mean": 0.31270214376488026,
    "test_regret_mean": 0.009524341991969514,
    "removed_fraction": 0.85,
    "selected_family_count_mean": 3.0,
    "removed_family_fraction_mean": 0.8235294117647057,
    "passes_90pct_recall_at_50pct_removal": false
  },
  {
    "encoder": "clip_b32",
    "method": "facility_subspace",
    "shortlist_size": 5,
    "rows": 7,
    "targets": 7,
    "best_candidate_recall_mean": 0.14285714285714285,
    "top3_candidate_recall_mean": 0.3333333333333333,
    "best_candidate_family_recall_mean": 0.14285714285714285,
    "top3_candidate_family_recall_mean": 0.42857142857142855,
    "validation_regret_mean": 0.005726331431302935,
    "normalized_validation_regret_mean": 0.18244260121775388,
    "test_regret_mean": 0.007294367040906643,
    "removed_fraction": 0.75,
    "selected_family_count_mean": 5.0,
    "removed_family_fraction_mean": 0.7058823529411765,
    "passes_90pct_recall_at_50pct_removal": false
  },
  {
    "encoder": "clip_b32",
    "method": "facility_subspace",
    "shortlist_size": 10,
    "rows": 7,
    "targets": 7,
    "best_candidate_recall_mean": 0.14285714285714285,
    "top3_candidate_recall_mean": 0.38095238095238093,
    "best_candidate_family_recall_mean": 0.14285714285714285,
    "top3_candidate_family_recall_mean": 0.47619047619047616,
    "validation_regret_mean": 0.005343511914984738,
    "normalized_validation_regret_mean": 0.17513031819119776,
    "test_regret_mean": 0.00776864971433368,
    "removed_fraction": 0.5,
    "selected_family_count_mean": 10.0,
    "removed_family_fraction_mean": 0.41176470588235287,
    "passes_90pct_recall_at_50pct_removal": false
  },
  {
    "encoder": "clip_b32",
    "method": "kcenter_subspace",
    "shortlist_size": 3,
    "rows": 7,
    "targets": 7,
    "best_candidate_recall_mean": 0.0,
    "top3_candidate_recall_mean": 0.23809523809523808,
    "best_candidate_family_recall_mean": 0.0,
    "top3_candidate_family_recall_mean": 0.23809523809523808,
    "validation_regret_mean": 0.006117239871281178,
    "normalized_validation_regret_mean": 0.20637714300975904,
    "test_regret_mean": 0.00895436320986068,
    "removed_fraction": 0.85,
    "selected_family_count_mean": 3.0,
    "removed_family_fraction_mean": 0.8235294117647057,
    "passes_90pct_recall_at_50pct_removal": false
  },
  {
    "encoder": "clip_b32",
    "method": "kcenter_subspace",
    "shortlist_size": 5,
    "rows": 7,
    "targets": 7,
    "best_candidate_recall_mean": 0.0,
    "top3_candidate_recall_mean": 0.2857142857142857,
    "best_candidate_family_recall_mean": 0.0,
    "top3_candidate_family_recall_mean": 0.38095238095238093,
    "validation_regret_mean": 0.006117239871281178,
    "normalized_validation_regret_mean": 0.20637714300975904,
    "test_regret_mean": 0.00895436320986068,
    "removed_fraction": 0.75,
    "selected_family_count_mean": 5.0,
    "removed_family_fraction_mean": 0.7058823529411765,
    "passes_90pct_recall_at_50pct_removal": false
  },
  {
    "encoder": "clip_b32",
    "method": "kcenter_subspace",
    "shortlist_size": 10,
    "rows": 7,
    "targets": 7,
    "best_candidate_recall_mean": 0.14285714285714285,
    "top3_candidate_recall_mean": 0.5238095238095238,
    "best_candidate_family_recall_mean": 0.14285714285714285,
    "top3_candidate_family_recall_mean": 0.619047619047619,
    "validation_regret_mean": 0.0024802625124369848,
    "normalized_validation_regret_mean": 0.10352066577341777,
    "test_regret_mean": 0.005621211869376046,
    "removed_fraction": 0.5,
    "selected_family_count_mean": 10.0,
    "removed_family_fraction_mean": 0.41176470588235287,
    "passes_90pct_recall_at_50pct_removal": false
  },
  {
    "encoder": "clip_b32",
    "method": "pool_vendi_subspace",
    "shortlist_size": 3,
    "rows": 7,
    "targets": 7,
    "best_candidate_recall_mean": 0.0,
    "top3_candidate_recall_mean": 0.23809523809523808,
    "best_candidate_family_recall_mean": 0.0,
    "top3_candidate_family_recall_mean": 0.23809523809523808,
    "validation_regret_mean": 0.006117239871281178,
    "normalized_validation_regret_mean": 0.20637714300975904,
    "test_regret_mean": 0.00895436320986068,
    "removed_fraction": 0.85,
    "selected_family_count_mean": 3.0,
    "removed_family_fraction_mean": 0.8235294117647057,
    "passes_90pct_recall_at_50pct_removal": false
  },
  {
    "encoder": "clip_b32",
    "method": "pool_vendi_subspace",
    "shortlist_size": 5,
    "rows": 7,
    "targets": 7,
    "best_candidate_recall_mean": 0.0,
    "top3_candidate_recall_mean": 0.38095238095238093,
    "best_candidate_family_recall_mean": 0.0,
    "top3_candidate_family_recall_mean": 0.38095238095238093,
    "validation_regret_mean": 0.005995857566680878,
    "normalized_validation_regret_mean": 0.20405860456587446,
    "test_regret_mean": 0.008891505854470405,
    "removed_fraction": 0.75,
    "selected_family_count_mean": 5.0,
    "removed_family_fraction_mean": 0.7058823529411765,
    "passes_90pct_recall_at_50pct_removal": false
  },
  {
    "encoder": "clip_b32",
    "method": "pool_vendi_subspace",
    "shortlist_size": 10,
    "rows": 7,
    "targets": 7,
    "best_candidate_recall_mean": 0.7142857142857143,
    "top3_candidate_recall_mean": 0.6666666666666667,
    "best_candidate_family_recall_mean": 0.7142857142857143,
    "top3_candidate_family_recall_mean": 0.6666666666666667,
    "validation_regret_mean": 0.0013065389417707962,
    "normalized_validation_regret_mean": 0.04037112443161823,
    "test_regret_mean": 0.00167713846479145,
    "removed_fraction": 0.5,
    "selected_family_count_mean": 10.0,
    "removed_family_fraction_mean": 0.41176470588235287,
    "passes_90pct_recall_at_50pct_removal": false
  },
  {
    "encoder": "clip_b32",
    "method": "random",
    "shortlist_size": 3,
    "rows": 700,
    "targets": 7,
    "best_candidate_recall_mean": 0.1442857142857143,
    "top3_candidate_recall_mean": 0.14666666666666664,
    "best_candidate_family_recall_mean": 0.1442857142857143,
    "top3_candidate_family_recall_mean": 0.15857142857142856,
    "validation_regret_mean": 0.00804387972907944,
    "normalized_validation_regret_mean": 0.2997778272855764,
    "test_regret_mean": 0.009948289479528154,
    "removed_fraction": 0.85,
    "selected_family_count_mean": 2.954285714285714,
    "removed_family_fraction_mean": 0.8262184873949578,
    "passes_90pct_recall_at_50pct_removal": false
  },
  {
    "encoder": "clip_b32",
    "method": "random",
    "shortlist_size": 5,
    "rows": 700,
    "targets": 7,
    "best_candidate_recall_mean": 0.26285714285714284,
    "top3_candidate_recall_mean": 0.2623809523809523,
    "best_candidate_family_recall_mean": 0.26285714285714284,
    "top3_candidate_family_recall_mean": 0.2776190476190476,
    "validation_regret_mean": 0.005366483931497484,
    "normalized_validation_regret_mean": 0.20289046585209755,
    "test_regret_mean": 0.006772061739649092,
    "removed_fraction": 0.75,
    "selected_family_count_mean": 4.805714285714286,
    "removed_family_fraction_mean": 0.7173109243697479,
    "passes_90pct_recall_at_50pct_removal": false
  },
  {
    "encoder": "clip_b32",
    "method": "random",
    "shortlist_size": 10,
    "rows": 700,
    "targets": 7,
    "best_candidate_recall_mean": 0.48142857142857143,
    "top3_candidate_recall_mean": 0.47380952380952374,
    "best_candidate_family_recall_mean": 0.48142857142857143,
    "top3_candidate_family_recall_mean": 0.5052380952380952,
    "validation_regret_mean": 0.0026749449481140585,
    "normalized_validation_regret_mean": 0.10032986873272302,
    "test_regret_mean": 0.003528402175222125,
    "removed_fraction": 0.5,
    "selected_family_count_mean": 9.16,
    "removed_family_fraction_mean": 0.4611764705882353,
    "passes_90pct_recall_at_50pct_removal": false
  },
  {
    "encoder": "clip_b32",
    "method": "rank_only",
    "shortlist_size": 3,
    "rows": 7,
    "targets": 7,
    "best_candidate_recall_mean": 0.7142857142857143,
    "top3_candidate_recall_mean": 0.5238095238095237,
    "best_candidate_family_recall_mean": 0.7142857142857143,
    "top3_candidate_family_recall_mean": 0.5238095238095237,
    "validation_regret_mean": 0.0013065389417707962,
    "normalized_validation_regret_mean": 0.04037112443161823,
    "test_regret_mean": 0.00167713846479145,
    "removed_fraction": 0.85,
    "selected_family_count_mean": 3.0,
    "removed_family_fraction_mean": 0.8235294117647057,
    "passes_90pct_recall_at_50pct_removal": false
  },
  {
    "encoder": "clip_b32",
    "method": "rank_only",
    "shortlist_size": 5,
    "rows": 7,
    "targets": 7,
    "best_candidate_recall_mean": 1.0,
    "top3_candidate_recall_mean": 0.8571428571428571,
    "best_candidate_family_recall_mean": 1.0,
    "top3_candidate_family_recall_mean": 0.8571428571428571,
    "validation_regret_mean": 0.0,
    "normalized_validation_regret_mean": 0.0,
    "test_regret_mean": 0.0,
    "removed_fraction": 0.75,
    "selected_family_count_mean": 5.0,
    "removed_family_fraction_mean": 0.7058823529411765,
    "passes_90pct_recall_at_50pct_removal": true
  },
  {
    "encoder": "clip_b32",
    "method": "rank_only",
    "shortlist_size": 10,
    "rows": 7,
    "targets": 7,
    "best_candidate_recall_mean": 1.0,
    "top3_candidate_recall_mean": 0.9047619047619048,
    "best_candidate_family_recall_mean": 1.0,
    "top3_candidate_family_recall_mean": 0.9047619047619048,
    "validation_regret_mean": 0.0,
    "normalized_validation_regret_mean": 0.0,
    "test_regret_mean": 0.0,
    "removed_fraction": 0.5,
    "selected_family_count_mean": 9.0,
    "removed_family_fraction_mean": 0.4705882352941177,
    "passes_90pct_recall_at_50pct_removal": true
  }
]
SOURCE_DONE=cifar100_coarse COMPLETED=5/21
[
  {
    "encoder": "clip_b32",
    "method": "dpp_subspace",
    "shortlist_size": 3,
    "rows": 7,
    "targets": 7,
    "best_candidate_recall_mean": 0.7142857142857143,
    "top3_candidate_recall_mean": 0.5238095238095237,
    "best_candidate_family_recall_mean": 0.7142857142857143,
    "top3_candidate_family_recall_mean": 0.5476190476190476,
    "validation_regret_mean": 0.0013065389417707962,
    "normalized_validation_regret_mean": 0.04037112443161823,
    "test_regret_mean": 0.00167713846479145,
    "removed_fraction": 0.85,
    "selected_family_count_mean": 3.0,
    "removed_family_fraction_mean": 0.8125,
    "passes_90pct_recall_at_50pct_removal": false
  },
  {
    "encoder": "clip_b32",
    "method": "dpp_subspace",
    "shortlist_size": 5,
    "rows": 7,
    "targets": 7,
    "best_candidate_recall_mean": 0.8571428571428571,
    "top3_candidate_recall_mean": 0.619047619047619,
    "best_candidate_family_recall_mean": 1.0,
    "top3_candidate_family_recall_mean": 0.8571428571428571,
    "validation_regret_mean": 0.0005788983617510045,
    "normalized_validation_regret_mean": 0.011057609354520307,
    "test_regret_mean": -0.00010857582092284521,
    "removed_fraction": 0.75,
    "selected_family_count_mean": 5.0,
    "removed_family_fraction_mean": 0.6875,
    "passes_90pct_recall_at_50pct_removal": false
  },
  {
    "encoder": "clip_b32",
    "method": "dpp_subspace",
    "shortlist_size": 10,
    "rows": 7,
    "targets": 7,
    "best_candidate_recall_mean": 1.0,
    "top3_candidate_recall_mean": 0.9047619047619048,
    "best_candidate_family_recall_mean": 1.0,
    "top3_candidate_family_recall_mean": 0.9047619047619048,
    "validation_regret_mean": 0.0,
    "normalized_validation_regret_mean": 0.0,
    "test_regret_mean": 0.0,
    "removed_fraction": 0.5,
    "selected_family_count_mean": 9.0,
    "removed_family_fraction_mean": 0.4375,
    "passes_90pct_recall_at_50pct_removal": true
  },
  {
    "encoder": "clip_b32",
    "method": "facility_subspace",
    "shortlist_size": 3,
    "rows": 7,
    "targets": 7,
    "best_candidate_recall_mean": 0.14285714285714285,
    "top3_candidate_recall_mean": 0.23809523809523808,
    "best_candidate_family_recall_mean": 0.14285714285714285,
    "top3_candidate_family_recall_mean": 0.35714285714285715,
    "validation_regret_mean": 0.003287020658462552,
    "normalized_validation_regret_mean": 0.15099333182487767,
    "test_regret_mean": 0.005271296841757629,
    "removed_fraction": 0.85,
    "selected_family_count_mean": 3.0,
    "removed_family_fraction_mean": 0.8125,
    "passes_90pct_recall_at_50pct_removal": false
  },
  {
    "encoder": "clip_b32",
    "method": "facility_subspace",
    "shortlist_size": 5,
    "rows": 7,
    "targets": 7,
    "best_candidate_recall_mean": 0.14285714285714285,
    "top3_candidate_recall_mean": 0.47619047619047616,
    "best_candidate_family_recall_mean": 0.14285714285714285,
    "top3_candidate_family_recall_mean": 0.5952380952380951,
    "validation_regret_mean": 0.0024802625124369848,
    "normalized_validation_regret_mean": 0.10352066577341777,
    "test_regret_mean": 0.005621211869376046,
    "removed_fraction": 0.75,
    "selected_family_count_mean": 5.0,
    "removed_family_fraction_mean": 0.6875,
    "passes_90pct_recall_at_50pct_removal": false
  },
  {
    "encoder": "clip_b32",
    "method": "facility_subspace",
    "shortlist_size": 10,
    "rows": 7,
    "targets": 7,
    "best_candidate_recall_mean": 0.2857142857142857,
    "top3_candidate_recall_mean": 0.5714285714285714,
    "best_candidate_family_recall_mean": 0.2857142857142857,
    "top3_candidate_family_recall_mean": 0.6904761904761905,
    "validation_regret_mean": 0.001752621932417193,
    "normalized_validation_regret_mean": 0.07420715069631985,
    "test_regret_mean": 0.003835497583661751,
    "removed_fraction": 0.5,
    "selected_family_count_mean": 10.0,
    "removed_family_fraction_mean": 0.375,
    "passes_90pct_recall_at_50pct_removal": false
  },
  {
    "encoder": "clip_b32",
    "method": "kcenter_subspace",
    "shortlist_size": 3,
    "rows": 7,
    "targets": 7,
    "best_candidate_recall_mean": 0.0,
    "top3_candidate_recall_mean": 0.23809523809523808,
    "best_candidate_family_recall_mean": 0.0,
    "top3_candidate_family_recall_mean": 0.23809523809523808,
    "validation_regret_mean": 0.006117239871281178,
    "normalized_validation_regret_mean": 0.20637714300975904,
    "test_regret_mean": 0.00895436320986068,
    "removed_fraction": 0.85,
    "selected_family_count_mean": 3.0,
    "removed_family_fraction_mean": 0.8125,
    "passes_90pct_recall_at_50pct_removal": false
  },
  {
    "encoder": "clip_b32",
    "method": "kcenter_subspace",
    "shortlist_size": 5,
    "rows": 7,
    "targets": 7,
    "best_candidate_recall_mean": 0.0,
    "top3_candidate_recall_mean": 0.2857142857142857,
    "best_candidate_family_recall_mean": 0.0,
    "top3_candidate_family_recall_mean": 0.38095238095238093,
    "validation_regret_mean": 0.006117239871281178,
    "normalized_validation_regret_mean": 0.20637714300975904,
    "test_regret_mean": 0.00895436320986068,
    "removed_fraction": 0.75,
    "selected_family_count_mean": 5.0,
    "removed_family_fraction_mean": 0.6875,
    "passes_90pct_recall_at_50pct_removal": false
  },
  {
    "encoder": "clip_b32",
    "method": "kcenter_subspace",
    "shortlist_size": 10,
    "rows": 7,
    "targets": 7,
    "best_candidate_recall_mean": 0.14285714285714285,
    "top3_candidate_recall_mean": 0.5238095238095238,
    "best_candidate_family_recall_mean": 0.14285714285714285,
    "top3_candidate_family_recall_mean": 0.6428571428571429,
    "validation_regret_mean": 0.0024802625124369848,
    "normalized_validation_regret_mean": 0.10352066577341777,
    "test_regret_mean": 0.005621211869376046,
    "removed_fraction": 0.5,
    "selected_family_count_mean": 10.0,
    "removed_family_fraction_mean": 0.375,
    "passes_90pct_recall_at_50pct_removal": false
  },
  {
    "encoder": "clip_b32",
    "method": "pool_vendi_subspace",
    "shortlist_size": 3,
    "rows": 7,
    "targets": 7,
    "best_candidate_recall_mean": 0.0,
    "top3_candidate_recall_mean": 0.23809523809523808,
    "best_candidate_family_recall_mean": 0.0,
    "top3_candidate_family_recall_mean": 0.23809523809523808,
    "validation_regret_mean": 0.006117239871281178,
    "normalized_validation_regret_mean": 0.20637714300975904,
    "test_regret_mean": 0.00895436320986068,
    "removed_fraction": 0.85,
    "selected_family_count_mean": 3.0,
    "removed_family_fraction_mean": 0.8125,
    "passes_90pct_recall_at_50pct_removal": false
  },
  {
    "encoder": "clip_b32",
    "method": "pool_vendi_subspace",
    "shortlist_size": 5,
    "rows": 7,
    "targets": 7,
    "best_candidate_recall_mean": 0.0,
    "top3_candidate_recall_mean": 0.38095238095238093,
    "best_candidate_family_recall_mean": 0.0,
    "top3_candidate_family_recall_mean": 0.38095238095238093,
    "validation_regret_mean": 0.005995857566680878,
    "normalized_validation_regret_mean": 0.20405860456587446,
    "test_regret_mean": 0.008891505854470405,
    "removed_fraction": 0.75,
    "selected_family_count_mean": 5.0,
    "removed_family_fraction_mean": 0.6875,
    "passes_90pct_recall_at_50pct_removal": false
  },
  {
    "encoder": "clip_b32",
    "method": "pool_vendi_subspace",
    "shortlist_size": 10,
    "rows": 7,
    "targets": 7,
    "best_candidate_recall_mean": 0.7142857142857143,
    "top3_candidate_recall_mean": 0.6666666666666667,
    "best_candidate_family_recall_mean": 0.7142857142857143,
    "top3_candidate_family_recall_mean": 0.6904761904761905,
    "validation_regret_mean": 0.0013065389417707962,
    "normalized_validation_regret_mean": 0.04037112443161823,
    "test_regret_mean": 0.00167713846479145,
    "removed_fraction": 0.5,
    "selected_family_count_mean": 10.0,
    "removed_family_fraction_mean": 0.375,
    "passes_90pct_recall_at_50pct_removal": false
  },
  {
    "encoder": "clip_b32",
    "method": "random",
    "shortlist_size": 3,
    "rows": 700,
    "targets": 7,
    "best_candidate_recall_mean": 0.1442857142857143,
    "top3_candidate_recall_mean": 0.14142857142857143,
    "best_candidate_family_recall_mean": 0.1657142857142857,
    "top3_candidate_family_recall_mean": 0.19047619047619044,
    "validation_regret_mean": 0.007931116694649697,
    "normalized_validation_regret_mean": 0.2967315773565742,
    "test_regret_mean": 0.009737832869802206,
    "removed_fraction": 0.85,
    "selected_family_count_mean": 2.942857142857143,
    "removed_family_fraction_mean": 0.8160714285714286,
    "passes_90pct_recall_at_50pct_removal": false
  },
  {
    "encoder": "clip_b32",
    "method": "random",
    "shortlist_size": 5,
    "rows": 700,
    "targets": 7,
    "best_candidate_recall_mean": 0.26285714285714284,
    "top3_candidate_recall_mean": 0.2609523809523809,
    "best_candidate_family_recall_mean": 0.2885714285714286,
    "top3_candidate_family_recall_mean": 0.32904761904761903,
    "validation_regret_mean": 0.0053115125095464745,
    "normalized_validation_regret_mean": 0.20142173811128483,
    "test_regret_mean": 0.006749158382415775,
    "removed_fraction": 0.75,
    "selected_family_count_mean": 4.755714285714285,
    "removed_family_fraction_mean": 0.7027678571428572,
    "passes_90pct_recall_at_50pct_removal": false
  },
  {
    "encoder": "clip_b32",
    "method": "random",
    "shortlist_size": 10,
    "rows": 700,
    "targets": 7,
    "best_candidate_recall_mean": 0.48142857142857143,
    "top3_candidate_recall_mean": 0.46809523809523806,
    "best_candidate_family_recall_mean": 0.52,
    "top3_candidate_family_recall_mean": 0.5654761904761905,
    "validation_regret_mean": 0.002638169783887244,
    "normalized_validation_regret_mean": 0.09903080651255647,
    "test_regret_mean": 0.0035570661851337996,
    "removed_fraction": 0.5,
    "selected_family_count_mean": 8.942857142857143,
    "removed_family_fraction_mean": 0.44107142857142856,
    "passes_90pct_recall_at_50pct_removal": false
  },
  {
    "encoder": "clip_b32",
    "method": "rank_only",
    "shortlist_size": 3,
    "rows": 7,
    "targets": 7,
    "best_candidate_recall_mean": 0.7142857142857143,
    "top3_candidate_recall_mean": 0.5238095238095237,
    "best_candidate_family_recall_mean": 0.7142857142857143,
    "top3_candidate_family_recall_mean": 0.5476190476190476,
    "validation_regret_mean": 0.0013065389417707962,
    "normalized_validation_regret_mean": 0.04037112443161823,
    "test_regret_mean": 0.00167713846479145,
    "removed_fraction": 0.85,
    "selected_family_count_mean": 3.0,
    "removed_family_fraction_mean": 0.8125,
    "passes_90pct_recall_at_50pct_removal": false
  },
  {
    "encoder": "clip_b32",
    "method": "rank_only",
    "shortlist_size": 5,
    "rows": 7,
    "targets": 7,
    "best_candidate_recall_mean": 0.8571428571428571,
    "top3_candidate_recall_mean": 0.8095238095238094,
    "best_candidate_family_recall_mean": 0.8571428571428571,
    "top3_candidate_family_recall_mean": 0.8095238095238094,
    "validation_regret_mean": 0.0007276405800197917,
    "normalized_validation_regret_mean": 0.029313515077097924,
    "test_regret_mean": 0.0017857142857142952,
    "removed_fraction": 0.75,
    "selected_family_count_mean": 4.0,
    "removed_family_fraction_mean": 0.75,
    "passes_90pct_recall_at_50pct_removal": false
  },
  {
    "encoder": "clip_b32",
    "method": "rank_only",
    "shortlist_size": 10,
    "rows": 7,
    "targets": 7,
    "best_candidate_recall_mean": 1.0,
    "top3_candidate_recall_mean": 0.9047619047619048,
    "best_candidate_family_recall_mean": 1.0,
    "top3_candidate_family_recall_mean": 0.9047619047619048,
    "validation_regret_mean": 0.0,
    "normalized_validation_regret_mean": 0.0,
    "test_regret_mean": 0.0,
    "removed_fraction": 0.5,
    "selected_family_count_mean": 8.0,
    "removed_family_fraction_mean": 0.5,
    "passes_90pct_recall_at_50pct_removal": true
  }
]
SOURCE_DONE=dermamnist COMPLETED=6/21
[
  {
    "encoder": "clip_b32",
    "method": "dpp_subspace",
    "shortlist_size": 3,
    "rows": 7,
    "targets": 7,
    "best_candidate_recall_mean": 0.7142857142857143,
    "top3_candidate_recall_mean": 0.5238095238095237,
    "best_candidate_family_recall_mean": 0.7142857142857143,
    "top3_candidate_family_recall_mean": 0.5476190476190476,
    "validation_regret_mean": 0.0013065389417707962,
    "normalized_validation_regret_mean": 0.04037112443161823,
    "test_regret_mean": 0.00167713846479145,
    "removed_fraction": 0.85,
    "selected_family_count_mean": 3.0,
    "removed_family_fraction_mean": 0.8125,
    "passes_90pct_recall_at_50pct_removal": false
  },
  {
    "encoder": "clip_b32",
    "method": "dpp_subspace",
    "shortlist_size": 5,
    "rows": 7,
    "targets": 7,
    "best_candidate_recall_mean": 0.8571428571428571,
    "top3_candidate_recall_mean": 0.619047619047619,
    "best_candidate_family_recall_mean": 1.0,
    "top3_candidate_family_recall_mean": 0.9047619047619048,
    "validation_regret_mean": 0.0005788983617510045,
    "normalized_validation_regret_mean": 0.011057609354520307,
    "test_regret_mean": -0.00010857582092284521,
    "removed_fraction": 0.75,
    "selected_family_count_mean": 5.0,
    "removed_family_fraction_mean": 0.6875,
    "passes_90pct_recall_at_50pct_removal": false
  },
  {
    "encoder": "clip_b32",
    "method": "dpp_subspace",
    "shortlist_size": 10,
    "rows": 7,
    "targets": 7,
    "best_candidate_recall_mean": 1.0,
    "top3_candidate_recall_mean": 1.0,
    "best_candidate_family_recall_mean": 1.0,
    "top3_candidate_family_recall_mean": 1.0,
    "validation_regret_mean": 0.0,
    "normalized_validation_regret_mean": 0.0,
    "test_regret_mean": 0.0,
    "removed_fraction": 0.5,
    "selected_family_count_mean": 9.0,
    "removed_family_fraction_mean": 0.4375,
    "passes_90pct_recall_at_50pct_removal": true
  },
  {
    "encoder": "clip_b32",
    "method": "facility_subspace",
    "shortlist_size": 3,
    "rows": 7,
    "targets": 7,
    "best_candidate_recall_mean": 0.14285714285714285,
    "top3_candidate_recall_mean": 0.2857142857142857,
    "best_candidate_family_recall_mean": 0.14285714285714285,
    "top3_candidate_family_recall_mean": 0.40476190476190477,
    "validation_regret_mean": 0.003287020658462552,
    "normalized_validation_regret_mean": 0.15099333182487767,
    "test_regret_mean": 0.005271296841757629,
    "removed_fraction": 0.85,
    "selected_family_count_mean": 3.0,
    "removed_family_fraction_mean": 0.8125,
    "passes_90pct_recall_at_50pct_removal": false
  },
  {
    "encoder": "clip_b32",
    "method": "facility_subspace",
    "shortlist_size": 5,
    "rows": 7,
    "targets": 7,
    "best_candidate_recall_mean": 0.14285714285714285,
    "top3_candidate_recall_mean": 0.5238095238095238,
    "best_candidate_family_recall_mean": 0.14285714285714285,
    "top3_candidate_family_recall_mean": 0.6428571428571429,
    "validation_regret_mean": 0.0024802625124369848,
    "normalized_validation_regret_mean": 0.10352066577341777,
    "test_regret_mean": 0.005621211869376046,
    "removed_fraction": 0.75,
    "selected_family_count_mean": 5.0,
    "removed_family_fraction_mean": 0.6875,
    "passes_90pct_recall_at_50pct_removal": false
  },
  {
    "encoder": "clip_b32",
    "method": "facility_subspace",
    "shortlist_size": 10,
    "rows": 7,
    "targets": 7,
    "best_candidate_recall_mean": 0.2857142857142857,
    "top3_candidate_recall_mean": 0.5714285714285714,
    "best_candidate_family_recall_mean": 0.2857142857142857,
    "top3_candidate_family_recall_mean": 0.6904761904761905,
    "validation_regret_mean": 0.001752621932417193,
    "normalized_validation_regret_mean": 0.07420715069631985,
    "test_regret_mean": 0.003835497583661751,
    "removed_fraction": 0.5,
    "selected_family_count_mean": 10.0,
    "removed_family_fraction_mean": 0.375,
    "passes_90pct_recall_at_50pct_removal": false
  },
  {
    "encoder": "clip_b32",
    "method": "kcenter_subspace",
    "shortlist_size": 3,
    "rows": 7,
    "targets": 7,
    "best_candidate_recall_mean": 0.0,
    "top3_candidate_recall_mean": 0.23809523809523808,
    "best_candidate_family_recall_mean": 0.0,
    "top3_candidate_family_recall_mean": 0.23809523809523808,
    "validation_regret_mean": 0.006117239871281178,
    "normalized_validation_regret_mean": 0.20637714300975904,
    "test_regret_mean": 0.00895436320986068,
    "removed_fraction": 0.85,
    "selected_family_count_mean": 3.0,
    "removed_family_fraction_mean": 0.8125,
    "passes_90pct_recall_at_50pct_removal": false
  },
  {
    "encoder": "clip_b32",
    "method": "kcenter_subspace",
    "shortlist_size": 5,
    "rows": 7,
    "targets": 7,
    "best_candidate_recall_mean": 0.0,
    "top3_candidate_recall_mean": 0.33333333333333337,
    "best_candidate_family_recall_mean": 0.0,
    "top3_candidate_family_recall_mean": 0.33333333333333337,
    "validation_regret_mean": 0.005995857566680878,
    "normalized_validation_regret_mean": 0.20405860456587446,
    "test_regret_mean": 0.008891505854470405,
    "removed_fraction": 0.75,
    "selected_family_count_mean": 5.0,
    "removed_family_fraction_mean": 0.6875,
    "passes_90pct_recall_at_50pct_removal": false
  },
  {
    "encoder": "clip_b32",
    "method": "kcenter_subspace",
    "shortlist_size": 10,
    "rows": 7,
    "targets": 7,
    "best_candidate_recall_mean": 0.14285714285714285,
    "top3_candidate_recall_mean": 0.619047619047619,
    "best_candidate_family_recall_mean": 0.14285714285714285,
    "top3_candidate_family_recall_mean": 0.6428571428571429,
    "validation_regret_mean": 0.0024802625124369848,
    "normalized_validation_regret_mean": 0.10352066577341777,
    "test_regret_mean": 0.005621211869376046,
    "removed_fraction": 0.5,
    "selected_family_count_mean": 10.0,
    "removed_family_fraction_mean": 0.375,
    "passes_90pct_recall_at_50pct_removal": false
  },
  {
    "encoder": "clip_b32",
    "method": "pool_vendi_subspace",
    "shortlist_size": 3,
    "rows": 7,
    "targets": 7,
    "best_candidate_recall_mean": 0.0,
    "top3_candidate_recall_mean": 0.23809523809523808,
    "best_candidate_family_recall_mean": 0.0,
    "top3_candidate_family_recall_mean": 0.23809523809523808,
    "validation_regret_mean": 0.006117239871281178,
    "normalized_validation_regret_mean": 0.20637714300975904,
    "test_regret_mean": 0.00895436320986068,
    "removed_fraction": 0.85,
    "selected_family_count_mean": 3.0,
    "removed_family_fraction_mean": 0.8125,
    "passes_90pct_recall_at_50pct_removal": false
  },
  {
    "encoder": "clip_b32",
    "method": "pool_vendi_subspace",
    "shortlist_size": 5,
    "rows": 7,
    "targets": 7,
    "best_candidate_recall_mean": 0.0,
    "top3_candidate_recall_mean": 0.33333333333333337,
    "best_candidate_family_recall_mean": 0.0,
    "top3_candidate_family_recall_mean": 0.33333333333333337,
    "validation_regret_mean": 0.005995857566680878,
    "normalized_validation_regret_mean": 0.20405860456587446,
    "test_regret_mean": 0.008891505854470405,
    "removed_fraction": 0.75,
    "selected_family_count_mean": 5.0,
    "removed_family_fraction_mean": 0.6875,
    "passes_90pct_recall_at_50pct_removal": false
  },
  {
    "encoder": "clip_b32",
    "method": "pool_vendi_subspace",
    "shortlist_size": 10,
    "rows": 7,
    "targets": 7,
    "best_candidate_recall_mean": 0.7142857142857143,
    "top3_candidate_recall_mean": 0.619047619047619,
    "best_candidate_family_recall_mean": 0.7142857142857143,
    "top3_candidate_family_recall_mean": 0.6428571428571429,
    "validation_regret_mean": 0.0013065389417707962,
    "normalized_validation_regret_mean": 0.04037112443161823,
    "test_regret_mean": 0.00167713846479145,
    "removed_fraction": 0.5,
    "selected_family_count_mean": 10.0,
    "removed_family_fraction_mean": 0.375,
    "passes_90pct_recall_at_50pct_removal": false
  },
  {
    "encoder": "clip_b32",
    "method": "random",
    "shortlist_size": 3,
    "rows": 700,
    "targets": 7,
    "best_candidate_recall_mean": 0.1442857142857143,
    "top3_candidate_recall_mean": 0.13952380952380952,
    "best_candidate_family_recall_mean": 0.1657142857142857,
    "top3_candidate_family_recall_mean": 0.19666666666666666,
    "validation_regret_mean": 0.007976827846046912,
    "normalized_validation_regret_mean": 0.2984470039276214,
    "test_regret_mean": 0.00991267960412162,
    "removed_fraction": 0.85,
    "selected_family_count_mean": 2.942857142857143,
    "removed_family_fraction_mean": 0.8160714285714286,
    "passes_90pct_recall_at_50pct_removal": false
  },
  {
    "encoder": "clip_b32",
    "method": "random",
    "shortlist_size": 5,
    "rows": 700,
    "targets": 7,
    "best_candidate_recall_mean": 0.26285714285714284,
    "top3_candidate_recall_mean": 0.2571428571428571,
    "best_candidate_family_recall_mean": 0.2885714285714286,
    "top3_candidate_family_recall_mean": 0.3338095238095238,
    "validation_regret_mean": 0.0053364053964928574,
    "normalized_validation_regret_mean": 0.20236520689187237,
    "test_regret_mean": 0.006881434747150968,
    "removed_fraction": 0.75,
    "selected_family_count_mean": 4.755714285714285,
    "removed_family_fraction_mean": 0.7027678571428572,
    "passes_90pct_recall_at_50pct_removal": false
  },
  {
    "encoder": "clip_b32",
    "method": "random",
    "shortlist_size": 10,
    "rows": 700,
    "targets": 7,
    "best_candidate_recall_mean": 0.48142857142857143,
    "top3_candidate_recall_mean": 0.46285714285714286,
    "best_candidate_family_recall_mean": 0.52,
    "top3_candidate_family_recall_mean": 0.575952380952381,
    "validation_regret_mean": 0.0026604597214039006,
    "normalized_validation_regret_mean": 0.09992877240039125,
    "test_regret_mean": 0.003699923327990942,
    "removed_fraction": 0.5,
    "selected_family_count_mean": 8.942857142857143,
    "removed_family_fraction_mean": 0.44107142857142856,
    "passes_90pct_recall_at_50pct_removal": false
  },
  {
    "encoder": "clip_b32",
    "method": "rank_only",
    "shortlist_size": 3,
    "rows": 7,
    "targets": 7,
    "best_candidate_recall_mean": 0.7142857142857143,
    "top3_candidate_recall_mean": 0.5238095238095237,
    "best_candidate_family_recall_mean": 0.7142857142857143,
    "top3_candidate_family_recall_mean": 0.5476190476190476,
    "validation_regret_mean": 0.0013065389417707962,
    "normalized_validation_regret_mean": 0.04037112443161823,
    "test_regret_mean": 0.00167713846479145,
    "removed_fraction": 0.85,
    "selected_family_count_mean": 3.0,
    "removed_family_fraction_mean": 0.8125,
    "passes_90pct_recall_at_50pct_removal": false
  },
  {
    "encoder": "clip_b32",
    "method": "rank_only",
    "shortlist_size": 5,
    "rows": 7,
    "targets": 7,
    "best_candidate_recall_mean": 0.8571428571428571,
    "top3_candidate_recall_mean": 0.8571428571428571,
    "best_candidate_family_recall_mean": 0.8571428571428571,
    "top3_candidate_family_recall_mean": 0.8571428571428571,
    "validation_regret_mean": 0.0007276405800197917,
    "normalized_validation_regret_mean": 0.029313515077097924,
    "test_regret_mean": 0.0017857142857142952,
    "removed_fraction": 0.75,
    "selected_family_count_mean": 4.0,
    "removed_family_fraction_mean": 0.75,
    "passes_90pct_recall_at_50pct_removal": false
  },
  {
    "encoder": "clip_b32",
    "method": "rank_only",
    "shortlist_size": 10,
    "rows": 7,
    "targets": 7,
    "best_candidate_recall_mean": 1.0,
    "top3_candidate_recall_mean": 0.9047619047619048,
    "best_candidate_family_recall_mean": 1.0,
    "top3_candidate_family_recall_mean": 0.9047619047619048,
    "validation_regret_mean": 0.0,
    "normalized_validation_regret_mean": 0.0,
    "test_regret_mean": 0.0,
    "removed_fraction": 0.5,
    "selected_family_count_mean": 8.0,
    "removed_family_fraction_mean": 0.5,
    "passes_90pct_recall_at_50pct_removal": true
  }
]
SOURCE_DONE=fashion_mnist COMPLETED=7/21
[
  {
    "encoder": "clip_b32",
    "method": "dpp_subspace",
    "shortlist_size": 3,
    "rows": 7,
    "targets": 7,
    "best_candidate_recall_mean": 0.7142857142857143,
    "top3_candidate_recall_mean": 0.5714285714285714,
    "best_candidate_family_recall_mean": 0.7142857142857143,
    "top3_candidate_family_recall_mean": 0.5952380952380951,
    "validation_regret_mean": 0.0013065389417707962,
    "normalized_validation_regret_mean": 0.04037112443161823,
    "test_regret_mean": 0.00167713846479145,
    "removed_fraction": 0.85,
    "selected_family_count_mean": 3.0,
    "removed_family_fraction_mean": 0.8235294117647057,
    "passes_90pct_recall_at_50pct_removal": false
  },
  {
    "encoder": "clip_b32",
    "method": "dpp_subspace",
    "shortlist_size": 5,
    "rows": 7,
    "targets": 7,
    "best_candidate_recall_mean": 0.8571428571428571,
    "top3_candidate_recall_mean": 0.6666666666666666,
    "best_candidate_family_recall_mean": 1.0,
    "top3_candidate_family_recall_mean": 0.9047619047619048,
    "validation_regret_mean": 0.0005788983617510045,
    "normalized_validation_regret_mean": 0.011057609354520307,
    "test_regret_mean": -0.00010857582092284521,
    "removed_fraction": 0.75,
    "selected_family_count_mean": 5.0,
    "removed_family_fraction_mean": 0.7058823529411765,
    "passes_90pct_recall_at_50pct_removal": false
  },
  {
    "encoder": "clip_b32",
    "method": "dpp_subspace",
    "shortlist_size": 10,
    "rows": 7,
    "targets": 7,
    "best_candidate_recall_mean": 1.0,
    "top3_candidate_recall_mean": 0.9523809523809524,
    "best_candidate_family_recall_mean": 1.0,
    "top3_candidate_family_recall_mean": 0.9523809523809524,
    "validation_regret_mean": 0.0,
    "normalized_validation_regret_mean": 0.0,
    "test_regret_mean": 0.0,
    "removed_fraction": 0.5,
    "selected_family_count_mean": 9.0,
    "removed_family_fraction_mean": 0.4705882352941177,
    "passes_90pct_recall_at_50pct_removal": true
  },
  {
    "encoder": "clip_b32",
    "method": "facility_subspace",
    "shortlist_size": 3,
    "rows": 7,
    "targets": 7,
    "best_candidate_recall_mean": 0.14285714285714285,
    "top3_candidate_recall_mean": 0.23809523809523808,
    "best_candidate_family_recall_mean": 0.14285714285714285,
    "top3_candidate_family_recall_mean": 0.2619047619047619,
    "validation_regret_mean": 0.0037213060941391368,
    "normalized_validation_regret_mean": 0.1694998190243257,
    "test_regret_mean": 0.005002725124359112,
    "removed_fraction": 0.85,
    "selected_family_count_mean": 3.0,
    "removed_family_fraction_mean": 0.8235294117647057,
    "passes_90pct_recall_at_50pct_removal": false
  },
  {
    "encoder": "clip_b32",
    "method": "facility_subspace",
    "shortlist_size": 5,
    "rows": 7,
    "targets": 7,
    "best_candidate_recall_mean": 0.14285714285714285,
    "top3_candidate_recall_mean": 0.5238095238095237,
    "best_candidate_family_recall_mean": 0.14285714285714285,
    "top3_candidate_family_recall_mean": 0.5476190476190476,
    "validation_regret_mean": 0.0024802625124369848,
    "normalized_validation_regret_mean": 0.10352066577341777,
    "test_regret_mean": 0.005621211869376046,
    "removed_fraction": 0.75,
    "selected_family_count_mean": 5.0,
    "removed_family_fraction_mean": 0.7058823529411765,
    "passes_90pct_recall_at_50pct_removal": false
  },
  {
    "encoder": "clip_b32",
    "method": "facility_subspace",
    "shortlist_size": 10,
    "rows": 7,
    "targets": 7,
    "best_candidate_recall_mean": 0.2857142857142857,
    "top3_candidate_recall_mean": 0.619047619047619,
    "best_candidate_family_recall_mean": 0.2857142857142857,
    "top3_candidate_family_recall_mean": 0.6428571428571429,
    "validation_regret_mean": 0.001752621932417193,
    "normalized_validation_regret_mean": 0.07420715069631985,
    "test_regret_mean": 0.003835497583661751,
    "removed_fraction": 0.5,
    "selected_family_count_mean": 10.0,
    "removed_family_fraction_mean": 0.41176470588235287,
    "passes_90pct_recall_at_50pct_removal": false
  },
  {
    "encoder": "clip_b32",
    "method": "kcenter_subspace",
    "shortlist_size": 3,
    "rows": 7,
    "targets": 7,
    "best_candidate_recall_mean": 0.0,
    "top3_candidate_recall_mean": 0.2857142857142857,
    "best_candidate_family_recall_mean": 0.0,
    "top3_candidate_family_recall_mean": 0.2857142857142857,
    "validation_regret_mean": 0.006117239871281178,
    "normalized_validation_regret_mean": 0.20637714300975904,
    "test_regret_mean": 0.00895436320986068,
    "removed_fraction": 0.85,
    "selected_family_count_mean": 3.0,
    "removed_family_fraction_mean": 0.8235294117647057,
    "passes_90pct_recall_at_50pct_removal": false
  },
  {
    "encoder": "clip_b32",
    "method": "kcenter_subspace",
    "shortlist_size": 5,
    "rows": 7,
    "targets": 7,
    "best_candidate_recall_mean": 0.0,
    "top3_candidate_recall_mean": 0.38095238095238093,
    "best_candidate_family_recall_mean": 0.0,
    "top3_candidate_family_recall_mean": 0.38095238095238093,
    "validation_regret_mean": 0.006117239871281178,
    "normalized_validation_regret_mean": 0.20637714300975904,
    "test_regret_mean": 0.00895436320986068,
    "removed_fraction": 0.75,
    "selected_family_count_mean": 5.0,
    "removed_family_fraction_mean": 0.7058823529411765,
    "passes_90pct_recall_at_50pct_removal": false
  },
  {
    "encoder": "clip_b32",
    "method": "kcenter_subspace",
    "shortlist_size": 10,
    "rows": 7,
    "targets": 7,
    "best_candidate_recall_mean": 0.14285714285714285,
    "top3_candidate_recall_mean": 0.619047619047619,
    "best_candidate_family_recall_mean": 0.14285714285714285,
    "top3_candidate_family_recall_mean": 0.6428571428571429,
    "validation_regret_mean": 0.0024802625124369848,
    "normalized_validation_regret_mean": 0.10352066577341777,
    "test_regret_mean": 0.005621211869376046,
    "removed_fraction": 0.5,
    "selected_family_count_mean": 10.0,
    "removed_family_fraction_mean": 0.41176470588235287,
    "passes_90pct_recall_at_50pct_removal": false
  },
  {
    "encoder": "clip_b32",
    "method": "pool_vendi_subspace",
    "shortlist_size": 3,
    "rows": 7,
    "targets": 7,
    "best_candidate_recall_mean": 0.0,
    "top3_candidate_recall_mean": 0.2857142857142857,
    "best_candidate_family_recall_mean": 0.0,
    "top3_candidate_family_recall_mean": 0.2857142857142857,
    "validation_regret_mean": 0.006117239871281178,
    "normalized_validation_regret_mean": 0.20637714300975904,
    "test_regret_mean": 0.00895436320986068,
    "removed_fraction": 0.85,
    "selected_family_count_mean": 3.0,
    "removed_family_fraction_mean": 0.8235294117647057,
    "passes_90pct_recall_at_50pct_removal": false
  },
  {
    "encoder": "clip_b32",
    "method": "pool_vendi_subspace",
    "shortlist_size": 5,
    "rows": 7,
    "targets": 7,
    "best_candidate_recall_mean": 0.0,
    "top3_candidate_recall_mean": 0.38095238095238093,
    "best_candidate_family_recall_mean": 0.0,
    "top3_candidate_family_recall_mean": 0.38095238095238093,
    "validation_regret_mean": 0.006117239871281178,
    "normalized_validation_regret_mean": 0.20637714300975904,
    "test_regret_mean": 0.00895436320986068,
    "removed_fraction": 0.75,
    "selected_family_count_mean": 5.0,
    "removed_family_fraction_mean": 0.7058823529411765,
    "passes_90pct_recall_at_50pct_removal": false
  },
  {
    "encoder": "clip_b32",
    "method": "pool_vendi_subspace",
    "shortlist_size": 10,
    "rows": 7,
    "targets": 7,
    "best_candidate_recall_mean": 0.7142857142857143,
    "top3_candidate_recall_mean": 0.6666666666666667,
    "best_candidate_family_recall_mean": 0.7142857142857143,
    "top3_candidate_family_recall_mean": 0.6904761904761905,
    "validation_regret_mean": 0.0013065389417707962,
    "normalized_validation_regret_mean": 0.04037112443161823,
    "test_regret_mean": 0.00167713846479145,
    "removed_fraction": 0.5,
    "selected_family_count_mean": 10.0,
    "removed_family_fraction_mean": 0.41176470588235287,
    "passes_90pct_recall_at_50pct_removal": false
  },
  {
    "encoder": "clip_b32",
    "method": "random",
    "shortlist_size": 3,
    "rows": 700,
    "targets": 7,
    "best_candidate_recall_mean": 0.1442857142857143,
    "top3_candidate_recall_mean": 0.14238095238095236,
    "best_candidate_family_recall_mean": 0.1657142857142857,
    "top3_candidate_family_recall_mean": 0.1795238095238095,
    "validation_regret_mean": 0.00838457830018478,
    "normalized_validation_regret_mean": 0.31036345727533,
    "test_regret_mean": 0.010281314458165854,
    "removed_fraction": 0.85,
    "selected_family_count_mean": 2.952857142857143,
    "removed_family_fraction_mean": 0.8263025210084033,
    "passes_90pct_recall_at_50pct_removal": false
  },
  {
    "encoder": "clip_b32",
    "method": "random",
    "shortlist_size": 5,
    "rows": 700,
    "targets": 7,
    "best_candidate_recall_mean": 0.26285714285714284,
    "top3_candidate_recall_mean": 0.2561904761904762,
    "best_candidate_family_recall_mean": 0.2885714285714286,
    "top3_candidate_family_recall_mean": 0.30904761904761907,
    "validation_regret_mean": 0.005509770064622859,
    "normalized_validation_regret_mean": 0.2091804991061707,
    "test_regret_mean": 0.007086100697517398,
    "removed_fraction": 0.75,
    "selected_family_count_mean": 4.808571428571429,
    "removed_family_fraction_mean": 0.7171428571428572,
    "passes_90pct_recall_at_50pct_removal": false
  },
  {
    "encoder": "clip_b32",
    "method": "random",
    "shortlist_size": 10,
    "rows": 700,
    "targets": 7,
    "best_candidate_recall_mean": 0.48142857142857143,
    "top3_candidate_recall_mean": 0.47476190476190466,
    "best_candidate_family_recall_mean": 0.52,
    "top3_candidate_family_recall_mean": 0.5407142857142857,
    "validation_regret_mean": 0.002706448639551616,
    "normalized_validation_regret_mean": 0.10167426216288858,
    "test_regret_mean": 0.0036048019102641543,
    "removed_fraction": 0.5,
    "selected_family_count_mean": 9.164285714285715,
    "removed_family_fraction_mean": 0.4609243697478992,
    "passes_90pct_recall_at_50pct_removal": false
  },
  {
    "encoder": "clip_b32",
    "method": "rank_only",
    "shortlist_size": 3,
    "rows": 7,
    "targets": 7,
    "best_candidate_recall_mean": 0.7142857142857143,
    "top3_candidate_recall_mean": 0.5714285714285714,
    "best_candidate_family_recall_mean": 0.7142857142857143,
    "top3_candidate_family_recall_mean": 0.5952380952380951,
    "validation_regret_mean": 0.0013065389417707962,
    "normalized_validation_regret_mean": 0.04037112443161823,
    "test_regret_mean": 0.00167713846479145,
    "removed_fraction": 0.85,
    "selected_family_count_mean": 3.0,
    "removed_family_fraction_mean": 0.8235294117647057,
    "passes_90pct_recall_at_50pct_removal": false
  },
  {
    "encoder": "clip_b32",
    "method": "rank_only",
    "shortlist_size": 5,
    "rows": 7,
    "targets": 7,
    "best_candidate_recall_mean": 0.8571428571428571,
    "top3_candidate_recall_mean": 0.8571428571428571,
    "best_candidate_family_recall_mean": 0.8571428571428571,
    "top3_candidate_family_recall_mean": 0.8571428571428571,
    "validation_regret_mean": 0.0007276405800197917,
    "normalized_validation_regret_mean": 0.029313515077097924,
    "test_regret_mean": 0.0017857142857142952,
    "removed_fraction": 0.75,
    "selected_family_count_mean": 4.0,
    "removed_family_fraction_mean": 0.7647058823529411,
    "passes_90pct_recall_at_50pct_removal": false
  },
  {
    "encoder": "clip_b32",
    "method": "rank_only",
    "shortlist_size": 10,
    "rows": 7,
    "targets": 7,
    "best_candidate_recall_mean": 1.0,
    "top3_candidate_recall_mean": 0.9523809523809524,
    "best_candidate_family_recall_mean": 1.0,
    "top3_candidate_family_recall_mean": 0.9523809523809524,
    "validation_regret_mean": 0.0,
    "normalized_validation_regret_mean": 0.0,
    "test_regret_mean": 0.0,
    "removed_fraction": 0.5,
    "selected_family_count_mean": 8.0,
    "removed_family_fraction_mean": 0.5294117647058824,
    "passes_90pct_recall_at_50pct_removal": true
  }
]
SOURCE_DONE=mnist COMPLETED=8/21
[
  {
    "encoder": "clip_b32",
    "method": "dpp_subspace",
    "shortlist_size": 3,
    "rows": 7,
    "targets": 7,
    "best_candidate_recall_mean": 0.7142857142857143,
    "top3_candidate_recall_mean": 0.5238095238095237,
    "best_candidate_family_recall_mean": 0.7142857142857143,
    "top3_candidate_family_recall_mean": 0.5476190476190476,
    "validation_regret_mean": 0.0013065389417707962,
    "normalized_validation_regret_mean": 0.04037112443161823,
    "test_regret_mean": 0.00167713846479145,
    "removed_fraction": 0.85,
    "selected_family_count_mean": 3.0,
    "removed_family_fraction_mean": 0.8125,
    "passes_90pct_recall_at_50pct_removal": false
  },
  {
    "encoder": "clip_b32",
    "method": "dpp_subspace",
    "shortlist_size": 5,
    "rows": 7,
    "targets": 7,
    "best_candidate_recall_mean": 0.8571428571428571,
    "top3_candidate_recall_mean": 0.619047619047619,
    "best_candidate_family_recall_mean": 1.0,
    "top3_candidate_family_recall_mean": 0.8571428571428571,
    "validation_regret_mean": 0.0005788983617510045,
    "normalized_validation_regret_mean": 0.011057609354520307,
    "test_regret_mean": -0.00010857582092284521,
    "removed_fraction": 0.75,
    "selected_family_count_mean": 5.0,
    "removed_family_fraction_mean": 0.6875,
    "passes_90pct_recall_at_50pct_removal": false
  },
  {
    "encoder": "clip_b32",
    "method": "dpp_subspace",
    "shortlist_size": 10,
    "rows": 7,
    "targets": 7,
    "best_candidate_recall_mean": 1.0,
    "top3_candidate_recall_mean": 0.9047619047619048,
    "best_candidate_family_recall_mean": 1.0,
    "top3_candidate_family_recall_mean": 0.9047619047619048,
    "validation_regret_mean": 0.0,
    "normalized_validation_regret_mean": 0.0,
    "test_regret_mean": 0.0,
    "removed_fraction": 0.5,
    "selected_family_count_mean": 9.0,
    "removed_family_fraction_mean": 0.4375,
    "passes_90pct_recall_at_50pct_removal": true
  },
  {
    "encoder": "clip_b32",
    "method": "facility_subspace",
    "shortlist_size": 3,
    "rows": 7,
    "targets": 7,
    "best_candidate_recall_mean": 0.14285714285714285,
    "top3_candidate_recall_mean": 0.23809523809523808,
    "best_candidate_family_recall_mean": 0.14285714285714285,
    "top3_candidate_family_recall_mean": 0.35714285714285715,
    "validation_regret_mean": 0.003287020658462552,
    "normalized_validation_regret_mean": 0.15339624447023414,
    "test_regret_mean": 0.005271296841757629,
    "removed_fraction": 0.85,
    "selected_family_count_mean": 3.0,
    "removed_family_fraction_mean": 0.8125,
    "passes_90pct_recall_at_50pct_removal": false
  },
  {
    "encoder": "clip_b32",
    "method": "facility_subspace",
    "shortlist_size": 5,
    "rows": 7,
    "targets": 7,
    "best_candidate_recall_mean": 0.14285714285714285,
    "top3_candidate_recall_mean": 0.47619047619047616,
    "best_candidate_family_recall_mean": 0.14285714285714285,
    "top3_candidate_family_recall_mean": 0.5952380952380951,
    "validation_regret_mean": 0.0024802625124369848,
    "normalized_validation_regret_mean": 0.10592357841877427,
    "test_regret_mean": 0.005621211869376046,
    "removed_fraction": 0.75,
    "selected_family_count_mean": 5.0,
    "removed_family_fraction_mean": 0.6875,
    "passes_90pct_recall_at_50pct_removal": false
  },
  {
    "encoder": "clip_b32",
    "method": "facility_subspace",
    "shortlist_size": 10,
    "rows": 7,
    "targets": 7,
    "best_candidate_recall_mean": 0.2857142857142857,
    "top3_candidate_recall_mean": 0.5714285714285714,
    "best_candidate_family_recall_mean": 0.2857142857142857,
    "top3_candidate_family_recall_mean": 0.6904761904761905,
    "validation_regret_mean": 0.001752621932417193,
    "normalized_validation_regret_mean": 0.07661006334167632,
    "test_regret_mean": 0.003835497583661751,
    "removed_fraction": 0.5,
    "selected_family_count_mean": 10.0,
    "removed_family_fraction_mean": 0.375,
    "passes_90pct_recall_at_50pct_removal": false
  },
  {
    "encoder": "clip_b32",
    "method": "kcenter_subspace",
    "shortlist_size": 3,
    "rows": 7,
    "targets": 7,
    "best_candidate_recall_mean": 0.0,
    "top3_candidate_recall_mean": 0.23809523809523808,
    "best_candidate_family_recall_mean": 0.0,
    "top3_candidate_family_recall_mean": 0.23809523809523808,
    "validation_regret_mean": 0.006117239871281178,
    "normalized_validation_regret_mean": 0.21199522128782147,
    "test_regret_mean": 0.00895436320986068,
    "removed_fraction": 0.85,
    "selected_family_count_mean": 3.0,
    "removed_family_fraction_mean": 0.8125,
    "passes_90pct_recall_at_50pct_removal": false
  },
  {
    "encoder": "clip_b32",
    "method": "kcenter_subspace",
    "shortlist_size": 5,
    "rows": 7,
    "targets": 7,
    "best_candidate_recall_mean": 0.0,
    "top3_candidate_recall_mean": 0.2857142857142857,
    "best_candidate_family_recall_mean": 0.0,
    "top3_candidate_family_recall_mean": 0.38095238095238093,
    "validation_regret_mean": 0.006117239871281178,
    "normalized_validation_regret_mean": 0.21199522128782147,
    "test_regret_mean": 0.00895436320986068,
    "removed_fraction": 0.75,
    "selected_family_count_mean": 5.0,
    "removed_family_fraction_mean": 0.6875,
    "passes_90pct_recall_at_50pct_removal": false
  },
  {
    "encoder": "clip_b32",
    "method": "kcenter_subspace",
    "shortlist_size": 10,
    "rows": 7,
    "targets": 7,
    "best_candidate_recall_mean": 0.14285714285714285,
    "top3_candidate_recall_mean": 0.5238095238095238,
    "best_candidate_family_recall_mean": 0.14285714285714285,
    "top3_candidate_family_recall_mean": 0.6428571428571429,
    "validation_regret_mean": 0.0024802625124369848,
    "normalized_validation_regret_mean": 0.10592357841877427,
    "test_regret_mean": 0.005621211869376046,
    "removed_fraction": 0.5,
    "selected_family_count_mean": 10.0,
    "removed_family_fraction_mean": 0.375,
    "passes_90pct_recall_at_50pct_removal": false
  },
  {
    "encoder": "clip_b32",
    "method": "pool_vendi_subspace",
    "shortlist_size": 3,
    "rows": 7,
    "targets": 7,
    "best_candidate_recall_mean": 0.0,
    "top3_candidate_recall_mean": 0.23809523809523808,
    "best_candidate_family_recall_mean": 0.0,
    "top3_candidate_family_recall_mean": 0.23809523809523808,
    "validation_regret_mean": 0.006117239871281178,
    "normalized_validation_regret_mean": 0.21199522128782147,
    "test_regret_mean": 0.00895436320986068,
    "removed_fraction": 0.85,
    "selected_family_count_mean": 3.0,
    "removed_family_fraction_mean": 0.8125,
    "passes_90pct_recall_at_50pct_removal": false
  },
  {
    "encoder": "clip_b32",
    "method": "pool_vendi_subspace",
    "shortlist_size": 5,
    "rows": 7,
    "targets": 7,
    "best_candidate_recall_mean": 0.0,
    "top3_candidate_recall_mean": 0.38095238095238093,
    "best_candidate_family_recall_mean": 0.0,
    "top3_candidate_family_recall_mean": 0.38095238095238093,
    "validation_regret_mean": 0.005995857566680878,
    "normalized_validation_regret_mean": 0.20967668284393687,
    "test_regret_mean": 0.008891505854470405,
    "removed_fraction": 0.75,
    "selected_family_count_mean": 5.0,
    "removed_family_fraction_mean": 0.6875,
    "passes_90pct_recall_at_50pct_removal": false
  },
  {
    "encoder": "clip_b32",
    "method": "pool_vendi_subspace",
    "shortlist_size": 10,
    "rows": 7,
    "targets": 7,
    "best_candidate_recall_mean": 0.7142857142857143,
    "top3_candidate_recall_mean": 0.6666666666666667,
    "best_candidate_family_recall_mean": 0.7142857142857143,
    "top3_candidate_family_recall_mean": 0.6904761904761905,
    "validation_regret_mean": 0.0013065389417707962,
    "normalized_validation_regret_mean": 0.04037112443161823,
    "test_regret_mean": 0.00167713846479145,
    "removed_fraction": 0.5,
    "selected_family_count_mean": 10.0,
    "removed_family_fraction_mean": 0.375,
    "passes_90pct_recall_at_50pct_removal": false
  },
  {
    "encoder": "clip_b32",
    "method": "random",
    "shortlist_size": 3,
    "rows": 700,
    "targets": 7,
    "best_candidate_recall_mean": 0.1442857142857143,
    "top3_candidate_recall_mean": 0.14095238095238094,
    "best_candidate_family_recall_mean": 0.1657142857142857,
    "top3_candidate_family_recall_mean": 0.1895238095238095,
    "validation_regret_mean": 0.007925959646187607,
    "normalized_validation_regret_mean": 0.30038715743763994,
    "test_regret_mean": 0.009739824516432629,
    "removed_fraction": 0.85,
    "selected_family_count_mean": 2.934285714285714,
    "removed_family_fraction_mean": 0.8166071428571429,
    "passes_90pct_recall_at_50pct_removal": false
  },
  {
    "encoder": "clip_b32",
    "method": "random",
    "shortlist_size": 5,
    "rows": 700,
    "targets": 7,
    "best_candidate_recall_mean": 0.26285714285714284,
    "top3_candidate_recall_mean": 0.2604761904761905,
    "best_candidate_family_recall_mean": 0.2885714285714286,
    "top3_candidate_family_recall_mean": 0.3290476190476191,
    "validation_regret_mean": 0.005151486946976311,
    "normalized_validation_regret_mean": 0.20126955127585858,
    "test_regret_mean": 0.006680006810597014,
    "removed_fraction": 0.75,
    "selected_family_count_mean": 4.751428571428572,
    "removed_family_fraction_mean": 0.7030357142857143,
    "passes_90pct_recall_at_50pct_removal": false
  },
  {
    "encoder": "clip_b32",
    "method": "random",
    "shortlist_size": 10,
    "rows": 700,
    "targets": 7,
    "best_candidate_recall_mean": 0.48142857142857143,
    "top3_candidate_recall_mean": 0.47238095238095235,
    "best_candidate_family_recall_mean": 0.52,
    "top3_candidate_family_recall_mean": 0.565952380952381,
    "validation_regret_mean": 0.0026205563252956086,
    "normalized_validation_regret_mean": 0.10087748533581559,
    "test_regret_mean": 0.003588742733001711,
    "removed_fraction": 0.5,
    "selected_family_count_mean": 8.92142857142857,
    "removed_family_fraction_mean": 0.44241071428571427,
    "passes_90pct_recall_at_50pct_removal": false
  },
  {
    "encoder": "clip_b32",
    "method": "rank_only",
    "shortlist_size": 3,
    "rows": 7,
    "targets": 7,
    "best_candidate_recall_mean": 0.7142857142857143,
    "top3_candidate_recall_mean": 0.5238095238095237,
    "best_candidate_family_recall_mean": 0.7142857142857143,
    "top3_candidate_family_recall_mean": 0.5476190476190476,
    "validation_regret_mean": 0.0013065389417707962,
    "normalized_validation_regret_mean": 0.04037112443161823,
    "test_regret_mean": 0.00167713846479145,
    "removed_fraction": 0.85,
    "selected_family_count_mean": 3.0,
    "removed_family_fraction_mean": 0.8125,
    "passes_90pct_recall_at_50pct_removal": false
  },
  {
    "encoder": "clip_b32",
    "method": "rank_only",
    "shortlist_size": 5,
    "rows": 7,
    "targets": 7,
    "best_candidate_recall_mean": 0.8571428571428571,
    "top3_candidate_recall_mean": 0.8095238095238094,
    "best_candidate_family_recall_mean": 0.8571428571428571,
    "top3_candidate_family_recall_mean": 0.8095238095238094,
    "validation_regret_mean": 0.0007276405800197917,
    "normalized_validation_regret_mean": 0.029313515077097924,
    "test_regret_mean": 0.0017857142857142952,
    "removed_fraction": 0.75,
    "selected_family_count_mean": 4.0,
    "removed_family_fraction_mean": 0.75,
    "passes_90pct_recall_at_50pct_removal": false
  },
  {
    "encoder": "clip_b32",
    "method": "rank_only",
    "shortlist_size": 10,
    "rows": 7,
    "targets": 7,
    "best_candidate_recall_mean": 1.0,
    "top3_candidate_recall_mean": 0.9047619047619048,
    "best_candidate_family_recall_mean": 1.0,
    "top3_candidate_family_recall_mean": 0.9047619047619048,
    "validation_regret_mean": 0.0,
    "normalized_validation_regret_mean": 0.0,
    "test_regret_mean": 0.0,
    "removed_fraction": 0.5,
    "selected_family_count_mean": 8.0,
    "removed_family_fraction_mean": 0.5,
    "passes_90pct_recall_at_50pct_removal": true
  }
]
SOURCE_DONE=octmnist COMPLETED=9/21
[
  {
    "encoder": "clip_b32",
    "method": "dpp_subspace",
    "shortlist_size": 3,
    "rows": 7,
    "targets": 7,
    "best_candidate_recall_mean": 0.7142857142857143,
    "top3_candidate_recall_mean": 0.5238095238095237,
    "best_candidate_family_recall_mean": 0.7142857142857143,
    "top3_candidate_family_recall_mean": 0.5476190476190476,
    "validation_regret_mean": 0.0013065389417707962,
    "normalized_validation_regret_mean": 0.04037112443161823,
    "test_regret_mean": 0.00167713846479145,
    "removed_fraction": 0.85,
    "selected_family_count_mean": 3.0,
    "removed_family_fraction_mean": 0.8235294117647057,
    "passes_90pct_recall_at_50pct_removal": false
  },
  {
    "encoder": "clip_b32",
    "method": "dpp_subspace",
    "shortlist_size": 5,
    "rows": 7,
    "targets": 7,
    "best_candidate_recall_mean": 0.8571428571428571,
    "top3_candidate_recall_mean": 0.619047619047619,
    "best_candidate_family_recall_mean": 1.0,
    "top3_candidate_family_recall_mean": 0.8571428571428571,
    "validation_regret_mean": 0.0005788983617510045,
    "normalized_validation_regret_mean": 0.011057609354520307,
    "test_regret_mean": -0.00010857582092284521,
    "removed_fraction": 0.75,
    "selected_family_count_mean": 5.0,
    "removed_family_fraction_mean": 0.7058823529411765,
    "passes_90pct_recall_at_50pct_removal": false
  },
  {
    "encoder": "clip_b32",
    "method": "dpp_subspace",
    "shortlist_size": 10,
    "rows": 7,
    "targets": 7,
    "best_candidate_recall_mean": 1.0,
    "top3_candidate_recall_mean": 0.9047619047619048,
    "best_candidate_family_recall_mean": 1.0,
    "top3_candidate_family_recall_mean": 0.9047619047619048,
    "validation_regret_mean": 0.0,
    "normalized_validation_regret_mean": 0.0,
    "test_regret_mean": 0.0,
    "removed_fraction": 0.5,
    "selected_family_count_mean": 9.0,
    "removed_family_fraction_mean": 0.4705882352941177,
    "passes_90pct_recall_at_50pct_removal": true
  },
  {
    "encoder": "clip_b32",
    "method": "facility_subspace",
    "shortlist_size": 3,
    "rows": 7,
    "targets": 7,
    "best_candidate_recall_mean": 0.14285714285714285,
    "top3_candidate_recall_mean": 0.23809523809523808,
    "best_candidate_family_recall_mean": 0.14285714285714285,
    "top3_candidate_family_recall_mean": 0.35714285714285715,
    "validation_regret_mean": 0.003287020658462552,
    "normalized_validation_regret_mean": 0.15099333182487767,
    "test_regret_mean": 0.005271296841757629,
    "removed_fraction": 0.85,
    "selected_family_count_mean": 3.0,
    "removed_family_fraction_mean": 0.8235294117647057,
    "passes_90pct_recall_at_50pct_removal": false
  },
  {
    "encoder": "clip_b32",
    "method": "facility_subspace",
    "shortlist_size": 5,
    "rows": 7,
    "targets": 7,
    "best_candidate_recall_mean": 0.14285714285714285,
    "top3_candidate_recall_mean": 0.47619047619047616,
    "best_candidate_family_recall_mean": 0.14285714285714285,
    "top3_candidate_family_recall_mean": 0.5952380952380951,
    "validation_regret_mean": 0.0024802625124369848,
    "normalized_validation_regret_mean": 0.10352066577341777,
    "test_regret_mean": 0.005621211869376046,
    "removed_fraction": 0.75,
    "selected_family_count_mean": 5.0,
    "removed_family_fraction_mean": 0.7058823529411765,
    "passes_90pct_recall_at_50pct_removal": false
  },
  {
    "encoder": "clip_b32",
    "method": "facility_subspace",
    "shortlist_size": 10,
    "rows": 7,
    "targets": 7,
    "best_candidate_recall_mean": 0.2857142857142857,
    "top3_candidate_recall_mean": 0.5714285714285714,
    "best_candidate_family_recall_mean": 0.2857142857142857,
    "top3_candidate_family_recall_mean": 0.6904761904761905,
    "validation_regret_mean": 0.001752621932417193,
    "normalized_validation_regret_mean": 0.07420715069631985,
    "test_regret_mean": 0.003835497583661751,
    "removed_fraction": 0.5,
    "selected_family_count_mean": 10.0,
    "removed_family_fraction_mean": 0.41176470588235287,
    "passes_90pct_recall_at_50pct_removal": false
  },
  {
    "encoder": "clip_b32",
    "method": "kcenter_subspace",
    "shortlist_size": 3,
    "rows": 7,
    "targets": 7,
    "best_candidate_recall_mean": 0.0,
    "top3_candidate_recall_mean": 0.23809523809523808,
    "best_candidate_family_recall_mean": 0.0,
    "top3_candidate_family_recall_mean": 0.23809523809523808,
    "validation_regret_mean": 0.006117239871281178,
    "normalized_validation_regret_mean": 0.20637714300975904,
    "test_regret_mean": 0.00895436320986068,
    "removed_fraction": 0.85,
    "selected_family_count_mean": 3.0,
    "removed_family_fraction_mean": 0.8235294117647057,
    "passes_90pct_recall_at_50pct_removal": false
  },
  {
    "encoder": "clip_b32",
    "method": "kcenter_subspace",
    "shortlist_size": 5,
    "rows": 7,
    "targets": 7,
    "best_candidate_recall_mean": 0.0,
    "top3_candidate_recall_mean": 0.2857142857142857,
    "best_candidate_family_recall_mean": 0.0,
    "top3_candidate_family_recall_mean": 0.38095238095238093,
    "validation_regret_mean": 0.006117239871281178,
    "normalized_validation_regret_mean": 0.20637714300975904,
    "test_regret_mean": 0.00895436320986068,
    "removed_fraction": 0.75,
    "selected_family_count_mean": 5.0,
    "removed_family_fraction_mean": 0.7058823529411765,
    "passes_90pct_recall_at_50pct_removal": false
  },
  {
    "encoder": "clip_b32",
    "method": "kcenter_subspace",
    "shortlist_size": 10,
    "rows": 7,
    "targets": 7,
    "best_candidate_recall_mean": 0.14285714285714285,
    "top3_candidate_recall_mean": 0.5238095238095238,
    "best_candidate_family_recall_mean": 0.14285714285714285,
    "top3_candidate_family_recall_mean": 0.6428571428571429,
    "validation_regret_mean": 0.0024802625124369848,
    "normalized_validation_regret_mean": 0.10352066577341777,
    "test_regret_mean": 0.005621211869376046,
    "removed_fraction": 0.5,
    "selected_family_count_mean": 10.0,
    "removed_family_fraction_mean": 0.41176470588235287,
    "passes_90pct_recall_at_50pct_removal": false
  },
  {
    "encoder": "clip_b32",
    "method": "pool_vendi_subspace",
    "shortlist_size": 3,
    "rows": 7,
    "targets": 7,
    "best_candidate_recall_mean": 0.0,
    "top3_candidate_recall_mean": 0.23809523809523808,
    "best_candidate_family_recall_mean": 0.0,
    "top3_candidate_family_recall_mean": 0.23809523809523808,
    "validation_regret_mean": 0.006117239871281178,
    "normalized_validation_regret_mean": 0.20637714300975904,
    "test_regret_mean": 0.00895436320986068,
    "removed_fraction": 0.85,
    "selected_family_count_mean": 3.0,
    "removed_family_fraction_mean": 0.8235294117647057,
    "passes_90pct_recall_at_50pct_removal": false
  },
  {
    "encoder": "clip_b32",
    "method": "pool_vendi_subspace",
    "shortlist_size": 5,
    "rows": 7,
    "targets": 7,
    "best_candidate_recall_mean": 0.0,
    "top3_candidate_recall_mean": 0.38095238095238093,
    "best_candidate_family_recall_mean": 0.0,
    "top3_candidate_family_recall_mean": 0.38095238095238093,
    "validation_regret_mean": 0.005995857566680878,
    "normalized_validation_regret_mean": 0.20405860456587446,
    "test_regret_mean": 0.008891505854470405,
    "removed_fraction": 0.75,
    "selected_family_count_mean": 5.0,
    "removed_family_fraction_mean": 0.7058823529411765,
    "passes_90pct_recall_at_50pct_removal": false
  },
  {
    "encoder": "clip_b32",
    "method": "pool_vendi_subspace",
    "shortlist_size": 10,
    "rows": 7,
    "targets": 7,
    "best_candidate_recall_mean": 0.7142857142857143,
    "top3_candidate_recall_mean": 0.6666666666666667,
    "best_candidate_family_recall_mean": 0.7142857142857143,
    "top3_candidate_family_recall_mean": 0.6904761904761905,
    "validation_regret_mean": 0.0013065389417707962,
    "normalized_validation_regret_mean": 0.04037112443161823,
    "test_regret_mean": 0.00167713846479145,
    "removed_fraction": 0.5,
    "selected_family_count_mean": 10.0,
    "removed_family_fraction_mean": 0.41176470588235287,
    "passes_90pct_recall_at_50pct_removal": false
  },
  {
    "encoder": "clip_b32",
    "method": "random",
    "shortlist_size": 3,
    "rows": 700,
    "targets": 7,
    "best_candidate_recall_mean": 0.1442857142857143,
    "top3_candidate_recall_mean": 0.14095238095238094,
    "best_candidate_family_recall_mean": 0.1657142857142857,
    "top3_candidate_family_recall_mean": 0.1895238095238095,
    "validation_regret_mean": 0.008013358193324513,
    "normalized_validation_regret_mean": 0.29606649370998994,
    "test_regret_mean": 0.00988155727727073,
    "removed_fraction": 0.85,
    "selected_family_count_mean": 2.954285714285714,
    "removed_family_fraction_mean": 0.8262184873949578,
    "passes_90pct_recall_at_50pct_removal": false
  },
  {
    "encoder": "clip_b32",
    "method": "random",
    "shortlist_size": 5,
    "rows": 700,
    "targets": 7,
    "best_candidate_recall_mean": 0.26285714285714284,
    "top3_candidate_recall_mean": 0.2604761904761905,
    "best_candidate_family_recall_mean": 0.2885714285714286,
    "top3_candidate_family_recall_mean": 0.3290476190476191,
    "validation_regret_mean": 0.005189066710577655,
    "normalized_validation_regret_mean": 0.1985922010782945,
    "test_regret_mean": 0.006752599103110179,
    "removed_fraction": 0.75,
    "selected_family_count_mean": 4.848571428571429,
    "removed_family_fraction_mean": 0.7147899159663866,
    "passes_90pct_recall_at_50pct_removal": false
  },
  {
    "encoder": "clip_b32",
    "method": "random",
    "shortlist_size": 10,
    "rows": 700,
    "targets": 7,
    "best_candidate_recall_mean": 0.48142857142857143,
    "top3_candidate_recall_mean": 0.47238095238095235,
    "best_candidate_family_recall_mean": 0.52,
    "top3_candidate_family_recall_mean": 0.565952380952381,
    "validation_regret_mean": 0.002623351375539453,
    "normalized_validation_regret_mean": 0.09864758757811672,
    "test_regret_mean": 0.0036163095917020553,
    "removed_fraction": 0.5,
    "selected_family_count_mean": 9.301428571428572,
    "removed_family_fraction_mean": 0.45285714285714285,
    "passes_90pct_recall_at_50pct_removal": false
  },
  {
    "encoder": "clip_b32",
    "method": "rank_only",
    "shortlist_size": 3,
    "rows": 7,
    "targets": 7,
    "best_candidate_recall_mean": 0.7142857142857143,
    "top3_candidate_recall_mean": 0.5238095238095237,
    "best_candidate_family_recall_mean": 0.7142857142857143,
    "top3_candidate_family_recall_mean": 0.5476190476190476,
    "validation_regret_mean": 0.0013065389417707962,
    "normalized_validation_regret_mean": 0.04037112443161823,
    "test_regret_mean": 0.00167713846479145,
    "removed_fraction": 0.85,
    "selected_family_count_mean": 3.0,
    "removed_family_fraction_mean": 0.8235294117647057,
    "passes_90pct_recall_at_50pct_removal": false
  },
  {
    "encoder": "clip_b32",
    "method": "rank_only",
    "shortlist_size": 5,
    "rows": 7,
    "targets": 7,
    "best_candidate_recall_mean": 0.8571428571428571,
    "top3_candidate_recall_mean": 0.8095238095238094,
    "best_candidate_family_recall_mean": 0.8571428571428571,
    "top3_candidate_family_recall_mean": 0.8095238095238094,
    "validation_regret_mean": 0.0007276405800197917,
    "normalized_validation_regret_mean": 0.029313515077097924,
    "test_regret_mean": 0.0017857142857142952,
    "removed_fraction": 0.75,
    "selected_family_count_mean": 4.0,
    "removed_family_fraction_mean": 0.7647058823529411,
    "passes_90pct_recall_at_50pct_removal": false
  },
  {
    "encoder": "clip_b32",
    "method": "rank_only",
    "shortlist_size": 10,
    "rows": 7,
    "targets": 7,
    "best_candidate_recall_mean": 1.0,
    "top3_candidate_recall_mean": 0.9047619047619048,
    "best_candidate_family_recall_mean": 1.0,
    "top3_candidate_family_recall_mean": 0.9047619047619048,
    "validation_regret_mean": 0.0,
    "normalized_validation_regret_mean": 0.0,
    "test_regret_mean": 0.0,
    "removed_fraction": 0.5,
    "selected_family_count_mean": 8.0,
    "removed_family_fraction_mean": 0.5294117647058824,
    "passes_90pct_recall_at_50pct_removal": true
  }
]
SOURCE_DONE=organamnist COMPLETED=10/21
[
  {
    "encoder": "clip_b32",
    "method": "dpp_subspace",
    "shortlist_size": 3,
    "rows": 7,
    "targets": 7,
    "best_candidate_recall_mean": 0.7142857142857143,
    "top3_candidate_recall_mean": 0.5238095238095237,
    "best_candidate_family_recall_mean": 0.7142857142857143,
    "top3_candidate_family_recall_mean": 0.5476190476190476,
    "validation_regret_mean": 0.0013065389417707962,
    "normalized_validation_regret_mean": 0.04037112443161823,
    "test_regret_mean": 0.00167713846479145,
    "removed_fraction": 0.85,
    "selected_family_count_mean": 3.0,
    "removed_family_fraction_mean": 0.8235294117647057,
    "passes_90pct_recall_at_50pct_removal": false
  },
  {
    "encoder": "clip_b32",
    "method": "dpp_subspace",
    "shortlist_size": 5,
    "rows": 7,
    "targets": 7,
    "best_candidate_recall_mean": 0.8571428571428571,
    "top3_candidate_recall_mean": 0.619047619047619,
    "best_candidate_family_recall_mean": 1.0,
    "top3_candidate_family_recall_mean": 0.8571428571428571,
    "validation_regret_mean": 0.0005788983617510045,
    "normalized_validation_regret_mean": 0.011057609354520307,
    "test_regret_mean": -0.00010857582092284521,
    "removed_fraction": 0.75,
    "selected_family_count_mean": 5.0,
    "removed_family_fraction_mean": 0.7058823529411765,
    "passes_90pct_recall_at_50pct_removal": false
  },
  {
    "encoder": "clip_b32",
    "method": "dpp_subspace",
    "shortlist_size": 10,
    "rows": 7,
    "targets": 7,
    "best_candidate_recall_mean": 1.0,
    "top3_candidate_recall_mean": 0.9047619047619048,
    "best_candidate_family_recall_mean": 1.0,
    "top3_candidate_family_recall_mean": 0.9047619047619048,
    "validation_regret_mean": 0.0,
    "normalized_validation_regret_mean": 0.0,
    "test_regret_mean": 0.0,
    "removed_fraction": 0.5,
    "selected_family_count_mean": 9.0,
    "removed_family_fraction_mean": 0.4705882352941177,
    "passes_90pct_recall_at_50pct_removal": true
  },
  {
    "encoder": "clip_b32",
    "method": "facility_subspace",
    "shortlist_size": 3,
    "rows": 7,
    "targets": 7,
    "best_candidate_recall_mean": 0.14285714285714285,
    "top3_candidate_recall_mean": 0.23809523809523808,
    "best_candidate_family_recall_mean": 0.14285714285714285,
    "top3_candidate_family_recall_mean": 0.35714285714285715,
    "validation_regret_mean": 0.003287020658462552,
    "normalized_validation_regret_mean": 0.15099333182487767,
    "test_regret_mean": 0.005271296841757629,
    "removed_fraction": 0.85,
    "selected_family_count_mean": 3.0,
    "removed_family_fraction_mean": 0.8235294117647057,
    "passes_90pct_recall_at_50pct_removal": false
  },
  {
    "encoder": "clip_b32",
    "method": "facility_subspace",
    "shortlist_size": 5,
    "rows": 7,
    "targets": 7,
    "best_candidate_recall_mean": 0.14285714285714285,
    "top3_candidate_recall_mean": 0.47619047619047616,
    "best_candidate_family_recall_mean": 0.14285714285714285,
    "top3_candidate_family_recall_mean": 0.5952380952380951,
    "validation_regret_mean": 0.0024802625124369848,
    "normalized_validation_regret_mean": 0.10352066577341777,
    "test_regret_mean": 0.005621211869376046,
    "removed_fraction": 0.75,
    "selected_family_count_mean": 5.0,
    "removed_family_fraction_mean": 0.7058823529411765,
    "passes_90pct_recall_at_50pct_removal": false
  },
  {
    "encoder": "clip_b32",
    "method": "facility_subspace",
    "shortlist_size": 10,
    "rows": 7,
    "targets": 7,
    "best_candidate_recall_mean": 0.2857142857142857,
    "top3_candidate_recall_mean": 0.5714285714285714,
    "best_candidate_family_recall_mean": 0.2857142857142857,
    "top3_candidate_family_recall_mean": 0.6904761904761905,
    "validation_regret_mean": 0.001752621932417193,
    "normalized_validation_regret_mean": 0.07420715069631985,
    "test_regret_mean": 0.003835497583661751,
    "removed_fraction": 0.5,
    "selected_family_count_mean": 10.0,
    "removed_family_fraction_mean": 0.41176470588235287,
    "passes_90pct_recall_at_50pct_removal": false
  },
  {
    "encoder": "clip_b32",
    "method": "kcenter_subspace",
    "shortlist_size": 3,
    "rows": 7,
    "targets": 7,
    "best_candidate_recall_mean": 0.0,
    "top3_candidate_recall_mean": 0.23809523809523808,
    "best_candidate_family_recall_mean": 0.0,
    "top3_candidate_family_recall_mean": 0.23809523809523808,
    "validation_regret_mean": 0.006117239871281178,
    "normalized_validation_regret_mean": 0.20637714300975904,
    "test_regret_mean": 0.00895436320986068,
    "removed_fraction": 0.85,
    "selected_family_count_mean": 3.0,
    "removed_family_fraction_mean": 0.8235294117647057,
    "passes_90pct_recall_at_50pct_removal": false
  },
  {
    "encoder": "clip_b32",
    "method": "kcenter_subspace",
    "shortlist_size": 5,
    "rows": 7,
    "targets": 7,
    "best_candidate_recall_mean": 0.0,
    "top3_candidate_recall_mean": 0.2857142857142857,
    "best_candidate_family_recall_mean": 0.0,
    "top3_candidate_family_recall_mean": 0.38095238095238093,
    "validation_regret_mean": 0.006117239871281178,
    "normalized_validation_regret_mean": 0.20637714300975904,
    "test_regret_mean": 0.00895436320986068,
    "removed_fraction": 0.75,
    "selected_family_count_mean": 5.0,
    "removed_family_fraction_mean": 0.7058823529411765,
    "passes_90pct_recall_at_50pct_removal": false
  },
  {
    "encoder": "clip_b32",
    "method": "kcenter_subspace",
    "shortlist_size": 10,
    "rows": 7,
    "targets": 7,
    "best_candidate_recall_mean": 0.14285714285714285,
    "top3_candidate_recall_mean": 0.5238095238095238,
    "best_candidate_family_recall_mean": 0.14285714285714285,
    "top3_candidate_family_recall_mean": 0.6428571428571429,
    "validation_regret_mean": 0.0024802625124369848,
    "normalized_validation_regret_mean": 0.10352066577341777,
    "test_regret_mean": 0.005621211869376046,
    "removed_fraction": 0.5,
    "selected_family_count_mean": 10.0,
    "removed_family_fraction_mean": 0.41176470588235287,
    "passes_90pct_recall_at_50pct_removal": false
  },
  {
    "encoder": "clip_b32",
    "method": "pool_vendi_subspace",
    "shortlist_size": 3,
    "rows": 7,
    "targets": 7,
    "best_candidate_recall_mean": 0.0,
    "top3_candidate_recall_mean": 0.23809523809523808,
    "best_candidate_family_recall_mean": 0.0,
    "top3_candidate_family_recall_mean": 0.23809523809523808,
    "validation_regret_mean": 0.006117239871281178,
    "normalized_validation_regret_mean": 0.20637714300975904,
    "test_regret_mean": 0.00895436320986068,
    "removed_fraction": 0.85,
    "selected_family_count_mean": 3.0,
    "removed_family_fraction_mean": 0.8235294117647057,
    "passes_90pct_recall_at_50pct_removal": false
  },
  {
    "encoder": "clip_b32",
    "method": "pool_vendi_subspace",
    "shortlist_size": 5,
    "rows": 7,
    "targets": 7,
    "best_candidate_recall_mean": 0.0,
    "top3_candidate_recall_mean": 0.38095238095238093,
    "best_candidate_family_recall_mean": 0.0,
    "top3_candidate_family_recall_mean": 0.38095238095238093,
    "validation_regret_mean": 0.005995857566680878,
    "normalized_validation_regret_mean": 0.20405860456587446,
    "test_regret_mean": 0.008891505854470405,
    "removed_fraction": 0.75,
    "selected_family_count_mean": 5.0,
    "removed_family_fraction_mean": 0.7058823529411765,
    "passes_90pct_recall_at_50pct_removal": false
  },
  {
    "encoder": "clip_b32",
    "method": "pool_vendi_subspace",
    "shortlist_size": 10,
    "rows": 7,
    "targets": 7,
    "best_candidate_recall_mean": 0.7142857142857143,
    "top3_candidate_recall_mean": 0.6666666666666667,
    "best_candidate_family_recall_mean": 0.7142857142857143,
    "top3_candidate_family_recall_mean": 0.6904761904761905,
    "validation_regret_mean": 0.0013065389417707962,
    "normalized_validation_regret_mean": 0.04037112443161823,
    "test_regret_mean": 0.00167713846479145,
    "removed_fraction": 0.5,
    "selected_family_count_mean": 10.0,
    "removed_family_fraction_mean": 0.41176470588235287,
    "passes_90pct_recall_at_50pct_removal": false
  },
  {
    "encoder": "clip_b32",
    "method": "random",
    "shortlist_size": 3,
    "rows": 700,
    "targets": 7,
    "best_candidate_recall_mean": 0.1442857142857143,
    "top3_candidate_recall_mean": 0.14095238095238094,
    "best_candidate_family_recall_mean": 0.1657142857142857,
    "top3_candidate_family_recall_mean": 0.1895238095238095,
    "validation_regret_mean": 0.008001005488996215,
    "normalized_validation_regret_mean": 0.2953061646174349,
    "test_regret_mean": 0.009753502130508426,
    "removed_fraction": 0.85,
    "selected_family_count_mean": 2.954285714285714,
    "removed_family_fraction_mean": 0.8262184873949578,
    "passes_90pct_recall_at_50pct_removal": false
  },
  {
    "encoder": "clip_b32",
    "method": "random",
    "shortlist_size": 5,
    "rows": 700,
    "targets": 7,
    "best_candidate_recall_mean": 0.26285714285714284,
    "top3_candidate_recall_mean": 0.2604761904761905,
    "best_candidate_family_recall_mean": 0.2885714285714286,
    "top3_candidate_family_recall_mean": 0.3290476190476191,
    "validation_regret_mean": 0.005178015494014165,
    "normalized_validation_regret_mean": 0.19791016016152563,
    "test_regret_mean": 0.006691241213253569,
    "removed_fraction": 0.75,
    "selected_family_count_mean": 4.848571428571429,
    "removed_family_fraction_mean": 0.7147899159663866,
    "passes_90pct_recall_at_50pct_removal": false
  },
  {
    "encoder": "clip_b32",
    "method": "random",
    "shortlist_size": 10,
    "rows": 700,
    "targets": 7,
    "best_candidate_recall_mean": 0.48142857142857143,
    "top3_candidate_recall_mean": 0.47238095238095235,
    "best_candidate_family_recall_mean": 0.52,
    "top3_candidate_family_recall_mean": 0.565952380952381,
    "validation_regret_mean": 0.0026219850943185754,
    "normalized_validation_regret_mean": 0.09860172381989812,
    "test_regret_mean": 0.003572004761014668,
    "removed_fraction": 0.5,
    "selected_family_count_mean": 9.301428571428572,
    "removed_family_fraction_mean": 0.45285714285714285,
    "passes_90pct_recall_at_50pct_removal": false
  },
  {
    "encoder": "clip_b32",
    "method": "rank_only",
    "shortlist_size": 3,
    "rows": 7,
    "targets": 7,
    "best_candidate_recall_mean": 0.7142857142857143,
    "top3_candidate_recall_mean": 0.5238095238095237,
    "best_candidate_family_recall_mean": 0.7142857142857143,
    "top3_candidate_family_recall_mean": 0.5476190476190476,
    "validation_regret_mean": 0.0013065389417707962,
    "normalized_validation_regret_mean": 0.04037112443161823,
    "test_regret_mean": 0.00167713846479145,
    "removed_fraction": 0.85,
    "selected_family_count_mean": 3.0,
    "removed_family_fraction_mean": 0.8235294117647057,
    "passes_90pct_recall_at_50pct_removal": false
  },
  {
    "encoder": "clip_b32",
    "method": "rank_only",
    "shortlist_size": 5,
    "rows": 7,
    "targets": 7,
    "best_candidate_recall_mean": 0.8571428571428571,
    "top3_candidate_recall_mean": 0.8095238095238094,
    "best_candidate_family_recall_mean": 0.8571428571428571,
    "top3_candidate_family_recall_mean": 0.8095238095238094,
    "validation_regret_mean": 0.0007276405800197917,
    "normalized_validation_regret_mean": 0.029313515077097924,
    "test_regret_mean": 0.0017857142857142952,
    "removed_fraction": 0.75,
    "selected_family_count_mean": 4.0,
    "removed_family_fraction_mean": 0.7647058823529411,
    "passes_90pct_recall_at_50pct_removal": false
  },
  {
    "encoder": "clip_b32",
    "method": "rank_only",
    "shortlist_size": 10,
    "rows": 7,
    "targets": 7,
    "best_candidate_recall_mean": 1.0,
    "top3_candidate_recall_mean": 0.9047619047619048,
    "best_candidate_family_recall_mean": 1.0,
    "top3_candidate_family_recall_mean": 0.9047619047619048,
    "validation_regret_mean": 0.0,
    "normalized_validation_regret_mean": 0.0,
    "test_regret_mean": 0.0,
    "removed_fraction": 0.5,
    "selected_family_count_mean": 9.0,
    "removed_family_fraction_mean": 0.4705882352941177,
    "passes_90pct_recall_at_50pct_removal": true
  }
]
SOURCE_DONE=organcmnist COMPLETED=11/21
[
  {
    "encoder": "clip_b32",
    "method": "dpp_subspace",
    "shortlist_size": 3,
    "rows": 7,
    "targets": 7,
    "best_candidate_recall_mean": 0.7142857142857143,
    "top3_candidate_recall_mean": 0.5238095238095237,
    "best_candidate_family_recall_mean": 0.7142857142857143,
    "top3_candidate_family_recall_mean": 0.5476190476190476,
    "validation_regret_mean": 0.0013065389417707962,
    "normalized_validation_regret_mean": 0.04037112443161823,
    "test_regret_mean": 0.00167713846479145,
    "removed_fraction": 0.85,
    "selected_family_count_mean": 3.0,
    "removed_family_fraction_mean": 0.8235294117647057,
    "passes_90pct_recall_at_50pct_removal": false
  },
  {
    "encoder": "clip_b32",
    "method": "dpp_subspace",
    "shortlist_size": 5,
    "rows": 7,
    "targets": 7,
    "best_candidate_recall_mean": 0.8571428571428571,
    "top3_candidate_recall_mean": 0.619047619047619,
    "best_candidate_family_recall_mean": 1.0,
    "top3_candidate_family_recall_mean": 0.8571428571428571,
    "validation_regret_mean": 0.0005788983617510045,
    "normalized_validation_regret_mean": 0.011057609354520307,
    "test_regret_mean": -0.00010857582092284521,
    "removed_fraction": 0.75,
    "selected_family_count_mean": 5.0,
    "removed_family_fraction_mean": 0.7058823529411765,
    "passes_90pct_recall_at_50pct_removal": false
  },
  {
    "encoder": "clip_b32",
    "method": "dpp_subspace",
    "shortlist_size": 10,
    "rows": 7,
    "targets": 7,
    "best_candidate_recall_mean": 1.0,
    "top3_candidate_recall_mean": 1.0,
    "best_candidate_family_recall_mean": 1.0,
    "top3_candidate_family_recall_mean": 1.0,
    "validation_regret_mean": 0.0,
    "normalized_validation_regret_mean": 0.0,
    "test_regret_mean": 0.0,
    "removed_fraction": 0.5,
    "selected_family_count_mean": 9.0,
    "removed_family_fraction_mean": 0.4705882352941177,
    "passes_90pct_recall_at_50pct_removal": true
  },
  {
    "encoder": "clip_b32",
    "method": "facility_subspace",
    "shortlist_size": 3,
    "rows": 7,
    "targets": 7,
    "best_candidate_recall_mean": 0.14285714285714285,
    "top3_candidate_recall_mean": 0.23809523809523808,
    "best_candidate_family_recall_mean": 0.14285714285714285,
    "top3_candidate_family_recall_mean": 0.35714285714285715,
    "validation_regret_mean": 0.003287020658462552,
    "normalized_validation_regret_mean": 0.15099333182487767,
    "test_regret_mean": 0.005271296841757629,
    "removed_fraction": 0.85,
    "selected_family_count_mean": 3.0,
    "removed_family_fraction_mean": 0.8235294117647057,
    "passes_90pct_recall_at_50pct_removal": false
  },
  {
    "encoder": "clip_b32",
    "method": "facility_subspace",
    "shortlist_size": 5,
    "rows": 7,
    "targets": 7,
    "best_candidate_recall_mean": 0.14285714285714285,
    "top3_candidate_recall_mean": 0.47619047619047616,
    "best_candidate_family_recall_mean": 0.14285714285714285,
    "top3_candidate_family_recall_mean": 0.5952380952380951,
    "validation_regret_mean": 0.0024802625124369848,
    "normalized_validation_regret_mean": 0.10352066577341777,
    "test_regret_mean": 0.005621211869376046,
    "removed_fraction": 0.75,
    "selected_family_count_mean": 5.0,
    "removed_family_fraction_mean": 0.7058823529411765,
    "passes_90pct_recall_at_50pct_removal": false
  },
  {
    "encoder": "clip_b32",
    "method": "facility_subspace",
    "shortlist_size": 10,
    "rows": 7,
    "targets": 7,
    "best_candidate_recall_mean": 0.2857142857142857,
    "top3_candidate_recall_mean": 0.5714285714285714,
    "best_candidate_family_recall_mean": 0.2857142857142857,
    "top3_candidate_family_recall_mean": 0.6904761904761905,
    "validation_regret_mean": 0.001752621932417193,
    "normalized_validation_regret_mean": 0.07420715069631985,
    "test_regret_mean": 0.003835497583661751,
    "removed_fraction": 0.5,
    "selected_family_count_mean": 10.0,
    "removed_family_fraction_mean": 0.41176470588235287,
    "passes_90pct_recall_at_50pct_removal": false
  },
  {
    "encoder": "clip_b32",
    "method": "kcenter_subspace",
    "shortlist_size": 3,
    "rows": 7,
    "targets": 7,
    "best_candidate_recall_mean": 0.0,
    "top3_candidate_recall_mean": 0.23809523809523808,
    "best_candidate_family_recall_mean": 0.0,
    "top3_candidate_family_recall_mean": 0.23809523809523808,
    "validation_regret_mean": 0.006117239871281178,
    "normalized_validation_regret_mean": 0.20637714300975904,
    "test_regret_mean": 0.00895436320986068,
    "removed_fraction": 0.85,
    "selected_family_count_mean": 3.0,
    "removed_family_fraction_mean": 0.8235294117647057,
    "passes_90pct_recall_at_50pct_removal": false
  },
  {
    "encoder": "clip_b32",
    "method": "kcenter_subspace",
    "shortlist_size": 5,
    "rows": 7,
    "targets": 7,
    "best_candidate_recall_mean": 0.0,
    "top3_candidate_recall_mean": 0.2857142857142857,
    "best_candidate_family_recall_mean": 0.0,
    "top3_candidate_family_recall_mean": 0.38095238095238093,
    "validation_regret_mean": 0.006117239871281178,
    "normalized_validation_regret_mean": 0.20637714300975904,
    "test_regret_mean": 0.00895436320986068,
    "removed_fraction": 0.75,
    "selected_family_count_mean": 5.0,
    "removed_family_fraction_mean": 0.7058823529411765,
    "passes_90pct_recall_at_50pct_removal": false
  },
  {
    "encoder": "clip_b32",
    "method": "kcenter_subspace",
    "shortlist_size": 10,
    "rows": 7,
    "targets": 7,
    "best_candidate_recall_mean": 0.14285714285714285,
    "top3_candidate_recall_mean": 0.5238095238095238,
    "best_candidate_family_recall_mean": 0.14285714285714285,
    "top3_candidate_family_recall_mean": 0.6428571428571429,
    "validation_regret_mean": 0.0024802625124369848,
    "normalized_validation_regret_mean": 0.10352066577341777,
    "test_regret_mean": 0.005621211869376046,
    "removed_fraction": 0.5,
    "selected_family_count_mean": 10.0,
    "removed_family_fraction_mean": 0.41176470588235287,
    "passes_90pct_recall_at_50pct_removal": false
  },
  {
    "encoder": "clip_b32",
    "method": "pool_vendi_subspace",
    "shortlist_size": 3,
    "rows": 7,
    "targets": 7,
    "best_candidate_recall_mean": 0.0,
    "top3_candidate_recall_mean": 0.23809523809523808,
    "best_candidate_family_recall_mean": 0.0,
    "top3_candidate_family_recall_mean": 0.23809523809523808,
    "validation_regret_mean": 0.006117239871281178,
    "normalized_validation_regret_mean": 0.20637714300975904,
    "test_regret_mean": 0.00895436320986068,
    "removed_fraction": 0.85,
    "selected_family_count_mean": 3.0,
    "removed_family_fraction_mean": 0.8235294117647057,
    "passes_90pct_recall_at_50pct_removal": false
  },
  {
    "encoder": "clip_b32",
    "method": "pool_vendi_subspace",
    "shortlist_size": 5,
    "rows": 7,
    "targets": 7,
    "best_candidate_recall_mean": 0.0,
    "top3_candidate_recall_mean": 0.38095238095238093,
    "best_candidate_family_recall_mean": 0.0,
    "top3_candidate_family_recall_mean": 0.38095238095238093,
    "validation_regret_mean": 0.005995857566680878,
    "normalized_validation_regret_mean": 0.20405860456587446,
    "test_regret_mean": 0.008891505854470405,
    "removed_fraction": 0.75,
    "selected_family_count_mean": 5.0,
    "removed_family_fraction_mean": 0.7058823529411765,
    "passes_90pct_recall_at_50pct_removal": false
  },
  {
    "encoder": "clip_b32",
    "method": "pool_vendi_subspace",
    "shortlist_size": 10,
    "rows": 7,
    "targets": 7,
    "best_candidate_recall_mean": 0.7142857142857143,
    "top3_candidate_recall_mean": 0.6666666666666667,
    "best_candidate_family_recall_mean": 0.7142857142857143,
    "top3_candidate_family_recall_mean": 0.6904761904761905,
    "validation_regret_mean": 0.0013065389417707962,
    "normalized_validation_regret_mean": 0.04037112443161823,
    "test_regret_mean": 0.00167713846479145,
    "removed_fraction": 0.5,
    "selected_family_count_mean": 10.0,
    "removed_family_fraction_mean": 0.41176470588235287,
    "passes_90pct_recall_at_50pct_removal": false
  },
  {
    "encoder": "clip_b32",
    "method": "random",
    "shortlist_size": 3,
    "rows": 700,
    "targets": 7,
    "best_candidate_recall_mean": 0.1442857142857143,
    "top3_candidate_recall_mean": 0.14095238095238094,
    "best_candidate_family_recall_mean": 0.1657142857142857,
    "top3_candidate_family_recall_mean": 0.1895238095238095,
    "validation_regret_mean": 0.007962089527607227,
    "normalized_validation_regret_mean": 0.2937165340941113,
    "test_regret_mean": 0.009652024865150455,
    "removed_fraction": 0.85,
    "selected_family_count_mean": 2.954285714285714,
    "removed_family_fraction_mean": 0.8262184873949578,
    "passes_90pct_recall_at_50pct_removal": false
  },
  {
    "encoder": "clip_b32",
    "method": "random",
    "shortlist_size": 5,
    "rows": 700,
    "targets": 7,
    "best_candidate_recall_mean": 0.26285714285714284,
    "top3_candidate_recall_mean": 0.2604761904761905,
    "best_candidate_family_recall_mean": 0.2885714285714286,
    "top3_candidate_family_recall_mean": 0.3290476190476191,
    "validation_regret_mean": 0.005151779679854457,
    "normalized_validation_regret_mean": 0.19696686704044594,
    "test_regret_mean": 0.00668547994749887,
    "removed_fraction": 0.75,
    "selected_family_count_mean": 4.848571428571429,
    "removed_family_fraction_mean": 0.7147899159663866,
    "passes_90pct_recall_at_50pct_removal": false
  },
  {
    "encoder": "clip_b32",
    "method": "random",
    "shortlist_size": 10,
    "rows": 700,
    "targets": 7,
    "best_candidate_recall_mean": 0.48142857142857143,
    "top3_candidate_recall_mean": 0.47238095238095235,
    "best_candidate_family_recall_mean": 0.52,
    "top3_candidate_family_recall_mean": 0.565952380952381,
    "validation_regret_mean": 0.002620950262012183,
    "normalized_validation_regret_mean": 0.09856603871359648,
    "test_regret_mean": 0.003522947634969442,
    "removed_fraction": 0.5,
    "selected_family_count_mean": 9.301428571428572,
    "removed_family_fraction_mean": 0.45285714285714285,
    "passes_90pct_recall_at_50pct_removal": false
  },
  {
    "encoder": "clip_b32",
    "method": "rank_only",
    "shortlist_size": 3,
    "rows": 7,
    "targets": 7,
    "best_candidate_recall_mean": 0.7142857142857143,
    "top3_candidate_recall_mean": 0.5238095238095237,
    "best_candidate_family_recall_mean": 0.7142857142857143,
    "top3_candidate_family_recall_mean": 0.5476190476190476,
    "validation_regret_mean": 0.0013065389417707962,
    "normalized_validation_regret_mean": 0.04037112443161823,
    "test_regret_mean": 0.00167713846479145,
    "removed_fraction": 0.85,
    "selected_family_count_mean": 3.0,
    "removed_family_fraction_mean": 0.8235294117647057,
    "passes_90pct_recall_at_50pct_removal": false
  },
  {
    "encoder": "clip_b32",
    "method": "rank_only",
    "shortlist_size": 5,
    "rows": 7,
    "targets": 7,
    "best_candidate_recall_mean": 0.8571428571428571,
    "top3_candidate_recall_mean": 0.8095238095238094,
    "best_candidate_family_recall_mean": 0.8571428571428571,
    "top3_candidate_family_recall_mean": 0.8095238095238094,
    "validation_regret_mean": 0.0007276405800197917,
    "normalized_validation_regret_mean": 0.029313515077097924,
    "test_regret_mean": 0.0017857142857142952,
    "removed_fraction": 0.75,
    "selected_family_count_mean": 4.0,
    "removed_family_fraction_mean": 0.7647058823529411,
    "passes_90pct_recall_at_50pct_removal": false
  },
  {
    "encoder": "clip_b32",
    "method": "rank_only",
    "shortlist_size": 10,
    "rows": 7,
    "targets": 7,
    "best_candidate_recall_mean": 1.0,
    "top3_candidate_recall_mean": 0.9047619047619048,
    "best_candidate_family_recall_mean": 1.0,
    "top3_candidate_family_recall_mean": 0.9047619047619048,
    "validation_regret_mean": 0.0,
    "normalized_validation_regret_mean": 0.0,
    "test_regret_mean": 0.0,
    "removed_fraction": 0.5,
    "selected_family_count_mean": 9.0,
    "removed_family_fraction_mean": 0.4705882352941177,
    "passes_90pct_recall_at_50pct_removal": true
  }
]
SOURCE_DONE=organsmnist COMPLETED=12/21
[
  {
    "encoder": "clip_b32",
    "method": "dpp_subspace",
    "shortlist_size": 3,
    "rows": 7,
    "targets": 7,
    "best_candidate_recall_mean": 0.7142857142857143,
    "top3_candidate_recall_mean": 0.5238095238095237,
    "best_candidate_family_recall_mean": 0.7142857142857143,
    "top3_candidate_family_recall_mean": 0.5476190476190476,
    "validation_regret_mean": 0.0013065389417707962,
    "normalized_validation_regret_mean": 0.04037112443161823,
    "test_regret_mean": 0.00167713846479145,
    "removed_fraction": 0.85,
    "selected_family_count_mean": 3.0,
    "removed_family_fraction_mean": 0.8125,
    "passes_90pct_recall_at_50pct_removal": false
  },
  {
    "encoder": "clip_b32",
    "method": "dpp_subspace",
    "shortlist_size": 5,
    "rows": 7,
    "targets": 7,
    "best_candidate_recall_mean": 0.8571428571428571,
    "top3_candidate_recall_mean": 0.619047619047619,
    "best_candidate_family_recall_mean": 1.0,
    "top3_candidate_family_recall_mean": 0.8571428571428571,
    "validation_regret_mean": 0.0005788983617510045,
    "normalized_validation_regret_mean": 0.011057609354520307,
    "test_regret_mean": -0.00010857582092284521,
    "removed_fraction": 0.75,
    "selected_family_count_mean": 5.0,
    "removed_family_fraction_mean": 0.6875,
    "passes_90pct_recall_at_50pct_removal": false
  },
  {
    "encoder": "clip_b32",
    "method": "dpp_subspace",
    "shortlist_size": 10,
    "rows": 7,
    "targets": 7,
    "best_candidate_recall_mean": 1.0,
    "top3_candidate_recall_mean": 0.9047619047619048,
    "best_candidate_family_recall_mean": 1.0,
    "top3_candidate_family_recall_mean": 0.9047619047619048,
    "validation_regret_mean": 0.0,
    "normalized_validation_regret_mean": 0.0,
    "test_regret_mean": 0.0,
    "removed_fraction": 0.5,
    "selected_family_count_mean": 9.0,
    "removed_family_fraction_mean": 0.4375,
    "passes_90pct_recall_at_50pct_removal": true
  },
  {
    "encoder": "clip_b32",
    "method": "facility_subspace",
    "shortlist_size": 3,
    "rows": 7,
    "targets": 7,
    "best_candidate_recall_mean": 0.14285714285714285,
    "top3_candidate_recall_mean": 0.23809523809523808,
    "best_candidate_family_recall_mean": 0.14285714285714285,
    "top3_candidate_family_recall_mean": 0.35714285714285715,
    "validation_regret_mean": 0.003287020658462552,
    "normalized_validation_regret_mean": 0.15099333182487767,
    "test_regret_mean": 0.005271296841757629,
    "removed_fraction": 0.85,
    "selected_family_count_mean": 3.0,
    "removed_family_fraction_mean": 0.8125,
    "passes_90pct_recall_at_50pct_removal": false
  },
  {
    "encoder": "clip_b32",
    "method": "facility_subspace",
    "shortlist_size": 5,
    "rows": 7,
    "targets": 7,
    "best_candidate_recall_mean": 0.14285714285714285,
    "top3_candidate_recall_mean": 0.47619047619047616,
    "best_candidate_family_recall_mean": 0.14285714285714285,
    "top3_candidate_family_recall_mean": 0.5952380952380951,
    "validation_regret_mean": 0.0024802625124369848,
    "normalized_validation_regret_mean": 0.10352066577341777,
    "test_regret_mean": 0.005621211869376046,
    "removed_fraction": 0.75,
    "selected_family_count_mean": 5.0,
    "removed_family_fraction_mean": 0.6875,
    "passes_90pct_recall_at_50pct_removal": false
  },
  {
    "encoder": "clip_b32",
    "method": "facility_subspace",
    "shortlist_size": 10,
    "rows": 7,
    "targets": 7,
    "best_candidate_recall_mean": 0.2857142857142857,
    "top3_candidate_recall_mean": 0.5714285714285714,
    "best_candidate_family_recall_mean": 0.2857142857142857,
    "top3_candidate_family_recall_mean": 0.6904761904761905,
    "validation_regret_mean": 0.001752621932417193,
    "normalized_validation_regret_mean": 0.07420715069631985,
    "test_regret_mean": 0.003835497583661751,
    "removed_fraction": 0.5,
    "selected_family_count_mean": 10.0,
    "removed_family_fraction_mean": 0.375,
    "passes_90pct_recall_at_50pct_removal": false
  },
  {
    "encoder": "clip_b32",
    "method": "kcenter_subspace",
    "shortlist_size": 3,
    "rows": 7,
    "targets": 7,
    "best_candidate_recall_mean": 0.0,
    "top3_candidate_recall_mean": 0.23809523809523808,
    "best_candidate_family_recall_mean": 0.0,
    "top3_candidate_family_recall_mean": 0.23809523809523808,
    "validation_regret_mean": 0.006117239871281178,
    "normalized_validation_regret_mean": 0.20637714300975904,
    "test_regret_mean": 0.00895436320986068,
    "removed_fraction": 0.85,
    "selected_family_count_mean": 3.0,
    "removed_family_fraction_mean": 0.8125,
    "passes_90pct_recall_at_50pct_removal": false
  },
  {
    "encoder": "clip_b32",
    "method": "kcenter_subspace",
    "shortlist_size": 5,
    "rows": 7,
    "targets": 7,
    "best_candidate_recall_mean": 0.0,
    "top3_candidate_recall_mean": 0.2857142857142857,
    "best_candidate_family_recall_mean": 0.0,
    "top3_candidate_family_recall_mean": 0.38095238095238093,
    "validation_regret_mean": 0.006117239871281178,
    "normalized_validation_regret_mean": 0.20637714300975904,
    "test_regret_mean": 0.00895436320986068,
    "removed_fraction": 0.75,
    "selected_family_count_mean": 5.0,
    "removed_family_fraction_mean": 0.6875,
    "passes_90pct_recall_at_50pct_removal": false
  },
  {
    "encoder": "clip_b32",
    "method": "kcenter_subspace",
    "shortlist_size": 10,
    "rows": 7,
    "targets": 7,
    "best_candidate_recall_mean": 0.14285714285714285,
    "top3_candidate_recall_mean": 0.5238095238095238,
    "best_candidate_family_recall_mean": 0.14285714285714285,
    "top3_candidate_family_recall_mean": 0.6428571428571429,
    "validation_regret_mean": 0.0024802625124369848,
    "normalized_validation_regret_mean": 0.10352066577341777,
    "test_regret_mean": 0.005621211869376046,
    "removed_fraction": 0.5,
    "selected_family_count_mean": 10.0,
    "removed_family_fraction_mean": 0.375,
    "passes_90pct_recall_at_50pct_removal": false
  },
  {
    "encoder": "clip_b32",
    "method": "pool_vendi_subspace",
    "shortlist_size": 3,
    "rows": 7,
    "targets": 7,
    "best_candidate_recall_mean": 0.0,
    "top3_candidate_recall_mean": 0.23809523809523808,
    "best_candidate_family_recall_mean": 0.0,
    "top3_candidate_family_recall_mean": 0.23809523809523808,
    "validation_regret_mean": 0.006117239871281178,
    "normalized_validation_regret_mean": 0.20637714300975904,
    "test_regret_mean": 0.00895436320986068,
    "removed_fraction": 0.85,
    "selected_family_count_mean": 3.0,
    "removed_family_fraction_mean": 0.8125,
    "passes_90pct_recall_at_50pct_removal": false
  },
  {
    "encoder": "clip_b32",
    "method": "pool_vendi_subspace",
    "shortlist_size": 5,
    "rows": 7,
    "targets": 7,
    "best_candidate_recall_mean": 0.0,
    "top3_candidate_recall_mean": 0.38095238095238093,
    "best_candidate_family_recall_mean": 0.0,
    "top3_candidate_family_recall_mean": 0.38095238095238093,
    "validation_regret_mean": 0.005995857566680878,
    "normalized_validation_regret_mean": 0.20405860456587446,
    "test_regret_mean": 0.008891505854470405,
    "removed_fraction": 0.75,
    "selected_family_count_mean": 5.0,
    "removed_family_fraction_mean": 0.6875,
    "passes_90pct_recall_at_50pct_removal": false
  },
  {
    "encoder": "clip_b32",
    "method": "pool_vendi_subspace",
    "shortlist_size": 10,
    "rows": 7,
    "targets": 7,
    "best_candidate_recall_mean": 0.7142857142857143,
    "top3_candidate_recall_mean": 0.6666666666666667,
    "best_candidate_family_recall_mean": 0.7142857142857143,
    "top3_candidate_family_recall_mean": 0.6904761904761905,
    "validation_regret_mean": 0.0013065389417707962,
    "normalized_validation_regret_mean": 0.04037112443161823,
    "test_regret_mean": 0.00167713846479145,
    "removed_fraction": 0.5,
    "selected_family_count_mean": 10.0,
    "removed_family_fraction_mean": 0.375,
    "passes_90pct_recall_at_50pct_removal": false
  },
  {
    "encoder": "clip_b32",
    "method": "random",
    "shortlist_size": 3,
    "rows": 700,
    "targets": 7,
    "best_candidate_recall_mean": 0.1442857142857143,
    "top3_candidate_recall_mean": 0.14095238095238094,
    "best_candidate_family_recall_mean": 0.1657142857142857,
    "top3_candidate_family_recall_mean": 0.1895238095238095,
    "validation_regret_mean": 0.00791894088033302,
    "normalized_validation_regret_mean": 0.2925526297598876,
    "test_regret_mean": 0.00981411489418575,
    "removed_fraction": 0.85,
    "selected_family_count_mean": 2.9242857142857144,
    "removed_family_fraction_mean": 0.8172321428571429,
    "passes_90pct_recall_at_50pct_removal": false
  },
  {
    "encoder": "clip_b32",
    "method": "random",
    "shortlist_size": 5,
    "rows": 700,
    "targets": 7,
    "best_candidate_recall_mean": 0.26285714285714284,
    "top3_candidate_recall_mean": 0.2604761904761905,
    "best_candidate_family_recall_mean": 0.2885714285714286,
    "top3_candidate_family_recall_mean": 0.3290476190476191,
    "validation_regret_mean": 0.005144269395661193,
    "normalized_validation_regret_mean": 0.1967002298002779,
    "test_regret_mean": 0.006751031739371167,
    "removed_fraction": 0.75,
    "selected_family_count_mean": 4.758571428571429,
    "removed_family_fraction_mean": 0.7025892857142857,
    "passes_90pct_recall_at_50pct_removal": false
  },
  {
    "encoder": "clip_b32",
    "method": "random",
    "shortlist_size": 10,
    "rows": 700,
    "targets": 7,
    "best_candidate_recall_mean": 0.48142857142857143,
    "top3_candidate_recall_mean": 0.47238095238095235,
    "best_candidate_family_recall_mean": 0.52,
    "top3_candidate_family_recall_mean": 0.565952380952381,
    "validation_regret_mean": 0.002620950262012183,
    "normalized_validation_regret_mean": 0.09856603871359648,
    "test_regret_mean": 0.003522947634969442,
    "removed_fraction": 0.5,
    "selected_family_count_mean": 8.941428571428572,
    "removed_family_fraction_mean": 0.4411607142857143,
    "passes_90pct_recall_at_50pct_removal": false
  },
  {
    "encoder": "clip_b32",
    "method": "rank_only",
    "shortlist_size": 3,
    "rows": 7,
    "targets": 7,
    "best_candidate_recall_mean": 0.7142857142857143,
    "top3_candidate_recall_mean": 0.5238095238095237,
    "best_candidate_family_recall_mean": 0.7142857142857143,
    "top3_candidate_family_recall_mean": 0.5476190476190476,
    "validation_regret_mean": 0.0013065389417707962,
    "normalized_validation_regret_mean": 0.04037112443161823,
    "test_regret_mean": 0.00167713846479145,
    "removed_fraction": 0.85,
    "selected_family_count_mean": 3.0,
    "removed_family_fraction_mean": 0.8125,
    "passes_90pct_recall_at_50pct_removal": false
  },
  {
    "encoder": "clip_b32",
    "method": "rank_only",
    "shortlist_size": 5,
    "rows": 7,
    "targets": 7,
    "best_candidate_recall_mean": 0.8571428571428571,
    "top3_candidate_recall_mean": 0.8095238095238094,
    "best_candidate_family_recall_mean": 0.8571428571428571,
    "top3_candidate_family_recall_mean": 0.8095238095238094,
    "validation_regret_mean": 0.0007276405800197917,
    "normalized_validation_regret_mean": 0.029313515077097924,
    "test_regret_mean": 0.0017857142857142952,
    "removed_fraction": 0.75,
    "selected_family_count_mean": 4.0,
    "removed_family_fraction_mean": 0.75,
    "passes_90pct_recall_at_50pct_removal": false
  },
  {
    "encoder": "clip_b32",
    "method": "rank_only",
    "shortlist_size": 10,
    "rows": 7,
    "targets": 7,
    "best_candidate_recall_mean": 1.0,
    "top3_candidate_recall_mean": 0.9047619047619048,
    "best_candidate_family_recall_mean": 1.0,
    "top3_candidate_family_recall_mean": 0.9047619047619048,
    "validation_regret_mean": 0.0,
    "normalized_validation_regret_mean": 0.0,
    "test_regret_mean": 0.0,
    "removed_fraction": 0.5,
    "selected_family_count_mean": 8.0,
    "removed_family_fraction_mean": 0.5,
    "passes_90pct_recall_at_50pct_removal": true
  }
]
SOURCE_DONE=pathmnist COMPLETED=13/21
[
  {
    "encoder": "clip_b32",
    "method": "dpp_subspace",
    "shortlist_size": 3,
    "rows": 7,
    "targets": 7,
    "best_candidate_recall_mean": 0.7142857142857143,
    "top3_candidate_recall_mean": 0.5238095238095237,
    "best_candidate_family_recall_mean": 0.7142857142857143,
    "top3_candidate_family_recall_mean": 0.5476190476190476,
    "validation_regret_mean": 0.0013065389417707962,
    "normalized_validation_regret_mean": 0.04521503305026748,
    "test_regret_mean": 0.00167713846479145,
    "removed_fraction": 0.85,
    "selected_family_count_mean": 3.0,
    "removed_family_fraction_mean": 0.8125,
    "passes_90pct_recall_at_50pct_removal": false
  },
  {
    "encoder": "clip_b32",
    "method": "dpp_subspace",
    "shortlist_size": 5,
    "rows": 7,
    "targets": 7,
    "best_candidate_recall_mean": 0.8571428571428571,
    "top3_candidate_recall_mean": 0.619047619047619,
    "best_candidate_family_recall_mean": 1.0,
    "top3_candidate_family_recall_mean": 0.8571428571428571,
    "validation_regret_mean": 0.0005788983617510045,
    "normalized_validation_regret_mean": 0.015901517973169552,
    "test_regret_mean": -0.00010857582092284521,
    "removed_fraction": 0.75,
    "selected_family_count_mean": 5.0,
    "removed_family_fraction_mean": 0.6875,
    "passes_90pct_recall_at_50pct_removal": false
  },
  {
    "encoder": "clip_b32",
    "method": "dpp_subspace",
    "shortlist_size": 10,
    "rows": 7,
    "targets": 7,
    "best_candidate_recall_mean": 1.0,
    "top3_candidate_recall_mean": 0.9047619047619048,
    "best_candidate_family_recall_mean": 1.0,
    "top3_candidate_family_recall_mean": 0.9047619047619048,
    "validation_regret_mean": 0.0,
    "normalized_validation_regret_mean": 0.0,
    "test_regret_mean": 0.0,
    "removed_fraction": 0.5,
    "selected_family_count_mean": 9.0,
    "removed_family_fraction_mean": 0.4375,
    "passes_90pct_recall_at_50pct_removal": true
  },
  {
    "encoder": "clip_b32",
    "method": "facility_subspace",
    "shortlist_size": 3,
    "rows": 7,
    "targets": 7,
    "best_candidate_recall_mean": 0.14285714285714285,
    "top3_candidate_recall_mean": 0.23809523809523808,
    "best_candidate_family_recall_mean": 0.14285714285714285,
    "top3_candidate_family_recall_mean": 0.35714285714285715,
    "validation_regret_mean": 0.003287020658462552,
    "normalized_validation_regret_mean": 0.1531351701254427,
    "test_regret_mean": 0.005271296841757629,
    "removed_fraction": 0.85,
    "selected_family_count_mean": 3.0,
    "removed_family_fraction_mean": 0.8125,
    "passes_90pct_recall_at_50pct_removal": false
  },
  {
    "encoder": "clip_b32",
    "method": "facility_subspace",
    "shortlist_size": 5,
    "rows": 7,
    "targets": 7,
    "best_candidate_recall_mean": 0.14285714285714285,
    "top3_candidate_recall_mean": 0.47619047619047616,
    "best_candidate_family_recall_mean": 0.14285714285714285,
    "top3_candidate_family_recall_mean": 0.5952380952380951,
    "validation_regret_mean": 0.0024802625124369848,
    "normalized_validation_regret_mean": 0.10514531257077266,
    "test_regret_mean": 0.005621211869376046,
    "removed_fraction": 0.75,
    "selected_family_count_mean": 5.0,
    "removed_family_fraction_mean": 0.6875,
    "passes_90pct_recall_at_50pct_removal": false
  },
  {
    "encoder": "clip_b32",
    "method": "facility_subspace",
    "shortlist_size": 10,
    "rows": 7,
    "targets": 7,
    "best_candidate_recall_mean": 0.2857142857142857,
    "top3_candidate_recall_mean": 0.5714285714285714,
    "best_candidate_family_recall_mean": 0.2857142857142857,
    "top3_candidate_family_recall_mean": 0.6904761904761905,
    "validation_regret_mean": 0.001752621932417193,
    "normalized_validation_regret_mean": 0.07583179749367473,
    "test_regret_mean": 0.003835497583661751,
    "removed_fraction": 0.5,
    "selected_family_count_mean": 10.0,
    "removed_family_fraction_mean": 0.375,
    "passes_90pct_recall_at_50pct_removal": false
  },
  {
    "encoder": "clip_b32",
    "method": "kcenter_subspace",
    "shortlist_size": 3,
    "rows": 7,
    "targets": 7,
    "best_candidate_recall_mean": 0.0,
    "top3_candidate_recall_mean": 0.23809523809523808,
    "best_candidate_family_recall_mean": 0.0,
    "top3_candidate_family_recall_mean": 0.23809523809523808,
    "validation_regret_mean": 0.006117239871281178,
    "normalized_validation_regret_mean": 0.22120534969902375,
    "test_regret_mean": 0.00895436320986068,
    "removed_fraction": 0.85,
    "selected_family_count_mean": 3.0,
    "removed_family_fraction_mean": 0.8125,
    "passes_90pct_recall_at_50pct_removal": false
  },
  {
    "encoder": "clip_b32",
    "method": "kcenter_subspace",
    "shortlist_size": 5,
    "rows": 7,
    "targets": 7,
    "best_candidate_recall_mean": 0.0,
    "top3_candidate_recall_mean": 0.2857142857142857,
    "best_candidate_family_recall_mean": 0.0,
    "top3_candidate_family_recall_mean": 0.38095238095238093,
    "validation_regret_mean": 0.006117239871281178,
    "normalized_validation_regret_mean": 0.22120534969902375,
    "test_regret_mean": 0.00895436320986068,
    "removed_fraction": 0.75,
    "selected_family_count_mean": 5.0,
    "removed_family_fraction_mean": 0.6875,
    "passes_90pct_recall_at_50pct_removal": false
  },
  {
    "encoder": "clip_b32",
    "method": "kcenter_subspace",
    "shortlist_size": 10,
    "rows": 7,
    "targets": 7,
    "best_candidate_recall_mean": 0.14285714285714285,
    "top3_candidate_recall_mean": 0.5238095238095238,
    "best_candidate_family_recall_mean": 0.14285714285714285,
    "top3_candidate_family_recall_mean": 0.6428571428571429,
    "validation_regret_mean": 0.0024802625124369848,
    "normalized_validation_regret_mean": 0.10514531257077266,
    "test_regret_mean": 0.005621211869376046,
    "removed_fraction": 0.5,
    "selected_family_count_mean": 10.0,
    "removed_family_fraction_mean": 0.375,
    "passes_90pct_recall_at_50pct_removal": false
  },
  {
    "encoder": "clip_b32",
    "method": "pool_vendi_subspace",
    "shortlist_size": 3,
    "rows": 7,
    "targets": 7,
    "best_candidate_recall_mean": 0.0,
    "top3_candidate_recall_mean": 0.23809523809523808,
    "best_candidate_family_recall_mean": 0.0,
    "top3_candidate_family_recall_mean": 0.23809523809523808,
    "validation_regret_mean": 0.006117239871281178,
    "normalized_validation_regret_mean": 0.22120534969902375,
    "test_regret_mean": 0.00895436320986068,
    "removed_fraction": 0.85,
    "selected_family_count_mean": 3.0,
    "removed_family_fraction_mean": 0.8125,
    "passes_90pct_recall_at_50pct_removal": false
  },
  {
    "encoder": "clip_b32",
    "method": "pool_vendi_subspace",
    "shortlist_size": 5,
    "rows": 7,
    "targets": 7,
    "best_candidate_recall_mean": 0.0,
    "top3_candidate_recall_mean": 0.38095238095238093,
    "best_candidate_family_recall_mean": 0.0,
    "top3_candidate_family_recall_mean": 0.38095238095238093,
    "validation_regret_mean": 0.005995857566680878,
    "normalized_validation_regret_mean": 0.2178711497327495,
    "test_regret_mean": 0.008891505854470405,
    "removed_fraction": 0.75,
    "selected_family_count_mean": 5.0,
    "removed_family_fraction_mean": 0.6875,
    "passes_90pct_recall_at_50pct_removal": false
  },
  {
    "encoder": "clip_b32",
    "method": "pool_vendi_subspace",
    "shortlist_size": 10,
    "rows": 7,
    "targets": 7,
    "best_candidate_recall_mean": 0.7142857142857143,
    "top3_candidate_recall_mean": 0.6666666666666667,
    "best_candidate_family_recall_mean": 0.7142857142857143,
    "top3_candidate_family_recall_mean": 0.6904761904761905,
    "validation_regret_mean": 0.0013065389417707962,
    "normalized_validation_regret_mean": 0.04521503305026748,
    "test_regret_mean": 0.00167713846479145,
    "removed_fraction": 0.5,
    "selected_family_count_mean": 10.0,
    "removed_family_fraction_mean": 0.375,
    "passes_90pct_recall_at_50pct_removal": false
  },
  {
    "encoder": "clip_b32",
    "method": "random",
    "shortlist_size": 3,
    "rows": 700,
    "targets": 7,
    "best_candidate_recall_mean": 0.1442857142857143,
    "top3_candidate_recall_mean": 0.14095238095238094,
    "best_candidate_family_recall_mean": 0.1657142857142857,
    "top3_candidate_family_recall_mean": 0.1895238095238095,
    "validation_regret_mean": 0.007882730157321804,
    "normalized_validation_regret_mean": 0.3077127410122525,
    "test_regret_mean": 0.009887123908315388,
    "removed_fraction": 0.85,
    "selected_family_count_mean": 2.9242857142857144,
    "removed_family_fraction_mean": 0.8172321428571429,
    "passes_90pct_recall_at_50pct_removal": false
  },
  {
    "encoder": "clip_b32",
    "method": "random",
    "shortlist_size": 5,
    "rows": 700,
    "targets": 7,
    "best_candidate_recall_mean": 0.26285714285714284,
    "top3_candidate_recall_mean": 0.2604761904761905,
    "best_candidate_family_recall_mean": 0.2885714285714286,
    "top3_candidate_family_recall_mean": 0.3290476190476191,
    "validation_regret_mean": 0.005131397226493538,
    "normalized_validation_regret_mean": 0.2058255044603924,
    "test_regret_mean": 0.006775529078074867,
    "removed_fraction": 0.75,
    "selected_family_count_mean": 4.758571428571429,
    "removed_family_fraction_mean": 0.7025892857142857,
    "passes_90pct_recall_at_50pct_removal": false
  },
  {
    "encoder": "clip_b32",
    "method": "random",
    "shortlist_size": 10,
    "rows": 700,
    "targets": 7,
    "best_candidate_recall_mean": 0.48142857142857143,
    "top3_candidate_recall_mean": 0.47238095238095235,
    "best_candidate_family_recall_mean": 0.52,
    "top3_candidate_family_recall_mean": 0.565952380952381,
    "validation_regret_mean": 0.002620950262012183,
    "normalized_validation_regret_mean": 0.1041296261360277,
    "test_regret_mean": 0.003522947634969442,
    "removed_fraction": 0.5,
    "selected_family_count_mean": 8.941428571428572,
    "removed_family_fraction_mean": 0.4411607142857143,
    "passes_90pct_recall_at_50pct_removal": false
  },
  {
    "encoder": "clip_b32",
    "method": "rank_only",
    "shortlist_size": 3,
    "rows": 7,
    "targets": 7,
    "best_candidate_recall_mean": 0.7142857142857143,
    "top3_candidate_recall_mean": 0.5238095238095237,
    "best_candidate_family_recall_mean": 0.7142857142857143,
    "top3_candidate_family_recall_mean": 0.5476190476190476,
    "validation_regret_mean": 0.0013065389417707962,
    "normalized_validation_regret_mean": 0.04521503305026748,
    "test_regret_mean": 0.00167713846479145,
    "removed_fraction": 0.85,
    "selected_family_count_mean": 3.0,
    "removed_family_fraction_mean": 0.8125,
    "passes_90pct_recall_at_50pct_removal": false
  },
  {
    "encoder": "clip_b32",
    "method": "rank_only",
    "shortlist_size": 5,
    "rows": 7,
    "targets": 7,
    "best_candidate_recall_mean": 0.8571428571428571,
    "top3_candidate_recall_mean": 0.8095238095238094,
    "best_candidate_family_recall_mean": 0.8571428571428571,
    "top3_candidate_family_recall_mean": 0.8095238095238094,
    "validation_regret_mean": 0.0007276405800197917,
    "normalized_validation_regret_mean": 0.029313515077097924,
    "test_regret_mean": 0.0017857142857142952,
    "removed_fraction": 0.75,
    "selected_family_count_mean": 4.0,
    "removed_family_fraction_mean": 0.75,
    "passes_90pct_recall_at_50pct_removal": false
  },
  {
    "encoder": "clip_b32",
    "method": "rank_only",
    "shortlist_size": 10,
    "rows": 7,
    "targets": 7,
    "best_candidate_recall_mean": 1.0,
    "top3_candidate_recall_mean": 0.9047619047619048,
    "best_candidate_family_recall_mean": 1.0,
    "top3_candidate_family_recall_mean": 0.9047619047619048,
    "validation_regret_mean": 0.0,
    "normalized_validation_regret_mean": 0.0,
    "test_regret_mean": 0.0,
    "removed_fraction": 0.5,
    "selected_family_count_mean": 8.0,
    "removed_family_fraction_mean": 0.5,
    "passes_90pct_recall_at_50pct_removal": true
  }
]
SOURCE_DONE=pneumoniamnist COMPLETED=14/21
[
  {
    "encoder": "clip_b32",
    "method": "dpp_subspace",
    "shortlist_size": 3,
    "rows": 7,
    "targets": 7,
    "best_candidate_recall_mean": 0.7142857142857143,
    "top3_candidate_recall_mean": 0.42857142857142855,
    "best_candidate_family_recall_mean": 0.8571428571428571,
    "top3_candidate_family_recall_mean": 0.738095238095238,
    "validation_regret_mean": 0.001997337100847723,
    "normalized_validation_regret_mean": 0.06820041654006852,
    "test_regret_mean": 0.0007842813219343103,
    "removed_fraction": 0.85,
    "selected_family_count_mean": 3.0,
    "removed_family_fraction_mean": 0.8125,
    "passes_90pct_recall_at_50pct_removal": false
  },
  {
    "encoder": "clip_b32",
    "method": "dpp_subspace",
    "shortlist_size": 5,
    "rows": 7,
    "targets": 7,
    "best_candidate_recall_mean": 0.8571428571428571,
    "top3_candidate_recall_mean": 0.5238095238095238,
    "best_candidate_family_recall_mean": 1.0,
    "top3_candidate_family_recall_mean": 0.8333333333333333,
    "validation_regret_mean": 0.0005788983617510045,
    "normalized_validation_regret_mean": 0.011057609354520307,
    "test_regret_mean": -0.00010857582092284521,
    "removed_fraction": 0.75,
    "selected_family_count_mean": 5.0,
    "removed_family_fraction_mean": 0.6875,
    "passes_90pct_recall_at_50pct_removal": false
  },
  {
    "encoder": "clip_b32",
    "method": "dpp_subspace",
    "shortlist_size": 10,
    "rows": 7,
    "targets": 7,
    "best_candidate_recall_mean": 1.0,
    "top3_candidate_recall_mean": 0.9523809523809524,
    "best_candidate_family_recall_mean": 1.0,
    "top3_candidate_family_recall_mean": 1.0,
    "validation_regret_mean": 0.0,
    "normalized_validation_regret_mean": 0.0,
    "test_regret_mean": 0.0,
    "removed_fraction": 0.5,
    "selected_family_count_mean": 9.0,
    "removed_family_fraction_mean": 0.4375,
    "passes_90pct_recall_at_50pct_removal": true
  },
  {
    "encoder": "clip_b32",
    "method": "facility_subspace",
    "shortlist_size": 3,
    "rows": 7,
    "targets": 7,
    "best_candidate_recall_mean": 0.14285714285714285,
    "top3_candidate_recall_mean": 0.3333333333333333,
    "best_candidate_family_recall_mean": 0.14285714285714285,
    "top3_candidate_family_recall_mean": 0.5,
    "validation_regret_mean": 0.003287020658462552,
    "normalized_validation_regret_mean": 0.15099333182487767,
    "test_regret_mean": 0.005271296841757629,
    "removed_fraction": 0.85,
    "selected_family_count_mean": 3.0,
    "removed_family_fraction_mean": 0.8125,
    "passes_90pct_recall_at_50pct_removal": false
  },
  {
    "encoder": "clip_b32",
    "method": "facility_subspace",
    "shortlist_size": 5,
    "rows": 7,
    "targets": 7,
    "best_candidate_recall_mean": 0.2857142857142857,
    "top3_candidate_recall_mean": 0.38095238095238093,
    "best_candidate_family_recall_mean": 0.2857142857142857,
    "top3_candidate_family_recall_mean": 0.5476190476190476,
    "validation_regret_mean": 0.002365955779145192,
    "normalized_validation_regret_mean": 0.11388758213439114,
    "test_regret_mean": 0.0039320111274719115,
    "removed_fraction": 0.75,
    "selected_family_count_mean": 5.0,
    "removed_family_fraction_mean": 0.6875,
    "passes_90pct_recall_at_50pct_removal": false
  },
  {
    "encoder": "clip_b32",
    "method": "facility_subspace",
    "shortlist_size": 10,
    "rows": 7,
    "targets": 7,
    "best_candidate_recall_mean": 0.2857142857142857,
    "top3_candidate_recall_mean": 0.42857142857142855,
    "best_candidate_family_recall_mean": 0.2857142857142857,
    "top3_candidate_family_recall_mean": 0.5952380952380951,
    "validation_regret_mean": 0.002365955779145192,
    "normalized_validation_regret_mean": 0.11388758213439114,
    "test_regret_mean": 0.0039320111274719115,
    "removed_fraction": 0.5,
    "selected_family_count_mean": 10.0,
    "removed_family_fraction_mean": 0.375,
    "passes_90pct_recall_at_50pct_removal": false
  },
  {
    "encoder": "clip_b32",
    "method": "kcenter_subspace",
    "shortlist_size": 3,
    "rows": 7,
    "targets": 7,
    "best_candidate_recall_mean": 0.7142857142857143,
    "top3_candidate_recall_mean": 0.42857142857142855,
    "best_candidate_family_recall_mean": 0.7142857142857143,
    "top3_candidate_family_recall_mean": 0.5238095238095238,
    "validation_regret_mean": 0.0015552275719053568,
    "normalized_validation_regret_mean": 0.05038972167471589,
    "test_regret_mean": 0.0010074956076485833,
    "removed_fraction": 0.85,
    "selected_family_count_mean": 3.0,
    "removed_family_fraction_mean": 0.8125,
    "passes_90pct_recall_at_50pct_removal": false
  },
  {
    "encoder": "clip_b32",
    "method": "kcenter_subspace",
    "shortlist_size": 5,
    "rows": 7,
    "targets": 7,
    "best_candidate_recall_mean": 0.7142857142857143,
    "top3_candidate_recall_mean": 0.4761904761904762,
    "best_candidate_family_recall_mean": 0.7142857142857143,
    "top3_candidate_family_recall_mean": 0.5714285714285714,
    "validation_regret_mean": 0.0014446986296937,
    "normalized_validation_regret_mean": 0.04593698511363934,
    "test_regret_mean": 0.00033785275050573257,
    "removed_fraction": 0.75,
    "selected_family_count_mean": 5.0,
    "removed_family_fraction_mean": 0.6875,
    "passes_90pct_recall_at_50pct_removal": false
  },
  {
    "encoder": "clip_b32",
    "method": "kcenter_subspace",
    "shortlist_size": 10,
    "rows": 7,
    "targets": 7,
    "best_candidate_recall_mean": 0.8571428571428571,
    "top3_candidate_recall_mean": 0.5238095238095238,
    "best_candidate_family_recall_mean": 0.8571428571428571,
    "top3_candidate_family_recall_mean": 0.619047619047619,
    "validation_regret_mean": 0.0005788983617510045,
    "normalized_validation_regret_mean": 0.011057609354520307,
    "test_regret_mean": -0.00010857582092284521,
    "removed_fraction": 0.5,
    "selected_family_count_mean": 10.0,
    "removed_family_fraction_mean": 0.375,
    "passes_90pct_recall_at_50pct_removal": false
  },
  {
    "encoder": "clip_b32",
    "method": "pool_vendi_subspace",
    "shortlist_size": 3,
    "rows": 7,
    "targets": 7,
    "best_candidate_recall_mean": 0.7142857142857143,
    "top3_candidate_recall_mean": 0.42857142857142855,
    "best_candidate_family_recall_mean": 0.7142857142857143,
    "top3_candidate_family_recall_mean": 0.5238095238095238,
    "validation_regret_mean": 0.0015552275719053568,
    "normalized_validation_regret_mean": 0.05038972167471589,
    "test_regret_mean": 0.0010074956076485833,
    "removed_fraction": 0.85,
    "selected_family_count_mean": 3.0,
    "removed_family_fraction_mean": 0.8125,
    "passes_90pct_recall_at_50pct_removal": false
  },
  {
    "encoder": "clip_b32",
    "method": "pool_vendi_subspace",
    "shortlist_size": 5,
    "rows": 7,
    "targets": 7,
    "best_candidate_recall_mean": 0.7142857142857143,
    "top3_candidate_recall_mean": 0.4761904761904762,
    "best_candidate_family_recall_mean": 0.7142857142857143,
    "top3_candidate_family_recall_mean": 0.5714285714285714,
    "validation_regret_mean": 0.0014446986296937,
    "normalized_validation_regret_mean": 0.04593698511363934,
    "test_regret_mean": 0.00033785275050573257,
    "removed_fraction": 0.75,
    "selected_family_count_mean": 5.0,
    "removed_family_fraction_mean": 0.6875,
    "passes_90pct_recall_at_50pct_removal": false
  },
  {
    "encoder": "clip_b32",
    "method": "pool_vendi_subspace",
    "shortlist_size": 10,
    "rows": 7,
    "targets": 7,
    "best_candidate_recall_mean": 0.7142857142857143,
    "top3_candidate_recall_mean": 0.5238095238095238,
    "best_candidate_family_recall_mean": 0.7142857142857143,
    "top3_candidate_family_recall_mean": 0.619047619047619,
    "validation_regret_mean": 0.0014446986296937,
    "normalized_validation_regret_mean": 0.04593698511363934,
    "test_regret_mean": 0.00033785275050573257,
    "removed_fraction": 0.5,
    "selected_family_count_mean": 10.0,
    "removed_family_fraction_mean": 0.375,
    "passes_90pct_recall_at_50pct_removal": false
  },
  {
    "encoder": "clip_b32",
    "method": "random",
    "shortlist_size": 3,
    "rows": 700,
    "targets": 7,
    "best_candidate_recall_mean": 0.1442857142857143,
    "top3_candidate_recall_mean": 0.13857142857142857,
    "best_candidate_family_recall_mean": 0.1657142857142857,
    "top3_candidate_family_recall_mean": 0.2057142857142857,
    "validation_regret_mean": 0.008529053658819756,
    "normalized_validation_regret_mean": 0.31762684910714345,
    "test_regret_mean": 0.010464436292648318,
    "removed_fraction": 0.85,
    "selected_family_count_mean": 2.9242857142857144,
    "removed_family_fraction_mean": 0.8172321428571429,
    "passes_90pct_recall_at_50pct_removal": false
  },
  {
    "encoder": "clip_b32",
    "method": "random",
    "shortlist_size": 5,
    "rows": 700,
    "targets": 7,
    "best_candidate_recall_mean": 0.26285714285714284,
    "top3_candidate_recall_mean": 0.24190476190476193,
    "best_candidate_family_recall_mean": 0.2885714285714286,
    "top3_candidate_family_recall_mean": 0.345,
    "validation_regret_mean": 0.005827974311930958,
    "normalized_validation_regret_mean": 0.22660898976192137,
    "test_regret_mean": 0.007308458243097577,
    "removed_fraction": 0.75,
    "selected_family_count_mean": 4.758571428571429,
    "removed_family_fraction_mean": 0.7025892857142857,
    "passes_90pct_recall_at_50pct_removal": false
  },
  {
    "encoder": "clip_b32",
    "method": "random",
    "shortlist_size": 10,
    "rows": 700,
    "targets": 7,
    "best_candidate_recall_mean": 0.48142857142857143,
    "top3_candidate_recall_mean": 0.4752380952380953,
    "best_candidate_family_recall_mean": 0.52,
    "top3_candidate_family_recall_mean": 0.6126190476190476,
    "validation_regret_mean": 0.002969557095438459,
    "normalized_validation_regret_mean": 0.11703987852007572,
    "test_regret_mean": 0.0036202082463673156,
    "removed_fraction": 0.5,
    "selected_family_count_mean": 8.941428571428572,
    "removed_family_fraction_mean": 0.4411607142857143,
    "passes_90pct_recall_at_50pct_removal": false
  },
  {
    "encoder": "clip_b32",
    "method": "rank_only",
    "shortlist_size": 3,
    "rows": 7,
    "targets": 7,
    "best_candidate_recall_mean": 0.7142857142857143,
    "top3_candidate_recall_mean": 0.42857142857142855,
    "best_candidate_family_recall_mean": 0.8571428571428571,
    "top3_candidate_family_recall_mean": 0.738095238095238,
    "validation_regret_mean": 0.001997337100847723,
    "normalized_validation_regret_mean": 0.06820041654006852,
    "test_regret_mean": 0.0007842813219343103,
    "removed_fraction": 0.85,
    "selected_family_count_mean": 3.0,
    "removed_family_fraction_mean": 0.8125,
    "passes_90pct_recall_at_50pct_removal": false
  },
  {
    "encoder": "clip_b32",
    "method": "rank_only",
    "shortlist_size": 5,
    "rows": 7,
    "targets": 7,
    "best_candidate_recall_mean": 1.0,
    "top3_candidate_recall_mean": 0.7619047619047619,
    "best_candidate_family_recall_mean": 1.0,
    "top3_candidate_family_recall_mean": 0.7857142857142857,
    "validation_regret_mean": 0.0,
    "normalized_validation_regret_mean": 0.0,
    "test_regret_mean": 0.0,
    "removed_fraction": 0.75,
    "selected_family_count_mean": 4.0,
    "removed_family_fraction_mean": 0.75,
    "passes_90pct_recall_at_50pct_removal": true
  },
  {
    "encoder": "clip_b32",
    "method": "rank_only",
    "shortlist_size": 10,
    "rows": 7,
    "targets": 7,
    "best_candidate_recall_mean": 1.0,
    "top3_candidate_recall_mean": 0.8095238095238094,
    "best_candidate_family_recall_mean": 1.0,
    "top3_candidate_family_recall_mean": 0.8333333333333333,
    "validation_regret_mean": 0.0,
    "normalized_validation_regret_mean": 0.0,
    "test_regret_mean": 0.0,
    "removed_fraction": 0.5,
    "selected_family_count_mean": 8.0,
    "removed_family_fraction_mean": 0.5,
    "passes_90pct_recall_at_50pct_removal": true
  }
]
SOURCE_DONE=rendered_sst2 COMPLETED=15/21
[
  {
    "encoder": "clip_b32",
    "method": "dpp_subspace",
    "shortlist_size": 3,
    "rows": 7,
    "targets": 7,
    "best_candidate_recall_mean": 0.7142857142857143,
    "top3_candidate_recall_mean": 0.5238095238095237,
    "best_candidate_family_recall_mean": 0.7142857142857143,
    "top3_candidate_family_recall_mean": 0.5476190476190476,
    "validation_regret_mean": 0.0013065389417707962,
    "normalized_validation_regret_mean": 0.04037112443161823,
    "test_regret_mean": 0.00167713846479145,
    "removed_fraction": 0.85,
    "selected_family_count_mean": 3.0,
    "removed_family_fraction_mean": 0.8125,
    "passes_90pct_recall_at_50pct_removal": false
  },
  {
    "encoder": "clip_b32",
    "method": "dpp_subspace",
    "shortlist_size": 5,
    "rows": 7,
    "targets": 7,
    "best_candidate_recall_mean": 0.8571428571428571,
    "top3_candidate_recall_mean": 0.619047619047619,
    "best_candidate_family_recall_mean": 1.0,
    "top3_candidate_family_recall_mean": 0.8571428571428571,
    "validation_regret_mean": 0.0005788983617510045,
    "normalized_validation_regret_mean": 0.011057609354520307,
    "test_regret_mean": -0.00010857582092284521,
    "removed_fraction": 0.75,
    "selected_family_count_mean": 5.0,
    "removed_family_fraction_mean": 0.6875,
    "passes_90pct_recall_at_50pct_removal": false
  },
  {
    "encoder": "clip_b32",
    "method": "dpp_subspace",
    "shortlist_size": 10,
    "rows": 7,
    "targets": 7,
    "best_candidate_recall_mean": 1.0,
    "top3_candidate_recall_mean": 0.9047619047619048,
    "best_candidate_family_recall_mean": 1.0,
    "top3_candidate_family_recall_mean": 0.9047619047619048,
    "validation_regret_mean": 0.0,
    "normalized_validation_regret_mean": 0.0,
    "test_regret_mean": 0.0,
    "removed_fraction": 0.5,
    "selected_family_count_mean": 9.0,
    "removed_family_fraction_mean": 0.4375,
    "passes_90pct_recall_at_50pct_removal": true
  },
  {
    "encoder": "clip_b32",
    "method": "facility_subspace",
    "shortlist_size": 3,
    "rows": 7,
    "targets": 7,
    "best_candidate_recall_mean": 0.14285714285714285,
    "top3_candidate_recall_mean": 0.23809523809523808,
    "best_candidate_family_recall_mean": 0.14285714285714285,
    "top3_candidate_family_recall_mean": 0.35714285714285715,
    "validation_regret_mean": 0.003287020658462552,
    "normalized_validation_regret_mean": 0.15099333182487767,
    "test_regret_mean": 0.005271296841757629,
    "removed_fraction": 0.85,
    "selected_family_count_mean": 3.0,
    "removed_family_fraction_mean": 0.8125,
    "passes_90pct_recall_at_50pct_removal": false
  },
  {
    "encoder": "clip_b32",
    "method": "facility_subspace",
    "shortlist_size": 5,
    "rows": 7,
    "targets": 7,
    "best_candidate_recall_mean": 0.14285714285714285,
    "top3_candidate_recall_mean": 0.47619047619047616,
    "best_candidate_family_recall_mean": 0.14285714285714285,
    "top3_candidate_family_recall_mean": 0.5952380952380951,
    "validation_regret_mean": 0.0024802625124369848,
    "normalized_validation_regret_mean": 0.10352066577341777,
    "test_regret_mean": 0.005621211869376046,
    "removed_fraction": 0.75,
    "selected_family_count_mean": 5.0,
    "removed_family_fraction_mean": 0.6875,
    "passes_90pct_recall_at_50pct_removal": false
  },
  {
    "encoder": "clip_b32",
    "method": "facility_subspace",
    "shortlist_size": 10,
    "rows": 7,
    "targets": 7,
    "best_candidate_recall_mean": 0.2857142857142857,
    "top3_candidate_recall_mean": 0.5714285714285714,
    "best_candidate_family_recall_mean": 0.2857142857142857,
    "top3_candidate_family_recall_mean": 0.6904761904761905,
    "validation_regret_mean": 0.001752621932417193,
    "normalized_validation_regret_mean": 0.07420715069631985,
    "test_regret_mean": 0.003835497583661751,
    "removed_fraction": 0.5,
    "selected_family_count_mean": 10.0,
    "removed_family_fraction_mean": 0.375,
    "passes_90pct_recall_at_50pct_removal": false
  },
  {
    "encoder": "clip_b32",
    "method": "kcenter_subspace",
    "shortlist_size": 3,
    "rows": 7,
    "targets": 7,
    "best_candidate_recall_mean": 0.0,
    "top3_candidate_recall_mean": 0.33333333333333337,
    "best_candidate_family_recall_mean": 0.0,
    "top3_candidate_family_recall_mean": 0.33333333333333337,
    "validation_regret_mean": 0.005995857566680878,
    "normalized_validation_regret_mean": 0.20405860456587446,
    "test_regret_mean": 0.008891505854470405,
    "removed_fraction": 0.85,
    "selected_family_count_mean": 3.0,
    "removed_family_fraction_mean": 0.8125,
    "passes_90pct_recall_at_50pct_removal": false
  },
  {
    "encoder": "clip_b32",
    "method": "kcenter_subspace",
    "shortlist_size": 5,
    "rows": 7,
    "targets": 7,
    "best_candidate_recall_mean": 0.0,
    "top3_candidate_recall_mean": 0.38095238095238093,
    "best_candidate_family_recall_mean": 0.0,
    "top3_candidate_family_recall_mean": 0.38095238095238093,
    "validation_regret_mean": 0.005995857566680878,
    "normalized_validation_regret_mean": 0.20405860456587446,
    "test_regret_mean": 0.008891505854470405,
    "removed_fraction": 0.75,
    "selected_family_count_mean": 5.0,
    "removed_family_fraction_mean": 0.6875,
    "passes_90pct_recall_at_50pct_removal": false
  },
  {
    "encoder": "clip_b32",
    "method": "kcenter_subspace",
    "shortlist_size": 10,
    "rows": 7,
    "targets": 7,
    "best_candidate_recall_mean": 0.0,
    "top3_candidate_recall_mean": 0.42857142857142855,
    "best_candidate_family_recall_mean": 0.14285714285714285,
    "top3_candidate_family_recall_mean": 0.6428571428571429,
    "validation_regret_mean": 0.005654905902573686,
    "normalized_validation_regret_mean": 0.19200232059378666,
    "test_regret_mean": 0.009171508039746994,
    "removed_fraction": 0.5,
    "selected_family_count_mean": 10.0,
    "removed_family_fraction_mean": 0.375,
    "passes_90pct_recall_at_50pct_removal": false
  },
  {
    "encoder": "clip_b32",
    "method": "pool_vendi_subspace",
    "shortlist_size": 3,
    "rows": 7,
    "targets": 7,
    "best_candidate_recall_mean": 0.0,
    "top3_candidate_recall_mean": 0.33333333333333337,
    "best_candidate_family_recall_mean": 0.0,
    "top3_candidate_family_recall_mean": 0.33333333333333337,
    "validation_regret_mean": 0.005995857566680878,
    "normalized_validation_regret_mean": 0.20405860456587446,
    "test_regret_mean": 0.008891505854470405,
    "removed_fraction": 0.85,
    "selected_family_count_mean": 3.0,
    "removed_family_fraction_mean": 0.8125,
    "passes_90pct_recall_at_50pct_removal": false
  },
  {
    "encoder": "clip_b32",
    "method": "pool_vendi_subspace",
    "shortlist_size": 5,
    "rows": 7,
    "targets": 7,
    "best_candidate_recall_mean": 0.0,
    "top3_candidate_recall_mean": 0.38095238095238093,
    "best_candidate_family_recall_mean": 0.0,
    "top3_candidate_family_recall_mean": 0.38095238095238093,
    "validation_regret_mean": 0.005995857566680878,
    "normalized_validation_regret_mean": 0.20405860456587446,
    "test_regret_mean": 0.008891505854470405,
    "removed_fraction": 0.75,
    "selected_family_count_mean": 5.0,
    "removed_family_fraction_mean": 0.6875,
    "passes_90pct_recall_at_50pct_removal": false
  },
  {
    "encoder": "clip_b32",
    "method": "pool_vendi_subspace",
    "shortlist_size": 10,
    "rows": 7,
    "targets": 7,
    "best_candidate_recall_mean": 0.7142857142857143,
    "top3_candidate_recall_mean": 0.6666666666666667,
    "best_candidate_family_recall_mean": 0.7142857142857143,
    "top3_candidate_family_recall_mean": 0.6904761904761905,
    "validation_regret_mean": 0.0013065389417707962,
    "normalized_validation_regret_mean": 0.04037112443161823,
    "test_regret_mean": 0.00167713846479145,
    "removed_fraction": 0.5,
    "selected_family_count_mean": 10.0,
    "removed_family_fraction_mean": 0.375,
    "passes_90pct_recall_at_50pct_removal": false
  },
  {
    "encoder": "clip_b32",
    "method": "random",
    "shortlist_size": 3,
    "rows": 700,
    "targets": 7,
    "best_candidate_recall_mean": 0.1442857142857143,
    "top3_candidate_recall_mean": 0.15523809523809523,
    "best_candidate_family_recall_mean": 0.1657142857142857,
    "top3_candidate_family_recall_mean": 0.2038095238095238,
    "validation_regret_mean": 0.00781977617401893,
    "normalized_validation_regret_mean": 0.28736112920567514,
    "test_regret_mean": 0.009795582430703302,
    "removed_fraction": 0.85,
    "selected_family_count_mean": 2.9242857142857144,
    "removed_family_fraction_mean": 0.8172321428571429,
    "passes_90pct_recall_at_50pct_removal": false
  },
  {
    "encoder": "clip_b32",
    "method": "random",
    "shortlist_size": 5,
    "rows": 700,
    "targets": 7,
    "best_candidate_recall_mean": 0.26285714285714284,
    "top3_candidate_recall_mean": 0.259047619047619,
    "best_candidate_family_recall_mean": 0.2885714285714286,
    "top3_candidate_family_recall_mean": 0.32761904761904764,
    "validation_regret_mean": 0.0052119473070091505,
    "normalized_validation_regret_mean": 0.19853046265607036,
    "test_regret_mean": 0.0068928424290248345,
    "removed_fraction": 0.75,
    "selected_family_count_mean": 4.758571428571429,
    "removed_family_fraction_mean": 0.7025892857142857,
    "passes_90pct_recall_at_50pct_removal": false
  },
  {
    "encoder": "clip_b32",
    "method": "random",
    "shortlist_size": 10,
    "rows": 700,
    "targets": 7,
    "best_candidate_recall_mean": 0.48142857142857143,
    "top3_candidate_recall_mean": 0.4895238095238095,
    "best_candidate_family_recall_mean": 0.52,
    "top3_candidate_family_recall_mean": 0.583095238095238,
    "validation_regret_mean": 0.0025653889375713375,
    "normalized_validation_regret_mean": 0.0956763597534884,
    "test_regret_mean": 0.003662869487489975,
    "removed_fraction": 0.5,
    "selected_family_count_mean": 8.941428571428572,
    "removed_family_fraction_mean": 0.4411607142857143,
    "passes_90pct_recall_at_50pct_removal": false
  },
  {
    "encoder": "clip_b32",
    "method": "rank_only",
    "shortlist_size": 3,
    "rows": 7,
    "targets": 7,
    "best_candidate_recall_mean": 0.7142857142857143,
    "top3_candidate_recall_mean": 0.5238095238095237,
    "best_candidate_family_recall_mean": 0.7142857142857143,
    "top3_candidate_family_recall_mean": 0.5476190476190476,
    "validation_regret_mean": 0.0013065389417707962,
    "normalized_validation_regret_mean": 0.04037112443161823,
    "test_regret_mean": 0.00167713846479145,
    "removed_fraction": 0.85,
    "selected_family_count_mean": 3.0,
    "removed_family_fraction_mean": 0.8125,
    "passes_90pct_recall_at_50pct_removal": false
  },
  {
    "encoder": "clip_b32",
    "method": "rank_only",
    "shortlist_size": 5,
    "rows": 7,
    "targets": 7,
    "best_candidate_recall_mean": 0.8571428571428571,
    "top3_candidate_recall_mean": 0.8095238095238094,
    "best_candidate_family_recall_mean": 0.8571428571428571,
    "top3_candidate_family_recall_mean": 0.8095238095238094,
    "validation_regret_mean": 0.0007276405800197917,
    "normalized_validation_regret_mean": 0.029313515077097924,
    "test_regret_mean": 0.0017857142857142952,
    "removed_fraction": 0.75,
    "selected_family_count_mean": 4.0,
    "removed_family_fraction_mean": 0.75,
    "passes_90pct_recall_at_50pct_removal": false
  },
  {
    "encoder": "clip_b32",
    "method": "rank_only",
    "shortlist_size": 10,
    "rows": 7,
    "targets": 7,
    "best_candidate_recall_mean": 1.0,
    "top3_candidate_recall_mean": 0.9047619047619048,
    "best_candidate_family_recall_mean": 1.0,
    "top3_candidate_family_recall_mean": 0.9047619047619048,
    "validation_regret_mean": 0.0,
    "normalized_validation_regret_mean": 0.0,
    "test_regret_mean": 0.0,
    "removed_fraction": 0.5,
    "selected_family_count_mean": 8.0,
    "removed_family_fraction_mean": 0.5,
    "passes_90pct_recall_at_50pct_removal": true
  }
]
SOURCE_DONE=retinamnist COMPLETED=16/21
[
  {
    "encoder": "clip_b32",
    "method": "dpp_subspace",
    "shortlist_size": 3,
    "rows": 7,
    "targets": 7,
    "best_candidate_recall_mean": 0.7142857142857143,
    "top3_candidate_recall_mean": 0.5714285714285714,
    "best_candidate_family_recall_mean": 0.8571428571428571,
    "top3_candidate_family_recall_mean": 0.8095238095238094,
    "validation_regret_mean": 0.0013065389417707962,
    "normalized_validation_regret_mean": 0.04037112443161823,
    "test_regret_mean": 0.00167713846479145,
    "removed_fraction": 0.85,
    "selected_family_count_mean": 3.0,
    "removed_family_fraction_mean": 0.8125,
    "passes_90pct_recall_at_50pct_removal": false
  },
  {
    "encoder": "clip_b32",
    "method": "dpp_subspace",
    "shortlist_size": 5,
    "rows": 7,
    "targets": 7,
    "best_candidate_recall_mean": 0.8571428571428571,
    "top3_candidate_recall_mean": 0.6666666666666666,
    "best_candidate_family_recall_mean": 1.0,
    "top3_candidate_family_recall_mean": 0.9047619047619048,
    "validation_regret_mean": 0.0005788983617510045,
    "normalized_validation_regret_mean": 0.011057609354520307,
    "test_regret_mean": -0.00010857582092284521,
    "removed_fraction": 0.75,
    "selected_family_count_mean": 5.0,
    "removed_family_fraction_mean": 0.6875,
    "passes_90pct_recall_at_50pct_removal": false
  },
  {
    "encoder": "clip_b32",
    "method": "dpp_subspace",
    "shortlist_size": 10,
    "rows": 7,
    "targets": 7,
    "best_candidate_recall_mean": 1.0,
    "top3_candidate_recall_mean": 1.0,
    "best_candidate_family_recall_mean": 1.0,
    "top3_candidate_family_recall_mean": 1.0,
    "validation_regret_mean": 0.0,
    "normalized_validation_regret_mean": 0.0,
    "test_regret_mean": 0.0,
    "removed_fraction": 0.5,
    "selected_family_count_mean": 9.0,
    "removed_family_fraction_mean": 0.4375,
    "passes_90pct_recall_at_50pct_removal": true
  },
  {
    "encoder": "clip_b32",
    "method": "facility_subspace",
    "shortlist_size": 3,
    "rows": 7,
    "targets": 7,
    "best_candidate_recall_mean": 0.0,
    "top3_candidate_recall_mean": 0.047619047619047616,
    "best_candidate_family_recall_mean": 0.14285714285714285,
    "top3_candidate_family_recall_mean": 0.35714285714285715,
    "validation_regret_mean": 0.01012361422425269,
    "normalized_validation_regret_mean": 0.37568853522622475,
    "test_regret_mean": 0.013434152943747406,
    "removed_fraction": 0.85,
    "selected_family_count_mean": 3.0,
    "removed_family_fraction_mean": 0.8125,
    "passes_90pct_recall_at_50pct_removal": false
  },
  {
    "encoder": "clip_b32",
    "method": "facility_subspace",
    "shortlist_size": 5,
    "rows": 7,
    "targets": 7,
    "best_candidate_recall_mean": 0.0,
    "top3_candidate_recall_mean": 0.2857142857142857,
    "best_candidate_family_recall_mean": 0.14285714285714285,
    "top3_candidate_family_recall_mean": 0.5952380952380951,
    "validation_regret_mean": 0.006373859625572893,
    "normalized_validation_regret_mean": 0.20573514476149893,
    "test_regret_mean": 0.00880008254732407,
    "removed_fraction": 0.75,
    "selected_family_count_mean": 5.0,
    "removed_family_fraction_mean": 0.6875,
    "passes_90pct_recall_at_50pct_removal": false
  },
  {
    "encoder": "clip_b32",
    "method": "facility_subspace",
    "shortlist_size": 10,
    "rows": 7,
    "targets": 7,
    "best_candidate_recall_mean": 0.0,
    "top3_candidate_recall_mean": 0.3333333333333333,
    "best_candidate_family_recall_mean": 0.14285714285714285,
    "top3_candidate_family_recall_mean": 0.6428571428571429,
    "validation_regret_mean": 0.0057949620585504725,
    "normalized_validation_regret_mean": 0.1946775505871878,
    "test_regret_mean": 0.00939436469759263,
    "removed_fraction": 0.5,
    "selected_family_count_mean": 10.0,
    "removed_family_fraction_mean": 0.375,
    "passes_90pct_recall_at_50pct_removal": false
  },
  {
    "encoder": "clip_b32",
    "method": "kcenter_subspace",
    "shortlist_size": 3,
    "rows": 7,
    "targets": 7,
    "best_candidate_recall_mean": 0.14285714285714285,
    "top3_candidate_recall_mean": 0.2857142857142857,
    "best_candidate_family_recall_mean": 0.14285714285714285,
    "top3_candidate_family_recall_mean": 0.38095238095238093,
    "validation_regret_mean": 0.005726331431302935,
    "normalized_validation_regret_mean": 0.18244260121775388,
    "test_regret_mean": 0.007294367040906643,
    "removed_fraction": 0.85,
    "selected_family_count_mean": 3.0,
    "removed_family_fraction_mean": 0.8125,
    "passes_90pct_recall_at_50pct_removal": false
  },
  {
    "encoder": "clip_b32",
    "method": "kcenter_subspace",
    "shortlist_size": 5,
    "rows": 7,
    "targets": 7,
    "best_candidate_recall_mean": 0.14285714285714285,
    "top3_candidate_recall_mean": 0.3333333333333333,
    "best_candidate_family_recall_mean": 0.14285714285714285,
    "top3_candidate_family_recall_mean": 0.42857142857142855,
    "validation_regret_mean": 0.005726331431302935,
    "normalized_validation_regret_mean": 0.18244260121775388,
    "test_regret_mean": 0.007294367040906643,
    "removed_fraction": 0.75,
    "selected_family_count_mean": 5.0,
    "removed_family_fraction_mean": 0.6875,
    "passes_90pct_recall_at_50pct_removal": false
  },
  {
    "encoder": "clip_b32",
    "method": "kcenter_subspace",
    "shortlist_size": 10,
    "rows": 7,
    "targets": 7,
    "best_candidate_recall_mean": 0.14285714285714285,
    "top3_candidate_recall_mean": 0.3333333333333333,
    "best_candidate_family_recall_mean": 0.14285714285714285,
    "top3_candidate_family_recall_mean": 0.42857142857142855,
    "validation_regret_mean": 0.005343511914984738,
    "normalized_validation_regret_mean": 0.17513031819119776,
    "test_regret_mean": 0.00776864971433368,
    "removed_fraction": 0.5,
    "selected_family_count_mean": 10.0,
    "removed_family_fraction_mean": 0.375,
    "passes_90pct_recall_at_50pct_removal": false
  },
  {
    "encoder": "clip_b32",
    "method": "pool_vendi_subspace",
    "shortlist_size": 3,
    "rows": 7,
    "targets": 7,
    "best_candidate_recall_mean": 0.14285714285714285,
    "top3_candidate_recall_mean": 0.2857142857142857,
    "best_candidate_family_recall_mean": 0.14285714285714285,
    "top3_candidate_family_recall_mean": 0.38095238095238093,
    "validation_regret_mean": 0.005726331431302935,
    "normalized_validation_regret_mean": 0.18244260121775388,
    "test_regret_mean": 0.007294367040906643,
    "removed_fraction": 0.85,
    "selected_family_count_mean": 3.0,
    "removed_family_fraction_mean": 0.8125,
    "passes_90pct_recall_at_50pct_removal": false
  },
  {
    "encoder": "clip_b32",
    "method": "pool_vendi_subspace",
    "shortlist_size": 5,
    "rows": 7,
    "targets": 7,
    "best_candidate_recall_mean": 0.14285714285714285,
    "top3_candidate_recall_mean": 0.3333333333333333,
    "best_candidate_family_recall_mean": 0.14285714285714285,
    "top3_candidate_family_recall_mean": 0.42857142857142855,
    "validation_regret_mean": 0.005726331431302935,
    "normalized_validation_regret_mean": 0.18244260121775388,
    "test_regret_mean": 0.007294367040906643,
    "removed_fraction": 0.75,
    "selected_family_count_mean": 5.0,
    "removed_family_fraction_mean": 0.6875,
    "passes_90pct_recall_at_50pct_removal": false
  },
  {
    "encoder": "clip_b32",
    "method": "pool_vendi_subspace",
    "shortlist_size": 10,
    "rows": 7,
    "targets": 7,
    "best_candidate_recall_mean": 0.8571428571428571,
    "top3_candidate_recall_mean": 0.619047619047619,
    "best_candidate_family_recall_mean": 0.8571428571428571,
    "top3_candidate_family_recall_mean": 0.7380952380952381,
    "validation_regret_mean": 0.0005788983617510045,
    "normalized_validation_regret_mean": 0.011057609354520307,
    "test_regret_mean": -0.00010857582092284521,
    "removed_fraction": 0.5,
    "selected_family_count_mean": 10.0,
    "removed_family_fraction_mean": 0.375,
    "passes_90pct_recall_at_50pct_removal": false
  },
  {
    "encoder": "clip_b32",
    "method": "random",
    "shortlist_size": 3,
    "rows": 700,
    "targets": 7,
    "best_candidate_recall_mean": 0.1442857142857143,
    "top3_candidate_recall_mean": 0.15523809523809523,
    "best_candidate_family_recall_mean": 0.1657142857142857,
    "top3_candidate_family_recall_mean": 0.2038095238095238,
    "validation_regret_mean": 0.008056999318284297,
    "normalized_validation_regret_mean": 0.29385398489045444,
    "test_regret_mean": 0.010092398030417308,
    "removed_fraction": 0.85,
    "selected_family_count_mean": 2.9242857142857144,
    "removed_family_fraction_mean": 0.8172321428571429,
    "passes_90pct_recall_at_50pct_removal": false
  },
  {
    "encoder": "clip_b32",
    "method": "random",
    "shortlist_size": 5,
    "rows": 700,
    "targets": 7,
    "best_candidate_recall_mean": 0.26285714285714284,
    "top3_candidate_recall_mean": 0.259047619047619,
    "best_candidate_family_recall_mean": 0.2885714285714286,
    "top3_candidate_family_recall_mean": 0.32761904761904764,
    "validation_regret_mean": 0.005339738342637966,
    "normalized_validation_regret_mean": 0.20200879522857748,
    "test_regret_mean": 0.007022472381591801,
    "removed_fraction": 0.75,
    "selected_family_count_mean": 4.758571428571429,
    "removed_family_fraction_mean": 0.7025892857142857,
    "passes_90pct_recall_at_50pct_removal": false
  },
  {
    "encoder": "clip_b32",
    "method": "random",
    "shortlist_size": 10,
    "rows": 700,
    "targets": 7,
    "best_candidate_recall_mean": 0.48142857142857143,
    "top3_candidate_recall_mean": 0.4895238095238095,
    "best_candidate_family_recall_mean": 0.52,
    "top3_candidate_family_recall_mean": 0.583095238095238,
    "validation_regret_mean": 0.00261126657996445,
    "normalized_validation_regret_mean": 0.09697183753935913,
    "test_regret_mean": 0.0036598587887627762,
    "removed_fraction": 0.5,
    "selected_family_count_mean": 8.941428571428572,
    "removed_family_fraction_mean": 0.4411607142857143,
    "passes_90pct_recall_at_50pct_removal": false
  },
  {
    "encoder": "clip_b32",
    "method": "rank_only",
    "shortlist_size": 3,
    "rows": 7,
    "targets": 7,
    "best_candidate_recall_mean": 0.7142857142857143,
    "top3_candidate_recall_mean": 0.5714285714285714,
    "best_candidate_family_recall_mean": 0.8571428571428571,
    "top3_candidate_family_recall_mean": 0.8095238095238094,
    "validation_regret_mean": 0.0013065389417707962,
    "normalized_validation_regret_mean": 0.04037112443161823,
    "test_regret_mean": 0.00167713846479145,
    "removed_fraction": 0.85,
    "selected_family_count_mean": 3.0,
    "removed_family_fraction_mean": 0.8125,
    "passes_90pct_recall_at_50pct_removal": false
  },
  {
    "encoder": "clip_b32",
    "method": "rank_only",
    "shortlist_size": 5,
    "rows": 7,
    "targets": 7,
    "best_candidate_recall_mean": 1.0,
    "top3_candidate_recall_mean": 0.8571428571428571,
    "best_candidate_family_recall_mean": 1.0,
    "top3_candidate_family_recall_mean": 0.8571428571428571,
    "validation_regret_mean": 0.0,
    "normalized_validation_regret_mean": 0.0,
    "test_regret_mean": 0.0,
    "removed_fraction": 0.75,
    "selected_family_count_mean": 4.0,
    "removed_family_fraction_mean": 0.75,
    "passes_90pct_recall_at_50pct_removal": true
  },
  {
    "encoder": "clip_b32",
    "method": "rank_only",
    "shortlist_size": 10,
    "rows": 7,
    "targets": 7,
    "best_candidate_recall_mean": 1.0,
    "top3_candidate_recall_mean": 0.9047619047619048,
    "best_candidate_family_recall_mean": 1.0,
    "top3_candidate_family_recall_mean": 0.9047619047619048,
    "validation_regret_mean": 0.0,
    "normalized_validation_regret_mean": 0.0,
    "test_regret_mean": 0.0,
    "removed_fraction": 0.5,
    "selected_family_count_mean": 8.0,
    "removed_family_fraction_mean": 0.5,
    "passes_90pct_recall_at_50pct_removal": true
  }
]
SOURCE_DONE=stl10 COMPLETED=17/21
[
  {
    "encoder": "clip_b32",
    "method": "dpp_subspace",
    "shortlist_size": 3,
    "rows": 7,
    "targets": 7,
    "best_candidate_recall_mean": 0.7142857142857143,
    "top3_candidate_recall_mean": 0.5238095238095237,
    "best_candidate_family_recall_mean": 0.7142857142857143,
    "top3_candidate_family_recall_mean": 0.5476190476190476,
    "validation_regret_mean": 0.0013065389417707962,
    "normalized_validation_regret_mean": 0.04037112443161823,
    "test_regret_mean": 0.00167713846479145,
    "removed_fraction": 0.85,
    "selected_family_count_mean": 3.0,
    "removed_family_fraction_mean": 0.8125,
    "passes_90pct_recall_at_50pct_removal": false
  },
  {
    "encoder": "clip_b32",
    "method": "dpp_subspace",
    "shortlist_size": 5,
    "rows": 7,
    "targets": 7,
    "best_candidate_recall_mean": 0.8571428571428571,
    "top3_candidate_recall_mean": 0.619047619047619,
    "best_candidate_family_recall_mean": 1.0,
    "top3_candidate_family_recall_mean": 0.8571428571428571,
    "validation_regret_mean": 0.0005788983617510045,
    "normalized_validation_regret_mean": 0.011057609354520307,
    "test_regret_mean": -0.00010857582092284521,
    "removed_fraction": 0.75,
    "selected_family_count_mean": 5.0,
    "removed_family_fraction_mean": 0.6875,
    "passes_90pct_recall_at_50pct_removal": false
  },
  {
    "encoder": "clip_b32",
    "method": "dpp_subspace",
    "shortlist_size": 10,
    "rows": 7,
    "targets": 7,
    "best_candidate_recall_mean": 1.0,
    "top3_candidate_recall_mean": 1.0,
    "best_candidate_family_recall_mean": 1.0,
    "top3_candidate_family_recall_mean": 1.0,
    "validation_regret_mean": 0.0,
    "normalized_validation_regret_mean": 0.0,
    "test_regret_mean": 0.0,
    "removed_fraction": 0.5,
    "selected_family_count_mean": 9.0,
    "removed_family_fraction_mean": 0.4375,
    "passes_90pct_recall_at_50pct_removal": true
  },
  {
    "encoder": "clip_b32",
    "method": "facility_subspace",
    "shortlist_size": 3,
    "rows": 7,
    "targets": 7,
    "best_candidate_recall_mean": 0.14285714285714285,
    "top3_candidate_recall_mean": 0.3333333333333333,
    "best_candidate_family_recall_mean": 0.14285714285714285,
    "top3_candidate_family_recall_mean": 0.35714285714285715,
    "validation_regret_mean": 0.0032203535596906046,
    "normalized_validation_regret_mean": 0.14815240346603173,
    "test_regret_mean": 0.005339866025107228,
    "removed_fraction": 0.85,
    "selected_family_count_mean": 3.0,
    "removed_family_fraction_mean": 0.8125,
    "passes_90pct_recall_at_50pct_removal": false
  },
  {
    "encoder": "clip_b32",
    "method": "facility_subspace",
    "shortlist_size": 5,
    "rows": 7,
    "targets": 7,
    "best_candidate_recall_mean": 0.14285714285714285,
    "top3_candidate_recall_mean": 0.5714285714285714,
    "best_candidate_family_recall_mean": 0.14285714285714285,
    "top3_candidate_family_recall_mean": 0.5952380952380951,
    "validation_regret_mean": 0.0024802625124369848,
    "normalized_validation_regret_mean": 0.10352066577341777,
    "test_regret_mean": 0.005621211869376046,
    "removed_fraction": 0.75,
    "selected_family_count_mean": 5.0,
    "removed_family_fraction_mean": 0.6875,
    "passes_90pct_recall_at_50pct_removal": false
  },
  {
    "encoder": "clip_b32",
    "method": "facility_subspace",
    "shortlist_size": 10,
    "rows": 7,
    "targets": 7,
    "best_candidate_recall_mean": 0.2857142857142857,
    "top3_candidate_recall_mean": 0.6666666666666666,
    "best_candidate_family_recall_mean": 0.2857142857142857,
    "top3_candidate_family_recall_mean": 0.6904761904761905,
    "validation_regret_mean": 0.001752621932417193,
    "normalized_validation_regret_mean": 0.07420715069631985,
    "test_regret_mean": 0.003835497583661751,
    "removed_fraction": 0.5,
    "selected_family_count_mean": 10.0,
    "removed_family_fraction_mean": 0.375,
    "passes_90pct_recall_at_50pct_removal": false
  },
  {
    "encoder": "clip_b32",
    "method": "kcenter_subspace",
    "shortlist_size": 3,
    "rows": 7,
    "targets": 7,
    "best_candidate_recall_mean": 0.0,
    "top3_candidate_recall_mean": 0.23809523809523808,
    "best_candidate_family_recall_mean": 0.0,
    "top3_candidate_family_recall_mean": 0.23809523809523808,
    "validation_regret_mean": 0.006117239871281178,
    "normalized_validation_regret_mean": 0.20637714300975904,
    "test_regret_mean": 0.00895436320986068,
    "removed_fraction": 0.85,
    "selected_family_count_mean": 3.0,
    "removed_family_fraction_mean": 0.8125,
    "passes_90pct_recall_at_50pct_removal": false
  },
  {
    "encoder": "clip_b32",
    "method": "kcenter_subspace",
    "shortlist_size": 5,
    "rows": 7,
    "targets": 7,
    "best_candidate_recall_mean": 0.0,
    "top3_candidate_recall_mean": 0.2857142857142857,
    "best_candidate_family_recall_mean": 0.0,
    "top3_candidate_family_recall_mean": 0.38095238095238093,
    "validation_regret_mean": 0.006117239871281178,
    "normalized_validation_regret_mean": 0.20637714300975904,
    "test_regret_mean": 0.00895436320986068,
    "removed_fraction": 0.75,
    "selected_family_count_mean": 5.0,
    "removed_family_fraction_mean": 0.6875,
    "passes_90pct_recall_at_50pct_removal": false
  },
  {
    "encoder": "clip_b32",
    "method": "kcenter_subspace",
    "shortlist_size": 10,
    "rows": 7,
    "targets": 7,
    "best_candidate_recall_mean": 0.14285714285714285,
    "top3_candidate_recall_mean": 0.5238095238095238,
    "best_candidate_family_recall_mean": 0.14285714285714285,
    "top3_candidate_family_recall_mean": 0.6428571428571429,
    "validation_regret_mean": 0.0024802625124369848,
    "normalized_validation_regret_mean": 0.10352066577341777,
    "test_regret_mean": 0.005621211869376046,
    "removed_fraction": 0.5,
    "selected_family_count_mean": 10.0,
    "removed_family_fraction_mean": 0.375,
    "passes_90pct_recall_at_50pct_removal": false
  },
  {
    "encoder": "clip_b32",
    "method": "pool_vendi_subspace",
    "shortlist_size": 3,
    "rows": 7,
    "targets": 7,
    "best_candidate_recall_mean": 0.0,
    "top3_candidate_recall_mean": 0.23809523809523808,
    "best_candidate_family_recall_mean": 0.0,
    "top3_candidate_family_recall_mean": 0.23809523809523808,
    "validation_regret_mean": 0.006117239871281178,
    "normalized_validation_regret_mean": 0.20637714300975904,
    "test_regret_mean": 0.00895436320986068,
    "removed_fraction": 0.85,
    "selected_family_count_mean": 3.0,
    "removed_family_fraction_mean": 0.8125,
    "passes_90pct_recall_at_50pct_removal": false
  },
  {
    "encoder": "clip_b32",
    "method": "pool_vendi_subspace",
    "shortlist_size": 5,
    "rows": 7,
    "targets": 7,
    "best_candidate_recall_mean": 0.0,
    "top3_candidate_recall_mean": 0.38095238095238093,
    "best_candidate_family_recall_mean": 0.0,
    "top3_candidate_family_recall_mean": 0.38095238095238093,
    "validation_regret_mean": 0.005995857566680878,
    "normalized_validation_regret_mean": 0.20405860456587446,
    "test_regret_mean": 0.008891505854470405,
    "removed_fraction": 0.75,
    "selected_family_count_mean": 5.0,
    "removed_family_fraction_mean": 0.6875,
    "passes_90pct_recall_at_50pct_removal": false
  },
  {
    "encoder": "clip_b32",
    "method": "pool_vendi_subspace",
    "shortlist_size": 10,
    "rows": 7,
    "targets": 7,
    "best_candidate_recall_mean": 0.7142857142857143,
    "top3_candidate_recall_mean": 0.6666666666666667,
    "best_candidate_family_recall_mean": 0.7142857142857143,
    "top3_candidate_family_recall_mean": 0.6904761904761905,
    "validation_regret_mean": 0.0013065389417707962,
    "normalized_validation_regret_mean": 0.04037112443161823,
    "test_regret_mean": 0.00167713846479145,
    "removed_fraction": 0.5,
    "selected_family_count_mean": 10.0,
    "removed_family_fraction_mean": 0.375,
    "passes_90pct_recall_at_50pct_removal": false
  },
  {
    "encoder": "clip_b32",
    "method": "random",
    "shortlist_size": 3,
    "rows": 700,
    "targets": 7,
    "best_candidate_recall_mean": 0.1442857142857143,
    "top3_candidate_recall_mean": 0.15523809523809523,
    "best_candidate_family_recall_mean": 0.1657142857142857,
    "top3_candidate_family_recall_mean": 0.2038095238095238,
    "validation_regret_mean": 0.007727443826676057,
    "normalized_validation_regret_mean": 0.28364320877733945,
    "test_regret_mean": 0.009595012681824822,
    "removed_fraction": 0.85,
    "selected_family_count_mean": 2.9242857142857144,
    "removed_family_fraction_mean": 0.8172321428571429,
    "passes_90pct_recall_at_50pct_removal": false
  },
  {
    "encoder": "clip_b32",
    "method": "random",
    "shortlist_size": 5,
    "rows": 700,
    "targets": 7,
    "best_candidate_recall_mean": 0.26285714285714284,
    "top3_candidate_recall_mean": 0.259047619047619,
    "best_candidate_family_recall_mean": 0.2885714285714286,
    "top3_candidate_family_recall_mean": 0.32761904761904764,
    "validation_regret_mean": 0.00515713025494373,
    "normalized_validation_regret_mean": 0.19633982361207136,
    "test_regret_mean": 0.0067621224948338126,
    "removed_fraction": 0.75,
    "selected_family_count_mean": 4.758571428571429,
    "removed_family_fraction_mean": 0.7025892857142857,
    "passes_90pct_recall_at_50pct_removal": false
  },
  {
    "encoder": "clip_b32",
    "method": "random",
    "shortlist_size": 10,
    "rows": 700,
    "targets": 7,
    "best_candidate_recall_mean": 0.48142857142857143,
    "top3_candidate_recall_mean": 0.4895238095238095,
    "best_candidate_family_recall_mean": 0.52,
    "top3_candidate_family_recall_mean": 0.583095238095238,
    "validation_regret_mean": 0.002558547337032903,
    "normalized_validation_regret_mean": 0.09530902011573752,
    "test_regret_mean": 0.0036518611226763068,
    "removed_fraction": 0.5,
    "selected_family_count_mean": 8.941428571428572,
    "removed_family_fraction_mean": 0.4411607142857143,
    "passes_90pct_recall_at_50pct_removal": false
  },
  {
    "encoder": "clip_b32",
    "method": "rank_only",
    "shortlist_size": 3,
    "rows": 7,
    "targets": 7,
    "best_candidate_recall_mean": 0.7142857142857143,
    "top3_candidate_recall_mean": 0.5238095238095237,
    "best_candidate_family_recall_mean": 0.7142857142857143,
    "top3_candidate_family_recall_mean": 0.5476190476190476,
    "validation_regret_mean": 0.0013065389417707962,
    "normalized_validation_regret_mean": 0.04037112443161823,
    "test_regret_mean": 0.00167713846479145,
    "removed_fraction": 0.85,
    "selected_family_count_mean": 3.0,
    "removed_family_fraction_mean": 0.8125,
    "passes_90pct_recall_at_50pct_removal": false
  },
  {
    "encoder": "clip_b32",
    "method": "rank_only",
    "shortlist_size": 5,
    "rows": 7,
    "targets": 7,
    "best_candidate_recall_mean": 0.8571428571428571,
    "top3_candidate_recall_mean": 0.8095238095238094,
    "best_candidate_family_recall_mean": 0.8571428571428571,
    "top3_candidate_family_recall_mean": 0.8095238095238094,
    "validation_regret_mean": 0.0007276405800197917,
    "normalized_validation_regret_mean": 0.029313515077097924,
    "test_regret_mean": 0.0017857142857142952,
    "removed_fraction": 0.75,
    "selected_family_count_mean": 4.0,
    "removed_family_fraction_mean": 0.75,
    "passes_90pct_recall_at_50pct_removal": false
  },
  {
    "encoder": "clip_b32",
    "method": "rank_only",
    "shortlist_size": 10,
    "rows": 7,
    "targets": 7,
    "best_candidate_recall_mean": 1.0,
    "top3_candidate_recall_mean": 0.9047619047619048,
    "best_candidate_family_recall_mean": 1.0,
    "top3_candidate_family_recall_mean": 0.9047619047619048,
    "validation_regret_mean": 0.0,
    "normalized_validation_regret_mean": 0.0,
    "test_regret_mean": 0.0,
    "removed_fraction": 0.5,
    "selected_family_count_mean": 8.0,
    "removed_family_fraction_mean": 0.5,
    "passes_90pct_recall_at_50pct_removal": true
  }
]
SOURCE_DONE=svhn COMPLETED=18/21
[
  {
    "encoder": "clip_b32",
    "method": "dpp_subspace",
    "shortlist_size": 3,
    "rows": 7,
    "targets": 7,
    "best_candidate_recall_mean": 0.2857142857142857,
    "top3_candidate_recall_mean": 0.4285714285714285,
    "best_candidate_family_recall_mean": 0.8571428571428571,
    "top3_candidate_family_recall_mean": 0.6666666666666666,
    "validation_regret_mean": 0.004023666274756794,
    "normalized_validation_regret_mean": 0.12524206667950438,
    "test_regret_mean": 0.0053988678114755195,
    "removed_fraction": 0.85,
    "selected_family_count_mean": 3.0,
    "removed_family_fraction_mean": 0.8125,
    "passes_90pct_recall_at_50pct_removal": false
  },
  {
    "encoder": "clip_b32",
    "method": "dpp_subspace",
    "shortlist_size": 5,
    "rows": 7,
    "targets": 7,
    "best_candidate_recall_mean": 0.42857142857142855,
    "top3_candidate_recall_mean": 0.5714285714285714,
    "best_candidate_family_recall_mean": 1.0,
    "top3_candidate_family_recall_mean": 0.8333333333333333,
    "validation_regret_mean": 0.003296025694737002,
    "normalized_validation_regret_mean": 0.09592855160240647,
    "test_regret_mean": 0.003613153525761224,
    "removed_fraction": 0.75,
    "selected_family_count_mean": 5.0,
    "removed_family_fraction_mean": 0.6875,
    "passes_90pct_recall_at_50pct_removal": false
  },
  {
    "encoder": "clip_b32",
    "method": "dpp_subspace",
    "shortlist_size": 10,
    "rows": 7,
    "targets": 7,
    "best_candidate_recall_mean": 1.0,
    "top3_candidate_recall_mean": 0.9523809523809524,
    "best_candidate_family_recall_mean": 1.0,
    "top3_candidate_family_recall_mean": 1.0,
    "validation_regret_mean": 0.0,
    "normalized_validation_regret_mean": 0.0,
    "test_regret_mean": 0.0,
    "removed_fraction": 0.5,
    "selected_family_count_mean": 9.0,
    "removed_family_fraction_mean": 0.4375,
    "passes_90pct_recall_at_50pct_removal": true
  },
  {
    "encoder": "clip_b32",
    "method": "facility_subspace",
    "shortlist_size": 3,
    "rows": 7,
    "targets": 7,
    "best_candidate_recall_mean": 0.5714285714285714,
    "top3_candidate_recall_mean": 0.2857142857142857,
    "best_candidate_family_recall_mean": 0.5714285714285714,
    "top3_candidate_family_recall_mean": 0.4523809523809524,
    "validation_regret_mean": 0.001534398726045359,
    "normalized_validation_regret_mean": 0.08206797725308472,
    "test_regret_mean": 0.0014357992580958775,
    "removed_fraction": 0.85,
    "selected_family_count_mean": 3.0,
    "removed_family_fraction_mean": 0.8125,
    "passes_90pct_recall_at_50pct_removal": false
  },
  {
    "encoder": "clip_b32",
    "method": "facility_subspace",
    "shortlist_size": 5,
    "rows": 7,
    "targets": 7,
    "best_candidate_recall_mean": 0.8571428571428571,
    "top3_candidate_recall_mean": 0.5238095238095237,
    "best_candidate_family_recall_mean": 0.8571428571428571,
    "top3_candidate_family_recall_mean": 0.738095238095238,
    "validation_regret_mean": 0.0007276405800197917,
    "normalized_validation_regret_mean": 0.029313515077097924,
    "test_regret_mean": 0.0017857142857142952,
    "removed_fraction": 0.75,
    "selected_family_count_mean": 5.0,
    "removed_family_fraction_mean": 0.6875,
    "passes_90pct_recall_at_50pct_removal": false
  },
  {
    "encoder": "clip_b32",
    "method": "facility_subspace",
    "shortlist_size": 10,
    "rows": 7,
    "targets": 7,
    "best_candidate_recall_mean": 1.0,
    "top3_candidate_recall_mean": 0.6666666666666666,
    "best_candidate_family_recall_mean": 1.0,
    "top3_candidate_family_recall_mean": 0.9047619047619048,
    "validation_regret_mean": 0.0,
    "normalized_validation_regret_mean": 0.0,
    "test_regret_mean": 0.0,
    "removed_fraction": 0.5,
    "selected_family_count_mean": 10.0,
    "removed_family_fraction_mean": 0.375,
    "passes_90pct_recall_at_50pct_removal": true
  },
  {
    "encoder": "clip_b32",
    "method": "kcenter_subspace",
    "shortlist_size": 3,
    "rows": 7,
    "targets": 7,
    "best_candidate_recall_mean": 0.2857142857142857,
    "top3_candidate_recall_mean": 0.3333333333333333,
    "best_candidate_family_recall_mean": 0.2857142857142857,
    "top3_candidate_family_recall_mean": 0.38095238095238093,
    "validation_regret_mean": 0.004364617938863986,
    "normalized_validation_regret_mean": 0.1382290559053249,
    "test_regret_mean": 0.005118865626198931,
    "removed_fraction": 0.85,
    "selected_family_count_mean": 3.0,
    "removed_family_fraction_mean": 0.8125,
    "passes_90pct_recall_at_50pct_removal": false
  },
  {
    "encoder": "clip_b32",
    "method": "kcenter_subspace",
    "shortlist_size": 5,
    "rows": 7,
    "targets": 7,
    "best_candidate_recall_mean": 0.2857142857142857,
    "top3_candidate_recall_mean": 0.42857142857142855,
    "best_candidate_family_recall_mean": 0.2857142857142857,
    "top3_candidate_family_recall_mean": 0.5952380952380951,
    "validation_regret_mean": 0.004364617938863986,
    "normalized_validation_regret_mean": 0.1382290559053249,
    "test_regret_mean": 0.005118865626198931,
    "removed_fraction": 0.75,
    "selected_family_count_mean": 5.0,
    "removed_family_fraction_mean": 0.6875,
    "passes_90pct_recall_at_50pct_removal": false
  },
  {
    "encoder": "clip_b32",
    "method": "kcenter_subspace",
    "shortlist_size": 10,
    "rows": 7,
    "targets": 7,
    "best_candidate_recall_mean": 0.8571428571428571,
    "top3_candidate_recall_mean": 0.6666666666666666,
    "best_candidate_family_recall_mean": 0.8571428571428571,
    "top3_candidate_family_recall_mean": 0.8809523809523808,
    "validation_regret_mean": 0.0007276405800197917,
    "normalized_validation_regret_mean": 0.029313515077097924,
    "test_regret_mean": 0.0017857142857142952,
    "removed_fraction": 0.5,
    "selected_family_count_mean": 10.0,
    "removed_family_fraction_mean": 0.375,
    "passes_90pct_recall_at_50pct_removal": false
  },
  {
    "encoder": "clip_b32",
    "method": "pool_vendi_subspace",
    "shortlist_size": 3,
    "rows": 7,
    "targets": 7,
    "best_candidate_recall_mean": 0.2857142857142857,
    "top3_candidate_recall_mean": 0.3333333333333333,
    "best_candidate_family_recall_mean": 0.2857142857142857,
    "top3_candidate_family_recall_mean": 0.38095238095238093,
    "validation_regret_mean": 0.004364617938863986,
    "normalized_validation_regret_mean": 0.1382290559053249,
    "test_regret_mean": 0.005118865626198931,
    "removed_fraction": 0.85,
    "selected_family_count_mean": 3.0,
    "removed_family_fraction_mean": 0.8125,
    "passes_90pct_recall_at_50pct_removal": false
  },
  {
    "encoder": "clip_b32",
    "method": "pool_vendi_subspace",
    "shortlist_size": 5,
    "rows": 7,
    "targets": 7,
    "best_candidate_recall_mean": 0.2857142857142857,
    "top3_candidate_recall_mean": 0.5238095238095238,
    "best_candidate_family_recall_mean": 0.2857142857142857,
    "top3_candidate_family_recall_mean": 0.5952380952380951,
    "validation_regret_mean": 0.0042432356342636856,
    "normalized_validation_regret_mean": 0.13591051746144028,
    "test_regret_mean": 0.005056008270808654,
    "removed_fraction": 0.75,
    "selected_family_count_mean": 5.0,
    "removed_family_fraction_mean": 0.6875,
    "passes_90pct_recall_at_50pct_removal": false
  },
  {
    "encoder": "clip_b32",
    "method": "pool_vendi_subspace",
    "shortlist_size": 10,
    "rows": 7,
    "targets": 7,
    "best_candidate_recall_mean": 0.2857142857142857,
    "top3_candidate_recall_mean": 0.5238095238095238,
    "best_candidate_family_recall_mean": 0.2857142857142857,
    "top3_candidate_family_recall_mean": 0.5952380952380951,
    "validation_regret_mean": 0.0042432356342636856,
    "normalized_validation_regret_mean": 0.13591051746144028,
    "test_regret_mean": 0.005056008270808654,
    "removed_fraction": 0.5,
    "selected_family_count_mean": 10.0,
    "removed_family_fraction_mean": 0.375,
    "passes_90pct_recall_at_50pct_removal": false
  },
  {
    "encoder": "clip_b32",
    "method": "random",
    "shortlist_size": 3,
    "rows": 700,
    "targets": 7,
    "best_candidate_recall_mean": 0.17142857142857143,
    "top3_candidate_recall_mean": 0.16238095238095238,
    "best_candidate_family_recall_mean": 0.24714285714285714,
    "top3_candidate_family_recall_mean": 0.22547619047619044,
    "validation_regret_mean": 0.007188080894635365,
    "normalized_validation_regret_mean": 0.2759219438519278,
    "test_regret_mean": 0.007327353579657428,
    "removed_fraction": 0.85,
    "selected_family_count_mean": 2.9242857142857144,
    "removed_family_fraction_mean": 0.8172321428571429,
    "passes_90pct_recall_at_50pct_removal": false
  },
  {
    "encoder": "clip_b32",
    "method": "random",
    "shortlist_size": 5,
    "rows": 700,
    "targets": 7,
    "best_candidate_recall_mean": 0.2642857142857143,
    "top3_candidate_recall_mean": 0.25190476190476185,
    "best_candidate_family_recall_mean": 0.3757142857142857,
    "top3_candidate_family_recall_mean": 0.34595238095238096,
    "validation_regret_mean": 0.0051559446697495405,
    "normalized_validation_regret_mean": 0.20064020884330117,
    "test_regret_mean": 0.005355154395103465,
    "removed_fraction": 0.75,
    "selected_family_count_mean": 4.758571428571429,
    "removed_family_fraction_mean": 0.7025892857142857,
    "passes_90pct_recall_at_50pct_removal": false
  },
  {
    "encoder": "clip_b32",
    "method": "random",
    "shortlist_size": 10,
    "rows": 700,
    "targets": 7,
    "best_candidate_recall_mean": 0.4828571428571429,
    "top3_candidate_recall_mean": 0.4938095238095238,
    "best_candidate_family_recall_mean": 0.62,
    "top3_candidate_family_recall_mean": 0.6185714285714285,
    "validation_regret_mean": 0.0028665975452691994,
    "normalized_validation_regret_mean": 0.10785234438501937,
    "test_regret_mean": 0.003069729379245222,
    "removed_fraction": 0.5,
    "selected_family_count_mean": 8.941428571428572,
    "removed_family_fraction_mean": 0.4411607142857143,
    "passes_90pct_recall_at_50pct_removal": false
  },
  {
    "encoder": "clip_b32",
    "method": "rank_only",
    "shortlist_size": 3,
    "rows": 7,
    "targets": 7,
    "best_candidate_recall_mean": 0.2857142857142857,
    "top3_candidate_recall_mean": 0.4285714285714285,
    "best_candidate_family_recall_mean": 0.8571428571428571,
    "top3_candidate_family_recall_mean": 0.6666666666666666,
    "validation_regret_mean": 0.004023666274756794,
    "normalized_validation_regret_mean": 0.12524206667950438,
    "test_regret_mean": 0.0053988678114755195,
    "removed_fraction": 0.85,
    "selected_family_count_mean": 3.0,
    "removed_family_fraction_mean": 0.8125,
    "passes_90pct_recall_at_50pct_removal": false
  },
  {
    "encoder": "clip_b32",
    "method": "rank_only",
    "shortlist_size": 5,
    "rows": 7,
    "targets": 7,
    "best_candidate_recall_mean": 1.0,
    "top3_candidate_recall_mean": 0.7619047619047619,
    "best_candidate_family_recall_mean": 1.0,
    "top3_candidate_family_recall_mean": 0.7857142857142857,
    "validation_regret_mean": 0.0,
    "normalized_validation_regret_mean": 0.0,
    "test_regret_mean": 0.0,
    "removed_fraction": 0.75,
    "selected_family_count_mean": 4.0,
    "removed_family_fraction_mean": 0.75,
    "passes_90pct_recall_at_50pct_removal": true
  },
  {
    "encoder": "clip_b32",
    "method": "rank_only",
    "shortlist_size": 10,
    "rows": 7,
    "targets": 7,
    "best_candidate_recall_mean": 1.0,
    "top3_candidate_recall_mean": 0.8095238095238094,
    "best_candidate_family_recall_mean": 1.0,
    "top3_candidate_family_recall_mean": 0.8333333333333333,
    "validation_regret_mean": 0.0,
    "normalized_validation_regret_mean": 0.0,
    "test_regret_mean": 0.0,
    "removed_fraction": 0.5,
    "selected_family_count_mean": 8.0,
    "removed_family_fraction_mean": 0.5,
    "passes_90pct_recall_at_50pct_removal": true
  }
]
SOURCE_DONE=tiny_imagenet COMPLETED=19/21
[
  {
    "encoder": "clip_b32",
    "method": "dpp_subspace",
    "shortlist_size": 3,
    "rows": 7,
    "targets": 7,
    "best_candidate_recall_mean": 0.7142857142857143,
    "top3_candidate_recall_mean": 0.5238095238095237,
    "best_candidate_family_recall_mean": 0.7142857142857143,
    "top3_candidate_family_recall_mean": 0.5476190476190476,
    "validation_regret_mean": 0.0013065389417707962,
    "normalized_validation_regret_mean": 0.04037112443161823,
    "test_regret_mean": 0.00167713846479145,
    "removed_fraction": 0.85,
    "selected_family_count_mean": 3.0,
    "removed_family_fraction_mean": 0.8125,
    "passes_90pct_recall_at_50pct_removal": false
  },
  {
    "encoder": "clip_b32",
    "method": "dpp_subspace",
    "shortlist_size": 5,
    "rows": 7,
    "targets": 7,
    "best_candidate_recall_mean": 0.8571428571428571,
    "top3_candidate_recall_mean": 0.619047619047619,
    "best_candidate_family_recall_mean": 1.0,
    "top3_candidate_family_recall_mean": 0.8571428571428571,
    "validation_regret_mean": 0.0005788983617510045,
    "normalized_validation_regret_mean": 0.011057609354520307,
    "test_regret_mean": -0.00010857582092284521,
    "removed_fraction": 0.75,
    "selected_family_count_mean": 5.0,
    "removed_family_fraction_mean": 0.6875,
    "passes_90pct_recall_at_50pct_removal": false
  },
  {
    "encoder": "clip_b32",
    "method": "dpp_subspace",
    "shortlist_size": 10,
    "rows": 7,
    "targets": 7,
    "best_candidate_recall_mean": 1.0,
    "top3_candidate_recall_mean": 0.9047619047619048,
    "best_candidate_family_recall_mean": 1.0,
    "top3_candidate_family_recall_mean": 0.9047619047619048,
    "validation_regret_mean": 0.0,
    "normalized_validation_regret_mean": 0.0,
    "test_regret_mean": 0.0,
    "removed_fraction": 0.5,
    "selected_family_count_mean": 9.0,
    "removed_family_fraction_mean": 0.4375,
    "passes_90pct_recall_at_50pct_removal": true
  },
  {
    "encoder": "clip_b32",
    "method": "facility_subspace",
    "shortlist_size": 3,
    "rows": 7,
    "targets": 7,
    "best_candidate_recall_mean": 0.14285714285714285,
    "top3_candidate_recall_mean": 0.23809523809523808,
    "best_candidate_family_recall_mean": 0.14285714285714285,
    "top3_candidate_family_recall_mean": 0.35714285714285715,
    "validation_regret_mean": 0.003287020658462552,
    "normalized_validation_regret_mean": 0.15099333182487767,
    "test_regret_mean": 0.005271296841757629,
    "removed_fraction": 0.85,
    "selected_family_count_mean": 3.0,
    "removed_family_fraction_mean": 0.8125,
    "passes_90pct_recall_at_50pct_removal": false
  },
  {
    "encoder": "clip_b32",
    "method": "facility_subspace",
    "shortlist_size": 5,
    "rows": 7,
    "targets": 7,
    "best_candidate_recall_mean": 0.14285714285714285,
    "top3_candidate_recall_mean": 0.47619047619047616,
    "best_candidate_family_recall_mean": 0.14285714285714285,
    "top3_candidate_family_recall_mean": 0.5952380952380951,
    "validation_regret_mean": 0.0024802625124369848,
    "normalized_validation_regret_mean": 0.10352066577341777,
    "test_regret_mean": 0.005621211869376046,
    "removed_fraction": 0.75,
    "selected_family_count_mean": 5.0,
    "removed_family_fraction_mean": 0.6875,
    "passes_90pct_recall_at_50pct_removal": false
  },
  {
    "encoder": "clip_b32",
    "method": "facility_subspace",
    "shortlist_size": 10,
    "rows": 7,
    "targets": 7,
    "best_candidate_recall_mean": 0.2857142857142857,
    "top3_candidate_recall_mean": 0.5714285714285714,
    "best_candidate_family_recall_mean": 0.2857142857142857,
    "top3_candidate_family_recall_mean": 0.6904761904761905,
    "validation_regret_mean": 0.001752621932417193,
    "normalized_validation_regret_mean": 0.07420715069631985,
    "test_regret_mean": 0.003835497583661751,
    "removed_fraction": 0.5,
    "selected_family_count_mean": 10.0,
    "removed_family_fraction_mean": 0.375,
    "passes_90pct_recall_at_50pct_removal": false
  },
  {
    "encoder": "clip_b32",
    "method": "kcenter_subspace",
    "shortlist_size": 3,
    "rows": 7,
    "targets": 7,
    "best_candidate_recall_mean": 0.0,
    "top3_candidate_recall_mean": 0.23809523809523808,
    "best_candidate_family_recall_mean": 0.0,
    "top3_candidate_family_recall_mean": 0.23809523809523808,
    "validation_regret_mean": 0.006117239871281178,
    "normalized_validation_regret_mean": 0.20637714300975904,
    "test_regret_mean": 0.00895436320986068,
    "removed_fraction": 0.85,
    "selected_family_count_mean": 3.0,
    "removed_family_fraction_mean": 0.8125,
    "passes_90pct_recall_at_50pct_removal": false
  },
  {
    "encoder": "clip_b32",
    "method": "kcenter_subspace",
    "shortlist_size": 5,
    "rows": 7,
    "targets": 7,
    "best_candidate_recall_mean": 0.0,
    "top3_candidate_recall_mean": 0.2857142857142857,
    "best_candidate_family_recall_mean": 0.0,
    "top3_candidate_family_recall_mean": 0.38095238095238093,
    "validation_regret_mean": 0.006117239871281178,
    "normalized_validation_regret_mean": 0.20637714300975904,
    "test_regret_mean": 0.00895436320986068,
    "removed_fraction": 0.75,
    "selected_family_count_mean": 5.0,
    "removed_family_fraction_mean": 0.6875,
    "passes_90pct_recall_at_50pct_removal": false
  },
  {
    "encoder": "clip_b32",
    "method": "kcenter_subspace",
    "shortlist_size": 10,
    "rows": 7,
    "targets": 7,
    "best_candidate_recall_mean": 0.14285714285714285,
    "top3_candidate_recall_mean": 0.5238095238095238,
    "best_candidate_family_recall_mean": 0.14285714285714285,
    "top3_candidate_family_recall_mean": 0.6428571428571429,
    "validation_regret_mean": 0.0024802625124369848,
    "normalized_validation_regret_mean": 0.10352066577341777,
    "test_regret_mean": 0.005621211869376046,
    "removed_fraction": 0.5,
    "selected_family_count_mean": 10.0,
    "removed_family_fraction_mean": 0.375,
    "passes_90pct_recall_at_50pct_removal": false
  },
  {
    "encoder": "clip_b32",
    "method": "pool_vendi_subspace",
    "shortlist_size": 3,
    "rows": 7,
    "targets": 7,
    "best_candidate_recall_mean": 0.0,
    "top3_candidate_recall_mean": 0.23809523809523808,
    "best_candidate_family_recall_mean": 0.0,
    "top3_candidate_family_recall_mean": 0.23809523809523808,
    "validation_regret_mean": 0.006117239871281178,
    "normalized_validation_regret_mean": 0.20637714300975904,
    "test_regret_mean": 0.00895436320986068,
    "removed_fraction": 0.85,
    "selected_family_count_mean": 3.0,
    "removed_family_fraction_mean": 0.8125,
    "passes_90pct_recall_at_50pct_removal": false
  },
  {
    "encoder": "clip_b32",
    "method": "pool_vendi_subspace",
    "shortlist_size": 5,
    "rows": 7,
    "targets": 7,
    "best_candidate_recall_mean": 0.0,
    "top3_candidate_recall_mean": 0.38095238095238093,
    "best_candidate_family_recall_mean": 0.0,
    "top3_candidate_family_recall_mean": 0.38095238095238093,
    "validation_regret_mean": 0.005995857566680878,
    "normalized_validation_regret_mean": 0.20405860456587446,
    "test_regret_mean": 0.008891505854470405,
    "removed_fraction": 0.75,
    "selected_family_count_mean": 5.0,
    "removed_family_fraction_mean": 0.6875,
    "passes_90pct_recall_at_50pct_removal": false
  },
  {
    "encoder": "clip_b32",
    "method": "pool_vendi_subspace",
    "shortlist_size": 10,
    "rows": 7,
    "targets": 7,
    "best_candidate_recall_mean": 0.7142857142857143,
    "top3_candidate_recall_mean": 0.6666666666666667,
    "best_candidate_family_recall_mean": 0.7142857142857143,
    "top3_candidate_family_recall_mean": 0.6904761904761905,
    "validation_regret_mean": 0.0013065389417707962,
    "normalized_validation_regret_mean": 0.04037112443161823,
    "test_regret_mean": 0.00167713846479145,
    "removed_fraction": 0.5,
    "selected_family_count_mean": 10.0,
    "removed_family_fraction_mean": 0.375,
    "passes_90pct_recall_at_50pct_removal": false
  },
  {
    "encoder": "clip_b32",
    "method": "random",
    "shortlist_size": 3,
    "rows": 700,
    "targets": 7,
    "best_candidate_recall_mean": 0.1442857142857143,
    "top3_candidate_recall_mean": 0.15714285714285714,
    "best_candidate_family_recall_mean": 0.1657142857142857,
    "top3_candidate_family_recall_mean": 0.20452380952380955,
    "validation_regret_mean": 0.007683242295456356,
    "normalized_validation_regret_mean": 0.2833725334712512,
    "test_regret_mean": 0.009384088039398194,
    "removed_fraction": 0.85,
    "selected_family_count_mean": 2.9242857142857144,
    "removed_family_fraction_mean": 0.8172321428571429,
    "passes_90pct_recall_at_50pct_removal": false
  },
  {
    "encoder": "clip_b32",
    "method": "random",
    "shortlist_size": 5,
    "rows": 700,
    "targets": 7,
    "best_candidate_recall_mean": 0.27,
    "top3_candidate_recall_mean": 0.2576190476190476,
    "best_candidate_family_recall_mean": 0.2957142857142857,
    "top3_candidate_family_recall_mean": 0.32571428571428573,
    "validation_regret_mean": 0.005276314269712375,
    "normalized_validation_regret_mean": 0.19728157075687724,
    "test_regret_mean": 0.006875868797302249,
    "removed_fraction": 0.75,
    "selected_family_count_mean": 4.758571428571429,
    "removed_family_fraction_mean": 0.7025892857142857,
    "passes_90pct_recall_at_50pct_removal": false
  },
  {
    "encoder": "clip_b32",
    "method": "random",
    "shortlist_size": 10,
    "rows": 700,
    "targets": 7,
    "best_candidate_recall_mean": 0.49714285714285716,
    "top3_candidate_recall_mean": 0.4923809523809523,
    "best_candidate_family_recall_mean": 0.5357142857142857,
    "top3_candidate_family_recall_mean": 0.5880952380952381,
    "validation_regret_mean": 0.0026001348716975076,
    "normalized_validation_regret_mean": 0.09628255086164035,
    "test_regret_mean": 0.0036730925696236787,
    "removed_fraction": 0.5,
    "selected_family_count_mean": 8.941428571428572,
    "removed_family_fraction_mean": 0.4411607142857143,
    "passes_90pct_recall_at_50pct_removal": false
  },
  {
    "encoder": "clip_b32",
    "method": "rank_only",
    "shortlist_size": 3,
    "rows": 7,
    "targets": 7,
    "best_candidate_recall_mean": 0.7142857142857143,
    "top3_candidate_recall_mean": 0.5238095238095237,
    "best_candidate_family_recall_mean": 0.7142857142857143,
    "top3_candidate_family_recall_mean": 0.5476190476190476,
    "validation_regret_mean": 0.0013065389417707962,
    "normalized_validation_regret_mean": 0.04037112443161823,
    "test_regret_mean": 0.00167713846479145,
    "removed_fraction": 0.85,
    "selected_family_count_mean": 3.0,
    "removed_family_fraction_mean": 0.8125,
    "passes_90pct_recall_at_50pct_removal": false
  },
  {
    "encoder": "clip_b32",
    "method": "rank_only",
    "shortlist_size": 5,
    "rows": 7,
    "targets": 7,
    "best_candidate_recall_mean": 0.8571428571428571,
    "top3_candidate_recall_mean": 0.8095238095238094,
    "best_candidate_family_recall_mean": 0.8571428571428571,
    "top3_candidate_family_recall_mean": 0.8095238095238094,
    "validation_regret_mean": 0.0007276405800197917,
    "normalized_validation_regret_mean": 0.029313515077097924,
    "test_regret_mean": 0.0017857142857142952,
    "removed_fraction": 0.75,
    "selected_family_count_mean": 4.0,
    "removed_family_fraction_mean": 0.75,
    "passes_90pct_recall_at_50pct_removal": false
  },
  {
    "encoder": "clip_b32",
    "method": "rank_only",
    "shortlist_size": 10,
    "rows": 7,
    "targets": 7,
    "best_candidate_recall_mean": 1.0,
    "top3_candidate_recall_mean": 0.9047619047619048,
    "best_candidate_family_recall_mean": 1.0,
    "top3_candidate_family_recall_mean": 0.9047619047619048,
    "validation_regret_mean": 0.0,
    "normalized_validation_regret_mean": 0.0,
    "test_regret_mean": 0.0,
    "removed_fraction": 0.5,
    "selected_family_count_mean": 8.0,
    "removed_family_fraction_mean": 0.5,
    "passes_90pct_recall_at_50pct_removal": true
  }
]
SOURCE_DONE=tissuemnist COMPLETED=20/21
[
  {
    "encoder": "clip_b32",
    "method": "dpp_subspace",
    "shortlist_size": 3,
    "rows": 7,
    "targets": 7,
    "best_candidate_recall_mean": 0.7142857142857143,
    "top3_candidate_recall_mean": 0.5238095238095237,
    "best_candidate_family_recall_mean": 0.7142857142857143,
    "top3_candidate_family_recall_mean": 0.5476190476190476,
    "validation_regret_mean": 0.0013065389417707962,
    "normalized_validation_regret_mean": 0.04037112443161823,
    "test_regret_mean": 0.00167713846479145,
    "removed_fraction": 0.85,
    "selected_family_count_mean": 3.0,
    "removed_family_fraction_mean": 0.8235294117647057,
    "passes_90pct_recall_at_50pct_removal": false
  },
  {
    "encoder": "clip_b32",
    "method": "dpp_subspace",
    "shortlist_size": 5,
    "rows": 7,
    "targets": 7,
    "best_candidate_recall_mean": 0.8571428571428571,
    "top3_candidate_recall_mean": 0.619047619047619,
    "best_candidate_family_recall_mean": 1.0,
    "top3_candidate_family_recall_mean": 0.8571428571428571,
    "validation_regret_mean": 0.0005788983617510045,
    "normalized_validation_regret_mean": 0.011057609354520307,
    "test_regret_mean": -0.00010857582092284521,
    "removed_fraction": 0.75,
    "selected_family_count_mean": 5.0,
    "removed_family_fraction_mean": 0.7058823529411765,
    "passes_90pct_recall_at_50pct_removal": false
  },
  {
    "encoder": "clip_b32",
    "method": "dpp_subspace",
    "shortlist_size": 10,
    "rows": 7,
    "targets": 7,
    "best_candidate_recall_mean": 1.0,
    "top3_candidate_recall_mean": 0.9047619047619048,
    "best_candidate_family_recall_mean": 1.0,
    "top3_candidate_family_recall_mean": 0.9047619047619048,
    "validation_regret_mean": 0.0,
    "normalized_validation_regret_mean": 0.0,
    "test_regret_mean": 0.0,
    "removed_fraction": 0.5,
    "selected_family_count_mean": 9.0,
    "removed_family_fraction_mean": 0.4705882352941177,
    "passes_90pct_recall_at_50pct_removal": true
  },
  {
    "encoder": "clip_b32",
    "method": "facility_subspace",
    "shortlist_size": 3,
    "rows": 7,
    "targets": 7,
    "best_candidate_recall_mean": 0.14285714285714285,
    "top3_candidate_recall_mean": 0.23809523809523808,
    "best_candidate_family_recall_mean": 0.14285714285714285,
    "top3_candidate_family_recall_mean": 0.2619047619047619,
    "validation_regret_mean": 0.0037213060941391368,
    "normalized_validation_regret_mean": 0.1694998190243257,
    "test_regret_mean": 0.005002725124359112,
    "removed_fraction": 0.85,
    "selected_family_count_mean": 3.0,
    "removed_family_fraction_mean": 0.8235294117647057,
    "passes_90pct_recall_at_50pct_removal": false
  },
  {
    "encoder": "clip_b32",
    "method": "facility_subspace",
    "shortlist_size": 5,
    "rows": 7,
    "targets": 7,
    "best_candidate_recall_mean": 0.14285714285714285,
    "top3_candidate_recall_mean": 0.5714285714285714,
    "best_candidate_family_recall_mean": 0.14285714285714285,
    "top3_candidate_family_recall_mean": 0.5952380952380951,
    "validation_regret_mean": 0.0024802625124369848,
    "normalized_validation_regret_mean": 0.10352066577341777,
    "test_regret_mean": 0.005621211869376046,
    "removed_fraction": 0.75,
    "selected_family_count_mean": 5.0,
    "removed_family_fraction_mean": 0.7058823529411765,
    "passes_90pct_recall_at_50pct_removal": false
  },
  {
    "encoder": "clip_b32",
    "method": "facility_subspace",
    "shortlist_size": 10,
    "rows": 7,
    "targets": 7,
    "best_candidate_recall_mean": 0.2857142857142857,
    "top3_candidate_recall_mean": 0.6666666666666666,
    "best_candidate_family_recall_mean": 0.2857142857142857,
    "top3_candidate_family_recall_mean": 0.6904761904761905,
    "validation_regret_mean": 0.001752621932417193,
    "normalized_validation_regret_mean": 0.07420715069631985,
    "test_regret_mean": 0.003835497583661751,
    "removed_fraction": 0.5,
    "selected_family_count_mean": 10.0,
    "removed_family_fraction_mean": 0.41176470588235287,
    "passes_90pct_recall_at_50pct_removal": false
  },
  {
    "encoder": "clip_b32",
    "method": "kcenter_subspace",
    "shortlist_size": 3,
    "rows": 7,
    "targets": 7,
    "best_candidate_recall_mean": 0.0,
    "top3_candidate_recall_mean": 0.23809523809523808,
    "best_candidate_family_recall_mean": 0.0,
    "top3_candidate_family_recall_mean": 0.23809523809523808,
    "validation_regret_mean": 0.006117239871281178,
    "normalized_validation_regret_mean": 0.20637714300975904,
    "test_regret_mean": 0.00895436320986068,
    "removed_fraction": 0.85,
    "selected_family_count_mean": 3.0,
    "removed_family_fraction_mean": 0.8235294117647057,
    "passes_90pct_recall_at_50pct_removal": false
  },
  {
    "encoder": "clip_b32",
    "method": "kcenter_subspace",
    "shortlist_size": 5,
    "rows": 7,
    "targets": 7,
    "best_candidate_recall_mean": 0.0,
    "top3_candidate_recall_mean": 0.38095238095238093,
    "best_candidate_family_recall_mean": 0.0,
    "top3_candidate_family_recall_mean": 0.38095238095238093,
    "validation_regret_mean": 0.005995857566680878,
    "normalized_validation_regret_mean": 0.20405860456587446,
    "test_regret_mean": 0.008891505854470405,
    "removed_fraction": 0.75,
    "selected_family_count_mean": 5.0,
    "removed_family_fraction_mean": 0.7058823529411765,
    "passes_90pct_recall_at_50pct_removal": false
  },
  {
    "encoder": "clip_b32",
    "method": "kcenter_subspace",
    "shortlist_size": 10,
    "rows": 7,
    "targets": 7,
    "best_candidate_recall_mean": 0.14285714285714285,
    "top3_candidate_recall_mean": 0.619047619047619,
    "best_candidate_family_recall_mean": 0.14285714285714285,
    "top3_candidate_family_recall_mean": 0.6428571428571429,
    "validation_regret_mean": 0.0024802625124369848,
    "normalized_validation_regret_mean": 0.10352066577341777,
    "test_regret_mean": 0.005621211869376046,
    "removed_fraction": 0.5,
    "selected_family_count_mean": 10.0,
    "removed_family_fraction_mean": 0.41176470588235287,
    "passes_90pct_recall_at_50pct_removal": false
  },
  {
    "encoder": "clip_b32",
    "method": "pool_vendi_subspace",
    "shortlist_size": 3,
    "rows": 7,
    "targets": 7,
    "best_candidate_recall_mean": 0.0,
    "top3_candidate_recall_mean": 0.23809523809523808,
    "best_candidate_family_recall_mean": 0.0,
    "top3_candidate_family_recall_mean": 0.23809523809523808,
    "validation_regret_mean": 0.006117239871281178,
    "normalized_validation_regret_mean": 0.20637714300975904,
    "test_regret_mean": 0.00895436320986068,
    "removed_fraction": 0.85,
    "selected_family_count_mean": 3.0,
    "removed_family_fraction_mean": 0.8235294117647057,
    "passes_90pct_recall_at_50pct_removal": false
  },
  {
    "encoder": "clip_b32",
    "method": "pool_vendi_subspace",
    "shortlist_size": 5,
    "rows": 7,
    "targets": 7,
    "best_candidate_recall_mean": 0.0,
    "top3_candidate_recall_mean": 0.38095238095238093,
    "best_candidate_family_recall_mean": 0.0,
    "top3_candidate_family_recall_mean": 0.38095238095238093,
    "validation_regret_mean": 0.005995857566680878,
    "normalized_validation_regret_mean": 0.20405860456587446,
    "test_regret_mean": 0.008891505854470405,
    "removed_fraction": 0.75,
    "selected_family_count_mean": 5.0,
    "removed_family_fraction_mean": 0.7058823529411765,
    "passes_90pct_recall_at_50pct_removal": false
  },
  {
    "encoder": "clip_b32",
    "method": "pool_vendi_subspace",
    "shortlist_size": 10,
    "rows": 7,
    "targets": 7,
    "best_candidate_recall_mean": 0.7142857142857143,
    "top3_candidate_recall_mean": 0.6666666666666667,
    "best_candidate_family_recall_mean": 0.7142857142857143,
    "top3_candidate_family_recall_mean": 0.6904761904761905,
    "validation_regret_mean": 0.0013065389417707962,
    "normalized_validation_regret_mean": 0.04037112443161823,
    "test_regret_mean": 0.00167713846479145,
    "removed_fraction": 0.5,
    "selected_family_count_mean": 10.0,
    "removed_family_fraction_mean": 0.41176470588235287,
    "passes_90pct_recall_at_50pct_removal": false
  },
  {
    "encoder": "clip_b32",
    "method": "random",
    "shortlist_size": 3,
    "rows": 700,
    "targets": 7,
    "best_candidate_recall_mean": 0.1442857142857143,
    "top3_candidate_recall_mean": 0.15714285714285714,
    "best_candidate_family_recall_mean": 0.1657142857142857,
    "top3_candidate_family_recall_mean": 0.19309523809523813,
    "validation_regret_mean": 0.007905929588174893,
    "normalized_validation_regret_mean": 0.29183141243904676,
    "test_regret_mean": 0.009553541132381984,
    "removed_fraction": 0.85,
    "selected_family_count_mean": 2.942857142857143,
    "removed_family_fraction_mean": 0.826890756302521,
    "passes_90pct_recall_at_50pct_removal": false
  },
  {
    "encoder": "clip_b32",
    "method": "random",
    "shortlist_size": 5,
    "rows": 700,
    "targets": 7,
    "best_candidate_recall_mean": 0.27,
    "top3_candidate_recall_mean": 0.2576190476190476,
    "best_candidate_family_recall_mean": 0.2957142857142857,
    "top3_candidate_family_recall_mean": 0.31,
    "validation_regret_mean": 0.005394085917141296,
    "normalized_validation_regret_mean": 0.20137862536252174,
    "test_regret_mean": 0.006956964475767954,
    "removed_fraction": 0.75,
    "selected_family_count_mean": 4.815714285714286,
    "removed_family_fraction_mean": 0.7167226890756303,
    "passes_90pct_recall_at_50pct_removal": false
  },
  {
    "encoder": "clip_b32",
    "method": "random",
    "shortlist_size": 10,
    "rows": 700,
    "targets": 7,
    "best_candidate_recall_mean": 0.49714285714285716,
    "top3_candidate_recall_mean": 0.4923809523809523,
    "best_candidate_family_recall_mean": 0.5357142857142857,
    "top3_candidate_family_recall_mean": 0.5604761904761906,
    "validation_regret_mean": 0.0026159031630801958,
    "normalized_validation_regret_mean": 0.09695428087454708,
    "test_regret_mean": 0.0036819425480706393,
    "removed_fraction": 0.5,
    "selected_family_count_mean": 9.184285714285714,
    "removed_family_fraction_mean": 0.45974789915966385,
    "passes_90pct_recall_at_50pct_removal": false
  },
  {
    "encoder": "clip_b32",
    "method": "rank_only",
    "shortlist_size": 3,
    "rows": 7,
    "targets": 7,
    "best_candidate_recall_mean": 0.7142857142857143,
    "top3_candidate_recall_mean": 0.5238095238095237,
    "best_candidate_family_recall_mean": 0.7142857142857143,
    "top3_candidate_family_recall_mean": 0.5476190476190476,
    "validation_regret_mean": 0.0013065389417707962,
    "normalized_validation_regret_mean": 0.04037112443161823,
    "test_regret_mean": 0.00167713846479145,
    "removed_fraction": 0.85,
    "selected_family_count_mean": 3.0,
    "removed_family_fraction_mean": 0.8235294117647057,
    "passes_90pct_recall_at_50pct_removal": false
  },
  {
    "encoder": "clip_b32",
    "method": "rank_only",
    "shortlist_size": 5,
    "rows": 7,
    "targets": 7,
    "best_candidate_recall_mean": 0.8571428571428571,
    "top3_candidate_recall_mean": 0.8095238095238094,
    "best_candidate_family_recall_mean": 0.8571428571428571,
    "top3_candidate_family_recall_mean": 0.8095238095238094,
    "validation_regret_mean": 0.0007276405800197917,
    "normalized_validation_regret_mean": 0.029313515077097924,
    "test_regret_mean": 0.0017857142857142952,
    "removed_fraction": 0.75,
    "selected_family_count_mean": 4.0,
    "removed_family_fraction_mean": 0.7647058823529411,
    "passes_90pct_recall_at_50pct_removal": false
  },
  {
    "encoder": "clip_b32",
    "method": "rank_only",
    "shortlist_size": 10,
    "rows": 7,
    "targets": 7,
    "best_candidate_recall_mean": 1.0,
    "top3_candidate_recall_mean": 0.9047619047619048,
    "best_candidate_family_recall_mean": 1.0,
    "top3_candidate_family_recall_mean": 0.9047619047619048,
    "validation_regret_mean": 0.0,
    "normalized_validation_regret_mean": 0.0,
    "test_regret_mean": 0.0,
    "removed_fraction": 0.5,
    "selected_family_count_mean": 8.0,
    "removed_family_fraction_mean": 0.5294117647058824,
    "passes_90pct_recall_at_50pct_removal": true
  }
]
SOURCE_DONE=usps COMPLETED=21/21
DONE_UTC=2026-09-07T06:59:25Z
