START_UTC=2026-09-07T06:59:07Z ENCODER=dinov2_b14
SCRIPT_SHA256=8c05e398ff6c1bebd025c4288d2cfc3a73ad052c8b194cbfc057dd43f8d0096a
[
  {
    "encoder": "dinov2_b14",
    "method": "dpp_subspace",
    "shortlist_size": 3,
    "rows": 7,
    "targets": 7,
    "best_candidate_recall_mean": 0.5714285714285714,
    "top3_candidate_recall_mean": 0.3333333333333333,
    "best_candidate_family_recall_mean": 0.5714285714285714,
    "top3_candidate_family_recall_mean": 0.619047619047619,
    "validation_regret_mean": 0.0004185675074840197,
    "normalized_validation_regret_mean": 0.044418027198902706,
    "test_regret_mean": -0.00027965647833689503,
    "removed_fraction": 0.85,
    "selected_family_count_mean": 3.0,
    "removed_family_fraction_mean": 0.8125,
    "passes_90pct_recall_at_50pct_removal": false
  },
  {
    "encoder": "dinov2_b14",
    "method": "dpp_subspace",
    "shortlist_size": 5,
    "rows": 7,
    "targets": 7,
    "best_candidate_recall_mean": 0.7142857142857143,
    "top3_candidate_recall_mean": 0.47619047619047616,
    "best_candidate_family_recall_mean": 0.7142857142857143,
    "top3_candidate_family_recall_mean": 0.8333333333333333,
    "validation_regret_mean": 0.00027851271389909914,
    "normalized_validation_regret_mean": 0.028060398502386674,
    "test_regret_mean": -0.00024537018367222697,
    "removed_fraction": 0.75,
    "selected_family_count_mean": 5.0,
    "removed_family_fraction_mean": 0.6875,
    "passes_90pct_recall_at_50pct_removal": false
  },
  {
    "encoder": "dinov2_b14",
    "method": "dpp_subspace",
    "shortlist_size": 10,
    "rows": 7,
    "targets": 7,
    "best_candidate_recall_mean": 0.7142857142857143,
    "top3_candidate_recall_mean": 0.7619047619047619,
    "best_candidate_family_recall_mean": 0.7142857142857143,
    "top3_candidate_family_recall_mean": 0.8333333333333333,
    "validation_regret_mean": 0.000221369908640634,
    "normalized_validation_regret_mean": 0.023982655929856978,
    "test_regret_mean": -6.547314780100002e-05,
    "removed_fraction": 0.5,
    "selected_family_count_mean": 8.0,
    "removed_family_fraction_mean": 0.5,
    "passes_90pct_recall_at_50pct_removal": false
  },
  {
    "encoder": "dinov2_b14",
    "method": "facility_subspace",
    "shortlist_size": 3,
    "rows": 7,
    "targets": 7,
    "best_candidate_recall_mean": 0.0,
    "top3_candidate_recall_mean": 0.42857142857142866,
    "best_candidate_family_recall_mean": 0.14285714285714285,
    "top3_candidate_family_recall_mean": 0.4761904761904762,
    "validation_regret_mean": 0.00336175826429354,
    "normalized_validation_regret_mean": 0.12731903089857693,
    "test_regret_mean": 0.004609841959817047,
    "removed_fraction": 0.85,
    "selected_family_count_mean": 3.0,
    "removed_family_fraction_mean": 0.8125,
    "passes_90pct_recall_at_50pct_removal": false
  },
  {
    "encoder": "dinov2_b14",
    "method": "facility_subspace",
    "shortlist_size": 5,
    "rows": 7,
    "targets": 7,
    "best_candidate_recall_mean": 0.0,
    "top3_candidate_recall_mean": 0.5238095238095238,
    "best_candidate_family_recall_mean": 0.14285714285714285,
    "top3_candidate_family_recall_mean": 0.5714285714285714,
    "validation_regret_mean": 0.003354159864177594,
    "normalized_validation_regret_mean": 0.12702550362172432,
    "test_regret_mean": 0.006463943208966911,
    "removed_fraction": 0.75,
    "selected_family_count_mean": 5.0,
    "removed_family_fraction_mean": 0.6875,
    "passes_90pct_recall_at_50pct_removal": false
  },
  {
    "encoder": "dinov2_b14",
    "method": "facility_subspace",
    "shortlist_size": 10,
    "rows": 7,
    "targets": 7,
    "best_candidate_recall_mean": 0.0,
    "top3_candidate_recall_mean": 0.5238095238095238,
    "best_candidate_family_recall_mean": 0.14285714285714285,
    "top3_candidate_family_recall_mean": 0.5714285714285714,
    "validation_regret_mean": 0.003354159864177594,
    "normalized_validation_regret_mean": 0.12702550362172432,
    "test_regret_mean": 0.006463943208966911,
    "removed_fraction": 0.5,
    "selected_family_count_mean": 10.0,
    "removed_family_fraction_mean": 0.375,
    "passes_90pct_recall_at_50pct_removal": false
  },
  {
    "encoder": "dinov2_b14",
    "method": "kcenter_subspace",
    "shortlist_size": 3,
    "rows": 7,
    "targets": 7,
    "best_candidate_recall_mean": 0.5714285714285714,
    "top3_candidate_recall_mean": 0.23809523809523808,
    "best_candidate_family_recall_mean": 0.5714285714285714,
    "top3_candidate_family_recall_mean": 0.23809523809523808,
    "validation_regret_mean": 0.0008514675187544864,
    "normalized_validation_regret_mean": 0.09203701380423211,
    "test_regret_mean": 0.0017292720930916733,
    "removed_fraction": 0.85,
    "selected_family_count_mean": 3.0,
    "removed_family_fraction_mean": 0.8125,
    "passes_90pct_recall_at_50pct_removal": false
  },
  {
    "encoder": "dinov2_b14",
    "method": "kcenter_subspace",
    "shortlist_size": 5,
    "rows": 7,
    "targets": 7,
    "best_candidate_recall_mean": 0.5714285714285714,
    "top3_candidate_recall_mean": 0.3333333333333333,
    "best_candidate_family_recall_mean": 0.7142857142857143,
    "top3_candidate_family_recall_mean": 0.35714285714285715,
    "validation_regret_mean": 0.0002328397034823761,
    "normalized_validation_regret_mean": 0.023226690436469216,
    "test_regret_mean": 0.00376677513122557,
    "removed_fraction": 0.75,
    "selected_family_count_mean": 5.0,
    "removed_family_fraction_mean": 0.6875,
    "passes_90pct_recall_at_50pct_removal": false
  },
  {
    "encoder": "dinov2_b14",
    "method": "kcenter_subspace",
    "shortlist_size": 10,
    "rows": 7,
    "targets": 7,
    "best_candidate_recall_mean": 0.8571428571428571,
    "top3_candidate_recall_mean": 0.5238095238095238,
    "best_candidate_family_recall_mean": 1.0,
    "top3_candidate_family_recall_mean": 0.5476190476190476,
    "validation_regret_mean": 0.00013816125146742003,
    "normalized_validation_regret_mean": 0.015197732990799443,
    "test_regret_mean": 0.0035714285714285587,
    "removed_fraction": 0.5,
    "selected_family_count_mean": 10.0,
    "removed_family_fraction_mean": 0.375,
    "passes_90pct_recall_at_50pct_removal": false
  },
  {
    "encoder": "dinov2_b14",
    "method": "pool_vendi_subspace",
    "shortlist_size": 3,
    "rows": 7,
    "targets": 7,
    "best_candidate_recall_mean": 0.5714285714285714,
    "top3_candidate_recall_mean": 0.23809523809523808,
    "best_candidate_family_recall_mean": 0.5714285714285714,
    "top3_candidate_family_recall_mean": 0.23809523809523808,
    "validation_regret_mean": 0.0008514675187544864,
    "normalized_validation_regret_mean": 0.09203701380423211,
    "test_regret_mean": 0.0017292720930916733,
    "removed_fraction": 0.85,
    "selected_family_count_mean": 3.0,
    "removed_family_fraction_mean": 0.8125,
    "passes_90pct_recall_at_50pct_removal": false
  },
  {
    "encoder": "dinov2_b14",
    "method": "pool_vendi_subspace",
    "shortlist_size": 5,
    "rows": 7,
    "targets": 7,
    "best_candidate_recall_mean": 0.7142857142857143,
    "top3_candidate_recall_mean": 0.47619047619047616,
    "best_candidate_family_recall_mean": 0.8571428571428571,
    "top3_candidate_family_recall_mean": 0.49999999999999994,
    "validation_regret_mean": 0.00020482869935234405,
    "normalized_validation_regret_mean": 0.019955159393172075,
    "test_regret_mean": 0.0037724869591849097,
    "removed_fraction": 0.75,
    "selected_family_count_mean": 5.0,
    "removed_family_fraction_mean": 0.6875,
    "passes_90pct_recall_at_50pct_removal": false
  },
  {
    "encoder": "dinov2_b14",
    "method": "pool_vendi_subspace",
    "shortlist_size": 10,
    "rows": 7,
    "targets": 7,
    "best_candidate_recall_mean": 0.8571428571428571,
    "top3_candidate_recall_mean": 0.5238095238095238,
    "best_candidate_family_recall_mean": 1.0,
    "top3_candidate_family_recall_mean": 0.5476190476190476,
    "validation_regret_mean": 0.00013816125146742003,
    "normalized_validation_regret_mean": 0.015197732990799443,
    "test_regret_mean": 0.0035714285714285587,
    "removed_fraction": 0.5,
    "selected_family_count_mean": 10.0,
    "removed_family_fraction_mean": 0.375,
    "passes_90pct_recall_at_50pct_removal": false
  },
  {
    "encoder": "dinov2_b14",
    "method": "random",
    "shortlist_size": 3,
    "rows": 700,
    "targets": 7,
    "best_candidate_recall_mean": 0.12428571428571429,
    "top3_candidate_recall_mean": 0.13857142857142854,
    "best_candidate_family_recall_mean": 0.14714285714285713,
    "top3_candidate_family_recall_mean": 0.2092857142857143,
    "validation_regret_mean": 0.0048707872317919464,
    "normalized_validation_regret_mean": 0.2100159427209431,
    "test_regret_mean": 0.005508827056203555,
    "removed_fraction": 0.85,
    "selected_family_count_mean": 2.9442857142857144,
    "removed_family_fraction_mean": 0.8159821428571429,
    "passes_90pct_recall_at_50pct_removal": false
  },
  {
    "encoder": "dinov2_b14",
    "method": "random",
    "shortlist_size": 5,
    "rows": 700,
    "targets": 7,
    "best_candidate_recall_mean": 0.24428571428571427,
    "top3_candidate_recall_mean": 0.2480952380952381,
    "best_candidate_family_recall_mean": 0.28,
    "top3_candidate_family_recall_mean": 0.35095238095238096,
    "validation_regret_mean": 0.0035383316808903706,
    "normalized_validation_regret_mean": 0.14532824990091192,
    "test_regret_mean": 0.004281043222972313,
    "removed_fraction": 0.75,
    "selected_family_count_mean": 4.7214285714285715,
    "removed_family_fraction_mean": 0.7049107142857143,
    "passes_90pct_recall_at_50pct_removal": false
  },
  {
    "encoder": "dinov2_b14",
    "method": "random",
    "shortlist_size": 10,
    "rows": 700,
    "targets": 7,
    "best_candidate_recall_mean": 0.5042857142857143,
    "top3_candidate_recall_mean": 0.4938095238095238,
    "best_candidate_family_recall_mean": 0.5442857142857143,
    "top3_candidate_family_recall_mean": 0.6352380952380952,
    "validation_regret_mean": 0.0018586141971039104,
    "normalized_validation_regret_mean": 0.07455883317286992,
    "test_regret_mean": 0.002625290359769539,
    "removed_fraction": 0.5,
    "selected_family_count_mean": 8.902857142857142,
    "removed_family_fraction_mean": 0.44357142857142856,
    "passes_90pct_recall_at_50pct_removal": false
  },
  {
    "encoder": "dinov2_b14",
    "method": "rank_only",
    "shortlist_size": 3,
    "rows": 7,
    "targets": 7,
    "best_candidate_recall_mean": 0.5714285714285714,
    "top3_candidate_recall_mean": 0.5238095238095237,
    "best_candidate_family_recall_mean": 0.5714285714285714,
    "top3_candidate_family_recall_mean": 0.5238095238095237,
    "validation_regret_mean": 0.0005360481117153545,
    "normalized_validation_regret_mean": 0.05935853685949447,
    "test_regret_mean": 0.0021209580557686814,
    "removed_fraction": 0.85,
    "selected_family_count_mean": 2.0,
    "removed_family_fraction_mean": 0.875,
    "passes_90pct_recall_at_50pct_removal": false
  },
  {
    "encoder": "dinov2_b14",
    "method": "rank_only",
    "shortlist_size": 5,
    "rows": 7,
    "targets": 7,
    "best_candidate_recall_mean": 0.7142857142857143,
    "top3_candidate_recall_mean": 0.7619047619047619,
    "best_candidate_family_recall_mean": 0.7142857142857143,
    "top3_candidate_family_recall_mean": 0.7619047619047619,
    "validation_regret_mean": 0.000221369908640634,
    "normalized_validation_regret_mean": 0.023982655929856978,
    "test_regret_mean": -6.547314780100002e-05,
    "removed_fraction": 0.75,
    "selected_family_count_mean": 4.0,
    "removed_family_fraction_mean": 0.75,
    "passes_90pct_recall_at_50pct_removal": false
  },
  {
    "encoder": "dinov2_b14",
    "method": "rank_only",
    "shortlist_size": 10,
    "rows": 7,
    "targets": 7,
    "best_candidate_recall_mean": 0.7142857142857143,
    "top3_candidate_recall_mean": 0.8095238095238094,
    "best_candidate_family_recall_mean": 0.7142857142857143,
    "top3_candidate_family_recall_mean": 0.8333333333333333,
    "validation_regret_mean": 0.00016610552125692228,
    "normalized_validation_regret_mean": 0.017903575185891564,
    "test_regret_mean": 0.0012738125664847175,
    "removed_fraction": 0.5,
    "selected_family_count_mean": 7.0,
    "removed_family_fraction_mean": 0.5625,
    "passes_90pct_recall_at_50pct_removal": false
  }
]
SOURCE_DONE=bloodmnist COMPLETED=1/21
[
  {
    "encoder": "dinov2_b14",
    "method": "dpp_subspace",
    "shortlist_size": 3,
    "rows": 7,
    "targets": 7,
    "best_candidate_recall_mean": 0.5714285714285714,
    "top3_candidate_recall_mean": 0.3333333333333333,
    "best_candidate_family_recall_mean": 0.5714285714285714,
    "top3_candidate_family_recall_mean": 0.5714285714285714,
    "validation_regret_mean": 0.0004185675074840197,
    "normalized_validation_regret_mean": 0.044418027198902706,
    "test_regret_mean": -0.00027965647833689503,
    "removed_fraction": 0.85,
    "selected_family_count_mean": 3.0,
    "removed_family_fraction_mean": 0.8125,
    "passes_90pct_recall_at_50pct_removal": false
  },
  {
    "encoder": "dinov2_b14",
    "method": "dpp_subspace",
    "shortlist_size": 5,
    "rows": 7,
    "targets": 7,
    "best_candidate_recall_mean": 0.7142857142857143,
    "top3_candidate_recall_mean": 0.47619047619047616,
    "best_candidate_family_recall_mean": 0.7142857142857143,
    "top3_candidate_family_recall_mean": 0.7857142857142857,
    "validation_regret_mean": 0.00027851271389909914,
    "normalized_validation_regret_mean": 0.028060398502386674,
    "test_regret_mean": -0.00024537018367222697,
    "removed_fraction": 0.75,
    "selected_family_count_mean": 5.0,
    "removed_family_fraction_mean": 0.6875,
    "passes_90pct_recall_at_50pct_removal": false
  },
  {
    "encoder": "dinov2_b14",
    "method": "dpp_subspace",
    "shortlist_size": 10,
    "rows": 7,
    "targets": 7,
    "best_candidate_recall_mean": 0.7142857142857143,
    "top3_candidate_recall_mean": 0.7142857142857143,
    "best_candidate_family_recall_mean": 0.7142857142857143,
    "top3_candidate_family_recall_mean": 0.7857142857142857,
    "validation_regret_mean": 0.000221369908640634,
    "normalized_validation_regret_mean": 0.023982655929856978,
    "test_regret_mean": -6.547314780100002e-05,
    "removed_fraction": 0.5,
    "selected_family_count_mean": 8.0,
    "removed_family_fraction_mean": 0.5,
    "passes_90pct_recall_at_50pct_removal": false
  },
  {
    "encoder": "dinov2_b14",
    "method": "facility_subspace",
    "shortlist_size": 3,
    "rows": 7,
    "targets": 7,
    "best_candidate_recall_mean": 0.0,
    "top3_candidate_recall_mean": 0.380952380952381,
    "best_candidate_family_recall_mean": 0.14285714285714285,
    "top3_candidate_family_recall_mean": 0.42857142857142855,
    "validation_regret_mean": 0.00336175826429354,
    "normalized_validation_regret_mean": 0.12731903089857693,
    "test_regret_mean": 0.004609841959817047,
    "removed_fraction": 0.85,
    "selected_family_count_mean": 3.0,
    "removed_family_fraction_mean": 0.8125,
    "passes_90pct_recall_at_50pct_removal": false
  },
  {
    "encoder": "dinov2_b14",
    "method": "facility_subspace",
    "shortlist_size": 5,
    "rows": 7,
    "targets": 7,
    "best_candidate_recall_mean": 0.0,
    "top3_candidate_recall_mean": 0.47619047619047616,
    "best_candidate_family_recall_mean": 0.14285714285714285,
    "top3_candidate_family_recall_mean": 0.5238095238095238,
    "validation_regret_mean": 0.003354159864177594,
    "normalized_validation_regret_mean": 0.12702550362172432,
    "test_regret_mean": 0.006463943208966911,
    "removed_fraction": 0.75,
    "selected_family_count_mean": 5.0,
    "removed_family_fraction_mean": 0.6875,
    "passes_90pct_recall_at_50pct_removal": false
  },
  {
    "encoder": "dinov2_b14",
    "method": "facility_subspace",
    "shortlist_size": 10,
    "rows": 7,
    "targets": 7,
    "best_candidate_recall_mean": 0.0,
    "top3_candidate_recall_mean": 0.5238095238095238,
    "best_candidate_family_recall_mean": 0.14285714285714285,
    "top3_candidate_family_recall_mean": 0.5714285714285714,
    "validation_regret_mean": 0.003300826341358246,
    "normalized_validation_regret_mean": 0.12557148189215975,
    "test_regret_mean": 0.007846803324563143,
    "removed_fraction": 0.5,
    "selected_family_count_mean": 10.0,
    "removed_family_fraction_mean": 0.375,
    "passes_90pct_recall_at_50pct_removal": false
  },
  {
    "encoder": "dinov2_b14",
    "method": "kcenter_subspace",
    "shortlist_size": 3,
    "rows": 7,
    "targets": 7,
    "best_candidate_recall_mean": 0.5714285714285714,
    "top3_candidate_recall_mean": 0.2857142857142857,
    "best_candidate_family_recall_mean": 0.5714285714285714,
    "top3_candidate_family_recall_mean": 0.2857142857142857,
    "validation_regret_mean": 0.0008514675187544864,
    "normalized_validation_regret_mean": 0.09203701380423211,
    "test_regret_mean": 0.0017292720930916733,
    "removed_fraction": 0.85,
    "selected_family_count_mean": 3.0,
    "removed_family_fraction_mean": 0.8125,
    "passes_90pct_recall_at_50pct_removal": false
  },
  {
    "encoder": "dinov2_b14",
    "method": "kcenter_subspace",
    "shortlist_size": 5,
    "rows": 7,
    "targets": 7,
    "best_candidate_recall_mean": 0.5714285714285714,
    "top3_candidate_recall_mean": 0.2857142857142857,
    "best_candidate_family_recall_mean": 0.5714285714285714,
    "top3_candidate_family_recall_mean": 0.2857142857142857,
    "validation_regret_mean": 0.0007685717993302881,
    "normalized_validation_regret_mean": 0.08291848746990549,
    "test_regret_mean": 0.00485427209309167,
    "removed_fraction": 0.75,
    "selected_family_count_mean": 5.0,
    "removed_family_fraction_mean": 0.6875,
    "passes_90pct_recall_at_50pct_removal": false
  },
  {
    "encoder": "dinov2_b14",
    "method": "kcenter_subspace",
    "shortlist_size": 10,
    "rows": 7,
    "targets": 7,
    "best_candidate_recall_mean": 0.7142857142857143,
    "top3_candidate_recall_mean": 0.5238095238095238,
    "best_candidate_family_recall_mean": 0.8571428571428571,
    "top3_candidate_family_recall_mean": 0.5476190476190476,
    "validation_regret_mean": 0.00020482869935234405,
    "normalized_validation_regret_mean": 0.019955159393172075,
    "test_regret_mean": 0.0037724869591849097,
    "removed_fraction": 0.5,
    "selected_family_count_mean": 10.0,
    "removed_family_fraction_mean": 0.375,
    "passes_90pct_recall_at_50pct_removal": false
  },
  {
    "encoder": "dinov2_b14",
    "method": "pool_vendi_subspace",
    "shortlist_size": 3,
    "rows": 7,
    "targets": 7,
    "best_candidate_recall_mean": 0.5714285714285714,
    "top3_candidate_recall_mean": 0.2857142857142857,
    "best_candidate_family_recall_mean": 0.5714285714285714,
    "top3_candidate_family_recall_mean": 0.2857142857142857,
    "validation_regret_mean": 0.0008514675187544864,
    "normalized_validation_regret_mean": 0.09203701380423211,
    "test_regret_mean": 0.0017292720930916733,
    "removed_fraction": 0.85,
    "selected_family_count_mean": 3.0,
    "removed_family_fraction_mean": 0.8125,
    "passes_90pct_recall_at_50pct_removal": false
  },
  {
    "encoder": "dinov2_b14",
    "method": "pool_vendi_subspace",
    "shortlist_size": 5,
    "rows": 7,
    "targets": 7,
    "best_candidate_recall_mean": 0.7142857142857143,
    "top3_candidate_recall_mean": 0.42857142857142855,
    "best_candidate_family_recall_mean": 0.7142857142857143,
    "top3_candidate_family_recall_mean": 0.42857142857142855,
    "validation_regret_mean": 0.00029693408742275426,
    "normalized_validation_regret_mean": 0.030086748967244115,
    "test_regret_mean": 0.0010939155306134904,
    "removed_fraction": 0.75,
    "selected_family_count_mean": 5.0,
    "removed_family_fraction_mean": 0.6875,
    "passes_90pct_recall_at_50pct_removal": false
  },
  {
    "encoder": "dinov2_b14",
    "method": "pool_vendi_subspace",
    "shortlist_size": 10,
    "rows": 7,
    "targets": 7,
    "best_candidate_recall_mean": 0.7142857142857143,
    "top3_candidate_recall_mean": 0.5238095238095238,
    "best_candidate_family_recall_mean": 0.8571428571428571,
    "top3_candidate_family_recall_mean": 0.5476190476190476,
    "validation_regret_mean": 0.00020482869935234405,
    "normalized_validation_regret_mean": 0.019955159393172075,
    "test_regret_mean": 0.0037724869591849097,
    "removed_fraction": 0.5,
    "selected_family_count_mean": 10.0,
    "removed_family_fraction_mean": 0.375,
    "passes_90pct_recall_at_50pct_removal": false
  },
  {
    "encoder": "dinov2_b14",
    "method": "random",
    "shortlist_size": 3,
    "rows": 700,
    "targets": 7,
    "best_candidate_recall_mean": 0.12428571428571429,
    "top3_candidate_recall_mean": 0.13857142857142854,
    "best_candidate_family_recall_mean": 0.14714285714285713,
    "top3_candidate_family_recall_mean": 0.20452380952380955,
    "validation_regret_mean": 0.004767143504883353,
    "normalized_validation_regret_mean": 0.2072028006517704,
    "test_regret_mean": 0.005633411186082006,
    "removed_fraction": 0.85,
    "selected_family_count_mean": 2.9442857142857144,
    "removed_family_fraction_mean": 0.8159821428571429,
    "passes_90pct_recall_at_50pct_removal": false
  },
  {
    "encoder": "dinov2_b14",
    "method": "random",
    "shortlist_size": 5,
    "rows": 700,
    "targets": 7,
    "best_candidate_recall_mean": 0.24428571428571427,
    "top3_candidate_recall_mean": 0.2495238095238095,
    "best_candidate_family_recall_mean": 0.28,
    "top3_candidate_family_recall_mean": 0.3433333333333333,
    "validation_regret_mean": 0.0034627887896275444,
    "normalized_validation_regret_mean": 0.14326873836663095,
    "test_regret_mean": 0.004425843596458423,
    "removed_fraction": 0.75,
    "selected_family_count_mean": 4.7214285714285715,
    "removed_family_fraction_mean": 0.7049107142857143,
    "passes_90pct_recall_at_50pct_removal": false
  },
  {
    "encoder": "dinov2_b14",
    "method": "random",
    "shortlist_size": 10,
    "rows": 700,
    "targets": 7,
    "best_candidate_recall_mean": 0.5042857142857143,
    "top3_candidate_recall_mean": 0.4952380952380952,
    "best_candidate_family_recall_mean": 0.5442857142857143,
    "top3_candidate_family_recall_mean": 0.6252380952380951,
    "validation_regret_mean": 0.0018251665069803063,
    "normalized_validation_regret_mean": 0.0736469551330825,
    "test_regret_mean": 0.00278860514504568,
    "removed_fraction": 0.5,
    "selected_family_count_mean": 8.902857142857142,
    "removed_family_fraction_mean": 0.44357142857142856,
    "passes_90pct_recall_at_50pct_removal": false
  },
  {
    "encoder": "dinov2_b14",
    "method": "rank_only",
    "shortlist_size": 3,
    "rows": 7,
    "targets": 7,
    "best_candidate_recall_mean": 0.5714285714285714,
    "top3_candidate_recall_mean": 0.47619047619047616,
    "best_candidate_family_recall_mean": 0.5714285714285714,
    "top3_candidate_family_recall_mean": 0.47619047619047616,
    "validation_regret_mean": 0.0005360481117153545,
    "normalized_validation_regret_mean": 0.05935853685949447,
    "test_regret_mean": 0.0021209580557686814,
    "removed_fraction": 0.85,
    "selected_family_count_mean": 2.0,
    "removed_family_fraction_mean": 0.875,
    "passes_90pct_recall_at_50pct_removal": false
  },
  {
    "encoder": "dinov2_b14",
    "method": "rank_only",
    "shortlist_size": 5,
    "rows": 7,
    "targets": 7,
    "best_candidate_recall_mean": 0.7142857142857143,
    "top3_candidate_recall_mean": 0.7142857142857143,
    "best_candidate_family_recall_mean": 0.7142857142857143,
    "top3_candidate_family_recall_mean": 0.7142857142857143,
    "validation_regret_mean": 0.000221369908640634,
    "normalized_validation_regret_mean": 0.023982655929856978,
    "test_regret_mean": -6.547314780100002e-05,
    "removed_fraction": 0.75,
    "selected_family_count_mean": 4.0,
    "removed_family_fraction_mean": 0.75,
    "passes_90pct_recall_at_50pct_removal": false
  },
  {
    "encoder": "dinov2_b14",
    "method": "rank_only",
    "shortlist_size": 10,
    "rows": 7,
    "targets": 7,
    "best_candidate_recall_mean": 0.7142857142857143,
    "top3_candidate_recall_mean": 0.7619047619047619,
    "best_candidate_family_recall_mean": 0.7142857142857143,
    "top3_candidate_family_recall_mean": 0.7857142857142857,
    "validation_regret_mean": 0.00016610552125692228,
    "normalized_validation_regret_mean": 0.017903575185891564,
    "test_regret_mean": 0.0012738125664847175,
    "removed_fraction": 0.5,
    "selected_family_count_mean": 7.0,
    "removed_family_fraction_mean": 0.5625,
    "passes_90pct_recall_at_50pct_removal": false
  }
]
SOURCE_DONE=breastmnist COMPLETED=2/21
[
  {
    "encoder": "dinov2_b14",
    "method": "dpp_subspace",
    "shortlist_size": 3,
    "rows": 7,
    "targets": 7,
    "best_candidate_recall_mean": 0.7142857142857143,
    "top3_candidate_recall_mean": 0.42857142857142855,
    "best_candidate_family_recall_mean": 0.7142857142857143,
    "top3_candidate_family_recall_mean": 0.6666666666666666,
    "validation_regret_mean": 0.00029693408742275426,
    "normalized_validation_regret_mean": 0.030086748967244115,
    "test_regret_mean": 0.0010939155306134904,
    "removed_fraction": 0.85,
    "selected_family_count_mean": 3.0,
    "removed_family_fraction_mean": 0.8125,
    "passes_90pct_recall_at_50pct_removal": false
  },
  {
    "encoder": "dinov2_b14",
    "method": "dpp_subspace",
    "shortlist_size": 5,
    "rows": 7,
    "targets": 7,
    "best_candidate_recall_mean": 0.7142857142857143,
    "top3_candidate_recall_mean": 0.6666666666666666,
    "best_candidate_family_recall_mean": 0.7142857142857143,
    "top3_candidate_family_recall_mean": 0.7857142857142857,
    "validation_regret_mean": 0.00023979128216428908,
    "normalized_validation_regret_mean": 0.02600900639471441,
    "test_regret_mean": 0.0012738125664847175,
    "removed_fraction": 0.75,
    "selected_family_count_mean": 4.0,
    "removed_family_fraction_mean": 0.75,
    "passes_90pct_recall_at_50pct_removal": false
  },
  {
    "encoder": "dinov2_b14",
    "method": "dpp_subspace",
    "shortlist_size": 10,
    "rows": 7,
    "targets": 7,
    "best_candidate_recall_mean": 0.7142857142857143,
    "top3_candidate_recall_mean": 0.6666666666666666,
    "best_candidate_family_recall_mean": 0.7142857142857143,
    "top3_candidate_family_recall_mean": 0.7857142857142857,
    "validation_regret_mean": 0.00023979128216428908,
    "normalized_validation_regret_mean": 0.02600900639471441,
    "test_regret_mean": 0.0012738125664847175,
    "removed_fraction": 0.5,
    "selected_family_count_mean": 8.0,
    "removed_family_fraction_mean": 0.5,
    "passes_90pct_recall_at_50pct_removal": false
  },
  {
    "encoder": "dinov2_b14",
    "method": "facility_subspace",
    "shortlist_size": 3,
    "rows": 7,
    "targets": 7,
    "best_candidate_recall_mean": 0.0,
    "top3_candidate_recall_mean": 0.42857142857142855,
    "best_candidate_family_recall_mean": 0.14285714285714285,
    "top3_candidate_family_recall_mean": 0.47619047619047616,
    "validation_regret_mean": 0.00336175826429354,
    "normalized_validation_regret_mean": 0.12731903089857693,
    "test_regret_mean": 0.004609841959817047,
    "removed_fraction": 0.85,
    "selected_family_count_mean": 3.0,
    "removed_family_fraction_mean": 0.8125,
    "passes_90pct_recall_at_50pct_removal": false
  },
  {
    "encoder": "dinov2_b14",
    "method": "facility_subspace",
    "shortlist_size": 5,
    "rows": 7,
    "targets": 7,
    "best_candidate_recall_mean": 0.14285714285714285,
    "top3_candidate_recall_mean": 0.619047619047619,
    "best_candidate_family_recall_mean": 0.2857142857142857,
    "top3_candidate_family_recall_mean": 0.6666666666666667,
    "validation_regret_mean": 0.003108984953723058,
    "normalized_validation_regret_mean": 0.1179198476718971,
    "test_regret_mean": 0.004592697960989807,
    "removed_fraction": 0.75,
    "selected_family_count_mean": 5.0,
    "removed_family_fraction_mean": 0.6875,
    "passes_90pct_recall_at_50pct_removal": false
  },
  {
    "encoder": "dinov2_b14",
    "method": "facility_subspace",
    "shortlist_size": 10,
    "rows": 7,
    "targets": 7,
    "best_candidate_recall_mean": 0.14285714285714285,
    "top3_candidate_recall_mean": 0.6666666666666666,
    "best_candidate_family_recall_mean": 0.2857142857142857,
    "top3_candidate_family_recall_mean": 0.7142857142857143,
    "validation_regret_mean": 0.003108984953723058,
    "normalized_validation_regret_mean": 0.1179198476718971,
    "test_regret_mean": 0.004592697960989807,
    "removed_fraction": 0.5,
    "selected_family_count_mean": 10.0,
    "removed_family_fraction_mean": 0.375,
    "passes_90pct_recall_at_50pct_removal": false
  },
  {
    "encoder": "dinov2_b14",
    "method": "kcenter_subspace",
    "shortlist_size": 3,
    "rows": 7,
    "targets": 7,
    "best_candidate_recall_mean": 0.5714285714285714,
    "top3_candidate_recall_mean": 0.2857142857142857,
    "best_candidate_family_recall_mean": 0.5714285714285714,
    "top3_candidate_family_recall_mean": 0.2857142857142857,
    "validation_regret_mean": 0.0008514675187544864,
    "normalized_validation_regret_mean": 0.09203701380423211,
    "test_regret_mean": 0.0017292720930916733,
    "removed_fraction": 0.85,
    "selected_family_count_mean": 3.0,
    "removed_family_fraction_mean": 0.8125,
    "passes_90pct_recall_at_50pct_removal": false
  },
  {
    "encoder": "dinov2_b14",
    "method": "kcenter_subspace",
    "shortlist_size": 5,
    "rows": 7,
    "targets": 7,
    "best_candidate_recall_mean": 0.5714285714285714,
    "top3_candidate_recall_mean": 0.2857142857142857,
    "best_candidate_family_recall_mean": 0.5714285714285714,
    "top3_candidate_family_recall_mean": 0.2857142857142857,
    "validation_regret_mean": 0.0007685717993302881,
    "normalized_validation_regret_mean": 0.08291848746990549,
    "test_regret_mean": 0.00485427209309167,
    "removed_fraction": 0.75,
    "selected_family_count_mean": 5.0,
    "removed_family_fraction_mean": 0.6875,
    "passes_90pct_recall_at_50pct_removal": false
  },
  {
    "encoder": "dinov2_b14",
    "method": "kcenter_subspace",
    "shortlist_size": 10,
    "rows": 7,
    "targets": 7,
    "best_candidate_recall_mean": 0.7142857142857143,
    "top3_candidate_recall_mean": 0.5714285714285714,
    "best_candidate_family_recall_mean": 0.8571428571428571,
    "top3_candidate_family_recall_mean": 0.5952380952380951,
    "validation_regret_mean": 0.00020482869935234405,
    "normalized_validation_regret_mean": 0.019955159393172075,
    "test_regret_mean": 0.0037724869591849097,
    "removed_fraction": 0.5,
    "selected_family_count_mean": 10.0,
    "removed_family_fraction_mean": 0.375,
    "passes_90pct_recall_at_50pct_removal": false
  },
  {
    "encoder": "dinov2_b14",
    "method": "pool_vendi_subspace",
    "shortlist_size": 3,
    "rows": 7,
    "targets": 7,
    "best_candidate_recall_mean": 0.5714285714285714,
    "top3_candidate_recall_mean": 0.2857142857142857,
    "best_candidate_family_recall_mean": 0.5714285714285714,
    "top3_candidate_family_recall_mean": 0.2857142857142857,
    "validation_regret_mean": 0.0008514675187544864,
    "normalized_validation_regret_mean": 0.09203701380423211,
    "test_regret_mean": 0.0017292720930916733,
    "removed_fraction": 0.85,
    "selected_family_count_mean": 3.0,
    "removed_family_fraction_mean": 0.8125,
    "passes_90pct_recall_at_50pct_removal": false
  },
  {
    "encoder": "dinov2_b14",
    "method": "pool_vendi_subspace",
    "shortlist_size": 5,
    "rows": 7,
    "targets": 7,
    "best_candidate_recall_mean": 0.7142857142857143,
    "top3_candidate_recall_mean": 0.4761904761904762,
    "best_candidate_family_recall_mean": 0.7142857142857143,
    "top3_candidate_family_recall_mean": 0.4761904761904762,
    "validation_regret_mean": 0.00029693408742275426,
    "normalized_validation_regret_mean": 0.030086748967244115,
    "test_regret_mean": 0.0010939155306134904,
    "removed_fraction": 0.75,
    "selected_family_count_mean": 5.0,
    "removed_family_fraction_mean": 0.6875,
    "passes_90pct_recall_at_50pct_removal": false
  },
  {
    "encoder": "dinov2_b14",
    "method": "pool_vendi_subspace",
    "shortlist_size": 10,
    "rows": 7,
    "targets": 7,
    "best_candidate_recall_mean": 0.7142857142857143,
    "top3_candidate_recall_mean": 0.5714285714285714,
    "best_candidate_family_recall_mean": 0.8571428571428571,
    "top3_candidate_family_recall_mean": 0.5952380952380951,
    "validation_regret_mean": 0.00020482869935234405,
    "normalized_validation_regret_mean": 0.019955159393172075,
    "test_regret_mean": 0.0037724869591849097,
    "removed_fraction": 0.5,
    "selected_family_count_mean": 10.0,
    "removed_family_fraction_mean": 0.375,
    "passes_90pct_recall_at_50pct_removal": false
  },
  {
    "encoder": "dinov2_b14",
    "method": "random",
    "shortlist_size": 3,
    "rows": 700,
    "targets": 7,
    "best_candidate_recall_mean": 0.12428571428571429,
    "top3_candidate_recall_mean": 0.1357142857142857,
    "best_candidate_family_recall_mean": 0.14714285714285713,
    "top3_candidate_family_recall_mean": 0.21404761904761901,
    "validation_regret_mean": 0.004947375780675749,
    "normalized_validation_regret_mean": 0.2167565004776919,
    "test_regret_mean": 0.005835122959954385,
    "removed_fraction": 0.85,
    "selected_family_count_mean": 2.9442857142857144,
    "removed_family_fraction_mean": 0.8159821428571429,
    "passes_90pct_recall_at_50pct_removal": false
  },
  {
    "encoder": "dinov2_b14",
    "method": "random",
    "shortlist_size": 5,
    "rows": 700,
    "targets": 7,
    "best_candidate_recall_mean": 0.24428571428571427,
    "top3_candidate_recall_mean": 0.2519047619047619,
    "best_candidate_family_recall_mean": 0.28,
    "top3_candidate_family_recall_mean": 0.3604761904761905,
    "validation_regret_mean": 0.003565231622480632,
    "normalized_validation_regret_mean": 0.14870780709959888,
    "test_regret_mean": 0.004574218903269076,
    "removed_fraction": 0.75,
    "selected_family_count_mean": 4.7214285714285715,
    "removed_family_fraction_mean": 0.7049107142857143,
    "passes_90pct_recall_at_50pct_removal": false
  },
  {
    "encoder": "dinov2_b14",
    "method": "random",
    "shortlist_size": 10,
    "rows": 700,
    "targets": 7,
    "best_candidate_recall_mean": 0.5042857142857143,
    "top3_candidate_recall_mean": 0.5028571428571429,
    "best_candidate_family_recall_mean": 0.5442857142857143,
    "top3_candidate_family_recall_mean": 0.6495238095238095,
    "validation_regret_mean": 0.001859304417755291,
    "normalized_validation_regret_mean": 0.07558317435500803,
    "test_regret_mean": 0.0026971377985817967,
    "removed_fraction": 0.5,
    "selected_family_count_mean": 8.902857142857142,
    "removed_family_fraction_mean": 0.44357142857142856,
    "passes_90pct_recall_at_50pct_removal": false
  },
  {
    "encoder": "dinov2_b14",
    "method": "rank_only",
    "shortlist_size": 3,
    "rows": 7,
    "targets": 7,
    "best_candidate_recall_mean": 0.5714285714285714,
    "top3_candidate_recall_mean": 0.47619047619047616,
    "best_candidate_family_recall_mean": 0.5714285714285714,
    "top3_candidate_family_recall_mean": 0.47619047619047616,
    "validation_regret_mean": 0.0005360481117153545,
    "normalized_validation_regret_mean": 0.05935853685949447,
    "test_regret_mean": 0.0021209580557686814,
    "removed_fraction": 0.85,
    "selected_family_count_mean": 2.0,
    "removed_family_fraction_mean": 0.875,
    "passes_90pct_recall_at_50pct_removal": false
  },
  {
    "encoder": "dinov2_b14",
    "method": "rank_only",
    "shortlist_size": 5,
    "rows": 7,
    "targets": 7,
    "best_candidate_recall_mean": 0.7142857142857143,
    "top3_candidate_recall_mean": 0.6666666666666666,
    "best_candidate_family_recall_mean": 0.7142857142857143,
    "top3_candidate_family_recall_mean": 0.7857142857142857,
    "validation_regret_mean": 0.00023979128216428908,
    "normalized_validation_regret_mean": 0.02600900639471441,
    "test_regret_mean": 0.0012738125664847175,
    "removed_fraction": 0.75,
    "selected_family_count_mean": 4.0,
    "removed_family_fraction_mean": 0.75,
    "passes_90pct_recall_at_50pct_removal": false
  },
  {
    "encoder": "dinov2_b14",
    "method": "rank_only",
    "shortlist_size": 10,
    "rows": 7,
    "targets": 7,
    "best_candidate_recall_mean": 0.7142857142857143,
    "top3_candidate_recall_mean": 0.7619047619047619,
    "best_candidate_family_recall_mean": 0.7142857142857143,
    "top3_candidate_family_recall_mean": 0.7857142857142857,
    "validation_regret_mean": 0.00016610552125692228,
    "normalized_validation_regret_mean": 0.017903575185891564,
    "test_regret_mean": 0.0012738125664847175,
    "removed_fraction": 0.5,
    "selected_family_count_mean": 7.0,
    "removed_family_fraction_mean": 0.5625,
    "passes_90pct_recall_at_50pct_removal": false
  }
]
SOURCE_DONE=cifar10 COMPLETED=3/21
[
  {
    "encoder": "dinov2_b14",
    "method": "dpp_subspace",
    "shortlist_size": 3,
    "rows": 7,
    "targets": 7,
    "best_candidate_recall_mean": 0.5714285714285714,
    "top3_candidate_recall_mean": 0.38095238095238093,
    "best_candidate_family_recall_mean": 0.5714285714285714,
    "top3_candidate_family_recall_mean": 0.38095238095238093,
    "validation_regret_mean": 0.0004185675074840197,
    "normalized_validation_regret_mean": 0.044418027198902706,
    "test_regret_mean": -0.00027965647833689503,
    "removed_fraction": 0.85,
    "selected_family_count_mean": 3.0,
    "removed_family_fraction_mean": 0.8235294117647057,
    "passes_90pct_recall_at_50pct_removal": false
  },
  {
    "encoder": "dinov2_b14",
    "method": "dpp_subspace",
    "shortlist_size": 5,
    "rows": 7,
    "targets": 7,
    "best_candidate_recall_mean": 0.7142857142857143,
    "top3_candidate_recall_mean": 0.5714285714285714,
    "best_candidate_family_recall_mean": 0.7142857142857143,
    "top3_candidate_family_recall_mean": 0.6904761904761905,
    "validation_regret_mean": 0.00027851271389909914,
    "normalized_validation_regret_mean": 0.028060398502386674,
    "test_regret_mean": -0.00024537018367222697,
    "removed_fraction": 0.75,
    "selected_family_count_mean": 5.0,
    "removed_family_fraction_mean": 0.7058823529411765,
    "passes_90pct_recall_at_50pct_removal": false
  },
  {
    "encoder": "dinov2_b14",
    "method": "dpp_subspace",
    "shortlist_size": 10,
    "rows": 7,
    "targets": 7,
    "best_candidate_recall_mean": 0.7142857142857143,
    "top3_candidate_recall_mean": 0.619047619047619,
    "best_candidate_family_recall_mean": 0.7142857142857143,
    "top3_candidate_family_recall_mean": 0.7380952380952381,
    "validation_regret_mean": 0.00027851271389909914,
    "normalized_validation_regret_mean": 0.028060398502386674,
    "test_regret_mean": -0.00024537018367222697,
    "removed_fraction": 0.5,
    "selected_family_count_mean": 9.0,
    "removed_family_fraction_mean": 0.4705882352941177,
    "passes_90pct_recall_at_50pct_removal": false
  },
  {
    "encoder": "dinov2_b14",
    "method": "facility_subspace",
    "shortlist_size": 3,
    "rows": 7,
    "targets": 7,
    "best_candidate_recall_mean": 0.0,
    "top3_candidate_recall_mean": 0.3333333333333333,
    "best_candidate_family_recall_mean": 0.14285714285714285,
    "top3_candidate_family_recall_mean": 0.38095238095238093,
    "validation_regret_mean": 0.004696706680301548,
    "normalized_validation_regret_mean": 0.18000332940966904,
    "test_regret_mean": 0.008590761252811949,
    "removed_fraction": 0.85,
    "selected_family_count_mean": 3.0,
    "removed_family_fraction_mean": 0.8235294117647057,
    "passes_90pct_recall_at_50pct_removal": false
  },
  {
    "encoder": "dinov2_b14",
    "method": "facility_subspace",
    "shortlist_size": 5,
    "rows": 7,
    "targets": 7,
    "best_candidate_recall_mean": 0.0,
    "top3_candidate_recall_mean": 0.3333333333333333,
    "best_candidate_family_recall_mean": 0.14285714285714285,
    "top3_candidate_family_recall_mean": 0.38095238095238093,
    "validation_regret_mean": 0.004696706680301548,
    "normalized_validation_regret_mean": 0.18000332940966904,
    "test_regret_mean": 0.008590761252811949,
    "removed_fraction": 0.75,
    "selected_family_count_mean": 5.0,
    "removed_family_fraction_mean": 0.7058823529411765,
    "passes_90pct_recall_at_50pct_removal": false
  },
  {
    "encoder": "dinov2_b14",
    "method": "facility_subspace",
    "shortlist_size": 10,
    "rows": 7,
    "targets": 7,
    "best_candidate_recall_mean": 0.5714285714285714,
    "top3_candidate_recall_mean": 0.7142857142857143,
    "best_candidate_family_recall_mean": 0.7142857142857143,
    "top3_candidate_family_recall_mean": 0.7619047619047619,
    "validation_regret_mean": 0.0002328397034823761,
    "normalized_validation_regret_mean": 0.023226690436469216,
    "test_regret_mean": 0.00376677513122557,
    "removed_fraction": 0.5,
    "selected_family_count_mean": 10.0,
    "removed_family_fraction_mean": 0.41176470588235287,
    "passes_90pct_recall_at_50pct_removal": false
  },
  {
    "encoder": "dinov2_b14",
    "method": "kcenter_subspace",
    "shortlist_size": 3,
    "rows": 7,
    "targets": 7,
    "best_candidate_recall_mean": 0.5714285714285714,
    "top3_candidate_recall_mean": 0.33333333333333337,
    "best_candidate_family_recall_mean": 0.5714285714285714,
    "top3_candidate_family_recall_mean": 0.33333333333333337,
    "validation_regret_mean": 0.0008514675187544864,
    "normalized_validation_regret_mean": 0.09203701380423211,
    "test_regret_mean": 0.0017292720930916733,
    "removed_fraction": 0.85,
    "selected_family_count_mean": 3.0,
    "removed_family_fraction_mean": 0.8235294117647057,
    "passes_90pct_recall_at_50pct_removal": false
  },
  {
    "encoder": "dinov2_b14",
    "method": "kcenter_subspace",
    "shortlist_size": 5,
    "rows": 7,
    "targets": 7,
    "best_candidate_recall_mean": 0.5714285714285714,
    "top3_candidate_recall_mean": 0.38095238095238093,
    "best_candidate_family_recall_mean": 0.5714285714285714,
    "top3_candidate_family_recall_mean": 0.38095238095238093,
    "validation_regret_mean": 0.0007685717993302881,
    "normalized_validation_regret_mean": 0.08291848746990549,
    "test_regret_mean": 0.00485427209309167,
    "removed_fraction": 0.75,
    "selected_family_count_mean": 5.0,
    "removed_family_fraction_mean": 0.7058823529411765,
    "passes_90pct_recall_at_50pct_removal": false
  },
  {
    "encoder": "dinov2_b14",
    "method": "kcenter_subspace",
    "shortlist_size": 10,
    "rows": 7,
    "targets": 7,
    "best_candidate_recall_mean": 0.7142857142857143,
    "top3_candidate_recall_mean": 0.7142857142857142,
    "best_candidate_family_recall_mean": 0.8571428571428571,
    "top3_candidate_family_recall_mean": 0.738095238095238,
    "validation_regret_mean": 0.00020482869935234405,
    "normalized_validation_regret_mean": 0.019955159393172075,
    "test_regret_mean": 0.0037724869591849097,
    "removed_fraction": 0.5,
    "selected_family_count_mean": 10.0,
    "removed_family_fraction_mean": 0.41176470588235287,
    "passes_90pct_recall_at_50pct_removal": false
  },
  {
    "encoder": "dinov2_b14",
    "method": "pool_vendi_subspace",
    "shortlist_size": 3,
    "rows": 7,
    "targets": 7,
    "best_candidate_recall_mean": 0.5714285714285714,
    "top3_candidate_recall_mean": 0.33333333333333337,
    "best_candidate_family_recall_mean": 0.5714285714285714,
    "top3_candidate_family_recall_mean": 0.33333333333333337,
    "validation_regret_mean": 0.0008514675187544864,
    "normalized_validation_regret_mean": 0.09203701380423211,
    "test_regret_mean": 0.0017292720930916733,
    "removed_fraction": 0.85,
    "selected_family_count_mean": 3.0,
    "removed_family_fraction_mean": 0.8235294117647057,
    "passes_90pct_recall_at_50pct_removal": false
  },
  {
    "encoder": "dinov2_b14",
    "method": "pool_vendi_subspace",
    "shortlist_size": 5,
    "rows": 7,
    "targets": 7,
    "best_candidate_recall_mean": 0.7142857142857143,
    "top3_candidate_recall_mean": 0.5714285714285714,
    "best_candidate_family_recall_mean": 0.7142857142857143,
    "top3_candidate_family_recall_mean": 0.5714285714285714,
    "validation_regret_mean": 0.00029693408742275426,
    "normalized_validation_regret_mean": 0.030086748967244115,
    "test_regret_mean": 0.0010939155306134904,
    "removed_fraction": 0.75,
    "selected_family_count_mean": 5.0,
    "removed_family_fraction_mean": 0.7058823529411765,
    "passes_90pct_recall_at_50pct_removal": false
  },
  {
    "encoder": "dinov2_b14",
    "method": "pool_vendi_subspace",
    "shortlist_size": 10,
    "rows": 7,
    "targets": 7,
    "best_candidate_recall_mean": 0.7142857142857143,
    "top3_candidate_recall_mean": 0.7142857142857142,
    "best_candidate_family_recall_mean": 0.8571428571428571,
    "top3_candidate_family_recall_mean": 0.738095238095238,
    "validation_regret_mean": 0.00020482869935234405,
    "normalized_validation_regret_mean": 0.019955159393172075,
    "test_regret_mean": 0.0037724869591849097,
    "removed_fraction": 0.5,
    "selected_family_count_mean": 10.0,
    "removed_family_fraction_mean": 0.41176470588235287,
    "passes_90pct_recall_at_50pct_removal": false
  },
  {
    "encoder": "dinov2_b14",
    "method": "random",
    "shortlist_size": 3,
    "rows": 700,
    "targets": 7,
    "best_candidate_recall_mean": 0.12428571428571429,
    "top3_candidate_recall_mean": 0.14333333333333334,
    "best_candidate_family_recall_mean": 0.14714285714285713,
    "top3_candidate_family_recall_mean": 0.19404761904761902,
    "validation_regret_mean": 0.005168869612907944,
    "normalized_validation_regret_mean": 0.22547886641273596,
    "test_regret_mean": 0.006152121271405887,
    "removed_fraction": 0.85,
    "selected_family_count_mean": 2.9657142857142857,
    "removed_family_fraction_mean": 0.8255462184873951,
    "passes_90pct_recall_at_50pct_removal": false
  },
  {
    "encoder": "dinov2_b14",
    "method": "random",
    "shortlist_size": 5,
    "rows": 700,
    "targets": 7,
    "best_candidate_recall_mean": 0.24428571428571427,
    "top3_candidate_recall_mean": 0.24476190476190474,
    "best_candidate_family_recall_mean": 0.28,
    "top3_candidate_family_recall_mean": 0.31857142857142856,
    "validation_regret_mean": 0.0038293952112067554,
    "normalized_validation_regret_mean": 0.16034991132344126,
    "test_regret_mean": 0.005036047254289887,
    "removed_fraction": 0.75,
    "selected_family_count_mean": 4.781428571428571,
    "removed_family_fraction_mean": 0.7187394957983193,
    "passes_90pct_recall_at_50pct_removal": false
  },
  {
    "encoder": "dinov2_b14",
    "method": "random",
    "shortlist_size": 10,
    "rows": 700,
    "targets": 7,
    "best_candidate_recall_mean": 0.5042857142857143,
    "top3_candidate_recall_mean": 0.508095238095238,
    "best_candidate_family_recall_mean": 0.5442857142857143,
    "top3_candidate_family_recall_mean": 0.6009523809523809,
    "validation_regret_mean": 0.0020455533089072716,
    "normalized_validation_regret_mean": 0.0837271105771684,
    "test_regret_mean": 0.0032573097263063604,
    "removed_fraction": 0.5,
    "selected_family_count_mean": 9.157142857142857,
    "removed_family_fraction_mean": 0.461344537815126,
    "passes_90pct_recall_at_50pct_removal": false
  },
  {
    "encoder": "dinov2_b14",
    "method": "rank_only",
    "shortlist_size": 3,
    "rows": 7,
    "targets": 7,
    "best_candidate_recall_mean": 0.5714285714285714,
    "top3_candidate_recall_mean": 0.38095238095238093,
    "best_candidate_family_recall_mean": 0.5714285714285714,
    "top3_candidate_family_recall_mean": 0.38095238095238093,
    "validation_regret_mean": 0.0004185675074840197,
    "normalized_validation_regret_mean": 0.044418027198902706,
    "test_regret_mean": -0.00027965647833689503,
    "removed_fraction": 0.85,
    "selected_family_count_mean": 3.0,
    "removed_family_fraction_mean": 0.8235294117647057,
    "passes_90pct_recall_at_50pct_removal": false
  },
  {
    "encoder": "dinov2_b14",
    "method": "rank_only",
    "shortlist_size": 5,
    "rows": 7,
    "targets": 7,
    "best_candidate_recall_mean": 0.7142857142857143,
    "top3_candidate_recall_mean": 0.5714285714285714,
    "best_candidate_family_recall_mean": 0.7142857142857143,
    "top3_candidate_family_recall_mean": 0.6904761904761905,
    "validation_regret_mean": 0.00027851271389909914,
    "normalized_validation_regret_mean": 0.028060398502386674,
    "test_regret_mean": -0.00024537018367222697,
    "removed_fraction": 0.75,
    "selected_family_count_mean": 5.0,
    "removed_family_fraction_mean": 0.7058823529411765,
    "passes_90pct_recall_at_50pct_removal": false
  },
  {
    "encoder": "dinov2_b14",
    "method": "rank_only",
    "shortlist_size": 10,
    "rows": 7,
    "targets": 7,
    "best_candidate_recall_mean": 0.7142857142857143,
    "top3_candidate_recall_mean": 0.7142857142857143,
    "best_candidate_family_recall_mean": 0.7142857142857143,
    "top3_candidate_family_recall_mean": 0.7380952380952381,
    "validation_regret_mean": 0.00022324832651538746,
    "normalized_validation_regret_mean": 0.021981317758421264,
    "test_regret_mean": 0.0010939155306134904,
    "removed_fraction": 0.5,
    "selected_family_count_mean": 8.0,
    "removed_family_fraction_mean": 0.5294117647058824,
    "passes_90pct_recall_at_50pct_removal": false
  }
]
SOURCE_DONE=cifar100 COMPLETED=4/21
[
  {
    "encoder": "dinov2_b14",
    "method": "dpp_subspace",
    "shortlist_size": 3,
    "rows": 7,
    "targets": 7,
    "best_candidate_recall_mean": 0.5714285714285714,
    "top3_candidate_recall_mean": 0.5714285714285714,
    "best_candidate_family_recall_mean": 0.5714285714285714,
    "top3_candidate_family_recall_mean": 0.5714285714285714,
    "validation_regret_mean": 0.00033341437929144756,
    "normalized_validation_regret_mean": 0.037068833143008996,
    "test_regret_mean": -0.00011118480137417563,
    "removed_fraction": 0.85,
    "selected_family_count_mean": 3.0,
    "removed_family_fraction_mean": 0.8235294117647057,
    "passes_90pct_recall_at_50pct_removal": false
  },
  {
    "encoder": "dinov2_b14",
    "method": "dpp_subspace",
    "shortlist_size": 5,
    "rows": 7,
    "targets": 7,
    "best_candidate_recall_mean": 0.7142857142857143,
    "top3_candidate_recall_mean": 0.7142857142857143,
    "best_candidate_family_recall_mean": 0.7142857142857143,
    "top3_candidate_family_recall_mean": 0.7857142857142857,
    "validation_regret_mean": 0.000221369908640634,
    "normalized_validation_regret_mean": 0.023982655929856978,
    "test_regret_mean": -6.547314780100002e-05,
    "removed_fraction": 0.75,
    "selected_family_count_mean": 5.0,
    "removed_family_fraction_mean": 0.7058823529411765,
    "passes_90pct_recall_at_50pct_removal": false
  },
  {
    "encoder": "dinov2_b14",
    "method": "dpp_subspace",
    "shortlist_size": 10,
    "rows": 7,
    "targets": 7,
    "best_candidate_recall_mean": 0.7142857142857143,
    "top3_candidate_recall_mean": 0.7142857142857143,
    "best_candidate_family_recall_mean": 0.7142857142857143,
    "top3_candidate_family_recall_mean": 0.7857142857142857,
    "validation_regret_mean": 0.000221369908640634,
    "normalized_validation_regret_mean": 0.023982655929856978,
    "test_regret_mean": -6.547314780100002e-05,
    "removed_fraction": 0.5,
    "selected_family_count_mean": 9.0,
    "removed_family_fraction_mean": 0.4705882352941177,
    "passes_90pct_recall_at_50pct_removal": false
  },
  {
    "encoder": "dinov2_b14",
    "method": "facility_subspace",
    "shortlist_size": 3,
    "rows": 7,
    "targets": 7,
    "best_candidate_recall_mean": 0.0,
    "top3_candidate_recall_mean": 0.23809523809523808,
    "best_candidate_family_recall_mean": 0.14285714285714285,
    "top3_candidate_family_recall_mean": 0.2857142857142857,
    "validation_regret_mean": 0.004696706680301548,
    "normalized_validation_regret_mean": 0.18000332940966904,
    "test_regret_mean": 0.008590761252811949,
    "removed_fraction": 0.85,
    "selected_family_count_mean": 3.0,
    "removed_family_fraction_mean": 0.8235294117647057,
    "passes_90pct_recall_at_50pct_removal": false
  },
  {
    "encoder": "dinov2_b14",
    "method": "facility_subspace",
    "shortlist_size": 5,
    "rows": 7,
    "targets": 7,
    "best_candidate_recall_mean": 0.0,
    "top3_candidate_recall_mean": 0.23809523809523808,
    "best_candidate_family_recall_mean": 0.14285714285714285,
    "top3_candidate_family_recall_mean": 0.2857142857142857,
    "validation_regret_mean": 0.004696706680301548,
    "normalized_validation_regret_mean": 0.18000332940966904,
    "test_regret_mean": 0.008590761252811949,
    "removed_fraction": 0.75,
    "selected_family_count_mean": 5.0,
    "removed_family_fraction_mean": 0.7058823529411765,
    "passes_90pct_recall_at_50pct_removal": false
  },
  {
    "encoder": "dinov2_b14",
    "method": "facility_subspace",
    "shortlist_size": 10,
    "rows": 7,
    "targets": 7,
    "best_candidate_recall_mean": 0.5714285714285714,
    "top3_candidate_recall_mean": 0.5238095238095237,
    "best_candidate_family_recall_mean": 0.7142857142857143,
    "top3_candidate_family_recall_mean": 0.5714285714285714,
    "validation_regret_mean": 0.0002328397034823761,
    "normalized_validation_regret_mean": 0.023226690436469216,
    "test_regret_mean": 0.00376677513122557,
    "removed_fraction": 0.5,
    "selected_family_count_mean": 10.0,
    "removed_family_fraction_mean": 0.41176470588235287,
    "passes_90pct_recall_at_50pct_removal": false
  },
  {
    "encoder": "dinov2_b14",
    "method": "kcenter_subspace",
    "shortlist_size": 3,
    "rows": 7,
    "targets": 7,
    "best_candidate_recall_mean": 0.5714285714285714,
    "top3_candidate_recall_mean": 0.2857142857142857,
    "best_candidate_family_recall_mean": 0.5714285714285714,
    "top3_candidate_family_recall_mean": 0.2857142857142857,
    "validation_regret_mean": 0.0008514675187544864,
    "normalized_validation_regret_mean": 0.09203701380423211,
    "test_regret_mean": 0.0017292720930916733,
    "removed_fraction": 0.85,
    "selected_family_count_mean": 3.0,
    "removed_family_fraction_mean": 0.8235294117647057,
    "passes_90pct_recall_at_50pct_removal": false
  },
  {
    "encoder": "dinov2_b14",
    "method": "kcenter_subspace",
    "shortlist_size": 5,
    "rows": 7,
    "targets": 7,
    "best_candidate_recall_mean": 0.5714285714285714,
    "top3_candidate_recall_mean": 0.2857142857142857,
    "best_candidate_family_recall_mean": 0.5714285714285714,
    "top3_candidate_family_recall_mean": 0.2857142857142857,
    "validation_regret_mean": 0.0007685717993302881,
    "normalized_validation_regret_mean": 0.08291848746990549,
    "test_regret_mean": 0.00485427209309167,
    "removed_fraction": 0.75,
    "selected_family_count_mean": 5.0,
    "removed_family_fraction_mean": 0.7058823529411765,
    "passes_90pct_recall_at_50pct_removal": false
  },
  {
    "encoder": "dinov2_b14",
    "method": "kcenter_subspace",
    "shortlist_size": 10,
    "rows": 7,
    "targets": 7,
    "best_candidate_recall_mean": 0.7142857142857143,
    "top3_candidate_recall_mean": 0.5238095238095238,
    "best_candidate_family_recall_mean": 0.8571428571428571,
    "top3_candidate_family_recall_mean": 0.5476190476190476,
    "validation_regret_mean": 0.00020482869935234405,
    "normalized_validation_regret_mean": 0.019955159393172075,
    "test_regret_mean": 0.0037724869591849097,
    "removed_fraction": 0.5,
    "selected_family_count_mean": 10.0,
    "removed_family_fraction_mean": 0.41176470588235287,
    "passes_90pct_recall_at_50pct_removal": false
  },
  {
    "encoder": "dinov2_b14",
    "method": "pool_vendi_subspace",
    "shortlist_size": 3,
    "rows": 7,
    "targets": 7,
    "best_candidate_recall_mean": 0.5714285714285714,
    "top3_candidate_recall_mean": 0.2857142857142857,
    "best_candidate_family_recall_mean": 0.5714285714285714,
    "top3_candidate_family_recall_mean": 0.2857142857142857,
    "validation_regret_mean": 0.0008514675187544864,
    "normalized_validation_regret_mean": 0.09203701380423211,
    "test_regret_mean": 0.0017292720930916733,
    "removed_fraction": 0.85,
    "selected_family_count_mean": 3.0,
    "removed_family_fraction_mean": 0.8235294117647057,
    "passes_90pct_recall_at_50pct_removal": false
  },
  {
    "encoder": "dinov2_b14",
    "method": "pool_vendi_subspace",
    "shortlist_size": 5,
    "rows": 7,
    "targets": 7,
    "best_candidate_recall_mean": 0.7142857142857143,
    "top3_candidate_recall_mean": 0.42857142857142855,
    "best_candidate_family_recall_mean": 0.7142857142857143,
    "top3_candidate_family_recall_mean": 0.42857142857142855,
    "validation_regret_mean": 0.00029693408742275426,
    "normalized_validation_regret_mean": 0.030086748967244115,
    "test_regret_mean": 0.0010939155306134904,
    "removed_fraction": 0.75,
    "selected_family_count_mean": 5.0,
    "removed_family_fraction_mean": 0.7058823529411765,
    "passes_90pct_recall_at_50pct_removal": false
  },
  {
    "encoder": "dinov2_b14",
    "method": "pool_vendi_subspace",
    "shortlist_size": 10,
    "rows": 7,
    "targets": 7,
    "best_candidate_recall_mean": 0.7142857142857143,
    "top3_candidate_recall_mean": 0.5238095238095238,
    "best_candidate_family_recall_mean": 0.8571428571428571,
    "top3_candidate_family_recall_mean": 0.5476190476190476,
    "validation_regret_mean": 0.00020482869935234405,
    "normalized_validation_regret_mean": 0.019955159393172075,
    "test_regret_mean": 0.0037724869591849097,
    "removed_fraction": 0.5,
    "selected_family_count_mean": 10.0,
    "removed_family_fraction_mean": 0.41176470588235287,
    "passes_90pct_recall_at_50pct_removal": false
  },
  {
    "encoder": "dinov2_b14",
    "method": "random",
    "shortlist_size": 3,
    "rows": 700,
    "targets": 7,
    "best_candidate_recall_mean": 0.12428571428571429,
    "top3_candidate_recall_mean": 0.13809523809523808,
    "best_candidate_family_recall_mean": 0.14714285714285713,
    "top3_candidate_family_recall_mean": 0.17404761904761903,
    "validation_regret_mean": 0.004921139486111516,
    "normalized_validation_regret_mean": 0.2134622744062925,
    "test_regret_mean": 0.005880093182836246,
    "removed_fraction": 0.85,
    "selected_family_count_mean": 2.9657142857142857,
    "removed_family_fraction_mean": 0.8255462184873951,
    "passes_90pct_recall_at_50pct_removal": false
  },
  {
    "encoder": "dinov2_b14",
    "method": "random",
    "shortlist_size": 5,
    "rows": 700,
    "targets": 7,
    "best_candidate_recall_mean": 0.24428571428571427,
    "top3_candidate_recall_mean": 0.24904761904761902,
    "best_candidate_family_recall_mean": 0.28,
    "top3_candidate_family_recall_mean": 0.299047619047619,
    "validation_regret_mean": 0.003540530977716756,
    "normalized_validation_regret_mean": 0.14711561172622098,
    "test_regret_mean": 0.004415761726243143,
    "removed_fraction": 0.75,
    "selected_family_count_mean": 4.781428571428571,
    "removed_family_fraction_mean": 0.7187394957983193,
    "passes_90pct_recall_at_50pct_removal": false
  },
  {
    "encoder": "dinov2_b14",
    "method": "random",
    "shortlist_size": 10,
    "rows": 700,
    "targets": 7,
    "best_candidate_recall_mean": 0.5042857142857143,
    "top3_candidate_recall_mean": 0.4995238095238095,
    "best_candidate_family_recall_mean": 0.5442857142857143,
    "top3_candidate_family_recall_mean": 0.5628571428571428,
    "validation_regret_mean": 0.001791314648674161,
    "normalized_validation_regret_mean": 0.073023089018769,
    "test_regret_mean": 0.0026092028277260823,
    "removed_fraction": 0.5,
    "selected_family_count_mean": 9.157142857142857,
    "removed_family_fraction_mean": 0.461344537815126,
    "passes_90pct_recall_at_50pct_removal": false
  },
  {
    "encoder": "dinov2_b14",
    "method": "rank_only",
    "shortlist_size": 3,
    "rows": 7,
    "targets": 7,
    "best_candidate_recall_mean": 0.5714285714285714,
    "top3_candidate_recall_mean": 0.5714285714285714,
    "best_candidate_family_recall_mean": 0.5714285714285714,
    "top3_candidate_family_recall_mean": 0.5714285714285714,
    "validation_regret_mean": 0.00033341437929144756,
    "normalized_validation_regret_mean": 0.037068833143008996,
    "test_regret_mean": -0.00011118480137417563,
    "removed_fraction": 0.85,
    "selected_family_count_mean": 3.0,
    "removed_family_fraction_mean": 0.8235294117647057,
    "passes_90pct_recall_at_50pct_removal": false
  },
  {
    "encoder": "dinov2_b14",
    "method": "rank_only",
    "shortlist_size": 5,
    "rows": 7,
    "targets": 7,
    "best_candidate_recall_mean": 0.7142857142857143,
    "top3_candidate_recall_mean": 0.7142857142857143,
    "best_candidate_family_recall_mean": 0.7142857142857143,
    "top3_candidate_family_recall_mean": 0.7857142857142857,
    "validation_regret_mean": 0.000221369908640634,
    "normalized_validation_regret_mean": 0.023982655929856978,
    "test_regret_mean": -6.547314780100002e-05,
    "removed_fraction": 0.75,
    "selected_family_count_mean": 5.0,
    "removed_family_fraction_mean": 0.7058823529411765,
    "passes_90pct_recall_at_50pct_removal": false
  },
  {
    "encoder": "dinov2_b14",
    "method": "rank_only",
    "shortlist_size": 10,
    "rows": 7,
    "targets": 7,
    "best_candidate_recall_mean": 0.7142857142857143,
    "top3_candidate_recall_mean": 0.7619047619047619,
    "best_candidate_family_recall_mean": 0.7142857142857143,
    "top3_candidate_family_recall_mean": 0.7857142857142857,
    "validation_regret_mean": 0.00016610552125692228,
    "normalized_validation_regret_mean": 0.017903575185891564,
    "test_regret_mean": 0.0012738125664847175,
    "removed_fraction": 0.5,
    "selected_family_count_mean": 8.0,
    "removed_family_fraction_mean": 0.5294117647058824,
    "passes_90pct_recall_at_50pct_removal": false
  }
]
SOURCE_DONE=cifar100_coarse COMPLETED=5/21
[
  {
    "encoder": "dinov2_b14",
    "method": "dpp_subspace",
    "shortlist_size": 3,
    "rows": 7,
    "targets": 7,
    "best_candidate_recall_mean": 0.5714285714285714,
    "top3_candidate_recall_mean": 0.3333333333333333,
    "best_candidate_family_recall_mean": 0.5714285714285714,
    "top3_candidate_family_recall_mean": 0.5714285714285714,
    "validation_regret_mean": 0.0004185675074840197,
    "normalized_validation_regret_mean": 0.044418027198902706,
    "test_regret_mean": -0.00027965647833689503,
    "removed_fraction": 0.85,
    "selected_family_count_mean": 3.0,
    "removed_family_fraction_mean": 0.8125,
    "passes_90pct_recall_at_50pct_removal": false
  },
  {
    "encoder": "dinov2_b14",
    "method": "dpp_subspace",
    "shortlist_size": 5,
    "rows": 7,
    "targets": 7,
    "best_candidate_recall_mean": 0.7142857142857143,
    "top3_candidate_recall_mean": 0.47619047619047616,
    "best_candidate_family_recall_mean": 0.7142857142857143,
    "top3_candidate_family_recall_mean": 0.7857142857142857,
    "validation_regret_mean": 0.00027851271389909914,
    "normalized_validation_regret_mean": 0.028060398502386674,
    "test_regret_mean": -0.00024537018367222697,
    "removed_fraction": 0.75,
    "selected_family_count_mean": 5.0,
    "removed_family_fraction_mean": 0.6875,
    "passes_90pct_recall_at_50pct_removal": false
  },
  {
    "encoder": "dinov2_b14",
    "method": "dpp_subspace",
    "shortlist_size": 10,
    "rows": 7,
    "targets": 7,
    "best_candidate_recall_mean": 0.7142857142857143,
    "top3_candidate_recall_mean": 0.7142857142857143,
    "best_candidate_family_recall_mean": 0.7142857142857143,
    "top3_candidate_family_recall_mean": 0.7857142857142857,
    "validation_regret_mean": 0.000221369908640634,
    "normalized_validation_regret_mean": 0.023982655929856978,
    "test_regret_mean": -6.547314780100002e-05,
    "removed_fraction": 0.5,
    "selected_family_count_mean": 8.0,
    "removed_family_fraction_mean": 0.5,
    "passes_90pct_recall_at_50pct_removal": false
  },
  {
    "encoder": "dinov2_b14",
    "method": "facility_subspace",
    "shortlist_size": 3,
    "rows": 7,
    "targets": 7,
    "best_candidate_recall_mean": 0.0,
    "top3_candidate_recall_mean": 0.380952380952381,
    "best_candidate_family_recall_mean": 0.14285714285714285,
    "top3_candidate_family_recall_mean": 0.42857142857142855,
    "validation_regret_mean": 0.00336175826429354,
    "normalized_validation_regret_mean": 0.12731903089857693,
    "test_regret_mean": 0.004609841959817047,
    "removed_fraction": 0.85,
    "selected_family_count_mean": 3.0,
    "removed_family_fraction_mean": 0.8125,
    "passes_90pct_recall_at_50pct_removal": false
  },
  {
    "encoder": "dinov2_b14",
    "method": "facility_subspace",
    "shortlist_size": 5,
    "rows": 7,
    "targets": 7,
    "best_candidate_recall_mean": 0.0,
    "top3_candidate_recall_mean": 0.47619047619047616,
    "best_candidate_family_recall_mean": 0.14285714285714285,
    "top3_candidate_family_recall_mean": 0.5238095238095238,
    "validation_regret_mean": 0.003354159864177594,
    "normalized_validation_regret_mean": 0.12702550362172432,
    "test_regret_mean": 0.006463943208966911,
    "removed_fraction": 0.75,
    "selected_family_count_mean": 5.0,
    "removed_family_fraction_mean": 0.6875,
    "passes_90pct_recall_at_50pct_removal": false
  },
  {
    "encoder": "dinov2_b14",
    "method": "facility_subspace",
    "shortlist_size": 10,
    "rows": 7,
    "targets": 7,
    "best_candidate_recall_mean": 0.0,
    "top3_candidate_recall_mean": 0.5238095238095238,
    "best_candidate_family_recall_mean": 0.14285714285714285,
    "top3_candidate_family_recall_mean": 0.5714285714285714,
    "validation_regret_mean": 0.003300826341358246,
    "normalized_validation_regret_mean": 0.12557148189215975,
    "test_regret_mean": 0.007846803324563143,
    "removed_fraction": 0.5,
    "selected_family_count_mean": 10.0,
    "removed_family_fraction_mean": 0.375,
    "passes_90pct_recall_at_50pct_removal": false
  },
  {
    "encoder": "dinov2_b14",
    "method": "kcenter_subspace",
    "shortlist_size": 3,
    "rows": 7,
    "targets": 7,
    "best_candidate_recall_mean": 0.5714285714285714,
    "top3_candidate_recall_mean": 0.2857142857142857,
    "best_candidate_family_recall_mean": 0.5714285714285714,
    "top3_candidate_family_recall_mean": 0.2857142857142857,
    "validation_regret_mean": 0.0008514675187544864,
    "normalized_validation_regret_mean": 0.09203701380423211,
    "test_regret_mean": 0.0017292720930916733,
    "removed_fraction": 0.85,
    "selected_family_count_mean": 3.0,
    "removed_family_fraction_mean": 0.8125,
    "passes_90pct_recall_at_50pct_removal": false
  },
  {
    "encoder": "dinov2_b14",
    "method": "kcenter_subspace",
    "shortlist_size": 5,
    "rows": 7,
    "targets": 7,
    "best_candidate_recall_mean": 0.5714285714285714,
    "top3_candidate_recall_mean": 0.2857142857142857,
    "best_candidate_family_recall_mean": 0.5714285714285714,
    "top3_candidate_family_recall_mean": 0.2857142857142857,
    "validation_regret_mean": 0.0007685717993302881,
    "normalized_validation_regret_mean": 0.08291848746990549,
    "test_regret_mean": 0.00485427209309167,
    "removed_fraction": 0.75,
    "selected_family_count_mean": 5.0,
    "removed_family_fraction_mean": 0.6875,
    "passes_90pct_recall_at_50pct_removal": false
  },
  {
    "encoder": "dinov2_b14",
    "method": "kcenter_subspace",
    "shortlist_size": 10,
    "rows": 7,
    "targets": 7,
    "best_candidate_recall_mean": 0.7142857142857143,
    "top3_candidate_recall_mean": 0.5238095238095238,
    "best_candidate_family_recall_mean": 0.8571428571428571,
    "top3_candidate_family_recall_mean": 0.5476190476190476,
    "validation_regret_mean": 0.00020482869935234405,
    "normalized_validation_regret_mean": 0.019955159393172075,
    "test_regret_mean": 0.0037724869591849097,
    "removed_fraction": 0.5,
    "selected_family_count_mean": 10.0,
    "removed_family_fraction_mean": 0.375,
    "passes_90pct_recall_at_50pct_removal": false
  },
  {
    "encoder": "dinov2_b14",
    "method": "pool_vendi_subspace",
    "shortlist_size": 3,
    "rows": 7,
    "targets": 7,
    "best_candidate_recall_mean": 0.5714285714285714,
    "top3_candidate_recall_mean": 0.2857142857142857,
    "best_candidate_family_recall_mean": 0.5714285714285714,
    "top3_candidate_family_recall_mean": 0.2857142857142857,
    "validation_regret_mean": 0.0008514675187544864,
    "normalized_validation_regret_mean": 0.09203701380423211,
    "test_regret_mean": 0.0017292720930916733,
    "removed_fraction": 0.85,
    "selected_family_count_mean": 3.0,
    "removed_family_fraction_mean": 0.8125,
    "passes_90pct_recall_at_50pct_removal": false
  },
  {
    "encoder": "dinov2_b14",
    "method": "pool_vendi_subspace",
    "shortlist_size": 5,
    "rows": 7,
    "targets": 7,
    "best_candidate_recall_mean": 0.7142857142857143,
    "top3_candidate_recall_mean": 0.42857142857142855,
    "best_candidate_family_recall_mean": 0.7142857142857143,
    "top3_candidate_family_recall_mean": 0.42857142857142855,
    "validation_regret_mean": 0.00029693408742275426,
    "normalized_validation_regret_mean": 0.030086748967244115,
    "test_regret_mean": 0.0010939155306134904,
    "removed_fraction": 0.75,
    "selected_family_count_mean": 5.0,
    "removed_family_fraction_mean": 0.6875,
    "passes_90pct_recall_at_50pct_removal": false
  },
  {
    "encoder": "dinov2_b14",
    "method": "pool_vendi_subspace",
    "shortlist_size": 10,
    "rows": 7,
    "targets": 7,
    "best_candidate_recall_mean": 0.7142857142857143,
    "top3_candidate_recall_mean": 0.5238095238095238,
    "best_candidate_family_recall_mean": 0.8571428571428571,
    "top3_candidate_family_recall_mean": 0.5476190476190476,
    "validation_regret_mean": 0.00020482869935234405,
    "normalized_validation_regret_mean": 0.019955159393172075,
    "test_regret_mean": 0.0037724869591849097,
    "removed_fraction": 0.5,
    "selected_family_count_mean": 10.0,
    "removed_family_fraction_mean": 0.375,
    "passes_90pct_recall_at_50pct_removal": false
  },
  {
    "encoder": "dinov2_b14",
    "method": "random",
    "shortlist_size": 3,
    "rows": 700,
    "targets": 7,
    "best_candidate_recall_mean": 0.12428571428571429,
    "top3_candidate_recall_mean": 0.13809523809523808,
    "best_candidate_family_recall_mean": 0.14714285714285713,
    "top3_candidate_family_recall_mean": 0.2130952380952381,
    "validation_regret_mean": 0.004847723692502829,
    "normalized_validation_regret_mean": 0.2094418622210448,
    "test_regret_mean": 0.005698450360979339,
    "removed_fraction": 0.85,
    "selected_family_count_mean": 2.9585714285714286,
    "removed_family_fraction_mean": 0.8150892857142857,
    "passes_90pct_recall_at_50pct_removal": false
  },
  {
    "encoder": "dinov2_b14",
    "method": "random",
    "shortlist_size": 5,
    "rows": 700,
    "targets": 7,
    "best_candidate_recall_mean": 0.24428571428571427,
    "top3_candidate_recall_mean": 0.24904761904761902,
    "best_candidate_family_recall_mean": 0.28,
    "top3_candidate_family_recall_mean": 0.35238095238095235,
    "validation_regret_mean": 0.0035285718651349805,
    "normalized_validation_regret_mean": 0.146159728245526,
    "test_regret_mean": 0.004327334523200976,
    "removed_fraction": 0.75,
    "selected_family_count_mean": 4.707142857142857,
    "removed_family_fraction_mean": 0.7058035714285714,
    "passes_90pct_recall_at_50pct_removal": false
  },
  {
    "encoder": "dinov2_b14",
    "method": "random",
    "shortlist_size": 10,
    "rows": 700,
    "targets": 7,
    "best_candidate_recall_mean": 0.5042857142857143,
    "top3_candidate_recall_mean": 0.4995238095238095,
    "best_candidate_family_recall_mean": 0.5442857142857143,
    "top3_candidate_family_recall_mean": 0.62,
    "validation_regret_mean": 0.00179584551322709,
    "normalized_validation_regret_mean": 0.07318186585215272,
    "test_regret_mean": 0.002605517183031345,
    "removed_fraction": 0.5,
    "selected_family_count_mean": 8.905714285714286,
    "removed_family_fraction_mean": 0.44339285714285714,
    "passes_90pct_recall_at_50pct_removal": false
  },
  {
    "encoder": "dinov2_b14",
    "method": "rank_only",
    "shortlist_size": 3,
    "rows": 7,
    "targets": 7,
    "best_candidate_recall_mean": 0.5714285714285714,
    "top3_candidate_recall_mean": 0.47619047619047616,
    "best_candidate_family_recall_mean": 0.5714285714285714,
    "top3_candidate_family_recall_mean": 0.47619047619047616,
    "validation_regret_mean": 0.0005360481117153545,
    "normalized_validation_regret_mean": 0.05935853685949447,
    "test_regret_mean": 0.0021209580557686814,
    "removed_fraction": 0.85,
    "selected_family_count_mean": 2.0,
    "removed_family_fraction_mean": 0.875,
    "passes_90pct_recall_at_50pct_removal": false
  },
  {
    "encoder": "dinov2_b14",
    "method": "rank_only",
    "shortlist_size": 5,
    "rows": 7,
    "targets": 7,
    "best_candidate_recall_mean": 0.7142857142857143,
    "top3_candidate_recall_mean": 0.7142857142857143,
    "best_candidate_family_recall_mean": 0.7142857142857143,
    "top3_candidate_family_recall_mean": 0.7142857142857143,
    "validation_regret_mean": 0.000221369908640634,
    "normalized_validation_regret_mean": 0.023982655929856978,
    "test_regret_mean": -6.547314780100002e-05,
    "removed_fraction": 0.75,
    "selected_family_count_mean": 4.0,
    "removed_family_fraction_mean": 0.75,
    "passes_90pct_recall_at_50pct_removal": false
  },
  {
    "encoder": "dinov2_b14",
    "method": "rank_only",
    "shortlist_size": 10,
    "rows": 7,
    "targets": 7,
    "best_candidate_recall_mean": 0.7142857142857143,
    "top3_candidate_recall_mean": 0.7619047619047619,
    "best_candidate_family_recall_mean": 0.7142857142857143,
    "top3_candidate_family_recall_mean": 0.7857142857142857,
    "validation_regret_mean": 0.00016610552125692228,
    "normalized_validation_regret_mean": 0.017903575185891564,
    "test_regret_mean": 0.0012738125664847175,
    "removed_fraction": 0.5,
    "selected_family_count_mean": 7.0,
    "removed_family_fraction_mean": 0.5625,
    "passes_90pct_recall_at_50pct_removal": false
  }
]
SOURCE_DONE=dermamnist COMPLETED=6/21
[
  {
    "encoder": "dinov2_b14",
    "method": "dpp_subspace",
    "shortlist_size": 3,
    "rows": 7,
    "targets": 7,
    "best_candidate_recall_mean": 0.5714285714285714,
    "top3_candidate_recall_mean": 0.3333333333333333,
    "best_candidate_family_recall_mean": 0.5714285714285714,
    "top3_candidate_family_recall_mean": 0.5714285714285714,
    "validation_regret_mean": 0.0004185675074840197,
    "normalized_validation_regret_mean": 0.044418027198902706,
    "test_regret_mean": -0.00027965647833689503,
    "removed_fraction": 0.85,
    "selected_family_count_mean": 3.0,
    "removed_family_fraction_mean": 0.8125,
    "passes_90pct_recall_at_50pct_removal": false
  },
  {
    "encoder": "dinov2_b14",
    "method": "dpp_subspace",
    "shortlist_size": 5,
    "rows": 7,
    "targets": 7,
    "best_candidate_recall_mean": 0.7142857142857143,
    "top3_candidate_recall_mean": 0.47619047619047616,
    "best_candidate_family_recall_mean": 0.7142857142857143,
    "top3_candidate_family_recall_mean": 0.7857142857142857,
    "validation_regret_mean": 0.00027851271389909914,
    "normalized_validation_regret_mean": 0.028060398502386674,
    "test_regret_mean": -0.00024537018367222697,
    "removed_fraction": 0.75,
    "selected_family_count_mean": 5.0,
    "removed_family_fraction_mean": 0.6875,
    "passes_90pct_recall_at_50pct_removal": false
  },
  {
    "encoder": "dinov2_b14",
    "method": "dpp_subspace",
    "shortlist_size": 10,
    "rows": 7,
    "targets": 7,
    "best_candidate_recall_mean": 0.7142857142857143,
    "top3_candidate_recall_mean": 0.7142857142857143,
    "best_candidate_family_recall_mean": 0.7142857142857143,
    "top3_candidate_family_recall_mean": 0.7857142857142857,
    "validation_regret_mean": 0.000221369908640634,
    "normalized_validation_regret_mean": 0.023982655929856978,
    "test_regret_mean": -6.547314780100002e-05,
    "removed_fraction": 0.5,
    "selected_family_count_mean": 8.0,
    "removed_family_fraction_mean": 0.5,
    "passes_90pct_recall_at_50pct_removal": false
  },
  {
    "encoder": "dinov2_b14",
    "method": "facility_subspace",
    "shortlist_size": 3,
    "rows": 7,
    "targets": 7,
    "best_candidate_recall_mean": 0.0,
    "top3_candidate_recall_mean": 0.380952380952381,
    "best_candidate_family_recall_mean": 0.14285714285714285,
    "top3_candidate_family_recall_mean": 0.42857142857142855,
    "validation_regret_mean": 0.00336175826429354,
    "normalized_validation_regret_mean": 0.12731903089857693,
    "test_regret_mean": 0.004609841959817047,
    "removed_fraction": 0.85,
    "selected_family_count_mean": 3.0,
    "removed_family_fraction_mean": 0.8125,
    "passes_90pct_recall_at_50pct_removal": false
  },
  {
    "encoder": "dinov2_b14",
    "method": "facility_subspace",
    "shortlist_size": 5,
    "rows": 7,
    "targets": 7,
    "best_candidate_recall_mean": 0.0,
    "top3_candidate_recall_mean": 0.47619047619047616,
    "best_candidate_family_recall_mean": 0.14285714285714285,
    "top3_candidate_family_recall_mean": 0.5238095238095238,
    "validation_regret_mean": 0.003354159864177594,
    "normalized_validation_regret_mean": 0.12702550362172432,
    "test_regret_mean": 0.006463943208966911,
    "removed_fraction": 0.75,
    "selected_family_count_mean": 5.0,
    "removed_family_fraction_mean": 0.6875,
    "passes_90pct_recall_at_50pct_removal": false
  },
  {
    "encoder": "dinov2_b14",
    "method": "facility_subspace",
    "shortlist_size": 10,
    "rows": 7,
    "targets": 7,
    "best_candidate_recall_mean": 0.0,
    "top3_candidate_recall_mean": 0.5238095238095238,
    "best_candidate_family_recall_mean": 0.14285714285714285,
    "top3_candidate_family_recall_mean": 0.5714285714285714,
    "validation_regret_mean": 0.003300826341358246,
    "normalized_validation_regret_mean": 0.12557148189215975,
    "test_regret_mean": 0.007846803324563143,
    "removed_fraction": 0.5,
    "selected_family_count_mean": 10.0,
    "removed_family_fraction_mean": 0.375,
    "passes_90pct_recall_at_50pct_removal": false
  },
  {
    "encoder": "dinov2_b14",
    "method": "kcenter_subspace",
    "shortlist_size": 3,
    "rows": 7,
    "targets": 7,
    "best_candidate_recall_mean": 0.5714285714285714,
    "top3_candidate_recall_mean": 0.2857142857142857,
    "best_candidate_family_recall_mean": 0.5714285714285714,
    "top3_candidate_family_recall_mean": 0.2857142857142857,
    "validation_regret_mean": 0.0008514675187544864,
    "normalized_validation_regret_mean": 0.09203701380423211,
    "test_regret_mean": 0.0017292720930916733,
    "removed_fraction": 0.85,
    "selected_family_count_mean": 3.0,
    "removed_family_fraction_mean": 0.8125,
    "passes_90pct_recall_at_50pct_removal": false
  },
  {
    "encoder": "dinov2_b14",
    "method": "kcenter_subspace",
    "shortlist_size": 5,
    "rows": 7,
    "targets": 7,
    "best_candidate_recall_mean": 0.5714285714285714,
    "top3_candidate_recall_mean": 0.38095238095238093,
    "best_candidate_family_recall_mean": 0.7142857142857143,
    "top3_candidate_family_recall_mean": 0.4047619047619047,
    "validation_regret_mean": 0.0002328397034823761,
    "normalized_validation_regret_mean": 0.023226690436469216,
    "test_regret_mean": 0.00376677513122557,
    "removed_fraction": 0.75,
    "selected_family_count_mean": 5.0,
    "removed_family_fraction_mean": 0.6875,
    "passes_90pct_recall_at_50pct_removal": false
  },
  {
    "encoder": "dinov2_b14",
    "method": "kcenter_subspace",
    "shortlist_size": 10,
    "rows": 7,
    "targets": 7,
    "best_candidate_recall_mean": 0.7142857142857143,
    "top3_candidate_recall_mean": 0.5238095238095238,
    "best_candidate_family_recall_mean": 0.8571428571428571,
    "top3_candidate_family_recall_mean": 0.619047619047619,
    "validation_regret_mean": 0.00020482869935234405,
    "normalized_validation_regret_mean": 0.019955159393172075,
    "test_regret_mean": 0.0037724869591849097,
    "removed_fraction": 0.5,
    "selected_family_count_mean": 10.0,
    "removed_family_fraction_mean": 0.375,
    "passes_90pct_recall_at_50pct_removal": false
  },
  {
    "encoder": "dinov2_b14",
    "method": "pool_vendi_subspace",
    "shortlist_size": 3,
    "rows": 7,
    "targets": 7,
    "best_candidate_recall_mean": 0.5714285714285714,
    "top3_candidate_recall_mean": 0.2857142857142857,
    "best_candidate_family_recall_mean": 0.5714285714285714,
    "top3_candidate_family_recall_mean": 0.2857142857142857,
    "validation_regret_mean": 0.0008514675187544864,
    "normalized_validation_regret_mean": 0.09203701380423211,
    "test_regret_mean": 0.0017292720930916733,
    "removed_fraction": 0.85,
    "selected_family_count_mean": 3.0,
    "removed_family_fraction_mean": 0.8125,
    "passes_90pct_recall_at_50pct_removal": false
  },
  {
    "encoder": "dinov2_b14",
    "method": "pool_vendi_subspace",
    "shortlist_size": 5,
    "rows": 7,
    "targets": 7,
    "best_candidate_recall_mean": 0.7142857142857143,
    "top3_candidate_recall_mean": 0.5238095238095238,
    "best_candidate_family_recall_mean": 0.8571428571428571,
    "top3_candidate_family_recall_mean": 0.5476190476190476,
    "validation_regret_mean": 0.00020482869935234405,
    "normalized_validation_regret_mean": 0.019955159393172075,
    "test_regret_mean": 0.0037724869591849097,
    "removed_fraction": 0.75,
    "selected_family_count_mean": 5.0,
    "removed_family_fraction_mean": 0.6875,
    "passes_90pct_recall_at_50pct_removal": false
  },
  {
    "encoder": "dinov2_b14",
    "method": "pool_vendi_subspace",
    "shortlist_size": 10,
    "rows": 7,
    "targets": 7,
    "best_candidate_recall_mean": 0.8571428571428571,
    "top3_candidate_recall_mean": 0.5714285714285714,
    "best_candidate_family_recall_mean": 1.0,
    "top3_candidate_family_recall_mean": 0.5952380952380951,
    "validation_regret_mean": 0.00013816125146742003,
    "normalized_validation_regret_mean": 0.015197732990799443,
    "test_regret_mean": 0.0035714285714285587,
    "removed_fraction": 0.5,
    "selected_family_count_mean": 10.0,
    "removed_family_fraction_mean": 0.375,
    "passes_90pct_recall_at_50pct_removal": false
  },
  {
    "encoder": "dinov2_b14",
    "method": "random",
    "shortlist_size": 3,
    "rows": 700,
    "targets": 7,
    "best_candidate_recall_mean": 0.12428571428571429,
    "top3_candidate_recall_mean": 0.13809523809523808,
    "best_candidate_family_recall_mean": 0.14714285714285713,
    "top3_candidate_family_recall_mean": 0.2130952380952381,
    "validation_regret_mean": 0.004935426196955596,
    "normalized_validation_regret_mean": 0.21332539997394545,
    "test_regret_mean": 0.0054927107776914195,
    "removed_fraction": 0.85,
    "selected_family_count_mean": 2.9585714285714286,
    "removed_family_fraction_mean": 0.8150892857142857,
    "passes_90pct_recall_at_50pct_removal": false
  },
  {
    "encoder": "dinov2_b14",
    "method": "random",
    "shortlist_size": 5,
    "rows": 700,
    "targets": 7,
    "best_candidate_recall_mean": 0.24428571428571427,
    "top3_candidate_recall_mean": 0.24904761904761902,
    "best_candidate_family_recall_mean": 0.28,
    "top3_candidate_family_recall_mean": 0.35238095238095235,
    "validation_regret_mean": 0.003512581661610877,
    "normalized_validation_regret_mean": 0.14546025068955531,
    "test_regret_mean": 0.004343823364802758,
    "removed_fraction": 0.75,
    "selected_family_count_mean": 4.707142857142857,
    "removed_family_fraction_mean": 0.7058035714285714,
    "passes_90pct_recall_at_50pct_removal": false
  },
  {
    "encoder": "dinov2_b14",
    "method": "random",
    "shortlist_size": 10,
    "rows": 700,
    "targets": 7,
    "best_candidate_recall_mean": 0.5042857142857143,
    "top3_candidate_recall_mean": 0.4995238095238095,
    "best_candidate_family_recall_mean": 0.5442857142857143,
    "top3_candidate_family_recall_mean": 0.62,
    "validation_regret_mean": 0.001804984518082019,
    "normalized_validation_regret_mean": 0.07346588024320148,
    "test_regret_mean": 0.0026233483893530617,
    "removed_fraction": 0.5,
    "selected_family_count_mean": 8.905714285714286,
    "removed_family_fraction_mean": 0.44339285714285714,
    "passes_90pct_recall_at_50pct_removal": false
  },
  {
    "encoder": "dinov2_b14",
    "method": "rank_only",
    "shortlist_size": 3,
    "rows": 7,
    "targets": 7,
    "best_candidate_recall_mean": 0.5714285714285714,
    "top3_candidate_recall_mean": 0.47619047619047616,
    "best_candidate_family_recall_mean": 0.5714285714285714,
    "top3_candidate_family_recall_mean": 0.47619047619047616,
    "validation_regret_mean": 0.0005360481117153545,
    "normalized_validation_regret_mean": 0.05935853685949447,
    "test_regret_mean": 0.0021209580557686814,
    "removed_fraction": 0.85,
    "selected_family_count_mean": 2.0,
    "removed_family_fraction_mean": 0.875,
    "passes_90pct_recall_at_50pct_removal": false
  },
  {
    "encoder": "dinov2_b14",
    "method": "rank_only",
    "shortlist_size": 5,
    "rows": 7,
    "targets": 7,
    "best_candidate_recall_mean": 0.7142857142857143,
    "top3_candidate_recall_mean": 0.7142857142857143,
    "best_candidate_family_recall_mean": 0.7142857142857143,
    "top3_candidate_family_recall_mean": 0.7142857142857143,
    "validation_regret_mean": 0.000221369908640634,
    "normalized_validation_regret_mean": 0.023982655929856978,
    "test_regret_mean": -6.547314780100002e-05,
    "removed_fraction": 0.75,
    "selected_family_count_mean": 4.0,
    "removed_family_fraction_mean": 0.75,
    "passes_90pct_recall_at_50pct_removal": false
  },
  {
    "encoder": "dinov2_b14",
    "method": "rank_only",
    "shortlist_size": 10,
    "rows": 7,
    "targets": 7,
    "best_candidate_recall_mean": 0.7142857142857143,
    "top3_candidate_recall_mean": 0.7619047619047619,
    "best_candidate_family_recall_mean": 0.7142857142857143,
    "top3_candidate_family_recall_mean": 0.7857142857142857,
    "validation_regret_mean": 0.00016610552125692228,
    "normalized_validation_regret_mean": 0.017903575185891564,
    "test_regret_mean": 0.0012738125664847175,
    "removed_fraction": 0.5,
    "selected_family_count_mean": 7.0,
    "removed_family_fraction_mean": 0.5625,
    "passes_90pct_recall_at_50pct_removal": false
  }
]
SOURCE_DONE=fashion_mnist COMPLETED=7/21
[
  {
    "encoder": "dinov2_b14",
    "method": "dpp_subspace",
    "shortlist_size": 3,
    "rows": 7,
    "targets": 7,
    "best_candidate_recall_mean": 0.5714285714285714,
    "top3_candidate_recall_mean": 0.4285714285714285,
    "best_candidate_family_recall_mean": 0.5714285714285714,
    "top3_candidate_family_recall_mean": 0.6666666666666666,
    "validation_regret_mean": 0.0004185675074840197,
    "normalized_validation_regret_mean": 0.044418027198902706,
    "test_regret_mean": -0.00027965647833689503,
    "removed_fraction": 0.85,
    "selected_family_count_mean": 3.0,
    "removed_family_fraction_mean": 0.8235294117647057,
    "passes_90pct_recall_at_50pct_removal": false
  },
  {
    "encoder": "dinov2_b14",
    "method": "dpp_subspace",
    "shortlist_size": 5,
    "rows": 7,
    "targets": 7,
    "best_candidate_recall_mean": 0.7142857142857143,
    "top3_candidate_recall_mean": 0.5714285714285714,
    "best_candidate_family_recall_mean": 0.7142857142857143,
    "top3_candidate_family_recall_mean": 0.8571428571428571,
    "validation_regret_mean": 0.00027851271389909914,
    "normalized_validation_regret_mean": 0.028060398502386674,
    "test_regret_mean": -0.00024537018367222697,
    "removed_fraction": 0.75,
    "selected_family_count_mean": 5.0,
    "removed_family_fraction_mean": 0.7058823529411765,
    "passes_90pct_recall_at_50pct_removal": false
  },
  {
    "encoder": "dinov2_b14",
    "method": "dpp_subspace",
    "shortlist_size": 10,
    "rows": 7,
    "targets": 7,
    "best_candidate_recall_mean": 0.7142857142857143,
    "top3_candidate_recall_mean": 0.8095238095238095,
    "best_candidate_family_recall_mean": 0.7142857142857143,
    "top3_candidate_family_recall_mean": 0.8571428571428571,
    "validation_regret_mean": 0.000221369908640634,
    "normalized_validation_regret_mean": 0.023982655929856978,
    "test_regret_mean": -6.547314780100002e-05,
    "removed_fraction": 0.5,
    "selected_family_count_mean": 8.0,
    "removed_family_fraction_mean": 0.5294117647058824,
    "passes_90pct_recall_at_50pct_removal": false
  },
  {
    "encoder": "dinov2_b14",
    "method": "facility_subspace",
    "shortlist_size": 3,
    "rows": 7,
    "targets": 7,
    "best_candidate_recall_mean": 0.0,
    "top3_candidate_recall_mean": 0.4285714285714285,
    "best_candidate_family_recall_mean": 0.0,
    "top3_candidate_family_recall_mean": 0.4285714285714285,
    "validation_regret_mean": 0.003456612957861419,
    "normalized_validation_regret_mean": 0.1388663081568284,
    "test_regret_mean": 0.003745371954781656,
    "removed_fraction": 0.85,
    "selected_family_count_mean": 3.0,
    "removed_family_fraction_mean": 0.8235294117647057,
    "passes_90pct_recall_at_50pct_removal": false
  },
  {
    "encoder": "dinov2_b14",
    "method": "facility_subspace",
    "shortlist_size": 5,
    "rows": 7,
    "targets": 7,
    "best_candidate_recall_mean": 0.14285714285714285,
    "top3_candidate_recall_mean": 0.47619047619047616,
    "best_candidate_family_recall_mean": 0.14285714285714285,
    "top3_candidate_family_recall_mean": 0.47619047619047616,
    "validation_regret_mean": 0.0033000320792309556,
    "normalized_validation_regret_mean": 0.12164241680077978,
    "test_regret_mean": 0.0028525148119245163,
    "removed_fraction": 0.75,
    "selected_family_count_mean": 5.0,
    "removed_family_fraction_mean": 0.7058823529411765,
    "passes_90pct_recall_at_50pct_removal": false
  },
  {
    "encoder": "dinov2_b14",
    "method": "facility_subspace",
    "shortlist_size": 10,
    "rows": 7,
    "targets": 7,
    "best_candidate_recall_mean": 0.14285714285714285,
    "top3_candidate_recall_mean": 0.5238095238095238,
    "best_candidate_family_recall_mean": 0.14285714285714285,
    "top3_candidate_family_recall_mean": 0.5238095238095238,
    "validation_regret_mean": 0.0032466985564116074,
    "normalized_validation_regret_mean": 0.12018839507121519,
    "test_regret_mean": 0.004235374927520749,
    "removed_fraction": 0.5,
    "selected_family_count_mean": 10.0,
    "removed_family_fraction_mean": 0.41176470588235287,
    "passes_90pct_recall_at_50pct_removal": false
  },
  {
    "encoder": "dinov2_b14",
    "method": "kcenter_subspace",
    "shortlist_size": 3,
    "rows": 7,
    "targets": 7,
    "best_candidate_recall_mean": 0.5714285714285714,
    "top3_candidate_recall_mean": 0.33333333333333337,
    "best_candidate_family_recall_mean": 0.5714285714285714,
    "top3_candidate_family_recall_mean": 0.33333333333333337,
    "validation_regret_mean": 0.0008514675187544864,
    "normalized_validation_regret_mean": 0.09203701380423211,
    "test_regret_mean": 0.0017292720930916733,
    "removed_fraction": 0.85,
    "selected_family_count_mean": 3.0,
    "removed_family_fraction_mean": 0.8235294117647057,
    "passes_90pct_recall_at_50pct_removal": false
  },
  {
    "encoder": "dinov2_b14",
    "method": "kcenter_subspace",
    "shortlist_size": 5,
    "rows": 7,
    "targets": 7,
    "best_candidate_recall_mean": 0.5714285714285714,
    "top3_candidate_recall_mean": 0.33333333333333337,
    "best_candidate_family_recall_mean": 0.5714285714285714,
    "top3_candidate_family_recall_mean": 0.33333333333333337,
    "validation_regret_mean": 0.0007685717993302881,
    "normalized_validation_regret_mean": 0.08291848746990549,
    "test_regret_mean": 0.00485427209309167,
    "removed_fraction": 0.75,
    "selected_family_count_mean": 5.0,
    "removed_family_fraction_mean": 0.7058823529411765,
    "passes_90pct_recall_at_50pct_removal": false
  },
  {
    "encoder": "dinov2_b14",
    "method": "kcenter_subspace",
    "shortlist_size": 10,
    "rows": 7,
    "targets": 7,
    "best_candidate_recall_mean": 0.8571428571428571,
    "top3_candidate_recall_mean": 0.5238095238095238,
    "best_candidate_family_recall_mean": 0.8571428571428571,
    "top3_candidate_family_recall_mean": 0.5238095238095238,
    "validation_regret_mean": 6.6667447884924e-05,
    "normalized_validation_regret_mean": 0.00475742640237263,
    "test_regret_mean": 0.00020105838775635082,
    "removed_fraction": 0.5,
    "selected_family_count_mean": 10.0,
    "removed_family_fraction_mean": 0.41176470588235287,
    "passes_90pct_recall_at_50pct_removal": false
  },
  {
    "encoder": "dinov2_b14",
    "method": "pool_vendi_subspace",
    "shortlist_size": 3,
    "rows": 7,
    "targets": 7,
    "best_candidate_recall_mean": 0.5714285714285714,
    "top3_candidate_recall_mean": 0.33333333333333337,
    "best_candidate_family_recall_mean": 0.5714285714285714,
    "top3_candidate_family_recall_mean": 0.33333333333333337,
    "validation_regret_mean": 0.0008514675187544864,
    "normalized_validation_regret_mean": 0.09203701380423211,
    "test_regret_mean": 0.0017292720930916733,
    "removed_fraction": 0.85,
    "selected_family_count_mean": 3.0,
    "removed_family_fraction_mean": 0.8235294117647057,
    "passes_90pct_recall_at_50pct_removal": false
  },
  {
    "encoder": "dinov2_b14",
    "method": "pool_vendi_subspace",
    "shortlist_size": 5,
    "rows": 7,
    "targets": 7,
    "best_candidate_recall_mean": 0.7142857142857143,
    "top3_candidate_recall_mean": 0.4761904761904762,
    "best_candidate_family_recall_mean": 0.7142857142857143,
    "top3_candidate_family_recall_mean": 0.4761904761904762,
    "validation_regret_mean": 0.00029693408742275426,
    "normalized_validation_regret_mean": 0.030086748967244115,
    "test_regret_mean": 0.0010939155306134904,
    "removed_fraction": 0.75,
    "selected_family_count_mean": 5.0,
    "removed_family_fraction_mean": 0.7058823529411765,
    "passes_90pct_recall_at_50pct_removal": false
  },
  {
    "encoder": "dinov2_b14",
    "method": "pool_vendi_subspace",
    "shortlist_size": 10,
    "rows": 7,
    "targets": 7,
    "best_candidate_recall_mean": 0.8571428571428571,
    "top3_candidate_recall_mean": 0.5238095238095238,
    "best_candidate_family_recall_mean": 0.8571428571428571,
    "top3_candidate_family_recall_mean": 0.5238095238095238,
    "validation_regret_mean": 6.6667447884924e-05,
    "normalized_validation_regret_mean": 0.00475742640237263,
    "test_regret_mean": 0.00020105838775635082,
    "removed_fraction": 0.5,
    "selected_family_count_mean": 10.0,
    "removed_family_fraction_mean": 0.41176470588235287,
    "passes_90pct_recall_at_50pct_removal": false
  },
  {
    "encoder": "dinov2_b14",
    "method": "random",
    "shortlist_size": 3,
    "rows": 700,
    "targets": 7,
    "best_candidate_recall_mean": 0.12428571428571429,
    "top3_candidate_recall_mean": 0.14,
    "best_candidate_family_recall_mean": 0.12428571428571429,
    "top3_candidate_family_recall_mean": 0.19190476190476188,
    "validation_regret_mean": 0.0049399207324451015,
    "normalized_validation_regret_mean": 0.21896895892209617,
    "test_regret_mean": 0.005126598834991443,
    "removed_fraction": 0.85,
    "selected_family_count_mean": 2.962857142857143,
    "removed_family_fraction_mean": 0.8257142857142857,
    "passes_90pct_recall_at_50pct_removal": false
  },
  {
    "encoder": "dinov2_b14",
    "method": "random",
    "shortlist_size": 5,
    "rows": 700,
    "targets": 7,
    "best_candidate_recall_mean": 0.24428571428571427,
    "top3_candidate_recall_mean": 0.24619047619047615,
    "best_candidate_family_recall_mean": 0.24428571428571427,
    "top3_candidate_family_recall_mean": 0.3161904761904762,
    "validation_regret_mean": 0.003559992550963243,
    "normalized_validation_regret_mean": 0.15318657208781733,
    "test_regret_mean": 0.003764758791242316,
    "removed_fraction": 0.75,
    "selected_family_count_mean": 4.747142857142857,
    "removed_family_fraction_mean": 0.7207563025210084,
    "passes_90pct_recall_at_50pct_removal": false
  },
  {
    "encoder": "dinov2_b14",
    "method": "random",
    "shortlist_size": 10,
    "rows": 700,
    "targets": 7,
    "best_candidate_recall_mean": 0.5042857142857143,
    "top3_candidate_recall_mean": 0.5023809523809524,
    "best_candidate_family_recall_mean": 0.5042857142857143,
    "top3_candidate_family_recall_mean": 0.5809523809523809,
    "validation_regret_mean": 0.001851255284083096,
    "normalized_validation_regret_mean": 0.07943737698222332,
    "test_regret_mean": 0.0017162635496684407,
    "removed_fraction": 0.5,
    "selected_family_count_mean": 9.125714285714286,
    "removed_family_fraction_mean": 0.4631932773109244,
    "passes_90pct_recall_at_50pct_removal": false
  },
  {
    "encoder": "dinov2_b14",
    "method": "rank_only",
    "shortlist_size": 3,
    "rows": 7,
    "targets": 7,
    "best_candidate_recall_mean": 0.5714285714285714,
    "top3_candidate_recall_mean": 0.5238095238095238,
    "best_candidate_family_recall_mean": 0.5714285714285714,
    "top3_candidate_family_recall_mean": 0.5238095238095238,
    "validation_regret_mean": 0.0005360481117153545,
    "normalized_validation_regret_mean": 0.05935853685949447,
    "test_regret_mean": 0.0021209580557686814,
    "removed_fraction": 0.85,
    "selected_family_count_mean": 2.0,
    "removed_family_fraction_mean": 0.8823529411764708,
    "passes_90pct_recall_at_50pct_removal": false
  },
  {
    "encoder": "dinov2_b14",
    "method": "rank_only",
    "shortlist_size": 5,
    "rows": 7,
    "targets": 7,
    "best_candidate_recall_mean": 0.7142857142857143,
    "top3_candidate_recall_mean": 0.8095238095238095,
    "best_candidate_family_recall_mean": 0.7142857142857143,
    "top3_candidate_family_recall_mean": 0.8095238095238095,
    "validation_regret_mean": 0.000221369908640634,
    "normalized_validation_regret_mean": 0.023982655929856978,
    "test_regret_mean": -6.547314780100002e-05,
    "removed_fraction": 0.75,
    "selected_family_count_mean": 4.0,
    "removed_family_fraction_mean": 0.7647058823529411,
    "passes_90pct_recall_at_50pct_removal": false
  },
  {
    "encoder": "dinov2_b14",
    "method": "rank_only",
    "shortlist_size": 10,
    "rows": 7,
    "targets": 7,
    "best_candidate_recall_mean": 0.7142857142857143,
    "top3_candidate_recall_mean": 0.8571428571428571,
    "best_candidate_family_recall_mean": 0.7142857142857143,
    "top3_candidate_family_recall_mean": 0.8571428571428571,
    "validation_regret_mean": 0.00016610552125692228,
    "normalized_validation_regret_mean": 0.017903575185891564,
    "test_regret_mean": 0.0012738125664847175,
    "removed_fraction": 0.5,
    "selected_family_count_mean": 7.0,
    "removed_family_fraction_mean": 0.5882352941176471,
    "passes_90pct_recall_at_50pct_removal": false
  }
]
SOURCE_DONE=mnist COMPLETED=8/21
[
  {
    "encoder": "dinov2_b14",
    "method": "dpp_subspace",
    "shortlist_size": 3,
    "rows": 7,
    "targets": 7,
    "best_candidate_recall_mean": 0.5714285714285714,
    "top3_candidate_recall_mean": 0.3333333333333333,
    "best_candidate_family_recall_mean": 0.5714285714285714,
    "top3_candidate_family_recall_mean": 0.5714285714285714,
    "validation_regret_mean": 0.0004185675074840197,
    "normalized_validation_regret_mean": 0.044418027198902706,
    "test_regret_mean": -0.00027965647833689503,
    "removed_fraction": 0.85,
    "selected_family_count_mean": 3.0,
    "removed_family_fraction_mean": 0.8125,
    "passes_90pct_recall_at_50pct_removal": false
  },
  {
    "encoder": "dinov2_b14",
    "method": "dpp_subspace",
    "shortlist_size": 5,
    "rows": 7,
    "targets": 7,
    "best_candidate_recall_mean": 0.7142857142857143,
    "top3_candidate_recall_mean": 0.47619047619047616,
    "best_candidate_family_recall_mean": 0.7142857142857143,
    "top3_candidate_family_recall_mean": 0.7857142857142857,
    "validation_regret_mean": 0.00027851271389909914,
    "normalized_validation_regret_mean": 0.028060398502386674,
    "test_regret_mean": -0.00024537018367222697,
    "removed_fraction": 0.75,
    "selected_family_count_mean": 5.0,
    "removed_family_fraction_mean": 0.6875,
    "passes_90pct_recall_at_50pct_removal": false
  },
  {
    "encoder": "dinov2_b14",
    "method": "dpp_subspace",
    "shortlist_size": 10,
    "rows": 7,
    "targets": 7,
    "best_candidate_recall_mean": 0.7142857142857143,
    "top3_candidate_recall_mean": 0.7142857142857143,
    "best_candidate_family_recall_mean": 0.7142857142857143,
    "top3_candidate_family_recall_mean": 0.7857142857142857,
    "validation_regret_mean": 0.000221369908640634,
    "normalized_validation_regret_mean": 0.023982655929856978,
    "test_regret_mean": -6.547314780100002e-05,
    "removed_fraction": 0.5,
    "selected_family_count_mean": 8.0,
    "removed_family_fraction_mean": 0.5,
    "passes_90pct_recall_at_50pct_removal": false
  },
  {
    "encoder": "dinov2_b14",
    "method": "facility_subspace",
    "shortlist_size": 3,
    "rows": 7,
    "targets": 7,
    "best_candidate_recall_mean": 0.0,
    "top3_candidate_recall_mean": 0.380952380952381,
    "best_candidate_family_recall_mean": 0.14285714285714285,
    "top3_candidate_family_recall_mean": 0.42857142857142855,
    "validation_regret_mean": 0.00336175826429354,
    "normalized_validation_regret_mean": 0.12731903089857693,
    "test_regret_mean": 0.004609841959817047,
    "removed_fraction": 0.85,
    "selected_family_count_mean": 3.0,
    "removed_family_fraction_mean": 0.8125,
    "passes_90pct_recall_at_50pct_removal": false
  },
  {
    "encoder": "dinov2_b14",
    "method": "facility_subspace",
    "shortlist_size": 5,
    "rows": 7,
    "targets": 7,
    "best_candidate_recall_mean": 0.0,
    "top3_candidate_recall_mean": 0.47619047619047616,
    "best_candidate_family_recall_mean": 0.14285714285714285,
    "top3_candidate_family_recall_mean": 0.5238095238095238,
    "validation_regret_mean": 0.003354159864177594,
    "normalized_validation_regret_mean": 0.12702550362172432,
    "test_regret_mean": 0.006463943208966911,
    "removed_fraction": 0.75,
    "selected_family_count_mean": 5.0,
    "removed_family_fraction_mean": 0.6875,
    "passes_90pct_recall_at_50pct_removal": false
  },
  {
    "encoder": "dinov2_b14",
    "method": "facility_subspace",
    "shortlist_size": 10,
    "rows": 7,
    "targets": 7,
    "best_candidate_recall_mean": 0.0,
    "top3_candidate_recall_mean": 0.5238095238095238,
    "best_candidate_family_recall_mean": 0.14285714285714285,
    "top3_candidate_family_recall_mean": 0.5714285714285714,
    "validation_regret_mean": 0.003300826341358246,
    "normalized_validation_regret_mean": 0.12557148189215975,
    "test_regret_mean": 0.007846803324563143,
    "removed_fraction": 0.5,
    "selected_family_count_mean": 10.0,
    "removed_family_fraction_mean": 0.375,
    "passes_90pct_recall_at_50pct_removal": false
  },
  {
    "encoder": "dinov2_b14",
    "method": "kcenter_subspace",
    "shortlist_size": 3,
    "rows": 7,
    "targets": 7,
    "best_candidate_recall_mean": 0.5714285714285714,
    "top3_candidate_recall_mean": 0.2857142857142857,
    "best_candidate_family_recall_mean": 0.5714285714285714,
    "top3_candidate_family_recall_mean": 0.2857142857142857,
    "validation_regret_mean": 0.0008514675187544864,
    "normalized_validation_regret_mean": 0.09203701380423211,
    "test_regret_mean": 0.0017292720930916733,
    "removed_fraction": 0.85,
    "selected_family_count_mean": 3.0,
    "removed_family_fraction_mean": 0.8125,
    "passes_90pct_recall_at_50pct_removal": false
  },
  {
    "encoder": "dinov2_b14",
    "method": "kcenter_subspace",
    "shortlist_size": 5,
    "rows": 7,
    "targets": 7,
    "best_candidate_recall_mean": 0.5714285714285714,
    "top3_candidate_recall_mean": 0.2857142857142857,
    "best_candidate_family_recall_mean": 0.5714285714285714,
    "top3_candidate_family_recall_mean": 0.2857142857142857,
    "validation_regret_mean": 0.0007685717993302881,
    "normalized_validation_regret_mean": 0.08291848746990549,
    "test_regret_mean": 0.00485427209309167,
    "removed_fraction": 0.75,
    "selected_family_count_mean": 5.0,
    "removed_family_fraction_mean": 0.6875,
    "passes_90pct_recall_at_50pct_removal": false
  },
  {
    "encoder": "dinov2_b14",
    "method": "kcenter_subspace",
    "shortlist_size": 10,
    "rows": 7,
    "targets": 7,
    "best_candidate_recall_mean": 0.7142857142857143,
    "top3_candidate_recall_mean": 0.5238095238095238,
    "best_candidate_family_recall_mean": 0.8571428571428571,
    "top3_candidate_family_recall_mean": 0.619047619047619,
    "validation_regret_mean": 0.00020482869935234405,
    "normalized_validation_regret_mean": 0.019955159393172075,
    "test_regret_mean": 0.0037724869591849097,
    "removed_fraction": 0.5,
    "selected_family_count_mean": 10.0,
    "removed_family_fraction_mean": 0.375,
    "passes_90pct_recall_at_50pct_removal": false
  },
  {
    "encoder": "dinov2_b14",
    "method": "pool_vendi_subspace",
    "shortlist_size": 3,
    "rows": 7,
    "targets": 7,
    "best_candidate_recall_mean": 0.5714285714285714,
    "top3_candidate_recall_mean": 0.2857142857142857,
    "best_candidate_family_recall_mean": 0.5714285714285714,
    "top3_candidate_family_recall_mean": 0.2857142857142857,
    "validation_regret_mean": 0.0008514675187544864,
    "normalized_validation_regret_mean": 0.09203701380423211,
    "test_regret_mean": 0.0017292720930916733,
    "removed_fraction": 0.85,
    "selected_family_count_mean": 3.0,
    "removed_family_fraction_mean": 0.8125,
    "passes_90pct_recall_at_50pct_removal": false
  },
  {
    "encoder": "dinov2_b14",
    "method": "pool_vendi_subspace",
    "shortlist_size": 5,
    "rows": 7,
    "targets": 7,
    "best_candidate_recall_mean": 0.7142857142857143,
    "top3_candidate_recall_mean": 0.42857142857142855,
    "best_candidate_family_recall_mean": 0.7142857142857143,
    "top3_candidate_family_recall_mean": 0.42857142857142855,
    "validation_regret_mean": 0.00029693408742275426,
    "normalized_validation_regret_mean": 0.030086748967244115,
    "test_regret_mean": 0.0010939155306134904,
    "removed_fraction": 0.75,
    "selected_family_count_mean": 5.0,
    "removed_family_fraction_mean": 0.6875,
    "passes_90pct_recall_at_50pct_removal": false
  },
  {
    "encoder": "dinov2_b14",
    "method": "pool_vendi_subspace",
    "shortlist_size": 10,
    "rows": 7,
    "targets": 7,
    "best_candidate_recall_mean": 0.7142857142857143,
    "top3_candidate_recall_mean": 0.5238095238095238,
    "best_candidate_family_recall_mean": 0.8571428571428571,
    "top3_candidate_family_recall_mean": 0.5476190476190476,
    "validation_regret_mean": 0.00020482869935234405,
    "normalized_validation_regret_mean": 0.019955159393172075,
    "test_regret_mean": 0.0037724869591849097,
    "removed_fraction": 0.5,
    "selected_family_count_mean": 10.0,
    "removed_family_fraction_mean": 0.375,
    "passes_90pct_recall_at_50pct_removal": false
  },
  {
    "encoder": "dinov2_b14",
    "method": "random",
    "shortlist_size": 3,
    "rows": 700,
    "targets": 7,
    "best_candidate_recall_mean": 0.12428571428571429,
    "top3_candidate_recall_mean": 0.13904761904761903,
    "best_candidate_family_recall_mean": 0.1442857142857143,
    "top3_candidate_family_recall_mean": 0.21214285714285713,
    "validation_regret_mean": 0.004830795505573688,
    "normalized_validation_regret_mean": 0.20891762505204325,
    "test_regret_mean": 0.005476776685033513,
    "removed_fraction": 0.85,
    "selected_family_count_mean": 2.9442857142857144,
    "removed_family_fraction_mean": 0.8159821428571429,
    "passes_90pct_recall_at_50pct_removal": false
  },
  {
    "encoder": "dinov2_b14",
    "method": "random",
    "shortlist_size": 5,
    "rows": 700,
    "targets": 7,
    "best_candidate_recall_mean": 0.24428571428571427,
    "top3_candidate_recall_mean": 0.2523809523809523,
    "best_candidate_family_recall_mean": 0.2742857142857143,
    "top3_candidate_family_recall_mean": 0.3504761904761905,
    "validation_regret_mean": 0.0034646295904432497,
    "normalized_validation_regret_mean": 0.14359905998672057,
    "test_regret_mean": 0.004317007950374046,
    "removed_fraction": 0.75,
    "selected_family_count_mean": 4.691428571428571,
    "removed_family_fraction_mean": 0.7067857142857142,
    "passes_90pct_recall_at_50pct_removal": false
  },
  {
    "encoder": "dinov2_b14",
    "method": "random",
    "shortlist_size": 10,
    "rows": 700,
    "targets": 7,
    "best_candidate_recall_mean": 0.5042857142857143,
    "top3_candidate_recall_mean": 0.4966666666666667,
    "best_candidate_family_recall_mean": 0.5457142857142857,
    "top3_candidate_family_recall_mean": 0.6197619047619047,
    "validation_regret_mean": 0.0017990094081685286,
    "normalized_validation_regret_mean": 0.07359459624094374,
    "test_regret_mean": 0.002600066883223388,
    "removed_fraction": 0.5,
    "selected_family_count_mean": 8.91,
    "removed_family_fraction_mean": 0.443125,
    "passes_90pct_recall_at_50pct_removal": false
  },
  {
    "encoder": "dinov2_b14",
    "method": "rank_only",
    "shortlist_size": 3,
    "rows": 7,
    "targets": 7,
    "best_candidate_recall_mean": 0.5714285714285714,
    "top3_candidate_recall_mean": 0.47619047619047616,
    "best_candidate_family_recall_mean": 0.5714285714285714,
    "top3_candidate_family_recall_mean": 0.47619047619047616,
    "validation_regret_mean": 0.0005360481117153545,
    "normalized_validation_regret_mean": 0.05935853685949447,
    "test_regret_mean": 0.0021209580557686814,
    "removed_fraction": 0.85,
    "selected_family_count_mean": 2.0,
    "removed_family_fraction_mean": 0.875,
    "passes_90pct_recall_at_50pct_removal": false
  },
  {
    "encoder": "dinov2_b14",
    "method": "rank_only",
    "shortlist_size": 5,
    "rows": 7,
    "targets": 7,
    "best_candidate_recall_mean": 0.7142857142857143,
    "top3_candidate_recall_mean": 0.7142857142857143,
    "best_candidate_family_recall_mean": 0.7142857142857143,
    "top3_candidate_family_recall_mean": 0.7142857142857143,
    "validation_regret_mean": 0.000221369908640634,
    "normalized_validation_regret_mean": 0.023982655929856978,
    "test_regret_mean": -6.547314780100002e-05,
    "removed_fraction": 0.75,
    "selected_family_count_mean": 4.0,
    "removed_family_fraction_mean": 0.75,
    "passes_90pct_recall_at_50pct_removal": false
  },
  {
    "encoder": "dinov2_b14",
    "method": "rank_only",
    "shortlist_size": 10,
    "rows": 7,
    "targets": 7,
    "best_candidate_recall_mean": 0.7142857142857143,
    "top3_candidate_recall_mean": 0.7619047619047619,
    "best_candidate_family_recall_mean": 0.7142857142857143,
    "top3_candidate_family_recall_mean": 0.7857142857142857,
    "validation_regret_mean": 0.00016610552125692228,
    "normalized_validation_regret_mean": 0.017903575185891564,
    "test_regret_mean": 0.0012738125664847175,
    "removed_fraction": 0.5,
    "selected_family_count_mean": 7.0,
    "removed_family_fraction_mean": 0.5625,
    "passes_90pct_recall_at_50pct_removal": false
  }
]
SOURCE_DONE=octmnist COMPLETED=9/21
[
  {
    "encoder": "dinov2_b14",
    "method": "dpp_subspace",
    "shortlist_size": 3,
    "rows": 7,
    "targets": 7,
    "best_candidate_recall_mean": 0.5714285714285714,
    "top3_candidate_recall_mean": 0.3333333333333333,
    "best_candidate_family_recall_mean": 0.5714285714285714,
    "top3_candidate_family_recall_mean": 0.5714285714285714,
    "validation_regret_mean": 0.0004185675074840197,
    "normalized_validation_regret_mean": 0.044418027198902706,
    "test_regret_mean": -0.00027965647833689503,
    "removed_fraction": 0.85,
    "selected_family_count_mean": 3.0,
    "removed_family_fraction_mean": 0.8235294117647057,
    "passes_90pct_recall_at_50pct_removal": false
  },
  {
    "encoder": "dinov2_b14",
    "method": "dpp_subspace",
    "shortlist_size": 5,
    "rows": 7,
    "targets": 7,
    "best_candidate_recall_mean": 0.7142857142857143,
    "top3_candidate_recall_mean": 0.47619047619047616,
    "best_candidate_family_recall_mean": 0.7142857142857143,
    "top3_candidate_family_recall_mean": 0.7857142857142857,
    "validation_regret_mean": 0.00027851271389909914,
    "normalized_validation_regret_mean": 0.028060398502386674,
    "test_regret_mean": -0.00024537018367222697,
    "removed_fraction": 0.75,
    "selected_family_count_mean": 5.0,
    "removed_family_fraction_mean": 0.7058823529411765,
    "passes_90pct_recall_at_50pct_removal": false
  },
  {
    "encoder": "dinov2_b14",
    "method": "dpp_subspace",
    "shortlist_size": 10,
    "rows": 7,
    "targets": 7,
    "best_candidate_recall_mean": 0.7142857142857143,
    "top3_candidate_recall_mean": 0.7142857142857143,
    "best_candidate_family_recall_mean": 0.7142857142857143,
    "top3_candidate_family_recall_mean": 0.7857142857142857,
    "validation_regret_mean": 0.000221369908640634,
    "normalized_validation_regret_mean": 0.023982655929856978,
    "test_regret_mean": -6.547314780100002e-05,
    "removed_fraction": 0.5,
    "selected_family_count_mean": 9.0,
    "removed_family_fraction_mean": 0.4705882352941177,
    "passes_90pct_recall_at_50pct_removal": false
  },
  {
    "encoder": "dinov2_b14",
    "method": "facility_subspace",
    "shortlist_size": 3,
    "rows": 7,
    "targets": 7,
    "best_candidate_recall_mean": 0.0,
    "top3_candidate_recall_mean": 0.3333333333333333,
    "best_candidate_family_recall_mean": 0.14285714285714285,
    "top3_candidate_family_recall_mean": 0.42857142857142855,
    "validation_regret_mean": 0.00336175826429354,
    "normalized_validation_regret_mean": 0.12731903089857693,
    "test_regret_mean": 0.004609841959817047,
    "removed_fraction": 0.85,
    "selected_family_count_mean": 3.0,
    "removed_family_fraction_mean": 0.8235294117647057,
    "passes_90pct_recall_at_50pct_removal": false
  },
  {
    "encoder": "dinov2_b14",
    "method": "facility_subspace",
    "shortlist_size": 5,
    "rows": 7,
    "targets": 7,
    "best_candidate_recall_mean": 0.0,
    "top3_candidate_recall_mean": 0.42857142857142855,
    "best_candidate_family_recall_mean": 0.14285714285714285,
    "top3_candidate_family_recall_mean": 0.5238095238095238,
    "validation_regret_mean": 0.003354159864177594,
    "normalized_validation_regret_mean": 0.12702550362172432,
    "test_regret_mean": 0.006463943208966911,
    "removed_fraction": 0.75,
    "selected_family_count_mean": 5.0,
    "removed_family_fraction_mean": 0.7058823529411765,
    "passes_90pct_recall_at_50pct_removal": false
  },
  {
    "encoder": "dinov2_b14",
    "method": "facility_subspace",
    "shortlist_size": 10,
    "rows": 7,
    "targets": 7,
    "best_candidate_recall_mean": 0.0,
    "top3_candidate_recall_mean": 0.4761904761904762,
    "best_candidate_family_recall_mean": 0.14285714285714285,
    "top3_candidate_family_recall_mean": 0.5714285714285714,
    "validation_regret_mean": 0.003300826341358246,
    "normalized_validation_regret_mean": 0.12557148189215975,
    "test_regret_mean": 0.007846803324563143,
    "removed_fraction": 0.5,
    "selected_family_count_mean": 10.0,
    "removed_family_fraction_mean": 0.41176470588235287,
    "passes_90pct_recall_at_50pct_removal": false
  },
  {
    "encoder": "dinov2_b14",
    "method": "kcenter_subspace",
    "shortlist_size": 3,
    "rows": 7,
    "targets": 7,
    "best_candidate_recall_mean": 0.5714285714285714,
    "top3_candidate_recall_mean": 0.2857142857142857,
    "best_candidate_family_recall_mean": 0.5714285714285714,
    "top3_candidate_family_recall_mean": 0.2857142857142857,
    "validation_regret_mean": 0.0008514675187544864,
    "normalized_validation_regret_mean": 0.09203701380423211,
    "test_regret_mean": 0.0017292720930916733,
    "removed_fraction": 0.85,
    "selected_family_count_mean": 3.0,
    "removed_family_fraction_mean": 0.8235294117647057,
    "passes_90pct_recall_at_50pct_removal": false
  },
  {
    "encoder": "dinov2_b14",
    "method": "kcenter_subspace",
    "shortlist_size": 5,
    "rows": 7,
    "targets": 7,
    "best_candidate_recall_mean": 0.5714285714285714,
    "top3_candidate_recall_mean": 0.2857142857142857,
    "best_candidate_family_recall_mean": 0.5714285714285714,
    "top3_candidate_family_recall_mean": 0.2857142857142857,
    "validation_regret_mean": 0.0007685717993302881,
    "normalized_validation_regret_mean": 0.08291848746990549,
    "test_regret_mean": 0.00485427209309167,
    "removed_fraction": 0.75,
    "selected_family_count_mean": 5.0,
    "removed_family_fraction_mean": 0.7058823529411765,
    "passes_90pct_recall_at_50pct_removal": false
  },
  {
    "encoder": "dinov2_b14",
    "method": "kcenter_subspace",
    "shortlist_size": 10,
    "rows": 7,
    "targets": 7,
    "best_candidate_recall_mean": 0.7142857142857143,
    "top3_candidate_recall_mean": 0.5238095238095238,
    "best_candidate_family_recall_mean": 0.8571428571428571,
    "top3_candidate_family_recall_mean": 0.5476190476190476,
    "validation_regret_mean": 0.00020482869935234405,
    "normalized_validation_regret_mean": 0.019955159393172075,
    "test_regret_mean": 0.0037724869591849097,
    "removed_fraction": 0.5,
    "selected_family_count_mean": 10.0,
    "removed_family_fraction_mean": 0.41176470588235287,
    "passes_90pct_recall_at_50pct_removal": false
  },
  {
    "encoder": "dinov2_b14",
    "method": "pool_vendi_subspace",
    "shortlist_size": 3,
    "rows": 7,
    "targets": 7,
    "best_candidate_recall_mean": 0.5714285714285714,
    "top3_candidate_recall_mean": 0.2857142857142857,
    "best_candidate_family_recall_mean": 0.5714285714285714,
    "top3_candidate_family_recall_mean": 0.2857142857142857,
    "validation_regret_mean": 0.0008514675187544864,
    "normalized_validation_regret_mean": 0.09203701380423211,
    "test_regret_mean": 0.0017292720930916733,
    "removed_fraction": 0.85,
    "selected_family_count_mean": 3.0,
    "removed_family_fraction_mean": 0.8235294117647057,
    "passes_90pct_recall_at_50pct_removal": false
  },
  {
    "encoder": "dinov2_b14",
    "method": "pool_vendi_subspace",
    "shortlist_size": 5,
    "rows": 7,
    "targets": 7,
    "best_candidate_recall_mean": 0.7142857142857143,
    "top3_candidate_recall_mean": 0.42857142857142855,
    "best_candidate_family_recall_mean": 0.7142857142857143,
    "top3_candidate_family_recall_mean": 0.42857142857142855,
    "validation_regret_mean": 0.00029693408742275426,
    "normalized_validation_regret_mean": 0.030086748967244115,
    "test_regret_mean": 0.0010939155306134904,
    "removed_fraction": 0.75,
    "selected_family_count_mean": 5.0,
    "removed_family_fraction_mean": 0.7058823529411765,
    "passes_90pct_recall_at_50pct_removal": false
  },
  {
    "encoder": "dinov2_b14",
    "method": "pool_vendi_subspace",
    "shortlist_size": 10,
    "rows": 7,
    "targets": 7,
    "best_candidate_recall_mean": 0.7142857142857143,
    "top3_candidate_recall_mean": 0.5238095238095238,
    "best_candidate_family_recall_mean": 0.8571428571428571,
    "top3_candidate_family_recall_mean": 0.5476190476190476,
    "validation_regret_mean": 0.00020482869935234405,
    "normalized_validation_regret_mean": 0.019955159393172075,
    "test_regret_mean": 0.0037724869591849097,
    "removed_fraction": 0.5,
    "selected_family_count_mean": 10.0,
    "removed_family_fraction_mean": 0.41176470588235287,
    "passes_90pct_recall_at_50pct_removal": false
  },
  {
    "encoder": "dinov2_b14",
    "method": "random",
    "shortlist_size": 3,
    "rows": 700,
    "targets": 7,
    "best_candidate_recall_mean": 0.12428571428571429,
    "top3_candidate_recall_mean": 0.13904761904761903,
    "best_candidate_family_recall_mean": 0.1442857142857143,
    "top3_candidate_family_recall_mean": 0.1992857142857143,
    "validation_regret_mean": 0.004906061478449389,
    "normalized_validation_regret_mean": 0.21340389629567694,
    "test_regret_mean": 0.005512291720935262,
    "removed_fraction": 0.85,
    "selected_family_count_mean": 2.9585714285714286,
    "removed_family_fraction_mean": 0.825966386554622,
    "passes_90pct_recall_at_50pct_removal": false
  },
  {
    "encoder": "dinov2_b14",
    "method": "random",
    "shortlist_size": 5,
    "rows": 700,
    "targets": 7,
    "best_candidate_recall_mean": 0.24428571428571427,
    "top3_candidate_recall_mean": 0.2523809523809523,
    "best_candidate_family_recall_mean": 0.2742857142857143,
    "top3_candidate_family_recall_mean": 0.3383333333333333,
    "validation_regret_mean": 0.003517559062278579,
    "normalized_validation_regret_mean": 0.1456539377242425,
    "test_regret_mean": 0.004378154090472617,
    "removed_fraction": 0.75,
    "selected_family_count_mean": 4.811428571428571,
    "removed_family_fraction_mean": 0.7169747899159664,
    "passes_90pct_recall_at_50pct_removal": false
  },
  {
    "encoder": "dinov2_b14",
    "method": "random",
    "shortlist_size": 10,
    "rows": 700,
    "targets": 7,
    "best_candidate_recall_mean": 0.5042857142857143,
    "top3_candidate_recall_mean": 0.4966666666666667,
    "best_candidate_family_recall_mean": 0.5457142857142857,
    "top3_candidate_family_recall_mean": 0.6104761904761904,
    "validation_regret_mean": 0.0018027237110603046,
    "normalized_validation_regret_mean": 0.0737126366167523,
    "test_regret_mean": 0.002593666928155072,
    "removed_fraction": 0.5,
    "selected_family_count_mean": 9.285714285714286,
    "removed_family_fraction_mean": 0.453781512605042,
    "passes_90pct_recall_at_50pct_removal": false
  },
  {
    "encoder": "dinov2_b14",
    "method": "rank_only",
    "shortlist_size": 3,
    "rows": 7,
    "targets": 7,
    "best_candidate_recall_mean": 0.5714285714285714,
    "top3_candidate_recall_mean": 0.47619047619047616,
    "best_candidate_family_recall_mean": 0.5714285714285714,
    "top3_candidate_family_recall_mean": 0.47619047619047616,
    "validation_regret_mean": 0.0005360481117153545,
    "normalized_validation_regret_mean": 0.05935853685949447,
    "test_regret_mean": 0.0021209580557686814,
    "removed_fraction": 0.85,
    "selected_family_count_mean": 2.0,
    "removed_family_fraction_mean": 0.8823529411764708,
    "passes_90pct_recall_at_50pct_removal": false
  },
  {
    "encoder": "dinov2_b14",
    "method": "rank_only",
    "shortlist_size": 5,
    "rows": 7,
    "targets": 7,
    "best_candidate_recall_mean": 0.7142857142857143,
    "top3_candidate_recall_mean": 0.7142857142857143,
    "best_candidate_family_recall_mean": 0.7142857142857143,
    "top3_candidate_family_recall_mean": 0.7142857142857143,
    "validation_regret_mean": 0.000221369908640634,
    "normalized_validation_regret_mean": 0.023982655929856978,
    "test_regret_mean": -6.547314780100002e-05,
    "removed_fraction": 0.75,
    "selected_family_count_mean": 4.0,
    "removed_family_fraction_mean": 0.7647058823529411,
    "passes_90pct_recall_at_50pct_removal": false
  },
  {
    "encoder": "dinov2_b14",
    "method": "rank_only",
    "shortlist_size": 10,
    "rows": 7,
    "targets": 7,
    "best_candidate_recall_mean": 0.7142857142857143,
    "top3_candidate_recall_mean": 0.7619047619047619,
    "best_candidate_family_recall_mean": 0.7142857142857143,
    "top3_candidate_family_recall_mean": 0.7857142857142857,
    "validation_regret_mean": 0.00016610552125692228,
    "normalized_validation_regret_mean": 0.017903575185891564,
    "test_regret_mean": 0.0012738125664847175,
    "removed_fraction": 0.5,
    "selected_family_count_mean": 8.0,
    "removed_family_fraction_mean": 0.5294117647058824,
    "passes_90pct_recall_at_50pct_removal": false
  }
]
SOURCE_DONE=organamnist COMPLETED=10/21
[
  {
    "encoder": "dinov2_b14",
    "method": "dpp_subspace",
    "shortlist_size": 3,
    "rows": 7,
    "targets": 7,
    "best_candidate_recall_mean": 0.5714285714285714,
    "top3_candidate_recall_mean": 0.38095238095238093,
    "best_candidate_family_recall_mean": 0.5714285714285714,
    "top3_candidate_family_recall_mean": 0.6428571428571429,
    "validation_regret_mean": 0.0004185675074840197,
    "normalized_validation_regret_mean": 0.044418027198902706,
    "test_regret_mean": -0.00027965647833689503,
    "removed_fraction": 0.85,
    "selected_family_count_mean": 3.0,
    "removed_family_fraction_mean": 0.8235294117647057,
    "passes_90pct_recall_at_50pct_removal": false
  },
  {
    "encoder": "dinov2_b14",
    "method": "dpp_subspace",
    "shortlist_size": 5,
    "rows": 7,
    "targets": 7,
    "best_candidate_recall_mean": 0.7142857142857143,
    "top3_candidate_recall_mean": 0.5238095238095237,
    "best_candidate_family_recall_mean": 0.7142857142857143,
    "top3_candidate_family_recall_mean": 0.7857142857142857,
    "validation_regret_mean": 0.00027851271389909914,
    "normalized_validation_regret_mean": 0.028060398502386674,
    "test_regret_mean": -0.00024537018367222697,
    "removed_fraction": 0.75,
    "selected_family_count_mean": 5.0,
    "removed_family_fraction_mean": 0.7058823529411765,
    "passes_90pct_recall_at_50pct_removal": false
  },
  {
    "encoder": "dinov2_b14",
    "method": "dpp_subspace",
    "shortlist_size": 10,
    "rows": 7,
    "targets": 7,
    "best_candidate_recall_mean": 0.7142857142857143,
    "top3_candidate_recall_mean": 0.7619047619047619,
    "best_candidate_family_recall_mean": 0.7142857142857143,
    "top3_candidate_family_recall_mean": 0.7857142857142857,
    "validation_regret_mean": 0.000221369908640634,
    "normalized_validation_regret_mean": 0.023982655929856978,
    "test_regret_mean": -6.547314780100002e-05,
    "removed_fraction": 0.5,
    "selected_family_count_mean": 8.0,
    "removed_family_fraction_mean": 0.5294117647058824,
    "passes_90pct_recall_at_50pct_removal": false
  },
  {
    "encoder": "dinov2_b14",
    "method": "facility_subspace",
    "shortlist_size": 3,
    "rows": 7,
    "targets": 7,
    "best_candidate_recall_mean": 0.0,
    "top3_candidate_recall_mean": 0.3333333333333333,
    "best_candidate_family_recall_mean": 0.14285714285714285,
    "top3_candidate_family_recall_mean": 0.35714285714285715,
    "validation_regret_mean": 0.00336175826429354,
    "normalized_validation_regret_mean": 0.12731903089857693,
    "test_regret_mean": 0.004609841959817047,
    "removed_fraction": 0.85,
    "selected_family_count_mean": 3.0,
    "removed_family_fraction_mean": 0.8235294117647057,
    "passes_90pct_recall_at_50pct_removal": false
  },
  {
    "encoder": "dinov2_b14",
    "method": "facility_subspace",
    "shortlist_size": 5,
    "rows": 7,
    "targets": 7,
    "best_candidate_recall_mean": 0.0,
    "top3_candidate_recall_mean": 0.47619047619047616,
    "best_candidate_family_recall_mean": 0.14285714285714285,
    "top3_candidate_family_recall_mean": 0.5238095238095238,
    "validation_regret_mean": 0.003354159864177594,
    "normalized_validation_regret_mean": 0.12702550362172432,
    "test_regret_mean": 0.006463943208966911,
    "removed_fraction": 0.75,
    "selected_family_count_mean": 5.0,
    "removed_family_fraction_mean": 0.7058823529411765,
    "passes_90pct_recall_at_50pct_removal": false
  },
  {
    "encoder": "dinov2_b14",
    "method": "facility_subspace",
    "shortlist_size": 10,
    "rows": 7,
    "targets": 7,
    "best_candidate_recall_mean": 0.0,
    "top3_candidate_recall_mean": 0.5238095238095238,
    "best_candidate_family_recall_mean": 0.14285714285714285,
    "top3_candidate_family_recall_mean": 0.5714285714285714,
    "validation_regret_mean": 0.003300826341358246,
    "normalized_validation_regret_mean": 0.12557148189215975,
    "test_regret_mean": 0.007846803324563143,
    "removed_fraction": 0.5,
    "selected_family_count_mean": 10.0,
    "removed_family_fraction_mean": 0.41176470588235287,
    "passes_90pct_recall_at_50pct_removal": false
  },
  {
    "encoder": "dinov2_b14",
    "method": "kcenter_subspace",
    "shortlist_size": 3,
    "rows": 7,
    "targets": 7,
    "best_candidate_recall_mean": 0.5714285714285714,
    "top3_candidate_recall_mean": 0.2857142857142857,
    "best_candidate_family_recall_mean": 0.5714285714285714,
    "top3_candidate_family_recall_mean": 0.2857142857142857,
    "validation_regret_mean": 0.0008514675187544864,
    "normalized_validation_regret_mean": 0.09203701380423211,
    "test_regret_mean": 0.0017292720930916733,
    "removed_fraction": 0.85,
    "selected_family_count_mean": 3.0,
    "removed_family_fraction_mean": 0.8235294117647057,
    "passes_90pct_recall_at_50pct_removal": false
  },
  {
    "encoder": "dinov2_b14",
    "method": "kcenter_subspace",
    "shortlist_size": 5,
    "rows": 7,
    "targets": 7,
    "best_candidate_recall_mean": 0.5714285714285714,
    "top3_candidate_recall_mean": 0.2857142857142857,
    "best_candidate_family_recall_mean": 0.5714285714285714,
    "top3_candidate_family_recall_mean": 0.2857142857142857,
    "validation_regret_mean": 0.0007685717993302881,
    "normalized_validation_regret_mean": 0.08291848746990549,
    "test_regret_mean": 0.00485427209309167,
    "removed_fraction": 0.75,
    "selected_family_count_mean": 5.0,
    "removed_family_fraction_mean": 0.7058823529411765,
    "passes_90pct_recall_at_50pct_removal": false
  },
  {
    "encoder": "dinov2_b14",
    "method": "kcenter_subspace",
    "shortlist_size": 10,
    "rows": 7,
    "targets": 7,
    "best_candidate_recall_mean": 0.7142857142857143,
    "top3_candidate_recall_mean": 0.5238095238095238,
    "best_candidate_family_recall_mean": 0.8571428571428571,
    "top3_candidate_family_recall_mean": 0.5476190476190476,
    "validation_regret_mean": 0.00020482869935234405,
    "normalized_validation_regret_mean": 0.019955159393172075,
    "test_regret_mean": 0.0037724869591849097,
    "removed_fraction": 0.5,
    "selected_family_count_mean": 10.0,
    "removed_family_fraction_mean": 0.41176470588235287,
    "passes_90pct_recall_at_50pct_removal": false
  },
  {
    "encoder": "dinov2_b14",
    "method": "pool_vendi_subspace",
    "shortlist_size": 3,
    "rows": 7,
    "targets": 7,
    "best_candidate_recall_mean": 0.5714285714285714,
    "top3_candidate_recall_mean": 0.2857142857142857,
    "best_candidate_family_recall_mean": 0.5714285714285714,
    "top3_candidate_family_recall_mean": 0.2857142857142857,
    "validation_regret_mean": 0.0008514675187544864,
    "normalized_validation_regret_mean": 0.09203701380423211,
    "test_regret_mean": 0.0017292720930916733,
    "removed_fraction": 0.85,
    "selected_family_count_mean": 3.0,
    "removed_family_fraction_mean": 0.8235294117647057,
    "passes_90pct_recall_at_50pct_removal": false
  },
  {
    "encoder": "dinov2_b14",
    "method": "pool_vendi_subspace",
    "shortlist_size": 5,
    "rows": 7,
    "targets": 7,
    "best_candidate_recall_mean": 0.7142857142857143,
    "top3_candidate_recall_mean": 0.42857142857142855,
    "best_candidate_family_recall_mean": 0.7142857142857143,
    "top3_candidate_family_recall_mean": 0.42857142857142855,
    "validation_regret_mean": 0.00029693408742275426,
    "normalized_validation_regret_mean": 0.030086748967244115,
    "test_regret_mean": 0.0010939155306134904,
    "removed_fraction": 0.75,
    "selected_family_count_mean": 5.0,
    "removed_family_fraction_mean": 0.7058823529411765,
    "passes_90pct_recall_at_50pct_removal": false
  },
  {
    "encoder": "dinov2_b14",
    "method": "pool_vendi_subspace",
    "shortlist_size": 10,
    "rows": 7,
    "targets": 7,
    "best_candidate_recall_mean": 0.7142857142857143,
    "top3_candidate_recall_mean": 0.5238095238095238,
    "best_candidate_family_recall_mean": 0.8571428571428571,
    "top3_candidate_family_recall_mean": 0.5476190476190476,
    "validation_regret_mean": 0.00020482869935234405,
    "normalized_validation_regret_mean": 0.019955159393172075,
    "test_regret_mean": 0.0037724869591849097,
    "removed_fraction": 0.5,
    "selected_family_count_mean": 10.0,
    "removed_family_fraction_mean": 0.41176470588235287,
    "passes_90pct_recall_at_50pct_removal": false
  },
  {
    "encoder": "dinov2_b14",
    "method": "random",
    "shortlist_size": 3,
    "rows": 700,
    "targets": 7,
    "best_candidate_recall_mean": 0.12428571428571429,
    "top3_candidate_recall_mean": 0.14047619047619045,
    "best_candidate_family_recall_mean": 0.1442857142857143,
    "top3_candidate_family_recall_mean": 0.195,
    "validation_regret_mean": 0.004929897648531832,
    "normalized_validation_regret_mean": 0.2163469369744556,
    "test_regret_mean": 0.005506591609546104,
    "removed_fraction": 0.85,
    "selected_family_count_mean": 2.9585714285714286,
    "removed_family_fraction_mean": 0.825966386554622,
    "passes_90pct_recall_at_50pct_removal": false
  },
  {
    "encoder": "dinov2_b14",
    "method": "random",
    "shortlist_size": 5,
    "rows": 700,
    "targets": 7,
    "best_candidate_recall_mean": 0.24428571428571427,
    "top3_candidate_recall_mean": 0.2533333333333333,
    "best_candidate_family_recall_mean": 0.2742857142857143,
    "top3_candidate_family_recall_mean": 0.3269047619047619,
    "validation_regret_mean": 0.003536741852980179,
    "normalized_validation_regret_mean": 0.14833469773846253,
    "test_regret_mean": 0.004362626024654923,
    "removed_fraction": 0.75,
    "selected_family_count_mean": 4.811428571428571,
    "removed_family_fraction_mean": 0.7169747899159664,
    "passes_90pct_recall_at_50pct_removal": false
  },
  {
    "encoder": "dinov2_b14",
    "method": "random",
    "shortlist_size": 10,
    "rows": 700,
    "targets": 7,
    "best_candidate_recall_mean": 0.5042857142857143,
    "top3_candidate_recall_mean": 0.4995238095238095,
    "best_candidate_family_recall_mean": 0.5457142857142857,
    "top3_candidate_family_recall_mean": 0.5919047619047618,
    "validation_regret_mean": 0.0018134058355917706,
    "normalized_validation_regret_mean": 0.074892255255306,
    "test_regret_mean": 0.0025624161107199437,
    "removed_fraction": 0.5,
    "selected_family_count_mean": 9.285714285714286,
    "removed_family_fraction_mean": 0.453781512605042,
    "passes_90pct_recall_at_50pct_removal": false
  },
  {
    "encoder": "dinov2_b14",
    "method": "rank_only",
    "shortlist_size": 3,
    "rows": 7,
    "targets": 7,
    "best_candidate_recall_mean": 0.5714285714285714,
    "top3_candidate_recall_mean": 0.47619047619047616,
    "best_candidate_family_recall_mean": 0.5714285714285714,
    "top3_candidate_family_recall_mean": 0.47619047619047616,
    "validation_regret_mean": 0.0005360481117153545,
    "normalized_validation_regret_mean": 0.05935853685949447,
    "test_regret_mean": 0.0021209580557686814,
    "removed_fraction": 0.85,
    "selected_family_count_mean": 2.0,
    "removed_family_fraction_mean": 0.8823529411764708,
    "passes_90pct_recall_at_50pct_removal": false
  },
  {
    "encoder": "dinov2_b14",
    "method": "rank_only",
    "shortlist_size": 5,
    "rows": 7,
    "targets": 7,
    "best_candidate_recall_mean": 0.7142857142857143,
    "top3_candidate_recall_mean": 0.7619047619047619,
    "best_candidate_family_recall_mean": 0.7142857142857143,
    "top3_candidate_family_recall_mean": 0.7857142857142857,
    "validation_regret_mean": 0.000221369908640634,
    "normalized_validation_regret_mean": 0.023982655929856978,
    "test_regret_mean": -6.547314780100002e-05,
    "removed_fraction": 0.75,
    "selected_family_count_mean": 4.0,
    "removed_family_fraction_mean": 0.7647058823529411,
    "passes_90pct_recall_at_50pct_removal": false
  },
  {
    "encoder": "dinov2_b14",
    "method": "rank_only",
    "shortlist_size": 10,
    "rows": 7,
    "targets": 7,
    "best_candidate_recall_mean": 0.7142857142857143,
    "top3_candidate_recall_mean": 0.7619047619047619,
    "best_candidate_family_recall_mean": 0.7142857142857143,
    "top3_candidate_family_recall_mean": 0.7857142857142857,
    "validation_regret_mean": 0.000221369908640634,
    "normalized_validation_regret_mean": 0.023982655929856978,
    "test_regret_mean": -6.547314780100002e-05,
    "removed_fraction": 0.5,
    "selected_family_count_mean": 8.0,
    "removed_family_fraction_mean": 0.5294117647058824,
    "passes_90pct_recall_at_50pct_removal": false
  }
]
SOURCE_DONE=organcmnist COMPLETED=11/21
[
  {
    "encoder": "dinov2_b14",
    "method": "dpp_subspace",
    "shortlist_size": 3,
    "rows": 7,
    "targets": 7,
    "best_candidate_recall_mean": 0.5714285714285714,
    "top3_candidate_recall_mean": 0.3333333333333333,
    "best_candidate_family_recall_mean": 0.5714285714285714,
    "top3_candidate_family_recall_mean": 0.5714285714285714,
    "validation_regret_mean": 0.0004185675074840197,
    "normalized_validation_regret_mean": 0.044418027198902706,
    "test_regret_mean": -0.00027965647833689503,
    "removed_fraction": 0.85,
    "selected_family_count_mean": 3.0,
    "removed_family_fraction_mean": 0.8235294117647057,
    "passes_90pct_recall_at_50pct_removal": false
  },
  {
    "encoder": "dinov2_b14",
    "method": "dpp_subspace",
    "shortlist_size": 5,
    "rows": 7,
    "targets": 7,
    "best_candidate_recall_mean": 0.7142857142857143,
    "top3_candidate_recall_mean": 0.5238095238095237,
    "best_candidate_family_recall_mean": 0.7142857142857143,
    "top3_candidate_family_recall_mean": 0.7857142857142857,
    "validation_regret_mean": 0.00022324832651538746,
    "normalized_validation_regret_mean": 0.021981317758421264,
    "test_regret_mean": 0.0010939155306134904,
    "removed_fraction": 0.75,
    "selected_family_count_mean": 5.0,
    "removed_family_fraction_mean": 0.7058823529411765,
    "passes_90pct_recall_at_50pct_removal": false
  },
  {
    "encoder": "dinov2_b14",
    "method": "dpp_subspace",
    "shortlist_size": 10,
    "rows": 7,
    "targets": 7,
    "best_candidate_recall_mean": 0.7142857142857143,
    "top3_candidate_recall_mean": 0.7619047619047619,
    "best_candidate_family_recall_mean": 0.7142857142857143,
    "top3_candidate_family_recall_mean": 0.7857142857142857,
    "validation_regret_mean": 0.00016610552125692228,
    "normalized_validation_regret_mean": 0.017903575185891564,
    "test_regret_mean": 0.0012738125664847175,
    "removed_fraction": 0.5,
    "selected_family_count_mean": 9.0,
    "removed_family_fraction_mean": 0.4705882352941177,
    "passes_90pct_recall_at_50pct_removal": false
  },
  {
    "encoder": "dinov2_b14",
    "method": "facility_subspace",
    "shortlist_size": 3,
    "rows": 7,
    "targets": 7,
    "best_candidate_recall_mean": 0.0,
    "top3_candidate_recall_mean": 0.380952380952381,
    "best_candidate_family_recall_mean": 0.14285714285714285,
    "top3_candidate_family_recall_mean": 0.42857142857142855,
    "validation_regret_mean": 0.00336175826429354,
    "normalized_validation_regret_mean": 0.12731903089857693,
    "test_regret_mean": 0.004609841959817047,
    "removed_fraction": 0.85,
    "selected_family_count_mean": 3.0,
    "removed_family_fraction_mean": 0.8235294117647057,
    "passes_90pct_recall_at_50pct_removal": false
  },
  {
    "encoder": "dinov2_b14",
    "method": "facility_subspace",
    "shortlist_size": 5,
    "rows": 7,
    "targets": 7,
    "best_candidate_recall_mean": 0.0,
    "top3_candidate_recall_mean": 0.47619047619047616,
    "best_candidate_family_recall_mean": 0.14285714285714285,
    "top3_candidate_family_recall_mean": 0.5238095238095238,
    "validation_regret_mean": 0.003354159864177594,
    "normalized_validation_regret_mean": 0.12702550362172432,
    "test_regret_mean": 0.006463943208966911,
    "removed_fraction": 0.75,
    "selected_family_count_mean": 5.0,
    "removed_family_fraction_mean": 0.7058823529411765,
    "passes_90pct_recall_at_50pct_removal": false
  },
  {
    "encoder": "dinov2_b14",
    "method": "facility_subspace",
    "shortlist_size": 10,
    "rows": 7,
    "targets": 7,
    "best_candidate_recall_mean": 0.0,
    "top3_candidate_recall_mean": 0.5238095238095238,
    "best_candidate_family_recall_mean": 0.14285714285714285,
    "top3_candidate_family_recall_mean": 0.5714285714285714,
    "validation_regret_mean": 0.003300826341358246,
    "normalized_validation_regret_mean": 0.12557148189215975,
    "test_regret_mean": 0.007846803324563143,
    "removed_fraction": 0.5,
    "selected_family_count_mean": 10.0,
    "removed_family_fraction_mean": 0.41176470588235287,
    "passes_90pct_recall_at_50pct_removal": false
  },
  {
    "encoder": "dinov2_b14",
    "method": "kcenter_subspace",
    "shortlist_size": 3,
    "rows": 7,
    "targets": 7,
    "best_candidate_recall_mean": 0.5714285714285714,
    "top3_candidate_recall_mean": 0.2857142857142857,
    "best_candidate_family_recall_mean": 0.5714285714285714,
    "top3_candidate_family_recall_mean": 0.2857142857142857,
    "validation_regret_mean": 0.0008514675187544864,
    "normalized_validation_regret_mean": 0.09203701380423211,
    "test_regret_mean": 0.0017292720930916733,
    "removed_fraction": 0.85,
    "selected_family_count_mean": 3.0,
    "removed_family_fraction_mean": 0.8235294117647057,
    "passes_90pct_recall_at_50pct_removal": false
  },
  {
    "encoder": "dinov2_b14",
    "method": "kcenter_subspace",
    "shortlist_size": 5,
    "rows": 7,
    "targets": 7,
    "best_candidate_recall_mean": 0.5714285714285714,
    "top3_candidate_recall_mean": 0.2857142857142857,
    "best_candidate_family_recall_mean": 0.5714285714285714,
    "top3_candidate_family_recall_mean": 0.2857142857142857,
    "validation_regret_mean": 0.0007685717993302881,
    "normalized_validation_regret_mean": 0.08291848746990549,
    "test_regret_mean": 0.00485427209309167,
    "removed_fraction": 0.75,
    "selected_family_count_mean": 5.0,
    "removed_family_fraction_mean": 0.7058823529411765,
    "passes_90pct_recall_at_50pct_removal": false
  },
  {
    "encoder": "dinov2_b14",
    "method": "kcenter_subspace",
    "shortlist_size": 10,
    "rows": 7,
    "targets": 7,
    "best_candidate_recall_mean": 0.7142857142857143,
    "top3_candidate_recall_mean": 0.5238095238095238,
    "best_candidate_family_recall_mean": 0.8571428571428571,
    "top3_candidate_family_recall_mean": 0.5476190476190476,
    "validation_regret_mean": 0.00020482869935234405,
    "normalized_validation_regret_mean": 0.019955159393172075,
    "test_regret_mean": 0.0037724869591849097,
    "removed_fraction": 0.5,
    "selected_family_count_mean": 10.0,
    "removed_family_fraction_mean": 0.41176470588235287,
    "passes_90pct_recall_at_50pct_removal": false
  },
  {
    "encoder": "dinov2_b14",
    "method": "pool_vendi_subspace",
    "shortlist_size": 3,
    "rows": 7,
    "targets": 7,
    "best_candidate_recall_mean": 0.5714285714285714,
    "top3_candidate_recall_mean": 0.2857142857142857,
    "best_candidate_family_recall_mean": 0.5714285714285714,
    "top3_candidate_family_recall_mean": 0.2857142857142857,
    "validation_regret_mean": 0.0008514675187544864,
    "normalized_validation_regret_mean": 0.09203701380423211,
    "test_regret_mean": 0.0017292720930916733,
    "removed_fraction": 0.85,
    "selected_family_count_mean": 3.0,
    "removed_family_fraction_mean": 0.8235294117647057,
    "passes_90pct_recall_at_50pct_removal": false
  },
  {
    "encoder": "dinov2_b14",
    "method": "pool_vendi_subspace",
    "shortlist_size": 5,
    "rows": 7,
    "targets": 7,
    "best_candidate_recall_mean": 0.7142857142857143,
    "top3_candidate_recall_mean": 0.42857142857142855,
    "best_candidate_family_recall_mean": 0.7142857142857143,
    "top3_candidate_family_recall_mean": 0.42857142857142855,
    "validation_regret_mean": 0.00029693408742275426,
    "normalized_validation_regret_mean": 0.030086748967244115,
    "test_regret_mean": 0.0010939155306134904,
    "removed_fraction": 0.75,
    "selected_family_count_mean": 5.0,
    "removed_family_fraction_mean": 0.7058823529411765,
    "passes_90pct_recall_at_50pct_removal": false
  },
  {
    "encoder": "dinov2_b14",
    "method": "pool_vendi_subspace",
    "shortlist_size": 10,
    "rows": 7,
    "targets": 7,
    "best_candidate_recall_mean": 0.7142857142857143,
    "top3_candidate_recall_mean": 0.5238095238095238,
    "best_candidate_family_recall_mean": 0.8571428571428571,
    "top3_candidate_family_recall_mean": 0.5476190476190476,
    "validation_regret_mean": 0.00020482869935234405,
    "normalized_validation_regret_mean": 0.019955159393172075,
    "test_regret_mean": 0.0037724869591849097,
    "removed_fraction": 0.5,
    "selected_family_count_mean": 10.0,
    "removed_family_fraction_mean": 0.41176470588235287,
    "passes_90pct_recall_at_50pct_removal": false
  },
  {
    "encoder": "dinov2_b14",
    "method": "random",
    "shortlist_size": 3,
    "rows": 700,
    "targets": 7,
    "best_candidate_recall_mean": 0.12428571428571429,
    "top3_candidate_recall_mean": 0.13714285714285715,
    "best_candidate_family_recall_mean": 0.1442857142857143,
    "top3_candidate_family_recall_mean": 0.1992857142857143,
    "validation_regret_mean": 0.004858438926013303,
    "normalized_validation_regret_mean": 0.2127660617776866,
    "test_regret_mean": 0.005510365366935715,
    "removed_fraction": 0.85,
    "selected_family_count_mean": 2.9585714285714286,
    "removed_family_fraction_mean": 0.825966386554622,
    "passes_90pct_recall_at_50pct_removal": false
  },
  {
    "encoder": "dinov2_b14",
    "method": "random",
    "shortlist_size": 5,
    "rows": 700,
    "targets": 7,
    "best_candidate_recall_mean": 0.24428571428571427,
    "top3_candidate_recall_mean": 0.25190476190476185,
    "best_candidate_family_recall_mean": 0.2742857142857143,
    "top3_candidate_family_recall_mean": 0.3383333333333333,
    "validation_regret_mean": 0.0034823577749900215,
    "normalized_validation_regret_mean": 0.14507717120805827,
    "test_regret_mean": 0.004366620063781726,
    "removed_fraction": 0.75,
    "selected_family_count_mean": 4.811428571428571,
    "removed_family_fraction_mean": 0.7169747899159664,
    "passes_90pct_recall_at_50pct_removal": false
  },
  {
    "encoder": "dinov2_b14",
    "method": "random",
    "shortlist_size": 10,
    "rows": 700,
    "targets": 7,
    "best_candidate_recall_mean": 0.5042857142857143,
    "top3_candidate_recall_mean": 0.5028571428571429,
    "best_candidate_family_recall_mean": 0.5457142857142857,
    "top3_candidate_family_recall_mean": 0.6104761904761904,
    "validation_regret_mean": 0.001793437072874684,
    "normalized_validation_regret_mean": 0.07292379623582808,
    "test_regret_mean": 0.002692559157099033,
    "removed_fraction": 0.5,
    "selected_family_count_mean": 9.285714285714286,
    "removed_family_fraction_mean": 0.453781512605042,
    "passes_90pct_recall_at_50pct_removal": false
  },
  {
    "encoder": "dinov2_b14",
    "method": "rank_only",
    "shortlist_size": 3,
    "rows": 7,
    "targets": 7,
    "best_candidate_recall_mean": 0.5714285714285714,
    "top3_candidate_recall_mean": 0.47619047619047616,
    "best_candidate_family_recall_mean": 0.5714285714285714,
    "top3_candidate_family_recall_mean": 0.47619047619047616,
    "validation_regret_mean": 0.0005360481117153545,
    "normalized_validation_regret_mean": 0.05935853685949447,
    "test_regret_mean": 0.0021209580557686814,
    "removed_fraction": 0.85,
    "selected_family_count_mean": 2.0,
    "removed_family_fraction_mean": 0.8823529411764708,
    "passes_90pct_recall_at_50pct_removal": false
  },
  {
    "encoder": "dinov2_b14",
    "method": "rank_only",
    "shortlist_size": 5,
    "rows": 7,
    "targets": 7,
    "best_candidate_recall_mean": 0.7142857142857143,
    "top3_candidate_recall_mean": 0.7142857142857143,
    "best_candidate_family_recall_mean": 0.7142857142857143,
    "top3_candidate_family_recall_mean": 0.7142857142857143,
    "validation_regret_mean": 0.000221369908640634,
    "normalized_validation_regret_mean": 0.023982655929856978,
    "test_regret_mean": -6.547314780100002e-05,
    "removed_fraction": 0.75,
    "selected_family_count_mean": 4.0,
    "removed_family_fraction_mean": 0.7647058823529411,
    "passes_90pct_recall_at_50pct_removal": false
  },
  {
    "encoder": "dinov2_b14",
    "method": "rank_only",
    "shortlist_size": 10,
    "rows": 7,
    "targets": 7,
    "best_candidate_recall_mean": 0.7142857142857143,
    "top3_candidate_recall_mean": 0.7619047619047619,
    "best_candidate_family_recall_mean": 0.7142857142857143,
    "top3_candidate_family_recall_mean": 0.7857142857142857,
    "validation_regret_mean": 0.00016610552125692228,
    "normalized_validation_regret_mean": 0.017903575185891564,
    "test_regret_mean": 0.0012738125664847175,
    "removed_fraction": 0.5,
    "selected_family_count_mean": 8.0,
    "removed_family_fraction_mean": 0.5294117647058824,
    "passes_90pct_recall_at_50pct_removal": false
  }
]
SOURCE_DONE=organsmnist COMPLETED=12/21
[
  {
    "encoder": "dinov2_b14",
    "method": "dpp_subspace",
    "shortlist_size": 3,
    "rows": 7,
    "targets": 7,
    "best_candidate_recall_mean": 0.5714285714285714,
    "top3_candidate_recall_mean": 0.3333333333333333,
    "best_candidate_family_recall_mean": 0.7142857142857143,
    "top3_candidate_family_recall_mean": 0.5714285714285714,
    "validation_regret_mean": 0.0004090428648575609,
    "normalized_validation_regret_mean": 0.04375783714611679,
    "test_regret_mean": -0.0006606119019644728,
    "removed_fraction": 0.85,
    "selected_family_count_mean": 3.0,
    "removed_family_fraction_mean": 0.8125,
    "passes_90pct_recall_at_50pct_removal": false
  },
  {
    "encoder": "dinov2_b14",
    "method": "dpp_subspace",
    "shortlist_size": 5,
    "rows": 7,
    "targets": 7,
    "best_candidate_recall_mean": 0.7142857142857143,
    "top3_candidate_recall_mean": 0.47619047619047616,
    "best_candidate_family_recall_mean": 0.8571428571428571,
    "top3_candidate_family_recall_mean": 0.7857142857142857,
    "validation_regret_mean": 0.00026898807127264036,
    "normalized_validation_regret_mean": 0.027400208449600758,
    "test_regret_mean": -0.0006263256072998047,
    "removed_fraction": 0.75,
    "selected_family_count_mean": 5.0,
    "removed_family_fraction_mean": 0.6875,
    "passes_90pct_recall_at_50pct_removal": false
  },
  {
    "encoder": "dinov2_b14",
    "method": "dpp_subspace",
    "shortlist_size": 10,
    "rows": 7,
    "targets": 7,
    "best_candidate_recall_mean": 0.8571428571428571,
    "top3_candidate_recall_mean": 0.7142857142857143,
    "best_candidate_family_recall_mean": 0.8571428571428571,
    "top3_candidate_family_recall_mean": 0.7857142857142857,
    "validation_regret_mean": 0.00021184526601417515,
    "normalized_validation_regret_mean": 0.023302972100014047,
    "test_regret_mean": -0.00044642857142857776,
    "removed_fraction": 0.5,
    "selected_family_count_mean": 8.0,
    "removed_family_fraction_mean": 0.5,
    "passes_90pct_recall_at_50pct_removal": false
  },
  {
    "encoder": "dinov2_b14",
    "method": "facility_subspace",
    "shortlist_size": 3,
    "rows": 7,
    "targets": 7,
    "best_candidate_recall_mean": 0.14285714285714285,
    "top3_candidate_recall_mean": 0.42857142857142855,
    "best_candidate_family_recall_mean": 0.2857142857142857,
    "top3_candidate_family_recall_mean": 0.4761904761904762,
    "validation_regret_mean": 0.003352233621667081,
    "normalized_validation_regret_mean": 0.126639347068734,
    "test_regret_mean": 0.004228886536189469,
    "removed_fraction": 0.85,
    "selected_family_count_mean": 3.0,
    "removed_family_fraction_mean": 0.8125,
    "passes_90pct_recall_at_50pct_removal": false
  },
  {
    "encoder": "dinov2_b14",
    "method": "facility_subspace",
    "shortlist_size": 5,
    "rows": 7,
    "targets": 7,
    "best_candidate_recall_mean": 0.14285714285714285,
    "top3_candidate_recall_mean": 0.5238095238095238,
    "best_candidate_family_recall_mean": 0.2857142857142857,
    "top3_candidate_family_recall_mean": 0.5714285714285714,
    "validation_regret_mean": 0.003344635221551135,
    "normalized_validation_regret_mean": 0.12634581979188142,
    "test_regret_mean": 0.006082987785339333,
    "removed_fraction": 0.75,
    "selected_family_count_mean": 5.0,
    "removed_family_fraction_mean": 0.6875,
    "passes_90pct_recall_at_50pct_removal": false
  },
  {
    "encoder": "dinov2_b14",
    "method": "facility_subspace",
    "shortlist_size": 10,
    "rows": 7,
    "targets": 7,
    "best_candidate_recall_mean": 0.14285714285714285,
    "top3_candidate_recall_mean": 0.5714285714285714,
    "best_candidate_family_recall_mean": 0.2857142857142857,
    "top3_candidate_family_recall_mean": 0.619047619047619,
    "validation_regret_mean": 0.0032913016987317872,
    "normalized_validation_regret_mean": 0.12489179806231683,
    "test_regret_mean": 0.007465847900935566,
    "removed_fraction": 0.5,
    "selected_family_count_mean": 10.0,
    "removed_family_fraction_mean": 0.375,
    "passes_90pct_recall_at_50pct_removal": false
  },
  {
    "encoder": "dinov2_b14",
    "method": "kcenter_subspace",
    "shortlist_size": 3,
    "rows": 7,
    "targets": 7,
    "best_candidate_recall_mean": 0.5714285714285714,
    "top3_candidate_recall_mean": 0.2857142857142857,
    "best_candidate_family_recall_mean": 0.5714285714285714,
    "top3_candidate_family_recall_mean": 0.2857142857142857,
    "validation_regret_mean": 0.0008419428761280276,
    "normalized_validation_regret_mean": 0.09137682375144619,
    "test_regret_mean": 0.0013483166694640955,
    "removed_fraction": 0.85,
    "selected_family_count_mean": 3.0,
    "removed_family_fraction_mean": 0.8125,
    "passes_90pct_recall_at_50pct_removal": false
  },
  {
    "encoder": "dinov2_b14",
    "method": "kcenter_subspace",
    "shortlist_size": 5,
    "rows": 7,
    "targets": 7,
    "best_candidate_recall_mean": 0.5714285714285714,
    "top3_candidate_recall_mean": 0.2857142857142857,
    "best_candidate_family_recall_mean": 0.5714285714285714,
    "top3_candidate_family_recall_mean": 0.2857142857142857,
    "validation_regret_mean": 0.0007590471567038293,
    "normalized_validation_regret_mean": 0.08225829741711957,
    "test_regret_mean": 0.004473316669464092,
    "removed_fraction": 0.75,
    "selected_family_count_mean": 5.0,
    "removed_family_fraction_mean": 0.6875,
    "passes_90pct_recall_at_50pct_removal": false
  },
  {
    "encoder": "dinov2_b14",
    "method": "kcenter_subspace",
    "shortlist_size": 10,
    "rows": 7,
    "targets": 7,
    "best_candidate_recall_mean": 0.7142857142857143,
    "top3_candidate_recall_mean": 0.5714285714285714,
    "best_candidate_family_recall_mean": 0.8571428571428571,
    "top3_candidate_family_recall_mean": 0.5952380952380951,
    "validation_regret_mean": 0.0001953040567258852,
    "normalized_validation_regret_mean": 0.019294969340386155,
    "test_regret_mean": 0.0033915315355573317,
    "removed_fraction": 0.5,
    "selected_family_count_mean": 10.0,
    "removed_family_fraction_mean": 0.375,
    "passes_90pct_recall_at_50pct_removal": false
  },
  {
    "encoder": "dinov2_b14",
    "method": "pool_vendi_subspace",
    "shortlist_size": 3,
    "rows": 7,
    "targets": 7,
    "best_candidate_recall_mean": 0.5714285714285714,
    "top3_candidate_recall_mean": 0.2857142857142857,
    "best_candidate_family_recall_mean": 0.5714285714285714,
    "top3_candidate_family_recall_mean": 0.2857142857142857,
    "validation_regret_mean": 0.0008419428761280276,
    "normalized_validation_regret_mean": 0.09137682375144619,
    "test_regret_mean": 0.0013483166694640955,
    "removed_fraction": 0.85,
    "selected_family_count_mean": 3.0,
    "removed_family_fraction_mean": 0.8125,
    "passes_90pct_recall_at_50pct_removal": false
  },
  {
    "encoder": "dinov2_b14",
    "method": "pool_vendi_subspace",
    "shortlist_size": 5,
    "rows": 7,
    "targets": 7,
    "best_candidate_recall_mean": 0.7142857142857143,
    "top3_candidate_recall_mean": 0.42857142857142855,
    "best_candidate_family_recall_mean": 0.7142857142857143,
    "top3_candidate_family_recall_mean": 0.42857142857142855,
    "validation_regret_mean": 0.0002874094447962954,
    "normalized_validation_regret_mean": 0.029426558914458195,
    "test_regret_mean": 0.0007129601069859128,
    "removed_fraction": 0.75,
    "selected_family_count_mean": 5.0,
    "removed_family_fraction_mean": 0.6875,
    "passes_90pct_recall_at_50pct_removal": false
  },
  {
    "encoder": "dinov2_b14",
    "method": "pool_vendi_subspace",
    "shortlist_size": 10,
    "rows": 7,
    "targets": 7,
    "best_candidate_recall_mean": 0.7142857142857143,
    "top3_candidate_recall_mean": 0.5714285714285714,
    "best_candidate_family_recall_mean": 0.8571428571428571,
    "top3_candidate_family_recall_mean": 0.5952380952380951,
    "validation_regret_mean": 0.0001953040567258852,
    "normalized_validation_regret_mean": 0.019294969340386155,
    "test_regret_mean": 0.0033915315355573317,
    "removed_fraction": 0.5,
    "selected_family_count_mean": 10.0,
    "removed_family_fraction_mean": 0.375,
    "passes_90pct_recall_at_50pct_removal": false
  },
  {
    "encoder": "dinov2_b14",
    "method": "random",
    "shortlist_size": 3,
    "rows": 700,
    "targets": 7,
    "best_candidate_recall_mean": 0.13,
    "top3_candidate_recall_mean": 0.13761904761904759,
    "best_candidate_family_recall_mean": 0.18142857142857144,
    "top3_candidate_family_recall_mean": 0.20833333333333331,
    "validation_regret_mean": 0.0049107493621700785,
    "normalized_validation_regret_mean": 0.21489665707435743,
    "test_regret_mean": 0.00517067790031432,
    "removed_fraction": 0.85,
    "selected_family_count_mean": 2.932857142857143,
    "removed_family_fraction_mean": 0.8166964285714285,
    "passes_90pct_recall_at_50pct_removal": false
  },
  {
    "encoder": "dinov2_b14",
    "method": "random",
    "shortlist_size": 5,
    "rows": 700,
    "targets": 7,
    "best_candidate_recall_mean": 0.25285714285714284,
    "top3_candidate_recall_mean": 0.25190476190476185,
    "best_candidate_family_recall_mean": 0.3028571428571429,
    "top3_candidate_family_recall_mean": 0.35119047619047616,
    "validation_regret_mean": 0.003530870361574609,
    "normalized_validation_regret_mean": 0.14784327985680903,
    "test_regret_mean": 0.004053224904196595,
    "removed_fraction": 0.75,
    "selected_family_count_mean": 4.712857142857143,
    "removed_family_fraction_mean": 0.7054464285714286,
    "passes_90pct_recall_at_50pct_removal": false
  },
  {
    "encoder": "dinov2_b14",
    "method": "random",
    "shortlist_size": 10,
    "rows": 700,
    "targets": 7,
    "best_candidate_recall_mean": 0.5014285714285714,
    "top3_candidate_recall_mean": 0.49476190476190474,
    "best_candidate_family_recall_mean": 0.5814285714285714,
    "top3_candidate_family_recall_mean": 0.6292857142857143,
    "validation_regret_mean": 0.0018373479043942173,
    "normalized_validation_regret_mean": 0.07600707665568383,
    "test_regret_mean": 0.002554154327937528,
    "removed_fraction": 0.5,
    "selected_family_count_mean": 8.891428571428571,
    "removed_family_fraction_mean": 0.4442857142857143,
    "passes_90pct_recall_at_50pct_removal": false
  },
  {
    "encoder": "dinov2_b14",
    "method": "rank_only",
    "shortlist_size": 3,
    "rows": 7,
    "targets": 7,
    "best_candidate_recall_mean": 0.7142857142857143,
    "top3_candidate_recall_mean": 0.47619047619047616,
    "best_candidate_family_recall_mean": 0.7142857142857143,
    "top3_candidate_family_recall_mean": 0.47619047619047616,
    "validation_regret_mean": 0.0005265234690888956,
    "normalized_validation_regret_mean": 0.05867885302965154,
    "test_regret_mean": 0.0017400026321411038,
    "removed_fraction": 0.85,
    "selected_family_count_mean": 2.0,
    "removed_family_fraction_mean": 0.875,
    "passes_90pct_recall_at_50pct_removal": false
  },
  {
    "encoder": "dinov2_b14",
    "method": "rank_only",
    "shortlist_size": 5,
    "rows": 7,
    "targets": 7,
    "best_candidate_recall_mean": 0.8571428571428571,
    "top3_candidate_recall_mean": 0.7142857142857143,
    "best_candidate_family_recall_mean": 0.8571428571428571,
    "top3_candidate_family_recall_mean": 0.7142857142857143,
    "validation_regret_mean": 0.00021184526601417515,
    "normalized_validation_regret_mean": 0.023302972100014047,
    "test_regret_mean": -0.00044642857142857776,
    "removed_fraction": 0.75,
    "selected_family_count_mean": 4.0,
    "removed_family_fraction_mean": 0.75,
    "passes_90pct_recall_at_50pct_removal": false
  },
  {
    "encoder": "dinov2_b14",
    "method": "rank_only",
    "shortlist_size": 10,
    "rows": 7,
    "targets": 7,
    "best_candidate_recall_mean": 0.8571428571428571,
    "top3_candidate_recall_mean": 0.7619047619047619,
    "best_candidate_family_recall_mean": 0.8571428571428571,
    "top3_candidate_family_recall_mean": 0.7857142857142857,
    "validation_regret_mean": 0.00015658087863046344,
    "normalized_validation_regret_mean": 0.017223891356048633,
    "test_regret_mean": 0.0008928571428571397,
    "removed_fraction": 0.5,
    "selected_family_count_mean": 7.0,
    "removed_family_fraction_mean": 0.5625,
    "passes_90pct_recall_at_50pct_removal": false
  }
]
SOURCE_DONE=pathmnist COMPLETED=13/21
[
  {
    "encoder": "dinov2_b14",
    "method": "dpp_subspace",
    "shortlist_size": 3,
    "rows": 7,
    "targets": 7,
    "best_candidate_recall_mean": 0.5714285714285714,
    "top3_candidate_recall_mean": 0.3333333333333333,
    "best_candidate_family_recall_mean": 0.5714285714285714,
    "top3_candidate_family_recall_mean": 0.5714285714285714,
    "validation_regret_mean": 0.0004185675074840197,
    "normalized_validation_regret_mean": 0.044418027198902706,
    "test_regret_mean": -0.00027965647833689503,
    "removed_fraction": 0.85,
    "selected_family_count_mean": 3.0,
    "removed_family_fraction_mean": 0.8125,
    "passes_90pct_recall_at_50pct_removal": false
  },
  {
    "encoder": "dinov2_b14",
    "method": "dpp_subspace",
    "shortlist_size": 5,
    "rows": 7,
    "targets": 7,
    "best_candidate_recall_mean": 0.7142857142857143,
    "top3_candidate_recall_mean": 0.47619047619047616,
    "best_candidate_family_recall_mean": 0.7142857142857143,
    "top3_candidate_family_recall_mean": 0.7857142857142857,
    "validation_regret_mean": 0.00027851271389909914,
    "normalized_validation_regret_mean": 0.028060398502386674,
    "test_regret_mean": -0.00024537018367222697,
    "removed_fraction": 0.75,
    "selected_family_count_mean": 5.0,
    "removed_family_fraction_mean": 0.6875,
    "passes_90pct_recall_at_50pct_removal": false
  },
  {
    "encoder": "dinov2_b14",
    "method": "dpp_subspace",
    "shortlist_size": 10,
    "rows": 7,
    "targets": 7,
    "best_candidate_recall_mean": 0.7142857142857143,
    "top3_candidate_recall_mean": 0.7142857142857143,
    "best_candidate_family_recall_mean": 0.7142857142857143,
    "top3_candidate_family_recall_mean": 0.7857142857142857,
    "validation_regret_mean": 0.000221369908640634,
    "normalized_validation_regret_mean": 0.023982655929856978,
    "test_regret_mean": -6.547314780100002e-05,
    "removed_fraction": 0.5,
    "selected_family_count_mean": 8.0,
    "removed_family_fraction_mean": 0.5,
    "passes_90pct_recall_at_50pct_removal": false
  },
  {
    "encoder": "dinov2_b14",
    "method": "facility_subspace",
    "shortlist_size": 3,
    "rows": 7,
    "targets": 7,
    "best_candidate_recall_mean": 0.0,
    "top3_candidate_recall_mean": 0.380952380952381,
    "best_candidate_family_recall_mean": 0.14285714285714285,
    "top3_candidate_family_recall_mean": 0.42857142857142855,
    "validation_regret_mean": 0.00336175826429354,
    "normalized_validation_regret_mean": 0.12731903089857693,
    "test_regret_mean": 0.004609841959817047,
    "removed_fraction": 0.85,
    "selected_family_count_mean": 3.0,
    "removed_family_fraction_mean": 0.8125,
    "passes_90pct_recall_at_50pct_removal": false
  },
  {
    "encoder": "dinov2_b14",
    "method": "facility_subspace",
    "shortlist_size": 5,
    "rows": 7,
    "targets": 7,
    "best_candidate_recall_mean": 0.0,
    "top3_candidate_recall_mean": 0.47619047619047616,
    "best_candidate_family_recall_mean": 0.14285714285714285,
    "top3_candidate_family_recall_mean": 0.5238095238095238,
    "validation_regret_mean": 0.003354159864177594,
    "normalized_validation_regret_mean": 0.12702550362172432,
    "test_regret_mean": 0.006463943208966911,
    "removed_fraction": 0.75,
    "selected_family_count_mean": 5.0,
    "removed_family_fraction_mean": 0.6875,
    "passes_90pct_recall_at_50pct_removal": false
  },
  {
    "encoder": "dinov2_b14",
    "method": "facility_subspace",
    "shortlist_size": 10,
    "rows": 7,
    "targets": 7,
    "best_candidate_recall_mean": 0.0,
    "top3_candidate_recall_mean": 0.5238095238095238,
    "best_candidate_family_recall_mean": 0.14285714285714285,
    "top3_candidate_family_recall_mean": 0.5714285714285714,
    "validation_regret_mean": 0.003300826341358246,
    "normalized_validation_regret_mean": 0.12557148189215975,
    "test_regret_mean": 0.007846803324563143,
    "removed_fraction": 0.5,
    "selected_family_count_mean": 10.0,
    "removed_family_fraction_mean": 0.375,
    "passes_90pct_recall_at_50pct_removal": false
  },
  {
    "encoder": "dinov2_b14",
    "method": "kcenter_subspace",
    "shortlist_size": 3,
    "rows": 7,
    "targets": 7,
    "best_candidate_recall_mean": 0.5714285714285714,
    "top3_candidate_recall_mean": 0.2857142857142857,
    "best_candidate_family_recall_mean": 0.5714285714285714,
    "top3_candidate_family_recall_mean": 0.2857142857142857,
    "validation_regret_mean": 0.0008514675187544864,
    "normalized_validation_regret_mean": 0.09203701380423211,
    "test_regret_mean": 0.0017292720930916733,
    "removed_fraction": 0.85,
    "selected_family_count_mean": 3.0,
    "removed_family_fraction_mean": 0.8125,
    "passes_90pct_recall_at_50pct_removal": false
  },
  {
    "encoder": "dinov2_b14",
    "method": "kcenter_subspace",
    "shortlist_size": 5,
    "rows": 7,
    "targets": 7,
    "best_candidate_recall_mean": 0.5714285714285714,
    "top3_candidate_recall_mean": 0.38095238095238093,
    "best_candidate_family_recall_mean": 0.7142857142857143,
    "top3_candidate_family_recall_mean": 0.4047619047619047,
    "validation_regret_mean": 0.0002328397034823761,
    "normalized_validation_regret_mean": 0.023226690436469216,
    "test_regret_mean": 0.00376677513122557,
    "removed_fraction": 0.75,
    "selected_family_count_mean": 5.0,
    "removed_family_fraction_mean": 0.6875,
    "passes_90pct_recall_at_50pct_removal": false
  },
  {
    "encoder": "dinov2_b14",
    "method": "kcenter_subspace",
    "shortlist_size": 10,
    "rows": 7,
    "targets": 7,
    "best_candidate_recall_mean": 0.7142857142857143,
    "top3_candidate_recall_mean": 0.5714285714285714,
    "best_candidate_family_recall_mean": 0.8571428571428571,
    "top3_candidate_family_recall_mean": 0.619047619047619,
    "validation_regret_mean": 0.00020482869935234405,
    "normalized_validation_regret_mean": 0.019955159393172075,
    "test_regret_mean": 0.0037724869591849097,
    "removed_fraction": 0.5,
    "selected_family_count_mean": 10.0,
    "removed_family_fraction_mean": 0.375,
    "passes_90pct_recall_at_50pct_removal": false
  },
  {
    "encoder": "dinov2_b14",
    "method": "pool_vendi_subspace",
    "shortlist_size": 3,
    "rows": 7,
    "targets": 7,
    "best_candidate_recall_mean": 0.5714285714285714,
    "top3_candidate_recall_mean": 0.2857142857142857,
    "best_candidate_family_recall_mean": 0.5714285714285714,
    "top3_candidate_family_recall_mean": 0.2857142857142857,
    "validation_regret_mean": 0.0008514675187544864,
    "normalized_validation_regret_mean": 0.09203701380423211,
    "test_regret_mean": 0.0017292720930916733,
    "removed_fraction": 0.85,
    "selected_family_count_mean": 3.0,
    "removed_family_fraction_mean": 0.8125,
    "passes_90pct_recall_at_50pct_removal": false
  },
  {
    "encoder": "dinov2_b14",
    "method": "pool_vendi_subspace",
    "shortlist_size": 5,
    "rows": 7,
    "targets": 7,
    "best_candidate_recall_mean": 0.7142857142857143,
    "top3_candidate_recall_mean": 0.42857142857142855,
    "best_candidate_family_recall_mean": 0.7142857142857143,
    "top3_candidate_family_recall_mean": 0.42857142857142855,
    "validation_regret_mean": 0.00029693408742275426,
    "normalized_validation_regret_mean": 0.030086748967244115,
    "test_regret_mean": 0.0010939155306134904,
    "removed_fraction": 0.75,
    "selected_family_count_mean": 5.0,
    "removed_family_fraction_mean": 0.6875,
    "passes_90pct_recall_at_50pct_removal": false
  },
  {
    "encoder": "dinov2_b14",
    "method": "pool_vendi_subspace",
    "shortlist_size": 10,
    "rows": 7,
    "targets": 7,
    "best_candidate_recall_mean": 0.7142857142857143,
    "top3_candidate_recall_mean": 0.5238095238095238,
    "best_candidate_family_recall_mean": 0.8571428571428571,
    "top3_candidate_family_recall_mean": 0.5476190476190476,
    "validation_regret_mean": 0.00020482869935234405,
    "normalized_validation_regret_mean": 0.019955159393172075,
    "test_regret_mean": 0.0037724869591849097,
    "removed_fraction": 0.5,
    "selected_family_count_mean": 10.0,
    "removed_family_fraction_mean": 0.375,
    "passes_90pct_recall_at_50pct_removal": false
  },
  {
    "encoder": "dinov2_b14",
    "method": "random",
    "shortlist_size": 3,
    "rows": 700,
    "targets": 7,
    "best_candidate_recall_mean": 0.13428571428571429,
    "top3_candidate_recall_mean": 0.14047619047619045,
    "best_candidate_family_recall_mean": 0.15428571428571428,
    "top3_candidate_family_recall_mean": 0.20976190476190473,
    "validation_regret_mean": 0.004798425063988638,
    "normalized_validation_regret_mean": 0.2079995628798616,
    "test_regret_mean": 0.005404117533138806,
    "removed_fraction": 0.85,
    "selected_family_count_mean": 2.932857142857143,
    "removed_family_fraction_mean": 0.8166964285714285,
    "passes_90pct_recall_at_50pct_removal": false
  },
  {
    "encoder": "dinov2_b14",
    "method": "random",
    "shortlist_size": 5,
    "rows": 700,
    "targets": 7,
    "best_candidate_recall_mean": 0.25142857142857145,
    "top3_candidate_recall_mean": 0.2542857142857142,
    "best_candidate_family_recall_mean": 0.2814285714285714,
    "top3_candidate_family_recall_mean": 0.34785714285714286,
    "validation_regret_mean": 0.003460180100956544,
    "normalized_validation_regret_mean": 0.14350242716797915,
    "test_regret_mean": 0.0043024600914546305,
    "removed_fraction": 0.75,
    "selected_family_count_mean": 4.712857142857143,
    "removed_family_fraction_mean": 0.7054464285714286,
    "passes_90pct_recall_at_50pct_removal": false
  },
  {
    "encoder": "dinov2_b14",
    "method": "random",
    "shortlist_size": 10,
    "rows": 700,
    "targets": 7,
    "best_candidate_recall_mean": 0.48714285714285716,
    "top3_candidate_recall_mean": 0.49714285714285716,
    "best_candidate_family_recall_mean": 0.5285714285714286,
    "top3_candidate_family_recall_mean": 0.6183333333333333,
    "validation_regret_mean": 0.0017957038500551763,
    "normalized_validation_regret_mean": 0.07308555472439937,
    "test_regret_mean": 0.0027306546824318926,
    "removed_fraction": 0.5,
    "selected_family_count_mean": 8.891428571428571,
    "removed_family_fraction_mean": 0.4442857142857143,
    "passes_90pct_recall_at_50pct_removal": false
  },
  {
    "encoder": "dinov2_b14",
    "method": "rank_only",
    "shortlist_size": 3,
    "rows": 7,
    "targets": 7,
    "best_candidate_recall_mean": 0.5714285714285714,
    "top3_candidate_recall_mean": 0.47619047619047616,
    "best_candidate_family_recall_mean": 0.5714285714285714,
    "top3_candidate_family_recall_mean": 0.47619047619047616,
    "validation_regret_mean": 0.0005360481117153545,
    "normalized_validation_regret_mean": 0.05935853685949447,
    "test_regret_mean": 0.0021209580557686814,
    "removed_fraction": 0.85,
    "selected_family_count_mean": 2.0,
    "removed_family_fraction_mean": 0.875,
    "passes_90pct_recall_at_50pct_removal": false
  },
  {
    "encoder": "dinov2_b14",
    "method": "rank_only",
    "shortlist_size": 5,
    "rows": 7,
    "targets": 7,
    "best_candidate_recall_mean": 0.7142857142857143,
    "top3_candidate_recall_mean": 0.7142857142857143,
    "best_candidate_family_recall_mean": 0.7142857142857143,
    "top3_candidate_family_recall_mean": 0.7142857142857143,
    "validation_regret_mean": 0.000221369908640634,
    "normalized_validation_regret_mean": 0.023982655929856978,
    "test_regret_mean": -6.547314780100002e-05,
    "removed_fraction": 0.75,
    "selected_family_count_mean": 4.0,
    "removed_family_fraction_mean": 0.75,
    "passes_90pct_recall_at_50pct_removal": false
  },
  {
    "encoder": "dinov2_b14",
    "method": "rank_only",
    "shortlist_size": 10,
    "rows": 7,
    "targets": 7,
    "best_candidate_recall_mean": 0.7142857142857143,
    "top3_candidate_recall_mean": 0.7619047619047619,
    "best_candidate_family_recall_mean": 0.7142857142857143,
    "top3_candidate_family_recall_mean": 0.7857142857142857,
    "validation_regret_mean": 0.00016610552125692228,
    "normalized_validation_regret_mean": 0.017903575185891564,
    "test_regret_mean": 0.0012738125664847175,
    "removed_fraction": 0.5,
    "selected_family_count_mean": 7.0,
    "removed_family_fraction_mean": 0.5625,
    "passes_90pct_recall_at_50pct_removal": false
  }
]
SOURCE_DONE=pneumoniamnist COMPLETED=14/21
[
  {
    "encoder": "dinov2_b14",
    "method": "dpp_subspace",
    "shortlist_size": 3,
    "rows": 7,
    "targets": 7,
    "best_candidate_recall_mean": 0.5714285714285714,
    "top3_candidate_recall_mean": 0.3333333333333333,
    "best_candidate_family_recall_mean": 0.5714285714285714,
    "top3_candidate_family_recall_mean": 0.5714285714285714,
    "validation_regret_mean": 0.0004185675074840197,
    "normalized_validation_regret_mean": 0.10115879088188115,
    "test_regret_mean": -0.00027965647833689503,
    "removed_fraction": 0.85,
    "selected_family_count_mean": 3.0,
    "removed_family_fraction_mean": 0.8125,
    "passes_90pct_recall_at_50pct_removal": false
  },
  {
    "encoder": "dinov2_b14",
    "method": "dpp_subspace",
    "shortlist_size": 5,
    "rows": 7,
    "targets": 7,
    "best_candidate_recall_mean": 0.7142857142857143,
    "top3_candidate_recall_mean": 0.47619047619047616,
    "best_candidate_family_recall_mean": 0.7142857142857143,
    "top3_candidate_family_recall_mean": 0.7857142857142857,
    "validation_regret_mean": 0.00027851271389909914,
    "normalized_validation_regret_mean": 0.0381336003323024,
    "test_regret_mean": -0.00024537018367222697,
    "removed_fraction": 0.75,
    "selected_family_count_mean": 5.0,
    "removed_family_fraction_mean": 0.6875,
    "passes_90pct_recall_at_50pct_removal": false
  },
  {
    "encoder": "dinov2_b14",
    "method": "dpp_subspace",
    "shortlist_size": 10,
    "rows": 7,
    "targets": 7,
    "best_candidate_recall_mean": 0.7142857142857143,
    "top3_candidate_recall_mean": 0.7142857142857143,
    "best_candidate_family_recall_mean": 0.7142857142857143,
    "top3_candidate_family_recall_mean": 0.7857142857142857,
    "validation_regret_mean": 0.000221369908640634,
    "normalized_validation_regret_mean": 0.03082010610731603,
    "test_regret_mean": -6.547314780100002e-05,
    "removed_fraction": 0.5,
    "selected_family_count_mean": 8.0,
    "removed_family_fraction_mean": 0.5,
    "passes_90pct_recall_at_50pct_removal": false
  },
  {
    "encoder": "dinov2_b14",
    "method": "facility_subspace",
    "shortlist_size": 3,
    "rows": 7,
    "targets": 7,
    "best_candidate_recall_mean": 0.0,
    "top3_candidate_recall_mean": 0.380952380952381,
    "best_candidate_family_recall_mean": 0.14285714285714285,
    "top3_candidate_family_recall_mean": 0.42857142857142855,
    "validation_regret_mean": 0.00336175826429354,
    "normalized_validation_regret_mean": 0.19738611334130668,
    "test_regret_mean": 0.004609841959817047,
    "removed_fraction": 0.85,
    "selected_family_count_mean": 3.0,
    "removed_family_fraction_mean": 0.8125,
    "passes_90pct_recall_at_50pct_removal": false
  },
  {
    "encoder": "dinov2_b14",
    "method": "facility_subspace",
    "shortlist_size": 5,
    "rows": 7,
    "targets": 7,
    "best_candidate_recall_mean": 0.0,
    "top3_candidate_recall_mean": 0.47619047619047616,
    "best_candidate_family_recall_mean": 0.14285714285714285,
    "top3_candidate_family_recall_mean": 0.5238095238095238,
    "validation_regret_mean": 0.003354159864177594,
    "normalized_validation_regret_mean": 0.1969643124141399,
    "test_regret_mean": 0.006463943208966911,
    "removed_fraction": 0.75,
    "selected_family_count_mean": 5.0,
    "removed_family_fraction_mean": 0.6875,
    "passes_90pct_recall_at_50pct_removal": false
  },
  {
    "encoder": "dinov2_b14",
    "method": "facility_subspace",
    "shortlist_size": 10,
    "rows": 7,
    "targets": 7,
    "best_candidate_recall_mean": 0.14285714285714285,
    "top3_candidate_recall_mean": 0.5238095238095238,
    "best_candidate_family_recall_mean": 0.2857142857142857,
    "top3_candidate_family_recall_mean": 0.5714285714285714,
    "validation_regret_mean": 0.003344635221551135,
    "normalized_validation_regret_mean": 0.19574528897753068,
    "test_regret_mean": 0.006082987785339333,
    "removed_fraction": 0.5,
    "selected_family_count_mean": 10.0,
    "removed_family_fraction_mean": 0.375,
    "passes_90pct_recall_at_50pct_removal": false
  },
  {
    "encoder": "dinov2_b14",
    "method": "kcenter_subspace",
    "shortlist_size": 3,
    "rows": 7,
    "targets": 7,
    "best_candidate_recall_mean": 0.5714285714285714,
    "top3_candidate_recall_mean": 0.2857142857142857,
    "best_candidate_family_recall_mean": 0.5714285714285714,
    "top3_candidate_family_recall_mean": 0.2857142857142857,
    "validation_regret_mean": 0.0007685717993302881,
    "normalized_validation_regret_mean": 0.15006479748270998,
    "test_regret_mean": 0.00485427209309167,
    "removed_fraction": 0.85,
    "selected_family_count_mean": 3.0,
    "removed_family_fraction_mean": 0.8125,
    "passes_90pct_recall_at_50pct_removal": false
  },
  {
    "encoder": "dinov2_b14",
    "method": "kcenter_subspace",
    "shortlist_size": 5,
    "rows": 7,
    "targets": 7,
    "best_candidate_recall_mean": 0.5714285714285714,
    "top3_candidate_recall_mean": 0.38095238095238093,
    "best_candidate_family_recall_mean": 0.7142857142857143,
    "top3_candidate_family_recall_mean": 0.4047619047619047,
    "validation_regret_mean": 0.0002328397034823761,
    "normalized_validation_regret_mean": 0.04044281112511007,
    "test_regret_mean": 0.00376677513122557,
    "removed_fraction": 0.75,
    "selected_family_count_mean": 5.0,
    "removed_family_fraction_mean": 0.6875,
    "passes_90pct_recall_at_50pct_removal": false
  },
  {
    "encoder": "dinov2_b14",
    "method": "kcenter_subspace",
    "shortlist_size": 10,
    "rows": 7,
    "targets": 7,
    "best_candidate_recall_mean": 0.7142857142857143,
    "top3_candidate_recall_mean": 0.5238095238095238,
    "best_candidate_family_recall_mean": 0.8571428571428571,
    "top3_candidate_family_recall_mean": 0.619047619047619,
    "validation_regret_mean": 0.00020482869935234405,
    "normalized_validation_regret_mean": 0.027837752579149787,
    "test_regret_mean": 0.0037724869591849097,
    "removed_fraction": 0.5,
    "selected_family_count_mean": 10.0,
    "removed_family_fraction_mean": 0.375,
    "passes_90pct_recall_at_50pct_removal": false
  },
  {
    "encoder": "dinov2_b14",
    "method": "pool_vendi_subspace",
    "shortlist_size": 3,
    "rows": 7,
    "targets": 7,
    "best_candidate_recall_mean": 0.5714285714285714,
    "top3_candidate_recall_mean": 0.2857142857142857,
    "best_candidate_family_recall_mean": 0.5714285714285714,
    "top3_candidate_family_recall_mean": 0.2857142857142857,
    "validation_regret_mean": 0.0007685717993302881,
    "normalized_validation_regret_mean": 0.15006479748270998,
    "test_regret_mean": 0.00485427209309167,
    "removed_fraction": 0.85,
    "selected_family_count_mean": 3.0,
    "removed_family_fraction_mean": 0.8125,
    "passes_90pct_recall_at_50pct_removal": false
  },
  {
    "encoder": "dinov2_b14",
    "method": "pool_vendi_subspace",
    "shortlist_size": 5,
    "rows": 7,
    "targets": 7,
    "best_candidate_recall_mean": 0.7142857142857143,
    "top3_candidate_recall_mean": 0.42857142857142855,
    "best_candidate_family_recall_mean": 0.7142857142857143,
    "top3_candidate_family_recall_mean": 0.42857142857142855,
    "validation_regret_mean": 0.00029693408742275426,
    "normalized_validation_regret_mean": 0.04070761395479796,
    "test_regret_mean": 0.0010939155306134904,
    "removed_fraction": 0.75,
    "selected_family_count_mean": 5.0,
    "removed_family_fraction_mean": 0.6875,
    "passes_90pct_recall_at_50pct_removal": false
  },
  {
    "encoder": "dinov2_b14",
    "method": "pool_vendi_subspace",
    "shortlist_size": 10,
    "rows": 7,
    "targets": 7,
    "best_candidate_recall_mean": 0.8571428571428571,
    "top3_candidate_recall_mean": 0.5714285714285714,
    "best_candidate_family_recall_mean": 1.0,
    "top3_candidate_family_recall_mean": 0.5952380952380951,
    "validation_regret_mean": 0.00013816125146742003,
    "normalized_validation_regret_mean": 0.019305234917554204,
    "test_regret_mean": 0.0035714285714285587,
    "removed_fraction": 0.5,
    "selected_family_count_mean": 10.0,
    "removed_family_fraction_mean": 0.375,
    "passes_90pct_recall_at_50pct_removal": false
  },
  {
    "encoder": "dinov2_b14",
    "method": "random",
    "shortlist_size": 3,
    "rows": 700,
    "targets": 7,
    "best_candidate_recall_mean": 0.13428571428571429,
    "top3_candidate_recall_mean": 0.14047619047619045,
    "best_candidate_family_recall_mean": 0.15428571428571428,
    "top3_candidate_family_recall_mean": 0.20976190476190473,
    "validation_regret_mean": 0.00479261555078647,
    "normalized_validation_regret_mean": 0.34904900331869126,
    "test_regret_mean": 0.005410329205649226,
    "removed_fraction": 0.85,
    "selected_family_count_mean": 2.932857142857143,
    "removed_family_fraction_mean": 0.8166964285714285,
    "passes_90pct_recall_at_50pct_removal": false
  },
  {
    "encoder": "dinov2_b14",
    "method": "random",
    "shortlist_size": 5,
    "rows": 700,
    "targets": 7,
    "best_candidate_recall_mean": 0.25142857142857145,
    "top3_candidate_recall_mean": 0.2542857142857142,
    "best_candidate_family_recall_mean": 0.2814285714285714,
    "top3_candidate_family_recall_mean": 0.34785714285714286,
    "validation_regret_mean": 0.003460180100956544,
    "normalized_validation_regret_mean": 0.23863044357382052,
    "test_regret_mean": 0.0043024600914546305,
    "removed_fraction": 0.75,
    "selected_family_count_mean": 4.712857142857143,
    "removed_family_fraction_mean": 0.7054464285714286,
    "passes_90pct_recall_at_50pct_removal": false
  },
  {
    "encoder": "dinov2_b14",
    "method": "random",
    "shortlist_size": 10,
    "rows": 700,
    "targets": 7,
    "best_candidate_recall_mean": 0.48714285714285716,
    "top3_candidate_recall_mean": 0.49714285714285716,
    "best_candidate_family_recall_mean": 0.5285714285714286,
    "top3_candidate_family_recall_mean": 0.6183333333333333,
    "validation_regret_mean": 0.0017957038500551763,
    "normalized_validation_regret_mean": 0.12409039896048975,
    "test_regret_mean": 0.0027306546824318926,
    "removed_fraction": 0.5,
    "selected_family_count_mean": 8.891428571428571,
    "removed_family_fraction_mean": 0.4442857142857143,
    "passes_90pct_recall_at_50pct_removal": false
  },
  {
    "encoder": "dinov2_b14",
    "method": "rank_only",
    "shortlist_size": 3,
    "rows": 7,
    "targets": 7,
    "best_candidate_recall_mean": 0.5714285714285714,
    "top3_candidate_recall_mean": 0.47619047619047616,
    "best_candidate_family_recall_mean": 0.5714285714285714,
    "top3_candidate_family_recall_mean": 0.47619047619047616,
    "validation_regret_mean": 0.0005360481117153545,
    "normalized_validation_regret_mean": 0.10955450218404154,
    "test_regret_mean": 0.0021209580557686814,
    "removed_fraction": 0.85,
    "selected_family_count_mean": 2.0,
    "removed_family_fraction_mean": 0.875,
    "passes_90pct_recall_at_50pct_removal": false
  },
  {
    "encoder": "dinov2_b14",
    "method": "rank_only",
    "shortlist_size": 5,
    "rows": 7,
    "targets": 7,
    "best_candidate_recall_mean": 0.7142857142857143,
    "top3_candidate_recall_mean": 0.7142857142857143,
    "best_candidate_family_recall_mean": 0.7142857142857143,
    "top3_candidate_family_recall_mean": 0.7142857142857143,
    "validation_regret_mean": 0.000221369908640634,
    "normalized_validation_regret_mean": 0.03082010610731603,
    "test_regret_mean": -6.547314780100002e-05,
    "removed_fraction": 0.75,
    "selected_family_count_mean": 4.0,
    "removed_family_fraction_mean": 0.75,
    "passes_90pct_recall_at_50pct_removal": false
  },
  {
    "encoder": "dinov2_b14",
    "method": "rank_only",
    "shortlist_size": 10,
    "rows": 7,
    "targets": 7,
    "best_candidate_recall_mean": 0.7142857142857143,
    "top3_candidate_recall_mean": 0.7619047619047619,
    "best_candidate_family_recall_mean": 0.7142857142857143,
    "top3_candidate_family_recall_mean": 0.7857142857142857,
    "validation_regret_mean": 0.00016610552125692228,
    "normalized_validation_regret_mean": 0.02309802795815524,
    "test_regret_mean": 0.0012738125664847175,
    "removed_fraction": 0.5,
    "selected_family_count_mean": 7.0,
    "removed_family_fraction_mean": 0.5625,
    "passes_90pct_recall_at_50pct_removal": false
  }
]
SOURCE_DONE=rendered_sst2 COMPLETED=15/21
[
  {
    "encoder": "dinov2_b14",
    "method": "dpp_subspace",
    "shortlist_size": 3,
    "rows": 7,
    "targets": 7,
    "best_candidate_recall_mean": 0.5714285714285714,
    "top3_candidate_recall_mean": 0.3333333333333333,
    "best_candidate_family_recall_mean": 0.5714285714285714,
    "top3_candidate_family_recall_mean": 0.5714285714285714,
    "validation_regret_mean": 0.0004185675074840197,
    "normalized_validation_regret_mean": 0.044418027198902706,
    "test_regret_mean": -0.00027965647833689503,
    "removed_fraction": 0.85,
    "selected_family_count_mean": 3.0,
    "removed_family_fraction_mean": 0.8125,
    "passes_90pct_recall_at_50pct_removal": false
  },
  {
    "encoder": "dinov2_b14",
    "method": "dpp_subspace",
    "shortlist_size": 5,
    "rows": 7,
    "targets": 7,
    "best_candidate_recall_mean": 0.7142857142857143,
    "top3_candidate_recall_mean": 0.47619047619047616,
    "best_candidate_family_recall_mean": 0.7142857142857143,
    "top3_candidate_family_recall_mean": 0.7857142857142857,
    "validation_regret_mean": 0.00027851271389909914,
    "normalized_validation_regret_mean": 0.028060398502386674,
    "test_regret_mean": -0.00024537018367222697,
    "removed_fraction": 0.75,
    "selected_family_count_mean": 5.0,
    "removed_family_fraction_mean": 0.6875,
    "passes_90pct_recall_at_50pct_removal": false
  },
  {
    "encoder": "dinov2_b14",
    "method": "dpp_subspace",
    "shortlist_size": 10,
    "rows": 7,
    "targets": 7,
    "best_candidate_recall_mean": 0.7142857142857143,
    "top3_candidate_recall_mean": 0.7142857142857143,
    "best_candidate_family_recall_mean": 0.7142857142857143,
    "top3_candidate_family_recall_mean": 0.7857142857142857,
    "validation_regret_mean": 0.000221369908640634,
    "normalized_validation_regret_mean": 0.023982655929856978,
    "test_regret_mean": -6.547314780100002e-05,
    "removed_fraction": 0.5,
    "selected_family_count_mean": 8.0,
    "removed_family_fraction_mean": 0.5,
    "passes_90pct_recall_at_50pct_removal": false
  },
  {
    "encoder": "dinov2_b14",
    "method": "facility_subspace",
    "shortlist_size": 3,
    "rows": 7,
    "targets": 7,
    "best_candidate_recall_mean": 0.0,
    "top3_candidate_recall_mean": 0.380952380952381,
    "best_candidate_family_recall_mean": 0.14285714285714285,
    "top3_candidate_family_recall_mean": 0.42857142857142855,
    "validation_regret_mean": 0.00336175826429354,
    "normalized_validation_regret_mean": 0.12731903089857693,
    "test_regret_mean": 0.004609841959817047,
    "removed_fraction": 0.85,
    "selected_family_count_mean": 3.0,
    "removed_family_fraction_mean": 0.8125,
    "passes_90pct_recall_at_50pct_removal": false
  },
  {
    "encoder": "dinov2_b14",
    "method": "facility_subspace",
    "shortlist_size": 5,
    "rows": 7,
    "targets": 7,
    "best_candidate_recall_mean": 0.0,
    "top3_candidate_recall_mean": 0.47619047619047616,
    "best_candidate_family_recall_mean": 0.14285714285714285,
    "top3_candidate_family_recall_mean": 0.5238095238095238,
    "validation_regret_mean": 0.003354159864177594,
    "normalized_validation_regret_mean": 0.12702550362172432,
    "test_regret_mean": 0.006463943208966911,
    "removed_fraction": 0.75,
    "selected_family_count_mean": 5.0,
    "removed_family_fraction_mean": 0.6875,
    "passes_90pct_recall_at_50pct_removal": false
  },
  {
    "encoder": "dinov2_b14",
    "method": "facility_subspace",
    "shortlist_size": 10,
    "rows": 7,
    "targets": 7,
    "best_candidate_recall_mean": 0.14285714285714285,
    "top3_candidate_recall_mean": 0.5238095238095238,
    "best_candidate_family_recall_mean": 0.2857142857142857,
    "top3_candidate_family_recall_mean": 0.5714285714285714,
    "validation_regret_mean": 0.003344635221551135,
    "normalized_validation_regret_mean": 0.12634581979188142,
    "test_regret_mean": 0.006082987785339333,
    "removed_fraction": 0.5,
    "selected_family_count_mean": 10.0,
    "removed_family_fraction_mean": 0.375,
    "passes_90pct_recall_at_50pct_removal": false
  },
  {
    "encoder": "dinov2_b14",
    "method": "kcenter_subspace",
    "shortlist_size": 3,
    "rows": 7,
    "targets": 7,
    "best_candidate_recall_mean": 0.5714285714285714,
    "top3_candidate_recall_mean": 0.2857142857142857,
    "best_candidate_family_recall_mean": 0.5714285714285714,
    "top3_candidate_family_recall_mean": 0.2857142857142857,
    "validation_regret_mean": 0.0008514675187544864,
    "normalized_validation_regret_mean": 0.09203701380423211,
    "test_regret_mean": 0.0017292720930916733,
    "removed_fraction": 0.85,
    "selected_family_count_mean": 3.0,
    "removed_family_fraction_mean": 0.8125,
    "passes_90pct_recall_at_50pct_removal": false
  },
  {
    "encoder": "dinov2_b14",
    "method": "kcenter_subspace",
    "shortlist_size": 5,
    "rows": 7,
    "targets": 7,
    "best_candidate_recall_mean": 0.5714285714285714,
    "top3_candidate_recall_mean": 0.2857142857142857,
    "best_candidate_family_recall_mean": 0.5714285714285714,
    "top3_candidate_family_recall_mean": 0.2857142857142857,
    "validation_regret_mean": 0.0007685717993302881,
    "normalized_validation_regret_mean": 0.08291848746990549,
    "test_regret_mean": 0.00485427209309167,
    "removed_fraction": 0.75,
    "selected_family_count_mean": 5.0,
    "removed_family_fraction_mean": 0.6875,
    "passes_90pct_recall_at_50pct_removal": false
  },
  {
    "encoder": "dinov2_b14",
    "method": "kcenter_subspace",
    "shortlist_size": 10,
    "rows": 7,
    "targets": 7,
    "best_candidate_recall_mean": 0.7142857142857143,
    "top3_candidate_recall_mean": 0.5238095238095238,
    "best_candidate_family_recall_mean": 0.8571428571428571,
    "top3_candidate_family_recall_mean": 0.5476190476190476,
    "validation_regret_mean": 0.00020482869935234405,
    "normalized_validation_regret_mean": 0.019955159393172075,
    "test_regret_mean": 0.0037724869591849097,
    "removed_fraction": 0.5,
    "selected_family_count_mean": 10.0,
    "removed_family_fraction_mean": 0.375,
    "passes_90pct_recall_at_50pct_removal": false
  },
  {
    "encoder": "dinov2_b14",
    "method": "pool_vendi_subspace",
    "shortlist_size": 3,
    "rows": 7,
    "targets": 7,
    "best_candidate_recall_mean": 0.5714285714285714,
    "top3_candidate_recall_mean": 0.2857142857142857,
    "best_candidate_family_recall_mean": 0.5714285714285714,
    "top3_candidate_family_recall_mean": 0.2857142857142857,
    "validation_regret_mean": 0.0008514675187544864,
    "normalized_validation_regret_mean": 0.09203701380423211,
    "test_regret_mean": 0.0017292720930916733,
    "removed_fraction": 0.85,
    "selected_family_count_mean": 3.0,
    "removed_family_fraction_mean": 0.8125,
    "passes_90pct_recall_at_50pct_removal": false
  },
  {
    "encoder": "dinov2_b14",
    "method": "pool_vendi_subspace",
    "shortlist_size": 5,
    "rows": 7,
    "targets": 7,
    "best_candidate_recall_mean": 0.7142857142857143,
    "top3_candidate_recall_mean": 0.42857142857142855,
    "best_candidate_family_recall_mean": 0.7142857142857143,
    "top3_candidate_family_recall_mean": 0.42857142857142855,
    "validation_regret_mean": 0.00029693408742275426,
    "normalized_validation_regret_mean": 0.030086748967244115,
    "test_regret_mean": 0.0010939155306134904,
    "removed_fraction": 0.75,
    "selected_family_count_mean": 5.0,
    "removed_family_fraction_mean": 0.6875,
    "passes_90pct_recall_at_50pct_removal": false
  },
  {
    "encoder": "dinov2_b14",
    "method": "pool_vendi_subspace",
    "shortlist_size": 10,
    "rows": 7,
    "targets": 7,
    "best_candidate_recall_mean": 0.7142857142857143,
    "top3_candidate_recall_mean": 0.5238095238095238,
    "best_candidate_family_recall_mean": 0.8571428571428571,
    "top3_candidate_family_recall_mean": 0.5476190476190476,
    "validation_regret_mean": 0.00020482869935234405,
    "normalized_validation_regret_mean": 0.019955159393172075,
    "test_regret_mean": 0.0037724869591849097,
    "removed_fraction": 0.5,
    "selected_family_count_mean": 10.0,
    "removed_family_fraction_mean": 0.375,
    "passes_90pct_recall_at_50pct_removal": false
  },
  {
    "encoder": "dinov2_b14",
    "method": "random",
    "shortlist_size": 3,
    "rows": 700,
    "targets": 7,
    "best_candidate_recall_mean": 0.13428571428571429,
    "top3_candidate_recall_mean": 0.14047619047619045,
    "best_candidate_family_recall_mean": 0.15428571428571428,
    "top3_candidate_family_recall_mean": 0.20976190476190473,
    "validation_regret_mean": 0.004805680382575805,
    "normalized_validation_regret_mean": 0.20818892366748304,
    "test_regret_mean": 0.005409243566649287,
    "removed_fraction": 0.85,
    "selected_family_count_mean": 2.932857142857143,
    "removed_family_fraction_mean": 0.8166964285714285,
    "passes_90pct_recall_at_50pct_removal": false
  },
  {
    "encoder": "dinov2_b14",
    "method": "random",
    "shortlist_size": 5,
    "rows": 700,
    "targets": 7,
    "best_candidate_recall_mean": 0.25142857142857145,
    "top3_candidate_recall_mean": 0.2542857142857142,
    "best_candidate_family_recall_mean": 0.2814285714285714,
    "top3_candidate_family_recall_mean": 0.34785714285714286,
    "validation_regret_mean": 0.003460180100956544,
    "normalized_validation_regret_mean": 0.14350242716797915,
    "test_regret_mean": 0.0043024600914546305,
    "removed_fraction": 0.75,
    "selected_family_count_mean": 4.712857142857143,
    "removed_family_fraction_mean": 0.7054464285714286,
    "passes_90pct_recall_at_50pct_removal": false
  },
  {
    "encoder": "dinov2_b14",
    "method": "random",
    "shortlist_size": 10,
    "rows": 700,
    "targets": 7,
    "best_candidate_recall_mean": 0.48714285714285716,
    "top3_candidate_recall_mean": 0.49714285714285716,
    "best_candidate_family_recall_mean": 0.5285714285714286,
    "top3_candidate_family_recall_mean": 0.6183333333333333,
    "validation_regret_mean": 0.0017957038500551763,
    "normalized_validation_regret_mean": 0.07308555472439937,
    "test_regret_mean": 0.0027306546824318926,
    "removed_fraction": 0.5,
    "selected_family_count_mean": 8.891428571428571,
    "removed_family_fraction_mean": 0.4442857142857143,
    "passes_90pct_recall_at_50pct_removal": false
  },
  {
    "encoder": "dinov2_b14",
    "method": "rank_only",
    "shortlist_size": 3,
    "rows": 7,
    "targets": 7,
    "best_candidate_recall_mean": 0.5714285714285714,
    "top3_candidate_recall_mean": 0.47619047619047616,
    "best_candidate_family_recall_mean": 0.5714285714285714,
    "top3_candidate_family_recall_mean": 0.47619047619047616,
    "validation_regret_mean": 0.0005360481117153545,
    "normalized_validation_regret_mean": 0.05935853685949447,
    "test_regret_mean": 0.0021209580557686814,
    "removed_fraction": 0.85,
    "selected_family_count_mean": 2.0,
    "removed_family_fraction_mean": 0.875,
    "passes_90pct_recall_at_50pct_removal": false
  },
  {
    "encoder": "dinov2_b14",
    "method": "rank_only",
    "shortlist_size": 5,
    "rows": 7,
    "targets": 7,
    "best_candidate_recall_mean": 0.7142857142857143,
    "top3_candidate_recall_mean": 0.7142857142857143,
    "best_candidate_family_recall_mean": 0.7142857142857143,
    "top3_candidate_family_recall_mean": 0.7142857142857143,
    "validation_regret_mean": 0.000221369908640634,
    "normalized_validation_regret_mean": 0.023982655929856978,
    "test_regret_mean": -6.547314780100002e-05,
    "removed_fraction": 0.75,
    "selected_family_count_mean": 4.0,
    "removed_family_fraction_mean": 0.75,
    "passes_90pct_recall_at_50pct_removal": false
  },
  {
    "encoder": "dinov2_b14",
    "method": "rank_only",
    "shortlist_size": 10,
    "rows": 7,
    "targets": 7,
    "best_candidate_recall_mean": 0.7142857142857143,
    "top3_candidate_recall_mean": 0.7619047619047619,
    "best_candidate_family_recall_mean": 0.7142857142857143,
    "top3_candidate_family_recall_mean": 0.7857142857142857,
    "validation_regret_mean": 0.00016610552125692228,
    "normalized_validation_regret_mean": 0.017903575185891564,
    "test_regret_mean": 0.0012738125664847175,
    "removed_fraction": 0.5,
    "selected_family_count_mean": 7.0,
    "removed_family_fraction_mean": 0.5625,
    "passes_90pct_recall_at_50pct_removal": false
  }
]
SOURCE_DONE=retinamnist COMPLETED=16/21
[
  {
    "encoder": "dinov2_b14",
    "method": "dpp_subspace",
    "shortlist_size": 3,
    "rows": 7,
    "targets": 7,
    "best_candidate_recall_mean": 0.5714285714285714,
    "top3_candidate_recall_mean": 0.38095238095238093,
    "best_candidate_family_recall_mean": 0.5714285714285714,
    "top3_candidate_family_recall_mean": 0.6666666666666666,
    "validation_regret_mean": 0.0003905565033539877,
    "normalized_validation_regret_mean": 0.041453200938081414,
    "test_regret_mean": -0.00027394465037755555,
    "removed_fraction": 0.85,
    "selected_family_count_mean": 3.0,
    "removed_family_fraction_mean": 0.8125,
    "passes_90pct_recall_at_50pct_removal": false
  },
  {
    "encoder": "dinov2_b14",
    "method": "dpp_subspace",
    "shortlist_size": 5,
    "rows": 7,
    "targets": 7,
    "best_candidate_recall_mean": 0.5714285714285714,
    "top3_candidate_recall_mean": 0.6666666666666666,
    "best_candidate_family_recall_mean": 0.5714285714285714,
    "top3_candidate_family_recall_mean": 0.738095238095238,
    "validation_regret_mean": 0.00030540337516141554,
    "normalized_validation_regret_mean": 0.034027332395860706,
    "test_regret_mean": -0.00010547297341483615,
    "removed_fraction": 0.75,
    "selected_family_count_mean": 4.0,
    "removed_family_fraction_mean": 0.75,
    "passes_90pct_recall_at_50pct_removal": false
  },
  {
    "encoder": "dinov2_b14",
    "method": "dpp_subspace",
    "shortlist_size": 10,
    "rows": 7,
    "targets": 7,
    "best_candidate_recall_mean": 0.5714285714285714,
    "top3_candidate_recall_mean": 0.7142857142857143,
    "best_candidate_family_recall_mean": 0.5714285714285714,
    "top3_candidate_family_recall_mean": 0.7857142857142857,
    "validation_regret_mean": 0.00030540337516141554,
    "normalized_validation_regret_mean": 0.034027332395860706,
    "test_regret_mean": -0.00010547297341483615,
    "removed_fraction": 0.5,
    "selected_family_count_mean": 8.0,
    "removed_family_fraction_mean": 0.5,
    "passes_90pct_recall_at_50pct_removal": false
  },
  {
    "encoder": "dinov2_b14",
    "method": "facility_subspace",
    "shortlist_size": 3,
    "rows": 7,
    "targets": 7,
    "best_candidate_recall_mean": 0.14285714285714285,
    "top3_candidate_recall_mean": 0.42857142857142866,
    "best_candidate_family_recall_mean": 0.2857142857142857,
    "top3_candidate_family_recall_mean": 0.4761904761904762,
    "validation_regret_mean": 0.0033337472601635077,
    "normalized_validation_regret_mean": 0.12404749985527978,
    "test_regret_mean": 0.004615553787776386,
    "removed_fraction": 0.85,
    "selected_family_count_mean": 3.0,
    "removed_family_fraction_mean": 0.8125,
    "passes_90pct_recall_at_50pct_removal": false
  },
  {
    "encoder": "dinov2_b14",
    "method": "facility_subspace",
    "shortlist_size": 5,
    "rows": 7,
    "targets": 7,
    "best_candidate_recall_mean": 0.14285714285714285,
    "top3_candidate_recall_mean": 0.42857142857142866,
    "best_candidate_family_recall_mean": 0.2857142857142857,
    "top3_candidate_family_recall_mean": 0.4761904761904762,
    "validation_regret_mean": 0.0033337472601635077,
    "normalized_validation_regret_mean": 0.12404749985527978,
    "test_regret_mean": 0.004615553787776386,
    "removed_fraction": 0.75,
    "selected_family_count_mean": 5.0,
    "removed_family_fraction_mean": 0.6875,
    "passes_90pct_recall_at_50pct_removal": false
  },
  {
    "encoder": "dinov2_b14",
    "method": "facility_subspace",
    "shortlist_size": 10,
    "rows": 7,
    "targets": 7,
    "best_candidate_recall_mean": 0.14285714285714285,
    "top3_candidate_recall_mean": 0.5238095238095238,
    "best_candidate_family_recall_mean": 0.2857142857142857,
    "top3_candidate_family_recall_mean": 0.5714285714285714,
    "validation_regret_mean": 0.00328041373734416,
    "normalized_validation_regret_mean": 0.12259347812571521,
    "test_regret_mean": 0.005998413903372619,
    "removed_fraction": 0.5,
    "selected_family_count_mean": 10.0,
    "removed_family_fraction_mean": 0.375,
    "passes_90pct_recall_at_50pct_removal": false
  },
  {
    "encoder": "dinov2_b14",
    "method": "kcenter_subspace",
    "shortlist_size": 3,
    "rows": 7,
    "targets": 7,
    "best_candidate_recall_mean": 0.5714285714285714,
    "top3_candidate_recall_mean": 0.33333333333333337,
    "best_candidate_family_recall_mean": 0.5714285714285714,
    "top3_candidate_family_recall_mean": 0.33333333333333337,
    "validation_regret_mean": 0.0008234565146244543,
    "normalized_validation_regret_mean": 0.08907218754341081,
    "test_regret_mean": 0.0017349839210510126,
    "removed_fraction": 0.85,
    "selected_family_count_mean": 3.0,
    "removed_family_fraction_mean": 0.8125,
    "passes_90pct_recall_at_50pct_removal": false
  },
  {
    "encoder": "dinov2_b14",
    "method": "kcenter_subspace",
    "shortlist_size": 5,
    "rows": 7,
    "targets": 7,
    "best_candidate_recall_mean": 0.5714285714285714,
    "top3_candidate_recall_mean": 0.38095238095238093,
    "best_candidate_family_recall_mean": 0.5714285714285714,
    "top3_candidate_family_recall_mean": 0.38095238095238093,
    "validation_regret_mean": 0.000740560795200256,
    "normalized_validation_regret_mean": 0.07995366120908419,
    "test_regret_mean": 0.00485998392105101,
    "removed_fraction": 0.75,
    "selected_family_count_mean": 5.0,
    "removed_family_fraction_mean": 0.6875,
    "passes_90pct_recall_at_50pct_removal": false
  },
  {
    "encoder": "dinov2_b14",
    "method": "kcenter_subspace",
    "shortlist_size": 10,
    "rows": 7,
    "targets": 7,
    "best_candidate_recall_mean": 0.7142857142857143,
    "top3_candidate_recall_mean": 0.47619047619047616,
    "best_candidate_family_recall_mean": 0.8571428571428571,
    "top3_candidate_family_recall_mean": 0.5714285714285714,
    "validation_regret_mean": 0.00020482869935234405,
    "normalized_validation_regret_mean": 0.019955159393172075,
    "test_regret_mean": 0.0037724869591849097,
    "removed_fraction": 0.5,
    "selected_family_count_mean": 10.0,
    "removed_family_fraction_mean": 0.375,
    "passes_90pct_recall_at_50pct_removal": false
  },
  {
    "encoder": "dinov2_b14",
    "method": "pool_vendi_subspace",
    "shortlist_size": 3,
    "rows": 7,
    "targets": 7,
    "best_candidate_recall_mean": 0.5714285714285714,
    "top3_candidate_recall_mean": 0.33333333333333337,
    "best_candidate_family_recall_mean": 0.5714285714285714,
    "top3_candidate_family_recall_mean": 0.33333333333333337,
    "validation_regret_mean": 0.0008234565146244543,
    "normalized_validation_regret_mean": 0.08907218754341081,
    "test_regret_mean": 0.0017349839210510126,
    "removed_fraction": 0.85,
    "selected_family_count_mean": 3.0,
    "removed_family_fraction_mean": 0.8125,
    "passes_90pct_recall_at_50pct_removal": false
  },
  {
    "encoder": "dinov2_b14",
    "method": "pool_vendi_subspace",
    "shortlist_size": 5,
    "rows": 7,
    "targets": 7,
    "best_candidate_recall_mean": 0.5714285714285714,
    "top3_candidate_recall_mean": 0.38095238095238093,
    "best_candidate_family_recall_mean": 0.5714285714285714,
    "top3_candidate_family_recall_mean": 0.38095238095238093,
    "validation_regret_mean": 0.000740560795200256,
    "normalized_validation_regret_mean": 0.07995366120908419,
    "test_regret_mean": 0.00485998392105101,
    "removed_fraction": 0.75,
    "selected_family_count_mean": 5.0,
    "removed_family_fraction_mean": 0.6875,
    "passes_90pct_recall_at_50pct_removal": false
  },
  {
    "encoder": "dinov2_b14",
    "method": "pool_vendi_subspace",
    "shortlist_size": 10,
    "rows": 7,
    "targets": 7,
    "best_candidate_recall_mean": 0.7142857142857143,
    "top3_candidate_recall_mean": 0.5714285714285714,
    "best_candidate_family_recall_mean": 0.8571428571428571,
    "top3_candidate_family_recall_mean": 0.5952380952380951,
    "validation_regret_mean": 0.00020482869935234405,
    "normalized_validation_regret_mean": 0.019955159393172075,
    "test_regret_mean": 0.0037724869591849097,
    "removed_fraction": 0.5,
    "selected_family_count_mean": 10.0,
    "removed_family_fraction_mean": 0.375,
    "passes_90pct_recall_at_50pct_removal": false
  },
  {
    "encoder": "dinov2_b14",
    "method": "random",
    "shortlist_size": 3,
    "rows": 700,
    "targets": 7,
    "best_candidate_recall_mean": 0.1357142857142857,
    "top3_candidate_recall_mean": 0.14238095238095236,
    "best_candidate_family_recall_mean": 0.17,
    "top3_candidate_family_recall_mean": 0.2173809523809524,
    "validation_regret_mean": 0.005071534774710519,
    "normalized_validation_regret_mean": 0.21999973241933293,
    "test_regret_mean": 0.005721384934016628,
    "removed_fraction": 0.85,
    "selected_family_count_mean": 2.932857142857143,
    "removed_family_fraction_mean": 0.8166964285714285,
    "passes_90pct_recall_at_50pct_removal": false
  },
  {
    "encoder": "dinov2_b14",
    "method": "random",
    "shortlist_size": 5,
    "rows": 700,
    "targets": 7,
    "best_candidate_recall_mean": 0.2557142857142857,
    "top3_candidate_recall_mean": 0.25285714285714284,
    "best_candidate_family_recall_mean": 0.3057142857142857,
    "top3_candidate_family_recall_mean": 0.35595238095238096,
    "validation_regret_mean": 0.003714008984078656,
    "normalized_validation_regret_mean": 0.15496850848258817,
    "test_regret_mean": 0.004583302055086402,
    "removed_fraction": 0.75,
    "selected_family_count_mean": 4.712857142857143,
    "removed_family_fraction_mean": 0.7054464285714286,
    "passes_90pct_recall_at_50pct_removal": false
  },
  {
    "encoder": "dinov2_b14",
    "method": "random",
    "shortlist_size": 10,
    "rows": 700,
    "targets": 7,
    "best_candidate_recall_mean": 0.48857142857142855,
    "top3_candidate_recall_mean": 0.5066666666666666,
    "best_candidate_family_recall_mean": 0.5757142857142857,
    "top3_candidate_family_recall_mean": 0.6392857142857142,
    "validation_regret_mean": 0.0019378402219170315,
    "normalized_validation_regret_mean": 0.0786438375934597,
    "test_regret_mean": 0.0030014462471008242,
    "removed_fraction": 0.5,
    "selected_family_count_mean": 8.891428571428571,
    "removed_family_fraction_mean": 0.4442857142857143,
    "passes_90pct_recall_at_50pct_removal": false
  },
  {
    "encoder": "dinov2_b14",
    "method": "rank_only",
    "shortlist_size": 3,
    "rows": 7,
    "targets": 7,
    "best_candidate_recall_mean": 0.5714285714285714,
    "top3_candidate_recall_mean": 0.5714285714285714,
    "best_candidate_family_recall_mean": 0.5714285714285714,
    "top3_candidate_family_recall_mean": 0.5714285714285714,
    "validation_regret_mean": 0.0005080371075853225,
    "normalized_validation_regret_mean": 0.056317036112346175,
    "test_regret_mean": 0.002126669883728021,
    "removed_fraction": 0.85,
    "selected_family_count_mean": 2.0,
    "removed_family_fraction_mean": 0.875,
    "passes_90pct_recall_at_50pct_removal": false
  },
  {
    "encoder": "dinov2_b14",
    "method": "rank_only",
    "shortlist_size": 5,
    "rows": 7,
    "targets": 7,
    "best_candidate_recall_mean": 0.5714285714285714,
    "top3_candidate_recall_mean": 0.6666666666666666,
    "best_candidate_family_recall_mean": 0.5714285714285714,
    "top3_candidate_family_recall_mean": 0.738095238095238,
    "validation_regret_mean": 0.00030540337516141554,
    "normalized_validation_regret_mean": 0.034027332395860706,
    "test_regret_mean": -0.00010547297341483615,
    "removed_fraction": 0.75,
    "selected_family_count_mean": 4.0,
    "removed_family_fraction_mean": 0.75,
    "passes_90pct_recall_at_50pct_removal": false
  },
  {
    "encoder": "dinov2_b14",
    "method": "rank_only",
    "shortlist_size": 10,
    "rows": 7,
    "targets": 7,
    "best_candidate_recall_mean": 0.5714285714285714,
    "top3_candidate_recall_mean": 0.7619047619047619,
    "best_candidate_family_recall_mean": 0.5714285714285714,
    "top3_candidate_family_recall_mean": 0.7857142857142857,
    "validation_regret_mean": 0.0002501389877777038,
    "normalized_validation_regret_mean": 0.027948251651895295,
    "test_regret_mean": 0.0012338127408708813,
    "removed_fraction": 0.5,
    "selected_family_count_mean": 7.0,
    "removed_family_fraction_mean": 0.5625,
    "passes_90pct_recall_at_50pct_removal": false
  }
]
SOURCE_DONE=stl10 COMPLETED=17/21
[
  {
    "encoder": "dinov2_b14",
    "method": "dpp_subspace",
    "shortlist_size": 3,
    "rows": 7,
    "targets": 7,
    "best_candidate_recall_mean": 0.5714285714285714,
    "top3_candidate_recall_mean": 0.3333333333333333,
    "best_candidate_family_recall_mean": 0.5714285714285714,
    "top3_candidate_family_recall_mean": 0.5714285714285714,
    "validation_regret_mean": 0.0004185675074840197,
    "normalized_validation_regret_mean": 0.044418027198902706,
    "test_regret_mean": -0.00027965647833689503,
    "removed_fraction": 0.85,
    "selected_family_count_mean": 3.0,
    "removed_family_fraction_mean": 0.8125,
    "passes_90pct_recall_at_50pct_removal": false
  },
  {
    "encoder": "dinov2_b14",
    "method": "dpp_subspace",
    "shortlist_size": 5,
    "rows": 7,
    "targets": 7,
    "best_candidate_recall_mean": 0.7142857142857143,
    "top3_candidate_recall_mean": 0.47619047619047616,
    "best_candidate_family_recall_mean": 0.7142857142857143,
    "top3_candidate_family_recall_mean": 0.7857142857142857,
    "validation_regret_mean": 0.00027851271389909914,
    "normalized_validation_regret_mean": 0.028060398502386674,
    "test_regret_mean": -0.00024537018367222697,
    "removed_fraction": 0.75,
    "selected_family_count_mean": 5.0,
    "removed_family_fraction_mean": 0.6875,
    "passes_90pct_recall_at_50pct_removal": false
  },
  {
    "encoder": "dinov2_b14",
    "method": "dpp_subspace",
    "shortlist_size": 10,
    "rows": 7,
    "targets": 7,
    "best_candidate_recall_mean": 0.7142857142857143,
    "top3_candidate_recall_mean": 0.7142857142857143,
    "best_candidate_family_recall_mean": 0.7142857142857143,
    "top3_candidate_family_recall_mean": 0.7857142857142857,
    "validation_regret_mean": 0.000221369908640634,
    "normalized_validation_regret_mean": 0.023982655929856978,
    "test_regret_mean": -6.547314780100002e-05,
    "removed_fraction": 0.5,
    "selected_family_count_mean": 8.0,
    "removed_family_fraction_mean": 0.5,
    "passes_90pct_recall_at_50pct_removal": false
  },
  {
    "encoder": "dinov2_b14",
    "method": "facility_subspace",
    "shortlist_size": 3,
    "rows": 7,
    "targets": 7,
    "best_candidate_recall_mean": 0.0,
    "top3_candidate_recall_mean": 0.380952380952381,
    "best_candidate_family_recall_mean": 0.14285714285714285,
    "top3_candidate_family_recall_mean": 0.42857142857142855,
    "validation_regret_mean": 0.00336175826429354,
    "normalized_validation_regret_mean": 0.12731903089857693,
    "test_regret_mean": 0.004609841959817047,
    "removed_fraction": 0.85,
    "selected_family_count_mean": 3.0,
    "removed_family_fraction_mean": 0.8125,
    "passes_90pct_recall_at_50pct_removal": false
  },
  {
    "encoder": "dinov2_b14",
    "method": "facility_subspace",
    "shortlist_size": 5,
    "rows": 7,
    "targets": 7,
    "best_candidate_recall_mean": 0.0,
    "top3_candidate_recall_mean": 0.47619047619047616,
    "best_candidate_family_recall_mean": 0.14285714285714285,
    "top3_candidate_family_recall_mean": 0.5238095238095238,
    "validation_regret_mean": 0.003354159864177594,
    "normalized_validation_regret_mean": 0.12702550362172432,
    "test_regret_mean": 0.006463943208966911,
    "removed_fraction": 0.75,
    "selected_family_count_mean": 5.0,
    "removed_family_fraction_mean": 0.6875,
    "passes_90pct_recall_at_50pct_removal": false
  },
  {
    "encoder": "dinov2_b14",
    "method": "facility_subspace",
    "shortlist_size": 10,
    "rows": 7,
    "targets": 7,
    "best_candidate_recall_mean": 0.0,
    "top3_candidate_recall_mean": 0.5238095238095238,
    "best_candidate_family_recall_mean": 0.14285714285714285,
    "top3_candidate_family_recall_mean": 0.5714285714285714,
    "validation_regret_mean": 0.003300826341358246,
    "normalized_validation_regret_mean": 0.12557148189215975,
    "test_regret_mean": 0.007846803324563143,
    "removed_fraction": 0.5,
    "selected_family_count_mean": 10.0,
    "removed_family_fraction_mean": 0.375,
    "passes_90pct_recall_at_50pct_removal": false
  },
  {
    "encoder": "dinov2_b14",
    "method": "kcenter_subspace",
    "shortlist_size": 3,
    "rows": 7,
    "targets": 7,
    "best_candidate_recall_mean": 0.5714285714285714,
    "top3_candidate_recall_mean": 0.2857142857142857,
    "best_candidate_family_recall_mean": 0.5714285714285714,
    "top3_candidate_family_recall_mean": 0.2857142857142857,
    "validation_regret_mean": 0.0008514675187544864,
    "normalized_validation_regret_mean": 0.09203701380423211,
    "test_regret_mean": 0.0017292720930916733,
    "removed_fraction": 0.85,
    "selected_family_count_mean": 3.0,
    "removed_family_fraction_mean": 0.8125,
    "passes_90pct_recall_at_50pct_removal": false
  },
  {
    "encoder": "dinov2_b14",
    "method": "kcenter_subspace",
    "shortlist_size": 5,
    "rows": 7,
    "targets": 7,
    "best_candidate_recall_mean": 0.5714285714285714,
    "top3_candidate_recall_mean": 0.2857142857142857,
    "best_candidate_family_recall_mean": 0.5714285714285714,
    "top3_candidate_family_recall_mean": 0.2857142857142857,
    "validation_regret_mean": 0.0007685717993302881,
    "normalized_validation_regret_mean": 0.08291848746990549,
    "test_regret_mean": 0.00485427209309167,
    "removed_fraction": 0.75,
    "selected_family_count_mean": 5.0,
    "removed_family_fraction_mean": 0.6875,
    "passes_90pct_recall_at_50pct_removal": false
  },
  {
    "encoder": "dinov2_b14",
    "method": "kcenter_subspace",
    "shortlist_size": 10,
    "rows": 7,
    "targets": 7,
    "best_candidate_recall_mean": 0.7142857142857143,
    "top3_candidate_recall_mean": 0.5238095238095238,
    "best_candidate_family_recall_mean": 0.8571428571428571,
    "top3_candidate_family_recall_mean": 0.619047619047619,
    "validation_regret_mean": 0.00020482869935234405,
    "normalized_validation_regret_mean": 0.019955159393172075,
    "test_regret_mean": 0.0037724869591849097,
    "removed_fraction": 0.5,
    "selected_family_count_mean": 10.0,
    "removed_family_fraction_mean": 0.375,
    "passes_90pct_recall_at_50pct_removal": false
  },
  {
    "encoder": "dinov2_b14",
    "method": "pool_vendi_subspace",
    "shortlist_size": 3,
    "rows": 7,
    "targets": 7,
    "best_candidate_recall_mean": 0.5714285714285714,
    "top3_candidate_recall_mean": 0.2857142857142857,
    "best_candidate_family_recall_mean": 0.5714285714285714,
    "top3_candidate_family_recall_mean": 0.2857142857142857,
    "validation_regret_mean": 0.0008514675187544864,
    "normalized_validation_regret_mean": 0.09203701380423211,
    "test_regret_mean": 0.0017292720930916733,
    "removed_fraction": 0.85,
    "selected_family_count_mean": 3.0,
    "removed_family_fraction_mean": 0.8125,
    "passes_90pct_recall_at_50pct_removal": false
  },
  {
    "encoder": "dinov2_b14",
    "method": "pool_vendi_subspace",
    "shortlist_size": 5,
    "rows": 7,
    "targets": 7,
    "best_candidate_recall_mean": 0.7142857142857143,
    "top3_candidate_recall_mean": 0.42857142857142855,
    "best_candidate_family_recall_mean": 0.7142857142857143,
    "top3_candidate_family_recall_mean": 0.42857142857142855,
    "validation_regret_mean": 0.00029693408742275426,
    "normalized_validation_regret_mean": 0.030086748967244115,
    "test_regret_mean": 0.0010939155306134904,
    "removed_fraction": 0.75,
    "selected_family_count_mean": 5.0,
    "removed_family_fraction_mean": 0.6875,
    "passes_90pct_recall_at_50pct_removal": false
  },
  {
    "encoder": "dinov2_b14",
    "method": "pool_vendi_subspace",
    "shortlist_size": 10,
    "rows": 7,
    "targets": 7,
    "best_candidate_recall_mean": 0.8571428571428571,
    "top3_candidate_recall_mean": 0.5714285714285714,
    "best_candidate_family_recall_mean": 1.0,
    "top3_candidate_family_recall_mean": 0.5952380952380951,
    "validation_regret_mean": 0.00013816125146742003,
    "normalized_validation_regret_mean": 0.015197732990799443,
    "test_regret_mean": 0.0035714285714285587,
    "removed_fraction": 0.5,
    "selected_family_count_mean": 10.0,
    "removed_family_fraction_mean": 0.375,
    "passes_90pct_recall_at_50pct_removal": false
  },
  {
    "encoder": "dinov2_b14",
    "method": "random",
    "shortlist_size": 3,
    "rows": 700,
    "targets": 7,
    "best_candidate_recall_mean": 0.13285714285714287,
    "top3_candidate_recall_mean": 0.1414285714285714,
    "best_candidate_family_recall_mean": 0.15285714285714286,
    "top3_candidate_family_recall_mean": 0.21071428571428572,
    "validation_regret_mean": 0.0047871422951631,
    "normalized_validation_regret_mean": 0.20797369478896827,
    "test_regret_mean": 0.0055244458402906,
    "removed_fraction": 0.85,
    "selected_family_count_mean": 2.932857142857143,
    "removed_family_fraction_mean": 0.8166964285714285,
    "passes_90pct_recall_at_50pct_removal": false
  },
  {
    "encoder": "dinov2_b14",
    "method": "random",
    "shortlist_size": 5,
    "rows": 700,
    "targets": 7,
    "best_candidate_recall_mean": 0.24571428571428572,
    "top3_candidate_recall_mean": 0.2557142857142857,
    "best_candidate_family_recall_mean": 0.2757142857142857,
    "top3_candidate_family_recall_mean": 0.34928571428571425,
    "validation_regret_mean": 0.0034869041008628626,
    "normalized_validation_regret_mean": 0.14594362249598927,
    "test_regret_mean": 0.004167680025100696,
    "removed_fraction": 0.75,
    "selected_family_count_mean": 4.712857142857143,
    "removed_family_fraction_mean": 0.7054464285714286,
    "passes_90pct_recall_at_50pct_removal": false
  },
  {
    "encoder": "dinov2_b14",
    "method": "random",
    "shortlist_size": 10,
    "rows": 700,
    "targets": 7,
    "best_candidate_recall_mean": 0.4957142857142857,
    "top3_candidate_recall_mean": 0.5109523809523809,
    "best_candidate_family_recall_mean": 0.5371428571428571,
    "top3_candidate_family_recall_mean": 0.6321428571428571,
    "validation_regret_mean": 0.0017768053614466701,
    "normalized_validation_regret_mean": 0.07169887004969074,
    "test_regret_mean": 0.002644540258816302,
    "removed_fraction": 0.5,
    "selected_family_count_mean": 8.891428571428571,
    "removed_family_fraction_mean": 0.4442857142857143,
    "passes_90pct_recall_at_50pct_removal": false
  },
  {
    "encoder": "dinov2_b14",
    "method": "rank_only",
    "shortlist_size": 3,
    "rows": 7,
    "targets": 7,
    "best_candidate_recall_mean": 0.5714285714285714,
    "top3_candidate_recall_mean": 0.47619047619047616,
    "best_candidate_family_recall_mean": 0.5714285714285714,
    "top3_candidate_family_recall_mean": 0.47619047619047616,
    "validation_regret_mean": 0.0005360481117153545,
    "normalized_validation_regret_mean": 0.05935853685949447,
    "test_regret_mean": 0.0021209580557686814,
    "removed_fraction": 0.85,
    "selected_family_count_mean": 2.0,
    "removed_family_fraction_mean": 0.875,
    "passes_90pct_recall_at_50pct_removal": false
  },
  {
    "encoder": "dinov2_b14",
    "method": "rank_only",
    "shortlist_size": 5,
    "rows": 7,
    "targets": 7,
    "best_candidate_recall_mean": 0.7142857142857143,
    "top3_candidate_recall_mean": 0.7142857142857143,
    "best_candidate_family_recall_mean": 0.7142857142857143,
    "top3_candidate_family_recall_mean": 0.7142857142857143,
    "validation_regret_mean": 0.000221369908640634,
    "normalized_validation_regret_mean": 0.023982655929856978,
    "test_regret_mean": -6.547314780100002e-05,
    "removed_fraction": 0.75,
    "selected_family_count_mean": 4.0,
    "removed_family_fraction_mean": 0.75,
    "passes_90pct_recall_at_50pct_removal": false
  },
  {
    "encoder": "dinov2_b14",
    "method": "rank_only",
    "shortlist_size": 10,
    "rows": 7,
    "targets": 7,
    "best_candidate_recall_mean": 0.7142857142857143,
    "top3_candidate_recall_mean": 0.7619047619047619,
    "best_candidate_family_recall_mean": 0.7142857142857143,
    "top3_candidate_family_recall_mean": 0.7857142857142857,
    "validation_regret_mean": 0.00016610552125692228,
    "normalized_validation_regret_mean": 0.017903575185891564,
    "test_regret_mean": 0.0012738125664847175,
    "removed_fraction": 0.5,
    "selected_family_count_mean": 7.0,
    "removed_family_fraction_mean": 0.5625,
    "passes_90pct_recall_at_50pct_removal": false
  }
]
SOURCE_DONE=svhn COMPLETED=18/21
[
  {
    "encoder": "dinov2_b14",
    "method": "dpp_subspace",
    "shortlist_size": 3,
    "rows": 7,
    "targets": 7,
    "best_candidate_recall_mean": 0.42857142857142855,
    "top3_candidate_recall_mean": 0.2857142857142857,
    "best_candidate_family_recall_mean": 0.7142857142857143,
    "top3_candidate_family_recall_mean": 0.5714285714285714,
    "validation_regret_mean": 0.0008191540563820464,
    "normalized_validation_regret_mean": 0.05768420589133062,
    "test_regret_mean": 0.0011189120156424196,
    "removed_fraction": 0.85,
    "selected_family_count_mean": 3.0,
    "removed_family_fraction_mean": 0.8125,
    "passes_90pct_recall_at_50pct_removal": false
  },
  {
    "encoder": "dinov2_b14",
    "method": "dpp_subspace",
    "shortlist_size": 5,
    "rows": 7,
    "targets": 7,
    "best_candidate_recall_mean": 0.7142857142857143,
    "top3_candidate_recall_mean": 0.5714285714285714,
    "best_candidate_family_recall_mean": 0.7142857142857143,
    "top3_candidate_family_recall_mean": 0.6904761904761905,
    "validation_regret_mean": 0.000221369908640634,
    "normalized_validation_regret_mean": 0.023982655929856978,
    "test_regret_mean": -6.547314780100002e-05,
    "removed_fraction": 0.75,
    "selected_family_count_mean": 4.0,
    "removed_family_fraction_mean": 0.75,
    "passes_90pct_recall_at_50pct_removal": false
  },
  {
    "encoder": "dinov2_b14",
    "method": "dpp_subspace",
    "shortlist_size": 10,
    "rows": 7,
    "targets": 7,
    "best_candidate_recall_mean": 0.7142857142857143,
    "top3_candidate_recall_mean": 0.619047619047619,
    "best_candidate_family_recall_mean": 0.7142857142857143,
    "top3_candidate_family_recall_mean": 0.7380952380952381,
    "validation_regret_mean": 0.000221369908640634,
    "normalized_validation_regret_mean": 0.023982655929856978,
    "test_regret_mean": -6.547314780100002e-05,
    "removed_fraction": 0.5,
    "selected_family_count_mean": 8.0,
    "removed_family_fraction_mean": 0.5,
    "passes_90pct_recall_at_50pct_removal": false
  },
  {
    "encoder": "dinov2_b14",
    "method": "facility_subspace",
    "shortlist_size": 3,
    "rows": 7,
    "targets": 7,
    "best_candidate_recall_mean": 0.2857142857142857,
    "top3_candidate_recall_mean": 0.5238095238095238,
    "best_candidate_family_recall_mean": 0.42857142857142855,
    "top3_candidate_family_recall_mean": 0.5714285714285714,
    "validation_regret_mean": 0.00040805760478030654,
    "normalized_validation_regret_mean": 0.027993267085634873,
    "test_regret_mean": 0.0021154267447335124,
    "removed_fraction": 0.85,
    "selected_family_count_mean": 3.0,
    "removed_family_fraction_mean": 0.8125,
    "passes_90pct_recall_at_50pct_removal": false
  },
  {
    "encoder": "dinov2_b14",
    "method": "facility_subspace",
    "shortlist_size": 5,
    "rows": 7,
    "targets": 7,
    "best_candidate_recall_mean": 0.42857142857142855,
    "top3_candidate_recall_mean": 0.6190476190476192,
    "best_candidate_family_recall_mean": 0.5714285714285714,
    "top3_candidate_family_recall_mean": 0.6666666666666666,
    "validation_regret_mean": 0.0004004592046643607,
    "normalized_validation_regret_mean": 0.02762414576540695,
    "test_regret_mean": 0.003969527993883377,
    "removed_fraction": 0.75,
    "selected_family_count_mean": 5.0,
    "removed_family_fraction_mean": 0.6875,
    "passes_90pct_recall_at_50pct_removal": false
  },
  {
    "encoder": "dinov2_b14",
    "method": "facility_subspace",
    "shortlist_size": 10,
    "rows": 7,
    "targets": 7,
    "best_candidate_recall_mean": 0.42857142857142855,
    "top3_candidate_recall_mean": 0.7142857142857143,
    "best_candidate_family_recall_mean": 0.5714285714285714,
    "top3_candidate_family_recall_mean": 0.7619047619047619,
    "validation_regret_mean": 0.0003471256818450127,
    "normalized_validation_regret_mean": 0.02561307830558729,
    "test_regret_mean": 0.00535238810947961,
    "removed_fraction": 0.5,
    "selected_family_count_mean": 10.0,
    "removed_family_fraction_mean": 0.375,
    "passes_90pct_recall_at_50pct_removal": false
  },
  {
    "encoder": "dinov2_b14",
    "method": "kcenter_subspace",
    "shortlist_size": 3,
    "rows": 7,
    "targets": 7,
    "best_candidate_recall_mean": 0.0,
    "top3_candidate_recall_mean": 0.047619047619047616,
    "best_candidate_family_recall_mean": 0.2857142857142857,
    "top3_candidate_family_recall_mean": 0.33333333333333337,
    "validation_regret_mean": 0.0030963222002723073,
    "normalized_validation_regret_mean": 0.20502229353289286,
    "test_regret_mean": 0.004412962709154399,
    "removed_fraction": 0.85,
    "selected_family_count_mean": 3.0,
    "removed_family_fraction_mean": 0.8125,
    "passes_90pct_recall_at_50pct_removal": false
  },
  {
    "encoder": "dinov2_b14",
    "method": "kcenter_subspace",
    "shortlist_size": 5,
    "rows": 7,
    "targets": 7,
    "best_candidate_recall_mean": 0.2857142857142857,
    "top3_candidate_recall_mean": 0.2857142857142857,
    "best_candidate_family_recall_mean": 0.5714285714285714,
    "top3_candidate_family_recall_mean": 0.5714285714285714,
    "validation_regret_mean": 0.0009248504001649101,
    "normalized_validation_regret_mean": 0.06488580259672773,
    "test_regret_mean": 0.001966844286237438,
    "removed_fraction": 0.75,
    "selected_family_count_mean": 5.0,
    "removed_family_fraction_mean": 0.6875,
    "passes_90pct_recall_at_50pct_removal": false
  },
  {
    "encoder": "dinov2_b14",
    "method": "kcenter_subspace",
    "shortlist_size": 10,
    "rows": 7,
    "targets": 7,
    "best_candidate_recall_mean": 0.2857142857142857,
    "top3_candidate_recall_mean": 0.4285714285714285,
    "best_candidate_family_recall_mean": 0.7142857142857143,
    "top3_candidate_family_recall_mean": 0.738095238095238,
    "validation_regret_mean": 0.0007927454002626558,
    "normalized_validation_regret_mean": 0.051899818330032335,
    "test_regret_mean": 0.004222132478441498,
    "removed_fraction": 0.5,
    "selected_family_count_mean": 10.0,
    "removed_family_fraction_mean": 0.375,
    "passes_90pct_recall_at_50pct_removal": false
  },
  {
    "encoder": "dinov2_b14",
    "method": "pool_vendi_subspace",
    "shortlist_size": 3,
    "rows": 7,
    "targets": 7,
    "best_candidate_recall_mean": 0.0,
    "top3_candidate_recall_mean": 0.047619047619047616,
    "best_candidate_family_recall_mean": 0.2857142857142857,
    "top3_candidate_family_recall_mean": 0.33333333333333337,
    "validation_regret_mean": 0.0030963222002723073,
    "normalized_validation_regret_mean": 0.20502229353289286,
    "test_regret_mean": 0.004412962709154399,
    "removed_fraction": 0.85,
    "selected_family_count_mean": 3.0,
    "removed_family_fraction_mean": 0.8125,
    "passes_90pct_recall_at_50pct_removal": false
  },
  {
    "encoder": "dinov2_b14",
    "method": "pool_vendi_subspace",
    "shortlist_size": 5,
    "rows": 7,
    "targets": 7,
    "best_candidate_recall_mean": 0.2857142857142857,
    "top3_candidate_recall_mean": 0.2857142857142857,
    "best_candidate_family_recall_mean": 0.5714285714285714,
    "top3_candidate_family_recall_mean": 0.5714285714285714,
    "validation_regret_mean": 0.0009248504001649101,
    "normalized_validation_regret_mean": 0.06488580259672773,
    "test_regret_mean": 0.001966844286237438,
    "removed_fraction": 0.75,
    "selected_family_count_mean": 5.0,
    "removed_family_fraction_mean": 0.6875,
    "passes_90pct_recall_at_50pct_removal": false
  },
  {
    "encoder": "dinov2_b14",
    "method": "pool_vendi_subspace",
    "shortlist_size": 10,
    "rows": 7,
    "targets": 7,
    "best_candidate_recall_mean": 0.2857142857142857,
    "top3_candidate_recall_mean": 0.4285714285714285,
    "best_candidate_family_recall_mean": 0.7142857142857143,
    "top3_candidate_family_recall_mean": 0.738095238095238,
    "validation_regret_mean": 0.0007927454002626558,
    "normalized_validation_regret_mean": 0.051899818330032335,
    "test_regret_mean": 0.004222132478441498,
    "removed_fraction": 0.5,
    "selected_family_count_mean": 10.0,
    "removed_family_fraction_mean": 0.375,
    "passes_90pct_recall_at_50pct_removal": false
  },
  {
    "encoder": "dinov2_b14",
    "method": "random",
    "shortlist_size": 3,
    "rows": 700,
    "targets": 7,
    "best_candidate_recall_mean": 0.1442857142857143,
    "top3_candidate_recall_mean": 0.15428571428571428,
    "best_candidate_family_recall_mean": 0.20857142857142857,
    "top3_candidate_family_recall_mean": 0.245,
    "validation_regret_mean": 0.0024021966758409246,
    "normalized_validation_regret_mean": 0.13924475851718449,
    "test_regret_mean": 0.003442347254071901,
    "removed_fraction": 0.85,
    "selected_family_count_mean": 2.932857142857143,
    "removed_family_fraction_mean": 0.8166964285714285,
    "passes_90pct_recall_at_50pct_removal": false
  },
  {
    "encoder": "dinov2_b14",
    "method": "random",
    "shortlist_size": 5,
    "rows": 700,
    "targets": 7,
    "best_candidate_recall_mean": 0.24571428571428572,
    "top3_candidate_recall_mean": 0.2542857142857143,
    "best_candidate_family_recall_mean": 0.3385714285714286,
    "top3_candidate_family_recall_mean": 0.3826190476190476,
    "validation_regret_mean": 0.001507783571072404,
    "normalized_validation_regret_mean": 0.08845802127716518,
    "test_regret_mean": 0.0024906416790825827,
    "removed_fraction": 0.75,
    "selected_family_count_mean": 4.712857142857143,
    "removed_family_fraction_mean": 0.7054464285714286,
    "passes_90pct_recall_at_50pct_removal": false
  },
  {
    "encoder": "dinov2_b14",
    "method": "random",
    "shortlist_size": 10,
    "rows": 700,
    "targets": 7,
    "best_candidate_recall_mean": 0.5128571428571429,
    "top3_candidate_recall_mean": 0.508095238095238,
    "best_candidate_family_recall_mean": 0.6142857142857143,
    "top3_candidate_family_recall_mean": 0.675,
    "validation_regret_mean": 0.0005497224688539769,
    "normalized_validation_regret_mean": 0.03358367213833874,
    "test_regret_mean": 0.0016522216456276917,
    "removed_fraction": 0.5,
    "selected_family_count_mean": 8.891428571428571,
    "removed_family_fraction_mean": 0.4442857142857143,
    "passes_90pct_recall_at_50pct_removal": false
  },
  {
    "encoder": "dinov2_b14",
    "method": "rank_only",
    "shortlist_size": 3,
    "rows": 7,
    "targets": 7,
    "best_candidate_recall_mean": 0.42857142857142855,
    "top3_candidate_recall_mean": 0.38095238095238093,
    "best_candidate_family_recall_mean": 0.42857142857142855,
    "top3_candidate_family_recall_mean": 0.38095238095238093,
    "validation_regret_mean": 0.0005581766857318973,
    "normalized_validation_regret_mean": 0.04554403104447642,
    "test_regret_mean": -8.832897458759576e-05,
    "removed_fraction": 0.85,
    "selected_family_count_mean": 2.0,
    "removed_family_fraction_mean": 0.875,
    "passes_90pct_recall_at_50pct_removal": false
  },
  {
    "encoder": "dinov2_b14",
    "method": "rank_only",
    "shortlist_size": 5,
    "rows": 7,
    "targets": 7,
    "best_candidate_recall_mean": 0.7142857142857143,
    "top3_candidate_recall_mean": 0.5714285714285714,
    "best_candidate_family_recall_mean": 0.7142857142857143,
    "top3_candidate_family_recall_mean": 0.6904761904761905,
    "validation_regret_mean": 0.000221369908640634,
    "normalized_validation_regret_mean": 0.023982655929856978,
    "test_regret_mean": -6.547314780100002e-05,
    "removed_fraction": 0.75,
    "selected_family_count_mean": 4.0,
    "removed_family_fraction_mean": 0.75,
    "passes_90pct_recall_at_50pct_removal": false
  },
  {
    "encoder": "dinov2_b14",
    "method": "rank_only",
    "shortlist_size": 10,
    "rows": 7,
    "targets": 7,
    "best_candidate_recall_mean": 0.7142857142857143,
    "top3_candidate_recall_mean": 0.7142857142857143,
    "best_candidate_family_recall_mean": 0.7142857142857143,
    "top3_candidate_family_recall_mean": 0.7380952380952381,
    "validation_regret_mean": 0.00016610552125692228,
    "normalized_validation_regret_mean": 0.017903575185891564,
    "test_regret_mean": 0.0012738125664847175,
    "removed_fraction": 0.5,
    "selected_family_count_mean": 7.0,
    "removed_family_fraction_mean": 0.5625,
    "passes_90pct_recall_at_50pct_removal": false
  }
]
SOURCE_DONE=tiny_imagenet COMPLETED=19/21
[
  {
    "encoder": "dinov2_b14",
    "method": "dpp_subspace",
    "shortlist_size": 3,
    "rows": 7,
    "targets": 7,
    "best_candidate_recall_mean": 0.5714285714285714,
    "top3_candidate_recall_mean": 0.3333333333333333,
    "best_candidate_family_recall_mean": 0.5714285714285714,
    "top3_candidate_family_recall_mean": 0.5714285714285714,
    "validation_regret_mean": 0.0004185675074840197,
    "normalized_validation_regret_mean": 0.044418027198902706,
    "test_regret_mean": -0.00027965647833689503,
    "removed_fraction": 0.85,
    "selected_family_count_mean": 3.0,
    "removed_family_fraction_mean": 0.8125,
    "passes_90pct_recall_at_50pct_removal": false
  },
  {
    "encoder": "dinov2_b14",
    "method": "dpp_subspace",
    "shortlist_size": 5,
    "rows": 7,
    "targets": 7,
    "best_candidate_recall_mean": 0.7142857142857143,
    "top3_candidate_recall_mean": 0.47619047619047616,
    "best_candidate_family_recall_mean": 0.7142857142857143,
    "top3_candidate_family_recall_mean": 0.7857142857142857,
    "validation_regret_mean": 0.00027851271389909914,
    "normalized_validation_regret_mean": 0.028060398502386674,
    "test_regret_mean": -0.00024537018367222697,
    "removed_fraction": 0.75,
    "selected_family_count_mean": 5.0,
    "removed_family_fraction_mean": 0.6875,
    "passes_90pct_recall_at_50pct_removal": false
  },
  {
    "encoder": "dinov2_b14",
    "method": "dpp_subspace",
    "shortlist_size": 10,
    "rows": 7,
    "targets": 7,
    "best_candidate_recall_mean": 0.7142857142857143,
    "top3_candidate_recall_mean": 0.7142857142857143,
    "best_candidate_family_recall_mean": 0.7142857142857143,
    "top3_candidate_family_recall_mean": 0.7857142857142857,
    "validation_regret_mean": 0.000221369908640634,
    "normalized_validation_regret_mean": 0.023982655929856978,
    "test_regret_mean": -6.547314780100002e-05,
    "removed_fraction": 0.5,
    "selected_family_count_mean": 8.0,
    "removed_family_fraction_mean": 0.5,
    "passes_90pct_recall_at_50pct_removal": false
  },
  {
    "encoder": "dinov2_b14",
    "method": "facility_subspace",
    "shortlist_size": 3,
    "rows": 7,
    "targets": 7,
    "best_candidate_recall_mean": 0.0,
    "top3_candidate_recall_mean": 0.380952380952381,
    "best_candidate_family_recall_mean": 0.14285714285714285,
    "top3_candidate_family_recall_mean": 0.42857142857142855,
    "validation_regret_mean": 0.00336175826429354,
    "normalized_validation_regret_mean": 0.12731903089857693,
    "test_regret_mean": 0.004609841959817047,
    "removed_fraction": 0.85,
    "selected_family_count_mean": 3.0,
    "removed_family_fraction_mean": 0.8125,
    "passes_90pct_recall_at_50pct_removal": false
  },
  {
    "encoder": "dinov2_b14",
    "method": "facility_subspace",
    "shortlist_size": 5,
    "rows": 7,
    "targets": 7,
    "best_candidate_recall_mean": 0.0,
    "top3_candidate_recall_mean": 0.47619047619047616,
    "best_candidate_family_recall_mean": 0.14285714285714285,
    "top3_candidate_family_recall_mean": 0.5238095238095238,
    "validation_regret_mean": 0.003354159864177594,
    "normalized_validation_regret_mean": 0.12702550362172432,
    "test_regret_mean": 0.006463943208966911,
    "removed_fraction": 0.75,
    "selected_family_count_mean": 5.0,
    "removed_family_fraction_mean": 0.6875,
    "passes_90pct_recall_at_50pct_removal": false
  },
  {
    "encoder": "dinov2_b14",
    "method": "facility_subspace",
    "shortlist_size": 10,
    "rows": 7,
    "targets": 7,
    "best_candidate_recall_mean": 0.0,
    "top3_candidate_recall_mean": 0.5238095238095238,
    "best_candidate_family_recall_mean": 0.14285714285714285,
    "top3_candidate_family_recall_mean": 0.5714285714285714,
    "validation_regret_mean": 0.003300826341358246,
    "normalized_validation_regret_mean": 0.12557148189215975,
    "test_regret_mean": 0.007846803324563143,
    "removed_fraction": 0.5,
    "selected_family_count_mean": 10.0,
    "removed_family_fraction_mean": 0.375,
    "passes_90pct_recall_at_50pct_removal": false
  },
  {
    "encoder": "dinov2_b14",
    "method": "kcenter_subspace",
    "shortlist_size": 3,
    "rows": 7,
    "targets": 7,
    "best_candidate_recall_mean": 0.5714285714285714,
    "top3_candidate_recall_mean": 0.2857142857142857,
    "best_candidate_family_recall_mean": 0.5714285714285714,
    "top3_candidate_family_recall_mean": 0.2857142857142857,
    "validation_regret_mean": 0.0008514675187544864,
    "normalized_validation_regret_mean": 0.09203701380423211,
    "test_regret_mean": 0.0017292720930916733,
    "removed_fraction": 0.85,
    "selected_family_count_mean": 3.0,
    "removed_family_fraction_mean": 0.8125,
    "passes_90pct_recall_at_50pct_removal": false
  },
  {
    "encoder": "dinov2_b14",
    "method": "kcenter_subspace",
    "shortlist_size": 5,
    "rows": 7,
    "targets": 7,
    "best_candidate_recall_mean": 0.5714285714285714,
    "top3_candidate_recall_mean": 0.2857142857142857,
    "best_candidate_family_recall_mean": 0.5714285714285714,
    "top3_candidate_family_recall_mean": 0.2857142857142857,
    "validation_regret_mean": 0.0007685717993302881,
    "normalized_validation_regret_mean": 0.08291848746990549,
    "test_regret_mean": 0.00485427209309167,
    "removed_fraction": 0.75,
    "selected_family_count_mean": 5.0,
    "removed_family_fraction_mean": 0.6875,
    "passes_90pct_recall_at_50pct_removal": false
  },
  {
    "encoder": "dinov2_b14",
    "method": "kcenter_subspace",
    "shortlist_size": 10,
    "rows": 7,
    "targets": 7,
    "best_candidate_recall_mean": 0.7142857142857143,
    "top3_candidate_recall_mean": 0.5238095238095238,
    "best_candidate_family_recall_mean": 0.8571428571428571,
    "top3_candidate_family_recall_mean": 0.5476190476190476,
    "validation_regret_mean": 0.00020482869935234405,
    "normalized_validation_regret_mean": 0.019955159393172075,
    "test_regret_mean": 0.0037724869591849097,
    "removed_fraction": 0.5,
    "selected_family_count_mean": 10.0,
    "removed_family_fraction_mean": 0.375,
    "passes_90pct_recall_at_50pct_removal": false
  },
  {
    "encoder": "dinov2_b14",
    "method": "pool_vendi_subspace",
    "shortlist_size": 3,
    "rows": 7,
    "targets": 7,
    "best_candidate_recall_mean": 0.5714285714285714,
    "top3_candidate_recall_mean": 0.2857142857142857,
    "best_candidate_family_recall_mean": 0.5714285714285714,
    "top3_candidate_family_recall_mean": 0.2857142857142857,
    "validation_regret_mean": 0.0008514675187544864,
    "normalized_validation_regret_mean": 0.09203701380423211,
    "test_regret_mean": 0.0017292720930916733,
    "removed_fraction": 0.85,
    "selected_family_count_mean": 3.0,
    "removed_family_fraction_mean": 0.8125,
    "passes_90pct_recall_at_50pct_removal": false
  },
  {
    "encoder": "dinov2_b14",
    "method": "pool_vendi_subspace",
    "shortlist_size": 5,
    "rows": 7,
    "targets": 7,
    "best_candidate_recall_mean": 0.7142857142857143,
    "top3_candidate_recall_mean": 0.42857142857142855,
    "best_candidate_family_recall_mean": 0.7142857142857143,
    "top3_candidate_family_recall_mean": 0.42857142857142855,
    "validation_regret_mean": 0.00029693408742275426,
    "normalized_validation_regret_mean": 0.030086748967244115,
    "test_regret_mean": 0.0010939155306134904,
    "removed_fraction": 0.75,
    "selected_family_count_mean": 5.0,
    "removed_family_fraction_mean": 0.6875,
    "passes_90pct_recall_at_50pct_removal": false
  },
  {
    "encoder": "dinov2_b14",
    "method": "pool_vendi_subspace",
    "shortlist_size": 10,
    "rows": 7,
    "targets": 7,
    "best_candidate_recall_mean": 0.7142857142857143,
    "top3_candidate_recall_mean": 0.5238095238095238,
    "best_candidate_family_recall_mean": 0.8571428571428571,
    "top3_candidate_family_recall_mean": 0.5476190476190476,
    "validation_regret_mean": 0.00020482869935234405,
    "normalized_validation_regret_mean": 0.019955159393172075,
    "test_regret_mean": 0.0037724869591849097,
    "removed_fraction": 0.5,
    "selected_family_count_mean": 10.0,
    "removed_family_fraction_mean": 0.375,
    "passes_90pct_recall_at_50pct_removal": false
  },
  {
    "encoder": "dinov2_b14",
    "method": "random",
    "shortlist_size": 3,
    "rows": 700,
    "targets": 7,
    "best_candidate_recall_mean": 0.16428571428571428,
    "top3_candidate_recall_mean": 0.15428571428571428,
    "best_candidate_family_recall_mean": 0.18428571428571427,
    "top3_candidate_family_recall_mean": 0.22357142857142856,
    "validation_regret_mean": 0.004543784813985782,
    "normalized_validation_regret_mean": 0.19671285941740158,
    "test_regret_mean": 0.005101768238203853,
    "removed_fraction": 0.85,
    "selected_family_count_mean": 2.932857142857143,
    "removed_family_fraction_mean": 0.8166964285714285,
    "passes_90pct_recall_at_50pct_removal": false
  },
  {
    "encoder": "dinov2_b14",
    "method": "random",
    "shortlist_size": 5,
    "rows": 700,
    "targets": 7,
    "best_candidate_recall_mean": 0.2557142857142857,
    "top3_candidate_recall_mean": 0.2580952380952381,
    "best_candidate_family_recall_mean": 0.2857142857142857,
    "top3_candidate_family_recall_mean": 0.3516666666666666,
    "validation_regret_mean": 0.0032362522828576442,
    "normalized_validation_regret_mean": 0.13969089604482082,
    "test_regret_mean": 0.003816385201045434,
    "removed_fraction": 0.75,
    "selected_family_count_mean": 4.712857142857143,
    "removed_family_fraction_mean": 0.7054464285714286,
    "passes_90pct_recall_at_50pct_removal": false
  },
  {
    "encoder": "dinov2_b14",
    "method": "random",
    "shortlist_size": 10,
    "rows": 700,
    "targets": 7,
    "best_candidate_recall_mean": 0.49857142857142855,
    "top3_candidate_recall_mean": 0.511904761904762,
    "best_candidate_family_recall_mean": 0.54,
    "top3_candidate_family_recall_mean": 0.633095238095238,
    "validation_regret_mean": 0.0017275035895193852,
    "normalized_validation_regret_mean": 0.07020763234486434,
    "test_regret_mean": 0.0025849652801241117,
    "removed_fraction": 0.5,
    "selected_family_count_mean": 8.891428571428571,
    "removed_family_fraction_mean": 0.4442857142857143,
    "passes_90pct_recall_at_50pct_removal": false
  },
  {
    "encoder": "dinov2_b14",
    "method": "rank_only",
    "shortlist_size": 3,
    "rows": 7,
    "targets": 7,
    "best_candidate_recall_mean": 0.5714285714285714,
    "top3_candidate_recall_mean": 0.47619047619047616,
    "best_candidate_family_recall_mean": 0.5714285714285714,
    "top3_candidate_family_recall_mean": 0.47619047619047616,
    "validation_regret_mean": 0.0005360481117153545,
    "normalized_validation_regret_mean": 0.05935853685949447,
    "test_regret_mean": 0.0021209580557686814,
    "removed_fraction": 0.85,
    "selected_family_count_mean": 2.0,
    "removed_family_fraction_mean": 0.875,
    "passes_90pct_recall_at_50pct_removal": false
  },
  {
    "encoder": "dinov2_b14",
    "method": "rank_only",
    "shortlist_size": 5,
    "rows": 7,
    "targets": 7,
    "best_candidate_recall_mean": 0.7142857142857143,
    "top3_candidate_recall_mean": 0.7142857142857143,
    "best_candidate_family_recall_mean": 0.7142857142857143,
    "top3_candidate_family_recall_mean": 0.7142857142857143,
    "validation_regret_mean": 0.000221369908640634,
    "normalized_validation_regret_mean": 0.023982655929856978,
    "test_regret_mean": -6.547314780100002e-05,
    "removed_fraction": 0.75,
    "selected_family_count_mean": 4.0,
    "removed_family_fraction_mean": 0.75,
    "passes_90pct_recall_at_50pct_removal": false
  },
  {
    "encoder": "dinov2_b14",
    "method": "rank_only",
    "shortlist_size": 10,
    "rows": 7,
    "targets": 7,
    "best_candidate_recall_mean": 0.7142857142857143,
    "top3_candidate_recall_mean": 0.7619047619047619,
    "best_candidate_family_recall_mean": 0.7142857142857143,
    "top3_candidate_family_recall_mean": 0.7857142857142857,
    "validation_regret_mean": 0.00016610552125692228,
    "normalized_validation_regret_mean": 0.017903575185891564,
    "test_regret_mean": 0.0012738125664847175,
    "removed_fraction": 0.5,
    "selected_family_count_mean": 7.0,
    "removed_family_fraction_mean": 0.5625,
    "passes_90pct_recall_at_50pct_removal": false
  }
]
SOURCE_DONE=tissuemnist COMPLETED=20/21
[
  {
    "encoder": "dinov2_b14",
    "method": "dpp_subspace",
    "shortlist_size": 3,
    "rows": 7,
    "targets": 7,
    "best_candidate_recall_mean": 0.5714285714285714,
    "top3_candidate_recall_mean": 0.38095238095238093,
    "best_candidate_family_recall_mean": 0.5714285714285714,
    "top3_candidate_family_recall_mean": 0.6190476190476192,
    "validation_regret_mean": 0.0002804062560165997,
    "normalized_validation_regret_mean": 0.03018521532075291,
    "test_regret_mean": -0.0038510850497654537,
    "removed_fraction": 0.85,
    "selected_family_count_mean": 3.0,
    "removed_family_fraction_mean": 0.8235294117647057,
    "passes_90pct_recall_at_50pct_removal": false
  },
  {
    "encoder": "dinov2_b14",
    "method": "dpp_subspace",
    "shortlist_size": 5,
    "rows": 7,
    "targets": 7,
    "best_candidate_recall_mean": 0.7142857142857143,
    "top3_candidate_recall_mean": 0.5238095238095237,
    "best_candidate_family_recall_mean": 0.7142857142857143,
    "top3_candidate_family_recall_mean": 0.8095238095238094,
    "validation_regret_mean": 0.00014035146243167912,
    "normalized_validation_regret_mean": 0.013827586624236873,
    "test_regret_mean": -0.003816798755100786,
    "removed_fraction": 0.75,
    "selected_family_count_mean": 5.0,
    "removed_family_fraction_mean": 0.7058823529411765,
    "passes_90pct_recall_at_50pct_removal": false
  },
  {
    "encoder": "dinov2_b14",
    "method": "dpp_subspace",
    "shortlist_size": 10,
    "rows": 7,
    "targets": 7,
    "best_candidate_recall_mean": 0.7142857142857143,
    "top3_candidate_recall_mean": 0.7619047619047619,
    "best_candidate_family_recall_mean": 0.7142857142857143,
    "top3_candidate_family_recall_mean": 0.8095238095238094,
    "validation_regret_mean": 8.320865717321395e-05,
    "normalized_validation_regret_mean": 0.009749844051707172,
    "test_regret_mean": -0.003636901719229559,
    "removed_fraction": 0.5,
    "selected_family_count_mean": 8.0,
    "removed_family_fraction_mean": 0.5294117647058824,
    "passes_90pct_recall_at_50pct_removal": false
  },
  {
    "encoder": "dinov2_b14",
    "method": "facility_subspace",
    "shortlist_size": 3,
    "rows": 7,
    "targets": 7,
    "best_candidate_recall_mean": 0.0,
    "top3_candidate_recall_mean": 0.4285714285714285,
    "best_candidate_family_recall_mean": 0.0,
    "top3_candidate_family_recall_mean": 0.4285714285714285,
    "validation_regret_mean": 0.003318451706393999,
    "normalized_validation_regret_mean": 0.12390978741872834,
    "test_regret_mean": 0.0001739433833530971,
    "removed_fraction": 0.85,
    "selected_family_count_mean": 3.0,
    "removed_family_fraction_mean": 0.8235294117647057,
    "passes_90pct_recall_at_50pct_removal": false
  },
  {
    "encoder": "dinov2_b14",
    "method": "facility_subspace",
    "shortlist_size": 5,
    "rows": 7,
    "targets": 7,
    "best_candidate_recall_mean": 0.14285714285714285,
    "top3_candidate_recall_mean": 0.5238095238095238,
    "best_candidate_family_recall_mean": 0.14285714285714285,
    "top3_candidate_family_recall_mean": 0.5238095238095238,
    "validation_regret_mean": 0.003215998612710174,
    "normalized_validation_regret_mean": 0.11182777063092489,
    "test_regret_mean": 0.002892514637538352,
    "removed_fraction": 0.75,
    "selected_family_count_mean": 5.0,
    "removed_family_fraction_mean": 0.7058823529411765,
    "passes_90pct_recall_at_50pct_removal": false
  },
  {
    "encoder": "dinov2_b14",
    "method": "facility_subspace",
    "shortlist_size": 10,
    "rows": 7,
    "targets": 7,
    "best_candidate_recall_mean": 0.14285714285714285,
    "top3_candidate_recall_mean": 0.5714285714285714,
    "best_candidate_family_recall_mean": 0.14285714285714285,
    "top3_candidate_family_recall_mean": 0.5714285714285714,
    "validation_regret_mean": 0.003162665089890826,
    "normalized_validation_regret_mean": 0.11037374890136031,
    "test_regret_mean": 0.004275374753134585,
    "removed_fraction": 0.5,
    "selected_family_count_mean": 10.0,
    "removed_family_fraction_mean": 0.41176470588235287,
    "passes_90pct_recall_at_50pct_removal": false
  },
  {
    "encoder": "dinov2_b14",
    "method": "kcenter_subspace",
    "shortlist_size": 3,
    "rows": 7,
    "targets": 7,
    "best_candidate_recall_mean": 0.5714285714285714,
    "top3_candidate_recall_mean": 0.2857142857142857,
    "best_candidate_family_recall_mean": 0.5714285714285714,
    "top3_candidate_family_recall_mean": 0.2857142857142857,
    "validation_regret_mean": 0.0007133062672870663,
    "normalized_validation_regret_mean": 0.08347319761138236,
    "test_regret_mean": -0.0018421564783368855,
    "removed_fraction": 0.85,
    "selected_family_count_mean": 3.0,
    "removed_family_fraction_mean": 0.8235294117647057,
    "passes_90pct_recall_at_50pct_removal": false
  },
  {
    "encoder": "dinov2_b14",
    "method": "kcenter_subspace",
    "shortlist_size": 5,
    "rows": 7,
    "targets": 7,
    "best_candidate_recall_mean": 0.5714285714285714,
    "top3_candidate_recall_mean": 0.2857142857142857,
    "best_candidate_family_recall_mean": 0.5714285714285714,
    "top3_candidate_family_recall_mean": 0.2857142857142857,
    "validation_regret_mean": 0.0006304105478628681,
    "normalized_validation_regret_mean": 0.07326911927079345,
    "test_regret_mean": 0.0012828435216631112,
    "removed_fraction": 0.75,
    "selected_family_count_mean": 5.0,
    "removed_family_fraction_mean": 0.7058823529411765,
    "passes_90pct_recall_at_50pct_removal": false
  },
  {
    "encoder": "dinov2_b14",
    "method": "kcenter_subspace",
    "shortlist_size": 10,
    "rows": 7,
    "targets": 7,
    "best_candidate_recall_mean": 0.8571428571428571,
    "top3_candidate_recall_mean": 0.5238095238095238,
    "best_candidate_family_recall_mean": 0.8571428571428571,
    "top3_candidate_family_recall_mean": 0.5238095238095238,
    "validation_regret_mean": 6.6667447884924e-05,
    "normalized_validation_regret_mean": 0.00475742640237263,
    "test_regret_mean": 0.00020105838775635082,
    "removed_fraction": 0.5,
    "selected_family_count_mean": 10.0,
    "removed_family_fraction_mean": 0.41176470588235287,
    "passes_90pct_recall_at_50pct_removal": false
  },
  {
    "encoder": "dinov2_b14",
    "method": "pool_vendi_subspace",
    "shortlist_size": 3,
    "rows": 7,
    "targets": 7,
    "best_candidate_recall_mean": 0.5714285714285714,
    "top3_candidate_recall_mean": 0.2857142857142857,
    "best_candidate_family_recall_mean": 0.5714285714285714,
    "top3_candidate_family_recall_mean": 0.2857142857142857,
    "validation_regret_mean": 0.0007133062672870663,
    "normalized_validation_regret_mean": 0.08347319761138236,
    "test_regret_mean": -0.0018421564783368855,
    "removed_fraction": 0.85,
    "selected_family_count_mean": 3.0,
    "removed_family_fraction_mean": 0.8235294117647057,
    "passes_90pct_recall_at_50pct_removal": false
  },
  {
    "encoder": "dinov2_b14",
    "method": "pool_vendi_subspace",
    "shortlist_size": 5,
    "rows": 7,
    "targets": 7,
    "best_candidate_recall_mean": 0.7142857142857143,
    "top3_candidate_recall_mean": 0.42857142857142855,
    "best_candidate_family_recall_mean": 0.7142857142857143,
    "top3_candidate_family_recall_mean": 0.42857142857142855,
    "validation_regret_mean": 0.0001587728359553342,
    "normalized_validation_regret_mean": 0.016095172211071835,
    "test_regret_mean": -0.002477513040815068,
    "removed_fraction": 0.75,
    "selected_family_count_mean": 5.0,
    "removed_family_fraction_mean": 0.7058823529411765,
    "passes_90pct_recall_at_50pct_removal": false
  },
  {
    "encoder": "dinov2_b14",
    "method": "pool_vendi_subspace",
    "shortlist_size": 10,
    "rows": 7,
    "targets": 7,
    "best_candidate_recall_mean": 0.8571428571428571,
    "top3_candidate_recall_mean": 0.5238095238095238,
    "best_candidate_family_recall_mean": 0.8571428571428571,
    "top3_candidate_family_recall_mean": 0.5238095238095238,
    "validation_regret_mean": 6.6667447884924e-05,
    "normalized_validation_regret_mean": 0.00475742640237263,
    "test_regret_mean": 0.00020105838775635082,
    "removed_fraction": 0.5,
    "selected_family_count_mean": 10.0,
    "removed_family_fraction_mean": 0.41176470588235287,
    "passes_90pct_recall_at_50pct_removal": false
  },
  {
    "encoder": "dinov2_b14",
    "method": "random",
    "shortlist_size": 3,
    "rows": 700,
    "targets": 7,
    "best_candidate_recall_mean": 0.16857142857142857,
    "top3_candidate_recall_mean": 0.15857142857142856,
    "best_candidate_family_recall_mean": 0.16857142857142857,
    "top3_candidate_family_recall_mean": 0.20857142857142857,
    "validation_regret_mean": 0.004475681727686437,
    "normalized_validation_regret_mean": 0.19058361164667587,
    "test_regret_mean": 0.0017325497354779916,
    "removed_fraction": 0.85,
    "selected_family_count_mean": 2.9514285714285715,
    "removed_family_fraction_mean": 0.8263865546218487,
    "passes_90pct_recall_at_50pct_removal": false
  },
  {
    "encoder": "dinov2_b14",
    "method": "random",
    "shortlist_size": 5,
    "rows": 700,
    "targets": 7,
    "best_candidate_recall_mean": 0.26,
    "top3_candidate_recall_mean": 0.2580952380952381,
    "best_candidate_family_recall_mean": 0.26,
    "top3_candidate_family_recall_mean": 0.32523809523809527,
    "validation_regret_mean": 0.003174900813220519,
    "normalized_validation_regret_mean": 0.13390362294697505,
    "test_regret_mean": 0.000647863047463554,
    "removed_fraction": 0.75,
    "selected_family_count_mean": 4.768571428571429,
    "removed_family_fraction_mean": 0.7194957983193278,
    "passes_90pct_recall_at_50pct_removal": false
  },
  {
    "encoder": "dinov2_b14",
    "method": "random",
    "shortlist_size": 10,
    "rows": 700,
    "targets": 7,
    "best_candidate_recall_mean": 0.5,
    "top3_candidate_recall_mean": 0.5114285714285715,
    "best_candidate_family_recall_mean": 0.5,
    "top3_candidate_family_recall_mean": 0.5866666666666666,
    "validation_regret_mean": 0.0016795854084820602,
    "normalized_validation_regret_mean": 0.06497216983870176,
    "test_regret_mean": -5.263854776109816e-05,
    "removed_fraction": 0.5,
    "selected_family_count_mean": 9.107142857142858,
    "removed_family_fraction_mean": 0.4642857142857143,
    "passes_90pct_recall_at_50pct_removal": false
  },
  {
    "encoder": "dinov2_b14",
    "method": "rank_only",
    "shortlist_size": 3,
    "rows": 7,
    "targets": 7,
    "best_candidate_recall_mean": 0.5714285714285714,
    "top3_candidate_recall_mean": 0.47619047619047616,
    "best_candidate_family_recall_mean": 0.5714285714285714,
    "top3_candidate_family_recall_mean": 0.47619047619047616,
    "validation_regret_mean": 0.0003978868602479345,
    "normalized_validation_regret_mean": 0.04777929329943296,
    "test_regret_mean": -0.0014504705156598771,
    "removed_fraction": 0.85,
    "selected_family_count_mean": 2.0,
    "removed_family_fraction_mean": 0.8823529411764708,
    "passes_90pct_recall_at_50pct_removal": false
  },
  {
    "encoder": "dinov2_b14",
    "method": "rank_only",
    "shortlist_size": 5,
    "rows": 7,
    "targets": 7,
    "best_candidate_recall_mean": 0.7142857142857143,
    "top3_candidate_recall_mean": 0.7619047619047619,
    "best_candidate_family_recall_mean": 0.7142857142857143,
    "top3_candidate_family_recall_mean": 0.7619047619047619,
    "validation_regret_mean": 8.320865717321395e-05,
    "normalized_validation_regret_mean": 0.009749844051707172,
    "test_regret_mean": -0.003636901719229559,
    "removed_fraction": 0.75,
    "selected_family_count_mean": 4.0,
    "removed_family_fraction_mean": 0.7647058823529411,
    "passes_90pct_recall_at_50pct_removal": false
  },
  {
    "encoder": "dinov2_b14",
    "method": "rank_only",
    "shortlist_size": 10,
    "rows": 7,
    "targets": 7,
    "best_candidate_recall_mean": 0.7142857142857143,
    "top3_candidate_recall_mean": 0.8095238095238094,
    "best_candidate_family_recall_mean": 0.7142857142857143,
    "top3_candidate_family_recall_mean": 0.8095238095238094,
    "validation_regret_mean": 2.794426978950223e-05,
    "normalized_validation_regret_mean": 0.002947054447791483,
    "test_regret_mean": -0.0022976160049438415,
    "removed_fraction": 0.5,
    "selected_family_count_mean": 7.0,
    "removed_family_fraction_mean": 0.5882352941176471,
    "passes_90pct_recall_at_50pct_removal": false
  }
]
SOURCE_DONE=usps COMPLETED=21/21
DONE_UTC=2026-09-07T06:59:32Z
