START_UTC=2026-09-07T06:59:07Z ENCODER=resnet50
SCRIPT_SHA256=8c05e398ff6c1bebd025c4288d2cfc3a73ad052c8b194cbfc057dd43f8d0096a
[
  {
    "encoder": "resnet50",
    "method": "dpp_subspace",
    "shortlist_size": 3,
    "rows": 7,
    "targets": 7,
    "best_candidate_recall_mean": 0.7142857142857143,
    "top3_candidate_recall_mean": 0.380952380952381,
    "best_candidate_family_recall_mean": 0.7142857142857143,
    "top3_candidate_family_recall_mean": 0.619047619047619,
    "validation_regret_mean": 0.00295528838211147,
    "normalized_validation_regret_mean": 0.09765178938978905,
    "test_regret_mean": -0.005367725236075268,
    "removed_fraction": 0.85,
    "selected_family_count_mean": 3.0,
    "removed_family_fraction_mean": 0.8125,
    "passes_90pct_recall_at_50pct_removal": false
  },
  {
    "encoder": "resnet50",
    "method": "dpp_subspace",
    "shortlist_size": 5,
    "rows": 7,
    "targets": 7,
    "best_candidate_recall_mean": 0.7142857142857143,
    "top3_candidate_recall_mean": 0.380952380952381,
    "best_candidate_family_recall_mean": 0.7142857142857143,
    "top3_candidate_family_recall_mean": 0.619047619047619,
    "validation_regret_mean": 0.0024210708540671594,
    "normalized_validation_regret_mean": 0.08117919318031673,
    "test_regret_mean": -0.000903439521789554,
    "removed_fraction": 0.75,
    "selected_family_count_mean": 5.0,
    "removed_family_fraction_mean": 0.6875,
    "passes_90pct_recall_at_50pct_removal": false
  },
  {
    "encoder": "resnet50",
    "method": "dpp_subspace",
    "shortlist_size": 10,
    "rows": 7,
    "targets": 7,
    "best_candidate_recall_mean": 0.7142857142857143,
    "top3_candidate_recall_mean": 0.6666666666666666,
    "best_candidate_family_recall_mean": 0.7142857142857143,
    "top3_candidate_family_recall_mean": 0.6666666666666666,
    "validation_regret_mean": 0.002402648707555228,
    "normalized_validation_regret_mean": 0.08061114633633969,
    "test_regret_mean": -0.003135582378932411,
    "removed_fraction": 0.5,
    "selected_family_count_mean": 8.0,
    "removed_family_fraction_mean": 0.5,
    "passes_90pct_recall_at_50pct_removal": false
  },
  {
    "encoder": "resnet50",
    "method": "facility_subspace",
    "shortlist_size": 3,
    "rows": 7,
    "targets": 7,
    "best_candidate_recall_mean": 0.14285714285714285,
    "top3_candidate_recall_mean": 0.2857142857142857,
    "best_candidate_family_recall_mean": 0.14285714285714285,
    "top3_candidate_family_recall_mean": 0.3095238095238095,
    "validation_regret_mean": 0.004586247331453115,
    "normalized_validation_regret_mean": 0.13244062811016544,
    "test_regret_mean": 0.0016231485775538726,
    "removed_fraction": 0.85,
    "selected_family_count_mean": 3.0,
    "removed_family_fraction_mean": 0.8125,
    "passes_90pct_recall_at_50pct_removal": false
  },
  {
    "encoder": "resnet50",
    "method": "facility_subspace",
    "shortlist_size": 5,
    "rows": 7,
    "targets": 7,
    "best_candidate_recall_mean": 0.14285714285714285,
    "top3_candidate_recall_mean": 0.2857142857142857,
    "best_candidate_family_recall_mean": 0.14285714285714285,
    "top3_candidate_family_recall_mean": 0.3095238095238095,
    "validation_regret_mean": 0.004586247331453115,
    "normalized_validation_regret_mean": 0.13244062811016544,
    "test_regret_mean": 0.0016231485775538726,
    "removed_fraction": 0.75,
    "selected_family_count_mean": 5.0,
    "removed_family_fraction_mean": 0.6875,
    "passes_90pct_recall_at_50pct_removal": false
  },
  {
    "encoder": "resnet50",
    "method": "facility_subspace",
    "shortlist_size": 10,
    "rows": 7,
    "targets": 7,
    "best_candidate_recall_mean": 0.14285714285714285,
    "top3_candidate_recall_mean": 0.42857142857142855,
    "best_candidate_family_recall_mean": 0.14285714285714285,
    "top3_candidate_family_recall_mean": 0.5,
    "validation_regret_mean": 0.003871961001366307,
    "normalized_validation_regret_mean": 0.11236674326622187,
    "test_regret_mean": -5.918060030256951e-05,
    "removed_fraction": 0.5,
    "selected_family_count_mean": 10.0,
    "removed_family_fraction_mean": 0.375,
    "passes_90pct_recall_at_50pct_removal": false
  },
  {
    "encoder": "resnet50",
    "method": "kcenter_subspace",
    "shortlist_size": 3,
    "rows": 7,
    "targets": 7,
    "best_candidate_recall_mean": 0.8571428571428571,
    "top3_candidate_recall_mean": 0.38095238095238093,
    "best_candidate_family_recall_mean": 0.8571428571428571,
    "top3_candidate_family_recall_mean": 0.40476190476190477,
    "validation_regret_mean": 0.00012761989729743423,
    "normalized_validation_regret_mean": 0.010460638371006687,
    "test_regret_mean": -1.0582378932414268e-05,
    "removed_fraction": 0.85,
    "selected_family_count_mean": 3.0,
    "removed_family_fraction_mean": 0.8125,
    "passes_90pct_recall_at_50pct_removal": false
  },
  {
    "encoder": "resnet50",
    "method": "kcenter_subspace",
    "shortlist_size": 5,
    "rows": 7,
    "targets": 7,
    "best_candidate_recall_mean": 0.8571428571428571,
    "top3_candidate_recall_mean": 0.38095238095238093,
    "best_candidate_family_recall_mean": 0.8571428571428571,
    "top3_candidate_family_recall_mean": 0.40476190476190477,
    "validation_regret_mean": 0.00012761989729743423,
    "normalized_validation_regret_mean": 0.010460638371006687,
    "test_regret_mean": -1.0582378932414268e-05,
    "removed_fraction": 0.75,
    "selected_family_count_mean": 5.0,
    "removed_family_fraction_mean": 0.6875,
    "passes_90pct_recall_at_50pct_removal": false
  },
  {
    "encoder": "resnet50",
    "method": "kcenter_subspace",
    "shortlist_size": 10,
    "rows": 7,
    "targets": 7,
    "best_candidate_recall_mean": 1.0,
    "top3_candidate_recall_mean": 0.619047619047619,
    "best_candidate_family_recall_mean": 1.0,
    "top3_candidate_family_recall_mean": 0.6428571428571427,
    "validation_regret_mean": 0.0,
    "normalized_validation_regret_mean": 0.0,
    "test_regret_mean": 0.0,
    "removed_fraction": 0.5,
    "selected_family_count_mean": 9.0,
    "removed_family_fraction_mean": 0.4375,
    "passes_90pct_recall_at_50pct_removal": true
  },
  {
    "encoder": "resnet50",
    "method": "pool_vendi_subspace",
    "shortlist_size": 3,
    "rows": 7,
    "targets": 7,
    "best_candidate_recall_mean": 0.8571428571428571,
    "top3_candidate_recall_mean": 0.38095238095238093,
    "best_candidate_family_recall_mean": 0.8571428571428571,
    "top3_candidate_family_recall_mean": 0.40476190476190477,
    "validation_regret_mean": 0.00012761989729743423,
    "normalized_validation_regret_mean": 0.010460638371006687,
    "test_regret_mean": -1.0582378932414268e-05,
    "removed_fraction": 0.85,
    "selected_family_count_mean": 3.0,
    "removed_family_fraction_mean": 0.8125,
    "passes_90pct_recall_at_50pct_removal": false
  },
  {
    "encoder": "resnet50",
    "method": "pool_vendi_subspace",
    "shortlist_size": 5,
    "rows": 7,
    "targets": 7,
    "best_candidate_recall_mean": 0.8571428571428571,
    "top3_candidate_recall_mean": 0.38095238095238093,
    "best_candidate_family_recall_mean": 0.8571428571428571,
    "top3_candidate_family_recall_mean": 0.40476190476190477,
    "validation_regret_mean": 0.00012761989729743423,
    "normalized_validation_regret_mean": 0.010460638371006687,
    "test_regret_mean": -1.0582378932414268e-05,
    "removed_fraction": 0.75,
    "selected_family_count_mean": 5.0,
    "removed_family_fraction_mean": 0.6875,
    "passes_90pct_recall_at_50pct_removal": false
  },
  {
    "encoder": "resnet50",
    "method": "pool_vendi_subspace",
    "shortlist_size": 10,
    "rows": 7,
    "targets": 7,
    "best_candidate_recall_mean": 1.0,
    "top3_candidate_recall_mean": 0.619047619047619,
    "best_candidate_family_recall_mean": 1.0,
    "top3_candidate_family_recall_mean": 0.6428571428571427,
    "validation_regret_mean": 0.0,
    "normalized_validation_regret_mean": 0.0,
    "test_regret_mean": 0.0,
    "removed_fraction": 0.5,
    "selected_family_count_mean": 9.0,
    "removed_family_fraction_mean": 0.4375,
    "passes_90pct_recall_at_50pct_removal": true
  },
  {
    "encoder": "resnet50",
    "method": "random",
    "shortlist_size": 3,
    "rows": 700,
    "targets": 7,
    "best_candidate_recall_mean": 0.15142857142857144,
    "top3_candidate_recall_mean": 0.14285714285714285,
    "best_candidate_family_recall_mean": 0.15142857142857144,
    "top3_candidate_family_recall_mean": 0.18190476190476187,
    "validation_regret_mean": 0.009260989848754633,
    "normalized_validation_regret_mean": 0.24736372770248755,
    "test_regret_mean": 0.0033877129639897957,
    "removed_fraction": 0.85,
    "selected_family_count_mean": 2.92,
    "removed_family_fraction_mean": 0.8175,
    "passes_90pct_recall_at_50pct_removal": false
  },
  {
    "encoder": "resnet50",
    "method": "random",
    "shortlist_size": 5,
    "rows": 700,
    "targets": 7,
    "best_candidate_recall_mean": 0.25,
    "top3_candidate_recall_mean": 0.24904761904761902,
    "best_candidate_family_recall_mean": 0.25,
    "top3_candidate_family_recall_mean": 0.3173809523809524,
    "validation_regret_mean": 0.006892036490437989,
    "normalized_validation_regret_mean": 0.1802563860918674,
    "test_regret_mean": 0.0016123921445437782,
    "removed_fraction": 0.75,
    "selected_family_count_mean": 4.7628571428571425,
    "removed_family_fraction_mean": 0.7023214285714285,
    "passes_90pct_recall_at_50pct_removal": false
  },
  {
    "encoder": "resnet50",
    "method": "random",
    "shortlist_size": 10,
    "rows": 700,
    "targets": 7,
    "best_candidate_recall_mean": 0.4857142857142857,
    "top3_candidate_recall_mean": 0.5042857142857143,
    "best_candidate_family_recall_mean": 0.4857142857142857,
    "top3_candidate_family_recall_mean": 0.5871428571428572,
    "validation_regret_mean": 0.0035594411842905143,
    "normalized_validation_regret_mean": 0.09576470969099875,
    "test_regret_mean": -0.00038225294010980145,
    "removed_fraction": 0.5,
    "selected_family_count_mean": 8.898571428571428,
    "removed_family_fraction_mean": 0.4438392857142857,
    "passes_90pct_recall_at_50pct_removal": false
  },
  {
    "encoder": "resnet50",
    "method": "rank_only",
    "shortlist_size": 3,
    "rows": 7,
    "targets": 7,
    "best_candidate_recall_mean": 0.7142857142857143,
    "top3_candidate_recall_mean": 0.5714285714285714,
    "best_candidate_family_recall_mean": 0.7142857142857143,
    "top3_candidate_family_recall_mean": 0.5714285714285714,
    "validation_regret_mean": 0.003296082771438621,
    "normalized_validation_regret_mean": 0.10816018357593833,
    "test_regret_mean": -0.0033587966646467,
    "removed_fraction": 0.85,
    "selected_family_count_mean": 2.0,
    "removed_family_fraction_mean": 0.875,
    "passes_90pct_recall_at_50pct_removal": false
  },
  {
    "encoder": "resnet50",
    "method": "rank_only",
    "shortlist_size": 5,
    "rows": 7,
    "targets": 7,
    "best_candidate_recall_mean": 0.7142857142857143,
    "top3_candidate_recall_mean": 0.619047619047619,
    "best_candidate_family_recall_mean": 0.7142857142857143,
    "top3_candidate_family_recall_mean": 0.619047619047619,
    "validation_regret_mean": 0.002586861510594301,
    "normalized_validation_regret_mean": 0.08629134768088638,
    "test_regret_mean": -0.0035820109503609887,
    "removed_fraction": 0.75,
    "selected_family_count_mean": 4.0,
    "removed_family_fraction_mean": 0.75,
    "passes_90pct_recall_at_50pct_removal": false
  },
  {
    "encoder": "resnet50",
    "method": "rank_only",
    "shortlist_size": 10,
    "rows": 7,
    "targets": 7,
    "best_candidate_recall_mean": 0.7142857142857143,
    "top3_candidate_recall_mean": 0.6666666666666666,
    "best_candidate_family_recall_mean": 0.7142857142857143,
    "top3_candidate_family_recall_mean": 0.6666666666666666,
    "validation_regret_mean": 0.002402648707555228,
    "normalized_validation_regret_mean": 0.08061114633633969,
    "test_regret_mean": -0.003135582378932411,
    "removed_fraction": 0.5,
    "selected_family_count_mean": 7.0,
    "removed_family_fraction_mean": 0.5625,
    "passes_90pct_recall_at_50pct_removal": false
  }
]
SOURCE_DONE=bloodmnist COMPLETED=1/21
[
  {
    "encoder": "resnet50",
    "method": "dpp_subspace",
    "shortlist_size": 3,
    "rows": 7,
    "targets": 7,
    "best_candidate_recall_mean": 0.7142857142857143,
    "top3_candidate_recall_mean": 0.380952380952381,
    "best_candidate_family_recall_mean": 0.7142857142857143,
    "top3_candidate_family_recall_mean": 0.619047619047619,
    "validation_regret_mean": 0.00295528838211147,
    "normalized_validation_regret_mean": 0.09765178938978905,
    "test_regret_mean": -0.005367725236075268,
    "removed_fraction": 0.85,
    "selected_family_count_mean": 3.0,
    "removed_family_fraction_mean": 0.8125,
    "passes_90pct_recall_at_50pct_removal": false
  },
  {
    "encoder": "resnet50",
    "method": "dpp_subspace",
    "shortlist_size": 5,
    "rows": 7,
    "targets": 7,
    "best_candidate_recall_mean": 0.7142857142857143,
    "top3_candidate_recall_mean": 0.42857142857142855,
    "best_candidate_family_recall_mean": 0.7142857142857143,
    "top3_candidate_family_recall_mean": 0.6666666666666666,
    "validation_regret_mean": 0.0024210708540671594,
    "normalized_validation_regret_mean": 0.08117919318031673,
    "test_regret_mean": -0.000903439521789554,
    "removed_fraction": 0.75,
    "selected_family_count_mean": 5.0,
    "removed_family_fraction_mean": 0.6875,
    "passes_90pct_recall_at_50pct_removal": false
  },
  {
    "encoder": "resnet50",
    "method": "dpp_subspace",
    "shortlist_size": 10,
    "rows": 7,
    "targets": 7,
    "best_candidate_recall_mean": 0.7142857142857143,
    "top3_candidate_recall_mean": 0.7619047619047619,
    "best_candidate_family_recall_mean": 0.7142857142857143,
    "top3_candidate_family_recall_mean": 0.7619047619047619,
    "validation_regret_mean": 0.0023664588513665962,
    "normalized_validation_regret_mean": 0.07764476721909504,
    "test_regret_mean": -0.0027757951191493507,
    "removed_fraction": 0.5,
    "selected_family_count_mean": 8.0,
    "removed_family_fraction_mean": 0.5,
    "passes_90pct_recall_at_50pct_removal": false
  },
  {
    "encoder": "resnet50",
    "method": "facility_subspace",
    "shortlist_size": 3,
    "rows": 7,
    "targets": 7,
    "best_candidate_recall_mean": 0.0,
    "top3_candidate_recall_mean": 0.23809523809523808,
    "best_candidate_family_recall_mean": 0.0,
    "top3_candidate_family_recall_mean": 0.3095238095238095,
    "validation_regret_mean": 0.007754710205594302,
    "normalized_validation_regret_mean": 0.2301401733150971,
    "test_regret_mean": -0.0017250657081604131,
    "removed_fraction": 0.85,
    "selected_family_count_mean": 3.0,
    "removed_family_fraction_mean": 0.8125,
    "passes_90pct_recall_at_50pct_removal": false
  },
  {
    "encoder": "resnet50",
    "method": "facility_subspace",
    "shortlist_size": 5,
    "rows": 7,
    "targets": 7,
    "best_candidate_recall_mean": 0.14285714285714285,
    "top3_candidate_recall_mean": 0.2857142857142857,
    "best_candidate_family_recall_mean": 0.14285714285714285,
    "top3_candidate_family_recall_mean": 0.35714285714285715,
    "validation_regret_mean": 0.004586247331453115,
    "normalized_validation_regret_mean": 0.13244062811016544,
    "test_regret_mean": 0.0016231485775538726,
    "removed_fraction": 0.75,
    "selected_family_count_mean": 5.0,
    "removed_family_fraction_mean": 0.6875,
    "passes_90pct_recall_at_50pct_removal": false
  },
  {
    "encoder": "resnet50",
    "method": "facility_subspace",
    "shortlist_size": 10,
    "rows": 7,
    "targets": 7,
    "best_candidate_recall_mean": 0.2857142857142857,
    "top3_candidate_recall_mean": 0.5238095238095237,
    "best_candidate_family_recall_mean": 0.2857142857142857,
    "top3_candidate_family_recall_mean": 0.6428571428571429,
    "validation_regret_mean": 0.0034910084476172387,
    "normalized_validation_regret_mean": 0.08114115081810282,
    "test_regret_mean": -0.0005353672163827142,
    "removed_fraction": 0.5,
    "selected_family_count_mean": 10.0,
    "removed_family_fraction_mean": 0.375,
    "passes_90pct_recall_at_50pct_removal": false
  },
  {
    "encoder": "resnet50",
    "method": "kcenter_subspace",
    "shortlist_size": 3,
    "rows": 7,
    "targets": 7,
    "best_candidate_recall_mean": 0.8571428571428571,
    "top3_candidate_recall_mean": 0.38095238095238093,
    "best_candidate_family_recall_mean": 0.8571428571428571,
    "top3_candidate_family_recall_mean": 0.40476190476190477,
    "validation_regret_mean": 0.00012761989729743423,
    "normalized_validation_regret_mean": 0.010460638371006687,
    "test_regret_mean": -1.0582378932414268e-05,
    "removed_fraction": 0.85,
    "selected_family_count_mean": 3.0,
    "removed_family_fraction_mean": 0.8125,
    "passes_90pct_recall_at_50pct_removal": false
  },
  {
    "encoder": "resnet50",
    "method": "kcenter_subspace",
    "shortlist_size": 5,
    "rows": 7,
    "targets": 7,
    "best_candidate_recall_mean": 0.8571428571428571,
    "top3_candidate_recall_mean": 0.38095238095238093,
    "best_candidate_family_recall_mean": 0.8571428571428571,
    "top3_candidate_family_recall_mean": 0.40476190476190477,
    "validation_regret_mean": 0.00012761989729743423,
    "normalized_validation_regret_mean": 0.010460638371006687,
    "test_regret_mean": -1.0582378932414268e-05,
    "removed_fraction": 0.75,
    "selected_family_count_mean": 5.0,
    "removed_family_fraction_mean": 0.6875,
    "passes_90pct_recall_at_50pct_removal": false
  },
  {
    "encoder": "resnet50",
    "method": "kcenter_subspace",
    "shortlist_size": 10,
    "rows": 7,
    "targets": 7,
    "best_candidate_recall_mean": 0.8571428571428571,
    "top3_candidate_recall_mean": 0.5714285714285714,
    "best_candidate_family_recall_mean": 0.8571428571428571,
    "top3_candidate_family_recall_mean": 0.6428571428571429,
    "validation_regret_mean": 9.143004110880235e-05,
    "normalized_validation_regret_mean": 0.007494259253762033,
    "test_regret_mean": 0.00034920488085064615,
    "removed_fraction": 0.5,
    "selected_family_count_mean": 10.0,
    "removed_family_fraction_mean": 0.375,
    "passes_90pct_recall_at_50pct_removal": false
  },
  {
    "encoder": "resnet50",
    "method": "pool_vendi_subspace",
    "shortlist_size": 3,
    "rows": 7,
    "targets": 7,
    "best_candidate_recall_mean": 0.8571428571428571,
    "top3_candidate_recall_mean": 0.38095238095238093,
    "best_candidate_family_recall_mean": 0.8571428571428571,
    "top3_candidate_family_recall_mean": 0.40476190476190477,
    "validation_regret_mean": 0.00012761989729743423,
    "normalized_validation_regret_mean": 0.010460638371006687,
    "test_regret_mean": -1.0582378932414268e-05,
    "removed_fraction": 0.85,
    "selected_family_count_mean": 3.0,
    "removed_family_fraction_mean": 0.8125,
    "passes_90pct_recall_at_50pct_removal": false
  },
  {
    "encoder": "resnet50",
    "method": "pool_vendi_subspace",
    "shortlist_size": 5,
    "rows": 7,
    "targets": 7,
    "best_candidate_recall_mean": 0.8571428571428571,
    "top3_candidate_recall_mean": 0.38095238095238093,
    "best_candidate_family_recall_mean": 0.8571428571428571,
    "top3_candidate_family_recall_mean": 0.40476190476190477,
    "validation_regret_mean": 0.00012761989729743423,
    "normalized_validation_regret_mean": 0.010460638371006687,
    "test_regret_mean": -1.0582378932414268e-05,
    "removed_fraction": 0.75,
    "selected_family_count_mean": 5.0,
    "removed_family_fraction_mean": 0.6875,
    "passes_90pct_recall_at_50pct_removal": false
  },
  {
    "encoder": "resnet50",
    "method": "pool_vendi_subspace",
    "shortlist_size": 10,
    "rows": 7,
    "targets": 7,
    "best_candidate_recall_mean": 0.8571428571428571,
    "top3_candidate_recall_mean": 0.5714285714285714,
    "best_candidate_family_recall_mean": 0.8571428571428571,
    "top3_candidate_family_recall_mean": 0.5952380952380951,
    "validation_regret_mean": 9.143004110880235e-05,
    "normalized_validation_regret_mean": 0.007494259253762033,
    "test_regret_mean": 0.00034920488085064615,
    "removed_fraction": 0.5,
    "selected_family_count_mean": 9.0,
    "removed_family_fraction_mean": 0.4375,
    "passes_90pct_recall_at_50pct_removal": false
  },
  {
    "encoder": "resnet50",
    "method": "random",
    "shortlist_size": 3,
    "rows": 700,
    "targets": 7,
    "best_candidate_recall_mean": 0.15142857142857144,
    "top3_candidate_recall_mean": 0.14523809523809522,
    "best_candidate_family_recall_mean": 0.15142857142857144,
    "top3_candidate_family_recall_mean": 0.19761904761904758,
    "validation_regret_mean": 0.009278289020990689,
    "normalized_validation_regret_mean": 0.24264398273086998,
    "test_regret_mean": 0.0032907091464315055,
    "removed_fraction": 0.85,
    "selected_family_count_mean": 2.92,
    "removed_family_fraction_mean": 0.8175,
    "passes_90pct_recall_at_50pct_removal": false
  },
  {
    "encoder": "resnet50",
    "method": "random",
    "shortlist_size": 5,
    "rows": 700,
    "targets": 7,
    "best_candidate_recall_mean": 0.25,
    "top3_candidate_recall_mean": 0.24571428571428572,
    "best_candidate_family_recall_mean": 0.25,
    "top3_candidate_family_recall_mean": 0.3311904761904762,
    "validation_regret_mean": 0.006962060315140298,
    "normalized_validation_regret_mean": 0.1806882707533752,
    "test_regret_mean": 0.0015152926189558782,
    "removed_fraction": 0.75,
    "selected_family_count_mean": 4.7628571428571425,
    "removed_family_fraction_mean": 0.7023214285714285,
    "passes_90pct_recall_at_50pct_removal": false
  },
  {
    "encoder": "resnet50",
    "method": "random",
    "shortlist_size": 10,
    "rows": 700,
    "targets": 7,
    "best_candidate_recall_mean": 0.4857142857142857,
    "top3_candidate_recall_mean": 0.5019047619047619,
    "best_candidate_family_recall_mean": 0.4857142857142857,
    "top3_candidate_family_recall_mean": 0.6038095238095238,
    "validation_regret_mean": 0.0036526442536234313,
    "normalized_validation_regret_mean": 0.09716408337335337,
    "test_regret_mean": -0.0005638501048088124,
    "removed_fraction": 0.5,
    "selected_family_count_mean": 8.898571428571428,
    "removed_family_fraction_mean": 0.4438392857142857,
    "passes_90pct_recall_at_50pct_removal": false
  },
  {
    "encoder": "resnet50",
    "method": "rank_only",
    "shortlist_size": 3,
    "rows": 7,
    "targets": 7,
    "best_candidate_recall_mean": 0.7142857142857143,
    "top3_candidate_recall_mean": 0.5714285714285714,
    "best_candidate_family_recall_mean": 0.7142857142857143,
    "top3_candidate_family_recall_mean": 0.5714285714285714,
    "validation_regret_mean": 0.003296082771438621,
    "normalized_validation_regret_mean": 0.10816018357593833,
    "test_regret_mean": -0.0033587966646467,
    "removed_fraction": 0.85,
    "selected_family_count_mean": 2.0,
    "removed_family_fraction_mean": 0.875,
    "passes_90pct_recall_at_50pct_removal": false
  },
  {
    "encoder": "resnet50",
    "method": "rank_only",
    "shortlist_size": 5,
    "rows": 7,
    "targets": 7,
    "best_candidate_recall_mean": 0.7142857142857143,
    "top3_candidate_recall_mean": 0.619047619047619,
    "best_candidate_family_recall_mean": 0.7142857142857143,
    "top3_candidate_family_recall_mean": 0.619047619047619,
    "validation_regret_mean": 0.002586861510594301,
    "normalized_validation_regret_mean": 0.08629134768088638,
    "test_regret_mean": -0.0035820109503609887,
    "removed_fraction": 0.75,
    "selected_family_count_mean": 4.0,
    "removed_family_fraction_mean": 0.75,
    "passes_90pct_recall_at_50pct_removal": false
  },
  {
    "encoder": "resnet50",
    "method": "rank_only",
    "shortlist_size": 10,
    "rows": 7,
    "targets": 7,
    "best_candidate_recall_mean": 0.7142857142857143,
    "top3_candidate_recall_mean": 0.7142857142857143,
    "best_candidate_family_recall_mean": 0.7142857142857143,
    "top3_candidate_family_recall_mean": 0.7142857142857143,
    "validation_regret_mean": 0.002402648707555228,
    "normalized_validation_regret_mean": 0.08061114633633969,
    "test_regret_mean": -0.003135582378932411,
    "removed_fraction": 0.5,
    "selected_family_count_mean": 7.0,
    "removed_family_fraction_mean": 0.5625,
    "passes_90pct_recall_at_50pct_removal": false
  }
]
SOURCE_DONE=breastmnist COMPLETED=2/21
[
  {
    "encoder": "resnet50",
    "method": "dpp_subspace",
    "shortlist_size": 3,
    "rows": 7,
    "targets": 7,
    "best_candidate_recall_mean": 0.7142857142857143,
    "top3_candidate_recall_mean": 0.380952380952381,
    "best_candidate_family_recall_mean": 0.7142857142857143,
    "top3_candidate_family_recall_mean": 0.619047619047619,
    "validation_regret_mean": 0.00295528838211147,
    "normalized_validation_regret_mean": 0.09765178938978905,
    "test_regret_mean": -0.005367725236075268,
    "removed_fraction": 0.85,
    "selected_family_count_mean": 3.0,
    "removed_family_fraction_mean": 0.8125,
    "passes_90pct_recall_at_50pct_removal": false
  },
  {
    "encoder": "resnet50",
    "method": "dpp_subspace",
    "shortlist_size": 5,
    "rows": 7,
    "targets": 7,
    "best_candidate_recall_mean": 0.7142857142857143,
    "top3_candidate_recall_mean": 0.42857142857142855,
    "best_candidate_family_recall_mean": 0.7142857142857143,
    "top3_candidate_family_recall_mean": 0.6666666666666666,
    "validation_regret_mean": 0.002402648707555228,
    "normalized_validation_regret_mean": 0.08061114633633969,
    "test_regret_mean": -0.003135582378932411,
    "removed_fraction": 0.75,
    "selected_family_count_mean": 5.0,
    "removed_family_fraction_mean": 0.6875,
    "passes_90pct_recall_at_50pct_removal": false
  },
  {
    "encoder": "resnet50",
    "method": "dpp_subspace",
    "shortlist_size": 10,
    "rows": 7,
    "targets": 7,
    "best_candidate_recall_mean": 0.7142857142857143,
    "top3_candidate_recall_mean": 0.7142857142857143,
    "best_candidate_family_recall_mean": 0.7142857142857143,
    "top3_candidate_family_recall_mean": 0.7142857142857143,
    "validation_regret_mean": 0.0023664588513665962,
    "normalized_validation_regret_mean": 0.07764476721909504,
    "test_regret_mean": -0.0027757951191493507,
    "removed_fraction": 0.5,
    "selected_family_count_mean": 8.0,
    "removed_family_fraction_mean": 0.5,
    "passes_90pct_recall_at_50pct_removal": false
  },
  {
    "encoder": "resnet50",
    "method": "facility_subspace",
    "shortlist_size": 3,
    "rows": 7,
    "targets": 7,
    "best_candidate_recall_mean": 0.0,
    "top3_candidate_recall_mean": 0.23809523809523808,
    "best_candidate_family_recall_mean": 0.0,
    "top3_candidate_family_recall_mean": 0.26190476190476186,
    "validation_regret_mean": 0.007754710205594302,
    "normalized_validation_regret_mean": 0.2301401733150971,
    "test_regret_mean": -0.0017250657081604131,
    "removed_fraction": 0.85,
    "selected_family_count_mean": 3.0,
    "removed_family_fraction_mean": 0.8125,
    "passes_90pct_recall_at_50pct_removal": false
  },
  {
    "encoder": "resnet50",
    "method": "facility_subspace",
    "shortlist_size": 5,
    "rows": 7,
    "targets": 7,
    "best_candidate_recall_mean": 0.14285714285714285,
    "top3_candidate_recall_mean": 0.2857142857142857,
    "best_candidate_family_recall_mean": 0.14285714285714285,
    "top3_candidate_family_recall_mean": 0.3095238095238095,
    "validation_regret_mean": 0.004586247331453115,
    "normalized_validation_regret_mean": 0.13244062811016544,
    "test_regret_mean": 0.0016231485775538726,
    "removed_fraction": 0.75,
    "selected_family_count_mean": 5.0,
    "removed_family_fraction_mean": 0.6875,
    "passes_90pct_recall_at_50pct_removal": false
  },
  {
    "encoder": "resnet50",
    "method": "facility_subspace",
    "shortlist_size": 10,
    "rows": 7,
    "targets": 7,
    "best_candidate_recall_mean": 0.2857142857142857,
    "top3_candidate_recall_mean": 0.5238095238095238,
    "best_candidate_family_recall_mean": 0.2857142857142857,
    "top3_candidate_family_recall_mean": 0.5952380952380951,
    "validation_regret_mean": 0.0034910084476172387,
    "normalized_validation_regret_mean": 0.08114115081810282,
    "test_regret_mean": -0.0005353672163827142,
    "removed_fraction": 0.5,
    "selected_family_count_mean": 10.0,
    "removed_family_fraction_mean": 0.375,
    "passes_90pct_recall_at_50pct_removal": false
  },
  {
    "encoder": "resnet50",
    "method": "kcenter_subspace",
    "shortlist_size": 3,
    "rows": 7,
    "targets": 7,
    "best_candidate_recall_mean": 0.8571428571428571,
    "top3_candidate_recall_mean": 0.38095238095238093,
    "best_candidate_family_recall_mean": 0.8571428571428571,
    "top3_candidate_family_recall_mean": 0.40476190476190477,
    "validation_regret_mean": 0.00012761989729743423,
    "normalized_validation_regret_mean": 0.010460638371006687,
    "test_regret_mean": -1.0582378932414268e-05,
    "removed_fraction": 0.85,
    "selected_family_count_mean": 3.0,
    "removed_family_fraction_mean": 0.8125,
    "passes_90pct_recall_at_50pct_removal": false
  },
  {
    "encoder": "resnet50",
    "method": "kcenter_subspace",
    "shortlist_size": 5,
    "rows": 7,
    "targets": 7,
    "best_candidate_recall_mean": 0.8571428571428571,
    "top3_candidate_recall_mean": 0.38095238095238093,
    "best_candidate_family_recall_mean": 0.8571428571428571,
    "top3_candidate_family_recall_mean": 0.40476190476190477,
    "validation_regret_mean": 0.00012761989729743423,
    "normalized_validation_regret_mean": 0.010460638371006687,
    "test_regret_mean": -1.0582378932414268e-05,
    "removed_fraction": 0.75,
    "selected_family_count_mean": 5.0,
    "removed_family_fraction_mean": 0.6875,
    "passes_90pct_recall_at_50pct_removal": false
  },
  {
    "encoder": "resnet50",
    "method": "kcenter_subspace",
    "shortlist_size": 10,
    "rows": 7,
    "targets": 7,
    "best_candidate_recall_mean": 0.8571428571428571,
    "top3_candidate_recall_mean": 0.5714285714285714,
    "best_candidate_family_recall_mean": 0.8571428571428571,
    "top3_candidate_family_recall_mean": 0.5952380952380951,
    "validation_regret_mean": 9.143004110880235e-05,
    "normalized_validation_regret_mean": 0.007494259253762033,
    "test_regret_mean": 0.00034920488085064615,
    "removed_fraction": 0.5,
    "selected_family_count_mean": 9.0,
    "removed_family_fraction_mean": 0.4375,
    "passes_90pct_recall_at_50pct_removal": false
  },
  {
    "encoder": "resnet50",
    "method": "pool_vendi_subspace",
    "shortlist_size": 3,
    "rows": 7,
    "targets": 7,
    "best_candidate_recall_mean": 0.8571428571428571,
    "top3_candidate_recall_mean": 0.38095238095238093,
    "best_candidate_family_recall_mean": 0.8571428571428571,
    "top3_candidate_family_recall_mean": 0.40476190476190477,
    "validation_regret_mean": 0.00012761989729743423,
    "normalized_validation_regret_mean": 0.010460638371006687,
    "test_regret_mean": -1.0582378932414268e-05,
    "removed_fraction": 0.85,
    "selected_family_count_mean": 3.0,
    "removed_family_fraction_mean": 0.8125,
    "passes_90pct_recall_at_50pct_removal": false
  },
  {
    "encoder": "resnet50",
    "method": "pool_vendi_subspace",
    "shortlist_size": 5,
    "rows": 7,
    "targets": 7,
    "best_candidate_recall_mean": 0.8571428571428571,
    "top3_candidate_recall_mean": 0.38095238095238093,
    "best_candidate_family_recall_mean": 0.8571428571428571,
    "top3_candidate_family_recall_mean": 0.40476190476190477,
    "validation_regret_mean": 0.00012761989729743423,
    "normalized_validation_regret_mean": 0.010460638371006687,
    "test_regret_mean": -1.0582378932414268e-05,
    "removed_fraction": 0.75,
    "selected_family_count_mean": 5.0,
    "removed_family_fraction_mean": 0.6875,
    "passes_90pct_recall_at_50pct_removal": false
  },
  {
    "encoder": "resnet50",
    "method": "pool_vendi_subspace",
    "shortlist_size": 10,
    "rows": 7,
    "targets": 7,
    "best_candidate_recall_mean": 0.8571428571428571,
    "top3_candidate_recall_mean": 0.5714285714285714,
    "best_candidate_family_recall_mean": 0.8571428571428571,
    "top3_candidate_family_recall_mean": 0.5952380952380951,
    "validation_regret_mean": 9.143004110880235e-05,
    "normalized_validation_regret_mean": 0.007494259253762033,
    "test_regret_mean": 0.00034920488085064615,
    "removed_fraction": 0.5,
    "selected_family_count_mean": 9.0,
    "removed_family_fraction_mean": 0.4375,
    "passes_90pct_recall_at_50pct_removal": false
  },
  {
    "encoder": "resnet50",
    "method": "random",
    "shortlist_size": 3,
    "rows": 700,
    "targets": 7,
    "best_candidate_recall_mean": 0.15142857142857144,
    "top3_candidate_recall_mean": 0.149047619047619,
    "best_candidate_family_recall_mean": 0.15142857142857144,
    "top3_candidate_family_recall_mean": 0.1880952380952381,
    "validation_regret_mean": 0.009456314362008451,
    "normalized_validation_regret_mean": 0.24552558573439423,
    "test_regret_mean": 0.003833802597863325,
    "removed_fraction": 0.85,
    "selected_family_count_mean": 2.92,
    "removed_family_fraction_mean": 0.8175,
    "passes_90pct_recall_at_50pct_removal": false
  },
  {
    "encoder": "resnet50",
    "method": "random",
    "shortlist_size": 5,
    "rows": 700,
    "targets": 7,
    "best_candidate_recall_mean": 0.25,
    "top3_candidate_recall_mean": 0.2480952380952381,
    "best_candidate_family_recall_mean": 0.25,
    "top3_candidate_family_recall_mean": 0.31642857142857145,
    "validation_regret_mean": 0.007060493343748274,
    "normalized_validation_regret_mean": 0.18172502840024243,
    "test_regret_mean": 0.0018834248014858719,
    "removed_fraction": 0.75,
    "selected_family_count_mean": 4.7628571428571425,
    "removed_family_fraction_mean": 0.7023214285714285,
    "passes_90pct_recall_at_50pct_removal": false
  },
  {
    "encoder": "resnet50",
    "method": "random",
    "shortlist_size": 10,
    "rows": 700,
    "targets": 7,
    "best_candidate_recall_mean": 0.4857142857142857,
    "top3_candidate_recall_mean": 0.5076190476190476,
    "best_candidate_family_recall_mean": 0.4857142857142857,
    "top3_candidate_family_recall_mean": 0.5904761904761905,
    "validation_regret_mean": 0.0035565627689904305,
    "normalized_validation_regret_mean": 0.0938763266908275,
    "test_regret_mean": -0.000205778462546217,
    "removed_fraction": 0.5,
    "selected_family_count_mean": 8.898571428571428,
    "removed_family_fraction_mean": 0.4438392857142857,
    "passes_90pct_recall_at_50pct_removal": false
  },
  {
    "encoder": "resnet50",
    "method": "rank_only",
    "shortlist_size": 3,
    "rows": 7,
    "targets": 7,
    "best_candidate_recall_mean": 0.7142857142857143,
    "top3_candidate_recall_mean": 0.5714285714285714,
    "best_candidate_family_recall_mean": 0.7142857142857143,
    "top3_candidate_family_recall_mean": 0.5714285714285714,
    "validation_regret_mean": 0.003296082771438621,
    "normalized_validation_regret_mean": 0.10816018357593833,
    "test_regret_mean": -0.0033587966646467,
    "removed_fraction": 0.85,
    "selected_family_count_mean": 2.0,
    "removed_family_fraction_mean": 0.875,
    "passes_90pct_recall_at_50pct_removal": false
  },
  {
    "encoder": "resnet50",
    "method": "rank_only",
    "shortlist_size": 5,
    "rows": 7,
    "targets": 7,
    "best_candidate_recall_mean": 0.7142857142857143,
    "top3_candidate_recall_mean": 0.619047619047619,
    "best_candidate_family_recall_mean": 0.7142857142857143,
    "top3_candidate_family_recall_mean": 0.619047619047619,
    "validation_regret_mean": 0.00295528838211147,
    "normalized_validation_regret_mean": 0.09765178938978905,
    "test_regret_mean": -0.005367725236075268,
    "removed_fraction": 0.75,
    "selected_family_count_mean": 4.0,
    "removed_family_fraction_mean": 0.75,
    "passes_90pct_recall_at_50pct_removal": false
  },
  {
    "encoder": "resnet50",
    "method": "rank_only",
    "shortlist_size": 10,
    "rows": 7,
    "targets": 7,
    "best_candidate_recall_mean": 0.7142857142857143,
    "top3_candidate_recall_mean": 0.7142857142857143,
    "best_candidate_family_recall_mean": 0.7142857142857143,
    "top3_candidate_family_recall_mean": 0.7142857142857143,
    "validation_regret_mean": 0.0023664588513665962,
    "normalized_validation_regret_mean": 0.07764476721909504,
    "test_regret_mean": -0.0027757951191493507,
    "removed_fraction": 0.5,
    "selected_family_count_mean": 7.0,
    "removed_family_fraction_mean": 0.5625,
    "passes_90pct_recall_at_50pct_removal": false
  }
]
SOURCE_DONE=cifar10 COMPLETED=3/21
[
  {
    "encoder": "resnet50",
    "method": "dpp_subspace",
    "shortlist_size": 3,
    "rows": 7,
    "targets": 7,
    "best_candidate_recall_mean": 0.7142857142857143,
    "top3_candidate_recall_mean": 0.42857142857142855,
    "best_candidate_family_recall_mean": 0.7142857142857143,
    "top3_candidate_family_recall_mean": 0.42857142857142855,
    "validation_regret_mean": 0.00295528838211147,
    "normalized_validation_regret_mean": 0.09765178938978905,
    "test_regret_mean": -0.005367725236075268,
    "removed_fraction": 0.85,
    "selected_family_count_mean": 3.0,
    "removed_family_fraction_mean": 0.8235294117647057,
    "passes_90pct_recall_at_50pct_removal": false
  },
  {
    "encoder": "resnet50",
    "method": "dpp_subspace",
    "shortlist_size": 5,
    "rows": 7,
    "targets": 7,
    "best_candidate_recall_mean": 0.7142857142857143,
    "top3_candidate_recall_mean": 0.5238095238095238,
    "best_candidate_family_recall_mean": 0.7142857142857143,
    "top3_candidate_family_recall_mean": 0.5714285714285714,
    "validation_regret_mean": 0.0024210708540671594,
    "normalized_validation_regret_mean": 0.08117919318031673,
    "test_regret_mean": -0.000903439521789554,
    "removed_fraction": 0.75,
    "selected_family_count_mean": 5.0,
    "removed_family_fraction_mean": 0.7058823529411765,
    "passes_90pct_recall_at_50pct_removal": false
  },
  {
    "encoder": "resnet50",
    "method": "dpp_subspace",
    "shortlist_size": 10,
    "rows": 7,
    "targets": 7,
    "best_candidate_recall_mean": 0.7142857142857143,
    "top3_candidate_recall_mean": 0.7142857142857143,
    "best_candidate_family_recall_mean": 0.7142857142857143,
    "top3_candidate_family_recall_mean": 0.7142857142857143,
    "validation_regret_mean": 0.0023664588513665962,
    "normalized_validation_regret_mean": 0.07764476721909504,
    "test_regret_mean": -0.0027757951191493507,
    "removed_fraction": 0.5,
    "selected_family_count_mean": 9.0,
    "removed_family_fraction_mean": 0.4705882352941177,
    "passes_90pct_recall_at_50pct_removal": false
  },
  {
    "encoder": "resnet50",
    "method": "facility_subspace",
    "shortlist_size": 3,
    "rows": 7,
    "targets": 7,
    "best_candidate_recall_mean": 0.0,
    "top3_candidate_recall_mean": 0.047619047619047616,
    "best_candidate_family_recall_mean": 0.0,
    "top3_candidate_family_recall_mean": 0.09523809523809523,
    "validation_regret_mean": 0.013562796055297286,
    "normalized_validation_regret_mean": 0.3718147890677745,
    "test_regret_mean": 0.006011285952159321,
    "removed_fraction": 0.85,
    "selected_family_count_mean": 3.0,
    "removed_family_fraction_mean": 0.8235294117647057,
    "passes_90pct_recall_at_50pct_removal": false
  },
  {
    "encoder": "resnet50",
    "method": "facility_subspace",
    "shortlist_size": 5,
    "rows": 7,
    "targets": 7,
    "best_candidate_recall_mean": 0.14285714285714285,
    "top3_candidate_recall_mean": 0.09523809523809523,
    "best_candidate_family_recall_mean": 0.14285714285714285,
    "top3_candidate_family_recall_mean": 0.14285714285714285,
    "validation_regret_mean": 0.010090382371705271,
    "normalized_validation_regret_mean": 0.26474292137474487,
    "test_regret_mean": 0.009359500237873606,
    "removed_fraction": 0.75,
    "selected_family_count_mean": 5.0,
    "removed_family_fraction_mean": 0.7058823529411765,
    "passes_90pct_recall_at_50pct_removal": false
  },
  {
    "encoder": "resnet50",
    "method": "facility_subspace",
    "shortlist_size": 10,
    "rows": 7,
    "targets": 7,
    "best_candidate_recall_mean": 0.2857142857142857,
    "top3_candidate_recall_mean": 0.42857142857142855,
    "best_candidate_family_recall_mean": 0.2857142857142857,
    "top3_candidate_family_recall_mean": 0.5238095238095238,
    "validation_regret_mean": 0.005659832789746173,
    "normalized_validation_regret_mean": 0.1251534911108732,
    "test_regret_mean": 0.0008433069501604384,
    "removed_fraction": 0.5,
    "selected_family_count_mean": 10.0,
    "removed_family_fraction_mean": 0.41176470588235287,
    "passes_90pct_recall_at_50pct_removal": false
  },
  {
    "encoder": "resnet50",
    "method": "kcenter_subspace",
    "shortlist_size": 3,
    "rows": 7,
    "targets": 7,
    "best_candidate_recall_mean": 0.8571428571428571,
    "top3_candidate_recall_mean": 0.38095238095238093,
    "best_candidate_family_recall_mean": 0.8571428571428571,
    "top3_candidate_family_recall_mean": 0.38095238095238093,
    "validation_regret_mean": 0.00012761989729743423,
    "normalized_validation_regret_mean": 0.010460638371006687,
    "test_regret_mean": -1.0582378932414268e-05,
    "removed_fraction": 0.85,
    "selected_family_count_mean": 3.0,
    "removed_family_fraction_mean": 0.8235294117647057,
    "passes_90pct_recall_at_50pct_removal": false
  },
  {
    "encoder": "resnet50",
    "method": "kcenter_subspace",
    "shortlist_size": 5,
    "rows": 7,
    "targets": 7,
    "best_candidate_recall_mean": 0.8571428571428571,
    "top3_candidate_recall_mean": 0.38095238095238093,
    "best_candidate_family_recall_mean": 0.8571428571428571,
    "top3_candidate_family_recall_mean": 0.38095238095238093,
    "validation_regret_mean": 0.00012761989729743423,
    "normalized_validation_regret_mean": 0.010460638371006687,
    "test_regret_mean": -1.0582378932414268e-05,
    "removed_fraction": 0.75,
    "selected_family_count_mean": 5.0,
    "removed_family_fraction_mean": 0.7058823529411765,
    "passes_90pct_recall_at_50pct_removal": false
  },
  {
    "encoder": "resnet50",
    "method": "kcenter_subspace",
    "shortlist_size": 10,
    "rows": 7,
    "targets": 7,
    "best_candidate_recall_mean": 0.8571428571428571,
    "top3_candidate_recall_mean": 0.6666666666666666,
    "best_candidate_family_recall_mean": 0.8571428571428571,
    "top3_candidate_family_recall_mean": 0.6666666666666666,
    "validation_regret_mean": 9.143004110880235e-05,
    "normalized_validation_regret_mean": 0.007494259253762033,
    "test_regret_mean": 0.00034920488085064615,
    "removed_fraction": 0.5,
    "selected_family_count_mean": 9.0,
    "removed_family_fraction_mean": 0.4705882352941177,
    "passes_90pct_recall_at_50pct_removal": false
  },
  {
    "encoder": "resnet50",
    "method": "pool_vendi_subspace",
    "shortlist_size": 3,
    "rows": 7,
    "targets": 7,
    "best_candidate_recall_mean": 0.8571428571428571,
    "top3_candidate_recall_mean": 0.38095238095238093,
    "best_candidate_family_recall_mean": 0.8571428571428571,
    "top3_candidate_family_recall_mean": 0.38095238095238093,
    "validation_regret_mean": 0.00012761989729743423,
    "normalized_validation_regret_mean": 0.010460638371006687,
    "test_regret_mean": -1.0582378932414268e-05,
    "removed_fraction": 0.85,
    "selected_family_count_mean": 3.0,
    "removed_family_fraction_mean": 0.8235294117647057,
    "passes_90pct_recall_at_50pct_removal": false
  },
  {
    "encoder": "resnet50",
    "method": "pool_vendi_subspace",
    "shortlist_size": 5,
    "rows": 7,
    "targets": 7,
    "best_candidate_recall_mean": 0.8571428571428571,
    "top3_candidate_recall_mean": 0.38095238095238093,
    "best_candidate_family_recall_mean": 0.8571428571428571,
    "top3_candidate_family_recall_mean": 0.38095238095238093,
    "validation_regret_mean": 0.00012761989729743423,
    "normalized_validation_regret_mean": 0.010460638371006687,
    "test_regret_mean": -1.0582378932414268e-05,
    "removed_fraction": 0.75,
    "selected_family_count_mean": 5.0,
    "removed_family_fraction_mean": 0.7058823529411765,
    "passes_90pct_recall_at_50pct_removal": false
  },
  {
    "encoder": "resnet50",
    "method": "pool_vendi_subspace",
    "shortlist_size": 10,
    "rows": 7,
    "targets": 7,
    "best_candidate_recall_mean": 0.8571428571428571,
    "top3_candidate_recall_mean": 0.6666666666666666,
    "best_candidate_family_recall_mean": 0.8571428571428571,
    "top3_candidate_family_recall_mean": 0.6666666666666666,
    "validation_regret_mean": 9.143004110880235e-05,
    "normalized_validation_regret_mean": 0.007494259253762033,
    "test_regret_mean": 0.00034920488085064615,
    "removed_fraction": 0.5,
    "selected_family_count_mean": 9.0,
    "removed_family_fraction_mean": 0.4705882352941177,
    "passes_90pct_recall_at_50pct_removal": false
  },
  {
    "encoder": "resnet50",
    "method": "random",
    "shortlist_size": 3,
    "rows": 700,
    "targets": 7,
    "best_candidate_recall_mean": 0.15142857142857144,
    "top3_candidate_recall_mean": 0.1533333333333333,
    "best_candidate_family_recall_mean": 0.15142857142857144,
    "top3_candidate_family_recall_mean": 0.16619047619047617,
    "validation_regret_mean": 0.009726760948520402,
    "normalized_validation_regret_mean": 0.2511269000255935,
    "test_regret_mean": 0.004131636006491517,
    "removed_fraction": 0.85,
    "selected_family_count_mean": 2.934285714285714,
    "removed_family_fraction_mean": 0.8273949579831934,
    "passes_90pct_recall_at_50pct_removal": false
  },
  {
    "encoder": "resnet50",
    "method": "random",
    "shortlist_size": 5,
    "rows": 700,
    "targets": 7,
    "best_candidate_recall_mean": 0.25,
    "top3_candidate_recall_mean": 0.25666666666666665,
    "best_candidate_family_recall_mean": 0.25,
    "top3_candidate_family_recall_mean": 0.28476190476190477,
    "validation_regret_mean": 0.007591144080760149,
    "normalized_validation_regret_mean": 0.19306424558639776,
    "test_regret_mean": 0.0027043046099798967,
    "removed_fraction": 0.75,
    "selected_family_count_mean": 4.8185714285714285,
    "removed_family_fraction_mean": 0.7165546218487395,
    "passes_90pct_recall_at_50pct_removal": false
  },
  {
    "encoder": "resnet50",
    "method": "random",
    "shortlist_size": 10,
    "rows": 700,
    "targets": 7,
    "best_candidate_recall_mean": 0.4857142857142857,
    "top3_candidate_recall_mean": 0.51,
    "best_candidate_family_recall_mean": 0.4857142857142857,
    "top3_candidate_family_recall_mean": 0.54,
    "validation_regret_mean": 0.0041468653199544445,
    "normalized_validation_regret_mean": 0.10580182686317861,
    "test_regret_mean": 0.0006140590906143157,
    "removed_fraction": 0.5,
    "selected_family_count_mean": 9.132857142857143,
    "removed_family_fraction_mean": 0.4627731092436976,
    "passes_90pct_recall_at_50pct_removal": false
  },
  {
    "encoder": "resnet50",
    "method": "rank_only",
    "shortlist_size": 3,
    "rows": 7,
    "targets": 7,
    "best_candidate_recall_mean": 0.7142857142857143,
    "top3_candidate_recall_mean": 0.42857142857142855,
    "best_candidate_family_recall_mean": 0.7142857142857143,
    "top3_candidate_family_recall_mean": 0.42857142857142855,
    "validation_regret_mean": 0.00295528838211147,
    "normalized_validation_regret_mean": 0.09765178938978905,
    "test_regret_mean": -0.005367725236075268,
    "removed_fraction": 0.85,
    "selected_family_count_mean": 3.0,
    "removed_family_fraction_mean": 0.8235294117647057,
    "passes_90pct_recall_at_50pct_removal": false
  },
  {
    "encoder": "resnet50",
    "method": "rank_only",
    "shortlist_size": 5,
    "rows": 7,
    "targets": 7,
    "best_candidate_recall_mean": 0.7142857142857143,
    "top3_candidate_recall_mean": 0.5238095238095238,
    "best_candidate_family_recall_mean": 0.7142857142857143,
    "top3_candidate_family_recall_mean": 0.5714285714285714,
    "validation_regret_mean": 0.002586861510594301,
    "normalized_validation_regret_mean": 0.08629134768088638,
    "test_regret_mean": -0.0035820109503609887,
    "removed_fraction": 0.75,
    "selected_family_count_mean": 5.0,
    "removed_family_fraction_mean": 0.7058823529411765,
    "passes_90pct_recall_at_50pct_removal": false
  },
  {
    "encoder": "resnet50",
    "method": "rank_only",
    "shortlist_size": 10,
    "rows": 7,
    "targets": 7,
    "best_candidate_recall_mean": 0.7142857142857143,
    "top3_candidate_recall_mean": 0.7142857142857143,
    "best_candidate_family_recall_mean": 0.7142857142857143,
    "top3_candidate_family_recall_mean": 0.7142857142857143,
    "validation_regret_mean": 0.0023664588513665962,
    "normalized_validation_regret_mean": 0.07764476721909504,
    "test_regret_mean": -0.0027757951191493507,
    "removed_fraction": 0.5,
    "selected_family_count_mean": 8.0,
    "removed_family_fraction_mean": 0.5294117647058824,
    "passes_90pct_recall_at_50pct_removal": false
  }
]
SOURCE_DONE=cifar100 COMPLETED=4/21
[
  {
    "encoder": "resnet50",
    "method": "dpp_subspace",
    "shortlist_size": 3,
    "rows": 7,
    "targets": 7,
    "best_candidate_recall_mean": 0.7142857142857143,
    "top3_candidate_recall_mean": 0.5714285714285714,
    "best_candidate_family_recall_mean": 0.7142857142857143,
    "top3_candidate_family_recall_mean": 0.5714285714285714,
    "validation_regret_mean": 0.00295528838211147,
    "normalized_validation_regret_mean": 0.09765178938978905,
    "test_regret_mean": -0.005367725236075268,
    "removed_fraction": 0.85,
    "selected_family_count_mean": 3.0,
    "removed_family_fraction_mean": 0.8235294117647057,
    "passes_90pct_recall_at_50pct_removal": false
  },
  {
    "encoder": "resnet50",
    "method": "dpp_subspace",
    "shortlist_size": 5,
    "rows": 7,
    "targets": 7,
    "best_candidate_recall_mean": 0.7142857142857143,
    "top3_candidate_recall_mean": 0.5714285714285714,
    "best_candidate_family_recall_mean": 0.7142857142857143,
    "top3_candidate_family_recall_mean": 0.5714285714285714,
    "validation_regret_mean": 0.0024210708540671594,
    "normalized_validation_regret_mean": 0.08117919318031673,
    "test_regret_mean": -0.000903439521789554,
    "removed_fraction": 0.75,
    "selected_family_count_mean": 5.0,
    "removed_family_fraction_mean": 0.7058823529411765,
    "passes_90pct_recall_at_50pct_removal": false
  },
  {
    "encoder": "resnet50",
    "method": "dpp_subspace",
    "shortlist_size": 10,
    "rows": 7,
    "targets": 7,
    "best_candidate_recall_mean": 0.7142857142857143,
    "top3_candidate_recall_mean": 0.7142857142857143,
    "best_candidate_family_recall_mean": 0.7142857142857143,
    "top3_candidate_family_recall_mean": 0.7142857142857143,
    "validation_regret_mean": 0.0023664588513665962,
    "normalized_validation_regret_mean": 0.07764476721909504,
    "test_regret_mean": -0.0027757951191493507,
    "removed_fraction": 0.5,
    "selected_family_count_mean": 9.0,
    "removed_family_fraction_mean": 0.4705882352941177,
    "passes_90pct_recall_at_50pct_removal": false
  },
  {
    "encoder": "resnet50",
    "method": "facility_subspace",
    "shortlist_size": 3,
    "rows": 7,
    "targets": 7,
    "best_candidate_recall_mean": 0.0,
    "top3_candidate_recall_mean": 0.23809523809523808,
    "best_candidate_family_recall_mean": 0.0,
    "top3_candidate_family_recall_mean": 0.23809523809523808,
    "validation_regret_mean": 0.007754710205594302,
    "normalized_validation_regret_mean": 0.2301401733150971,
    "test_regret_mean": -0.0017250657081604131,
    "removed_fraction": 0.85,
    "selected_family_count_mean": 3.0,
    "removed_family_fraction_mean": 0.8235294117647057,
    "passes_90pct_recall_at_50pct_removal": false
  },
  {
    "encoder": "resnet50",
    "method": "facility_subspace",
    "shortlist_size": 5,
    "rows": 7,
    "targets": 7,
    "best_candidate_recall_mean": 0.14285714285714285,
    "top3_candidate_recall_mean": 0.2857142857142857,
    "best_candidate_family_recall_mean": 0.14285714285714285,
    "top3_candidate_family_recall_mean": 0.2857142857142857,
    "validation_regret_mean": 0.004586247331453115,
    "normalized_validation_regret_mean": 0.13244062811016544,
    "test_regret_mean": 0.0016231485775538726,
    "removed_fraction": 0.75,
    "selected_family_count_mean": 5.0,
    "removed_family_fraction_mean": 0.7058823529411765,
    "passes_90pct_recall_at_50pct_removal": false
  },
  {
    "encoder": "resnet50",
    "method": "facility_subspace",
    "shortlist_size": 10,
    "rows": 7,
    "targets": 7,
    "best_candidate_recall_mean": 0.2857142857142857,
    "top3_candidate_recall_mean": 0.5714285714285714,
    "best_candidate_family_recall_mean": 0.2857142857142857,
    "top3_candidate_family_recall_mean": 0.619047619047619,
    "validation_regret_mean": 0.0034910084476172387,
    "normalized_validation_regret_mean": 0.08114115081810282,
    "test_regret_mean": -0.0005353672163827142,
    "removed_fraction": 0.5,
    "selected_family_count_mean": 10.0,
    "removed_family_fraction_mean": 0.41176470588235287,
    "passes_90pct_recall_at_50pct_removal": false
  },
  {
    "encoder": "resnet50",
    "method": "kcenter_subspace",
    "shortlist_size": 3,
    "rows": 7,
    "targets": 7,
    "best_candidate_recall_mean": 0.8571428571428571,
    "top3_candidate_recall_mean": 0.38095238095238093,
    "best_candidate_family_recall_mean": 0.8571428571428571,
    "top3_candidate_family_recall_mean": 0.38095238095238093,
    "validation_regret_mean": 0.00012761989729743423,
    "normalized_validation_regret_mean": 0.010460638371006687,
    "test_regret_mean": -1.0582378932414268e-05,
    "removed_fraction": 0.85,
    "selected_family_count_mean": 3.0,
    "removed_family_fraction_mean": 0.8235294117647057,
    "passes_90pct_recall_at_50pct_removal": false
  },
  {
    "encoder": "resnet50",
    "method": "kcenter_subspace",
    "shortlist_size": 5,
    "rows": 7,
    "targets": 7,
    "best_candidate_recall_mean": 0.8571428571428571,
    "top3_candidate_recall_mean": 0.38095238095238093,
    "best_candidate_family_recall_mean": 0.8571428571428571,
    "top3_candidate_family_recall_mean": 0.38095238095238093,
    "validation_regret_mean": 0.00012761989729743423,
    "normalized_validation_regret_mean": 0.010460638371006687,
    "test_regret_mean": -1.0582378932414268e-05,
    "removed_fraction": 0.75,
    "selected_family_count_mean": 5.0,
    "removed_family_fraction_mean": 0.7058823529411765,
    "passes_90pct_recall_at_50pct_removal": false
  },
  {
    "encoder": "resnet50",
    "method": "kcenter_subspace",
    "shortlist_size": 10,
    "rows": 7,
    "targets": 7,
    "best_candidate_recall_mean": 0.8571428571428571,
    "top3_candidate_recall_mean": 0.619047619047619,
    "best_candidate_family_recall_mean": 0.8571428571428571,
    "top3_candidate_family_recall_mean": 0.619047619047619,
    "validation_regret_mean": 9.143004110880235e-05,
    "normalized_validation_regret_mean": 0.007494259253762033,
    "test_regret_mean": 0.00034920488085064615,
    "removed_fraction": 0.5,
    "selected_family_count_mean": 9.0,
    "removed_family_fraction_mean": 0.4705882352941177,
    "passes_90pct_recall_at_50pct_removal": false
  },
  {
    "encoder": "resnet50",
    "method": "pool_vendi_subspace",
    "shortlist_size": 3,
    "rows": 7,
    "targets": 7,
    "best_candidate_recall_mean": 0.8571428571428571,
    "top3_candidate_recall_mean": 0.38095238095238093,
    "best_candidate_family_recall_mean": 0.8571428571428571,
    "top3_candidate_family_recall_mean": 0.38095238095238093,
    "validation_regret_mean": 0.00012761989729743423,
    "normalized_validation_regret_mean": 0.010460638371006687,
    "test_regret_mean": -1.0582378932414268e-05,
    "removed_fraction": 0.85,
    "selected_family_count_mean": 3.0,
    "removed_family_fraction_mean": 0.8235294117647057,
    "passes_90pct_recall_at_50pct_removal": false
  },
  {
    "encoder": "resnet50",
    "method": "pool_vendi_subspace",
    "shortlist_size": 5,
    "rows": 7,
    "targets": 7,
    "best_candidate_recall_mean": 0.8571428571428571,
    "top3_candidate_recall_mean": 0.38095238095238093,
    "best_candidate_family_recall_mean": 0.8571428571428571,
    "top3_candidate_family_recall_mean": 0.38095238095238093,
    "validation_regret_mean": 0.00012761989729743423,
    "normalized_validation_regret_mean": 0.010460638371006687,
    "test_regret_mean": -1.0582378932414268e-05,
    "removed_fraction": 0.75,
    "selected_family_count_mean": 5.0,
    "removed_family_fraction_mean": 0.7058823529411765,
    "passes_90pct_recall_at_50pct_removal": false
  },
  {
    "encoder": "resnet50",
    "method": "pool_vendi_subspace",
    "shortlist_size": 10,
    "rows": 7,
    "targets": 7,
    "best_candidate_recall_mean": 0.8571428571428571,
    "top3_candidate_recall_mean": 0.619047619047619,
    "best_candidate_family_recall_mean": 0.8571428571428571,
    "top3_candidate_family_recall_mean": 0.619047619047619,
    "validation_regret_mean": 9.143004110880235e-05,
    "normalized_validation_regret_mean": 0.007494259253762033,
    "test_regret_mean": 0.00034920488085064615,
    "removed_fraction": 0.5,
    "selected_family_count_mean": 9.0,
    "removed_family_fraction_mean": 0.4705882352941177,
    "passes_90pct_recall_at_50pct_removal": false
  },
  {
    "encoder": "resnet50",
    "method": "random",
    "shortlist_size": 3,
    "rows": 700,
    "targets": 7,
    "best_candidate_recall_mean": 0.15142857142857144,
    "top3_candidate_recall_mean": 0.15523809523809523,
    "best_candidate_family_recall_mean": 0.15142857142857144,
    "top3_candidate_family_recall_mean": 0.16047619047619044,
    "validation_regret_mean": 0.009110288514536491,
    "normalized_validation_regret_mean": 0.23496149238789324,
    "test_regret_mean": 0.003298188660825993,
    "removed_fraction": 0.85,
    "selected_family_count_mean": 2.934285714285714,
    "removed_family_fraction_mean": 0.8273949579831934,
    "passes_90pct_recall_at_50pct_removal": false
  },
  {
    "encoder": "resnet50",
    "method": "random",
    "shortlist_size": 5,
    "rows": 700,
    "targets": 7,
    "best_candidate_recall_mean": 0.25,
    "top3_candidate_recall_mean": 0.26571428571428574,
    "best_candidate_family_recall_mean": 0.25,
    "top3_candidate_family_recall_mean": 0.2785714285714286,
    "validation_regret_mean": 0.006844805239709247,
    "normalized_validation_regret_mean": 0.1766308656825299,
    "test_regret_mean": 0.0016713180797440612,
    "removed_fraction": 0.75,
    "selected_family_count_mean": 4.8185714285714285,
    "removed_family_fraction_mean": 0.7165546218487395,
    "passes_90pct_recall_at_50pct_removal": false
  },
  {
    "encoder": "resnet50",
    "method": "random",
    "shortlist_size": 10,
    "rows": 700,
    "targets": 7,
    "best_candidate_recall_mean": 0.4857142857142857,
    "top3_candidate_recall_mean": 0.5119047619047619,
    "best_candidate_family_recall_mean": 0.4857142857142857,
    "top3_candidate_family_recall_mean": 0.5242857142857142,
    "validation_regret_mean": 0.003518340948614974,
    "normalized_validation_regret_mean": 0.09294978654158711,
    "test_regret_mean": -0.00024318549462727562,
    "removed_fraction": 0.5,
    "selected_family_count_mean": 9.132857142857143,
    "removed_family_fraction_mean": 0.4627731092436976,
    "passes_90pct_recall_at_50pct_removal": false
  },
  {
    "encoder": "resnet50",
    "method": "rank_only",
    "shortlist_size": 3,
    "rows": 7,
    "targets": 7,
    "best_candidate_recall_mean": 0.7142857142857143,
    "top3_candidate_recall_mean": 0.5714285714285714,
    "best_candidate_family_recall_mean": 0.7142857142857143,
    "top3_candidate_family_recall_mean": 0.5714285714285714,
    "validation_regret_mean": 0.00295528838211147,
    "normalized_validation_regret_mean": 0.09765178938978905,
    "test_regret_mean": -0.005367725236075268,
    "removed_fraction": 0.85,
    "selected_family_count_mean": 3.0,
    "removed_family_fraction_mean": 0.8235294117647057,
    "passes_90pct_recall_at_50pct_removal": false
  },
  {
    "encoder": "resnet50",
    "method": "rank_only",
    "shortlist_size": 5,
    "rows": 7,
    "targets": 7,
    "best_candidate_recall_mean": 0.7142857142857143,
    "top3_candidate_recall_mean": 0.5714285714285714,
    "best_candidate_family_recall_mean": 0.7142857142857143,
    "top3_candidate_family_recall_mean": 0.5714285714285714,
    "validation_regret_mean": 0.002586861510594301,
    "normalized_validation_regret_mean": 0.08629134768088638,
    "test_regret_mean": -0.0035820109503609887,
    "removed_fraction": 0.75,
    "selected_family_count_mean": 5.0,
    "removed_family_fraction_mean": 0.7058823529411765,
    "passes_90pct_recall_at_50pct_removal": false
  },
  {
    "encoder": "resnet50",
    "method": "rank_only",
    "shortlist_size": 10,
    "rows": 7,
    "targets": 7,
    "best_candidate_recall_mean": 0.7142857142857143,
    "top3_candidate_recall_mean": 0.7142857142857143,
    "best_candidate_family_recall_mean": 0.7142857142857143,
    "top3_candidate_family_recall_mean": 0.7142857142857143,
    "validation_regret_mean": 0.0023664588513665962,
    "normalized_validation_regret_mean": 0.07764476721909504,
    "test_regret_mean": -0.0027757951191493507,
    "removed_fraction": 0.5,
    "selected_family_count_mean": 8.0,
    "removed_family_fraction_mean": 0.5294117647058824,
    "passes_90pct_recall_at_50pct_removal": false
  }
]
SOURCE_DONE=cifar100_coarse COMPLETED=5/21
[
  {
    "encoder": "resnet50",
    "method": "dpp_subspace",
    "shortlist_size": 3,
    "rows": 7,
    "targets": 7,
    "best_candidate_recall_mean": 0.7142857142857143,
    "top3_candidate_recall_mean": 0.380952380952381,
    "best_candidate_family_recall_mean": 0.7142857142857143,
    "top3_candidate_family_recall_mean": 0.619047619047619,
    "validation_regret_mean": 0.0028638583410026675,
    "normalized_validation_regret_mean": 0.09032176137547605,
    "test_regret_mean": -0.0057169301169259145,
    "removed_fraction": 0.85,
    "selected_family_count_mean": 3.0,
    "removed_family_fraction_mean": 0.8125,
    "passes_90pct_recall_at_50pct_removal": false
  },
  {
    "encoder": "resnet50",
    "method": "dpp_subspace",
    "shortlist_size": 5,
    "rows": 7,
    "targets": 7,
    "best_candidate_recall_mean": 0.7142857142857143,
    "top3_candidate_recall_mean": 0.42857142857142855,
    "best_candidate_family_recall_mean": 0.7142857142857143,
    "top3_candidate_family_recall_mean": 0.6666666666666667,
    "validation_regret_mean": 0.0023296408129583573,
    "normalized_validation_regret_mean": 0.07384916516600372,
    "test_regret_mean": -0.0012526444026402,
    "removed_fraction": 0.75,
    "selected_family_count_mean": 5.0,
    "removed_family_fraction_mean": 0.6875,
    "passes_90pct_recall_at_50pct_removal": false
  },
  {
    "encoder": "resnet50",
    "method": "dpp_subspace",
    "shortlist_size": 10,
    "rows": 7,
    "targets": 7,
    "best_candidate_recall_mean": 0.8571428571428571,
    "top3_candidate_recall_mean": 0.7619047619047619,
    "best_candidate_family_recall_mean": 0.8571428571428571,
    "top3_candidate_family_recall_mean": 0.7619047619047619,
    "validation_regret_mean": 0.0022750288102577937,
    "normalized_validation_regret_mean": 0.070150507965333,
    "test_regret_mean": -0.0031249999999999967,
    "removed_fraction": 0.5,
    "selected_family_count_mean": 8.0,
    "removed_family_fraction_mean": 0.5,
    "passes_90pct_recall_at_50pct_removal": false
  },
  {
    "encoder": "resnet50",
    "method": "facility_subspace",
    "shortlist_size": 3,
    "rows": 7,
    "targets": 7,
    "best_candidate_recall_mean": 0.14285714285714285,
    "top3_candidate_recall_mean": 0.2857142857142857,
    "best_candidate_family_recall_mean": 0.14285714285714285,
    "top3_candidate_family_recall_mean": 0.3095238095238095,
    "validation_regret_mean": 0.004494817290344312,
    "normalized_validation_regret_mean": 0.12683937812292895,
    "test_regret_mean": 0.0012739436967032264,
    "removed_fraction": 0.85,
    "selected_family_count_mean": 3.0,
    "removed_family_fraction_mean": 0.8125,
    "passes_90pct_recall_at_50pct_removal": false
  },
  {
    "encoder": "resnet50",
    "method": "facility_subspace",
    "shortlist_size": 5,
    "rows": 7,
    "targets": 7,
    "best_candidate_recall_mean": 0.14285714285714285,
    "top3_candidate_recall_mean": 0.2857142857142857,
    "best_candidate_family_recall_mean": 0.14285714285714285,
    "top3_candidate_family_recall_mean": 0.3095238095238095,
    "validation_regret_mean": 0.004494817290344312,
    "normalized_validation_regret_mean": 0.12683937812292895,
    "test_regret_mean": 0.0012739436967032264,
    "removed_fraction": 0.75,
    "selected_family_count_mean": 5.0,
    "removed_family_fraction_mean": 0.6875,
    "passes_90pct_recall_at_50pct_removal": false
  },
  {
    "encoder": "resnet50",
    "method": "facility_subspace",
    "shortlist_size": 10,
    "rows": 7,
    "targets": 7,
    "best_candidate_recall_mean": 0.14285714285714285,
    "top3_candidate_recall_mean": 0.42857142857142855,
    "best_candidate_family_recall_mean": 0.14285714285714285,
    "top3_candidate_family_recall_mean": 0.5,
    "validation_regret_mean": 0.003780530960257505,
    "normalized_validation_regret_mean": 0.10618635055151071,
    "test_regret_mean": -0.0004083854811532157,
    "removed_fraction": 0.5,
    "selected_family_count_mean": 10.0,
    "removed_family_fraction_mean": 0.375,
    "passes_90pct_recall_at_50pct_removal": false
  },
  {
    "encoder": "resnet50",
    "method": "kcenter_subspace",
    "shortlist_size": 3,
    "rows": 7,
    "targets": 7,
    "best_candidate_recall_mean": 0.8571428571428571,
    "top3_candidate_recall_mean": 0.38095238095238093,
    "best_candidate_family_recall_mean": 0.8571428571428571,
    "top3_candidate_family_recall_mean": 0.40476190476190477,
    "validation_regret_mean": 3.618985618863186e-05,
    "normalized_validation_regret_mean": 0.003130610356693677,
    "test_regret_mean": -0.00035978725978306044,
    "removed_fraction": 0.85,
    "selected_family_count_mean": 3.0,
    "removed_family_fraction_mean": 0.8125,
    "passes_90pct_recall_at_50pct_removal": false
  },
  {
    "encoder": "resnet50",
    "method": "kcenter_subspace",
    "shortlist_size": 5,
    "rows": 7,
    "targets": 7,
    "best_candidate_recall_mean": 0.8571428571428571,
    "top3_candidate_recall_mean": 0.38095238095238093,
    "best_candidate_family_recall_mean": 0.8571428571428571,
    "top3_candidate_family_recall_mean": 0.40476190476190477,
    "validation_regret_mean": 3.618985618863186e-05,
    "normalized_validation_regret_mean": 0.003130610356693677,
    "test_regret_mean": -0.00035978725978306044,
    "removed_fraction": 0.75,
    "selected_family_count_mean": 5.0,
    "removed_family_fraction_mean": 0.6875,
    "passes_90pct_recall_at_50pct_removal": false
  },
  {
    "encoder": "resnet50",
    "method": "kcenter_subspace",
    "shortlist_size": 10,
    "rows": 7,
    "targets": 7,
    "best_candidate_recall_mean": 1.0,
    "top3_candidate_recall_mean": 0.5714285714285714,
    "best_candidate_family_recall_mean": 1.0,
    "top3_candidate_family_recall_mean": 0.5952380952380951,
    "validation_regret_mean": 0.0,
    "normalized_validation_regret_mean": 0.0,
    "test_regret_mean": 0.0,
    "removed_fraction": 0.5,
    "selected_family_count_mean": 9.0,
    "removed_family_fraction_mean": 0.4375,
    "passes_90pct_recall_at_50pct_removal": true
  },
  {
    "encoder": "resnet50",
    "method": "pool_vendi_subspace",
    "shortlist_size": 3,
    "rows": 7,
    "targets": 7,
    "best_candidate_recall_mean": 0.8571428571428571,
    "top3_candidate_recall_mean": 0.38095238095238093,
    "best_candidate_family_recall_mean": 0.8571428571428571,
    "top3_candidate_family_recall_mean": 0.40476190476190477,
    "validation_regret_mean": 3.618985618863186e-05,
    "normalized_validation_regret_mean": 0.003130610356693677,
    "test_regret_mean": -0.00035978725978306044,
    "removed_fraction": 0.85,
    "selected_family_count_mean": 3.0,
    "removed_family_fraction_mean": 0.8125,
    "passes_90pct_recall_at_50pct_removal": false
  },
  {
    "encoder": "resnet50",
    "method": "pool_vendi_subspace",
    "shortlist_size": 5,
    "rows": 7,
    "targets": 7,
    "best_candidate_recall_mean": 0.8571428571428571,
    "top3_candidate_recall_mean": 0.38095238095238093,
    "best_candidate_family_recall_mean": 0.8571428571428571,
    "top3_candidate_family_recall_mean": 0.40476190476190477,
    "validation_regret_mean": 3.618985618863186e-05,
    "normalized_validation_regret_mean": 0.003130610356693677,
    "test_regret_mean": -0.00035978725978306044,
    "removed_fraction": 0.75,
    "selected_family_count_mean": 5.0,
    "removed_family_fraction_mean": 0.6875,
    "passes_90pct_recall_at_50pct_removal": false
  },
  {
    "encoder": "resnet50",
    "method": "pool_vendi_subspace",
    "shortlist_size": 10,
    "rows": 7,
    "targets": 7,
    "best_candidate_recall_mean": 1.0,
    "top3_candidate_recall_mean": 0.5714285714285714,
    "best_candidate_family_recall_mean": 1.0,
    "top3_candidate_family_recall_mean": 0.5952380952380951,
    "validation_regret_mean": 0.0,
    "normalized_validation_regret_mean": 0.0,
    "test_regret_mean": 0.0,
    "removed_fraction": 0.5,
    "selected_family_count_mean": 9.0,
    "removed_family_fraction_mean": 0.4375,
    "passes_90pct_recall_at_50pct_removal": true
  },
  {
    "encoder": "resnet50",
    "method": "random",
    "shortlist_size": 3,
    "rows": 700,
    "targets": 7,
    "best_candidate_recall_mean": 0.16714285714285715,
    "top3_candidate_recall_mean": 0.15285714285714283,
    "best_candidate_family_recall_mean": 0.16714285714285715,
    "top3_candidate_family_recall_mean": 0.19761904761904758,
    "validation_regret_mean": 0.009223852176922228,
    "normalized_validation_regret_mean": 0.23994245814186246,
    "test_regret_mean": 0.002989822464329856,
    "removed_fraction": 0.85,
    "selected_family_count_mean": 2.9185714285714286,
    "removed_family_fraction_mean": 0.8175892857142857,
    "passes_90pct_recall_at_50pct_removal": false
  },
  {
    "encoder": "resnet50",
    "method": "random",
    "shortlist_size": 5,
    "rows": 700,
    "targets": 7,
    "best_candidate_recall_mean": 0.24571428571428572,
    "top3_candidate_recall_mean": 0.25666666666666665,
    "best_candidate_family_recall_mean": 0.24571428571428572,
    "top3_candidate_family_recall_mean": 0.3238095238095238,
    "validation_regret_mean": 0.006848634736590191,
    "normalized_validation_regret_mean": 0.17611248734957244,
    "test_regret_mean": 0.001693975627422336,
    "removed_fraction": 0.75,
    "selected_family_count_mean": 4.76,
    "removed_family_fraction_mean": 0.7025,
    "passes_90pct_recall_at_50pct_removal": false
  },
  {
    "encoder": "resnet50",
    "method": "random",
    "shortlist_size": 10,
    "rows": 700,
    "targets": 7,
    "best_candidate_recall_mean": 0.48857142857142855,
    "top3_candidate_recall_mean": 0.5166666666666667,
    "best_candidate_family_recall_mean": 0.48857142857142855,
    "top3_candidate_family_recall_mean": 0.6009523809523809,
    "validation_regret_mean": 0.0035079953422493177,
    "normalized_validation_regret_mean": 0.0920402206396426,
    "test_regret_mean": -0.0002996113130024484,
    "removed_fraction": 0.5,
    "selected_family_count_mean": 8.894285714285715,
    "removed_family_fraction_mean": 0.44410714285714287,
    "passes_90pct_recall_at_50pct_removal": false
  },
  {
    "encoder": "resnet50",
    "method": "rank_only",
    "shortlist_size": 3,
    "rows": 7,
    "targets": 7,
    "best_candidate_recall_mean": 0.7142857142857143,
    "top3_candidate_recall_mean": 0.5714285714285714,
    "best_candidate_family_recall_mean": 0.7142857142857143,
    "top3_candidate_family_recall_mean": 0.5714285714285714,
    "validation_regret_mean": 0.003204652730329819,
    "normalized_validation_regret_mean": 0.10083015556162532,
    "test_regret_mean": -0.0037080015454973463,
    "removed_fraction": 0.85,
    "selected_family_count_mean": 2.0,
    "removed_family_fraction_mean": 0.875,
    "passes_90pct_recall_at_50pct_removal": false
  },
  {
    "encoder": "resnet50",
    "method": "rank_only",
    "shortlist_size": 5,
    "rows": 7,
    "targets": 7,
    "best_candidate_recall_mean": 0.7142857142857143,
    "top3_candidate_recall_mean": 0.6666666666666667,
    "best_candidate_family_recall_mean": 0.7142857142857143,
    "top3_candidate_family_recall_mean": 0.6666666666666667,
    "validation_regret_mean": 0.0024954314694854984,
    "normalized_validation_regret_mean": 0.07896131966657337,
    "test_regret_mean": -0.003931215831211635,
    "removed_fraction": 0.75,
    "selected_family_count_mean": 4.0,
    "removed_family_fraction_mean": 0.75,
    "passes_90pct_recall_at_50pct_removal": false
  },
  {
    "encoder": "resnet50",
    "method": "rank_only",
    "shortlist_size": 10,
    "rows": 7,
    "targets": 7,
    "best_candidate_recall_mean": 0.7142857142857143,
    "top3_candidate_recall_mean": 0.7142857142857143,
    "best_candidate_family_recall_mean": 0.7142857142857143,
    "top3_candidate_family_recall_mean": 0.7142857142857143,
    "validation_regret_mean": 0.0023112186664464257,
    "normalized_validation_regret_mean": 0.07328111832202668,
    "test_regret_mean": -0.003484787259783057,
    "removed_fraction": 0.5,
    "selected_family_count_mean": 7.0,
    "removed_family_fraction_mean": 0.5625,
    "passes_90pct_recall_at_50pct_removal": false
  }
]
SOURCE_DONE=dermamnist COMPLETED=6/21
[
  {
    "encoder": "resnet50",
    "method": "dpp_subspace",
    "shortlist_size": 3,
    "rows": 7,
    "targets": 7,
    "best_candidate_recall_mean": 0.7142857142857143,
    "top3_candidate_recall_mean": 0.380952380952381,
    "best_candidate_family_recall_mean": 0.7142857142857143,
    "top3_candidate_family_recall_mean": 0.619047619047619,
    "validation_regret_mean": 0.00295528838211147,
    "normalized_validation_regret_mean": 0.09765178938978905,
    "test_regret_mean": -0.005367725236075268,
    "removed_fraction": 0.85,
    "selected_family_count_mean": 3.0,
    "removed_family_fraction_mean": 0.8125,
    "passes_90pct_recall_at_50pct_removal": false
  },
  {
    "encoder": "resnet50",
    "method": "dpp_subspace",
    "shortlist_size": 5,
    "rows": 7,
    "targets": 7,
    "best_candidate_recall_mean": 0.7142857142857143,
    "top3_candidate_recall_mean": 0.42857142857142855,
    "best_candidate_family_recall_mean": 0.7142857142857143,
    "top3_candidate_family_recall_mean": 0.6666666666666666,
    "validation_regret_mean": 0.0024210708540671594,
    "normalized_validation_regret_mean": 0.08117919318031673,
    "test_regret_mean": -0.000903439521789554,
    "removed_fraction": 0.75,
    "selected_family_count_mean": 5.0,
    "removed_family_fraction_mean": 0.6875,
    "passes_90pct_recall_at_50pct_removal": false
  },
  {
    "encoder": "resnet50",
    "method": "dpp_subspace",
    "shortlist_size": 10,
    "rows": 7,
    "targets": 7,
    "best_candidate_recall_mean": 0.7142857142857143,
    "top3_candidate_recall_mean": 0.7142857142857143,
    "best_candidate_family_recall_mean": 0.7142857142857143,
    "top3_candidate_family_recall_mean": 0.761904761904762,
    "validation_regret_mean": 0.002384880997878528,
    "normalized_validation_regret_mean": 0.07821281406307208,
    "test_regret_mean": -0.0005436522620064935,
    "removed_fraction": 0.5,
    "selected_family_count_mean": 8.0,
    "removed_family_fraction_mean": 0.5,
    "passes_90pct_recall_at_50pct_removal": false
  },
  {
    "encoder": "resnet50",
    "method": "facility_subspace",
    "shortlist_size": 3,
    "rows": 7,
    "targets": 7,
    "best_candidate_recall_mean": 0.0,
    "top3_candidate_recall_mean": 0.23809523809523808,
    "best_candidate_family_recall_mean": 0.0,
    "top3_candidate_family_recall_mean": 0.3095238095238095,
    "validation_regret_mean": 0.007754710205594302,
    "normalized_validation_regret_mean": 0.2301401733150971,
    "test_regret_mean": -0.0017250657081604131,
    "removed_fraction": 0.85,
    "selected_family_count_mean": 3.0,
    "removed_family_fraction_mean": 0.8125,
    "passes_90pct_recall_at_50pct_removal": false
  },
  {
    "encoder": "resnet50",
    "method": "facility_subspace",
    "shortlist_size": 5,
    "rows": 7,
    "targets": 7,
    "best_candidate_recall_mean": 0.14285714285714285,
    "top3_candidate_recall_mean": 0.2857142857142857,
    "best_candidate_family_recall_mean": 0.14285714285714285,
    "top3_candidate_family_recall_mean": 0.35714285714285715,
    "validation_regret_mean": 0.004586247331453115,
    "normalized_validation_regret_mean": 0.13244062811016544,
    "test_regret_mean": 0.0016231485775538726,
    "removed_fraction": 0.75,
    "selected_family_count_mean": 5.0,
    "removed_family_fraction_mean": 0.6875,
    "passes_90pct_recall_at_50pct_removal": false
  },
  {
    "encoder": "resnet50",
    "method": "facility_subspace",
    "shortlist_size": 10,
    "rows": 7,
    "targets": 7,
    "best_candidate_recall_mean": 0.2857142857142857,
    "top3_candidate_recall_mean": 0.47619047619047616,
    "best_candidate_family_recall_mean": 0.2857142857142857,
    "top3_candidate_family_recall_mean": 0.5952380952380951,
    "validation_regret_mean": 0.0034910084476172387,
    "normalized_validation_regret_mean": 0.08114115081810282,
    "test_regret_mean": -0.0005353672163827142,
    "removed_fraction": 0.5,
    "selected_family_count_mean": 10.0,
    "removed_family_fraction_mean": 0.375,
    "passes_90pct_recall_at_50pct_removal": false
  },
  {
    "encoder": "resnet50",
    "method": "kcenter_subspace",
    "shortlist_size": 3,
    "rows": 7,
    "targets": 7,
    "best_candidate_recall_mean": 0.8571428571428571,
    "top3_candidate_recall_mean": 0.38095238095238093,
    "best_candidate_family_recall_mean": 0.8571428571428571,
    "top3_candidate_family_recall_mean": 0.40476190476190477,
    "validation_regret_mean": 0.00012761989729743423,
    "normalized_validation_regret_mean": 0.010460638371006687,
    "test_regret_mean": -1.0582378932414268e-05,
    "removed_fraction": 0.85,
    "selected_family_count_mean": 3.0,
    "removed_family_fraction_mean": 0.8125,
    "passes_90pct_recall_at_50pct_removal": false
  },
  {
    "encoder": "resnet50",
    "method": "kcenter_subspace",
    "shortlist_size": 5,
    "rows": 7,
    "targets": 7,
    "best_candidate_recall_mean": 0.8571428571428571,
    "top3_candidate_recall_mean": 0.38095238095238093,
    "best_candidate_family_recall_mean": 0.8571428571428571,
    "top3_candidate_family_recall_mean": 0.40476190476190477,
    "validation_regret_mean": 0.00012761989729743423,
    "normalized_validation_regret_mean": 0.010460638371006687,
    "test_regret_mean": -1.0582378932414268e-05,
    "removed_fraction": 0.75,
    "selected_family_count_mean": 5.0,
    "removed_family_fraction_mean": 0.6875,
    "passes_90pct_recall_at_50pct_removal": false
  },
  {
    "encoder": "resnet50",
    "method": "kcenter_subspace",
    "shortlist_size": 10,
    "rows": 7,
    "targets": 7,
    "best_candidate_recall_mean": 0.8571428571428571,
    "top3_candidate_recall_mean": 0.5238095238095238,
    "best_candidate_family_recall_mean": 0.8571428571428571,
    "top3_candidate_family_recall_mean": 0.5952380952380951,
    "validation_regret_mean": 9.143004110880235e-05,
    "normalized_validation_regret_mean": 0.007494259253762033,
    "test_regret_mean": 0.00034920488085064615,
    "removed_fraction": 0.5,
    "selected_family_count_mean": 9.0,
    "removed_family_fraction_mean": 0.4375,
    "passes_90pct_recall_at_50pct_removal": false
  },
  {
    "encoder": "resnet50",
    "method": "pool_vendi_subspace",
    "shortlist_size": 3,
    "rows": 7,
    "targets": 7,
    "best_candidate_recall_mean": 0.8571428571428571,
    "top3_candidate_recall_mean": 0.38095238095238093,
    "best_candidate_family_recall_mean": 0.8571428571428571,
    "top3_candidate_family_recall_mean": 0.40476190476190477,
    "validation_regret_mean": 0.00012761989729743423,
    "normalized_validation_regret_mean": 0.010460638371006687,
    "test_regret_mean": -1.0582378932414268e-05,
    "removed_fraction": 0.85,
    "selected_family_count_mean": 3.0,
    "removed_family_fraction_mean": 0.8125,
    "passes_90pct_recall_at_50pct_removal": false
  },
  {
    "encoder": "resnet50",
    "method": "pool_vendi_subspace",
    "shortlist_size": 5,
    "rows": 7,
    "targets": 7,
    "best_candidate_recall_mean": 0.8571428571428571,
    "top3_candidate_recall_mean": 0.38095238095238093,
    "best_candidate_family_recall_mean": 0.8571428571428571,
    "top3_candidate_family_recall_mean": 0.40476190476190477,
    "validation_regret_mean": 0.00012761989729743423,
    "normalized_validation_regret_mean": 0.010460638371006687,
    "test_regret_mean": -1.0582378932414268e-05,
    "removed_fraction": 0.75,
    "selected_family_count_mean": 5.0,
    "removed_family_fraction_mean": 0.6875,
    "passes_90pct_recall_at_50pct_removal": false
  },
  {
    "encoder": "resnet50",
    "method": "pool_vendi_subspace",
    "shortlist_size": 10,
    "rows": 7,
    "targets": 7,
    "best_candidate_recall_mean": 0.8571428571428571,
    "top3_candidate_recall_mean": 0.5714285714285714,
    "best_candidate_family_recall_mean": 0.8571428571428571,
    "top3_candidate_family_recall_mean": 0.5952380952380951,
    "validation_regret_mean": 9.143004110880235e-05,
    "normalized_validation_regret_mean": 0.007494259253762033,
    "test_regret_mean": 0.00034920488085064615,
    "removed_fraction": 0.5,
    "selected_family_count_mean": 9.0,
    "removed_family_fraction_mean": 0.4375,
    "passes_90pct_recall_at_50pct_removal": false
  },
  {
    "encoder": "resnet50",
    "method": "random",
    "shortlist_size": 3,
    "rows": 700,
    "targets": 7,
    "best_candidate_recall_mean": 0.15285714285714286,
    "top3_candidate_recall_mean": 0.15190476190476188,
    "best_candidate_family_recall_mean": 0.15285714285714286,
    "top3_candidate_family_recall_mean": 0.21,
    "validation_regret_mean": 0.009268834008009466,
    "normalized_validation_regret_mean": 0.24108998987971095,
    "test_regret_mean": 0.003323629932744154,
    "removed_fraction": 0.85,
    "selected_family_count_mean": 2.9185714285714286,
    "removed_family_fraction_mean": 0.8175892857142857,
    "passes_90pct_recall_at_50pct_removal": false
  },
  {
    "encoder": "resnet50",
    "method": "random",
    "shortlist_size": 5,
    "rows": 700,
    "targets": 7,
    "best_candidate_recall_mean": 0.24,
    "top3_candidate_recall_mean": 0.25190476190476185,
    "best_candidate_family_recall_mean": 0.24,
    "top3_candidate_family_recall_mean": 0.33619047619047615,
    "validation_regret_mean": 0.006878085523212406,
    "normalized_validation_regret_mean": 0.17783830849783056,
    "test_regret_mean": 0.0018564834509577012,
    "removed_fraction": 0.75,
    "selected_family_count_mean": 4.76,
    "removed_family_fraction_mean": 0.7025,
    "passes_90pct_recall_at_50pct_removal": false
  },
  {
    "encoder": "resnet50",
    "method": "random",
    "shortlist_size": 10,
    "rows": 700,
    "targets": 7,
    "best_candidate_recall_mean": 0.48,
    "top3_candidate_recall_mean": 0.5071428571428571,
    "best_candidate_family_recall_mean": 0.48,
    "top3_candidate_family_recall_mean": 0.6104761904761905,
    "validation_regret_mean": 0.003508988360708431,
    "normalized_validation_regret_mean": 0.09326775052095941,
    "test_regret_mean": 1.8872039658678022e-05,
    "removed_fraction": 0.5,
    "selected_family_count_mean": 8.894285714285715,
    "removed_family_fraction_mean": 0.44410714285714287,
    "passes_90pct_recall_at_50pct_removal": false
  },
  {
    "encoder": "resnet50",
    "method": "rank_only",
    "shortlist_size": 3,
    "rows": 7,
    "targets": 7,
    "best_candidate_recall_mean": 0.7142857142857143,
    "top3_candidate_recall_mean": 0.5714285714285714,
    "best_candidate_family_recall_mean": 0.7142857142857143,
    "top3_candidate_family_recall_mean": 0.5714285714285714,
    "validation_regret_mean": 0.003296082771438621,
    "normalized_validation_regret_mean": 0.10816018357593833,
    "test_regret_mean": -0.0033587966646467,
    "removed_fraction": 0.85,
    "selected_family_count_mean": 2.0,
    "removed_family_fraction_mean": 0.875,
    "passes_90pct_recall_at_50pct_removal": false
  },
  {
    "encoder": "resnet50",
    "method": "rank_only",
    "shortlist_size": 5,
    "rows": 7,
    "targets": 7,
    "best_candidate_recall_mean": 0.7142857142857143,
    "top3_candidate_recall_mean": 0.619047619047619,
    "best_candidate_family_recall_mean": 0.7142857142857143,
    "top3_candidate_family_recall_mean": 0.619047619047619,
    "validation_regret_mean": 0.002586861510594301,
    "normalized_validation_regret_mean": 0.08629134768088638,
    "test_regret_mean": -0.0035820109503609887,
    "removed_fraction": 0.75,
    "selected_family_count_mean": 4.0,
    "removed_family_fraction_mean": 0.75,
    "passes_90pct_recall_at_50pct_removal": false
  },
  {
    "encoder": "resnet50",
    "method": "rank_only",
    "shortlist_size": 10,
    "rows": 7,
    "targets": 7,
    "best_candidate_recall_mean": 0.7142857142857143,
    "top3_candidate_recall_mean": 0.7142857142857143,
    "best_candidate_family_recall_mean": 0.7142857142857143,
    "top3_candidate_family_recall_mean": 0.7142857142857143,
    "validation_regret_mean": 0.002384880997878528,
    "normalized_validation_regret_mean": 0.07821281406307208,
    "test_regret_mean": -0.0005436522620064935,
    "removed_fraction": 0.5,
    "selected_family_count_mean": 7.0,
    "removed_family_fraction_mean": 0.5625,
    "passes_90pct_recall_at_50pct_removal": false
  }
]
SOURCE_DONE=fashion_mnist COMPLETED=7/21
[
  {
    "encoder": "resnet50",
    "method": "dpp_subspace",
    "shortlist_size": 3,
    "rows": 7,
    "targets": 7,
    "best_candidate_recall_mean": 0.7142857142857143,
    "top3_candidate_recall_mean": 0.380952380952381,
    "best_candidate_family_recall_mean": 0.7142857142857143,
    "top3_candidate_family_recall_mean": 0.619047619047619,
    "validation_regret_mean": 0.00295528838211147,
    "normalized_validation_regret_mean": 0.09765178938978905,
    "test_regret_mean": -0.005367725236075268,
    "removed_fraction": 0.85,
    "selected_family_count_mean": 3.0,
    "removed_family_fraction_mean": 0.8235294117647057,
    "passes_90pct_recall_at_50pct_removal": false
  },
  {
    "encoder": "resnet50",
    "method": "dpp_subspace",
    "shortlist_size": 5,
    "rows": 7,
    "targets": 7,
    "best_candidate_recall_mean": 0.7142857142857143,
    "top3_candidate_recall_mean": 0.380952380952381,
    "best_candidate_family_recall_mean": 0.7142857142857143,
    "top3_candidate_family_recall_mean": 0.619047619047619,
    "validation_regret_mean": 0.0024210708540671594,
    "normalized_validation_regret_mean": 0.08117919318031673,
    "test_regret_mean": -0.000903439521789554,
    "removed_fraction": 0.75,
    "selected_family_count_mean": 5.0,
    "removed_family_fraction_mean": 0.7058823529411765,
    "passes_90pct_recall_at_50pct_removal": false
  },
  {
    "encoder": "resnet50",
    "method": "dpp_subspace",
    "shortlist_size": 10,
    "rows": 7,
    "targets": 7,
    "best_candidate_recall_mean": 0.7142857142857143,
    "top3_candidate_recall_mean": 0.7142857142857143,
    "best_candidate_family_recall_mean": 0.7142857142857143,
    "top3_candidate_family_recall_mean": 0.7142857142857143,
    "validation_regret_mean": 0.0023664588513665962,
    "normalized_validation_regret_mean": 0.07764476721909504,
    "test_regret_mean": -0.0027757951191493507,
    "removed_fraction": 0.5,
    "selected_family_count_mean": 8.0,
    "removed_family_fraction_mean": 0.5294117647058824,
    "passes_90pct_recall_at_50pct_removal": false
  },
  {
    "encoder": "resnet50",
    "method": "facility_subspace",
    "shortlist_size": 3,
    "rows": 7,
    "targets": 7,
    "best_candidate_recall_mean": 0.0,
    "top3_candidate_recall_mean": 0.23809523809523808,
    "best_candidate_family_recall_mean": 0.0,
    "top3_candidate_family_recall_mean": 0.26190476190476186,
    "validation_regret_mean": 0.007754710205594302,
    "normalized_validation_regret_mean": 0.2301401733150971,
    "test_regret_mean": -0.0017250657081604131,
    "removed_fraction": 0.85,
    "selected_family_count_mean": 3.0,
    "removed_family_fraction_mean": 0.8235294117647057,
    "passes_90pct_recall_at_50pct_removal": false
  },
  {
    "encoder": "resnet50",
    "method": "facility_subspace",
    "shortlist_size": 5,
    "rows": 7,
    "targets": 7,
    "best_candidate_recall_mean": 0.14285714285714285,
    "top3_candidate_recall_mean": 0.2857142857142857,
    "best_candidate_family_recall_mean": 0.14285714285714285,
    "top3_candidate_family_recall_mean": 0.3095238095238095,
    "validation_regret_mean": 0.004586247331453115,
    "normalized_validation_regret_mean": 0.13244062811016544,
    "test_regret_mean": 0.0016231485775538726,
    "removed_fraction": 0.75,
    "selected_family_count_mean": 5.0,
    "removed_family_fraction_mean": 0.7058823529411765,
    "passes_90pct_recall_at_50pct_removal": false
  },
  {
    "encoder": "resnet50",
    "method": "facility_subspace",
    "shortlist_size": 10,
    "rows": 7,
    "targets": 7,
    "best_candidate_recall_mean": 0.2857142857142857,
    "top3_candidate_recall_mean": 0.5238095238095238,
    "best_candidate_family_recall_mean": 0.2857142857142857,
    "top3_candidate_family_recall_mean": 0.5476190476190476,
    "validation_regret_mean": 0.0034910084476172387,
    "normalized_validation_regret_mean": 0.08114115081810282,
    "test_regret_mean": -0.0005353672163827142,
    "removed_fraction": 0.5,
    "selected_family_count_mean": 10.0,
    "removed_family_fraction_mean": 0.41176470588235287,
    "passes_90pct_recall_at_50pct_removal": false
  },
  {
    "encoder": "resnet50",
    "method": "kcenter_subspace",
    "shortlist_size": 3,
    "rows": 7,
    "targets": 7,
    "best_candidate_recall_mean": 0.8571428571428571,
    "top3_candidate_recall_mean": 0.38095238095238093,
    "best_candidate_family_recall_mean": 0.8571428571428571,
    "top3_candidate_family_recall_mean": 0.40476190476190477,
    "validation_regret_mean": 0.00012761989729743423,
    "normalized_validation_regret_mean": 0.010460638371006687,
    "test_regret_mean": -1.0582378932414268e-05,
    "removed_fraction": 0.85,
    "selected_family_count_mean": 3.0,
    "removed_family_fraction_mean": 0.8235294117647057,
    "passes_90pct_recall_at_50pct_removal": false
  },
  {
    "encoder": "resnet50",
    "method": "kcenter_subspace",
    "shortlist_size": 5,
    "rows": 7,
    "targets": 7,
    "best_candidate_recall_mean": 0.8571428571428571,
    "top3_candidate_recall_mean": 0.38095238095238093,
    "best_candidate_family_recall_mean": 0.8571428571428571,
    "top3_candidate_family_recall_mean": 0.40476190476190477,
    "validation_regret_mean": 0.00012761989729743423,
    "normalized_validation_regret_mean": 0.010460638371006687,
    "test_regret_mean": -1.0582378932414268e-05,
    "removed_fraction": 0.75,
    "selected_family_count_mean": 5.0,
    "removed_family_fraction_mean": 0.7058823529411765,
    "passes_90pct_recall_at_50pct_removal": false
  },
  {
    "encoder": "resnet50",
    "method": "kcenter_subspace",
    "shortlist_size": 10,
    "rows": 7,
    "targets": 7,
    "best_candidate_recall_mean": 0.8571428571428571,
    "top3_candidate_recall_mean": 0.5714285714285714,
    "best_candidate_family_recall_mean": 0.8571428571428571,
    "top3_candidate_family_recall_mean": 0.5952380952380951,
    "validation_regret_mean": 9.143004110880235e-05,
    "normalized_validation_regret_mean": 0.007494259253762033,
    "test_regret_mean": 0.00034920488085064615,
    "removed_fraction": 0.5,
    "selected_family_count_mean": 10.0,
    "removed_family_fraction_mean": 0.41176470588235287,
    "passes_90pct_recall_at_50pct_removal": false
  },
  {
    "encoder": "resnet50",
    "method": "pool_vendi_subspace",
    "shortlist_size": 3,
    "rows": 7,
    "targets": 7,
    "best_candidate_recall_mean": 0.8571428571428571,
    "top3_candidate_recall_mean": 0.38095238095238093,
    "best_candidate_family_recall_mean": 0.8571428571428571,
    "top3_candidate_family_recall_mean": 0.40476190476190477,
    "validation_regret_mean": 0.00012761989729743423,
    "normalized_validation_regret_mean": 0.010460638371006687,
    "test_regret_mean": -1.0582378932414268e-05,
    "removed_fraction": 0.85,
    "selected_family_count_mean": 3.0,
    "removed_family_fraction_mean": 0.8235294117647057,
    "passes_90pct_recall_at_50pct_removal": false
  },
  {
    "encoder": "resnet50",
    "method": "pool_vendi_subspace",
    "shortlist_size": 5,
    "rows": 7,
    "targets": 7,
    "best_candidate_recall_mean": 0.8571428571428571,
    "top3_candidate_recall_mean": 0.38095238095238093,
    "best_candidate_family_recall_mean": 0.8571428571428571,
    "top3_candidate_family_recall_mean": 0.40476190476190477,
    "validation_regret_mean": 0.00012761989729743423,
    "normalized_validation_regret_mean": 0.010460638371006687,
    "test_regret_mean": -1.0582378932414268e-05,
    "removed_fraction": 0.75,
    "selected_family_count_mean": 5.0,
    "removed_family_fraction_mean": 0.7058823529411765,
    "passes_90pct_recall_at_50pct_removal": false
  },
  {
    "encoder": "resnet50",
    "method": "pool_vendi_subspace",
    "shortlist_size": 10,
    "rows": 7,
    "targets": 7,
    "best_candidate_recall_mean": 1.0,
    "top3_candidate_recall_mean": 0.6666666666666666,
    "best_candidate_family_recall_mean": 1.0,
    "top3_candidate_family_recall_mean": 0.6904761904761905,
    "validation_regret_mean": 0.0,
    "normalized_validation_regret_mean": 0.0,
    "test_regret_mean": 0.0,
    "removed_fraction": 0.5,
    "selected_family_count_mean": 10.0,
    "removed_family_fraction_mean": 0.41176470588235287,
    "passes_90pct_recall_at_50pct_removal": true
  },
  {
    "encoder": "resnet50",
    "method": "random",
    "shortlist_size": 3,
    "rows": 700,
    "targets": 7,
    "best_candidate_recall_mean": 0.15285714285714286,
    "top3_candidate_recall_mean": 0.15238095238095237,
    "best_candidate_family_recall_mean": 0.15285714285714286,
    "top3_candidate_family_recall_mean": 0.1919047619047619,
    "validation_regret_mean": 0.00924305737758922,
    "normalized_validation_regret_mean": 0.24126407163886793,
    "test_regret_mean": 0.003159585978303626,
    "removed_fraction": 0.85,
    "selected_family_count_mean": 2.93,
    "removed_family_fraction_mean": 0.8276470588235293,
    "passes_90pct_recall_at_50pct_removal": false
  },
  {
    "encoder": "resnet50",
    "method": "random",
    "shortlist_size": 5,
    "rows": 700,
    "targets": 7,
    "best_candidate_recall_mean": 0.24,
    "top3_candidate_recall_mean": 0.25142857142857145,
    "best_candidate_family_recall_mean": 0.24,
    "top3_candidate_family_recall_mean": 0.30571428571428566,
    "validation_regret_mean": 0.006879273073625064,
    "normalized_validation_regret_mean": 0.1784445029566081,
    "test_regret_mean": 0.0015715899382318702,
    "removed_fraction": 0.75,
    "selected_family_count_mean": 4.815714285714286,
    "removed_family_fraction_mean": 0.7167226890756303,
    "passes_90pct_recall_at_50pct_removal": false
  },
  {
    "encoder": "resnet50",
    "method": "random",
    "shortlist_size": 10,
    "rows": 700,
    "targets": 7,
    "best_candidate_recall_mean": 0.48,
    "top3_candidate_recall_mean": 0.5076190476190476,
    "best_candidate_family_recall_mean": 0.48,
    "top3_candidate_family_recall_mean": 0.5795238095238096,
    "validation_regret_mean": 0.0035068923821532966,
    "normalized_validation_regret_mean": 0.093149428618737,
    "test_regret_mean": -0.00017891194139208556,
    "removed_fraction": 0.5,
    "selected_family_count_mean": 9.138571428571428,
    "removed_family_fraction_mean": 0.462436974789916,
    "passes_90pct_recall_at_50pct_removal": false
  },
  {
    "encoder": "resnet50",
    "method": "rank_only",
    "shortlist_size": 3,
    "rows": 7,
    "targets": 7,
    "best_candidate_recall_mean": 0.7142857142857143,
    "top3_candidate_recall_mean": 0.5714285714285714,
    "best_candidate_family_recall_mean": 0.7142857142857143,
    "top3_candidate_family_recall_mean": 0.5714285714285714,
    "validation_regret_mean": 0.003296082771438621,
    "normalized_validation_regret_mean": 0.10816018357593833,
    "test_regret_mean": -0.0033587966646467,
    "removed_fraction": 0.85,
    "selected_family_count_mean": 2.0,
    "removed_family_fraction_mean": 0.8823529411764708,
    "passes_90pct_recall_at_50pct_removal": false
  },
  {
    "encoder": "resnet50",
    "method": "rank_only",
    "shortlist_size": 5,
    "rows": 7,
    "targets": 7,
    "best_candidate_recall_mean": 0.7142857142857143,
    "top3_candidate_recall_mean": 0.619047619047619,
    "best_candidate_family_recall_mean": 0.7142857142857143,
    "top3_candidate_family_recall_mean": 0.619047619047619,
    "validation_regret_mean": 0.002586861510594301,
    "normalized_validation_regret_mean": 0.08629134768088638,
    "test_regret_mean": -0.0035820109503609887,
    "removed_fraction": 0.75,
    "selected_family_count_mean": 4.0,
    "removed_family_fraction_mean": 0.7647058823529411,
    "passes_90pct_recall_at_50pct_removal": false
  },
  {
    "encoder": "resnet50",
    "method": "rank_only",
    "shortlist_size": 10,
    "rows": 7,
    "targets": 7,
    "best_candidate_recall_mean": 0.7142857142857143,
    "top3_candidate_recall_mean": 0.6666666666666666,
    "best_candidate_family_recall_mean": 0.7142857142857143,
    "top3_candidate_family_recall_mean": 0.6666666666666666,
    "validation_regret_mean": 0.002402648707555228,
    "normalized_validation_regret_mean": 0.08061114633633969,
    "test_regret_mean": -0.003135582378932411,
    "removed_fraction": 0.5,
    "selected_family_count_mean": 7.0,
    "removed_family_fraction_mean": 0.5882352941176471,
    "passes_90pct_recall_at_50pct_removal": false
  }
]
SOURCE_DONE=mnist COMPLETED=8/21
[
  {
    "encoder": "resnet50",
    "method": "dpp_subspace",
    "shortlist_size": 3,
    "rows": 7,
    "targets": 7,
    "best_candidate_recall_mean": 0.7142857142857143,
    "top3_candidate_recall_mean": 0.380952380952381,
    "best_candidate_family_recall_mean": 0.7142857142857143,
    "top3_candidate_family_recall_mean": 0.619047619047619,
    "validation_regret_mean": 0.00295528838211147,
    "normalized_validation_regret_mean": 0.09765178938978905,
    "test_regret_mean": -0.005367725236075268,
    "removed_fraction": 0.85,
    "selected_family_count_mean": 3.0,
    "removed_family_fraction_mean": 0.8125,
    "passes_90pct_recall_at_50pct_removal": false
  },
  {
    "encoder": "resnet50",
    "method": "dpp_subspace",
    "shortlist_size": 5,
    "rows": 7,
    "targets": 7,
    "best_candidate_recall_mean": 0.7142857142857143,
    "top3_candidate_recall_mean": 0.380952380952381,
    "best_candidate_family_recall_mean": 0.7142857142857143,
    "top3_candidate_family_recall_mean": 0.6666666666666666,
    "validation_regret_mean": 0.0024210708540671594,
    "normalized_validation_regret_mean": 0.08117919318031673,
    "test_regret_mean": -0.000903439521789554,
    "removed_fraction": 0.75,
    "selected_family_count_mean": 5.0,
    "removed_family_fraction_mean": 0.6875,
    "passes_90pct_recall_at_50pct_removal": false
  },
  {
    "encoder": "resnet50",
    "method": "dpp_subspace",
    "shortlist_size": 10,
    "rows": 7,
    "targets": 7,
    "best_candidate_recall_mean": 0.7142857142857143,
    "top3_candidate_recall_mean": 0.7619047619047619,
    "best_candidate_family_recall_mean": 0.7142857142857143,
    "top3_candidate_family_recall_mean": 0.7619047619047619,
    "validation_regret_mean": 0.0023664588513665962,
    "normalized_validation_regret_mean": 0.07764476721909504,
    "test_regret_mean": -0.0027757951191493507,
    "removed_fraction": 0.5,
    "selected_family_count_mean": 8.0,
    "removed_family_fraction_mean": 0.5,
    "passes_90pct_recall_at_50pct_removal": false
  },
  {
    "encoder": "resnet50",
    "method": "facility_subspace",
    "shortlist_size": 3,
    "rows": 7,
    "targets": 7,
    "best_candidate_recall_mean": 0.0,
    "top3_candidate_recall_mean": 0.23809523809523808,
    "best_candidate_family_recall_mean": 0.0,
    "top3_candidate_family_recall_mean": 0.3095238095238095,
    "validation_regret_mean": 0.007754710205594302,
    "normalized_validation_regret_mean": 0.2301401733150971,
    "test_regret_mean": -0.0017250657081604131,
    "removed_fraction": 0.85,
    "selected_family_count_mean": 3.0,
    "removed_family_fraction_mean": 0.8125,
    "passes_90pct_recall_at_50pct_removal": false
  },
  {
    "encoder": "resnet50",
    "method": "facility_subspace",
    "shortlist_size": 5,
    "rows": 7,
    "targets": 7,
    "best_candidate_recall_mean": 0.14285714285714285,
    "top3_candidate_recall_mean": 0.2857142857142857,
    "best_candidate_family_recall_mean": 0.14285714285714285,
    "top3_candidate_family_recall_mean": 0.3571428571428571,
    "validation_regret_mean": 0.004586247331453115,
    "normalized_validation_regret_mean": 0.13244062811016544,
    "test_regret_mean": 0.0016231485775538726,
    "removed_fraction": 0.75,
    "selected_family_count_mean": 5.0,
    "removed_family_fraction_mean": 0.6875,
    "passes_90pct_recall_at_50pct_removal": false
  },
  {
    "encoder": "resnet50",
    "method": "facility_subspace",
    "shortlist_size": 10,
    "rows": 7,
    "targets": 7,
    "best_candidate_recall_mean": 0.2857142857142857,
    "top3_candidate_recall_mean": 0.47619047619047616,
    "best_candidate_family_recall_mean": 0.2857142857142857,
    "top3_candidate_family_recall_mean": 0.5952380952380951,
    "validation_regret_mean": 0.0034910084476172387,
    "normalized_validation_regret_mean": 0.08114115081810282,
    "test_regret_mean": -0.0005353672163827142,
    "removed_fraction": 0.5,
    "selected_family_count_mean": 10.0,
    "removed_family_fraction_mean": 0.375,
    "passes_90pct_recall_at_50pct_removal": false
  },
  {
    "encoder": "resnet50",
    "method": "kcenter_subspace",
    "shortlist_size": 3,
    "rows": 7,
    "targets": 7,
    "best_candidate_recall_mean": 0.8571428571428571,
    "top3_candidate_recall_mean": 0.38095238095238093,
    "best_candidate_family_recall_mean": 0.8571428571428571,
    "top3_candidate_family_recall_mean": 0.40476190476190477,
    "validation_regret_mean": 0.00012761989729743423,
    "normalized_validation_regret_mean": 0.010460638371006687,
    "test_regret_mean": -1.0582378932414268e-05,
    "removed_fraction": 0.85,
    "selected_family_count_mean": 3.0,
    "removed_family_fraction_mean": 0.8125,
    "passes_90pct_recall_at_50pct_removal": false
  },
  {
    "encoder": "resnet50",
    "method": "kcenter_subspace",
    "shortlist_size": 5,
    "rows": 7,
    "targets": 7,
    "best_candidate_recall_mean": 0.8571428571428571,
    "top3_candidate_recall_mean": 0.38095238095238093,
    "best_candidate_family_recall_mean": 0.8571428571428571,
    "top3_candidate_family_recall_mean": 0.40476190476190477,
    "validation_regret_mean": 0.00012761989729743423,
    "normalized_validation_regret_mean": 0.010460638371006687,
    "test_regret_mean": -1.0582378932414268e-05,
    "removed_fraction": 0.75,
    "selected_family_count_mean": 5.0,
    "removed_family_fraction_mean": 0.6875,
    "passes_90pct_recall_at_50pct_removal": false
  },
  {
    "encoder": "resnet50",
    "method": "kcenter_subspace",
    "shortlist_size": 10,
    "rows": 7,
    "targets": 7,
    "best_candidate_recall_mean": 0.8571428571428571,
    "top3_candidate_recall_mean": 0.5714285714285714,
    "best_candidate_family_recall_mean": 0.8571428571428571,
    "top3_candidate_family_recall_mean": 0.5952380952380951,
    "validation_regret_mean": 9.143004110880235e-05,
    "normalized_validation_regret_mean": 0.007494259253762033,
    "test_regret_mean": 0.00034920488085064615,
    "removed_fraction": 0.5,
    "selected_family_count_mean": 9.0,
    "removed_family_fraction_mean": 0.4375,
    "passes_90pct_recall_at_50pct_removal": false
  },
  {
    "encoder": "resnet50",
    "method": "pool_vendi_subspace",
    "shortlist_size": 3,
    "rows": 7,
    "targets": 7,
    "best_candidate_recall_mean": 0.8571428571428571,
    "top3_candidate_recall_mean": 0.38095238095238093,
    "best_candidate_family_recall_mean": 0.8571428571428571,
    "top3_candidate_family_recall_mean": 0.40476190476190477,
    "validation_regret_mean": 0.00012761989729743423,
    "normalized_validation_regret_mean": 0.010460638371006687,
    "test_regret_mean": -1.0582378932414268e-05,
    "removed_fraction": 0.85,
    "selected_family_count_mean": 3.0,
    "removed_family_fraction_mean": 0.8125,
    "passes_90pct_recall_at_50pct_removal": false
  },
  {
    "encoder": "resnet50",
    "method": "pool_vendi_subspace",
    "shortlist_size": 5,
    "rows": 7,
    "targets": 7,
    "best_candidate_recall_mean": 0.8571428571428571,
    "top3_candidate_recall_mean": 0.38095238095238093,
    "best_candidate_family_recall_mean": 0.8571428571428571,
    "top3_candidate_family_recall_mean": 0.40476190476190477,
    "validation_regret_mean": 0.00012761989729743423,
    "normalized_validation_regret_mean": 0.010460638371006687,
    "test_regret_mean": -1.0582378932414268e-05,
    "removed_fraction": 0.75,
    "selected_family_count_mean": 5.0,
    "removed_family_fraction_mean": 0.6875,
    "passes_90pct_recall_at_50pct_removal": false
  },
  {
    "encoder": "resnet50",
    "method": "pool_vendi_subspace",
    "shortlist_size": 10,
    "rows": 7,
    "targets": 7,
    "best_candidate_recall_mean": 0.8571428571428571,
    "top3_candidate_recall_mean": 0.5714285714285714,
    "best_candidate_family_recall_mean": 0.8571428571428571,
    "top3_candidate_family_recall_mean": 0.5952380952380951,
    "validation_regret_mean": 9.143004110880235e-05,
    "normalized_validation_regret_mean": 0.007494259253762033,
    "test_regret_mean": 0.00034920488085064615,
    "removed_fraction": 0.5,
    "selected_family_count_mean": 9.0,
    "removed_family_fraction_mean": 0.4375,
    "passes_90pct_recall_at_50pct_removal": false
  },
  {
    "encoder": "resnet50",
    "method": "random",
    "shortlist_size": 3,
    "rows": 700,
    "targets": 7,
    "best_candidate_recall_mean": 0.15285714285714286,
    "top3_candidate_recall_mean": 0.15619047619047616,
    "best_candidate_family_recall_mean": 0.15285714285714286,
    "top3_candidate_family_recall_mean": 0.20857142857142857,
    "validation_regret_mean": 0.009247362534001132,
    "normalized_validation_regret_mean": 0.24409294129590714,
    "test_regret_mean": 0.0032938671537807913,
    "removed_fraction": 0.85,
    "selected_family_count_mean": 2.914285714285714,
    "removed_family_fraction_mean": 0.8178571428571428,
    "passes_90pct_recall_at_50pct_removal": false
  },
  {
    "encoder": "resnet50",
    "method": "random",
    "shortlist_size": 5,
    "rows": 700,
    "targets": 7,
    "best_candidate_recall_mean": 0.24,
    "top3_candidate_recall_mean": 0.25190476190476185,
    "best_candidate_family_recall_mean": 0.24,
    "top3_candidate_family_recall_mean": 0.3304761904761904,
    "validation_regret_mean": 0.006889029763918474,
    "normalized_validation_regret_mean": 0.1814266458259218,
    "test_regret_mean": 0.0016871319328035565,
    "removed_fraction": 0.75,
    "selected_family_count_mean": 4.758571428571429,
    "removed_family_fraction_mean": 0.7025892857142857,
    "passes_90pct_recall_at_50pct_removal": false
  },
  {
    "encoder": "resnet50",
    "method": "random",
    "shortlist_size": 10,
    "rows": 700,
    "targets": 7,
    "best_candidate_recall_mean": 0.48,
    "top3_candidate_recall_mean": 0.5052380952380952,
    "best_candidate_family_recall_mean": 0.48,
    "top3_candidate_family_recall_mean": 0.6061904761904762,
    "validation_regret_mean": 0.0035123636236578074,
    "normalized_validation_regret_mean": 0.09401710450790897,
    "test_regret_mean": -7.86205104419202e-05,
    "removed_fraction": 0.5,
    "selected_family_count_mean": 8.895714285714286,
    "removed_family_fraction_mean": 0.44401785714285713,
    "passes_90pct_recall_at_50pct_removal": false
  },
  {
    "encoder": "resnet50",
    "method": "rank_only",
    "shortlist_size": 3,
    "rows": 7,
    "targets": 7,
    "best_candidate_recall_mean": 0.7142857142857143,
    "top3_candidate_recall_mean": 0.5714285714285714,
    "best_candidate_family_recall_mean": 0.7142857142857143,
    "top3_candidate_family_recall_mean": 0.5714285714285714,
    "validation_regret_mean": 0.003296082771438621,
    "normalized_validation_regret_mean": 0.10816018357593833,
    "test_regret_mean": -0.0033587966646467,
    "removed_fraction": 0.85,
    "selected_family_count_mean": 2.0,
    "removed_family_fraction_mean": 0.875,
    "passes_90pct_recall_at_50pct_removal": false
  },
  {
    "encoder": "resnet50",
    "method": "rank_only",
    "shortlist_size": 5,
    "rows": 7,
    "targets": 7,
    "best_candidate_recall_mean": 0.7142857142857143,
    "top3_candidate_recall_mean": 0.619047619047619,
    "best_candidate_family_recall_mean": 0.7142857142857143,
    "top3_candidate_family_recall_mean": 0.619047619047619,
    "validation_regret_mean": 0.002586861510594301,
    "normalized_validation_regret_mean": 0.08629134768088638,
    "test_regret_mean": -0.0035820109503609887,
    "removed_fraction": 0.75,
    "selected_family_count_mean": 4.0,
    "removed_family_fraction_mean": 0.75,
    "passes_90pct_recall_at_50pct_removal": false
  },
  {
    "encoder": "resnet50",
    "method": "rank_only",
    "shortlist_size": 10,
    "rows": 7,
    "targets": 7,
    "best_candidate_recall_mean": 0.7142857142857143,
    "top3_candidate_recall_mean": 0.7142857142857143,
    "best_candidate_family_recall_mean": 0.7142857142857143,
    "top3_candidate_family_recall_mean": 0.7142857142857143,
    "validation_regret_mean": 0.002402648707555228,
    "normalized_validation_regret_mean": 0.08061114633633969,
    "test_regret_mean": -0.003135582378932411,
    "removed_fraction": 0.5,
    "selected_family_count_mean": 7.0,
    "removed_family_fraction_mean": 0.5625,
    "passes_90pct_recall_at_50pct_removal": false
  }
]
SOURCE_DONE=octmnist COMPLETED=9/21
[
  {
    "encoder": "resnet50",
    "method": "dpp_subspace",
    "shortlist_size": 3,
    "rows": 7,
    "targets": 7,
    "best_candidate_recall_mean": 0.7142857142857143,
    "top3_candidate_recall_mean": 0.380952380952381,
    "best_candidate_family_recall_mean": 0.7142857142857143,
    "top3_candidate_family_recall_mean": 0.619047619047619,
    "validation_regret_mean": 0.00295528838211147,
    "normalized_validation_regret_mean": 0.09765178938978905,
    "test_regret_mean": -0.005367725236075268,
    "removed_fraction": 0.85,
    "selected_family_count_mean": 3.0,
    "removed_family_fraction_mean": 0.8235294117647057,
    "passes_90pct_recall_at_50pct_removal": false
  },
  {
    "encoder": "resnet50",
    "method": "dpp_subspace",
    "shortlist_size": 5,
    "rows": 7,
    "targets": 7,
    "best_candidate_recall_mean": 0.7142857142857143,
    "top3_candidate_recall_mean": 0.380952380952381,
    "best_candidate_family_recall_mean": 0.7142857142857143,
    "top3_candidate_family_recall_mean": 0.619047619047619,
    "validation_regret_mean": 0.0024210708540671594,
    "normalized_validation_regret_mean": 0.08117919318031673,
    "test_regret_mean": -0.000903439521789554,
    "removed_fraction": 0.75,
    "selected_family_count_mean": 5.0,
    "removed_family_fraction_mean": 0.7058823529411765,
    "passes_90pct_recall_at_50pct_removal": false
  },
  {
    "encoder": "resnet50",
    "method": "dpp_subspace",
    "shortlist_size": 10,
    "rows": 7,
    "targets": 7,
    "best_candidate_recall_mean": 0.7142857142857143,
    "top3_candidate_recall_mean": 0.7142857142857143,
    "best_candidate_family_recall_mean": 0.7142857142857143,
    "top3_candidate_family_recall_mean": 0.761904761904762,
    "validation_regret_mean": 0.0023664588513665962,
    "normalized_validation_regret_mean": 0.07764476721909504,
    "test_regret_mean": -0.0027757951191493507,
    "removed_fraction": 0.5,
    "selected_family_count_mean": 9.0,
    "removed_family_fraction_mean": 0.4705882352941177,
    "passes_90pct_recall_at_50pct_removal": false
  },
  {
    "encoder": "resnet50",
    "method": "facility_subspace",
    "shortlist_size": 3,
    "rows": 7,
    "targets": 7,
    "best_candidate_recall_mean": 0.0,
    "top3_candidate_recall_mean": 0.23809523809523808,
    "best_candidate_family_recall_mean": 0.0,
    "top3_candidate_family_recall_mean": 0.26190476190476186,
    "validation_regret_mean": 0.007754710205594302,
    "normalized_validation_regret_mean": 0.2301401733150971,
    "test_regret_mean": -0.0017250657081604131,
    "removed_fraction": 0.85,
    "selected_family_count_mean": 3.0,
    "removed_family_fraction_mean": 0.8235294117647057,
    "passes_90pct_recall_at_50pct_removal": false
  },
  {
    "encoder": "resnet50",
    "method": "facility_subspace",
    "shortlist_size": 5,
    "rows": 7,
    "targets": 7,
    "best_candidate_recall_mean": 0.14285714285714285,
    "top3_candidate_recall_mean": 0.2857142857142857,
    "best_candidate_family_recall_mean": 0.14285714285714285,
    "top3_candidate_family_recall_mean": 0.3095238095238095,
    "validation_regret_mean": 0.004586247331453115,
    "normalized_validation_regret_mean": 0.13244062811016544,
    "test_regret_mean": 0.0016231485775538726,
    "removed_fraction": 0.75,
    "selected_family_count_mean": 5.0,
    "removed_family_fraction_mean": 0.7058823529411765,
    "passes_90pct_recall_at_50pct_removal": false
  },
  {
    "encoder": "resnet50",
    "method": "facility_subspace",
    "shortlist_size": 10,
    "rows": 7,
    "targets": 7,
    "best_candidate_recall_mean": 0.2857142857142857,
    "top3_candidate_recall_mean": 0.5238095238095238,
    "best_candidate_family_recall_mean": 0.2857142857142857,
    "top3_candidate_family_recall_mean": 0.5952380952380951,
    "validation_regret_mean": 0.0034910084476172387,
    "normalized_validation_regret_mean": 0.08114115081810282,
    "test_regret_mean": -0.0005353672163827142,
    "removed_fraction": 0.5,
    "selected_family_count_mean": 10.0,
    "removed_family_fraction_mean": 0.41176470588235287,
    "passes_90pct_recall_at_50pct_removal": false
  },
  {
    "encoder": "resnet50",
    "method": "kcenter_subspace",
    "shortlist_size": 3,
    "rows": 7,
    "targets": 7,
    "best_candidate_recall_mean": 0.8571428571428571,
    "top3_candidate_recall_mean": 0.38095238095238093,
    "best_candidate_family_recall_mean": 0.8571428571428571,
    "top3_candidate_family_recall_mean": 0.40476190476190477,
    "validation_regret_mean": 0.00012761989729743423,
    "normalized_validation_regret_mean": 0.010460638371006687,
    "test_regret_mean": -1.0582378932414268e-05,
    "removed_fraction": 0.85,
    "selected_family_count_mean": 3.0,
    "removed_family_fraction_mean": 0.8235294117647057,
    "passes_90pct_recall_at_50pct_removal": false
  },
  {
    "encoder": "resnet50",
    "method": "kcenter_subspace",
    "shortlist_size": 5,
    "rows": 7,
    "targets": 7,
    "best_candidate_recall_mean": 0.8571428571428571,
    "top3_candidate_recall_mean": 0.38095238095238093,
    "best_candidate_family_recall_mean": 0.8571428571428571,
    "top3_candidate_family_recall_mean": 0.40476190476190477,
    "validation_regret_mean": 0.00012761989729743423,
    "normalized_validation_regret_mean": 0.010460638371006687,
    "test_regret_mean": -1.0582378932414268e-05,
    "removed_fraction": 0.75,
    "selected_family_count_mean": 5.0,
    "removed_family_fraction_mean": 0.7058823529411765,
    "passes_90pct_recall_at_50pct_removal": false
  },
  {
    "encoder": "resnet50",
    "method": "kcenter_subspace",
    "shortlist_size": 10,
    "rows": 7,
    "targets": 7,
    "best_candidate_recall_mean": 0.8571428571428571,
    "top3_candidate_recall_mean": 0.5714285714285714,
    "best_candidate_family_recall_mean": 0.8571428571428571,
    "top3_candidate_family_recall_mean": 0.5952380952380951,
    "validation_regret_mean": 9.143004110880235e-05,
    "normalized_validation_regret_mean": 0.007494259253762033,
    "test_regret_mean": 0.00034920488085064615,
    "removed_fraction": 0.5,
    "selected_family_count_mean": 9.0,
    "removed_family_fraction_mean": 0.4705882352941177,
    "passes_90pct_recall_at_50pct_removal": false
  },
  {
    "encoder": "resnet50",
    "method": "pool_vendi_subspace",
    "shortlist_size": 3,
    "rows": 7,
    "targets": 7,
    "best_candidate_recall_mean": 0.8571428571428571,
    "top3_candidate_recall_mean": 0.38095238095238093,
    "best_candidate_family_recall_mean": 0.8571428571428571,
    "top3_candidate_family_recall_mean": 0.40476190476190477,
    "validation_regret_mean": 0.00012761989729743423,
    "normalized_validation_regret_mean": 0.010460638371006687,
    "test_regret_mean": -1.0582378932414268e-05,
    "removed_fraction": 0.85,
    "selected_family_count_mean": 3.0,
    "removed_family_fraction_mean": 0.8235294117647057,
    "passes_90pct_recall_at_50pct_removal": false
  },
  {
    "encoder": "resnet50",
    "method": "pool_vendi_subspace",
    "shortlist_size": 5,
    "rows": 7,
    "targets": 7,
    "best_candidate_recall_mean": 0.8571428571428571,
    "top3_candidate_recall_mean": 0.38095238095238093,
    "best_candidate_family_recall_mean": 0.8571428571428571,
    "top3_candidate_family_recall_mean": 0.40476190476190477,
    "validation_regret_mean": 0.00012761989729743423,
    "normalized_validation_regret_mean": 0.010460638371006687,
    "test_regret_mean": -1.0582378932414268e-05,
    "removed_fraction": 0.75,
    "selected_family_count_mean": 5.0,
    "removed_family_fraction_mean": 0.7058823529411765,
    "passes_90pct_recall_at_50pct_removal": false
  },
  {
    "encoder": "resnet50",
    "method": "pool_vendi_subspace",
    "shortlist_size": 10,
    "rows": 7,
    "targets": 7,
    "best_candidate_recall_mean": 0.8571428571428571,
    "top3_candidate_recall_mean": 0.5714285714285714,
    "best_candidate_family_recall_mean": 0.8571428571428571,
    "top3_candidate_family_recall_mean": 0.5952380952380951,
    "validation_regret_mean": 9.143004110880235e-05,
    "normalized_validation_regret_mean": 0.007494259253762033,
    "test_regret_mean": 0.00034920488085064615,
    "removed_fraction": 0.5,
    "selected_family_count_mean": 9.0,
    "removed_family_fraction_mean": 0.4705882352941177,
    "passes_90pct_recall_at_50pct_removal": false
  },
  {
    "encoder": "resnet50",
    "method": "random",
    "shortlist_size": 3,
    "rows": 700,
    "targets": 7,
    "best_candidate_recall_mean": 0.15285714285714286,
    "top3_candidate_recall_mean": 0.15619047619047616,
    "best_candidate_family_recall_mean": 0.15285714285714286,
    "top3_candidate_family_recall_mean": 0.20095238095238097,
    "validation_regret_mean": 0.009229077526776493,
    "normalized_validation_regret_mean": 0.24080252463756335,
    "test_regret_mean": 0.0032740168912070025,
    "removed_fraction": 0.85,
    "selected_family_count_mean": 2.95,
    "removed_family_fraction_mean": 0.8264705882352941,
    "passes_90pct_recall_at_50pct_removal": false
  },
  {
    "encoder": "resnet50",
    "method": "random",
    "shortlist_size": 5,
    "rows": 700,
    "targets": 7,
    "best_candidate_recall_mean": 0.24,
    "top3_candidate_recall_mean": 0.25190476190476185,
    "best_candidate_family_recall_mean": 0.24,
    "top3_candidate_family_recall_mean": 0.3152380952380952,
    "validation_regret_mean": 0.006819463943694945,
    "normalized_validation_regret_mean": 0.1765391303387627,
    "test_regret_mean": 0.0016429414578846449,
    "removed_fraction": 0.75,
    "selected_family_count_mean": 4.837142857142857,
    "removed_family_fraction_mean": 0.7154621848739496,
    "passes_90pct_recall_at_50pct_removal": false
  },
  {
    "encoder": "resnet50",
    "method": "random",
    "shortlist_size": 10,
    "rows": 700,
    "targets": 7,
    "best_candidate_recall_mean": 0.48,
    "top3_candidate_recall_mean": 0.5052380952380952,
    "best_candidate_family_recall_mean": 0.48,
    "top3_candidate_family_recall_mean": 0.5885714285714285,
    "validation_regret_mean": 0.0034926441585464386,
    "normalized_validation_regret_mean": 0.09266205652194076,
    "test_regret_mean": -9.614282846451303e-05,
    "removed_fraction": 0.5,
    "selected_family_count_mean": 9.27,
    "removed_family_fraction_mean": 0.4547058823529412,
    "passes_90pct_recall_at_50pct_removal": false
  },
  {
    "encoder": "resnet50",
    "method": "rank_only",
    "shortlist_size": 3,
    "rows": 7,
    "targets": 7,
    "best_candidate_recall_mean": 0.7142857142857143,
    "top3_candidate_recall_mean": 0.5714285714285714,
    "best_candidate_family_recall_mean": 0.7142857142857143,
    "top3_candidate_family_recall_mean": 0.5714285714285714,
    "validation_regret_mean": 0.003296082771438621,
    "normalized_validation_regret_mean": 0.10816018357593833,
    "test_regret_mean": -0.0033587966646467,
    "removed_fraction": 0.85,
    "selected_family_count_mean": 2.0,
    "removed_family_fraction_mean": 0.8823529411764708,
    "passes_90pct_recall_at_50pct_removal": false
  },
  {
    "encoder": "resnet50",
    "method": "rank_only",
    "shortlist_size": 5,
    "rows": 7,
    "targets": 7,
    "best_candidate_recall_mean": 0.7142857142857143,
    "top3_candidate_recall_mean": 0.619047619047619,
    "best_candidate_family_recall_mean": 0.7142857142857143,
    "top3_candidate_family_recall_mean": 0.619047619047619,
    "validation_regret_mean": 0.002586861510594301,
    "normalized_validation_regret_mean": 0.08629134768088638,
    "test_regret_mean": -0.0035820109503609887,
    "removed_fraction": 0.75,
    "selected_family_count_mean": 4.0,
    "removed_family_fraction_mean": 0.7647058823529411,
    "passes_90pct_recall_at_50pct_removal": false
  },
  {
    "encoder": "resnet50",
    "method": "rank_only",
    "shortlist_size": 10,
    "rows": 7,
    "targets": 7,
    "best_candidate_recall_mean": 0.7142857142857143,
    "top3_candidate_recall_mean": 0.7142857142857143,
    "best_candidate_family_recall_mean": 0.7142857142857143,
    "top3_candidate_family_recall_mean": 0.7142857142857143,
    "validation_regret_mean": 0.0023664588513665962,
    "normalized_validation_regret_mean": 0.07764476721909504,
    "test_regret_mean": -0.0027757951191493507,
    "removed_fraction": 0.5,
    "selected_family_count_mean": 8.0,
    "removed_family_fraction_mean": 0.5294117647058824,
    "passes_90pct_recall_at_50pct_removal": false
  }
]
SOURCE_DONE=organamnist COMPLETED=10/21
[
  {
    "encoder": "resnet50",
    "method": "dpp_subspace",
    "shortlist_size": 3,
    "rows": 7,
    "targets": 7,
    "best_candidate_recall_mean": 0.7142857142857143,
    "top3_candidate_recall_mean": 0.380952380952381,
    "best_candidate_family_recall_mean": 0.7142857142857143,
    "top3_candidate_family_recall_mean": 0.619047619047619,
    "validation_regret_mean": 0.00295528838211147,
    "normalized_validation_regret_mean": 0.09765178938978905,
    "test_regret_mean": -0.005367725236075268,
    "removed_fraction": 0.85,
    "selected_family_count_mean": 3.0,
    "removed_family_fraction_mean": 0.8235294117647057,
    "passes_90pct_recall_at_50pct_removal": false
  },
  {
    "encoder": "resnet50",
    "method": "dpp_subspace",
    "shortlist_size": 5,
    "rows": 7,
    "targets": 7,
    "best_candidate_recall_mean": 0.7142857142857143,
    "top3_candidate_recall_mean": 0.380952380952381,
    "best_candidate_family_recall_mean": 0.7142857142857143,
    "top3_candidate_family_recall_mean": 0.619047619047619,
    "validation_regret_mean": 0.0024210708540671594,
    "normalized_validation_regret_mean": 0.08117919318031673,
    "test_regret_mean": -0.000903439521789554,
    "removed_fraction": 0.75,
    "selected_family_count_mean": 5.0,
    "removed_family_fraction_mean": 0.7058823529411765,
    "passes_90pct_recall_at_50pct_removal": false
  },
  {
    "encoder": "resnet50",
    "method": "dpp_subspace",
    "shortlist_size": 10,
    "rows": 7,
    "targets": 7,
    "best_candidate_recall_mean": 0.7142857142857143,
    "top3_candidate_recall_mean": 0.7142857142857143,
    "best_candidate_family_recall_mean": 0.7142857142857143,
    "top3_candidate_family_recall_mean": 0.7142857142857143,
    "validation_regret_mean": 0.0023664588513665962,
    "normalized_validation_regret_mean": 0.07764476721909504,
    "test_regret_mean": -0.0027757951191493507,
    "removed_fraction": 0.5,
    "selected_family_count_mean": 8.0,
    "removed_family_fraction_mean": 0.5294117647058824,
    "passes_90pct_recall_at_50pct_removal": false
  },
  {
    "encoder": "resnet50",
    "method": "facility_subspace",
    "shortlist_size": 3,
    "rows": 7,
    "targets": 7,
    "best_candidate_recall_mean": 0.0,
    "top3_candidate_recall_mean": 0.23809523809523808,
    "best_candidate_family_recall_mean": 0.0,
    "top3_candidate_family_recall_mean": 0.26190476190476186,
    "validation_regret_mean": 0.00687969828822284,
    "normalized_validation_regret_mean": 0.2041411166413207,
    "test_regret_mean": 0.0007302914346967329,
    "removed_fraction": 0.85,
    "selected_family_count_mean": 3.0,
    "removed_family_fraction_mean": 0.8235294117647057,
    "passes_90pct_recall_at_50pct_removal": false
  },
  {
    "encoder": "resnet50",
    "method": "facility_subspace",
    "shortlist_size": 5,
    "rows": 7,
    "targets": 7,
    "best_candidate_recall_mean": 0.14285714285714285,
    "top3_candidate_recall_mean": 0.2857142857142857,
    "best_candidate_family_recall_mean": 0.14285714285714285,
    "top3_candidate_family_recall_mean": 0.3095238095238095,
    "validation_regret_mean": 0.004586247331453115,
    "normalized_validation_regret_mean": 0.13342256183201068,
    "test_regret_mean": 0.0016231485775538726,
    "removed_fraction": 0.75,
    "selected_family_count_mean": 5.0,
    "removed_family_fraction_mean": 0.7058823529411765,
    "passes_90pct_recall_at_50pct_removal": false
  },
  {
    "encoder": "resnet50",
    "method": "facility_subspace",
    "shortlist_size": 10,
    "rows": 7,
    "targets": 7,
    "best_candidate_recall_mean": 0.2857142857142857,
    "top3_candidate_recall_mean": 0.5238095238095238,
    "best_candidate_family_recall_mean": 0.2857142857142857,
    "top3_candidate_family_recall_mean": 0.5952380952380951,
    "validation_regret_mean": 0.0034910084476172387,
    "normalized_validation_regret_mean": 0.08212308453994806,
    "test_regret_mean": -0.0005353672163827142,
    "removed_fraction": 0.5,
    "selected_family_count_mean": 10.0,
    "removed_family_fraction_mean": 0.41176470588235287,
    "passes_90pct_recall_at_50pct_removal": false
  },
  {
    "encoder": "resnet50",
    "method": "kcenter_subspace",
    "shortlist_size": 3,
    "rows": 7,
    "targets": 7,
    "best_candidate_recall_mean": 0.8571428571428571,
    "top3_candidate_recall_mean": 0.38095238095238093,
    "best_candidate_family_recall_mean": 0.8571428571428571,
    "top3_candidate_family_recall_mean": 0.40476190476190477,
    "validation_regret_mean": 0.00012761989729743423,
    "normalized_validation_regret_mean": 0.010460638371006687,
    "test_regret_mean": -1.0582378932414268e-05,
    "removed_fraction": 0.85,
    "selected_family_count_mean": 3.0,
    "removed_family_fraction_mean": 0.8235294117647057,
    "passes_90pct_recall_at_50pct_removal": false
  },
  {
    "encoder": "resnet50",
    "method": "kcenter_subspace",
    "shortlist_size": 5,
    "rows": 7,
    "targets": 7,
    "best_candidate_recall_mean": 0.8571428571428571,
    "top3_candidate_recall_mean": 0.38095238095238093,
    "best_candidate_family_recall_mean": 0.8571428571428571,
    "top3_candidate_family_recall_mean": 0.40476190476190477,
    "validation_regret_mean": 0.00012761989729743423,
    "normalized_validation_regret_mean": 0.010460638371006687,
    "test_regret_mean": -1.0582378932414268e-05,
    "removed_fraction": 0.75,
    "selected_family_count_mean": 5.0,
    "removed_family_fraction_mean": 0.7058823529411765,
    "passes_90pct_recall_at_50pct_removal": false
  },
  {
    "encoder": "resnet50",
    "method": "kcenter_subspace",
    "shortlist_size": 10,
    "rows": 7,
    "targets": 7,
    "best_candidate_recall_mean": 0.8571428571428571,
    "top3_candidate_recall_mean": 0.5714285714285714,
    "best_candidate_family_recall_mean": 0.8571428571428571,
    "top3_candidate_family_recall_mean": 0.5952380952380951,
    "validation_regret_mean": 9.143004110880235e-05,
    "normalized_validation_regret_mean": 0.007494259253762033,
    "test_regret_mean": 0.00034920488085064615,
    "removed_fraction": 0.5,
    "selected_family_count_mean": 9.0,
    "removed_family_fraction_mean": 0.4705882352941177,
    "passes_90pct_recall_at_50pct_removal": false
  },
  {
    "encoder": "resnet50",
    "method": "pool_vendi_subspace",
    "shortlist_size": 3,
    "rows": 7,
    "targets": 7,
    "best_candidate_recall_mean": 0.8571428571428571,
    "top3_candidate_recall_mean": 0.38095238095238093,
    "best_candidate_family_recall_mean": 0.8571428571428571,
    "top3_candidate_family_recall_mean": 0.40476190476190477,
    "validation_regret_mean": 0.00012761989729743423,
    "normalized_validation_regret_mean": 0.010460638371006687,
    "test_regret_mean": -1.0582378932414268e-05,
    "removed_fraction": 0.85,
    "selected_family_count_mean": 3.0,
    "removed_family_fraction_mean": 0.8235294117647057,
    "passes_90pct_recall_at_50pct_removal": false
  },
  {
    "encoder": "resnet50",
    "method": "pool_vendi_subspace",
    "shortlist_size": 5,
    "rows": 7,
    "targets": 7,
    "best_candidate_recall_mean": 0.8571428571428571,
    "top3_candidate_recall_mean": 0.38095238095238093,
    "best_candidate_family_recall_mean": 0.8571428571428571,
    "top3_candidate_family_recall_mean": 0.40476190476190477,
    "validation_regret_mean": 0.00012761989729743423,
    "normalized_validation_regret_mean": 0.010460638371006687,
    "test_regret_mean": -1.0582378932414268e-05,
    "removed_fraction": 0.75,
    "selected_family_count_mean": 5.0,
    "removed_family_fraction_mean": 0.7058823529411765,
    "passes_90pct_recall_at_50pct_removal": false
  },
  {
    "encoder": "resnet50",
    "method": "pool_vendi_subspace",
    "shortlist_size": 10,
    "rows": 7,
    "targets": 7,
    "best_candidate_recall_mean": 0.8571428571428571,
    "top3_candidate_recall_mean": 0.5714285714285714,
    "best_candidate_family_recall_mean": 0.8571428571428571,
    "top3_candidate_family_recall_mean": 0.5952380952380951,
    "validation_regret_mean": 9.143004110880235e-05,
    "normalized_validation_regret_mean": 0.007494259253762033,
    "test_regret_mean": 0.00034920488085064615,
    "removed_fraction": 0.5,
    "selected_family_count_mean": 9.0,
    "removed_family_fraction_mean": 0.4705882352941177,
    "passes_90pct_recall_at_50pct_removal": false
  },
  {
    "encoder": "resnet50",
    "method": "random",
    "shortlist_size": 3,
    "rows": 700,
    "targets": 7,
    "best_candidate_recall_mean": 0.15285714285714286,
    "top3_candidate_recall_mean": 0.15619047619047616,
    "best_candidate_family_recall_mean": 0.15285714285714286,
    "top3_candidate_family_recall_mean": 0.20095238095238097,
    "validation_regret_mean": 0.009180423476902327,
    "normalized_validation_regret_mean": 0.24174626710491212,
    "test_regret_mean": 0.003241904360907407,
    "removed_fraction": 0.85,
    "selected_family_count_mean": 2.95,
    "removed_family_fraction_mean": 0.8264705882352941,
    "passes_90pct_recall_at_50pct_removal": false
  },
  {
    "encoder": "resnet50",
    "method": "random",
    "shortlist_size": 5,
    "rows": 700,
    "targets": 7,
    "best_candidate_recall_mean": 0.24,
    "top3_candidate_recall_mean": 0.25190476190476185,
    "best_candidate_family_recall_mean": 0.24,
    "top3_candidate_family_recall_mean": 0.3152380952380952,
    "validation_regret_mean": 0.006781982221885023,
    "normalized_validation_regret_mean": 0.17713790465680113,
    "test_regret_mean": 0.0015763618179729935,
    "removed_fraction": 0.75,
    "selected_family_count_mean": 4.837142857142857,
    "removed_family_fraction_mean": 0.7154621848739496,
    "passes_90pct_recall_at_50pct_removal": false
  },
  {
    "encoder": "resnet50",
    "method": "random",
    "shortlist_size": 10,
    "rows": 700,
    "targets": 7,
    "best_candidate_recall_mean": 0.48,
    "top3_candidate_recall_mean": 0.5052380952380952,
    "best_candidate_family_recall_mean": 0.48,
    "top3_candidate_family_recall_mean": 0.5885714285714285,
    "validation_regret_mean": 0.003483626414540949,
    "normalized_validation_regret_mean": 0.09301050888152165,
    "test_regret_mean": -8.791886908667897e-05,
    "removed_fraction": 0.5,
    "selected_family_count_mean": 9.27,
    "removed_family_fraction_mean": 0.4547058823529412,
    "passes_90pct_recall_at_50pct_removal": false
  },
  {
    "encoder": "resnet50",
    "method": "rank_only",
    "shortlist_size": 3,
    "rows": 7,
    "targets": 7,
    "best_candidate_recall_mean": 0.7142857142857143,
    "top3_candidate_recall_mean": 0.5714285714285714,
    "best_candidate_family_recall_mean": 0.7142857142857143,
    "top3_candidate_family_recall_mean": 0.5714285714285714,
    "validation_regret_mean": 0.003296082771438621,
    "normalized_validation_regret_mean": 0.10816018357593833,
    "test_regret_mean": -0.0033587966646467,
    "removed_fraction": 0.85,
    "selected_family_count_mean": 2.0,
    "removed_family_fraction_mean": 0.8823529411764708,
    "passes_90pct_recall_at_50pct_removal": false
  },
  {
    "encoder": "resnet50",
    "method": "rank_only",
    "shortlist_size": 5,
    "rows": 7,
    "targets": 7,
    "best_candidate_recall_mean": 0.7142857142857143,
    "top3_candidate_recall_mean": 0.619047619047619,
    "best_candidate_family_recall_mean": 0.7142857142857143,
    "top3_candidate_family_recall_mean": 0.619047619047619,
    "validation_regret_mean": 0.002586861510594301,
    "normalized_validation_regret_mean": 0.08629134768088638,
    "test_regret_mean": -0.0035820109503609887,
    "removed_fraction": 0.75,
    "selected_family_count_mean": 4.0,
    "removed_family_fraction_mean": 0.7647058823529411,
    "passes_90pct_recall_at_50pct_removal": false
  },
  {
    "encoder": "resnet50",
    "method": "rank_only",
    "shortlist_size": 10,
    "rows": 7,
    "targets": 7,
    "best_candidate_recall_mean": 0.7142857142857143,
    "top3_candidate_recall_mean": 0.7142857142857143,
    "best_candidate_family_recall_mean": 0.7142857142857143,
    "top3_candidate_family_recall_mean": 0.7142857142857143,
    "validation_regret_mean": 0.0023664588513665962,
    "normalized_validation_regret_mean": 0.07764476721909504,
    "test_regret_mean": -0.0027757951191493507,
    "removed_fraction": 0.5,
    "selected_family_count_mean": 8.0,
    "removed_family_fraction_mean": 0.5294117647058824,
    "passes_90pct_recall_at_50pct_removal": false
  }
]
SOURCE_DONE=organcmnist COMPLETED=11/21
[
  {
    "encoder": "resnet50",
    "method": "dpp_subspace",
    "shortlist_size": 3,
    "rows": 7,
    "targets": 7,
    "best_candidate_recall_mean": 0.7142857142857143,
    "top3_candidate_recall_mean": 0.380952380952381,
    "best_candidate_family_recall_mean": 0.7142857142857143,
    "top3_candidate_family_recall_mean": 0.619047619047619,
    "validation_regret_mean": 0.00295528838211147,
    "normalized_validation_regret_mean": 0.09765178938978905,
    "test_regret_mean": -0.005367725236075268,
    "removed_fraction": 0.85,
    "selected_family_count_mean": 3.0,
    "removed_family_fraction_mean": 0.8235294117647057,
    "passes_90pct_recall_at_50pct_removal": false
  },
  {
    "encoder": "resnet50",
    "method": "dpp_subspace",
    "shortlist_size": 5,
    "rows": 7,
    "targets": 7,
    "best_candidate_recall_mean": 0.7142857142857143,
    "top3_candidate_recall_mean": 0.380952380952381,
    "best_candidate_family_recall_mean": 0.7142857142857143,
    "top3_candidate_family_recall_mean": 0.619047619047619,
    "validation_regret_mean": 0.002586861510594301,
    "normalized_validation_regret_mean": 0.08629134768088638,
    "test_regret_mean": -0.0035820109503609887,
    "removed_fraction": 0.75,
    "selected_family_count_mean": 5.0,
    "removed_family_fraction_mean": 0.7058823529411765,
    "passes_90pct_recall_at_50pct_removal": false
  },
  {
    "encoder": "resnet50",
    "method": "dpp_subspace",
    "shortlist_size": 10,
    "rows": 7,
    "targets": 7,
    "best_candidate_recall_mean": 0.7142857142857143,
    "top3_candidate_recall_mean": 0.7142857142857143,
    "best_candidate_family_recall_mean": 0.7142857142857143,
    "top3_candidate_family_recall_mean": 0.7142857142857143,
    "validation_regret_mean": 0.0023664588513665962,
    "normalized_validation_regret_mean": 0.07764476721909504,
    "test_regret_mean": -0.0027757951191493507,
    "removed_fraction": 0.5,
    "selected_family_count_mean": 9.0,
    "removed_family_fraction_mean": 0.4705882352941177,
    "passes_90pct_recall_at_50pct_removal": false
  },
  {
    "encoder": "resnet50",
    "method": "facility_subspace",
    "shortlist_size": 3,
    "rows": 7,
    "targets": 7,
    "best_candidate_recall_mean": 0.0,
    "top3_candidate_recall_mean": 0.23809523809523808,
    "best_candidate_family_recall_mean": 0.0,
    "top3_candidate_family_recall_mean": 0.26190476190476186,
    "validation_regret_mean": 0.007754710205594302,
    "normalized_validation_regret_mean": 0.2301401733150971,
    "test_regret_mean": -0.0017250657081604131,
    "removed_fraction": 0.85,
    "selected_family_count_mean": 3.0,
    "removed_family_fraction_mean": 0.8235294117647057,
    "passes_90pct_recall_at_50pct_removal": false
  },
  {
    "encoder": "resnet50",
    "method": "facility_subspace",
    "shortlist_size": 5,
    "rows": 7,
    "targets": 7,
    "best_candidate_recall_mean": 0.14285714285714285,
    "top3_candidate_recall_mean": 0.2857142857142857,
    "best_candidate_family_recall_mean": 0.14285714285714285,
    "top3_candidate_family_recall_mean": 0.3095238095238095,
    "validation_regret_mean": 0.004586247331453115,
    "normalized_validation_regret_mean": 0.13244062811016544,
    "test_regret_mean": 0.0016231485775538726,
    "removed_fraction": 0.75,
    "selected_family_count_mean": 5.0,
    "removed_family_fraction_mean": 0.7058823529411765,
    "passes_90pct_recall_at_50pct_removal": false
  },
  {
    "encoder": "resnet50",
    "method": "facility_subspace",
    "shortlist_size": 10,
    "rows": 7,
    "targets": 7,
    "best_candidate_recall_mean": 0.2857142857142857,
    "top3_candidate_recall_mean": 0.5238095238095238,
    "best_candidate_family_recall_mean": 0.2857142857142857,
    "top3_candidate_family_recall_mean": 0.5952380952380951,
    "validation_regret_mean": 0.0034910084476172387,
    "normalized_validation_regret_mean": 0.08114115081810282,
    "test_regret_mean": -0.0005353672163827142,
    "removed_fraction": 0.5,
    "selected_family_count_mean": 10.0,
    "removed_family_fraction_mean": 0.41176470588235287,
    "passes_90pct_recall_at_50pct_removal": false
  },
  {
    "encoder": "resnet50",
    "method": "kcenter_subspace",
    "shortlist_size": 3,
    "rows": 7,
    "targets": 7,
    "best_candidate_recall_mean": 0.8571428571428571,
    "top3_candidate_recall_mean": 0.38095238095238093,
    "best_candidate_family_recall_mean": 0.8571428571428571,
    "top3_candidate_family_recall_mean": 0.40476190476190477,
    "validation_regret_mean": 0.00012761989729743423,
    "normalized_validation_regret_mean": 0.010460638371006687,
    "test_regret_mean": -1.0582378932414268e-05,
    "removed_fraction": 0.85,
    "selected_family_count_mean": 3.0,
    "removed_family_fraction_mean": 0.8235294117647057,
    "passes_90pct_recall_at_50pct_removal": false
  },
  {
    "encoder": "resnet50",
    "method": "kcenter_subspace",
    "shortlist_size": 5,
    "rows": 7,
    "targets": 7,
    "best_candidate_recall_mean": 0.8571428571428571,
    "top3_candidate_recall_mean": 0.38095238095238093,
    "best_candidate_family_recall_mean": 0.8571428571428571,
    "top3_candidate_family_recall_mean": 0.40476190476190477,
    "validation_regret_mean": 0.00012761989729743423,
    "normalized_validation_regret_mean": 0.010460638371006687,
    "test_regret_mean": -1.0582378932414268e-05,
    "removed_fraction": 0.75,
    "selected_family_count_mean": 5.0,
    "removed_family_fraction_mean": 0.7058823529411765,
    "passes_90pct_recall_at_50pct_removal": false
  },
  {
    "encoder": "resnet50",
    "method": "kcenter_subspace",
    "shortlist_size": 10,
    "rows": 7,
    "targets": 7,
    "best_candidate_recall_mean": 0.8571428571428571,
    "top3_candidate_recall_mean": 0.5714285714285714,
    "best_candidate_family_recall_mean": 0.8571428571428571,
    "top3_candidate_family_recall_mean": 0.5952380952380951,
    "validation_regret_mean": 9.143004110880235e-05,
    "normalized_validation_regret_mean": 0.007494259253762033,
    "test_regret_mean": 0.00034920488085064615,
    "removed_fraction": 0.5,
    "selected_family_count_mean": 9.0,
    "removed_family_fraction_mean": 0.4705882352941177,
    "passes_90pct_recall_at_50pct_removal": false
  },
  {
    "encoder": "resnet50",
    "method": "pool_vendi_subspace",
    "shortlist_size": 3,
    "rows": 7,
    "targets": 7,
    "best_candidate_recall_mean": 0.8571428571428571,
    "top3_candidate_recall_mean": 0.38095238095238093,
    "best_candidate_family_recall_mean": 0.8571428571428571,
    "top3_candidate_family_recall_mean": 0.40476190476190477,
    "validation_regret_mean": 0.00012761989729743423,
    "normalized_validation_regret_mean": 0.010460638371006687,
    "test_regret_mean": -1.0582378932414268e-05,
    "removed_fraction": 0.85,
    "selected_family_count_mean": 3.0,
    "removed_family_fraction_mean": 0.8235294117647057,
    "passes_90pct_recall_at_50pct_removal": false
  },
  {
    "encoder": "resnet50",
    "method": "pool_vendi_subspace",
    "shortlist_size": 5,
    "rows": 7,
    "targets": 7,
    "best_candidate_recall_mean": 0.8571428571428571,
    "top3_candidate_recall_mean": 0.38095238095238093,
    "best_candidate_family_recall_mean": 0.8571428571428571,
    "top3_candidate_family_recall_mean": 0.40476190476190477,
    "validation_regret_mean": 0.00012761989729743423,
    "normalized_validation_regret_mean": 0.010460638371006687,
    "test_regret_mean": -1.0582378932414268e-05,
    "removed_fraction": 0.75,
    "selected_family_count_mean": 5.0,
    "removed_family_fraction_mean": 0.7058823529411765,
    "passes_90pct_recall_at_50pct_removal": false
  },
  {
    "encoder": "resnet50",
    "method": "pool_vendi_subspace",
    "shortlist_size": 10,
    "rows": 7,
    "targets": 7,
    "best_candidate_recall_mean": 0.8571428571428571,
    "top3_candidate_recall_mean": 0.5714285714285714,
    "best_candidate_family_recall_mean": 0.8571428571428571,
    "top3_candidate_family_recall_mean": 0.5952380952380951,
    "validation_regret_mean": 9.143004110880235e-05,
    "normalized_validation_regret_mean": 0.007494259253762033,
    "test_regret_mean": 0.00034920488085064615,
    "removed_fraction": 0.5,
    "selected_family_count_mean": 9.0,
    "removed_family_fraction_mean": 0.4705882352941177,
    "passes_90pct_recall_at_50pct_removal": false
  },
  {
    "encoder": "resnet50",
    "method": "random",
    "shortlist_size": 3,
    "rows": 700,
    "targets": 7,
    "best_candidate_recall_mean": 0.15285714285714286,
    "top3_candidate_recall_mean": 0.15619047619047616,
    "best_candidate_family_recall_mean": 0.15285714285714286,
    "top3_candidate_family_recall_mean": 0.20095238095238097,
    "validation_regret_mean": 0.009153116677174998,
    "normalized_validation_regret_mean": 0.23877916885681824,
    "test_regret_mean": 0.0032066453354699168,
    "removed_fraction": 0.85,
    "selected_family_count_mean": 2.95,
    "removed_family_fraction_mean": 0.8264705882352941,
    "passes_90pct_recall_at_50pct_removal": false
  },
  {
    "encoder": "resnet50",
    "method": "random",
    "shortlist_size": 5,
    "rows": 700,
    "targets": 7,
    "best_candidate_recall_mean": 0.24,
    "top3_candidate_recall_mean": 0.25190476190476185,
    "best_candidate_family_recall_mean": 0.24,
    "top3_candidate_family_recall_mean": 0.3152380952380952,
    "validation_regret_mean": 0.006827185513794466,
    "normalized_validation_regret_mean": 0.1775494358070682,
    "test_regret_mean": 0.001175685022558478,
    "removed_fraction": 0.75,
    "selected_family_count_mean": 4.837142857142857,
    "removed_family_fraction_mean": 0.7154621848739496,
    "passes_90pct_recall_at_50pct_removal": false
  },
  {
    "encoder": "resnet50",
    "method": "random",
    "shortlist_size": 10,
    "rows": 700,
    "targets": 7,
    "best_candidate_recall_mean": 0.48,
    "top3_candidate_recall_mean": 0.5052380952380952,
    "best_candidate_family_recall_mean": 0.48,
    "top3_candidate_family_recall_mean": 0.5885714285714285,
    "validation_regret_mean": 0.003499773909494906,
    "normalized_validation_regret_mean": 0.09293406733799035,
    "test_regret_mean": -0.00033895675625120365,
    "removed_fraction": 0.5,
    "selected_family_count_mean": 9.27,
    "removed_family_fraction_mean": 0.4547058823529412,
    "passes_90pct_recall_at_50pct_removal": false
  },
  {
    "encoder": "resnet50",
    "method": "rank_only",
    "shortlist_size": 3,
    "rows": 7,
    "targets": 7,
    "best_candidate_recall_mean": 0.7142857142857143,
    "top3_candidate_recall_mean": 0.5714285714285714,
    "best_candidate_family_recall_mean": 0.7142857142857143,
    "top3_candidate_family_recall_mean": 0.5714285714285714,
    "validation_regret_mean": 0.003296082771438621,
    "normalized_validation_regret_mean": 0.10816018357593833,
    "test_regret_mean": -0.0033587966646467,
    "removed_fraction": 0.85,
    "selected_family_count_mean": 2.0,
    "removed_family_fraction_mean": 0.8823529411764708,
    "passes_90pct_recall_at_50pct_removal": false
  },
  {
    "encoder": "resnet50",
    "method": "rank_only",
    "shortlist_size": 5,
    "rows": 7,
    "targets": 7,
    "best_candidate_recall_mean": 0.7142857142857143,
    "top3_candidate_recall_mean": 0.619047619047619,
    "best_candidate_family_recall_mean": 0.7142857142857143,
    "top3_candidate_family_recall_mean": 0.619047619047619,
    "validation_regret_mean": 0.002586861510594301,
    "normalized_validation_regret_mean": 0.08629134768088638,
    "test_regret_mean": -0.0035820109503609887,
    "removed_fraction": 0.75,
    "selected_family_count_mean": 4.0,
    "removed_family_fraction_mean": 0.7647058823529411,
    "passes_90pct_recall_at_50pct_removal": false
  },
  {
    "encoder": "resnet50",
    "method": "rank_only",
    "shortlist_size": 10,
    "rows": 7,
    "targets": 7,
    "best_candidate_recall_mean": 0.7142857142857143,
    "top3_candidate_recall_mean": 0.7142857142857143,
    "best_candidate_family_recall_mean": 0.7142857142857143,
    "top3_candidate_family_recall_mean": 0.7142857142857143,
    "validation_regret_mean": 0.0023664588513665962,
    "normalized_validation_regret_mean": 0.07764476721909504,
    "test_regret_mean": -0.0027757951191493507,
    "removed_fraction": 0.5,
    "selected_family_count_mean": 8.0,
    "removed_family_fraction_mean": 0.5294117647058824,
    "passes_90pct_recall_at_50pct_removal": false
  }
]
SOURCE_DONE=organsmnist COMPLETED=12/21
[
  {
    "encoder": "resnet50",
    "method": "dpp_subspace",
    "shortlist_size": 3,
    "rows": 7,
    "targets": 7,
    "best_candidate_recall_mean": 0.7142857142857143,
    "top3_candidate_recall_mean": 0.380952380952381,
    "best_candidate_family_recall_mean": 0.7142857142857143,
    "top3_candidate_family_recall_mean": 0.619047619047619,
    "validation_regret_mean": 0.00295528838211147,
    "normalized_validation_regret_mean": 0.09765178938978905,
    "test_regret_mean": -0.005367725236075268,
    "removed_fraction": 0.85,
    "selected_family_count_mean": 3.0,
    "removed_family_fraction_mean": 0.8125,
    "passes_90pct_recall_at_50pct_removal": false
  },
  {
    "encoder": "resnet50",
    "method": "dpp_subspace",
    "shortlist_size": 5,
    "rows": 7,
    "targets": 7,
    "best_candidate_recall_mean": 0.7142857142857143,
    "top3_candidate_recall_mean": 0.380952380952381,
    "best_candidate_family_recall_mean": 0.7142857142857143,
    "top3_candidate_family_recall_mean": 0.619047619047619,
    "validation_regret_mean": 0.0024210708540671594,
    "normalized_validation_regret_mean": 0.08117919318031673,
    "test_regret_mean": -0.000903439521789554,
    "removed_fraction": 0.75,
    "selected_family_count_mean": 5.0,
    "removed_family_fraction_mean": 0.6875,
    "passes_90pct_recall_at_50pct_removal": false
  },
  {
    "encoder": "resnet50",
    "method": "dpp_subspace",
    "shortlist_size": 10,
    "rows": 7,
    "targets": 7,
    "best_candidate_recall_mean": 0.7142857142857143,
    "top3_candidate_recall_mean": 0.7142857142857143,
    "best_candidate_family_recall_mean": 0.7142857142857143,
    "top3_candidate_family_recall_mean": 0.7142857142857143,
    "validation_regret_mean": 0.0023664588513665962,
    "normalized_validation_regret_mean": 0.07764476721909504,
    "test_regret_mean": -0.0027757951191493507,
    "removed_fraction": 0.5,
    "selected_family_count_mean": 8.0,
    "removed_family_fraction_mean": 0.5,
    "passes_90pct_recall_at_50pct_removal": false
  },
  {
    "encoder": "resnet50",
    "method": "facility_subspace",
    "shortlist_size": 3,
    "rows": 7,
    "targets": 7,
    "best_candidate_recall_mean": 0.0,
    "top3_candidate_recall_mean": 0.23809523809523808,
    "best_candidate_family_recall_mean": 0.0,
    "top3_candidate_family_recall_mean": 0.26190476190476186,
    "validation_regret_mean": 0.007754710205594302,
    "normalized_validation_regret_mean": 0.2301401733150971,
    "test_regret_mean": -0.0017250657081604131,
    "removed_fraction": 0.85,
    "selected_family_count_mean": 3.0,
    "removed_family_fraction_mean": 0.8125,
    "passes_90pct_recall_at_50pct_removal": false
  },
  {
    "encoder": "resnet50",
    "method": "facility_subspace",
    "shortlist_size": 5,
    "rows": 7,
    "targets": 7,
    "best_candidate_recall_mean": 0.14285714285714285,
    "top3_candidate_recall_mean": 0.2857142857142857,
    "best_candidate_family_recall_mean": 0.14285714285714285,
    "top3_candidate_family_recall_mean": 0.3095238095238095,
    "validation_regret_mean": 0.004586247331453115,
    "normalized_validation_regret_mean": 0.13244062811016544,
    "test_regret_mean": 0.0016231485775538726,
    "removed_fraction": 0.75,
    "selected_family_count_mean": 5.0,
    "removed_family_fraction_mean": 0.6875,
    "passes_90pct_recall_at_50pct_removal": false
  },
  {
    "encoder": "resnet50",
    "method": "facility_subspace",
    "shortlist_size": 10,
    "rows": 7,
    "targets": 7,
    "best_candidate_recall_mean": 0.14285714285714285,
    "top3_candidate_recall_mean": 0.4761904761904762,
    "best_candidate_family_recall_mean": 0.14285714285714285,
    "top3_candidate_family_recall_mean": 0.5476190476190477,
    "validation_regret_mean": 0.0035824384887260413,
    "normalized_validation_regret_mean": 0.08863541007186485,
    "test_regret_mean": -0.00018616233553206803,
    "removed_fraction": 0.5,
    "selected_family_count_mean": 10.0,
    "removed_family_fraction_mean": 0.375,
    "passes_90pct_recall_at_50pct_removal": false
  },
  {
    "encoder": "resnet50",
    "method": "kcenter_subspace",
    "shortlist_size": 3,
    "rows": 7,
    "targets": 7,
    "best_candidate_recall_mean": 0.8571428571428571,
    "top3_candidate_recall_mean": 0.38095238095238093,
    "best_candidate_family_recall_mean": 0.8571428571428571,
    "top3_candidate_family_recall_mean": 0.40476190476190477,
    "validation_regret_mean": 0.00012761989729743423,
    "normalized_validation_regret_mean": 0.010460638371006687,
    "test_regret_mean": -1.0582378932414268e-05,
    "removed_fraction": 0.85,
    "selected_family_count_mean": 3.0,
    "removed_family_fraction_mean": 0.8125,
    "passes_90pct_recall_at_50pct_removal": false
  },
  {
    "encoder": "resnet50",
    "method": "kcenter_subspace",
    "shortlist_size": 5,
    "rows": 7,
    "targets": 7,
    "best_candidate_recall_mean": 1.0,
    "top3_candidate_recall_mean": 0.4761904761904762,
    "best_candidate_family_recall_mean": 1.0,
    "top3_candidate_family_recall_mean": 0.5,
    "validation_regret_mean": 0.0,
    "normalized_validation_regret_mean": 0.0,
    "test_regret_mean": 0.0,
    "removed_fraction": 0.75,
    "selected_family_count_mean": 5.0,
    "removed_family_fraction_mean": 0.6875,
    "passes_90pct_recall_at_50pct_removal": true
  },
  {
    "encoder": "resnet50",
    "method": "kcenter_subspace",
    "shortlist_size": 10,
    "rows": 7,
    "targets": 7,
    "best_candidate_recall_mean": 1.0,
    "top3_candidate_recall_mean": 0.619047619047619,
    "best_candidate_family_recall_mean": 1.0,
    "top3_candidate_family_recall_mean": 0.6428571428571427,
    "validation_regret_mean": 0.0,
    "normalized_validation_regret_mean": 0.0,
    "test_regret_mean": 0.0,
    "removed_fraction": 0.5,
    "selected_family_count_mean": 9.0,
    "removed_family_fraction_mean": 0.4375,
    "passes_90pct_recall_at_50pct_removal": true
  },
  {
    "encoder": "resnet50",
    "method": "pool_vendi_subspace",
    "shortlist_size": 3,
    "rows": 7,
    "targets": 7,
    "best_candidate_recall_mean": 0.8571428571428571,
    "top3_candidate_recall_mean": 0.38095238095238093,
    "best_candidate_family_recall_mean": 0.8571428571428571,
    "top3_candidate_family_recall_mean": 0.40476190476190477,
    "validation_regret_mean": 0.00012761989729743423,
    "normalized_validation_regret_mean": 0.010460638371006687,
    "test_regret_mean": -1.0582378932414268e-05,
    "removed_fraction": 0.85,
    "selected_family_count_mean": 3.0,
    "removed_family_fraction_mean": 0.8125,
    "passes_90pct_recall_at_50pct_removal": false
  },
  {
    "encoder": "resnet50",
    "method": "pool_vendi_subspace",
    "shortlist_size": 5,
    "rows": 7,
    "targets": 7,
    "best_candidate_recall_mean": 0.8571428571428571,
    "top3_candidate_recall_mean": 0.42857142857142855,
    "best_candidate_family_recall_mean": 0.8571428571428571,
    "top3_candidate_family_recall_mean": 0.4523809523809524,
    "validation_regret_mean": 0.00012761989729743423,
    "normalized_validation_regret_mean": 0.010460638371006687,
    "test_regret_mean": -1.0582378932414268e-05,
    "removed_fraction": 0.75,
    "selected_family_count_mean": 5.0,
    "removed_family_fraction_mean": 0.6875,
    "passes_90pct_recall_at_50pct_removal": false
  },
  {
    "encoder": "resnet50",
    "method": "pool_vendi_subspace",
    "shortlist_size": 10,
    "rows": 7,
    "targets": 7,
    "best_candidate_recall_mean": 1.0,
    "top3_candidate_recall_mean": 0.6666666666666666,
    "best_candidate_family_recall_mean": 1.0,
    "top3_candidate_family_recall_mean": 0.6904761904761905,
    "validation_regret_mean": 0.0,
    "normalized_validation_regret_mean": 0.0,
    "test_regret_mean": 0.0,
    "removed_fraction": 0.5,
    "selected_family_count_mean": 9.0,
    "removed_family_fraction_mean": 0.4375,
    "passes_90pct_recall_at_50pct_removal": true
  },
  {
    "encoder": "resnet50",
    "method": "random",
    "shortlist_size": 3,
    "rows": 700,
    "targets": 7,
    "best_candidate_recall_mean": 0.15285714285714286,
    "top3_candidate_recall_mean": 0.15619047619047616,
    "best_candidate_family_recall_mean": 0.15285714285714286,
    "top3_candidate_family_recall_mean": 0.20095238095238097,
    "validation_regret_mean": 0.009232667547568239,
    "normalized_validation_regret_mean": 0.24180480485033237,
    "test_regret_mean": 0.003607744046619949,
    "removed_fraction": 0.85,
    "selected_family_count_mean": 2.93,
    "removed_family_fraction_mean": 0.816875,
    "passes_90pct_recall_at_50pct_removal": false
  },
  {
    "encoder": "resnet50",
    "method": "random",
    "shortlist_size": 5,
    "rows": 700,
    "targets": 7,
    "best_candidate_recall_mean": 0.24,
    "top3_candidate_recall_mean": 0.25190476190476185,
    "best_candidate_family_recall_mean": 0.24,
    "top3_candidate_family_recall_mean": 0.3152380952380952,
    "validation_regret_mean": 0.006865358455131246,
    "normalized_validation_regret_mean": 0.18004934282880172,
    "test_regret_mean": 0.001439054122992917,
    "removed_fraction": 0.75,
    "selected_family_count_mean": 4.761428571428572,
    "removed_family_fraction_mean": 0.7024107142857143,
    "passes_90pct_recall_at_50pct_removal": false
  },
  {
    "encoder": "resnet50",
    "method": "random",
    "shortlist_size": 10,
    "rows": 700,
    "targets": 7,
    "best_candidate_recall_mean": 0.48,
    "top3_candidate_recall_mean": 0.5052380952380952,
    "best_candidate_family_recall_mean": 0.48,
    "top3_candidate_family_recall_mean": 0.5885714285714285,
    "validation_regret_mean": 0.003493975203036994,
    "normalized_validation_regret_mean": 0.09301920464931367,
    "test_regret_mean": -0.00018628470386778095,
    "removed_fraction": 0.5,
    "selected_family_count_mean": 8.90857142857143,
    "removed_family_fraction_mean": 0.4432142857142857,
    "passes_90pct_recall_at_50pct_removal": false
  },
  {
    "encoder": "resnet50",
    "method": "rank_only",
    "shortlist_size": 3,
    "rows": 7,
    "targets": 7,
    "best_candidate_recall_mean": 0.7142857142857143,
    "top3_candidate_recall_mean": 0.5714285714285714,
    "best_candidate_family_recall_mean": 0.7142857142857143,
    "top3_candidate_family_recall_mean": 0.5714285714285714,
    "validation_regret_mean": 0.003296082771438621,
    "normalized_validation_regret_mean": 0.10816018357593833,
    "test_regret_mean": -0.0033587966646467,
    "removed_fraction": 0.85,
    "selected_family_count_mean": 2.0,
    "removed_family_fraction_mean": 0.875,
    "passes_90pct_recall_at_50pct_removal": false
  },
  {
    "encoder": "resnet50",
    "method": "rank_only",
    "shortlist_size": 5,
    "rows": 7,
    "targets": 7,
    "best_candidate_recall_mean": 0.7142857142857143,
    "top3_candidate_recall_mean": 0.619047619047619,
    "best_candidate_family_recall_mean": 0.7142857142857143,
    "top3_candidate_family_recall_mean": 0.619047619047619,
    "validation_regret_mean": 0.002586861510594301,
    "normalized_validation_regret_mean": 0.08629134768088638,
    "test_regret_mean": -0.0035820109503609887,
    "removed_fraction": 0.75,
    "selected_family_count_mean": 4.0,
    "removed_family_fraction_mean": 0.75,
    "passes_90pct_recall_at_50pct_removal": false
  },
  {
    "encoder": "resnet50",
    "method": "rank_only",
    "shortlist_size": 10,
    "rows": 7,
    "targets": 7,
    "best_candidate_recall_mean": 0.7142857142857143,
    "top3_candidate_recall_mean": 0.6666666666666666,
    "best_candidate_family_recall_mean": 0.7142857142857143,
    "top3_candidate_family_recall_mean": 0.6666666666666666,
    "validation_regret_mean": 0.002402648707555228,
    "normalized_validation_regret_mean": 0.08061114633633969,
    "test_regret_mean": -0.003135582378932411,
    "removed_fraction": 0.5,
    "selected_family_count_mean": 7.0,
    "removed_family_fraction_mean": 0.5625,
    "passes_90pct_recall_at_50pct_removal": false
  }
]
SOURCE_DONE=pathmnist COMPLETED=13/21
[
  {
    "encoder": "resnet50",
    "method": "dpp_subspace",
    "shortlist_size": 3,
    "rows": 7,
    "targets": 7,
    "best_candidate_recall_mean": 0.7142857142857143,
    "top3_candidate_recall_mean": 0.380952380952381,
    "best_candidate_family_recall_mean": 0.7142857142857143,
    "top3_candidate_family_recall_mean": 0.619047619047619,
    "validation_regret_mean": 0.00295528838211147,
    "normalized_validation_regret_mean": 0.09765178938978905,
    "test_regret_mean": -0.005367725236075268,
    "removed_fraction": 0.85,
    "selected_family_count_mean": 3.0,
    "removed_family_fraction_mean": 0.8125,
    "passes_90pct_recall_at_50pct_removal": false
  },
  {
    "encoder": "resnet50",
    "method": "dpp_subspace",
    "shortlist_size": 5,
    "rows": 7,
    "targets": 7,
    "best_candidate_recall_mean": 0.7142857142857143,
    "top3_candidate_recall_mean": 0.380952380952381,
    "best_candidate_family_recall_mean": 0.7142857142857143,
    "top3_candidate_family_recall_mean": 0.619047619047619,
    "validation_regret_mean": 0.0024210708540671594,
    "normalized_validation_regret_mean": 0.08117919318031673,
    "test_regret_mean": -0.000903439521789554,
    "removed_fraction": 0.75,
    "selected_family_count_mean": 5.0,
    "removed_family_fraction_mean": 0.6875,
    "passes_90pct_recall_at_50pct_removal": false
  },
  {
    "encoder": "resnet50",
    "method": "dpp_subspace",
    "shortlist_size": 10,
    "rows": 7,
    "targets": 7,
    "best_candidate_recall_mean": 0.7142857142857143,
    "top3_candidate_recall_mean": 0.7142857142857143,
    "best_candidate_family_recall_mean": 0.7142857142857143,
    "top3_candidate_family_recall_mean": 0.7142857142857143,
    "validation_regret_mean": 0.0023664588513665962,
    "normalized_validation_regret_mean": 0.07764476721909504,
    "test_regret_mean": -0.0027757951191493507,
    "removed_fraction": 0.5,
    "selected_family_count_mean": 8.0,
    "removed_family_fraction_mean": 0.5,
    "passes_90pct_recall_at_50pct_removal": false
  },
  {
    "encoder": "resnet50",
    "method": "facility_subspace",
    "shortlist_size": 3,
    "rows": 7,
    "targets": 7,
    "best_candidate_recall_mean": 0.14285714285714285,
    "top3_candidate_recall_mean": 0.2857142857142857,
    "best_candidate_family_recall_mean": 0.14285714285714285,
    "top3_candidate_family_recall_mean": 0.3095238095238095,
    "validation_regret_mean": 0.004586247331453115,
    "normalized_validation_regret_mean": 0.13244062811016544,
    "test_regret_mean": 0.0016231485775538726,
    "removed_fraction": 0.85,
    "selected_family_count_mean": 3.0,
    "removed_family_fraction_mean": 0.8125,
    "passes_90pct_recall_at_50pct_removal": false
  },
  {
    "encoder": "resnet50",
    "method": "facility_subspace",
    "shortlist_size": 5,
    "rows": 7,
    "targets": 7,
    "best_candidate_recall_mean": 0.2857142857142857,
    "top3_candidate_recall_mean": 0.38095238095238093,
    "best_candidate_family_recall_mean": 0.2857142857142857,
    "top3_candidate_family_recall_mean": 0.4047619047619047,
    "validation_regret_mean": 0.004077675379042046,
    "normalized_validation_regret_mean": 0.09075443816276167,
    "test_regret_mean": 0.0011046324457441026,
    "removed_fraction": 0.75,
    "selected_family_count_mean": 5.0,
    "removed_family_fraction_mean": 0.6875,
    "passes_90pct_recall_at_50pct_removal": false
  },
  {
    "encoder": "resnet50",
    "method": "facility_subspace",
    "shortlist_size": 10,
    "rows": 7,
    "targets": 7,
    "best_candidate_recall_mean": 0.2857142857142857,
    "top3_candidate_recall_mean": 0.47619047619047616,
    "best_candidate_family_recall_mean": 0.2857142857142857,
    "top3_candidate_family_recall_mean": 0.5476190476190476,
    "validation_regret_mean": 0.0034910084476172387,
    "normalized_validation_regret_mean": 0.08114115081810282,
    "test_regret_mean": -0.0005353672163827142,
    "removed_fraction": 0.5,
    "selected_family_count_mean": 10.0,
    "removed_family_fraction_mean": 0.375,
    "passes_90pct_recall_at_50pct_removal": false
  },
  {
    "encoder": "resnet50",
    "method": "kcenter_subspace",
    "shortlist_size": 3,
    "rows": 7,
    "targets": 7,
    "best_candidate_recall_mean": 0.8571428571428571,
    "top3_candidate_recall_mean": 0.38095238095238093,
    "best_candidate_family_recall_mean": 0.8571428571428571,
    "top3_candidate_family_recall_mean": 0.40476190476190477,
    "validation_regret_mean": 0.00012761989729743423,
    "normalized_validation_regret_mean": 0.010460638371006687,
    "test_regret_mean": -1.0582378932414268e-05,
    "removed_fraction": 0.85,
    "selected_family_count_mean": 3.0,
    "removed_family_fraction_mean": 0.8125,
    "passes_90pct_recall_at_50pct_removal": false
  },
  {
    "encoder": "resnet50",
    "method": "kcenter_subspace",
    "shortlist_size": 5,
    "rows": 7,
    "targets": 7,
    "best_candidate_recall_mean": 0.8571428571428571,
    "top3_candidate_recall_mean": 0.38095238095238093,
    "best_candidate_family_recall_mean": 0.8571428571428571,
    "top3_candidate_family_recall_mean": 0.40476190476190477,
    "validation_regret_mean": 0.00012761989729743423,
    "normalized_validation_regret_mean": 0.010460638371006687,
    "test_regret_mean": -1.0582378932414268e-05,
    "removed_fraction": 0.75,
    "selected_family_count_mean": 5.0,
    "removed_family_fraction_mean": 0.6875,
    "passes_90pct_recall_at_50pct_removal": false
  },
  {
    "encoder": "resnet50",
    "method": "kcenter_subspace",
    "shortlist_size": 10,
    "rows": 7,
    "targets": 7,
    "best_candidate_recall_mean": 0.8571428571428571,
    "top3_candidate_recall_mean": 0.5714285714285714,
    "best_candidate_family_recall_mean": 0.8571428571428571,
    "top3_candidate_family_recall_mean": 0.5952380952380951,
    "validation_regret_mean": 9.143004110880235e-05,
    "normalized_validation_regret_mean": 0.007494259253762033,
    "test_regret_mean": 0.00034920488085064615,
    "removed_fraction": 0.5,
    "selected_family_count_mean": 9.0,
    "removed_family_fraction_mean": 0.4375,
    "passes_90pct_recall_at_50pct_removal": false
  },
  {
    "encoder": "resnet50",
    "method": "pool_vendi_subspace",
    "shortlist_size": 3,
    "rows": 7,
    "targets": 7,
    "best_candidate_recall_mean": 0.8571428571428571,
    "top3_candidate_recall_mean": 0.38095238095238093,
    "best_candidate_family_recall_mean": 0.8571428571428571,
    "top3_candidate_family_recall_mean": 0.40476190476190477,
    "validation_regret_mean": 0.00012761989729743423,
    "normalized_validation_regret_mean": 0.010460638371006687,
    "test_regret_mean": -1.0582378932414268e-05,
    "removed_fraction": 0.85,
    "selected_family_count_mean": 3.0,
    "removed_family_fraction_mean": 0.8125,
    "passes_90pct_recall_at_50pct_removal": false
  },
  {
    "encoder": "resnet50",
    "method": "pool_vendi_subspace",
    "shortlist_size": 5,
    "rows": 7,
    "targets": 7,
    "best_candidate_recall_mean": 0.8571428571428571,
    "top3_candidate_recall_mean": 0.38095238095238093,
    "best_candidate_family_recall_mean": 0.8571428571428571,
    "top3_candidate_family_recall_mean": 0.40476190476190477,
    "validation_regret_mean": 0.00012761989729743423,
    "normalized_validation_regret_mean": 0.010460638371006687,
    "test_regret_mean": -1.0582378932414268e-05,
    "removed_fraction": 0.75,
    "selected_family_count_mean": 5.0,
    "removed_family_fraction_mean": 0.6875,
    "passes_90pct_recall_at_50pct_removal": false
  },
  {
    "encoder": "resnet50",
    "method": "pool_vendi_subspace",
    "shortlist_size": 10,
    "rows": 7,
    "targets": 7,
    "best_candidate_recall_mean": 0.8571428571428571,
    "top3_candidate_recall_mean": 0.5714285714285714,
    "best_candidate_family_recall_mean": 0.8571428571428571,
    "top3_candidate_family_recall_mean": 0.5952380952380951,
    "validation_regret_mean": 9.143004110880235e-05,
    "normalized_validation_regret_mean": 0.007494259253762033,
    "test_regret_mean": 0.00034920488085064615,
    "removed_fraction": 0.5,
    "selected_family_count_mean": 9.0,
    "removed_family_fraction_mean": 0.4375,
    "passes_90pct_recall_at_50pct_removal": false
  },
  {
    "encoder": "resnet50",
    "method": "random",
    "shortlist_size": 3,
    "rows": 700,
    "targets": 7,
    "best_candidate_recall_mean": 0.15285714285714286,
    "top3_candidate_recall_mean": 0.15619047619047616,
    "best_candidate_family_recall_mean": 0.15285714285714286,
    "top3_candidate_family_recall_mean": 0.20095238095238097,
    "validation_regret_mean": 0.009166514031489863,
    "normalized_validation_regret_mean": 0.23796589136214866,
    "test_regret_mean": 0.0036339235476085014,
    "removed_fraction": 0.85,
    "selected_family_count_mean": 2.93,
    "removed_family_fraction_mean": 0.816875,
    "passes_90pct_recall_at_50pct_removal": false
  },
  {
    "encoder": "resnet50",
    "method": "random",
    "shortlist_size": 5,
    "rows": 700,
    "targets": 7,
    "best_candidate_recall_mean": 0.24,
    "top3_candidate_recall_mean": 0.25190476190476185,
    "best_candidate_family_recall_mean": 0.24,
    "top3_candidate_family_recall_mean": 0.3152380952380952,
    "validation_regret_mean": 0.006815839983917871,
    "normalized_validation_regret_mean": 0.17788905441823427,
    "test_regret_mean": 0.0014800987669399749,
    "removed_fraction": 0.75,
    "selected_family_count_mean": 4.761428571428572,
    "removed_family_fraction_mean": 0.7024107142857143,
    "passes_90pct_recall_at_50pct_removal": false
  },
  {
    "encoder": "resnet50",
    "method": "random",
    "shortlist_size": 10,
    "rows": 700,
    "targets": 7,
    "best_candidate_recall_mean": 0.48,
    "top3_candidate_recall_mean": 0.5052380952380952,
    "best_candidate_family_recall_mean": 0.48,
    "top3_candidate_family_recall_mean": 0.5885714285714285,
    "validation_regret_mean": 0.0034894989936167446,
    "normalized_validation_regret_mean": 0.09265230255168078,
    "test_regret_mean": -0.0001815228887966748,
    "removed_fraction": 0.5,
    "selected_family_count_mean": 8.90857142857143,
    "removed_family_fraction_mean": 0.4432142857142857,
    "passes_90pct_recall_at_50pct_removal": false
  },
  {
    "encoder": "resnet50",
    "method": "rank_only",
    "shortlist_size": 3,
    "rows": 7,
    "targets": 7,
    "best_candidate_recall_mean": 0.7142857142857143,
    "top3_candidate_recall_mean": 0.5714285714285714,
    "best_candidate_family_recall_mean": 0.7142857142857143,
    "top3_candidate_family_recall_mean": 0.5714285714285714,
    "validation_regret_mean": 0.003296082771438621,
    "normalized_validation_regret_mean": 0.10816018357593833,
    "test_regret_mean": -0.0033587966646467,
    "removed_fraction": 0.85,
    "selected_family_count_mean": 2.0,
    "removed_family_fraction_mean": 0.875,
    "passes_90pct_recall_at_50pct_removal": false
  },
  {
    "encoder": "resnet50",
    "method": "rank_only",
    "shortlist_size": 5,
    "rows": 7,
    "targets": 7,
    "best_candidate_recall_mean": 0.7142857142857143,
    "top3_candidate_recall_mean": 0.619047619047619,
    "best_candidate_family_recall_mean": 0.7142857142857143,
    "top3_candidate_family_recall_mean": 0.619047619047619,
    "validation_regret_mean": 0.002586861510594301,
    "normalized_validation_regret_mean": 0.08629134768088638,
    "test_regret_mean": -0.0035820109503609887,
    "removed_fraction": 0.75,
    "selected_family_count_mean": 4.0,
    "removed_family_fraction_mean": 0.75,
    "passes_90pct_recall_at_50pct_removal": false
  },
  {
    "encoder": "resnet50",
    "method": "rank_only",
    "shortlist_size": 10,
    "rows": 7,
    "targets": 7,
    "best_candidate_recall_mean": 0.7142857142857143,
    "top3_candidate_recall_mean": 0.6666666666666666,
    "best_candidate_family_recall_mean": 0.7142857142857143,
    "top3_candidate_family_recall_mean": 0.6666666666666666,
    "validation_regret_mean": 0.002402648707555228,
    "normalized_validation_regret_mean": 0.08061114633633969,
    "test_regret_mean": -0.003135582378932411,
    "removed_fraction": 0.5,
    "selected_family_count_mean": 7.0,
    "removed_family_fraction_mean": 0.5625,
    "passes_90pct_recall_at_50pct_removal": false
  }
]
SOURCE_DONE=pneumoniamnist COMPLETED=14/21
[
  {
    "encoder": "resnet50",
    "method": "dpp_subspace",
    "shortlist_size": 3,
    "rows": 7,
    "targets": 7,
    "best_candidate_recall_mean": 0.7142857142857143,
    "top3_candidate_recall_mean": 0.380952380952381,
    "best_candidate_family_recall_mean": 0.7142857142857143,
    "top3_candidate_family_recall_mean": 0.619047619047619,
    "validation_regret_mean": 0.0009934209442674488,
    "normalized_validation_regret_mean": 0.05676607814330951,
    "test_regret_mean": -0.0033587966646467,
    "removed_fraction": 0.85,
    "selected_family_count_mean": 3.0,
    "removed_family_fraction_mean": 0.8125,
    "passes_90pct_recall_at_50pct_removal": false
  },
  {
    "encoder": "resnet50",
    "method": "dpp_subspace",
    "shortlist_size": 5,
    "rows": 7,
    "targets": 7,
    "best_candidate_recall_mean": 0.7142857142857143,
    "top3_candidate_recall_mean": 0.42857142857142855,
    "best_candidate_family_recall_mean": 0.7142857142857143,
    "top3_candidate_family_recall_mean": 0.6666666666666666,
    "validation_regret_mean": 0.00045920341622313857,
    "normalized_validation_regret_mean": 0.02819464402835281,
    "test_regret_mean": 0.0011054890496390143,
    "removed_fraction": 0.75,
    "selected_family_count_mean": 5.0,
    "removed_family_fraction_mean": 0.6875,
    "passes_90pct_recall_at_50pct_removal": false
  },
  {
    "encoder": "resnet50",
    "method": "dpp_subspace",
    "shortlist_size": 10,
    "rows": 7,
    "targets": 7,
    "best_candidate_recall_mean": 0.7142857142857143,
    "top3_candidate_recall_mean": 0.7619047619047619,
    "best_candidate_family_recall_mean": 0.7142857142857143,
    "top3_candidate_family_recall_mean": 0.7619047619047619,
    "validation_regret_mean": 0.0004045914135225751,
    "normalized_validation_regret_mean": 0.024242997454144304,
    "test_regret_mean": -0.0007668665477207824,
    "removed_fraction": 0.5,
    "selected_family_count_mean": 8.0,
    "removed_family_fraction_mean": 0.5,
    "passes_90pct_recall_at_50pct_removal": false
  },
  {
    "encoder": "resnet50",
    "method": "facility_subspace",
    "shortlist_size": 3,
    "rows": 7,
    "targets": 7,
    "best_candidate_recall_mean": 0.0,
    "top3_candidate_recall_mean": 0.23809523809523808,
    "best_candidate_family_recall_mean": 0.0,
    "top3_candidate_family_recall_mean": 0.3095238095238095,
    "validation_regret_mean": 0.00579284276775028,
    "normalized_validation_regret_mean": 0.2397282053963561,
    "test_regret_mean": 0.00028386286326815516,
    "removed_fraction": 0.85,
    "selected_family_count_mean": 3.0,
    "removed_family_fraction_mean": 0.8125,
    "passes_90pct_recall_at_50pct_removal": false
  },
  {
    "encoder": "resnet50",
    "method": "facility_subspace",
    "shortlist_size": 5,
    "rows": 7,
    "targets": 7,
    "best_candidate_recall_mean": 0.0,
    "top3_candidate_recall_mean": 0.2857142857142857,
    "best_candidate_family_recall_mean": 0.0,
    "top3_candidate_family_recall_mean": 0.35714285714285715,
    "validation_regret_mean": 0.004863476931800044,
    "normalized_validation_regret_mean": 0.19838095172081552,
    "test_regret_mean": -0.003502629484449127,
    "removed_fraction": 0.75,
    "selected_family_count_mean": 5.0,
    "removed_family_fraction_mean": 0.6875,
    "passes_90pct_recall_at_50pct_removal": false
  },
  {
    "encoder": "resnet50",
    "method": "facility_subspace",
    "shortlist_size": 10,
    "rows": 7,
    "targets": 7,
    "best_candidate_recall_mean": 0.2857142857142857,
    "top3_candidate_recall_mean": 0.47619047619047616,
    "best_candidate_family_recall_mean": 0.2857142857142857,
    "top3_candidate_family_recall_mean": 0.5952380952380951,
    "validation_regret_mean": 0.0034910084476172387,
    "normalized_validation_regret_mean": 0.1105454296707056,
    "test_regret_mean": -0.0005353672163827142,
    "removed_fraction": 0.5,
    "selected_family_count_mean": 10.0,
    "removed_family_fraction_mean": 0.375,
    "passes_90pct_recall_at_50pct_removal": false
  },
  {
    "encoder": "resnet50",
    "method": "kcenter_subspace",
    "shortlist_size": 3,
    "rows": 7,
    "targets": 7,
    "best_candidate_recall_mean": 0.7142857142857143,
    "top3_candidate_recall_mean": 0.3333333333333333,
    "best_candidate_family_recall_mean": 0.7142857142857143,
    "top3_candidate_family_recall_mean": 0.35714285714285715,
    "validation_regret_mean": 0.0006618371766459186,
    "normalized_validation_regret_mean": 0.03903205918502129,
    "test_regret_mean": -0.0029123680932181223,
    "removed_fraction": 0.85,
    "selected_family_count_mean": 3.0,
    "removed_family_fraction_mean": 0.8125,
    "passes_90pct_recall_at_50pct_removal": false
  },
  {
    "encoder": "resnet50",
    "method": "kcenter_subspace",
    "shortlist_size": 5,
    "rows": 7,
    "targets": 7,
    "best_candidate_recall_mean": 0.7142857142857143,
    "top3_candidate_recall_mean": 0.38095238095238093,
    "best_candidate_family_recall_mean": 0.7142857142857143,
    "top3_candidate_family_recall_mean": 0.40476190476190477,
    "validation_regret_mean": 0.00044078126971120693,
    "normalized_validation_regret_mean": 0.02720937657138896,
    "test_regret_mean": -0.001126653807503843,
    "removed_fraction": 0.75,
    "selected_family_count_mean": 5.0,
    "removed_family_fraction_mean": 0.6875,
    "passes_90pct_recall_at_50pct_removal": false
  },
  {
    "encoder": "resnet50",
    "method": "kcenter_subspace",
    "shortlist_size": 10,
    "rows": 7,
    "targets": 7,
    "best_candidate_recall_mean": 0.8571428571428571,
    "top3_candidate_recall_mean": 0.5238095238095238,
    "best_candidate_family_recall_mean": 0.8571428571428571,
    "top3_candidate_family_recall_mean": 0.5952380952380951,
    "validation_regret_mean": 9.143004110880235e-05,
    "normalized_validation_regret_mean": 0.007494259253762033,
    "test_regret_mean": 0.00034920488085064615,
    "removed_fraction": 0.5,
    "selected_family_count_mean": 9.0,
    "removed_family_fraction_mean": 0.4375,
    "passes_90pct_recall_at_50pct_removal": false
  },
  {
    "encoder": "resnet50",
    "method": "pool_vendi_subspace",
    "shortlist_size": 3,
    "rows": 7,
    "targets": 7,
    "best_candidate_recall_mean": 0.7142857142857143,
    "top3_candidate_recall_mean": 0.3333333333333333,
    "best_candidate_family_recall_mean": 0.7142857142857143,
    "top3_candidate_family_recall_mean": 0.35714285714285715,
    "validation_regret_mean": 0.0006618371766459186,
    "normalized_validation_regret_mean": 0.03903205918502129,
    "test_regret_mean": -0.0029123680932181223,
    "removed_fraction": 0.85,
    "selected_family_count_mean": 3.0,
    "removed_family_fraction_mean": 0.8125,
    "passes_90pct_recall_at_50pct_removal": false
  },
  {
    "encoder": "resnet50",
    "method": "pool_vendi_subspace",
    "shortlist_size": 5,
    "rows": 7,
    "targets": 7,
    "best_candidate_recall_mean": 0.7142857142857143,
    "top3_candidate_recall_mean": 0.380952380952381,
    "best_candidate_family_recall_mean": 0.7142857142857143,
    "top3_candidate_family_recall_mean": 0.40476190476190477,
    "validation_regret_mean": 0.0006618371766459186,
    "normalized_validation_regret_mean": 0.03903205918502129,
    "test_regret_mean": -0.0029123680932181223,
    "removed_fraction": 0.75,
    "selected_family_count_mean": 5.0,
    "removed_family_fraction_mean": 0.6875,
    "passes_90pct_recall_at_50pct_removal": false
  },
  {
    "encoder": "resnet50",
    "method": "pool_vendi_subspace",
    "shortlist_size": 10,
    "rows": 7,
    "targets": 7,
    "best_candidate_recall_mean": 1.0,
    "top3_candidate_recall_mean": 0.619047619047619,
    "best_candidate_family_recall_mean": 1.0,
    "top3_candidate_family_recall_mean": 0.6428571428571427,
    "validation_regret_mean": 0.0,
    "normalized_validation_regret_mean": 0.0,
    "test_regret_mean": 0.0,
    "removed_fraction": 0.5,
    "selected_family_count_mean": 9.0,
    "removed_family_fraction_mean": 0.4375,
    "passes_90pct_recall_at_50pct_removal": true
  },
  {
    "encoder": "resnet50",
    "method": "random",
    "shortlist_size": 3,
    "rows": 700,
    "targets": 7,
    "best_candidate_recall_mean": 0.16,
    "top3_candidate_recall_mean": 0.1580952380952381,
    "best_candidate_family_recall_mean": 0.16,
    "top3_candidate_family_recall_mean": 0.21476190476190476,
    "validation_regret_mean": 0.007580548823943608,
    "normalized_validation_regret_mean": 0.2770814298962178,
    "test_regret_mean": 0.0051404482126235825,
    "removed_fraction": 0.85,
    "selected_family_count_mean": 2.93,
    "removed_family_fraction_mean": 0.816875,
    "passes_90pct_recall_at_50pct_removal": false
  },
  {
    "encoder": "resnet50",
    "method": "random",
    "shortlist_size": 5,
    "rows": 700,
    "targets": 7,
    "best_candidate_recall_mean": 0.24857142857142858,
    "top3_candidate_recall_mean": 0.2523809523809524,
    "best_candidate_family_recall_mean": 0.24857142857142858,
    "top3_candidate_family_recall_mean": 0.3342857142857143,
    "validation_regret_mean": 0.0053415840647523674,
    "normalized_validation_regret_mean": 0.19585419403825377,
    "test_regret_mean": 0.002933223766939972,
    "removed_fraction": 0.75,
    "selected_family_count_mean": 4.761428571428572,
    "removed_family_fraction_mean": 0.7024107142857143,
    "passes_90pct_recall_at_50pct_removal": false
  },
  {
    "encoder": "resnet50",
    "method": "random",
    "shortlist_size": 10,
    "rows": 700,
    "targets": 7,
    "best_candidate_recall_mean": 0.5,
    "top3_candidate_recall_mean": 0.5014285714285714,
    "best_candidate_family_recall_mean": 0.5,
    "top3_candidate_family_recall_mean": 0.6085714285714285,
    "validation_regret_mean": 0.0024843412178797075,
    "normalized_validation_regret_mean": 0.09054683047470267,
    "test_regret_mean": 0.000749280682631895,
    "removed_fraction": 0.5,
    "selected_family_count_mean": 8.90857142857143,
    "removed_family_fraction_mean": 0.4432142857142857,
    "passes_90pct_recall_at_50pct_removal": false
  },
  {
    "encoder": "resnet50",
    "method": "rank_only",
    "shortlist_size": 3,
    "rows": 7,
    "targets": 7,
    "best_candidate_recall_mean": 0.7142857142857143,
    "top3_candidate_recall_mean": 0.5714285714285714,
    "best_candidate_family_recall_mean": 0.7142857142857143,
    "top3_candidate_family_recall_mean": 0.5714285714285714,
    "validation_regret_mean": 0.0013342153335946,
    "normalized_validation_regret_mean": 0.07499270667991563,
    "test_regret_mean": -0.0013498680932181317,
    "removed_fraction": 0.85,
    "selected_family_count_mean": 2.0,
    "removed_family_fraction_mean": 0.875,
    "passes_90pct_recall_at_50pct_removal": false
  },
  {
    "encoder": "resnet50",
    "method": "rank_only",
    "shortlist_size": 5,
    "rows": 7,
    "targets": 7,
    "best_candidate_recall_mean": 0.7142857142857143,
    "top3_candidate_recall_mean": 0.619047619047619,
    "best_candidate_family_recall_mean": 0.7142857142857143,
    "top3_candidate_family_recall_mean": 0.619047619047619,
    "validation_regret_mean": 0.0006249940727502798,
    "normalized_validation_regret_mean": 0.037061587868966996,
    "test_regret_mean": -0.0015730823789324206,
    "removed_fraction": 0.75,
    "selected_family_count_mean": 4.0,
    "removed_family_fraction_mean": 0.75,
    "passes_90pct_recall_at_50pct_removal": false
  },
  {
    "encoder": "resnet50",
    "method": "rank_only",
    "shortlist_size": 10,
    "rows": 7,
    "targets": 7,
    "best_candidate_recall_mean": 0.7142857142857143,
    "top3_candidate_recall_mean": 0.7142857142857143,
    "best_candidate_family_recall_mean": 0.7142857142857143,
    "top3_candidate_family_recall_mean": 0.7142857142857143,
    "validation_regret_mean": 0.00044078126971120693,
    "normalized_validation_regret_mean": 0.02720937657138896,
    "test_regret_mean": -0.001126653807503843,
    "removed_fraction": 0.5,
    "selected_family_count_mean": 7.0,
    "removed_family_fraction_mean": 0.5625,
    "passes_90pct_recall_at_50pct_removal": false
  }
]
SOURCE_DONE=rendered_sst2 COMPLETED=15/21
[
  {
    "encoder": "resnet50",
    "method": "dpp_subspace",
    "shortlist_size": 3,
    "rows": 7,
    "targets": 7,
    "best_candidate_recall_mean": 0.7142857142857143,
    "top3_candidate_recall_mean": 0.380952380952381,
    "best_candidate_family_recall_mean": 0.7142857142857143,
    "top3_candidate_family_recall_mean": 0.619047619047619,
    "validation_regret_mean": 0.00295528838211147,
    "normalized_validation_regret_mean": 0.09769772839990984,
    "test_regret_mean": -0.005367725236075268,
    "removed_fraction": 0.85,
    "selected_family_count_mean": 3.0,
    "removed_family_fraction_mean": 0.8125,
    "passes_90pct_recall_at_50pct_removal": false
  },
  {
    "encoder": "resnet50",
    "method": "dpp_subspace",
    "shortlist_size": 5,
    "rows": 7,
    "targets": 7,
    "best_candidate_recall_mean": 0.7142857142857143,
    "top3_candidate_recall_mean": 0.380952380952381,
    "best_candidate_family_recall_mean": 0.7142857142857143,
    "top3_candidate_family_recall_mean": 0.619047619047619,
    "validation_regret_mean": 0.0024210708540671594,
    "normalized_validation_regret_mean": 0.08122513219043749,
    "test_regret_mean": -0.000903439521789554,
    "removed_fraction": 0.75,
    "selected_family_count_mean": 5.0,
    "removed_family_fraction_mean": 0.6875,
    "passes_90pct_recall_at_50pct_removal": false
  },
  {
    "encoder": "resnet50",
    "method": "dpp_subspace",
    "shortlist_size": 10,
    "rows": 7,
    "targets": 7,
    "best_candidate_recall_mean": 0.7142857142857143,
    "top3_candidate_recall_mean": 0.7142857142857143,
    "best_candidate_family_recall_mean": 0.7142857142857143,
    "top3_candidate_family_recall_mean": 0.7142857142857143,
    "validation_regret_mean": 0.0023664588513665962,
    "normalized_validation_regret_mean": 0.07767767905864972,
    "test_regret_mean": -0.0027757951191493507,
    "removed_fraction": 0.5,
    "selected_family_count_mean": 8.0,
    "removed_family_fraction_mean": 0.5,
    "passes_90pct_recall_at_50pct_removal": false
  },
  {
    "encoder": "resnet50",
    "method": "facility_subspace",
    "shortlist_size": 3,
    "rows": 7,
    "targets": 7,
    "best_candidate_recall_mean": 0.0,
    "top3_candidate_recall_mean": 0.23809523809523808,
    "best_candidate_family_recall_mean": 0.0,
    "top3_candidate_family_recall_mean": 0.26190476190476186,
    "validation_regret_mean": 0.007754710205594302,
    "normalized_validation_regret_mean": 0.2303232426684167,
    "test_regret_mean": -0.0017250657081604131,
    "removed_fraction": 0.85,
    "selected_family_count_mean": 3.0,
    "removed_family_fraction_mean": 0.8125,
    "passes_90pct_recall_at_50pct_removal": false
  },
  {
    "encoder": "resnet50",
    "method": "facility_subspace",
    "shortlist_size": 5,
    "rows": 7,
    "targets": 7,
    "best_candidate_recall_mean": 0.14285714285714285,
    "top3_candidate_recall_mean": 0.3333333333333333,
    "best_candidate_family_recall_mean": 0.14285714285714285,
    "top3_candidate_family_recall_mean": 0.35714285714285715,
    "validation_regret_mean": 0.003997675884830029,
    "normalized_validation_regret_mean": 0.12285361688573335,
    "test_regret_mean": -0.0001544151987348411,
    "removed_fraction": 0.75,
    "selected_family_count_mean": 5.0,
    "removed_family_fraction_mean": 0.6875,
    "passes_90pct_recall_at_50pct_removal": false
  },
  {
    "encoder": "resnet50",
    "method": "facility_subspace",
    "shortlist_size": 10,
    "rows": 7,
    "targets": 7,
    "best_candidate_recall_mean": 0.2857142857142857,
    "top3_candidate_recall_mean": 0.5238095238095238,
    "best_candidate_family_recall_mean": 0.2857142857142857,
    "top3_candidate_family_recall_mean": 0.5952380952380951,
    "validation_regret_mean": 0.0034910084476172387,
    "normalized_validation_regret_mean": 0.08114115081810282,
    "test_regret_mean": -0.0005353672163827142,
    "removed_fraction": 0.5,
    "selected_family_count_mean": 10.0,
    "removed_family_fraction_mean": 0.375,
    "passes_90pct_recall_at_50pct_removal": false
  },
  {
    "encoder": "resnet50",
    "method": "kcenter_subspace",
    "shortlist_size": 3,
    "rows": 7,
    "targets": 7,
    "best_candidate_recall_mean": 0.8571428571428571,
    "top3_candidate_recall_mean": 0.38095238095238093,
    "best_candidate_family_recall_mean": 0.8571428571428571,
    "top3_candidate_family_recall_mean": 0.40476190476190477,
    "validation_regret_mean": 0.00012761989729743423,
    "normalized_validation_regret_mean": 0.010506577381127463,
    "test_regret_mean": -1.0582378932414268e-05,
    "removed_fraction": 0.85,
    "selected_family_count_mean": 3.0,
    "removed_family_fraction_mean": 0.8125,
    "passes_90pct_recall_at_50pct_removal": false
  },
  {
    "encoder": "resnet50",
    "method": "kcenter_subspace",
    "shortlist_size": 5,
    "rows": 7,
    "targets": 7,
    "best_candidate_recall_mean": 0.8571428571428571,
    "top3_candidate_recall_mean": 0.42857142857142866,
    "best_candidate_family_recall_mean": 0.8571428571428571,
    "top3_candidate_family_recall_mean": 0.45238095238095244,
    "validation_regret_mean": 0.00012761989729743423,
    "normalized_validation_regret_mean": 0.010506577381127463,
    "test_regret_mean": -1.0582378932414268e-05,
    "removed_fraction": 0.75,
    "selected_family_count_mean": 5.0,
    "removed_family_fraction_mean": 0.6875,
    "passes_90pct_recall_at_50pct_removal": false
  },
  {
    "encoder": "resnet50",
    "method": "kcenter_subspace",
    "shortlist_size": 10,
    "rows": 7,
    "targets": 7,
    "best_candidate_recall_mean": 0.8571428571428571,
    "top3_candidate_recall_mean": 0.5714285714285714,
    "best_candidate_family_recall_mean": 0.8571428571428571,
    "top3_candidate_family_recall_mean": 0.5952380952380951,
    "validation_regret_mean": 9.143004110880235e-05,
    "normalized_validation_regret_mean": 0.007527171093316731,
    "test_regret_mean": 0.00034920488085064615,
    "removed_fraction": 0.5,
    "selected_family_count_mean": 9.0,
    "removed_family_fraction_mean": 0.4375,
    "passes_90pct_recall_at_50pct_removal": false
  },
  {
    "encoder": "resnet50",
    "method": "pool_vendi_subspace",
    "shortlist_size": 3,
    "rows": 7,
    "targets": 7,
    "best_candidate_recall_mean": 0.8571428571428571,
    "top3_candidate_recall_mean": 0.38095238095238093,
    "best_candidate_family_recall_mean": 0.8571428571428571,
    "top3_candidate_family_recall_mean": 0.40476190476190477,
    "validation_regret_mean": 0.00012761989729743423,
    "normalized_validation_regret_mean": 0.010506577381127463,
    "test_regret_mean": -1.0582378932414268e-05,
    "removed_fraction": 0.85,
    "selected_family_count_mean": 3.0,
    "removed_family_fraction_mean": 0.8125,
    "passes_90pct_recall_at_50pct_removal": false
  },
  {
    "encoder": "resnet50",
    "method": "pool_vendi_subspace",
    "shortlist_size": 5,
    "rows": 7,
    "targets": 7,
    "best_candidate_recall_mean": 0.8571428571428571,
    "top3_candidate_recall_mean": 0.42857142857142855,
    "best_candidate_family_recall_mean": 0.8571428571428571,
    "top3_candidate_family_recall_mean": 0.4523809523809524,
    "validation_regret_mean": 0.00012761989729743423,
    "normalized_validation_regret_mean": 0.010506577381127463,
    "test_regret_mean": -1.0582378932414268e-05,
    "removed_fraction": 0.75,
    "selected_family_count_mean": 5.0,
    "removed_family_fraction_mean": 0.6875,
    "passes_90pct_recall_at_50pct_removal": false
  },
  {
    "encoder": "resnet50",
    "method": "pool_vendi_subspace",
    "shortlist_size": 10,
    "rows": 7,
    "targets": 7,
    "best_candidate_recall_mean": 1.0,
    "top3_candidate_recall_mean": 0.6666666666666666,
    "best_candidate_family_recall_mean": 1.0,
    "top3_candidate_family_recall_mean": 0.6904761904761905,
    "validation_regret_mean": 0.0,
    "normalized_validation_regret_mean": 0.0,
    "test_regret_mean": 0.0,
    "removed_fraction": 0.5,
    "selected_family_count_mean": 9.0,
    "removed_family_fraction_mean": 0.4375,
    "passes_90pct_recall_at_50pct_removal": true
  },
  {
    "encoder": "resnet50",
    "method": "random",
    "shortlist_size": 3,
    "rows": 700,
    "targets": 7,
    "best_candidate_recall_mean": 0.1442857142857143,
    "top3_candidate_recall_mean": 0.1533333333333333,
    "best_candidate_family_recall_mean": 0.1442857142857143,
    "top3_candidate_family_recall_mean": 0.19809523809523813,
    "validation_regret_mean": 0.00928617609344779,
    "normalized_validation_regret_mean": 0.24177559475555982,
    "test_regret_mean": 0.0033033946411950145,
    "removed_fraction": 0.85,
    "selected_family_count_mean": 2.93,
    "removed_family_fraction_mean": 0.816875,
    "passes_90pct_recall_at_50pct_removal": false
  },
  {
    "encoder": "resnet50",
    "method": "random",
    "shortlist_size": 5,
    "rows": 700,
    "targets": 7,
    "best_candidate_recall_mean": 0.25142857142857145,
    "top3_candidate_recall_mean": 0.2557142857142857,
    "best_candidate_family_recall_mean": 0.25142857142857145,
    "top3_candidate_family_recall_mean": 0.319047619047619,
    "validation_regret_mean": 0.006600218785348066,
    "normalized_validation_regret_mean": 0.17132242750714055,
    "test_regret_mean": 0.0017613487669399745,
    "removed_fraction": 0.75,
    "selected_family_count_mean": 4.761428571428572,
    "removed_family_fraction_mean": 0.7024107142857143,
    "passes_90pct_recall_at_50pct_removal": false
  },
  {
    "encoder": "resnet50",
    "method": "random",
    "shortlist_size": 10,
    "rows": 700,
    "targets": 7,
    "best_candidate_recall_mean": 0.4857142857142857,
    "top3_candidate_recall_mean": 0.5071428571428571,
    "best_candidate_family_recall_mean": 0.4857142857142857,
    "top3_candidate_family_recall_mean": 0.5904761904761905,
    "validation_regret_mean": 0.0034136953762603714,
    "normalized_validation_regret_mean": 0.09034301700054055,
    "test_regret_mean": -0.00012125503165381793,
    "removed_fraction": 0.5,
    "selected_family_count_mean": 8.90857142857143,
    "removed_family_fraction_mean": 0.4432142857142857,
    "passes_90pct_recall_at_50pct_removal": false
  },
  {
    "encoder": "resnet50",
    "method": "rank_only",
    "shortlist_size": 3,
    "rows": 7,
    "targets": 7,
    "best_candidate_recall_mean": 0.7142857142857143,
    "top3_candidate_recall_mean": 0.5714285714285714,
    "best_candidate_family_recall_mean": 0.7142857142857143,
    "top3_candidate_family_recall_mean": 0.5714285714285714,
    "validation_regret_mean": 0.003296082771438621,
    "normalized_validation_regret_mean": 0.1082061225860591,
    "test_regret_mean": -0.0033587966646467,
    "removed_fraction": 0.85,
    "selected_family_count_mean": 2.0,
    "removed_family_fraction_mean": 0.875,
    "passes_90pct_recall_at_50pct_removal": false
  },
  {
    "encoder": "resnet50",
    "method": "rank_only",
    "shortlist_size": 5,
    "rows": 7,
    "targets": 7,
    "best_candidate_recall_mean": 0.7142857142857143,
    "top3_candidate_recall_mean": 0.619047619047619,
    "best_candidate_family_recall_mean": 0.7142857142857143,
    "top3_candidate_family_recall_mean": 0.619047619047619,
    "validation_regret_mean": 0.002586861510594301,
    "normalized_validation_regret_mean": 0.08633728669100715,
    "test_regret_mean": -0.0035820109503609887,
    "removed_fraction": 0.75,
    "selected_family_count_mean": 4.0,
    "removed_family_fraction_mean": 0.75,
    "passes_90pct_recall_at_50pct_removal": false
  },
  {
    "encoder": "resnet50",
    "method": "rank_only",
    "shortlist_size": 10,
    "rows": 7,
    "targets": 7,
    "best_candidate_recall_mean": 0.7142857142857143,
    "top3_candidate_recall_mean": 0.6666666666666666,
    "best_candidate_family_recall_mean": 0.7142857142857143,
    "top3_candidate_family_recall_mean": 0.6666666666666666,
    "validation_regret_mean": 0.002402648707555228,
    "normalized_validation_regret_mean": 0.08065708534646045,
    "test_regret_mean": -0.003135582378932411,
    "removed_fraction": 0.5,
    "selected_family_count_mean": 7.0,
    "removed_family_fraction_mean": 0.5625,
    "passes_90pct_recall_at_50pct_removal": false
  }
]
SOURCE_DONE=retinamnist COMPLETED=16/21
[
  {
    "encoder": "resnet50",
    "method": "dpp_subspace",
    "shortlist_size": 3,
    "rows": 7,
    "targets": 7,
    "best_candidate_recall_mean": 0.7142857142857143,
    "top3_candidate_recall_mean": 0.380952380952381,
    "best_candidate_family_recall_mean": 0.7142857142857143,
    "top3_candidate_family_recall_mean": 0.619047619047619,
    "validation_regret_mean": 0.002586861510594301,
    "normalized_validation_regret_mean": 0.08629134768088638,
    "test_regret_mean": -0.0035820109503609887,
    "removed_fraction": 0.85,
    "selected_family_count_mean": 3.0,
    "removed_family_fraction_mean": 0.8125,
    "passes_90pct_recall_at_50pct_removal": false
  },
  {
    "encoder": "resnet50",
    "method": "dpp_subspace",
    "shortlist_size": 5,
    "rows": 7,
    "targets": 7,
    "best_candidate_recall_mean": 0.7142857142857143,
    "top3_candidate_recall_mean": 0.42857142857142855,
    "best_candidate_family_recall_mean": 0.7142857142857143,
    "top3_candidate_family_recall_mean": 0.6666666666666666,
    "validation_regret_mean": 0.002402648707555228,
    "normalized_validation_regret_mean": 0.08061114633633969,
    "test_regret_mean": -0.003135582378932411,
    "removed_fraction": 0.75,
    "selected_family_count_mean": 5.0,
    "removed_family_fraction_mean": 0.6875,
    "passes_90pct_recall_at_50pct_removal": false
  },
  {
    "encoder": "resnet50",
    "method": "dpp_subspace",
    "shortlist_size": 10,
    "rows": 7,
    "targets": 7,
    "best_candidate_recall_mean": 0.7142857142857143,
    "top3_candidate_recall_mean": 0.7142857142857143,
    "best_candidate_family_recall_mean": 0.7142857142857143,
    "top3_candidate_family_recall_mean": 0.7142857142857143,
    "validation_regret_mean": 0.0023664588513665962,
    "normalized_validation_regret_mean": 0.07764476721909504,
    "test_regret_mean": -0.0027757951191493507,
    "removed_fraction": 0.5,
    "selected_family_count_mean": 8.0,
    "removed_family_fraction_mean": 0.5,
    "passes_90pct_recall_at_50pct_removal": false
  },
  {
    "encoder": "resnet50",
    "method": "facility_subspace",
    "shortlist_size": 3,
    "rows": 7,
    "targets": 7,
    "best_candidate_recall_mean": 0.0,
    "top3_candidate_recall_mean": 0.23809523809523808,
    "best_candidate_family_recall_mean": 0.0,
    "top3_candidate_family_recall_mean": 0.26190476190476186,
    "validation_regret_mean": 0.007754710205594302,
    "normalized_validation_regret_mean": 0.2301401733150971,
    "test_regret_mean": -0.0017250657081604131,
    "removed_fraction": 0.85,
    "selected_family_count_mean": 3.0,
    "removed_family_fraction_mean": 0.8125,
    "passes_90pct_recall_at_50pct_removal": false
  },
  {
    "encoder": "resnet50",
    "method": "facility_subspace",
    "shortlist_size": 5,
    "rows": 7,
    "targets": 7,
    "best_candidate_recall_mean": 0.14285714285714285,
    "top3_candidate_recall_mean": 0.2857142857142857,
    "best_candidate_family_recall_mean": 0.14285714285714285,
    "top3_candidate_family_recall_mean": 0.3095238095238095,
    "validation_regret_mean": 0.004586247331453115,
    "normalized_validation_regret_mean": 0.13244062811016544,
    "test_regret_mean": 0.0016231485775538726,
    "removed_fraction": 0.75,
    "selected_family_count_mean": 5.0,
    "removed_family_fraction_mean": 0.6875,
    "passes_90pct_recall_at_50pct_removal": false
  },
  {
    "encoder": "resnet50",
    "method": "facility_subspace",
    "shortlist_size": 10,
    "rows": 7,
    "targets": 7,
    "best_candidate_recall_mean": 0.2857142857142857,
    "top3_candidate_recall_mean": 0.47619047619047616,
    "best_candidate_family_recall_mean": 0.2857142857142857,
    "top3_candidate_family_recall_mean": 0.5476190476190477,
    "validation_regret_mean": 0.004077675379042046,
    "normalized_validation_regret_mean": 0.09075443816276167,
    "test_regret_mean": 0.0011046324457441026,
    "removed_fraction": 0.5,
    "selected_family_count_mean": 10.0,
    "removed_family_fraction_mean": 0.375,
    "passes_90pct_recall_at_50pct_removal": false
  },
  {
    "encoder": "resnet50",
    "method": "kcenter_subspace",
    "shortlist_size": 3,
    "rows": 7,
    "targets": 7,
    "best_candidate_recall_mean": 0.8571428571428571,
    "top3_candidate_recall_mean": 0.38095238095238093,
    "best_candidate_family_recall_mean": 0.8571428571428571,
    "top3_candidate_family_recall_mean": 0.40476190476190477,
    "validation_regret_mean": 0.00012761989729743423,
    "normalized_validation_regret_mean": 0.010460638371006687,
    "test_regret_mean": -1.0582378932414268e-05,
    "removed_fraction": 0.85,
    "selected_family_count_mean": 3.0,
    "removed_family_fraction_mean": 0.8125,
    "passes_90pct_recall_at_50pct_removal": false
  },
  {
    "encoder": "resnet50",
    "method": "kcenter_subspace",
    "shortlist_size": 5,
    "rows": 7,
    "targets": 7,
    "best_candidate_recall_mean": 0.8571428571428571,
    "top3_candidate_recall_mean": 0.38095238095238093,
    "best_candidate_family_recall_mean": 0.8571428571428571,
    "top3_candidate_family_recall_mean": 0.40476190476190477,
    "validation_regret_mean": 0.00012761989729743423,
    "normalized_validation_regret_mean": 0.010460638371006687,
    "test_regret_mean": -1.0582378932414268e-05,
    "removed_fraction": 0.75,
    "selected_family_count_mean": 5.0,
    "removed_family_fraction_mean": 0.6875,
    "passes_90pct_recall_at_50pct_removal": false
  },
  {
    "encoder": "resnet50",
    "method": "kcenter_subspace",
    "shortlist_size": 10,
    "rows": 7,
    "targets": 7,
    "best_candidate_recall_mean": 0.8571428571428571,
    "top3_candidate_recall_mean": 0.5238095238095238,
    "best_candidate_family_recall_mean": 0.8571428571428571,
    "top3_candidate_family_recall_mean": 0.5476190476190477,
    "validation_regret_mean": 9.143004110880235e-05,
    "normalized_validation_regret_mean": 0.007494259253762033,
    "test_regret_mean": 0.00034920488085064615,
    "removed_fraction": 0.5,
    "selected_family_count_mean": 9.0,
    "removed_family_fraction_mean": 0.4375,
    "passes_90pct_recall_at_50pct_removal": false
  },
  {
    "encoder": "resnet50",
    "method": "pool_vendi_subspace",
    "shortlist_size": 3,
    "rows": 7,
    "targets": 7,
    "best_candidate_recall_mean": 0.8571428571428571,
    "top3_candidate_recall_mean": 0.38095238095238093,
    "best_candidate_family_recall_mean": 0.8571428571428571,
    "top3_candidate_family_recall_mean": 0.40476190476190477,
    "validation_regret_mean": 0.00012761989729743423,
    "normalized_validation_regret_mean": 0.010460638371006687,
    "test_regret_mean": -1.0582378932414268e-05,
    "removed_fraction": 0.85,
    "selected_family_count_mean": 3.0,
    "removed_family_fraction_mean": 0.8125,
    "passes_90pct_recall_at_50pct_removal": false
  },
  {
    "encoder": "resnet50",
    "method": "pool_vendi_subspace",
    "shortlist_size": 5,
    "rows": 7,
    "targets": 7,
    "best_candidate_recall_mean": 0.8571428571428571,
    "top3_candidate_recall_mean": 0.38095238095238093,
    "best_candidate_family_recall_mean": 0.8571428571428571,
    "top3_candidate_family_recall_mean": 0.40476190476190477,
    "validation_regret_mean": 0.00012761989729743423,
    "normalized_validation_regret_mean": 0.010460638371006687,
    "test_regret_mean": -1.0582378932414268e-05,
    "removed_fraction": 0.75,
    "selected_family_count_mean": 5.0,
    "removed_family_fraction_mean": 0.6875,
    "passes_90pct_recall_at_50pct_removal": false
  },
  {
    "encoder": "resnet50",
    "method": "pool_vendi_subspace",
    "shortlist_size": 10,
    "rows": 7,
    "targets": 7,
    "best_candidate_recall_mean": 1.0,
    "top3_candidate_recall_mean": 0.619047619047619,
    "best_candidate_family_recall_mean": 1.0,
    "top3_candidate_family_recall_mean": 0.6428571428571429,
    "validation_regret_mean": 0.0,
    "normalized_validation_regret_mean": 0.0,
    "test_regret_mean": 0.0,
    "removed_fraction": 0.5,
    "selected_family_count_mean": 9.0,
    "removed_family_fraction_mean": 0.4375,
    "passes_90pct_recall_at_50pct_removal": true
  },
  {
    "encoder": "resnet50",
    "method": "random",
    "shortlist_size": 3,
    "rows": 700,
    "targets": 7,
    "best_candidate_recall_mean": 0.1442857142857143,
    "top3_candidate_recall_mean": 0.15619047619047616,
    "best_candidate_family_recall_mean": 0.1442857142857143,
    "top3_candidate_family_recall_mean": 0.20095238095238097,
    "validation_regret_mean": 0.009599266475433618,
    "normalized_validation_regret_mean": 0.24935572728917993,
    "test_regret_mean": 0.004101582740034364,
    "removed_fraction": 0.85,
    "selected_family_count_mean": 2.93,
    "removed_family_fraction_mean": 0.816875,
    "passes_90pct_recall_at_50pct_removal": false
  },
  {
    "encoder": "resnet50",
    "method": "random",
    "shortlist_size": 5,
    "rows": 700,
    "targets": 7,
    "best_candidate_recall_mean": 0.25142857142857145,
    "top3_candidate_recall_mean": 0.2542857142857143,
    "best_candidate_family_recall_mean": 0.25142857142857145,
    "top3_candidate_family_recall_mean": 0.3176190476190476,
    "validation_regret_mean": 0.006879931323112241,
    "normalized_validation_regret_mean": 0.17746413033546657,
    "test_regret_mean": 0.002570517497403273,
    "removed_fraction": 0.75,
    "selected_family_count_mean": 4.761428571428572,
    "removed_family_fraction_mean": 0.7024107142857143,
    "passes_90pct_recall_at_50pct_removal": false
  },
  {
    "encoder": "resnet50",
    "method": "random",
    "shortlist_size": 10,
    "rows": 700,
    "targets": 7,
    "best_candidate_recall_mean": 0.4857142857142857,
    "top3_candidate_recall_mean": 0.5042857142857143,
    "best_candidate_family_recall_mean": 0.4857142857142857,
    "top3_candidate_family_recall_mean": 0.5876190476190477,
    "validation_regret_mean": 0.0036474671518012185,
    "normalized_validation_regret_mean": 0.09432531823101928,
    "test_regret_mean": 0.0005730875985962959,
    "removed_fraction": 0.5,
    "selected_family_count_mean": 8.90857142857143,
    "removed_family_fraction_mean": 0.4432142857142857,
    "passes_90pct_recall_at_50pct_removal": false
  },
  {
    "encoder": "resnet50",
    "method": "rank_only",
    "shortlist_size": 3,
    "rows": 7,
    "targets": 7,
    "best_candidate_recall_mean": 0.7142857142857143,
    "top3_candidate_recall_mean": 0.5714285714285714,
    "best_candidate_family_recall_mean": 0.7142857142857143,
    "top3_candidate_family_recall_mean": 0.5714285714285714,
    "validation_regret_mean": 0.003296082771438621,
    "normalized_validation_regret_mean": 0.10816018357593833,
    "test_regret_mean": -0.0033587966646467,
    "removed_fraction": 0.85,
    "selected_family_count_mean": 2.0,
    "removed_family_fraction_mean": 0.875,
    "passes_90pct_recall_at_50pct_removal": false
  },
  {
    "encoder": "resnet50",
    "method": "rank_only",
    "shortlist_size": 5,
    "rows": 7,
    "targets": 7,
    "best_candidate_recall_mean": 0.7142857142857143,
    "top3_candidate_recall_mean": 0.619047619047619,
    "best_candidate_family_recall_mean": 0.7142857142857143,
    "top3_candidate_family_recall_mean": 0.619047619047619,
    "validation_regret_mean": 0.002586861510594301,
    "normalized_validation_regret_mean": 0.08629134768088638,
    "test_regret_mean": -0.0035820109503609887,
    "removed_fraction": 0.75,
    "selected_family_count_mean": 4.0,
    "removed_family_fraction_mean": 0.75,
    "passes_90pct_recall_at_50pct_removal": false
  },
  {
    "encoder": "resnet50",
    "method": "rank_only",
    "shortlist_size": 10,
    "rows": 7,
    "targets": 7,
    "best_candidate_recall_mean": 0.7142857142857143,
    "top3_candidate_recall_mean": 0.7142857142857143,
    "best_candidate_family_recall_mean": 0.7142857142857143,
    "top3_candidate_family_recall_mean": 0.7142857142857143,
    "validation_regret_mean": 0.0023664588513665962,
    "normalized_validation_regret_mean": 0.07764476721909504,
    "test_regret_mean": -0.0027757951191493507,
    "removed_fraction": 0.5,
    "selected_family_count_mean": 7.0,
    "removed_family_fraction_mean": 0.5625,
    "passes_90pct_recall_at_50pct_removal": false
  }
]
SOURCE_DONE=stl10 COMPLETED=17/21
[
  {
    "encoder": "resnet50",
    "method": "dpp_subspace",
    "shortlist_size": 3,
    "rows": 7,
    "targets": 7,
    "best_candidate_recall_mean": 0.7142857142857143,
    "top3_candidate_recall_mean": 0.380952380952381,
    "best_candidate_family_recall_mean": 0.7142857142857143,
    "top3_candidate_family_recall_mean": 0.619047619047619,
    "validation_regret_mean": 0.00295528838211147,
    "normalized_validation_regret_mean": 0.09765178938978905,
    "test_regret_mean": -0.005367725236075268,
    "removed_fraction": 0.85,
    "selected_family_count_mean": 3.0,
    "removed_family_fraction_mean": 0.8125,
    "passes_90pct_recall_at_50pct_removal": false
  },
  {
    "encoder": "resnet50",
    "method": "dpp_subspace",
    "shortlist_size": 5,
    "rows": 7,
    "targets": 7,
    "best_candidate_recall_mean": 0.7142857142857143,
    "top3_candidate_recall_mean": 0.380952380952381,
    "best_candidate_family_recall_mean": 0.7142857142857143,
    "top3_candidate_family_recall_mean": 0.619047619047619,
    "validation_regret_mean": 0.0024210708540671594,
    "normalized_validation_regret_mean": 0.08117919318031673,
    "test_regret_mean": -0.000903439521789554,
    "removed_fraction": 0.75,
    "selected_family_count_mean": 5.0,
    "removed_family_fraction_mean": 0.6875,
    "passes_90pct_recall_at_50pct_removal": false
  },
  {
    "encoder": "resnet50",
    "method": "dpp_subspace",
    "shortlist_size": 10,
    "rows": 7,
    "targets": 7,
    "best_candidate_recall_mean": 0.7142857142857143,
    "top3_candidate_recall_mean": 0.7142857142857143,
    "best_candidate_family_recall_mean": 0.7142857142857143,
    "top3_candidate_family_recall_mean": 0.7142857142857143,
    "validation_regret_mean": 0.0023664588513665962,
    "normalized_validation_regret_mean": 0.07764476721909504,
    "test_regret_mean": -0.0027757951191493507,
    "removed_fraction": 0.5,
    "selected_family_count_mean": 8.0,
    "removed_family_fraction_mean": 0.5,
    "passes_90pct_recall_at_50pct_removal": false
  },
  {
    "encoder": "resnet50",
    "method": "facility_subspace",
    "shortlist_size": 3,
    "rows": 7,
    "targets": 7,
    "best_candidate_recall_mean": 0.14285714285714285,
    "top3_candidate_recall_mean": 0.2857142857142857,
    "best_candidate_family_recall_mean": 0.14285714285714285,
    "top3_candidate_family_recall_mean": 0.3095238095238095,
    "validation_regret_mean": 0.004586247331453115,
    "normalized_validation_regret_mean": 0.13244062811016544,
    "test_regret_mean": 0.0016231485775538726,
    "removed_fraction": 0.85,
    "selected_family_count_mean": 3.0,
    "removed_family_fraction_mean": 0.8125,
    "passes_90pct_recall_at_50pct_removal": false
  },
  {
    "encoder": "resnet50",
    "method": "facility_subspace",
    "shortlist_size": 5,
    "rows": 7,
    "targets": 7,
    "best_candidate_recall_mean": 0.2857142857142857,
    "top3_candidate_recall_mean": 0.38095238095238093,
    "best_candidate_family_recall_mean": 0.2857142857142857,
    "top3_candidate_family_recall_mean": 0.4047619047619047,
    "validation_regret_mean": 0.004077675379042046,
    "normalized_validation_regret_mean": 0.09075443816276167,
    "test_regret_mean": 0.0011046324457441026,
    "removed_fraction": 0.75,
    "selected_family_count_mean": 5.0,
    "removed_family_fraction_mean": 0.6875,
    "passes_90pct_recall_at_50pct_removal": false
  },
  {
    "encoder": "resnet50",
    "method": "facility_subspace",
    "shortlist_size": 10,
    "rows": 7,
    "targets": 7,
    "best_candidate_recall_mean": 0.2857142857142857,
    "top3_candidate_recall_mean": 0.47619047619047616,
    "best_candidate_family_recall_mean": 0.2857142857142857,
    "top3_candidate_family_recall_mean": 0.5476190476190476,
    "validation_regret_mean": 0.0034910084476172387,
    "normalized_validation_regret_mean": 0.08114115081810282,
    "test_regret_mean": -0.0005353672163827142,
    "removed_fraction": 0.5,
    "selected_family_count_mean": 10.0,
    "removed_family_fraction_mean": 0.375,
    "passes_90pct_recall_at_50pct_removal": false
  },
  {
    "encoder": "resnet50",
    "method": "kcenter_subspace",
    "shortlist_size": 3,
    "rows": 7,
    "targets": 7,
    "best_candidate_recall_mean": 0.8571428571428571,
    "top3_candidate_recall_mean": 0.38095238095238093,
    "best_candidate_family_recall_mean": 0.8571428571428571,
    "top3_candidate_family_recall_mean": 0.40476190476190477,
    "validation_regret_mean": 0.00012761989729743423,
    "normalized_validation_regret_mean": 0.010460638371006687,
    "test_regret_mean": -1.0582378932414268e-05,
    "removed_fraction": 0.85,
    "selected_family_count_mean": 3.0,
    "removed_family_fraction_mean": 0.8125,
    "passes_90pct_recall_at_50pct_removal": false
  },
  {
    "encoder": "resnet50",
    "method": "kcenter_subspace",
    "shortlist_size": 5,
    "rows": 7,
    "targets": 7,
    "best_candidate_recall_mean": 0.8571428571428571,
    "top3_candidate_recall_mean": 0.38095238095238093,
    "best_candidate_family_recall_mean": 0.8571428571428571,
    "top3_candidate_family_recall_mean": 0.40476190476190477,
    "validation_regret_mean": 0.00012761989729743423,
    "normalized_validation_regret_mean": 0.010460638371006687,
    "test_regret_mean": -1.0582378932414268e-05,
    "removed_fraction": 0.75,
    "selected_family_count_mean": 5.0,
    "removed_family_fraction_mean": 0.6875,
    "passes_90pct_recall_at_50pct_removal": false
  },
  {
    "encoder": "resnet50",
    "method": "kcenter_subspace",
    "shortlist_size": 10,
    "rows": 7,
    "targets": 7,
    "best_candidate_recall_mean": 0.8571428571428571,
    "top3_candidate_recall_mean": 0.5714285714285714,
    "best_candidate_family_recall_mean": 0.8571428571428571,
    "top3_candidate_family_recall_mean": 0.5952380952380951,
    "validation_regret_mean": 9.143004110880235e-05,
    "normalized_validation_regret_mean": 0.007494259253762033,
    "test_regret_mean": 0.00034920488085064615,
    "removed_fraction": 0.5,
    "selected_family_count_mean": 9.0,
    "removed_family_fraction_mean": 0.4375,
    "passes_90pct_recall_at_50pct_removal": false
  },
  {
    "encoder": "resnet50",
    "method": "pool_vendi_subspace",
    "shortlist_size": 3,
    "rows": 7,
    "targets": 7,
    "best_candidate_recall_mean": 0.8571428571428571,
    "top3_candidate_recall_mean": 0.38095238095238093,
    "best_candidate_family_recall_mean": 0.8571428571428571,
    "top3_candidate_family_recall_mean": 0.40476190476190477,
    "validation_regret_mean": 0.00012761989729743423,
    "normalized_validation_regret_mean": 0.010460638371006687,
    "test_regret_mean": -1.0582378932414268e-05,
    "removed_fraction": 0.85,
    "selected_family_count_mean": 3.0,
    "removed_family_fraction_mean": 0.8125,
    "passes_90pct_recall_at_50pct_removal": false
  },
  {
    "encoder": "resnet50",
    "method": "pool_vendi_subspace",
    "shortlist_size": 5,
    "rows": 7,
    "targets": 7,
    "best_candidate_recall_mean": 0.8571428571428571,
    "top3_candidate_recall_mean": 0.38095238095238093,
    "best_candidate_family_recall_mean": 0.8571428571428571,
    "top3_candidate_family_recall_mean": 0.40476190476190477,
    "validation_regret_mean": 0.00012761989729743423,
    "normalized_validation_regret_mean": 0.010460638371006687,
    "test_regret_mean": -1.0582378932414268e-05,
    "removed_fraction": 0.75,
    "selected_family_count_mean": 5.0,
    "removed_family_fraction_mean": 0.6875,
    "passes_90pct_recall_at_50pct_removal": false
  },
  {
    "encoder": "resnet50",
    "method": "pool_vendi_subspace",
    "shortlist_size": 10,
    "rows": 7,
    "targets": 7,
    "best_candidate_recall_mean": 0.8571428571428571,
    "top3_candidate_recall_mean": 0.5714285714285714,
    "best_candidate_family_recall_mean": 0.8571428571428571,
    "top3_candidate_family_recall_mean": 0.5952380952380951,
    "validation_regret_mean": 9.143004110880235e-05,
    "normalized_validation_regret_mean": 0.007494259253762033,
    "test_regret_mean": 0.00034920488085064615,
    "removed_fraction": 0.5,
    "selected_family_count_mean": 9.0,
    "removed_family_fraction_mean": 0.4375,
    "passes_90pct_recall_at_50pct_removal": false
  },
  {
    "encoder": "resnet50",
    "method": "random",
    "shortlist_size": 3,
    "rows": 700,
    "targets": 7,
    "best_candidate_recall_mean": 0.1442857142857143,
    "top3_candidate_recall_mean": 0.15619047619047616,
    "best_candidate_family_recall_mean": 0.1442857142857143,
    "top3_candidate_family_recall_mean": 0.20095238095238097,
    "validation_regret_mean": 0.009310814779448732,
    "normalized_validation_regret_mean": 0.2413246611020706,
    "test_regret_mean": 0.003174571522644578,
    "removed_fraction": 0.85,
    "selected_family_count_mean": 2.93,
    "removed_family_fraction_mean": 0.816875,
    "passes_90pct_recall_at_50pct_removal": false
  },
  {
    "encoder": "resnet50",
    "method": "random",
    "shortlist_size": 5,
    "rows": 700,
    "targets": 7,
    "best_candidate_recall_mean": 0.25142857142857145,
    "top3_candidate_recall_mean": 0.25333333333333335,
    "best_candidate_family_recall_mean": 0.25142857142857145,
    "top3_candidate_family_recall_mean": 0.3166666666666667,
    "validation_regret_mean": 0.006715183365956851,
    "normalized_validation_regret_mean": 0.17367225055480848,
    "test_regret_mean": 0.0017854752199990343,
    "removed_fraction": 0.75,
    "selected_family_count_mean": 4.761428571428572,
    "removed_family_fraction_mean": 0.7024107142857143,
    "passes_90pct_recall_at_50pct_removal": false
  },
  {
    "encoder": "resnet50",
    "method": "random",
    "shortlist_size": 10,
    "rows": 700,
    "targets": 7,
    "best_candidate_recall_mean": 0.4857142857142857,
    "top3_candidate_recall_mean": 0.5028571428571429,
    "best_candidate_family_recall_mean": 0.4857142857142857,
    "top3_candidate_family_recall_mean": 0.5861904761904763,
    "validation_regret_mean": 0.003484276877539374,
    "normalized_validation_regret_mean": 0.09149704383445964,
    "test_regret_mean": -0.0001424137013299169,
    "removed_fraction": 0.5,
    "selected_family_count_mean": 8.90857142857143,
    "removed_family_fraction_mean": 0.4432142857142857,
    "passes_90pct_recall_at_50pct_removal": false
  },
  {
    "encoder": "resnet50",
    "method": "rank_only",
    "shortlist_size": 3,
    "rows": 7,
    "targets": 7,
    "best_candidate_recall_mean": 0.7142857142857143,
    "top3_candidate_recall_mean": 0.5714285714285714,
    "best_candidate_family_recall_mean": 0.7142857142857143,
    "top3_candidate_family_recall_mean": 0.5714285714285714,
    "validation_regret_mean": 0.003296082771438621,
    "normalized_validation_regret_mean": 0.10816018357593833,
    "test_regret_mean": -0.0033587966646467,
    "removed_fraction": 0.85,
    "selected_family_count_mean": 2.0,
    "removed_family_fraction_mean": 0.875,
    "passes_90pct_recall_at_50pct_removal": false
  },
  {
    "encoder": "resnet50",
    "method": "rank_only",
    "shortlist_size": 5,
    "rows": 7,
    "targets": 7,
    "best_candidate_recall_mean": 0.7142857142857143,
    "top3_candidate_recall_mean": 0.619047619047619,
    "best_candidate_family_recall_mean": 0.7142857142857143,
    "top3_candidate_family_recall_mean": 0.619047619047619,
    "validation_regret_mean": 0.002586861510594301,
    "normalized_validation_regret_mean": 0.08629134768088638,
    "test_regret_mean": -0.0035820109503609887,
    "removed_fraction": 0.75,
    "selected_family_count_mean": 4.0,
    "removed_family_fraction_mean": 0.75,
    "passes_90pct_recall_at_50pct_removal": false
  },
  {
    "encoder": "resnet50",
    "method": "rank_only",
    "shortlist_size": 10,
    "rows": 7,
    "targets": 7,
    "best_candidate_recall_mean": 0.7142857142857143,
    "top3_candidate_recall_mean": 0.7142857142857143,
    "best_candidate_family_recall_mean": 0.7142857142857143,
    "top3_candidate_family_recall_mean": 0.7142857142857143,
    "validation_regret_mean": 0.0023664588513665962,
    "normalized_validation_regret_mean": 0.07764476721909504,
    "test_regret_mean": -0.0027757951191493507,
    "removed_fraction": 0.5,
    "selected_family_count_mean": 7.0,
    "removed_family_fraction_mean": 0.5625,
    "passes_90pct_recall_at_50pct_removal": false
  }
]
SOURCE_DONE=svhn COMPLETED=18/21
[
  {
    "encoder": "resnet50",
    "method": "dpp_subspace",
    "shortlist_size": 3,
    "rows": 7,
    "targets": 7,
    "best_candidate_recall_mean": 0.14285714285714285,
    "top3_candidate_recall_mean": 0.23809523809523808,
    "best_candidate_family_recall_mean": 0.5714285714285714,
    "top3_candidate_family_recall_mean": 0.4523809523809524,
    "validation_regret_mean": 0.0059887777487650186,
    "normalized_validation_regret_mean": 0.1950316996598062,
    "test_regret_mean": -0.0008926970618111651,
    "removed_fraction": 0.85,
    "selected_family_count_mean": 3.0,
    "removed_family_fraction_mean": 0.8125,
    "passes_90pct_recall_at_50pct_removal": false
  },
  {
    "encoder": "resnet50",
    "method": "dpp_subspace",
    "shortlist_size": 5,
    "rows": 7,
    "targets": 7,
    "best_candidate_recall_mean": 0.14285714285714285,
    "top3_candidate_recall_mean": 0.33333333333333337,
    "best_candidate_family_recall_mean": 0.5714285714285714,
    "top3_candidate_family_recall_mean": 0.619047619047619,
    "validation_regret_mean": 0.005804564945725946,
    "normalized_validation_regret_mean": 0.1891888756015443,
    "test_regret_mean": -0.0004462684903825874,
    "removed_fraction": 0.75,
    "selected_family_count_mean": 5.0,
    "removed_family_fraction_mean": 0.6875,
    "passes_90pct_recall_at_50pct_removal": false
  },
  {
    "encoder": "resnet50",
    "method": "dpp_subspace",
    "shortlist_size": 10,
    "rows": 7,
    "targets": 7,
    "best_candidate_recall_mean": 0.5714285714285714,
    "top3_candidate_recall_mean": 0.6666666666666666,
    "best_candidate_family_recall_mean": 0.5714285714285714,
    "top3_candidate_family_recall_mean": 0.6666666666666666,
    "validation_regret_mean": 0.002674581940384914,
    "normalized_validation_regret_mean": 0.09015267377014789,
    "test_regret_mean": -0.003507219042096816,
    "removed_fraction": 0.5,
    "selected_family_count_mean": 8.0,
    "removed_family_fraction_mean": 0.5,
    "passes_90pct_recall_at_50pct_removal": false
  },
  {
    "encoder": "resnet50",
    "method": "facility_subspace",
    "shortlist_size": 3,
    "rows": 7,
    "targets": 7,
    "best_candidate_recall_mean": 0.42857142857142855,
    "top3_candidate_recall_mean": 0.23809523809523808,
    "best_candidate_family_recall_mean": 0.42857142857142855,
    "top3_candidate_family_recall_mean": 0.3095238095238095,
    "validation_regret_mean": 0.0045718248469953805,
    "normalized_validation_regret_mean": 0.16236759760671257,
    "test_regret_mean": -0.0019211224147251643,
    "removed_fraction": 0.85,
    "selected_family_count_mean": 3.0,
    "removed_family_fraction_mean": 0.8125,
    "passes_90pct_recall_at_50pct_removal": false
  },
  {
    "encoder": "resnet50",
    "method": "facility_subspace",
    "shortlist_size": 5,
    "rows": 7,
    "targets": 7,
    "best_candidate_recall_mean": 0.5714285714285714,
    "top3_candidate_recall_mean": 0.2857142857142857,
    "best_candidate_family_recall_mean": 0.5714285714285714,
    "top3_candidate_family_recall_mean": 0.3571428571428571,
    "validation_regret_mean": 0.0014033619728541938,
    "normalized_validation_regret_mean": 0.061870939375986075,
    "test_regret_mean": 0.0014270918709891214,
    "removed_fraction": 0.75,
    "selected_family_count_mean": 5.0,
    "removed_family_fraction_mean": 0.6875,
    "passes_90pct_recall_at_50pct_removal": false
  },
  {
    "encoder": "resnet50",
    "method": "facility_subspace",
    "shortlist_size": 10,
    "rows": 7,
    "targets": 7,
    "best_candidate_recall_mean": 0.8571428571428571,
    "top3_candidate_recall_mean": 0.619047619047619,
    "best_candidate_family_recall_mean": 1.0,
    "top3_candidate_family_recall_mean": 0.761904761904762,
    "validation_regret_mean": 0.00030812308901831794,
    "normalized_validation_regret_mean": 0.010499515425133362,
    "test_regret_mean": -0.0007314239229474653,
    "removed_fraction": 0.5,
    "selected_family_count_mean": 10.0,
    "removed_family_fraction_mean": 0.375,
    "passes_90pct_recall_at_50pct_removal": false
  },
  {
    "encoder": "resnet50",
    "method": "kcenter_subspace",
    "shortlist_size": 3,
    "rows": 7,
    "targets": 7,
    "best_candidate_recall_mean": 0.14285714285714285,
    "top3_candidate_recall_mean": 0.09523809523809523,
    "best_candidate_family_recall_mean": 0.7142857142857143,
    "top3_candidate_family_recall_mean": 0.35714285714285715,
    "validation_regret_mean": 0.005715474117740086,
    "normalized_validation_regret_mean": 0.18425815634547377,
    "test_regret_mean": 0.009275172437940333,
    "removed_fraction": 0.85,
    "selected_family_count_mean": 3.0,
    "removed_family_fraction_mean": 0.8125,
    "passes_90pct_recall_at_50pct_removal": false
  },
  {
    "encoder": "resnet50",
    "method": "kcenter_subspace",
    "shortlist_size": 5,
    "rows": 7,
    "targets": 7,
    "best_candidate_recall_mean": 0.2857142857142857,
    "top3_candidate_recall_mean": 0.19047619047619047,
    "best_candidate_family_recall_mean": 0.8571428571428571,
    "top3_candidate_family_recall_mean": 0.45238095238095244,
    "validation_regret_mean": 0.003671440158828191,
    "normalized_validation_regret_mean": 0.12059453033125551,
    "test_regret_mean": 0.002706289291381852,
    "removed_fraction": 0.75,
    "selected_family_count_mean": 5.0,
    "removed_family_fraction_mean": 0.6875,
    "passes_90pct_recall_at_50pct_removal": false
  },
  {
    "encoder": "resnet50",
    "method": "kcenter_subspace",
    "shortlist_size": 10,
    "rows": 7,
    "targets": 7,
    "best_candidate_recall_mean": 0.2857142857142857,
    "top3_candidate_recall_mean": 0.42857142857142866,
    "best_candidate_family_recall_mean": 0.8571428571428571,
    "top3_candidate_family_recall_mean": 0.7142857142857143,
    "validation_regret_mean": 0.0029508199437224664,
    "normalized_validation_regret_mean": 0.07917170664881222,
    "test_regret_mean": 0.002401988846915115,
    "removed_fraction": 0.5,
    "selected_family_count_mean": 10.0,
    "removed_family_fraction_mean": 0.375,
    "passes_90pct_recall_at_50pct_removal": false
  },
  {
    "encoder": "resnet50",
    "method": "pool_vendi_subspace",
    "shortlist_size": 3,
    "rows": 7,
    "targets": 7,
    "best_candidate_recall_mean": 0.14285714285714285,
    "top3_candidate_recall_mean": 0.09523809523809523,
    "best_candidate_family_recall_mean": 0.5714285714285714,
    "top3_candidate_family_recall_mean": 0.3095238095238095,
    "validation_regret_mean": 0.00884066463231665,
    "normalized_validation_regret_mean": 0.3007837461266916,
    "test_regret_mean": 0.00875027435166493,
    "removed_fraction": 0.85,
    "selected_family_count_mean": 3.0,
    "removed_family_fraction_mean": 0.8125,
    "passes_90pct_recall_at_50pct_removal": false
  },
  {
    "encoder": "resnet50",
    "method": "pool_vendi_subspace",
    "shortlist_size": 5,
    "rows": 7,
    "targets": 7,
    "best_candidate_recall_mean": 0.2857142857142857,
    "top3_candidate_recall_mean": 0.19047619047619047,
    "best_candidate_family_recall_mean": 0.8571428571428571,
    "top3_candidate_family_recall_mean": 0.45238095238095244,
    "validation_regret_mean": 0.003671440158828191,
    "normalized_validation_regret_mean": 0.12059453033125551,
    "test_regret_mean": 0.002706289291381852,
    "removed_fraction": 0.75,
    "selected_family_count_mean": 5.0,
    "removed_family_fraction_mean": 0.6875,
    "passes_90pct_recall_at_50pct_removal": false
  },
  {
    "encoder": "resnet50",
    "method": "pool_vendi_subspace",
    "shortlist_size": 10,
    "rows": 7,
    "targets": 7,
    "best_candidate_recall_mean": 0.42857142857142855,
    "top3_candidate_recall_mean": 0.4761904761904762,
    "best_candidate_family_recall_mean": 0.8571428571428571,
    "top3_candidate_family_recall_mean": 0.7142857142857143,
    "validation_regret_mean": 0.0021198201606152456,
    "normalized_validation_regret_mean": 0.05085479255835912,
    "test_regret_mean": 0.004310553414481023,
    "removed_fraction": 0.5,
    "selected_family_count_mean": 9.0,
    "removed_family_fraction_mean": 0.4375,
    "passes_90pct_recall_at_50pct_removal": false
  },
  {
    "encoder": "resnet50",
    "method": "random",
    "shortlist_size": 3,
    "rows": 700,
    "targets": 7,
    "best_candidate_recall_mean": 0.14,
    "top3_candidate_recall_mean": 0.1495238095238095,
    "best_candidate_family_recall_mean": 0.21857142857142858,
    "top3_candidate_family_recall_mean": 0.20357142857142857,
    "validation_regret_mean": 0.007347181975765554,
    "normalized_validation_regret_mean": 0.213410989891593,
    "test_regret_mean": 0.004044300436973575,
    "removed_fraction": 0.85,
    "selected_family_count_mean": 2.93,
    "removed_family_fraction_mean": 0.816875,
    "passes_90pct_recall_at_50pct_removal": false
  },
  {
    "encoder": "resnet50",
    "method": "random",
    "shortlist_size": 5,
    "rows": 700,
    "targets": 7,
    "best_candidate_recall_mean": 0.24857142857142858,
    "top3_candidate_recall_mean": 0.24333333333333332,
    "best_candidate_family_recall_mean": 0.37142857142857144,
    "top3_candidate_family_recall_mean": 0.32190476190476186,
    "validation_regret_mean": 0.005235084863648966,
    "normalized_validation_regret_mean": 0.14978045482377175,
    "test_regret_mean": 0.003094065257481173,
    "removed_fraction": 0.75,
    "selected_family_count_mean": 4.761428571428572,
    "removed_family_fraction_mean": 0.7024107142857143,
    "passes_90pct_recall_at_50pct_removal": false
  },
  {
    "encoder": "resnet50",
    "method": "random",
    "shortlist_size": 10,
    "rows": 700,
    "targets": 7,
    "best_candidate_recall_mean": 0.5014285714285714,
    "top3_candidate_recall_mean": 0.509047619047619,
    "best_candidate_family_recall_mean": 0.6514285714285715,
    "top3_candidate_family_recall_mean": 0.6090476190476191,
    "validation_regret_mean": 0.0027732641835687554,
    "normalized_validation_regret_mean": 0.07700111121517492,
    "test_regret_mean": 0.0011781292217118461,
    "removed_fraction": 0.5,
    "selected_family_count_mean": 8.90857142857143,
    "removed_family_fraction_mean": 0.4432142857142857,
    "passes_90pct_recall_at_50pct_removal": false
  },
  {
    "encoder": "resnet50",
    "method": "rank_only",
    "shortlist_size": 3,
    "rows": 7,
    "targets": 7,
    "best_candidate_recall_mean": 0.5714285714285714,
    "top3_candidate_recall_mean": 0.380952380952381,
    "best_candidate_family_recall_mean": 0.5714285714285714,
    "top3_candidate_family_recall_mean": 0.35714285714285715,
    "validation_regret_mean": 0.0036424590110451438,
    "normalized_validation_regret_mean": 0.14171700910591517,
    "test_regret_mean": -0.005707614762442447,
    "removed_fraction": 0.85,
    "selected_family_count_mean": 2.0,
    "removed_family_fraction_mean": 0.875,
    "passes_90pct_recall_at_50pct_removal": false
  },
  {
    "encoder": "resnet50",
    "method": "rank_only",
    "shortlist_size": 5,
    "rows": 7,
    "targets": 7,
    "best_candidate_recall_mean": 0.5714285714285714,
    "top3_candidate_recall_mean": 0.47619047619047616,
    "best_candidate_family_recall_mean": 0.5714285714285714,
    "top3_candidate_family_recall_mean": 0.49999999999999994,
    "validation_regret_mean": 0.0032740321395279747,
    "normalized_validation_regret_mean": 0.1300313208524549,
    "test_regret_mean": -0.003921900476728167,
    "removed_fraction": 0.75,
    "selected_family_count_mean": 4.0,
    "removed_family_fraction_mean": 0.75,
    "passes_90pct_recall_at_50pct_removal": false
  },
  {
    "encoder": "resnet50",
    "method": "rank_only",
    "shortlist_size": 10,
    "rows": 7,
    "targets": 7,
    "best_candidate_recall_mean": 0.5714285714285714,
    "top3_candidate_recall_mean": 0.6666666666666666,
    "best_candidate_family_recall_mean": 0.5714285714285714,
    "top3_candidate_family_recall_mean": 0.6666666666666666,
    "validation_regret_mean": 0.002674581940384914,
    "normalized_validation_regret_mean": 0.09015267377014789,
    "test_regret_mean": -0.003507219042096816,
    "removed_fraction": 0.5,
    "selected_family_count_mean": 7.0,
    "removed_family_fraction_mean": 0.5625,
    "passes_90pct_recall_at_50pct_removal": false
  }
]
SOURCE_DONE=tiny_imagenet COMPLETED=19/21
[
  {
    "encoder": "resnet50",
    "method": "dpp_subspace",
    "shortlist_size": 3,
    "rows": 7,
    "targets": 7,
    "best_candidate_recall_mean": 0.7142857142857143,
    "top3_candidate_recall_mean": 0.380952380952381,
    "best_candidate_family_recall_mean": 0.7142857142857143,
    "top3_candidate_family_recall_mean": 0.619047619047619,
    "validation_regret_mean": 0.00295528838211147,
    "normalized_validation_regret_mean": 0.09765178938978905,
    "test_regret_mean": -0.005367725236075268,
    "removed_fraction": 0.85,
    "selected_family_count_mean": 3.0,
    "removed_family_fraction_mean": 0.8125,
    "passes_90pct_recall_at_50pct_removal": false
  },
  {
    "encoder": "resnet50",
    "method": "dpp_subspace",
    "shortlist_size": 5,
    "rows": 7,
    "targets": 7,
    "best_candidate_recall_mean": 0.7142857142857143,
    "top3_candidate_recall_mean": 0.380952380952381,
    "best_candidate_family_recall_mean": 0.7142857142857143,
    "top3_candidate_family_recall_mean": 0.619047619047619,
    "validation_regret_mean": 0.0024210708540671594,
    "normalized_validation_regret_mean": 0.08117919318031673,
    "test_regret_mean": -0.000903439521789554,
    "removed_fraction": 0.75,
    "selected_family_count_mean": 5.0,
    "removed_family_fraction_mean": 0.6875,
    "passes_90pct_recall_at_50pct_removal": false
  },
  {
    "encoder": "resnet50",
    "method": "dpp_subspace",
    "shortlist_size": 10,
    "rows": 7,
    "targets": 7,
    "best_candidate_recall_mean": 0.7142857142857143,
    "top3_candidate_recall_mean": 0.7142857142857143,
    "best_candidate_family_recall_mean": 0.7142857142857143,
    "top3_candidate_family_recall_mean": 0.7142857142857143,
    "validation_regret_mean": 0.0023664588513665962,
    "normalized_validation_regret_mean": 0.07764476721909504,
    "test_regret_mean": -0.0027757951191493507,
    "removed_fraction": 0.5,
    "selected_family_count_mean": 8.0,
    "removed_family_fraction_mean": 0.5,
    "passes_90pct_recall_at_50pct_removal": false
  },
  {
    "encoder": "resnet50",
    "method": "facility_subspace",
    "shortlist_size": 3,
    "rows": 7,
    "targets": 7,
    "best_candidate_recall_mean": 0.0,
    "top3_candidate_recall_mean": 0.23809523809523808,
    "best_candidate_family_recall_mean": 0.0,
    "top3_candidate_family_recall_mean": 0.26190476190476186,
    "validation_regret_mean": 0.007754710205594302,
    "normalized_validation_regret_mean": 0.2301401733150971,
    "test_regret_mean": -0.0017250657081604131,
    "removed_fraction": 0.85,
    "selected_family_count_mean": 3.0,
    "removed_family_fraction_mean": 0.8125,
    "passes_90pct_recall_at_50pct_removal": false
  },
  {
    "encoder": "resnet50",
    "method": "facility_subspace",
    "shortlist_size": 5,
    "rows": 7,
    "targets": 7,
    "best_candidate_recall_mean": 0.14285714285714285,
    "top3_candidate_recall_mean": 0.2857142857142857,
    "best_candidate_family_recall_mean": 0.14285714285714285,
    "top3_candidate_family_recall_mean": 0.3095238095238095,
    "validation_regret_mean": 0.004586247331453115,
    "normalized_validation_regret_mean": 0.13244062811016544,
    "test_regret_mean": 0.0016231485775538726,
    "removed_fraction": 0.75,
    "selected_family_count_mean": 5.0,
    "removed_family_fraction_mean": 0.6875,
    "passes_90pct_recall_at_50pct_removal": false
  },
  {
    "encoder": "resnet50",
    "method": "facility_subspace",
    "shortlist_size": 10,
    "rows": 7,
    "targets": 7,
    "best_candidate_recall_mean": 0.2857142857142857,
    "top3_candidate_recall_mean": 0.5238095238095238,
    "best_candidate_family_recall_mean": 0.2857142857142857,
    "top3_candidate_family_recall_mean": 0.5952380952380951,
    "validation_regret_mean": 0.0034910084476172387,
    "normalized_validation_regret_mean": 0.08114115081810282,
    "test_regret_mean": -0.0005353672163827142,
    "removed_fraction": 0.5,
    "selected_family_count_mean": 10.0,
    "removed_family_fraction_mean": 0.375,
    "passes_90pct_recall_at_50pct_removal": false
  },
  {
    "encoder": "resnet50",
    "method": "kcenter_subspace",
    "shortlist_size": 3,
    "rows": 7,
    "targets": 7,
    "best_candidate_recall_mean": 0.8571428571428571,
    "top3_candidate_recall_mean": 0.38095238095238093,
    "best_candidate_family_recall_mean": 0.8571428571428571,
    "top3_candidate_family_recall_mean": 0.40476190476190477,
    "validation_regret_mean": 0.00012761989729743423,
    "normalized_validation_regret_mean": 0.010460638371006687,
    "test_regret_mean": -1.0582378932414268e-05,
    "removed_fraction": 0.85,
    "selected_family_count_mean": 3.0,
    "removed_family_fraction_mean": 0.8125,
    "passes_90pct_recall_at_50pct_removal": false
  },
  {
    "encoder": "resnet50",
    "method": "kcenter_subspace",
    "shortlist_size": 5,
    "rows": 7,
    "targets": 7,
    "best_candidate_recall_mean": 0.8571428571428571,
    "top3_candidate_recall_mean": 0.38095238095238093,
    "best_candidate_family_recall_mean": 0.8571428571428571,
    "top3_candidate_family_recall_mean": 0.40476190476190477,
    "validation_regret_mean": 0.00012761989729743423,
    "normalized_validation_regret_mean": 0.010460638371006687,
    "test_regret_mean": -1.0582378932414268e-05,
    "removed_fraction": 0.75,
    "selected_family_count_mean": 5.0,
    "removed_family_fraction_mean": 0.6875,
    "passes_90pct_recall_at_50pct_removal": false
  },
  {
    "encoder": "resnet50",
    "method": "kcenter_subspace",
    "shortlist_size": 10,
    "rows": 7,
    "targets": 7,
    "best_candidate_recall_mean": 0.8571428571428571,
    "top3_candidate_recall_mean": 0.5714285714285714,
    "best_candidate_family_recall_mean": 0.8571428571428571,
    "top3_candidate_family_recall_mean": 0.5952380952380951,
    "validation_regret_mean": 9.143004110880235e-05,
    "normalized_validation_regret_mean": 0.007494259253762033,
    "test_regret_mean": 0.00034920488085064615,
    "removed_fraction": 0.5,
    "selected_family_count_mean": 9.0,
    "removed_family_fraction_mean": 0.4375,
    "passes_90pct_recall_at_50pct_removal": false
  },
  {
    "encoder": "resnet50",
    "method": "pool_vendi_subspace",
    "shortlist_size": 3,
    "rows": 7,
    "targets": 7,
    "best_candidate_recall_mean": 0.8571428571428571,
    "top3_candidate_recall_mean": 0.38095238095238093,
    "best_candidate_family_recall_mean": 0.8571428571428571,
    "top3_candidate_family_recall_mean": 0.40476190476190477,
    "validation_regret_mean": 0.00012761989729743423,
    "normalized_validation_regret_mean": 0.010460638371006687,
    "test_regret_mean": -1.0582378932414268e-05,
    "removed_fraction": 0.85,
    "selected_family_count_mean": 3.0,
    "removed_family_fraction_mean": 0.8125,
    "passes_90pct_recall_at_50pct_removal": false
  },
  {
    "encoder": "resnet50",
    "method": "pool_vendi_subspace",
    "shortlist_size": 5,
    "rows": 7,
    "targets": 7,
    "best_candidate_recall_mean": 0.8571428571428571,
    "top3_candidate_recall_mean": 0.38095238095238093,
    "best_candidate_family_recall_mean": 0.8571428571428571,
    "top3_candidate_family_recall_mean": 0.40476190476190477,
    "validation_regret_mean": 0.00012761989729743423,
    "normalized_validation_regret_mean": 0.010460638371006687,
    "test_regret_mean": -1.0582378932414268e-05,
    "removed_fraction": 0.75,
    "selected_family_count_mean": 5.0,
    "removed_family_fraction_mean": 0.6875,
    "passes_90pct_recall_at_50pct_removal": false
  },
  {
    "encoder": "resnet50",
    "method": "pool_vendi_subspace",
    "shortlist_size": 10,
    "rows": 7,
    "targets": 7,
    "best_candidate_recall_mean": 0.8571428571428571,
    "top3_candidate_recall_mean": 0.5714285714285714,
    "best_candidate_family_recall_mean": 0.8571428571428571,
    "top3_candidate_family_recall_mean": 0.5952380952380951,
    "validation_regret_mean": 9.143004110880235e-05,
    "normalized_validation_regret_mean": 0.007494259253762033,
    "test_regret_mean": 0.00034920488085064615,
    "removed_fraction": 0.5,
    "selected_family_count_mean": 9.0,
    "removed_family_fraction_mean": 0.4375,
    "passes_90pct_recall_at_50pct_removal": false
  },
  {
    "encoder": "resnet50",
    "method": "random",
    "shortlist_size": 3,
    "rows": 700,
    "targets": 7,
    "best_candidate_recall_mean": 0.15428571428571428,
    "top3_candidate_recall_mean": 0.16047619047619044,
    "best_candidate_family_recall_mean": 0.15428571428571428,
    "top3_candidate_family_recall_mean": 0.20595238095238094,
    "validation_regret_mean": 0.0089831594272942,
    "normalized_validation_regret_mean": 0.23348930516839445,
    "test_regret_mean": 0.0029346876229558562,
    "removed_fraction": 0.85,
    "selected_family_count_mean": 2.93,
    "removed_family_fraction_mean": 0.816875,
    "passes_90pct_recall_at_50pct_removal": false
  },
  {
    "encoder": "resnet50",
    "method": "random",
    "shortlist_size": 5,
    "rows": 700,
    "targets": 7,
    "best_candidate_recall_mean": 0.2542857142857143,
    "top3_candidate_recall_mean": 0.25476190476190474,
    "best_candidate_family_recall_mean": 0.2542857142857143,
    "top3_candidate_family_recall_mean": 0.3188095238095238,
    "validation_regret_mean": 0.006537636734914331,
    "normalized_validation_regret_mean": 0.16903114534409586,
    "test_regret_mean": 0.0019410327672958307,
    "removed_fraction": 0.75,
    "selected_family_count_mean": 4.761428571428572,
    "removed_family_fraction_mean": 0.7024107142857143,
    "passes_90pct_recall_at_50pct_removal": false
  },
  {
    "encoder": "resnet50",
    "method": "random",
    "shortlist_size": 10,
    "rows": 700,
    "targets": 7,
    "best_candidate_recall_mean": 0.5014285714285714,
    "top3_candidate_recall_mean": 0.5057142857142857,
    "best_candidate_family_recall_mean": 0.5014285714285714,
    "top3_candidate_family_recall_mean": 0.5845238095238094,
    "validation_regret_mean": 0.003369956591152662,
    "normalized_validation_regret_mean": 0.0863220402076054,
    "test_regret_mean": -4.054238115038728e-05,
    "removed_fraction": 0.5,
    "selected_family_count_mean": 8.90857142857143,
    "removed_family_fraction_mean": 0.4432142857142857,
    "passes_90pct_recall_at_50pct_removal": false
  },
  {
    "encoder": "resnet50",
    "method": "rank_only",
    "shortlist_size": 3,
    "rows": 7,
    "targets": 7,
    "best_candidate_recall_mean": 0.7142857142857143,
    "top3_candidate_recall_mean": 0.5714285714285714,
    "best_candidate_family_recall_mean": 0.7142857142857143,
    "top3_candidate_family_recall_mean": 0.5714285714285714,
    "validation_regret_mean": 0.003296082771438621,
    "normalized_validation_regret_mean": 0.10816018357593833,
    "test_regret_mean": -0.0033587966646467,
    "removed_fraction": 0.85,
    "selected_family_count_mean": 2.0,
    "removed_family_fraction_mean": 0.875,
    "passes_90pct_recall_at_50pct_removal": false
  },
  {
    "encoder": "resnet50",
    "method": "rank_only",
    "shortlist_size": 5,
    "rows": 7,
    "targets": 7,
    "best_candidate_recall_mean": 0.7142857142857143,
    "top3_candidate_recall_mean": 0.619047619047619,
    "best_candidate_family_recall_mean": 0.7142857142857143,
    "top3_candidate_family_recall_mean": 0.619047619047619,
    "validation_regret_mean": 0.002586861510594301,
    "normalized_validation_regret_mean": 0.08629134768088638,
    "test_regret_mean": -0.0035820109503609887,
    "removed_fraction": 0.75,
    "selected_family_count_mean": 4.0,
    "removed_family_fraction_mean": 0.75,
    "passes_90pct_recall_at_50pct_removal": false
  },
  {
    "encoder": "resnet50",
    "method": "rank_only",
    "shortlist_size": 10,
    "rows": 7,
    "targets": 7,
    "best_candidate_recall_mean": 0.7142857142857143,
    "top3_candidate_recall_mean": 0.6666666666666666,
    "best_candidate_family_recall_mean": 0.7142857142857143,
    "top3_candidate_family_recall_mean": 0.6666666666666666,
    "validation_regret_mean": 0.002402648707555228,
    "normalized_validation_regret_mean": 0.08061114633633969,
    "test_regret_mean": -0.003135582378932411,
    "removed_fraction": 0.5,
    "selected_family_count_mean": 7.0,
    "removed_family_fraction_mean": 0.5625,
    "passes_90pct_recall_at_50pct_removal": false
  }
]
SOURCE_DONE=tissuemnist COMPLETED=20/21
[
  {
    "encoder": "resnet50",
    "method": "dpp_subspace",
    "shortlist_size": 3,
    "rows": 7,
    "targets": 7,
    "best_candidate_recall_mean": 0.7142857142857143,
    "top3_candidate_recall_mean": 0.42857142857142855,
    "best_candidate_family_recall_mean": 0.7142857142857143,
    "top3_candidate_family_recall_mean": 0.6666666666666666,
    "validation_regret_mean": 0.00295528838211147,
    "normalized_validation_regret_mean": 0.09765178938978905,
    "test_regret_mean": -0.005367725236075268,
    "removed_fraction": 0.85,
    "selected_family_count_mean": 3.0,
    "removed_family_fraction_mean": 0.8235294117647057,
    "passes_90pct_recall_at_50pct_removal": false
  },
  {
    "encoder": "resnet50",
    "method": "dpp_subspace",
    "shortlist_size": 5,
    "rows": 7,
    "targets": 7,
    "best_candidate_recall_mean": 0.7142857142857143,
    "top3_candidate_recall_mean": 0.42857142857142855,
    "best_candidate_family_recall_mean": 0.7142857142857143,
    "top3_candidate_family_recall_mean": 0.6666666666666666,
    "validation_regret_mean": 0.0024210708540671594,
    "normalized_validation_regret_mean": 0.08117919318031673,
    "test_regret_mean": -0.000903439521789554,
    "removed_fraction": 0.75,
    "selected_family_count_mean": 5.0,
    "removed_family_fraction_mean": 0.7058823529411765,
    "passes_90pct_recall_at_50pct_removal": false
  },
  {
    "encoder": "resnet50",
    "method": "dpp_subspace",
    "shortlist_size": 10,
    "rows": 7,
    "targets": 7,
    "best_candidate_recall_mean": 0.7142857142857143,
    "top3_candidate_recall_mean": 0.761904761904762,
    "best_candidate_family_recall_mean": 0.7142857142857143,
    "top3_candidate_family_recall_mean": 0.761904761904762,
    "validation_regret_mean": 0.0023664588513665962,
    "normalized_validation_regret_mean": 0.07764476721909504,
    "test_regret_mean": -0.0027757951191493507,
    "removed_fraction": 0.5,
    "selected_family_count_mean": 8.0,
    "removed_family_fraction_mean": 0.5294117647058824,
    "passes_90pct_recall_at_50pct_removal": false
  },
  {
    "encoder": "resnet50",
    "method": "facility_subspace",
    "shortlist_size": 3,
    "rows": 7,
    "targets": 7,
    "best_candidate_recall_mean": 0.14285714285714285,
    "top3_candidate_recall_mean": 0.2857142857142857,
    "best_candidate_family_recall_mean": 0.14285714285714285,
    "top3_candidate_family_recall_mean": 0.3095238095238095,
    "validation_regret_mean": 0.004586247331453115,
    "normalized_validation_regret_mean": 0.13244062811016544,
    "test_regret_mean": 0.0016231485775538726,
    "removed_fraction": 0.85,
    "selected_family_count_mean": 3.0,
    "removed_family_fraction_mean": 0.8235294117647057,
    "passes_90pct_recall_at_50pct_removal": false
  },
  {
    "encoder": "resnet50",
    "method": "facility_subspace",
    "shortlist_size": 5,
    "rows": 7,
    "targets": 7,
    "best_candidate_recall_mean": 0.2857142857142857,
    "top3_candidate_recall_mean": 0.42857142857142855,
    "best_candidate_family_recall_mean": 0.2857142857142857,
    "top3_candidate_family_recall_mean": 0.4523809523809524,
    "validation_regret_mean": 0.004077675379042046,
    "normalized_validation_regret_mean": 0.09075443816276167,
    "test_regret_mean": 0.0011046324457441026,
    "removed_fraction": 0.75,
    "selected_family_count_mean": 5.0,
    "removed_family_fraction_mean": 0.7058823529411765,
    "passes_90pct_recall_at_50pct_removal": false
  },
  {
    "encoder": "resnet50",
    "method": "facility_subspace",
    "shortlist_size": 10,
    "rows": 7,
    "targets": 7,
    "best_candidate_recall_mean": 0.2857142857142857,
    "top3_candidate_recall_mean": 0.5714285714285714,
    "best_candidate_family_recall_mean": 0.2857142857142857,
    "top3_candidate_family_recall_mean": 0.5952380952380951,
    "validation_regret_mean": 0.0034910084476172387,
    "normalized_validation_regret_mean": 0.08114115081810282,
    "test_regret_mean": -0.0005353672163827142,
    "removed_fraction": 0.5,
    "selected_family_count_mean": 10.0,
    "removed_family_fraction_mean": 0.41176470588235287,
    "passes_90pct_recall_at_50pct_removal": false
  },
  {
    "encoder": "resnet50",
    "method": "kcenter_subspace",
    "shortlist_size": 3,
    "rows": 7,
    "targets": 7,
    "best_candidate_recall_mean": 0.8571428571428571,
    "top3_candidate_recall_mean": 0.3333333333333333,
    "best_candidate_family_recall_mean": 0.8571428571428571,
    "top3_candidate_family_recall_mean": 0.35714285714285715,
    "validation_regret_mean": 0.00012761989729743423,
    "normalized_validation_regret_mean": 0.010460638371006687,
    "test_regret_mean": -1.0582378932414268e-05,
    "removed_fraction": 0.85,
    "selected_family_count_mean": 3.0,
    "removed_family_fraction_mean": 0.8235294117647057,
    "passes_90pct_recall_at_50pct_removal": false
  },
  {
    "encoder": "resnet50",
    "method": "kcenter_subspace",
    "shortlist_size": 5,
    "rows": 7,
    "targets": 7,
    "best_candidate_recall_mean": 0.8571428571428571,
    "top3_candidate_recall_mean": 0.3333333333333333,
    "best_candidate_family_recall_mean": 0.8571428571428571,
    "top3_candidate_family_recall_mean": 0.35714285714285715,
    "validation_regret_mean": 0.00012761989729743423,
    "normalized_validation_regret_mean": 0.010460638371006687,
    "test_regret_mean": -1.0582378932414268e-05,
    "removed_fraction": 0.75,
    "selected_family_count_mean": 5.0,
    "removed_family_fraction_mean": 0.7058823529411765,
    "passes_90pct_recall_at_50pct_removal": false
  },
  {
    "encoder": "resnet50",
    "method": "kcenter_subspace",
    "shortlist_size": 10,
    "rows": 7,
    "targets": 7,
    "best_candidate_recall_mean": 0.8571428571428571,
    "top3_candidate_recall_mean": 0.5714285714285714,
    "best_candidate_family_recall_mean": 0.8571428571428571,
    "top3_candidate_family_recall_mean": 0.5952380952380951,
    "validation_regret_mean": 9.143004110880235e-05,
    "normalized_validation_regret_mean": 0.007494259253762033,
    "test_regret_mean": 0.00034920488085064615,
    "removed_fraction": 0.5,
    "selected_family_count_mean": 10.0,
    "removed_family_fraction_mean": 0.41176470588235287,
    "passes_90pct_recall_at_50pct_removal": false
  },
  {
    "encoder": "resnet50",
    "method": "pool_vendi_subspace",
    "shortlist_size": 3,
    "rows": 7,
    "targets": 7,
    "best_candidate_recall_mean": 0.8571428571428571,
    "top3_candidate_recall_mean": 0.3333333333333333,
    "best_candidate_family_recall_mean": 0.8571428571428571,
    "top3_candidate_family_recall_mean": 0.35714285714285715,
    "validation_regret_mean": 0.00012761989729743423,
    "normalized_validation_regret_mean": 0.010460638371006687,
    "test_regret_mean": -1.0582378932414268e-05,
    "removed_fraction": 0.85,
    "selected_family_count_mean": 3.0,
    "removed_family_fraction_mean": 0.8235294117647057,
    "passes_90pct_recall_at_50pct_removal": false
  },
  {
    "encoder": "resnet50",
    "method": "pool_vendi_subspace",
    "shortlist_size": 5,
    "rows": 7,
    "targets": 7,
    "best_candidate_recall_mean": 0.8571428571428571,
    "top3_candidate_recall_mean": 0.3333333333333333,
    "best_candidate_family_recall_mean": 0.8571428571428571,
    "top3_candidate_family_recall_mean": 0.35714285714285715,
    "validation_regret_mean": 0.00012761989729743423,
    "normalized_validation_regret_mean": 0.010460638371006687,
    "test_regret_mean": -1.0582378932414268e-05,
    "removed_fraction": 0.75,
    "selected_family_count_mean": 5.0,
    "removed_family_fraction_mean": 0.7058823529411765,
    "passes_90pct_recall_at_50pct_removal": false
  },
  {
    "encoder": "resnet50",
    "method": "pool_vendi_subspace",
    "shortlist_size": 10,
    "rows": 7,
    "targets": 7,
    "best_candidate_recall_mean": 0.8571428571428571,
    "top3_candidate_recall_mean": 0.5714285714285714,
    "best_candidate_family_recall_mean": 0.8571428571428571,
    "top3_candidate_family_recall_mean": 0.5952380952380951,
    "validation_regret_mean": 9.143004110880235e-05,
    "normalized_validation_regret_mean": 0.007494259253762033,
    "test_regret_mean": 0.00034920488085064615,
    "removed_fraction": 0.5,
    "selected_family_count_mean": 10.0,
    "removed_family_fraction_mean": 0.41176470588235287,
    "passes_90pct_recall_at_50pct_removal": false
  },
  {
    "encoder": "resnet50",
    "method": "random",
    "shortlist_size": 3,
    "rows": 700,
    "targets": 7,
    "best_candidate_recall_mean": 0.15428571428571428,
    "top3_candidate_recall_mean": 0.1580952380952381,
    "best_candidate_family_recall_mean": 0.15428571428571428,
    "top3_candidate_family_recall_mean": 0.1983333333333333,
    "validation_regret_mean": 0.009346501784533053,
    "normalized_validation_regret_mean": 0.24478536148161145,
    "test_regret_mean": 0.003250883127961829,
    "removed_fraction": 0.85,
    "selected_family_count_mean": 2.9457142857142857,
    "removed_family_fraction_mean": 0.8267226890756303,
    "passes_90pct_recall_at_50pct_removal": false
  },
  {
    "encoder": "resnet50",
    "method": "random",
    "shortlist_size": 5,
    "rows": 700,
    "targets": 7,
    "best_candidate_recall_mean": 0.2542857142857143,
    "top3_candidate_recall_mean": 0.24904761904761907,
    "best_candidate_family_recall_mean": 0.2542857142857143,
    "top3_candidate_family_recall_mean": 0.30404761904761907,
    "validation_regret_mean": 0.006765579218404496,
    "normalized_validation_regret_mean": 0.17636128224818298,
    "test_regret_mean": 0.0023581782409122947,
    "removed_fraction": 0.75,
    "selected_family_count_mean": 4.8185714285714285,
    "removed_family_fraction_mean": 0.7165546218487395,
    "passes_90pct_recall_at_50pct_removal": false
  },
  {
    "encoder": "resnet50",
    "method": "random",
    "shortlist_size": 10,
    "rows": 700,
    "targets": 7,
    "best_candidate_recall_mean": 0.5014285714285714,
    "top3_candidate_recall_mean": 0.5042857142857143,
    "best_candidate_family_recall_mean": 0.5014285714285714,
    "top3_candidate_family_recall_mean": 0.5716666666666667,
    "validation_regret_mean": 0.003539596949491746,
    "normalized_validation_regret_mean": 0.09140768127870617,
    "test_regret_mean": -0.00010297754832676816,
    "removed_fraction": 0.5,
    "selected_family_count_mean": 9.151428571428571,
    "removed_family_fraction_mean": 0.4616806722689076,
    "passes_90pct_recall_at_50pct_removal": false
  },
  {
    "encoder": "resnet50",
    "method": "rank_only",
    "shortlist_size": 3,
    "rows": 7,
    "targets": 7,
    "best_candidate_recall_mean": 0.7142857142857143,
    "top3_candidate_recall_mean": 0.5714285714285714,
    "best_candidate_family_recall_mean": 0.7142857142857143,
    "top3_candidate_family_recall_mean": 0.5714285714285714,
    "validation_regret_mean": 0.003296082771438621,
    "normalized_validation_regret_mean": 0.10816018357593833,
    "test_regret_mean": -0.0033587966646467,
    "removed_fraction": 0.85,
    "selected_family_count_mean": 2.0,
    "removed_family_fraction_mean": 0.8823529411764708,
    "passes_90pct_recall_at_50pct_removal": false
  },
  {
    "encoder": "resnet50",
    "method": "rank_only",
    "shortlist_size": 5,
    "rows": 7,
    "targets": 7,
    "best_candidate_recall_mean": 0.7142857142857143,
    "top3_candidate_recall_mean": 0.6666666666666666,
    "best_candidate_family_recall_mean": 0.7142857142857143,
    "top3_candidate_family_recall_mean": 0.6666666666666666,
    "validation_regret_mean": 0.002586861510594301,
    "normalized_validation_regret_mean": 0.08629134768088638,
    "test_regret_mean": -0.0035820109503609887,
    "removed_fraction": 0.75,
    "selected_family_count_mean": 4.0,
    "removed_family_fraction_mean": 0.7647058823529411,
    "passes_90pct_recall_at_50pct_removal": false
  },
  {
    "encoder": "resnet50",
    "method": "rank_only",
    "shortlist_size": 10,
    "rows": 7,
    "targets": 7,
    "best_candidate_recall_mean": 0.7142857142857143,
    "top3_candidate_recall_mean": 0.7142857142857143,
    "best_candidate_family_recall_mean": 0.7142857142857143,
    "top3_candidate_family_recall_mean": 0.7142857142857143,
    "validation_regret_mean": 0.002402648707555228,
    "normalized_validation_regret_mean": 0.08061114633633969,
    "test_regret_mean": -0.003135582378932411,
    "removed_fraction": 0.5,
    "selected_family_count_mean": 7.0,
    "removed_family_fraction_mean": 0.5882352941176471,
    "passes_90pct_recall_at_50pct_removal": false
  }
]
SOURCE_DONE=usps COMPLETED=21/21
DONE_UTC=2026-09-07T06:59:51Z
