START_UTC=2026-09-07T06:59:07Z ENCODER=vit_b16
SCRIPT_SHA256=8c05e398ff6c1bebd025c4288d2cfc3a73ad052c8b194cbfc057dd43f8d0096a
[
  {
    "encoder": "vit_b16",
    "method": "dpp_subspace",
    "shortlist_size": 3,
    "rows": 7,
    "targets": 7,
    "best_candidate_recall_mean": 0.7142857142857143,
    "top3_candidate_recall_mean": 0.42857142857142855,
    "best_candidate_family_recall_mean": 1.0,
    "top3_candidate_family_recall_mean": 0.6666666666666666,
    "validation_regret_mean": 7.424655868896021e-05,
    "normalized_validation_regret_mean": 0.00230057113394302,
    "test_regret_mean": -0.0013482110840933553,
    "removed_fraction": 0.85,
    "selected_family_count_mean": 3.0,
    "removed_family_fraction_mean": 0.8125,
    "passes_90pct_recall_at_50pct_removal": false
  },
  {
    "encoder": "vit_b16",
    "method": "dpp_subspace",
    "shortlist_size": 5,
    "rows": 7,
    "targets": 7,
    "best_candidate_recall_mean": 0.7142857142857143,
    "top3_candidate_recall_mean": 0.4761904761904762,
    "best_candidate_family_recall_mean": 1.0,
    "top3_candidate_family_recall_mean": 0.7619047619047619,
    "validation_regret_mean": 7.424655868896021e-05,
    "normalized_validation_regret_mean": 0.00230057113394302,
    "test_regret_mean": -0.0013482110840933553,
    "removed_fraction": 0.75,
    "selected_family_count_mean": 5.0,
    "removed_family_fraction_mean": 0.6875,
    "passes_90pct_recall_at_50pct_removal": false
  },
  {
    "encoder": "vit_b16",
    "method": "dpp_subspace",
    "shortlist_size": 10,
    "rows": 7,
    "targets": 7,
    "best_candidate_recall_mean": 1.0,
    "top3_candidate_recall_mean": 0.8571428571428571,
    "best_candidate_family_recall_mean": 1.0,
    "top3_candidate_family_recall_mean": 0.9047619047619048,
    "validation_regret_mean": 0.0,
    "normalized_validation_regret_mean": 0.0,
    "test_regret_mean": 0.0,
    "removed_fraction": 0.5,
    "selected_family_count_mean": 9.0,
    "removed_family_fraction_mean": 0.4375,
    "passes_90pct_recall_at_50pct_removal": true
  },
  {
    "encoder": "vit_b16",
    "method": "facility_subspace",
    "shortlist_size": 3,
    "rows": 7,
    "targets": 7,
    "best_candidate_recall_mean": 0.2857142857142857,
    "top3_candidate_recall_mean": 0.2857142857142857,
    "best_candidate_family_recall_mean": 0.2857142857142857,
    "top3_candidate_family_recall_mean": 0.3333333333333333,
    "validation_regret_mean": 0.0034951752580751894,
    "normalized_validation_regret_mean": 0.11149398828540928,
    "test_regret_mean": 0.0027491654668535697,
    "removed_fraction": 0.85,
    "selected_family_count_mean": 3.0,
    "removed_family_fraction_mean": 0.8125,
    "passes_90pct_recall_at_50pct_removal": false
  },
  {
    "encoder": "vit_b16",
    "method": "facility_subspace",
    "shortlist_size": 5,
    "rows": 7,
    "targets": 7,
    "best_candidate_recall_mean": 0.5714285714285714,
    "top3_candidate_recall_mean": 0.42857142857142855,
    "best_candidate_family_recall_mean": 0.5714285714285714,
    "top3_candidate_family_recall_mean": 0.47619047619047616,
    "validation_regret_mean": 0.001267931150606432,
    "normalized_validation_regret_mean": 0.04931652178547167,
    "test_regret_mean": 0.0006388119288853426,
    "removed_fraction": 0.75,
    "selected_family_count_mean": 5.0,
    "removed_family_fraction_mean": 0.6875,
    "passes_90pct_recall_at_50pct_removal": false
  },
  {
    "encoder": "vit_b16",
    "method": "facility_subspace",
    "shortlist_size": 10,
    "rows": 7,
    "targets": 7,
    "best_candidate_recall_mean": 0.5714285714285714,
    "top3_candidate_recall_mean": 0.4761904761904762,
    "best_candidate_family_recall_mean": 0.5714285714285714,
    "top3_candidate_family_recall_mean": 0.5238095238095238,
    "validation_regret_mean": 0.001267931150606432,
    "normalized_validation_regret_mean": 0.04931652178547167,
    "test_regret_mean": 0.0006388119288853426,
    "removed_fraction": 0.5,
    "selected_family_count_mean": 10.0,
    "removed_family_fraction_mean": 0.375,
    "passes_90pct_recall_at_50pct_removal": false
  },
  {
    "encoder": "vit_b16",
    "method": "kcenter_subspace",
    "shortlist_size": 3,
    "rows": 7,
    "targets": 7,
    "best_candidate_recall_mean": 0.42857142857142855,
    "top3_candidate_recall_mean": 0.2857142857142857,
    "best_candidate_family_recall_mean": 0.42857142857142855,
    "top3_candidate_family_recall_mean": 0.3333333333333333,
    "validation_regret_mean": 0.0015450619732619378,
    "normalized_validation_regret_mean": 0.049348491759165745,
    "test_regret_mean": -0.0003967898232596277,
    "removed_fraction": 0.85,
    "selected_family_count_mean": 3.0,
    "removed_family_fraction_mean": 0.8125,
    "passes_90pct_recall_at_50pct_removal": false
  },
  {
    "encoder": "vit_b16",
    "method": "kcenter_subspace",
    "shortlist_size": 5,
    "rows": 7,
    "targets": 7,
    "best_candidate_recall_mean": 0.42857142857142855,
    "top3_candidate_recall_mean": 0.2857142857142857,
    "best_candidate_family_recall_mean": 0.42857142857142855,
    "top3_candidate_family_recall_mean": 0.3333333333333333,
    "validation_regret_mean": 0.001296374903926962,
    "normalized_validation_regret_mean": 0.040031736094389855,
    "test_regret_mean": 0.0016121387481689406,
    "removed_fraction": 0.75,
    "selected_family_count_mean": 5.0,
    "removed_family_fraction_mean": 0.6875,
    "passes_90pct_recall_at_50pct_removal": false
  },
  {
    "encoder": "vit_b16",
    "method": "kcenter_subspace",
    "shortlist_size": 10,
    "rows": 7,
    "targets": 7,
    "best_candidate_recall_mean": 0.7142857142857143,
    "top3_candidate_recall_mean": 0.4761904761904762,
    "best_candidate_family_recall_mean": 0.7142857142857143,
    "top3_candidate_family_recall_mean": 0.5714285714285714,
    "validation_regret_mean": 7.424655868896021e-05,
    "normalized_validation_regret_mean": 0.00230057113394302,
    "test_regret_mean": -0.0013482110840933553,
    "removed_fraction": 0.5,
    "selected_family_count_mean": 10.0,
    "removed_family_fraction_mean": 0.375,
    "passes_90pct_recall_at_50pct_removal": false
  },
  {
    "encoder": "vit_b16",
    "method": "pool_vendi_subspace",
    "shortlist_size": 3,
    "rows": 7,
    "targets": 7,
    "best_candidate_recall_mean": 0.42857142857142855,
    "top3_candidate_recall_mean": 0.2857142857142857,
    "best_candidate_family_recall_mean": 0.42857142857142855,
    "top3_candidate_family_recall_mean": 0.3333333333333333,
    "validation_regret_mean": 0.0015450619732619378,
    "normalized_validation_regret_mean": 0.049348491759165745,
    "test_regret_mean": -0.0003967898232596277,
    "removed_fraction": 0.85,
    "selected_family_count_mean": 3.0,
    "removed_family_fraction_mean": 0.8125,
    "passes_90pct_recall_at_50pct_removal": false
  },
  {
    "encoder": "vit_b16",
    "method": "pool_vendi_subspace",
    "shortlist_size": 5,
    "rows": 7,
    "targets": 7,
    "best_candidate_recall_mean": 0.7142857142857143,
    "top3_candidate_recall_mean": 0.42857142857142855,
    "best_candidate_family_recall_mean": 0.7142857142857143,
    "top3_candidate_family_recall_mean": 0.4761904761904762,
    "validation_regret_mean": 7.424655868896021e-05,
    "normalized_validation_regret_mean": 0.00230057113394302,
    "test_regret_mean": -0.0013482110840933553,
    "removed_fraction": 0.75,
    "selected_family_count_mean": 5.0,
    "removed_family_fraction_mean": 0.6875,
    "passes_90pct_recall_at_50pct_removal": false
  },
  {
    "encoder": "vit_b16",
    "method": "pool_vendi_subspace",
    "shortlist_size": 10,
    "rows": 7,
    "targets": 7,
    "best_candidate_recall_mean": 0.7142857142857143,
    "top3_candidate_recall_mean": 0.4761904761904762,
    "best_candidate_family_recall_mean": 0.7142857142857143,
    "top3_candidate_family_recall_mean": 0.5238095238095238,
    "validation_regret_mean": 7.424655868896021e-05,
    "normalized_validation_regret_mean": 0.00230057113394302,
    "test_regret_mean": -0.0013482110840933553,
    "removed_fraction": 0.5,
    "selected_family_count_mean": 10.0,
    "removed_family_fraction_mean": 0.375,
    "passes_90pct_recall_at_50pct_removal": false
  },
  {
    "encoder": "vit_b16",
    "method": "random",
    "shortlist_size": 3,
    "rows": 700,
    "targets": 7,
    "best_candidate_recall_mean": 0.16285714285714287,
    "top3_candidate_recall_mean": 0.149047619047619,
    "best_candidate_family_recall_mean": 0.19285714285714287,
    "top3_candidate_family_recall_mean": 0.19095238095238093,
    "validation_regret_mean": 0.005772237224536544,
    "normalized_validation_regret_mean": 0.19961177047307055,
    "test_regret_mean": 0.006249858805111485,
    "removed_fraction": 0.85,
    "selected_family_count_mean": 2.9171428571428573,
    "removed_family_fraction_mean": 0.8176785714285715,
    "passes_90pct_recall_at_50pct_removal": false
  },
  {
    "encoder": "vit_b16",
    "method": "random",
    "shortlist_size": 5,
    "rows": 700,
    "targets": 7,
    "best_candidate_recall_mean": 0.24428571428571427,
    "top3_candidate_recall_mean": 0.25666666666666665,
    "best_candidate_family_recall_mean": 0.3157142857142857,
    "top3_candidate_family_recall_mean": 0.33285714285714285,
    "validation_regret_mean": 0.003945416276609758,
    "normalized_validation_regret_mean": 0.13847575833437553,
    "test_regret_mean": 0.004559584907123029,
    "removed_fraction": 0.75,
    "selected_family_count_mean": 4.755714285714285,
    "removed_family_fraction_mean": 0.7027678571428572,
    "passes_90pct_recall_at_50pct_removal": false
  },
  {
    "encoder": "vit_b16",
    "method": "random",
    "shortlist_size": 10,
    "rows": 700,
    "targets": 7,
    "best_candidate_recall_mean": 0.5214285714285715,
    "top3_candidate_recall_mean": 0.5147619047619048,
    "best_candidate_family_recall_mean": 0.5957142857142858,
    "top3_candidate_family_recall_mean": 0.6128571428571429,
    "validation_regret_mean": 0.0016827310001718357,
    "normalized_validation_regret_mean": 0.05736271636769477,
    "test_regret_mean": 0.0024358089481081356,
    "removed_fraction": 0.5,
    "selected_family_count_mean": 8.897142857142857,
    "removed_family_fraction_mean": 0.44392857142857145,
    "passes_90pct_recall_at_50pct_removal": false
  },
  {
    "encoder": "vit_b16",
    "method": "rank_only",
    "shortlist_size": 3,
    "rows": 7,
    "targets": 7,
    "best_candidate_recall_mean": 0.7142857142857143,
    "top3_candidate_recall_mean": 0.5238095238095237,
    "best_candidate_family_recall_mean": 0.7142857142857143,
    "top3_candidate_family_recall_mean": 0.5238095238095237,
    "validation_regret_mean": 0.0014708154145729774,
    "normalized_validation_regret_mean": 0.04704792062522273,
    "test_regret_mean": 0.0009514212608337276,
    "removed_fraction": 0.85,
    "selected_family_count_mean": 2.0,
    "removed_family_fraction_mean": 0.875,
    "passes_90pct_recall_at_50pct_removal": false
  },
  {
    "encoder": "vit_b16",
    "method": "rank_only",
    "shortlist_size": 5,
    "rows": 7,
    "targets": 7,
    "best_candidate_recall_mean": 1.0,
    "top3_candidate_recall_mean": 0.7142857142857143,
    "best_candidate_family_recall_mean": 1.0,
    "top3_candidate_family_recall_mean": 0.7142857142857143,
    "validation_regret_mean": 0.0,
    "normalized_validation_regret_mean": 0.0,
    "test_regret_mean": 0.0,
    "removed_fraction": 0.75,
    "selected_family_count_mean": 4.0,
    "removed_family_fraction_mean": 0.75,
    "passes_90pct_recall_at_50pct_removal": true
  },
  {
    "encoder": "vit_b16",
    "method": "rank_only",
    "shortlist_size": 10,
    "rows": 7,
    "targets": 7,
    "best_candidate_recall_mean": 1.0,
    "top3_candidate_recall_mean": 0.9047619047619048,
    "best_candidate_family_recall_mean": 1.0,
    "top3_candidate_family_recall_mean": 0.9047619047619048,
    "validation_regret_mean": 0.0,
    "normalized_validation_regret_mean": 0.0,
    "test_regret_mean": 0.0,
    "removed_fraction": 0.5,
    "selected_family_count_mean": 7.0,
    "removed_family_fraction_mean": 0.5625,
    "passes_90pct_recall_at_50pct_removal": true
  }
]
SOURCE_DONE=bloodmnist COMPLETED=1/21
[
  {
    "encoder": "vit_b16",
    "method": "dpp_subspace",
    "shortlist_size": 3,
    "rows": 7,
    "targets": 7,
    "best_candidate_recall_mean": 0.7142857142857143,
    "top3_candidate_recall_mean": 0.42857142857142855,
    "best_candidate_family_recall_mean": 1.0,
    "top3_candidate_family_recall_mean": 0.7142857142857143,
    "validation_regret_mean": 7.424655868896021e-05,
    "normalized_validation_regret_mean": 0.00230057113394302,
    "test_regret_mean": -0.0013482110840933553,
    "removed_fraction": 0.85,
    "selected_family_count_mean": 3.0,
    "removed_family_fraction_mean": 0.8125,
    "passes_90pct_recall_at_50pct_removal": false
  },
  {
    "encoder": "vit_b16",
    "method": "dpp_subspace",
    "shortlist_size": 5,
    "rows": 7,
    "targets": 7,
    "best_candidate_recall_mean": 0.7142857142857143,
    "top3_candidate_recall_mean": 0.4761904761904762,
    "best_candidate_family_recall_mean": 1.0,
    "top3_candidate_family_recall_mean": 0.8095238095238095,
    "validation_regret_mean": 7.424655868896021e-05,
    "normalized_validation_regret_mean": 0.00230057113394302,
    "test_regret_mean": -0.0013482110840933553,
    "removed_fraction": 0.75,
    "selected_family_count_mean": 5.0,
    "removed_family_fraction_mean": 0.6875,
    "passes_90pct_recall_at_50pct_removal": false
  },
  {
    "encoder": "vit_b16",
    "method": "dpp_subspace",
    "shortlist_size": 10,
    "rows": 7,
    "targets": 7,
    "best_candidate_recall_mean": 1.0,
    "top3_candidate_recall_mean": 0.9047619047619048,
    "best_candidate_family_recall_mean": 1.0,
    "top3_candidate_family_recall_mean": 0.9523809523809523,
    "validation_regret_mean": 0.0,
    "normalized_validation_regret_mean": 0.0,
    "test_regret_mean": 0.0,
    "removed_fraction": 0.5,
    "selected_family_count_mean": 9.0,
    "removed_family_fraction_mean": 0.4375,
    "passes_90pct_recall_at_50pct_removal": true
  },
  {
    "encoder": "vit_b16",
    "method": "facility_subspace",
    "shortlist_size": 3,
    "rows": 7,
    "targets": 7,
    "best_candidate_recall_mean": 0.2857142857142857,
    "top3_candidate_recall_mean": 0.3333333333333333,
    "best_candidate_family_recall_mean": 0.2857142857142857,
    "top3_candidate_family_recall_mean": 0.38095238095238093,
    "validation_regret_mean": 0.0034951752580751894,
    "normalized_validation_regret_mean": 0.11149398828540928,
    "test_regret_mean": 0.0027491654668535697,
    "removed_fraction": 0.85,
    "selected_family_count_mean": 3.0,
    "removed_family_fraction_mean": 0.8125,
    "passes_90pct_recall_at_50pct_removal": false
  },
  {
    "encoder": "vit_b16",
    "method": "facility_subspace",
    "shortlist_size": 5,
    "rows": 7,
    "targets": 7,
    "best_candidate_recall_mean": 0.5714285714285714,
    "top3_candidate_recall_mean": 0.4761904761904762,
    "best_candidate_family_recall_mean": 0.5714285714285714,
    "top3_candidate_family_recall_mean": 0.5238095238095238,
    "validation_regret_mean": 0.001267931150606432,
    "normalized_validation_regret_mean": 0.04931652178547167,
    "test_regret_mean": 0.0006388119288853426,
    "removed_fraction": 0.75,
    "selected_family_count_mean": 5.0,
    "removed_family_fraction_mean": 0.6875,
    "passes_90pct_recall_at_50pct_removal": false
  },
  {
    "encoder": "vit_b16",
    "method": "facility_subspace",
    "shortlist_size": 10,
    "rows": 7,
    "targets": 7,
    "best_candidate_recall_mean": 0.5714285714285714,
    "top3_candidate_recall_mean": 0.5714285714285714,
    "best_candidate_family_recall_mean": 0.5714285714285714,
    "top3_candidate_family_recall_mean": 0.619047619047619,
    "validation_regret_mean": 0.001267931150606432,
    "normalized_validation_regret_mean": 0.04931652178547167,
    "test_regret_mean": 0.0006388119288853426,
    "removed_fraction": 0.5,
    "selected_family_count_mean": 10.0,
    "removed_family_fraction_mean": 0.375,
    "passes_90pct_recall_at_50pct_removal": false
  },
  {
    "encoder": "vit_b16",
    "method": "kcenter_subspace",
    "shortlist_size": 3,
    "rows": 7,
    "targets": 7,
    "best_candidate_recall_mean": 0.42857142857142855,
    "top3_candidate_recall_mean": 0.2857142857142857,
    "best_candidate_family_recall_mean": 0.42857142857142855,
    "top3_candidate_family_recall_mean": 0.3333333333333333,
    "validation_regret_mean": 0.0015450619732619378,
    "normalized_validation_regret_mean": 0.049348491759165745,
    "test_regret_mean": -0.0003967898232596277,
    "removed_fraction": 0.85,
    "selected_family_count_mean": 3.0,
    "removed_family_fraction_mean": 0.8125,
    "passes_90pct_recall_at_50pct_removal": false
  },
  {
    "encoder": "vit_b16",
    "method": "kcenter_subspace",
    "shortlist_size": 5,
    "rows": 7,
    "targets": 7,
    "best_candidate_recall_mean": 0.42857142857142855,
    "top3_candidate_recall_mean": 0.2857142857142857,
    "best_candidate_family_recall_mean": 0.42857142857142855,
    "top3_candidate_family_recall_mean": 0.3333333333333333,
    "validation_regret_mean": 0.001296374903926962,
    "normalized_validation_regret_mean": 0.040031736094389855,
    "test_regret_mean": 0.0016121387481689406,
    "removed_fraction": 0.75,
    "selected_family_count_mean": 5.0,
    "removed_family_fraction_mean": 0.6875,
    "passes_90pct_recall_at_50pct_removal": false
  },
  {
    "encoder": "vit_b16",
    "method": "kcenter_subspace",
    "shortlist_size": 10,
    "rows": 7,
    "targets": 7,
    "best_candidate_recall_mean": 0.7142857142857143,
    "top3_candidate_recall_mean": 0.5238095238095238,
    "best_candidate_family_recall_mean": 0.7142857142857143,
    "top3_candidate_family_recall_mean": 0.5714285714285714,
    "validation_regret_mean": 7.424655868896021e-05,
    "normalized_validation_regret_mean": 0.00230057113394302,
    "test_regret_mean": -0.0013482110840933553,
    "removed_fraction": 0.5,
    "selected_family_count_mean": 10.0,
    "removed_family_fraction_mean": 0.375,
    "passes_90pct_recall_at_50pct_removal": false
  },
  {
    "encoder": "vit_b16",
    "method": "pool_vendi_subspace",
    "shortlist_size": 3,
    "rows": 7,
    "targets": 7,
    "best_candidate_recall_mean": 0.42857142857142855,
    "top3_candidate_recall_mean": 0.2857142857142857,
    "best_candidate_family_recall_mean": 0.42857142857142855,
    "top3_candidate_family_recall_mean": 0.3333333333333333,
    "validation_regret_mean": 0.0015450619732619378,
    "normalized_validation_regret_mean": 0.049348491759165745,
    "test_regret_mean": -0.0003967898232596277,
    "removed_fraction": 0.85,
    "selected_family_count_mean": 3.0,
    "removed_family_fraction_mean": 0.8125,
    "passes_90pct_recall_at_50pct_removal": false
  },
  {
    "encoder": "vit_b16",
    "method": "pool_vendi_subspace",
    "shortlist_size": 5,
    "rows": 7,
    "targets": 7,
    "best_candidate_recall_mean": 0.7142857142857143,
    "top3_candidate_recall_mean": 0.42857142857142855,
    "best_candidate_family_recall_mean": 0.7142857142857143,
    "top3_candidate_family_recall_mean": 0.4761904761904762,
    "validation_regret_mean": 7.424655868896021e-05,
    "normalized_validation_regret_mean": 0.00230057113394302,
    "test_regret_mean": -0.0013482110840933553,
    "removed_fraction": 0.75,
    "selected_family_count_mean": 5.0,
    "removed_family_fraction_mean": 0.6875,
    "passes_90pct_recall_at_50pct_removal": false
  },
  {
    "encoder": "vit_b16",
    "method": "pool_vendi_subspace",
    "shortlist_size": 10,
    "rows": 7,
    "targets": 7,
    "best_candidate_recall_mean": 0.7142857142857143,
    "top3_candidate_recall_mean": 0.5238095238095238,
    "best_candidate_family_recall_mean": 0.7142857142857143,
    "top3_candidate_family_recall_mean": 0.5714285714285714,
    "validation_regret_mean": 7.424655868896021e-05,
    "normalized_validation_regret_mean": 0.00230057113394302,
    "test_regret_mean": -0.0013482110840933553,
    "removed_fraction": 0.5,
    "selected_family_count_mean": 10.0,
    "removed_family_fraction_mean": 0.375,
    "passes_90pct_recall_at_50pct_removal": false
  },
  {
    "encoder": "vit_b16",
    "method": "random",
    "shortlist_size": 3,
    "rows": 700,
    "targets": 7,
    "best_candidate_recall_mean": 0.16285714285714287,
    "top3_candidate_recall_mean": 0.14857142857142858,
    "best_candidate_family_recall_mean": 0.19285714285714287,
    "top3_candidate_family_recall_mean": 0.19761904761904758,
    "validation_regret_mean": 0.005700779777231529,
    "normalized_validation_regret_mean": 0.19651007222233532,
    "test_regret_mean": 0.006279955353055691,
    "removed_fraction": 0.85,
    "selected_family_count_mean": 2.9171428571428573,
    "removed_family_fraction_mean": 0.8176785714285715,
    "passes_90pct_recall_at_50pct_removal": false
  },
  {
    "encoder": "vit_b16",
    "method": "random",
    "shortlist_size": 5,
    "rows": 700,
    "targets": 7,
    "best_candidate_recall_mean": 0.24428571428571427,
    "top3_candidate_recall_mean": 0.26,
    "best_candidate_family_recall_mean": 0.3157142857142857,
    "top3_candidate_family_recall_mean": 0.3457142857142857,
    "validation_regret_mean": 0.003904252581741757,
    "normalized_validation_regret_mean": 0.13649860303407008,
    "test_regret_mean": 0.004599586231367935,
    "removed_fraction": 0.75,
    "selected_family_count_mean": 4.755714285714285,
    "removed_family_fraction_mean": 0.7027678571428572,
    "passes_90pct_recall_at_50pct_removal": false
  },
  {
    "encoder": "vit_b16",
    "method": "random",
    "shortlist_size": 10,
    "rows": 700,
    "targets": 7,
    "best_candidate_recall_mean": 0.5214285714285715,
    "top3_candidate_recall_mean": 0.5114285714285715,
    "best_candidate_family_recall_mean": 0.5957142857142858,
    "top3_candidate_family_recall_mean": 0.6223809523809524,
    "validation_regret_mean": 0.0016788199823635245,
    "normalized_validation_regret_mean": 0.0570357764692282,
    "test_regret_mean": 0.0024961766345160427,
    "removed_fraction": 0.5,
    "selected_family_count_mean": 8.897142857142857,
    "removed_family_fraction_mean": 0.44392857142857145,
    "passes_90pct_recall_at_50pct_removal": false
  },
  {
    "encoder": "vit_b16",
    "method": "rank_only",
    "shortlist_size": 3,
    "rows": 7,
    "targets": 7,
    "best_candidate_recall_mean": 0.7142857142857143,
    "top3_candidate_recall_mean": 0.5714285714285714,
    "best_candidate_family_recall_mean": 0.7142857142857143,
    "top3_candidate_family_recall_mean": 0.5714285714285714,
    "validation_regret_mean": 0.0014708154145729774,
    "normalized_validation_regret_mean": 0.04704792062522273,
    "test_regret_mean": 0.0009514212608337276,
    "removed_fraction": 0.85,
    "selected_family_count_mean": 2.0,
    "removed_family_fraction_mean": 0.875,
    "passes_90pct_recall_at_50pct_removal": false
  },
  {
    "encoder": "vit_b16",
    "method": "rank_only",
    "shortlist_size": 5,
    "rows": 7,
    "targets": 7,
    "best_candidate_recall_mean": 1.0,
    "top3_candidate_recall_mean": 0.761904761904762,
    "best_candidate_family_recall_mean": 1.0,
    "top3_candidate_family_recall_mean": 0.761904761904762,
    "validation_regret_mean": 0.0,
    "normalized_validation_regret_mean": 0.0,
    "test_regret_mean": 0.0,
    "removed_fraction": 0.75,
    "selected_family_count_mean": 4.0,
    "removed_family_fraction_mean": 0.75,
    "passes_90pct_recall_at_50pct_removal": true
  },
  {
    "encoder": "vit_b16",
    "method": "rank_only",
    "shortlist_size": 10,
    "rows": 7,
    "targets": 7,
    "best_candidate_recall_mean": 1.0,
    "top3_candidate_recall_mean": 0.9047619047619048,
    "best_candidate_family_recall_mean": 1.0,
    "top3_candidate_family_recall_mean": 0.9047619047619048,
    "validation_regret_mean": 0.0,
    "normalized_validation_regret_mean": 0.0,
    "test_regret_mean": 0.0,
    "removed_fraction": 0.5,
    "selected_family_count_mean": 7.0,
    "removed_family_fraction_mean": 0.5625,
    "passes_90pct_recall_at_50pct_removal": true
  }
]
SOURCE_DONE=breastmnist COMPLETED=2/21
[
  {
    "encoder": "vit_b16",
    "method": "dpp_subspace",
    "shortlist_size": 3,
    "rows": 7,
    "targets": 7,
    "best_candidate_recall_mean": 0.7142857142857143,
    "top3_candidate_recall_mean": 0.4761904761904762,
    "best_candidate_family_recall_mean": 1.0,
    "top3_candidate_family_recall_mean": 0.7142857142857143,
    "validation_regret_mean": 7.424655868896021e-05,
    "normalized_validation_regret_mean": 0.00230057113394302,
    "test_regret_mean": -0.0013482110840933553,
    "removed_fraction": 0.85,
    "selected_family_count_mean": 3.0,
    "removed_family_fraction_mean": 0.8125,
    "passes_90pct_recall_at_50pct_removal": false
  },
  {
    "encoder": "vit_b16",
    "method": "dpp_subspace",
    "shortlist_size": 5,
    "rows": 7,
    "targets": 7,
    "best_candidate_recall_mean": 1.0,
    "top3_candidate_recall_mean": 0.7142857142857143,
    "best_candidate_family_recall_mean": 1.0,
    "top3_candidate_family_recall_mean": 0.7619047619047619,
    "validation_regret_mean": 0.0,
    "normalized_validation_regret_mean": 0.0,
    "test_regret_mean": 0.0,
    "removed_fraction": 0.75,
    "selected_family_count_mean": 4.0,
    "removed_family_fraction_mean": 0.75,
    "passes_90pct_recall_at_50pct_removal": true
  },
  {
    "encoder": "vit_b16",
    "method": "dpp_subspace",
    "shortlist_size": 10,
    "rows": 7,
    "targets": 7,
    "best_candidate_recall_mean": 1.0,
    "top3_candidate_recall_mean": 0.8571428571428571,
    "best_candidate_family_recall_mean": 1.0,
    "top3_candidate_family_recall_mean": 0.9047619047619048,
    "validation_regret_mean": 0.0,
    "normalized_validation_regret_mean": 0.0,
    "test_regret_mean": 0.0,
    "removed_fraction": 0.5,
    "selected_family_count_mean": 9.0,
    "removed_family_fraction_mean": 0.4375,
    "passes_90pct_recall_at_50pct_removal": true
  },
  {
    "encoder": "vit_b16",
    "method": "facility_subspace",
    "shortlist_size": 3,
    "rows": 7,
    "targets": 7,
    "best_candidate_recall_mean": 0.2857142857142857,
    "top3_candidate_recall_mean": 0.2857142857142857,
    "best_candidate_family_recall_mean": 0.2857142857142857,
    "top3_candidate_family_recall_mean": 0.3333333333333333,
    "validation_regret_mean": 0.0034951752580751894,
    "normalized_validation_regret_mean": 0.11149398828540928,
    "test_regret_mean": 0.0027491654668535697,
    "removed_fraction": 0.85,
    "selected_family_count_mean": 3.0,
    "removed_family_fraction_mean": 0.8125,
    "passes_90pct_recall_at_50pct_removal": false
  },
  {
    "encoder": "vit_b16",
    "method": "facility_subspace",
    "shortlist_size": 5,
    "rows": 7,
    "targets": 7,
    "best_candidate_recall_mean": 0.5714285714285714,
    "top3_candidate_recall_mean": 0.4761904761904762,
    "best_candidate_family_recall_mean": 0.5714285714285714,
    "top3_candidate_family_recall_mean": 0.5238095238095238,
    "validation_regret_mean": 0.001267931150606432,
    "normalized_validation_regret_mean": 0.04931652178547167,
    "test_regret_mean": 0.0006388119288853426,
    "removed_fraction": 0.75,
    "selected_family_count_mean": 5.0,
    "removed_family_fraction_mean": 0.6875,
    "passes_90pct_recall_at_50pct_removal": false
  },
  {
    "encoder": "vit_b16",
    "method": "facility_subspace",
    "shortlist_size": 10,
    "rows": 7,
    "targets": 7,
    "best_candidate_recall_mean": 0.5714285714285714,
    "top3_candidate_recall_mean": 0.5714285714285714,
    "best_candidate_family_recall_mean": 0.5714285714285714,
    "top3_candidate_family_recall_mean": 0.619047619047619,
    "validation_regret_mean": 0.001267931150606432,
    "normalized_validation_regret_mean": 0.04931652178547167,
    "test_regret_mean": 0.0006388119288853426,
    "removed_fraction": 0.5,
    "selected_family_count_mean": 10.0,
    "removed_family_fraction_mean": 0.375,
    "passes_90pct_recall_at_50pct_removal": false
  },
  {
    "encoder": "vit_b16",
    "method": "kcenter_subspace",
    "shortlist_size": 3,
    "rows": 7,
    "targets": 7,
    "best_candidate_recall_mean": 0.42857142857142855,
    "top3_candidate_recall_mean": 0.2857142857142857,
    "best_candidate_family_recall_mean": 0.42857142857142855,
    "top3_candidate_family_recall_mean": 0.3333333333333333,
    "validation_regret_mean": 0.0015450619732619378,
    "normalized_validation_regret_mean": 0.049348491759165745,
    "test_regret_mean": -0.0003967898232596277,
    "removed_fraction": 0.85,
    "selected_family_count_mean": 3.0,
    "removed_family_fraction_mean": 0.8125,
    "passes_90pct_recall_at_50pct_removal": false
  },
  {
    "encoder": "vit_b16",
    "method": "kcenter_subspace",
    "shortlist_size": 5,
    "rows": 7,
    "targets": 7,
    "best_candidate_recall_mean": 0.42857142857142855,
    "top3_candidate_recall_mean": 0.2857142857142857,
    "best_candidate_family_recall_mean": 0.42857142857142855,
    "top3_candidate_family_recall_mean": 0.3333333333333333,
    "validation_regret_mean": 0.001296374903926962,
    "normalized_validation_regret_mean": 0.040031736094389855,
    "test_regret_mean": 0.0016121387481689406,
    "removed_fraction": 0.75,
    "selected_family_count_mean": 5.0,
    "removed_family_fraction_mean": 0.6875,
    "passes_90pct_recall_at_50pct_removal": false
  },
  {
    "encoder": "vit_b16",
    "method": "kcenter_subspace",
    "shortlist_size": 10,
    "rows": 7,
    "targets": 7,
    "best_candidate_recall_mean": 0.7142857142857143,
    "top3_candidate_recall_mean": 0.5714285714285714,
    "best_candidate_family_recall_mean": 0.7142857142857143,
    "top3_candidate_family_recall_mean": 0.619047619047619,
    "validation_regret_mean": 7.424655868896021e-05,
    "normalized_validation_regret_mean": 0.00230057113394302,
    "test_regret_mean": -0.0013482110840933553,
    "removed_fraction": 0.5,
    "selected_family_count_mean": 10.0,
    "removed_family_fraction_mean": 0.375,
    "passes_90pct_recall_at_50pct_removal": false
  },
  {
    "encoder": "vit_b16",
    "method": "pool_vendi_subspace",
    "shortlist_size": 3,
    "rows": 7,
    "targets": 7,
    "best_candidate_recall_mean": 0.42857142857142855,
    "top3_candidate_recall_mean": 0.2857142857142857,
    "best_candidate_family_recall_mean": 0.42857142857142855,
    "top3_candidate_family_recall_mean": 0.3333333333333333,
    "validation_regret_mean": 0.0015450619732619378,
    "normalized_validation_regret_mean": 0.049348491759165745,
    "test_regret_mean": -0.0003967898232596277,
    "removed_fraction": 0.85,
    "selected_family_count_mean": 3.0,
    "removed_family_fraction_mean": 0.8125,
    "passes_90pct_recall_at_50pct_removal": false
  },
  {
    "encoder": "vit_b16",
    "method": "pool_vendi_subspace",
    "shortlist_size": 5,
    "rows": 7,
    "targets": 7,
    "best_candidate_recall_mean": 0.7142857142857143,
    "top3_candidate_recall_mean": 0.4761904761904762,
    "best_candidate_family_recall_mean": 0.7142857142857143,
    "top3_candidate_family_recall_mean": 0.5238095238095238,
    "validation_regret_mean": 7.424655868896021e-05,
    "normalized_validation_regret_mean": 0.00230057113394302,
    "test_regret_mean": -0.0013482110840933553,
    "removed_fraction": 0.75,
    "selected_family_count_mean": 5.0,
    "removed_family_fraction_mean": 0.6875,
    "passes_90pct_recall_at_50pct_removal": false
  },
  {
    "encoder": "vit_b16",
    "method": "pool_vendi_subspace",
    "shortlist_size": 10,
    "rows": 7,
    "targets": 7,
    "best_candidate_recall_mean": 0.7142857142857143,
    "top3_candidate_recall_mean": 0.5714285714285714,
    "best_candidate_family_recall_mean": 0.7142857142857143,
    "top3_candidate_family_recall_mean": 0.619047619047619,
    "validation_regret_mean": 7.424655868896021e-05,
    "normalized_validation_regret_mean": 0.00230057113394302,
    "test_regret_mean": -0.0013482110840933553,
    "removed_fraction": 0.5,
    "selected_family_count_mean": 10.0,
    "removed_family_fraction_mean": 0.375,
    "passes_90pct_recall_at_50pct_removal": false
  },
  {
    "encoder": "vit_b16",
    "method": "random",
    "shortlist_size": 3,
    "rows": 700,
    "targets": 7,
    "best_candidate_recall_mean": 0.16285714285714287,
    "top3_candidate_recall_mean": 0.1495238095238095,
    "best_candidate_family_recall_mean": 0.19285714285714287,
    "top3_candidate_family_recall_mean": 0.19142857142857142,
    "validation_regret_mean": 0.005836006754023967,
    "normalized_validation_regret_mean": 0.20217945877066748,
    "test_regret_mean": 0.006564997468675894,
    "removed_fraction": 0.85,
    "selected_family_count_mean": 2.9171428571428573,
    "removed_family_fraction_mean": 0.8176785714285715,
    "passes_90pct_recall_at_50pct_removal": false
  },
  {
    "encoder": "vit_b16",
    "method": "random",
    "shortlist_size": 5,
    "rows": 700,
    "targets": 7,
    "best_candidate_recall_mean": 0.24428571428571427,
    "top3_candidate_recall_mean": 0.2557142857142857,
    "best_candidate_family_recall_mean": 0.3157142857142857,
    "top3_candidate_family_recall_mean": 0.33190476190476187,
    "validation_regret_mean": 0.003983094339724122,
    "normalized_validation_regret_mean": 0.13991722720130634,
    "test_regret_mean": 0.0048708217399461,
    "removed_fraction": 0.75,
    "selected_family_count_mean": 4.755714285714285,
    "removed_family_fraction_mean": 0.7027678571428572,
    "passes_90pct_recall_at_50pct_removal": false
  },
  {
    "encoder": "vit_b16",
    "method": "random",
    "shortlist_size": 10,
    "rows": 700,
    "targets": 7,
    "best_candidate_recall_mean": 0.5214285714285715,
    "top3_candidate_recall_mean": 0.5066666666666666,
    "best_candidate_family_recall_mean": 0.5957142857142858,
    "top3_candidate_family_recall_mean": 0.6047619047619048,
    "validation_regret_mean": 0.0016957291978251653,
    "normalized_validation_regret_mean": 0.057981278893640735,
    "test_regret_mean": 0.0026912197044917587,
    "removed_fraction": 0.5,
    "selected_family_count_mean": 8.897142857142857,
    "removed_family_fraction_mean": 0.44392857142857145,
    "passes_90pct_recall_at_50pct_removal": false
  },
  {
    "encoder": "vit_b16",
    "method": "rank_only",
    "shortlist_size": 3,
    "rows": 7,
    "targets": 7,
    "best_candidate_recall_mean": 0.7142857142857143,
    "top3_candidate_recall_mean": 0.5238095238095237,
    "best_candidate_family_recall_mean": 0.7142857142857143,
    "top3_candidate_family_recall_mean": 0.5238095238095237,
    "validation_regret_mean": 0.0014708154145729774,
    "normalized_validation_regret_mean": 0.04704792062522273,
    "test_regret_mean": 0.0009514212608337276,
    "removed_fraction": 0.85,
    "selected_family_count_mean": 2.0,
    "removed_family_fraction_mean": 0.875,
    "passes_90pct_recall_at_50pct_removal": false
  },
  {
    "encoder": "vit_b16",
    "method": "rank_only",
    "shortlist_size": 5,
    "rows": 7,
    "targets": 7,
    "best_candidate_recall_mean": 1.0,
    "top3_candidate_recall_mean": 0.7142857142857143,
    "best_candidate_family_recall_mean": 1.0,
    "top3_candidate_family_recall_mean": 0.7619047619047619,
    "validation_regret_mean": 0.0,
    "normalized_validation_regret_mean": 0.0,
    "test_regret_mean": 0.0,
    "removed_fraction": 0.75,
    "selected_family_count_mean": 4.0,
    "removed_family_fraction_mean": 0.75,
    "passes_90pct_recall_at_50pct_removal": true
  },
  {
    "encoder": "vit_b16",
    "method": "rank_only",
    "shortlist_size": 10,
    "rows": 7,
    "targets": 7,
    "best_candidate_recall_mean": 1.0,
    "top3_candidate_recall_mean": 0.8571428571428571,
    "best_candidate_family_recall_mean": 1.0,
    "top3_candidate_family_recall_mean": 0.8571428571428571,
    "validation_regret_mean": 0.0,
    "normalized_validation_regret_mean": 0.0,
    "test_regret_mean": 0.0,
    "removed_fraction": 0.5,
    "selected_family_count_mean": 7.0,
    "removed_family_fraction_mean": 0.5625,
    "passes_90pct_recall_at_50pct_removal": true
  }
]
SOURCE_DONE=cifar10 COMPLETED=3/21
[
  {
    "encoder": "vit_b16",
    "method": "dpp_subspace",
    "shortlist_size": 3,
    "rows": 7,
    "targets": 7,
    "best_candidate_recall_mean": 1.0,
    "top3_candidate_recall_mean": 0.5238095238095238,
    "best_candidate_family_recall_mean": 1.0,
    "top3_candidate_family_recall_mean": 0.5714285714285714,
    "validation_regret_mean": 0.0,
    "normalized_validation_regret_mean": 0.0,
    "test_regret_mean": 0.0,
    "removed_fraction": 0.85,
    "selected_family_count_mean": 3.0,
    "removed_family_fraction_mean": 0.8235294117647057,
    "passes_90pct_recall_at_50pct_removal": true
  },
  {
    "encoder": "vit_b16",
    "method": "dpp_subspace",
    "shortlist_size": 5,
    "rows": 7,
    "targets": 7,
    "best_candidate_recall_mean": 1.0,
    "top3_candidate_recall_mean": 0.5714285714285714,
    "best_candidate_family_recall_mean": 1.0,
    "top3_candidate_family_recall_mean": 0.7380952380952381,
    "validation_regret_mean": 0.0,
    "normalized_validation_regret_mean": 0.0,
    "test_regret_mean": 0.0,
    "removed_fraction": 0.75,
    "selected_family_count_mean": 5.0,
    "removed_family_fraction_mean": 0.7058823529411765,
    "passes_90pct_recall_at_50pct_removal": true
  },
  {
    "encoder": "vit_b16",
    "method": "dpp_subspace",
    "shortlist_size": 10,
    "rows": 7,
    "targets": 7,
    "best_candidate_recall_mean": 1.0,
    "top3_candidate_recall_mean": 0.7142857142857143,
    "best_candidate_family_recall_mean": 1.0,
    "top3_candidate_family_recall_mean": 0.8809523809523808,
    "validation_regret_mean": 0.0,
    "normalized_validation_regret_mean": 0.0,
    "test_regret_mean": 0.0,
    "removed_fraction": 0.5,
    "selected_family_count_mean": 10.0,
    "removed_family_fraction_mean": 0.41176470588235287,
    "passes_90pct_recall_at_50pct_removal": true
  },
  {
    "encoder": "vit_b16",
    "method": "facility_subspace",
    "shortlist_size": 3,
    "rows": 7,
    "targets": 7,
    "best_candidate_recall_mean": 0.0,
    "top3_candidate_recall_mean": 0.09523809523809523,
    "best_candidate_family_recall_mean": 0.0,
    "top3_candidate_family_recall_mean": 0.23809523809523808,
    "validation_regret_mean": 0.006859745730851201,
    "normalized_validation_regret_mean": 0.23041664971004644,
    "test_regret_mean": 0.007154519217354914,
    "removed_fraction": 0.85,
    "selected_family_count_mean": 3.0,
    "removed_family_fraction_mean": 0.8235294117647057,
    "passes_90pct_recall_at_50pct_removal": false
  },
  {
    "encoder": "vit_b16",
    "method": "facility_subspace",
    "shortlist_size": 5,
    "rows": 7,
    "targets": 7,
    "best_candidate_recall_mean": 0.0,
    "top3_candidate_recall_mean": 0.09523809523809523,
    "best_candidate_family_recall_mean": 0.0,
    "top3_candidate_family_recall_mean": 0.23809523809523808,
    "validation_regret_mean": 0.006859745730851201,
    "normalized_validation_regret_mean": 0.23041664971004644,
    "test_regret_mean": 0.007154519217354914,
    "removed_fraction": 0.75,
    "selected_family_count_mean": 5.0,
    "removed_family_fraction_mean": 0.7058823529411765,
    "passes_90pct_recall_at_50pct_removal": false
  },
  {
    "encoder": "vit_b16",
    "method": "facility_subspace",
    "shortlist_size": 10,
    "rows": 7,
    "targets": 7,
    "best_candidate_recall_mean": 0.0,
    "top3_candidate_recall_mean": 0.23809523809523808,
    "best_candidate_family_recall_mean": 0.0,
    "top3_candidate_family_recall_mean": 0.38095238095238093,
    "validation_regret_mean": 0.005423794711939346,
    "normalized_validation_regret_mean": 0.18416173221881493,
    "test_regret_mean": 0.010618799924850462,
    "removed_fraction": 0.5,
    "selected_family_count_mean": 10.0,
    "removed_family_fraction_mean": 0.41176470588235287,
    "passes_90pct_recall_at_50pct_removal": false
  },
  {
    "encoder": "vit_b16",
    "method": "kcenter_subspace",
    "shortlist_size": 3,
    "rows": 7,
    "targets": 7,
    "best_candidate_recall_mean": 0.7142857142857143,
    "top3_candidate_recall_mean": 0.3333333333333333,
    "best_candidate_family_recall_mean": 0.7142857142857143,
    "top3_candidate_family_recall_mean": 0.4047619047619047,
    "validation_regret_mean": 0.0014708154145729774,
    "normalized_validation_regret_mean": 0.04704792062522273,
    "test_regret_mean": 0.0009514212608337276,
    "removed_fraction": 0.85,
    "selected_family_count_mean": 3.0,
    "removed_family_fraction_mean": 0.8235294117647057,
    "passes_90pct_recall_at_50pct_removal": false
  },
  {
    "encoder": "vit_b16",
    "method": "kcenter_subspace",
    "shortlist_size": 5,
    "rows": 7,
    "targets": 7,
    "best_candidate_recall_mean": 0.7142857142857143,
    "top3_candidate_recall_mean": 0.3333333333333333,
    "best_candidate_family_recall_mean": 0.7142857142857143,
    "top3_candidate_family_recall_mean": 0.4047619047619047,
    "validation_regret_mean": 0.0012221283452380019,
    "normalized_validation_regret_mean": 0.03773116496044683,
    "test_regret_mean": 0.0029603498322622957,
    "removed_fraction": 0.75,
    "selected_family_count_mean": 5.0,
    "removed_family_fraction_mean": 0.7058823529411765,
    "passes_90pct_recall_at_50pct_removal": false
  },
  {
    "encoder": "vit_b16",
    "method": "kcenter_subspace",
    "shortlist_size": 10,
    "rows": 7,
    "targets": 7,
    "best_candidate_recall_mean": 1.0,
    "top3_candidate_recall_mean": 0.619047619047619,
    "best_candidate_family_recall_mean": 1.0,
    "top3_candidate_family_recall_mean": 0.6904761904761905,
    "validation_regret_mean": 0.0,
    "normalized_validation_regret_mean": 0.0,
    "test_regret_mean": 0.0,
    "removed_fraction": 0.5,
    "selected_family_count_mean": 10.0,
    "removed_family_fraction_mean": 0.41176470588235287,
    "passes_90pct_recall_at_50pct_removal": true
  },
  {
    "encoder": "vit_b16",
    "method": "pool_vendi_subspace",
    "shortlist_size": 3,
    "rows": 7,
    "targets": 7,
    "best_candidate_recall_mean": 0.7142857142857143,
    "top3_candidate_recall_mean": 0.3333333333333333,
    "best_candidate_family_recall_mean": 0.7142857142857143,
    "top3_candidate_family_recall_mean": 0.4047619047619047,
    "validation_regret_mean": 0.0014708154145729774,
    "normalized_validation_regret_mean": 0.04704792062522273,
    "test_regret_mean": 0.0009514212608337276,
    "removed_fraction": 0.85,
    "selected_family_count_mean": 3.0,
    "removed_family_fraction_mean": 0.8235294117647057,
    "passes_90pct_recall_at_50pct_removal": false
  },
  {
    "encoder": "vit_b16",
    "method": "pool_vendi_subspace",
    "shortlist_size": 5,
    "rows": 7,
    "targets": 7,
    "best_candidate_recall_mean": 1.0,
    "top3_candidate_recall_mean": 0.5238095238095238,
    "best_candidate_family_recall_mean": 1.0,
    "top3_candidate_family_recall_mean": 0.5952380952380951,
    "validation_regret_mean": 0.0,
    "normalized_validation_regret_mean": 0.0,
    "test_regret_mean": 0.0,
    "removed_fraction": 0.75,
    "selected_family_count_mean": 5.0,
    "removed_family_fraction_mean": 0.7058823529411765,
    "passes_90pct_recall_at_50pct_removal": true
  },
  {
    "encoder": "vit_b16",
    "method": "pool_vendi_subspace",
    "shortlist_size": 10,
    "rows": 7,
    "targets": 7,
    "best_candidate_recall_mean": 1.0,
    "top3_candidate_recall_mean": 0.619047619047619,
    "best_candidate_family_recall_mean": 1.0,
    "top3_candidate_family_recall_mean": 0.6904761904761905,
    "validation_regret_mean": 0.0,
    "normalized_validation_regret_mean": 0.0,
    "test_regret_mean": 0.0,
    "removed_fraction": 0.5,
    "selected_family_count_mean": 10.0,
    "removed_family_fraction_mean": 0.41176470588235287,
    "passes_90pct_recall_at_50pct_removal": true
  },
  {
    "encoder": "vit_b16",
    "method": "random",
    "shortlist_size": 3,
    "rows": 700,
    "targets": 7,
    "best_candidate_recall_mean": 0.14857142857142858,
    "top3_candidate_recall_mean": 0.14904761904761904,
    "best_candidate_family_recall_mean": 0.14857142857142858,
    "top3_candidate_family_recall_mean": 0.18595238095238095,
    "validation_regret_mean": 0.006299937556481464,
    "normalized_validation_regret_mean": 0.21962771911245682,
    "test_regret_mean": 0.008181598739964619,
    "removed_fraction": 0.85,
    "selected_family_count_mean": 2.9314285714285715,
    "removed_family_fraction_mean": 0.827563025210084,
    "passes_90pct_recall_at_50pct_removal": false
  },
  {
    "encoder": "vit_b16",
    "method": "random",
    "shortlist_size": 5,
    "rows": 700,
    "targets": 7,
    "best_candidate_recall_mean": 0.24714285714285714,
    "top3_candidate_recall_mean": 0.2557142857142857,
    "best_candidate_family_recall_mean": 0.24714285714285714,
    "top3_candidate_family_recall_mean": 0.3102380952380952,
    "validation_regret_mean": 0.004456024802274129,
    "normalized_validation_regret_mean": 0.15789665837656203,
    "test_regret_mean": 0.006577129891940521,
    "removed_fraction": 0.75,
    "selected_family_count_mean": 4.805714285714286,
    "removed_family_fraction_mean": 0.7173109243697479,
    "passes_90pct_recall_at_50pct_removal": false
  },
  {
    "encoder": "vit_b16",
    "method": "random",
    "shortlist_size": 10,
    "rows": 700,
    "targets": 7,
    "best_candidate_recall_mean": 0.5185714285714286,
    "top3_candidate_recall_mean": 0.5138095238095237,
    "best_candidate_family_recall_mean": 0.5185714285714286,
    "top3_candidate_family_recall_mean": 0.575,
    "validation_regret_mean": 0.0022093817737299207,
    "normalized_validation_regret_mean": 0.07650126458734292,
    "test_regret_mean": 0.004065646427018299,
    "removed_fraction": 0.5,
    "selected_family_count_mean": 9.137142857142857,
    "removed_family_fraction_mean": 0.4625210084033613,
    "passes_90pct_recall_at_50pct_removal": false
  },
  {
    "encoder": "vit_b16",
    "method": "rank_only",
    "shortlist_size": 3,
    "rows": 7,
    "targets": 7,
    "best_candidate_recall_mean": 1.0,
    "top3_candidate_recall_mean": 0.5238095238095238,
    "best_candidate_family_recall_mean": 1.0,
    "top3_candidate_family_recall_mean": 0.5714285714285714,
    "validation_regret_mean": 0.0,
    "normalized_validation_regret_mean": 0.0,
    "test_regret_mean": 0.0,
    "removed_fraction": 0.85,
    "selected_family_count_mean": 3.0,
    "removed_family_fraction_mean": 0.8235294117647057,
    "passes_90pct_recall_at_50pct_removal": true
  },
  {
    "encoder": "vit_b16",
    "method": "rank_only",
    "shortlist_size": 5,
    "rows": 7,
    "targets": 7,
    "best_candidate_recall_mean": 1.0,
    "top3_candidate_recall_mean": 0.5714285714285714,
    "best_candidate_family_recall_mean": 1.0,
    "top3_candidate_family_recall_mean": 0.7380952380952381,
    "validation_regret_mean": 0.0,
    "normalized_validation_regret_mean": 0.0,
    "test_regret_mean": 0.0,
    "removed_fraction": 0.75,
    "selected_family_count_mean": 5.0,
    "removed_family_fraction_mean": 0.7058823529411765,
    "passes_90pct_recall_at_50pct_removal": true
  },
  {
    "encoder": "vit_b16",
    "method": "rank_only",
    "shortlist_size": 10,
    "rows": 7,
    "targets": 7,
    "best_candidate_recall_mean": 1.0,
    "top3_candidate_recall_mean": 0.8095238095238094,
    "best_candidate_family_recall_mean": 1.0,
    "top3_candidate_family_recall_mean": 0.8333333333333333,
    "validation_regret_mean": 0.0,
    "normalized_validation_regret_mean": 0.0,
    "test_regret_mean": 0.0,
    "removed_fraction": 0.5,
    "selected_family_count_mean": 8.0,
    "removed_family_fraction_mean": 0.5294117647058824,
    "passes_90pct_recall_at_50pct_removal": true
  }
]
SOURCE_DONE=cifar100 COMPLETED=4/21
[
  {
    "encoder": "vit_b16",
    "method": "dpp_subspace",
    "shortlist_size": 3,
    "rows": 7,
    "targets": 7,
    "best_candidate_recall_mean": 1.0,
    "top3_candidate_recall_mean": 0.6666666666666666,
    "best_candidate_family_recall_mean": 1.0,
    "top3_candidate_family_recall_mean": 0.6666666666666666,
    "validation_regret_mean": 0.0,
    "normalized_validation_regret_mean": 0.0,
    "test_regret_mean": 0.0,
    "removed_fraction": 0.85,
    "selected_family_count_mean": 3.0,
    "removed_family_fraction_mean": 0.8235294117647057,
    "passes_90pct_recall_at_50pct_removal": true
  },
  {
    "encoder": "vit_b16",
    "method": "dpp_subspace",
    "shortlist_size": 5,
    "rows": 7,
    "targets": 7,
    "best_candidate_recall_mean": 1.0,
    "top3_candidate_recall_mean": 0.7142857142857143,
    "best_candidate_family_recall_mean": 1.0,
    "top3_candidate_family_recall_mean": 0.7619047619047619,
    "validation_regret_mean": 0.0,
    "normalized_validation_regret_mean": 0.0,
    "test_regret_mean": 0.0,
    "removed_fraction": 0.75,
    "selected_family_count_mean": 5.0,
    "removed_family_fraction_mean": 0.7058823529411765,
    "passes_90pct_recall_at_50pct_removal": true
  },
  {
    "encoder": "vit_b16",
    "method": "dpp_subspace",
    "shortlist_size": 10,
    "rows": 7,
    "targets": 7,
    "best_candidate_recall_mean": 1.0,
    "top3_candidate_recall_mean": 0.8571428571428571,
    "best_candidate_family_recall_mean": 1.0,
    "top3_candidate_family_recall_mean": 0.9047619047619048,
    "validation_regret_mean": 0.0,
    "normalized_validation_regret_mean": 0.0,
    "test_regret_mean": 0.0,
    "removed_fraction": 0.5,
    "selected_family_count_mean": 10.0,
    "removed_family_fraction_mean": 0.41176470588235287,
    "passes_90pct_recall_at_50pct_removal": true
  },
  {
    "encoder": "vit_b16",
    "method": "facility_subspace",
    "shortlist_size": 3,
    "rows": 7,
    "targets": 7,
    "best_candidate_recall_mean": 0.0,
    "top3_candidate_recall_mean": 0.09523809523809523,
    "best_candidate_family_recall_mean": 0.0,
    "top3_candidate_family_recall_mean": 0.14285714285714285,
    "validation_regret_mean": 0.006933992289540162,
    "normalized_validation_regret_mean": 0.232246513033488,
    "test_regret_mean": 0.0058063081332615585,
    "removed_fraction": 0.85,
    "selected_family_count_mean": 3.0,
    "removed_family_fraction_mean": 0.8235294117647057,
    "passes_90pct_recall_at_50pct_removal": false
  },
  {
    "encoder": "vit_b16",
    "method": "facility_subspace",
    "shortlist_size": 5,
    "rows": 7,
    "targets": 7,
    "best_candidate_recall_mean": 0.0,
    "top3_candidate_recall_mean": 0.09523809523809523,
    "best_candidate_family_recall_mean": 0.0,
    "top3_candidate_family_recall_mean": 0.14285714285714285,
    "validation_regret_mean": 0.006933992289540162,
    "normalized_validation_regret_mean": 0.232246513033488,
    "test_regret_mean": 0.0058063081332615585,
    "removed_fraction": 0.75,
    "selected_family_count_mean": 5.0,
    "removed_family_fraction_mean": 0.7058823529411765,
    "passes_90pct_recall_at_50pct_removal": false
  },
  {
    "encoder": "vit_b16",
    "method": "facility_subspace",
    "shortlist_size": 10,
    "rows": 7,
    "targets": 7,
    "best_candidate_recall_mean": 0.2857142857142857,
    "top3_candidate_recall_mean": 0.42857142857142866,
    "best_candidate_family_recall_mean": 0.2857142857142857,
    "top3_candidate_family_recall_mean": 0.4761904761904762,
    "validation_regret_mean": 0.002647796152292143,
    "normalized_validation_regret_mean": 0.07974797066925901,
    "test_regret_mean": 0.007213451181139284,
    "removed_fraction": 0.5,
    "selected_family_count_mean": 10.0,
    "removed_family_fraction_mean": 0.41176470588235287,
    "passes_90pct_recall_at_50pct_removal": false
  },
  {
    "encoder": "vit_b16",
    "method": "kcenter_subspace",
    "shortlist_size": 3,
    "rows": 7,
    "targets": 7,
    "best_candidate_recall_mean": 0.42857142857142855,
    "top3_candidate_recall_mean": 0.2857142857142857,
    "best_candidate_family_recall_mean": 0.42857142857142855,
    "top3_candidate_family_recall_mean": 0.3333333333333333,
    "validation_regret_mean": 0.0015450619732619378,
    "normalized_validation_regret_mean": 0.049348491759165745,
    "test_regret_mean": -0.0003967898232596277,
    "removed_fraction": 0.85,
    "selected_family_count_mean": 3.0,
    "removed_family_fraction_mean": 0.8235294117647057,
    "passes_90pct_recall_at_50pct_removal": false
  },
  {
    "encoder": "vit_b16",
    "method": "kcenter_subspace",
    "shortlist_size": 5,
    "rows": 7,
    "targets": 7,
    "best_candidate_recall_mean": 0.42857142857142855,
    "top3_candidate_recall_mean": 0.2857142857142857,
    "best_candidate_family_recall_mean": 0.42857142857142855,
    "top3_candidate_family_recall_mean": 0.3333333333333333,
    "validation_regret_mean": 0.001296374903926962,
    "normalized_validation_regret_mean": 0.040031736094389855,
    "test_regret_mean": 0.0016121387481689406,
    "removed_fraction": 0.75,
    "selected_family_count_mean": 5.0,
    "removed_family_fraction_mean": 0.7058823529411765,
    "passes_90pct_recall_at_50pct_removal": false
  },
  {
    "encoder": "vit_b16",
    "method": "kcenter_subspace",
    "shortlist_size": 10,
    "rows": 7,
    "targets": 7,
    "best_candidate_recall_mean": 0.7142857142857143,
    "top3_candidate_recall_mean": 0.5238095238095238,
    "best_candidate_family_recall_mean": 0.7142857142857143,
    "top3_candidate_family_recall_mean": 0.5714285714285714,
    "validation_regret_mean": 7.424655868896021e-05,
    "normalized_validation_regret_mean": 0.00230057113394302,
    "test_regret_mean": -0.0013482110840933553,
    "removed_fraction": 0.5,
    "selected_family_count_mean": 10.0,
    "removed_family_fraction_mean": 0.41176470588235287,
    "passes_90pct_recall_at_50pct_removal": false
  },
  {
    "encoder": "vit_b16",
    "method": "pool_vendi_subspace",
    "shortlist_size": 3,
    "rows": 7,
    "targets": 7,
    "best_candidate_recall_mean": 0.42857142857142855,
    "top3_candidate_recall_mean": 0.2857142857142857,
    "best_candidate_family_recall_mean": 0.42857142857142855,
    "top3_candidate_family_recall_mean": 0.3333333333333333,
    "validation_regret_mean": 0.0015450619732619378,
    "normalized_validation_regret_mean": 0.049348491759165745,
    "test_regret_mean": -0.0003967898232596277,
    "removed_fraction": 0.85,
    "selected_family_count_mean": 3.0,
    "removed_family_fraction_mean": 0.8235294117647057,
    "passes_90pct_recall_at_50pct_removal": false
  },
  {
    "encoder": "vit_b16",
    "method": "pool_vendi_subspace",
    "shortlist_size": 5,
    "rows": 7,
    "targets": 7,
    "best_candidate_recall_mean": 0.7142857142857143,
    "top3_candidate_recall_mean": 0.42857142857142855,
    "best_candidate_family_recall_mean": 0.7142857142857143,
    "top3_candidate_family_recall_mean": 0.4761904761904762,
    "validation_regret_mean": 7.424655868896021e-05,
    "normalized_validation_regret_mean": 0.00230057113394302,
    "test_regret_mean": -0.0013482110840933553,
    "removed_fraction": 0.75,
    "selected_family_count_mean": 5.0,
    "removed_family_fraction_mean": 0.7058823529411765,
    "passes_90pct_recall_at_50pct_removal": false
  },
  {
    "encoder": "vit_b16",
    "method": "pool_vendi_subspace",
    "shortlist_size": 10,
    "rows": 7,
    "targets": 7,
    "best_candidate_recall_mean": 0.7142857142857143,
    "top3_candidate_recall_mean": 0.5238095238095238,
    "best_candidate_family_recall_mean": 0.7142857142857143,
    "top3_candidate_family_recall_mean": 0.5714285714285714,
    "validation_regret_mean": 7.424655868896021e-05,
    "normalized_validation_regret_mean": 0.00230057113394302,
    "test_regret_mean": -0.0013482110840933553,
    "removed_fraction": 0.5,
    "selected_family_count_mean": 10.0,
    "removed_family_fraction_mean": 0.41176470588235287,
    "passes_90pct_recall_at_50pct_removal": false
  },
  {
    "encoder": "vit_b16",
    "method": "random",
    "shortlist_size": 3,
    "rows": 700,
    "targets": 7,
    "best_candidate_recall_mean": 0.1457142857142857,
    "top3_candidate_recall_mean": 0.1438095238095238,
    "best_candidate_family_recall_mean": 0.1457142857142857,
    "top3_candidate_family_recall_mean": 0.1580952380952381,
    "validation_regret_mean": 0.0058801137242178725,
    "normalized_validation_regret_mean": 0.203507253681535,
    "test_regret_mean": 0.006536125923906063,
    "removed_fraction": 0.85,
    "selected_family_count_mean": 2.9314285714285715,
    "removed_family_fraction_mean": 0.827563025210084,
    "passes_90pct_recall_at_50pct_removal": false
  },
  {
    "encoder": "vit_b16",
    "method": "random",
    "shortlist_size": 5,
    "rows": 700,
    "targets": 7,
    "best_candidate_recall_mean": 0.26857142857142857,
    "top3_candidate_recall_mean": 0.2604761904761905,
    "best_candidate_family_recall_mean": 0.26857142857142857,
    "top3_candidate_family_recall_mean": 0.2847619047619047,
    "validation_regret_mean": 0.0037809335117556116,
    "normalized_validation_regret_mean": 0.1311793572456982,
    "test_regret_mean": 0.004733319972242635,
    "removed_fraction": 0.75,
    "selected_family_count_mean": 4.805714285714286,
    "removed_family_fraction_mean": 0.7173109243697479,
    "passes_90pct_recall_at_50pct_removal": false
  },
  {
    "encoder": "vit_b16",
    "method": "random",
    "shortlist_size": 10,
    "rows": 700,
    "targets": 7,
    "best_candidate_recall_mean": 0.5128571428571429,
    "top3_candidate_recall_mean": 0.5104761904761904,
    "best_candidate_family_recall_mean": 0.5128571428571429,
    "top3_candidate_family_recall_mean": 0.5423809523809523,
    "validation_regret_mean": 0.0017060069776424524,
    "normalized_validation_regret_mean": 0.05827599205392886,
    "test_regret_mean": 0.0025504520620618625,
    "removed_fraction": 0.5,
    "selected_family_count_mean": 9.137142857142857,
    "removed_family_fraction_mean": 0.4625210084033613,
    "passes_90pct_recall_at_50pct_removal": false
  },
  {
    "encoder": "vit_b16",
    "method": "rank_only",
    "shortlist_size": 3,
    "rows": 7,
    "targets": 7,
    "best_candidate_recall_mean": 1.0,
    "top3_candidate_recall_mean": 0.6666666666666666,
    "best_candidate_family_recall_mean": 1.0,
    "top3_candidate_family_recall_mean": 0.6666666666666666,
    "validation_regret_mean": 0.0,
    "normalized_validation_regret_mean": 0.0,
    "test_regret_mean": 0.0,
    "removed_fraction": 0.85,
    "selected_family_count_mean": 3.0,
    "removed_family_fraction_mean": 0.8235294117647057,
    "passes_90pct_recall_at_50pct_removal": true
  },
  {
    "encoder": "vit_b16",
    "method": "rank_only",
    "shortlist_size": 5,
    "rows": 7,
    "targets": 7,
    "best_candidate_recall_mean": 1.0,
    "top3_candidate_recall_mean": 0.7142857142857143,
    "best_candidate_family_recall_mean": 1.0,
    "top3_candidate_family_recall_mean": 0.7619047619047619,
    "validation_regret_mean": 0.0,
    "normalized_validation_regret_mean": 0.0,
    "test_regret_mean": 0.0,
    "removed_fraction": 0.75,
    "selected_family_count_mean": 5.0,
    "removed_family_fraction_mean": 0.7058823529411765,
    "passes_90pct_recall_at_50pct_removal": true
  },
  {
    "encoder": "vit_b16",
    "method": "rank_only",
    "shortlist_size": 10,
    "rows": 7,
    "targets": 7,
    "best_candidate_recall_mean": 1.0,
    "top3_candidate_recall_mean": 0.8571428571428571,
    "best_candidate_family_recall_mean": 1.0,
    "top3_candidate_family_recall_mean": 0.8571428571428571,
    "validation_regret_mean": 0.0,
    "normalized_validation_regret_mean": 0.0,
    "test_regret_mean": 0.0,
    "removed_fraction": 0.5,
    "selected_family_count_mean": 8.0,
    "removed_family_fraction_mean": 0.5294117647058824,
    "passes_90pct_recall_at_50pct_removal": true
  }
]
SOURCE_DONE=cifar100_coarse COMPLETED=5/21
[
  {
    "encoder": "vit_b16",
    "method": "dpp_subspace",
    "shortlist_size": 3,
    "rows": 7,
    "targets": 7,
    "best_candidate_recall_mean": 0.7142857142857143,
    "top3_candidate_recall_mean": 0.42857142857142855,
    "best_candidate_family_recall_mean": 1.0,
    "top3_candidate_family_recall_mean": 0.6666666666666666,
    "validation_regret_mean": 7.424655868896021e-05,
    "normalized_validation_regret_mean": 0.00230057113394302,
    "test_regret_mean": -0.0013482110840933553,
    "removed_fraction": 0.85,
    "selected_family_count_mean": 3.0,
    "removed_family_fraction_mean": 0.8125,
    "passes_90pct_recall_at_50pct_removal": false
  },
  {
    "encoder": "vit_b16",
    "method": "dpp_subspace",
    "shortlist_size": 5,
    "rows": 7,
    "targets": 7,
    "best_candidate_recall_mean": 0.7142857142857143,
    "top3_candidate_recall_mean": 0.4761904761904762,
    "best_candidate_family_recall_mean": 1.0,
    "top3_candidate_family_recall_mean": 0.7619047619047619,
    "validation_regret_mean": 7.424655868896021e-05,
    "normalized_validation_regret_mean": 0.00230057113394302,
    "test_regret_mean": -0.0013482110840933553,
    "removed_fraction": 0.75,
    "selected_family_count_mean": 5.0,
    "removed_family_fraction_mean": 0.6875,
    "passes_90pct_recall_at_50pct_removal": false
  },
  {
    "encoder": "vit_b16",
    "method": "dpp_subspace",
    "shortlist_size": 10,
    "rows": 7,
    "targets": 7,
    "best_candidate_recall_mean": 1.0,
    "top3_candidate_recall_mean": 0.8571428571428571,
    "best_candidate_family_recall_mean": 1.0,
    "top3_candidate_family_recall_mean": 0.9047619047619048,
    "validation_regret_mean": 0.0,
    "normalized_validation_regret_mean": 0.0,
    "test_regret_mean": 0.0,
    "removed_fraction": 0.5,
    "selected_family_count_mean": 9.0,
    "removed_family_fraction_mean": 0.4375,
    "passes_90pct_recall_at_50pct_removal": true
  },
  {
    "encoder": "vit_b16",
    "method": "facility_subspace",
    "shortlist_size": 3,
    "rows": 7,
    "targets": 7,
    "best_candidate_recall_mean": 0.2857142857142857,
    "top3_candidate_recall_mean": 0.2857142857142857,
    "best_candidate_family_recall_mean": 0.2857142857142857,
    "top3_candidate_family_recall_mean": 0.3333333333333333,
    "validation_regret_mean": 0.0034951752580751894,
    "normalized_validation_regret_mean": 0.11149398828540928,
    "test_regret_mean": 0.0027491654668535697,
    "removed_fraction": 0.85,
    "selected_family_count_mean": 3.0,
    "removed_family_fraction_mean": 0.8125,
    "passes_90pct_recall_at_50pct_removal": false
  },
  {
    "encoder": "vit_b16",
    "method": "facility_subspace",
    "shortlist_size": 5,
    "rows": 7,
    "targets": 7,
    "best_candidate_recall_mean": 0.5714285714285714,
    "top3_candidate_recall_mean": 0.42857142857142855,
    "best_candidate_family_recall_mean": 0.5714285714285714,
    "top3_candidate_family_recall_mean": 0.47619047619047616,
    "validation_regret_mean": 0.001267931150606432,
    "normalized_validation_regret_mean": 0.04931652178547167,
    "test_regret_mean": 0.0006388119288853426,
    "removed_fraction": 0.75,
    "selected_family_count_mean": 5.0,
    "removed_family_fraction_mean": 0.6875,
    "passes_90pct_recall_at_50pct_removal": false
  },
  {
    "encoder": "vit_b16",
    "method": "facility_subspace",
    "shortlist_size": 10,
    "rows": 7,
    "targets": 7,
    "best_candidate_recall_mean": 0.5714285714285714,
    "top3_candidate_recall_mean": 0.5238095238095238,
    "best_candidate_family_recall_mean": 0.5714285714285714,
    "top3_candidate_family_recall_mean": 0.5714285714285714,
    "validation_regret_mean": 0.001267931150606432,
    "normalized_validation_regret_mean": 0.04931652178547167,
    "test_regret_mean": 0.0006388119288853426,
    "removed_fraction": 0.5,
    "selected_family_count_mean": 10.0,
    "removed_family_fraction_mean": 0.375,
    "passes_90pct_recall_at_50pct_removal": false
  },
  {
    "encoder": "vit_b16",
    "method": "kcenter_subspace",
    "shortlist_size": 3,
    "rows": 7,
    "targets": 7,
    "best_candidate_recall_mean": 0.42857142857142855,
    "top3_candidate_recall_mean": 0.2857142857142857,
    "best_candidate_family_recall_mean": 0.42857142857142855,
    "top3_candidate_family_recall_mean": 0.3333333333333333,
    "validation_regret_mean": 0.0015450619732619378,
    "normalized_validation_regret_mean": 0.049348491759165745,
    "test_regret_mean": -0.0003967898232596277,
    "removed_fraction": 0.85,
    "selected_family_count_mean": 3.0,
    "removed_family_fraction_mean": 0.8125,
    "passes_90pct_recall_at_50pct_removal": false
  },
  {
    "encoder": "vit_b16",
    "method": "kcenter_subspace",
    "shortlist_size": 5,
    "rows": 7,
    "targets": 7,
    "best_candidate_recall_mean": 0.42857142857142855,
    "top3_candidate_recall_mean": 0.2857142857142857,
    "best_candidate_family_recall_mean": 0.42857142857142855,
    "top3_candidate_family_recall_mean": 0.3333333333333333,
    "validation_regret_mean": 0.001296374903926962,
    "normalized_validation_regret_mean": 0.040031736094389855,
    "test_regret_mean": 0.0016121387481689406,
    "removed_fraction": 0.75,
    "selected_family_count_mean": 5.0,
    "removed_family_fraction_mean": 0.6875,
    "passes_90pct_recall_at_50pct_removal": false
  },
  {
    "encoder": "vit_b16",
    "method": "kcenter_subspace",
    "shortlist_size": 10,
    "rows": 7,
    "targets": 7,
    "best_candidate_recall_mean": 0.7142857142857143,
    "top3_candidate_recall_mean": 0.5238095238095238,
    "best_candidate_family_recall_mean": 0.7142857142857143,
    "top3_candidate_family_recall_mean": 0.5714285714285714,
    "validation_regret_mean": 7.424655868896021e-05,
    "normalized_validation_regret_mean": 0.00230057113394302,
    "test_regret_mean": -0.0013482110840933553,
    "removed_fraction": 0.5,
    "selected_family_count_mean": 10.0,
    "removed_family_fraction_mean": 0.375,
    "passes_90pct_recall_at_50pct_removal": false
  },
  {
    "encoder": "vit_b16",
    "method": "pool_vendi_subspace",
    "shortlist_size": 3,
    "rows": 7,
    "targets": 7,
    "best_candidate_recall_mean": 0.42857142857142855,
    "top3_candidate_recall_mean": 0.2857142857142857,
    "best_candidate_family_recall_mean": 0.42857142857142855,
    "top3_candidate_family_recall_mean": 0.3333333333333333,
    "validation_regret_mean": 0.0015450619732619378,
    "normalized_validation_regret_mean": 0.049348491759165745,
    "test_regret_mean": -0.0003967898232596277,
    "removed_fraction": 0.85,
    "selected_family_count_mean": 3.0,
    "removed_family_fraction_mean": 0.8125,
    "passes_90pct_recall_at_50pct_removal": false
  },
  {
    "encoder": "vit_b16",
    "method": "pool_vendi_subspace",
    "shortlist_size": 5,
    "rows": 7,
    "targets": 7,
    "best_candidate_recall_mean": 0.7142857142857143,
    "top3_candidate_recall_mean": 0.42857142857142855,
    "best_candidate_family_recall_mean": 0.7142857142857143,
    "top3_candidate_family_recall_mean": 0.4761904761904762,
    "validation_regret_mean": 7.424655868896021e-05,
    "normalized_validation_regret_mean": 0.00230057113394302,
    "test_regret_mean": -0.0013482110840933553,
    "removed_fraction": 0.75,
    "selected_family_count_mean": 5.0,
    "removed_family_fraction_mean": 0.6875,
    "passes_90pct_recall_at_50pct_removal": false
  },
  {
    "encoder": "vit_b16",
    "method": "pool_vendi_subspace",
    "shortlist_size": 10,
    "rows": 7,
    "targets": 7,
    "best_candidate_recall_mean": 0.7142857142857143,
    "top3_candidate_recall_mean": 0.5238095238095238,
    "best_candidate_family_recall_mean": 0.7142857142857143,
    "top3_candidate_family_recall_mean": 0.5714285714285714,
    "validation_regret_mean": 7.424655868896021e-05,
    "normalized_validation_regret_mean": 0.00230057113394302,
    "test_regret_mean": -0.0013482110840933553,
    "removed_fraction": 0.5,
    "selected_family_count_mean": 10.0,
    "removed_family_fraction_mean": 0.375,
    "passes_90pct_recall_at_50pct_removal": false
  },
  {
    "encoder": "vit_b16",
    "method": "random",
    "shortlist_size": 3,
    "rows": 700,
    "targets": 7,
    "best_candidate_recall_mean": 0.1457142857142857,
    "top3_candidate_recall_mean": 0.1438095238095238,
    "best_candidate_family_recall_mean": 0.18,
    "top3_candidate_family_recall_mean": 0.19238095238095237,
    "validation_regret_mean": 0.0057923401193989065,
    "normalized_validation_regret_mean": 0.2004962166117849,
    "test_regret_mean": 0.0064065409898758025,
    "removed_fraction": 0.85,
    "selected_family_count_mean": 2.92,
    "removed_family_fraction_mean": 0.8175,
    "passes_90pct_recall_at_50pct_removal": false
  },
  {
    "encoder": "vit_b16",
    "method": "random",
    "shortlist_size": 5,
    "rows": 700,
    "targets": 7,
    "best_candidate_recall_mean": 0.26857142857142857,
    "top3_candidate_recall_mean": 0.2604761904761905,
    "best_candidate_family_recall_mean": 0.32571428571428573,
    "top3_candidate_family_recall_mean": 0.33190476190476187,
    "validation_regret_mean": 0.0037169993452853185,
    "normalized_validation_regret_mean": 0.12921396457446122,
    "test_regret_mean": 0.004501646408012941,
    "removed_fraction": 0.75,
    "selected_family_count_mean": 4.744285714285715,
    "removed_family_fraction_mean": 0.7034821428571428,
    "passes_90pct_recall_at_50pct_removal": false
  },
  {
    "encoder": "vit_b16",
    "method": "random",
    "shortlist_size": 10,
    "rows": 700,
    "targets": 7,
    "best_candidate_recall_mean": 0.5128571428571429,
    "top3_candidate_recall_mean": 0.5104761904761904,
    "best_candidate_family_recall_mean": 0.5914285714285714,
    "top3_candidate_family_recall_mean": 0.6052380952380951,
    "validation_regret_mean": 0.0016955429607072908,
    "normalized_validation_regret_mean": 0.05797637471495672,
    "test_regret_mean": 0.0025602099469729913,
    "removed_fraction": 0.5,
    "selected_family_count_mean": 8.882857142857143,
    "removed_family_fraction_mean": 0.4448214285714286,
    "passes_90pct_recall_at_50pct_removal": false
  },
  {
    "encoder": "vit_b16",
    "method": "rank_only",
    "shortlist_size": 3,
    "rows": 7,
    "targets": 7,
    "best_candidate_recall_mean": 0.7142857142857143,
    "top3_candidate_recall_mean": 0.5238095238095237,
    "best_candidate_family_recall_mean": 0.7142857142857143,
    "top3_candidate_family_recall_mean": 0.5238095238095237,
    "validation_regret_mean": 0.0014708154145729774,
    "normalized_validation_regret_mean": 0.04704792062522273,
    "test_regret_mean": 0.0009514212608337276,
    "removed_fraction": 0.85,
    "selected_family_count_mean": 2.0,
    "removed_family_fraction_mean": 0.875,
    "passes_90pct_recall_at_50pct_removal": false
  },
  {
    "encoder": "vit_b16",
    "method": "rank_only",
    "shortlist_size": 5,
    "rows": 7,
    "targets": 7,
    "best_candidate_recall_mean": 1.0,
    "top3_candidate_recall_mean": 0.7142857142857143,
    "best_candidate_family_recall_mean": 1.0,
    "top3_candidate_family_recall_mean": 0.7142857142857143,
    "validation_regret_mean": 0.0,
    "normalized_validation_regret_mean": 0.0,
    "test_regret_mean": 0.0,
    "removed_fraction": 0.75,
    "selected_family_count_mean": 4.0,
    "removed_family_fraction_mean": 0.75,
    "passes_90pct_recall_at_50pct_removal": true
  },
  {
    "encoder": "vit_b16",
    "method": "rank_only",
    "shortlist_size": 10,
    "rows": 7,
    "targets": 7,
    "best_candidate_recall_mean": 1.0,
    "top3_candidate_recall_mean": 0.8571428571428571,
    "best_candidate_family_recall_mean": 1.0,
    "top3_candidate_family_recall_mean": 0.8571428571428571,
    "validation_regret_mean": 0.0,
    "normalized_validation_regret_mean": 0.0,
    "test_regret_mean": 0.0,
    "removed_fraction": 0.5,
    "selected_family_count_mean": 7.0,
    "removed_family_fraction_mean": 0.5625,
    "passes_90pct_recall_at_50pct_removal": true
  }
]
SOURCE_DONE=dermamnist COMPLETED=6/21
[
  {
    "encoder": "vit_b16",
    "method": "dpp_subspace",
    "shortlist_size": 3,
    "rows": 7,
    "targets": 7,
    "best_candidate_recall_mean": 0.7142857142857143,
    "top3_candidate_recall_mean": 0.42857142857142855,
    "best_candidate_family_recall_mean": 1.0,
    "top3_candidate_family_recall_mean": 0.6666666666666666,
    "validation_regret_mean": 7.424655868896021e-05,
    "normalized_validation_regret_mean": 0.00230057113394302,
    "test_regret_mean": -0.0013482110840933553,
    "removed_fraction": 0.85,
    "selected_family_count_mean": 3.0,
    "removed_family_fraction_mean": 0.8125,
    "passes_90pct_recall_at_50pct_removal": false
  },
  {
    "encoder": "vit_b16",
    "method": "dpp_subspace",
    "shortlist_size": 5,
    "rows": 7,
    "targets": 7,
    "best_candidate_recall_mean": 0.7142857142857143,
    "top3_candidate_recall_mean": 0.4761904761904762,
    "best_candidate_family_recall_mean": 1.0,
    "top3_candidate_family_recall_mean": 0.7619047619047619,
    "validation_regret_mean": 7.424655868896021e-05,
    "normalized_validation_regret_mean": 0.00230057113394302,
    "test_regret_mean": -0.0013482110840933553,
    "removed_fraction": 0.75,
    "selected_family_count_mean": 5.0,
    "removed_family_fraction_mean": 0.6875,
    "passes_90pct_recall_at_50pct_removal": false
  },
  {
    "encoder": "vit_b16",
    "method": "dpp_subspace",
    "shortlist_size": 10,
    "rows": 7,
    "targets": 7,
    "best_candidate_recall_mean": 1.0,
    "top3_candidate_recall_mean": 0.8571428571428571,
    "best_candidate_family_recall_mean": 1.0,
    "top3_candidate_family_recall_mean": 0.9047619047619048,
    "validation_regret_mean": 0.0,
    "normalized_validation_regret_mean": 0.0,
    "test_regret_mean": 0.0,
    "removed_fraction": 0.5,
    "selected_family_count_mean": 9.0,
    "removed_family_fraction_mean": 0.4375,
    "passes_90pct_recall_at_50pct_removal": true
  },
  {
    "encoder": "vit_b16",
    "method": "facility_subspace",
    "shortlist_size": 3,
    "rows": 7,
    "targets": 7,
    "best_candidate_recall_mean": 0.2857142857142857,
    "top3_candidate_recall_mean": 0.2857142857142857,
    "best_candidate_family_recall_mean": 0.2857142857142857,
    "top3_candidate_family_recall_mean": 0.3333333333333333,
    "validation_regret_mean": 0.0034951752580751894,
    "normalized_validation_regret_mean": 0.11149398828540928,
    "test_regret_mean": 0.0027491654668535697,
    "removed_fraction": 0.85,
    "selected_family_count_mean": 3.0,
    "removed_family_fraction_mean": 0.8125,
    "passes_90pct_recall_at_50pct_removal": false
  },
  {
    "encoder": "vit_b16",
    "method": "facility_subspace",
    "shortlist_size": 5,
    "rows": 7,
    "targets": 7,
    "best_candidate_recall_mean": 0.5714285714285714,
    "top3_candidate_recall_mean": 0.42857142857142855,
    "best_candidate_family_recall_mean": 0.5714285714285714,
    "top3_candidate_family_recall_mean": 0.47619047619047616,
    "validation_regret_mean": 0.001267931150606432,
    "normalized_validation_regret_mean": 0.04931652178547167,
    "test_regret_mean": 0.0006388119288853426,
    "removed_fraction": 0.75,
    "selected_family_count_mean": 5.0,
    "removed_family_fraction_mean": 0.6875,
    "passes_90pct_recall_at_50pct_removal": false
  },
  {
    "encoder": "vit_b16",
    "method": "facility_subspace",
    "shortlist_size": 10,
    "rows": 7,
    "targets": 7,
    "best_candidate_recall_mean": 0.5714285714285714,
    "top3_candidate_recall_mean": 0.4761904761904762,
    "best_candidate_family_recall_mean": 0.5714285714285714,
    "top3_candidate_family_recall_mean": 0.5238095238095238,
    "validation_regret_mean": 0.001267931150606432,
    "normalized_validation_regret_mean": 0.04931652178547167,
    "test_regret_mean": 0.0006388119288853426,
    "removed_fraction": 0.5,
    "selected_family_count_mean": 10.0,
    "removed_family_fraction_mean": 0.375,
    "passes_90pct_recall_at_50pct_removal": false
  },
  {
    "encoder": "vit_b16",
    "method": "kcenter_subspace",
    "shortlist_size": 3,
    "rows": 7,
    "targets": 7,
    "best_candidate_recall_mean": 0.42857142857142855,
    "top3_candidate_recall_mean": 0.2857142857142857,
    "best_candidate_family_recall_mean": 0.42857142857142855,
    "top3_candidate_family_recall_mean": 0.3333333333333333,
    "validation_regret_mean": 0.0015450619732619378,
    "normalized_validation_regret_mean": 0.049348491759165745,
    "test_regret_mean": -0.0003967898232596277,
    "removed_fraction": 0.85,
    "selected_family_count_mean": 3.0,
    "removed_family_fraction_mean": 0.8125,
    "passes_90pct_recall_at_50pct_removal": false
  },
  {
    "encoder": "vit_b16",
    "method": "kcenter_subspace",
    "shortlist_size": 5,
    "rows": 7,
    "targets": 7,
    "best_candidate_recall_mean": 0.42857142857142855,
    "top3_candidate_recall_mean": 0.2857142857142857,
    "best_candidate_family_recall_mean": 0.42857142857142855,
    "top3_candidate_family_recall_mean": 0.3333333333333333,
    "validation_regret_mean": 0.001296374903926962,
    "normalized_validation_regret_mean": 0.040031736094389855,
    "test_regret_mean": 0.0016121387481689406,
    "removed_fraction": 0.75,
    "selected_family_count_mean": 5.0,
    "removed_family_fraction_mean": 0.6875,
    "passes_90pct_recall_at_50pct_removal": false
  },
  {
    "encoder": "vit_b16",
    "method": "kcenter_subspace",
    "shortlist_size": 10,
    "rows": 7,
    "targets": 7,
    "best_candidate_recall_mean": 0.7142857142857143,
    "top3_candidate_recall_mean": 0.4761904761904762,
    "best_candidate_family_recall_mean": 0.7142857142857143,
    "top3_candidate_family_recall_mean": 0.5714285714285714,
    "validation_regret_mean": 7.424655868896021e-05,
    "normalized_validation_regret_mean": 0.00230057113394302,
    "test_regret_mean": -0.0013482110840933553,
    "removed_fraction": 0.5,
    "selected_family_count_mean": 10.0,
    "removed_family_fraction_mean": 0.375,
    "passes_90pct_recall_at_50pct_removal": false
  },
  {
    "encoder": "vit_b16",
    "method": "pool_vendi_subspace",
    "shortlist_size": 3,
    "rows": 7,
    "targets": 7,
    "best_candidate_recall_mean": 0.42857142857142855,
    "top3_candidate_recall_mean": 0.2857142857142857,
    "best_candidate_family_recall_mean": 0.42857142857142855,
    "top3_candidate_family_recall_mean": 0.3333333333333333,
    "validation_regret_mean": 0.0015450619732619378,
    "normalized_validation_regret_mean": 0.049348491759165745,
    "test_regret_mean": -0.0003967898232596277,
    "removed_fraction": 0.85,
    "selected_family_count_mean": 3.0,
    "removed_family_fraction_mean": 0.8125,
    "passes_90pct_recall_at_50pct_removal": false
  },
  {
    "encoder": "vit_b16",
    "method": "pool_vendi_subspace",
    "shortlist_size": 5,
    "rows": 7,
    "targets": 7,
    "best_candidate_recall_mean": 0.7142857142857143,
    "top3_candidate_recall_mean": 0.42857142857142855,
    "best_candidate_family_recall_mean": 0.7142857142857143,
    "top3_candidate_family_recall_mean": 0.4761904761904762,
    "validation_regret_mean": 7.424655868896021e-05,
    "normalized_validation_regret_mean": 0.00230057113394302,
    "test_regret_mean": -0.0013482110840933553,
    "removed_fraction": 0.75,
    "selected_family_count_mean": 5.0,
    "removed_family_fraction_mean": 0.6875,
    "passes_90pct_recall_at_50pct_removal": false
  },
  {
    "encoder": "vit_b16",
    "method": "pool_vendi_subspace",
    "shortlist_size": 10,
    "rows": 7,
    "targets": 7,
    "best_candidate_recall_mean": 0.7142857142857143,
    "top3_candidate_recall_mean": 0.4761904761904762,
    "best_candidate_family_recall_mean": 0.7142857142857143,
    "top3_candidate_family_recall_mean": 0.5238095238095238,
    "validation_regret_mean": 7.424655868896021e-05,
    "normalized_validation_regret_mean": 0.00230057113394302,
    "test_regret_mean": -0.0013482110840933553,
    "removed_fraction": 0.5,
    "selected_family_count_mean": 10.0,
    "removed_family_fraction_mean": 0.375,
    "passes_90pct_recall_at_50pct_removal": false
  },
  {
    "encoder": "vit_b16",
    "method": "random",
    "shortlist_size": 3,
    "rows": 700,
    "targets": 7,
    "best_candidate_recall_mean": 0.1457142857142857,
    "top3_candidate_recall_mean": 0.14285714285714285,
    "best_candidate_family_recall_mean": 0.18,
    "top3_candidate_family_recall_mean": 0.19142857142857142,
    "validation_regret_mean": 0.00599763480037875,
    "normalized_validation_regret_mean": 0.2077763121958025,
    "test_regret_mean": 0.0061400933691433575,
    "removed_fraction": 0.85,
    "selected_family_count_mean": 2.92,
    "removed_family_fraction_mean": 0.8175,
    "passes_90pct_recall_at_50pct_removal": false
  },
  {
    "encoder": "vit_b16",
    "method": "random",
    "shortlist_size": 5,
    "rows": 700,
    "targets": 7,
    "best_candidate_recall_mean": 0.26857142857142857,
    "top3_candidate_recall_mean": 0.2604761904761905,
    "best_candidate_family_recall_mean": 0.32571428571428573,
    "top3_candidate_family_recall_mean": 0.33190476190476187,
    "validation_regret_mean": 0.003883401252245889,
    "normalized_validation_regret_mean": 0.13531763128661553,
    "test_regret_mean": 0.004130916297435766,
    "removed_fraction": 0.75,
    "selected_family_count_mean": 4.744285714285715,
    "removed_family_fraction_mean": 0.7034821428571428,
    "passes_90pct_recall_at_50pct_removal": false
  },
  {
    "encoder": "vit_b16",
    "method": "random",
    "shortlist_size": 10,
    "rows": 700,
    "targets": 7,
    "best_candidate_recall_mean": 0.5128571428571429,
    "top3_candidate_recall_mean": 0.5157142857142857,
    "best_candidate_family_recall_mean": 0.5914285714285714,
    "top3_candidate_family_recall_mean": 0.6104761904761904,
    "validation_regret_mean": 0.0018577423132199748,
    "normalized_validation_regret_mean": 0.06405297427594965,
    "test_regret_mean": 0.0016160135184015614,
    "removed_fraction": 0.5,
    "selected_family_count_mean": 8.882857142857143,
    "removed_family_fraction_mean": 0.4448214285714286,
    "passes_90pct_recall_at_50pct_removal": false
  },
  {
    "encoder": "vit_b16",
    "method": "rank_only",
    "shortlist_size": 3,
    "rows": 7,
    "targets": 7,
    "best_candidate_recall_mean": 0.7142857142857143,
    "top3_candidate_recall_mean": 0.5238095238095237,
    "best_candidate_family_recall_mean": 0.7142857142857143,
    "top3_candidate_family_recall_mean": 0.5238095238095237,
    "validation_regret_mean": 0.0014708154145729774,
    "normalized_validation_regret_mean": 0.04704792062522273,
    "test_regret_mean": 0.0009514212608337276,
    "removed_fraction": 0.85,
    "selected_family_count_mean": 2.0,
    "removed_family_fraction_mean": 0.875,
    "passes_90pct_recall_at_50pct_removal": false
  },
  {
    "encoder": "vit_b16",
    "method": "rank_only",
    "shortlist_size": 5,
    "rows": 7,
    "targets": 7,
    "best_candidate_recall_mean": 1.0,
    "top3_candidate_recall_mean": 0.7142857142857143,
    "best_candidate_family_recall_mean": 1.0,
    "top3_candidate_family_recall_mean": 0.7142857142857143,
    "validation_regret_mean": 0.0,
    "normalized_validation_regret_mean": 0.0,
    "test_regret_mean": 0.0,
    "removed_fraction": 0.75,
    "selected_family_count_mean": 4.0,
    "removed_family_fraction_mean": 0.75,
    "passes_90pct_recall_at_50pct_removal": true
  },
  {
    "encoder": "vit_b16",
    "method": "rank_only",
    "shortlist_size": 10,
    "rows": 7,
    "targets": 7,
    "best_candidate_recall_mean": 1.0,
    "top3_candidate_recall_mean": 0.8571428571428571,
    "best_candidate_family_recall_mean": 1.0,
    "top3_candidate_family_recall_mean": 0.8571428571428571,
    "validation_regret_mean": 0.0,
    "normalized_validation_regret_mean": 0.0,
    "test_regret_mean": 0.0,
    "removed_fraction": 0.5,
    "selected_family_count_mean": 7.0,
    "removed_family_fraction_mean": 0.5625,
    "passes_90pct_recall_at_50pct_removal": true
  }
]
SOURCE_DONE=fashion_mnist COMPLETED=7/21
[
  {
    "encoder": "vit_b16",
    "method": "dpp_subspace",
    "shortlist_size": 3,
    "rows": 7,
    "targets": 7,
    "best_candidate_recall_mean": 0.7142857142857143,
    "top3_candidate_recall_mean": 0.42857142857142855,
    "best_candidate_family_recall_mean": 1.0,
    "top3_candidate_family_recall_mean": 0.6666666666666666,
    "validation_regret_mean": 7.424655868896021e-05,
    "normalized_validation_regret_mean": 0.00230057113394302,
    "test_regret_mean": -0.0013482110840933553,
    "removed_fraction": 0.85,
    "selected_family_count_mean": 3.0,
    "removed_family_fraction_mean": 0.8235294117647057,
    "passes_90pct_recall_at_50pct_removal": false
  },
  {
    "encoder": "vit_b16",
    "method": "dpp_subspace",
    "shortlist_size": 5,
    "rows": 7,
    "targets": 7,
    "best_candidate_recall_mean": 0.7142857142857143,
    "top3_candidate_recall_mean": 0.4761904761904762,
    "best_candidate_family_recall_mean": 1.0,
    "top3_candidate_family_recall_mean": 0.7619047619047619,
    "validation_regret_mean": 7.424655868896021e-05,
    "normalized_validation_regret_mean": 0.00230057113394302,
    "test_regret_mean": -0.0013482110840933553,
    "removed_fraction": 0.75,
    "selected_family_count_mean": 5.0,
    "removed_family_fraction_mean": 0.7058823529411765,
    "passes_90pct_recall_at_50pct_removal": false
  },
  {
    "encoder": "vit_b16",
    "method": "dpp_subspace",
    "shortlist_size": 10,
    "rows": 7,
    "targets": 7,
    "best_candidate_recall_mean": 1.0,
    "top3_candidate_recall_mean": 0.8571428571428571,
    "best_candidate_family_recall_mean": 1.0,
    "top3_candidate_family_recall_mean": 0.9047619047619048,
    "validation_regret_mean": 0.0,
    "normalized_validation_regret_mean": 0.0,
    "test_regret_mean": 0.0,
    "removed_fraction": 0.5,
    "selected_family_count_mean": 9.0,
    "removed_family_fraction_mean": 0.4705882352941177,
    "passes_90pct_recall_at_50pct_removal": true
  },
  {
    "encoder": "vit_b16",
    "method": "facility_subspace",
    "shortlist_size": 3,
    "rows": 7,
    "targets": 7,
    "best_candidate_recall_mean": 0.2857142857142857,
    "top3_candidate_recall_mean": 0.23809523809523808,
    "best_candidate_family_recall_mean": 0.2857142857142857,
    "top3_candidate_family_recall_mean": 0.2857142857142857,
    "validation_regret_mean": 0.0034951752580751894,
    "normalized_validation_regret_mean": 0.11149398828540928,
    "test_regret_mean": 0.0027491654668535697,
    "removed_fraction": 0.85,
    "selected_family_count_mean": 3.0,
    "removed_family_fraction_mean": 0.8235294117647057,
    "passes_90pct_recall_at_50pct_removal": false
  },
  {
    "encoder": "vit_b16",
    "method": "facility_subspace",
    "shortlist_size": 5,
    "rows": 7,
    "targets": 7,
    "best_candidate_recall_mean": 0.5714285714285714,
    "top3_candidate_recall_mean": 0.380952380952381,
    "best_candidate_family_recall_mean": 0.5714285714285714,
    "top3_candidate_family_recall_mean": 0.42857142857142855,
    "validation_regret_mean": 0.001267931150606432,
    "normalized_validation_regret_mean": 0.04931652178547167,
    "test_regret_mean": 0.0006388119288853426,
    "removed_fraction": 0.75,
    "selected_family_count_mean": 5.0,
    "removed_family_fraction_mean": 0.7058823529411765,
    "passes_90pct_recall_at_50pct_removal": false
  },
  {
    "encoder": "vit_b16",
    "method": "facility_subspace",
    "shortlist_size": 10,
    "rows": 7,
    "targets": 7,
    "best_candidate_recall_mean": 0.5714285714285714,
    "top3_candidate_recall_mean": 0.5238095238095238,
    "best_candidate_family_recall_mean": 0.5714285714285714,
    "top3_candidate_family_recall_mean": 0.5714285714285714,
    "validation_regret_mean": 0.001267931150606432,
    "normalized_validation_regret_mean": 0.04931652178547167,
    "test_regret_mean": 0.0006388119288853426,
    "removed_fraction": 0.5,
    "selected_family_count_mean": 10.0,
    "removed_family_fraction_mean": 0.41176470588235287,
    "passes_90pct_recall_at_50pct_removal": false
  },
  {
    "encoder": "vit_b16",
    "method": "kcenter_subspace",
    "shortlist_size": 3,
    "rows": 7,
    "targets": 7,
    "best_candidate_recall_mean": 0.42857142857142855,
    "top3_candidate_recall_mean": 0.3333333333333333,
    "best_candidate_family_recall_mean": 0.42857142857142855,
    "top3_candidate_family_recall_mean": 0.3333333333333333,
    "validation_regret_mean": 0.0015450619732619378,
    "normalized_validation_regret_mean": 0.049348491759165745,
    "test_regret_mean": -0.0003967898232596277,
    "removed_fraction": 0.85,
    "selected_family_count_mean": 3.0,
    "removed_family_fraction_mean": 0.8235294117647057,
    "passes_90pct_recall_at_50pct_removal": false
  },
  {
    "encoder": "vit_b16",
    "method": "kcenter_subspace",
    "shortlist_size": 5,
    "rows": 7,
    "targets": 7,
    "best_candidate_recall_mean": 0.42857142857142855,
    "top3_candidate_recall_mean": 0.3333333333333333,
    "best_candidate_family_recall_mean": 0.42857142857142855,
    "top3_candidate_family_recall_mean": 0.3333333333333333,
    "validation_regret_mean": 0.001296374903926962,
    "normalized_validation_regret_mean": 0.040031736094389855,
    "test_regret_mean": 0.0016121387481689406,
    "removed_fraction": 0.75,
    "selected_family_count_mean": 5.0,
    "removed_family_fraction_mean": 0.7058823529411765,
    "passes_90pct_recall_at_50pct_removal": false
  },
  {
    "encoder": "vit_b16",
    "method": "kcenter_subspace",
    "shortlist_size": 10,
    "rows": 7,
    "targets": 7,
    "best_candidate_recall_mean": 0.7142857142857143,
    "top3_candidate_recall_mean": 0.5714285714285714,
    "best_candidate_family_recall_mean": 0.7142857142857143,
    "top3_candidate_family_recall_mean": 0.5714285714285714,
    "validation_regret_mean": 7.424655868896021e-05,
    "normalized_validation_regret_mean": 0.00230057113394302,
    "test_regret_mean": -0.0013482110840933553,
    "removed_fraction": 0.5,
    "selected_family_count_mean": 10.0,
    "removed_family_fraction_mean": 0.41176470588235287,
    "passes_90pct_recall_at_50pct_removal": false
  },
  {
    "encoder": "vit_b16",
    "method": "pool_vendi_subspace",
    "shortlist_size": 3,
    "rows": 7,
    "targets": 7,
    "best_candidate_recall_mean": 0.42857142857142855,
    "top3_candidate_recall_mean": 0.3333333333333333,
    "best_candidate_family_recall_mean": 0.42857142857142855,
    "top3_candidate_family_recall_mean": 0.3333333333333333,
    "validation_regret_mean": 0.0015450619732619378,
    "normalized_validation_regret_mean": 0.049348491759165745,
    "test_regret_mean": -0.0003967898232596277,
    "removed_fraction": 0.85,
    "selected_family_count_mean": 3.0,
    "removed_family_fraction_mean": 0.8235294117647057,
    "passes_90pct_recall_at_50pct_removal": false
  },
  {
    "encoder": "vit_b16",
    "method": "pool_vendi_subspace",
    "shortlist_size": 5,
    "rows": 7,
    "targets": 7,
    "best_candidate_recall_mean": 0.7142857142857143,
    "top3_candidate_recall_mean": 0.4761904761904762,
    "best_candidate_family_recall_mean": 0.7142857142857143,
    "top3_candidate_family_recall_mean": 0.4761904761904762,
    "validation_regret_mean": 7.424655868896021e-05,
    "normalized_validation_regret_mean": 0.00230057113394302,
    "test_regret_mean": -0.0013482110840933553,
    "removed_fraction": 0.75,
    "selected_family_count_mean": 5.0,
    "removed_family_fraction_mean": 0.7058823529411765,
    "passes_90pct_recall_at_50pct_removal": false
  },
  {
    "encoder": "vit_b16",
    "method": "pool_vendi_subspace",
    "shortlist_size": 10,
    "rows": 7,
    "targets": 7,
    "best_candidate_recall_mean": 0.7142857142857143,
    "top3_candidate_recall_mean": 0.5714285714285714,
    "best_candidate_family_recall_mean": 0.7142857142857143,
    "top3_candidate_family_recall_mean": 0.5714285714285714,
    "validation_regret_mean": 7.424655868896021e-05,
    "normalized_validation_regret_mean": 0.00230057113394302,
    "test_regret_mean": -0.0013482110840933553,
    "removed_fraction": 0.5,
    "selected_family_count_mean": 10.0,
    "removed_family_fraction_mean": 0.41176470588235287,
    "passes_90pct_recall_at_50pct_removal": false
  },
  {
    "encoder": "vit_b16",
    "method": "random",
    "shortlist_size": 3,
    "rows": 700,
    "targets": 7,
    "best_candidate_recall_mean": 0.1457142857142857,
    "top3_candidate_recall_mean": 0.14714285714285713,
    "best_candidate_family_recall_mean": 0.18,
    "top3_candidate_family_recall_mean": 0.19,
    "validation_regret_mean": 0.0058541066835598584,
    "normalized_validation_regret_mean": 0.20293312294376561,
    "test_regret_mean": 0.006880651789052154,
    "removed_fraction": 0.85,
    "selected_family_count_mean": 2.934285714285714,
    "removed_family_fraction_mean": 0.8273949579831932,
    "passes_90pct_recall_at_50pct_removal": false
  },
  {
    "encoder": "vit_b16",
    "method": "random",
    "shortlist_size": 5,
    "rows": 700,
    "targets": 7,
    "best_candidate_recall_mean": 0.26857142857142857,
    "top3_candidate_recall_mean": 0.2552380952380952,
    "best_candidate_family_recall_mean": 0.32571428571428573,
    "top3_candidate_family_recall_mean": 0.31857142857142856,
    "validation_regret_mean": 0.003832085765373068,
    "normalized_validation_regret_mean": 0.13389236507860594,
    "test_regret_mean": 0.004493323556014475,
    "removed_fraction": 0.75,
    "selected_family_count_mean": 4.7942857142857145,
    "removed_family_fraction_mean": 0.717983193277311,
    "passes_90pct_recall_at_50pct_removal": false
  },
  {
    "encoder": "vit_b16",
    "method": "random",
    "shortlist_size": 10,
    "rows": 700,
    "targets": 7,
    "best_candidate_recall_mean": 0.5128571428571429,
    "top3_candidate_recall_mean": 0.5119047619047619,
    "best_candidate_family_recall_mean": 0.5914285714285714,
    "top3_candidate_family_recall_mean": 0.5914285714285714,
    "validation_regret_mean": 0.0017053749828374748,
    "normalized_validation_regret_mean": 0.05856674908669432,
    "test_regret_mean": 0.0025017849802970974,
    "removed_fraction": 0.5,
    "selected_family_count_mean": 9.101428571428572,
    "removed_family_fraction_mean": 0.4646218487394958,
    "passes_90pct_recall_at_50pct_removal": false
  },
  {
    "encoder": "vit_b16",
    "method": "rank_only",
    "shortlist_size": 3,
    "rows": 7,
    "targets": 7,
    "best_candidate_recall_mean": 0.7142857142857143,
    "top3_candidate_recall_mean": 0.5238095238095237,
    "best_candidate_family_recall_mean": 0.7142857142857143,
    "top3_candidate_family_recall_mean": 0.5238095238095237,
    "validation_regret_mean": 0.0014708154145729774,
    "normalized_validation_regret_mean": 0.04704792062522273,
    "test_regret_mean": 0.0009514212608337276,
    "removed_fraction": 0.85,
    "selected_family_count_mean": 2.0,
    "removed_family_fraction_mean": 0.8823529411764708,
    "passes_90pct_recall_at_50pct_removal": false
  },
  {
    "encoder": "vit_b16",
    "method": "rank_only",
    "shortlist_size": 5,
    "rows": 7,
    "targets": 7,
    "best_candidate_recall_mean": 1.0,
    "top3_candidate_recall_mean": 0.7142857142857143,
    "best_candidate_family_recall_mean": 1.0,
    "top3_candidate_family_recall_mean": 0.7142857142857143,
    "validation_regret_mean": 0.0,
    "normalized_validation_regret_mean": 0.0,
    "test_regret_mean": 0.0,
    "removed_fraction": 0.75,
    "selected_family_count_mean": 4.0,
    "removed_family_fraction_mean": 0.7647058823529411,
    "passes_90pct_recall_at_50pct_removal": true
  },
  {
    "encoder": "vit_b16",
    "method": "rank_only",
    "shortlist_size": 10,
    "rows": 7,
    "targets": 7,
    "best_candidate_recall_mean": 1.0,
    "top3_candidate_recall_mean": 0.8571428571428571,
    "best_candidate_family_recall_mean": 1.0,
    "top3_candidate_family_recall_mean": 0.8571428571428571,
    "validation_regret_mean": 0.0,
    "normalized_validation_regret_mean": 0.0,
    "test_regret_mean": 0.0,
    "removed_fraction": 0.5,
    "selected_family_count_mean": 7.0,
    "removed_family_fraction_mean": 0.5882352941176471,
    "passes_90pct_recall_at_50pct_removal": true
  }
]
SOURCE_DONE=mnist COMPLETED=8/21
[
  {
    "encoder": "vit_b16",
    "method": "dpp_subspace",
    "shortlist_size": 3,
    "rows": 7,
    "targets": 7,
    "best_candidate_recall_mean": 0.7142857142857143,
    "top3_candidate_recall_mean": 0.42857142857142855,
    "best_candidate_family_recall_mean": 1.0,
    "top3_candidate_family_recall_mean": 0.6666666666666666,
    "validation_regret_mean": 7.424655868896021e-05,
    "normalized_validation_regret_mean": 0.00230057113394302,
    "test_regret_mean": -0.0013482110840933553,
    "removed_fraction": 0.85,
    "selected_family_count_mean": 3.0,
    "removed_family_fraction_mean": 0.8125,
    "passes_90pct_recall_at_50pct_removal": false
  },
  {
    "encoder": "vit_b16",
    "method": "dpp_subspace",
    "shortlist_size": 5,
    "rows": 7,
    "targets": 7,
    "best_candidate_recall_mean": 0.7142857142857143,
    "top3_candidate_recall_mean": 0.4761904761904762,
    "best_candidate_family_recall_mean": 1.0,
    "top3_candidate_family_recall_mean": 0.7619047619047619,
    "validation_regret_mean": 7.424655868896021e-05,
    "normalized_validation_regret_mean": 0.00230057113394302,
    "test_regret_mean": -0.0013482110840933553,
    "removed_fraction": 0.75,
    "selected_family_count_mean": 5.0,
    "removed_family_fraction_mean": 0.6875,
    "passes_90pct_recall_at_50pct_removal": false
  },
  {
    "encoder": "vit_b16",
    "method": "dpp_subspace",
    "shortlist_size": 10,
    "rows": 7,
    "targets": 7,
    "best_candidate_recall_mean": 1.0,
    "top3_candidate_recall_mean": 0.8571428571428571,
    "best_candidate_family_recall_mean": 1.0,
    "top3_candidate_family_recall_mean": 0.9047619047619048,
    "validation_regret_mean": 0.0,
    "normalized_validation_regret_mean": 0.0,
    "test_regret_mean": 0.0,
    "removed_fraction": 0.5,
    "selected_family_count_mean": 9.0,
    "removed_family_fraction_mean": 0.4375,
    "passes_90pct_recall_at_50pct_removal": true
  },
  {
    "encoder": "vit_b16",
    "method": "facility_subspace",
    "shortlist_size": 3,
    "rows": 7,
    "targets": 7,
    "best_candidate_recall_mean": 0.2857142857142857,
    "top3_candidate_recall_mean": 0.2857142857142857,
    "best_candidate_family_recall_mean": 0.2857142857142857,
    "top3_candidate_family_recall_mean": 0.3333333333333333,
    "validation_regret_mean": 0.0034951752580751894,
    "normalized_validation_regret_mean": 0.11149398828540928,
    "test_regret_mean": 0.0027491654668535697,
    "removed_fraction": 0.85,
    "selected_family_count_mean": 3.0,
    "removed_family_fraction_mean": 0.8125,
    "passes_90pct_recall_at_50pct_removal": false
  },
  {
    "encoder": "vit_b16",
    "method": "facility_subspace",
    "shortlist_size": 5,
    "rows": 7,
    "targets": 7,
    "best_candidate_recall_mean": 0.5714285714285714,
    "top3_candidate_recall_mean": 0.42857142857142855,
    "best_candidate_family_recall_mean": 0.5714285714285714,
    "top3_candidate_family_recall_mean": 0.47619047619047616,
    "validation_regret_mean": 0.001267931150606432,
    "normalized_validation_regret_mean": 0.04931652178547167,
    "test_regret_mean": 0.0006388119288853426,
    "removed_fraction": 0.75,
    "selected_family_count_mean": 5.0,
    "removed_family_fraction_mean": 0.6875,
    "passes_90pct_recall_at_50pct_removal": false
  },
  {
    "encoder": "vit_b16",
    "method": "facility_subspace",
    "shortlist_size": 10,
    "rows": 7,
    "targets": 7,
    "best_candidate_recall_mean": 0.5714285714285714,
    "top3_candidate_recall_mean": 0.5238095238095238,
    "best_candidate_family_recall_mean": 0.5714285714285714,
    "top3_candidate_family_recall_mean": 0.5714285714285714,
    "validation_regret_mean": 0.001267931150606432,
    "normalized_validation_regret_mean": 0.04931652178547167,
    "test_regret_mean": 0.0006388119288853426,
    "removed_fraction": 0.5,
    "selected_family_count_mean": 10.0,
    "removed_family_fraction_mean": 0.375,
    "passes_90pct_recall_at_50pct_removal": false
  },
  {
    "encoder": "vit_b16",
    "method": "kcenter_subspace",
    "shortlist_size": 3,
    "rows": 7,
    "targets": 7,
    "best_candidate_recall_mean": 0.42857142857142855,
    "top3_candidate_recall_mean": 0.2857142857142857,
    "best_candidate_family_recall_mean": 0.42857142857142855,
    "top3_candidate_family_recall_mean": 0.3333333333333333,
    "validation_regret_mean": 0.0015450619732619378,
    "normalized_validation_regret_mean": 0.049348491759165745,
    "test_regret_mean": -0.0003967898232596277,
    "removed_fraction": 0.85,
    "selected_family_count_mean": 3.0,
    "removed_family_fraction_mean": 0.8125,
    "passes_90pct_recall_at_50pct_removal": false
  },
  {
    "encoder": "vit_b16",
    "method": "kcenter_subspace",
    "shortlist_size": 5,
    "rows": 7,
    "targets": 7,
    "best_candidate_recall_mean": 0.42857142857142855,
    "top3_candidate_recall_mean": 0.2857142857142857,
    "best_candidate_family_recall_mean": 0.42857142857142855,
    "top3_candidate_family_recall_mean": 0.3333333333333333,
    "validation_regret_mean": 0.001296374903926962,
    "normalized_validation_regret_mean": 0.040031736094389855,
    "test_regret_mean": 0.0016121387481689406,
    "removed_fraction": 0.75,
    "selected_family_count_mean": 5.0,
    "removed_family_fraction_mean": 0.6875,
    "passes_90pct_recall_at_50pct_removal": false
  },
  {
    "encoder": "vit_b16",
    "method": "kcenter_subspace",
    "shortlist_size": 10,
    "rows": 7,
    "targets": 7,
    "best_candidate_recall_mean": 0.7142857142857143,
    "top3_candidate_recall_mean": 0.5238095238095238,
    "best_candidate_family_recall_mean": 0.7142857142857143,
    "top3_candidate_family_recall_mean": 0.5714285714285714,
    "validation_regret_mean": 7.424655868896021e-05,
    "normalized_validation_regret_mean": 0.00230057113394302,
    "test_regret_mean": -0.0013482110840933553,
    "removed_fraction": 0.5,
    "selected_family_count_mean": 10.0,
    "removed_family_fraction_mean": 0.375,
    "passes_90pct_recall_at_50pct_removal": false
  },
  {
    "encoder": "vit_b16",
    "method": "pool_vendi_subspace",
    "shortlist_size": 3,
    "rows": 7,
    "targets": 7,
    "best_candidate_recall_mean": 0.42857142857142855,
    "top3_candidate_recall_mean": 0.2857142857142857,
    "best_candidate_family_recall_mean": 0.42857142857142855,
    "top3_candidate_family_recall_mean": 0.3333333333333333,
    "validation_regret_mean": 0.0015450619732619378,
    "normalized_validation_regret_mean": 0.049348491759165745,
    "test_regret_mean": -0.0003967898232596277,
    "removed_fraction": 0.85,
    "selected_family_count_mean": 3.0,
    "removed_family_fraction_mean": 0.8125,
    "passes_90pct_recall_at_50pct_removal": false
  },
  {
    "encoder": "vit_b16",
    "method": "pool_vendi_subspace",
    "shortlist_size": 5,
    "rows": 7,
    "targets": 7,
    "best_candidate_recall_mean": 0.7142857142857143,
    "top3_candidate_recall_mean": 0.42857142857142855,
    "best_candidate_family_recall_mean": 0.7142857142857143,
    "top3_candidate_family_recall_mean": 0.4761904761904762,
    "validation_regret_mean": 7.424655868896021e-05,
    "normalized_validation_regret_mean": 0.00230057113394302,
    "test_regret_mean": -0.0013482110840933553,
    "removed_fraction": 0.75,
    "selected_family_count_mean": 5.0,
    "removed_family_fraction_mean": 0.6875,
    "passes_90pct_recall_at_50pct_removal": false
  },
  {
    "encoder": "vit_b16",
    "method": "pool_vendi_subspace",
    "shortlist_size": 10,
    "rows": 7,
    "targets": 7,
    "best_candidate_recall_mean": 0.7142857142857143,
    "top3_candidate_recall_mean": 0.5714285714285714,
    "best_candidate_family_recall_mean": 0.7142857142857143,
    "top3_candidate_family_recall_mean": 0.619047619047619,
    "validation_regret_mean": 7.424655868896021e-05,
    "normalized_validation_regret_mean": 0.00230057113394302,
    "test_regret_mean": -0.0013482110840933553,
    "removed_fraction": 0.5,
    "selected_family_count_mean": 10.0,
    "removed_family_fraction_mean": 0.375,
    "passes_90pct_recall_at_50pct_removal": false
  },
  {
    "encoder": "vit_b16",
    "method": "random",
    "shortlist_size": 3,
    "rows": 700,
    "targets": 7,
    "best_candidate_recall_mean": 0.1457142857142857,
    "top3_candidate_recall_mean": 0.14809523809523809,
    "best_candidate_family_recall_mean": 0.18,
    "top3_candidate_family_recall_mean": 0.19714285714285715,
    "validation_regret_mean": 0.005720059114888106,
    "normalized_validation_regret_mean": 0.19832801251457924,
    "test_regret_mean": 0.006678377526147033,
    "removed_fraction": 0.85,
    "selected_family_count_mean": 2.914285714285714,
    "removed_family_fraction_mean": 0.8178571428571428,
    "passes_90pct_recall_at_50pct_removal": false
  },
  {
    "encoder": "vit_b16",
    "method": "random",
    "shortlist_size": 5,
    "rows": 700,
    "targets": 7,
    "best_candidate_recall_mean": 0.26857142857142857,
    "top3_candidate_recall_mean": 0.2580952380952381,
    "best_candidate_family_recall_mean": 0.32571428571428573,
    "top3_candidate_family_recall_mean": 0.3304761904761904,
    "validation_regret_mean": 0.003772505394359792,
    "normalized_validation_regret_mean": 0.1312856125002777,
    "test_regret_mean": 0.00443235212564469,
    "removed_fraction": 0.75,
    "selected_family_count_mean": 4.738571428571428,
    "removed_family_fraction_mean": 0.7038392857142857,
    "passes_90pct_recall_at_50pct_removal": false
  },
  {
    "encoder": "vit_b16",
    "method": "random",
    "shortlist_size": 10,
    "rows": 700,
    "targets": 7,
    "best_candidate_recall_mean": 0.5128571428571429,
    "top3_candidate_recall_mean": 0.5157142857142857,
    "best_candidate_family_recall_mean": 0.5914285714285714,
    "top3_candidate_family_recall_mean": 0.608095238095238,
    "validation_regret_mean": 0.0016901369672924934,
    "normalized_validation_regret_mean": 0.05776135749065369,
    "test_regret_mean": 0.0025016788669994985,
    "removed_fraction": 0.5,
    "selected_family_count_mean": 8.858571428571429,
    "removed_family_fraction_mean": 0.4463392857142857,
    "passes_90pct_recall_at_50pct_removal": false
  },
  {
    "encoder": "vit_b16",
    "method": "rank_only",
    "shortlist_size": 3,
    "rows": 7,
    "targets": 7,
    "best_candidate_recall_mean": 0.7142857142857143,
    "top3_candidate_recall_mean": 0.5238095238095237,
    "best_candidate_family_recall_mean": 0.7142857142857143,
    "top3_candidate_family_recall_mean": 0.5238095238095237,
    "validation_regret_mean": 0.0014708154145729774,
    "normalized_validation_regret_mean": 0.04704792062522273,
    "test_regret_mean": 0.0009514212608337276,
    "removed_fraction": 0.85,
    "selected_family_count_mean": 2.0,
    "removed_family_fraction_mean": 0.875,
    "passes_90pct_recall_at_50pct_removal": false
  },
  {
    "encoder": "vit_b16",
    "method": "rank_only",
    "shortlist_size": 5,
    "rows": 7,
    "targets": 7,
    "best_candidate_recall_mean": 1.0,
    "top3_candidate_recall_mean": 0.7142857142857143,
    "best_candidate_family_recall_mean": 1.0,
    "top3_candidate_family_recall_mean": 0.7142857142857143,
    "validation_regret_mean": 0.0,
    "normalized_validation_regret_mean": 0.0,
    "test_regret_mean": 0.0,
    "removed_fraction": 0.75,
    "selected_family_count_mean": 4.0,
    "removed_family_fraction_mean": 0.75,
    "passes_90pct_recall_at_50pct_removal": true
  },
  {
    "encoder": "vit_b16",
    "method": "rank_only",
    "shortlist_size": 10,
    "rows": 7,
    "targets": 7,
    "best_candidate_recall_mean": 1.0,
    "top3_candidate_recall_mean": 0.8571428571428571,
    "best_candidate_family_recall_mean": 1.0,
    "top3_candidate_family_recall_mean": 0.8571428571428571,
    "validation_regret_mean": 0.0,
    "normalized_validation_regret_mean": 0.0,
    "test_regret_mean": 0.0,
    "removed_fraction": 0.5,
    "selected_family_count_mean": 7.0,
    "removed_family_fraction_mean": 0.5625,
    "passes_90pct_recall_at_50pct_removal": true
  }
]
SOURCE_DONE=octmnist COMPLETED=9/21
[
  {
    "encoder": "vit_b16",
    "method": "dpp_subspace",
    "shortlist_size": 3,
    "rows": 7,
    "targets": 7,
    "best_candidate_recall_mean": 0.7142857142857143,
    "top3_candidate_recall_mean": 0.42857142857142855,
    "best_candidate_family_recall_mean": 1.0,
    "top3_candidate_family_recall_mean": 0.6666666666666666,
    "validation_regret_mean": 7.424655868896021e-05,
    "normalized_validation_regret_mean": 0.00230057113394302,
    "test_regret_mean": -0.0013482110840933553,
    "removed_fraction": 0.85,
    "selected_family_count_mean": 3.0,
    "removed_family_fraction_mean": 0.8235294117647057,
    "passes_90pct_recall_at_50pct_removal": false
  },
  {
    "encoder": "vit_b16",
    "method": "dpp_subspace",
    "shortlist_size": 5,
    "rows": 7,
    "targets": 7,
    "best_candidate_recall_mean": 0.7142857142857143,
    "top3_candidate_recall_mean": 0.4761904761904762,
    "best_candidate_family_recall_mean": 1.0,
    "top3_candidate_family_recall_mean": 0.7619047619047619,
    "validation_regret_mean": 7.424655868896021e-05,
    "normalized_validation_regret_mean": 0.00230057113394302,
    "test_regret_mean": -0.0013482110840933553,
    "removed_fraction": 0.75,
    "selected_family_count_mean": 5.0,
    "removed_family_fraction_mean": 0.7058823529411765,
    "passes_90pct_recall_at_50pct_removal": false
  },
  {
    "encoder": "vit_b16",
    "method": "dpp_subspace",
    "shortlist_size": 10,
    "rows": 7,
    "targets": 7,
    "best_candidate_recall_mean": 1.0,
    "top3_candidate_recall_mean": 0.8571428571428571,
    "best_candidate_family_recall_mean": 1.0,
    "top3_candidate_family_recall_mean": 0.9047619047619048,
    "validation_regret_mean": 0.0,
    "normalized_validation_regret_mean": 0.0,
    "test_regret_mean": 0.0,
    "removed_fraction": 0.5,
    "selected_family_count_mean": 9.0,
    "removed_family_fraction_mean": 0.4705882352941177,
    "passes_90pct_recall_at_50pct_removal": true
  },
  {
    "encoder": "vit_b16",
    "method": "facility_subspace",
    "shortlist_size": 3,
    "rows": 7,
    "targets": 7,
    "best_candidate_recall_mean": 0.0,
    "top3_candidate_recall_mean": 0.047619047619047616,
    "best_candidate_family_recall_mean": 0.2857142857142857,
    "top3_candidate_family_recall_mean": 0.3333333333333333,
    "validation_regret_mean": 0.006754903693037225,
    "normalized_validation_regret_mean": 0.23170944050215297,
    "test_regret_mean": 0.006357915912355698,
    "removed_fraction": 0.85,
    "selected_family_count_mean": 3.0,
    "removed_family_fraction_mean": 0.8235294117647057,
    "passes_90pct_recall_at_50pct_removal": false
  },
  {
    "encoder": "vit_b16",
    "method": "facility_subspace",
    "shortlist_size": 5,
    "rows": 7,
    "targets": 7,
    "best_candidate_recall_mean": 0.0,
    "top3_candidate_recall_mean": 0.09523809523809523,
    "best_candidate_family_recall_mean": 0.2857142857142857,
    "top3_candidate_family_recall_mean": 0.38095238095238093,
    "validation_regret_mean": 0.006501610746448798,
    "normalized_validation_regret_mean": 0.2214319450287025,
    "test_regret_mean": 0.005354878732136327,
    "removed_fraction": 0.75,
    "selected_family_count_mean": 5.0,
    "removed_family_fraction_mean": 0.7058823529411765,
    "passes_90pct_recall_at_50pct_removal": false
  },
  {
    "encoder": "vit_b16",
    "method": "facility_subspace",
    "shortlist_size": 10,
    "rows": 7,
    "targets": 7,
    "best_candidate_recall_mean": 0.0,
    "top3_candidate_recall_mean": 0.19047619047619047,
    "best_candidate_family_recall_mean": 0.2857142857142857,
    "top3_candidate_family_recall_mean": 0.4761904761904762,
    "validation_regret_mean": 0.005498041270628307,
    "normalized_validation_regret_mean": 0.18603889181304897,
    "test_regret_mean": 0.009270588840757108,
    "removed_fraction": 0.5,
    "selected_family_count_mean": 10.0,
    "removed_family_fraction_mean": 0.41176470588235287,
    "passes_90pct_recall_at_50pct_removal": false
  },
  {
    "encoder": "vit_b16",
    "method": "kcenter_subspace",
    "shortlist_size": 3,
    "rows": 7,
    "targets": 7,
    "best_candidate_recall_mean": 0.42857142857142855,
    "top3_candidate_recall_mean": 0.2857142857142857,
    "best_candidate_family_recall_mean": 0.42857142857142855,
    "top3_candidate_family_recall_mean": 0.3333333333333333,
    "validation_regret_mean": 0.0015450619732619378,
    "normalized_validation_regret_mean": 0.049348491759165745,
    "test_regret_mean": -0.0003967898232596277,
    "removed_fraction": 0.85,
    "selected_family_count_mean": 3.0,
    "removed_family_fraction_mean": 0.8235294117647057,
    "passes_90pct_recall_at_50pct_removal": false
  },
  {
    "encoder": "vit_b16",
    "method": "kcenter_subspace",
    "shortlist_size": 5,
    "rows": 7,
    "targets": 7,
    "best_candidate_recall_mean": 0.42857142857142855,
    "top3_candidate_recall_mean": 0.2857142857142857,
    "best_candidate_family_recall_mean": 0.42857142857142855,
    "top3_candidate_family_recall_mean": 0.3333333333333333,
    "validation_regret_mean": 0.001296374903926962,
    "normalized_validation_regret_mean": 0.040031736094389855,
    "test_regret_mean": 0.0016121387481689406,
    "removed_fraction": 0.75,
    "selected_family_count_mean": 5.0,
    "removed_family_fraction_mean": 0.7058823529411765,
    "passes_90pct_recall_at_50pct_removal": false
  },
  {
    "encoder": "vit_b16",
    "method": "kcenter_subspace",
    "shortlist_size": 10,
    "rows": 7,
    "targets": 7,
    "best_candidate_recall_mean": 0.7142857142857143,
    "top3_candidate_recall_mean": 0.5238095238095238,
    "best_candidate_family_recall_mean": 0.7142857142857143,
    "top3_candidate_family_recall_mean": 0.5714285714285714,
    "validation_regret_mean": 7.424655868896021e-05,
    "normalized_validation_regret_mean": 0.00230057113394302,
    "test_regret_mean": -0.0013482110840933553,
    "removed_fraction": 0.5,
    "selected_family_count_mean": 10.0,
    "removed_family_fraction_mean": 0.41176470588235287,
    "passes_90pct_recall_at_50pct_removal": false
  },
  {
    "encoder": "vit_b16",
    "method": "pool_vendi_subspace",
    "shortlist_size": 3,
    "rows": 7,
    "targets": 7,
    "best_candidate_recall_mean": 0.42857142857142855,
    "top3_candidate_recall_mean": 0.2857142857142857,
    "best_candidate_family_recall_mean": 0.42857142857142855,
    "top3_candidate_family_recall_mean": 0.3333333333333333,
    "validation_regret_mean": 0.0015450619732619378,
    "normalized_validation_regret_mean": 0.049348491759165745,
    "test_regret_mean": -0.0003967898232596277,
    "removed_fraction": 0.85,
    "selected_family_count_mean": 3.0,
    "removed_family_fraction_mean": 0.8235294117647057,
    "passes_90pct_recall_at_50pct_removal": false
  },
  {
    "encoder": "vit_b16",
    "method": "pool_vendi_subspace",
    "shortlist_size": 5,
    "rows": 7,
    "targets": 7,
    "best_candidate_recall_mean": 0.7142857142857143,
    "top3_candidate_recall_mean": 0.42857142857142855,
    "best_candidate_family_recall_mean": 0.7142857142857143,
    "top3_candidate_family_recall_mean": 0.4761904761904762,
    "validation_regret_mean": 7.424655868896021e-05,
    "normalized_validation_regret_mean": 0.00230057113394302,
    "test_regret_mean": -0.0013482110840933553,
    "removed_fraction": 0.75,
    "selected_family_count_mean": 5.0,
    "removed_family_fraction_mean": 0.7058823529411765,
    "passes_90pct_recall_at_50pct_removal": false
  },
  {
    "encoder": "vit_b16",
    "method": "pool_vendi_subspace",
    "shortlist_size": 10,
    "rows": 7,
    "targets": 7,
    "best_candidate_recall_mean": 0.7142857142857143,
    "top3_candidate_recall_mean": 0.5238095238095238,
    "best_candidate_family_recall_mean": 0.7142857142857143,
    "top3_candidate_family_recall_mean": 0.5714285714285714,
    "validation_regret_mean": 7.424655868896021e-05,
    "normalized_validation_regret_mean": 0.00230057113394302,
    "test_regret_mean": -0.0013482110840933553,
    "removed_fraction": 0.5,
    "selected_family_count_mean": 10.0,
    "removed_family_fraction_mean": 0.41176470588235287,
    "passes_90pct_recall_at_50pct_removal": false
  },
  {
    "encoder": "vit_b16",
    "method": "random",
    "shortlist_size": 3,
    "rows": 700,
    "targets": 7,
    "best_candidate_recall_mean": 0.1457142857142857,
    "top3_candidate_recall_mean": 0.14809523809523809,
    "best_candidate_family_recall_mean": 0.18,
    "top3_candidate_family_recall_mean": 0.1938095238095238,
    "validation_regret_mean": 0.005925545428547202,
    "normalized_validation_regret_mean": 0.20454359480496695,
    "test_regret_mean": 0.006731123634747105,
    "removed_fraction": 0.85,
    "selected_family_count_mean": 2.9571428571428573,
    "removed_family_fraction_mean": 0.8260504201680673,
    "passes_90pct_recall_at_50pct_removal": false
  },
  {
    "encoder": "vit_b16",
    "method": "random",
    "shortlist_size": 5,
    "rows": 700,
    "targets": 7,
    "best_candidate_recall_mean": 0.26857142857142857,
    "top3_candidate_recall_mean": 0.2580952380952381,
    "best_candidate_family_recall_mean": 0.32571428571428573,
    "top3_candidate_family_recall_mean": 0.32571428571428573,
    "validation_regret_mean": 0.003913927144017439,
    "normalized_validation_regret_mean": 0.13574391886090575,
    "test_regret_mean": 0.004345280723912381,
    "removed_fraction": 0.75,
    "selected_family_count_mean": 4.8342857142857145,
    "removed_family_fraction_mean": 0.7156302521008403,
    "passes_90pct_recall_at_50pct_removal": false
  },
  {
    "encoder": "vit_b16",
    "method": "random",
    "shortlist_size": 10,
    "rows": 700,
    "targets": 7,
    "best_candidate_recall_mean": 0.5128571428571429,
    "top3_candidate_recall_mean": 0.5157142857142857,
    "best_candidate_family_recall_mean": 0.5914285714285714,
    "top3_candidate_family_recall_mean": 0.6014285714285714,
    "validation_regret_mean": 0.0017262065636510526,
    "normalized_validation_regret_mean": 0.05978920930101743,
    "test_regret_mean": 0.002404608343328757,
    "removed_fraction": 0.5,
    "selected_family_count_mean": 9.274285714285714,
    "removed_family_fraction_mean": 0.45445378151260507,
    "passes_90pct_recall_at_50pct_removal": false
  },
  {
    "encoder": "vit_b16",
    "method": "rank_only",
    "shortlist_size": 3,
    "rows": 7,
    "targets": 7,
    "best_candidate_recall_mean": 0.7142857142857143,
    "top3_candidate_recall_mean": 0.5238095238095237,
    "best_candidate_family_recall_mean": 0.7142857142857143,
    "top3_candidate_family_recall_mean": 0.5238095238095237,
    "validation_regret_mean": 0.0014708154145729774,
    "normalized_validation_regret_mean": 0.04704792062522273,
    "test_regret_mean": 0.0009514212608337276,
    "removed_fraction": 0.85,
    "selected_family_count_mean": 2.0,
    "removed_family_fraction_mean": 0.8823529411764708,
    "passes_90pct_recall_at_50pct_removal": false
  },
  {
    "encoder": "vit_b16",
    "method": "rank_only",
    "shortlist_size": 5,
    "rows": 7,
    "targets": 7,
    "best_candidate_recall_mean": 1.0,
    "top3_candidate_recall_mean": 0.7142857142857143,
    "best_candidate_family_recall_mean": 1.0,
    "top3_candidate_family_recall_mean": 0.7142857142857143,
    "validation_regret_mean": 0.0,
    "normalized_validation_regret_mean": 0.0,
    "test_regret_mean": 0.0,
    "removed_fraction": 0.75,
    "selected_family_count_mean": 4.0,
    "removed_family_fraction_mean": 0.7647058823529411,
    "passes_90pct_recall_at_50pct_removal": true
  },
  {
    "encoder": "vit_b16",
    "method": "rank_only",
    "shortlist_size": 10,
    "rows": 7,
    "targets": 7,
    "best_candidate_recall_mean": 1.0,
    "top3_candidate_recall_mean": 0.8571428571428571,
    "best_candidate_family_recall_mean": 1.0,
    "top3_candidate_family_recall_mean": 0.8571428571428571,
    "validation_regret_mean": 0.0,
    "normalized_validation_regret_mean": 0.0,
    "test_regret_mean": 0.0,
    "removed_fraction": 0.5,
    "selected_family_count_mean": 8.0,
    "removed_family_fraction_mean": 0.5294117647058824,
    "passes_90pct_recall_at_50pct_removal": true
  }
]
SOURCE_DONE=organamnist COMPLETED=10/21
[
  {
    "encoder": "vit_b16",
    "method": "dpp_subspace",
    "shortlist_size": 3,
    "rows": 7,
    "targets": 7,
    "best_candidate_recall_mean": 0.7142857142857143,
    "top3_candidate_recall_mean": 0.42857142857142855,
    "best_candidate_family_recall_mean": 1.0,
    "top3_candidate_family_recall_mean": 0.6666666666666666,
    "validation_regret_mean": 7.424655868896021e-05,
    "normalized_validation_regret_mean": 0.00230057113394302,
    "test_regret_mean": -0.0013482110840933553,
    "removed_fraction": 0.85,
    "selected_family_count_mean": 3.0,
    "removed_family_fraction_mean": 0.8235294117647057,
    "passes_90pct_recall_at_50pct_removal": false
  },
  {
    "encoder": "vit_b16",
    "method": "dpp_subspace",
    "shortlist_size": 5,
    "rows": 7,
    "targets": 7,
    "best_candidate_recall_mean": 0.7142857142857143,
    "top3_candidate_recall_mean": 0.4761904761904762,
    "best_candidate_family_recall_mean": 1.0,
    "top3_candidate_family_recall_mean": 0.7619047619047619,
    "validation_regret_mean": 7.424655868896021e-05,
    "normalized_validation_regret_mean": 0.00230057113394302,
    "test_regret_mean": -0.0013482110840933553,
    "removed_fraction": 0.75,
    "selected_family_count_mean": 5.0,
    "removed_family_fraction_mean": 0.7058823529411765,
    "passes_90pct_recall_at_50pct_removal": false
  },
  {
    "encoder": "vit_b16",
    "method": "dpp_subspace",
    "shortlist_size": 10,
    "rows": 7,
    "targets": 7,
    "best_candidate_recall_mean": 1.0,
    "top3_candidate_recall_mean": 0.8571428571428571,
    "best_candidate_family_recall_mean": 1.0,
    "top3_candidate_family_recall_mean": 0.9047619047619048,
    "validation_regret_mean": 0.0,
    "normalized_validation_regret_mean": 0.0,
    "test_regret_mean": 0.0,
    "removed_fraction": 0.5,
    "selected_family_count_mean": 9.0,
    "removed_family_fraction_mean": 0.4705882352941177,
    "passes_90pct_recall_at_50pct_removal": true
  },
  {
    "encoder": "vit_b16",
    "method": "facility_subspace",
    "shortlist_size": 3,
    "rows": 7,
    "targets": 7,
    "best_candidate_recall_mean": 0.0,
    "top3_candidate_recall_mean": 0.047619047619047616,
    "best_candidate_family_recall_mean": 0.2857142857142857,
    "top3_candidate_family_recall_mean": 0.3333333333333333,
    "validation_regret_mean": 0.006754903693037225,
    "normalized_validation_regret_mean": 0.23170944050215297,
    "test_regret_mean": 0.006357915912355698,
    "removed_fraction": 0.85,
    "selected_family_count_mean": 3.0,
    "removed_family_fraction_mean": 0.8235294117647057,
    "passes_90pct_recall_at_50pct_removal": false
  },
  {
    "encoder": "vit_b16",
    "method": "facility_subspace",
    "shortlist_size": 5,
    "rows": 7,
    "targets": 7,
    "best_candidate_recall_mean": 0.0,
    "top3_candidate_recall_mean": 0.09523809523809523,
    "best_candidate_family_recall_mean": 0.2857142857142857,
    "top3_candidate_family_recall_mean": 0.38095238095238093,
    "validation_regret_mean": 0.006501610746448798,
    "normalized_validation_regret_mean": 0.2214319450287025,
    "test_regret_mean": 0.005354878732136327,
    "removed_fraction": 0.75,
    "selected_family_count_mean": 5.0,
    "removed_family_fraction_mean": 0.7058823529411765,
    "passes_90pct_recall_at_50pct_removal": false
  },
  {
    "encoder": "vit_b16",
    "method": "facility_subspace",
    "shortlist_size": 10,
    "rows": 7,
    "targets": 7,
    "best_candidate_recall_mean": 0.0,
    "top3_candidate_recall_mean": 0.19047619047619047,
    "best_candidate_family_recall_mean": 0.2857142857142857,
    "top3_candidate_family_recall_mean": 0.4761904761904762,
    "validation_regret_mean": 0.005498041270628307,
    "normalized_validation_regret_mean": 0.18603889181304897,
    "test_regret_mean": 0.009270588840757108,
    "removed_fraction": 0.5,
    "selected_family_count_mean": 10.0,
    "removed_family_fraction_mean": 0.41176470588235287,
    "passes_90pct_recall_at_50pct_removal": false
  },
  {
    "encoder": "vit_b16",
    "method": "kcenter_subspace",
    "shortlist_size": 3,
    "rows": 7,
    "targets": 7,
    "best_candidate_recall_mean": 0.42857142857142855,
    "top3_candidate_recall_mean": 0.2857142857142857,
    "best_candidate_family_recall_mean": 0.42857142857142855,
    "top3_candidate_family_recall_mean": 0.3333333333333333,
    "validation_regret_mean": 0.0015450619732619378,
    "normalized_validation_regret_mean": 0.049348491759165745,
    "test_regret_mean": -0.0003967898232596277,
    "removed_fraction": 0.85,
    "selected_family_count_mean": 3.0,
    "removed_family_fraction_mean": 0.8235294117647057,
    "passes_90pct_recall_at_50pct_removal": false
  },
  {
    "encoder": "vit_b16",
    "method": "kcenter_subspace",
    "shortlist_size": 5,
    "rows": 7,
    "targets": 7,
    "best_candidate_recall_mean": 0.42857142857142855,
    "top3_candidate_recall_mean": 0.2857142857142857,
    "best_candidate_family_recall_mean": 0.42857142857142855,
    "top3_candidate_family_recall_mean": 0.3333333333333333,
    "validation_regret_mean": 0.001296374903926962,
    "normalized_validation_regret_mean": 0.040031736094389855,
    "test_regret_mean": 0.0016121387481689406,
    "removed_fraction": 0.75,
    "selected_family_count_mean": 5.0,
    "removed_family_fraction_mean": 0.7058823529411765,
    "passes_90pct_recall_at_50pct_removal": false
  },
  {
    "encoder": "vit_b16",
    "method": "kcenter_subspace",
    "shortlist_size": 10,
    "rows": 7,
    "targets": 7,
    "best_candidate_recall_mean": 0.7142857142857143,
    "top3_candidate_recall_mean": 0.5238095238095238,
    "best_candidate_family_recall_mean": 0.7142857142857143,
    "top3_candidate_family_recall_mean": 0.5714285714285714,
    "validation_regret_mean": 7.424655868896021e-05,
    "normalized_validation_regret_mean": 0.00230057113394302,
    "test_regret_mean": -0.0013482110840933553,
    "removed_fraction": 0.5,
    "selected_family_count_mean": 10.0,
    "removed_family_fraction_mean": 0.41176470588235287,
    "passes_90pct_recall_at_50pct_removal": false
  },
  {
    "encoder": "vit_b16",
    "method": "pool_vendi_subspace",
    "shortlist_size": 3,
    "rows": 7,
    "targets": 7,
    "best_candidate_recall_mean": 0.42857142857142855,
    "top3_candidate_recall_mean": 0.2857142857142857,
    "best_candidate_family_recall_mean": 0.42857142857142855,
    "top3_candidate_family_recall_mean": 0.3333333333333333,
    "validation_regret_mean": 0.0015450619732619378,
    "normalized_validation_regret_mean": 0.049348491759165745,
    "test_regret_mean": -0.0003967898232596277,
    "removed_fraction": 0.85,
    "selected_family_count_mean": 3.0,
    "removed_family_fraction_mean": 0.8235294117647057,
    "passes_90pct_recall_at_50pct_removal": false
  },
  {
    "encoder": "vit_b16",
    "method": "pool_vendi_subspace",
    "shortlist_size": 5,
    "rows": 7,
    "targets": 7,
    "best_candidate_recall_mean": 0.7142857142857143,
    "top3_candidate_recall_mean": 0.42857142857142855,
    "best_candidate_family_recall_mean": 0.7142857142857143,
    "top3_candidate_family_recall_mean": 0.4761904761904762,
    "validation_regret_mean": 7.424655868896021e-05,
    "normalized_validation_regret_mean": 0.00230057113394302,
    "test_regret_mean": -0.0013482110840933553,
    "removed_fraction": 0.75,
    "selected_family_count_mean": 5.0,
    "removed_family_fraction_mean": 0.7058823529411765,
    "passes_90pct_recall_at_50pct_removal": false
  },
  {
    "encoder": "vit_b16",
    "method": "pool_vendi_subspace",
    "shortlist_size": 10,
    "rows": 7,
    "targets": 7,
    "best_candidate_recall_mean": 0.7142857142857143,
    "top3_candidate_recall_mean": 0.5238095238095238,
    "best_candidate_family_recall_mean": 0.7142857142857143,
    "top3_candidate_family_recall_mean": 0.5714285714285714,
    "validation_regret_mean": 7.424655868896021e-05,
    "normalized_validation_regret_mean": 0.00230057113394302,
    "test_regret_mean": -0.0013482110840933553,
    "removed_fraction": 0.5,
    "selected_family_count_mean": 10.0,
    "removed_family_fraction_mean": 0.41176470588235287,
    "passes_90pct_recall_at_50pct_removal": false
  },
  {
    "encoder": "vit_b16",
    "method": "random",
    "shortlist_size": 3,
    "rows": 700,
    "targets": 7,
    "best_candidate_recall_mean": 0.1457142857142857,
    "top3_candidate_recall_mean": 0.14809523809523809,
    "best_candidate_family_recall_mean": 0.18,
    "top3_candidate_family_recall_mean": 0.1938095238095238,
    "validation_regret_mean": 0.0058422471238773884,
    "normalized_validation_regret_mean": 0.2038116801547974,
    "test_regret_mean": 0.006827759129660478,
    "removed_fraction": 0.85,
    "selected_family_count_mean": 2.9571428571428573,
    "removed_family_fraction_mean": 0.8260504201680673,
    "passes_90pct_recall_at_50pct_removal": false
  },
  {
    "encoder": "vit_b16",
    "method": "random",
    "shortlist_size": 5,
    "rows": 700,
    "targets": 7,
    "best_candidate_recall_mean": 0.26857142857142857,
    "top3_candidate_recall_mean": 0.2580952380952381,
    "best_candidate_family_recall_mean": 0.32571428571428573,
    "top3_candidate_family_recall_mean": 0.32571428571428573,
    "validation_regret_mean": 0.003875833425622312,
    "normalized_validation_regret_mean": 0.13684816455301366,
    "test_regret_mean": 0.004449273782117032,
    "removed_fraction": 0.75,
    "selected_family_count_mean": 4.8342857142857145,
    "removed_family_fraction_mean": 0.7156302521008403,
    "passes_90pct_recall_at_50pct_removal": false
  },
  {
    "encoder": "vit_b16",
    "method": "random",
    "shortlist_size": 10,
    "rows": 700,
    "targets": 7,
    "best_candidate_recall_mean": 0.5128571428571429,
    "top3_candidate_recall_mean": 0.5157142857142857,
    "best_candidate_family_recall_mean": 0.5914285714285714,
    "top3_candidate_family_recall_mean": 0.6014285714285714,
    "validation_regret_mean": 0.0017292342893152502,
    "normalized_validation_regret_mean": 0.06094267696498404,
    "test_regret_mean": 0.0024789789659636434,
    "removed_fraction": 0.5,
    "selected_family_count_mean": 9.274285714285714,
    "removed_family_fraction_mean": 0.45445378151260507,
    "passes_90pct_recall_at_50pct_removal": false
  },
  {
    "encoder": "vit_b16",
    "method": "rank_only",
    "shortlist_size": 3,
    "rows": 7,
    "targets": 7,
    "best_candidate_recall_mean": 0.7142857142857143,
    "top3_candidate_recall_mean": 0.5238095238095237,
    "best_candidate_family_recall_mean": 0.7142857142857143,
    "top3_candidate_family_recall_mean": 0.5238095238095237,
    "validation_regret_mean": 0.0014708154145729774,
    "normalized_validation_regret_mean": 0.04704792062522273,
    "test_regret_mean": 0.0009514212608337276,
    "removed_fraction": 0.85,
    "selected_family_count_mean": 2.0,
    "removed_family_fraction_mean": 0.8823529411764708,
    "passes_90pct_recall_at_50pct_removal": false
  },
  {
    "encoder": "vit_b16",
    "method": "rank_only",
    "shortlist_size": 5,
    "rows": 7,
    "targets": 7,
    "best_candidate_recall_mean": 1.0,
    "top3_candidate_recall_mean": 0.7142857142857143,
    "best_candidate_family_recall_mean": 1.0,
    "top3_candidate_family_recall_mean": 0.7142857142857143,
    "validation_regret_mean": 0.0,
    "normalized_validation_regret_mean": 0.0,
    "test_regret_mean": 0.0,
    "removed_fraction": 0.75,
    "selected_family_count_mean": 4.0,
    "removed_family_fraction_mean": 0.7647058823529411,
    "passes_90pct_recall_at_50pct_removal": true
  },
  {
    "encoder": "vit_b16",
    "method": "rank_only",
    "shortlist_size": 10,
    "rows": 7,
    "targets": 7,
    "best_candidate_recall_mean": 1.0,
    "top3_candidate_recall_mean": 0.8571428571428571,
    "best_candidate_family_recall_mean": 1.0,
    "top3_candidate_family_recall_mean": 0.8571428571428571,
    "validation_regret_mean": 0.0,
    "normalized_validation_regret_mean": 0.0,
    "test_regret_mean": 0.0,
    "removed_fraction": 0.5,
    "selected_family_count_mean": 8.0,
    "removed_family_fraction_mean": 0.5294117647058824,
    "passes_90pct_recall_at_50pct_removal": true
  }
]
SOURCE_DONE=organcmnist COMPLETED=11/21
[
  {
    "encoder": "vit_b16",
    "method": "dpp_subspace",
    "shortlist_size": 3,
    "rows": 7,
    "targets": 7,
    "best_candidate_recall_mean": 0.7142857142857143,
    "top3_candidate_recall_mean": 0.42857142857142855,
    "best_candidate_family_recall_mean": 1.0,
    "top3_candidate_family_recall_mean": 0.6666666666666666,
    "validation_regret_mean": 7.424655868896021e-05,
    "normalized_validation_regret_mean": 0.00230057113394302,
    "test_regret_mean": -0.0013482110840933553,
    "removed_fraction": 0.85,
    "selected_family_count_mean": 3.0,
    "removed_family_fraction_mean": 0.8235294117647057,
    "passes_90pct_recall_at_50pct_removal": false
  },
  {
    "encoder": "vit_b16",
    "method": "dpp_subspace",
    "shortlist_size": 5,
    "rows": 7,
    "targets": 7,
    "best_candidate_recall_mean": 0.7142857142857143,
    "top3_candidate_recall_mean": 0.5238095238095238,
    "best_candidate_family_recall_mean": 1.0,
    "top3_candidate_family_recall_mean": 0.7619047619047619,
    "validation_regret_mean": 7.424655868896021e-05,
    "normalized_validation_regret_mean": 0.00230057113394302,
    "test_regret_mean": -0.0013482110840933553,
    "removed_fraction": 0.75,
    "selected_family_count_mean": 5.0,
    "removed_family_fraction_mean": 0.7058823529411765,
    "passes_90pct_recall_at_50pct_removal": false
  },
  {
    "encoder": "vit_b16",
    "method": "dpp_subspace",
    "shortlist_size": 10,
    "rows": 7,
    "targets": 7,
    "best_candidate_recall_mean": 1.0,
    "top3_candidate_recall_mean": 0.9047619047619048,
    "best_candidate_family_recall_mean": 1.0,
    "top3_candidate_family_recall_mean": 0.9047619047619048,
    "validation_regret_mean": 0.0,
    "normalized_validation_regret_mean": 0.0,
    "test_regret_mean": 0.0,
    "removed_fraction": 0.5,
    "selected_family_count_mean": 9.0,
    "removed_family_fraction_mean": 0.4705882352941177,
    "passes_90pct_recall_at_50pct_removal": true
  },
  {
    "encoder": "vit_b16",
    "method": "facility_subspace",
    "shortlist_size": 3,
    "rows": 7,
    "targets": 7,
    "best_candidate_recall_mean": 0.0,
    "top3_candidate_recall_mean": 0.09523809523809523,
    "best_candidate_family_recall_mean": 0.2857142857142857,
    "top3_candidate_family_recall_mean": 0.3333333333333333,
    "validation_regret_mean": 0.007416710157757586,
    "normalized_validation_regret_mean": 0.24299303001039826,
    "test_regret_mean": 0.005608333008629951,
    "removed_fraction": 0.85,
    "selected_family_count_mean": 3.0,
    "removed_family_fraction_mean": 0.8235294117647057,
    "passes_90pct_recall_at_50pct_removal": false
  },
  {
    "encoder": "vit_b16",
    "method": "facility_subspace",
    "shortlist_size": 5,
    "rows": 7,
    "targets": 7,
    "best_candidate_recall_mean": 0.0,
    "top3_candidate_recall_mean": 0.14285714285714285,
    "best_candidate_family_recall_mean": 0.2857142857142857,
    "top3_candidate_family_recall_mean": 0.38095238095238093,
    "validation_regret_mean": 0.006897459242593543,
    "normalized_validation_regret_mean": 0.22192414908788743,
    "test_regret_mean": 0.005152408565793735,
    "removed_fraction": 0.75,
    "selected_family_count_mean": 5.0,
    "removed_family_fraction_mean": 0.7058823529411765,
    "passes_90pct_recall_at_50pct_removal": false
  },
  {
    "encoder": "vit_b16",
    "method": "facility_subspace",
    "shortlist_size": 10,
    "rows": 7,
    "targets": 7,
    "best_candidate_recall_mean": 0.0,
    "top3_candidate_recall_mean": 0.23809523809523808,
    "best_candidate_family_recall_mean": 0.2857142857142857,
    "top3_candidate_family_recall_mean": 0.4761904761904762,
    "validation_regret_mean": 0.005120194821570041,
    "normalized_validation_regret_mean": 0.15754556484802465,
    "test_regret_mean": 0.009068118674414514,
    "removed_fraction": 0.5,
    "selected_family_count_mean": 10.0,
    "removed_family_fraction_mean": 0.41176470588235287,
    "passes_90pct_recall_at_50pct_removal": false
  },
  {
    "encoder": "vit_b16",
    "method": "kcenter_subspace",
    "shortlist_size": 3,
    "rows": 7,
    "targets": 7,
    "best_candidate_recall_mean": 0.42857142857142855,
    "top3_candidate_recall_mean": 0.2857142857142857,
    "best_candidate_family_recall_mean": 0.42857142857142855,
    "top3_candidate_family_recall_mean": 0.3333333333333333,
    "validation_regret_mean": 0.0015450619732619378,
    "normalized_validation_regret_mean": 0.049348491759165745,
    "test_regret_mean": -0.0003967898232596277,
    "removed_fraction": 0.85,
    "selected_family_count_mean": 3.0,
    "removed_family_fraction_mean": 0.8235294117647057,
    "passes_90pct_recall_at_50pct_removal": false
  },
  {
    "encoder": "vit_b16",
    "method": "kcenter_subspace",
    "shortlist_size": 5,
    "rows": 7,
    "targets": 7,
    "best_candidate_recall_mean": 0.42857142857142855,
    "top3_candidate_recall_mean": 0.2857142857142857,
    "best_candidate_family_recall_mean": 0.42857142857142855,
    "top3_candidate_family_recall_mean": 0.3333333333333333,
    "validation_regret_mean": 0.001296374903926962,
    "normalized_validation_regret_mean": 0.040031736094389855,
    "test_regret_mean": 0.0016121387481689406,
    "removed_fraction": 0.75,
    "selected_family_count_mean": 5.0,
    "removed_family_fraction_mean": 0.7058823529411765,
    "passes_90pct_recall_at_50pct_removal": false
  },
  {
    "encoder": "vit_b16",
    "method": "kcenter_subspace",
    "shortlist_size": 10,
    "rows": 7,
    "targets": 7,
    "best_candidate_recall_mean": 0.7142857142857143,
    "top3_candidate_recall_mean": 0.5238095238095238,
    "best_candidate_family_recall_mean": 0.7142857142857143,
    "top3_candidate_family_recall_mean": 0.5714285714285714,
    "validation_regret_mean": 7.424655868896021e-05,
    "normalized_validation_regret_mean": 0.00230057113394302,
    "test_regret_mean": -0.0013482110840933553,
    "removed_fraction": 0.5,
    "selected_family_count_mean": 10.0,
    "removed_family_fraction_mean": 0.41176470588235287,
    "passes_90pct_recall_at_50pct_removal": false
  },
  {
    "encoder": "vit_b16",
    "method": "pool_vendi_subspace",
    "shortlist_size": 3,
    "rows": 7,
    "targets": 7,
    "best_candidate_recall_mean": 0.42857142857142855,
    "top3_candidate_recall_mean": 0.2857142857142857,
    "best_candidate_family_recall_mean": 0.42857142857142855,
    "top3_candidate_family_recall_mean": 0.3333333333333333,
    "validation_regret_mean": 0.0015450619732619378,
    "normalized_validation_regret_mean": 0.049348491759165745,
    "test_regret_mean": -0.0003967898232596277,
    "removed_fraction": 0.85,
    "selected_family_count_mean": 3.0,
    "removed_family_fraction_mean": 0.8235294117647057,
    "passes_90pct_recall_at_50pct_removal": false
  },
  {
    "encoder": "vit_b16",
    "method": "pool_vendi_subspace",
    "shortlist_size": 5,
    "rows": 7,
    "targets": 7,
    "best_candidate_recall_mean": 0.7142857142857143,
    "top3_candidate_recall_mean": 0.42857142857142855,
    "best_candidate_family_recall_mean": 0.7142857142857143,
    "top3_candidate_family_recall_mean": 0.4761904761904762,
    "validation_regret_mean": 7.424655868896021e-05,
    "normalized_validation_regret_mean": 0.00230057113394302,
    "test_regret_mean": -0.0013482110840933553,
    "removed_fraction": 0.75,
    "selected_family_count_mean": 5.0,
    "removed_family_fraction_mean": 0.7058823529411765,
    "passes_90pct_recall_at_50pct_removal": false
  },
  {
    "encoder": "vit_b16",
    "method": "pool_vendi_subspace",
    "shortlist_size": 10,
    "rows": 7,
    "targets": 7,
    "best_candidate_recall_mean": 0.7142857142857143,
    "top3_candidate_recall_mean": 0.5238095238095238,
    "best_candidate_family_recall_mean": 0.7142857142857143,
    "top3_candidate_family_recall_mean": 0.5714285714285714,
    "validation_regret_mean": 7.424655868896021e-05,
    "normalized_validation_regret_mean": 0.00230057113394302,
    "test_regret_mean": -0.0013482110840933553,
    "removed_fraction": 0.5,
    "selected_family_count_mean": 10.0,
    "removed_family_fraction_mean": 0.41176470588235287,
    "passes_90pct_recall_at_50pct_removal": false
  },
  {
    "encoder": "vit_b16",
    "method": "random",
    "shortlist_size": 3,
    "rows": 700,
    "targets": 7,
    "best_candidate_recall_mean": 0.1457142857142857,
    "top3_candidate_recall_mean": 0.14476190476190476,
    "best_candidate_family_recall_mean": 0.18,
    "top3_candidate_family_recall_mean": 0.1938095238095238,
    "validation_regret_mean": 0.005893192709558859,
    "normalized_validation_regret_mean": 0.204377080362016,
    "test_regret_mean": 0.007092921214444305,
    "removed_fraction": 0.85,
    "selected_family_count_mean": 2.9571428571428573,
    "removed_family_fraction_mean": 0.8260504201680673,
    "passes_90pct_recall_at_50pct_removal": false
  },
  {
    "encoder": "vit_b16",
    "method": "random",
    "shortlist_size": 5,
    "rows": 700,
    "targets": 7,
    "best_candidate_recall_mean": 0.26857142857142857,
    "top3_candidate_recall_mean": 0.25857142857142856,
    "best_candidate_family_recall_mean": 0.32571428571428573,
    "top3_candidate_family_recall_mean": 0.32571428571428573,
    "validation_regret_mean": 0.0038630631198640552,
    "normalized_validation_regret_mean": 0.13403520473396602,
    "test_regret_mean": 0.004551772568907064,
    "removed_fraction": 0.75,
    "selected_family_count_mean": 4.8342857142857145,
    "removed_family_fraction_mean": 0.7156302521008403,
    "passes_90pct_recall_at_50pct_removal": false
  },
  {
    "encoder": "vit_b16",
    "method": "random",
    "shortlist_size": 10,
    "rows": 700,
    "targets": 7,
    "best_candidate_recall_mean": 0.5128571428571429,
    "top3_candidate_recall_mean": 0.5123809523809524,
    "best_candidate_family_recall_mean": 0.5914285714285714,
    "top3_candidate_family_recall_mean": 0.6014285714285714,
    "validation_regret_mean": 0.0016978091059750167,
    "normalized_validation_regret_mean": 0.05835030426965801,
    "test_regret_mean": 0.002459176880972734,
    "removed_fraction": 0.5,
    "selected_family_count_mean": 9.274285714285714,
    "removed_family_fraction_mean": 0.45445378151260507,
    "passes_90pct_recall_at_50pct_removal": false
  },
  {
    "encoder": "vit_b16",
    "method": "rank_only",
    "shortlist_size": 3,
    "rows": 7,
    "targets": 7,
    "best_candidate_recall_mean": 0.7142857142857143,
    "top3_candidate_recall_mean": 0.5238095238095237,
    "best_candidate_family_recall_mean": 0.7142857142857143,
    "top3_candidate_family_recall_mean": 0.5238095238095237,
    "validation_regret_mean": 0.0014708154145729774,
    "normalized_validation_regret_mean": 0.04704792062522273,
    "test_regret_mean": 0.0009514212608337276,
    "removed_fraction": 0.85,
    "selected_family_count_mean": 2.0,
    "removed_family_fraction_mean": 0.8823529411764708,
    "passes_90pct_recall_at_50pct_removal": false
  },
  {
    "encoder": "vit_b16",
    "method": "rank_only",
    "shortlist_size": 5,
    "rows": 7,
    "targets": 7,
    "best_candidate_recall_mean": 1.0,
    "top3_candidate_recall_mean": 0.7142857142857143,
    "best_candidate_family_recall_mean": 1.0,
    "top3_candidate_family_recall_mean": 0.7142857142857143,
    "validation_regret_mean": 0.0,
    "normalized_validation_regret_mean": 0.0,
    "test_regret_mean": 0.0,
    "removed_fraction": 0.75,
    "selected_family_count_mean": 4.0,
    "removed_family_fraction_mean": 0.7647058823529411,
    "passes_90pct_recall_at_50pct_removal": true
  },
  {
    "encoder": "vit_b16",
    "method": "rank_only",
    "shortlist_size": 10,
    "rows": 7,
    "targets": 7,
    "best_candidate_recall_mean": 1.0,
    "top3_candidate_recall_mean": 0.8571428571428571,
    "best_candidate_family_recall_mean": 1.0,
    "top3_candidate_family_recall_mean": 0.8571428571428571,
    "validation_regret_mean": 0.0,
    "normalized_validation_regret_mean": 0.0,
    "test_regret_mean": 0.0,
    "removed_fraction": 0.5,
    "selected_family_count_mean": 8.0,
    "removed_family_fraction_mean": 0.5294117647058824,
    "passes_90pct_recall_at_50pct_removal": true
  }
]
SOURCE_DONE=organsmnist COMPLETED=12/21
[
  {
    "encoder": "vit_b16",
    "method": "dpp_subspace",
    "shortlist_size": 3,
    "rows": 7,
    "targets": 7,
    "best_candidate_recall_mean": 0.7142857142857143,
    "top3_candidate_recall_mean": 0.42857142857142855,
    "best_candidate_family_recall_mean": 1.0,
    "top3_candidate_family_recall_mean": 0.6666666666666666,
    "validation_regret_mean": 7.424655868896021e-05,
    "normalized_validation_regret_mean": 0.00230057113394302,
    "test_regret_mean": -0.0013482110840933553,
    "removed_fraction": 0.85,
    "selected_family_count_mean": 3.0,
    "removed_family_fraction_mean": 0.8125,
    "passes_90pct_recall_at_50pct_removal": false
  },
  {
    "encoder": "vit_b16",
    "method": "dpp_subspace",
    "shortlist_size": 5,
    "rows": 7,
    "targets": 7,
    "best_candidate_recall_mean": 0.7142857142857143,
    "top3_candidate_recall_mean": 0.4761904761904762,
    "best_candidate_family_recall_mean": 1.0,
    "top3_candidate_family_recall_mean": 0.7619047619047619,
    "validation_regret_mean": 7.424655868896021e-05,
    "normalized_validation_regret_mean": 0.00230057113394302,
    "test_regret_mean": -0.0013482110840933553,
    "removed_fraction": 0.75,
    "selected_family_count_mean": 5.0,
    "removed_family_fraction_mean": 0.6875,
    "passes_90pct_recall_at_50pct_removal": false
  },
  {
    "encoder": "vit_b16",
    "method": "dpp_subspace",
    "shortlist_size": 10,
    "rows": 7,
    "targets": 7,
    "best_candidate_recall_mean": 1.0,
    "top3_candidate_recall_mean": 0.8571428571428571,
    "best_candidate_family_recall_mean": 1.0,
    "top3_candidate_family_recall_mean": 0.9047619047619048,
    "validation_regret_mean": 0.0,
    "normalized_validation_regret_mean": 0.0,
    "test_regret_mean": 0.0,
    "removed_fraction": 0.5,
    "selected_family_count_mean": 9.0,
    "removed_family_fraction_mean": 0.4375,
    "passes_90pct_recall_at_50pct_removal": true
  },
  {
    "encoder": "vit_b16",
    "method": "facility_subspace",
    "shortlist_size": 3,
    "rows": 7,
    "targets": 7,
    "best_candidate_recall_mean": 0.2857142857142857,
    "top3_candidate_recall_mean": 0.2857142857142857,
    "best_candidate_family_recall_mean": 0.2857142857142857,
    "top3_candidate_family_recall_mean": 0.3333333333333333,
    "validation_regret_mean": 0.0034951752580751894,
    "normalized_validation_regret_mean": 0.11149398828540928,
    "test_regret_mean": 0.0027491654668535697,
    "removed_fraction": 0.85,
    "selected_family_count_mean": 3.0,
    "removed_family_fraction_mean": 0.8125,
    "passes_90pct_recall_at_50pct_removal": false
  },
  {
    "encoder": "vit_b16",
    "method": "facility_subspace",
    "shortlist_size": 5,
    "rows": 7,
    "targets": 7,
    "best_candidate_recall_mean": 0.5714285714285714,
    "top3_candidate_recall_mean": 0.42857142857142855,
    "best_candidate_family_recall_mean": 0.5714285714285714,
    "top3_candidate_family_recall_mean": 0.47619047619047616,
    "validation_regret_mean": 0.001267931150606432,
    "normalized_validation_regret_mean": 0.04931652178547167,
    "test_regret_mean": 0.0006388119288853426,
    "removed_fraction": 0.75,
    "selected_family_count_mean": 5.0,
    "removed_family_fraction_mean": 0.6875,
    "passes_90pct_recall_at_50pct_removal": false
  },
  {
    "encoder": "vit_b16",
    "method": "facility_subspace",
    "shortlist_size": 10,
    "rows": 7,
    "targets": 7,
    "best_candidate_recall_mean": 0.5714285714285714,
    "top3_candidate_recall_mean": 0.5238095238095238,
    "best_candidate_family_recall_mean": 0.5714285714285714,
    "top3_candidate_family_recall_mean": 0.5714285714285714,
    "validation_regret_mean": 0.001267931150606432,
    "normalized_validation_regret_mean": 0.04931652178547167,
    "test_regret_mean": 0.0006388119288853426,
    "removed_fraction": 0.5,
    "selected_family_count_mean": 10.0,
    "removed_family_fraction_mean": 0.375,
    "passes_90pct_recall_at_50pct_removal": false
  },
  {
    "encoder": "vit_b16",
    "method": "kcenter_subspace",
    "shortlist_size": 3,
    "rows": 7,
    "targets": 7,
    "best_candidate_recall_mean": 0.42857142857142855,
    "top3_candidate_recall_mean": 0.2857142857142857,
    "best_candidate_family_recall_mean": 0.42857142857142855,
    "top3_candidate_family_recall_mean": 0.3333333333333333,
    "validation_regret_mean": 0.0015450619732619378,
    "normalized_validation_regret_mean": 0.049348491759165745,
    "test_regret_mean": -0.0003967898232596277,
    "removed_fraction": 0.85,
    "selected_family_count_mean": 3.0,
    "removed_family_fraction_mean": 0.8125,
    "passes_90pct_recall_at_50pct_removal": false
  },
  {
    "encoder": "vit_b16",
    "method": "kcenter_subspace",
    "shortlist_size": 5,
    "rows": 7,
    "targets": 7,
    "best_candidate_recall_mean": 0.7142857142857143,
    "top3_candidate_recall_mean": 0.42857142857142855,
    "best_candidate_family_recall_mean": 0.7142857142857143,
    "top3_candidate_family_recall_mean": 0.4761904761904762,
    "validation_regret_mean": 7.424655868896021e-05,
    "normalized_validation_regret_mean": 0.00230057113394302,
    "test_regret_mean": -0.0013482110840933553,
    "removed_fraction": 0.75,
    "selected_family_count_mean": 5.0,
    "removed_family_fraction_mean": 0.6875,
    "passes_90pct_recall_at_50pct_removal": false
  },
  {
    "encoder": "vit_b16",
    "method": "kcenter_subspace",
    "shortlist_size": 10,
    "rows": 7,
    "targets": 7,
    "best_candidate_recall_mean": 0.7142857142857143,
    "top3_candidate_recall_mean": 0.5238095238095238,
    "best_candidate_family_recall_mean": 0.7142857142857143,
    "top3_candidate_family_recall_mean": 0.619047619047619,
    "validation_regret_mean": 7.424655868896021e-05,
    "normalized_validation_regret_mean": 0.00230057113394302,
    "test_regret_mean": -0.0013482110840933553,
    "removed_fraction": 0.5,
    "selected_family_count_mean": 10.0,
    "removed_family_fraction_mean": 0.375,
    "passes_90pct_recall_at_50pct_removal": false
  },
  {
    "encoder": "vit_b16",
    "method": "pool_vendi_subspace",
    "shortlist_size": 3,
    "rows": 7,
    "targets": 7,
    "best_candidate_recall_mean": 0.42857142857142855,
    "top3_candidate_recall_mean": 0.2857142857142857,
    "best_candidate_family_recall_mean": 0.42857142857142855,
    "top3_candidate_family_recall_mean": 0.3333333333333333,
    "validation_regret_mean": 0.0015450619732619378,
    "normalized_validation_regret_mean": 0.049348491759165745,
    "test_regret_mean": -0.0003967898232596277,
    "removed_fraction": 0.85,
    "selected_family_count_mean": 3.0,
    "removed_family_fraction_mean": 0.8125,
    "passes_90pct_recall_at_50pct_removal": false
  },
  {
    "encoder": "vit_b16",
    "method": "pool_vendi_subspace",
    "shortlist_size": 5,
    "rows": 7,
    "targets": 7,
    "best_candidate_recall_mean": 0.7142857142857143,
    "top3_candidate_recall_mean": 0.42857142857142855,
    "best_candidate_family_recall_mean": 0.7142857142857143,
    "top3_candidate_family_recall_mean": 0.4761904761904762,
    "validation_regret_mean": 7.424655868896021e-05,
    "normalized_validation_regret_mean": 0.00230057113394302,
    "test_regret_mean": -0.0013482110840933553,
    "removed_fraction": 0.75,
    "selected_family_count_mean": 5.0,
    "removed_family_fraction_mean": 0.6875,
    "passes_90pct_recall_at_50pct_removal": false
  },
  {
    "encoder": "vit_b16",
    "method": "pool_vendi_subspace",
    "shortlist_size": 10,
    "rows": 7,
    "targets": 7,
    "best_candidate_recall_mean": 0.7142857142857143,
    "top3_candidate_recall_mean": 0.5238095238095238,
    "best_candidate_family_recall_mean": 0.7142857142857143,
    "top3_candidate_family_recall_mean": 0.5714285714285714,
    "validation_regret_mean": 7.424655868896021e-05,
    "normalized_validation_regret_mean": 0.00230057113394302,
    "test_regret_mean": -0.0013482110840933553,
    "removed_fraction": 0.5,
    "selected_family_count_mean": 10.0,
    "removed_family_fraction_mean": 0.375,
    "passes_90pct_recall_at_50pct_removal": false
  },
  {
    "encoder": "vit_b16",
    "method": "random",
    "shortlist_size": 3,
    "rows": 700,
    "targets": 7,
    "best_candidate_recall_mean": 0.1457142857142857,
    "top3_candidate_recall_mean": 0.14476190476190476,
    "best_candidate_family_recall_mean": 0.18,
    "top3_candidate_family_recall_mean": 0.19904761904761903,
    "validation_regret_mean": 0.0057634709635293775,
    "normalized_validation_regret_mean": 0.20027090923003377,
    "test_regret_mean": 0.00690291187592916,
    "removed_fraction": 0.85,
    "selected_family_count_mean": 2.927142857142857,
    "removed_family_fraction_mean": 0.8170535714285714,
    "passes_90pct_recall_at_50pct_removal": false
  },
  {
    "encoder": "vit_b16",
    "method": "random",
    "shortlist_size": 5,
    "rows": 700,
    "targets": 7,
    "best_candidate_recall_mean": 0.26857142857142857,
    "top3_candidate_recall_mean": 0.25857142857142856,
    "best_candidate_family_recall_mean": 0.32571428571428573,
    "top3_candidate_family_recall_mean": 0.33476190476190476,
    "validation_regret_mean": 0.0038080675884790173,
    "normalized_validation_regret_mean": 0.13192663462647974,
    "test_regret_mean": 0.004469569385051733,
    "removed_fraction": 0.75,
    "selected_family_count_mean": 4.7457142857142856,
    "removed_family_fraction_mean": 0.7033928571428572,
    "passes_90pct_recall_at_50pct_removal": false
  },
  {
    "encoder": "vit_b16",
    "method": "random",
    "shortlist_size": 10,
    "rows": 700,
    "targets": 7,
    "best_candidate_recall_mean": 0.5128571428571429,
    "top3_candidate_recall_mean": 0.5123809523809524,
    "best_candidate_family_recall_mean": 0.5914285714285714,
    "top3_candidate_family_recall_mean": 0.6090476190476191,
    "validation_regret_mean": 0.0016911807356037225,
    "normalized_validation_regret_mean": 0.05801225379963329,
    "test_regret_mean": 0.002477726399898536,
    "removed_fraction": 0.5,
    "selected_family_count_mean": 8.891428571428571,
    "removed_family_fraction_mean": 0.4442857142857143,
    "passes_90pct_recall_at_50pct_removal": false
  },
  {
    "encoder": "vit_b16",
    "method": "rank_only",
    "shortlist_size": 3,
    "rows": 7,
    "targets": 7,
    "best_candidate_recall_mean": 0.7142857142857143,
    "top3_candidate_recall_mean": 0.5238095238095237,
    "best_candidate_family_recall_mean": 0.7142857142857143,
    "top3_candidate_family_recall_mean": 0.5238095238095237,
    "validation_regret_mean": 0.0014708154145729774,
    "normalized_validation_regret_mean": 0.04704792062522273,
    "test_regret_mean": 0.0009514212608337276,
    "removed_fraction": 0.85,
    "selected_family_count_mean": 2.0,
    "removed_family_fraction_mean": 0.875,
    "passes_90pct_recall_at_50pct_removal": false
  },
  {
    "encoder": "vit_b16",
    "method": "rank_only",
    "shortlist_size": 5,
    "rows": 7,
    "targets": 7,
    "best_candidate_recall_mean": 1.0,
    "top3_candidate_recall_mean": 0.7142857142857143,
    "best_candidate_family_recall_mean": 1.0,
    "top3_candidate_family_recall_mean": 0.7142857142857143,
    "validation_regret_mean": 0.0,
    "normalized_validation_regret_mean": 0.0,
    "test_regret_mean": 0.0,
    "removed_fraction": 0.75,
    "selected_family_count_mean": 4.0,
    "removed_family_fraction_mean": 0.75,
    "passes_90pct_recall_at_50pct_removal": true
  },
  {
    "encoder": "vit_b16",
    "method": "rank_only",
    "shortlist_size": 10,
    "rows": 7,
    "targets": 7,
    "best_candidate_recall_mean": 1.0,
    "top3_candidate_recall_mean": 0.8571428571428571,
    "best_candidate_family_recall_mean": 1.0,
    "top3_candidate_family_recall_mean": 0.8571428571428571,
    "validation_regret_mean": 0.0,
    "normalized_validation_regret_mean": 0.0,
    "test_regret_mean": 0.0,
    "removed_fraction": 0.5,
    "selected_family_count_mean": 7.0,
    "removed_family_fraction_mean": 0.5625,
    "passes_90pct_recall_at_50pct_removal": true
  }
]
SOURCE_DONE=pathmnist COMPLETED=13/21
[
  {
    "encoder": "vit_b16",
    "method": "dpp_subspace",
    "shortlist_size": 3,
    "rows": 7,
    "targets": 7,
    "best_candidate_recall_mean": 0.7142857142857143,
    "top3_candidate_recall_mean": 0.42857142857142855,
    "best_candidate_family_recall_mean": 1.0,
    "top3_candidate_family_recall_mean": 0.6666666666666666,
    "validation_regret_mean": 7.424655868896021e-05,
    "normalized_validation_regret_mean": 0.00230057113394302,
    "test_regret_mean": -0.0013482110840933553,
    "removed_fraction": 0.85,
    "selected_family_count_mean": 3.0,
    "removed_family_fraction_mean": 0.8125,
    "passes_90pct_recall_at_50pct_removal": false
  },
  {
    "encoder": "vit_b16",
    "method": "dpp_subspace",
    "shortlist_size": 5,
    "rows": 7,
    "targets": 7,
    "best_candidate_recall_mean": 0.7142857142857143,
    "top3_candidate_recall_mean": 0.4761904761904762,
    "best_candidate_family_recall_mean": 1.0,
    "top3_candidate_family_recall_mean": 0.7619047619047619,
    "validation_regret_mean": 7.424655868896021e-05,
    "normalized_validation_regret_mean": 0.00230057113394302,
    "test_regret_mean": -0.0013482110840933553,
    "removed_fraction": 0.75,
    "selected_family_count_mean": 5.0,
    "removed_family_fraction_mean": 0.6875,
    "passes_90pct_recall_at_50pct_removal": false
  },
  {
    "encoder": "vit_b16",
    "method": "dpp_subspace",
    "shortlist_size": 10,
    "rows": 7,
    "targets": 7,
    "best_candidate_recall_mean": 1.0,
    "top3_candidate_recall_mean": 0.8571428571428571,
    "best_candidate_family_recall_mean": 1.0,
    "top3_candidate_family_recall_mean": 0.9047619047619048,
    "validation_regret_mean": 0.0,
    "normalized_validation_regret_mean": 0.0,
    "test_regret_mean": 0.0,
    "removed_fraction": 0.5,
    "selected_family_count_mean": 9.0,
    "removed_family_fraction_mean": 0.4375,
    "passes_90pct_recall_at_50pct_removal": true
  },
  {
    "encoder": "vit_b16",
    "method": "facility_subspace",
    "shortlist_size": 3,
    "rows": 7,
    "targets": 7,
    "best_candidate_recall_mean": 0.2857142857142857,
    "top3_candidate_recall_mean": 0.2857142857142857,
    "best_candidate_family_recall_mean": 0.2857142857142857,
    "top3_candidate_family_recall_mean": 0.3333333333333333,
    "validation_regret_mean": 0.0034951752580751894,
    "normalized_validation_regret_mean": 0.11149398828540928,
    "test_regret_mean": 0.0027491654668535697,
    "removed_fraction": 0.85,
    "selected_family_count_mean": 3.0,
    "removed_family_fraction_mean": 0.8125,
    "passes_90pct_recall_at_50pct_removal": false
  },
  {
    "encoder": "vit_b16",
    "method": "facility_subspace",
    "shortlist_size": 5,
    "rows": 7,
    "targets": 7,
    "best_candidate_recall_mean": 0.5714285714285714,
    "top3_candidate_recall_mean": 0.42857142857142855,
    "best_candidate_family_recall_mean": 0.5714285714285714,
    "top3_candidate_family_recall_mean": 0.47619047619047616,
    "validation_regret_mean": 0.001267931150606432,
    "normalized_validation_regret_mean": 0.04931652178547167,
    "test_regret_mean": 0.0006388119288853426,
    "removed_fraction": 0.75,
    "selected_family_count_mean": 5.0,
    "removed_family_fraction_mean": 0.6875,
    "passes_90pct_recall_at_50pct_removal": false
  },
  {
    "encoder": "vit_b16",
    "method": "facility_subspace",
    "shortlist_size": 10,
    "rows": 7,
    "targets": 7,
    "best_candidate_recall_mean": 0.5714285714285714,
    "top3_candidate_recall_mean": 0.5238095238095238,
    "best_candidate_family_recall_mean": 0.5714285714285714,
    "top3_candidate_family_recall_mean": 0.5714285714285714,
    "validation_regret_mean": 0.001267931150606432,
    "normalized_validation_regret_mean": 0.04931652178547167,
    "test_regret_mean": 0.0006388119288853426,
    "removed_fraction": 0.5,
    "selected_family_count_mean": 10.0,
    "removed_family_fraction_mean": 0.375,
    "passes_90pct_recall_at_50pct_removal": false
  },
  {
    "encoder": "vit_b16",
    "method": "kcenter_subspace",
    "shortlist_size": 3,
    "rows": 7,
    "targets": 7,
    "best_candidate_recall_mean": 0.42857142857142855,
    "top3_candidate_recall_mean": 0.2857142857142857,
    "best_candidate_family_recall_mean": 0.42857142857142855,
    "top3_candidate_family_recall_mean": 0.3333333333333333,
    "validation_regret_mean": 0.0015450619732619378,
    "normalized_validation_regret_mean": 0.049348491759165745,
    "test_regret_mean": -0.0003967898232596277,
    "removed_fraction": 0.85,
    "selected_family_count_mean": 3.0,
    "removed_family_fraction_mean": 0.8125,
    "passes_90pct_recall_at_50pct_removal": false
  },
  {
    "encoder": "vit_b16",
    "method": "kcenter_subspace",
    "shortlist_size": 5,
    "rows": 7,
    "targets": 7,
    "best_candidate_recall_mean": 0.42857142857142855,
    "top3_candidate_recall_mean": 0.2857142857142857,
    "best_candidate_family_recall_mean": 0.42857142857142855,
    "top3_candidate_family_recall_mean": 0.3333333333333333,
    "validation_regret_mean": 0.001296374903926962,
    "normalized_validation_regret_mean": 0.040031736094389855,
    "test_regret_mean": 0.0016121387481689406,
    "removed_fraction": 0.75,
    "selected_family_count_mean": 5.0,
    "removed_family_fraction_mean": 0.6875,
    "passes_90pct_recall_at_50pct_removal": false
  },
  {
    "encoder": "vit_b16",
    "method": "kcenter_subspace",
    "shortlist_size": 10,
    "rows": 7,
    "targets": 7,
    "best_candidate_recall_mean": 0.7142857142857143,
    "top3_candidate_recall_mean": 0.5238095238095238,
    "best_candidate_family_recall_mean": 0.7142857142857143,
    "top3_candidate_family_recall_mean": 0.619047619047619,
    "validation_regret_mean": 7.424655868896021e-05,
    "normalized_validation_regret_mean": 0.00230057113394302,
    "test_regret_mean": -0.0013482110840933553,
    "removed_fraction": 0.5,
    "selected_family_count_mean": 10.0,
    "removed_family_fraction_mean": 0.375,
    "passes_90pct_recall_at_50pct_removal": false
  },
  {
    "encoder": "vit_b16",
    "method": "pool_vendi_subspace",
    "shortlist_size": 3,
    "rows": 7,
    "targets": 7,
    "best_candidate_recall_mean": 0.42857142857142855,
    "top3_candidate_recall_mean": 0.2857142857142857,
    "best_candidate_family_recall_mean": 0.42857142857142855,
    "top3_candidate_family_recall_mean": 0.3333333333333333,
    "validation_regret_mean": 0.0015450619732619378,
    "normalized_validation_regret_mean": 0.049348491759165745,
    "test_regret_mean": -0.0003967898232596277,
    "removed_fraction": 0.85,
    "selected_family_count_mean": 3.0,
    "removed_family_fraction_mean": 0.8125,
    "passes_90pct_recall_at_50pct_removal": false
  },
  {
    "encoder": "vit_b16",
    "method": "pool_vendi_subspace",
    "shortlist_size": 5,
    "rows": 7,
    "targets": 7,
    "best_candidate_recall_mean": 0.7142857142857143,
    "top3_candidate_recall_mean": 0.42857142857142855,
    "best_candidate_family_recall_mean": 0.7142857142857143,
    "top3_candidate_family_recall_mean": 0.4761904761904762,
    "validation_regret_mean": 7.424655868896021e-05,
    "normalized_validation_regret_mean": 0.00230057113394302,
    "test_regret_mean": -0.0013482110840933553,
    "removed_fraction": 0.75,
    "selected_family_count_mean": 5.0,
    "removed_family_fraction_mean": 0.6875,
    "passes_90pct_recall_at_50pct_removal": false
  },
  {
    "encoder": "vit_b16",
    "method": "pool_vendi_subspace",
    "shortlist_size": 10,
    "rows": 7,
    "targets": 7,
    "best_candidate_recall_mean": 0.7142857142857143,
    "top3_candidate_recall_mean": 0.5714285714285714,
    "best_candidate_family_recall_mean": 0.7142857142857143,
    "top3_candidate_family_recall_mean": 0.619047619047619,
    "validation_regret_mean": 7.424655868896021e-05,
    "normalized_validation_regret_mean": 0.00230057113394302,
    "test_regret_mean": -0.0013482110840933553,
    "removed_fraction": 0.5,
    "selected_family_count_mean": 10.0,
    "removed_family_fraction_mean": 0.375,
    "passes_90pct_recall_at_50pct_removal": false
  },
  {
    "encoder": "vit_b16",
    "method": "random",
    "shortlist_size": 3,
    "rows": 700,
    "targets": 7,
    "best_candidate_recall_mean": 0.1457142857142857,
    "top3_candidate_recall_mean": 0.14476190476190476,
    "best_candidate_family_recall_mean": 0.18,
    "top3_candidate_family_recall_mean": 0.19904761904761903,
    "validation_regret_mean": 0.005681259247913859,
    "normalized_validation_regret_mean": 0.19629043949214933,
    "test_regret_mean": 0.006888266418661398,
    "removed_fraction": 0.85,
    "selected_family_count_mean": 2.927142857142857,
    "removed_family_fraction_mean": 0.8170535714285714,
    "passes_90pct_recall_at_50pct_removal": false
  },
  {
    "encoder": "vit_b16",
    "method": "random",
    "shortlist_size": 5,
    "rows": 700,
    "targets": 7,
    "best_candidate_recall_mean": 0.26857142857142857,
    "top3_candidate_recall_mean": 0.25857142857142856,
    "best_candidate_family_recall_mean": 0.32571428571428573,
    "top3_candidate_family_recall_mean": 0.33476190476190476,
    "validation_regret_mean": 0.003792822851596269,
    "normalized_validation_regret_mean": 0.13106584828157425,
    "test_regret_mean": 0.004473248447690697,
    "removed_fraction": 0.75,
    "selected_family_count_mean": 4.7457142857142856,
    "removed_family_fraction_mean": 0.7033928571428572,
    "passes_90pct_recall_at_50pct_removal": false
  },
  {
    "encoder": "vit_b16",
    "method": "random",
    "shortlist_size": 10,
    "rows": 700,
    "targets": 7,
    "best_candidate_recall_mean": 0.5128571428571429,
    "top3_candidate_recall_mean": 0.5123809523809524,
    "best_candidate_family_recall_mean": 0.5914285714285714,
    "top3_candidate_family_recall_mean": 0.6090476190476191,
    "validation_regret_mean": 0.001685773643190274,
    "normalized_validation_regret_mean": 0.0577668978000996,
    "test_regret_mean": 0.0024862989783287124,
    "removed_fraction": 0.5,
    "selected_family_count_mean": 8.891428571428571,
    "removed_family_fraction_mean": 0.4442857142857143,
    "passes_90pct_recall_at_50pct_removal": false
  },
  {
    "encoder": "vit_b16",
    "method": "rank_only",
    "shortlist_size": 3,
    "rows": 7,
    "targets": 7,
    "best_candidate_recall_mean": 0.7142857142857143,
    "top3_candidate_recall_mean": 0.5238095238095237,
    "best_candidate_family_recall_mean": 0.7142857142857143,
    "top3_candidate_family_recall_mean": 0.5238095238095237,
    "validation_regret_mean": 0.0014708154145729774,
    "normalized_validation_regret_mean": 0.04704792062522273,
    "test_regret_mean": 0.0009514212608337276,
    "removed_fraction": 0.85,
    "selected_family_count_mean": 2.0,
    "removed_family_fraction_mean": 0.875,
    "passes_90pct_recall_at_50pct_removal": false
  },
  {
    "encoder": "vit_b16",
    "method": "rank_only",
    "shortlist_size": 5,
    "rows": 7,
    "targets": 7,
    "best_candidate_recall_mean": 1.0,
    "top3_candidate_recall_mean": 0.7142857142857143,
    "best_candidate_family_recall_mean": 1.0,
    "top3_candidate_family_recall_mean": 0.7142857142857143,
    "validation_regret_mean": 0.0,
    "normalized_validation_regret_mean": 0.0,
    "test_regret_mean": 0.0,
    "removed_fraction": 0.75,
    "selected_family_count_mean": 4.0,
    "removed_family_fraction_mean": 0.75,
    "passes_90pct_recall_at_50pct_removal": true
  },
  {
    "encoder": "vit_b16",
    "method": "rank_only",
    "shortlist_size": 10,
    "rows": 7,
    "targets": 7,
    "best_candidate_recall_mean": 1.0,
    "top3_candidate_recall_mean": 0.8571428571428571,
    "best_candidate_family_recall_mean": 1.0,
    "top3_candidate_family_recall_mean": 0.8571428571428571,
    "validation_regret_mean": 0.0,
    "normalized_validation_regret_mean": 0.0,
    "test_regret_mean": 0.0,
    "removed_fraction": 0.5,
    "selected_family_count_mean": 7.0,
    "removed_family_fraction_mean": 0.5625,
    "passes_90pct_recall_at_50pct_removal": true
  }
]
SOURCE_DONE=pneumoniamnist COMPLETED=14/21
[
  {
    "encoder": "vit_b16",
    "method": "dpp_subspace",
    "shortlist_size": 3,
    "rows": 7,
    "targets": 7,
    "best_candidate_recall_mean": 0.7142857142857143,
    "top3_candidate_recall_mean": 0.42857142857142855,
    "best_candidate_family_recall_mean": 1.0,
    "top3_candidate_family_recall_mean": 0.6666666666666666,
    "validation_regret_mean": 7.424655868896021e-05,
    "normalized_validation_regret_mean": 0.0029113012720355593,
    "test_regret_mean": -0.0013482110840933553,
    "removed_fraction": 0.85,
    "selected_family_count_mean": 3.0,
    "removed_family_fraction_mean": 0.8125,
    "passes_90pct_recall_at_50pct_removal": false
  },
  {
    "encoder": "vit_b16",
    "method": "dpp_subspace",
    "shortlist_size": 5,
    "rows": 7,
    "targets": 7,
    "best_candidate_recall_mean": 0.7142857142857143,
    "top3_candidate_recall_mean": 0.4761904761904762,
    "best_candidate_family_recall_mean": 1.0,
    "top3_candidate_family_recall_mean": 0.7619047619047619,
    "validation_regret_mean": 7.424655868896021e-05,
    "normalized_validation_regret_mean": 0.0029113012720355593,
    "test_regret_mean": -0.0013482110840933553,
    "removed_fraction": 0.75,
    "selected_family_count_mean": 5.0,
    "removed_family_fraction_mean": 0.6875,
    "passes_90pct_recall_at_50pct_removal": false
  },
  {
    "encoder": "vit_b16",
    "method": "dpp_subspace",
    "shortlist_size": 10,
    "rows": 7,
    "targets": 7,
    "best_candidate_recall_mean": 1.0,
    "top3_candidate_recall_mean": 0.8571428571428571,
    "best_candidate_family_recall_mean": 1.0,
    "top3_candidate_family_recall_mean": 0.9047619047619048,
    "validation_regret_mean": 0.0,
    "normalized_validation_regret_mean": 0.0,
    "test_regret_mean": 0.0,
    "removed_fraction": 0.5,
    "selected_family_count_mean": 9.0,
    "removed_family_fraction_mean": 0.4375,
    "passes_90pct_recall_at_50pct_removal": true
  },
  {
    "encoder": "vit_b16",
    "method": "facility_subspace",
    "shortlist_size": 3,
    "rows": 7,
    "targets": 7,
    "best_candidate_recall_mean": 0.2857142857142857,
    "top3_candidate_recall_mean": 0.2857142857142857,
    "best_candidate_family_recall_mean": 0.2857142857142857,
    "top3_candidate_family_recall_mean": 0.3333333333333333,
    "validation_regret_mean": 0.0034951752580751894,
    "normalized_validation_regret_mean": 0.11267849644617216,
    "test_regret_mean": 0.0027491654668535697,
    "removed_fraction": 0.85,
    "selected_family_count_mean": 3.0,
    "removed_family_fraction_mean": 0.8125,
    "passes_90pct_recall_at_50pct_removal": false
  },
  {
    "encoder": "vit_b16",
    "method": "facility_subspace",
    "shortlist_size": 5,
    "rows": 7,
    "targets": 7,
    "best_candidate_recall_mean": 0.5714285714285714,
    "top3_candidate_recall_mean": 0.42857142857142855,
    "best_candidate_family_recall_mean": 0.5714285714285714,
    "top3_candidate_family_recall_mean": 0.47619047619047616,
    "validation_regret_mean": 0.001267931150606432,
    "normalized_validation_regret_mean": 0.05050102994623453,
    "test_regret_mean": 0.0006388119288853426,
    "removed_fraction": 0.75,
    "selected_family_count_mean": 5.0,
    "removed_family_fraction_mean": 0.6875,
    "passes_90pct_recall_at_50pct_removal": false
  },
  {
    "encoder": "vit_b16",
    "method": "facility_subspace",
    "shortlist_size": 10,
    "rows": 7,
    "targets": 7,
    "best_candidate_recall_mean": 0.5714285714285714,
    "top3_candidate_recall_mean": 0.5238095238095238,
    "best_candidate_family_recall_mean": 0.5714285714285714,
    "top3_candidate_family_recall_mean": 0.5714285714285714,
    "validation_regret_mean": 0.001267931150606432,
    "normalized_validation_regret_mean": 0.05050102994623453,
    "test_regret_mean": 0.0006388119288853426,
    "removed_fraction": 0.5,
    "selected_family_count_mean": 10.0,
    "removed_family_fraction_mean": 0.375,
    "passes_90pct_recall_at_50pct_removal": false
  },
  {
    "encoder": "vit_b16",
    "method": "kcenter_subspace",
    "shortlist_size": 3,
    "rows": 7,
    "targets": 7,
    "best_candidate_recall_mean": 0.42857142857142855,
    "top3_candidate_recall_mean": 0.2857142857142857,
    "best_candidate_family_recall_mean": 0.42857142857142855,
    "top3_candidate_family_recall_mean": 0.3333333333333333,
    "validation_regret_mean": 0.001296374903926962,
    "normalized_validation_regret_mean": 0.0406424662324824,
    "test_regret_mean": 0.0016121387481689406,
    "removed_fraction": 0.85,
    "selected_family_count_mean": 3.0,
    "removed_family_fraction_mean": 0.8125,
    "passes_90pct_recall_at_50pct_removal": false
  },
  {
    "encoder": "vit_b16",
    "method": "kcenter_subspace",
    "shortlist_size": 5,
    "rows": 7,
    "targets": 7,
    "best_candidate_recall_mean": 0.7142857142857143,
    "top3_candidate_recall_mean": 0.42857142857142855,
    "best_candidate_family_recall_mean": 0.7142857142857143,
    "top3_candidate_family_recall_mean": 0.4761904761904762,
    "validation_regret_mean": 7.424655868896021e-05,
    "normalized_validation_regret_mean": 0.0029113012720355593,
    "test_regret_mean": -0.0013482110840933553,
    "removed_fraction": 0.75,
    "selected_family_count_mean": 5.0,
    "removed_family_fraction_mean": 0.6875,
    "passes_90pct_recall_at_50pct_removal": false
  },
  {
    "encoder": "vit_b16",
    "method": "kcenter_subspace",
    "shortlist_size": 10,
    "rows": 7,
    "targets": 7,
    "best_candidate_recall_mean": 0.7142857142857143,
    "top3_candidate_recall_mean": 0.5238095238095238,
    "best_candidate_family_recall_mean": 0.7142857142857143,
    "top3_candidate_family_recall_mean": 0.619047619047619,
    "validation_regret_mean": 7.424655868896021e-05,
    "normalized_validation_regret_mean": 0.0029113012720355593,
    "test_regret_mean": -0.0013482110840933553,
    "removed_fraction": 0.5,
    "selected_family_count_mean": 10.0,
    "removed_family_fraction_mean": 0.375,
    "passes_90pct_recall_at_50pct_removal": false
  },
  {
    "encoder": "vit_b16",
    "method": "pool_vendi_subspace",
    "shortlist_size": 3,
    "rows": 7,
    "targets": 7,
    "best_candidate_recall_mean": 0.7142857142857143,
    "top3_candidate_recall_mean": 0.42857142857142855,
    "best_candidate_family_recall_mean": 0.7142857142857143,
    "top3_candidate_family_recall_mean": 0.4761904761904762,
    "validation_regret_mean": 7.424655868896021e-05,
    "normalized_validation_regret_mean": 0.0029113012720355593,
    "test_regret_mean": -0.0013482110840933553,
    "removed_fraction": 0.85,
    "selected_family_count_mean": 3.0,
    "removed_family_fraction_mean": 0.8125,
    "passes_90pct_recall_at_50pct_removal": false
  },
  {
    "encoder": "vit_b16",
    "method": "pool_vendi_subspace",
    "shortlist_size": 5,
    "rows": 7,
    "targets": 7,
    "best_candidate_recall_mean": 0.7142857142857143,
    "top3_candidate_recall_mean": 0.42857142857142855,
    "best_candidate_family_recall_mean": 0.7142857142857143,
    "top3_candidate_family_recall_mean": 0.4761904761904762,
    "validation_regret_mean": 7.424655868896021e-05,
    "normalized_validation_regret_mean": 0.0029113012720355593,
    "test_regret_mean": -0.0013482110840933553,
    "removed_fraction": 0.75,
    "selected_family_count_mean": 5.0,
    "removed_family_fraction_mean": 0.6875,
    "passes_90pct_recall_at_50pct_removal": false
  },
  {
    "encoder": "vit_b16",
    "method": "pool_vendi_subspace",
    "shortlist_size": 10,
    "rows": 7,
    "targets": 7,
    "best_candidate_recall_mean": 0.7142857142857143,
    "top3_candidate_recall_mean": 0.5714285714285714,
    "best_candidate_family_recall_mean": 0.7142857142857143,
    "top3_candidate_family_recall_mean": 0.619047619047619,
    "validation_regret_mean": 7.424655868896021e-05,
    "normalized_validation_regret_mean": 0.0029113012720355593,
    "test_regret_mean": -0.0013482110840933553,
    "removed_fraction": 0.5,
    "selected_family_count_mean": 10.0,
    "removed_family_fraction_mean": 0.375,
    "passes_90pct_recall_at_50pct_removal": false
  },
  {
    "encoder": "vit_b16",
    "method": "random",
    "shortlist_size": 3,
    "rows": 700,
    "targets": 7,
    "best_candidate_recall_mean": 0.1457142857142857,
    "top3_candidate_recall_mean": 0.14476190476190476,
    "best_candidate_family_recall_mean": 0.18,
    "top3_candidate_family_recall_mean": 0.19904761904761903,
    "validation_regret_mean": 0.00560278461353126,
    "normalized_validation_regret_mean": 0.20696800637705012,
    "test_regret_mean": 0.006814767548016148,
    "removed_fraction": 0.85,
    "selected_family_count_mean": 2.927142857142857,
    "removed_family_fraction_mean": 0.8170535714285714,
    "passes_90pct_recall_at_50pct_removal": false
  },
  {
    "encoder": "vit_b16",
    "method": "random",
    "shortlist_size": 5,
    "rows": 700,
    "targets": 7,
    "best_candidate_recall_mean": 0.26857142857142857,
    "top3_candidate_recall_mean": 0.25857142857142856,
    "best_candidate_family_recall_mean": 0.32571428571428573,
    "top3_candidate_family_recall_mean": 0.33476190476190476,
    "validation_regret_mean": 0.00375576843069528,
    "normalized_validation_regret_mean": 0.13738396094505553,
    "test_regret_mean": 0.004596415230206087,
    "removed_fraction": 0.75,
    "selected_family_count_mean": 4.7457142857142856,
    "removed_family_fraction_mean": 0.7033928571428572,
    "passes_90pct_recall_at_50pct_removal": false
  },
  {
    "encoder": "vit_b16",
    "method": "random",
    "shortlist_size": 10,
    "rows": 700,
    "targets": 7,
    "best_candidate_recall_mean": 0.5128571428571429,
    "top3_candidate_recall_mean": 0.5123809523809524,
    "best_candidate_family_recall_mean": 0.5914285714285714,
    "top3_candidate_family_recall_mean": 0.6090476190476191,
    "validation_regret_mean": 0.001685773643190274,
    "normalized_validation_regret_mean": 0.060934044471436306,
    "test_regret_mean": 0.0024862989783287124,
    "removed_fraction": 0.5,
    "selected_family_count_mean": 8.891428571428571,
    "removed_family_fraction_mean": 0.4442857142857143,
    "passes_90pct_recall_at_50pct_removal": false
  },
  {
    "encoder": "vit_b16",
    "method": "rank_only",
    "shortlist_size": 3,
    "rows": 7,
    "targets": 7,
    "best_candidate_recall_mean": 0.7142857142857143,
    "top3_candidate_recall_mean": 0.5238095238095237,
    "best_candidate_family_recall_mean": 0.7142857142857143,
    "top3_candidate_family_recall_mean": 0.5238095238095237,
    "validation_regret_mean": 0.0014708154145729774,
    "normalized_validation_regret_mean": 0.04704792062522273,
    "test_regret_mean": 0.0009514212608337276,
    "removed_fraction": 0.85,
    "selected_family_count_mean": 2.0,
    "removed_family_fraction_mean": 0.875,
    "passes_90pct_recall_at_50pct_removal": false
  },
  {
    "encoder": "vit_b16",
    "method": "rank_only",
    "shortlist_size": 5,
    "rows": 7,
    "targets": 7,
    "best_candidate_recall_mean": 1.0,
    "top3_candidate_recall_mean": 0.7142857142857143,
    "best_candidate_family_recall_mean": 1.0,
    "top3_candidate_family_recall_mean": 0.7142857142857143,
    "validation_regret_mean": 0.0,
    "normalized_validation_regret_mean": 0.0,
    "test_regret_mean": 0.0,
    "removed_fraction": 0.75,
    "selected_family_count_mean": 4.0,
    "removed_family_fraction_mean": 0.75,
    "passes_90pct_recall_at_50pct_removal": true
  },
  {
    "encoder": "vit_b16",
    "method": "rank_only",
    "shortlist_size": 10,
    "rows": 7,
    "targets": 7,
    "best_candidate_recall_mean": 1.0,
    "top3_candidate_recall_mean": 0.8571428571428571,
    "best_candidate_family_recall_mean": 1.0,
    "top3_candidate_family_recall_mean": 0.8571428571428571,
    "validation_regret_mean": 0.0,
    "normalized_validation_regret_mean": 0.0,
    "test_regret_mean": 0.0,
    "removed_fraction": 0.5,
    "selected_family_count_mean": 7.0,
    "removed_family_fraction_mean": 0.5625,
    "passes_90pct_recall_at_50pct_removal": true
  }
]
SOURCE_DONE=rendered_sst2 COMPLETED=15/21
[
  {
    "encoder": "vit_b16",
    "method": "dpp_subspace",
    "shortlist_size": 3,
    "rows": 7,
    "targets": 7,
    "best_candidate_recall_mean": 0.7142857142857143,
    "top3_candidate_recall_mean": 0.42857142857142855,
    "best_candidate_family_recall_mean": 1.0,
    "top3_candidate_family_recall_mean": 0.6666666666666666,
    "validation_regret_mean": 7.424655868896021e-05,
    "normalized_validation_regret_mean": 0.00230057113394302,
    "test_regret_mean": -0.0013482110840933553,
    "removed_fraction": 0.85,
    "selected_family_count_mean": 3.0,
    "removed_family_fraction_mean": 0.8125,
    "passes_90pct_recall_at_50pct_removal": false
  },
  {
    "encoder": "vit_b16",
    "method": "dpp_subspace",
    "shortlist_size": 5,
    "rows": 7,
    "targets": 7,
    "best_candidate_recall_mean": 0.7142857142857143,
    "top3_candidate_recall_mean": 0.4761904761904762,
    "best_candidate_family_recall_mean": 1.0,
    "top3_candidate_family_recall_mean": 0.7619047619047619,
    "validation_regret_mean": 7.424655868896021e-05,
    "normalized_validation_regret_mean": 0.00230057113394302,
    "test_regret_mean": -0.0013482110840933553,
    "removed_fraction": 0.75,
    "selected_family_count_mean": 5.0,
    "removed_family_fraction_mean": 0.6875,
    "passes_90pct_recall_at_50pct_removal": false
  },
  {
    "encoder": "vit_b16",
    "method": "dpp_subspace",
    "shortlist_size": 10,
    "rows": 7,
    "targets": 7,
    "best_candidate_recall_mean": 1.0,
    "top3_candidate_recall_mean": 0.8571428571428571,
    "best_candidate_family_recall_mean": 1.0,
    "top3_candidate_family_recall_mean": 0.9047619047619048,
    "validation_regret_mean": 0.0,
    "normalized_validation_regret_mean": 0.0,
    "test_regret_mean": 0.0,
    "removed_fraction": 0.5,
    "selected_family_count_mean": 9.0,
    "removed_family_fraction_mean": 0.4375,
    "passes_90pct_recall_at_50pct_removal": true
  },
  {
    "encoder": "vit_b16",
    "method": "facility_subspace",
    "shortlist_size": 3,
    "rows": 7,
    "targets": 7,
    "best_candidate_recall_mean": 0.2857142857142857,
    "top3_candidate_recall_mean": 0.2857142857142857,
    "best_candidate_family_recall_mean": 0.2857142857142857,
    "top3_candidate_family_recall_mean": 0.3333333333333333,
    "validation_regret_mean": 0.0034951752580751894,
    "normalized_validation_regret_mean": 0.11149398828540928,
    "test_regret_mean": 0.0027491654668535697,
    "removed_fraction": 0.85,
    "selected_family_count_mean": 3.0,
    "removed_family_fraction_mean": 0.8125,
    "passes_90pct_recall_at_50pct_removal": false
  },
  {
    "encoder": "vit_b16",
    "method": "facility_subspace",
    "shortlist_size": 5,
    "rows": 7,
    "targets": 7,
    "best_candidate_recall_mean": 0.5714285714285714,
    "top3_candidate_recall_mean": 0.42857142857142855,
    "best_candidate_family_recall_mean": 0.5714285714285714,
    "top3_candidate_family_recall_mean": 0.47619047619047616,
    "validation_regret_mean": 0.001267931150606432,
    "normalized_validation_regret_mean": 0.04931652178547167,
    "test_regret_mean": 0.0006388119288853426,
    "removed_fraction": 0.75,
    "selected_family_count_mean": 5.0,
    "removed_family_fraction_mean": 0.6875,
    "passes_90pct_recall_at_50pct_removal": false
  },
  {
    "encoder": "vit_b16",
    "method": "facility_subspace",
    "shortlist_size": 10,
    "rows": 7,
    "targets": 7,
    "best_candidate_recall_mean": 0.5714285714285714,
    "top3_candidate_recall_mean": 0.5238095238095238,
    "best_candidate_family_recall_mean": 0.5714285714285714,
    "top3_candidate_family_recall_mean": 0.5714285714285714,
    "validation_regret_mean": 0.001267931150606432,
    "normalized_validation_regret_mean": 0.04931652178547167,
    "test_regret_mean": 0.0006388119288853426,
    "removed_fraction": 0.5,
    "selected_family_count_mean": 10.0,
    "removed_family_fraction_mean": 0.375,
    "passes_90pct_recall_at_50pct_removal": false
  },
  {
    "encoder": "vit_b16",
    "method": "kcenter_subspace",
    "shortlist_size": 3,
    "rows": 7,
    "targets": 7,
    "best_candidate_recall_mean": 0.42857142857142855,
    "top3_candidate_recall_mean": 0.2857142857142857,
    "best_candidate_family_recall_mean": 0.42857142857142855,
    "top3_candidate_family_recall_mean": 0.3333333333333333,
    "validation_regret_mean": 0.0015450619732619378,
    "normalized_validation_regret_mean": 0.049348491759165745,
    "test_regret_mean": -0.0003967898232596277,
    "removed_fraction": 0.85,
    "selected_family_count_mean": 3.0,
    "removed_family_fraction_mean": 0.8125,
    "passes_90pct_recall_at_50pct_removal": false
  },
  {
    "encoder": "vit_b16",
    "method": "kcenter_subspace",
    "shortlist_size": 5,
    "rows": 7,
    "targets": 7,
    "best_candidate_recall_mean": 0.7142857142857143,
    "top3_candidate_recall_mean": 0.4761904761904762,
    "best_candidate_family_recall_mean": 0.7142857142857143,
    "top3_candidate_family_recall_mean": 0.5238095238095238,
    "validation_regret_mean": 7.424655868896021e-05,
    "normalized_validation_regret_mean": 0.00230057113394302,
    "test_regret_mean": -0.0013482110840933553,
    "removed_fraction": 0.75,
    "selected_family_count_mean": 5.0,
    "removed_family_fraction_mean": 0.6875,
    "passes_90pct_recall_at_50pct_removal": false
  },
  {
    "encoder": "vit_b16",
    "method": "kcenter_subspace",
    "shortlist_size": 10,
    "rows": 7,
    "targets": 7,
    "best_candidate_recall_mean": 0.7142857142857143,
    "top3_candidate_recall_mean": 0.5238095238095238,
    "best_candidate_family_recall_mean": 0.7142857142857143,
    "top3_candidate_family_recall_mean": 0.619047619047619,
    "validation_regret_mean": 7.424655868896021e-05,
    "normalized_validation_regret_mean": 0.00230057113394302,
    "test_regret_mean": -0.0013482110840933553,
    "removed_fraction": 0.5,
    "selected_family_count_mean": 10.0,
    "removed_family_fraction_mean": 0.375,
    "passes_90pct_recall_at_50pct_removal": false
  },
  {
    "encoder": "vit_b16",
    "method": "pool_vendi_subspace",
    "shortlist_size": 3,
    "rows": 7,
    "targets": 7,
    "best_candidate_recall_mean": 0.42857142857142855,
    "top3_candidate_recall_mean": 0.2857142857142857,
    "best_candidate_family_recall_mean": 0.42857142857142855,
    "top3_candidate_family_recall_mean": 0.3333333333333333,
    "validation_regret_mean": 0.0015450619732619378,
    "normalized_validation_regret_mean": 0.049348491759165745,
    "test_regret_mean": -0.0003967898232596277,
    "removed_fraction": 0.85,
    "selected_family_count_mean": 3.0,
    "removed_family_fraction_mean": 0.8125,
    "passes_90pct_recall_at_50pct_removal": false
  },
  {
    "encoder": "vit_b16",
    "method": "pool_vendi_subspace",
    "shortlist_size": 5,
    "rows": 7,
    "targets": 7,
    "best_candidate_recall_mean": 0.7142857142857143,
    "top3_candidate_recall_mean": 0.4761904761904762,
    "best_candidate_family_recall_mean": 0.7142857142857143,
    "top3_candidate_family_recall_mean": 0.5238095238095238,
    "validation_regret_mean": 7.424655868896021e-05,
    "normalized_validation_regret_mean": 0.00230057113394302,
    "test_regret_mean": -0.0013482110840933553,
    "removed_fraction": 0.75,
    "selected_family_count_mean": 5.0,
    "removed_family_fraction_mean": 0.6875,
    "passes_90pct_recall_at_50pct_removal": false
  },
  {
    "encoder": "vit_b16",
    "method": "pool_vendi_subspace",
    "shortlist_size": 10,
    "rows": 7,
    "targets": 7,
    "best_candidate_recall_mean": 0.7142857142857143,
    "top3_candidate_recall_mean": 0.5714285714285714,
    "best_candidate_family_recall_mean": 0.7142857142857143,
    "top3_candidate_family_recall_mean": 0.619047619047619,
    "validation_regret_mean": 7.424655868896021e-05,
    "normalized_validation_regret_mean": 0.00230057113394302,
    "test_regret_mean": -0.0013482110840933553,
    "removed_fraction": 0.5,
    "selected_family_count_mean": 10.0,
    "removed_family_fraction_mean": 0.375,
    "passes_90pct_recall_at_50pct_removal": false
  },
  {
    "encoder": "vit_b16",
    "method": "random",
    "shortlist_size": 3,
    "rows": 700,
    "targets": 7,
    "best_candidate_recall_mean": 0.1457142857142857,
    "top3_candidate_recall_mean": 0.14476190476190476,
    "best_candidate_family_recall_mean": 0.18,
    "top3_candidate_family_recall_mean": 0.19904761904761903,
    "validation_regret_mean": 0.005626677471679279,
    "normalized_validation_regret_mean": 0.19448177662216815,
    "test_regret_mean": 0.006707389814513079,
    "removed_fraction": 0.85,
    "selected_family_count_mean": 2.927142857142857,
    "removed_family_fraction_mean": 0.8170535714285714,
    "passes_90pct_recall_at_50pct_removal": false
  },
  {
    "encoder": "vit_b16",
    "method": "random",
    "shortlist_size": 5,
    "rows": 700,
    "targets": 7,
    "best_candidate_recall_mean": 0.26857142857142857,
    "top3_candidate_recall_mean": 0.25857142857142856,
    "best_candidate_family_recall_mean": 0.32571428571428573,
    "top3_candidate_family_recall_mean": 0.33476190476190476,
    "validation_regret_mean": 0.003780637144084986,
    "normalized_validation_regret_mean": 0.13060837989612675,
    "test_regret_mean": 0.004502665230206087,
    "removed_fraction": 0.75,
    "selected_family_count_mean": 4.7457142857142856,
    "removed_family_fraction_mean": 0.7033928571428572,
    "passes_90pct_recall_at_50pct_removal": false
  },
  {
    "encoder": "vit_b16",
    "method": "random",
    "shortlist_size": 10,
    "rows": 700,
    "targets": 7,
    "best_candidate_recall_mean": 0.5128571428571429,
    "top3_candidate_recall_mean": 0.5123809523809524,
    "best_candidate_family_recall_mean": 0.5914285714285714,
    "top3_candidate_family_recall_mean": 0.6090476190476191,
    "validation_regret_mean": 0.0016875236644601009,
    "normalized_validation_regret_mean": 0.05783246019794657,
    "test_regret_mean": 0.002481834692614427,
    "removed_fraction": 0.5,
    "selected_family_count_mean": 8.891428571428571,
    "removed_family_fraction_mean": 0.4442857142857143,
    "passes_90pct_recall_at_50pct_removal": false
  },
  {
    "encoder": "vit_b16",
    "method": "rank_only",
    "shortlist_size": 3,
    "rows": 7,
    "targets": 7,
    "best_candidate_recall_mean": 0.7142857142857143,
    "top3_candidate_recall_mean": 0.5238095238095237,
    "best_candidate_family_recall_mean": 0.7142857142857143,
    "top3_candidate_family_recall_mean": 0.5238095238095237,
    "validation_regret_mean": 0.0014708154145729774,
    "normalized_validation_regret_mean": 0.04704792062522273,
    "test_regret_mean": 0.0009514212608337276,
    "removed_fraction": 0.85,
    "selected_family_count_mean": 2.0,
    "removed_family_fraction_mean": 0.875,
    "passes_90pct_recall_at_50pct_removal": false
  },
  {
    "encoder": "vit_b16",
    "method": "rank_only",
    "shortlist_size": 5,
    "rows": 7,
    "targets": 7,
    "best_candidate_recall_mean": 1.0,
    "top3_candidate_recall_mean": 0.7142857142857143,
    "best_candidate_family_recall_mean": 1.0,
    "top3_candidate_family_recall_mean": 0.7142857142857143,
    "validation_regret_mean": 0.0,
    "normalized_validation_regret_mean": 0.0,
    "test_regret_mean": 0.0,
    "removed_fraction": 0.75,
    "selected_family_count_mean": 4.0,
    "removed_family_fraction_mean": 0.75,
    "passes_90pct_recall_at_50pct_removal": true
  },
  {
    "encoder": "vit_b16",
    "method": "rank_only",
    "shortlist_size": 10,
    "rows": 7,
    "targets": 7,
    "best_candidate_recall_mean": 1.0,
    "top3_candidate_recall_mean": 0.8571428571428571,
    "best_candidate_family_recall_mean": 1.0,
    "top3_candidate_family_recall_mean": 0.8571428571428571,
    "validation_regret_mean": 0.0,
    "normalized_validation_regret_mean": 0.0,
    "test_regret_mean": 0.0,
    "removed_fraction": 0.5,
    "selected_family_count_mean": 7.0,
    "removed_family_fraction_mean": 0.5625,
    "passes_90pct_recall_at_50pct_removal": true
  }
]
SOURCE_DONE=retinamnist COMPLETED=16/21
[
  {
    "encoder": "vit_b16",
    "method": "dpp_subspace",
    "shortlist_size": 3,
    "rows": 7,
    "targets": 7,
    "best_candidate_recall_mean": 0.5714285714285714,
    "top3_candidate_recall_mean": 0.380952380952381,
    "best_candidate_family_recall_mean": 0.8571428571428571,
    "top3_candidate_family_recall_mean": 0.6666666666666666,
    "validation_regret_mean": 0.000930836231277908,
    "normalized_validation_regret_mean": 0.03568175044415091,
    "test_regret_mean": -0.0051428539412362185,
    "removed_fraction": 0.85,
    "selected_family_count_mean": 3.0,
    "removed_family_fraction_mean": 0.8125,
    "passes_90pct_recall_at_50pct_removal": false
  },
  {
    "encoder": "vit_b16",
    "method": "dpp_subspace",
    "shortlist_size": 5,
    "rows": 7,
    "targets": 7,
    "best_candidate_recall_mean": 0.8571428571428571,
    "top3_candidate_recall_mean": 0.6666666666666666,
    "best_candidate_family_recall_mean": 0.8571428571428571,
    "top3_candidate_family_recall_mean": 0.7142857142857143,
    "validation_regret_mean": 0.0008473791057830463,
    "normalized_validation_regret_mean": 0.03302224481457337,
    "test_regret_mean": -0.004464285714285714,
    "removed_fraction": 0.75,
    "selected_family_count_mean": 4.0,
    "removed_family_fraction_mean": 0.75,
    "passes_90pct_recall_at_50pct_removal": false
  },
  {
    "encoder": "vit_b16",
    "method": "dpp_subspace",
    "shortlist_size": 10,
    "rows": 7,
    "targets": 7,
    "best_candidate_recall_mean": 1.0,
    "top3_candidate_recall_mean": 0.8571428571428571,
    "best_candidate_family_recall_mean": 1.0,
    "top3_candidate_family_recall_mean": 0.9047619047619048,
    "validation_regret_mean": 0.0,
    "normalized_validation_regret_mean": 0.0,
    "test_regret_mean": 0.0,
    "removed_fraction": 0.5,
    "selected_family_count_mean": 9.0,
    "removed_family_fraction_mean": 0.4375,
    "passes_90pct_recall_at_50pct_removal": true
  },
  {
    "encoder": "vit_b16",
    "method": "facility_subspace",
    "shortlist_size": 3,
    "rows": 7,
    "targets": 7,
    "best_candidate_recall_mean": 0.2857142857142857,
    "top3_candidate_recall_mean": 0.3333333333333333,
    "best_candidate_family_recall_mean": 0.2857142857142857,
    "top3_candidate_family_recall_mean": 0.4047619047619047,
    "validation_regret_mean": 0.0028809495160911597,
    "normalized_validation_regret_mean": 0.09890776365571385,
    "test_regret_mean": -0.0019968986511230214,
    "removed_fraction": 0.85,
    "selected_family_count_mean": 3.0,
    "removed_family_fraction_mean": 0.8125,
    "passes_90pct_recall_at_50pct_removal": false
  },
  {
    "encoder": "vit_b16",
    "method": "facility_subspace",
    "shortlist_size": 5,
    "rows": 7,
    "targets": 7,
    "best_candidate_recall_mean": 0.2857142857142857,
    "top3_candidate_recall_mean": 0.3333333333333333,
    "best_candidate_family_recall_mean": 0.2857142857142857,
    "top3_candidate_family_recall_mean": 0.4047619047619047,
    "validation_regret_mean": 0.0028809495160911597,
    "normalized_validation_regret_mean": 0.09890776365571385,
    "test_regret_mean": -0.0019968986511230214,
    "removed_fraction": 0.75,
    "selected_family_count_mean": 5.0,
    "removed_family_fraction_mean": 0.6875,
    "passes_90pct_recall_at_50pct_removal": false
  },
  {
    "encoder": "vit_b16",
    "method": "facility_subspace",
    "shortlist_size": 10,
    "rows": 7,
    "targets": 7,
    "best_candidate_recall_mean": 0.42857142857142855,
    "top3_candidate_recall_mean": 0.42857142857142855,
    "best_candidate_family_recall_mean": 0.42857142857142855,
    "top3_candidate_family_recall_mean": 0.5,
    "validation_regret_mean": 0.002033570410308113,
    "normalized_validation_regret_mean": 0.06588551884114048,
    "test_regret_mean": 0.0024673870631626927,
    "removed_fraction": 0.5,
    "selected_family_count_mean": 10.0,
    "removed_family_fraction_mean": 0.375,
    "passes_90pct_recall_at_50pct_removal": false
  },
  {
    "encoder": "vit_b16",
    "method": "kcenter_subspace",
    "shortlist_size": 3,
    "rows": 7,
    "targets": 7,
    "best_candidate_recall_mean": 0.5714285714285714,
    "top3_candidate_recall_mean": 0.2857142857142857,
    "best_candidate_family_recall_mean": 0.5714285714285714,
    "top3_candidate_family_recall_mean": 0.35714285714285715,
    "validation_regret_mean": 0.000930836231277908,
    "normalized_validation_regret_mean": 0.03568175044415091,
    "test_regret_mean": -0.0051428539412362185,
    "removed_fraction": 0.85,
    "selected_family_count_mean": 3.0,
    "removed_family_fraction_mean": 0.8125,
    "passes_90pct_recall_at_50pct_removal": false
  },
  {
    "encoder": "vit_b16",
    "method": "kcenter_subspace",
    "shortlist_size": 5,
    "rows": 7,
    "targets": 7,
    "best_candidate_recall_mean": 0.5714285714285714,
    "top3_candidate_recall_mean": 0.2857142857142857,
    "best_candidate_family_recall_mean": 0.5714285714285714,
    "top3_candidate_family_recall_mean": 0.35714285714285715,
    "validation_regret_mean": 0.0006821491619429322,
    "normalized_validation_regret_mean": 0.025990450257784365,
    "test_regret_mean": -0.0031339253698076503,
    "removed_fraction": 0.75,
    "selected_family_count_mean": 5.0,
    "removed_family_fraction_mean": 0.6875,
    "passes_90pct_recall_at_50pct_removal": false
  },
  {
    "encoder": "vit_b16",
    "method": "kcenter_subspace",
    "shortlist_size": 10,
    "rows": 7,
    "targets": 7,
    "best_candidate_recall_mean": 0.7142857142857143,
    "top3_candidate_recall_mean": 0.38095238095238093,
    "best_candidate_family_recall_mean": 0.7142857142857143,
    "top3_candidate_family_recall_mean": 0.5,
    "validation_regret_mean": 7.424655868896021e-05,
    "normalized_validation_regret_mean": 0.00230057113394302,
    "test_regret_mean": -0.0013482110840933553,
    "removed_fraction": 0.5,
    "selected_family_count_mean": 10.0,
    "removed_family_fraction_mean": 0.375,
    "passes_90pct_recall_at_50pct_removal": false
  },
  {
    "encoder": "vit_b16",
    "method": "pool_vendi_subspace",
    "shortlist_size": 3,
    "rows": 7,
    "targets": 7,
    "best_candidate_recall_mean": 0.5714285714285714,
    "top3_candidate_recall_mean": 0.2857142857142857,
    "best_candidate_family_recall_mean": 0.5714285714285714,
    "top3_candidate_family_recall_mean": 0.35714285714285715,
    "validation_regret_mean": 0.000930836231277908,
    "normalized_validation_regret_mean": 0.03568175044415091,
    "test_regret_mean": -0.0051428539412362185,
    "removed_fraction": 0.85,
    "selected_family_count_mean": 3.0,
    "removed_family_fraction_mean": 0.8125,
    "passes_90pct_recall_at_50pct_removal": false
  },
  {
    "encoder": "vit_b16",
    "method": "pool_vendi_subspace",
    "shortlist_size": 5,
    "rows": 7,
    "targets": 7,
    "best_candidate_recall_mean": 0.5714285714285714,
    "top3_candidate_recall_mean": 0.2857142857142857,
    "best_candidate_family_recall_mean": 0.5714285714285714,
    "top3_candidate_family_recall_mean": 0.35714285714285715,
    "validation_regret_mean": 0.0006821491619429322,
    "normalized_validation_regret_mean": 0.025990450257784365,
    "test_regret_mean": -0.0031339253698076503,
    "removed_fraction": 0.75,
    "selected_family_count_mean": 5.0,
    "removed_family_fraction_mean": 0.6875,
    "passes_90pct_recall_at_50pct_removal": false
  },
  {
    "encoder": "vit_b16",
    "method": "pool_vendi_subspace",
    "shortlist_size": 10,
    "rows": 7,
    "targets": 7,
    "best_candidate_recall_mean": 0.7142857142857143,
    "top3_candidate_recall_mean": 0.42857142857142855,
    "best_candidate_family_recall_mean": 0.7142857142857143,
    "top3_candidate_family_recall_mean": 0.5000000000000001,
    "validation_regret_mean": 7.424655868896021e-05,
    "normalized_validation_regret_mean": 0.00230057113394302,
    "test_regret_mean": -0.0013482110840933553,
    "removed_fraction": 0.5,
    "selected_family_count_mean": 10.0,
    "removed_family_fraction_mean": 0.375,
    "passes_90pct_recall_at_50pct_removal": false
  },
  {
    "encoder": "vit_b16",
    "method": "random",
    "shortlist_size": 3,
    "rows": 700,
    "targets": 7,
    "best_candidate_recall_mean": 0.14857142857142858,
    "top3_candidate_recall_mean": 0.14285714285714285,
    "best_candidate_family_recall_mean": 0.18285714285714286,
    "top3_candidate_family_recall_mean": 0.209047619047619,
    "validation_regret_mean": 0.005622290969260006,
    "normalized_validation_regret_mean": 0.19850558235865082,
    "test_regret_mean": 0.0029125202894210948,
    "removed_fraction": 0.85,
    "selected_family_count_mean": 2.927142857142857,
    "removed_family_fraction_mean": 0.8170535714285714,
    "passes_90pct_recall_at_50pct_removal": false
  },
  {
    "encoder": "vit_b16",
    "method": "random",
    "shortlist_size": 5,
    "rows": 700,
    "targets": 7,
    "best_candidate_recall_mean": 0.26285714285714284,
    "top3_candidate_recall_mean": 0.2576190476190476,
    "best_candidate_family_recall_mean": 0.32,
    "top3_candidate_family_recall_mean": 0.3516666666666666,
    "validation_regret_mean": 0.003853219201831088,
    "normalized_validation_regret_mean": 0.1360963966255085,
    "test_regret_mean": 0.0010596667443003097,
    "removed_fraction": 0.75,
    "selected_family_count_mean": 4.7457142857142856,
    "removed_family_fraction_mean": 0.7033928571428572,
    "passes_90pct_recall_at_50pct_removal": false
  },
  {
    "encoder": "vit_b16",
    "method": "random",
    "shortlist_size": 10,
    "rows": 700,
    "targets": 7,
    "best_candidate_recall_mean": 0.5157142857142857,
    "top3_candidate_recall_mean": 0.5223809523809523,
    "best_candidate_family_recall_mean": 0.5942857142857143,
    "top3_candidate_family_recall_mean": 0.6352380952380952,
    "validation_regret_mean": 0.0018250166008447672,
    "normalized_validation_regret_mean": 0.06379257705687029,
    "test_regret_mean": -0.00026884229694092827,
    "removed_fraction": 0.5,
    "selected_family_count_mean": 8.891428571428571,
    "removed_family_fraction_mean": 0.4442857142857143,
    "passes_90pct_recall_at_50pct_removal": false
  },
  {
    "encoder": "vit_b16",
    "method": "rank_only",
    "shortlist_size": 3,
    "rows": 7,
    "targets": 7,
    "best_candidate_recall_mean": 0.8571428571428571,
    "top3_candidate_recall_mean": 0.619047619047619,
    "best_candidate_family_recall_mean": 0.8571428571428571,
    "top3_candidate_family_recall_mean": 0.619047619047619,
    "validation_regret_mean": 0.0008565896725889477,
    "normalized_validation_regret_mean": 0.033381179310207884,
    "test_regret_mean": -0.0037946428571428636,
    "removed_fraction": 0.85,
    "selected_family_count_mean": 2.0,
    "removed_family_fraction_mean": 0.875,
    "passes_90pct_recall_at_50pct_removal": false
  },
  {
    "encoder": "vit_b16",
    "method": "rank_only",
    "shortlist_size": 5,
    "rows": 7,
    "targets": 7,
    "best_candidate_recall_mean": 0.8571428571428571,
    "top3_candidate_recall_mean": 0.6666666666666666,
    "best_candidate_family_recall_mean": 0.8571428571428571,
    "top3_candidate_family_recall_mean": 0.7142857142857143,
    "validation_regret_mean": 0.0008473791057830463,
    "normalized_validation_regret_mean": 0.03302224481457337,
    "test_regret_mean": -0.004464285714285714,
    "removed_fraction": 0.75,
    "selected_family_count_mean": 4.0,
    "removed_family_fraction_mean": 0.75,
    "passes_90pct_recall_at_50pct_removal": false
  },
  {
    "encoder": "vit_b16",
    "method": "rank_only",
    "shortlist_size": 10,
    "rows": 7,
    "targets": 7,
    "best_candidate_recall_mean": 1.0,
    "top3_candidate_recall_mean": 0.8571428571428571,
    "best_candidate_family_recall_mean": 1.0,
    "top3_candidate_family_recall_mean": 0.8571428571428571,
    "validation_regret_mean": 0.0,
    "normalized_validation_regret_mean": 0.0,
    "test_regret_mean": 0.0,
    "removed_fraction": 0.5,
    "selected_family_count_mean": 7.0,
    "removed_family_fraction_mean": 0.5625,
    "passes_90pct_recall_at_50pct_removal": true
  }
]
SOURCE_DONE=stl10 COMPLETED=17/21
[
  {
    "encoder": "vit_b16",
    "method": "dpp_subspace",
    "shortlist_size": 3,
    "rows": 7,
    "targets": 7,
    "best_candidate_recall_mean": 0.7142857142857143,
    "top3_candidate_recall_mean": 0.42857142857142855,
    "best_candidate_family_recall_mean": 1.0,
    "top3_candidate_family_recall_mean": 0.6666666666666666,
    "validation_regret_mean": 7.424655868896021e-05,
    "normalized_validation_regret_mean": 0.00230057113394302,
    "test_regret_mean": -0.0013482110840933553,
    "removed_fraction": 0.85,
    "selected_family_count_mean": 3.0,
    "removed_family_fraction_mean": 0.8125,
    "passes_90pct_recall_at_50pct_removal": false
  },
  {
    "encoder": "vit_b16",
    "method": "dpp_subspace",
    "shortlist_size": 5,
    "rows": 7,
    "targets": 7,
    "best_candidate_recall_mean": 0.7142857142857143,
    "top3_candidate_recall_mean": 0.4761904761904762,
    "best_candidate_family_recall_mean": 1.0,
    "top3_candidate_family_recall_mean": 0.8095238095238094,
    "validation_regret_mean": 7.424655868896021e-05,
    "normalized_validation_regret_mean": 0.00230057113394302,
    "test_regret_mean": -0.0013482110840933553,
    "removed_fraction": 0.75,
    "selected_family_count_mean": 5.0,
    "removed_family_fraction_mean": 0.6875,
    "passes_90pct_recall_at_50pct_removal": false
  },
  {
    "encoder": "vit_b16",
    "method": "dpp_subspace",
    "shortlist_size": 10,
    "rows": 7,
    "targets": 7,
    "best_candidate_recall_mean": 1.0,
    "top3_candidate_recall_mean": 0.8095238095238095,
    "best_candidate_family_recall_mean": 1.0,
    "top3_candidate_family_recall_mean": 0.9047619047619048,
    "validation_regret_mean": 0.0,
    "normalized_validation_regret_mean": 0.0,
    "test_regret_mean": 0.0,
    "removed_fraction": 0.5,
    "selected_family_count_mean": 9.0,
    "removed_family_fraction_mean": 0.4375,
    "passes_90pct_recall_at_50pct_removal": true
  },
  {
    "encoder": "vit_b16",
    "method": "facility_subspace",
    "shortlist_size": 3,
    "rows": 7,
    "targets": 7,
    "best_candidate_recall_mean": 0.2857142857142857,
    "top3_candidate_recall_mean": 0.2857142857142857,
    "best_candidate_family_recall_mean": 0.2857142857142857,
    "top3_candidate_family_recall_mean": 0.38095238095238093,
    "validation_regret_mean": 0.0034951752580751894,
    "normalized_validation_regret_mean": 0.11149398828540928,
    "test_regret_mean": 0.0027491654668535697,
    "removed_fraction": 0.85,
    "selected_family_count_mean": 3.0,
    "removed_family_fraction_mean": 0.8125,
    "passes_90pct_recall_at_50pct_removal": false
  },
  {
    "encoder": "vit_b16",
    "method": "facility_subspace",
    "shortlist_size": 5,
    "rows": 7,
    "targets": 7,
    "best_candidate_recall_mean": 0.5714285714285714,
    "top3_candidate_recall_mean": 0.42857142857142855,
    "best_candidate_family_recall_mean": 0.5714285714285714,
    "top3_candidate_family_recall_mean": 0.5238095238095237,
    "validation_regret_mean": 0.001267931150606432,
    "normalized_validation_regret_mean": 0.04931652178547167,
    "test_regret_mean": 0.0006388119288853426,
    "removed_fraction": 0.75,
    "selected_family_count_mean": 5.0,
    "removed_family_fraction_mean": 0.6875,
    "passes_90pct_recall_at_50pct_removal": false
  },
  {
    "encoder": "vit_b16",
    "method": "facility_subspace",
    "shortlist_size": 10,
    "rows": 7,
    "targets": 7,
    "best_candidate_recall_mean": 0.5714285714285714,
    "top3_candidate_recall_mean": 0.5238095238095238,
    "best_candidate_family_recall_mean": 0.5714285714285714,
    "top3_candidate_family_recall_mean": 0.619047619047619,
    "validation_regret_mean": 0.001267931150606432,
    "normalized_validation_regret_mean": 0.04931652178547167,
    "test_regret_mean": 0.0006388119288853426,
    "removed_fraction": 0.5,
    "selected_family_count_mean": 10.0,
    "removed_family_fraction_mean": 0.375,
    "passes_90pct_recall_at_50pct_removal": false
  },
  {
    "encoder": "vit_b16",
    "method": "kcenter_subspace",
    "shortlist_size": 3,
    "rows": 7,
    "targets": 7,
    "best_candidate_recall_mean": 0.42857142857142855,
    "top3_candidate_recall_mean": 0.2857142857142857,
    "best_candidate_family_recall_mean": 0.42857142857142855,
    "top3_candidate_family_recall_mean": 0.3333333333333333,
    "validation_regret_mean": 0.0015450619732619378,
    "normalized_validation_regret_mean": 0.049348491759165745,
    "test_regret_mean": -0.0003967898232596277,
    "removed_fraction": 0.85,
    "selected_family_count_mean": 3.0,
    "removed_family_fraction_mean": 0.8125,
    "passes_90pct_recall_at_50pct_removal": false
  },
  {
    "encoder": "vit_b16",
    "method": "kcenter_subspace",
    "shortlist_size": 5,
    "rows": 7,
    "targets": 7,
    "best_candidate_recall_mean": 0.42857142857142855,
    "top3_candidate_recall_mean": 0.2857142857142857,
    "best_candidate_family_recall_mean": 0.42857142857142855,
    "top3_candidate_family_recall_mean": 0.3333333333333333,
    "validation_regret_mean": 0.001296374903926962,
    "normalized_validation_regret_mean": 0.040031736094389855,
    "test_regret_mean": 0.0016121387481689406,
    "removed_fraction": 0.75,
    "selected_family_count_mean": 5.0,
    "removed_family_fraction_mean": 0.6875,
    "passes_90pct_recall_at_50pct_removal": false
  },
  {
    "encoder": "vit_b16",
    "method": "kcenter_subspace",
    "shortlist_size": 10,
    "rows": 7,
    "targets": 7,
    "best_candidate_recall_mean": 0.7142857142857143,
    "top3_candidate_recall_mean": 0.5238095238095238,
    "best_candidate_family_recall_mean": 0.7142857142857143,
    "top3_candidate_family_recall_mean": 0.5714285714285714,
    "validation_regret_mean": 7.424655868896021e-05,
    "normalized_validation_regret_mean": 0.00230057113394302,
    "test_regret_mean": -0.0013482110840933553,
    "removed_fraction": 0.5,
    "selected_family_count_mean": 10.0,
    "removed_family_fraction_mean": 0.375,
    "passes_90pct_recall_at_50pct_removal": false
  },
  {
    "encoder": "vit_b16",
    "method": "pool_vendi_subspace",
    "shortlist_size": 3,
    "rows": 7,
    "targets": 7,
    "best_candidate_recall_mean": 0.42857142857142855,
    "top3_candidate_recall_mean": 0.2857142857142857,
    "best_candidate_family_recall_mean": 0.42857142857142855,
    "top3_candidate_family_recall_mean": 0.3333333333333333,
    "validation_regret_mean": 0.0015450619732619378,
    "normalized_validation_regret_mean": 0.049348491759165745,
    "test_regret_mean": -0.0003967898232596277,
    "removed_fraction": 0.85,
    "selected_family_count_mean": 3.0,
    "removed_family_fraction_mean": 0.8125,
    "passes_90pct_recall_at_50pct_removal": false
  },
  {
    "encoder": "vit_b16",
    "method": "pool_vendi_subspace",
    "shortlist_size": 5,
    "rows": 7,
    "targets": 7,
    "best_candidate_recall_mean": 0.7142857142857143,
    "top3_candidate_recall_mean": 0.42857142857142855,
    "best_candidate_family_recall_mean": 0.7142857142857143,
    "top3_candidate_family_recall_mean": 0.4761904761904762,
    "validation_regret_mean": 7.424655868896021e-05,
    "normalized_validation_regret_mean": 0.00230057113394302,
    "test_regret_mean": -0.0013482110840933553,
    "removed_fraction": 0.75,
    "selected_family_count_mean": 5.0,
    "removed_family_fraction_mean": 0.6875,
    "passes_90pct_recall_at_50pct_removal": false
  },
  {
    "encoder": "vit_b16",
    "method": "pool_vendi_subspace",
    "shortlist_size": 10,
    "rows": 7,
    "targets": 7,
    "best_candidate_recall_mean": 0.7142857142857143,
    "top3_candidate_recall_mean": 0.5238095238095238,
    "best_candidate_family_recall_mean": 0.7142857142857143,
    "top3_candidate_family_recall_mean": 0.5714285714285714,
    "validation_regret_mean": 7.424655868896021e-05,
    "normalized_validation_regret_mean": 0.00230057113394302,
    "test_regret_mean": -0.0013482110840933553,
    "removed_fraction": 0.5,
    "selected_family_count_mean": 10.0,
    "removed_family_fraction_mean": 0.375,
    "passes_90pct_recall_at_50pct_removal": false
  },
  {
    "encoder": "vit_b16",
    "method": "random",
    "shortlist_size": 3,
    "rows": 700,
    "targets": 7,
    "best_candidate_recall_mean": 0.14142857142857143,
    "top3_candidate_recall_mean": 0.14142857142857143,
    "best_candidate_family_recall_mean": 0.1757142857142857,
    "top3_candidate_family_recall_mean": 0.20809523809523808,
    "validation_regret_mean": 0.00591531456601483,
    "normalized_validation_regret_mean": 0.20283501396883805,
    "test_regret_mean": 0.007194905442850937,
    "removed_fraction": 0.85,
    "selected_family_count_mean": 2.927142857142857,
    "removed_family_fraction_mean": 0.8170535714285714,
    "passes_90pct_recall_at_50pct_removal": false
  },
  {
    "encoder": "vit_b16",
    "method": "random",
    "shortlist_size": 5,
    "rows": 700,
    "targets": 7,
    "best_candidate_recall_mean": 0.26142857142857145,
    "top3_candidate_recall_mean": 0.2495238095238095,
    "best_candidate_family_recall_mean": 0.31857142857142856,
    "top3_candidate_family_recall_mean": 0.3414285714285714,
    "validation_regret_mean": 0.003927706728666968,
    "normalized_validation_regret_mean": 0.13425869315298042,
    "test_regret_mean": 0.005046172908374246,
    "removed_fraction": 0.75,
    "selected_family_count_mean": 4.7457142857142856,
    "removed_family_fraction_mean": 0.7033928571428572,
    "passes_90pct_recall_at_50pct_removal": false
  },
  {
    "encoder": "vit_b16",
    "method": "random",
    "shortlist_size": 10,
    "rows": 700,
    "targets": 7,
    "best_candidate_recall_mean": 0.5285714285714286,
    "top3_candidate_recall_mean": 0.5176190476190476,
    "best_candidate_family_recall_mean": 0.6071428571428571,
    "top3_candidate_family_recall_mean": 0.6271428571428571,
    "validation_regret_mean": 0.0016265100318746581,
    "normalized_validation_regret_mean": 0.05550145295607661,
    "test_regret_mean": 0.0022375397256442545,
    "removed_fraction": 0.5,
    "selected_family_count_mean": 8.891428571428571,
    "removed_family_fraction_mean": 0.4442857142857143,
    "passes_90pct_recall_at_50pct_removal": false
  },
  {
    "encoder": "vit_b16",
    "method": "rank_only",
    "shortlist_size": 3,
    "rows": 7,
    "targets": 7,
    "best_candidate_recall_mean": 0.7142857142857143,
    "top3_candidate_recall_mean": 0.5238095238095237,
    "best_candidate_family_recall_mean": 0.7142857142857143,
    "top3_candidate_family_recall_mean": 0.5238095238095237,
    "validation_regret_mean": 0.0014708154145729774,
    "normalized_validation_regret_mean": 0.04704792062522273,
    "test_regret_mean": 0.0009514212608337276,
    "removed_fraction": 0.85,
    "selected_family_count_mean": 2.0,
    "removed_family_fraction_mean": 0.875,
    "passes_90pct_recall_at_50pct_removal": false
  },
  {
    "encoder": "vit_b16",
    "method": "rank_only",
    "shortlist_size": 5,
    "rows": 7,
    "targets": 7,
    "best_candidate_recall_mean": 1.0,
    "top3_candidate_recall_mean": 0.7142857142857143,
    "best_candidate_family_recall_mean": 1.0,
    "top3_candidate_family_recall_mean": 0.7142857142857143,
    "validation_regret_mean": 0.0,
    "normalized_validation_regret_mean": 0.0,
    "test_regret_mean": 0.0,
    "removed_fraction": 0.75,
    "selected_family_count_mean": 4.0,
    "removed_family_fraction_mean": 0.75,
    "passes_90pct_recall_at_50pct_removal": true
  },
  {
    "encoder": "vit_b16",
    "method": "rank_only",
    "shortlist_size": 10,
    "rows": 7,
    "targets": 7,
    "best_candidate_recall_mean": 1.0,
    "top3_candidate_recall_mean": 0.8571428571428571,
    "best_candidate_family_recall_mean": 1.0,
    "top3_candidate_family_recall_mean": 0.8571428571428571,
    "validation_regret_mean": 0.0,
    "normalized_validation_regret_mean": 0.0,
    "test_regret_mean": 0.0,
    "removed_fraction": 0.5,
    "selected_family_count_mean": 7.0,
    "removed_family_fraction_mean": 0.5625,
    "passes_90pct_recall_at_50pct_removal": true
  }
]
SOURCE_DONE=svhn COMPLETED=18/21
[
  {
    "encoder": "vit_b16",
    "method": "dpp_subspace",
    "shortlist_size": 3,
    "rows": 7,
    "targets": 7,
    "best_candidate_recall_mean": 0.2857142857142857,
    "top3_candidate_recall_mean": 0.2857142857142857,
    "best_candidate_family_recall_mean": 1.0,
    "top3_candidate_family_recall_mean": 0.6190476190476192,
    "validation_regret_mean": 0.00272840476344833,
    "normalized_validation_regret_mean": 0.13155412947752937,
    "test_regret_mean": 0.001009801455906448,
    "removed_fraction": 0.85,
    "selected_family_count_mean": 3.0,
    "removed_family_fraction_mean": 0.8125,
    "passes_90pct_recall_at_50pct_removal": false
  },
  {
    "encoder": "vit_b16",
    "method": "dpp_subspace",
    "shortlist_size": 5,
    "rows": 7,
    "targets": 7,
    "best_candidate_recall_mean": 1.0,
    "top3_candidate_recall_mean": 0.5714285714285714,
    "best_candidate_family_recall_mean": 1.0,
    "top3_candidate_family_recall_mean": 0.7380952380952381,
    "validation_regret_mean": 0.0,
    "normalized_validation_regret_mean": 0.0,
    "test_regret_mean": 0.0,
    "removed_fraction": 0.75,
    "selected_family_count_mean": 4.0,
    "removed_family_fraction_mean": 0.75,
    "passes_90pct_recall_at_50pct_removal": true
  },
  {
    "encoder": "vit_b16",
    "method": "dpp_subspace",
    "shortlist_size": 10,
    "rows": 7,
    "targets": 7,
    "best_candidate_recall_mean": 1.0,
    "top3_candidate_recall_mean": 0.7142857142857143,
    "best_candidate_family_recall_mean": 1.0,
    "top3_candidate_family_recall_mean": 0.8809523809523808,
    "validation_regret_mean": 0.0,
    "normalized_validation_regret_mean": 0.0,
    "test_regret_mean": 0.0,
    "removed_fraction": 0.5,
    "selected_family_count_mean": 9.0,
    "removed_family_fraction_mean": 0.4375,
    "passes_90pct_recall_at_50pct_removal": true
  },
  {
    "encoder": "vit_b16",
    "method": "facility_subspace",
    "shortlist_size": 3,
    "rows": 7,
    "targets": 7,
    "best_candidate_recall_mean": 0.7142857142857143,
    "top3_candidate_recall_mean": 0.3333333333333333,
    "best_candidate_family_recall_mean": 0.7142857142857143,
    "top3_candidate_family_recall_mean": 0.5476190476190476,
    "validation_regret_mean": 0.002227244107468757,
    "normalized_validation_regret_mean": 0.06217746649993764,
    "test_regret_mean": 0.002110353537968227,
    "removed_fraction": 0.85,
    "selected_family_count_mean": 3.0,
    "removed_family_fraction_mean": 0.8125,
    "passes_90pct_recall_at_50pct_removal": false
  },
  {
    "encoder": "vit_b16",
    "method": "facility_subspace",
    "shortlist_size": 5,
    "rows": 7,
    "targets": 7,
    "best_candidate_recall_mean": 1.0,
    "top3_candidate_recall_mean": 0.5238095238095238,
    "best_candidate_family_recall_mean": 1.0,
    "top3_candidate_family_recall_mean": 0.7619047619047619,
    "validation_regret_mean": 0.0,
    "normalized_validation_regret_mean": 0.0,
    "test_regret_mean": 0.0,
    "removed_fraction": 0.75,
    "selected_family_count_mean": 5.0,
    "removed_family_fraction_mean": 0.6875,
    "passes_90pct_recall_at_50pct_removal": true
  },
  {
    "encoder": "vit_b16",
    "method": "facility_subspace",
    "shortlist_size": 10,
    "rows": 7,
    "targets": 7,
    "best_candidate_recall_mean": 1.0,
    "top3_candidate_recall_mean": 0.619047619047619,
    "best_candidate_family_recall_mean": 1.0,
    "top3_candidate_family_recall_mean": 0.8571428571428571,
    "validation_regret_mean": 0.0,
    "normalized_validation_regret_mean": 0.0,
    "test_regret_mean": 0.0,
    "removed_fraction": 0.5,
    "selected_family_count_mean": 10.0,
    "removed_family_fraction_mean": 0.375,
    "passes_90pct_recall_at_50pct_removal": true
  },
  {
    "encoder": "vit_b16",
    "method": "kcenter_subspace",
    "shortlist_size": 3,
    "rows": 7,
    "targets": 7,
    "best_candidate_recall_mean": 0.2857142857142857,
    "top3_candidate_recall_mean": 0.23809523809523808,
    "best_candidate_family_recall_mean": 1.0,
    "top3_candidate_family_recall_mean": 0.5714285714285714,
    "validation_regret_mean": 0.002849985863730547,
    "normalized_validation_regret_mean": 0.13648734702123774,
    "test_regret_mean": 0.0014353309358869201,
    "removed_fraction": 0.85,
    "selected_family_count_mean": 3.0,
    "removed_family_fraction_mean": 0.8125,
    "passes_90pct_recall_at_50pct_removal": false
  },
  {
    "encoder": "vit_b16",
    "method": "kcenter_subspace",
    "shortlist_size": 5,
    "rows": 7,
    "targets": 7,
    "best_candidate_recall_mean": 0.2857142857142857,
    "top3_candidate_recall_mean": 0.3333333333333333,
    "best_candidate_family_recall_mean": 1.0,
    "top3_candidate_family_recall_mean": 0.6904761904761905,
    "validation_regret_mean": 0.00236236652648969,
    "normalized_validation_regret_mean": 0.10878169721508958,
    "test_regret_mean": 0.00023956469127108963,
    "removed_fraction": 0.75,
    "selected_family_count_mean": 5.0,
    "removed_family_fraction_mean": 0.6875,
    "passes_90pct_recall_at_50pct_removal": false
  },
  {
    "encoder": "vit_b16",
    "method": "kcenter_subspace",
    "shortlist_size": 10,
    "rows": 7,
    "targets": 7,
    "best_candidate_recall_mean": 0.2857142857142857,
    "top3_candidate_recall_mean": 0.38095238095238093,
    "best_candidate_family_recall_mean": 1.0,
    "top3_candidate_family_recall_mean": 0.738095238095238,
    "validation_regret_mean": 0.00236236652648969,
    "normalized_validation_regret_mean": 0.10878169721508958,
    "test_regret_mean": 0.00023956469127108963,
    "removed_fraction": 0.5,
    "selected_family_count_mean": 10.0,
    "removed_family_fraction_mean": 0.375,
    "passes_90pct_recall_at_50pct_removal": false
  },
  {
    "encoder": "vit_b16",
    "method": "pool_vendi_subspace",
    "shortlist_size": 3,
    "rows": 7,
    "targets": 7,
    "best_candidate_recall_mean": 0.2857142857142857,
    "top3_candidate_recall_mean": 0.23809523809523808,
    "best_candidate_family_recall_mean": 1.0,
    "top3_candidate_family_recall_mean": 0.5714285714285714,
    "validation_regret_mean": 0.002849985863730547,
    "normalized_validation_regret_mean": 0.13648734702123774,
    "test_regret_mean": 0.0014353309358869201,
    "removed_fraction": 0.85,
    "selected_family_count_mean": 3.0,
    "removed_family_fraction_mean": 0.8125,
    "passes_90pct_recall_at_50pct_removal": false
  },
  {
    "encoder": "vit_b16",
    "method": "pool_vendi_subspace",
    "shortlist_size": 5,
    "rows": 7,
    "targets": 7,
    "best_candidate_recall_mean": 0.2857142857142857,
    "top3_candidate_recall_mean": 0.2857142857142857,
    "best_candidate_family_recall_mean": 1.0,
    "top3_candidate_family_recall_mean": 0.6428571428571429,
    "validation_regret_mean": 0.00236236652648969,
    "normalized_validation_regret_mean": 0.10878169721508958,
    "test_regret_mean": 0.00023956469127108963,
    "removed_fraction": 0.75,
    "selected_family_count_mean": 5.0,
    "removed_family_fraction_mean": 0.6875,
    "passes_90pct_recall_at_50pct_removal": false
  },
  {
    "encoder": "vit_b16",
    "method": "pool_vendi_subspace",
    "shortlist_size": 10,
    "rows": 7,
    "targets": 7,
    "best_candidate_recall_mean": 0.2857142857142857,
    "top3_candidate_recall_mean": 0.4285714285714285,
    "best_candidate_family_recall_mean": 1.0,
    "top3_candidate_family_recall_mean": 0.7857142857142856,
    "validation_regret_mean": 0.00236236652648969,
    "normalized_validation_regret_mean": 0.10878169721508958,
    "test_regret_mean": 0.00023956469127108963,
    "removed_fraction": 0.5,
    "selected_family_count_mean": 10.0,
    "removed_family_fraction_mean": 0.375,
    "passes_90pct_recall_at_50pct_removal": false
  },
  {
    "encoder": "vit_b16",
    "method": "random",
    "shortlist_size": 3,
    "rows": 700,
    "targets": 7,
    "best_candidate_recall_mean": 0.13142857142857142,
    "top3_candidate_recall_mean": 0.14095238095238094,
    "best_candidate_family_recall_mean": 0.2342857142857143,
    "top3_candidate_family_recall_mean": 0.23285714285714285,
    "validation_regret_mean": 0.005337006929252162,
    "normalized_validation_regret_mean": 0.18915041833334678,
    "test_regret_mean": 0.0072455967835017504,
    "removed_fraction": 0.85,
    "selected_family_count_mean": 2.927142857142857,
    "removed_family_fraction_mean": 0.8170535714285714,
    "passes_90pct_recall_at_50pct_removal": false
  },
  {
    "encoder": "vit_b16",
    "method": "random",
    "shortlist_size": 5,
    "rows": 700,
    "targets": 7,
    "best_candidate_recall_mean": 0.25857142857142856,
    "top3_candidate_recall_mean": 0.25333333333333335,
    "best_candidate_family_recall_mean": 0.4,
    "top3_candidate_family_recall_mean": 0.38857142857142857,
    "validation_regret_mean": 0.0036851925112923174,
    "normalized_validation_regret_mean": 0.12596266104238407,
    "test_regret_mean": 0.005730408276830392,
    "removed_fraction": 0.75,
    "selected_family_count_mean": 4.7457142857142856,
    "removed_family_fraction_mean": 0.7033928571428572,
    "passes_90pct_recall_at_50pct_removal": false
  },
  {
    "encoder": "vit_b16",
    "method": "random",
    "shortlist_size": 10,
    "rows": 700,
    "targets": 7,
    "best_candidate_recall_mean": 0.5228571428571429,
    "top3_candidate_recall_mean": 0.5114285714285715,
    "best_candidate_family_recall_mean": 0.7114285714285714,
    "top3_candidate_family_recall_mean": 0.6673809523809524,
    "validation_regret_mean": 0.0017633574390389748,
    "normalized_validation_regret_mean": 0.05832586962052087,
    "test_regret_mean": 0.003103989584105351,
    "removed_fraction": 0.5,
    "selected_family_count_mean": 8.891428571428571,
    "removed_family_fraction_mean": 0.4442857142857143,
    "passes_90pct_recall_at_50pct_removal": false
  },
  {
    "encoder": "vit_b16",
    "method": "rank_only",
    "shortlist_size": 3,
    "rows": 7,
    "targets": 7,
    "best_candidate_recall_mean": 1.0,
    "top3_candidate_recall_mean": 0.5238095238095238,
    "best_candidate_family_recall_mean": 1.0,
    "top3_candidate_family_recall_mean": 0.5714285714285714,
    "validation_regret_mean": 0.0,
    "normalized_validation_regret_mean": 0.0,
    "test_regret_mean": 0.0,
    "removed_fraction": 0.85,
    "selected_family_count_mean": 2.0,
    "removed_family_fraction_mean": 0.875,
    "passes_90pct_recall_at_50pct_removal": true
  },
  {
    "encoder": "vit_b16",
    "method": "rank_only",
    "shortlist_size": 5,
    "rows": 7,
    "targets": 7,
    "best_candidate_recall_mean": 1.0,
    "top3_candidate_recall_mean": 0.5714285714285714,
    "best_candidate_family_recall_mean": 1.0,
    "top3_candidate_family_recall_mean": 0.7380952380952381,
    "validation_regret_mean": 0.0,
    "normalized_validation_regret_mean": 0.0,
    "test_regret_mean": 0.0,
    "removed_fraction": 0.75,
    "selected_family_count_mean": 4.0,
    "removed_family_fraction_mean": 0.75,
    "passes_90pct_recall_at_50pct_removal": true
  },
  {
    "encoder": "vit_b16",
    "method": "rank_only",
    "shortlist_size": 10,
    "rows": 7,
    "targets": 7,
    "best_candidate_recall_mean": 1.0,
    "top3_candidate_recall_mean": 0.8095238095238094,
    "best_candidate_family_recall_mean": 1.0,
    "top3_candidate_family_recall_mean": 0.8333333333333333,
    "validation_regret_mean": 0.0,
    "normalized_validation_regret_mean": 0.0,
    "test_regret_mean": 0.0,
    "removed_fraction": 0.5,
    "selected_family_count_mean": 7.0,
    "removed_family_fraction_mean": 0.5625,
    "passes_90pct_recall_at_50pct_removal": true
  }
]
SOURCE_DONE=tiny_imagenet COMPLETED=19/21
[
  {
    "encoder": "vit_b16",
    "method": "dpp_subspace",
    "shortlist_size": 3,
    "rows": 7,
    "targets": 7,
    "best_candidate_recall_mean": 0.7142857142857143,
    "top3_candidate_recall_mean": 0.42857142857142855,
    "best_candidate_family_recall_mean": 1.0,
    "top3_candidate_family_recall_mean": 0.6666666666666666,
    "validation_regret_mean": 7.424655868896021e-05,
    "normalized_validation_regret_mean": 0.0023235823350506377,
    "test_regret_mean": -0.0013482110840933553,
    "removed_fraction": 0.85,
    "selected_family_count_mean": 3.0,
    "removed_family_fraction_mean": 0.8125,
    "passes_90pct_recall_at_50pct_removal": false
  },
  {
    "encoder": "vit_b16",
    "method": "dpp_subspace",
    "shortlist_size": 5,
    "rows": 7,
    "targets": 7,
    "best_candidate_recall_mean": 0.7142857142857143,
    "top3_candidate_recall_mean": 0.4761904761904762,
    "best_candidate_family_recall_mean": 1.0,
    "top3_candidate_family_recall_mean": 0.7619047619047619,
    "validation_regret_mean": 7.424655868896021e-05,
    "normalized_validation_regret_mean": 0.0023235823350506377,
    "test_regret_mean": -0.0013482110840933553,
    "removed_fraction": 0.75,
    "selected_family_count_mean": 5.0,
    "removed_family_fraction_mean": 0.6875,
    "passes_90pct_recall_at_50pct_removal": false
  },
  {
    "encoder": "vit_b16",
    "method": "dpp_subspace",
    "shortlist_size": 10,
    "rows": 7,
    "targets": 7,
    "best_candidate_recall_mean": 1.0,
    "top3_candidate_recall_mean": 0.8571428571428571,
    "best_candidate_family_recall_mean": 1.0,
    "top3_candidate_family_recall_mean": 0.9047619047619048,
    "validation_regret_mean": 0.0,
    "normalized_validation_regret_mean": 0.0,
    "test_regret_mean": 0.0,
    "removed_fraction": 0.5,
    "selected_family_count_mean": 9.0,
    "removed_family_fraction_mean": 0.4375,
    "passes_90pct_recall_at_50pct_removal": true
  },
  {
    "encoder": "vit_b16",
    "method": "facility_subspace",
    "shortlist_size": 3,
    "rows": 7,
    "targets": 7,
    "best_candidate_recall_mean": 0.2857142857142857,
    "top3_candidate_recall_mean": 0.2857142857142857,
    "best_candidate_family_recall_mean": 0.2857142857142857,
    "top3_candidate_family_recall_mean": 0.3333333333333333,
    "validation_regret_mean": 0.0034951752580751894,
    "normalized_validation_regret_mean": 0.12867205191491404,
    "test_regret_mean": 0.0027491654668535697,
    "removed_fraction": 0.85,
    "selected_family_count_mean": 3.0,
    "removed_family_fraction_mean": 0.8125,
    "passes_90pct_recall_at_50pct_removal": false
  },
  {
    "encoder": "vit_b16",
    "method": "facility_subspace",
    "shortlist_size": 5,
    "rows": 7,
    "targets": 7,
    "best_candidate_recall_mean": 0.5714285714285714,
    "top3_candidate_recall_mean": 0.42857142857142855,
    "best_candidate_family_recall_mean": 0.5714285714285714,
    "top3_candidate_family_recall_mean": 0.47619047619047616,
    "validation_regret_mean": 0.001267931150606432,
    "normalized_validation_regret_mean": 0.052988343281917615,
    "test_regret_mean": 0.0006388119288853426,
    "removed_fraction": 0.75,
    "selected_family_count_mean": 5.0,
    "removed_family_fraction_mean": 0.6875,
    "passes_90pct_recall_at_50pct_removal": false
  },
  {
    "encoder": "vit_b16",
    "method": "facility_subspace",
    "shortlist_size": 10,
    "rows": 7,
    "targets": 7,
    "best_candidate_recall_mean": 0.5714285714285714,
    "top3_candidate_recall_mean": 0.5238095238095238,
    "best_candidate_family_recall_mean": 0.5714285714285714,
    "top3_candidate_family_recall_mean": 0.5714285714285714,
    "validation_regret_mean": 0.001267931150606432,
    "normalized_validation_regret_mean": 0.052988343281917615,
    "test_regret_mean": 0.0006388119288853426,
    "removed_fraction": 0.5,
    "selected_family_count_mean": 10.0,
    "removed_family_fraction_mean": 0.375,
    "passes_90pct_recall_at_50pct_removal": false
  },
  {
    "encoder": "vit_b16",
    "method": "kcenter_subspace",
    "shortlist_size": 3,
    "rows": 7,
    "targets": 7,
    "best_candidate_recall_mean": 0.42857142857142855,
    "top3_candidate_recall_mean": 0.2857142857142857,
    "best_candidate_family_recall_mean": 0.42857142857142855,
    "top3_candidate_family_recall_mean": 0.3333333333333333,
    "validation_regret_mean": 0.0015450619732619378,
    "normalized_validation_regret_mean": 0.058315468718709164,
    "test_regret_mean": -0.0003967898232596277,
    "removed_fraction": 0.85,
    "selected_family_count_mean": 3.0,
    "removed_family_fraction_mean": 0.8125,
    "passes_90pct_recall_at_50pct_removal": false
  },
  {
    "encoder": "vit_b16",
    "method": "kcenter_subspace",
    "shortlist_size": 5,
    "rows": 7,
    "targets": 7,
    "best_candidate_recall_mean": 0.42857142857142855,
    "top3_candidate_recall_mean": 0.2857142857142857,
    "best_candidate_family_recall_mean": 0.42857142857142855,
    "top3_candidate_family_recall_mean": 0.3333333333333333,
    "validation_regret_mean": 0.001296374903926962,
    "normalized_validation_regret_mean": 0.04748081993999457,
    "test_regret_mean": 0.0016121387481689406,
    "removed_fraction": 0.75,
    "selected_family_count_mean": 5.0,
    "removed_family_fraction_mean": 0.6875,
    "passes_90pct_recall_at_50pct_removal": false
  },
  {
    "encoder": "vit_b16",
    "method": "kcenter_subspace",
    "shortlist_size": 10,
    "rows": 7,
    "targets": 7,
    "best_candidate_recall_mean": 0.7142857142857143,
    "top3_candidate_recall_mean": 0.5238095238095238,
    "best_candidate_family_recall_mean": 0.7142857142857143,
    "top3_candidate_family_recall_mean": 0.5714285714285714,
    "validation_regret_mean": 7.424655868896021e-05,
    "normalized_validation_regret_mean": 0.0023235823350506377,
    "test_regret_mean": -0.0013482110840933553,
    "removed_fraction": 0.5,
    "selected_family_count_mean": 10.0,
    "removed_family_fraction_mean": 0.375,
    "passes_90pct_recall_at_50pct_removal": false
  },
  {
    "encoder": "vit_b16",
    "method": "pool_vendi_subspace",
    "shortlist_size": 3,
    "rows": 7,
    "targets": 7,
    "best_candidate_recall_mean": 0.42857142857142855,
    "top3_candidate_recall_mean": 0.2857142857142857,
    "best_candidate_family_recall_mean": 0.42857142857142855,
    "top3_candidate_family_recall_mean": 0.3333333333333333,
    "validation_regret_mean": 0.0015450619732619378,
    "normalized_validation_regret_mean": 0.058315468718709164,
    "test_regret_mean": -0.0003967898232596277,
    "removed_fraction": 0.85,
    "selected_family_count_mean": 3.0,
    "removed_family_fraction_mean": 0.8125,
    "passes_90pct_recall_at_50pct_removal": false
  },
  {
    "encoder": "vit_b16",
    "method": "pool_vendi_subspace",
    "shortlist_size": 5,
    "rows": 7,
    "targets": 7,
    "best_candidate_recall_mean": 0.7142857142857143,
    "top3_candidate_recall_mean": 0.42857142857142855,
    "best_candidate_family_recall_mean": 0.7142857142857143,
    "top3_candidate_family_recall_mean": 0.4761904761904762,
    "validation_regret_mean": 7.424655868896021e-05,
    "normalized_validation_regret_mean": 0.0023235823350506377,
    "test_regret_mean": -0.0013482110840933553,
    "removed_fraction": 0.75,
    "selected_family_count_mean": 5.0,
    "removed_family_fraction_mean": 0.6875,
    "passes_90pct_recall_at_50pct_removal": false
  },
  {
    "encoder": "vit_b16",
    "method": "pool_vendi_subspace",
    "shortlist_size": 10,
    "rows": 7,
    "targets": 7,
    "best_candidate_recall_mean": 0.7142857142857143,
    "top3_candidate_recall_mean": 0.5238095238095238,
    "best_candidate_family_recall_mean": 0.7142857142857143,
    "top3_candidate_family_recall_mean": 0.5714285714285714,
    "validation_regret_mean": 7.424655868896021e-05,
    "normalized_validation_regret_mean": 0.0023235823350506377,
    "test_regret_mean": -0.0013482110840933553,
    "removed_fraction": 0.5,
    "selected_family_count_mean": 10.0,
    "removed_family_fraction_mean": 0.375,
    "passes_90pct_recall_at_50pct_removal": false
  },
  {
    "encoder": "vit_b16",
    "method": "random",
    "shortlist_size": 3,
    "rows": 700,
    "targets": 7,
    "best_candidate_recall_mean": 0.15714285714285714,
    "top3_candidate_recall_mean": 0.14619047619047618,
    "best_candidate_family_recall_mean": 0.19142857142857142,
    "top3_candidate_family_recall_mean": 0.20047619047619045,
    "validation_regret_mean": 0.005670042317010234,
    "normalized_validation_regret_mean": 0.21508030820415788,
    "test_regret_mean": 0.006709652824061264,
    "removed_fraction": 0.85,
    "selected_family_count_mean": 2.927142857142857,
    "removed_family_fraction_mean": 0.8170535714285714,
    "passes_90pct_recall_at_50pct_removal": false
  },
  {
    "encoder": "vit_b16",
    "method": "random",
    "shortlist_size": 5,
    "rows": 700,
    "targets": 7,
    "best_candidate_recall_mean": 0.26285714285714284,
    "top3_candidate_recall_mean": 0.24666666666666665,
    "best_candidate_family_recall_mean": 0.32,
    "top3_candidate_family_recall_mean": 0.32285714285714284,
    "validation_regret_mean": 0.0038947163333199987,
    "normalized_validation_regret_mean": 0.1472973232960305,
    "test_regret_mean": 0.005057717587266657,
    "removed_fraction": 0.75,
    "selected_family_count_mean": 4.7457142857142856,
    "removed_family_fraction_mean": 0.7033928571428572,
    "passes_90pct_recall_at_50pct_removal": false
  },
  {
    "encoder": "vit_b16",
    "method": "random",
    "shortlist_size": 10,
    "rows": 700,
    "targets": 7,
    "best_candidate_recall_mean": 0.48,
    "top3_candidate_recall_mean": 0.49190476190476196,
    "best_candidate_family_recall_mean": 0.5585714285714286,
    "top3_candidate_family_recall_mean": 0.5885714285714285,
    "validation_regret_mean": 0.001950340060191642,
    "normalized_validation_regret_mean": 0.07340436820927239,
    "test_regret_mean": 0.002293433495930273,
    "removed_fraction": 0.5,
    "selected_family_count_mean": 8.891428571428571,
    "removed_family_fraction_mean": 0.4442857142857143,
    "passes_90pct_recall_at_50pct_removal": false
  },
  {
    "encoder": "vit_b16",
    "method": "rank_only",
    "shortlist_size": 3,
    "rows": 7,
    "targets": 7,
    "best_candidate_recall_mean": 0.7142857142857143,
    "top3_candidate_recall_mean": 0.5238095238095237,
    "best_candidate_family_recall_mean": 0.7142857142857143,
    "top3_candidate_family_recall_mean": 0.5238095238095237,
    "validation_regret_mean": 0.0014708154145729774,
    "normalized_validation_regret_mean": 0.055991886383658526,
    "test_regret_mean": 0.0009514212608337276,
    "removed_fraction": 0.85,
    "selected_family_count_mean": 2.0,
    "removed_family_fraction_mean": 0.875,
    "passes_90pct_recall_at_50pct_removal": false
  },
  {
    "encoder": "vit_b16",
    "method": "rank_only",
    "shortlist_size": 5,
    "rows": 7,
    "targets": 7,
    "best_candidate_recall_mean": 1.0,
    "top3_candidate_recall_mean": 0.7142857142857143,
    "best_candidate_family_recall_mean": 1.0,
    "top3_candidate_family_recall_mean": 0.7142857142857143,
    "validation_regret_mean": 0.0,
    "normalized_validation_regret_mean": 0.0,
    "test_regret_mean": 0.0,
    "removed_fraction": 0.75,
    "selected_family_count_mean": 4.0,
    "removed_family_fraction_mean": 0.75,
    "passes_90pct_recall_at_50pct_removal": true
  },
  {
    "encoder": "vit_b16",
    "method": "rank_only",
    "shortlist_size": 10,
    "rows": 7,
    "targets": 7,
    "best_candidate_recall_mean": 1.0,
    "top3_candidate_recall_mean": 0.8571428571428571,
    "best_candidate_family_recall_mean": 1.0,
    "top3_candidate_family_recall_mean": 0.8571428571428571,
    "validation_regret_mean": 0.0,
    "normalized_validation_regret_mean": 0.0,
    "test_regret_mean": 0.0,
    "removed_fraction": 0.5,
    "selected_family_count_mean": 7.0,
    "removed_family_fraction_mean": 0.5625,
    "passes_90pct_recall_at_50pct_removal": true
  }
]
SOURCE_DONE=tissuemnist COMPLETED=20/21
[
  {
    "encoder": "vit_b16",
    "method": "dpp_subspace",
    "shortlist_size": 3,
    "rows": 7,
    "targets": 7,
    "best_candidate_recall_mean": 0.7142857142857143,
    "top3_candidate_recall_mean": 0.42857142857142855,
    "best_candidate_family_recall_mean": 1.0,
    "top3_candidate_family_recall_mean": 0.6666666666666666,
    "validation_regret_mean": 7.424655868896021e-05,
    "normalized_validation_regret_mean": 0.00230057113394302,
    "test_regret_mean": -0.0013482110840933553,
    "removed_fraction": 0.85,
    "selected_family_count_mean": 3.0,
    "removed_family_fraction_mean": 0.8235294117647057,
    "passes_90pct_recall_at_50pct_removal": false
  },
  {
    "encoder": "vit_b16",
    "method": "dpp_subspace",
    "shortlist_size": 5,
    "rows": 7,
    "targets": 7,
    "best_candidate_recall_mean": 0.7142857142857143,
    "top3_candidate_recall_mean": 0.4761904761904762,
    "best_candidate_family_recall_mean": 1.0,
    "top3_candidate_family_recall_mean": 0.7619047619047619,
    "validation_regret_mean": 7.424655868896021e-05,
    "normalized_validation_regret_mean": 0.00230057113394302,
    "test_regret_mean": -0.0013482110840933553,
    "removed_fraction": 0.75,
    "selected_family_count_mean": 5.0,
    "removed_family_fraction_mean": 0.7058823529411765,
    "passes_90pct_recall_at_50pct_removal": false
  },
  {
    "encoder": "vit_b16",
    "method": "dpp_subspace",
    "shortlist_size": 10,
    "rows": 7,
    "targets": 7,
    "best_candidate_recall_mean": 1.0,
    "top3_candidate_recall_mean": 0.8571428571428571,
    "best_candidate_family_recall_mean": 1.0,
    "top3_candidate_family_recall_mean": 0.9047619047619048,
    "validation_regret_mean": 0.0,
    "normalized_validation_regret_mean": 0.0,
    "test_regret_mean": 0.0,
    "removed_fraction": 0.5,
    "selected_family_count_mean": 9.0,
    "removed_family_fraction_mean": 0.4705882352941177,
    "passes_90pct_recall_at_50pct_removal": true
  },
  {
    "encoder": "vit_b16",
    "method": "facility_subspace",
    "shortlist_size": 3,
    "rows": 7,
    "targets": 7,
    "best_candidate_recall_mean": 0.2857142857142857,
    "top3_candidate_recall_mean": 0.23809523809523808,
    "best_candidate_family_recall_mean": 0.2857142857142857,
    "top3_candidate_family_recall_mean": 0.2857142857142857,
    "validation_regret_mean": 0.0034951752580751894,
    "normalized_validation_regret_mean": 0.11149398828540928,
    "test_regret_mean": 0.0027491654668535697,
    "removed_fraction": 0.85,
    "selected_family_count_mean": 3.0,
    "removed_family_fraction_mean": 0.8235294117647057,
    "passes_90pct_recall_at_50pct_removal": false
  },
  {
    "encoder": "vit_b16",
    "method": "facility_subspace",
    "shortlist_size": 5,
    "rows": 7,
    "targets": 7,
    "best_candidate_recall_mean": 0.5714285714285714,
    "top3_candidate_recall_mean": 0.380952380952381,
    "best_candidate_family_recall_mean": 0.5714285714285714,
    "top3_candidate_family_recall_mean": 0.42857142857142855,
    "validation_regret_mean": 0.001267931150606432,
    "normalized_validation_regret_mean": 0.04931652178547167,
    "test_regret_mean": 0.0006388119288853426,
    "removed_fraction": 0.75,
    "selected_family_count_mean": 5.0,
    "removed_family_fraction_mean": 0.7058823529411765,
    "passes_90pct_recall_at_50pct_removal": false
  },
  {
    "encoder": "vit_b16",
    "method": "facility_subspace",
    "shortlist_size": 10,
    "rows": 7,
    "targets": 7,
    "best_candidate_recall_mean": 0.5714285714285714,
    "top3_candidate_recall_mean": 0.5238095238095238,
    "best_candidate_family_recall_mean": 0.5714285714285714,
    "top3_candidate_family_recall_mean": 0.5714285714285714,
    "validation_regret_mean": 0.001267931150606432,
    "normalized_validation_regret_mean": 0.04931652178547167,
    "test_regret_mean": 0.0006388119288853426,
    "removed_fraction": 0.5,
    "selected_family_count_mean": 10.0,
    "removed_family_fraction_mean": 0.41176470588235287,
    "passes_90pct_recall_at_50pct_removal": false
  },
  {
    "encoder": "vit_b16",
    "method": "kcenter_subspace",
    "shortlist_size": 3,
    "rows": 7,
    "targets": 7,
    "best_candidate_recall_mean": 0.42857142857142855,
    "top3_candidate_recall_mean": 0.3333333333333333,
    "best_candidate_family_recall_mean": 0.42857142857142855,
    "top3_candidate_family_recall_mean": 0.3333333333333333,
    "validation_regret_mean": 0.0015450619732619378,
    "normalized_validation_regret_mean": 0.049348491759165745,
    "test_regret_mean": -0.0003967898232596277,
    "removed_fraction": 0.85,
    "selected_family_count_mean": 3.0,
    "removed_family_fraction_mean": 0.8235294117647057,
    "passes_90pct_recall_at_50pct_removal": false
  },
  {
    "encoder": "vit_b16",
    "method": "kcenter_subspace",
    "shortlist_size": 5,
    "rows": 7,
    "targets": 7,
    "best_candidate_recall_mean": 0.42857142857142855,
    "top3_candidate_recall_mean": 0.3333333333333333,
    "best_candidate_family_recall_mean": 0.42857142857142855,
    "top3_candidate_family_recall_mean": 0.3333333333333333,
    "validation_regret_mean": 0.001296374903926962,
    "normalized_validation_regret_mean": 0.040031736094389855,
    "test_regret_mean": 0.0016121387481689406,
    "removed_fraction": 0.75,
    "selected_family_count_mean": 5.0,
    "removed_family_fraction_mean": 0.7058823529411765,
    "passes_90pct_recall_at_50pct_removal": false
  },
  {
    "encoder": "vit_b16",
    "method": "kcenter_subspace",
    "shortlist_size": 10,
    "rows": 7,
    "targets": 7,
    "best_candidate_recall_mean": 0.7142857142857143,
    "top3_candidate_recall_mean": 0.5238095238095238,
    "best_candidate_family_recall_mean": 0.7142857142857143,
    "top3_candidate_family_recall_mean": 0.5714285714285714,
    "validation_regret_mean": 7.424655868896021e-05,
    "normalized_validation_regret_mean": 0.00230057113394302,
    "test_regret_mean": -0.0013482110840933553,
    "removed_fraction": 0.5,
    "selected_family_count_mean": 10.0,
    "removed_family_fraction_mean": 0.41176470588235287,
    "passes_90pct_recall_at_50pct_removal": false
  },
  {
    "encoder": "vit_b16",
    "method": "pool_vendi_subspace",
    "shortlist_size": 3,
    "rows": 7,
    "targets": 7,
    "best_candidate_recall_mean": 0.42857142857142855,
    "top3_candidate_recall_mean": 0.3333333333333333,
    "best_candidate_family_recall_mean": 0.42857142857142855,
    "top3_candidate_family_recall_mean": 0.3333333333333333,
    "validation_regret_mean": 0.0015450619732619378,
    "normalized_validation_regret_mean": 0.049348491759165745,
    "test_regret_mean": -0.0003967898232596277,
    "removed_fraction": 0.85,
    "selected_family_count_mean": 3.0,
    "removed_family_fraction_mean": 0.8235294117647057,
    "passes_90pct_recall_at_50pct_removal": false
  },
  {
    "encoder": "vit_b16",
    "method": "pool_vendi_subspace",
    "shortlist_size": 5,
    "rows": 7,
    "targets": 7,
    "best_candidate_recall_mean": 0.7142857142857143,
    "top3_candidate_recall_mean": 0.4761904761904762,
    "best_candidate_family_recall_mean": 0.7142857142857143,
    "top3_candidate_family_recall_mean": 0.4761904761904762,
    "validation_regret_mean": 7.424655868896021e-05,
    "normalized_validation_regret_mean": 0.00230057113394302,
    "test_regret_mean": -0.0013482110840933553,
    "removed_fraction": 0.75,
    "selected_family_count_mean": 5.0,
    "removed_family_fraction_mean": 0.7058823529411765,
    "passes_90pct_recall_at_50pct_removal": false
  },
  {
    "encoder": "vit_b16",
    "method": "pool_vendi_subspace",
    "shortlist_size": 10,
    "rows": 7,
    "targets": 7,
    "best_candidate_recall_mean": 0.7142857142857143,
    "top3_candidate_recall_mean": 0.5714285714285714,
    "best_candidate_family_recall_mean": 0.7142857142857143,
    "top3_candidate_family_recall_mean": 0.5714285714285714,
    "validation_regret_mean": 7.424655868896021e-05,
    "normalized_validation_regret_mean": 0.00230057113394302,
    "test_regret_mean": -0.0013482110840933553,
    "removed_fraction": 0.5,
    "selected_family_count_mean": 10.0,
    "removed_family_fraction_mean": 0.41176470588235287,
    "passes_90pct_recall_at_50pct_removal": false
  },
  {
    "encoder": "vit_b16",
    "method": "random",
    "shortlist_size": 3,
    "rows": 700,
    "targets": 7,
    "best_candidate_recall_mean": 0.15714285714285714,
    "top3_candidate_recall_mean": 0.14619047619047618,
    "best_candidate_family_recall_mean": 0.19142857142857142,
    "top3_candidate_family_recall_mean": 0.19428571428571428,
    "validation_regret_mean": 0.005863422418675306,
    "normalized_validation_regret_mean": 0.2002578547823988,
    "test_regret_mean": 0.006818081540720811,
    "removed_fraction": 0.85,
    "selected_family_count_mean": 2.947142857142857,
    "removed_family_fraction_mean": 0.8266386554621848,
    "passes_90pct_recall_at_50pct_removal": false
  },
  {
    "encoder": "vit_b16",
    "method": "random",
    "shortlist_size": 5,
    "rows": 700,
    "targets": 7,
    "best_candidate_recall_mean": 0.26285714285714284,
    "top3_candidate_recall_mean": 0.24666666666666665,
    "best_candidate_family_recall_mean": 0.32,
    "top3_candidate_family_recall_mean": 0.3138095238095238,
    "validation_regret_mean": 0.003941629080976197,
    "normalized_validation_regret_mean": 0.1341252604828328,
    "test_regret_mean": 0.005179978106703085,
    "removed_fraction": 0.75,
    "selected_family_count_mean": 4.801428571428572,
    "removed_family_fraction_mean": 0.7175630252100841,
    "passes_90pct_recall_at_50pct_removal": false
  },
  {
    "encoder": "vit_b16",
    "method": "random",
    "shortlist_size": 10,
    "rows": 700,
    "targets": 7,
    "best_candidate_recall_mean": 0.48,
    "top3_candidate_recall_mean": 0.49190476190476196,
    "best_candidate_family_recall_mean": 0.5585714285714286,
    "top3_candidate_family_recall_mean": 0.5757142857142857,
    "validation_regret_mean": 0.0019511972186686073,
    "normalized_validation_regret_mean": 0.06608665772162572,
    "test_regret_mean": 0.00233639645576478,
    "removed_fraction": 0.5,
    "selected_family_count_mean": 9.134285714285713,
    "removed_family_fraction_mean": 0.4626890756302521,
    "passes_90pct_recall_at_50pct_removal": false
  },
  {
    "encoder": "vit_b16",
    "method": "rank_only",
    "shortlist_size": 3,
    "rows": 7,
    "targets": 7,
    "best_candidate_recall_mean": 0.7142857142857143,
    "top3_candidate_recall_mean": 0.5238095238095237,
    "best_candidate_family_recall_mean": 0.7142857142857143,
    "top3_candidate_family_recall_mean": 0.5238095238095237,
    "validation_regret_mean": 0.0014708154145729774,
    "normalized_validation_regret_mean": 0.04704792062522273,
    "test_regret_mean": 0.0009514212608337276,
    "removed_fraction": 0.85,
    "selected_family_count_mean": 2.0,
    "removed_family_fraction_mean": 0.8823529411764708,
    "passes_90pct_recall_at_50pct_removal": false
  },
  {
    "encoder": "vit_b16",
    "method": "rank_only",
    "shortlist_size": 5,
    "rows": 7,
    "targets": 7,
    "best_candidate_recall_mean": 1.0,
    "top3_candidate_recall_mean": 0.7142857142857143,
    "best_candidate_family_recall_mean": 1.0,
    "top3_candidate_family_recall_mean": 0.7142857142857143,
    "validation_regret_mean": 0.0,
    "normalized_validation_regret_mean": 0.0,
    "test_regret_mean": 0.0,
    "removed_fraction": 0.75,
    "selected_family_count_mean": 4.0,
    "removed_family_fraction_mean": 0.7647058823529411,
    "passes_90pct_recall_at_50pct_removal": true
  },
  {
    "encoder": "vit_b16",
    "method": "rank_only",
    "shortlist_size": 10,
    "rows": 7,
    "targets": 7,
    "best_candidate_recall_mean": 1.0,
    "top3_candidate_recall_mean": 0.8571428571428571,
    "best_candidate_family_recall_mean": 1.0,
    "top3_candidate_family_recall_mean": 0.8571428571428571,
    "validation_regret_mean": 0.0,
    "normalized_validation_regret_mean": 0.0,
    "test_regret_mean": 0.0,
    "removed_fraction": 0.5,
    "selected_family_count_mean": 7.0,
    "removed_family_fraction_mean": 0.5882352941176471,
    "passes_90pct_recall_at_50pct_removal": true
  }
]
SOURCE_DONE=usps COMPLETED=21/21
DONE_UTC=2026-09-07T06:59:32Z
