encoder,target,method,replicate,shortlist_size,candidate_count,removed_fraction,best_candidate_recall,top3_candidate_recall,best_candidate_family_recall,top3_candidate_family_recall,oracle_source,oracle_sources,oracle_source_count,oracle_source_family,oracle_source_families,selected_source,selected_source_family,shortlist,shortlist_families,candidate_family_count,selected_family_count,removed_family_fraction,oracle_validation_accuracy,selected_validation_accuracy,validation_regret,normalized_validation_regret,oracle_selected_test_accuracy,selected_test_accuracy,test_regret_vs_exhaustive_validation_selection,adapter_seeds,stage2_evaluations,exhaustive_stage2_evaluations
vit_b16,beans,rank_only,-1,3,17,0.8235294117647058,0,0.0,0,0.0,stl10,stl10,1,stl10,stl10,tiny_imagenet,tiny_imagenet,tiny_imagenet|cifar100_coarse|cifar100,cifar100_shared_images|tiny_imagenet,14,2,0.8571428571428572,0.8451321891090473,0.8381044648025668,0.007027724306480465,0.26328506109294725,0.8578125,0.8453125,0.012499999999999956,5,3,17
vit_b16,beans,facility_subspace,-1,3,17,0.8235294117647058,0,0.0,0,0.0,stl10,stl10,1,stl10,stl10,organsmnist,organmnist_views,organsmnist|cifar100|rendered_sst2,cifar100_shared_images|organmnist_views|rendered_sst2,14,3,0.7857142857142857,0.8451321891090473,0.8381689387702081,0.006963250338839155,0.2608696230693336,0.8578125,0.85,0.0078125,5,3,17
vit_b16,beans,kcenter_subspace,-1,3,17,0.8235294117647058,0,0.3333333333333333,0,0.3333333333333333,stl10,stl10,1,stl10,stl10,bloodmnist,bloodmnist,tiny_imagenet|rendered_sst2|bloodmnist,bloodmnist|rendered_sst2|tiny_imagenet,14,3,0.7857142857142857,0.8451321891090473,0.8406189707115648,0.004513218397482532,0.16908218502698957,0.8578125,0.8375,0.020312499999999956,5,3,17
vit_b16,beans,dpp_subspace,-1,3,17,0.8235294117647058,1,0.3333333333333333,1,0.3333333333333333,stl10,stl10,1,stl10,stl10,stl10,stl10,tiny_imagenet|stl10|cifar100_coarse,cifar100_shared_images|stl10|tiny_imagenet,14,3,0.7857142857142857,0.8451321891090473,0.8451321891090473,0.0,0.0,0.8578125,0.8578125,0.0,5,3,17
vit_b16,beans,pool_vendi_subspace,-1,3,17,0.8235294117647058,0,0.3333333333333333,0,0.3333333333333333,stl10,stl10,1,stl10,stl10,bloodmnist,bloodmnist,tiny_imagenet|rendered_sst2|bloodmnist,bloodmnist|rendered_sst2|tiny_imagenet,14,3,0.7857142857142857,0.8451321891090473,0.8406189707115648,0.004513218397482532,0.16908218502698957,0.8578125,0.8375,0.020312499999999956,5,3,17
vit_b16,beans,full_merged_rank,-1,3,17,0.8235294117647058,1,0.3333333333333333,1,0.3333333333333333,stl10,stl10,1,stl10,stl10,stl10,stl10,tiny_imagenet|stl10|cifar100_coarse,cifar100_shared_images|stl10|tiny_imagenet,14,3,0.7857142857142857,0.8451321891090473,0.8451321891090473,0.0,0.0,0.8578125,0.8578125,0.0,5,3,17
vit_b16,beans,random,0,3,17,0.8235294117647058,0,0.0,0,0.0,stl10,stl10,1,stl10,stl10,pathmnist,pathmnist,pathmnist|rendered_sst2|tissuemnist,pathmnist|rendered_sst2|tissuemnist,14,3,0.7857142857142857,0.8451321891090473,0.8306254153248573,0.014506773784189964,0.5434784654984298,0.8578125,0.8359375,0.021874999999999978,5,3,17
vit_b16,beans,random,1,3,17,0.8235294117647058,0,0.0,0,0.0,stl10,stl10,1,stl10,stl10,pathmnist,pathmnist,pathmnist|rendered_sst2|tissuemnist,pathmnist|rendered_sst2|tissuemnist,14,3,0.7857142857142857,0.8451321891090473,0.8306254153248573,0.014506773784189964,0.5434784654984298,0.8578125,0.8359375,0.021874999999999978,5,3,17
vit_b16,beans,random,2,3,17,0.8235294117647058,0,0.0,0,0.0,stl10,stl10,1,stl10,stl10,organsmnist,organmnist_views,breastmnist|organsmnist|tiny_imagenet,breastmnist|organmnist_views|tiny_imagenet,14,3,0.7857142857142857,0.8451321891090473,0.8381689387702081,0.006963250338839155,0.2608696230693336,0.8578125,0.85,0.0078125,5,3,17
vit_b16,beans,random,3,3,17,0.8235294117647058,1,0.3333333333333333,1,0.3333333333333333,stl10,stl10,1,stl10,stl10,stl10,stl10,organcmnist|stl10|tissuemnist,organmnist_views|stl10|tissuemnist,14,3,0.7857142857142857,0.8451321891090473,0.8451321891090473,0.0,0.0,0.8578125,0.8578125,0.0,5,3,17
vit_b16,beans,random,4,3,17,0.8235294117647058,0,0.0,0,0.0,stl10,stl10,1,stl10,stl10,organsmnist,organmnist_views,organsmnist|tiny_imagenet|tissuemnist,organmnist_views|tiny_imagenet|tissuemnist,14,3,0.7857142857142857,0.8451321891090473,0.8381689387702081,0.006963250338839155,0.2608696230693336,0.8578125,0.85,0.0078125,5,3,17
vit_b16,beans,random,5,3,17,0.8235294117647058,0,0.0,0,0.0,stl10,stl10,1,stl10,stl10,pneumoniamnist,pneumoniamnist,breastmnist|cifar100|pneumoniamnist,breastmnist|cifar100_shared_images|pneumoniamnist,14,3,0.7857142857142857,0.8451321891090473,0.8386202593990328,0.0065119297100144635,0.24396144993239882,0.8578125,0.834375,0.0234375,5,3,17
vit_b16,beans,random,6,3,17,0.8235294117647058,0,0.0,0,0.0,stl10,stl10,1,stl10,stl10,tiny_imagenet,tiny_imagenet,cifar10|organcmnist|tiny_imagenet,cifar10|organmnist_views|tiny_imagenet,14,3,0.7857142857142857,0.8451321891090473,0.8381044648025668,0.007027724306480465,0.26328506109294725,0.8578125,0.8453125,0.012499999999999956,5,3,17
vit_b16,beans,random,7,3,17,0.8235294117647058,0,0.3333333333333333,0,0.3333333333333333,stl10,stl10,1,stl10,stl10,bloodmnist,bloodmnist,bloodmnist|breastmnist|tissuemnist,bloodmnist|breastmnist|tissuemnist,14,3,0.7857142857142857,0.8451321891090473,0.8406189707115648,0.004513218397482532,0.16908218502698957,0.8578125,0.8375,0.020312499999999956,5,3,17
vit_b16,beans,random,8,3,17,0.8235294117647058,1,0.3333333333333333,1,0.3333333333333333,stl10,stl10,1,stl10,stl10,stl10,stl10,breastmnist|organsmnist|stl10,breastmnist|organmnist_views|stl10,14,3,0.7857142857142857,0.8451321891090473,0.8451321891090473,0.0,0.0,0.8578125,0.8578125,0.0,5,3,17
vit_b16,beans,random,9,3,17,0.8235294117647058,0,0.3333333333333333,0,0.3333333333333333,stl10,stl10,1,stl10,stl10,retinamnist,retinamnist,cifar10|dermamnist|retinamnist,cifar10|dermamnist|retinamnist,14,3,0.7857142857142857,0.8451321891090473,0.8398452742879117,0.005286914821135635,0.198067771439516,0.8578125,0.83125,0.026562499999999933,5,3,17
vit_b16,beans,random,10,3,17,0.8235294117647058,0,0.3333333333333333,0,0.3333333333333333,stl10,stl10,1,stl10,stl10,bloodmnist,bloodmnist,bloodmnist|octmnist|organsmnist,bloodmnist|octmnist|organmnist_views,14,3,0.7857142857142857,0.8451321891090473,0.8406189707115648,0.004513218397482532,0.16908218502698957,0.8578125,0.8375,0.020312499999999956,5,3,17
vit_b16,beans,random,11,3,17,0.8235294117647058,0,0.3333333333333333,0,0.3333333333333333,stl10,stl10,1,stl10,stl10,retinamnist,retinamnist,cifar10|retinamnist|tissuemnist,cifar10|retinamnist|tissuemnist,14,3,0.7857142857142857,0.8451321891090473,0.8398452742879117,0.005286914821135635,0.198067771439516,0.8578125,0.83125,0.026562499999999933,5,3,17
vit_b16,beans,random,12,3,17,0.8235294117647058,1,0.3333333333333333,1,0.3333333333333333,stl10,stl10,1,stl10,stl10,stl10,stl10,cifar10|organsmnist|stl10,cifar10|organmnist_views|stl10,14,3,0.7857142857142857,0.8451321891090473,0.8451321891090473,0.0,0.0,0.8578125,0.8578125,0.0,5,3,17
vit_b16,beans,random,13,3,17,0.8235294117647058,0,0.0,0,0.0,stl10,stl10,1,stl10,stl10,organamnist,organmnist_views,dermamnist|organamnist|pathmnist,dermamnist|organmnist_views|pathmnist,14,3,0.7857142857142857,0.8451321891090473,0.8375241964113936,0.007607992697653665,0.2850241037983452,0.8578125,0.84375,0.014062499999999978,5,3,17
vit_b16,beans,random,14,3,17,0.8235294117647058,0,0.0,0,0.0,stl10,stl10,1,stl10,stl10,pneumoniamnist,pneumoniamnist,breastmnist|dermamnist|pneumoniamnist,breastmnist|dermamnist|pneumoniamnist,14,3,0.7857142857142857,0.8451321891090473,0.8386202593990328,0.0065119297100144635,0.24396144993239882,0.8578125,0.834375,0.0234375,5,3,17
vit_b16,beans,random,15,3,17,0.8235294117647058,0,0.0,0,0.0,stl10,stl10,1,stl10,stl10,organsmnist,organmnist_views,breastmnist|cifar100_coarse|organsmnist,breastmnist|cifar100_shared_images|organmnist_views,14,3,0.7857142857142857,0.8451321891090473,0.8381689387702081,0.006963250338839155,0.2608696230693336,0.8578125,0.85,0.0078125,5,3,17
vit_b16,beans,random,16,3,17,0.8235294117647058,0,0.3333333333333333,0,0.3333333333333333,stl10,stl10,1,stl10,stl10,bloodmnist,bloodmnist,bloodmnist|organsmnist|tiny_imagenet,bloodmnist|organmnist_views|tiny_imagenet,14,3,0.7857142857142857,0.8451321891090473,0.8406189707115648,0.004513218397482532,0.16908218502698957,0.8578125,0.8375,0.020312499999999956,5,3,17
vit_b16,beans,random,17,3,17,0.8235294117647058,0,0.0,0,0.0,stl10,stl10,1,stl10,stl10,organsmnist,organmnist_views,octmnist|organsmnist|tiny_imagenet,octmnist|organmnist_views|tiny_imagenet,14,3,0.7857142857142857,0.8451321891090473,0.8381689387702081,0.006963250338839155,0.2608696230693336,0.8578125,0.85,0.0078125,5,3,17
vit_b16,beans,random,18,3,17,0.8235294117647058,0,0.3333333333333333,0,0.3333333333333333,stl10,stl10,1,stl10,stl10,bloodmnist,bloodmnist,bloodmnist|pneumoniamnist|tiny_imagenet,bloodmnist|pneumoniamnist|tiny_imagenet,14,3,0.7857142857142857,0.8451321891090473,0.8406189707115648,0.004513218397482532,0.16908218502698957,0.8578125,0.8375,0.020312499999999956,5,3,17
vit_b16,beans,random,19,3,17,0.8235294117647058,0,0.3333333333333333,0,0.3333333333333333,stl10,stl10,1,stl10,stl10,bloodmnist,bloodmnist,bloodmnist|organcmnist|organsmnist,bloodmnist|organmnist_views,14,2,0.8571428571428572,0.8451321891090473,0.8406189707115648,0.004513218397482532,0.16908218502698957,0.8578125,0.8375,0.020312499999999956,5,3,17
vit_b16,beans,random,20,3,17,0.8235294117647058,0,0.3333333333333333,0,0.3333333333333333,stl10,stl10,1,stl10,stl10,bloodmnist,bloodmnist,bloodmnist|cifar100|pathmnist,bloodmnist|cifar100_shared_images|pathmnist,14,3,0.7857142857142857,0.8451321891090473,0.8406189707115648,0.004513218397482532,0.16908218502698957,0.8578125,0.8375,0.020312499999999956,5,3,17
vit_b16,beans,random,21,3,17,0.8235294117647058,0,0.0,0,0.0,stl10,stl10,1,stl10,stl10,organsmnist,organmnist_views,breastmnist|cifar100_coarse|organsmnist,breastmnist|cifar100_shared_images|organmnist_views,14,3,0.7857142857142857,0.8451321891090473,0.8381689387702081,0.006963250338839155,0.2608696230693336,0.8578125,0.85,0.0078125,5,3,17
vit_b16,beans,random,22,3,17,0.8235294117647058,0,0.0,0,0.0,stl10,stl10,1,stl10,stl10,pneumoniamnist,pneumoniamnist,cifar100_coarse|pneumoniamnist|tiny_imagenet,cifar100_shared_images|pneumoniamnist|tiny_imagenet,14,3,0.7857142857142857,0.8451321891090473,0.8386202593990328,0.0065119297100144635,0.24396144993239882,0.8578125,0.834375,0.0234375,5,3,17
vit_b16,beans,random,23,3,17,0.8235294117647058,0,0.0,0,0.0,stl10,stl10,1,stl10,stl10,octmnist,octmnist,breastmnist|octmnist|rendered_sst2,breastmnist|octmnist|rendered_sst2,14,3,0.7857142857142857,0.8451321891090473,0.8309477844290546,0.014184404679992713,0.5314013028791185,0.8578125,0.8609375,-0.0031250000000000444,5,3,17
vit_b16,beans,random,24,3,17,0.8235294117647058,0,0.0,0,0.0,stl10,stl10,1,stl10,stl10,cifar100,cifar100_shared_images,cifar100|cifar100_coarse|organcmnist,cifar100_shared_images|organmnist_views,14,2,0.8571428571428572,0.8451321891090473,0.8363636532650695,0.008768535843977854,0.32850242762775406,0.8578125,0.8203125,0.03749999999999998,5,3,17
vit_b16,beans,random,25,3,17,0.8235294117647058,0,0.3333333333333333,0,0.3333333333333333,stl10,stl10,1,stl10,stl10,retinamnist,retinamnist,cifar10|octmnist|retinamnist,cifar10|octmnist|retinamnist,14,3,0.7857142857142857,0.8451321891090473,0.8398452742879117,0.005286914821135635,0.198067771439516,0.8578125,0.83125,0.026562499999999933,5,3,17
vit_b16,beans,random,26,3,17,0.8235294117647058,0,0.0,0,0.0,stl10,stl10,1,stl10,stl10,organsmnist,organmnist_views,dermamnist|organcmnist|organsmnist,dermamnist|organmnist_views,14,2,0.8571428571428572,0.8451321891090473,0.8381689387702081,0.006963250338839155,0.2608696230693336,0.8578125,0.85,0.0078125,5,3,17
vit_b16,beans,random,27,3,17,0.8235294117647058,0,0.0,0,0.0,stl10,stl10,1,stl10,stl10,organcmnist,organmnist_views,organcmnist|pathmnist|tissuemnist,organmnist_views|pathmnist|tissuemnist,14,3,0.7857142857142857,0.8451321891090473,0.8322372783275668,0.012894910781480529,0.4830919974705815,0.8578125,0.8296875,0.028124999999999956,5,3,17
vit_b16,beans,random,28,3,17,0.8235294117647058,0,0.3333333333333333,0,0.3333333333333333,stl10,stl10,1,stl10,stl10,bloodmnist,bloodmnist,bloodmnist|octmnist|pathmnist,bloodmnist|octmnist|pathmnist,14,3,0.7857142857142857,0.8451321891090473,0.8406189707115648,0.004513218397482532,0.16908218502698957,0.8578125,0.8375,0.020312499999999956,5,3,17
vit_b16,beans,random,29,3,17,0.8235294117647058,0,0.3333333333333333,0,0.3333333333333333,stl10,stl10,1,stl10,stl10,retinamnist,retinamnist,breastmnist|organsmnist|retinamnist,breastmnist|organmnist_views|retinamnist,14,3,0.7857142857142857,0.8451321891090473,0.8398452742879117,0.005286914821135635,0.198067771439516,0.8578125,0.83125,0.026562499999999933,5,3,17
vit_b16,beans,random,30,3,17,0.8235294117647058,0,0.3333333333333333,0,0.3333333333333333,stl10,stl10,1,stl10,stl10,retinamnist,retinamnist,dermamnist|organamnist|retinamnist,dermamnist|organmnist_views|retinamnist,14,3,0.7857142857142857,0.8451321891090473,0.8398452742879117,0.005286914821135635,0.198067771439516,0.8578125,0.83125,0.026562499999999933,5,3,17
vit_b16,beans,random,31,3,17,0.8235294117647058,1,0.3333333333333333,1,0.3333333333333333,stl10,stl10,1,stl10,stl10,stl10,stl10,cifar10|dermamnist|stl10,cifar10|dermamnist|stl10,14,3,0.7857142857142857,0.8451321891090473,0.8451321891090473,0.0,0.0,0.8578125,0.8578125,0.0,5,3,17
vit_b16,beans,random,32,3,17,0.8235294117647058,0,0.0,0,0.0,stl10,stl10,1,stl10,stl10,organcmnist,organmnist_views,breastmnist|organcmnist|rendered_sst2,breastmnist|organmnist_views|rendered_sst2,14,3,0.7857142857142857,0.8451321891090473,0.8322372783275668,0.012894910781480529,0.4830919974705815,0.8578125,0.8296875,0.028124999999999956,5,3,17
vit_b16,beans,random,33,3,17,0.8235294117647058,0,0.0,0,0.0,stl10,stl10,1,stl10,stl10,pneumoniamnist,pneumoniamnist,dermamnist|pathmnist|pneumoniamnist,dermamnist|pathmnist|pneumoniamnist,14,3,0.7857142857142857,0.8451321891090473,0.8386202593990328,0.0065119297100144635,0.24396144993239882,0.8578125,0.834375,0.0234375,5,3,17
vit_b16,beans,random,34,3,17,0.8235294117647058,0,0.0,0,0.0,stl10,stl10,1,stl10,stl10,dermamnist,dermamnist,cifar100_coarse|dermamnist|octmnist,cifar100_shared_images|dermamnist|octmnist,14,3,0.7857142857142857,0.8451321891090473,0.8361702272386262,0.008961961870421087,0.3357488961811821,0.8578125,0.8125,0.04531249999999998,5,3,17
vit_b16,beans,random,35,3,17,0.8235294117647058,1,0.6666666666666666,1,0.6666666666666666,stl10,stl10,1,stl10,stl10,stl10,stl10,octmnist|retinamnist|stl10,octmnist|retinamnist|stl10,14,3,0.7857142857142857,0.8451321891090473,0.8451321891090473,0.0,0.0,0.8578125,0.8578125,0.0,5,3,17
vit_b16,beans,random,36,3,17,0.8235294117647058,0,0.3333333333333333,0,0.3333333333333333,stl10,stl10,1,stl10,stl10,retinamnist,retinamnist,cifar10|pneumoniamnist|retinamnist,cifar10|pneumoniamnist|retinamnist,14,3,0.7857142857142857,0.8451321891090473,0.8398452742879117,0.005286914821135635,0.198067771439516,0.8578125,0.83125,0.026562499999999933,5,3,17
vit_b16,beans,random,37,3,17,0.8235294117647058,0,0.3333333333333333,0,0.3333333333333333,stl10,stl10,1,stl10,stl10,retinamnist,retinamnist,cifar100|organamnist|retinamnist,cifar100_shared_images|organmnist_views|retinamnist,14,3,0.7857142857142857,0.8451321891090473,0.8398452742879117,0.005286914821135635,0.198067771439516,0.8578125,0.83125,0.026562499999999933,5,3,17
vit_b16,beans,random,38,3,17,0.8235294117647058,0,0.0,0,0.0,stl10,stl10,1,stl10,stl10,cifar10,cifar10,breastmnist|cifar10|cifar100_coarse,breastmnist|cifar10|cifar100_shared_images,14,3,0.7857142857142857,0.8451321891090473,0.8321083300541018,0.013023859054945519,0.4879228861873961,0.8578125,0.840625,0.017187500000000022,5,3,17
vit_b16,beans,random,39,3,17,0.8235294117647058,0,0.0,0,0.0,stl10,stl10,1,stl10,stl10,organcmnist,organmnist_views,cifar10|organcmnist|pathmnist,cifar10|organmnist_views|pathmnist,14,3,0.7857142857142857,0.8451321891090473,0.8322372783275668,0.012894910781480529,0.4830919974705815,0.8578125,0.8296875,0.028124999999999956,5,3,17
vit_b16,beans,random,40,3,17,0.8235294117647058,1,0.3333333333333333,1,0.3333333333333333,stl10,stl10,1,stl10,stl10,stl10,stl10,octmnist|pathmnist|stl10,octmnist|pathmnist|stl10,14,3,0.7857142857142857,0.8451321891090473,0.8451321891090473,0.0,0.0,0.8578125,0.8578125,0.0,5,3,17
vit_b16,beans,random,41,3,17,0.8235294117647058,0,0.0,0,0.0,stl10,stl10,1,stl10,stl10,pneumoniamnist,pneumoniamnist,dermamnist|organsmnist|pneumoniamnist,dermamnist|organmnist_views|pneumoniamnist,14,3,0.7857142857142857,0.8451321891090473,0.8386202593990328,0.0065119297100144635,0.24396144993239882,0.8578125,0.834375,0.0234375,5,3,17
vit_b16,beans,random,42,3,17,0.8235294117647058,0,0.0,0,0.0,stl10,stl10,1,stl10,stl10,dermamnist,dermamnist,dermamnist|pathmnist|tissuemnist,dermamnist|pathmnist|tissuemnist,14,3,0.7857142857142857,0.8451321891090473,0.8361702272386262,0.008961961870421087,0.3357488961811821,0.8578125,0.8125,0.04531249999999998,5,3,17
vit_b16,beans,random,43,3,17,0.8235294117647058,1,0.3333333333333333,1,0.3333333333333333,stl10,stl10,1,stl10,stl10,stl10,stl10,octmnist|stl10|tissuemnist,octmnist|stl10|tissuemnist,14,3,0.7857142857142857,0.8451321891090473,0.8451321891090473,0.0,0.0,0.8578125,0.8578125,0.0,5,3,17
vit_b16,beans,random,44,3,17,0.8235294117647058,1,0.6666666666666666,1,0.6666666666666666,stl10,stl10,1,stl10,stl10,stl10,stl10,organsmnist|retinamnist|stl10,organmnist_views|retinamnist|stl10,14,3,0.7857142857142857,0.8451321891090473,0.8451321891090473,0.0,0.0,0.8578125,0.8578125,0.0,5,3,17
vit_b16,beans,random,45,3,17,0.8235294117647058,0,0.6666666666666666,0,0.6666666666666666,stl10,stl10,1,stl10,stl10,bloodmnist,bloodmnist,bloodmnist|pneumoniamnist|retinamnist,bloodmnist|pneumoniamnist|retinamnist,14,3,0.7857142857142857,0.8451321891090473,0.8406189707115648,0.004513218397482532,0.16908218502698957,0.8578125,0.8375,0.020312499999999956,5,3,17
vit_b16,beans,random,46,3,17,0.8235294117647058,0,0.0,0,0.0,stl10,stl10,1,stl10,stl10,cifar100,cifar100_shared_images,breastmnist|cifar100|dermamnist,breastmnist|cifar100_shared_images|dermamnist,14,3,0.7857142857142857,0.8451321891090473,0.8363636532650695,0.008768535843977854,0.32850242762775406,0.8578125,0.8203125,0.03749999999999998,5,3,17
vit_b16,beans,random,47,3,17,0.8235294117647058,0,0.3333333333333333,0,0.3333333333333333,stl10,stl10,1,stl10,stl10,retinamnist,retinamnist,breastmnist|cifar100|retinamnist,breastmnist|cifar100_shared_images|retinamnist,14,3,0.7857142857142857,0.8451321891090473,0.8398452742879117,0.005286914821135635,0.198067771439516,0.8578125,0.83125,0.026562499999999933,5,3,17
vit_b16,beans,random,48,3,17,0.8235294117647058,1,0.6666666666666666,1,0.6666666666666666,stl10,stl10,1,stl10,stl10,stl10,stl10,pneumoniamnist|retinamnist|stl10,pneumoniamnist|retinamnist|stl10,14,3,0.7857142857142857,0.8451321891090473,0.8451321891090473,0.0,0.0,0.8578125,0.8578125,0.0,5,3,17
vit_b16,beans,random,49,3,17,0.8235294117647058,0,0.3333333333333333,0,0.3333333333333333,stl10,stl10,1,stl10,stl10,retinamnist,retinamnist,cifar100|organcmnist|retinamnist,cifar100_shared_images|organmnist_views|retinamnist,14,3,0.7857142857142857,0.8451321891090473,0.8398452742879117,0.005286914821135635,0.198067771439516,0.8578125,0.83125,0.026562499999999933,5,3,17
vit_b16,beans,random,50,3,17,0.8235294117647058,1,0.3333333333333333,1,0.3333333333333333,stl10,stl10,1,stl10,stl10,stl10,stl10,cifar100_coarse|organsmnist|stl10,cifar100_shared_images|organmnist_views|stl10,14,3,0.7857142857142857,0.8451321891090473,0.8451321891090473,0.0,0.0,0.8578125,0.8578125,0.0,5,3,17
vit_b16,beans,random,51,3,17,0.8235294117647058,0,0.0,0,0.0,stl10,stl10,1,stl10,stl10,tiny_imagenet,tiny_imagenet,breastmnist|tiny_imagenet|tissuemnist,breastmnist|tiny_imagenet|tissuemnist,14,3,0.7857142857142857,0.8451321891090473,0.8381044648025668,0.007027724306480465,0.26328506109294725,0.8578125,0.8453125,0.012499999999999956,5,3,17
vit_b16,beans,random,52,3,17,0.8235294117647058,0,0.0,0,0.0,stl10,stl10,1,stl10,stl10,organamnist,organmnist_views,dermamnist|organamnist|organcmnist,dermamnist|organmnist_views,14,2,0.8571428571428572,0.8451321891090473,0.8375241964113936,0.007607992697653665,0.2850241037983452,0.8578125,0.84375,0.014062499999999978,5,3,17
vit_b16,beans,random,53,3,17,0.8235294117647058,0,0.0,0,0.0,stl10,stl10,1,stl10,stl10,organamnist,organmnist_views,cifar10|dermamnist|organamnist,cifar10|dermamnist|organmnist_views,14,3,0.7857142857142857,0.8451321891090473,0.8375241964113936,0.007607992697653665,0.2850241037983452,0.8578125,0.84375,0.014062499999999978,5,3,17
vit_b16,beans,random,54,3,17,0.8235294117647058,0,0.0,0,0.0,stl10,stl10,1,stl10,stl10,organcmnist,organmnist_views,cifar100_coarse|octmnist|organcmnist,cifar100_shared_images|octmnist|organmnist_views,14,3,0.7857142857142857,0.8451321891090473,0.8322372783275668,0.012894910781480529,0.4830919974705815,0.8578125,0.8296875,0.028124999999999956,5,3,17
vit_b16,beans,random,55,3,17,0.8235294117647058,0,0.3333333333333333,0,0.3333333333333333,stl10,stl10,1,stl10,stl10,bloodmnist,bloodmnist,bloodmnist|dermamnist|octmnist,bloodmnist|dermamnist|octmnist,14,3,0.7857142857142857,0.8451321891090473,0.8406189707115648,0.004513218397482532,0.16908218502698957,0.8578125,0.8375,0.020312499999999956,5,3,17
vit_b16,beans,random,56,3,17,0.8235294117647058,1,0.3333333333333333,1,0.3333333333333333,stl10,stl10,1,stl10,stl10,stl10,stl10,breastmnist|dermamnist|stl10,breastmnist|dermamnist|stl10,14,3,0.7857142857142857,0.8451321891090473,0.8451321891090473,0.0,0.0,0.8578125,0.8578125,0.0,5,3,17
vit_b16,beans,random,57,3,17,0.8235294117647058,1,0.3333333333333333,1,0.3333333333333333,stl10,stl10,1,stl10,stl10,stl10,stl10,organcmnist|pathmnist|stl10,organmnist_views|pathmnist|stl10,14,3,0.7857142857142857,0.8451321891090473,0.8451321891090473,0.0,0.0,0.8578125,0.8578125,0.0,5,3,17
vit_b16,beans,random,58,3,17,0.8235294117647058,0,0.0,0,0.0,stl10,stl10,1,stl10,stl10,organsmnist,organmnist_views,cifar10|octmnist|organsmnist,cifar10|octmnist|organmnist_views,14,3,0.7857142857142857,0.8451321891090473,0.8381689387702081,0.006963250338839155,0.2608696230693336,0.8578125,0.85,0.0078125,5,3,17
vit_b16,beans,random,59,3,17,0.8235294117647058,1,0.3333333333333333,1,0.3333333333333333,stl10,stl10,1,stl10,stl10,stl10,stl10,cifar100_coarse|rendered_sst2|stl10,cifar100_shared_images|rendered_sst2|stl10,14,3,0.7857142857142857,0.8451321891090473,0.8451321891090473,0.0,0.0,0.8578125,0.8578125,0.0,5,3,17
vit_b16,beans,random,60,3,17,0.8235294117647058,0,0.0,0,0.0,stl10,stl10,1,stl10,stl10,organamnist,organmnist_views,cifar100|organamnist|organcmnist,cifar100_shared_images|organmnist_views,14,2,0.8571428571428572,0.8451321891090473,0.8375241964113936,0.007607992697653665,0.2850241037983452,0.8578125,0.84375,0.014062499999999978,5,3,17
vit_b16,beans,random,61,3,17,0.8235294117647058,0,0.3333333333333333,0,0.3333333333333333,stl10,stl10,1,stl10,stl10,bloodmnist,bloodmnist,bloodmnist|cifar10|octmnist,bloodmnist|cifar10|octmnist,14,3,0.7857142857142857,0.8451321891090473,0.8406189707115648,0.004513218397482532,0.16908218502698957,0.8578125,0.8375,0.020312499999999956,5,3,17
vit_b16,beans,random,62,3,17,0.8235294117647058,0,0.0,0,0.0,stl10,stl10,1,stl10,stl10,pneumoniamnist,pneumoniamnist,organsmnist|pneumoniamnist|tiny_imagenet,organmnist_views|pneumoniamnist|tiny_imagenet,14,3,0.7857142857142857,0.8451321891090473,0.8386202593990328,0.0065119297100144635,0.24396144993239882,0.8578125,0.834375,0.0234375,5,3,17
vit_b16,beans,random,63,3,17,0.8235294117647058,0,0.0,0,0.0,stl10,stl10,1,stl10,stl10,cifar100,cifar100_shared_images,cifar100|octmnist|pathmnist,cifar100_shared_images|octmnist|pathmnist,14,3,0.7857142857142857,0.8451321891090473,0.8363636532650695,0.008768535843977854,0.32850242762775406,0.8578125,0.8203125,0.03749999999999998,5,3,17
vit_b16,beans,random,64,3,17,0.8235294117647058,0,0.0,0,0.0,stl10,stl10,1,stl10,stl10,organcmnist,organmnist_views,breastmnist|cifar100_coarse|organcmnist,breastmnist|cifar100_shared_images|organmnist_views,14,3,0.7857142857142857,0.8451321891090473,0.8322372783275668,0.012894910781480529,0.4830919974705815,0.8578125,0.8296875,0.028124999999999956,5,3,17
vit_b16,beans,random,65,3,17,0.8235294117647058,0,0.0,0,0.0,stl10,stl10,1,stl10,stl10,organamnist,organmnist_views,cifar10|octmnist|organamnist,cifar10|octmnist|organmnist_views,14,3,0.7857142857142857,0.8451321891090473,0.8375241964113936,0.007607992697653665,0.2850241037983452,0.8578125,0.84375,0.014062499999999978,5,3,17
vit_b16,beans,random,66,3,17,0.8235294117647058,0,0.0,0,0.0,stl10,stl10,1,stl10,stl10,pneumoniamnist,pneumoniamnist,breastmnist|pneumoniamnist|tissuemnist,breastmnist|pneumoniamnist|tissuemnist,14,3,0.7857142857142857,0.8451321891090473,0.8386202593990328,0.0065119297100144635,0.24396144993239882,0.8578125,0.834375,0.0234375,5,3,17
vit_b16,beans,random,67,3,17,0.8235294117647058,0,0.3333333333333333,0,0.3333333333333333,stl10,stl10,1,stl10,stl10,retinamnist,retinamnist,cifar100_coarse|retinamnist|tiny_imagenet,cifar100_shared_images|retinamnist|tiny_imagenet,14,3,0.7857142857142857,0.8451321891090473,0.8398452742879117,0.005286914821135635,0.198067771439516,0.8578125,0.83125,0.026562499999999933,5,3,17
vit_b16,beans,random,68,3,17,0.8235294117647058,1,0.3333333333333333,1,0.3333333333333333,stl10,stl10,1,stl10,stl10,stl10,stl10,dermamnist|octmnist|stl10,dermamnist|octmnist|stl10,14,3,0.7857142857142857,0.8451321891090473,0.8451321891090473,0.0,0.0,0.8578125,0.8578125,0.0,5,3,17
vit_b16,beans,random,69,3,17,0.8235294117647058,1,0.3333333333333333,1,0.3333333333333333,stl10,stl10,1,stl10,stl10,stl10,stl10,organsmnist|rendered_sst2|stl10,organmnist_views|rendered_sst2|stl10,14,3,0.7857142857142857,0.8451321891090473,0.8451321891090473,0.0,0.0,0.8578125,0.8578125,0.0,5,3,17
vit_b16,beans,random,70,3,17,0.8235294117647058,0,0.0,0,0.0,stl10,stl10,1,stl10,stl10,tiny_imagenet,tiny_imagenet,dermamnist|organamnist|tiny_imagenet,dermamnist|organmnist_views|tiny_imagenet,14,3,0.7857142857142857,0.8451321891090473,0.8381044648025668,0.007027724306480465,0.26328506109294725,0.8578125,0.8453125,0.012499999999999956,5,3,17
vit_b16,beans,random,71,3,17,0.8235294117647058,0,0.0,0,0.0,stl10,stl10,1,stl10,stl10,organamnist,organmnist_views,cifar100_coarse|organamnist|pathmnist,cifar100_shared_images|organmnist_views|pathmnist,14,3,0.7857142857142857,0.8451321891090473,0.8375241964113936,0.007607992697653665,0.2850241037983452,0.8578125,0.84375,0.014062499999999978,5,3,17
vit_b16,beans,random,72,3,17,0.8235294117647058,1,0.6666666666666666,1,0.6666666666666666,stl10,stl10,1,stl10,stl10,stl10,stl10,organcmnist|retinamnist|stl10,organmnist_views|retinamnist|stl10,14,3,0.7857142857142857,0.8451321891090473,0.8451321891090473,0.0,0.0,0.8578125,0.8578125,0.0,5,3,17
vit_b16,beans,random,73,3,17,0.8235294117647058,0,0.0,0,0.0,stl10,stl10,1,stl10,stl10,pneumoniamnist,pneumoniamnist,organamnist|pneumoniamnist|rendered_sst2,organmnist_views|pneumoniamnist|rendered_sst2,14,3,0.7857142857142857,0.8451321891090473,0.8386202593990328,0.0065119297100144635,0.24396144993239882,0.8578125,0.834375,0.0234375,5,3,17
vit_b16,beans,random,74,3,17,0.8235294117647058,1,0.3333333333333333,1,0.3333333333333333,stl10,stl10,1,stl10,stl10,stl10,stl10,dermamnist|organcmnist|stl10,dermamnist|organmnist_views|stl10,14,3,0.7857142857142857,0.8451321891090473,0.8451321891090473,0.0,0.0,0.8578125,0.8578125,0.0,5,3,17
vit_b16,beans,random,75,3,17,0.8235294117647058,0,0.0,0,0.0,stl10,stl10,1,stl10,stl10,pathmnist,pathmnist,breastmnist|cifar100_coarse|pathmnist,breastmnist|cifar100_shared_images|pathmnist,14,3,0.7857142857142857,0.8451321891090473,0.8306254153248573,0.014506773784189964,0.5434784654984298,0.8578125,0.8359375,0.021874999999999978,5,3,17
vit_b16,beans,random,76,3,17,0.8235294117647058,0,0.3333333333333333,0,0.3333333333333333,stl10,stl10,1,stl10,stl10,bloodmnist,bloodmnist,bloodmnist|octmnist|organamnist,bloodmnist|octmnist|organmnist_views,14,3,0.7857142857142857,0.8451321891090473,0.8406189707115648,0.004513218397482532,0.16908218502698957,0.8578125,0.8375,0.020312499999999956,5,3,17
vit_b16,beans,random,77,3,17,0.8235294117647058,0,0.0,0,0.0,stl10,stl10,1,stl10,stl10,organsmnist,organmnist_views,cifar100|organsmnist|tiny_imagenet,cifar100_shared_images|organmnist_views|tiny_imagenet,14,3,0.7857142857142857,0.8451321891090473,0.8381689387702081,0.006963250338839155,0.2608696230693336,0.8578125,0.85,0.0078125,5,3,17
vit_b16,beans,random,78,3,17,0.8235294117647058,1,0.3333333333333333,1,0.3333333333333333,stl10,stl10,1,stl10,stl10,stl10,stl10,pathmnist|stl10|tissuemnist,pathmnist|stl10|tissuemnist,14,3,0.7857142857142857,0.8451321891090473,0.8451321891090473,0.0,0.0,0.8578125,0.8578125,0.0,5,3,17
vit_b16,beans,random,79,3,17,0.8235294117647058,1,0.3333333333333333,1,0.3333333333333333,stl10,stl10,1,stl10,stl10,stl10,stl10,cifar10|organamnist|stl10,cifar10|organmnist_views|stl10,14,3,0.7857142857142857,0.8451321891090473,0.8451321891090473,0.0,0.0,0.8578125,0.8578125,0.0,5,3,17
vit_b16,beans,random,80,3,17,0.8235294117647058,0,0.0,0,0.0,stl10,stl10,1,stl10,stl10,tiny_imagenet,tiny_imagenet,breastmnist|rendered_sst2|tiny_imagenet,breastmnist|rendered_sst2|tiny_imagenet,14,3,0.7857142857142857,0.8451321891090473,0.8381044648025668,0.007027724306480465,0.26328506109294725,0.8578125,0.8453125,0.012499999999999956,5,3,17
vit_b16,beans,random,81,3,17,0.8235294117647058,1,0.6666666666666666,1,0.6666666666666666,stl10,stl10,1,stl10,stl10,stl10,stl10,bloodmnist|cifar100_coarse|stl10,bloodmnist|cifar100_shared_images|stl10,14,3,0.7857142857142857,0.8451321891090473,0.8451321891090473,0.0,0.0,0.8578125,0.8578125,0.0,5,3,17
vit_b16,beans,random,82,3,17,0.8235294117647058,0,0.0,0,0.0,stl10,stl10,1,stl10,stl10,organamnist,organmnist_views,breastmnist|cifar10|organamnist,breastmnist|cifar10|organmnist_views,14,3,0.7857142857142857,0.8451321891090473,0.8375241964113936,0.007607992697653665,0.2850241037983452,0.8578125,0.84375,0.014062499999999978,5,3,17
vit_b16,beans,random,83,3,17,0.8235294117647058,1,0.3333333333333333,1,0.3333333333333333,stl10,stl10,1,stl10,stl10,stl10,stl10,cifar100|octmnist|stl10,cifar100_shared_images|octmnist|stl10,14,3,0.7857142857142857,0.8451321891090473,0.8451321891090473,0.0,0.0,0.8578125,0.8578125,0.0,5,3,17
vit_b16,beans,random,84,3,17,0.8235294117647058,0,0.0,0,0.0,stl10,stl10,1,stl10,stl10,cifar100,cifar100_shared_images,cifar100|cifar100_coarse|octmnist,cifar100_shared_images|octmnist,14,2,0.8571428571428572,0.8451321891090473,0.8363636532650695,0.008768535843977854,0.32850242762775406,0.8578125,0.8203125,0.03749999999999998,5,3,17
vit_b16,beans,random,85,3,17,0.8235294117647058,0,0.0,0,0.0,stl10,stl10,1,stl10,stl10,dermamnist,dermamnist,dermamnist|rendered_sst2|tissuemnist,dermamnist|rendered_sst2|tissuemnist,14,3,0.7857142857142857,0.8451321891090473,0.8361702272386262,0.008961961870421087,0.3357488961811821,0.8578125,0.8125,0.04531249999999998,5,3,17
vit_b16,beans,random,86,3,17,0.8235294117647058,0,0.0,0,0.0,stl10,stl10,1,stl10,stl10,organamnist,organmnist_views,cifar100|cifar100_coarse|organamnist,cifar100_shared_images|organmnist_views,14,2,0.8571428571428572,0.8451321891090473,0.8375241964113936,0.007607992697653665,0.2850241037983452,0.8578125,0.84375,0.014062499999999978,5,3,17
vit_b16,beans,random,87,3,17,0.8235294117647058,0,0.3333333333333333,0,0.3333333333333333,stl10,stl10,1,stl10,stl10,bloodmnist,bloodmnist,bloodmnist|organamnist|rendered_sst2,bloodmnist|organmnist_views|rendered_sst2,14,3,0.7857142857142857,0.8451321891090473,0.8406189707115648,0.004513218397482532,0.16908218502698957,0.8578125,0.8375,0.020312499999999956,5,3,17
vit_b16,beans,random,88,3,17,0.8235294117647058,0,0.0,0,0.0,stl10,stl10,1,stl10,stl10,pneumoniamnist,pneumoniamnist,breastmnist|pneumoniamnist|tiny_imagenet,breastmnist|pneumoniamnist|tiny_imagenet,14,3,0.7857142857142857,0.8451321891090473,0.8386202593990328,0.0065119297100144635,0.24396144993239882,0.8578125,0.834375,0.0234375,5,3,17
vit_b16,beans,random,89,3,17,0.8235294117647058,1,0.3333333333333333,1,0.3333333333333333,stl10,stl10,1,stl10,stl10,stl10,stl10,rendered_sst2|stl10|tissuemnist,rendered_sst2|stl10|tissuemnist,14,3,0.7857142857142857,0.8451321891090473,0.8451321891090473,0.0,0.0,0.8578125,0.8578125,0.0,5,3,17
vit_b16,beans,random,90,3,17,0.8235294117647058,0,0.0,0,0.0,stl10,stl10,1,stl10,stl10,pneumoniamnist,pneumoniamnist,breastmnist|organsmnist|pneumoniamnist,breastmnist|organmnist_views|pneumoniamnist,14,3,0.7857142857142857,0.8451321891090473,0.8386202593990328,0.0065119297100144635,0.24396144993239882,0.8578125,0.834375,0.0234375,5,3,17
vit_b16,beans,random,91,3,17,0.8235294117647058,1,0.3333333333333333,1,0.3333333333333333,stl10,stl10,1,stl10,stl10,stl10,stl10,cifar10|stl10|tissuemnist,cifar10|stl10|tissuemnist,14,3,0.7857142857142857,0.8451321891090473,0.8451321891090473,0.0,0.0,0.8578125,0.8578125,0.0,5,3,17
vit_b16,beans,random,92,3,17,0.8235294117647058,0,0.0,0,0.0,stl10,stl10,1,stl10,stl10,cifar10,cifar10,cifar10|pathmnist|rendered_sst2,cifar10|pathmnist|rendered_sst2,14,3,0.7857142857142857,0.8451321891090473,0.8321083300541018,0.013023859054945519,0.4879228861873961,0.8578125,0.840625,0.017187500000000022,5,3,17
vit_b16,beans,random,93,3,17,0.8235294117647058,0,0.3333333333333333,0,0.3333333333333333,stl10,stl10,1,stl10,stl10,bloodmnist,bloodmnist,bloodmnist|dermamnist|octmnist,bloodmnist|dermamnist|octmnist,14,3,0.7857142857142857,0.8451321891090473,0.8406189707115648,0.004513218397482532,0.16908218502698957,0.8578125,0.8375,0.020312499999999956,5,3,17
vit_b16,beans,random,94,3,17,0.8235294117647058,0,0.0,0,0.0,stl10,stl10,1,stl10,stl10,dermamnist,dermamnist,dermamnist|pathmnist|rendered_sst2,dermamnist|pathmnist|rendered_sst2,14,3,0.7857142857142857,0.8451321891090473,0.8361702272386262,0.008961961870421087,0.3357488961811821,0.8578125,0.8125,0.04531249999999998,5,3,17
vit_b16,beans,random,95,3,17,0.8235294117647058,1,0.3333333333333333,1,0.3333333333333333,stl10,stl10,1,stl10,stl10,stl10,stl10,cifar10|dermamnist|stl10,cifar10|dermamnist|stl10,14,3,0.7857142857142857,0.8451321891090473,0.8451321891090473,0.0,0.0,0.8578125,0.8578125,0.0,5,3,17
vit_b16,beans,random,96,3,17,0.8235294117647058,0,0.0,0,0.0,stl10,stl10,1,stl10,stl10,organsmnist,organmnist_views,breastmnist|organsmnist|tissuemnist,breastmnist|organmnist_views|tissuemnist,14,3,0.7857142857142857,0.8451321891090473,0.8381689387702081,0.006963250338839155,0.2608696230693336,0.8578125,0.85,0.0078125,5,3,17
vit_b16,beans,random,97,3,17,0.8235294117647058,0,0.0,0,0.0,stl10,stl10,1,stl10,stl10,pneumoniamnist,pneumoniamnist,octmnist|organcmnist|pneumoniamnist,octmnist|organmnist_views|pneumoniamnist,14,3,0.7857142857142857,0.8451321891090473,0.8386202593990328,0.0065119297100144635,0.24396144993239882,0.8578125,0.834375,0.0234375,5,3,17
vit_b16,beans,random,98,3,17,0.8235294117647058,0,0.3333333333333333,0,0.3333333333333333,stl10,stl10,1,stl10,stl10,bloodmnist,bloodmnist,bloodmnist|organsmnist|pathmnist,bloodmnist|organmnist_views|pathmnist,14,3,0.7857142857142857,0.8451321891090473,0.8406189707115648,0.004513218397482532,0.16908218502698957,0.8578125,0.8375,0.020312499999999956,5,3,17
vit_b16,beans,random,99,3,17,0.8235294117647058,0,0.0,0,0.0,stl10,stl10,1,stl10,stl10,pneumoniamnist,pneumoniamnist,cifar10|octmnist|pneumoniamnist,cifar10|octmnist|pneumoniamnist,14,3,0.7857142857142857,0.8451321891090473,0.8386202593990328,0.0065119297100144635,0.24396144993239882,0.8578125,0.834375,0.0234375,5,3,17
vit_b16,beans,rank_only,-1,5,17,0.7058823529411764,1,0.3333333333333333,1,0.3333333333333333,stl10,stl10,1,stl10,stl10,stl10,stl10,tiny_imagenet|cifar100_coarse|cifar100|stl10|cifar10,cifar10|cifar100_shared_images|stl10|tiny_imagenet,14,4,0.7142857142857143,0.8451321891090473,0.8451321891090473,0.0,0.0,0.8578125,0.8578125,0.0,5,5,17
vit_b16,beans,facility_subspace,-1,5,17,0.7058823529411764,1,0.3333333333333333,1,0.3333333333333333,stl10,stl10,1,stl10,stl10,stl10,stl10,organsmnist|cifar100|rendered_sst2|stl10|dermamnist,cifar100_shared_images|dermamnist|organmnist_views|rendered_sst2|stl10,14,5,0.6428571428571428,0.8451321891090473,0.8451321891090473,0.0,0.0,0.8578125,0.8578125,0.0,5,5,17
vit_b16,beans,kcenter_subspace,-1,5,17,0.7058823529411764,1,0.6666666666666666,1,0.6666666666666666,stl10,stl10,1,stl10,stl10,stl10,stl10,tiny_imagenet|rendered_sst2|bloodmnist|stl10|octmnist,bloodmnist|octmnist|rendered_sst2|stl10|tiny_imagenet,14,5,0.6428571428571428,0.8451321891090473,0.8451321891090473,0.0,0.0,0.8578125,0.8578125,0.0,5,5,17
vit_b16,beans,dpp_subspace,-1,5,17,0.7058823529411764,1,0.3333333333333333,1,0.3333333333333333,stl10,stl10,1,stl10,stl10,stl10,stl10,tiny_imagenet|stl10|cifar100_coarse|cifar10|organsmnist,cifar10|cifar100_shared_images|organmnist_views|stl10|tiny_imagenet,14,5,0.6428571428571428,0.8451321891090473,0.8451321891090473,0.0,0.0,0.8578125,0.8578125,0.0,5,5,17
vit_b16,beans,pool_vendi_subspace,-1,5,17,0.7058823529411764,1,0.6666666666666666,1,0.6666666666666666,stl10,stl10,1,stl10,stl10,stl10,stl10,tiny_imagenet|rendered_sst2|bloodmnist|stl10|octmnist,bloodmnist|octmnist|rendered_sst2|stl10|tiny_imagenet,14,5,0.6428571428571428,0.8451321891090473,0.8451321891090473,0.0,0.0,0.8578125,0.8578125,0.0,5,5,17
vit_b16,beans,full_merged_rank,-1,5,17,0.7058823529411764,1,0.3333333333333333,1,0.3333333333333333,stl10,stl10,1,stl10,stl10,stl10,stl10,tiny_imagenet|stl10|cifar100_coarse|cifar100|cifar10,cifar10|cifar100_shared_images|stl10|tiny_imagenet,14,4,0.7142857142857143,0.8451321891090473,0.8451321891090473,0.0,0.0,0.8578125,0.8578125,0.0,5,5,17
vit_b16,beans,random,0,5,17,0.7058823529411764,0,0.3333333333333333,0,0.3333333333333333,stl10,stl10,1,stl10,stl10,bloodmnist,bloodmnist,bloodmnist|cifar100|organamnist|organcmnist|pathmnist,bloodmnist|cifar100_shared_images|organmnist_views|pathmnist,14,4,0.7142857142857143,0.8451321891090473,0.8406189707115648,0.004513218397482532,0.16908218502698957,0.8578125,0.8375,0.020312499999999956,5,5,17
vit_b16,beans,random,1,5,17,0.7058823529411764,1,0.3333333333333333,1,0.3333333333333333,stl10,stl10,1,stl10,stl10,stl10,stl10,cifar10|dermamnist|octmnist|stl10|tiny_imagenet,cifar10|dermamnist|octmnist|stl10|tiny_imagenet,14,5,0.6428571428571428,0.8451321891090473,0.8451321891090473,0.0,0.0,0.8578125,0.8578125,0.0,5,5,17
vit_b16,beans,random,2,5,17,0.7058823529411764,0,0.3333333333333333,0,0.3333333333333333,stl10,stl10,1,stl10,stl10,retinamnist,retinamnist,octmnist|organcmnist|pathmnist|retinamnist|tissuemnist,octmnist|organmnist_views|pathmnist|retinamnist|tissuemnist,14,5,0.6428571428571428,0.8451321891090473,0.8398452742879117,0.005286914821135635,0.198067771439516,0.8578125,0.83125,0.026562499999999933,5,5,17
vit_b16,beans,random,3,5,17,0.7058823529411764,0,0.6666666666666666,0,0.6666666666666666,stl10,stl10,1,stl10,stl10,bloodmnist,bloodmnist,bloodmnist|breastmnist|octmnist|organsmnist|retinamnist,bloodmnist|breastmnist|octmnist|organmnist_views|retinamnist,14,5,0.6428571428571428,0.8451321891090473,0.8406189707115648,0.004513218397482532,0.16908218502698957,0.8578125,0.8375,0.020312499999999956,5,5,17
vit_b16,beans,random,4,5,17,0.7058823529411764,0,0.3333333333333333,0,0.3333333333333333,stl10,stl10,1,stl10,stl10,bloodmnist,bloodmnist,bloodmnist|cifar10|organcmnist|pathmnist|tiny_imagenet,bloodmnist|cifar10|organmnist_views|pathmnist|tiny_imagenet,14,5,0.6428571428571428,0.8451321891090473,0.8406189707115648,0.004513218397482532,0.16908218502698957,0.8578125,0.8375,0.020312499999999956,5,5,17
vit_b16,beans,random,5,5,17,0.7058823529411764,0,0.3333333333333333,0,0.3333333333333333,stl10,stl10,1,stl10,stl10,bloodmnist,bloodmnist,bloodmnist|cifar10|organamnist|pneumoniamnist|tiny_imagenet,bloodmnist|cifar10|organmnist_views|pneumoniamnist|tiny_imagenet,14,5,0.6428571428571428,0.8451321891090473,0.8406189707115648,0.004513218397482532,0.16908218502698957,0.8578125,0.8375,0.020312499999999956,5,5,17
vit_b16,beans,random,6,5,17,0.7058823529411764,0,0.0,0,0.0,stl10,stl10,1,stl10,stl10,cifar100,cifar100_shared_images,breastmnist|cifar100|organcmnist|pathmnist|rendered_sst2,breastmnist|cifar100_shared_images|organmnist_views|pathmnist|rendered_sst2,14,5,0.6428571428571428,0.8451321891090473,0.8363636532650695,0.008768535843977854,0.32850242762775406,0.8578125,0.8203125,0.03749999999999998,5,5,17
vit_b16,beans,random,7,5,17,0.7058823529411764,0,0.0,0,0.0,stl10,stl10,1,stl10,stl10,organsmnist,organmnist_views,cifar100|octmnist|organamnist|organcmnist|organsmnist,cifar100_shared_images|octmnist|organmnist_views,14,3,0.7857142857142857,0.8451321891090473,0.8381689387702081,0.006963250338839155,0.2608696230693336,0.8578125,0.85,0.0078125,5,5,17
vit_b16,beans,random,8,5,17,0.7058823529411764,0,0.3333333333333333,0,0.3333333333333333,stl10,stl10,1,stl10,stl10,retinamnist,retinamnist,cifar10|cifar100|organsmnist|retinamnist|tissuemnist,cifar10|cifar100_shared_images|organmnist_views|retinamnist|tissuemnist,14,5,0.6428571428571428,0.8451321891090473,0.8398452742879117,0.005286914821135635,0.198067771439516,0.8578125,0.83125,0.026562499999999933,5,5,17
vit_b16,beans,random,9,5,17,0.7058823529411764,0,0.0,0,0.0,stl10,stl10,1,stl10,stl10,pneumoniamnist,pneumoniamnist,cifar10|dermamnist|organamnist|organsmnist|pneumoniamnist,cifar10|dermamnist|organmnist_views|pneumoniamnist,14,4,0.7142857142857143,0.8451321891090473,0.8386202593990328,0.0065119297100144635,0.24396144993239882,0.8578125,0.834375,0.0234375,5,5,17
vit_b16,beans,random,10,5,17,0.7058823529411764,0,0.0,0,0.0,stl10,stl10,1,stl10,stl10,pneumoniamnist,pneumoniamnist,cifar10|octmnist|pathmnist|pneumoniamnist|tissuemnist,cifar10|octmnist|pathmnist|pneumoniamnist|tissuemnist,14,5,0.6428571428571428,0.8451321891090473,0.8386202593990328,0.0065119297100144635,0.24396144993239882,0.8578125,0.834375,0.0234375,5,5,17
vit_b16,beans,random,11,5,17,0.7058823529411764,0,0.0,0,0.0,stl10,stl10,1,stl10,stl10,organsmnist,organmnist_views,cifar100_coarse|organsmnist|rendered_sst2|tiny_imagenet|tissuemnist,cifar100_shared_images|organmnist_views|rendered_sst2|tiny_imagenet|tissuemnist,14,5,0.6428571428571428,0.8451321891090473,0.8381689387702081,0.006963250338839155,0.2608696230693336,0.8578125,0.85,0.0078125,5,5,17
vit_b16,beans,random,12,5,17,0.7058823529411764,1,1.0,1,1.0,stl10,stl10,1,stl10,stl10,stl10,stl10,bloodmnist|organcmnist|pathmnist|retinamnist|stl10,bloodmnist|organmnist_views|pathmnist|retinamnist|stl10,14,5,0.6428571428571428,0.8451321891090473,0.8451321891090473,0.0,0.0,0.8578125,0.8578125,0.0,5,5,17
vit_b16,beans,random,13,5,17,0.7058823529411764,0,0.0,0,0.0,stl10,stl10,1,stl10,stl10,pneumoniamnist,pneumoniamnist,cifar10|cifar100_coarse|organamnist|pneumoniamnist|tiny_imagenet,cifar10|cifar100_shared_images|organmnist_views|pneumoniamnist|tiny_imagenet,14,5,0.6428571428571428,0.8451321891090473,0.8386202593990328,0.0065119297100144635,0.24396144993239882,0.8578125,0.834375,0.0234375,5,5,17
vit_b16,beans,random,14,5,17,0.7058823529411764,0,0.0,0,0.0,stl10,stl10,1,stl10,stl10,tiny_imagenet,tiny_imagenet,breastmnist|organamnist|organcmnist|tiny_imagenet|tissuemnist,breastmnist|organmnist_views|tiny_imagenet|tissuemnist,14,4,0.7142857142857143,0.8451321891090473,0.8381044648025668,0.007027724306480465,0.26328506109294725,0.8578125,0.8453125,0.012499999999999956,5,5,17
vit_b16,beans,random,15,5,17,0.7058823529411764,1,1.0,1,1.0,stl10,stl10,1,stl10,stl10,stl10,stl10,bloodmnist|cifar100|cifar100_coarse|retinamnist|stl10,bloodmnist|cifar100_shared_images|retinamnist|stl10,14,4,0.7142857142857143,0.8451321891090473,0.8451321891090473,0.0,0.0,0.8578125,0.8578125,0.0,5,5,17
vit_b16,beans,random,16,5,17,0.7058823529411764,1,0.6666666666666666,1,0.6666666666666666,stl10,stl10,1,stl10,stl10,stl10,stl10,bloodmnist|cifar100_coarse|octmnist|organamnist|stl10,bloodmnist|cifar100_shared_images|octmnist|organmnist_views|stl10,14,5,0.6428571428571428,0.8451321891090473,0.8451321891090473,0.0,0.0,0.8578125,0.8578125,0.0,5,5,17
vit_b16,beans,random,17,5,17,0.7058823529411764,1,0.3333333333333333,1,0.3333333333333333,stl10,stl10,1,stl10,stl10,stl10,stl10,organamnist|organcmnist|organsmnist|pathmnist|stl10,organmnist_views|pathmnist|stl10,14,3,0.7857142857142857,0.8451321891090473,0.8451321891090473,0.0,0.0,0.8578125,0.8578125,0.0,5,5,17
vit_b16,beans,random,18,5,17,0.7058823529411764,0,0.0,0,0.0,stl10,stl10,1,stl10,stl10,organamnist,organmnist_views,cifar100|octmnist|organamnist|pathmnist|tissuemnist,cifar100_shared_images|octmnist|organmnist_views|pathmnist|tissuemnist,14,5,0.6428571428571428,0.8451321891090473,0.8375241964113936,0.007607992697653665,0.2850241037983452,0.8578125,0.84375,0.014062499999999978,5,5,17
vit_b16,beans,random,19,5,17,0.7058823529411764,0,0.0,0,0.0,stl10,stl10,1,stl10,stl10,tiny_imagenet,tiny_imagenet,cifar10|cifar100_coarse|dermamnist|rendered_sst2|tiny_imagenet,cifar10|cifar100_shared_images|dermamnist|rendered_sst2|tiny_imagenet,14,5,0.6428571428571428,0.8451321891090473,0.8381044648025668,0.007027724306480465,0.26328506109294725,0.8578125,0.8453125,0.012499999999999956,5,5,17
vit_b16,beans,random,20,5,17,0.7058823529411764,1,0.6666666666666666,1,0.6666666666666666,stl10,stl10,1,stl10,stl10,stl10,stl10,organcmnist|pathmnist|rendered_sst2|retinamnist|stl10,organmnist_views|pathmnist|rendered_sst2|retinamnist|stl10,14,5,0.6428571428571428,0.8451321891090473,0.8451321891090473,0.0,0.0,0.8578125,0.8578125,0.0,5,5,17
vit_b16,beans,random,21,5,17,0.7058823529411764,0,0.3333333333333333,0,0.3333333333333333,stl10,stl10,1,stl10,stl10,retinamnist,retinamnist,octmnist|organamnist|pathmnist|retinamnist|tiny_imagenet,octmnist|organmnist_views|pathmnist|retinamnist|tiny_imagenet,14,5,0.6428571428571428,0.8451321891090473,0.8398452742879117,0.005286914821135635,0.198067771439516,0.8578125,0.83125,0.026562499999999933,5,5,17
vit_b16,beans,random,22,5,17,0.7058823529411764,0,0.3333333333333333,0,0.3333333333333333,stl10,stl10,1,stl10,stl10,retinamnist,retinamnist,cifar100_coarse|organamnist|organsmnist|pneumoniamnist|retinamnist,cifar100_shared_images|organmnist_views|pneumoniamnist|retinamnist,14,4,0.7142857142857143,0.8451321891090473,0.8398452742879117,0.005286914821135635,0.198067771439516,0.8578125,0.83125,0.026562499999999933,5,5,17
vit_b16,beans,random,23,5,17,0.7058823529411764,1,0.6666666666666666,1,0.6666666666666666,stl10,stl10,1,stl10,stl10,stl10,stl10,cifar100|organamnist|rendered_sst2|retinamnist|stl10,cifar100_shared_images|organmnist_views|rendered_sst2|retinamnist|stl10,14,5,0.6428571428571428,0.8451321891090473,0.8451321891090473,0.0,0.0,0.8578125,0.8578125,0.0,5,5,17
vit_b16,beans,random,24,5,17,0.7058823529411764,0,0.3333333333333333,0,0.3333333333333333,stl10,stl10,1,stl10,stl10,bloodmnist,bloodmnist,bloodmnist|cifar100|organsmnist|pathmnist|pneumoniamnist,bloodmnist|cifar100_shared_images|organmnist_views|pathmnist|pneumoniamnist,14,5,0.6428571428571428,0.8451321891090473,0.8406189707115648,0.004513218397482532,0.16908218502698957,0.8578125,0.8375,0.020312499999999956,5,5,17
vit_b16,beans,random,25,5,17,0.7058823529411764,0,0.3333333333333333,0,0.3333333333333333,stl10,stl10,1,stl10,stl10,retinamnist,retinamnist,organamnist|organcmnist|rendered_sst2|retinamnist|tissuemnist,organmnist_views|rendered_sst2|retinamnist|tissuemnist,14,4,0.7142857142857143,0.8451321891090473,0.8398452742879117,0.005286914821135635,0.198067771439516,0.8578125,0.83125,0.026562499999999933,5,5,17
vit_b16,beans,random,26,5,17,0.7058823529411764,0,0.3333333333333333,0,0.3333333333333333,stl10,stl10,1,stl10,stl10,retinamnist,retinamnist,octmnist|organamnist|pathmnist|retinamnist|tissuemnist,octmnist|organmnist_views|pathmnist|retinamnist|tissuemnist,14,5,0.6428571428571428,0.8451321891090473,0.8398452742879117,0.005286914821135635,0.198067771439516,0.8578125,0.83125,0.026562499999999933,5,5,17
vit_b16,beans,random,27,5,17,0.7058823529411764,1,0.3333333333333333,1,0.3333333333333333,stl10,stl10,1,stl10,stl10,stl10,stl10,cifar100|dermamnist|organcmnist|pneumoniamnist|stl10,cifar100_shared_images|dermamnist|organmnist_views|pneumoniamnist|stl10,14,5,0.6428571428571428,0.8451321891090473,0.8451321891090473,0.0,0.0,0.8578125,0.8578125,0.0,5,5,17
vit_b16,beans,random,28,5,17,0.7058823529411764,0,0.0,0,0.0,stl10,stl10,1,stl10,stl10,cifar100,cifar100_shared_images,cifar10|cifar100|dermamnist|octmnist|rendered_sst2,cifar10|cifar100_shared_images|dermamnist|octmnist|rendered_sst2,14,5,0.6428571428571428,0.8451321891090473,0.8363636532650695,0.008768535843977854,0.32850242762775406,0.8578125,0.8203125,0.03749999999999998,5,5,17
vit_b16,beans,random,29,5,17,0.7058823529411764,0,0.0,0,0.0,stl10,stl10,1,stl10,stl10,pneumoniamnist,pneumoniamnist,cifar100_coarse|organamnist|pathmnist|pneumoniamnist|tissuemnist,cifar100_shared_images|organmnist_views|pathmnist|pneumoniamnist|tissuemnist,14,5,0.6428571428571428,0.8451321891090473,0.8386202593990328,0.0065119297100144635,0.24396144993239882,0.8578125,0.834375,0.0234375,5,5,17
vit_b16,beans,random,30,5,17,0.7058823529411764,0,0.0,0,0.0,stl10,stl10,1,stl10,stl10,pneumoniamnist,pneumoniamnist,organamnist|organsmnist|pathmnist|pneumoniamnist|tissuemnist,organmnist_views|pathmnist|pneumoniamnist|tissuemnist,14,4,0.7142857142857143,0.8451321891090473,0.8386202593990328,0.0065119297100144635,0.24396144993239882,0.8578125,0.834375,0.0234375,5,5,17
vit_b16,beans,random,31,5,17,0.7058823529411764,0,0.0,0,0.0,stl10,stl10,1,stl10,stl10,cifar100,cifar100_shared_images,breastmnist|cifar100|cifar100_coarse|dermamnist|pathmnist,breastmnist|cifar100_shared_images|dermamnist|pathmnist,14,4,0.7142857142857143,0.8451321891090473,0.8363636532650695,0.008768535843977854,0.32850242762775406,0.8578125,0.8203125,0.03749999999999998,5,5,17
vit_b16,beans,random,32,5,17,0.7058823529411764,0,0.3333333333333333,0,0.3333333333333333,stl10,stl10,1,stl10,stl10,retinamnist,retinamnist,breastmnist|cifar100|dermamnist|retinamnist|tiny_imagenet,breastmnist|cifar100_shared_images|dermamnist|retinamnist|tiny_imagenet,14,5,0.6428571428571428,0.8451321891090473,0.8398452742879117,0.005286914821135635,0.198067771439516,0.8578125,0.83125,0.026562499999999933,5,5,17
vit_b16,beans,random,33,5,17,0.7058823529411764,1,0.6666666666666666,1,0.6666666666666666,stl10,stl10,1,stl10,stl10,stl10,stl10,cifar10|dermamnist|pneumoniamnist|retinamnist|stl10,cifar10|dermamnist|pneumoniamnist|retinamnist|stl10,14,5,0.6428571428571428,0.8451321891090473,0.8451321891090473,0.0,0.0,0.8578125,0.8578125,0.0,5,5,17
vit_b16,beans,random,34,5,17,0.7058823529411764,0,0.0,0,0.0,stl10,stl10,1,stl10,stl10,cifar100,cifar100_shared_images,breastmnist|cifar10|cifar100|organcmnist|tissuemnist,breastmnist|cifar10|cifar100_shared_images|organmnist_views|tissuemnist,14,5,0.6428571428571428,0.8451321891090473,0.8363636532650695,0.008768535843977854,0.32850242762775406,0.8578125,0.8203125,0.03749999999999998,5,5,17
vit_b16,beans,random,35,5,17,0.7058823529411764,0,0.3333333333333333,0,0.3333333333333333,stl10,stl10,1,stl10,stl10,retinamnist,retinamnist,cifar100|octmnist|organsmnist|retinamnist|tissuemnist,cifar100_shared_images|octmnist|organmnist_views|retinamnist|tissuemnist,14,5,0.6428571428571428,0.8451321891090473,0.8398452742879117,0.005286914821135635,0.198067771439516,0.8578125,0.83125,0.026562499999999933,5,5,17
vit_b16,beans,random,36,5,17,0.7058823529411764,0,0.3333333333333333,0,0.3333333333333333,stl10,stl10,1,stl10,stl10,retinamnist,retinamnist,cifar100_coarse|organamnist|organsmnist|pneumoniamnist|retinamnist,cifar100_shared_images|organmnist_views|pneumoniamnist|retinamnist,14,4,0.7142857142857143,0.8451321891090473,0.8398452742879117,0.005286914821135635,0.198067771439516,0.8578125,0.83125,0.026562499999999933,5,5,17
vit_b16,beans,random,37,5,17,0.7058823529411764,0,0.0,0,0.0,stl10,stl10,1,stl10,stl10,organcmnist,organmnist_views,breastmnist|cifar10|octmnist|organcmnist|tissuemnist,breastmnist|cifar10|octmnist|organmnist_views|tissuemnist,14,5,0.6428571428571428,0.8451321891090473,0.8322372783275668,0.012894910781480529,0.4830919974705815,0.8578125,0.8296875,0.028124999999999956,5,5,17
vit_b16,beans,random,38,5,17,0.7058823529411764,1,0.3333333333333333,1,0.3333333333333333,stl10,stl10,1,stl10,stl10,stl10,stl10,breastmnist|cifar10|pathmnist|stl10|tissuemnist,breastmnist|cifar10|pathmnist|stl10|tissuemnist,14,5,0.6428571428571428,0.8451321891090473,0.8451321891090473,0.0,0.0,0.8578125,0.8578125,0.0,5,5,17
vit_b16,beans,random,39,5,17,0.7058823529411764,0,0.0,0,0.0,stl10,stl10,1,stl10,stl10,organcmnist,organmnist_views,breastmnist|cifar10|cifar100_coarse|organcmnist|tissuemnist,breastmnist|cifar10|cifar100_shared_images|organmnist_views|tissuemnist,14,5,0.6428571428571428,0.8451321891090473,0.8322372783275668,0.012894910781480529,0.4830919974705815,0.8578125,0.8296875,0.028124999999999956,5,5,17
vit_b16,beans,random,40,5,17,0.7058823529411764,0,0.0,0,0.0,stl10,stl10,1,stl10,stl10,organsmnist,organmnist_views,cifar100|dermamnist|octmnist|organsmnist|pathmnist,cifar100_shared_images|dermamnist|octmnist|organmnist_views|pathmnist,14,5,0.6428571428571428,0.8451321891090473,0.8381689387702081,0.006963250338839155,0.2608696230693336,0.8578125,0.85,0.0078125,5,5,17
vit_b16,beans,random,41,5,17,0.7058823529411764,0,0.3333333333333333,0,0.3333333333333333,stl10,stl10,1,stl10,stl10,bloodmnist,bloodmnist,bloodmnist|cifar10|octmnist|pathmnist|tissuemnist,bloodmnist|cifar10|octmnist|pathmnist|tissuemnist,14,5,0.6428571428571428,0.8451321891090473,0.8406189707115648,0.004513218397482532,0.16908218502698957,0.8578125,0.8375,0.020312499999999956,5,5,17
vit_b16,beans,random,42,5,17,0.7058823529411764,0,0.0,0,0.0,stl10,stl10,1,stl10,stl10,organamnist,organmnist_views,cifar100_coarse|dermamnist|organamnist|pathmnist|tissuemnist,cifar100_shared_images|dermamnist|organmnist_views|pathmnist|tissuemnist,14,5,0.6428571428571428,0.8451321891090473,0.8375241964113936,0.007607992697653665,0.2850241037983452,0.8578125,0.84375,0.014062499999999978,5,5,17
vit_b16,beans,random,43,5,17,0.7058823529411764,0,0.3333333333333333,0,0.3333333333333333,stl10,stl10,1,stl10,stl10,bloodmnist,bloodmnist,bloodmnist|octmnist|organsmnist|pneumoniamnist|tissuemnist,bloodmnist|octmnist|organmnist_views|pneumoniamnist|tissuemnist,14,5,0.6428571428571428,0.8451321891090473,0.8406189707115648,0.004513218397482532,0.16908218502698957,0.8578125,0.8375,0.020312499999999956,5,5,17
vit_b16,beans,random,44,5,17,0.7058823529411764,0,0.3333333333333333,0,0.3333333333333333,stl10,stl10,1,stl10,stl10,retinamnist,retinamnist,breastmnist|cifar10|cifar100|organamnist|retinamnist,breastmnist|cifar10|cifar100_shared_images|organmnist_views|retinamnist,14,5,0.6428571428571428,0.8451321891090473,0.8398452742879117,0.005286914821135635,0.198067771439516,0.8578125,0.83125,0.026562499999999933,5,5,17
vit_b16,beans,random,45,5,17,0.7058823529411764,0,0.3333333333333333,0,0.3333333333333333,stl10,stl10,1,stl10,stl10,bloodmnist,bloodmnist,bloodmnist|cifar100|octmnist|organcmnist|organsmnist,bloodmnist|cifar100_shared_images|octmnist|organmnist_views,14,4,0.7142857142857143,0.8451321891090473,0.8406189707115648,0.004513218397482532,0.16908218502698957,0.8578125,0.8375,0.020312499999999956,5,5,17
vit_b16,beans,random,46,5,17,0.7058823529411764,0,0.3333333333333333,0,0.3333333333333333,stl10,stl10,1,stl10,stl10,retinamnist,retinamnist,cifar100|organamnist|organsmnist|retinamnist|tiny_imagenet,cifar100_shared_images|organmnist_views|retinamnist|tiny_imagenet,14,4,0.7142857142857143,0.8451321891090473,0.8398452742879117,0.005286914821135635,0.198067771439516,0.8578125,0.83125,0.026562499999999933,5,5,17
vit_b16,beans,random,47,5,17,0.7058823529411764,0,0.3333333333333333,0,0.3333333333333333,stl10,stl10,1,stl10,stl10,retinamnist,retinamnist,cifar10|cifar100|octmnist|pathmnist|retinamnist,cifar10|cifar100_shared_images|octmnist|pathmnist|retinamnist,14,5,0.6428571428571428,0.8451321891090473,0.8398452742879117,0.005286914821135635,0.198067771439516,0.8578125,0.83125,0.026562499999999933,5,5,17
vit_b16,beans,random,48,5,17,0.7058823529411764,1,0.6666666666666666,1,0.6666666666666666,stl10,stl10,1,stl10,stl10,stl10,stl10,bloodmnist|cifar10|cifar100|pneumoniamnist|stl10,bloodmnist|cifar10|cifar100_shared_images|pneumoniamnist|stl10,14,5,0.6428571428571428,0.8451321891090473,0.8451321891090473,0.0,0.0,0.8578125,0.8578125,0.0,5,5,17
vit_b16,beans,random,49,5,17,0.7058823529411764,0,0.0,0,0.0,stl10,stl10,1,stl10,stl10,pneumoniamnist,pneumoniamnist,breastmnist|cifar10|dermamnist|organsmnist|pneumoniamnist,breastmnist|cifar10|dermamnist|organmnist_views|pneumoniamnist,14,5,0.6428571428571428,0.8451321891090473,0.8386202593990328,0.0065119297100144635,0.24396144993239882,0.8578125,0.834375,0.0234375,5,5,17
vit_b16,beans,random,50,5,17,0.7058823529411764,0,0.6666666666666666,0,0.6666666666666666,stl10,stl10,1,stl10,stl10,bloodmnist,bloodmnist,bloodmnist|cifar100|dermamnist|octmnist|retinamnist,bloodmnist|cifar100_shared_images|dermamnist|octmnist|retinamnist,14,5,0.6428571428571428,0.8451321891090473,0.8406189707115648,0.004513218397482532,0.16908218502698957,0.8578125,0.8375,0.020312499999999956,5,5,17
vit_b16,beans,random,51,5,17,0.7058823529411764,0,0.3333333333333333,0,0.3333333333333333,stl10,stl10,1,stl10,stl10,bloodmnist,bloodmnist,bloodmnist|cifar100_coarse|dermamnist|organcmnist|pneumoniamnist,bloodmnist|cifar100_shared_images|dermamnist|organmnist_views|pneumoniamnist,14,5,0.6428571428571428,0.8451321891090473,0.8406189707115648,0.004513218397482532,0.16908218502698957,0.8578125,0.8375,0.020312499999999956,5,5,17
vit_b16,beans,random,52,5,17,0.7058823529411764,1,0.3333333333333333,1,0.3333333333333333,stl10,stl10,1,stl10,stl10,stl10,stl10,breastmnist|cifar100|cifar100_coarse|octmnist|stl10,breastmnist|cifar100_shared_images|octmnist|stl10,14,4,0.7142857142857143,0.8451321891090473,0.8451321891090473,0.0,0.0,0.8578125,0.8578125,0.0,5,5,17
vit_b16,beans,random,53,5,17,0.7058823529411764,0,0.6666666666666666,0,0.6666666666666666,stl10,stl10,1,stl10,stl10,bloodmnist,bloodmnist,bloodmnist|cifar100|organamnist|rendered_sst2|retinamnist,bloodmnist|cifar100_shared_images|organmnist_views|rendered_sst2|retinamnist,14,5,0.6428571428571428,0.8451321891090473,0.8406189707115648,0.004513218397482532,0.16908218502698957,0.8578125,0.8375,0.020312499999999956,5,5,17
vit_b16,beans,random,54,5,17,0.7058823529411764,0,0.3333333333333333,0,0.3333333333333333,stl10,stl10,1,stl10,stl10,bloodmnist,bloodmnist,bloodmnist|cifar100|dermamnist|rendered_sst2|tiny_imagenet,bloodmnist|cifar100_shared_images|dermamnist|rendered_sst2|tiny_imagenet,14,5,0.6428571428571428,0.8451321891090473,0.8406189707115648,0.004513218397482532,0.16908218502698957,0.8578125,0.8375,0.020312499999999956,5,5,17
vit_b16,beans,random,55,5,17,0.7058823529411764,0,0.0,0,0.0,stl10,stl10,1,stl10,stl10,organsmnist,organmnist_views,octmnist|organamnist|organsmnist|rendered_sst2|tiny_imagenet,octmnist|organmnist_views|rendered_sst2|tiny_imagenet,14,4,0.7142857142857143,0.8451321891090473,0.8381689387702081,0.006963250338839155,0.2608696230693336,0.8578125,0.85,0.0078125,5,5,17
vit_b16,beans,random,56,5,17,0.7058823529411764,0,0.0,0,0.0,stl10,stl10,1,stl10,stl10,tiny_imagenet,tiny_imagenet,cifar10|cifar100_coarse|rendered_sst2|tiny_imagenet|tissuemnist,cifar10|cifar100_shared_images|rendered_sst2|tiny_imagenet|tissuemnist,14,5,0.6428571428571428,0.8451321891090473,0.8381044648025668,0.007027724306480465,0.26328506109294725,0.8578125,0.8453125,0.012499999999999956,5,5,17
vit_b16,beans,random,57,5,17,0.7058823529411764,0,0.3333333333333333,0,0.3333333333333333,stl10,stl10,1,stl10,stl10,bloodmnist,bloodmnist,bloodmnist|cifar100_coarse|organcmnist|pathmnist|pneumoniamnist,bloodmnist|cifar100_shared_images|organmnist_views|pathmnist|pneumoniamnist,14,5,0.6428571428571428,0.8451321891090473,0.8406189707115648,0.004513218397482532,0.16908218502698957,0.8578125,0.8375,0.020312499999999956,5,5,17
vit_b16,beans,random,58,5,17,0.7058823529411764,0,0.0,0,0.0,stl10,stl10,1,stl10,stl10,tiny_imagenet,tiny_imagenet,breastmnist|cifar100|cifar100_coarse|dermamnist|tiny_imagenet,breastmnist|cifar100_shared_images|dermamnist|tiny_imagenet,14,4,0.7142857142857143,0.8451321891090473,0.8381044648025668,0.007027724306480465,0.26328506109294725,0.8578125,0.8453125,0.012499999999999956,5,5,17
vit_b16,beans,random,59,5,17,0.7058823529411764,0,0.0,0,0.0,stl10,stl10,1,stl10,stl10,pneumoniamnist,pneumoniamnist,breastmnist|cifar10|organsmnist|pneumoniamnist|tiny_imagenet,breastmnist|cifar10|organmnist_views|pneumoniamnist|tiny_imagenet,14,5,0.6428571428571428,0.8451321891090473,0.8386202593990328,0.0065119297100144635,0.24396144993239882,0.8578125,0.834375,0.0234375,5,5,17
vit_b16,beans,random,60,5,17,0.7058823529411764,0,0.3333333333333333,0,0.3333333333333333,stl10,stl10,1,stl10,stl10,retinamnist,retinamnist,dermamnist|organcmnist|rendered_sst2|retinamnist|tiny_imagenet,dermamnist|organmnist_views|rendered_sst2|retinamnist|tiny_imagenet,14,5,0.6428571428571428,0.8451321891090473,0.8398452742879117,0.005286914821135635,0.198067771439516,0.8578125,0.83125,0.026562499999999933,5,5,17
vit_b16,beans,random,61,5,17,0.7058823529411764,0,0.3333333333333333,0,0.3333333333333333,stl10,stl10,1,stl10,stl10,bloodmnist,bloodmnist,bloodmnist|cifar10|organamnist|organcmnist|tiny_imagenet,bloodmnist|cifar10|organmnist_views|tiny_imagenet,14,4,0.7142857142857143,0.8451321891090473,0.8406189707115648,0.004513218397482532,0.16908218502698957,0.8578125,0.8375,0.020312499999999956,5,5,17
vit_b16,beans,random,62,5,17,0.7058823529411764,0,0.0,0,0.0,stl10,stl10,1,stl10,stl10,cifar100,cifar100_shared_images,breastmnist|cifar100|cifar100_coarse|pathmnist|tissuemnist,breastmnist|cifar100_shared_images|pathmnist|tissuemnist,14,4,0.7142857142857143,0.8451321891090473,0.8363636532650695,0.008768535843977854,0.32850242762775406,0.8578125,0.8203125,0.03749999999999998,5,5,17
vit_b16,beans,random,63,5,17,0.7058823529411764,0,0.0,0,0.0,stl10,stl10,1,stl10,stl10,tiny_imagenet,tiny_imagenet,breastmnist|cifar10|cifar100|pathmnist|tiny_imagenet,breastmnist|cifar10|cifar100_shared_images|pathmnist|tiny_imagenet,14,5,0.6428571428571428,0.8451321891090473,0.8381044648025668,0.007027724306480465,0.26328506109294725,0.8578125,0.8453125,0.012499999999999956,5,5,17
vit_b16,beans,random,64,5,17,0.7058823529411764,0,0.3333333333333333,0,0.3333333333333333,stl10,stl10,1,stl10,stl10,retinamnist,retinamnist,breastmnist|dermamnist|organcmnist|rendered_sst2|retinamnist,breastmnist|dermamnist|organmnist_views|rendered_sst2|retinamnist,14,5,0.6428571428571428,0.8451321891090473,0.8398452742879117,0.005286914821135635,0.198067771439516,0.8578125,0.83125,0.026562499999999933,5,5,17
vit_b16,beans,random,65,5,17,0.7058823529411764,0,0.3333333333333333,0,0.3333333333333333,stl10,stl10,1,stl10,stl10,retinamnist,retinamnist,cifar100|organamnist|rendered_sst2|retinamnist|tiny_imagenet,cifar100_shared_images|organmnist_views|rendered_sst2|retinamnist|tiny_imagenet,14,5,0.6428571428571428,0.8451321891090473,0.8398452742879117,0.005286914821135635,0.198067771439516,0.8578125,0.83125,0.026562499999999933,5,5,17
vit_b16,beans,random,66,5,17,0.7058823529411764,0,0.0,0,0.0,stl10,stl10,1,stl10,stl10,tiny_imagenet,tiny_imagenet,breastmnist|dermamnist|organcmnist|pathmnist|tiny_imagenet,breastmnist|dermamnist|organmnist_views|pathmnist|tiny_imagenet,14,5,0.6428571428571428,0.8451321891090473,0.8381044648025668,0.007027724306480465,0.26328506109294725,0.8578125,0.8453125,0.012499999999999956,5,5,17
vit_b16,beans,random,67,5,17,0.7058823529411764,1,0.6666666666666666,1,0.6666666666666666,stl10,stl10,1,stl10,stl10,stl10,stl10,bloodmnist|breastmnist|pneumoniamnist|stl10|tiny_imagenet,bloodmnist|breastmnist|pneumoniamnist|stl10|tiny_imagenet,14,5,0.6428571428571428,0.8451321891090473,0.8451321891090473,0.0,0.0,0.8578125,0.8578125,0.0,5,5,17
vit_b16,beans,random,68,5,17,0.7058823529411764,0,0.3333333333333333,0,0.3333333333333333,stl10,stl10,1,stl10,stl10,retinamnist,retinamnist,breastmnist|cifar100|rendered_sst2|retinamnist|tiny_imagenet,breastmnist|cifar100_shared_images|rendered_sst2|retinamnist|tiny_imagenet,14,5,0.6428571428571428,0.8451321891090473,0.8398452742879117,0.005286914821135635,0.198067771439516,0.8578125,0.83125,0.026562499999999933,5,5,17
vit_b16,beans,random,69,5,17,0.7058823529411764,0,0.0,0,0.0,stl10,stl10,1,stl10,stl10,pneumoniamnist,pneumoniamnist,cifar100_coarse|organamnist|pathmnist|pneumoniamnist|tissuemnist,cifar100_shared_images|organmnist_views|pathmnist|pneumoniamnist|tissuemnist,14,5,0.6428571428571428,0.8451321891090473,0.8386202593990328,0.0065119297100144635,0.24396144993239882,0.8578125,0.834375,0.0234375,5,5,17
vit_b16,beans,random,70,5,17,0.7058823529411764,0,0.3333333333333333,0,0.3333333333333333,stl10,stl10,1,stl10,stl10,bloodmnist,bloodmnist,bloodmnist|breastmnist|cifar10|cifar100_coarse|organcmnist,bloodmnist|breastmnist|cifar10|cifar100_shared_images|organmnist_views,14,5,0.6428571428571428,0.8451321891090473,0.8406189707115648,0.004513218397482532,0.16908218502698957,0.8578125,0.8375,0.020312499999999956,5,5,17
vit_b16,beans,random,71,5,17,0.7058823529411764,0,0.0,0,0.0,stl10,stl10,1,stl10,stl10,pneumoniamnist,pneumoniamnist,breastmnist|cifar100|organamnist|organcmnist|pneumoniamnist,breastmnist|cifar100_shared_images|organmnist_views|pneumoniamnist,14,4,0.7142857142857143,0.8451321891090473,0.8386202593990328,0.0065119297100144635,0.24396144993239882,0.8578125,0.834375,0.0234375,5,5,17
vit_b16,beans,random,72,5,17,0.7058823529411764,0,0.3333333333333333,0,0.3333333333333333,stl10,stl10,1,stl10,stl10,bloodmnist,bloodmnist,bloodmnist|breastmnist|cifar100_coarse|organsmnist|pneumoniamnist,bloodmnist|breastmnist|cifar100_shared_images|organmnist_views|pneumoniamnist,14,5,0.6428571428571428,0.8451321891090473,0.8406189707115648,0.004513218397482532,0.16908218502698957,0.8578125,0.8375,0.020312499999999956,5,5,17
vit_b16,beans,random,73,5,17,0.7058823529411764,0,0.0,0,0.0,stl10,stl10,1,stl10,stl10,tiny_imagenet,tiny_imagenet,cifar10|organamnist|pathmnist|rendered_sst2|tiny_imagenet,cifar10|organmnist_views|pathmnist|rendered_sst2|tiny_imagenet,14,5,0.6428571428571428,0.8451321891090473,0.8381044648025668,0.007027724306480465,0.26328506109294725,0.8578125,0.8453125,0.012499999999999956,5,5,17
vit_b16,beans,random,74,5,17,0.7058823529411764,1,0.3333333333333333,1,0.3333333333333333,stl10,stl10,1,stl10,stl10,stl10,stl10,organamnist|organcmnist|pneumoniamnist|stl10|tiny_imagenet,organmnist_views|pneumoniamnist|stl10|tiny_imagenet,14,4,0.7142857142857143,0.8451321891090473,0.8451321891090473,0.0,0.0,0.8578125,0.8578125,0.0,5,5,17
vit_b16,beans,random,75,5,17,0.7058823529411764,1,0.3333333333333333,1,0.3333333333333333,stl10,stl10,1,stl10,stl10,stl10,stl10,dermamnist|octmnist|pathmnist|stl10|tissuemnist,dermamnist|octmnist|pathmnist|stl10|tissuemnist,14,5,0.6428571428571428,0.8451321891090473,0.8451321891090473,0.0,0.0,0.8578125,0.8578125,0.0,5,5,17
vit_b16,beans,random,76,5,17,0.7058823529411764,0,0.3333333333333333,0,0.3333333333333333,stl10,stl10,1,stl10,stl10,retinamnist,retinamnist,cifar10|cifar100|organamnist|rendered_sst2|retinamnist,cifar10|cifar100_shared_images|organmnist_views|rendered_sst2|retinamnist,14,5,0.6428571428571428,0.8451321891090473,0.8398452742879117,0.005286914821135635,0.198067771439516,0.8578125,0.83125,0.026562499999999933,5,5,17
vit_b16,beans,random,77,5,17,0.7058823529411764,0,0.0,0,0.0,stl10,stl10,1,stl10,stl10,tiny_imagenet,tiny_imagenet,cifar10|cifar100|octmnist|pathmnist|tiny_imagenet,cifar10|cifar100_shared_images|octmnist|pathmnist|tiny_imagenet,14,5,0.6428571428571428,0.8451321891090473,0.8381044648025668,0.007027724306480465,0.26328506109294725,0.8578125,0.8453125,0.012499999999999956,5,5,17
vit_b16,beans,random,78,5,17,0.7058823529411764,0,0.3333333333333333,0,0.3333333333333333,stl10,stl10,1,stl10,stl10,bloodmnist,bloodmnist,bloodmnist|cifar10|organcmnist|organsmnist|pathmnist,bloodmnist|cifar10|organmnist_views|pathmnist,14,4,0.7142857142857143,0.8451321891090473,0.8406189707115648,0.004513218397482532,0.16908218502698957,0.8578125,0.8375,0.020312499999999956,5,5,17
vit_b16,beans,random,79,5,17,0.7058823529411764,0,0.0,0,0.0,stl10,stl10,1,stl10,stl10,organsmnist,organmnist_views,organamnist|organsmnist|pathmnist|rendered_sst2|tiny_imagenet,organmnist_views|pathmnist|rendered_sst2|tiny_imagenet,14,4,0.7142857142857143,0.8451321891090473,0.8381689387702081,0.006963250338839155,0.2608696230693336,0.8578125,0.85,0.0078125,5,5,17
vit_b16,beans,random,80,5,17,0.7058823529411764,0,0.3333333333333333,0,0.3333333333333333,stl10,stl10,1,stl10,stl10,bloodmnist,bloodmnist,bloodmnist|organcmnist|organsmnist|tiny_imagenet|tissuemnist,bloodmnist|organmnist_views|tiny_imagenet|tissuemnist,14,4,0.7142857142857143,0.8451321891090473,0.8406189707115648,0.004513218397482532,0.16908218502698957,0.8578125,0.8375,0.020312499999999956,5,5,17
vit_b16,beans,random,81,5,17,0.7058823529411764,0,0.0,0,0.0,stl10,stl10,1,stl10,stl10,pneumoniamnist,pneumoniamnist,cifar100|organamnist|organsmnist|pneumoniamnist|tissuemnist,cifar100_shared_images|organmnist_views|pneumoniamnist|tissuemnist,14,4,0.7142857142857143,0.8451321891090473,0.8386202593990328,0.0065119297100144635,0.24396144993239882,0.8578125,0.834375,0.0234375,5,5,17
vit_b16,beans,random,82,5,17,0.7058823529411764,0,0.3333333333333333,0,0.3333333333333333,stl10,stl10,1,stl10,stl10,retinamnist,retinamnist,cifar100_coarse|organcmnist|organsmnist|pneumoniamnist|retinamnist,cifar100_shared_images|organmnist_views|pneumoniamnist|retinamnist,14,4,0.7142857142857143,0.8451321891090473,0.8398452742879117,0.005286914821135635,0.198067771439516,0.8578125,0.83125,0.026562499999999933,5,5,17
vit_b16,beans,random,83,5,17,0.7058823529411764,0,0.0,0,0.0,stl10,stl10,1,stl10,stl10,cifar100,cifar100_shared_images,breastmnist|cifar100|cifar100_coarse|octmnist|tissuemnist,breastmnist|cifar100_shared_images|octmnist|tissuemnist,14,4,0.7142857142857143,0.8451321891090473,0.8363636532650695,0.008768535843977854,0.32850242762775406,0.8578125,0.8203125,0.03749999999999998,5,5,17
vit_b16,beans,random,84,5,17,0.7058823529411764,0,0.0,0,0.0,stl10,stl10,1,stl10,stl10,pneumoniamnist,pneumoniamnist,breastmnist|organamnist|pathmnist|pneumoniamnist|tissuemnist,breastmnist|organmnist_views|pathmnist|pneumoniamnist|tissuemnist,14,5,0.6428571428571428,0.8451321891090473,0.8386202593990328,0.0065119297100144635,0.24396144993239882,0.8578125,0.834375,0.0234375,5,5,17
vit_b16,beans,random,85,5,17,0.7058823529411764,0,0.3333333333333333,0,0.3333333333333333,stl10,stl10,1,stl10,stl10,bloodmnist,bloodmnist,bloodmnist|cifar10|dermamnist|organsmnist|tissuemnist,bloodmnist|cifar10|dermamnist|organmnist_views|tissuemnist,14,5,0.6428571428571428,0.8451321891090473,0.8406189707115648,0.004513218397482532,0.16908218502698957,0.8578125,0.8375,0.020312499999999956,5,5,17
vit_b16,beans,random,86,5,17,0.7058823529411764,0,0.3333333333333333,0,0.3333333333333333,stl10,stl10,1,stl10,stl10,bloodmnist,bloodmnist,bloodmnist|octmnist|organsmnist|pathmnist|rendered_sst2,bloodmnist|octmnist|organmnist_views|pathmnist|rendered_sst2,14,5,0.6428571428571428,0.8451321891090473,0.8406189707115648,0.004513218397482532,0.16908218502698957,0.8578125,0.8375,0.020312499999999956,5,5,17
vit_b16,beans,random,87,5,17,0.7058823529411764,0,0.3333333333333333,0,0.3333333333333333,stl10,stl10,1,stl10,stl10,retinamnist,retinamnist,cifar100|dermamnist|pneumoniamnist|rendered_sst2|retinamnist,cifar100_shared_images|dermamnist|pneumoniamnist|rendered_sst2|retinamnist,14,5,0.6428571428571428,0.8451321891090473,0.8398452742879117,0.005286914821135635,0.198067771439516,0.8578125,0.83125,0.026562499999999933,5,5,17
vit_b16,beans,random,88,5,17,0.7058823529411764,0,0.0,0,0.0,stl10,stl10,1,stl10,stl10,organamnist,organmnist_views,breastmnist|cifar100|dermamnist|organamnist|rendered_sst2,breastmnist|cifar100_shared_images|dermamnist|organmnist_views|rendered_sst2,14,5,0.6428571428571428,0.8451321891090473,0.8375241964113936,0.007607992697653665,0.2850241037983452,0.8578125,0.84375,0.014062499999999978,5,5,17
vit_b16,beans,random,89,5,17,0.7058823529411764,0,0.3333333333333333,0,0.3333333333333333,stl10,stl10,1,stl10,stl10,bloodmnist,bloodmnist,bloodmnist|breastmnist|cifar100|organamnist|tiny_imagenet,bloodmnist|breastmnist|cifar100_shared_images|organmnist_views|tiny_imagenet,14,5,0.6428571428571428,0.8451321891090473,0.8406189707115648,0.004513218397482532,0.16908218502698957,0.8578125,0.8375,0.020312499999999956,5,5,17
vit_b16,beans,random,90,5,17,0.7058823529411764,0,0.0,0,0.0,stl10,stl10,1,stl10,stl10,pneumoniamnist,pneumoniamnist,breastmnist|cifar100|octmnist|pneumoniamnist|tissuemnist,breastmnist|cifar100_shared_images|octmnist|pneumoniamnist|tissuemnist,14,5,0.6428571428571428,0.8451321891090473,0.8386202593990328,0.0065119297100144635,0.24396144993239882,0.8578125,0.834375,0.0234375,5,5,17
vit_b16,beans,random,91,5,17,0.7058823529411764,0,0.3333333333333333,0,0.3333333333333333,stl10,stl10,1,stl10,stl10,bloodmnist,bloodmnist,bloodmnist|organamnist|rendered_sst2|tiny_imagenet|tissuemnist,bloodmnist|organmnist_views|rendered_sst2|tiny_imagenet|tissuemnist,14,5,0.6428571428571428,0.8451321891090473,0.8406189707115648,0.004513218397482532,0.16908218502698957,0.8578125,0.8375,0.020312499999999956,5,5,17
vit_b16,beans,random,92,5,17,0.7058823529411764,1,0.3333333333333333,1,0.3333333333333333,stl10,stl10,1,stl10,stl10,stl10,stl10,cifar10|octmnist|organsmnist|pathmnist|stl10,cifar10|octmnist|organmnist_views|pathmnist|stl10,14,5,0.6428571428571428,0.8451321891090473,0.8451321891090473,0.0,0.0,0.8578125,0.8578125,0.0,5,5,17
vit_b16,beans,random,93,5,17,0.7058823529411764,1,0.3333333333333333,1,0.3333333333333333,stl10,stl10,1,stl10,stl10,stl10,stl10,breastmnist|cifar100_coarse|octmnist|stl10|tissuemnist,breastmnist|cifar100_shared_images|octmnist|stl10|tissuemnist,14,5,0.6428571428571428,0.8451321891090473,0.8451321891090473,0.0,0.0,0.8578125,0.8578125,0.0,5,5,17
vit_b16,beans,random,94,5,17,0.7058823529411764,0,0.3333333333333333,0,0.3333333333333333,stl10,stl10,1,stl10,stl10,bloodmnist,bloodmnist,bloodmnist|dermamnist|octmnist|organsmnist|tissuemnist,bloodmnist|dermamnist|octmnist|organmnist_views|tissuemnist,14,5,0.6428571428571428,0.8451321891090473,0.8406189707115648,0.004513218397482532,0.16908218502698957,0.8578125,0.8375,0.020312499999999956,5,5,17
vit_b16,beans,random,95,5,17,0.7058823529411764,0,0.3333333333333333,0,0.3333333333333333,stl10,stl10,1,stl10,stl10,retinamnist,retinamnist,organcmnist|organsmnist|rendered_sst2|retinamnist|tissuemnist,organmnist_views|rendered_sst2|retinamnist|tissuemnist,14,4,0.7142857142857143,0.8451321891090473,0.8398452742879117,0.005286914821135635,0.198067771439516,0.8578125,0.83125,0.026562499999999933,5,5,17
vit_b16,beans,random,96,5,17,0.7058823529411764,0,0.0,0,0.0,stl10,stl10,1,stl10,stl10,pneumoniamnist,pneumoniamnist,cifar10|organamnist|organcmnist|pneumoniamnist|tiny_imagenet,cifar10|organmnist_views|pneumoniamnist|tiny_imagenet,14,4,0.7142857142857143,0.8451321891090473,0.8386202593990328,0.0065119297100144635,0.24396144993239882,0.8578125,0.834375,0.0234375,5,5,17
vit_b16,beans,random,97,5,17,0.7058823529411764,0,0.0,0,0.0,stl10,stl10,1,stl10,stl10,cifar100,cifar100_shared_images,breastmnist|cifar100|dermamnist|organcmnist|rendered_sst2,breastmnist|cifar100_shared_images|dermamnist|organmnist_views|rendered_sst2,14,5,0.6428571428571428,0.8451321891090473,0.8363636532650695,0.008768535843977854,0.32850242762775406,0.8578125,0.8203125,0.03749999999999998,5,5,17
vit_b16,beans,random,98,5,17,0.7058823529411764,1,1.0,1,1.0,stl10,stl10,1,stl10,stl10,stl10,stl10,bloodmnist|cifar10|pathmnist|retinamnist|stl10,bloodmnist|cifar10|pathmnist|retinamnist|stl10,14,5,0.6428571428571428,0.8451321891090473,0.8451321891090473,0.0,0.0,0.8578125,0.8578125,0.0,5,5,17
vit_b16,beans,random,99,5,17,0.7058823529411764,0,0.0,0,0.0,stl10,stl10,1,stl10,stl10,organsmnist,organmnist_views,cifar10|octmnist|organsmnist|tiny_imagenet|tissuemnist,cifar10|octmnist|organmnist_views|tiny_imagenet|tissuemnist,14,5,0.6428571428571428,0.8451321891090473,0.8381689387702081,0.006963250338839155,0.2608696230693336,0.8578125,0.85,0.0078125,5,5,17
vit_b16,beans,rank_only,-1,8,17,0.5294117647058824,1,0.3333333333333333,1,0.3333333333333333,stl10,stl10,1,stl10,stl10,stl10,stl10,tiny_imagenet|cifar100_coarse|cifar100|stl10|cifar10|organsmnist|organcmnist|organamnist,cifar10|cifar100_shared_images|organmnist_views|stl10|tiny_imagenet,14,5,0.6428571428571428,0.8451321891090473,0.8451321891090473,0.0,0.0,0.8578125,0.8578125,0.0,5,8,17
vit_b16,beans,facility_subspace,-1,8,17,0.5294117647058824,1,1.0,1,1.0,stl10,stl10,1,stl10,stl10,stl10,stl10,organsmnist|cifar100|rendered_sst2|stl10|dermamnist|retinamnist|octmnist|bloodmnist,bloodmnist|cifar100_shared_images|dermamnist|octmnist|organmnist_views|rendered_sst2|retinamnist|stl10,14,8,0.4285714285714286,0.8451321891090473,0.8451321891090473,0.0,0.0,0.8578125,0.8578125,0.0,5,8,17
vit_b16,beans,kcenter_subspace,-1,8,17,0.5294117647058824,1,1.0,1,1.0,stl10,stl10,1,stl10,stl10,stl10,stl10,tiny_imagenet|rendered_sst2|bloodmnist|stl10|octmnist|retinamnist|pneumoniamnist|pathmnist,bloodmnist|octmnist|pathmnist|pneumoniamnist|rendered_sst2|retinamnist|stl10|tiny_imagenet,14,8,0.4285714285714286,0.8451321891090473,0.8451321891090473,0.0,0.0,0.8578125,0.8578125,0.0,5,8,17
vit_b16,beans,dpp_subspace,-1,8,17,0.5294117647058824,1,0.6666666666666666,1,0.6666666666666666,stl10,stl10,1,stl10,stl10,stl10,stl10,tiny_imagenet|stl10|cifar100_coarse|cifar10|organsmnist|cifar100|pathmnist|bloodmnist,bloodmnist|cifar10|cifar100_shared_images|organmnist_views|pathmnist|stl10|tiny_imagenet,14,7,0.5,0.8451321891090473,0.8451321891090473,0.0,0.0,0.8578125,0.8578125,0.0,5,8,17
vit_b16,beans,pool_vendi_subspace,-1,8,17,0.5294117647058824,1,1.0,1,1.0,stl10,stl10,1,stl10,stl10,stl10,stl10,tiny_imagenet|rendered_sst2|bloodmnist|stl10|octmnist|retinamnist|pneumoniamnist|pathmnist,bloodmnist|octmnist|pathmnist|pneumoniamnist|rendered_sst2|retinamnist|stl10|tiny_imagenet,14,8,0.4285714285714286,0.8451321891090473,0.8451321891090473,0.0,0.0,0.8578125,0.8578125,0.0,5,8,17
vit_b16,beans,full_merged_rank,-1,8,17,0.5294117647058824,1,0.3333333333333333,1,0.3333333333333333,stl10,stl10,1,stl10,stl10,stl10,stl10,tiny_imagenet|stl10|cifar100_coarse|cifar100|cifar10|breastmnist|organsmnist|organcmnist,breastmnist|cifar10|cifar100_shared_images|organmnist_views|stl10|tiny_imagenet,14,6,0.5714285714285714,0.8451321891090473,0.8451321891090473,0.0,0.0,0.8578125,0.8578125,0.0,5,8,17
vit_b16,beans,random,0,8,17,0.5294117647058824,1,0.3333333333333333,1,0.3333333333333333,stl10,stl10,1,stl10,stl10,stl10,stl10,cifar10|cifar100_coarse|organamnist|pathmnist|pneumoniamnist|rendered_sst2|stl10|tissuemnist,cifar10|cifar100_shared_images|organmnist_views|pathmnist|pneumoniamnist|rendered_sst2|stl10|tissuemnist,14,8,0.4285714285714286,0.8451321891090473,0.8451321891090473,0.0,0.0,0.8578125,0.8578125,0.0,5,8,17
vit_b16,beans,random,1,8,17,0.5294117647058824,1,0.3333333333333333,1,0.3333333333333333,stl10,stl10,1,stl10,stl10,stl10,stl10,breastmnist|dermamnist|octmnist|pathmnist|pneumoniamnist|rendered_sst2|stl10|tiny_imagenet,breastmnist|dermamnist|octmnist|pathmnist|pneumoniamnist|rendered_sst2|stl10|tiny_imagenet,14,8,0.4285714285714286,0.8451321891090473,0.8451321891090473,0.0,0.0,0.8578125,0.8578125,0.0,5,8,17
vit_b16,beans,random,2,8,17,0.5294117647058824,0,0.3333333333333333,0,0.3333333333333333,stl10,stl10,1,stl10,stl10,bloodmnist,bloodmnist,bloodmnist|breastmnist|cifar100|cifar100_coarse|octmnist|organcmnist|pathmnist|rendered_sst2,bloodmnist|breastmnist|cifar100_shared_images|octmnist|organmnist_views|pathmnist|rendered_sst2,14,7,0.5,0.8451321891090473,0.8406189707115648,0.004513218397482532,0.16908218502698957,0.8578125,0.8375,0.020312499999999956,5,8,17
vit_b16,beans,random,3,8,17,0.5294117647058824,0,0.0,0,0.0,stl10,stl10,1,stl10,stl10,pneumoniamnist,pneumoniamnist,cifar10|cifar100|cifar100_coarse|organamnist|organcmnist|organsmnist|pneumoniamnist|rendered_sst2,cifar10|cifar100_shared_images|organmnist_views|pneumoniamnist|rendered_sst2,14,5,0.6428571428571428,0.8451321891090473,0.8386202593990328,0.0065119297100144635,0.24396144993239882,0.8578125,0.834375,0.0234375,5,8,17
vit_b16,beans,random,4,8,17,0.5294117647058824,0,0.3333333333333333,0,0.3333333333333333,stl10,stl10,1,stl10,stl10,retinamnist,retinamnist,cifar100|dermamnist|organamnist|organcmnist|pathmnist|retinamnist|tiny_imagenet|tissuemnist,cifar100_shared_images|dermamnist|organmnist_views|pathmnist|retinamnist|tiny_imagenet|tissuemnist,14,7,0.5,0.8451321891090473,0.8398452742879117,0.005286914821135635,0.198067771439516,0.8578125,0.83125,0.026562499999999933,5,8,17
vit_b16,beans,random,5,8,17,0.5294117647058824,0,0.3333333333333333,0,0.3333333333333333,stl10,stl10,1,stl10,stl10,bloodmnist,bloodmnist,bloodmnist|breastmnist|cifar100|dermamnist|octmnist|organcmnist|pathmnist|rendered_sst2,bloodmnist|breastmnist|cifar100_shared_images|dermamnist|octmnist|organmnist_views|pathmnist|rendered_sst2,14,8,0.4285714285714286,0.8451321891090473,0.8406189707115648,0.004513218397482532,0.16908218502698957,0.8578125,0.8375,0.020312499999999956,5,8,17
vit_b16,beans,random,6,8,17,0.5294117647058824,0,0.6666666666666666,0,0.6666666666666666,stl10,stl10,1,stl10,stl10,bloodmnist,bloodmnist,bloodmnist|breastmnist|octmnist|organamnist|organcmnist|pneumoniamnist|retinamnist|tiny_imagenet,bloodmnist|breastmnist|octmnist|organmnist_views|pneumoniamnist|retinamnist|tiny_imagenet,14,7,0.5,0.8451321891090473,0.8406189707115648,0.004513218397482532,0.16908218502698957,0.8578125,0.8375,0.020312499999999956,5,8,17
vit_b16,beans,random,7,8,17,0.5294117647058824,0,0.3333333333333333,0,0.3333333333333333,stl10,stl10,1,stl10,stl10,bloodmnist,bloodmnist,bloodmnist|cifar10|cifar100|dermamnist|octmnist|organamnist|pneumoniamnist|tiny_imagenet,bloodmnist|cifar10|cifar100_shared_images|dermamnist|octmnist|organmnist_views|pneumoniamnist|tiny_imagenet,14,8,0.4285714285714286,0.8451321891090473,0.8406189707115648,0.004513218397482532,0.16908218502698957,0.8578125,0.8375,0.020312499999999956,5,8,17
vit_b16,beans,random,8,8,17,0.5294117647058824,0,0.3333333333333333,0,0.3333333333333333,stl10,stl10,1,stl10,stl10,bloodmnist,bloodmnist,bloodmnist|breastmnist|cifar10|cifar100|cifar100_coarse|organamnist|organsmnist|pathmnist,bloodmnist|breastmnist|cifar10|cifar100_shared_images|organmnist_views|pathmnist,14,6,0.5714285714285714,0.8451321891090473,0.8406189707115648,0.004513218397482532,0.16908218502698957,0.8578125,0.8375,0.020312499999999956,5,8,17
vit_b16,beans,random,9,8,17,0.5294117647058824,1,0.3333333333333333,1,0.3333333333333333,stl10,stl10,1,stl10,stl10,stl10,stl10,breastmnist|dermamnist|organsmnist|pathmnist|pneumoniamnist|rendered_sst2|stl10|tiny_imagenet,breastmnist|dermamnist|organmnist_views|pathmnist|pneumoniamnist|rendered_sst2|stl10|tiny_imagenet,14,8,0.4285714285714286,0.8451321891090473,0.8451321891090473,0.0,0.0,0.8578125,0.8578125,0.0,5,8,17
vit_b16,beans,random,10,8,17,0.5294117647058824,1,0.6666666666666666,1,0.6666666666666666,stl10,stl10,1,stl10,stl10,stl10,stl10,cifar10|cifar100|dermamnist|octmnist|organamnist|retinamnist|stl10|tiny_imagenet,cifar10|cifar100_shared_images|dermamnist|octmnist|organmnist_views|retinamnist|stl10|tiny_imagenet,14,8,0.4285714285714286,0.8451321891090473,0.8451321891090473,0.0,0.0,0.8578125,0.8578125,0.0,5,8,17
vit_b16,beans,random,11,8,17,0.5294117647058824,0,0.6666666666666666,0,0.6666666666666666,stl10,stl10,1,stl10,stl10,bloodmnist,bloodmnist,bloodmnist|breastmnist|dermamnist|octmnist|organamnist|organsmnist|retinamnist|tiny_imagenet,bloodmnist|breastmnist|dermamnist|octmnist|organmnist_views|retinamnist|tiny_imagenet,14,7,0.5,0.8451321891090473,0.8406189707115648,0.004513218397482532,0.16908218502698957,0.8578125,0.8375,0.020312499999999956,5,8,17
vit_b16,beans,random,12,8,17,0.5294117647058824,1,1.0,1,1.0,stl10,stl10,1,stl10,stl10,stl10,stl10,bloodmnist|cifar10|cifar100|organcmnist|rendered_sst2|retinamnist|stl10|tiny_imagenet,bloodmnist|cifar10|cifar100_shared_images|organmnist_views|rendered_sst2|retinamnist|stl10|tiny_imagenet,14,8,0.4285714285714286,0.8451321891090473,0.8451321891090473,0.0,0.0,0.8578125,0.8578125,0.0,5,8,17
vit_b16,beans,random,13,8,17,0.5294117647058824,0,0.3333333333333333,0,0.3333333333333333,stl10,stl10,1,stl10,stl10,bloodmnist,bloodmnist,bloodmnist|cifar10|cifar100_coarse|organcmnist|organsmnist|pneumoniamnist|rendered_sst2|tissuemnist,bloodmnist|cifar10|cifar100_shared_images|organmnist_views|pneumoniamnist|rendered_sst2|tissuemnist,14,7,0.5,0.8451321891090473,0.8406189707115648,0.004513218397482532,0.16908218502698957,0.8578125,0.8375,0.020312499999999956,5,8,17
vit_b16,beans,random,14,8,17,0.5294117647058824,0,0.3333333333333333,0,0.3333333333333333,stl10,stl10,1,stl10,stl10,retinamnist,retinamnist,breastmnist|cifar10|cifar100|organcmnist|pathmnist|pneumoniamnist|rendered_sst2|retinamnist,breastmnist|cifar10|cifar100_shared_images|organmnist_views|pathmnist|pneumoniamnist|rendered_sst2|retinamnist,14,8,0.4285714285714286,0.8451321891090473,0.8398452742879117,0.005286914821135635,0.198067771439516,0.8578125,0.83125,0.026562499999999933,5,8,17
vit_b16,beans,random,15,8,17,0.5294117647058824,1,1.0,1,1.0,stl10,stl10,1,stl10,stl10,stl10,stl10,bloodmnist|dermamnist|organcmnist|organsmnist|pathmnist|retinamnist|stl10|tiny_imagenet,bloodmnist|dermamnist|organmnist_views|pathmnist|retinamnist|stl10|tiny_imagenet,14,7,0.5,0.8451321891090473,0.8451321891090473,0.0,0.0,0.8578125,0.8578125,0.0,5,8,17
vit_b16,beans,random,16,8,17,0.5294117647058824,1,0.3333333333333333,1,0.3333333333333333,stl10,stl10,1,stl10,stl10,stl10,stl10,cifar100|organamnist|organsmnist|pathmnist|pneumoniamnist|stl10|tiny_imagenet|tissuemnist,cifar100_shared_images|organmnist_views|pathmnist|pneumoniamnist|stl10|tiny_imagenet|tissuemnist,14,7,0.5,0.8451321891090473,0.8451321891090473,0.0,0.0,0.8578125,0.8578125,0.0,5,8,17
vit_b16,beans,random,17,8,17,0.5294117647058824,0,0.6666666666666666,0,0.6666666666666666,stl10,stl10,1,stl10,stl10,bloodmnist,bloodmnist,bloodmnist|breastmnist|organamnist|organcmnist|pathmnist|rendered_sst2|retinamnist|tissuemnist,bloodmnist|breastmnist|organmnist_views|pathmnist|rendered_sst2|retinamnist|tissuemnist,14,7,0.5,0.8451321891090473,0.8406189707115648,0.004513218397482532,0.16908218502698957,0.8578125,0.8375,0.020312499999999956,5,8,17
vit_b16,beans,random,18,8,17,0.5294117647058824,0,0.0,0,0.0,stl10,stl10,1,stl10,stl10,pneumoniamnist,pneumoniamnist,cifar10|cifar100|octmnist|organamnist|pathmnist|pneumoniamnist|rendered_sst2|tiny_imagenet,cifar10|cifar100_shared_images|octmnist|organmnist_views|pathmnist|pneumoniamnist|rendered_sst2|tiny_imagenet,14,8,0.4285714285714286,0.8451321891090473,0.8386202593990328,0.0065119297100144635,0.24396144993239882,0.8578125,0.834375,0.0234375,5,8,17
vit_b16,beans,random,19,8,17,0.5294117647058824,0,0.3333333333333333,0,0.3333333333333333,stl10,stl10,1,stl10,stl10,retinamnist,retinamnist,cifar100_coarse|octmnist|organamnist|organcmnist|organsmnist|pneumoniamnist|retinamnist|tissuemnist,cifar100_shared_images|octmnist|organmnist_views|pneumoniamnist|retinamnist|tissuemnist,14,6,0.5714285714285714,0.8451321891090473,0.8398452742879117,0.005286914821135635,0.198067771439516,0.8578125,0.83125,0.026562499999999933,5,8,17
vit_b16,beans,random,20,8,17,0.5294117647058824,0,0.3333333333333333,0,0.3333333333333333,stl10,stl10,1,stl10,stl10,retinamnist,retinamnist,breastmnist|cifar10|cifar100|dermamnist|organamnist|organcmnist|pathmnist|retinamnist,breastmnist|cifar10|cifar100_shared_images|dermamnist|organmnist_views|pathmnist|retinamnist,14,7,0.5,0.8451321891090473,0.8398452742879117,0.005286914821135635,0.198067771439516,0.8578125,0.83125,0.026562499999999933,5,8,17
vit_b16,beans,random,21,8,17,0.5294117647058824,0,0.6666666666666666,0,0.6666666666666666,stl10,stl10,1,stl10,stl10,bloodmnist,bloodmnist,bloodmnist|cifar10|cifar100|organamnist|organsmnist|pneumoniamnist|retinamnist|tiny_imagenet,bloodmnist|cifar10|cifar100_shared_images|organmnist_views|pneumoniamnist|retinamnist|tiny_imagenet,14,7,0.5,0.8451321891090473,0.8406189707115648,0.004513218397482532,0.16908218502698957,0.8578125,0.8375,0.020312499999999956,5,8,17
vit_b16,beans,random,22,8,17,0.5294117647058824,1,0.6666666666666666,1,0.6666666666666666,stl10,stl10,1,stl10,stl10,stl10,stl10,bloodmnist|breastmnist|cifar100|organamnist|pathmnist|pneumoniamnist|stl10|tissuemnist,bloodmnist|breastmnist|cifar100_shared_images|organmnist_views|pathmnist|pneumoniamnist|stl10|tissuemnist,14,8,0.4285714285714286,0.8451321891090473,0.8451321891090473,0.0,0.0,0.8578125,0.8578125,0.0,5,8,17
vit_b16,beans,random,23,8,17,0.5294117647058824,1,1.0,1,1.0,stl10,stl10,1,stl10,stl10,stl10,stl10,bloodmnist|breastmnist|cifar100|octmnist|organamnist|pneumoniamnist|retinamnist|stl10,bloodmnist|breastmnist|cifar100_shared_images|octmnist|organmnist_views|pneumoniamnist|retinamnist|stl10,14,8,0.4285714285714286,0.8451321891090473,0.8451321891090473,0.0,0.0,0.8578125,0.8578125,0.0,5,8,17
vit_b16,beans,random,24,8,17,0.5294117647058824,1,1.0,1,1.0,stl10,stl10,1,stl10,stl10,stl10,stl10,bloodmnist|breastmnist|cifar100|organamnist|retinamnist|stl10|tiny_imagenet|tissuemnist,bloodmnist|breastmnist|cifar100_shared_images|organmnist_views|retinamnist|stl10|tiny_imagenet|tissuemnist,14,8,0.4285714285714286,0.8451321891090473,0.8451321891090473,0.0,0.0,0.8578125,0.8578125,0.0,5,8,17
vit_b16,beans,random,25,8,17,0.5294117647058824,0,0.3333333333333333,0,0.3333333333333333,stl10,stl10,1,stl10,stl10,retinamnist,retinamnist,breastmnist|cifar10|octmnist|organamnist|organsmnist|rendered_sst2|retinamnist|tiny_imagenet,breastmnist|cifar10|octmnist|organmnist_views|rendered_sst2|retinamnist|tiny_imagenet,14,7,0.5,0.8451321891090473,0.8398452742879117,0.005286914821135635,0.198067771439516,0.8578125,0.83125,0.026562499999999933,5,8,17
vit_b16,beans,random,26,8,17,0.5294117647058824,1,0.6666666666666666,1,0.6666666666666666,stl10,stl10,1,stl10,stl10,stl10,stl10,bloodmnist|cifar100|dermamnist|organsmnist|pathmnist|rendered_sst2|stl10|tissuemnist,bloodmnist|cifar100_shared_images|dermamnist|organmnist_views|pathmnist|rendered_sst2|stl10|tissuemnist,14,8,0.4285714285714286,0.8451321891090473,0.8451321891090473,0.0,0.0,0.8578125,0.8578125,0.0,5,8,17
vit_b16,beans,random,27,8,17,0.5294117647058824,0,0.0,0,0.0,stl10,stl10,1,stl10,stl10,organsmnist,organmnist_views,cifar10|cifar100|cifar100_coarse|octmnist|organsmnist|pathmnist|rendered_sst2|tissuemnist,cifar10|cifar100_shared_images|octmnist|organmnist_views|pathmnist|rendered_sst2|tissuemnist,14,7,0.5,0.8451321891090473,0.8381689387702081,0.006963250338839155,0.2608696230693336,0.8578125,0.85,0.0078125,5,8,17
vit_b16,beans,random,28,8,17,0.5294117647058824,0,0.6666666666666666,0,0.6666666666666666,stl10,stl10,1,stl10,stl10,bloodmnist,bloodmnist,bloodmnist|cifar10|cifar100_coarse|octmnist|organcmnist|rendered_sst2|retinamnist|tiny_imagenet,bloodmnist|cifar10|cifar100_shared_images|octmnist|organmnist_views|rendered_sst2|retinamnist|tiny_imagenet,14,8,0.4285714285714286,0.8451321891090473,0.8406189707115648,0.004513218397482532,0.16908218502698957,0.8578125,0.8375,0.020312499999999956,5,8,17
vit_b16,beans,random,29,8,17,0.5294117647058824,0,0.6666666666666666,0,0.6666666666666666,stl10,stl10,1,stl10,stl10,bloodmnist,bloodmnist,bloodmnist|cifar10|cifar100|cifar100_coarse|organamnist|organcmnist|retinamnist|tiny_imagenet,bloodmnist|cifar10|cifar100_shared_images|organmnist_views|retinamnist|tiny_imagenet,14,6,0.5714285714285714,0.8451321891090473,0.8406189707115648,0.004513218397482532,0.16908218502698957,0.8578125,0.8375,0.020312499999999956,5,8,17
vit_b16,beans,random,30,8,17,0.5294117647058824,1,0.3333333333333333,1,0.3333333333333333,stl10,stl10,1,stl10,stl10,stl10,stl10,breastmnist|cifar100|cifar100_coarse|dermamnist|octmnist|organamnist|organcmnist|stl10,breastmnist|cifar100_shared_images|dermamnist|octmnist|organmnist_views|stl10,14,6,0.5714285714285714,0.8451321891090473,0.8451321891090473,0.0,0.0,0.8578125,0.8578125,0.0,5,8,17
vit_b16,beans,random,31,8,17,0.5294117647058824,1,1.0,1,1.0,stl10,stl10,1,stl10,stl10,stl10,stl10,bloodmnist|breastmnist|cifar100|cifar100_coarse|pathmnist|retinamnist|stl10|tissuemnist,bloodmnist|breastmnist|cifar100_shared_images|pathmnist|retinamnist|stl10|tissuemnist,14,7,0.5,0.8451321891090473,0.8451321891090473,0.0,0.0,0.8578125,0.8578125,0.0,5,8,17
vit_b16,beans,random,32,8,17,0.5294117647058824,1,0.6666666666666666,1,0.6666666666666666,stl10,stl10,1,stl10,stl10,stl10,stl10,breastmnist|cifar100|cifar100_coarse|organcmnist|pathmnist|rendered_sst2|retinamnist|stl10,breastmnist|cifar100_shared_images|organmnist_views|pathmnist|rendered_sst2|retinamnist|stl10,14,7,0.5,0.8451321891090473,0.8451321891090473,0.0,0.0,0.8578125,0.8578125,0.0,5,8,17
vit_b16,beans,random,33,8,17,0.5294117647058824,1,0.3333333333333333,1,0.3333333333333333,stl10,stl10,1,stl10,stl10,stl10,stl10,breastmnist|cifar100|cifar100_coarse|pneumoniamnist|rendered_sst2|stl10|tiny_imagenet|tissuemnist,breastmnist|cifar100_shared_images|pneumoniamnist|rendered_sst2|stl10|tiny_imagenet|tissuemnist,14,7,0.5,0.8451321891090473,0.8451321891090473,0.0,0.0,0.8578125,0.8578125,0.0,5,8,17
vit_b16,beans,random,34,8,17,0.5294117647058824,0,0.6666666666666666,0,0.6666666666666666,stl10,stl10,1,stl10,stl10,bloodmnist,bloodmnist,bloodmnist|cifar100_coarse|dermamnist|organsmnist|pneumoniamnist|rendered_sst2|retinamnist|tiny_imagenet,bloodmnist|cifar100_shared_images|dermamnist|organmnist_views|pneumoniamnist|rendered_sst2|retinamnist|tiny_imagenet,14,8,0.4285714285714286,0.8451321891090473,0.8406189707115648,0.004513218397482532,0.16908218502698957,0.8578125,0.8375,0.020312499999999956,5,8,17
vit_b16,beans,random,35,8,17,0.5294117647058824,1,1.0,1,1.0,stl10,stl10,1,stl10,stl10,stl10,stl10,bloodmnist|breastmnist|cifar10|cifar100_coarse|organsmnist|retinamnist|stl10|tissuemnist,bloodmnist|breastmnist|cifar10|cifar100_shared_images|organmnist_views|retinamnist|stl10|tissuemnist,14,8,0.4285714285714286,0.8451321891090473,0.8451321891090473,0.0,0.0,0.8578125,0.8578125,0.0,5,8,17
vit_b16,beans,random,36,8,17,0.5294117647058824,0,0.3333333333333333,0,0.3333333333333333,stl10,stl10,1,stl10,stl10,retinamnist,retinamnist,cifar10|cifar100|octmnist|organcmnist|pathmnist|retinamnist|tiny_imagenet|tissuemnist,cifar10|cifar100_shared_images|octmnist|organmnist_views|pathmnist|retinamnist|tiny_imagenet|tissuemnist,14,8,0.4285714285714286,0.8451321891090473,0.8398452742879117,0.005286914821135635,0.198067771439516,0.8578125,0.83125,0.026562499999999933,5,8,17
vit_b16,beans,random,37,8,17,0.5294117647058824,0,0.3333333333333333,0,0.3333333333333333,stl10,stl10,1,stl10,stl10,retinamnist,retinamnist,cifar100|dermamnist|organamnist|pneumoniamnist|rendered_sst2|retinamnist|tiny_imagenet|tissuemnist,cifar100_shared_images|dermamnist|organmnist_views|pneumoniamnist|rendered_sst2|retinamnist|tiny_imagenet|tissuemnist,14,8,0.4285714285714286,0.8451321891090473,0.8398452742879117,0.005286914821135635,0.198067771439516,0.8578125,0.83125,0.026562499999999933,5,8,17
vit_b16,beans,random,38,8,17,0.5294117647058824,1,0.6666666666666666,1,0.6666666666666666,stl10,stl10,1,stl10,stl10,stl10,stl10,breastmnist|cifar100_coarse|organcmnist|organsmnist|pathmnist|pneumoniamnist|retinamnist|stl10,breastmnist|cifar100_shared_images|organmnist_views|pathmnist|pneumoniamnist|retinamnist|stl10,14,7,0.5,0.8451321891090473,0.8451321891090473,0.0,0.0,0.8578125,0.8578125,0.0,5,8,17
vit_b16,beans,random,39,8,17,0.5294117647058824,0,0.0,0,0.0,stl10,stl10,1,stl10,stl10,pneumoniamnist,pneumoniamnist,cifar100|cifar100_coarse|dermamnist|octmnist|organamnist|organcmnist|pneumoniamnist|tiny_imagenet,cifar100_shared_images|dermamnist|octmnist|organmnist_views|pneumoniamnist|tiny_imagenet,14,6,0.5714285714285714,0.8451321891090473,0.8386202593990328,0.0065119297100144635,0.24396144993239882,0.8578125,0.834375,0.0234375,5,8,17
vit_b16,beans,random,40,8,17,0.5294117647058824,1,0.6666666666666666,1,0.6666666666666666,stl10,stl10,1,stl10,stl10,stl10,stl10,bloodmnist|breastmnist|cifar10|cifar100|dermamnist|octmnist|pathmnist|stl10,bloodmnist|breastmnist|cifar10|cifar100_shared_images|dermamnist|octmnist|pathmnist|stl10,14,8,0.4285714285714286,0.8451321891090473,0.8451321891090473,0.0,0.0,0.8578125,0.8578125,0.0,5,8,17
vit_b16,beans,random,41,8,17,0.5294117647058824,0,0.6666666666666666,0,0.6666666666666666,stl10,stl10,1,stl10,stl10,bloodmnist,bloodmnist,bloodmnist|cifar10|cifar100|dermamnist|octmnist|organamnist|organcmnist|retinamnist,bloodmnist|cifar10|cifar100_shared_images|dermamnist|octmnist|organmnist_views|retinamnist,14,7,0.5,0.8451321891090473,0.8406189707115648,0.004513218397482532,0.16908218502698957,0.8578125,0.8375,0.020312499999999956,5,8,17
vit_b16,beans,random,42,8,17,0.5294117647058824,0,0.3333333333333333,0,0.3333333333333333,stl10,stl10,1,stl10,stl10,bloodmnist,bloodmnist,bloodmnist|breastmnist|cifar10|cifar100_coarse|dermamnist|organsmnist|pathmnist|rendered_sst2,bloodmnist|breastmnist|cifar10|cifar100_shared_images|dermamnist|organmnist_views|pathmnist|rendered_sst2,14,8,0.4285714285714286,0.8451321891090473,0.8406189707115648,0.004513218397482532,0.16908218502698957,0.8578125,0.8375,0.020312499999999956,5,8,17
vit_b16,beans,random,43,8,17,0.5294117647058824,1,0.6666666666666666,1,0.6666666666666666,stl10,stl10,1,stl10,stl10,stl10,stl10,cifar100|cifar100_coarse|octmnist|organamnist|organsmnist|pathmnist|retinamnist|stl10,cifar100_shared_images|octmnist|organmnist_views|pathmnist|retinamnist|stl10,14,6,0.5714285714285714,0.8451321891090473,0.8451321891090473,0.0,0.0,0.8578125,0.8578125,0.0,5,8,17
vit_b16,beans,random,44,8,17,0.5294117647058824,1,0.6666666666666666,1,0.6666666666666666,stl10,stl10,1,stl10,stl10,stl10,stl10,bloodmnist|cifar100_coarse|dermamnist|octmnist|organamnist|organsmnist|pathmnist|stl10,bloodmnist|cifar100_shared_images|dermamnist|octmnist|organmnist_views|pathmnist|stl10,14,7,0.5,0.8451321891090473,0.8451321891090473,0.0,0.0,0.8578125,0.8578125,0.0,5,8,17
vit_b16,beans,random,45,8,17,0.5294117647058824,1,0.6666666666666666,1,0.6666666666666666,stl10,stl10,1,stl10,stl10,stl10,stl10,bloodmnist|cifar10|cifar100|cifar100_coarse|organsmnist|pneumoniamnist|rendered_sst2|stl10,bloodmnist|cifar10|cifar100_shared_images|organmnist_views|pneumoniamnist|rendered_sst2|stl10,14,7,0.5,0.8451321891090473,0.8451321891090473,0.0,0.0,0.8578125,0.8578125,0.0,5,8,17
vit_b16,beans,random,46,8,17,0.5294117647058824,0,0.0,0,0.0,stl10,stl10,1,stl10,stl10,organsmnist,organmnist_views,breastmnist|cifar10|octmnist|organamnist|organsmnist|pathmnist|tiny_imagenet|tissuemnist,breastmnist|cifar10|octmnist|organmnist_views|pathmnist|tiny_imagenet|tissuemnist,14,7,0.5,0.8451321891090473,0.8381689387702081,0.006963250338839155,0.2608696230693336,0.8578125,0.85,0.0078125,5,8,17
vit_b16,beans,random,47,8,17,0.5294117647058824,1,0.6666666666666666,1,0.6666666666666666,stl10,stl10,1,stl10,stl10,stl10,stl10,bloodmnist|cifar100|cifar100_coarse|organsmnist|pathmnist|stl10|tiny_imagenet|tissuemnist,bloodmnist|cifar100_shared_images|organmnist_views|pathmnist|stl10|tiny_imagenet|tissuemnist,14,7,0.5,0.8451321891090473,0.8451321891090473,0.0,0.0,0.8578125,0.8578125,0.0,5,8,17
vit_b16,beans,random,48,8,17,0.5294117647058824,0,0.6666666666666666,0,0.6666666666666666,stl10,stl10,1,stl10,stl10,bloodmnist,bloodmnist,bloodmnist|cifar100|organcmnist|organsmnist|pneumoniamnist|retinamnist|tiny_imagenet|tissuemnist,bloodmnist|cifar100_shared_images|organmnist_views|pneumoniamnist|retinamnist|tiny_imagenet|tissuemnist,14,7,0.5,0.8451321891090473,0.8406189707115648,0.004513218397482532,0.16908218502698957,0.8578125,0.8375,0.020312499999999956,5,8,17
vit_b16,beans,random,49,8,17,0.5294117647058824,1,0.6666666666666666,1,0.6666666666666666,stl10,stl10,1,stl10,stl10,stl10,stl10,bloodmnist|breastmnist|organcmnist|organsmnist|rendered_sst2|stl10|tiny_imagenet|tissuemnist,bloodmnist|breastmnist|organmnist_views|rendered_sst2|stl10|tiny_imagenet|tissuemnist,14,7,0.5,0.8451321891090473,0.8451321891090473,0.0,0.0,0.8578125,0.8578125,0.0,5,8,17
vit_b16,beans,random,50,8,17,0.5294117647058824,1,0.6666666666666666,1,0.6666666666666666,stl10,stl10,1,stl10,stl10,stl10,stl10,bloodmnist|cifar10|cifar100|dermamnist|organcmnist|organsmnist|stl10|tiny_imagenet,bloodmnist|cifar10|cifar100_shared_images|dermamnist|organmnist_views|stl10|tiny_imagenet,14,7,0.5,0.8451321891090473,0.8451321891090473,0.0,0.0,0.8578125,0.8578125,0.0,5,8,17
vit_b16,beans,random,51,8,17,0.5294117647058824,0,0.6666666666666666,0,0.6666666666666666,stl10,stl10,1,stl10,stl10,bloodmnist,bloodmnist,bloodmnist|breastmnist|cifar100|cifar100_coarse|octmnist|organamnist|retinamnist|tiny_imagenet,bloodmnist|breastmnist|cifar100_shared_images|octmnist|organmnist_views|retinamnist|tiny_imagenet,14,7,0.5,0.8451321891090473,0.8406189707115648,0.004513218397482532,0.16908218502698957,0.8578125,0.8375,0.020312499999999956,5,8,17
vit_b16,beans,random,52,8,17,0.5294117647058824,1,1.0,1,1.0,stl10,stl10,1,stl10,stl10,stl10,stl10,bloodmnist|cifar100|dermamnist|octmnist|rendered_sst2|retinamnist|stl10|tissuemnist,bloodmnist|cifar100_shared_images|dermamnist|octmnist|rendered_sst2|retinamnist|stl10|tissuemnist,14,8,0.4285714285714286,0.8451321891090473,0.8451321891090473,0.0,0.0,0.8578125,0.8578125,0.0,5,8,17
vit_b16,beans,random,53,8,17,0.5294117647058824,0,0.3333333333333333,0,0.3333333333333333,stl10,stl10,1,stl10,stl10,retinamnist,retinamnist,cifar10|cifar100|dermamnist|organcmnist|pathmnist|retinamnist|tiny_imagenet|tissuemnist,cifar10|cifar100_shared_images|dermamnist|organmnist_views|pathmnist|retinamnist|tiny_imagenet|tissuemnist,14,8,0.4285714285714286,0.8451321891090473,0.8398452742879117,0.005286914821135635,0.198067771439516,0.8578125,0.83125,0.026562499999999933,5,8,17
vit_b16,beans,random,54,8,17,0.5294117647058824,0,0.6666666666666666,0,0.6666666666666666,stl10,stl10,1,stl10,stl10,bloodmnist,bloodmnist,bloodmnist|breastmnist|cifar100|octmnist|organamnist|rendered_sst2|retinamnist|tiny_imagenet,bloodmnist|breastmnist|cifar100_shared_images|octmnist|organmnist_views|rendered_sst2|retinamnist|tiny_imagenet,14,8,0.4285714285714286,0.8451321891090473,0.8406189707115648,0.004513218397482532,0.16908218502698957,0.8578125,0.8375,0.020312499999999956,5,8,17
vit_b16,beans,random,55,8,17,0.5294117647058824,0,0.6666666666666666,0,0.6666666666666666,stl10,stl10,1,stl10,stl10,bloodmnist,bloodmnist,bloodmnist|cifar10|cifar100_coarse|organcmnist|pathmnist|rendered_sst2|retinamnist|tiny_imagenet,bloodmnist|cifar10|cifar100_shared_images|organmnist_views|pathmnist|rendered_sst2|retinamnist|tiny_imagenet,14,8,0.4285714285714286,0.8451321891090473,0.8406189707115648,0.004513218397482532,0.16908218502698957,0.8578125,0.8375,0.020312499999999956,5,8,17
vit_b16,beans,random,56,8,17,0.5294117647058824,1,0.3333333333333333,1,0.3333333333333333,stl10,stl10,1,stl10,stl10,stl10,stl10,cifar10|organamnist|organcmnist|organsmnist|pathmnist|pneumoniamnist|stl10|tiny_imagenet,cifar10|organmnist_views|pathmnist|pneumoniamnist|stl10|tiny_imagenet,14,6,0.5714285714285714,0.8451321891090473,0.8451321891090473,0.0,0.0,0.8578125,0.8578125,0.0,5,8,17
vit_b16,beans,random,57,8,17,0.5294117647058824,1,0.6666666666666666,1,0.6666666666666666,stl10,stl10,1,stl10,stl10,stl10,stl10,breastmnist|octmnist|organcmnist|organsmnist|pneumoniamnist|retinamnist|stl10|tissuemnist,breastmnist|octmnist|organmnist_views|pneumoniamnist|retinamnist|stl10|tissuemnist,14,7,0.5,0.8451321891090473,0.8451321891090473,0.0,0.0,0.8578125,0.8578125,0.0,5,8,17
vit_b16,beans,random,58,8,17,0.5294117647058824,1,0.3333333333333333,1,0.3333333333333333,stl10,stl10,1,stl10,stl10,stl10,stl10,cifar10|cifar100|octmnist|organamnist|organsmnist|rendered_sst2|stl10|tiny_imagenet,cifar10|cifar100_shared_images|octmnist|organmnist_views|rendered_sst2|stl10|tiny_imagenet,14,7,0.5,0.8451321891090473,0.8451321891090473,0.0,0.0,0.8578125,0.8578125,0.0,5,8,17
vit_b16,beans,random,59,8,17,0.5294117647058824,0,0.6666666666666666,0,0.6666666666666666,stl10,stl10,1,stl10,stl10,bloodmnist,bloodmnist,bloodmnist|breastmnist|cifar10|cifar100|cifar100_coarse|organcmnist|pneumoniamnist|retinamnist,bloodmnist|breastmnist|cifar10|cifar100_shared_images|organmnist_views|pneumoniamnist|retinamnist,14,7,0.5,0.8451321891090473,0.8406189707115648,0.004513218397482532,0.16908218502698957,0.8578125,0.8375,0.020312499999999956,5,8,17
vit_b16,beans,random,60,8,17,0.5294117647058824,1,0.6666666666666666,1,0.6666666666666666,stl10,stl10,1,stl10,stl10,stl10,stl10,bloodmnist|breastmnist|dermamnist|octmnist|pneumoniamnist|rendered_sst2|stl10|tiny_imagenet,bloodmnist|breastmnist|dermamnist|octmnist|pneumoniamnist|rendered_sst2|stl10|tiny_imagenet,14,8,0.4285714285714286,0.8451321891090473,0.8451321891090473,0.0,0.0,0.8578125,0.8578125,0.0,5,8,17
vit_b16,beans,random,61,8,17,0.5294117647058824,1,0.6666666666666666,1,0.6666666666666666,stl10,stl10,1,stl10,stl10,stl10,stl10,breastmnist|dermamnist|octmnist|organcmnist|organsmnist|pneumoniamnist|retinamnist|stl10,breastmnist|dermamnist|octmnist|organmnist_views|pneumoniamnist|retinamnist|stl10,14,7,0.5,0.8451321891090473,0.8451321891090473,0.0,0.0,0.8578125,0.8578125,0.0,5,8,17
vit_b16,beans,random,62,8,17,0.5294117647058824,0,0.3333333333333333,0,0.3333333333333333,stl10,stl10,1,stl10,stl10,retinamnist,retinamnist,cifar100|cifar100_coarse|dermamnist|organamnist|organcmnist|rendered_sst2|retinamnist|tiny_imagenet,cifar100_shared_images|dermamnist|organmnist_views|rendered_sst2|retinamnist|tiny_imagenet,14,6,0.5714285714285714,0.8451321891090473,0.8398452742879117,0.005286914821135635,0.198067771439516,0.8578125,0.83125,0.026562499999999933,5,8,17
vit_b16,beans,random,63,8,17,0.5294117647058824,0,0.3333333333333333,0,0.3333333333333333,stl10,stl10,1,stl10,stl10,bloodmnist,bloodmnist,bloodmnist|cifar10|cifar100|cifar100_coarse|dermamnist|octmnist|organamnist|pneumoniamnist,bloodmnist|cifar10|cifar100_shared_images|dermamnist|octmnist|organmnist_views|pneumoniamnist,14,7,0.5,0.8451321891090473,0.8406189707115648,0.004513218397482532,0.16908218502698957,0.8578125,0.8375,0.020312499999999956,5,8,17
vit_b16,beans,random,64,8,17,0.5294117647058824,0,0.0,0,0.0,stl10,stl10,1,stl10,stl10,pneumoniamnist,pneumoniamnist,cifar10|cifar100_coarse|octmnist|organamnist|organsmnist|pneumoniamnist|tiny_imagenet|tissuemnist,cifar10|cifar100_shared_images|octmnist|organmnist_views|pneumoniamnist|tiny_imagenet|tissuemnist,14,7,0.5,0.8451321891090473,0.8386202593990328,0.0065119297100144635,0.24396144993239882,0.8578125,0.834375,0.0234375,5,8,17
vit_b16,beans,random,65,8,17,0.5294117647058824,0,0.0,0,0.0,stl10,stl10,1,stl10,stl10,pneumoniamnist,pneumoniamnist,breastmnist|cifar100|dermamnist|organamnist|organcmnist|organsmnist|pneumoniamnist|tissuemnist,breastmnist|cifar100_shared_images|dermamnist|organmnist_views|pneumoniamnist|tissuemnist,14,6,0.5714285714285714,0.8451321891090473,0.8386202593990328,0.0065119297100144635,0.24396144993239882,0.8578125,0.834375,0.0234375,5,8,17
vit_b16,beans,random,66,8,17,0.5294117647058824,1,0.3333333333333333,1,0.3333333333333333,stl10,stl10,1,stl10,stl10,stl10,stl10,breastmnist|cifar100|cifar100_coarse|organsmnist|pneumoniamnist|rendered_sst2|stl10|tissuemnist,breastmnist|cifar100_shared_images|organmnist_views|pneumoniamnist|rendered_sst2|stl10|tissuemnist,14,7,0.5,0.8451321891090473,0.8451321891090473,0.0,0.0,0.8578125,0.8578125,0.0,5,8,17
vit_b16,beans,random,67,8,17,0.5294117647058824,0,0.3333333333333333,0,0.3333333333333333,stl10,stl10,1,stl10,stl10,retinamnist,retinamnist,breastmnist|cifar10|cifar100_coarse|octmnist|organamnist|organsmnist|retinamnist|tiny_imagenet,breastmnist|cifar10|cifar100_shared_images|octmnist|organmnist_views|retinamnist|tiny_imagenet,14,7,0.5,0.8451321891090473,0.8398452742879117,0.005286914821135635,0.198067771439516,0.8578125,0.83125,0.026562499999999933,5,8,17
vit_b16,beans,random,68,8,17,0.5294117647058824,0,0.0,0,0.0,stl10,stl10,1,stl10,stl10,organsmnist,organmnist_views,breastmnist|cifar100|cifar100_coarse|octmnist|organamnist|organsmnist|tiny_imagenet|tissuemnist,breastmnist|cifar100_shared_images|octmnist|organmnist_views|tiny_imagenet|tissuemnist,14,6,0.5714285714285714,0.8451321891090473,0.8381689387702081,0.006963250338839155,0.2608696230693336,0.8578125,0.85,0.0078125,5,8,17
vit_b16,beans,random,69,8,17,0.5294117647058824,0,0.3333333333333333,0,0.3333333333333333,stl10,stl10,1,stl10,stl10,retinamnist,retinamnist,breastmnist|cifar100_coarse|organcmnist|organsmnist|pathmnist|pneumoniamnist|rendered_sst2|retinamnist,breastmnist|cifar100_shared_images|organmnist_views|pathmnist|pneumoniamnist|rendered_sst2|retinamnist,14,7,0.5,0.8451321891090473,0.8398452742879117,0.005286914821135635,0.198067771439516,0.8578125,0.83125,0.026562499999999933,5,8,17
vit_b16,beans,random,70,8,17,0.5294117647058824,1,0.3333333333333333,1,0.3333333333333333,stl10,stl10,1,stl10,stl10,stl10,stl10,breastmnist|dermamnist|organcmnist|pneumoniamnist|rendered_sst2|stl10|tiny_imagenet|tissuemnist,breastmnist|dermamnist|organmnist_views|pneumoniamnist|rendered_sst2|stl10|tiny_imagenet|tissuemnist,14,8,0.4285714285714286,0.8451321891090473,0.8451321891090473,0.0,0.0,0.8578125,0.8578125,0.0,5,8,17
vit_b16,beans,random,71,8,17,0.5294117647058824,1,0.3333333333333333,1,0.3333333333333333,stl10,stl10,1,stl10,stl10,stl10,stl10,breastmnist|cifar10|cifar100|cifar100_coarse|organcmnist|organsmnist|stl10|tiny_imagenet,breastmnist|cifar10|cifar100_shared_images|organmnist_views|stl10|tiny_imagenet,14,6,0.5714285714285714,0.8451321891090473,0.8451321891090473,0.0,0.0,0.8578125,0.8578125,0.0,5,8,17
vit_b16,beans,random,72,8,17,0.5294117647058824,0,0.6666666666666666,0,0.6666666666666666,stl10,stl10,1,stl10,stl10,bloodmnist,bloodmnist,bloodmnist|cifar100|cifar100_coarse|dermamnist|octmnist|pneumoniamnist|retinamnist|tissuemnist,bloodmnist|cifar100_shared_images|dermamnist|octmnist|pneumoniamnist|retinamnist|tissuemnist,14,7,0.5,0.8451321891090473,0.8406189707115648,0.004513218397482532,0.16908218502698957,0.8578125,0.8375,0.020312499999999956,5,8,17
vit_b16,beans,random,73,8,17,0.5294117647058824,0,0.3333333333333333,0,0.3333333333333333,stl10,stl10,1,stl10,stl10,bloodmnist,bloodmnist,bloodmnist|breastmnist|cifar10|cifar100_coarse|organamnist|organsmnist|pathmnist|rendered_sst2,bloodmnist|breastmnist|cifar10|cifar100_shared_images|organmnist_views|pathmnist|rendered_sst2,14,7,0.5,0.8451321891090473,0.8406189707115648,0.004513218397482532,0.16908218502698957,0.8578125,0.8375,0.020312499999999956,5,8,17
vit_b16,beans,random,74,8,17,0.5294117647058824,1,0.6666666666666666,1,0.6666666666666666,stl10,stl10,1,stl10,stl10,stl10,stl10,bloodmnist|breastmnist|cifar100|cifar100_coarse|dermamnist|organamnist|stl10|tiny_imagenet,bloodmnist|breastmnist|cifar100_shared_images|dermamnist|organmnist_views|stl10|tiny_imagenet,14,7,0.5,0.8451321891090473,0.8451321891090473,0.0,0.0,0.8578125,0.8578125,0.0,5,8,17
vit_b16,beans,random,75,8,17,0.5294117647058824,1,0.3333333333333333,1,0.3333333333333333,stl10,stl10,1,stl10,stl10,stl10,stl10,breastmnist|cifar100|dermamnist|organamnist|organcmnist|pneumoniamnist|stl10|tiny_imagenet,breastmnist|cifar100_shared_images|dermamnist|organmnist_views|pneumoniamnist|stl10|tiny_imagenet,14,7,0.5,0.8451321891090473,0.8451321891090473,0.0,0.0,0.8578125,0.8578125,0.0,5,8,17
vit_b16,beans,random,76,8,17,0.5294117647058824,0,0.3333333333333333,0,0.3333333333333333,stl10,stl10,1,stl10,stl10,retinamnist,retinamnist,cifar10|cifar100|organsmnist|pathmnist|pneumoniamnist|rendered_sst2|retinamnist|tissuemnist,cifar10|cifar100_shared_images|organmnist_views|pathmnist|pneumoniamnist|rendered_sst2|retinamnist|tissuemnist,14,8,0.4285714285714286,0.8451321891090473,0.8398452742879117,0.005286914821135635,0.198067771439516,0.8578125,0.83125,0.026562499999999933,5,8,17
vit_b16,beans,random,77,8,17,0.5294117647058824,1,0.6666666666666666,1,0.6666666666666666,stl10,stl10,1,stl10,stl10,stl10,stl10,bloodmnist|cifar10|cifar100_coarse|dermamnist|organcmnist|rendered_sst2|stl10|tiny_imagenet,bloodmnist|cifar10|cifar100_shared_images|dermamnist|organmnist_views|rendered_sst2|stl10|tiny_imagenet,14,8,0.4285714285714286,0.8451321891090473,0.8451321891090473,0.0,0.0,0.8578125,0.8578125,0.0,5,8,17
vit_b16,beans,random,78,8,17,0.5294117647058824,1,0.3333333333333333,1,0.3333333333333333,stl10,stl10,1,stl10,stl10,stl10,stl10,breastmnist|cifar100|dermamnist|octmnist|organamnist|stl10|tiny_imagenet|tissuemnist,breastmnist|cifar100_shared_images|dermamnist|octmnist|organmnist_views|stl10|tiny_imagenet|tissuemnist,14,8,0.4285714285714286,0.8451321891090473,0.8451321891090473,0.0,0.0,0.8578125,0.8578125,0.0,5,8,17
vit_b16,beans,random,79,8,17,0.5294117647058824,0,0.3333333333333333,0,0.3333333333333333,stl10,stl10,1,stl10,stl10,retinamnist,retinamnist,breastmnist|cifar100|cifar100_coarse|dermamnist|pathmnist|rendered_sst2|retinamnist|tiny_imagenet,breastmnist|cifar100_shared_images|dermamnist|pathmnist|rendered_sst2|retinamnist|tiny_imagenet,14,7,0.5,0.8451321891090473,0.8398452742879117,0.005286914821135635,0.198067771439516,0.8578125,0.83125,0.026562499999999933,5,8,17
vit_b16,beans,random,80,8,17,0.5294117647058824,1,1.0,1,1.0,stl10,stl10,1,stl10,stl10,stl10,stl10,bloodmnist|cifar100|cifar100_coarse|dermamnist|organamnist|retinamnist|stl10|tiny_imagenet,bloodmnist|cifar100_shared_images|dermamnist|organmnist_views|retinamnist|stl10|tiny_imagenet,14,7,0.5,0.8451321891090473,0.8451321891090473,0.0,0.0,0.8578125,0.8578125,0.0,5,8,17
vit_b16,beans,random,81,8,17,0.5294117647058824,0,0.3333333333333333,0,0.3333333333333333,stl10,stl10,1,stl10,stl10,retinamnist,retinamnist,dermamnist|octmnist|organamnist|organcmnist|organsmnist|pneumoniamnist|retinamnist|tiny_imagenet,dermamnist|octmnist|organmnist_views|pneumoniamnist|retinamnist|tiny_imagenet,14,6,0.5714285714285714,0.8451321891090473,0.8398452742879117,0.005286914821135635,0.198067771439516,0.8578125,0.83125,0.026562499999999933,5,8,17
vit_b16,beans,random,82,8,17,0.5294117647058824,1,0.6666666666666666,1,0.6666666666666666,stl10,stl10,1,stl10,stl10,stl10,stl10,breastmnist|cifar10|organcmnist|pathmnist|pneumoniamnist|rendered_sst2|retinamnist|stl10,breastmnist|cifar10|organmnist_views|pathmnist|pneumoniamnist|rendered_sst2|retinamnist|stl10,14,8,0.4285714285714286,0.8451321891090473,0.8451321891090473,0.0,0.0,0.8578125,0.8578125,0.0,5,8,17
vit_b16,beans,random,83,8,17,0.5294117647058824,1,0.6666666666666666,1,0.6666666666666666,stl10,stl10,1,stl10,stl10,stl10,stl10,bloodmnist|cifar10|cifar100|organamnist|organsmnist|pneumoniamnist|stl10|tiny_imagenet,bloodmnist|cifar10|cifar100_shared_images|organmnist_views|pneumoniamnist|stl10|tiny_imagenet,14,7,0.5,0.8451321891090473,0.8451321891090473,0.0,0.0,0.8578125,0.8578125,0.0,5,8,17
vit_b16,beans,random,84,8,17,0.5294117647058824,1,0.6666666666666666,1,0.6666666666666666,stl10,stl10,1,stl10,stl10,stl10,stl10,bloodmnist|cifar10|cifar100|organsmnist|pneumoniamnist|rendered_sst2|stl10|tissuemnist,bloodmnist|cifar10|cifar100_shared_images|organmnist_views|pneumoniamnist|rendered_sst2|stl10|tissuemnist,14,8,0.4285714285714286,0.8451321891090473,0.8451321891090473,0.0,0.0,0.8578125,0.8578125,0.0,5,8,17
vit_b16,beans,random,85,8,17,0.5294117647058824,0,0.6666666666666666,0,0.6666666666666666,stl10,stl10,1,stl10,stl10,bloodmnist,bloodmnist,bloodmnist|cifar100_coarse|octmnist|pathmnist|pneumoniamnist|retinamnist|tiny_imagenet|tissuemnist,bloodmnist|cifar100_shared_images|octmnist|pathmnist|pneumoniamnist|retinamnist|tiny_imagenet|tissuemnist,14,8,0.4285714285714286,0.8451321891090473,0.8406189707115648,0.004513218397482532,0.16908218502698957,0.8578125,0.8375,0.020312499999999956,5,8,17
vit_b16,beans,random,86,8,17,0.5294117647058824,0,0.6666666666666666,0,0.6666666666666666,stl10,stl10,1,stl10,stl10,bloodmnist,bloodmnist,bloodmnist|cifar100|dermamnist|octmnist|organamnist|pathmnist|rendered_sst2|retinamnist,bloodmnist|cifar100_shared_images|dermamnist|octmnist|organmnist_views|pathmnist|rendered_sst2|retinamnist,14,8,0.4285714285714286,0.8451321891090473,0.8406189707115648,0.004513218397482532,0.16908218502698957,0.8578125,0.8375,0.020312499999999956,5,8,17
vit_b16,beans,random,87,8,17,0.5294117647058824,1,0.3333333333333333,1,0.3333333333333333,stl10,stl10,1,stl10,stl10,stl10,stl10,breastmnist|cifar10|octmnist|organcmnist|pathmnist|pneumoniamnist|stl10|tissuemnist,breastmnist|cifar10|octmnist|organmnist_views|pathmnist|pneumoniamnist|stl10|tissuemnist,14,8,0.4285714285714286,0.8451321891090473,0.8451321891090473,0.0,0.0,0.8578125,0.8578125,0.0,5,8,17
vit_b16,beans,random,88,8,17,0.5294117647058824,0,0.6666666666666666,0,0.6666666666666666,stl10,stl10,1,stl10,stl10,bloodmnist,bloodmnist,bloodmnist|cifar100_coarse|octmnist|organamnist|organcmnist|organsmnist|retinamnist|tissuemnist,bloodmnist|cifar100_shared_images|octmnist|organmnist_views|retinamnist|tissuemnist,14,6,0.5714285714285714,0.8451321891090473,0.8406189707115648,0.004513218397482532,0.16908218502698957,0.8578125,0.8375,0.020312499999999956,5,8,17
vit_b16,beans,random,89,8,17,0.5294117647058824,1,1.0,1,1.0,stl10,stl10,1,stl10,stl10,stl10,stl10,bloodmnist|breastmnist|octmnist|organcmnist|rendered_sst2|retinamnist|stl10|tissuemnist,bloodmnist|breastmnist|octmnist|organmnist_views|rendered_sst2|retinamnist|stl10|tissuemnist,14,8,0.4285714285714286,0.8451321891090473,0.8451321891090473,0.0,0.0,0.8578125,0.8578125,0.0,5,8,17
vit_b16,beans,random,90,8,17,0.5294117647058824,0,0.6666666666666666,0,0.6666666666666666,stl10,stl10,1,stl10,stl10,bloodmnist,bloodmnist,bloodmnist|cifar100_coarse|dermamnist|octmnist|organcmnist|organsmnist|pneumoniamnist|retinamnist,bloodmnist|cifar100_shared_images|dermamnist|octmnist|organmnist_views|pneumoniamnist|retinamnist,14,7,0.5,0.8451321891090473,0.8406189707115648,0.004513218397482532,0.16908218502698957,0.8578125,0.8375,0.020312499999999956,5,8,17
vit_b16,beans,random,91,8,17,0.5294117647058824,0,0.0,0,0.0,stl10,stl10,1,stl10,stl10,pneumoniamnist,pneumoniamnist,cifar10|cifar100|dermamnist|organamnist|organcmnist|pathmnist|pneumoniamnist|tissuemnist,cifar10|cifar100_shared_images|dermamnist|organmnist_views|pathmnist|pneumoniamnist|tissuemnist,14,7,0.5,0.8451321891090473,0.8386202593990328,0.0065119297100144635,0.24396144993239882,0.8578125,0.834375,0.0234375,5,8,17
vit_b16,beans,random,92,8,17,0.5294117647058824,0,0.3333333333333333,0,0.3333333333333333,stl10,stl10,1,stl10,stl10,retinamnist,retinamnist,cifar10|cifar100|organcmnist|organsmnist|pneumoniamnist|rendered_sst2|retinamnist|tiny_imagenet,cifar10|cifar100_shared_images|organmnist_views|pneumoniamnist|rendered_sst2|retinamnist|tiny_imagenet,14,7,0.5,0.8451321891090473,0.8398452742879117,0.005286914821135635,0.198067771439516,0.8578125,0.83125,0.026562499999999933,5,8,17
vit_b16,beans,random,93,8,17,0.5294117647058824,1,0.3333333333333333,1,0.3333333333333333,stl10,stl10,1,stl10,stl10,stl10,stl10,cifar100|cifar100_coarse|octmnist|organcmnist|pneumoniamnist|stl10|tiny_imagenet|tissuemnist,cifar100_shared_images|octmnist|organmnist_views|pneumoniamnist|stl10|tiny_imagenet|tissuemnist,14,7,0.5,0.8451321891090473,0.8451321891090473,0.0,0.0,0.8578125,0.8578125,0.0,5,8,17
vit_b16,beans,random,94,8,17,0.5294117647058824,1,0.3333333333333333,1,0.3333333333333333,stl10,stl10,1,stl10,stl10,stl10,stl10,cifar10|cifar100_coarse|dermamnist|organcmnist|pathmnist|pneumoniamnist|stl10|tissuemnist,cifar10|cifar100_shared_images|dermamnist|organmnist_views|pathmnist|pneumoniamnist|stl10|tissuemnist,14,8,0.4285714285714286,0.8451321891090473,0.8451321891090473,0.0,0.0,0.8578125,0.8578125,0.0,5,8,17
vit_b16,beans,random,95,8,17,0.5294117647058824,0,0.6666666666666666,0,0.6666666666666666,stl10,stl10,1,stl10,stl10,bloodmnist,bloodmnist,bloodmnist|cifar10|cifar100|dermamnist|octmnist|pathmnist|retinamnist|tiny_imagenet,bloodmnist|cifar10|cifar100_shared_images|dermamnist|octmnist|pathmnist|retinamnist|tiny_imagenet,14,8,0.4285714285714286,0.8451321891090473,0.8406189707115648,0.004513218397482532,0.16908218502698957,0.8578125,0.8375,0.020312499999999956,5,8,17
vit_b16,beans,random,96,8,17,0.5294117647058824,0,0.3333333333333333,0,0.3333333333333333,stl10,stl10,1,stl10,stl10,bloodmnist,bloodmnist,bloodmnist|cifar100|cifar100_coarse|organcmnist|pathmnist|pneumoniamnist|rendered_sst2|tissuemnist,bloodmnist|cifar100_shared_images|organmnist_views|pathmnist|pneumoniamnist|rendered_sst2|tissuemnist,14,7,0.5,0.8451321891090473,0.8406189707115648,0.004513218397482532,0.16908218502698957,0.8578125,0.8375,0.020312499999999956,5,8,17
vit_b16,beans,random,97,8,17,0.5294117647058824,0,0.3333333333333333,0,0.3333333333333333,stl10,stl10,1,stl10,stl10,bloodmnist,bloodmnist,bloodmnist|cifar10|cifar100|dermamnist|octmnist|organsmnist|pathmnist|tissuemnist,bloodmnist|cifar10|cifar100_shared_images|dermamnist|octmnist|organmnist_views|pathmnist|tissuemnist,14,8,0.4285714285714286,0.8451321891090473,0.8406189707115648,0.004513218397482532,0.16908218502698957,0.8578125,0.8375,0.020312499999999956,5,8,17
vit_b16,beans,random,98,8,17,0.5294117647058824,0,0.6666666666666666,0,0.6666666666666666,stl10,stl10,1,stl10,stl10,bloodmnist,bloodmnist,bloodmnist|cifar10|cifar100|octmnist|organamnist|pathmnist|retinamnist|tissuemnist,bloodmnist|cifar10|cifar100_shared_images|octmnist|organmnist_views|pathmnist|retinamnist|tissuemnist,14,8,0.4285714285714286,0.8451321891090473,0.8406189707115648,0.004513218397482532,0.16908218502698957,0.8578125,0.8375,0.020312499999999956,5,8,17
vit_b16,beans,random,99,8,17,0.5294117647058824,0,0.3333333333333333,0,0.3333333333333333,stl10,stl10,1,stl10,stl10,retinamnist,retinamnist,cifar100|dermamnist|octmnist|organamnist|organcmnist|organsmnist|retinamnist|tiny_imagenet,cifar100_shared_images|dermamnist|octmnist|organmnist_views|retinamnist|tiny_imagenet,14,6,0.5714285714285714,0.8451321891090473,0.8398452742879117,0.005286914821135635,0.198067771439516,0.8578125,0.83125,0.026562499999999933,5,8,17
vit_b16,dtd,rank_only,-1,3,17,0.8235294117647058,1,0.6666666666666666,1,0.6666666666666666,cifar100,cifar100,1,cifar100_shared_images,cifar100_shared_images,cifar100,cifar100_shared_images,tiny_imagenet|cifar100_coarse|cifar100,cifar100_shared_images|tiny_imagenet,14,2,0.8571428571428572,0.6060283986727397,0.6060283986727397,0.0,0.0,0.6113829493522644,0.6113829493522644,0.0,5,3,17
vit_b16,dtd,facility_subspace,-1,3,17,0.8235294117647058,1,0.3333333333333333,1,0.3333333333333333,cifar100,cifar100,1,cifar100_shared_images,cifar100_shared_images,cifar100,cifar100_shared_images,organsmnist|cifar100|rendered_sst2,cifar100_shared_images|organmnist_views|rendered_sst2,14,3,0.7857142857142857,0.6060283986727397,0.6060283986727397,0.0,0.0,0.6113829493522644,0.6113829493522644,0.0,5,3,17
vit_b16,dtd,kcenter_subspace,-1,3,17,0.8235294117647058,0,0.3333333333333333,0,0.3333333333333333,cifar100,cifar100,1,cifar100_shared_images,cifar100_shared_images,tiny_imagenet,tiny_imagenet,tiny_imagenet|rendered_sst2|bloodmnist,bloodmnist|rendered_sst2|tiny_imagenet,14,3,0.7857142857142857,0.6060283986727397,0.6059220067660014,0.00010639190673833454,0.004316907970168319,0.6113829493522644,0.6223404169082641,-0.01095746755599969,5,3,17
vit_b16,dtd,dpp_subspace,-1,3,17,0.8235294117647058,0,0.3333333333333333,1,0.6666666666666666,cifar100,cifar100,1,cifar100_shared_images,cifar100_shared_images,tiny_imagenet,tiny_imagenet,tiny_imagenet|stl10|cifar100_coarse,cifar100_shared_images|stl10|tiny_imagenet,14,3,0.7857142857142857,0.6060283986727397,0.6059220067660014,0.00010639190673833454,0.004316907970168319,0.6113829493522644,0.6223404169082641,-0.01095746755599969,5,3,17
vit_b16,dtd,pool_vendi_subspace,-1,3,17,0.8235294117647058,0,0.3333333333333333,0,0.3333333333333333,cifar100,cifar100,1,cifar100_shared_images,cifar100_shared_images,tiny_imagenet,tiny_imagenet,tiny_imagenet|rendered_sst2|bloodmnist,bloodmnist|rendered_sst2|tiny_imagenet,14,3,0.7857142857142857,0.6060283986727397,0.6059220067660014,0.00010639190673833454,0.004316907970168319,0.6113829493522644,0.6223404169082641,-0.01095746755599969,5,3,17
vit_b16,dtd,full_merged_rank,-1,3,17,0.8235294117647058,0,0.3333333333333333,1,0.6666666666666666,cifar100,cifar100,1,cifar100_shared_images,cifar100_shared_images,tiny_imagenet,tiny_imagenet,tiny_imagenet|stl10|cifar100_coarse,cifar100_shared_images|stl10|tiny_imagenet,14,3,0.7857142857142857,0.6060283986727397,0.6059220067660014,0.00010639190673833454,0.004316907970168319,0.6113829493522644,0.6223404169082641,-0.01095746755599969,5,3,17
vit_b16,dtd,random,0,3,17,0.8235294117647058,0,0.3333333333333333,0,0.3333333333333333,cifar100,cifar100,1,cifar100_shared_images,cifar100_shared_images,tiny_imagenet,tiny_imagenet,pathmnist|pneumoniamnist|tiny_imagenet,pathmnist|pneumoniamnist|tiny_imagenet,14,3,0.7857142857142857,0.6060283986727397,0.6059220067660014,0.00010639190673833454,0.004316907970168319,0.6113829493522644,0.6223404169082641,-0.01095746755599969,5,3,17
vit_b16,dtd,random,1,3,17,0.8235294117647058,0,0.0,1,0.3333333333333333,cifar100,cifar100,1,cifar100_shared_images,cifar100_shared_images,organsmnist,organmnist_views,cifar100_coarse|organsmnist|rendered_sst2,cifar100_shared_images|organmnist_views|rendered_sst2,14,3,0.7857142857142857,0.6060283986727397,0.6025886805852254,0.0034397180875143096,0.139568383370014,0.6113829493522644,0.6077659368515015,0.0036170125007629617,5,3,17
vit_b16,dtd,random,2,3,17,0.8235294117647058,0,0.0,0,0.0,cifar100,cifar100,1,cifar100_shared_images,cifar100_shared_images,breastmnist,breastmnist,bloodmnist|breastmnist|dermamnist,bloodmnist|breastmnist|dermamnist,14,3,0.7857142857142857,0.6060283986727397,0.5951418677965801,0.01088653087615965,0.4417267567387595,0.6113829493522644,0.6069148659706116,0.004468083381652832,5,3,17
vit_b16,dtd,random,3,3,17,0.8235294117647058,0,0.0,0,0.0,cifar100,cifar100,1,cifar100_shared_images,cifar100_shared_images,stl10,stl10,organcmnist|pathmnist|stl10,organmnist_views|pathmnist|stl10,14,3,0.7857142857142857,0.6060283986727397,0.6035106635093689,0.002517735163370838,0.10215843786181913,0.6113829493522644,0.6118084907531738,-0.000425541400909335,5,3,17
vit_b16,dtd,random,4,3,17,0.8235294117647058,0,0.0,0,0.0,cifar100,cifar100,1,cifar100_shared_images,cifar100_shared_images,organsmnist,organmnist_views,organcmnist|organsmnist|tissuemnist,organmnist_views|tissuemnist,14,2,0.8571428571428572,0.6060283986727397,0.6025886805852254,0.0034397180875143096,0.139568383370014,0.6113829493522644,0.6077659368515015,0.0036170125007629617,5,3,17
vit_b16,dtd,random,5,3,17,0.8235294117647058,0,0.3333333333333333,0,0.3333333333333333,cifar100,cifar100,1,cifar100_shared_images,cifar100_shared_images,tiny_imagenet,tiny_imagenet,bloodmnist|octmnist|tiny_imagenet,bloodmnist|octmnist|tiny_imagenet,14,3,0.7857142857142857,0.6060283986727397,0.6059220067660014,0.00010639190673833454,0.004316907970168319,0.6113829493522644,0.6223404169082641,-0.01095746755599969,5,3,17
vit_b16,dtd,random,6,3,17,0.8235294117647058,0,0.0,0,0.0,cifar100,cifar100,1,cifar100_shared_images,cifar100_shared_images,stl10,stl10,bloodmnist|rendered_sst2|stl10,bloodmnist|rendered_sst2|stl10,14,3,0.7857142857142857,0.6060283986727397,0.6035106635093689,0.002517735163370838,0.10215843786181913,0.6113829493522644,0.6118084907531738,-0.000425541400909335,5,3,17
vit_b16,dtd,random,7,3,17,0.8235294117647058,1,0.3333333333333333,1,0.3333333333333333,cifar100,cifar100,1,cifar100_shared_images,cifar100_shared_images,cifar100,cifar100_shared_images,cifar100|octmnist|rendered_sst2,cifar100_shared_images|octmnist|rendered_sst2,14,3,0.7857142857142857,0.6060283986727397,0.6060283986727397,0.0,0.0,0.6113829493522644,0.6113829493522644,0.0,5,3,17
vit_b16,dtd,random,8,3,17,0.8235294117647058,0,0.0,0,0.0,cifar100,cifar100,1,cifar100_shared_images,cifar100_shared_images,organsmnist,organmnist_views,bloodmnist|organamnist|organsmnist,bloodmnist|organmnist_views,14,2,0.8571428571428572,0.6060283986727397,0.6025886805852254,0.0034397180875143096,0.139568383370014,0.6113829493522644,0.6077659368515015,0.0036170125007629617,5,3,17
vit_b16,dtd,random,9,3,17,0.8235294117647058,0,0.0,1,0.3333333333333333,cifar100,cifar100,1,cifar100_shared_images,cifar100_shared_images,cifar100_coarse,cifar100_shared_images,cifar100_coarse|rendered_sst2|tissuemnist,cifar100_shared_images|rendered_sst2|tissuemnist,14,3,0.7857142857142857,0.6060283986727397,0.5990425777435303,0.0069858209292094076,0.2834533844913853,0.6113829493522644,0.6059574246406555,0.005425524711608953,5,3,17
vit_b16,dtd,random,10,3,17,0.8235294117647058,0,0.0,0,0.0,cifar100,cifar100,1,cifar100_shared_images,cifar100_shared_images,octmnist,octmnist,dermamnist|octmnist|tissuemnist,dermamnist|octmnist|tissuemnist,14,3,0.7857142857142857,0.6060283986727397,0.5952837189038596,0.010744679768880161,0.4359710729244061,0.6113829493522644,0.6049999713897705,0.006382977962493985,5,3,17
vit_b16,dtd,random,11,3,17,0.8235294117647058,0,0.3333333333333333,0,0.3333333333333333,cifar100,cifar100,1,cifar100_shared_images,cifar100_shared_images,cifar10,cifar10,bloodmnist|cifar10|pathmnist,bloodmnist|cifar10|pathmnist,14,3,0.7857142857142857,0.6060283986727397,0.6043617312113444,0.0016666674613953214,0.06762591505586067,0.6113829493522644,0.6147871971130371,-0.0034042477607726385,5,3,17
vit_b16,dtd,random,12,3,17,0.8235294117647058,0,0.3333333333333333,1,0.6666666666666666,cifar100,cifar100,1,cifar100_shared_images,cifar100_shared_images,cifar10,cifar10,cifar10|cifar100_coarse|tissuemnist,cifar10|cifar100_shared_images|tissuemnist,14,3,0.7857142857142857,0.6060283986727397,0.6043617312113444,0.0016666674613953214,0.06762591505586067,0.6113829493522644,0.6147871971130371,-0.0034042477607726385,5,3,17
vit_b16,dtd,random,13,3,17,0.8235294117647058,0,0.0,0,0.0,cifar100,cifar100,1,cifar100_shared_images,cifar100_shared_images,pneumoniamnist,pneumoniamnist,octmnist|pneumoniamnist|rendered_sst2,octmnist|pneumoniamnist|rendered_sst2,14,3,0.7857142857142857,0.6060283986727397,0.59554967323939,0.010478725433349712,0.42517983488807776,0.6113829493522644,0.6062765717506409,0.0051063776016235796,5,3,17
vit_b16,dtd,random,14,3,17,0.8235294117647058,1,0.3333333333333333,1,0.3333333333333333,cifar100,cifar100,1,cifar100_shared_images,cifar100_shared_images,cifar100,cifar100_shared_images,cifar100|dermamnist|octmnist,cifar100_shared_images|dermamnist|octmnist,14,3,0.7857142857142857,0.6060283986727397,0.6060283986727397,0.0,0.0,0.6113829493522644,0.6113829493522644,0.0,5,3,17
vit_b16,dtd,random,15,3,17,0.8235294117647058,0,0.0,0,0.0,cifar100,cifar100,1,cifar100_shared_images,cifar100_shared_images,organamnist,organmnist_views,organamnist|retinamnist|tissuemnist,organmnist_views|retinamnist|tissuemnist,14,3,0.7857142857142857,0.6060283986727397,0.5956560540199279,0.010372344652811782,0.42086337836938426,0.6113829493522644,0.6117021203041076,-0.0003191709518431951,5,3,17
vit_b16,dtd,random,16,3,17,0.8235294117647058,0,0.3333333333333333,0,0.3333333333333333,cifar100,cifar100,1,cifar100_shared_images,cifar100_shared_images,tiny_imagenet,tiny_imagenet,organsmnist|pneumoniamnist|tiny_imagenet,organmnist_views|pneumoniamnist|tiny_imagenet,14,3,0.7857142857142857,0.6060283986727397,0.6059220067660014,0.00010639190673833454,0.004316907970168319,0.6113829493522644,0.6223404169082641,-0.01095746755599969,5,3,17
vit_b16,dtd,random,17,3,17,0.8235294117647058,0,0.3333333333333333,0,0.3333333333333333,cifar100,cifar100,1,cifar100_shared_images,cifar100_shared_images,cifar10,cifar10,bloodmnist|breastmnist|cifar10,bloodmnist|breastmnist|cifar10,14,3,0.7857142857142857,0.6060283986727397,0.6043617312113444,0.0016666674613953214,0.06762591505586067,0.6113829493522644,0.6147871971130371,-0.0034042477607726385,5,3,17
vit_b16,dtd,random,18,3,17,0.8235294117647058,0,0.0,1,0.3333333333333333,cifar100,cifar100,1,cifar100_shared_images,cifar100_shared_images,pathmnist,pathmnist,cifar100_coarse|pathmnist|pneumoniamnist,cifar100_shared_images|pathmnist|pneumoniamnist,14,3,0.7857142857142857,0.6060283986727397,0.6015603105227153,0.0044680881500244185,0.18129504336916985,0.6113829493522644,0.6068084955215454,0.004574453830719083,5,3,17
vit_b16,dtd,random,19,3,17,0.8235294117647058,0,0.0,0,0.0,cifar100,cifar100,1,cifar100_shared_images,cifar100_shared_images,organsmnist,organmnist_views,organcmnist|organsmnist|pneumoniamnist,organmnist_views|pneumoniamnist,14,2,0.8571428571428572,0.6060283986727397,0.6025886805852254,0.0034397180875143096,0.139568383370014,0.6113829493522644,0.6077659368515015,0.0036170125007629617,5,3,17
vit_b16,dtd,random,20,3,17,0.8235294117647058,0,0.3333333333333333,0,0.3333333333333333,cifar100,cifar100,1,cifar100_shared_images,cifar100_shared_images,tiny_imagenet,tiny_imagenet,breastmnist|organamnist|tiny_imagenet,breastmnist|organmnist_views|tiny_imagenet,14,3,0.7857142857142857,0.6060283986727397,0.6059220067660014,0.00010639190673833454,0.004316907970168319,0.6113829493522644,0.6223404169082641,-0.01095746755599969,5,3,17
vit_b16,dtd,random,21,3,17,0.8235294117647058,0,0.0,0,0.0,cifar100,cifar100,1,cifar100_shared_images,cifar100_shared_images,pneumoniamnist,pneumoniamnist,octmnist|pneumoniamnist|rendered_sst2,octmnist|pneumoniamnist|rendered_sst2,14,3,0.7857142857142857,0.6060283986727397,0.59554967323939,0.010478725433349712,0.42517983488807776,0.6113829493522644,0.6062765717506409,0.0051063776016235796,5,3,17
vit_b16,dtd,random,22,3,17,0.8235294117647058,0,0.0,0,0.0,cifar100,cifar100,1,cifar100_shared_images,cifar100_shared_images,pneumoniamnist,pneumoniamnist,breastmnist|pneumoniamnist|tissuemnist,breastmnist|pneumoniamnist|tissuemnist,14,3,0.7857142857142857,0.6060283986727397,0.59554967323939,0.010478725433349712,0.42517983488807776,0.6113829493522644,0.6062765717506409,0.0051063776016235796,5,3,17
vit_b16,dtd,random,23,3,17,0.8235294117647058,1,0.3333333333333333,1,0.3333333333333333,cifar100,cifar100,1,cifar100_shared_images,cifar100_shared_images,cifar100,cifar100_shared_images,cifar100|octmnist|pneumoniamnist,cifar100_shared_images|octmnist|pneumoniamnist,14,3,0.7857142857142857,0.6060283986727397,0.6060283986727397,0.0,0.0,0.6113829493522644,0.6113829493522644,0.0,5,3,17
vit_b16,dtd,random,24,3,17,0.8235294117647058,0,0.0,0,0.0,cifar100,cifar100,1,cifar100_shared_images,cifar100_shared_images,organcmnist,organmnist_views,breastmnist|organamnist|organcmnist,breastmnist|organmnist_views,14,2,0.8571428571428572,0.6060283986727397,0.6007269748051961,0.00530142386754362,0.21510808151343658,0.6113829493522644,0.6115957260131836,-0.00021277666091912284,5,3,17
vit_b16,dtd,random,25,3,17,0.8235294117647058,0,0.3333333333333333,0,0.3333333333333333,cifar100,cifar100,1,cifar100_shared_images,cifar100_shared_images,cifar10,cifar10,breastmnist|cifar10|rendered_sst2,breastmnist|cifar10|rendered_sst2,14,3,0.7857142857142857,0.6060283986727397,0.6043617312113444,0.0016666674613953214,0.06762591505586067,0.6113829493522644,0.6147871971130371,-0.0034042477607726385,5,3,17
vit_b16,dtd,random,26,3,17,0.8235294117647058,0,0.0,0,0.0,cifar100,cifar100,1,cifar100_shared_images,cifar100_shared_images,stl10,stl10,organcmnist|retinamnist|stl10,organmnist_views|retinamnist|stl10,14,3,0.7857142857142857,0.6060283986727397,0.6035106635093689,0.002517735163370838,0.10215843786181913,0.6113829493522644,0.6118084907531738,-0.000425541400909335,5,3,17
vit_b16,dtd,random,27,3,17,0.8235294117647058,1,0.3333333333333333,1,0.3333333333333333,cifar100,cifar100,1,cifar100_shared_images,cifar100_shared_images,cifar100,cifar100_shared_images,cifar100|pathmnist|rendered_sst2,cifar100_shared_images|pathmnist|rendered_sst2,14,3,0.7857142857142857,0.6060283986727397,0.6060283986727397,0.0,0.0,0.6113829493522644,0.6113829493522644,0.0,5,3,17
vit_b16,dtd,random,28,3,17,0.8235294117647058,0,0.0,0,0.0,cifar100,cifar100,1,cifar100_shared_images,cifar100_shared_images,pathmnist,pathmnist,pathmnist|rendered_sst2|retinamnist,pathmnist|rendered_sst2|retinamnist,14,3,0.7857142857142857,0.6060283986727397,0.6015603105227153,0.0044680881500244185,0.18129504336916985,0.6113829493522644,0.6068084955215454,0.004574453830719083,5,3,17
vit_b16,dtd,random,29,3,17,0.8235294117647058,0,0.0,0,0.0,cifar100,cifar100,1,cifar100_shared_images,cifar100_shared_images,pathmnist,pathmnist,dermamnist|organcmnist|pathmnist,dermamnist|organmnist_views|pathmnist,14,3,0.7857142857142857,0.6060283986727397,0.6015603105227153,0.0044680881500244185,0.18129504336916985,0.6113829493522644,0.6068084955215454,0.004574453830719083,5,3,17
vit_b16,dtd,random,30,3,17,0.8235294117647058,1,0.3333333333333333,1,0.3333333333333333,cifar100,cifar100,1,cifar100_shared_images,cifar100_shared_images,cifar100,cifar100_shared_images,cifar100|dermamnist|organamnist,cifar100_shared_images|dermamnist|organmnist_views,14,3,0.7857142857142857,0.6060283986727397,0.6060283986727397,0.0,0.0,0.6113829493522644,0.6113829493522644,0.0,5,3,17
vit_b16,dtd,random,31,3,17,0.8235294117647058,1,0.3333333333333333,1,0.3333333333333333,cifar100,cifar100,1,cifar100_shared_images,cifar100_shared_images,cifar100,cifar100_shared_images,cifar100|stl10|tissuemnist,cifar100_shared_images|stl10|tissuemnist,14,3,0.7857142857142857,0.6060283986727397,0.6060283986727397,0.0,0.0,0.6113829493522644,0.6113829493522644,0.0,5,3,17
vit_b16,dtd,random,32,3,17,0.8235294117647058,0,0.0,0,0.0,cifar100,cifar100,1,cifar100_shared_images,cifar100_shared_images,organsmnist,organmnist_views,bloodmnist|organsmnist|rendered_sst2,bloodmnist|organmnist_views|rendered_sst2,14,3,0.7857142857142857,0.6060283986727397,0.6025886805852254,0.0034397180875143096,0.139568383370014,0.6113829493522644,0.6077659368515015,0.0036170125007629617,5,3,17
vit_b16,dtd,random,33,3,17,0.8235294117647058,0,0.3333333333333333,1,0.6666666666666666,cifar100,cifar100,1,cifar100_shared_images,cifar100_shared_images,cifar10,cifar10,cifar10|cifar100_coarse|retinamnist,cifar10|cifar100_shared_images|retinamnist,14,3,0.7857142857142857,0.6060283986727397,0.6043617312113444,0.0016666674613953214,0.06762591505586067,0.6113829493522644,0.6147871971130371,-0.0034042477607726385,5,3,17
vit_b16,dtd,random,34,3,17,0.8235294117647058,0,0.3333333333333333,1,0.6666666666666666,cifar100,cifar100,1,cifar100_shared_images,cifar100_shared_images,cifar10,cifar10,cifar10|cifar100_coarse|organcmnist,cifar10|cifar100_shared_images|organmnist_views,14,3,0.7857142857142857,0.6060283986727397,0.6043617312113444,0.0016666674613953214,0.06762591505586067,0.6113829493522644,0.6147871971130371,-0.0034042477607726385,5,3,17
vit_b16,dtd,random,35,3,17,0.8235294117647058,0,0.0,0,0.0,cifar100,cifar100,1,cifar100_shared_images,cifar100_shared_images,pathmnist,pathmnist,breastmnist|dermamnist|pathmnist,breastmnist|dermamnist|pathmnist,14,3,0.7857142857142857,0.6060283986727397,0.6015603105227153,0.0044680881500244185,0.18129504336916985,0.6113829493522644,0.6068084955215454,0.004574453830719083,5,3,17
vit_b16,dtd,random,36,3,17,0.8235294117647058,1,0.3333333333333333,1,0.3333333333333333,cifar100,cifar100,1,cifar100_shared_images,cifar100_shared_images,cifar100,cifar100_shared_images,bloodmnist|breastmnist|cifar100,bloodmnist|breastmnist|cifar100_shared_images,14,3,0.7857142857142857,0.6060283986727397,0.6060283986727397,0.0,0.0,0.6113829493522644,0.6113829493522644,0.0,5,3,17
vit_b16,dtd,random,37,3,17,0.8235294117647058,0,0.3333333333333333,0,0.3333333333333333,cifar100,cifar100,1,cifar100_shared_images,cifar100_shared_images,cifar10,cifar10,cifar10|octmnist|pathmnist,cifar10|octmnist|pathmnist,14,3,0.7857142857142857,0.6060283986727397,0.6043617312113444,0.0016666674613953214,0.06762591505586067,0.6113829493522644,0.6147871971130371,-0.0034042477607726385,5,3,17
vit_b16,dtd,random,38,3,17,0.8235294117647058,0,0.0,1,0.3333333333333333,cifar100,cifar100,1,cifar100_shared_images,cifar100_shared_images,stl10,stl10,cifar100_coarse|organsmnist|stl10,cifar100_shared_images|organmnist_views|stl10,14,3,0.7857142857142857,0.6060283986727397,0.6035106635093689,0.002517735163370838,0.10215843786181913,0.6113829493522644,0.6118084907531738,-0.000425541400909335,5,3,17
vit_b16,dtd,random,39,3,17,0.8235294117647058,0,0.0,0,0.0,cifar100,cifar100,1,cifar100_shared_images,cifar100_shared_images,organamnist,organmnist_views,breastmnist|dermamnist|organamnist,breastmnist|dermamnist|organmnist_views,14,3,0.7857142857142857,0.6060283986727397,0.5956560540199279,0.010372344652811782,0.42086337836938426,0.6113829493522644,0.6117021203041076,-0.0003191709518431951,5,3,17
vit_b16,dtd,random,40,3,17,0.8235294117647058,0,0.0,1,0.3333333333333333,cifar100,cifar100,1,cifar100_shared_images,cifar100_shared_images,cifar100_coarse,cifar100_shared_images,cifar100_coarse|rendered_sst2|tissuemnist,cifar100_shared_images|rendered_sst2|tissuemnist,14,3,0.7857142857142857,0.6060283986727397,0.5990425777435303,0.0069858209292094076,0.2834533844913853,0.6113829493522644,0.6059574246406555,0.005425524711608953,5,3,17
vit_b16,dtd,random,41,3,17,0.8235294117647058,0,0.0,1,0.3333333333333333,cifar100,cifar100,1,cifar100_shared_images,cifar100_shared_images,organsmnist,organmnist_views,cifar100_coarse|organsmnist|tissuemnist,cifar100_shared_images|organmnist_views|tissuemnist,14,3,0.7857142857142857,0.6060283986727397,0.6025886805852254,0.0034397180875143096,0.139568383370014,0.6113829493522644,0.6077659368515015,0.0036170125007629617,5,3,17
vit_b16,dtd,random,42,3,17,0.8235294117647058,0,0.0,0,0.0,cifar100,cifar100,1,cifar100_shared_images,cifar100_shared_images,stl10,stl10,organamnist|rendered_sst2|stl10,organmnist_views|rendered_sst2|stl10,14,3,0.7857142857142857,0.6060283986727397,0.6035106635093689,0.002517735163370838,0.10215843786181913,0.6113829493522644,0.6118084907531738,-0.000425541400909335,5,3,17
vit_b16,dtd,random,43,3,17,0.8235294117647058,0,0.3333333333333333,1,0.6666666666666666,cifar100,cifar100,1,cifar100_shared_images,cifar100_shared_images,cifar10,cifar10,cifar10|cifar100_coarse|retinamnist,cifar10|cifar100_shared_images|retinamnist,14,3,0.7857142857142857,0.6060283986727397,0.6043617312113444,0.0016666674613953214,0.06762591505586067,0.6113829493522644,0.6147871971130371,-0.0034042477607726385,5,3,17
vit_b16,dtd,random,44,3,17,0.8235294117647058,0,0.0,0,0.0,cifar100,cifar100,1,cifar100_shared_images,cifar100_shared_images,organsmnist,organmnist_views,octmnist|organsmnist|pneumoniamnist,octmnist|organmnist_views|pneumoniamnist,14,3,0.7857142857142857,0.6060283986727397,0.6025886805852254,0.0034397180875143096,0.139568383370014,0.6113829493522644,0.6077659368515015,0.0036170125007629617,5,3,17
vit_b16,dtd,random,45,3,17,0.8235294117647058,0,0.0,0,0.0,cifar100,cifar100,1,cifar100_shared_images,cifar100_shared_images,organcmnist,organmnist_views,organcmnist|rendered_sst2|retinamnist,organmnist_views|rendered_sst2|retinamnist,14,3,0.7857142857142857,0.6060283986727397,0.6007269748051961,0.00530142386754362,0.21510808151343658,0.6113829493522644,0.6115957260131836,-0.00021277666091912284,5,3,17
vit_b16,dtd,random,46,3,17,0.8235294117647058,0,0.3333333333333333,0,0.3333333333333333,cifar100,cifar100,1,cifar100_shared_images,cifar100_shared_images,tiny_imagenet,tiny_imagenet,retinamnist|tiny_imagenet|tissuemnist,retinamnist|tiny_imagenet|tissuemnist,14,3,0.7857142857142857,0.6060283986727397,0.6059220067660014,0.00010639190673833454,0.004316907970168319,0.6113829493522644,0.6223404169082641,-0.01095746755599969,5,3,17
vit_b16,dtd,random,47,3,17,0.8235294117647058,0,0.0,0,0.0,cifar100,cifar100,1,cifar100_shared_images,cifar100_shared_images,pathmnist,pathmnist,breastmnist|organcmnist|pathmnist,breastmnist|organmnist_views|pathmnist,14,3,0.7857142857142857,0.6060283986727397,0.6015603105227153,0.0044680881500244185,0.18129504336916985,0.6113829493522644,0.6068084955215454,0.004574453830719083,5,3,17
vit_b16,dtd,random,48,3,17,0.8235294117647058,0,0.3333333333333333,1,0.6666666666666666,cifar100,cifar100,1,cifar100_shared_images,cifar100_shared_images,cifar10,cifar10,cifar10|cifar100_coarse|tissuemnist,cifar10|cifar100_shared_images|tissuemnist,14,3,0.7857142857142857,0.6060283986727397,0.6043617312113444,0.0016666674613953214,0.06762591505586067,0.6113829493522644,0.6147871971130371,-0.0034042477607726385,5,3,17
vit_b16,dtd,random,49,3,17,0.8235294117647058,0,0.0,1,0.3333333333333333,cifar100,cifar100,1,cifar100_shared_images,cifar100_shared_images,stl10,stl10,cifar100_coarse|organsmnist|stl10,cifar100_shared_images|organmnist_views|stl10,14,3,0.7857142857142857,0.6060283986727397,0.6035106635093689,0.002517735163370838,0.10215843786181913,0.6113829493522644,0.6118084907531738,-0.000425541400909335,5,3,17
vit_b16,dtd,random,50,3,17,0.8235294117647058,0,0.0,1,0.3333333333333333,cifar100,cifar100,1,cifar100_shared_images,cifar100_shared_images,pathmnist,pathmnist,cifar100_coarse|pathmnist|tissuemnist,cifar100_shared_images|pathmnist|tissuemnist,14,3,0.7857142857142857,0.6060283986727397,0.6015603105227153,0.0044680881500244185,0.18129504336916985,0.6113829493522644,0.6068084955215454,0.004574453830719083,5,3,17
vit_b16,dtd,random,51,3,17,0.8235294117647058,0,0.0,0,0.0,cifar100,cifar100,1,cifar100_shared_images,cifar100_shared_images,octmnist,octmnist,dermamnist|octmnist|tissuemnist,dermamnist|octmnist|tissuemnist,14,3,0.7857142857142857,0.6060283986727397,0.5952837189038596,0.010744679768880161,0.4359710729244061,0.6113829493522644,0.6049999713897705,0.006382977962493985,5,3,17
vit_b16,dtd,random,52,3,17,0.8235294117647058,0,0.0,0,0.0,cifar100,cifar100,1,cifar100_shared_images,cifar100_shared_images,organamnist,organmnist_views,organamnist|rendered_sst2|retinamnist,organmnist_views|rendered_sst2|retinamnist,14,3,0.7857142857142857,0.6060283986727397,0.5956560540199279,0.010372344652811782,0.42086337836938426,0.6113829493522644,0.6117021203041076,-0.0003191709518431951,5,3,17
vit_b16,dtd,random,53,3,17,0.8235294117647058,0,0.0,0,0.0,cifar100,cifar100,1,cifar100_shared_images,cifar100_shared_images,pathmnist,pathmnist,bloodmnist|pathmnist|rendered_sst2,bloodmnist|pathmnist|rendered_sst2,14,3,0.7857142857142857,0.6060283986727397,0.6015603105227153,0.0044680881500244185,0.18129504336916985,0.6113829493522644,0.6068084955215454,0.004574453830719083,5,3,17
vit_b16,dtd,random,54,3,17,0.8235294117647058,1,0.3333333333333333,1,0.3333333333333333,cifar100,cifar100,1,cifar100_shared_images,cifar100_shared_images,cifar100,cifar100_shared_images,cifar100|rendered_sst2|stl10,cifar100_shared_images|rendered_sst2|stl10,14,3,0.7857142857142857,0.6060283986727397,0.6060283986727397,0.0,0.0,0.6113829493522644,0.6113829493522644,0.0,5,3,17
vit_b16,dtd,random,55,3,17,0.8235294117647058,0,0.3333333333333333,0,0.3333333333333333,cifar100,cifar100,1,cifar100_shared_images,cifar100_shared_images,cifar10,cifar10,cifar10|rendered_sst2|stl10,cifar10|rendered_sst2|stl10,14,3,0.7857142857142857,0.6060283986727397,0.6043617312113444,0.0016666674613953214,0.06762591505586067,0.6113829493522644,0.6147871971130371,-0.0034042477607726385,5,3,17
vit_b16,dtd,random,56,3,17,0.8235294117647058,1,0.3333333333333333,1,0.3333333333333333,cifar100,cifar100,1,cifar100_shared_images,cifar100_shared_images,cifar100,cifar100_shared_images,breastmnist|cifar100|octmnist,breastmnist|cifar100_shared_images|octmnist,14,3,0.7857142857142857,0.6060283986727397,0.6060283986727397,0.0,0.0,0.6113829493522644,0.6113829493522644,0.0,5,3,17
vit_b16,dtd,random,57,3,17,0.8235294117647058,0,0.3333333333333333,1,0.6666666666666666,cifar100,cifar100,1,cifar100_shared_images,cifar100_shared_images,cifar10,cifar10,cifar10|cifar100_coarse|organsmnist,cifar10|cifar100_shared_images|organmnist_views,14,3,0.7857142857142857,0.6060283986727397,0.6043617312113444,0.0016666674613953214,0.06762591505586067,0.6113829493522644,0.6147871971130371,-0.0034042477607726385,5,3,17
vit_b16,dtd,random,58,3,17,0.8235294117647058,0,0.0,0,0.0,cifar100,cifar100,1,cifar100_shared_images,cifar100_shared_images,organcmnist,organmnist_views,bloodmnist|dermamnist|organcmnist,bloodmnist|dermamnist|organmnist_views,14,3,0.7857142857142857,0.6060283986727397,0.6007269748051961,0.00530142386754362,0.21510808151343658,0.6113829493522644,0.6115957260131836,-0.00021277666091912284,5,3,17
vit_b16,dtd,random,59,3,17,0.8235294117647058,0,0.0,0,0.0,cifar100,cifar100,1,cifar100_shared_images,cifar100_shared_images,bloodmnist,bloodmnist,bloodmnist|rendered_sst2|retinamnist,bloodmnist|rendered_sst2|retinamnist,14,3,0.7857142857142857,0.6060283986727397,0.5939361985524495,0.01209220012029022,0.490647424944988,0.6113829493522644,0.6094680547714233,0.0019148945808411533,5,3,17
vit_b16,dtd,random,60,3,17,0.8235294117647058,0,0.3333333333333333,0,0.3333333333333333,cifar100,cifar100,1,cifar100_shared_images,cifar100_shared_images,tiny_imagenet,tiny_imagenet,breastmnist|retinamnist|tiny_imagenet,breastmnist|retinamnist|tiny_imagenet,14,3,0.7857142857142857,0.6060283986727397,0.6059220067660014,0.00010639190673833454,0.004316907970168319,0.6113829493522644,0.6223404169082641,-0.01095746755599969,5,3,17
vit_b16,dtd,random,61,3,17,0.8235294117647058,0,0.3333333333333333,0,0.3333333333333333,cifar100,cifar100,1,cifar100_shared_images,cifar100_shared_images,tiny_imagenet,tiny_imagenet,bloodmnist|dermamnist|tiny_imagenet,bloodmnist|dermamnist|tiny_imagenet,14,3,0.7857142857142857,0.6060283986727397,0.6059220067660014,0.00010639190673833454,0.004316907970168319,0.6113829493522644,0.6223404169082641,-0.01095746755599969,5,3,17
vit_b16,dtd,random,62,3,17,0.8235294117647058,1,0.6666666666666666,1,0.6666666666666666,cifar100,cifar100,1,cifar100_shared_images,cifar100_shared_images,cifar100,cifar100_shared_images,cifar10|cifar100|stl10,cifar10|cifar100_shared_images|stl10,14,3,0.7857142857142857,0.6060283986727397,0.6060283986727397,0.0,0.0,0.6113829493522644,0.6113829493522644,0.0,5,3,17
vit_b16,dtd,random,63,3,17,0.8235294117647058,0,0.3333333333333333,0,0.3333333333333333,cifar100,cifar100,1,cifar100_shared_images,cifar100_shared_images,tiny_imagenet,tiny_imagenet,octmnist|pneumoniamnist|tiny_imagenet,octmnist|pneumoniamnist|tiny_imagenet,14,3,0.7857142857142857,0.6060283986727397,0.6059220067660014,0.00010639190673833454,0.004316907970168319,0.6113829493522644,0.6223404169082641,-0.01095746755599969,5,3,17
vit_b16,dtd,random,64,3,17,0.8235294117647058,0,0.3333333333333333,0,0.3333333333333333,cifar100,cifar100,1,cifar100_shared_images,cifar100_shared_images,cifar10,cifar10,breastmnist|cifar10|pathmnist,breastmnist|cifar10|pathmnist,14,3,0.7857142857142857,0.6060283986727397,0.6043617312113444,0.0016666674613953214,0.06762591505586067,0.6113829493522644,0.6147871971130371,-0.0034042477607726385,5,3,17
vit_b16,dtd,random,65,3,17,0.8235294117647058,1,0.3333333333333333,1,0.3333333333333333,cifar100,cifar100,1,cifar100_shared_images,cifar100_shared_images,cifar100,cifar100_shared_images,bloodmnist|cifar100|stl10,bloodmnist|cifar100_shared_images|stl10,14,3,0.7857142857142857,0.6060283986727397,0.6060283986727397,0.0,0.0,0.6113829493522644,0.6113829493522644,0.0,5,3,17
vit_b16,dtd,random,66,3,17,0.8235294117647058,0,0.3333333333333333,1,0.6666666666666666,cifar100,cifar100,1,cifar100_shared_images,cifar100_shared_images,tiny_imagenet,tiny_imagenet,cifar100_coarse|organsmnist|tiny_imagenet,cifar100_shared_images|organmnist_views|tiny_imagenet,14,3,0.7857142857142857,0.6060283986727397,0.6059220067660014,0.00010639190673833454,0.004316907970168319,0.6113829493522644,0.6223404169082641,-0.01095746755599969,5,3,17
vit_b16,dtd,random,67,3,17,0.8235294117647058,0,0.0,0,0.0,cifar100,cifar100,1,cifar100_shared_images,cifar100_shared_images,stl10,stl10,octmnist|rendered_sst2|stl10,octmnist|rendered_sst2|stl10,14,3,0.7857142857142857,0.6060283986727397,0.6035106635093689,0.002517735163370838,0.10215843786181913,0.6113829493522644,0.6118084907531738,-0.000425541400909335,5,3,17
vit_b16,dtd,random,68,3,17,0.8235294117647058,0,0.3333333333333333,0,0.3333333333333333,cifar100,cifar100,1,cifar100_shared_images,cifar100_shared_images,tiny_imagenet,tiny_imagenet,bloodmnist|organsmnist|tiny_imagenet,bloodmnist|organmnist_views|tiny_imagenet,14,3,0.7857142857142857,0.6060283986727397,0.6059220067660014,0.00010639190673833454,0.004316907970168319,0.6113829493522644,0.6223404169082641,-0.01095746755599969,5,3,17
vit_b16,dtd,random,69,3,17,0.8235294117647058,0,0.0,0,0.0,cifar100,cifar100,1,cifar100_shared_images,cifar100_shared_images,pathmnist,pathmnist,breastmnist|octmnist|pathmnist,breastmnist|octmnist|pathmnist,14,3,0.7857142857142857,0.6060283986727397,0.6015603105227153,0.0044680881500244185,0.18129504336916985,0.6113829493522644,0.6068084955215454,0.004574453830719083,5,3,17
vit_b16,dtd,random,70,3,17,0.8235294117647058,0,0.0,0,0.0,cifar100,cifar100,1,cifar100_shared_images,cifar100_shared_images,breastmnist,breastmnist,bloodmnist|breastmnist|rendered_sst2,bloodmnist|breastmnist|rendered_sst2,14,3,0.7857142857142857,0.6060283986727397,0.5951418677965801,0.01088653087615965,0.4417267567387595,0.6113829493522644,0.6069148659706116,0.004468083381652832,5,3,17
vit_b16,dtd,random,71,3,17,0.8235294117647058,0,0.0,1,0.3333333333333333,cifar100,cifar100,1,cifar100_shared_images,cifar100_shared_images,organsmnist,organmnist_views,cifar100_coarse|organsmnist|pneumoniamnist,cifar100_shared_images|organmnist_views|pneumoniamnist,14,3,0.7857142857142857,0.6060283986727397,0.6025886805852254,0.0034397180875143096,0.139568383370014,0.6113829493522644,0.6077659368515015,0.0036170125007629617,5,3,17
vit_b16,dtd,random,72,3,17,0.8235294117647058,0,0.0,0,0.0,cifar100,cifar100,1,cifar100_shared_images,cifar100_shared_images,organamnist,organmnist_views,dermamnist|octmnist|organamnist,dermamnist|octmnist|organmnist_views,14,3,0.7857142857142857,0.6060283986727397,0.5956560540199279,0.010372344652811782,0.42086337836938426,0.6113829493522644,0.6117021203041076,-0.0003191709518431951,5,3,17
vit_b16,dtd,random,73,3,17,0.8235294117647058,0,0.0,0,0.0,cifar100,cifar100,1,cifar100_shared_images,cifar100_shared_images,stl10,stl10,dermamnist|pneumoniamnist|stl10,dermamnist|pneumoniamnist|stl10,14,3,0.7857142857142857,0.6060283986727397,0.6035106635093689,0.002517735163370838,0.10215843786181913,0.6113829493522644,0.6118084907531738,-0.000425541400909335,5,3,17
vit_b16,dtd,random,74,3,17,0.8235294117647058,0,0.0,1,0.3333333333333333,cifar100,cifar100,1,cifar100_shared_images,cifar100_shared_images,cifar100_coarse,cifar100_shared_images,cifar100_coarse|octmnist|tissuemnist,cifar100_shared_images|octmnist|tissuemnist,14,3,0.7857142857142857,0.6060283986727397,0.5990425777435303,0.0069858209292094076,0.2834533844913853,0.6113829493522644,0.6059574246406555,0.005425524711608953,5,3,17
vit_b16,dtd,random,75,3,17,0.8235294117647058,0,0.3333333333333333,1,0.6666666666666666,cifar100,cifar100,1,cifar100_shared_images,cifar100_shared_images,cifar10,cifar10,cifar10|cifar100_coarse|tissuemnist,cifar10|cifar100_shared_images|tissuemnist,14,3,0.7857142857142857,0.6060283986727397,0.6043617312113444,0.0016666674613953214,0.06762591505586067,0.6113829493522644,0.6147871971130371,-0.0034042477607726385,5,3,17
vit_b16,dtd,random,76,3,17,0.8235294117647058,0,0.0,0,0.0,cifar100,cifar100,1,cifar100_shared_images,cifar100_shared_images,pneumoniamnist,pneumoniamnist,breastmnist|pneumoniamnist|rendered_sst2,breastmnist|pneumoniamnist|rendered_sst2,14,3,0.7857142857142857,0.6060283986727397,0.59554967323939,0.010478725433349712,0.42517983488807776,0.6113829493522644,0.6062765717506409,0.0051063776016235796,5,3,17
vit_b16,dtd,random,77,3,17,0.8235294117647058,0,0.0,0,0.0,cifar100,cifar100,1,cifar100_shared_images,cifar100_shared_images,pathmnist,pathmnist,breastmnist|organcmnist|pathmnist,breastmnist|organmnist_views|pathmnist,14,3,0.7857142857142857,0.6060283986727397,0.6015603105227153,0.0044680881500244185,0.18129504336916985,0.6113829493522644,0.6068084955215454,0.004574453830719083,5,3,17
vit_b16,dtd,random,78,3,17,0.8235294117647058,1,0.3333333333333333,1,0.3333333333333333,cifar100,cifar100,1,cifar100_shared_images,cifar100_shared_images,cifar100,cifar100_shared_images,bloodmnist|breastmnist|cifar100,bloodmnist|breastmnist|cifar100_shared_images,14,3,0.7857142857142857,0.6060283986727397,0.6060283986727397,0.0,0.0,0.6113829493522644,0.6113829493522644,0.0,5,3,17
vit_b16,dtd,random,79,3,17,0.8235294117647058,0,0.0,0,0.0,cifar100,cifar100,1,cifar100_shared_images,cifar100_shared_images,dermamnist,dermamnist,dermamnist|rendered_sst2|retinamnist,dermamnist|rendered_sst2|retinamnist,14,3,0.7857142857142857,0.6060283986727397,0.5901418717702229,0.015886526902516795,0.6446042439340696,0.6113829493522644,0.6017021059989929,0.009680843353271573,5,3,17
vit_b16,dtd,random,80,3,17,0.8235294117647058,1,0.6666666666666666,1,0.6666666666666666,cifar100,cifar100,1,cifar100_shared_images,cifar100_shared_images,cifar100,cifar100_shared_images,cifar10|cifar100|octmnist,cifar10|cifar100_shared_images|octmnist,14,3,0.7857142857142857,0.6060283986727397,0.6060283986727397,0.0,0.0,0.6113829493522644,0.6113829493522644,0.0,5,3,17
vit_b16,dtd,random,81,3,17,0.8235294117647058,0,0.0,1,0.3333333333333333,cifar100,cifar100,1,cifar100_shared_images,cifar100_shared_images,organcmnist,organmnist_views,cifar100_coarse|organamnist|organcmnist,cifar100_shared_images|organmnist_views,14,2,0.8571428571428572,0.6060283986727397,0.6007269748051961,0.00530142386754362,0.21510808151343658,0.6113829493522644,0.6115957260131836,-0.00021277666091912284,5,3,17
vit_b16,dtd,random,82,3,17,0.8235294117647058,1,0.3333333333333333,1,0.3333333333333333,cifar100,cifar100,1,cifar100_shared_images,cifar100_shared_images,cifar100,cifar100_shared_images,cifar100|rendered_sst2|stl10,cifar100_shared_images|rendered_sst2|stl10,14,3,0.7857142857142857,0.6060283986727397,0.6060283986727397,0.0,0.0,0.6113829493522644,0.6113829493522644,0.0,5,3,17
vit_b16,dtd,random,83,3,17,0.8235294117647058,0,0.3333333333333333,0,0.3333333333333333,cifar100,cifar100,1,cifar100_shared_images,cifar100_shared_images,tiny_imagenet,tiny_imagenet,bloodmnist|octmnist|tiny_imagenet,bloodmnist|octmnist|tiny_imagenet,14,3,0.7857142857142857,0.6060283986727397,0.6059220067660014,0.00010639190673833454,0.004316907970168319,0.6113829493522644,0.6223404169082641,-0.01095746755599969,5,3,17
vit_b16,dtd,random,84,3,17,0.8235294117647058,0,0.0,0,0.0,cifar100,cifar100,1,cifar100_shared_images,cifar100_shared_images,organamnist,organmnist_views,organamnist|pneumoniamnist|tissuemnist,organmnist_views|pneumoniamnist|tissuemnist,14,3,0.7857142857142857,0.6060283986727397,0.5956560540199279,0.010372344652811782,0.42086337836938426,0.6113829493522644,0.6117021203041076,-0.0003191709518431951,5,3,17
vit_b16,dtd,random,85,3,17,0.8235294117647058,0,0.0,0,0.0,cifar100,cifar100,1,cifar100_shared_images,cifar100_shared_images,pneumoniamnist,pneumoniamnist,pneumoniamnist|rendered_sst2|tissuemnist,pneumoniamnist|rendered_sst2|tissuemnist,14,3,0.7857142857142857,0.6060283986727397,0.59554967323939,0.010478725433349712,0.42517983488807776,0.6113829493522644,0.6062765717506409,0.0051063776016235796,5,3,17
vit_b16,dtd,random,86,3,17,0.8235294117647058,0,0.0,0,0.0,cifar100,cifar100,1,cifar100_shared_images,cifar100_shared_images,stl10,stl10,dermamnist|organsmnist|stl10,dermamnist|organmnist_views|stl10,14,3,0.7857142857142857,0.6060283986727397,0.6035106635093689,0.002517735163370838,0.10215843786181913,0.6113829493522644,0.6118084907531738,-0.000425541400909335,5,3,17
vit_b16,dtd,random,87,3,17,0.8235294117647058,0,0.0,0,0.0,cifar100,cifar100,1,cifar100_shared_images,cifar100_shared_images,organamnist,organmnist_views,bloodmnist|organamnist|rendered_sst2,bloodmnist|organmnist_views|rendered_sst2,14,3,0.7857142857142857,0.6060283986727397,0.5956560540199279,0.010372344652811782,0.42086337836938426,0.6113829493522644,0.6117021203041076,-0.0003191709518431951,5,3,17
vit_b16,dtd,random,88,3,17,0.8235294117647058,0,0.0,0,0.0,cifar100,cifar100,1,cifar100_shared_images,cifar100_shared_images,organsmnist,organmnist_views,organamnist|organsmnist|pneumoniamnist,organmnist_views|pneumoniamnist,14,2,0.8571428571428572,0.6060283986727397,0.6025886805852254,0.0034397180875143096,0.139568383370014,0.6113829493522644,0.6077659368515015,0.0036170125007629617,5,3,17
vit_b16,dtd,random,89,3,17,0.8235294117647058,0,0.3333333333333333,1,0.6666666666666666,cifar100,cifar100,1,cifar100_shared_images,cifar100_shared_images,cifar10,cifar10,cifar10|cifar100_coarse|retinamnist,cifar10|cifar100_shared_images|retinamnist,14,3,0.7857142857142857,0.6060283986727397,0.6043617312113444,0.0016666674613953214,0.06762591505586067,0.6113829493522644,0.6147871971130371,-0.0034042477607726385,5,3,17
vit_b16,dtd,random,90,3,17,0.8235294117647058,0,0.3333333333333333,0,0.3333333333333333,cifar100,cifar100,1,cifar100_shared_images,cifar100_shared_images,cifar10,cifar10,cifar10|organamnist|organcmnist,cifar10|organmnist_views,14,2,0.8571428571428572,0.6060283986727397,0.6043617312113444,0.0016666674613953214,0.06762591505586067,0.6113829493522644,0.6147871971130371,-0.0034042477607726385,5,3,17
vit_b16,dtd,random,91,3,17,0.8235294117647058,0,0.3333333333333333,0,0.3333333333333333,cifar100,cifar100,1,cifar100_shared_images,cifar100_shared_images,tiny_imagenet,tiny_imagenet,pathmnist|rendered_sst2|tiny_imagenet,pathmnist|rendered_sst2|tiny_imagenet,14,3,0.7857142857142857,0.6060283986727397,0.6059220067660014,0.00010639190673833454,0.004316907970168319,0.6113829493522644,0.6223404169082641,-0.01095746755599969,5,3,17
vit_b16,dtd,random,92,3,17,0.8235294117647058,0,0.3333333333333333,0,0.3333333333333333,cifar100,cifar100,1,cifar100_shared_images,cifar100_shared_images,tiny_imagenet,tiny_imagenet,breastmnist|pathmnist|tiny_imagenet,breastmnist|pathmnist|tiny_imagenet,14,3,0.7857142857142857,0.6060283986727397,0.6059220067660014,0.00010639190673833454,0.004316907970168319,0.6113829493522644,0.6223404169082641,-0.01095746755599969,5,3,17
vit_b16,dtd,random,93,3,17,0.8235294117647058,0,0.0,0,0.0,cifar100,cifar100,1,cifar100_shared_images,cifar100_shared_images,organsmnist,organmnist_views,organcmnist|organsmnist|retinamnist,organmnist_views|retinamnist,14,2,0.8571428571428572,0.6060283986727397,0.6025886805852254,0.0034397180875143096,0.139568383370014,0.6113829493522644,0.6077659368515015,0.0036170125007629617,5,3,17
vit_b16,dtd,random,94,3,17,0.8235294117647058,0,0.0,0,0.0,cifar100,cifar100,1,cifar100_shared_images,cifar100_shared_images,organsmnist,organmnist_views,organcmnist|organsmnist|pneumoniamnist,organmnist_views|pneumoniamnist,14,2,0.8571428571428572,0.6060283986727397,0.6025886805852254,0.0034397180875143096,0.139568383370014,0.6113829493522644,0.6077659368515015,0.0036170125007629617,5,3,17
vit_b16,dtd,random,95,3,17,0.8235294117647058,1,0.3333333333333333,1,0.3333333333333333,cifar100,cifar100,1,cifar100_shared_images,cifar100_shared_images,cifar100,cifar100_shared_images,cifar100|octmnist|organamnist,cifar100_shared_images|octmnist|organmnist_views,14,3,0.7857142857142857,0.6060283986727397,0.6060283986727397,0.0,0.0,0.6113829493522644,0.6113829493522644,0.0,5,3,17
vit_b16,dtd,random,96,3,17,0.8235294117647058,0,0.0,0,0.0,cifar100,cifar100,1,cifar100_shared_images,cifar100_shared_images,organamnist,organmnist_views,organamnist|retinamnist|tissuemnist,organmnist_views|retinamnist|tissuemnist,14,3,0.7857142857142857,0.6060283986727397,0.5956560540199279,0.010372344652811782,0.42086337836938426,0.6113829493522644,0.6117021203041076,-0.0003191709518431951,5,3,17
vit_b16,dtd,random,97,3,17,0.8235294117647058,0,0.0,0,0.0,cifar100,cifar100,1,cifar100_shared_images,cifar100_shared_images,pneumoniamnist,pneumoniamnist,pneumoniamnist|retinamnist|tissuemnist,pneumoniamnist|retinamnist|tissuemnist,14,3,0.7857142857142857,0.6060283986727397,0.59554967323939,0.010478725433349712,0.42517983488807776,0.6113829493522644,0.6062765717506409,0.0051063776016235796,5,3,17
vit_b16,dtd,random,98,3,17,0.8235294117647058,0,0.0,0,0.0,cifar100,cifar100,1,cifar100_shared_images,cifar100_shared_images,pathmnist,pathmnist,pathmnist|retinamnist|tissuemnist,pathmnist|retinamnist|tissuemnist,14,3,0.7857142857142857,0.6060283986727397,0.6015603105227153,0.0044680881500244185,0.18129504336916985,0.6113829493522644,0.6068084955215454,0.004574453830719083,5,3,17
vit_b16,dtd,random,99,3,17,0.8235294117647058,1,0.6666666666666666,1,0.6666666666666666,cifar100,cifar100,1,cifar100_shared_images,cifar100_shared_images,cifar100,cifar100_shared_images,cifar100|retinamnist|tiny_imagenet,cifar100_shared_images|retinamnist|tiny_imagenet,14,3,0.7857142857142857,0.6060283986727397,0.6060283986727397,0.0,0.0,0.6113829493522644,0.6113829493522644,0.0,5,3,17
vit_b16,dtd,rank_only,-1,5,17,0.7058823529411764,1,1.0,1,1.0,cifar100,cifar100,1,cifar100_shared_images,cifar100_shared_images,cifar100,cifar100_shared_images,tiny_imagenet|cifar100_coarse|cifar100|stl10|cifar10,cifar10|cifar100_shared_images|stl10|tiny_imagenet,14,4,0.7142857142857143,0.6060283986727397,0.6060283986727397,0.0,0.0,0.6113829493522644,0.6113829493522644,0.0,5,5,17
vit_b16,dtd,facility_subspace,-1,5,17,0.7058823529411764,1,0.3333333333333333,1,0.3333333333333333,cifar100,cifar100,1,cifar100_shared_images,cifar100_shared_images,cifar100,cifar100_shared_images,organsmnist|cifar100|rendered_sst2|stl10|dermamnist,cifar100_shared_images|dermamnist|organmnist_views|rendered_sst2|stl10,14,5,0.6428571428571428,0.6060283986727397,0.6060283986727397,0.0,0.0,0.6113829493522644,0.6113829493522644,0.0,5,5,17
vit_b16,dtd,kcenter_subspace,-1,5,17,0.7058823529411764,0,0.3333333333333333,0,0.3333333333333333,cifar100,cifar100,1,cifar100_shared_images,cifar100_shared_images,tiny_imagenet,tiny_imagenet,tiny_imagenet|rendered_sst2|bloodmnist|stl10|octmnist,bloodmnist|octmnist|rendered_sst2|stl10|tiny_imagenet,14,5,0.6428571428571428,0.6060283986727397,0.6059220067660014,0.00010639190673833454,0.004316907970168319,0.6113829493522644,0.6223404169082641,-0.01095746755599969,5,5,17
vit_b16,dtd,dpp_subspace,-1,5,17,0.7058823529411764,0,0.6666666666666666,1,1.0,cifar100,cifar100,1,cifar100_shared_images,cifar100_shared_images,tiny_imagenet,tiny_imagenet,tiny_imagenet|stl10|cifar100_coarse|cifar10|organsmnist,cifar10|cifar100_shared_images|organmnist_views|stl10|tiny_imagenet,14,5,0.6428571428571428,0.6060283986727397,0.6059220067660014,0.00010639190673833454,0.004316907970168319,0.6113829493522644,0.6223404169082641,-0.01095746755599969,5,5,17
vit_b16,dtd,pool_vendi_subspace,-1,5,17,0.7058823529411764,0,0.3333333333333333,0,0.3333333333333333,cifar100,cifar100,1,cifar100_shared_images,cifar100_shared_images,tiny_imagenet,tiny_imagenet,tiny_imagenet|rendered_sst2|bloodmnist|stl10|octmnist,bloodmnist|octmnist|rendered_sst2|stl10|tiny_imagenet,14,5,0.6428571428571428,0.6060283986727397,0.6059220067660014,0.00010639190673833454,0.004316907970168319,0.6113829493522644,0.6223404169082641,-0.01095746755599969,5,5,17
vit_b16,dtd,full_merged_rank,-1,5,17,0.7058823529411764,1,1.0,1,1.0,cifar100,cifar100,1,cifar100_shared_images,cifar100_shared_images,cifar100,cifar100_shared_images,tiny_imagenet|stl10|cifar100_coarse|cifar100|cifar10,cifar10|cifar100_shared_images|stl10|tiny_imagenet,14,4,0.7142857142857143,0.6060283986727397,0.6060283986727397,0.0,0.0,0.6113829493522644,0.6113829493522644,0.0,5,5,17
vit_b16,dtd,random,0,5,17,0.7058823529411764,1,0.6666666666666666,1,0.6666666666666666,cifar100,cifar100,1,cifar100_shared_images,cifar100_shared_images,cifar100,cifar100_shared_images,breastmnist|cifar100|pneumoniamnist|rendered_sst2|tiny_imagenet,breastmnist|cifar100_shared_images|pneumoniamnist|rendered_sst2|tiny_imagenet,14,5,0.6428571428571428,0.6060283986727397,0.6060283986727397,0.0,0.0,0.6113829493522644,0.6113829493522644,0.0,5,5,17
vit_b16,dtd,random,1,5,17,0.7058823529411764,0,0.3333333333333333,0,0.3333333333333333,cifar100,cifar100,1,cifar100_shared_images,cifar100_shared_images,tiny_imagenet,tiny_imagenet,pathmnist|pneumoniamnist|stl10|tiny_imagenet|tissuemnist,pathmnist|pneumoniamnist|stl10|tiny_imagenet|tissuemnist,14,5,0.6428571428571428,0.6060283986727397,0.6059220067660014,0.00010639190673833454,0.004316907970168319,0.6113829493522644,0.6223404169082641,-0.01095746755599969,5,5,17
vit_b16,dtd,random,2,5,17,0.7058823529411764,0,0.0,0,0.0,cifar100,cifar100,1,cifar100_shared_images,cifar100_shared_images,organcmnist,organmnist_views,bloodmnist|dermamnist|organcmnist|pneumoniamnist|retinamnist,bloodmnist|dermamnist|organmnist_views|pneumoniamnist|retinamnist,14,5,0.6428571428571428,0.6060283986727397,0.6007269748051961,0.00530142386754362,0.21510808151343658,0.6113829493522644,0.6115957260131836,-0.00021277666091912284,5,5,17
vit_b16,dtd,random,3,5,17,0.7058823529411764,0,0.0,0,0.0,cifar100,cifar100,1,cifar100_shared_images,cifar100_shared_images,organsmnist,organmnist_views,dermamnist|organamnist|organcmnist|organsmnist|rendered_sst2,dermamnist|organmnist_views|rendered_sst2,14,3,0.7857142857142857,0.6060283986727397,0.6025886805852254,0.0034397180875143096,0.139568383370014,0.6113829493522644,0.6077659368515015,0.0036170125007629617,5,5,17
vit_b16,dtd,random,4,5,17,0.7058823529411764,1,0.3333333333333333,1,0.3333333333333333,cifar100,cifar100,1,cifar100_shared_images,cifar100_shared_images,cifar100,cifar100_shared_images,breastmnist|cifar100|organcmnist|stl10|tissuemnist,breastmnist|cifar100_shared_images|organmnist_views|stl10|tissuemnist,14,5,0.6428571428571428,0.6060283986727397,0.6060283986727397,0.0,0.0,0.6113829493522644,0.6113829493522644,0.0,5,5,17
vit_b16,dtd,random,5,5,17,0.7058823529411764,0,0.0,1,0.3333333333333333,cifar100,cifar100,1,cifar100_shared_images,cifar100_shared_images,cifar100_coarse,cifar100_shared_images,bloodmnist|breastmnist|cifar100_coarse|pneumoniamnist|retinamnist,bloodmnist|breastmnist|cifar100_shared_images|pneumoniamnist|retinamnist,14,5,0.6428571428571428,0.6060283986727397,0.5990425777435303,0.0069858209292094076,0.2834533844913853,0.6113829493522644,0.6059574246406555,0.005425524711608953,5,5,17
vit_b16,dtd,random,6,5,17,0.7058823529411764,0,0.0,0,0.0,cifar100,cifar100,1,cifar100_shared_images,cifar100_shared_images,stl10,stl10,octmnist|organsmnist|pathmnist|rendered_sst2|stl10,octmnist|organmnist_views|pathmnist|rendered_sst2|stl10,14,5,0.6428571428571428,0.6060283986727397,0.6035106635093689,0.002517735163370838,0.10215843786181913,0.6113829493522644,0.6118084907531738,-0.000425541400909335,5,5,17
vit_b16,dtd,random,7,5,17,0.7058823529411764,0,0.3333333333333333,1,0.6666666666666666,cifar100,cifar100,1,cifar100_shared_images,cifar100_shared_images,cifar10,cifar10,cifar10|cifar100_coarse|octmnist|rendered_sst2|retinamnist,cifar10|cifar100_shared_images|octmnist|rendered_sst2|retinamnist,14,5,0.6428571428571428,0.6060283986727397,0.6043617312113444,0.0016666674613953214,0.06762591505586067,0.6113829493522644,0.6147871971130371,-0.0034042477607726385,5,5,17
vit_b16,dtd,random,8,5,17,0.7058823529411764,0,0.3333333333333333,0,0.3333333333333333,cifar100,cifar100,1,cifar100_shared_images,cifar100_shared_images,cifar10,cifar10,cifar10|octmnist|organamnist|pathmnist|rendered_sst2,cifar10|octmnist|organmnist_views|pathmnist|rendered_sst2,14,5,0.6428571428571428,0.6060283986727397,0.6043617312113444,0.0016666674613953214,0.06762591505586067,0.6113829493522644,0.6147871971130371,-0.0034042477607726385,5,5,17
vit_b16,dtd,random,9,5,17,0.7058823529411764,1,0.6666666666666666,1,0.6666666666666666,cifar100,cifar100,1,cifar100_shared_images,cifar100_shared_images,cifar100,cifar100_shared_images,bloodmnist|cifar10|cifar100|pathmnist|pneumoniamnist,bloodmnist|cifar10|cifar100_shared_images|pathmnist|pneumoniamnist,14,5,0.6428571428571428,0.6060283986727397,0.6060283986727397,0.0,0.0,0.6113829493522644,0.6113829493522644,0.0,5,5,17
vit_b16,dtd,random,10,5,17,0.7058823529411764,1,0.3333333333333333,1,0.3333333333333333,cifar100,cifar100,1,cifar100_shared_images,cifar100_shared_images,cifar100,cifar100_shared_images,bloodmnist|cifar100|organamnist|pneumoniamnist|stl10,bloodmnist|cifar100_shared_images|organmnist_views|pneumoniamnist|stl10,14,5,0.6428571428571428,0.6060283986727397,0.6060283986727397,0.0,0.0,0.6113829493522644,0.6113829493522644,0.0,5,5,17
vit_b16,dtd,random,11,5,17,0.7058823529411764,0,0.0,0,0.0,cifar100,cifar100,1,cifar100_shared_images,cifar100_shared_images,organsmnist,organmnist_views,dermamnist|organcmnist|organsmnist|pathmnist|retinamnist,dermamnist|organmnist_views|pathmnist|retinamnist,14,4,0.7142857142857143,0.6060283986727397,0.6025886805852254,0.0034397180875143096,0.139568383370014,0.6113829493522644,0.6077659368515015,0.0036170125007629617,5,5,17
vit_b16,dtd,random,12,5,17,0.7058823529411764,0,0.0,1,0.3333333333333333,cifar100,cifar100,1,cifar100_shared_images,cifar100_shared_images,stl10,stl10,cifar100_coarse|organamnist|pathmnist|stl10|tissuemnist,cifar100_shared_images|organmnist_views|pathmnist|stl10|tissuemnist,14,5,0.6428571428571428,0.6060283986727397,0.6035106635093689,0.002517735163370838,0.10215843786181913,0.6113829493522644,0.6118084907531738,-0.000425541400909335,5,5,17
vit_b16,dtd,random,13,5,17,0.7058823529411764,0,0.0,1,0.3333333333333333,cifar100,cifar100,1,cifar100_shared_images,cifar100_shared_images,stl10,stl10,breastmnist|cifar100_coarse|dermamnist|pneumoniamnist|stl10,breastmnist|cifar100_shared_images|dermamnist|pneumoniamnist|stl10,14,5,0.6428571428571428,0.6060283986727397,0.6035106635093689,0.002517735163370838,0.10215843786181913,0.6113829493522644,0.6118084907531738,-0.000425541400909335,5,5,17
vit_b16,dtd,random,14,5,17,0.7058823529411764,1,0.6666666666666666,1,0.6666666666666666,cifar100,cifar100,1,cifar100_shared_images,cifar100_shared_images,cifar100,cifar100_shared_images,cifar100|octmnist|organamnist|retinamnist|tiny_imagenet,cifar100_shared_images|octmnist|organmnist_views|retinamnist|tiny_imagenet,14,5,0.6428571428571428,0.6060283986727397,0.6060283986727397,0.0,0.0,0.6113829493522644,0.6113829493522644,0.0,5,5,17
vit_b16,dtd,random,15,5,17,0.7058823529411764,0,0.0,0,0.0,cifar100,cifar100,1,cifar100_shared_images,cifar100_shared_images,stl10,stl10,organcmnist|pathmnist|rendered_sst2|retinamnist|stl10,organmnist_views|pathmnist|rendered_sst2|retinamnist|stl10,14,5,0.6428571428571428,0.6060283986727397,0.6035106635093689,0.002517735163370838,0.10215843786181913,0.6113829493522644,0.6118084907531738,-0.000425541400909335,5,5,17
vit_b16,dtd,random,16,5,17,0.7058823529411764,1,0.6666666666666666,1,0.6666666666666666,cifar100,cifar100,1,cifar100_shared_images,cifar100_shared_images,cifar100,cifar100_shared_images,cifar100|octmnist|pathmnist|pneumoniamnist|tiny_imagenet,cifar100_shared_images|octmnist|pathmnist|pneumoniamnist|tiny_imagenet,14,5,0.6428571428571428,0.6060283986727397,0.6060283986727397,0.0,0.0,0.6113829493522644,0.6113829493522644,0.0,5,5,17
vit_b16,dtd,random,17,5,17,0.7058823529411764,0,0.0,0,0.0,cifar100,cifar100,1,cifar100_shared_images,cifar100_shared_images,stl10,stl10,dermamnist|octmnist|organsmnist|stl10|tissuemnist,dermamnist|octmnist|organmnist_views|stl10|tissuemnist,14,5,0.6428571428571428,0.6060283986727397,0.6035106635093689,0.002517735163370838,0.10215843786181913,0.6113829493522644,0.6118084907531738,-0.000425541400909335,5,5,17
vit_b16,dtd,random,18,5,17,0.7058823529411764,1,0.6666666666666666,1,0.6666666666666666,cifar100,cifar100,1,cifar100_shared_images,cifar100_shared_images,cifar100,cifar100_shared_images,bloodmnist|cifar10|cifar100|cifar100_coarse|octmnist,bloodmnist|cifar10|cifar100_shared_images|octmnist,14,4,0.7142857142857143,0.6060283986727397,0.6060283986727397,0.0,0.0,0.6113829493522644,0.6113829493522644,0.0,5,5,17
vit_b16,dtd,random,19,5,17,0.7058823529411764,1,0.3333333333333333,1,0.3333333333333333,cifar100,cifar100,1,cifar100_shared_images,cifar100_shared_images,cifar100,cifar100_shared_images,cifar100|organamnist|organcmnist|rendered_sst2|tissuemnist,cifar100_shared_images|organmnist_views|rendered_sst2|tissuemnist,14,4,0.7142857142857143,0.6060283986727397,0.6060283986727397,0.0,0.0,0.6113829493522644,0.6113829493522644,0.0,5,5,17
vit_b16,dtd,random,20,5,17,0.7058823529411764,1,0.3333333333333333,1,0.3333333333333333,cifar100,cifar100,1,cifar100_shared_images,cifar100_shared_images,cifar100,cifar100_shared_images,cifar100|organsmnist|pathmnist|stl10|tissuemnist,cifar100_shared_images|organmnist_views|pathmnist|stl10|tissuemnist,14,5,0.6428571428571428,0.6060283986727397,0.6060283986727397,0.0,0.0,0.6113829493522644,0.6113829493522644,0.0,5,5,17
vit_b16,dtd,random,21,5,17,0.7058823529411764,0,0.6666666666666666,0,0.6666666666666666,cifar100,cifar100,1,cifar100_shared_images,cifar100_shared_images,tiny_imagenet,tiny_imagenet,cifar10|pneumoniamnist|rendered_sst2|stl10|tiny_imagenet,cifar10|pneumoniamnist|rendered_sst2|stl10|tiny_imagenet,14,5,0.6428571428571428,0.6060283986727397,0.6059220067660014,0.00010639190673833454,0.004316907970168319,0.6113829493522644,0.6223404169082641,-0.01095746755599969,5,5,17
vit_b16,dtd,random,22,5,17,0.7058823529411764,1,0.3333333333333333,1,0.3333333333333333,cifar100,cifar100,1,cifar100_shared_images,cifar100_shared_images,cifar100,cifar100_shared_images,cifar100|cifar100_coarse|dermamnist|octmnist|organamnist,cifar100_shared_images|dermamnist|octmnist|organmnist_views,14,4,0.7142857142857143,0.6060283986727397,0.6060283986727397,0.0,0.0,0.6113829493522644,0.6113829493522644,0.0,5,5,17
vit_b16,dtd,random,23,5,17,0.7058823529411764,0,0.3333333333333333,0,0.3333333333333333,cifar100,cifar100,1,cifar100_shared_images,cifar100_shared_images,cifar10,cifar10,cifar10|organcmnist|pathmnist|retinamnist|stl10,cifar10|organmnist_views|pathmnist|retinamnist|stl10,14,5,0.6428571428571428,0.6060283986727397,0.6043617312113444,0.0016666674613953214,0.06762591505586067,0.6113829493522644,0.6147871971130371,-0.0034042477607726385,5,5,17
vit_b16,dtd,random,24,5,17,0.7058823529411764,1,0.3333333333333333,1,0.3333333333333333,cifar100,cifar100,1,cifar100_shared_images,cifar100_shared_images,cifar100,cifar100_shared_images,cifar100|dermamnist|organsmnist|retinamnist|tissuemnist,cifar100_shared_images|dermamnist|organmnist_views|retinamnist|tissuemnist,14,5,0.6428571428571428,0.6060283986727397,0.6060283986727397,0.0,0.0,0.6113829493522644,0.6113829493522644,0.0,5,5,17
vit_b16,dtd,random,25,5,17,0.7058823529411764,1,1.0,1,1.0,cifar100,cifar100,1,cifar100_shared_images,cifar100_shared_images,cifar100,cifar100_shared_images,breastmnist|cifar10|cifar100|pathmnist|tiny_imagenet,breastmnist|cifar10|cifar100_shared_images|pathmnist|tiny_imagenet,14,5,0.6428571428571428,0.6060283986727397,0.6060283986727397,0.0,0.0,0.6113829493522644,0.6113829493522644,0.0,5,5,17
vit_b16,dtd,random,26,5,17,0.7058823529411764,0,0.0,0,0.0,cifar100,cifar100,1,cifar100_shared_images,cifar100_shared_images,organcmnist,organmnist_views,bloodmnist|dermamnist|octmnist|organcmnist|retinamnist,bloodmnist|dermamnist|octmnist|organmnist_views|retinamnist,14,5,0.6428571428571428,0.6060283986727397,0.6007269748051961,0.00530142386754362,0.21510808151343658,0.6113829493522644,0.6115957260131836,-0.00021277666091912284,5,5,17
vit_b16,dtd,random,27,5,17,0.7058823529411764,0,0.3333333333333333,1,0.6666666666666666,cifar100,cifar100,1,cifar100_shared_images,cifar100_shared_images,cifar10,cifar10,cifar10|cifar100_coarse|rendered_sst2|retinamnist|stl10,cifar10|cifar100_shared_images|rendered_sst2|retinamnist|stl10,14,5,0.6428571428571428,0.6060283986727397,0.6043617312113444,0.0016666674613953214,0.06762591505586067,0.6113829493522644,0.6147871971130371,-0.0034042477607726385,5,5,17
vit_b16,dtd,random,28,5,17,0.7058823529411764,0,0.3333333333333333,0,0.3333333333333333,cifar100,cifar100,1,cifar100_shared_images,cifar100_shared_images,cifar10,cifar10,cifar10|octmnist|organamnist|organsmnist|retinamnist,cifar10|octmnist|organmnist_views|retinamnist,14,4,0.7142857142857143,0.6060283986727397,0.6043617312113444,0.0016666674613953214,0.06762591505586067,0.6113829493522644,0.6147871971130371,-0.0034042477607726385,5,5,17
vit_b16,dtd,random,29,5,17,0.7058823529411764,1,0.3333333333333333,1,0.3333333333333333,cifar100,cifar100,1,cifar100_shared_images,cifar100_shared_images,cifar100,cifar100_shared_images,breastmnist|cifar100|organsmnist|pneumoniamnist|tissuemnist,breastmnist|cifar100_shared_images|organmnist_views|pneumoniamnist|tissuemnist,14,5,0.6428571428571428,0.6060283986727397,0.6060283986727397,0.0,0.0,0.6113829493522644,0.6113829493522644,0.0,5,5,17
vit_b16,dtd,random,30,5,17,0.7058823529411764,0,0.0,1,0.3333333333333333,cifar100,cifar100,1,cifar100_shared_images,cifar100_shared_images,cifar100_coarse,cifar100_shared_images,bloodmnist|cifar100_coarse|dermamnist|octmnist|pneumoniamnist,bloodmnist|cifar100_shared_images|dermamnist|octmnist|pneumoniamnist,14,5,0.6428571428571428,0.6060283986727397,0.5990425777435303,0.0069858209292094076,0.2834533844913853,0.6113829493522644,0.6059574246406555,0.005425524711608953,5,5,17
vit_b16,dtd,random,31,5,17,0.7058823529411764,0,0.3333333333333333,0,0.3333333333333333,cifar100,cifar100,1,cifar100_shared_images,cifar100_shared_images,cifar10,cifar10,cifar10|dermamnist|pathmnist|rendered_sst2|tissuemnist,cifar10|dermamnist|pathmnist|rendered_sst2|tissuemnist,14,5,0.6428571428571428,0.6060283986727397,0.6043617312113444,0.0016666674613953214,0.06762591505586067,0.6113829493522644,0.6147871971130371,-0.0034042477607726385,5,5,17
vit_b16,dtd,random,32,5,17,0.7058823529411764,0,0.0,0,0.0,cifar100,cifar100,1,cifar100_shared_images,cifar100_shared_images,organsmnist,organmnist_views,bloodmnist|organcmnist|organsmnist|pneumoniamnist|tissuemnist,bloodmnist|organmnist_views|pneumoniamnist|tissuemnist,14,4,0.7142857142857143,0.6060283986727397,0.6025886805852254,0.0034397180875143096,0.139568383370014,0.6113829493522644,0.6077659368515015,0.0036170125007629617,5,5,17
vit_b16,dtd,random,33,5,17,0.7058823529411764,1,0.3333333333333333,1,0.3333333333333333,cifar100,cifar100,1,cifar100_shared_images,cifar100_shared_images,cifar100,cifar100_shared_images,cifar100|cifar100_coarse|dermamnist|rendered_sst2|retinamnist,cifar100_shared_images|dermamnist|rendered_sst2|retinamnist,14,4,0.7142857142857143,0.6060283986727397,0.6060283986727397,0.0,0.0,0.6113829493522644,0.6113829493522644,0.0,5,5,17
vit_b16,dtd,random,34,5,17,0.7058823529411764,0,0.0,0,0.0,cifar100,cifar100,1,cifar100_shared_images,cifar100_shared_images,stl10,stl10,organamnist|organsmnist|pathmnist|pneumoniamnist|stl10,organmnist_views|pathmnist|pneumoniamnist|stl10,14,4,0.7142857142857143,0.6060283986727397,0.6035106635093689,0.002517735163370838,0.10215843786181913,0.6113829493522644,0.6118084907531738,-0.000425541400909335,5,5,17
vit_b16,dtd,random,35,5,17,0.7058823529411764,1,0.6666666666666666,1,0.6666666666666666,cifar100,cifar100,1,cifar100_shared_images,cifar100_shared_images,cifar100,cifar100_shared_images,cifar10|cifar100|organsmnist|retinamnist|tissuemnist,cifar10|cifar100_shared_images|organmnist_views|retinamnist|tissuemnist,14,5,0.6428571428571428,0.6060283986727397,0.6060283986727397,0.0,0.0,0.6113829493522644,0.6113829493522644,0.0,5,5,17
vit_b16,dtd,random,36,5,17,0.7058823529411764,0,0.0,0,0.0,cifar100,cifar100,1,cifar100_shared_images,cifar100_shared_images,organsmnist,organmnist_views,breastmnist|dermamnist|organcmnist|organsmnist|retinamnist,breastmnist|dermamnist|organmnist_views|retinamnist,14,4,0.7142857142857143,0.6060283986727397,0.6025886805852254,0.0034397180875143096,0.139568383370014,0.6113829493522644,0.6077659368515015,0.0036170125007629617,5,5,17
vit_b16,dtd,random,37,5,17,0.7058823529411764,1,0.3333333333333333,1,0.3333333333333333,cifar100,cifar100,1,cifar100_shared_images,cifar100_shared_images,cifar100,cifar100_shared_images,bloodmnist|breastmnist|cifar100|pneumoniamnist|retinamnist,bloodmnist|breastmnist|cifar100_shared_images|pneumoniamnist|retinamnist,14,5,0.6428571428571428,0.6060283986727397,0.6060283986727397,0.0,0.0,0.6113829493522644,0.6113829493522644,0.0,5,5,17
vit_b16,dtd,random,38,5,17,0.7058823529411764,1,0.6666666666666666,1,0.6666666666666666,cifar100,cifar100,1,cifar100_shared_images,cifar100_shared_images,cifar100,cifar100_shared_images,bloodmnist|cifar100|rendered_sst2|tiny_imagenet|tissuemnist,bloodmnist|cifar100_shared_images|rendered_sst2|tiny_imagenet|tissuemnist,14,5,0.6428571428571428,0.6060283986727397,0.6060283986727397,0.0,0.0,0.6113829493522644,0.6113829493522644,0.0,5,5,17
vit_b16,dtd,random,39,5,17,0.7058823529411764,1,0.3333333333333333,1,0.3333333333333333,cifar100,cifar100,1,cifar100_shared_images,cifar100_shared_images,cifar100,cifar100_shared_images,cifar100|organcmnist|organsmnist|retinamnist|stl10,cifar100_shared_images|organmnist_views|retinamnist|stl10,14,4,0.7142857142857143,0.6060283986727397,0.6060283986727397,0.0,0.0,0.6113829493522644,0.6113829493522644,0.0,5,5,17
vit_b16,dtd,random,40,5,17,0.7058823529411764,0,0.3333333333333333,0,0.3333333333333333,cifar100,cifar100,1,cifar100_shared_images,cifar100_shared_images,tiny_imagenet,tiny_imagenet,organcmnist|pathmnist|rendered_sst2|retinamnist|tiny_imagenet,organmnist_views|pathmnist|rendered_sst2|retinamnist|tiny_imagenet,14,5,0.6428571428571428,0.6060283986727397,0.6059220067660014,0.00010639190673833454,0.004316907970168319,0.6113829493522644,0.6223404169082641,-0.01095746755599969,5,5,17
vit_b16,dtd,random,41,5,17,0.7058823529411764,0,0.3333333333333333,0,0.3333333333333333,cifar100,cifar100,1,cifar100_shared_images,cifar100_shared_images,tiny_imagenet,tiny_imagenet,organsmnist|pneumoniamnist|rendered_sst2|retinamnist|tiny_imagenet,organmnist_views|pneumoniamnist|rendered_sst2|retinamnist|tiny_imagenet,14,5,0.6428571428571428,0.6060283986727397,0.6059220067660014,0.00010639190673833454,0.004316907970168319,0.6113829493522644,0.6223404169082641,-0.01095746755599969,5,5,17
vit_b16,dtd,random,42,5,17,0.7058823529411764,1,0.6666666666666666,1,0.6666666666666666,cifar100,cifar100,1,cifar100_shared_images,cifar100_shared_images,cifar100,cifar100_shared_images,cifar10|cifar100|cifar100_coarse|organamnist|retinamnist,cifar10|cifar100_shared_images|organmnist_views|retinamnist,14,4,0.7142857142857143,0.6060283986727397,0.6060283986727397,0.0,0.0,0.6113829493522644,0.6113829493522644,0.0,5,5,17
vit_b16,dtd,random,43,5,17,0.7058823529411764,0,0.6666666666666666,1,1.0,cifar100,cifar100,1,cifar100_shared_images,cifar100_shared_images,tiny_imagenet,tiny_imagenet,bloodmnist|cifar10|cifar100_coarse|retinamnist|tiny_imagenet,bloodmnist|cifar10|cifar100_shared_images|retinamnist|tiny_imagenet,14,5,0.6428571428571428,0.6060283986727397,0.6059220067660014,0.00010639190673833454,0.004316907970168319,0.6113829493522644,0.6223404169082641,-0.01095746755599969,5,5,17
vit_b16,dtd,random,44,5,17,0.7058823529411764,0,0.0,1,0.3333333333333333,cifar100,cifar100,1,cifar100_shared_images,cifar100_shared_images,stl10,stl10,breastmnist|cifar100_coarse|dermamnist|pneumoniamnist|stl10,breastmnist|cifar100_shared_images|dermamnist|pneumoniamnist|stl10,14,5,0.6428571428571428,0.6060283986727397,0.6035106635093689,0.002517735163370838,0.10215843786181913,0.6113829493522644,0.6118084907531738,-0.000425541400909335,5,5,17
vit_b16,dtd,random,45,5,17,0.7058823529411764,0,0.0,0,0.0,cifar100,cifar100,1,cifar100_shared_images,cifar100_shared_images,pathmnist,pathmnist,breastmnist|octmnist|organcmnist|pathmnist|retinamnist,breastmnist|octmnist|organmnist_views|pathmnist|retinamnist,14,5,0.6428571428571428,0.6060283986727397,0.6015603105227153,0.0044680881500244185,0.18129504336916985,0.6113829493522644,0.6068084955215454,0.004574453830719083,5,5,17
vit_b16,dtd,random,46,5,17,0.7058823529411764,1,0.6666666666666666,1,0.6666666666666666,cifar100,cifar100,1,cifar100_shared_images,cifar100_shared_images,cifar100,cifar100_shared_images,cifar100|organcmnist|organsmnist|stl10|tiny_imagenet,cifar100_shared_images|organmnist_views|stl10|tiny_imagenet,14,4,0.7142857142857143,0.6060283986727397,0.6060283986727397,0.0,0.0,0.6113829493522644,0.6113829493522644,0.0,5,5,17
vit_b16,dtd,random,47,5,17,0.7058823529411764,0,0.0,0,0.0,cifar100,cifar100,1,cifar100_shared_images,cifar100_shared_images,organsmnist,organmnist_views,bloodmnist|organsmnist|pathmnist|pneumoniamnist|tissuemnist,bloodmnist|organmnist_views|pathmnist|pneumoniamnist|tissuemnist,14,5,0.6428571428571428,0.6060283986727397,0.6025886805852254,0.0034397180875143096,0.139568383370014,0.6113829493522644,0.6077659368515015,0.0036170125007629617,5,5,17
vit_b16,dtd,random,48,5,17,0.7058823529411764,0,0.6666666666666666,0,0.6666666666666666,cifar100,cifar100,1,cifar100_shared_images,cifar100_shared_images,tiny_imagenet,tiny_imagenet,breastmnist|cifar10|octmnist|organcmnist|tiny_imagenet,breastmnist|cifar10|octmnist|organmnist_views|tiny_imagenet,14,5,0.6428571428571428,0.6060283986727397,0.6059220067660014,0.00010639190673833454,0.004316907970168319,0.6113829493522644,0.6223404169082641,-0.01095746755599969,5,5,17
vit_b16,dtd,random,49,5,17,0.7058823529411764,0,0.6666666666666666,1,1.0,cifar100,cifar100,1,cifar100_shared_images,cifar100_shared_images,tiny_imagenet,tiny_imagenet,breastmnist|cifar10|cifar100_coarse|organamnist|tiny_imagenet,breastmnist|cifar10|cifar100_shared_images|organmnist_views|tiny_imagenet,14,5,0.6428571428571428,0.6060283986727397,0.6059220067660014,0.00010639190673833454,0.004316907970168319,0.6113829493522644,0.6223404169082641,-0.01095746755599969,5,5,17
vit_b16,dtd,random,50,5,17,0.7058823529411764,0,0.0,0,0.0,cifar100,cifar100,1,cifar100_shared_images,cifar100_shared_images,pathmnist,pathmnist,bloodmnist|octmnist|organcmnist|pathmnist|retinamnist,bloodmnist|octmnist|organmnist_views|pathmnist|retinamnist,14,5,0.6428571428571428,0.6060283986727397,0.6015603105227153,0.0044680881500244185,0.18129504336916985,0.6113829493522644,0.6068084955215454,0.004574453830719083,5,5,17
vit_b16,dtd,random,51,5,17,0.7058823529411764,0,0.0,0,0.0,cifar100,cifar100,1,cifar100_shared_images,cifar100_shared_images,stl10,stl10,bloodmnist|breastmnist|organamnist|stl10|tissuemnist,bloodmnist|breastmnist|organmnist_views|stl10|tissuemnist,14,5,0.6428571428571428,0.6060283986727397,0.6035106635093689,0.002517735163370838,0.10215843786181913,0.6113829493522644,0.6118084907531738,-0.000425541400909335,5,5,17
vit_b16,dtd,random,52,5,17,0.7058823529411764,0,0.0,0,0.0,cifar100,cifar100,1,cifar100_shared_images,cifar100_shared_images,stl10,stl10,dermamnist|organcmnist|pathmnist|rendered_sst2|stl10,dermamnist|organmnist_views|pathmnist|rendered_sst2|stl10,14,5,0.6428571428571428,0.6060283986727397,0.6035106635093689,0.002517735163370838,0.10215843786181913,0.6113829493522644,0.6118084907531738,-0.000425541400909335,5,5,17
vit_b16,dtd,random,53,5,17,0.7058823529411764,0,0.3333333333333333,0,0.3333333333333333,cifar100,cifar100,1,cifar100_shared_images,cifar100_shared_images,cifar10,cifar10,breastmnist|cifar10|organsmnist|pneumoniamnist|retinamnist,breastmnist|cifar10|organmnist_views|pneumoniamnist|retinamnist,14,5,0.6428571428571428,0.6060283986727397,0.6043617312113444,0.0016666674613953214,0.06762591505586067,0.6113829493522644,0.6147871971130371,-0.0034042477607726385,5,5,17
vit_b16,dtd,random,54,5,17,0.7058823529411764,1,0.3333333333333333,1,0.3333333333333333,cifar100,cifar100,1,cifar100_shared_images,cifar100_shared_images,cifar100,cifar100_shared_images,cifar100|cifar100_coarse|dermamnist|octmnist|rendered_sst2,cifar100_shared_images|dermamnist|octmnist|rendered_sst2,14,4,0.7142857142857143,0.6060283986727397,0.6060283986727397,0.0,0.0,0.6113829493522644,0.6113829493522644,0.0,5,5,17
vit_b16,dtd,random,55,5,17,0.7058823529411764,0,0.3333333333333333,0,0.3333333333333333,cifar100,cifar100,1,cifar100_shared_images,cifar100_shared_images,tiny_imagenet,tiny_imagenet,bloodmnist|octmnist|organsmnist|pathmnist|tiny_imagenet,bloodmnist|octmnist|organmnist_views|pathmnist|tiny_imagenet,14,5,0.6428571428571428,0.6060283986727397,0.6059220067660014,0.00010639190673833454,0.004316907970168319,0.6113829493522644,0.6223404169082641,-0.01095746755599969,5,5,17
vit_b16,dtd,random,56,5,17,0.7058823529411764,1,0.6666666666666666,1,0.6666666666666666,cifar100,cifar100,1,cifar100_shared_images,cifar100_shared_images,cifar100,cifar100_shared_images,bloodmnist|cifar100|organamnist|stl10|tiny_imagenet,bloodmnist|cifar100_shared_images|organmnist_views|stl10|tiny_imagenet,14,5,0.6428571428571428,0.6060283986727397,0.6060283986727397,0.0,0.0,0.6113829493522644,0.6113829493522644,0.0,5,5,17
vit_b16,dtd,random,57,5,17,0.7058823529411764,0,0.0,1,0.3333333333333333,cifar100,cifar100,1,cifar100_shared_images,cifar100_shared_images,stl10,stl10,breastmnist|cifar100_coarse|organsmnist|pathmnist|stl10,breastmnist|cifar100_shared_images|organmnist_views|pathmnist|stl10,14,5,0.6428571428571428,0.6060283986727397,0.6035106635093689,0.002517735163370838,0.10215843786181913,0.6113829493522644,0.6118084907531738,-0.000425541400909335,5,5,17
vit_b16,dtd,random,58,5,17,0.7058823529411764,1,0.6666666666666666,1,0.6666666666666666,cifar100,cifar100,1,cifar100_shared_images,cifar100_shared_images,cifar100,cifar100_shared_images,cifar10|cifar100|dermamnist|organcmnist|retinamnist,cifar10|cifar100_shared_images|dermamnist|organmnist_views|retinamnist,14,5,0.6428571428571428,0.6060283986727397,0.6060283986727397,0.0,0.0,0.6113829493522644,0.6113829493522644,0.0,5,5,17
vit_b16,dtd,random,59,5,17,0.7058823529411764,0,0.3333333333333333,0,0.3333333333333333,cifar100,cifar100,1,cifar100_shared_images,cifar100_shared_images,tiny_imagenet,tiny_imagenet,organamnist|pneumoniamnist|rendered_sst2|stl10|tiny_imagenet,organmnist_views|pneumoniamnist|rendered_sst2|stl10|tiny_imagenet,14,5,0.6428571428571428,0.6060283986727397,0.6059220067660014,0.00010639190673833454,0.004316907970168319,0.6113829493522644,0.6223404169082641,-0.01095746755599969,5,5,17
vit_b16,dtd,random,60,5,17,0.7058823529411764,0,0.3333333333333333,1,0.6666666666666666,cifar100,cifar100,1,cifar100_shared_images,cifar100_shared_images,tiny_imagenet,tiny_imagenet,breastmnist|cifar100_coarse|pathmnist|retinamnist|tiny_imagenet,breastmnist|cifar100_shared_images|pathmnist|retinamnist|tiny_imagenet,14,5,0.6428571428571428,0.6060283986727397,0.6059220067660014,0.00010639190673833454,0.004316907970168319,0.6113829493522644,0.6223404169082641,-0.01095746755599969,5,5,17
vit_b16,dtd,random,61,5,17,0.7058823529411764,0,0.0,1,0.3333333333333333,cifar100,cifar100,1,cifar100_shared_images,cifar100_shared_images,stl10,stl10,cifar100_coarse|dermamnist|organcmnist|pathmnist|stl10,cifar100_shared_images|dermamnist|organmnist_views|pathmnist|stl10,14,5,0.6428571428571428,0.6060283986727397,0.6035106635093689,0.002517735163370838,0.10215843786181913,0.6113829493522644,0.6118084907531738,-0.000425541400909335,5,5,17
vit_b16,dtd,random,62,5,17,0.7058823529411764,0,0.0,1,0.3333333333333333,cifar100,cifar100,1,cifar100_shared_images,cifar100_shared_images,stl10,stl10,breastmnist|cifar100_coarse|pneumoniamnist|retinamnist|stl10,breastmnist|cifar100_shared_images|pneumoniamnist|retinamnist|stl10,14,5,0.6428571428571428,0.6060283986727397,0.6035106635093689,0.002517735163370838,0.10215843786181913,0.6113829493522644,0.6118084907531738,-0.000425541400909335,5,5,17
vit_b16,dtd,random,63,5,17,0.7058823529411764,0,0.0,1,0.3333333333333333,cifar100,cifar100,1,cifar100_shared_images,cifar100_shared_images,cifar100_coarse,cifar100_shared_images,bloodmnist|breastmnist|cifar100_coarse|dermamnist|pneumoniamnist,bloodmnist|breastmnist|cifar100_shared_images|dermamnist|pneumoniamnist,14,5,0.6428571428571428,0.6060283986727397,0.5990425777435303,0.0069858209292094076,0.2834533844913853,0.6113829493522644,0.6059574246406555,0.005425524711608953,5,5,17
vit_b16,dtd,random,64,5,17,0.7058823529411764,0,0.3333333333333333,0,0.3333333333333333,cifar100,cifar100,1,cifar100_shared_images,cifar100_shared_images,tiny_imagenet,tiny_imagenet,organcmnist|organsmnist|pathmnist|stl10|tiny_imagenet,organmnist_views|pathmnist|stl10|tiny_imagenet,14,4,0.7142857142857143,0.6060283986727397,0.6059220067660014,0.00010639190673833454,0.004316907970168319,0.6113829493522644,0.6223404169082641,-0.01095746755599969,5,5,17
vit_b16,dtd,random,65,5,17,0.7058823529411764,1,1.0,1,1.0,cifar100,cifar100,1,cifar100_shared_images,cifar100_shared_images,cifar100,cifar100_shared_images,cifar10|cifar100|octmnist|organsmnist|tiny_imagenet,cifar10|cifar100_shared_images|octmnist|organmnist_views|tiny_imagenet,14,5,0.6428571428571428,0.6060283986727397,0.6060283986727397,0.0,0.0,0.6113829493522644,0.6113829493522644,0.0,5,5,17
vit_b16,dtd,random,66,5,17,0.7058823529411764,1,0.3333333333333333,1,0.3333333333333333,cifar100,cifar100,1,cifar100_shared_images,cifar100_shared_images,cifar100,cifar100_shared_images,cifar100|cifar100_coarse|organcmnist|organsmnist|pneumoniamnist,cifar100_shared_images|organmnist_views|pneumoniamnist,14,3,0.7857142857142857,0.6060283986727397,0.6060283986727397,0.0,0.0,0.6113829493522644,0.6113829493522644,0.0,5,5,17
vit_b16,dtd,random,67,5,17,0.7058823529411764,0,0.0,0,0.0,cifar100,cifar100,1,cifar100_shared_images,cifar100_shared_images,organamnist,organmnist_views,bloodmnist|octmnist|organamnist|pneumoniamnist|rendered_sst2,bloodmnist|octmnist|organmnist_views|pneumoniamnist|rendered_sst2,14,5,0.6428571428571428,0.6060283986727397,0.5956560540199279,0.010372344652811782,0.42086337836938426,0.6113829493522644,0.6117021203041076,-0.0003191709518431951,5,5,17
vit_b16,dtd,random,68,5,17,0.7058823529411764,0,0.3333333333333333,0,0.3333333333333333,cifar100,cifar100,1,cifar100_shared_images,cifar100_shared_images,cifar10,cifar10,cifar10|organamnist|pneumoniamnist|rendered_sst2|tissuemnist,cifar10|organmnist_views|pneumoniamnist|rendered_sst2|tissuemnist,14,5,0.6428571428571428,0.6060283986727397,0.6043617312113444,0.0016666674613953214,0.06762591505586067,0.6113829493522644,0.6147871971130371,-0.0034042477607726385,5,5,17
vit_b16,dtd,random,69,5,17,0.7058823529411764,0,0.3333333333333333,0,0.3333333333333333,cifar100,cifar100,1,cifar100_shared_images,cifar100_shared_images,cifar10,cifar10,breastmnist|cifar10|organsmnist|pathmnist|rendered_sst2,breastmnist|cifar10|organmnist_views|pathmnist|rendered_sst2,14,5,0.6428571428571428,0.6060283986727397,0.6043617312113444,0.0016666674613953214,0.06762591505586067,0.6113829493522644,0.6147871971130371,-0.0034042477607726385,5,5,17
vit_b16,dtd,random,70,5,17,0.7058823529411764,0,0.0,0,0.0,cifar100,cifar100,1,cifar100_shared_images,cifar100_shared_images,stl10,stl10,dermamnist|organamnist|pathmnist|stl10|tissuemnist,dermamnist|organmnist_views|pathmnist|stl10|tissuemnist,14,5,0.6428571428571428,0.6060283986727397,0.6035106635093689,0.002517735163370838,0.10215843786181913,0.6113829493522644,0.6118084907531738,-0.000425541400909335,5,5,17
vit_b16,dtd,random,71,5,17,0.7058823529411764,0,0.3333333333333333,0,0.3333333333333333,cifar100,cifar100,1,cifar100_shared_images,cifar100_shared_images,tiny_imagenet,tiny_imagenet,bloodmnist|breastmnist|organamnist|organcmnist|tiny_imagenet,bloodmnist|breastmnist|organmnist_views|tiny_imagenet,14,4,0.7142857142857143,0.6060283986727397,0.6059220067660014,0.00010639190673833454,0.004316907970168319,0.6113829493522644,0.6223404169082641,-0.01095746755599969,5,5,17
vit_b16,dtd,random,72,5,17,0.7058823529411764,1,0.3333333333333333,1,0.3333333333333333,cifar100,cifar100,1,cifar100_shared_images,cifar100_shared_images,cifar100,cifar100_shared_images,bloodmnist|cifar100|organamnist|organsmnist|pathmnist,bloodmnist|cifar100_shared_images|organmnist_views|pathmnist,14,4,0.7142857142857143,0.6060283986727397,0.6060283986727397,0.0,0.0,0.6113829493522644,0.6113829493522644,0.0,5,5,17
vit_b16,dtd,random,73,5,17,0.7058823529411764,0,0.3333333333333333,1,0.6666666666666666,cifar100,cifar100,1,cifar100_shared_images,cifar100_shared_images,cifar10,cifar10,bloodmnist|cifar10|cifar100_coarse|organamnist|rendered_sst2,bloodmnist|cifar10|cifar100_shared_images|organmnist_views|rendered_sst2,14,5,0.6428571428571428,0.6060283986727397,0.6043617312113444,0.0016666674613953214,0.06762591505586067,0.6113829493522644,0.6147871971130371,-0.0034042477607726385,5,5,17
vit_b16,dtd,random,74,5,17,0.7058823529411764,0,0.3333333333333333,0,0.3333333333333333,cifar100,cifar100,1,cifar100_shared_images,cifar100_shared_images,cifar10,cifar10,breastmnist|cifar10|pathmnist|rendered_sst2|retinamnist,breastmnist|cifar10|pathmnist|rendered_sst2|retinamnist,14,5,0.6428571428571428,0.6060283986727397,0.6043617312113444,0.0016666674613953214,0.06762591505586067,0.6113829493522644,0.6147871971130371,-0.0034042477607726385,5,5,17
vit_b16,dtd,random,75,5,17,0.7058823529411764,0,0.0,1,0.3333333333333333,cifar100,cifar100,1,cifar100_shared_images,cifar100_shared_images,organcmnist,organmnist_views,breastmnist|cifar100_coarse|octmnist|organcmnist|tissuemnist,breastmnist|cifar100_shared_images|octmnist|organmnist_views|tissuemnist,14,5,0.6428571428571428,0.6060283986727397,0.6007269748051961,0.00530142386754362,0.21510808151343658,0.6113829493522644,0.6115957260131836,-0.00021277666091912284,5,5,17
vit_b16,dtd,random,76,5,17,0.7058823529411764,0,0.3333333333333333,0,0.3333333333333333,cifar100,cifar100,1,cifar100_shared_images,cifar100_shared_images,cifar10,cifar10,breastmnist|cifar10|octmnist|organamnist|pathmnist,breastmnist|cifar10|octmnist|organmnist_views|pathmnist,14,5,0.6428571428571428,0.6060283986727397,0.6043617312113444,0.0016666674613953214,0.06762591505586067,0.6113829493522644,0.6147871971130371,-0.0034042477607726385,5,5,17
vit_b16,dtd,random,77,5,17,0.7058823529411764,0,0.3333333333333333,0,0.3333333333333333,cifar100,cifar100,1,cifar100_shared_images,cifar100_shared_images,cifar10,cifar10,cifar10|organcmnist|organsmnist|pneumoniamnist|tissuemnist,cifar10|organmnist_views|pneumoniamnist|tissuemnist,14,4,0.7142857142857143,0.6060283986727397,0.6043617312113444,0.0016666674613953214,0.06762591505586067,0.6113829493522644,0.6147871971130371,-0.0034042477607726385,5,5,17
vit_b16,dtd,random,78,5,17,0.7058823529411764,0,0.3333333333333333,1,0.6666666666666666,cifar100,cifar100,1,cifar100_shared_images,cifar100_shared_images,tiny_imagenet,tiny_imagenet,cifar100_coarse|dermamnist|pathmnist|stl10|tiny_imagenet,cifar100_shared_images|dermamnist|pathmnist|stl10|tiny_imagenet,14,5,0.6428571428571428,0.6060283986727397,0.6059220067660014,0.00010639190673833454,0.004316907970168319,0.6113829493522644,0.6223404169082641,-0.01095746755599969,5,5,17
vit_b16,dtd,random,79,5,17,0.7058823529411764,1,0.3333333333333333,1,0.3333333333333333,cifar100,cifar100,1,cifar100_shared_images,cifar100_shared_images,cifar100,cifar100_shared_images,cifar100|organcmnist|pathmnist|rendered_sst2|retinamnist,cifar100_shared_images|organmnist_views|pathmnist|rendered_sst2|retinamnist,14,5,0.6428571428571428,0.6060283986727397,0.6060283986727397,0.0,0.0,0.6113829493522644,0.6113829493522644,0.0,5,5,17
vit_b16,dtd,random,80,5,17,0.7058823529411764,0,0.3333333333333333,1,0.6666666666666666,cifar100,cifar100,1,cifar100_shared_images,cifar100_shared_images,cifar10,cifar10,cifar10|cifar100_coarse|dermamnist|organamnist|retinamnist,cifar10|cifar100_shared_images|dermamnist|organmnist_views|retinamnist,14,5,0.6428571428571428,0.6060283986727397,0.6043617312113444,0.0016666674613953214,0.06762591505586067,0.6113829493522644,0.6147871971130371,-0.0034042477607726385,5,5,17
vit_b16,dtd,random,81,5,17,0.7058823529411764,0,0.6666666666666666,0,0.6666666666666666,cifar100,cifar100,1,cifar100_shared_images,cifar100_shared_images,tiny_imagenet,tiny_imagenet,cifar10|organsmnist|retinamnist|stl10|tiny_imagenet,cifar10|organmnist_views|retinamnist|stl10|tiny_imagenet,14,5,0.6428571428571428,0.6060283986727397,0.6059220067660014,0.00010639190673833454,0.004316907970168319,0.6113829493522644,0.6223404169082641,-0.01095746755599969,5,5,17
vit_b16,dtd,random,82,5,17,0.7058823529411764,1,0.6666666666666666,1,0.6666666666666666,cifar100,cifar100,1,cifar100_shared_images,cifar100_shared_images,cifar100,cifar100_shared_images,breastmnist|cifar100|pathmnist|tiny_imagenet|tissuemnist,breastmnist|cifar100_shared_images|pathmnist|tiny_imagenet|tissuemnist,14,5,0.6428571428571428,0.6060283986727397,0.6060283986727397,0.0,0.0,0.6113829493522644,0.6113829493522644,0.0,5,5,17
vit_b16,dtd,random,83,5,17,0.7058823529411764,1,0.6666666666666666,1,0.6666666666666666,cifar100,cifar100,1,cifar100_shared_images,cifar100_shared_images,cifar100,cifar100_shared_images,cifar10|cifar100|cifar100_coarse|octmnist|organsmnist,cifar10|cifar100_shared_images|octmnist|organmnist_views,14,4,0.7142857142857143,0.6060283986727397,0.6060283986727397,0.0,0.0,0.6113829493522644,0.6113829493522644,0.0,5,5,17
vit_b16,dtd,random,84,5,17,0.7058823529411764,0,0.3333333333333333,1,0.6666666666666666,cifar100,cifar100,1,cifar100_shared_images,cifar100_shared_images,tiny_imagenet,tiny_imagenet,breastmnist|cifar100_coarse|retinamnist|tiny_imagenet|tissuemnist,breastmnist|cifar100_shared_images|retinamnist|tiny_imagenet|tissuemnist,14,5,0.6428571428571428,0.6060283986727397,0.6059220067660014,0.00010639190673833454,0.004316907970168319,0.6113829493522644,0.6223404169082641,-0.01095746755599969,5,5,17
vit_b16,dtd,random,85,5,17,0.7058823529411764,0,0.3333333333333333,1,0.6666666666666666,cifar100,cifar100,1,cifar100_shared_images,cifar100_shared_images,cifar10,cifar10,bloodmnist|cifar10|cifar100_coarse|pathmnist|rendered_sst2,bloodmnist|cifar10|cifar100_shared_images|pathmnist|rendered_sst2,14,5,0.6428571428571428,0.6060283986727397,0.6043617312113444,0.0016666674613953214,0.06762591505586067,0.6113829493522644,0.6147871971130371,-0.0034042477607726385,5,5,17
vit_b16,dtd,random,86,5,17,0.7058823529411764,0,0.3333333333333333,0,0.3333333333333333,cifar100,cifar100,1,cifar100_shared_images,cifar100_shared_images,tiny_imagenet,tiny_imagenet,dermamnist|octmnist|organamnist|tiny_imagenet|tissuemnist,dermamnist|octmnist|organmnist_views|tiny_imagenet|tissuemnist,14,5,0.6428571428571428,0.6060283986727397,0.6059220067660014,0.00010639190673833454,0.004316907970168319,0.6113829493522644,0.6223404169082641,-0.01095746755599969,5,5,17
vit_b16,dtd,random,87,5,17,0.7058823529411764,0,0.0,0,0.0,cifar100,cifar100,1,cifar100_shared_images,cifar100_shared_images,breastmnist,breastmnist,breastmnist|dermamnist|rendered_sst2|retinamnist|tissuemnist,breastmnist|dermamnist|rendered_sst2|retinamnist|tissuemnist,14,5,0.6428571428571428,0.6060283986727397,0.5951418677965801,0.01088653087615965,0.4417267567387595,0.6113829493522644,0.6069148659706116,0.004468083381652832,5,5,17
vit_b16,dtd,random,88,5,17,0.7058823529411764,0,0.0,0,0.0,cifar100,cifar100,1,cifar100_shared_images,cifar100_shared_images,stl10,stl10,breastmnist|dermamnist|organamnist|pathmnist|stl10,breastmnist|dermamnist|organmnist_views|pathmnist|stl10,14,5,0.6428571428571428,0.6060283986727397,0.6035106635093689,0.002517735163370838,0.10215843786181913,0.6113829493522644,0.6118084907531738,-0.000425541400909335,5,5,17
vit_b16,dtd,random,89,5,17,0.7058823529411764,0,0.3333333333333333,0,0.3333333333333333,cifar100,cifar100,1,cifar100_shared_images,cifar100_shared_images,tiny_imagenet,tiny_imagenet,dermamnist|organsmnist|rendered_sst2|tiny_imagenet|tissuemnist,dermamnist|organmnist_views|rendered_sst2|tiny_imagenet|tissuemnist,14,5,0.6428571428571428,0.6060283986727397,0.6059220067660014,0.00010639190673833454,0.004316907970168319,0.6113829493522644,0.6223404169082641,-0.01095746755599969,5,5,17
vit_b16,dtd,random,90,5,17,0.7058823529411764,0,0.3333333333333333,0,0.3333333333333333,cifar100,cifar100,1,cifar100_shared_images,cifar100_shared_images,tiny_imagenet,tiny_imagenet,bloodmnist|dermamnist|octmnist|stl10|tiny_imagenet,bloodmnist|dermamnist|octmnist|stl10|tiny_imagenet,14,5,0.6428571428571428,0.6060283986727397,0.6059220067660014,0.00010639190673833454,0.004316907970168319,0.6113829493522644,0.6223404169082641,-0.01095746755599969,5,5,17
vit_b16,dtd,random,91,5,17,0.7058823529411764,0,0.3333333333333333,0,0.3333333333333333,cifar100,cifar100,1,cifar100_shared_images,cifar100_shared_images,cifar10,cifar10,bloodmnist|breastmnist|cifar10|organsmnist|retinamnist,bloodmnist|breastmnist|cifar10|organmnist_views|retinamnist,14,5,0.6428571428571428,0.6060283986727397,0.6043617312113444,0.0016666674613953214,0.06762591505586067,0.6113829493522644,0.6147871971130371,-0.0034042477607726385,5,5,17
vit_b16,dtd,random,92,5,17,0.7058823529411764,0,0.3333333333333333,0,0.3333333333333333,cifar100,cifar100,1,cifar100_shared_images,cifar100_shared_images,cifar10,cifar10,cifar10|organamnist|pneumoniamnist|retinamnist|tissuemnist,cifar10|organmnist_views|pneumoniamnist|retinamnist|tissuemnist,14,5,0.6428571428571428,0.6060283986727397,0.6043617312113444,0.0016666674613953214,0.06762591505586067,0.6113829493522644,0.6147871971130371,-0.0034042477607726385,5,5,17
vit_b16,dtd,random,93,5,17,0.7058823529411764,0,0.3333333333333333,1,0.6666666666666666,cifar100,cifar100,1,cifar100_shared_images,cifar100_shared_images,tiny_imagenet,tiny_imagenet,cifar100_coarse|pathmnist|rendered_sst2|retinamnist|tiny_imagenet,cifar100_shared_images|pathmnist|rendered_sst2|retinamnist|tiny_imagenet,14,5,0.6428571428571428,0.6060283986727397,0.6059220067660014,0.00010639190673833454,0.004316907970168319,0.6113829493522644,0.6223404169082641,-0.01095746755599969,5,5,17
vit_b16,dtd,random,94,5,17,0.7058823529411764,1,0.6666666666666666,1,0.6666666666666666,cifar100,cifar100,1,cifar100_shared_images,cifar100_shared_images,cifar100,cifar100_shared_images,breastmnist|cifar10|cifar100|dermamnist|retinamnist,breastmnist|cifar10|cifar100_shared_images|dermamnist|retinamnist,14,5,0.6428571428571428,0.6060283986727397,0.6060283986727397,0.0,0.0,0.6113829493522644,0.6113829493522644,0.0,5,5,17
vit_b16,dtd,random,95,5,17,0.7058823529411764,0,0.3333333333333333,0,0.3333333333333333,cifar100,cifar100,1,cifar100_shared_images,cifar100_shared_images,cifar10,cifar10,bloodmnist|breastmnist|cifar10|octmnist|pneumoniamnist,bloodmnist|breastmnist|cifar10|octmnist|pneumoniamnist,14,5,0.6428571428571428,0.6060283986727397,0.6043617312113444,0.0016666674613953214,0.06762591505586067,0.6113829493522644,0.6147871971130371,-0.0034042477607726385,5,5,17
vit_b16,dtd,random,96,5,17,0.7058823529411764,0,0.0,0,0.0,cifar100,cifar100,1,cifar100_shared_images,cifar100_shared_images,stl10,stl10,bloodmnist|pathmnist|rendered_sst2|stl10|tissuemnist,bloodmnist|pathmnist|rendered_sst2|stl10|tissuemnist,14,5,0.6428571428571428,0.6060283986727397,0.6035106635093689,0.002517735163370838,0.10215843786181913,0.6113829493522644,0.6118084907531738,-0.000425541400909335,5,5,17
vit_b16,dtd,random,97,5,17,0.7058823529411764,0,0.3333333333333333,0,0.3333333333333333,cifar100,cifar100,1,cifar100_shared_images,cifar100_shared_images,cifar10,cifar10,cifar10|dermamnist|pathmnist|rendered_sst2|stl10,cifar10|dermamnist|pathmnist|rendered_sst2|stl10,14,5,0.6428571428571428,0.6060283986727397,0.6043617312113444,0.0016666674613953214,0.06762591505586067,0.6113829493522644,0.6147871971130371,-0.0034042477607726385,5,5,17
vit_b16,dtd,random,98,5,17,0.7058823529411764,0,0.3333333333333333,0,0.3333333333333333,cifar100,cifar100,1,cifar100_shared_images,cifar100_shared_images,cifar10,cifar10,breastmnist|cifar10|organcmnist|organsmnist|stl10,breastmnist|cifar10|organmnist_views|stl10,14,4,0.7142857142857143,0.6060283986727397,0.6043617312113444,0.0016666674613953214,0.06762591505586067,0.6113829493522644,0.6147871971130371,-0.0034042477607726385,5,5,17
vit_b16,dtd,random,99,5,17,0.7058823529411764,1,0.3333333333333333,1,0.3333333333333333,cifar100,cifar100,1,cifar100_shared_images,cifar100_shared_images,cifar100,cifar100_shared_images,cifar100|cifar100_coarse|organamnist|retinamnist|stl10,cifar100_shared_images|organmnist_views|retinamnist|stl10,14,4,0.7142857142857143,0.6060283986727397,0.6060283986727397,0.0,0.0,0.6113829493522644,0.6113829493522644,0.0,5,5,17
vit_b16,dtd,rank_only,-1,8,17,0.5294117647058824,1,1.0,1,1.0,cifar100,cifar100,1,cifar100_shared_images,cifar100_shared_images,cifar100,cifar100_shared_images,tiny_imagenet|cifar100_coarse|cifar100|stl10|cifar10|organsmnist|organcmnist|organamnist,cifar10|cifar100_shared_images|organmnist_views|stl10|tiny_imagenet,14,5,0.6428571428571428,0.6060283986727397,0.6060283986727397,0.0,0.0,0.6113829493522644,0.6113829493522644,0.0,5,8,17
vit_b16,dtd,facility_subspace,-1,8,17,0.5294117647058824,1,0.3333333333333333,1,0.3333333333333333,cifar100,cifar100,1,cifar100_shared_images,cifar100_shared_images,cifar100,cifar100_shared_images,organsmnist|cifar100|rendered_sst2|stl10|dermamnist|retinamnist|octmnist|bloodmnist,bloodmnist|cifar100_shared_images|dermamnist|octmnist|organmnist_views|rendered_sst2|retinamnist|stl10,14,8,0.4285714285714286,0.6060283986727397,0.6060283986727397,0.0,0.0,0.6113829493522644,0.6113829493522644,0.0,5,8,17
vit_b16,dtd,kcenter_subspace,-1,8,17,0.5294117647058824,0,0.3333333333333333,0,0.3333333333333333,cifar100,cifar100,1,cifar100_shared_images,cifar100_shared_images,tiny_imagenet,tiny_imagenet,tiny_imagenet|rendered_sst2|bloodmnist|stl10|octmnist|retinamnist|pneumoniamnist|pathmnist,bloodmnist|octmnist|pathmnist|pneumoniamnist|rendered_sst2|retinamnist|stl10|tiny_imagenet,14,8,0.4285714285714286,0.6060283986727397,0.6059220067660014,0.00010639190673833454,0.004316907970168319,0.6113829493522644,0.6223404169082641,-0.01095746755599969,5,8,17
vit_b16,dtd,dpp_subspace,-1,8,17,0.5294117647058824,1,1.0,1,1.0,cifar100,cifar100,1,cifar100_shared_images,cifar100_shared_images,cifar100,cifar100_shared_images,tiny_imagenet|stl10|cifar100_coarse|cifar10|organsmnist|cifar100|pathmnist|bloodmnist,bloodmnist|cifar10|cifar100_shared_images|organmnist_views|pathmnist|stl10|tiny_imagenet,14,7,0.5,0.6060283986727397,0.6060283986727397,0.0,0.0,0.6113829493522644,0.6113829493522644,0.0,5,8,17
vit_b16,dtd,pool_vendi_subspace,-1,8,17,0.5294117647058824,0,0.3333333333333333,0,0.3333333333333333,cifar100,cifar100,1,cifar100_shared_images,cifar100_shared_images,tiny_imagenet,tiny_imagenet,tiny_imagenet|rendered_sst2|bloodmnist|stl10|octmnist|retinamnist|pneumoniamnist|pathmnist,bloodmnist|octmnist|pathmnist|pneumoniamnist|rendered_sst2|retinamnist|stl10|tiny_imagenet,14,8,0.4285714285714286,0.6060283986727397,0.6059220067660014,0.00010639190673833454,0.004316907970168319,0.6113829493522644,0.6223404169082641,-0.01095746755599969,5,8,17
vit_b16,dtd,full_merged_rank,-1,8,17,0.5294117647058824,1,1.0,1,1.0,cifar100,cifar100,1,cifar100_shared_images,cifar100_shared_images,cifar100,cifar100_shared_images,tiny_imagenet|stl10|cifar100_coarse|cifar100|cifar10|breastmnist|organsmnist|organcmnist,breastmnist|cifar10|cifar100_shared_images|organmnist_views|stl10|tiny_imagenet,14,6,0.5714285714285714,0.6060283986727397,0.6060283986727397,0.0,0.0,0.6113829493522644,0.6113829493522644,0.0,5,8,17
vit_b16,dtd,random,0,8,17,0.5294117647058824,0,0.3333333333333333,0,0.3333333333333333,cifar100,cifar100,1,cifar100_shared_images,cifar100_shared_images,cifar10,cifar10,breastmnist|cifar10|dermamnist|organamnist|pneumoniamnist|rendered_sst2|retinamnist|stl10,breastmnist|cifar10|dermamnist|organmnist_views|pneumoniamnist|rendered_sst2|retinamnist|stl10,14,8,0.4285714285714286,0.6060283986727397,0.6043617312113444,0.0016666674613953214,0.06762591505586067,0.6113829493522644,0.6147871971130371,-0.0034042477607726385,5,8,17
vit_b16,dtd,random,1,8,17,0.5294117647058824,0,0.6666666666666666,1,1.0,cifar100,cifar100,1,cifar100_shared_images,cifar100_shared_images,tiny_imagenet,tiny_imagenet,bloodmnist|breastmnist|cifar10|cifar100_coarse|organcmnist|pneumoniamnist|stl10|tiny_imagenet,bloodmnist|breastmnist|cifar10|cifar100_shared_images|organmnist_views|pneumoniamnist|stl10|tiny_imagenet,14,8,0.4285714285714286,0.6060283986727397,0.6059220067660014,0.00010639190673833454,0.004316907970168319,0.6113829493522644,0.6223404169082641,-0.01095746755599969,5,8,17
vit_b16,dtd,random,2,8,17,0.5294117647058824,1,0.6666666666666666,1,0.6666666666666666,cifar100,cifar100,1,cifar100_shared_images,cifar100_shared_images,cifar100,cifar100_shared_images,breastmnist|cifar100|cifar100_coarse|pathmnist|pneumoniamnist|retinamnist|stl10|tiny_imagenet,breastmnist|cifar100_shared_images|pathmnist|pneumoniamnist|retinamnist|stl10|tiny_imagenet,14,7,0.5,0.6060283986727397,0.6060283986727397,0.0,0.0,0.6113829493522644,0.6113829493522644,0.0,5,8,17
vit_b16,dtd,random,3,8,17,0.5294117647058824,0,0.3333333333333333,0,0.3333333333333333,cifar100,cifar100,1,cifar100_shared_images,cifar100_shared_images,tiny_imagenet,tiny_imagenet,bloodmnist|breastmnist|dermamnist|organcmnist|organsmnist|pneumoniamnist|stl10|tiny_imagenet,bloodmnist|breastmnist|dermamnist|organmnist_views|pneumoniamnist|stl10|tiny_imagenet,14,7,0.5,0.6060283986727397,0.6059220067660014,0.00010639190673833454,0.004316907970168319,0.6113829493522644,0.6223404169082641,-0.01095746755599969,5,8,17
vit_b16,dtd,random,4,8,17,0.5294117647058824,0,0.3333333333333333,0,0.3333333333333333,cifar100,cifar100,1,cifar100_shared_images,cifar100_shared_images,tiny_imagenet,tiny_imagenet,bloodmnist|dermamnist|organamnist|organcmnist|pneumoniamnist|retinamnist|tiny_imagenet|tissuemnist,bloodmnist|dermamnist|organmnist_views|pneumoniamnist|retinamnist|tiny_imagenet|tissuemnist,14,7,0.5,0.6060283986727397,0.6059220067660014,0.00010639190673833454,0.004316907970168319,0.6113829493522644,0.6223404169082641,-0.01095746755599969,5,8,17
vit_b16,dtd,random,5,8,17,0.5294117647058824,1,0.6666666666666666,1,0.6666666666666666,cifar100,cifar100,1,cifar100_shared_images,cifar100_shared_images,cifar100,cifar100_shared_images,breastmnist|cifar10|cifar100|cifar100_coarse|organamnist|pathmnist|retinamnist|stl10,breastmnist|cifar10|cifar100_shared_images|organmnist_views|pathmnist|retinamnist|stl10,14,7,0.5,0.6060283986727397,0.6060283986727397,0.0,0.0,0.6113829493522644,0.6113829493522644,0.0,5,8,17
vit_b16,dtd,random,6,8,17,0.5294117647058824,1,0.6666666666666666,1,0.6666666666666666,cifar100,cifar100,1,cifar100_shared_images,cifar100_shared_images,cifar100,cifar100_shared_images,cifar10|cifar100|cifar100_coarse|dermamnist|organcmnist|organsmnist|retinamnist|tissuemnist,cifar10|cifar100_shared_images|dermamnist|organmnist_views|retinamnist|tissuemnist,14,6,0.5714285714285714,0.6060283986727397,0.6060283986727397,0.0,0.0,0.6113829493522644,0.6113829493522644,0.0,5,8,17
vit_b16,dtd,random,7,8,17,0.5294117647058824,1,0.6666666666666666,1,0.6666666666666666,cifar100,cifar100,1,cifar100_shared_images,cifar100_shared_images,cifar100,cifar100_shared_images,bloodmnist|cifar100|cifar100_coarse|organsmnist|pathmnist|pneumoniamnist|tiny_imagenet|tissuemnist,bloodmnist|cifar100_shared_images|organmnist_views|pathmnist|pneumoniamnist|tiny_imagenet|tissuemnist,14,7,0.5,0.6060283986727397,0.6060283986727397,0.0,0.0,0.6113829493522644,0.6113829493522644,0.0,5,8,17
vit_b16,dtd,random,8,8,17,0.5294117647058824,0,0.3333333333333333,1,0.6666666666666666,cifar100,cifar100,1,cifar100_shared_images,cifar100_shared_images,cifar10,cifar10,bloodmnist|cifar10|cifar100_coarse|octmnist|organamnist|organcmnist|pathmnist|pneumoniamnist,bloodmnist|cifar10|cifar100_shared_images|octmnist|organmnist_views|pathmnist|pneumoniamnist,14,7,0.5,0.6060283986727397,0.6043617312113444,0.0016666674613953214,0.06762591505586067,0.6113829493522644,0.6147871971130371,-0.0034042477607726385,5,8,17
vit_b16,dtd,random,9,8,17,0.5294117647058824,1,1.0,1,1.0,cifar100,cifar100,1,cifar100_shared_images,cifar100_shared_images,cifar100,cifar100_shared_images,bloodmnist|cifar10|cifar100|dermamnist|organcmnist|pathmnist|tiny_imagenet|tissuemnist,bloodmnist|cifar10|cifar100_shared_images|dermamnist|organmnist_views|pathmnist|tiny_imagenet|tissuemnist,14,8,0.4285714285714286,0.6060283986727397,0.6060283986727397,0.0,0.0,0.6113829493522644,0.6113829493522644,0.0,5,8,17
vit_b16,dtd,random,10,8,17,0.5294117647058824,0,0.6666666666666666,1,1.0,cifar100,cifar100,1,cifar100_shared_images,cifar100_shared_images,tiny_imagenet,tiny_imagenet,bloodmnist|breastmnist|cifar10|cifar100_coarse|dermamnist|pathmnist|stl10|tiny_imagenet,bloodmnist|breastmnist|cifar10|cifar100_shared_images|dermamnist|pathmnist|stl10|tiny_imagenet,14,8,0.4285714285714286,0.6060283986727397,0.6059220067660014,0.00010639190673833454,0.004316907970168319,0.6113829493522644,0.6223404169082641,-0.01095746755599969,5,8,17
vit_b16,dtd,random,11,8,17,0.5294117647058824,1,0.6666666666666666,1,0.6666666666666666,cifar100,cifar100,1,cifar100_shared_images,cifar100_shared_images,cifar100,cifar100_shared_images,bloodmnist|cifar10|cifar100|cifar100_coarse|organcmnist|organsmnist|pathmnist|rendered_sst2,bloodmnist|cifar10|cifar100_shared_images|organmnist_views|pathmnist|rendered_sst2,14,6,0.5714285714285714,0.6060283986727397,0.6060283986727397,0.0,0.0,0.6113829493522644,0.6113829493522644,0.0,5,8,17
vit_b16,dtd,random,12,8,17,0.5294117647058824,1,0.6666666666666666,1,0.6666666666666666,cifar100,cifar100,1,cifar100_shared_images,cifar100_shared_images,cifar100,cifar100_shared_images,breastmnist|cifar100|dermamnist|organamnist|pathmnist|rendered_sst2|tiny_imagenet|tissuemnist,breastmnist|cifar100_shared_images|dermamnist|organmnist_views|pathmnist|rendered_sst2|tiny_imagenet|tissuemnist,14,8,0.4285714285714286,0.6060283986727397,0.6060283986727397,0.0,0.0,0.6113829493522644,0.6113829493522644,0.0,5,8,17
vit_b16,dtd,random,13,8,17,0.5294117647058824,0,0.3333333333333333,1,0.6666666666666666,cifar100,cifar100,1,cifar100_shared_images,cifar100_shared_images,tiny_imagenet,tiny_imagenet,breastmnist|cifar100_coarse|octmnist|organamnist|organcmnist|retinamnist|tiny_imagenet|tissuemnist,breastmnist|cifar100_shared_images|octmnist|organmnist_views|retinamnist|tiny_imagenet|tissuemnist,14,7,0.5,0.6060283986727397,0.6059220067660014,0.00010639190673833454,0.004316907970168319,0.6113829493522644,0.6223404169082641,-0.01095746755599969,5,8,17
vit_b16,dtd,random,14,8,17,0.5294117647058824,1,0.6666666666666666,1,0.6666666666666666,cifar100,cifar100,1,cifar100_shared_images,cifar100_shared_images,cifar100,cifar100_shared_images,breastmnist|cifar10|cifar100|organamnist|organcmnist|organsmnist|pneumoniamnist|retinamnist,breastmnist|cifar10|cifar100_shared_images|organmnist_views|pneumoniamnist|retinamnist,14,6,0.5714285714285714,0.6060283986727397,0.6060283986727397,0.0,0.0,0.6113829493522644,0.6113829493522644,0.0,5,8,17
vit_b16,dtd,random,15,8,17,0.5294117647058824,1,1.0,1,1.0,cifar100,cifar100,1,cifar100_shared_images,cifar100_shared_images,cifar100,cifar100_shared_images,cifar10|cifar100|cifar100_coarse|organsmnist|rendered_sst2|retinamnist|stl10|tiny_imagenet,cifar10|cifar100_shared_images|organmnist_views|rendered_sst2|retinamnist|stl10|tiny_imagenet,14,7,0.5,0.6060283986727397,0.6060283986727397,0.0,0.0,0.6113829493522644,0.6113829493522644,0.0,5,8,17
vit_b16,dtd,random,16,8,17,0.5294117647058824,1,0.6666666666666666,1,0.6666666666666666,cifar100,cifar100,1,cifar100_shared_images,cifar100_shared_images,cifar100,cifar100_shared_images,cifar10|cifar100|cifar100_coarse|dermamnist|pathmnist|rendered_sst2|retinamnist|tissuemnist,cifar10|cifar100_shared_images|dermamnist|pathmnist|rendered_sst2|retinamnist|tissuemnist,14,7,0.5,0.6060283986727397,0.6060283986727397,0.0,0.0,0.6113829493522644,0.6113829493522644,0.0,5,8,17
vit_b16,dtd,random,17,8,17,0.5294117647058824,1,1.0,1,1.0,cifar100,cifar100,1,cifar100_shared_images,cifar100_shared_images,cifar100,cifar100_shared_images,bloodmnist|cifar10|cifar100|octmnist|organamnist|organsmnist|tiny_imagenet|tissuemnist,bloodmnist|cifar10|cifar100_shared_images|octmnist|organmnist_views|tiny_imagenet|tissuemnist,14,7,0.5,0.6060283986727397,0.6060283986727397,0.0,0.0,0.6113829493522644,0.6113829493522644,0.0,5,8,17
vit_b16,dtd,random,18,8,17,0.5294117647058824,1,1.0,1,1.0,cifar100,cifar100,1,cifar100_shared_images,cifar100_shared_images,cifar100,cifar100_shared_images,cifar10|cifar100|dermamnist|octmnist|organamnist|organcmnist|tiny_imagenet|tissuemnist,cifar10|cifar100_shared_images|dermamnist|octmnist|organmnist_views|tiny_imagenet|tissuemnist,14,7,0.5,0.6060283986727397,0.6060283986727397,0.0,0.0,0.6113829493522644,0.6113829493522644,0.0,5,8,17
vit_b16,dtd,random,19,8,17,0.5294117647058824,0,0.3333333333333333,0,0.3333333333333333,cifar100,cifar100,1,cifar100_shared_images,cifar100_shared_images,tiny_imagenet,tiny_imagenet,breastmnist|octmnist|organamnist|organcmnist|organsmnist|pneumoniamnist|retinamnist|tiny_imagenet,breastmnist|octmnist|organmnist_views|pneumoniamnist|retinamnist|tiny_imagenet,14,6,0.5714285714285714,0.6060283986727397,0.6059220067660014,0.00010639190673833454,0.004316907970168319,0.6113829493522644,0.6223404169082641,-0.01095746755599969,5,8,17
vit_b16,dtd,random,20,8,17,0.5294117647058824,0,0.0,0,0.0,cifar100,cifar100,1,cifar100_shared_images,cifar100_shared_images,stl10,stl10,breastmnist|organamnist|organsmnist|pathmnist|pneumoniamnist|rendered_sst2|retinamnist|stl10,breastmnist|organmnist_views|pathmnist|pneumoniamnist|rendered_sst2|retinamnist|stl10,14,7,0.5,0.6060283986727397,0.6035106635093689,0.002517735163370838,0.10215843786181913,0.6113829493522644,0.6118084907531738,-0.000425541400909335,5,8,17
vit_b16,dtd,random,21,8,17,0.5294117647058824,0,0.3333333333333333,1,0.6666666666666666,cifar100,cifar100,1,cifar100_shared_images,cifar100_shared_images,tiny_imagenet,tiny_imagenet,bloodmnist|cifar100_coarse|organamnist|organcmnist|organsmnist|rendered_sst2|stl10|tiny_imagenet,bloodmnist|cifar100_shared_images|organmnist_views|rendered_sst2|stl10|tiny_imagenet,14,6,0.5714285714285714,0.6060283986727397,0.6059220067660014,0.00010639190673833454,0.004316907970168319,0.6113829493522644,0.6223404169082641,-0.01095746755599969,5,8,17
vit_b16,dtd,random,22,8,17,0.5294117647058824,0,0.6666666666666666,0,0.6666666666666666,cifar100,cifar100,1,cifar100_shared_images,cifar100_shared_images,tiny_imagenet,tiny_imagenet,breastmnist|cifar10|dermamnist|organsmnist|pneumoniamnist|retinamnist|stl10|tiny_imagenet,breastmnist|cifar10|dermamnist|organmnist_views|pneumoniamnist|retinamnist|stl10|tiny_imagenet,14,8,0.4285714285714286,0.6060283986727397,0.6059220067660014,0.00010639190673833454,0.004316907970168319,0.6113829493522644,0.6223404169082641,-0.01095746755599969,5,8,17
vit_b16,dtd,random,23,8,17,0.5294117647058824,0,0.6666666666666666,0,0.6666666666666666,cifar100,cifar100,1,cifar100_shared_images,cifar100_shared_images,tiny_imagenet,tiny_imagenet,cifar10|organamnist|organcmnist|organsmnist|pathmnist|retinamnist|tiny_imagenet|tissuemnist,cifar10|organmnist_views|pathmnist|retinamnist|tiny_imagenet|tissuemnist,14,6,0.5714285714285714,0.6060283986727397,0.6059220067660014,0.00010639190673833454,0.004316907970168319,0.6113829493522644,0.6223404169082641,-0.01095746755599969,5,8,17
vit_b16,dtd,random,24,8,17,0.5294117647058824,1,0.3333333333333333,1,0.3333333333333333,cifar100,cifar100,1,cifar100_shared_images,cifar100_shared_images,cifar100,cifar100_shared_images,cifar100|dermamnist|octmnist|organcmnist|pathmnist|pneumoniamnist|rendered_sst2|stl10,cifar100_shared_images|dermamnist|octmnist|organmnist_views|pathmnist|pneumoniamnist|rendered_sst2|stl10,14,8,0.4285714285714286,0.6060283986727397,0.6060283986727397,0.0,0.0,0.6113829493522644,0.6113829493522644,0.0,5,8,17
vit_b16,dtd,random,25,8,17,0.5294117647058824,0,0.6666666666666666,0,0.6666666666666666,cifar100,cifar100,1,cifar100_shared_images,cifar100_shared_images,tiny_imagenet,tiny_imagenet,cifar10|dermamnist|organsmnist|pathmnist|pneumoniamnist|rendered_sst2|tiny_imagenet|tissuemnist,cifar10|dermamnist|organmnist_views|pathmnist|pneumoniamnist|rendered_sst2|tiny_imagenet|tissuemnist,14,8,0.4285714285714286,0.6060283986727397,0.6059220067660014,0.00010639190673833454,0.004316907970168319,0.6113829493522644,0.6223404169082641,-0.01095746755599969,5,8,17
vit_b16,dtd,random,26,8,17,0.5294117647058824,0,0.6666666666666666,0,0.6666666666666666,cifar100,cifar100,1,cifar100_shared_images,cifar100_shared_images,tiny_imagenet,tiny_imagenet,bloodmnist|cifar10|organcmnist|pneumoniamnist|retinamnist|stl10|tiny_imagenet|tissuemnist,bloodmnist|cifar10|organmnist_views|pneumoniamnist|retinamnist|stl10|tiny_imagenet|tissuemnist,14,8,0.4285714285714286,0.6060283986727397,0.6059220067660014,0.00010639190673833454,0.004316907970168319,0.6113829493522644,0.6223404169082641,-0.01095746755599969,5,8,17
vit_b16,dtd,random,27,8,17,0.5294117647058824,1,1.0,1,1.0,cifar100,cifar100,1,cifar100_shared_images,cifar100_shared_images,cifar100,cifar100_shared_images,cifar10|cifar100|pathmnist|pneumoniamnist|rendered_sst2|stl10|tiny_imagenet|tissuemnist,cifar10|cifar100_shared_images|pathmnist|pneumoniamnist|rendered_sst2|stl10|tiny_imagenet|tissuemnist,14,8,0.4285714285714286,0.6060283986727397,0.6060283986727397,0.0,0.0,0.6113829493522644,0.6113829493522644,0.0,5,8,17
vit_b16,dtd,random,28,8,17,0.5294117647058824,1,1.0,1,1.0,cifar100,cifar100,1,cifar100_shared_images,cifar100_shared_images,cifar100,cifar100_shared_images,bloodmnist|cifar10|cifar100|octmnist|pathmnist|stl10|tiny_imagenet|tissuemnist,bloodmnist|cifar10|cifar100_shared_images|octmnist|pathmnist|stl10|tiny_imagenet|tissuemnist,14,8,0.4285714285714286,0.6060283986727397,0.6060283986727397,0.0,0.0,0.6113829493522644,0.6113829493522644,0.0,5,8,17
vit_b16,dtd,random,29,8,17,0.5294117647058824,0,0.3333333333333333,1,0.6666666666666666,cifar100,cifar100,1,cifar100_shared_images,cifar100_shared_images,tiny_imagenet,tiny_imagenet,bloodmnist|cifar100_coarse|organcmnist|pneumoniamnist|rendered_sst2|retinamnist|stl10|tiny_imagenet,bloodmnist|cifar100_shared_images|organmnist_views|pneumoniamnist|rendered_sst2|retinamnist|stl10|tiny_imagenet,14,8,0.4285714285714286,0.6060283986727397,0.6059220067660014,0.00010639190673833454,0.004316907970168319,0.6113829493522644,0.6223404169082641,-0.01095746755599969,5,8,17
vit_b16,dtd,random,30,8,17,0.5294117647058824,1,0.3333333333333333,1,0.3333333333333333,cifar100,cifar100,1,cifar100_shared_images,cifar100_shared_images,cifar100,cifar100_shared_images,cifar100|cifar100_coarse|dermamnist|octmnist|organsmnist|pneumoniamnist|retinamnist|tissuemnist,cifar100_shared_images|dermamnist|octmnist|organmnist_views|pneumoniamnist|retinamnist|tissuemnist,14,7,0.5,0.6060283986727397,0.6060283986727397,0.0,0.0,0.6113829493522644,0.6113829493522644,0.0,5,8,17
vit_b16,dtd,random,31,8,17,0.5294117647058824,1,0.6666666666666666,1,0.6666666666666666,cifar100,cifar100,1,cifar100_shared_images,cifar100_shared_images,cifar100,cifar100_shared_images,cifar10|cifar100|octmnist|organamnist|pathmnist|rendered_sst2|stl10|tissuemnist,cifar10|cifar100_shared_images|octmnist|organmnist_views|pathmnist|rendered_sst2|stl10|tissuemnist,14,8,0.4285714285714286,0.6060283986727397,0.6060283986727397,0.0,0.0,0.6113829493522644,0.6113829493522644,0.0,5,8,17
vit_b16,dtd,random,32,8,17,0.5294117647058824,1,1.0,1,1.0,cifar100,cifar100,1,cifar100_shared_images,cifar100_shared_images,cifar100,cifar100_shared_images,cifar10|cifar100|octmnist|organsmnist|pathmnist|rendered_sst2|stl10|tiny_imagenet,cifar10|cifar100_shared_images|octmnist|organmnist_views|pathmnist|rendered_sst2|stl10|tiny_imagenet,14,8,0.4285714285714286,0.6060283986727397,0.6060283986727397,0.0,0.0,0.6113829493522644,0.6113829493522644,0.0,5,8,17
vit_b16,dtd,random,33,8,17,0.5294117647058824,0,0.0,0,0.0,cifar100,cifar100,1,cifar100_shared_images,cifar100_shared_images,organsmnist,organmnist_views,bloodmnist|dermamnist|octmnist|organamnist|organcmnist|organsmnist|pathmnist|rendered_sst2,bloodmnist|dermamnist|octmnist|organmnist_views|pathmnist|rendered_sst2,14,6,0.5714285714285714,0.6060283986727397,0.6025886805852254,0.0034397180875143096,0.139568383370014,0.6113829493522644,0.6077659368515015,0.0036170125007629617,5,8,17
vit_b16,dtd,random,34,8,17,0.5294117647058824,1,0.3333333333333333,1,0.3333333333333333,cifar100,cifar100,1,cifar100_shared_images,cifar100_shared_images,cifar100,cifar100_shared_images,bloodmnist|cifar100|octmnist|organamnist|organsmnist|pneumoniamnist|retinamnist|tissuemnist,bloodmnist|cifar100_shared_images|octmnist|organmnist_views|pneumoniamnist|retinamnist|tissuemnist,14,7,0.5,0.6060283986727397,0.6060283986727397,0.0,0.0,0.6113829493522644,0.6113829493522644,0.0,5,8,17
vit_b16,dtd,random,35,8,17,0.5294117647058824,0,0.6666666666666666,1,1.0,cifar100,cifar100,1,cifar100_shared_images,cifar100_shared_images,tiny_imagenet,tiny_imagenet,bloodmnist|cifar10|cifar100_coarse|organcmnist|organsmnist|stl10|tiny_imagenet|tissuemnist,bloodmnist|cifar10|cifar100_shared_images|organmnist_views|stl10|tiny_imagenet|tissuemnist,14,7,0.5,0.6060283986727397,0.6059220067660014,0.00010639190673833454,0.004316907970168319,0.6113829493522644,0.6223404169082641,-0.01095746755599969,5,8,17
vit_b16,dtd,random,36,8,17,0.5294117647058824,0,0.6666666666666666,0,0.6666666666666666,cifar100,cifar100,1,cifar100_shared_images,cifar100_shared_images,tiny_imagenet,tiny_imagenet,breastmnist|cifar10|octmnist|organamnist|organcmnist|organsmnist|rendered_sst2|tiny_imagenet,breastmnist|cifar10|octmnist|organmnist_views|rendered_sst2|tiny_imagenet,14,6,0.5714285714285714,0.6060283986727397,0.6059220067660014,0.00010639190673833454,0.004316907970168319,0.6113829493522644,0.6223404169082641,-0.01095746755599969,5,8,17
vit_b16,dtd,random,37,8,17,0.5294117647058824,0,0.6666666666666666,0,0.6666666666666666,cifar100,cifar100,1,cifar100_shared_images,cifar100_shared_images,tiny_imagenet,tiny_imagenet,cifar10|dermamnist|organamnist|organcmnist|pathmnist|pneumoniamnist|stl10|tiny_imagenet,cifar10|dermamnist|organmnist_views|pathmnist|pneumoniamnist|stl10|tiny_imagenet,14,7,0.5,0.6060283986727397,0.6059220067660014,0.00010639190673833454,0.004316907970168319,0.6113829493522644,0.6223404169082641,-0.01095746755599969,5,8,17
vit_b16,dtd,random,38,8,17,0.5294117647058824,0,0.3333333333333333,0,0.3333333333333333,cifar100,cifar100,1,cifar100_shared_images,cifar100_shared_images,tiny_imagenet,tiny_imagenet,bloodmnist|octmnist|organamnist|organsmnist|pneumoniamnist|rendered_sst2|retinamnist|tiny_imagenet,bloodmnist|octmnist|organmnist_views|pneumoniamnist|rendered_sst2|retinamnist|tiny_imagenet,14,7,0.5,0.6060283986727397,0.6059220067660014,0.00010639190673833454,0.004316907970168319,0.6113829493522644,0.6223404169082641,-0.01095746755599969,5,8,17
vit_b16,dtd,random,39,8,17,0.5294117647058824,0,0.0,0,0.0,cifar100,cifar100,1,cifar100_shared_images,cifar100_shared_images,organsmnist,organmnist_views,bloodmnist|breastmnist|dermamnist|organamnist|organcmnist|organsmnist|retinamnist|tissuemnist,bloodmnist|breastmnist|dermamnist|organmnist_views|retinamnist|tissuemnist,14,6,0.5714285714285714,0.6060283986727397,0.6025886805852254,0.0034397180875143096,0.139568383370014,0.6113829493522644,0.6077659368515015,0.0036170125007629617,5,8,17
vit_b16,dtd,random,40,8,17,0.5294117647058824,1,0.3333333333333333,1,0.3333333333333333,cifar100,cifar100,1,cifar100_shared_images,cifar100_shared_images,cifar100,cifar100_shared_images,breastmnist|cifar100|organamnist|organcmnist|organsmnist|pneumoniamnist|retinamnist|stl10,breastmnist|cifar100_shared_images|organmnist_views|pneumoniamnist|retinamnist|stl10,14,6,0.5714285714285714,0.6060283986727397,0.6060283986727397,0.0,0.0,0.6113829493522644,0.6113829493522644,0.0,5,8,17
vit_b16,dtd,random,41,8,17,0.5294117647058824,1,1.0,1,1.0,cifar100,cifar100,1,cifar100_shared_images,cifar100_shared_images,cifar100,cifar100_shared_images,cifar10|cifar100|organcmnist|organsmnist|pathmnist|rendered_sst2|stl10|tiny_imagenet,cifar10|cifar100_shared_images|organmnist_views|pathmnist|rendered_sst2|stl10|tiny_imagenet,14,7,0.5,0.6060283986727397,0.6060283986727397,0.0,0.0,0.6113829493522644,0.6113829493522644,0.0,5,8,17
vit_b16,dtd,random,42,8,17,0.5294117647058824,0,0.3333333333333333,0,0.3333333333333333,cifar100,cifar100,1,cifar100_shared_images,cifar100_shared_images,cifar10,cifar10,bloodmnist|cifar10|octmnist|organamnist|organcmnist|organsmnist|pathmnist|pneumoniamnist,bloodmnist|cifar10|octmnist|organmnist_views|pathmnist|pneumoniamnist,14,6,0.5714285714285714,0.6060283986727397,0.6043617312113444,0.0016666674613953214,0.06762591505586067,0.6113829493522644,0.6147871971130371,-0.0034042477607726385,5,8,17
vit_b16,dtd,random,43,8,17,0.5294117647058824,0,0.0,1,0.3333333333333333,cifar100,cifar100,1,cifar100_shared_images,cifar100_shared_images,stl10,stl10,breastmnist|cifar100_coarse|octmnist|organamnist|organcmnist|pathmnist|rendered_sst2|stl10,breastmnist|cifar100_shared_images|octmnist|organmnist_views|pathmnist|rendered_sst2|stl10,14,7,0.5,0.6060283986727397,0.6035106635093689,0.002517735163370838,0.10215843786181913,0.6113829493522644,0.6118084907531738,-0.000425541400909335,5,8,17
vit_b16,dtd,random,44,8,17,0.5294117647058824,0,0.3333333333333333,0,0.3333333333333333,cifar100,cifar100,1,cifar100_shared_images,cifar100_shared_images,tiny_imagenet,tiny_imagenet,bloodmnist|breastmnist|octmnist|organamnist|pathmnist|retinamnist|stl10|tiny_imagenet,bloodmnist|breastmnist|octmnist|organmnist_views|pathmnist|retinamnist|stl10|tiny_imagenet,14,8,0.4285714285714286,0.6060283986727397,0.6059220067660014,0.00010639190673833454,0.004316907970168319,0.6113829493522644,0.6223404169082641,-0.01095746755599969,5,8,17
vit_b16,dtd,random,45,8,17,0.5294117647058824,1,0.6666666666666666,1,0.6666666666666666,cifar100,cifar100,1,cifar100_shared_images,cifar100_shared_images,cifar100,cifar100_shared_images,breastmnist|cifar100|organsmnist|pathmnist|rendered_sst2|retinamnist|tiny_imagenet|tissuemnist,breastmnist|cifar100_shared_images|organmnist_views|pathmnist|rendered_sst2|retinamnist|tiny_imagenet|tissuemnist,14,8,0.4285714285714286,0.6060283986727397,0.6060283986727397,0.0,0.0,0.6113829493522644,0.6113829493522644,0.0,5,8,17
vit_b16,dtd,random,46,8,17,0.5294117647058824,1,0.3333333333333333,1,0.3333333333333333,cifar100,cifar100,1,cifar100_shared_images,cifar100_shared_images,cifar100,cifar100_shared_images,bloodmnist|cifar100|octmnist|organamnist|organcmnist|pneumoniamnist|retinamnist|tissuemnist,bloodmnist|cifar100_shared_images|octmnist|organmnist_views|pneumoniamnist|retinamnist|tissuemnist,14,7,0.5,0.6060283986727397,0.6060283986727397,0.0,0.0,0.6113829493522644,0.6113829493522644,0.0,5,8,17
vit_b16,dtd,random,47,8,17,0.5294117647058824,0,0.3333333333333333,1,0.6666666666666666,cifar100,cifar100,1,cifar100_shared_images,cifar100_shared_images,tiny_imagenet,tiny_imagenet,breastmnist|cifar100_coarse|dermamnist|organsmnist|pathmnist|pneumoniamnist|tiny_imagenet|tissuemnist,breastmnist|cifar100_shared_images|dermamnist|organmnist_views|pathmnist|pneumoniamnist|tiny_imagenet|tissuemnist,14,8,0.4285714285714286,0.6060283986727397,0.6059220067660014,0.00010639190673833454,0.004316907970168319,0.6113829493522644,0.6223404169082641,-0.01095746755599969,5,8,17
vit_b16,dtd,random,48,8,17,0.5294117647058824,1,0.6666666666666666,1,0.6666666666666666,cifar100,cifar100,1,cifar100_shared_images,cifar100_shared_images,cifar100,cifar100_shared_images,bloodmnist|cifar10|cifar100|octmnist|organcmnist|organsmnist|rendered_sst2|tissuemnist,bloodmnist|cifar10|cifar100_shared_images|octmnist|organmnist_views|rendered_sst2|tissuemnist,14,7,0.5,0.6060283986727397,0.6060283986727397,0.0,0.0,0.6113829493522644,0.6113829493522644,0.0,5,8,17
vit_b16,dtd,random,49,8,17,0.5294117647058824,1,1.0,1,1.0,cifar100,cifar100,1,cifar100_shared_images,cifar100_shared_images,cifar100,cifar100_shared_images,bloodmnist|cifar10|cifar100|cifar100_coarse|octmnist|organamnist|pneumoniamnist|tiny_imagenet,bloodmnist|cifar10|cifar100_shared_images|octmnist|organmnist_views|pneumoniamnist|tiny_imagenet,14,7,0.5,0.6060283986727397,0.6060283986727397,0.0,0.0,0.6113829493522644,0.6113829493522644,0.0,5,8,17
vit_b16,dtd,random,50,8,17,0.5294117647058824,0,0.3333333333333333,1,0.6666666666666666,cifar100,cifar100,1,cifar100_shared_images,cifar100_shared_images,tiny_imagenet,tiny_imagenet,bloodmnist|cifar100_coarse|octmnist|organcmnist|organsmnist|pathmnist|tiny_imagenet|tissuemnist,bloodmnist|cifar100_shared_images|octmnist|organmnist_views|pathmnist|tiny_imagenet|tissuemnist,14,7,0.5,0.6060283986727397,0.6059220067660014,0.00010639190673833454,0.004316907970168319,0.6113829493522644,0.6223404169082641,-0.01095746755599969,5,8,17
vit_b16,dtd,random,51,8,17,0.5294117647058824,1,1.0,1,1.0,cifar100,cifar100,1,cifar100_shared_images,cifar100_shared_images,cifar100,cifar100_shared_images,breastmnist|cifar10|cifar100|cifar100_coarse|organamnist|rendered_sst2|tiny_imagenet|tissuemnist,breastmnist|cifar10|cifar100_shared_images|organmnist_views|rendered_sst2|tiny_imagenet|tissuemnist,14,7,0.5,0.6060283986727397,0.6060283986727397,0.0,0.0,0.6113829493522644,0.6113829493522644,0.0,5,8,17
vit_b16,dtd,random,52,8,17,0.5294117647058824,1,0.6666666666666666,1,0.6666666666666666,cifar100,cifar100,1,cifar100_shared_images,cifar100_shared_images,cifar100,cifar100_shared_images,bloodmnist|cifar100|cifar100_coarse|dermamnist|organamnist|organsmnist|stl10|tiny_imagenet,bloodmnist|cifar100_shared_images|dermamnist|organmnist_views|stl10|tiny_imagenet,14,6,0.5714285714285714,0.6060283986727397,0.6060283986727397,0.0,0.0,0.6113829493522644,0.6113829493522644,0.0,5,8,17
vit_b16,dtd,random,53,8,17,0.5294117647058824,1,0.6666666666666666,1,0.6666666666666666,cifar100,cifar100,1,cifar100_shared_images,cifar100_shared_images,cifar100,cifar100_shared_images,breastmnist|cifar100|cifar100_coarse|octmnist|organamnist|pathmnist|stl10|tiny_imagenet,breastmnist|cifar100_shared_images|octmnist|organmnist_views|pathmnist|stl10|tiny_imagenet,14,7,0.5,0.6060283986727397,0.6060283986727397,0.0,0.0,0.6113829493522644,0.6113829493522644,0.0,5,8,17
vit_b16,dtd,random,54,8,17,0.5294117647058824,0,0.6666666666666666,0,0.6666666666666666,cifar100,cifar100,1,cifar100_shared_images,cifar100_shared_images,tiny_imagenet,tiny_imagenet,bloodmnist|cifar10|octmnist|organamnist|organcmnist|pathmnist|tiny_imagenet|tissuemnist,bloodmnist|cifar10|octmnist|organmnist_views|pathmnist|tiny_imagenet|tissuemnist,14,7,0.5,0.6060283986727397,0.6059220067660014,0.00010639190673833454,0.004316907970168319,0.6113829493522644,0.6223404169082641,-0.01095746755599969,5,8,17
vit_b16,dtd,random,55,8,17,0.5294117647058824,0,0.3333333333333333,1,0.6666666666666666,cifar100,cifar100,1,cifar100_shared_images,cifar100_shared_images,tiny_imagenet,tiny_imagenet,bloodmnist|breastmnist|cifar100_coarse|dermamnist|organcmnist|organsmnist|rendered_sst2|tiny_imagenet,bloodmnist|breastmnist|cifar100_shared_images|dermamnist|organmnist_views|rendered_sst2|tiny_imagenet,14,7,0.5,0.6060283986727397,0.6059220067660014,0.00010639190673833454,0.004316907970168319,0.6113829493522644,0.6223404169082641,-0.01095746755599969,5,8,17
vit_b16,dtd,random,56,8,17,0.5294117647058824,1,0.3333333333333333,1,0.3333333333333333,cifar100,cifar100,1,cifar100_shared_images,cifar100_shared_images,cifar100,cifar100_shared_images,breastmnist|cifar100|dermamnist|octmnist|organamnist|retinamnist|stl10|tissuemnist,breastmnist|cifar100_shared_images|dermamnist|octmnist|organmnist_views|retinamnist|stl10|tissuemnist,14,8,0.4285714285714286,0.6060283986727397,0.6060283986727397,0.0,0.0,0.6113829493522644,0.6113829493522644,0.0,5,8,17
vit_b16,dtd,random,57,8,17,0.5294117647058824,1,1.0,1,1.0,cifar100,cifar100,1,cifar100_shared_images,cifar100_shared_images,cifar100,cifar100_shared_images,cifar10|cifar100|octmnist|organamnist|organsmnist|pathmnist|rendered_sst2|tiny_imagenet,cifar10|cifar100_shared_images|octmnist|organmnist_views|pathmnist|rendered_sst2|tiny_imagenet,14,7,0.5,0.6060283986727397,0.6060283986727397,0.0,0.0,0.6113829493522644,0.6113829493522644,0.0,5,8,17
vit_b16,dtd,random,58,8,17,0.5294117647058824,1,0.3333333333333333,1,0.3333333333333333,cifar100,cifar100,1,cifar100_shared_images,cifar100_shared_images,cifar100,cifar100_shared_images,bloodmnist|breastmnist|cifar100|octmnist|organsmnist|pathmnist|pneumoniamnist|retinamnist,bloodmnist|breastmnist|cifar100_shared_images|octmnist|organmnist_views|pathmnist|pneumoniamnist|retinamnist,14,8,0.4285714285714286,0.6060283986727397,0.6060283986727397,0.0,0.0,0.6113829493522644,0.6113829493522644,0.0,5,8,17
vit_b16,dtd,random,59,8,17,0.5294117647058824,1,0.6666666666666666,1,0.6666666666666666,cifar100,cifar100,1,cifar100_shared_images,cifar100_shared_images,cifar100,cifar100_shared_images,breastmnist|cifar10|cifar100|octmnist|organamnist|pneumoniamnist|retinamnist|stl10,breastmnist|cifar10|cifar100_shared_images|octmnist|organmnist_views|pneumoniamnist|retinamnist|stl10,14,8,0.4285714285714286,0.6060283986727397,0.6060283986727397,0.0,0.0,0.6113829493522644,0.6113829493522644,0.0,5,8,17
vit_b16,dtd,random,60,8,17,0.5294117647058824,1,0.6666666666666666,1,0.6666666666666666,cifar100,cifar100,1,cifar100_shared_images,cifar100_shared_images,cifar100,cifar100_shared_images,breastmnist|cifar100|organamnist|organsmnist|pathmnist|rendered_sst2|retinamnist|tiny_imagenet,breastmnist|cifar100_shared_images|organmnist_views|pathmnist|rendered_sst2|retinamnist|tiny_imagenet,14,7,0.5,0.6060283986727397,0.6060283986727397,0.0,0.0,0.6113829493522644,0.6113829493522644,0.0,5,8,17
vit_b16,dtd,random,61,8,17,0.5294117647058824,0,0.3333333333333333,1,0.6666666666666666,cifar100,cifar100,1,cifar100_shared_images,cifar100_shared_images,cifar10,cifar10,breastmnist|cifar10|cifar100_coarse|organsmnist|pneumoniamnist|rendered_sst2|stl10|tissuemnist,breastmnist|cifar10|cifar100_shared_images|organmnist_views|pneumoniamnist|rendered_sst2|stl10|tissuemnist,14,8,0.4285714285714286,0.6060283986727397,0.6043617312113444,0.0016666674613953214,0.06762591505586067,0.6113829493522644,0.6147871971130371,-0.0034042477607726385,5,8,17
vit_b16,dtd,random,62,8,17,0.5294117647058824,1,0.6666666666666666,1,0.6666666666666666,cifar100,cifar100,1,cifar100_shared_images,cifar100_shared_images,cifar100,cifar100_shared_images,breastmnist|cifar10|cifar100|cifar100_coarse|dermamnist|organsmnist|pneumoniamnist|retinamnist,breastmnist|cifar10|cifar100_shared_images|dermamnist|organmnist_views|pneumoniamnist|retinamnist,14,7,0.5,0.6060283986727397,0.6060283986727397,0.0,0.0,0.6113829493522644,0.6113829493522644,0.0,5,8,17
vit_b16,dtd,random,63,8,17,0.5294117647058824,0,0.3333333333333333,0,0.3333333333333333,cifar100,cifar100,1,cifar100_shared_images,cifar100_shared_images,cifar10,cifar10,bloodmnist|cifar10|dermamnist|organamnist|organsmnist|rendered_sst2|retinamnist|tissuemnist,bloodmnist|cifar10|dermamnist|organmnist_views|rendered_sst2|retinamnist|tissuemnist,14,7,0.5,0.6060283986727397,0.6043617312113444,0.0016666674613953214,0.06762591505586067,0.6113829493522644,0.6147871971130371,-0.0034042477607726385,5,8,17
vit_b16,dtd,random,64,8,17,0.5294117647058824,1,0.3333333333333333,1,0.3333333333333333,cifar100,cifar100,1,cifar100_shared_images,cifar100_shared_images,cifar100,cifar100_shared_images,breastmnist|cifar100|cifar100_coarse|dermamnist|organamnist|organsmnist|rendered_sst2|tissuemnist,breastmnist|cifar100_shared_images|dermamnist|organmnist_views|rendered_sst2|tissuemnist,14,6,0.5714285714285714,0.6060283986727397,0.6060283986727397,0.0,0.0,0.6113829493522644,0.6113829493522644,0.0,5,8,17
vit_b16,dtd,random,65,8,17,0.5294117647058824,1,0.6666666666666666,1,0.6666666666666666,cifar100,cifar100,1,cifar100_shared_images,cifar100_shared_images,cifar100,cifar100_shared_images,cifar100|cifar100_coarse|pathmnist|pneumoniamnist|rendered_sst2|retinamnist|tiny_imagenet|tissuemnist,cifar100_shared_images|pathmnist|pneumoniamnist|rendered_sst2|retinamnist|tiny_imagenet|tissuemnist,14,7,0.5,0.6060283986727397,0.6060283986727397,0.0,0.0,0.6113829493522644,0.6113829493522644,0.0,5,8,17
vit_b16,dtd,random,66,8,17,0.5294117647058824,1,0.3333333333333333,1,0.3333333333333333,cifar100,cifar100,1,cifar100_shared_images,cifar100_shared_images,cifar100,cifar100_shared_images,bloodmnist|breastmnist|cifar100|octmnist|organamnist|organsmnist|pathmnist|stl10,bloodmnist|breastmnist|cifar100_shared_images|octmnist|organmnist_views|pathmnist|stl10,14,7,0.5,0.6060283986727397,0.6060283986727397,0.0,0.0,0.6113829493522644,0.6113829493522644,0.0,5,8,17
vit_b16,dtd,random,67,8,17,0.5294117647058824,0,0.3333333333333333,1,0.6666666666666666,cifar100,cifar100,1,cifar100_shared_images,cifar100_shared_images,cifar10,cifar10,cifar10|cifar100_coarse|octmnist|organsmnist|pathmnist|pneumoniamnist|retinamnist|tissuemnist,cifar10|cifar100_shared_images|octmnist|organmnist_views|pathmnist|pneumoniamnist|retinamnist|tissuemnist,14,8,0.4285714285714286,0.6060283986727397,0.6043617312113444,0.0016666674613953214,0.06762591505586067,0.6113829493522644,0.6147871971130371,-0.0034042477607726385,5,8,17
vit_b16,dtd,random,68,8,17,0.5294117647058824,0,0.6666666666666666,0,0.6666666666666666,cifar100,cifar100,1,cifar100_shared_images,cifar100_shared_images,tiny_imagenet,tiny_imagenet,bloodmnist|cifar10|octmnist|organsmnist|pathmnist|pneumoniamnist|tiny_imagenet|tissuemnist,bloodmnist|cifar10|octmnist|organmnist_views|pathmnist|pneumoniamnist|tiny_imagenet|tissuemnist,14,8,0.4285714285714286,0.6060283986727397,0.6059220067660014,0.00010639190673833454,0.004316907970168319,0.6113829493522644,0.6223404169082641,-0.01095746755599969,5,8,17
vit_b16,dtd,random,69,8,17,0.5294117647058824,1,0.6666666666666666,1,0.6666666666666666,cifar100,cifar100,1,cifar100_shared_images,cifar100_shared_images,cifar100,cifar100_shared_images,breastmnist|cifar100|organsmnist|pathmnist|rendered_sst2|stl10|tiny_imagenet|tissuemnist,breastmnist|cifar100_shared_images|organmnist_views|pathmnist|rendered_sst2|stl10|tiny_imagenet|tissuemnist,14,8,0.4285714285714286,0.6060283986727397,0.6060283986727397,0.0,0.0,0.6113829493522644,0.6113829493522644,0.0,5,8,17
vit_b16,dtd,random,70,8,17,0.5294117647058824,0,0.6666666666666666,0,0.6666666666666666,cifar100,cifar100,1,cifar100_shared_images,cifar100_shared_images,tiny_imagenet,tiny_imagenet,bloodmnist|breastmnist|cifar10|dermamnist|organsmnist|stl10|tiny_imagenet|tissuemnist,bloodmnist|breastmnist|cifar10|dermamnist|organmnist_views|stl10|tiny_imagenet|tissuemnist,14,8,0.4285714285714286,0.6060283986727397,0.6059220067660014,0.00010639190673833454,0.004316907970168319,0.6113829493522644,0.6223404169082641,-0.01095746755599969,5,8,17
vit_b16,dtd,random,71,8,17,0.5294117647058824,0,0.3333333333333333,1,0.6666666666666666,cifar100,cifar100,1,cifar100_shared_images,cifar100_shared_images,cifar10,cifar10,bloodmnist|cifar10|cifar100_coarse|octmnist|organcmnist|organsmnist|rendered_sst2|tissuemnist,bloodmnist|cifar10|cifar100_shared_images|octmnist|organmnist_views|rendered_sst2|tissuemnist,14,7,0.5,0.6060283986727397,0.6043617312113444,0.0016666674613953214,0.06762591505586067,0.6113829493522644,0.6147871971130371,-0.0034042477607726385,5,8,17
vit_b16,dtd,random,72,8,17,0.5294117647058824,0,0.0,0,0.0,cifar100,cifar100,1,cifar100_shared_images,cifar100_shared_images,stl10,stl10,bloodmnist|dermamnist|octmnist|organcmnist|pathmnist|retinamnist|stl10|tissuemnist,bloodmnist|dermamnist|octmnist|organmnist_views|pathmnist|retinamnist|stl10|tissuemnist,14,8,0.4285714285714286,0.6060283986727397,0.6035106635093689,0.002517735163370838,0.10215843786181913,0.6113829493522644,0.6118084907531738,-0.000425541400909335,5,8,17
vit_b16,dtd,random,73,8,17,0.5294117647058824,0,0.3333333333333333,1,0.6666666666666666,cifar100,cifar100,1,cifar100_shared_images,cifar100_shared_images,tiny_imagenet,tiny_imagenet,cifar100_coarse|octmnist|organcmnist|pathmnist|pneumoniamnist|retinamnist|stl10|tiny_imagenet,cifar100_shared_images|octmnist|organmnist_views|pathmnist|pneumoniamnist|retinamnist|stl10|tiny_imagenet,14,8,0.4285714285714286,0.6060283986727397,0.6059220067660014,0.00010639190673833454,0.004316907970168319,0.6113829493522644,0.6223404169082641,-0.01095746755599969,5,8,17
vit_b16,dtd,random,74,8,17,0.5294117647058824,0,0.3333333333333333,0,0.3333333333333333,cifar100,cifar100,1,cifar100_shared_images,cifar100_shared_images,cifar10,cifar10,cifar10|dermamnist|octmnist|organamnist|organcmnist|organsmnist|rendered_sst2|stl10,cifar10|dermamnist|octmnist|organmnist_views|rendered_sst2|stl10,14,6,0.5714285714285714,0.6060283986727397,0.6043617312113444,0.0016666674613953214,0.06762591505586067,0.6113829493522644,0.6147871971130371,-0.0034042477607726385,5,8,17
vit_b16,dtd,random,75,8,17,0.5294117647058824,0,0.0,1,0.3333333333333333,cifar100,cifar100,1,cifar100_shared_images,cifar100_shared_images,pathmnist,pathmnist,bloodmnist|cifar100_coarse|dermamnist|organcmnist|pathmnist|pneumoniamnist|rendered_sst2|tissuemnist,bloodmnist|cifar100_shared_images|dermamnist|organmnist_views|pathmnist|pneumoniamnist|rendered_sst2|tissuemnist,14,8,0.4285714285714286,0.6060283986727397,0.6015603105227153,0.0044680881500244185,0.18129504336916985,0.6113829493522644,0.6068084955215454,0.004574453830719083,5,8,17
vit_b16,dtd,random,76,8,17,0.5294117647058824,0,0.3333333333333333,1,0.6666666666666666,cifar100,cifar100,1,cifar100_shared_images,cifar100_shared_images,cifar10,cifar10,breastmnist|cifar10|cifar100_coarse|organamnist|organsmnist|pneumoniamnist|retinamnist|tissuemnist,breastmnist|cifar10|cifar100_shared_images|organmnist_views|pneumoniamnist|retinamnist|tissuemnist,14,7,0.5,0.6060283986727397,0.6043617312113444,0.0016666674613953214,0.06762591505586067,0.6113829493522644,0.6147871971130371,-0.0034042477607726385,5,8,17
vit_b16,dtd,random,77,8,17,0.5294117647058824,0,0.3333333333333333,0,0.3333333333333333,cifar100,cifar100,1,cifar100_shared_images,cifar100_shared_images,tiny_imagenet,tiny_imagenet,breastmnist|dermamnist|organamnist|organcmnist|organsmnist|rendered_sst2|retinamnist|tiny_imagenet,breastmnist|dermamnist|organmnist_views|rendered_sst2|retinamnist|tiny_imagenet,14,6,0.5714285714285714,0.6060283986727397,0.6059220067660014,0.00010639190673833454,0.004316907970168319,0.6113829493522644,0.6223404169082641,-0.01095746755599969,5,8,17
vit_b16,dtd,random,78,8,17,0.5294117647058824,0,0.3333333333333333,0,0.3333333333333333,cifar100,cifar100,1,cifar100_shared_images,cifar100_shared_images,cifar10,cifar10,cifar10|organcmnist|organsmnist|pathmnist|pneumoniamnist|retinamnist|stl10|tissuemnist,cifar10|organmnist_views|pathmnist|pneumoniamnist|retinamnist|stl10|tissuemnist,14,7,0.5,0.6060283986727397,0.6043617312113444,0.0016666674613953214,0.06762591505586067,0.6113829493522644,0.6147871971130371,-0.0034042477607726385,5,8,17
vit_b16,dtd,random,79,8,17,0.5294117647058824,1,0.6666666666666666,1,0.6666666666666666,cifar100,cifar100,1,cifar100_shared_images,cifar100_shared_images,cifar100,cifar100_shared_images,cifar10|cifar100|dermamnist|octmnist|organamnist|pathmnist|pneumoniamnist|tissuemnist,cifar10|cifar100_shared_images|dermamnist|octmnist|organmnist_views|pathmnist|pneumoniamnist|tissuemnist,14,8,0.4285714285714286,0.6060283986727397,0.6060283986727397,0.0,0.0,0.6113829493522644,0.6113829493522644,0.0,5,8,17
vit_b16,dtd,random,80,8,17,0.5294117647058824,1,0.3333333333333333,1,0.3333333333333333,cifar100,cifar100,1,cifar100_shared_images,cifar100_shared_images,cifar100,cifar100_shared_images,bloodmnist|cifar100|cifar100_coarse|dermamnist|organcmnist|organsmnist|pneumoniamnist|tissuemnist,bloodmnist|cifar100_shared_images|dermamnist|organmnist_views|pneumoniamnist|tissuemnist,14,6,0.5714285714285714,0.6060283986727397,0.6060283986727397,0.0,0.0,0.6113829493522644,0.6113829493522644,0.0,5,8,17
vit_b16,dtd,random,81,8,17,0.5294117647058824,1,0.6666666666666666,1,0.6666666666666666,cifar100,cifar100,1,cifar100_shared_images,cifar100_shared_images,cifar100,cifar100_shared_images,breastmnist|cifar100|organamnist|organcmnist|pathmnist|retinamnist|tiny_imagenet|tissuemnist,breastmnist|cifar100_shared_images|organmnist_views|pathmnist|retinamnist|tiny_imagenet|tissuemnist,14,7,0.5,0.6060283986727397,0.6060283986727397,0.0,0.0,0.6113829493522644,0.6113829493522644,0.0,5,8,17
vit_b16,dtd,random,82,8,17,0.5294117647058824,0,0.6666666666666666,1,1.0,cifar100,cifar100,1,cifar100_shared_images,cifar100_shared_images,tiny_imagenet,tiny_imagenet,breastmnist|cifar10|cifar100_coarse|dermamnist|octmnist|retinamnist|stl10|tiny_imagenet,breastmnist|cifar10|cifar100_shared_images|dermamnist|octmnist|retinamnist|stl10|tiny_imagenet,14,8,0.4285714285714286,0.6060283986727397,0.6059220067660014,0.00010639190673833454,0.004316907970168319,0.6113829493522644,0.6223404169082641,-0.01095746755599969,5,8,17
vit_b16,dtd,random,83,8,17,0.5294117647058824,0,0.0,0,0.0,cifar100,cifar100,1,cifar100_shared_images,cifar100_shared_images,stl10,stl10,bloodmnist|dermamnist|octmnist|organcmnist|organsmnist|pathmnist|pneumoniamnist|stl10,bloodmnist|dermamnist|octmnist|organmnist_views|pathmnist|pneumoniamnist|stl10,14,7,0.5,0.6060283986727397,0.6035106635093689,0.002517735163370838,0.10215843786181913,0.6113829493522644,0.6118084907531738,-0.000425541400909335,5,8,17
vit_b16,dtd,random,84,8,17,0.5294117647058824,0,0.3333333333333333,0,0.3333333333333333,cifar100,cifar100,1,cifar100_shared_images,cifar100_shared_images,tiny_imagenet,tiny_imagenet,breastmnist|octmnist|organcmnist|pathmnist|pneumoniamnist|rendered_sst2|tiny_imagenet|tissuemnist,breastmnist|octmnist|organmnist_views|pathmnist|pneumoniamnist|rendered_sst2|tiny_imagenet|tissuemnist,14,8,0.4285714285714286,0.6060283986727397,0.6059220067660014,0.00010639190673833454,0.004316907970168319,0.6113829493522644,0.6223404169082641,-0.01095746755599969,5,8,17
vit_b16,dtd,random,85,8,17,0.5294117647058824,0,0.3333333333333333,0,0.3333333333333333,cifar100,cifar100,1,cifar100_shared_images,cifar100_shared_images,tiny_imagenet,tiny_imagenet,breastmnist|octmnist|organcmnist|pathmnist|pneumoniamnist|stl10|tiny_imagenet|tissuemnist,breastmnist|octmnist|organmnist_views|pathmnist|pneumoniamnist|stl10|tiny_imagenet|tissuemnist,14,8,0.4285714285714286,0.6060283986727397,0.6059220067660014,0.00010639190673833454,0.004316907970168319,0.6113829493522644,0.6223404169082641,-0.01095746755599969,5,8,17
vit_b16,dtd,random,86,8,17,0.5294117647058824,0,0.3333333333333333,1,0.6666666666666666,cifar100,cifar100,1,cifar100_shared_images,cifar100_shared_images,tiny_imagenet,tiny_imagenet,bloodmnist|cifar100_coarse|dermamnist|organcmnist|organsmnist|pneumoniamnist|rendered_sst2|tiny_imagenet,bloodmnist|cifar100_shared_images|dermamnist|organmnist_views|pneumoniamnist|rendered_sst2|tiny_imagenet,14,7,0.5,0.6060283986727397,0.6059220067660014,0.00010639190673833454,0.004316907970168319,0.6113829493522644,0.6223404169082641,-0.01095746755599969,5,8,17
vit_b16,dtd,random,87,8,17,0.5294117647058824,1,0.6666666666666666,1,0.6666666666666666,cifar100,cifar100,1,cifar100_shared_images,cifar100_shared_images,cifar100,cifar100_shared_images,breastmnist|cifar10|cifar100|cifar100_coarse|organamnist|retinamnist|stl10|tissuemnist,breastmnist|cifar10|cifar100_shared_images|organmnist_views|retinamnist|stl10|tissuemnist,14,7,0.5,0.6060283986727397,0.6060283986727397,0.0,0.0,0.6113829493522644,0.6113829493522644,0.0,5,8,17
vit_b16,dtd,random,88,8,17,0.5294117647058824,1,0.6666666666666666,1,0.6666666666666666,cifar100,cifar100,1,cifar100_shared_images,cifar100_shared_images,cifar100,cifar100_shared_images,bloodmnist|cifar10|cifar100|cifar100_coarse|organamnist|organsmnist|rendered_sst2|stl10,bloodmnist|cifar10|cifar100_shared_images|organmnist_views|rendered_sst2|stl10,14,6,0.5714285714285714,0.6060283986727397,0.6060283986727397,0.0,0.0,0.6113829493522644,0.6113829493522644,0.0,5,8,17
vit_b16,dtd,random,89,8,17,0.5294117647058824,1,0.6666666666666666,1,0.6666666666666666,cifar100,cifar100,1,cifar100_shared_images,cifar100_shared_images,cifar100,cifar100_shared_images,bloodmnist|breastmnist|cifar100|dermamnist|organsmnist|rendered_sst2|tiny_imagenet|tissuemnist,bloodmnist|breastmnist|cifar100_shared_images|dermamnist|organmnist_views|rendered_sst2|tiny_imagenet|tissuemnist,14,8,0.4285714285714286,0.6060283986727397,0.6060283986727397,0.0,0.0,0.6113829493522644,0.6113829493522644,0.0,5,8,17
vit_b16,dtd,random,90,8,17,0.5294117647058824,1,0.6666666666666666,1,0.6666666666666666,cifar100,cifar100,1,cifar100_shared_images,cifar100_shared_images,cifar100,cifar100_shared_images,bloodmnist|cifar100|cifar100_coarse|organcmnist|organsmnist|stl10|tiny_imagenet|tissuemnist,bloodmnist|cifar100_shared_images|organmnist_views|stl10|tiny_imagenet|tissuemnist,14,6,0.5714285714285714,0.6060283986727397,0.6060283986727397,0.0,0.0,0.6113829493522644,0.6113829493522644,0.0,5,8,17
vit_b16,dtd,random,91,8,17,0.5294117647058824,1,1.0,1,1.0,cifar100,cifar100,1,cifar100_shared_images,cifar100_shared_images,cifar100,cifar100_shared_images,breastmnist|cifar10|cifar100|cifar100_coarse|dermamnist|organamnist|pneumoniamnist|tiny_imagenet,breastmnist|cifar10|cifar100_shared_images|dermamnist|organmnist_views|pneumoniamnist|tiny_imagenet,14,7,0.5,0.6060283986727397,0.6060283986727397,0.0,0.0,0.6113829493522644,0.6113829493522644,0.0,5,8,17
vit_b16,dtd,random,92,8,17,0.5294117647058824,0,0.0,1,0.3333333333333333,cifar100,cifar100,1,cifar100_shared_images,cifar100_shared_images,stl10,stl10,breastmnist|cifar100_coarse|dermamnist|octmnist|organamnist|pathmnist|rendered_sst2|stl10,breastmnist|cifar100_shared_images|dermamnist|octmnist|organmnist_views|pathmnist|rendered_sst2|stl10,14,8,0.4285714285714286,0.6060283986727397,0.6035106635093689,0.002517735163370838,0.10215843786181913,0.6113829493522644,0.6118084907531738,-0.000425541400909335,5,8,17
vit_b16,dtd,random,93,8,17,0.5294117647058824,1,0.6666666666666666,1,0.6666666666666666,cifar100,cifar100,1,cifar100_shared_images,cifar100_shared_images,cifar100,cifar100_shared_images,breastmnist|cifar10|cifar100|octmnist|pathmnist|rendered_sst2|retinamnist|stl10,breastmnist|cifar10|cifar100_shared_images|octmnist|pathmnist|rendered_sst2|retinamnist|stl10,14,8,0.4285714285714286,0.6060283986727397,0.6060283986727397,0.0,0.0,0.6113829493522644,0.6113829493522644,0.0,5,8,17
vit_b16,dtd,random,94,8,17,0.5294117647058824,1,0.6666666666666666,1,0.6666666666666666,cifar100,cifar100,1,cifar100_shared_images,cifar100_shared_images,cifar100,cifar100_shared_images,cifar100|dermamnist|octmnist|organamnist|pneumoniamnist|rendered_sst2|tiny_imagenet|tissuemnist,cifar100_shared_images|dermamnist|octmnist|organmnist_views|pneumoniamnist|rendered_sst2|tiny_imagenet|tissuemnist,14,8,0.4285714285714286,0.6060283986727397,0.6060283986727397,0.0,0.0,0.6113829493522644,0.6113829493522644,0.0,5,8,17
vit_b16,dtd,random,95,8,17,0.5294117647058824,0,0.3333333333333333,1,0.6666666666666666,cifar100,cifar100,1,cifar100_shared_images,cifar100_shared_images,cifar10,cifar10,cifar10|cifar100_coarse|octmnist|organamnist|organcmnist|organsmnist|pneumoniamnist|tissuemnist,cifar10|cifar100_shared_images|octmnist|organmnist_views|pneumoniamnist|tissuemnist,14,6,0.5714285714285714,0.6060283986727397,0.6043617312113444,0.0016666674613953214,0.06762591505586067,0.6113829493522644,0.6147871971130371,-0.0034042477607726385,5,8,17
vit_b16,dtd,random,96,8,17,0.5294117647058824,0,0.3333333333333333,0,0.3333333333333333,cifar100,cifar100,1,cifar100_shared_images,cifar100_shared_images,tiny_imagenet,tiny_imagenet,bloodmnist|dermamnist|octmnist|pathmnist|pneumoniamnist|retinamnist|stl10|tiny_imagenet,bloodmnist|dermamnist|octmnist|pathmnist|pneumoniamnist|retinamnist|stl10|tiny_imagenet,14,8,0.4285714285714286,0.6060283986727397,0.6059220067660014,0.00010639190673833454,0.004316907970168319,0.6113829493522644,0.6223404169082641,-0.01095746755599969,5,8,17
vit_b16,dtd,random,97,8,17,0.5294117647058824,0,0.3333333333333333,1,0.6666666666666666,cifar100,cifar100,1,cifar100_shared_images,cifar100_shared_images,tiny_imagenet,tiny_imagenet,bloodmnist|cifar100_coarse|organamnist|organcmnist|pneumoniamnist|rendered_sst2|stl10|tiny_imagenet,bloodmnist|cifar100_shared_images|organmnist_views|pneumoniamnist|rendered_sst2|stl10|tiny_imagenet,14,7,0.5,0.6060283986727397,0.6059220067660014,0.00010639190673833454,0.004316907970168319,0.6113829493522644,0.6223404169082641,-0.01095746755599969,5,8,17
vit_b16,dtd,random,98,8,17,0.5294117647058824,0,0.0,0,0.0,cifar100,cifar100,1,cifar100_shared_images,cifar100_shared_images,organsmnist,organmnist_views,bloodmnist|breastmnist|octmnist|organsmnist|pathmnist|pneumoniamnist|rendered_sst2|retinamnist,bloodmnist|breastmnist|octmnist|organmnist_views|pathmnist|pneumoniamnist|rendered_sst2|retinamnist,14,8,0.4285714285714286,0.6060283986727397,0.6025886805852254,0.0034397180875143096,0.139568383370014,0.6113829493522644,0.6077659368515015,0.0036170125007629617,5,8,17
vit_b16,dtd,random,99,8,17,0.5294117647058824,1,0.3333333333333333,1,0.3333333333333333,cifar100,cifar100,1,cifar100_shared_images,cifar100_shared_images,cifar100,cifar100_shared_images,breastmnist|cifar100|dermamnist|octmnist|organsmnist|rendered_sst2|stl10|tissuemnist,breastmnist|cifar100_shared_images|dermamnist|octmnist|organmnist_views|rendered_sst2|stl10|tissuemnist,14,8,0.4285714285714286,0.6060283986727397,0.6060283986727397,0.0,0.0,0.6113829493522644,0.6113829493522644,0.0,5,8,17
vit_b16,eurosat,rank_only,-1,3,17,0.8235294117647058,1,0.6666666666666666,1,0.6666666666666666,tiny_imagenet,tiny_imagenet,1,tiny_imagenet,tiny_imagenet,tiny_imagenet,tiny_imagenet,tiny_imagenet|cifar100_coarse|cifar100,cifar100_shared_images|tiny_imagenet,14,2,0.8571428571428572,0.897586659245491,0.897586659245491,0.0,0.0,0.8948888897895813,0.8948888897895813,0.0,5,3,17
vit_b16,eurosat,facility_subspace,-1,3,17,0.8235294117647058,0,0.3333333333333333,0,0.3333333333333333,tiny_imagenet,tiny_imagenet,1,tiny_imagenet,tiny_imagenet,cifar100,cifar100_shared_images,organsmnist|cifar100|rendered_sst2,cifar100_shared_images|organmnist_views|rendered_sst2,14,3,0.7857142857142857,0.897586659245491,0.896266647529602,0.0013200117158890246,0.0697680311136262,0.8948888897895813,0.8933333277702331,0.0015555620193481445,5,3,17
vit_b16,eurosat,kcenter_subspace,-1,3,17,0.8235294117647058,1,0.3333333333333333,1,0.3333333333333333,tiny_imagenet,tiny_imagenet,1,tiny_imagenet,tiny_imagenet,tiny_imagenet,tiny_imagenet,tiny_imagenet|rendered_sst2|bloodmnist,bloodmnist|rendered_sst2|tiny_imagenet,14,3,0.7857142857142857,0.897586659245491,0.897586659245491,0.0,0.0,0.8948888897895813,0.8948888897895813,0.0,5,3,17
vit_b16,eurosat,dpp_subspace,-1,3,17,0.8235294117647058,1,0.3333333333333333,1,0.6666666666666666,tiny_imagenet,tiny_imagenet,1,tiny_imagenet,tiny_imagenet,tiny_imagenet,tiny_imagenet,tiny_imagenet|stl10|cifar100_coarse,cifar100_shared_images|stl10|tiny_imagenet,14,3,0.7857142857142857,0.897586659245491,0.897586659245491,0.0,0.0,0.8948888897895813,0.8948888897895813,0.0,5,3,17
vit_b16,eurosat,pool_vendi_subspace,-1,3,17,0.8235294117647058,1,0.3333333333333333,1,0.3333333333333333,tiny_imagenet,tiny_imagenet,1,tiny_imagenet,tiny_imagenet,tiny_imagenet,tiny_imagenet,tiny_imagenet|rendered_sst2|bloodmnist,bloodmnist|rendered_sst2|tiny_imagenet,14,3,0.7857142857142857,0.897586659245491,0.897586659245491,0.0,0.0,0.8948888897895813,0.8948888897895813,0.0,5,3,17
vit_b16,eurosat,full_merged_rank,-1,3,17,0.8235294117647058,1,0.3333333333333333,1,0.6666666666666666,tiny_imagenet,tiny_imagenet,1,tiny_imagenet,tiny_imagenet,tiny_imagenet,tiny_imagenet,tiny_imagenet|stl10|cifar100_coarse,cifar100_shared_images|stl10|tiny_imagenet,14,3,0.7857142857142857,0.897586659245491,0.897586659245491,0.0,0.0,0.8948888897895813,0.8948888897895813,0.0,5,3,17
vit_b16,eurosat,random,0,3,17,0.8235294117647058,0,0.0,0,0.0,tiny_imagenet,tiny_imagenet,1,tiny_imagenet,tiny_imagenet,octmnist,octmnist,octmnist|rendered_sst2|retinamnist,octmnist|rendered_sst2|retinamnist,14,3,0.7857142857142857,0.897586659245491,0.8889199830285708,0.008666676216920188,0.45806937065446957,0.8948888897895813,0.8829629778861999,0.011925911903381325,5,3,17
vit_b16,eurosat,random,1,3,17,0.8235294117647058,1,0.3333333333333333,1,0.3333333333333333,tiny_imagenet,tiny_imagenet,1,tiny_imagenet,tiny_imagenet,tiny_imagenet,tiny_imagenet,pneumoniamnist|stl10|tiny_imagenet,pneumoniamnist|stl10|tiny_imagenet,14,3,0.7857142857142857,0.897586659245491,0.897586659245491,0.0,0.0,0.8948888897895813,0.8948888897895813,0.0,5,3,17
vit_b16,eurosat,random,2,3,17,0.8235294117647058,0,0.0,0,0.0,tiny_imagenet,tiny_imagenet,1,tiny_imagenet,tiny_imagenet,stl10,stl10,rendered_sst2|retinamnist|stl10,rendered_sst2|retinamnist|stl10,14,3,0.7857142857142857,0.897586659245491,0.8900799861741066,0.007506673071384418,0.3967584485047089,0.8948888897895813,0.8879259347915649,0.006962954998016357,5,3,17
vit_b16,eurosat,random,3,3,17,0.8235294117647058,0,0.0,0,0.0,tiny_imagenet,tiny_imagenet,1,tiny_imagenet,tiny_imagenet,bloodmnist,bloodmnist,bloodmnist|organsmnist|tissuemnist,bloodmnist|organmnist_views|tissuemnist,14,3,0.7857142857142857,0.897586659245491,0.8919199878033002,0.005666671442190796,0.29950681856122435,0.8948888897895813,0.893999981880188,0.0008889079093932217,5,3,17
vit_b16,eurosat,random,4,3,17,0.8235294117647058,0,0.0,0,0.3333333333333333,tiny_imagenet,tiny_imagenet,1,tiny_imagenet,tiny_imagenet,organamnist,organmnist_views,cifar100_coarse|organamnist|rendered_sst2,cifar100_shared_images|organmnist_views|rendered_sst2,14,3,0.7857142857142857,0.897586659245491,0.8913866525729496,0.006200006672541392,0.3276957721115591,0.8948888897895813,0.8905185341835022,0.004370355606079013,5,3,17
vit_b16,eurosat,random,5,3,17,0.8235294117647058,0,0.0,0,0.0,tiny_imagenet,tiny_imagenet,1,tiny_imagenet,tiny_imagenet,organsmnist,organmnist_views,breastmnist|organsmnist|rendered_sst2,breastmnist|organmnist_views|rendered_sst2,14,3,0.7857142857142857,0.897586659245491,0.8913866482806206,0.006200010964870328,0.3276959989787416,0.8948888897895813,0.8848148226737976,0.010074067115783625,5,3,17
vit_b16,eurosat,random,6,3,17,0.8235294117647058,0,0.3333333333333333,0,0.3333333333333333,tiny_imagenet,tiny_imagenet,1,tiny_imagenet,tiny_imagenet,pathmnist,pathmnist,pathmnist|retinamnist|tissuemnist,pathmnist|retinamnist|tissuemnist,14,3,0.7857142857142857,0.897586659245491,0.8934933189789455,0.004093340266545509,0.21634981541255924,0.8948888897895813,0.8887407422065735,0.006148147583007746,5,3,17
vit_b16,eurosat,random,7,3,17,0.8235294117647058,0,0.3333333333333333,0,0.6666666666666666,tiny_imagenet,tiny_imagenet,1,tiny_imagenet,tiny_imagenet,pathmnist,pathmnist,cifar100_coarse|pathmnist|pneumoniamnist,cifar100_shared_images|pathmnist|pneumoniamnist,14,3,0.7857142857142857,0.897586659245491,0.8934933189789455,0.004093340266545509,0.21634981541255924,0.8948888897895813,0.8887407422065735,0.006148147583007746,5,3,17
vit_b16,eurosat,random,8,3,17,0.8235294117647058,0,0.0,0,0.0,tiny_imagenet,tiny_imagenet,1,tiny_imagenet,tiny_imagenet,organsmnist,organmnist_views,octmnist|organsmnist|retinamnist,octmnist|organmnist_views|retinamnist,14,3,0.7857142857142857,0.897586659245491,0.8913866482806206,0.006200010964870328,0.3276959989787416,0.8948888897895813,0.8848148226737976,0.010074067115783625,5,3,17
vit_b16,eurosat,random,9,3,17,0.8235294117647058,0,0.0,0,0.0,tiny_imagenet,tiny_imagenet,1,tiny_imagenet,tiny_imagenet,bloodmnist,bloodmnist,bloodmnist|cifar10|organcmnist,bloodmnist|cifar10|organmnist_views,14,3,0.7857142857142857,0.897586659245491,0.8919199878033002,0.005666671442190796,0.29950681856122435,0.8948888897895813,0.893999981880188,0.0008889079093932217,5,3,17
vit_b16,eurosat,random,10,3,17,0.8235294117647058,0,0.0,0,0.0,tiny_imagenet,tiny_imagenet,1,tiny_imagenet,tiny_imagenet,stl10,stl10,organcmnist|stl10|tissuemnist,organmnist_views|stl10|tissuemnist,14,3,0.7857142857142857,0.897586659245491,0.8900799861741066,0.007506673071384418,0.3967584485047089,0.8948888897895813,0.8879259347915649,0.006962954998016357,5,3,17
vit_b16,eurosat,random,11,3,17,0.8235294117647058,0,0.0,0,0.0,tiny_imagenet,tiny_imagenet,1,tiny_imagenet,tiny_imagenet,organsmnist,organmnist_views,octmnist|organcmnist|organsmnist,octmnist|organmnist_views,14,2,0.8571428571428572,0.897586659245491,0.8913866482806206,0.006200010964870328,0.3276959989787416,0.8948888897895813,0.8848148226737976,0.010074067115783625,5,3,17
vit_b16,eurosat,random,12,3,17,0.8235294117647058,1,0.6666666666666666,1,0.6666666666666666,tiny_imagenet,tiny_imagenet,1,tiny_imagenet,tiny_imagenet,tiny_imagenet,tiny_imagenet,cifar100|stl10|tiny_imagenet,cifar100_shared_images|stl10|tiny_imagenet,14,3,0.7857142857142857,0.897586659245491,0.897586659245491,0.0,0.0,0.8948888897895813,0.8948888897895813,0.0,5,3,17
vit_b16,eurosat,random,13,3,17,0.8235294117647058,0,0.0,0,0.3333333333333333,tiny_imagenet,tiny_imagenet,1,tiny_imagenet,tiny_imagenet,organamnist,organmnist_views,breastmnist|cifar100_coarse|organamnist,breastmnist|cifar100_shared_images|organmnist_views,14,3,0.7857142857142857,0.897586659245491,0.8913866525729496,0.006200006672541392,0.3276957721115591,0.8948888897895813,0.8905185341835022,0.004370355606079013,5,3,17
vit_b16,eurosat,random,14,3,17,0.8235294117647058,0,0.0,0,0.0,tiny_imagenet,tiny_imagenet,1,tiny_imagenet,tiny_imagenet,breastmnist,breastmnist,breastmnist|rendered_sst2|tissuemnist,breastmnist|rendered_sst2|tissuemnist,14,3,0.7857142857142857,0.897586659245491,0.8872266529917716,0.010360006253719356,0.547568805599617,0.8948888897895813,0.8854815006256104,0.00940738916397088,5,3,17
vit_b16,eurosat,random,15,3,17,0.8235294117647058,1,0.3333333333333333,1,0.3333333333333333,tiny_imagenet,tiny_imagenet,1,tiny_imagenet,tiny_imagenet,tiny_imagenet,tiny_imagenet,cifar10|octmnist|tiny_imagenet,cifar10|octmnist|tiny_imagenet,14,3,0.7857142857142857,0.897586659245491,0.897586659245491,0.0,0.0,0.8948888897895813,0.8948888897895813,0.0,5,3,17
vit_b16,eurosat,random,16,3,17,0.8235294117647058,0,0.0,0,0.0,tiny_imagenet,tiny_imagenet,1,tiny_imagenet,tiny_imagenet,organsmnist,organmnist_views,organcmnist|organsmnist|retinamnist,organmnist_views|retinamnist,14,2,0.8571428571428572,0.897586659245491,0.8913866482806206,0.006200010964870328,0.3276959989787416,0.8948888897895813,0.8848148226737976,0.010074067115783625,5,3,17
vit_b16,eurosat,random,17,3,17,0.8235294117647058,0,0.0,0,0.0,tiny_imagenet,tiny_imagenet,1,tiny_imagenet,tiny_imagenet,organamnist,organmnist_views,octmnist|organamnist|rendered_sst2,octmnist|organmnist_views|rendered_sst2,14,3,0.7857142857142857,0.897586659245491,0.8913866525729496,0.006200006672541392,0.3276957721115591,0.8948888897895813,0.8905185341835022,0.004370355606079013,5,3,17
vit_b16,eurosat,random,18,3,17,0.8235294117647058,1,0.3333333333333333,1,0.3333333333333333,tiny_imagenet,tiny_imagenet,1,tiny_imagenet,tiny_imagenet,tiny_imagenet,tiny_imagenet,breastmnist|organcmnist|tiny_imagenet,breastmnist|organmnist_views|tiny_imagenet,14,3,0.7857142857142857,0.897586659245491,0.897586659245491,0.0,0.0,0.8948888897895813,0.8948888897895813,0.0,5,3,17
vit_b16,eurosat,random,19,3,17,0.8235294117647058,0,0.0,0,0.0,tiny_imagenet,tiny_imagenet,1,tiny_imagenet,tiny_imagenet,octmnist,octmnist,breastmnist|octmnist|organcmnist,breastmnist|octmnist|organmnist_views,14,3,0.7857142857142857,0.897586659245491,0.8889199830285708,0.008666676216920188,0.45806937065446957,0.8948888897895813,0.8829629778861999,0.011925911903381325,5,3,17
vit_b16,eurosat,random,20,3,17,0.8235294117647058,1,0.3333333333333333,1,0.6666666666666666,tiny_imagenet,tiny_imagenet,1,tiny_imagenet,tiny_imagenet,tiny_imagenet,tiny_imagenet,cifar100_coarse|organcmnist|tiny_imagenet,cifar100_shared_images|organmnist_views|tiny_imagenet,14,3,0.7857142857142857,0.897586659245491,0.897586659245491,0.0,0.0,0.8948888897895813,0.8948888897895813,0.0,5,3,17
vit_b16,eurosat,random,21,3,17,0.8235294117647058,0,0.0,0,0.0,tiny_imagenet,tiny_imagenet,1,tiny_imagenet,tiny_imagenet,bloodmnist,bloodmnist,bloodmnist|cifar10|pneumoniamnist,bloodmnist|cifar10|pneumoniamnist,14,3,0.7857142857142857,0.897586659245491,0.8919199878033002,0.005666671442190796,0.29950681856122435,0.8948888897895813,0.893999981880188,0.0008889079093932217,5,3,17
vit_b16,eurosat,random,22,3,17,0.8235294117647058,1,0.6666666666666666,1,0.6666666666666666,tiny_imagenet,tiny_imagenet,1,tiny_imagenet,tiny_imagenet,tiny_imagenet,tiny_imagenet,octmnist|pathmnist|tiny_imagenet,octmnist|pathmnist|tiny_imagenet,14,3,0.7857142857142857,0.897586659245491,0.897586659245491,0.0,0.0,0.8948888897895813,0.8948888897895813,0.0,5,3,17
vit_b16,eurosat,random,23,3,17,0.8235294117647058,0,0.0,0,0.0,tiny_imagenet,tiny_imagenet,1,tiny_imagenet,tiny_imagenet,stl10,stl10,dermamnist|octmnist|stl10,dermamnist|octmnist|stl10,14,3,0.7857142857142857,0.897586659245491,0.8900799861741066,0.007506673071384418,0.3967584485047089,0.8948888897895813,0.8879259347915649,0.006962954998016357,5,3,17
vit_b16,eurosat,random,24,3,17,0.8235294117647058,0,0.6666666666666666,0,0.6666666666666666,tiny_imagenet,tiny_imagenet,1,tiny_imagenet,tiny_imagenet,cifar100,cifar100_shared_images,breastmnist|cifar100|pathmnist,breastmnist|cifar100_shared_images|pathmnist,14,3,0.7857142857142857,0.897586659245491,0.896266647529602,0.0013200117158890246,0.0697680311136262,0.8948888897895813,0.8933333277702331,0.0015555620193481445,5,3,17
vit_b16,eurosat,random,25,3,17,0.8235294117647058,1,0.3333333333333333,1,0.3333333333333333,tiny_imagenet,tiny_imagenet,1,tiny_imagenet,tiny_imagenet,tiny_imagenet,tiny_imagenet,organamnist|tiny_imagenet|tissuemnist,organmnist_views|tiny_imagenet|tissuemnist,14,3,0.7857142857142857,0.897586659245491,0.897586659245491,0.0,0.0,0.8948888897895813,0.8948888897895813,0.0,5,3,17
vit_b16,eurosat,random,26,3,17,0.8235294117647058,0,0.0,0,0.0,tiny_imagenet,tiny_imagenet,1,tiny_imagenet,tiny_imagenet,cifar10,cifar10,cifar10|retinamnist|tissuemnist,cifar10|retinamnist|tissuemnist,14,3,0.7857142857142857,0.897586659245491,0.8864133133268357,0.011173345918655264,0.5905571415106942,0.8948888897895813,0.8871851801872254,0.00770370960235589,5,3,17
vit_b16,eurosat,random,27,3,17,0.8235294117647058,0,0.0,0,0.3333333333333333,tiny_imagenet,tiny_imagenet,1,tiny_imagenet,tiny_imagenet,cifar100_coarse,cifar100_shared_images,cifar100_coarse|retinamnist|tissuemnist,cifar100_shared_images|retinamnist|tissuemnist,14,3,0.7857142857142857,0.897586659245491,0.8868266526238123,0.010760006621678642,0.5687104650116699,0.8948888897895813,0.8825185298919678,0.012370359897613481,5,3,17
vit_b16,eurosat,random,28,3,17,0.8235294117647058,0,0.3333333333333333,0,0.3333333333333333,tiny_imagenet,tiny_imagenet,1,tiny_imagenet,tiny_imagenet,pathmnist,pathmnist,organamnist|pathmnist|rendered_sst2,organmnist_views|pathmnist|rendered_sst2,14,3,0.7857142857142857,0.897586659245491,0.8934933189789455,0.004093340266545509,0.21634981541255924,0.8948888897895813,0.8887407422065735,0.006148147583007746,5,3,17
vit_b16,eurosat,random,29,3,17,0.8235294117647058,1,0.3333333333333333,1,0.6666666666666666,tiny_imagenet,tiny_imagenet,1,tiny_imagenet,tiny_imagenet,tiny_imagenet,tiny_imagenet,breastmnist|cifar100_coarse|tiny_imagenet,breastmnist|cifar100_shared_images|tiny_imagenet,14,3,0.7857142857142857,0.897586659245491,0.897586659245491,0.0,0.0,0.8948888897895813,0.8948888897895813,0.0,5,3,17
vit_b16,eurosat,random,30,3,17,0.8235294117647058,0,0.3333333333333333,0,0.3333333333333333,tiny_imagenet,tiny_imagenet,1,tiny_imagenet,tiny_imagenet,pathmnist,pathmnist,octmnist|pathmnist|retinamnist,octmnist|pathmnist|retinamnist,14,3,0.7857142857142857,0.897586659245491,0.8934933189789455,0.004093340266545509,0.21634981541255924,0.8948888897895813,0.8887407422065735,0.006148147583007746,5,3,17
vit_b16,eurosat,random,31,3,17,0.8235294117647058,0,0.0,0,0.3333333333333333,tiny_imagenet,tiny_imagenet,1,tiny_imagenet,tiny_imagenet,stl10,stl10,cifar100_coarse|octmnist|stl10,cifar100_shared_images|octmnist|stl10,14,3,0.7857142857142857,0.897586659245491,0.8900799861741066,0.007506673071384418,0.3967584485047089,0.8948888897895813,0.8879259347915649,0.006962954998016357,5,3,17
vit_b16,eurosat,random,32,3,17,0.8235294117647058,0,0.0,0,0.0,tiny_imagenet,tiny_imagenet,1,tiny_imagenet,tiny_imagenet,stl10,stl10,breastmnist|rendered_sst2|stl10,breastmnist|rendered_sst2|stl10,14,3,0.7857142857142857,0.897586659245491,0.8900799861741066,0.007506673071384418,0.3967584485047089,0.8948888897895813,0.8879259347915649,0.006962954998016357,5,3,17
vit_b16,eurosat,random,33,3,17,0.8235294117647058,0,0.3333333333333333,0,0.3333333333333333,tiny_imagenet,tiny_imagenet,1,tiny_imagenet,tiny_imagenet,cifar100,cifar100_shared_images,cifar100|organsmnist|retinamnist,cifar100_shared_images|organmnist_views|retinamnist,14,3,0.7857142857142857,0.897586659245491,0.896266647529602,0.0013200117158890246,0.0697680311136262,0.8948888897895813,0.8933333277702331,0.0015555620193481445,5,3,17
vit_b16,eurosat,random,34,3,17,0.8235294117647058,0,0.0,0,0.0,tiny_imagenet,tiny_imagenet,1,tiny_imagenet,tiny_imagenet,organamnist,organmnist_views,organamnist|rendered_sst2|stl10,organmnist_views|rendered_sst2|stl10,14,3,0.7857142857142857,0.897586659245491,0.8913866525729496,0.006200006672541392,0.3276957721115591,0.8948888897895813,0.8905185341835022,0.004370355606079013,5,3,17
vit_b16,eurosat,random,35,3,17,0.8235294117647058,0,0.0,0,0.0,tiny_imagenet,tiny_imagenet,1,tiny_imagenet,tiny_imagenet,organamnist,organmnist_views,dermamnist|organamnist|organsmnist,dermamnist|organmnist_views,14,2,0.8571428571428572,0.897586659245491,0.8913866525729496,0.006200006672541392,0.3276957721115591,0.8948888897895813,0.8905185341835022,0.004370355606079013,5,3,17
vit_b16,eurosat,random,36,3,17,0.8235294117647058,0,0.6666666666666666,0,0.6666666666666666,tiny_imagenet,tiny_imagenet,1,tiny_imagenet,tiny_imagenet,cifar100,cifar100_shared_images,cifar100|organamnist|pathmnist,cifar100_shared_images|organmnist_views|pathmnist,14,3,0.7857142857142857,0.897586659245491,0.896266647529602,0.0013200117158890246,0.0697680311136262,0.8948888897895813,0.8933333277702331,0.0015555620193481445,5,3,17
vit_b16,eurosat,random,37,3,17,0.8235294117647058,0,0.3333333333333333,0,0.3333333333333333,tiny_imagenet,tiny_imagenet,1,tiny_imagenet,tiny_imagenet,cifar100,cifar100_shared_images,cifar100|cifar100_coarse|pneumoniamnist,cifar100_shared_images|pneumoniamnist,14,2,0.8571428571428572,0.897586659245491,0.896266647529602,0.0013200117158890246,0.0697680311136262,0.8948888897895813,0.8933333277702331,0.0015555620193481445,5,3,17
vit_b16,eurosat,random,38,3,17,0.8235294117647058,0,0.3333333333333333,0,0.3333333333333333,tiny_imagenet,tiny_imagenet,1,tiny_imagenet,tiny_imagenet,pathmnist,pathmnist,organcmnist|pathmnist|rendered_sst2,organmnist_views|pathmnist|rendered_sst2,14,3,0.7857142857142857,0.897586659245491,0.8934933189789455,0.004093340266545509,0.21634981541255924,0.8948888897895813,0.8887407422065735,0.006148147583007746,5,3,17
vit_b16,eurosat,random,39,3,17,0.8235294117647058,0,0.3333333333333333,0,0.3333333333333333,tiny_imagenet,tiny_imagenet,1,tiny_imagenet,tiny_imagenet,pathmnist,pathmnist,organsmnist|pathmnist|rendered_sst2,organmnist_views|pathmnist|rendered_sst2,14,3,0.7857142857142857,0.897586659245491,0.8934933189789455,0.004093340266545509,0.21634981541255924,0.8948888897895813,0.8887407422065735,0.006148147583007746,5,3,17
vit_b16,eurosat,random,40,3,17,0.8235294117647058,1,0.3333333333333333,1,0.3333333333333333,tiny_imagenet,tiny_imagenet,1,tiny_imagenet,tiny_imagenet,tiny_imagenet,tiny_imagenet,organamnist|stl10|tiny_imagenet,organmnist_views|stl10|tiny_imagenet,14,3,0.7857142857142857,0.897586659245491,0.897586659245491,0.0,0.0,0.8948888897895813,0.8948888897895813,0.0,5,3,17
vit_b16,eurosat,random,41,3,17,0.8235294117647058,0,0.0,0,0.0,tiny_imagenet,tiny_imagenet,1,tiny_imagenet,tiny_imagenet,stl10,stl10,pneumoniamnist|rendered_sst2|stl10,pneumoniamnist|rendered_sst2|stl10,14,3,0.7857142857142857,0.897586659245491,0.8900799861741066,0.007506673071384418,0.3967584485047089,0.8948888897895813,0.8879259347915649,0.006962954998016357,5,3,17
vit_b16,eurosat,random,42,3,17,0.8235294117647058,0,0.3333333333333333,0,0.3333333333333333,tiny_imagenet,tiny_imagenet,1,tiny_imagenet,tiny_imagenet,cifar100,cifar100_shared_images,cifar100|octmnist|stl10,cifar100_shared_images|octmnist|stl10,14,3,0.7857142857142857,0.897586659245491,0.896266647529602,0.0013200117158890246,0.0697680311136262,0.8948888897895813,0.8933333277702331,0.0015555620193481445,5,3,17
vit_b16,eurosat,random,43,3,17,0.8235294117647058,0,0.0,0,0.0,tiny_imagenet,tiny_imagenet,1,tiny_imagenet,tiny_imagenet,organamnist,organmnist_views,breastmnist|octmnist|organamnist,breastmnist|octmnist|organmnist_views,14,3,0.7857142857142857,0.897586659245491,0.8913866525729496,0.006200006672541392,0.3276957721115591,0.8948888897895813,0.8905185341835022,0.004370355606079013,5,3,17
vit_b16,eurosat,random,44,3,17,0.8235294117647058,1,0.6666666666666666,1,0.6666666666666666,tiny_imagenet,tiny_imagenet,1,tiny_imagenet,tiny_imagenet,tiny_imagenet,tiny_imagenet,cifar10|pathmnist|tiny_imagenet,cifar10|pathmnist|tiny_imagenet,14,3,0.7857142857142857,0.897586659245491,0.897586659245491,0.0,0.0,0.8948888897895813,0.8948888897895813,0.0,5,3,17
vit_b16,eurosat,random,45,3,17,0.8235294117647058,1,0.3333333333333333,1,0.3333333333333333,tiny_imagenet,tiny_imagenet,1,tiny_imagenet,tiny_imagenet,tiny_imagenet,tiny_imagenet,octmnist|rendered_sst2|tiny_imagenet,octmnist|rendered_sst2|tiny_imagenet,14,3,0.7857142857142857,0.897586659245491,0.897586659245491,0.0,0.0,0.8948888897895813,0.8948888897895813,0.0,5,3,17
vit_b16,eurosat,random,46,3,17,0.8235294117647058,0,0.0,0,0.3333333333333333,tiny_imagenet,tiny_imagenet,1,tiny_imagenet,tiny_imagenet,organcmnist,organmnist_views,cifar100_coarse|organcmnist|tissuemnist,cifar100_shared_images|organmnist_views|tissuemnist,14,3,0.7857142857142857,0.897586659245491,0.8885866501466433,0.009000009098847683,0.475687380099067,0.8948888897895813,0.887333333492279,0.007555556297302202,5,3,17
vit_b16,eurosat,random,47,3,17,0.8235294117647058,1,0.6666666666666666,1,0.6666666666666666,tiny_imagenet,tiny_imagenet,1,tiny_imagenet,tiny_imagenet,tiny_imagenet,tiny_imagenet,cifar100|stl10|tiny_imagenet,cifar100_shared_images|stl10|tiny_imagenet,14,3,0.7857142857142857,0.897586659245491,0.897586659245491,0.0,0.0,0.8948888897895813,0.8948888897895813,0.0,5,3,17
vit_b16,eurosat,random,48,3,17,0.8235294117647058,0,0.3333333333333333,0,0.3333333333333333,tiny_imagenet,tiny_imagenet,1,tiny_imagenet,tiny_imagenet,cifar100,cifar100_shared_images,cifar100|octmnist|retinamnist,cifar100_shared_images|octmnist|retinamnist,14,3,0.7857142857142857,0.897586659245491,0.896266647529602,0.0013200117158890246,0.0697680311136262,0.8948888897895813,0.8933333277702331,0.0015555620193481445,5,3,17
vit_b16,eurosat,random,49,3,17,0.8235294117647058,0,0.0,0,0.0,tiny_imagenet,tiny_imagenet,1,tiny_imagenet,tiny_imagenet,organamnist,organmnist_views,octmnist|organamnist|pneumoniamnist,octmnist|organmnist_views|pneumoniamnist,14,3,0.7857142857142857,0.897586659245491,0.8913866525729496,0.006200006672541392,0.3276957721115591,0.8948888897895813,0.8905185341835022,0.004370355606079013,5,3,17
vit_b16,eurosat,random,50,3,17,0.8235294117647058,1,0.3333333333333333,1,0.3333333333333333,tiny_imagenet,tiny_imagenet,1,tiny_imagenet,tiny_imagenet,tiny_imagenet,tiny_imagenet,organcmnist|pneumoniamnist|tiny_imagenet,organmnist_views|pneumoniamnist|tiny_imagenet,14,3,0.7857142857142857,0.897586659245491,0.897586659245491,0.0,0.0,0.8948888897895813,0.8948888897895813,0.0,5,3,17
vit_b16,eurosat,random,51,3,17,0.8235294117647058,0,0.0,0,0.0,tiny_imagenet,tiny_imagenet,1,tiny_imagenet,tiny_imagenet,organsmnist,organmnist_views,cifar10|dermamnist|organsmnist,cifar10|dermamnist|organmnist_views,14,3,0.7857142857142857,0.897586659245491,0.8913866482806206,0.006200010964870328,0.3276959989787416,0.8948888897895813,0.8848148226737976,0.010074067115783625,5,3,17
vit_b16,eurosat,random,52,3,17,0.8235294117647058,1,0.3333333333333333,1,0.3333333333333333,tiny_imagenet,tiny_imagenet,1,tiny_imagenet,tiny_imagenet,tiny_imagenet,tiny_imagenet,dermamnist|stl10|tiny_imagenet,dermamnist|stl10|tiny_imagenet,14,3,0.7857142857142857,0.897586659245491,0.897586659245491,0.0,0.0,0.8948888897895813,0.8948888897895813,0.0,5,3,17
vit_b16,eurosat,random,53,3,17,0.8235294117647058,0,0.0,0,0.0,tiny_imagenet,tiny_imagenet,1,tiny_imagenet,tiny_imagenet,dermamnist,dermamnist,cifar10|dermamnist|organcmnist,cifar10|dermamnist|organmnist_views,14,3,0.7857142857142857,0.897586659245491,0.8891999906730652,0.00838666857242576,0.44326981863687,0.8948888897895813,0.8864444375038147,0.008444452285766513,5,3,17
vit_b16,eurosat,random,54,3,17,0.8235294117647058,0,0.0,0,0.0,tiny_imagenet,tiny_imagenet,1,tiny_imagenet,tiny_imagenet,organsmnist,organmnist_views,cifar10|organsmnist|pneumoniamnist,cifar10|organmnist_views|pneumoniamnist,14,3,0.7857142857142857,0.897586659245491,0.8913866482806206,0.006200010964870328,0.3276959989787416,0.8948888897895813,0.8848148226737976,0.010074067115783625,5,3,17
vit_b16,eurosat,random,55,3,17,0.8235294117647058,0,0.0,0,0.3333333333333333,tiny_imagenet,tiny_imagenet,1,tiny_imagenet,tiny_imagenet,dermamnist,dermamnist,cifar100_coarse|dermamnist|tissuemnist,cifar100_shared_images|dermamnist|tissuemnist,14,3,0.7857142857142857,0.897586659245491,0.8891999906730652,0.00838666857242576,0.44326981863687,0.8948888897895813,0.8864444375038147,0.008444452285766513,5,3,17
vit_b16,eurosat,random,56,3,17,0.8235294117647058,1,0.3333333333333333,1,0.3333333333333333,tiny_imagenet,tiny_imagenet,1,tiny_imagenet,tiny_imagenet,tiny_imagenet,tiny_imagenet,organamnist|pneumoniamnist|tiny_imagenet,organmnist_views|pneumoniamnist|tiny_imagenet,14,3,0.7857142857142857,0.897586659245491,0.897586659245491,0.0,0.0,0.8948888897895813,0.8948888897895813,0.0,5,3,17
vit_b16,eurosat,random,57,3,17,0.8235294117647058,0,0.0,0,0.0,tiny_imagenet,tiny_imagenet,1,tiny_imagenet,tiny_imagenet,organsmnist,organmnist_views,octmnist|organcmnist|organsmnist,octmnist|organmnist_views,14,2,0.8571428571428572,0.897586659245491,0.8913866482806206,0.006200010964870328,0.3276959989787416,0.8948888897895813,0.8848148226737976,0.010074067115783625,5,3,17
vit_b16,eurosat,random,58,3,17,0.8235294117647058,0,0.0,0,0.0,tiny_imagenet,tiny_imagenet,1,tiny_imagenet,tiny_imagenet,bloodmnist,bloodmnist,bloodmnist|organcmnist|rendered_sst2,bloodmnist|organmnist_views|rendered_sst2,14,3,0.7857142857142857,0.897586659245491,0.8919199878033002,0.005666671442190796,0.29950681856122435,0.8948888897895813,0.893999981880188,0.0008889079093932217,5,3,17
vit_b16,eurosat,random,59,3,17,0.8235294117647058,0,0.0,0,0.0,tiny_imagenet,tiny_imagenet,1,tiny_imagenet,tiny_imagenet,breastmnist,breastmnist,breastmnist|pneumoniamnist|retinamnist,breastmnist|pneumoniamnist|retinamnist,14,3,0.7857142857142857,0.897586659245491,0.8872266529917716,0.010360006253719356,0.547568805599617,0.8948888897895813,0.8854815006256104,0.00940738916397088,5,3,17
vit_b16,eurosat,random,60,3,17,0.8235294117647058,0,0.3333333333333333,0,0.3333333333333333,tiny_imagenet,tiny_imagenet,1,tiny_imagenet,tiny_imagenet,pathmnist,pathmnist,dermamnist|organsmnist|pathmnist,dermamnist|organmnist_views|pathmnist,14,3,0.7857142857142857,0.897586659245491,0.8934933189789455,0.004093340266545509,0.21634981541255924,0.8948888897895813,0.8887407422065735,0.006148147583007746,5,3,17
vit_b16,eurosat,random,61,3,17,0.8235294117647058,1,0.3333333333333333,1,0.3333333333333333,tiny_imagenet,tiny_imagenet,1,tiny_imagenet,tiny_imagenet,tiny_imagenet,tiny_imagenet,dermamnist|stl10|tiny_imagenet,dermamnist|stl10|tiny_imagenet,14,3,0.7857142857142857,0.897586659245491,0.897586659245491,0.0,0.0,0.8948888897895813,0.8948888897895813,0.0,5,3,17
vit_b16,eurosat,random,62,3,17,0.8235294117647058,0,0.3333333333333333,0,0.6666666666666666,tiny_imagenet,tiny_imagenet,1,tiny_imagenet,tiny_imagenet,pathmnist,pathmnist,bloodmnist|cifar100_coarse|pathmnist,bloodmnist|cifar100_shared_images|pathmnist,14,3,0.7857142857142857,0.897586659245491,0.8934933189789455,0.004093340266545509,0.21634981541255924,0.8948888897895813,0.8887407422065735,0.006148147583007746,5,3,17
vit_b16,eurosat,random,63,3,17,0.8235294117647058,0,0.3333333333333333,0,0.3333333333333333,tiny_imagenet,tiny_imagenet,1,tiny_imagenet,tiny_imagenet,cifar100,cifar100_shared_images,cifar10|cifar100|rendered_sst2,cifar10|cifar100_shared_images|rendered_sst2,14,3,0.7857142857142857,0.897586659245491,0.896266647529602,0.0013200117158890246,0.0697680311136262,0.8948888897895813,0.8933333277702331,0.0015555620193481445,5,3,17
vit_b16,eurosat,random,64,3,17,0.8235294117647058,0,0.0,0,0.0,tiny_imagenet,tiny_imagenet,1,tiny_imagenet,tiny_imagenet,breastmnist,breastmnist,breastmnist|rendered_sst2|tissuemnist,breastmnist|rendered_sst2|tissuemnist,14,3,0.7857142857142857,0.897586659245491,0.8872266529917716,0.010360006253719356,0.547568805599617,0.8948888897895813,0.8854815006256104,0.00940738916397088,5,3,17
vit_b16,eurosat,random,65,3,17,0.8235294117647058,0,0.0,0,0.0,tiny_imagenet,tiny_imagenet,1,tiny_imagenet,tiny_imagenet,organcmnist,organmnist_views,organcmnist|rendered_sst2|tissuemnist,organmnist_views|rendered_sst2|tissuemnist,14,3,0.7857142857142857,0.897586659245491,0.8885866501466433,0.009000009098847683,0.475687380099067,0.8948888897895813,0.887333333492279,0.007555556297302202,5,3,17
vit_b16,eurosat,random,66,3,17,0.8235294117647058,0,0.0,0,0.0,tiny_imagenet,tiny_imagenet,1,tiny_imagenet,tiny_imagenet,organamnist,organmnist_views,octmnist|organamnist|stl10,octmnist|organmnist_views|stl10,14,3,0.7857142857142857,0.897586659245491,0.8913866525729496,0.006200006672541392,0.3276957721115591,0.8948888897895813,0.8905185341835022,0.004370355606079013,5,3,17
vit_b16,eurosat,random,67,3,17,0.8235294117647058,0,0.3333333333333333,0,0.3333333333333333,tiny_imagenet,tiny_imagenet,1,tiny_imagenet,tiny_imagenet,cifar100,cifar100_shared_images,cifar100|dermamnist|retinamnist,cifar100_shared_images|dermamnist|retinamnist,14,3,0.7857142857142857,0.897586659245491,0.896266647529602,0.0013200117158890246,0.0697680311136262,0.8948888897895813,0.8933333277702331,0.0015555620193481445,5,3,17
vit_b16,eurosat,random,68,3,17,0.8235294117647058,1,0.3333333333333333,1,0.3333333333333333,tiny_imagenet,tiny_imagenet,1,tiny_imagenet,tiny_imagenet,tiny_imagenet,tiny_imagenet,organcmnist|rendered_sst2|tiny_imagenet,organmnist_views|rendered_sst2|tiny_imagenet,14,3,0.7857142857142857,0.897586659245491,0.897586659245491,0.0,0.0,0.8948888897895813,0.8948888897895813,0.0,5,3,17
vit_b16,eurosat,random,69,3,17,0.8235294117647058,0,0.0,0,0.3333333333333333,tiny_imagenet,tiny_imagenet,1,tiny_imagenet,tiny_imagenet,stl10,stl10,breastmnist|cifar100_coarse|stl10,breastmnist|cifar100_shared_images|stl10,14,3,0.7857142857142857,0.897586659245491,0.8900799861741066,0.007506673071384418,0.3967584485047089,0.8948888897895813,0.8879259347915649,0.006962954998016357,5,3,17
vit_b16,eurosat,random,70,3,17,0.8235294117647058,1,0.3333333333333333,1,0.3333333333333333,tiny_imagenet,tiny_imagenet,1,tiny_imagenet,tiny_imagenet,tiny_imagenet,tiny_imagenet,breastmnist|retinamnist|tiny_imagenet,breastmnist|retinamnist|tiny_imagenet,14,3,0.7857142857142857,0.897586659245491,0.897586659245491,0.0,0.0,0.8948888897895813,0.8948888897895813,0.0,5,3,17
vit_b16,eurosat,random,71,3,17,0.8235294117647058,1,0.6666666666666666,1,0.6666666666666666,tiny_imagenet,tiny_imagenet,1,tiny_imagenet,tiny_imagenet,tiny_imagenet,tiny_imagenet,organsmnist|pathmnist|tiny_imagenet,organmnist_views|pathmnist|tiny_imagenet,14,3,0.7857142857142857,0.897586659245491,0.897586659245491,0.0,0.0,0.8948888897895813,0.8948888897895813,0.0,5,3,17
vit_b16,eurosat,random,72,3,17,0.8235294117647058,0,0.0,0,0.0,tiny_imagenet,tiny_imagenet,1,tiny_imagenet,tiny_imagenet,breastmnist,breastmnist,breastmnist|pneumoniamnist|tissuemnist,breastmnist|pneumoniamnist|tissuemnist,14,3,0.7857142857142857,0.897586659245491,0.8872266529917716,0.010360006253719356,0.547568805599617,0.8948888897895813,0.8854815006256104,0.00940738916397088,5,3,17
vit_b16,eurosat,random,73,3,17,0.8235294117647058,0,0.0,0,0.0,tiny_imagenet,tiny_imagenet,1,tiny_imagenet,tiny_imagenet,bloodmnist,bloodmnist,bloodmnist|organsmnist|rendered_sst2,bloodmnist|organmnist_views|rendered_sst2,14,3,0.7857142857142857,0.897586659245491,0.8919199878033002,0.005666671442190796,0.29950681856122435,0.8948888897895813,0.893999981880188,0.0008889079093932217,5,3,17
vit_b16,eurosat,random,74,3,17,0.8235294117647058,1,1.0,1,1.0,tiny_imagenet,tiny_imagenet,1,tiny_imagenet,tiny_imagenet,tiny_imagenet,tiny_imagenet,cifar100|pathmnist|tiny_imagenet,cifar100_shared_images|pathmnist|tiny_imagenet,14,3,0.7857142857142857,0.897586659245491,0.897586659245491,0.0,0.0,0.8948888897895813,0.8948888897895813,0.0,5,3,17
vit_b16,eurosat,random,75,3,17,0.8235294117647058,0,0.0,0,0.3333333333333333,tiny_imagenet,tiny_imagenet,1,tiny_imagenet,tiny_imagenet,organcmnist,organmnist_views,cifar100_coarse|organcmnist|pneumoniamnist,cifar100_shared_images|organmnist_views|pneumoniamnist,14,3,0.7857142857142857,0.897586659245491,0.8885866501466433,0.009000009098847683,0.475687380099067,0.8948888897895813,0.887333333492279,0.007555556297302202,5,3,17
vit_b16,eurosat,random,76,3,17,0.8235294117647058,0,0.0,0,0.3333333333333333,tiny_imagenet,tiny_imagenet,1,tiny_imagenet,tiny_imagenet,bloodmnist,bloodmnist,bloodmnist|cifar100_coarse|rendered_sst2,bloodmnist|cifar100_shared_images|rendered_sst2,14,3,0.7857142857142857,0.897586659245491,0.8919199878033002,0.005666671442190796,0.29950681856122435,0.8948888897895813,0.893999981880188,0.0008889079093932217,5,3,17
vit_b16,eurosat,random,77,3,17,0.8235294117647058,0,0.0,0,0.3333333333333333,tiny_imagenet,tiny_imagenet,1,tiny_imagenet,tiny_imagenet,organamnist,organmnist_views,cifar100_coarse|organamnist|organcmnist,cifar100_shared_images|organmnist_views,14,2,0.8571428571428572,0.897586659245491,0.8913866525729496,0.006200006672541392,0.3276957721115591,0.8948888897895813,0.8905185341835022,0.004370355606079013,5,3,17
vit_b16,eurosat,random,78,3,17,0.8235294117647058,1,0.6666666666666666,1,0.6666666666666666,tiny_imagenet,tiny_imagenet,1,tiny_imagenet,tiny_imagenet,tiny_imagenet,tiny_imagenet,cifar100|dermamnist|tiny_imagenet,cifar100_shared_images|dermamnist|tiny_imagenet,14,3,0.7857142857142857,0.897586659245491,0.897586659245491,0.0,0.0,0.8948888897895813,0.8948888897895813,0.0,5,3,17
vit_b16,eurosat,random,79,3,17,0.8235294117647058,0,0.0,0,0.0,tiny_imagenet,tiny_imagenet,1,tiny_imagenet,tiny_imagenet,stl10,stl10,cifar10|retinamnist|stl10,cifar10|retinamnist|stl10,14,3,0.7857142857142857,0.897586659245491,0.8900799861741066,0.007506673071384418,0.3967584485047089,0.8948888897895813,0.8879259347915649,0.006962954998016357,5,3,17
vit_b16,eurosat,random,80,3,17,0.8235294117647058,1,0.3333333333333333,1,0.3333333333333333,tiny_imagenet,tiny_imagenet,1,tiny_imagenet,tiny_imagenet,tiny_imagenet,tiny_imagenet,organcmnist|retinamnist|tiny_imagenet,organmnist_views|retinamnist|tiny_imagenet,14,3,0.7857142857142857,0.897586659245491,0.897586659245491,0.0,0.0,0.8948888897895813,0.8948888897895813,0.0,5,3,17
vit_b16,eurosat,random,81,3,17,0.8235294117647058,0,0.0,0,0.0,tiny_imagenet,tiny_imagenet,1,tiny_imagenet,tiny_imagenet,organamnist,organmnist_views,octmnist|organamnist|tissuemnist,octmnist|organmnist_views|tissuemnist,14,3,0.7857142857142857,0.897586659245491,0.8913866525729496,0.006200006672541392,0.3276957721115591,0.8948888897895813,0.8905185341835022,0.004370355606079013,5,3,17
vit_b16,eurosat,random,82,3,17,0.8235294117647058,0,0.0,0,0.3333333333333333,tiny_imagenet,tiny_imagenet,1,tiny_imagenet,tiny_imagenet,cifar100_coarse,cifar100_shared_images,cifar100_coarse|pneumoniamnist|rendered_sst2,cifar100_shared_images|pneumoniamnist|rendered_sst2,14,3,0.7857142857142857,0.897586659245491,0.8868266526238123,0.010760006621678642,0.5687104650116699,0.8948888897895813,0.8825185298919678,0.012370359897613481,5,3,17
vit_b16,eurosat,random,83,3,17,0.8235294117647058,1,0.3333333333333333,1,0.3333333333333333,tiny_imagenet,tiny_imagenet,1,tiny_imagenet,tiny_imagenet,tiny_imagenet,tiny_imagenet,octmnist|rendered_sst2|tiny_imagenet,octmnist|rendered_sst2|tiny_imagenet,14,3,0.7857142857142857,0.897586659245491,0.897586659245491,0.0,0.0,0.8948888897895813,0.8948888897895813,0.0,5,3,17
vit_b16,eurosat,random,84,3,17,0.8235294117647058,0,0.0,0,0.0,tiny_imagenet,tiny_imagenet,1,tiny_imagenet,tiny_imagenet,organamnist,organmnist_views,organamnist|organcmnist|pneumoniamnist,organmnist_views|pneumoniamnist,14,2,0.8571428571428572,0.897586659245491,0.8913866525729496,0.006200006672541392,0.3276957721115591,0.8948888897895813,0.8905185341835022,0.004370355606079013,5,3,17
vit_b16,eurosat,random,85,3,17,0.8235294117647058,0,0.0,0,0.0,tiny_imagenet,tiny_imagenet,1,tiny_imagenet,tiny_imagenet,organamnist,organmnist_views,cifar10|octmnist|organamnist,cifar10|octmnist|organmnist_views,14,3,0.7857142857142857,0.897586659245491,0.8913866525729496,0.006200006672541392,0.3276957721115591,0.8948888897895813,0.8905185341835022,0.004370355606079013,5,3,17
vit_b16,eurosat,random,86,3,17,0.8235294117647058,1,0.3333333333333333,1,0.3333333333333333,tiny_imagenet,tiny_imagenet,1,tiny_imagenet,tiny_imagenet,tiny_imagenet,tiny_imagenet,bloodmnist|pneumoniamnist|tiny_imagenet,bloodmnist|pneumoniamnist|tiny_imagenet,14,3,0.7857142857142857,0.897586659245491,0.897586659245491,0.0,0.0,0.8948888897895813,0.8948888897895813,0.0,5,3,17
vit_b16,eurosat,random,87,3,17,0.8235294117647058,0,0.0,0,0.0,tiny_imagenet,tiny_imagenet,1,tiny_imagenet,tiny_imagenet,octmnist,octmnist,octmnist|rendered_sst2|retinamnist,octmnist|rendered_sst2|retinamnist,14,3,0.7857142857142857,0.897586659245491,0.8889199830285708,0.008666676216920188,0.45806937065446957,0.8948888897895813,0.8829629778861999,0.011925911903381325,5,3,17
vit_b16,eurosat,random,88,3,17,0.8235294117647058,0,0.0,0,0.0,tiny_imagenet,tiny_imagenet,1,tiny_imagenet,tiny_imagenet,octmnist,octmnist,breastmnist|octmnist|tissuemnist,breastmnist|octmnist|tissuemnist,14,3,0.7857142857142857,0.897586659245491,0.8889199830285708,0.008666676216920188,0.45806937065446957,0.8948888897895813,0.8829629778861999,0.011925911903381325,5,3,17
vit_b16,eurosat,random,89,3,17,0.8235294117647058,0,0.6666666666666666,0,0.6666666666666666,tiny_imagenet,tiny_imagenet,1,tiny_imagenet,tiny_imagenet,cifar100,cifar100_shared_images,cifar100|dermamnist|pathmnist,cifar100_shared_images|dermamnist|pathmnist,14,3,0.7857142857142857,0.897586659245491,0.896266647529602,0.0013200117158890246,0.0697680311136262,0.8948888897895813,0.8933333277702331,0.0015555620193481445,5,3,17
vit_b16,eurosat,random,90,3,17,0.8235294117647058,0,0.3333333333333333,0,0.3333333333333333,tiny_imagenet,tiny_imagenet,1,tiny_imagenet,tiny_imagenet,pathmnist,pathmnist,pathmnist|pneumoniamnist|rendered_sst2,pathmnist|pneumoniamnist|rendered_sst2,14,3,0.7857142857142857,0.897586659245491,0.8934933189789455,0.004093340266545509,0.21634981541255924,0.8948888897895813,0.8887407422065735,0.006148147583007746,5,3,17
vit_b16,eurosat,random,91,3,17,0.8235294117647058,0,0.0,0,0.3333333333333333,tiny_imagenet,tiny_imagenet,1,tiny_imagenet,tiny_imagenet,dermamnist,dermamnist,cifar100_coarse|dermamnist|tissuemnist,cifar100_shared_images|dermamnist|tissuemnist,14,3,0.7857142857142857,0.897586659245491,0.8891999906730652,0.00838666857242576,0.44326981863687,0.8948888897895813,0.8864444375038147,0.008444452285766513,5,3,17
vit_b16,eurosat,random,92,3,17,0.8235294117647058,0,0.0,0,0.0,tiny_imagenet,tiny_imagenet,1,tiny_imagenet,tiny_imagenet,organamnist,organmnist_views,octmnist|organamnist|pneumoniamnist,octmnist|organmnist_views|pneumoniamnist,14,3,0.7857142857142857,0.897586659245491,0.8913866525729496,0.006200006672541392,0.3276957721115591,0.8948888897895813,0.8905185341835022,0.004370355606079013,5,3,17
vit_b16,eurosat,random,93,3,17,0.8235294117647058,0,0.0,0,0.0,tiny_imagenet,tiny_imagenet,1,tiny_imagenet,tiny_imagenet,organsmnist,organmnist_views,organsmnist|retinamnist|stl10,organmnist_views|retinamnist|stl10,14,3,0.7857142857142857,0.897586659245491,0.8913866482806206,0.006200010964870328,0.3276959989787416,0.8948888897895813,0.8848148226737976,0.010074067115783625,5,3,17
vit_b16,eurosat,random,94,3,17,0.8235294117647058,0,0.0,0,0.0,tiny_imagenet,tiny_imagenet,1,tiny_imagenet,tiny_imagenet,organamnist,organmnist_views,organamnist|organsmnist|stl10,organmnist_views|stl10,14,2,0.8571428571428572,0.897586659245491,0.8913866525729496,0.006200006672541392,0.3276957721115591,0.8948888897895813,0.8905185341835022,0.004370355606079013,5,3,17
vit_b16,eurosat,random,95,3,17,0.8235294117647058,0,0.3333333333333333,0,0.3333333333333333,tiny_imagenet,tiny_imagenet,1,tiny_imagenet,tiny_imagenet,pathmnist,pathmnist,bloodmnist|dermamnist|pathmnist,bloodmnist|dermamnist|pathmnist,14,3,0.7857142857142857,0.897586659245491,0.8934933189789455,0.004093340266545509,0.21634981541255924,0.8948888897895813,0.8887407422065735,0.006148147583007746,5,3,17
vit_b16,eurosat,random,96,3,17,0.8235294117647058,0,0.3333333333333333,0,0.3333333333333333,tiny_imagenet,tiny_imagenet,1,tiny_imagenet,tiny_imagenet,cifar100,cifar100_shared_images,cifar100|organsmnist|stl10,cifar100_shared_images|organmnist_views|stl10,14,3,0.7857142857142857,0.897586659245491,0.896266647529602,0.0013200117158890246,0.0697680311136262,0.8948888897895813,0.8933333277702331,0.0015555620193481445,5,3,17
vit_b16,eurosat,random,97,3,17,0.8235294117647058,0,0.0,0,0.3333333333333333,tiny_imagenet,tiny_imagenet,1,tiny_imagenet,tiny_imagenet,stl10,stl10,cifar10|cifar100_coarse|stl10,cifar10|cifar100_shared_images|stl10,14,3,0.7857142857142857,0.897586659245491,0.8900799861741066,0.007506673071384418,0.3967584485047089,0.8948888897895813,0.8879259347915649,0.006962954998016357,5,3,17
vit_b16,eurosat,random,98,3,17,0.8235294117647058,1,0.3333333333333333,1,0.3333333333333333,tiny_imagenet,tiny_imagenet,1,tiny_imagenet,tiny_imagenet,tiny_imagenet,tiny_imagenet,octmnist|organsmnist|tiny_imagenet,octmnist|organmnist_views|tiny_imagenet,14,3,0.7857142857142857,0.897586659245491,0.897586659245491,0.0,0.0,0.8948888897895813,0.8948888897895813,0.0,5,3,17
vit_b16,eurosat,random,99,3,17,0.8235294117647058,0,0.0,0,0.0,tiny_imagenet,tiny_imagenet,1,tiny_imagenet,tiny_imagenet,organamnist,organmnist_views,breastmnist|cifar10|organamnist,breastmnist|cifar10|organmnist_views,14,3,0.7857142857142857,0.897586659245491,0.8913866525729496,0.006200006672541392,0.3276957721115591,0.8948888897895813,0.8905185341835022,0.004370355606079013,5,3,17
vit_b16,eurosat,rank_only,-1,5,17,0.7058823529411764,1,0.6666666666666666,1,0.6666666666666666,tiny_imagenet,tiny_imagenet,1,tiny_imagenet,tiny_imagenet,tiny_imagenet,tiny_imagenet,tiny_imagenet|cifar100_coarse|cifar100|stl10|cifar10,cifar10|cifar100_shared_images|stl10|tiny_imagenet,14,4,0.7142857142857143,0.897586659245491,0.897586659245491,0.0,0.0,0.8948888897895813,0.8948888897895813,0.0,5,5,17
vit_b16,eurosat,facility_subspace,-1,5,17,0.7058823529411764,0,0.3333333333333333,0,0.3333333333333333,tiny_imagenet,tiny_imagenet,1,tiny_imagenet,tiny_imagenet,cifar100,cifar100_shared_images,organsmnist|cifar100|rendered_sst2|stl10|dermamnist,cifar100_shared_images|dermamnist|organmnist_views|rendered_sst2|stl10,14,5,0.6428571428571428,0.897586659245491,0.896266647529602,0.0013200117158890246,0.0697680311136262,0.8948888897895813,0.8933333277702331,0.0015555620193481445,5,5,17
vit_b16,eurosat,kcenter_subspace,-1,5,17,0.7058823529411764,1,0.3333333333333333,1,0.3333333333333333,tiny_imagenet,tiny_imagenet,1,tiny_imagenet,tiny_imagenet,tiny_imagenet,tiny_imagenet,tiny_imagenet|rendered_sst2|bloodmnist|stl10|octmnist,bloodmnist|octmnist|rendered_sst2|stl10|tiny_imagenet,14,5,0.6428571428571428,0.897586659245491,0.897586659245491,0.0,0.0,0.8948888897895813,0.8948888897895813,0.0,5,5,17
vit_b16,eurosat,dpp_subspace,-1,5,17,0.7058823529411764,1,0.3333333333333333,1,0.6666666666666666,tiny_imagenet,tiny_imagenet,1,tiny_imagenet,tiny_imagenet,tiny_imagenet,tiny_imagenet,tiny_imagenet|stl10|cifar100_coarse|cifar10|organsmnist,cifar10|cifar100_shared_images|organmnist_views|stl10|tiny_imagenet,14,5,0.6428571428571428,0.897586659245491,0.897586659245491,0.0,0.0,0.8948888897895813,0.8948888897895813,0.0,5,5,17
vit_b16,eurosat,pool_vendi_subspace,-1,5,17,0.7058823529411764,1,0.3333333333333333,1,0.3333333333333333,tiny_imagenet,tiny_imagenet,1,tiny_imagenet,tiny_imagenet,tiny_imagenet,tiny_imagenet,tiny_imagenet|rendered_sst2|bloodmnist|stl10|octmnist,bloodmnist|octmnist|rendered_sst2|stl10|tiny_imagenet,14,5,0.6428571428571428,0.897586659245491,0.897586659245491,0.0,0.0,0.8948888897895813,0.8948888897895813,0.0,5,5,17
vit_b16,eurosat,full_merged_rank,-1,5,17,0.7058823529411764,1,0.6666666666666666,1,0.6666666666666666,tiny_imagenet,tiny_imagenet,1,tiny_imagenet,tiny_imagenet,tiny_imagenet,tiny_imagenet,tiny_imagenet|stl10|cifar100_coarse|cifar100|cifar10,cifar10|cifar100_shared_images|stl10|tiny_imagenet,14,4,0.7142857142857143,0.897586659245491,0.897586659245491,0.0,0.0,0.8948888897895813,0.8948888897895813,0.0,5,5,17
vit_b16,eurosat,random,0,5,17,0.7058823529411764,0,0.0,0,0.0,tiny_imagenet,tiny_imagenet,1,tiny_imagenet,tiny_imagenet,bloodmnist,bloodmnist,bloodmnist|cifar10|dermamnist|organamnist|pneumoniamnist,bloodmnist|cifar10|dermamnist|organmnist_views|pneumoniamnist,14,5,0.6428571428571428,0.897586659245491,0.8919199878033002,0.005666671442190796,0.29950681856122435,0.8948888897895813,0.893999981880188,0.0008889079093932217,5,5,17
vit_b16,eurosat,random,1,5,17,0.7058823529411764,0,0.0,0,0.0,tiny_imagenet,tiny_imagenet,1,tiny_imagenet,tiny_imagenet,bloodmnist,bloodmnist,bloodmnist|organamnist|organsmnist|rendered_sst2|retinamnist,bloodmnist|organmnist_views|rendered_sst2|retinamnist,14,4,0.7142857142857143,0.897586659245491,0.8919199878033002,0.005666671442190796,0.29950681856122435,0.8948888897895813,0.893999981880188,0.0008889079093932217,5,5,17
vit_b16,eurosat,random,2,5,17,0.7058823529411764,1,0.3333333333333333,1,0.6666666666666666,tiny_imagenet,tiny_imagenet,1,tiny_imagenet,tiny_imagenet,tiny_imagenet,tiny_imagenet,cifar100_coarse|organsmnist|retinamnist|stl10|tiny_imagenet,cifar100_shared_images|organmnist_views|retinamnist|stl10|tiny_imagenet,14,5,0.6428571428571428,0.897586659245491,0.897586659245491,0.0,0.0,0.8948888897895813,0.8948888897895813,0.0,5,5,17
vit_b16,eurosat,random,3,5,17,0.7058823529411764,0,0.6666666666666666,0,0.6666666666666666,tiny_imagenet,tiny_imagenet,1,tiny_imagenet,tiny_imagenet,cifar100,cifar100_shared_images,bloodmnist|cifar100|octmnist|pathmnist|retinamnist,bloodmnist|cifar100_shared_images|octmnist|pathmnist|retinamnist,14,5,0.6428571428571428,0.897586659245491,0.896266647529602,0.0013200117158890246,0.0697680311136262,0.8948888897895813,0.8933333277702331,0.0015555620193481445,5,5,17
vit_b16,eurosat,random,4,5,17,0.7058823529411764,1,0.6666666666666666,1,0.6666666666666666,tiny_imagenet,tiny_imagenet,1,tiny_imagenet,tiny_imagenet,tiny_imagenet,tiny_imagenet,cifar10|cifar100|retinamnist|tiny_imagenet|tissuemnist,cifar10|cifar100_shared_images|retinamnist|tiny_imagenet|tissuemnist,14,5,0.6428571428571428,0.897586659245491,0.897586659245491,0.0,0.0,0.8948888897895813,0.8948888897895813,0.0,5,5,17
vit_b16,eurosat,random,5,5,17,0.7058823529411764,0,0.3333333333333333,0,0.3333333333333333,tiny_imagenet,tiny_imagenet,1,tiny_imagenet,tiny_imagenet,pathmnist,pathmnist,cifar10|pathmnist|pneumoniamnist|retinamnist|tissuemnist,cifar10|pathmnist|pneumoniamnist|retinamnist|tissuemnist,14,5,0.6428571428571428,0.897586659245491,0.8934933189789455,0.004093340266545509,0.21634981541255924,0.8948888897895813,0.8887407422065735,0.006148147583007746,5,5,17
vit_b16,eurosat,random,6,5,17,0.7058823529411764,0,0.3333333333333333,0,0.3333333333333333,tiny_imagenet,tiny_imagenet,1,tiny_imagenet,tiny_imagenet,pathmnist,pathmnist,breastmnist|dermamnist|pathmnist|pneumoniamnist|stl10,breastmnist|dermamnist|pathmnist|pneumoniamnist|stl10,14,5,0.6428571428571428,0.897586659245491,0.8934933189789455,0.004093340266545509,0.21634981541255924,0.8948888897895813,0.8887407422065735,0.006148147583007746,5,5,17
vit_b16,eurosat,random,7,5,17,0.7058823529411764,1,0.3333333333333333,1,0.6666666666666666,tiny_imagenet,tiny_imagenet,1,tiny_imagenet,tiny_imagenet,tiny_imagenet,tiny_imagenet,bloodmnist|breastmnist|cifar100_coarse|organamnist|tiny_imagenet,bloodmnist|breastmnist|cifar100_shared_images|organmnist_views|tiny_imagenet,14,5,0.6428571428571428,0.897586659245491,0.897586659245491,0.0,0.0,0.8948888897895813,0.8948888897895813,0.0,5,5,17
vit_b16,eurosat,random,8,5,17,0.7058823529411764,0,0.0,0,0.0,tiny_imagenet,tiny_imagenet,1,tiny_imagenet,tiny_imagenet,dermamnist,dermamnist,breastmnist|dermamnist|pneumoniamnist|rendered_sst2|tissuemnist,breastmnist|dermamnist|pneumoniamnist|rendered_sst2|tissuemnist,14,5,0.6428571428571428,0.897586659245491,0.8891999906730652,0.00838666857242576,0.44326981863687,0.8948888897895813,0.8864444375038147,0.008444452285766513,5,5,17
vit_b16,eurosat,random,9,5,17,0.7058823529411764,0,0.3333333333333333,0,0.6666666666666666,tiny_imagenet,tiny_imagenet,1,tiny_imagenet,tiny_imagenet,pathmnist,pathmnist,bloodmnist|cifar100_coarse|octmnist|organcmnist|pathmnist,bloodmnist|cifar100_shared_images|octmnist|organmnist_views|pathmnist,14,5,0.6428571428571428,0.897586659245491,0.8934933189789455,0.004093340266545509,0.21634981541255924,0.8948888897895813,0.8887407422065735,0.006148147583007746,5,5,17
vit_b16,eurosat,random,10,5,17,0.7058823529411764,0,0.3333333333333333,0,0.3333333333333333,tiny_imagenet,tiny_imagenet,1,tiny_imagenet,tiny_imagenet,pathmnist,pathmnist,organamnist|organcmnist|pathmnist|pneumoniamnist|tissuemnist,organmnist_views|pathmnist|pneumoniamnist|tissuemnist,14,4,0.7142857142857143,0.897586659245491,0.8934933189789455,0.004093340266545509,0.21634981541255924,0.8948888897895813,0.8887407422065735,0.006148147583007746,5,5,17
vit_b16,eurosat,random,11,5,17,0.7058823529411764,1,0.3333333333333333,1,0.6666666666666666,tiny_imagenet,tiny_imagenet,1,tiny_imagenet,tiny_imagenet,tiny_imagenet,tiny_imagenet,cifar10|cifar100_coarse|dermamnist|organcmnist|tiny_imagenet,cifar10|cifar100_shared_images|dermamnist|organmnist_views|tiny_imagenet,14,5,0.6428571428571428,0.897586659245491,0.897586659245491,0.0,0.0,0.8948888897895813,0.8948888897895813,0.0,5,5,17
vit_b16,eurosat,random,12,5,17,0.7058823529411764,0,0.0,0,0.3333333333333333,tiny_imagenet,tiny_imagenet,1,tiny_imagenet,tiny_imagenet,organsmnist,organmnist_views,cifar10|cifar100_coarse|organcmnist|organsmnist|rendered_sst2,cifar10|cifar100_shared_images|organmnist_views|rendered_sst2,14,4,0.7142857142857143,0.897586659245491,0.8913866482806206,0.006200010964870328,0.3276959989787416,0.8948888897895813,0.8848148226737976,0.010074067115783625,5,5,17
vit_b16,eurosat,random,13,5,17,0.7058823529411764,0,0.0,0,0.0,tiny_imagenet,tiny_imagenet,1,tiny_imagenet,tiny_imagenet,bloodmnist,bloodmnist,bloodmnist|breastmnist|dermamnist|stl10|tissuemnist,bloodmnist|breastmnist|dermamnist|stl10|tissuemnist,14,5,0.6428571428571428,0.897586659245491,0.8919199878033002,0.005666671442190796,0.29950681856122435,0.8948888897895813,0.893999981880188,0.0008889079093932217,5,5,17
vit_b16,eurosat,random,14,5,17,0.7058823529411764,0,0.0,0,0.3333333333333333,tiny_imagenet,tiny_imagenet,1,tiny_imagenet,tiny_imagenet,bloodmnist,bloodmnist,bloodmnist|cifar100_coarse|dermamnist|pneumoniamnist|rendered_sst2,bloodmnist|cifar100_shared_images|dermamnist|pneumoniamnist|rendered_sst2,14,5,0.6428571428571428,0.897586659245491,0.8919199878033002,0.005666671442190796,0.29950681856122435,0.8948888897895813,0.893999981880188,0.0008889079093932217,5,5,17
vit_b16,eurosat,random,15,5,17,0.7058823529411764,0,0.3333333333333333,0,0.3333333333333333,tiny_imagenet,tiny_imagenet,1,tiny_imagenet,tiny_imagenet,cifar100,cifar100_shared_images,cifar100|organcmnist|organsmnist|pneumoniamnist|retinamnist,cifar100_shared_images|organmnist_views|pneumoniamnist|retinamnist,14,4,0.7142857142857143,0.897586659245491,0.896266647529602,0.0013200117158890246,0.0697680311136262,0.8948888897895813,0.8933333277702331,0.0015555620193481445,5,5,17
vit_b16,eurosat,random,16,5,17,0.7058823529411764,1,0.6666666666666666,1,0.6666666666666666,tiny_imagenet,tiny_imagenet,1,tiny_imagenet,tiny_imagenet,tiny_imagenet,tiny_imagenet,dermamnist|octmnist|pathmnist|retinamnist|tiny_imagenet,dermamnist|octmnist|pathmnist|retinamnist|tiny_imagenet,14,5,0.6428571428571428,0.897586659245491,0.897586659245491,0.0,0.0,0.8948888897895813,0.8948888897895813,0.0,5,5,17
vit_b16,eurosat,random,17,5,17,0.7058823529411764,0,0.3333333333333333,0,0.3333333333333333,tiny_imagenet,tiny_imagenet,1,tiny_imagenet,tiny_imagenet,cifar100,cifar100_shared_images,cifar100|organsmnist|pneumoniamnist|rendered_sst2|tissuemnist,cifar100_shared_images|organmnist_views|pneumoniamnist|rendered_sst2|tissuemnist,14,5,0.6428571428571428,0.897586659245491,0.896266647529602,0.0013200117158890246,0.0697680311136262,0.8948888897895813,0.8933333277702331,0.0015555620193481445,5,5,17
vit_b16,eurosat,random,18,5,17,0.7058823529411764,1,0.3333333333333333,1,0.3333333333333333,tiny_imagenet,tiny_imagenet,1,tiny_imagenet,tiny_imagenet,tiny_imagenet,tiny_imagenet,dermamnist|retinamnist|stl10|tiny_imagenet|tissuemnist,dermamnist|retinamnist|stl10|tiny_imagenet|tissuemnist,14,5,0.6428571428571428,0.897586659245491,0.897586659245491,0.0,0.0,0.8948888897895813,0.8948888897895813,0.0,5,5,17
vit_b16,eurosat,random,19,5,17,0.7058823529411764,1,0.3333333333333333,1,0.6666666666666666,tiny_imagenet,tiny_imagenet,1,tiny_imagenet,tiny_imagenet,tiny_imagenet,tiny_imagenet,cifar100_coarse|dermamnist|octmnist|organsmnist|tiny_imagenet,cifar100_shared_images|dermamnist|octmnist|organmnist_views|tiny_imagenet,14,5,0.6428571428571428,0.897586659245491,0.897586659245491,0.0,0.0,0.8948888897895813,0.8948888897895813,0.0,5,5,17
vit_b16,eurosat,random,20,5,17,0.7058823529411764,1,0.6666666666666666,1,0.6666666666666666,tiny_imagenet,tiny_imagenet,1,tiny_imagenet,tiny_imagenet,tiny_imagenet,tiny_imagenet,cifar100|pneumoniamnist|stl10|tiny_imagenet|tissuemnist,cifar100_shared_images|pneumoniamnist|stl10|tiny_imagenet|tissuemnist,14,5,0.6428571428571428,0.897586659245491,0.897586659245491,0.0,0.0,0.8948888897895813,0.8948888897895813,0.0,5,5,17
vit_b16,eurosat,random,21,5,17,0.7058823529411764,1,0.3333333333333333,1,0.6666666666666666,tiny_imagenet,tiny_imagenet,1,tiny_imagenet,tiny_imagenet,tiny_imagenet,tiny_imagenet,breastmnist|cifar10|cifar100_coarse|rendered_sst2|tiny_imagenet,breastmnist|cifar10|cifar100_shared_images|rendered_sst2|tiny_imagenet,14,5,0.6428571428571428,0.897586659245491,0.897586659245491,0.0,0.0,0.8948888897895813,0.8948888897895813,0.0,5,5,17
vit_b16,eurosat,random,22,5,17,0.7058823529411764,0,0.0,0,0.0,tiny_imagenet,tiny_imagenet,1,tiny_imagenet,tiny_imagenet,bloodmnist,bloodmnist,bloodmnist|cifar10|dermamnist|octmnist|pneumoniamnist,bloodmnist|cifar10|dermamnist|octmnist|pneumoniamnist,14,5,0.6428571428571428,0.897586659245491,0.8919199878033002,0.005666671442190796,0.29950681856122435,0.8948888897895813,0.893999981880188,0.0008889079093932217,5,5,17
vit_b16,eurosat,random,23,5,17,0.7058823529411764,0,0.3333333333333333,0,0.3333333333333333,tiny_imagenet,tiny_imagenet,1,tiny_imagenet,tiny_imagenet,pathmnist,pathmnist,cifar10|octmnist|organcmnist|organsmnist|pathmnist,cifar10|octmnist|organmnist_views|pathmnist,14,4,0.7142857142857143,0.897586659245491,0.8934933189789455,0.004093340266545509,0.21634981541255924,0.8948888897895813,0.8887407422065735,0.006148147583007746,5,5,17
vit_b16,eurosat,random,24,5,17,0.7058823529411764,0,0.3333333333333333,0,0.3333333333333333,tiny_imagenet,tiny_imagenet,1,tiny_imagenet,tiny_imagenet,pathmnist,pathmnist,breastmnist|organcmnist|pathmnist|retinamnist|stl10,breastmnist|organmnist_views|pathmnist|retinamnist|stl10,14,5,0.6428571428571428,0.897586659245491,0.8934933189789455,0.004093340266545509,0.21634981541255924,0.8948888897895813,0.8887407422065735,0.006148147583007746,5,5,17
vit_b16,eurosat,random,25,5,17,0.7058823529411764,1,0.6666666666666666,1,0.6666666666666666,tiny_imagenet,tiny_imagenet,1,tiny_imagenet,tiny_imagenet,tiny_imagenet,tiny_imagenet,cifar100|octmnist|organamnist|rendered_sst2|tiny_imagenet,cifar100_shared_images|octmnist|organmnist_views|rendered_sst2|tiny_imagenet,14,5,0.6428571428571428,0.897586659245491,0.897586659245491,0.0,0.0,0.8948888897895813,0.8948888897895813,0.0,5,5,17
vit_b16,eurosat,random,26,5,17,0.7058823529411764,0,0.3333333333333333,0,0.3333333333333333,tiny_imagenet,tiny_imagenet,1,tiny_imagenet,tiny_imagenet,cifar100,cifar100_shared_images,bloodmnist|cifar100|cifar100_coarse|dermamnist|octmnist,bloodmnist|cifar100_shared_images|dermamnist|octmnist,14,4,0.7142857142857143,0.897586659245491,0.896266647529602,0.0013200117158890246,0.0697680311136262,0.8948888897895813,0.8933333277702331,0.0015555620193481445,5,5,17
vit_b16,eurosat,random,27,5,17,0.7058823529411764,0,0.3333333333333333,0,0.3333333333333333,tiny_imagenet,tiny_imagenet,1,tiny_imagenet,tiny_imagenet,cifar100,cifar100_shared_images,cifar100|organcmnist|rendered_sst2|retinamnist|stl10,cifar100_shared_images|organmnist_views|rendered_sst2|retinamnist|stl10,14,5,0.6428571428571428,0.897586659245491,0.896266647529602,0.0013200117158890246,0.0697680311136262,0.8948888897895813,0.8933333277702331,0.0015555620193481445,5,5,17
vit_b16,eurosat,random,28,5,17,0.7058823529411764,0,0.0,0,0.3333333333333333,tiny_imagenet,tiny_imagenet,1,tiny_imagenet,tiny_imagenet,bloodmnist,bloodmnist,bloodmnist|cifar10|cifar100_coarse|octmnist|organamnist,bloodmnist|cifar10|cifar100_shared_images|octmnist|organmnist_views,14,5,0.6428571428571428,0.897586659245491,0.8919199878033002,0.005666671442190796,0.29950681856122435,0.8948888897895813,0.893999981880188,0.0008889079093932217,5,5,17
vit_b16,eurosat,random,29,5,17,0.7058823529411764,1,0.3333333333333333,1,0.6666666666666666,tiny_imagenet,tiny_imagenet,1,tiny_imagenet,tiny_imagenet,tiny_imagenet,tiny_imagenet,cifar100_coarse|organcmnist|retinamnist|tiny_imagenet|tissuemnist,cifar100_shared_images|organmnist_views|retinamnist|tiny_imagenet|tissuemnist,14,5,0.6428571428571428,0.897586659245491,0.897586659245491,0.0,0.0,0.8948888897895813,0.8948888897895813,0.0,5,5,17
vit_b16,eurosat,random,30,5,17,0.7058823529411764,0,0.3333333333333333,0,0.3333333333333333,tiny_imagenet,tiny_imagenet,1,tiny_imagenet,tiny_imagenet,cifar100,cifar100_shared_images,breastmnist|cifar100|dermamnist|pneumoniamnist|retinamnist,breastmnist|cifar100_shared_images|dermamnist|pneumoniamnist|retinamnist,14,5,0.6428571428571428,0.897586659245491,0.896266647529602,0.0013200117158890246,0.0697680311136262,0.8948888897895813,0.8933333277702331,0.0015555620193481445,5,5,17
vit_b16,eurosat,random,31,5,17,0.7058823529411764,0,0.3333333333333333,0,0.3333333333333333,tiny_imagenet,tiny_imagenet,1,tiny_imagenet,tiny_imagenet,pathmnist,pathmnist,octmnist|organamnist|pathmnist|stl10|tissuemnist,octmnist|organmnist_views|pathmnist|stl10|tissuemnist,14,5,0.6428571428571428,0.897586659245491,0.8934933189789455,0.004093340266545509,0.21634981541255924,0.8948888897895813,0.8887407422065735,0.006148147583007746,5,5,17
vit_b16,eurosat,random,32,5,17,0.7058823529411764,0,0.3333333333333333,0,0.3333333333333333,tiny_imagenet,tiny_imagenet,1,tiny_imagenet,tiny_imagenet,cifar100,cifar100_shared_images,cifar10|cifar100|organcmnist|rendered_sst2|stl10,cifar10|cifar100_shared_images|organmnist_views|rendered_sst2|stl10,14,5,0.6428571428571428,0.897586659245491,0.896266647529602,0.0013200117158890246,0.0697680311136262,0.8948888897895813,0.8933333277702331,0.0015555620193481445,5,5,17
vit_b16,eurosat,random,33,5,17,0.7058823529411764,1,0.6666666666666666,1,0.6666666666666666,tiny_imagenet,tiny_imagenet,1,tiny_imagenet,tiny_imagenet,tiny_imagenet,tiny_imagenet,bloodmnist|cifar100|organsmnist|rendered_sst2|tiny_imagenet,bloodmnist|cifar100_shared_images|organmnist_views|rendered_sst2|tiny_imagenet,14,5,0.6428571428571428,0.897586659245491,0.897586659245491,0.0,0.0,0.8948888897895813,0.8948888897895813,0.0,5,5,17
vit_b16,eurosat,random,34,5,17,0.7058823529411764,0,0.3333333333333333,0,0.3333333333333333,tiny_imagenet,tiny_imagenet,1,tiny_imagenet,tiny_imagenet,cifar100,cifar100_shared_images,breastmnist|cifar100|organcmnist|organsmnist|retinamnist,breastmnist|cifar100_shared_images|organmnist_views|retinamnist,14,4,0.7142857142857143,0.897586659245491,0.896266647529602,0.0013200117158890246,0.0697680311136262,0.8948888897895813,0.8933333277702331,0.0015555620193481445,5,5,17
vit_b16,eurosat,random,35,5,17,0.7058823529411764,0,0.0,0,0.0,tiny_imagenet,tiny_imagenet,1,tiny_imagenet,tiny_imagenet,bloodmnist,bloodmnist,bloodmnist|cifar10|organcmnist|organsmnist|rendered_sst2,bloodmnist|cifar10|organmnist_views|rendered_sst2,14,4,0.7142857142857143,0.897586659245491,0.8919199878033002,0.005666671442190796,0.29950681856122435,0.8948888897895813,0.893999981880188,0.0008889079093932217,5,5,17
vit_b16,eurosat,random,36,5,17,0.7058823529411764,0,0.0,0,0.0,tiny_imagenet,tiny_imagenet,1,tiny_imagenet,tiny_imagenet,bloodmnist,bloodmnist,bloodmnist|octmnist|organcmnist|pneumoniamnist|rendered_sst2,bloodmnist|octmnist|organmnist_views|pneumoniamnist|rendered_sst2,14,5,0.6428571428571428,0.897586659245491,0.8919199878033002,0.005666671442190796,0.29950681856122435,0.8948888897895813,0.893999981880188,0.0008889079093932217,5,5,17
vit_b16,eurosat,random,37,5,17,0.7058823529411764,1,0.6666666666666666,1,0.6666666666666666,tiny_imagenet,tiny_imagenet,1,tiny_imagenet,tiny_imagenet,tiny_imagenet,tiny_imagenet,organamnist|organcmnist|pathmnist|pneumoniamnist|tiny_imagenet,organmnist_views|pathmnist|pneumoniamnist|tiny_imagenet,14,4,0.7142857142857143,0.897586659245491,0.897586659245491,0.0,0.0,0.8948888897895813,0.8948888897895813,0.0,5,5,17
vit_b16,eurosat,random,38,5,17,0.7058823529411764,1,0.3333333333333333,1,0.6666666666666666,tiny_imagenet,tiny_imagenet,1,tiny_imagenet,tiny_imagenet,tiny_imagenet,tiny_imagenet,bloodmnist|breastmnist|cifar100_coarse|octmnist|tiny_imagenet,bloodmnist|breastmnist|cifar100_shared_images|octmnist|tiny_imagenet,14,5,0.6428571428571428,0.897586659245491,0.897586659245491,0.0,0.0,0.8948888897895813,0.8948888897895813,0.0,5,5,17
vit_b16,eurosat,random,39,5,17,0.7058823529411764,0,0.0,0,0.0,tiny_imagenet,tiny_imagenet,1,tiny_imagenet,tiny_imagenet,organsmnist,organmnist_views,dermamnist|organsmnist|rendered_sst2|stl10|tissuemnist,dermamnist|organmnist_views|rendered_sst2|stl10|tissuemnist,14,5,0.6428571428571428,0.897586659245491,0.8913866482806206,0.006200010964870328,0.3276959989787416,0.8948888897895813,0.8848148226737976,0.010074067115783625,5,5,17
vit_b16,eurosat,random,40,5,17,0.7058823529411764,0,0.0,0,0.0,tiny_imagenet,tiny_imagenet,1,tiny_imagenet,tiny_imagenet,organamnist,organmnist_views,dermamnist|organamnist|organcmnist|rendered_sst2|tissuemnist,dermamnist|organmnist_views|rendered_sst2|tissuemnist,14,4,0.7142857142857143,0.897586659245491,0.8913866525729496,0.006200006672541392,0.3276957721115591,0.8948888897895813,0.8905185341835022,0.004370355606079013,5,5,17
vit_b16,eurosat,random,41,5,17,0.7058823529411764,0,0.0,0,0.0,tiny_imagenet,tiny_imagenet,1,tiny_imagenet,tiny_imagenet,organamnist,organmnist_views,breastmnist|octmnist|organamnist|pneumoniamnist|rendered_sst2,breastmnist|octmnist|organmnist_views|pneumoniamnist|rendered_sst2,14,5,0.6428571428571428,0.897586659245491,0.8913866525729496,0.006200006672541392,0.3276957721115591,0.8948888897895813,0.8905185341835022,0.004370355606079013,5,5,17
vit_b16,eurosat,random,42,5,17,0.7058823529411764,0,0.0,0,0.0,tiny_imagenet,tiny_imagenet,1,tiny_imagenet,tiny_imagenet,bloodmnist,bloodmnist,bloodmnist|breastmnist|retinamnist|stl10|tissuemnist,bloodmnist|breastmnist|retinamnist|stl10|tissuemnist,14,5,0.6428571428571428,0.897586659245491,0.8919199878033002,0.005666671442190796,0.29950681856122435,0.8948888897895813,0.893999981880188,0.0008889079093932217,5,5,17
vit_b16,eurosat,random,43,5,17,0.7058823529411764,1,0.3333333333333333,1,0.3333333333333333,tiny_imagenet,tiny_imagenet,1,tiny_imagenet,tiny_imagenet,tiny_imagenet,tiny_imagenet,cifar10|octmnist|organamnist|stl10|tiny_imagenet,cifar10|octmnist|organmnist_views|stl10|tiny_imagenet,14,5,0.6428571428571428,0.897586659245491,0.897586659245491,0.0,0.0,0.8948888897895813,0.8948888897895813,0.0,5,5,17
vit_b16,eurosat,random,44,5,17,0.7058823529411764,1,0.3333333333333333,1,0.6666666666666666,tiny_imagenet,tiny_imagenet,1,tiny_imagenet,tiny_imagenet,tiny_imagenet,tiny_imagenet,cifar100_coarse|organamnist|organcmnist|rendered_sst2|tiny_imagenet,cifar100_shared_images|organmnist_views|rendered_sst2|tiny_imagenet,14,4,0.7142857142857143,0.897586659245491,0.897586659245491,0.0,0.0,0.8948888897895813,0.8948888897895813,0.0,5,5,17
vit_b16,eurosat,random,45,5,17,0.7058823529411764,0,0.0,0,0.0,tiny_imagenet,tiny_imagenet,1,tiny_imagenet,tiny_imagenet,bloodmnist,bloodmnist,bloodmnist|cifar10|octmnist|organamnist|organcmnist,bloodmnist|cifar10|octmnist|organmnist_views,14,4,0.7142857142857143,0.897586659245491,0.8919199878033002,0.005666671442190796,0.29950681856122435,0.8948888897895813,0.893999981880188,0.0008889079093932217,5,5,17
vit_b16,eurosat,random,46,5,17,0.7058823529411764,0,0.3333333333333333,0,0.3333333333333333,tiny_imagenet,tiny_imagenet,1,tiny_imagenet,tiny_imagenet,pathmnist,pathmnist,breastmnist|organsmnist|pathmnist|stl10|tissuemnist,breastmnist|organmnist_views|pathmnist|stl10|tissuemnist,14,5,0.6428571428571428,0.897586659245491,0.8934933189789455,0.004093340266545509,0.21634981541255924,0.8948888897895813,0.8887407422065735,0.006148147583007746,5,5,17
vit_b16,eurosat,random,47,5,17,0.7058823529411764,1,0.6666666666666666,1,0.6666666666666666,tiny_imagenet,tiny_imagenet,1,tiny_imagenet,tiny_imagenet,tiny_imagenet,tiny_imagenet,cifar10|organamnist|pathmnist|pneumoniamnist|tiny_imagenet,cifar10|organmnist_views|pathmnist|pneumoniamnist|tiny_imagenet,14,5,0.6428571428571428,0.897586659245491,0.897586659245491,0.0,0.0,0.8948888897895813,0.8948888897895813,0.0,5,5,17
vit_b16,eurosat,random,48,5,17,0.7058823529411764,1,0.3333333333333333,1,0.3333333333333333,tiny_imagenet,tiny_imagenet,1,tiny_imagenet,tiny_imagenet,tiny_imagenet,tiny_imagenet,bloodmnist|dermamnist|organamnist|retinamnist|tiny_imagenet,bloodmnist|dermamnist|organmnist_views|retinamnist|tiny_imagenet,14,5,0.6428571428571428,0.897586659245491,0.897586659245491,0.0,0.0,0.8948888897895813,0.8948888897895813,0.0,5,5,17
vit_b16,eurosat,random,49,5,17,0.7058823529411764,0,0.0,0,0.0,tiny_imagenet,tiny_imagenet,1,tiny_imagenet,tiny_imagenet,bloodmnist,bloodmnist,bloodmnist|breastmnist|organamnist|pneumoniamnist|rendered_sst2,bloodmnist|breastmnist|organmnist_views|pneumoniamnist|rendered_sst2,14,5,0.6428571428571428,0.897586659245491,0.8919199878033002,0.005666671442190796,0.29950681856122435,0.8948888897895813,0.893999981880188,0.0008889079093932217,5,5,17
vit_b16,eurosat,random,50,5,17,0.7058823529411764,0,0.0,0,0.3333333333333333,tiny_imagenet,tiny_imagenet,1,tiny_imagenet,tiny_imagenet,bloodmnist,bloodmnist,bloodmnist|cifar10|cifar100_coarse|dermamnist|stl10,bloodmnist|cifar10|cifar100_shared_images|dermamnist|stl10,14,5,0.6428571428571428,0.897586659245491,0.8919199878033002,0.005666671442190796,0.29950681856122435,0.8948888897895813,0.893999981880188,0.0008889079093932217,5,5,17
vit_b16,eurosat,random,51,5,17,0.7058823529411764,0,0.3333333333333333,0,0.3333333333333333,tiny_imagenet,tiny_imagenet,1,tiny_imagenet,tiny_imagenet,pathmnist,pathmnist,cifar10|octmnist|organamnist|pathmnist|retinamnist,cifar10|octmnist|organmnist_views|pathmnist|retinamnist,14,5,0.6428571428571428,0.897586659245491,0.8934933189789455,0.004093340266545509,0.21634981541255924,0.8948888897895813,0.8887407422065735,0.006148147583007746,5,5,17
vit_b16,eurosat,random,52,5,17,0.7058823529411764,0,0.0,0,0.3333333333333333,tiny_imagenet,tiny_imagenet,1,tiny_imagenet,tiny_imagenet,bloodmnist,bloodmnist,bloodmnist|cifar100_coarse|dermamnist|organamnist|organcmnist,bloodmnist|cifar100_shared_images|dermamnist|organmnist_views,14,4,0.7142857142857143,0.897586659245491,0.8919199878033002,0.005666671442190796,0.29950681856122435,0.8948888897895813,0.893999981880188,0.0008889079093932217,5,5,17
vit_b16,eurosat,random,53,5,17,0.7058823529411764,0,0.0,0,0.3333333333333333,tiny_imagenet,tiny_imagenet,1,tiny_imagenet,tiny_imagenet,dermamnist,dermamnist,cifar10|cifar100_coarse|dermamnist|octmnist|retinamnist,cifar10|cifar100_shared_images|dermamnist|octmnist|retinamnist,14,5,0.6428571428571428,0.897586659245491,0.8891999906730652,0.00838666857242576,0.44326981863687,0.8948888897895813,0.8864444375038147,0.008444452285766513,5,5,17
vit_b16,eurosat,random,54,5,17,0.7058823529411764,0,0.3333333333333333,0,0.3333333333333333,tiny_imagenet,tiny_imagenet,1,tiny_imagenet,tiny_imagenet,pathmnist,pathmnist,organamnist|organsmnist|pathmnist|stl10|tissuemnist,organmnist_views|pathmnist|stl10|tissuemnist,14,4,0.7142857142857143,0.897586659245491,0.8934933189789455,0.004093340266545509,0.21634981541255924,0.8948888897895813,0.8887407422065735,0.006148147583007746,5,5,17
vit_b16,eurosat,random,55,5,17,0.7058823529411764,1,0.6666666666666666,1,1.0,tiny_imagenet,tiny_imagenet,1,tiny_imagenet,tiny_imagenet,tiny_imagenet,tiny_imagenet,cifar100_coarse|organsmnist|pathmnist|rendered_sst2|tiny_imagenet,cifar100_shared_images|organmnist_views|pathmnist|rendered_sst2|tiny_imagenet,14,5,0.6428571428571428,0.897586659245491,0.897586659245491,0.0,0.0,0.8948888897895813,0.8948888897895813,0.0,5,5,17
vit_b16,eurosat,random,56,5,17,0.7058823529411764,0,0.3333333333333333,0,0.3333333333333333,tiny_imagenet,tiny_imagenet,1,tiny_imagenet,tiny_imagenet,cifar100,cifar100_shared_images,cifar100|octmnist|organcmnist|organsmnist|rendered_sst2,cifar100_shared_images|octmnist|organmnist_views|rendered_sst2,14,4,0.7142857142857143,0.897586659245491,0.896266647529602,0.0013200117158890246,0.0697680311136262,0.8948888897895813,0.8933333277702331,0.0015555620193481445,5,5,17
vit_b16,eurosat,random,57,5,17,0.7058823529411764,0,0.3333333333333333,0,0.6666666666666666,tiny_imagenet,tiny_imagenet,1,tiny_imagenet,tiny_imagenet,pathmnist,pathmnist,cifar100_coarse|dermamnist|organcmnist|pathmnist|pneumoniamnist,cifar100_shared_images|dermamnist|organmnist_views|pathmnist|pneumoniamnist,14,5,0.6428571428571428,0.897586659245491,0.8934933189789455,0.004093340266545509,0.21634981541255924,0.8948888897895813,0.8887407422065735,0.006148147583007746,5,5,17
vit_b16,eurosat,random,58,5,17,0.7058823529411764,0,0.3333333333333333,0,0.3333333333333333,tiny_imagenet,tiny_imagenet,1,tiny_imagenet,tiny_imagenet,pathmnist,pathmnist,bloodmnist|breastmnist|pathmnist|rendered_sst2|stl10,bloodmnist|breastmnist|pathmnist|rendered_sst2|stl10,14,5,0.6428571428571428,0.897586659245491,0.8934933189789455,0.004093340266545509,0.21634981541255924,0.8948888897895813,0.8887407422065735,0.006148147583007746,5,5,17
vit_b16,eurosat,random,59,5,17,0.7058823529411764,1,1.0,1,1.0,tiny_imagenet,tiny_imagenet,1,tiny_imagenet,tiny_imagenet,tiny_imagenet,tiny_imagenet,cifar100|organcmnist|pathmnist|pneumoniamnist|tiny_imagenet,cifar100_shared_images|organmnist_views|pathmnist|pneumoniamnist|tiny_imagenet,14,5,0.6428571428571428,0.897586659245491,0.897586659245491,0.0,0.0,0.8948888897895813,0.8948888897895813,0.0,5,5,17
vit_b16,eurosat,random,60,5,17,0.7058823529411764,0,0.3333333333333333,0,0.3333333333333333,tiny_imagenet,tiny_imagenet,1,tiny_imagenet,tiny_imagenet,cifar100,cifar100_shared_images,cifar100|cifar100_coarse|dermamnist|pneumoniamnist|stl10,cifar100_shared_images|dermamnist|pneumoniamnist|stl10,14,4,0.7142857142857143,0.897586659245491,0.896266647529602,0.0013200117158890246,0.0697680311136262,0.8948888897895813,0.8933333277702331,0.0015555620193481445,5,5,17
vit_b16,eurosat,random,61,5,17,0.7058823529411764,0,0.0,0,0.0,tiny_imagenet,tiny_imagenet,1,tiny_imagenet,tiny_imagenet,dermamnist,dermamnist,cifar10|dermamnist|octmnist|rendered_sst2|retinamnist,cifar10|dermamnist|octmnist|rendered_sst2|retinamnist,14,5,0.6428571428571428,0.897586659245491,0.8891999906730652,0.00838666857242576,0.44326981863687,0.8948888897895813,0.8864444375038147,0.008444452285766513,5,5,17
vit_b16,eurosat,random,62,5,17,0.7058823529411764,0,0.3333333333333333,0,0.3333333333333333,tiny_imagenet,tiny_imagenet,1,tiny_imagenet,tiny_imagenet,cifar100,cifar100_shared_images,bloodmnist|cifar10|cifar100|pneumoniamnist|tissuemnist,bloodmnist|cifar10|cifar100_shared_images|pneumoniamnist|tissuemnist,14,5,0.6428571428571428,0.897586659245491,0.896266647529602,0.0013200117158890246,0.0697680311136262,0.8948888897895813,0.8933333277702331,0.0015555620193481445,5,5,17
vit_b16,eurosat,random,63,5,17,0.7058823529411764,0,0.3333333333333333,0,0.3333333333333333,tiny_imagenet,tiny_imagenet,1,tiny_imagenet,tiny_imagenet,cifar100,cifar100_shared_images,cifar10|cifar100|octmnist|organcmnist|rendered_sst2,cifar10|cifar100_shared_images|octmnist|organmnist_views|rendered_sst2,14,5,0.6428571428571428,0.897586659245491,0.896266647529602,0.0013200117158890246,0.0697680311136262,0.8948888897895813,0.8933333277702331,0.0015555620193481445,5,5,17
vit_b16,eurosat,random,64,5,17,0.7058823529411764,0,0.0,0,0.0,tiny_imagenet,tiny_imagenet,1,tiny_imagenet,tiny_imagenet,organcmnist,organmnist_views,breastmnist|cifar10|organcmnist|retinamnist|tissuemnist,breastmnist|cifar10|organmnist_views|retinamnist|tissuemnist,14,5,0.6428571428571428,0.897586659245491,0.8885866501466433,0.009000009098847683,0.475687380099067,0.8948888897895813,0.887333333492279,0.007555556297302202,5,5,17
vit_b16,eurosat,random,65,5,17,0.7058823529411764,0,0.3333333333333333,0,0.3333333333333333,tiny_imagenet,tiny_imagenet,1,tiny_imagenet,tiny_imagenet,pathmnist,pathmnist,cifar10|organamnist|pathmnist|rendered_sst2|tissuemnist,cifar10|organmnist_views|pathmnist|rendered_sst2|tissuemnist,14,5,0.6428571428571428,0.897586659245491,0.8934933189789455,0.004093340266545509,0.21634981541255924,0.8948888897895813,0.8887407422065735,0.006148147583007746,5,5,17
vit_b16,eurosat,random,66,5,17,0.7058823529411764,1,0.6666666666666666,1,0.6666666666666666,tiny_imagenet,tiny_imagenet,1,tiny_imagenet,tiny_imagenet,tiny_imagenet,tiny_imagenet,bloodmnist|dermamnist|pathmnist|stl10|tiny_imagenet,bloodmnist|dermamnist|pathmnist|stl10|tiny_imagenet,14,5,0.6428571428571428,0.897586659245491,0.897586659245491,0.0,0.0,0.8948888897895813,0.8948888897895813,0.0,5,5,17
vit_b16,eurosat,random,67,5,17,0.7058823529411764,0,0.3333333333333333,0,0.3333333333333333,tiny_imagenet,tiny_imagenet,1,tiny_imagenet,tiny_imagenet,cifar100,cifar100_shared_images,cifar100|cifar100_coarse|organcmnist|rendered_sst2|retinamnist,cifar100_shared_images|organmnist_views|rendered_sst2|retinamnist,14,4,0.7142857142857143,0.897586659245491,0.896266647529602,0.0013200117158890246,0.0697680311136262,0.8948888897895813,0.8933333277702331,0.0015555620193481445,5,5,17
vit_b16,eurosat,random,68,5,17,0.7058823529411764,0,0.3333333333333333,0,0.3333333333333333,tiny_imagenet,tiny_imagenet,1,tiny_imagenet,tiny_imagenet,pathmnist,pathmnist,bloodmnist|breastmnist|octmnist|organsmnist|pathmnist,bloodmnist|breastmnist|octmnist|organmnist_views|pathmnist,14,5,0.6428571428571428,0.897586659245491,0.8934933189789455,0.004093340266545509,0.21634981541255924,0.8948888897895813,0.8887407422065735,0.006148147583007746,5,5,17
vit_b16,eurosat,random,69,5,17,0.7058823529411764,0,0.3333333333333333,0,0.3333333333333333,tiny_imagenet,tiny_imagenet,1,tiny_imagenet,tiny_imagenet,cifar100,cifar100_shared_images,bloodmnist|cifar100|organamnist|retinamnist|stl10,bloodmnist|cifar100_shared_images|organmnist_views|retinamnist|stl10,14,5,0.6428571428571428,0.897586659245491,0.896266647529602,0.0013200117158890246,0.0697680311136262,0.8948888897895813,0.8933333277702331,0.0015555620193481445,5,5,17
vit_b16,eurosat,random,70,5,17,0.7058823529411764,1,0.6666666666666666,1,0.6666666666666666,tiny_imagenet,tiny_imagenet,1,tiny_imagenet,tiny_imagenet,tiny_imagenet,tiny_imagenet,cifar100|cifar100_coarse|retinamnist|stl10|tiny_imagenet,cifar100_shared_images|retinamnist|stl10|tiny_imagenet,14,4,0.7142857142857143,0.897586659245491,0.897586659245491,0.0,0.0,0.8948888897895813,0.8948888897895813,0.0,5,5,17
vit_b16,eurosat,random,71,5,17,0.7058823529411764,0,0.0,0,0.3333333333333333,tiny_imagenet,tiny_imagenet,1,tiny_imagenet,tiny_imagenet,breastmnist,breastmnist,breastmnist|cifar10|cifar100_coarse|rendered_sst2|tissuemnist,breastmnist|cifar10|cifar100_shared_images|rendered_sst2|tissuemnist,14,5,0.6428571428571428,0.897586659245491,0.8872266529917716,0.010360006253719356,0.547568805599617,0.8948888897895813,0.8854815006256104,0.00940738916397088,5,5,17
vit_b16,eurosat,random,72,5,17,0.7058823529411764,0,0.0,0,0.0,tiny_imagenet,tiny_imagenet,1,tiny_imagenet,tiny_imagenet,bloodmnist,bloodmnist,bloodmnist|dermamnist|organcmnist|retinamnist|tissuemnist,bloodmnist|dermamnist|organmnist_views|retinamnist|tissuemnist,14,5,0.6428571428571428,0.897586659245491,0.8919199878033002,0.005666671442190796,0.29950681856122435,0.8948888897895813,0.893999981880188,0.0008889079093932217,5,5,17
vit_b16,eurosat,random,73,5,17,0.7058823529411764,1,0.3333333333333333,1,0.3333333333333333,tiny_imagenet,tiny_imagenet,1,tiny_imagenet,tiny_imagenet,tiny_imagenet,tiny_imagenet,cifar10|dermamnist|organcmnist|organsmnist|tiny_imagenet,cifar10|dermamnist|organmnist_views|tiny_imagenet,14,4,0.7142857142857143,0.897586659245491,0.897586659245491,0.0,0.0,0.8948888897895813,0.8948888897895813,0.0,5,5,17
vit_b16,eurosat,random,74,5,17,0.7058823529411764,0,0.3333333333333333,0,0.3333333333333333,tiny_imagenet,tiny_imagenet,1,tiny_imagenet,tiny_imagenet,cifar100,cifar100_shared_images,cifar100|cifar100_coarse|octmnist|rendered_sst2|retinamnist,cifar100_shared_images|octmnist|rendered_sst2|retinamnist,14,4,0.7142857142857143,0.897586659245491,0.896266647529602,0.0013200117158890246,0.0697680311136262,0.8948888897895813,0.8933333277702331,0.0015555620193481445,5,5,17
vit_b16,eurosat,random,75,5,17,0.7058823529411764,1,0.6666666666666666,1,0.6666666666666666,tiny_imagenet,tiny_imagenet,1,tiny_imagenet,tiny_imagenet,tiny_imagenet,tiny_imagenet,cifar100|dermamnist|organcmnist|rendered_sst2|tiny_imagenet,cifar100_shared_images|dermamnist|organmnist_views|rendered_sst2|tiny_imagenet,14,5,0.6428571428571428,0.897586659245491,0.897586659245491,0.0,0.0,0.8948888897895813,0.8948888897895813,0.0,5,5,17
vit_b16,eurosat,random,76,5,17,0.7058823529411764,0,0.3333333333333333,0,0.3333333333333333,tiny_imagenet,tiny_imagenet,1,tiny_imagenet,tiny_imagenet,pathmnist,pathmnist,octmnist|organamnist|pathmnist|rendered_sst2|retinamnist,octmnist|organmnist_views|pathmnist|rendered_sst2|retinamnist,14,5,0.6428571428571428,0.897586659245491,0.8934933189789455,0.004093340266545509,0.21634981541255924,0.8948888897895813,0.8887407422065735,0.006148147583007746,5,5,17
vit_b16,eurosat,random,77,5,17,0.7058823529411764,0,0.3333333333333333,0,0.3333333333333333,tiny_imagenet,tiny_imagenet,1,tiny_imagenet,tiny_imagenet,cifar100,cifar100_shared_images,cifar100|dermamnist|octmnist|organcmnist|rendered_sst2,cifar100_shared_images|dermamnist|octmnist|organmnist_views|rendered_sst2,14,5,0.6428571428571428,0.897586659245491,0.896266647529602,0.0013200117158890246,0.0697680311136262,0.8948888897895813,0.8933333277702331,0.0015555620193481445,5,5,17
vit_b16,eurosat,random,78,5,17,0.7058823529411764,0,0.3333333333333333,0,0.3333333333333333,tiny_imagenet,tiny_imagenet,1,tiny_imagenet,tiny_imagenet,cifar100,cifar100_shared_images,cifar100|cifar100_coarse|dermamnist|organsmnist|pneumoniamnist,cifar100_shared_images|dermamnist|organmnist_views|pneumoniamnist,14,4,0.7142857142857143,0.897586659245491,0.896266647529602,0.0013200117158890246,0.0697680311136262,0.8948888897895813,0.8933333277702331,0.0015555620193481445,5,5,17
vit_b16,eurosat,random,79,5,17,0.7058823529411764,1,1.0,1,1.0,tiny_imagenet,tiny_imagenet,1,tiny_imagenet,tiny_imagenet,tiny_imagenet,tiny_imagenet,cifar100|cifar100_coarse|dermamnist|pathmnist|tiny_imagenet,cifar100_shared_images|dermamnist|pathmnist|tiny_imagenet,14,4,0.7142857142857143,0.897586659245491,0.897586659245491,0.0,0.0,0.8948888897895813,0.8948888897895813,0.0,5,5,17
vit_b16,eurosat,random,80,5,17,0.7058823529411764,1,0.6666666666666666,1,0.6666666666666666,tiny_imagenet,tiny_imagenet,1,tiny_imagenet,tiny_imagenet,tiny_imagenet,tiny_imagenet,breastmnist|octmnist|organamnist|pathmnist|tiny_imagenet,breastmnist|octmnist|organmnist_views|pathmnist|tiny_imagenet,14,5,0.6428571428571428,0.897586659245491,0.897586659245491,0.0,0.0,0.8948888897895813,0.8948888897895813,0.0,5,5,17
vit_b16,eurosat,random,81,5,17,0.7058823529411764,0,0.3333333333333333,0,0.3333333333333333,tiny_imagenet,tiny_imagenet,1,tiny_imagenet,tiny_imagenet,cifar100,cifar100_shared_images,cifar10|cifar100|octmnist|organcmnist|organsmnist,cifar10|cifar100_shared_images|octmnist|organmnist_views,14,4,0.7142857142857143,0.897586659245491,0.896266647529602,0.0013200117158890246,0.0697680311136262,0.8948888897895813,0.8933333277702331,0.0015555620193481445,5,5,17
vit_b16,eurosat,random,82,5,17,0.7058823529411764,1,0.6666666666666666,1,0.6666666666666666,tiny_imagenet,tiny_imagenet,1,tiny_imagenet,tiny_imagenet,tiny_imagenet,tiny_imagenet,cifar100|octmnist|organsmnist|retinamnist|tiny_imagenet,cifar100_shared_images|octmnist|organmnist_views|retinamnist|tiny_imagenet,14,5,0.6428571428571428,0.897586659245491,0.897586659245491,0.0,0.0,0.8948888897895813,0.8948888897895813,0.0,5,5,17
vit_b16,eurosat,random,83,5,17,0.7058823529411764,1,0.6666666666666666,1,0.6666666666666666,tiny_imagenet,tiny_imagenet,1,tiny_imagenet,tiny_imagenet,tiny_imagenet,tiny_imagenet,cifar10|cifar100|dermamnist|rendered_sst2|tiny_imagenet,cifar10|cifar100_shared_images|dermamnist|rendered_sst2|tiny_imagenet,14,5,0.6428571428571428,0.897586659245491,0.897586659245491,0.0,0.0,0.8948888897895813,0.8948888897895813,0.0,5,5,17
vit_b16,eurosat,random,84,5,17,0.7058823529411764,0,0.3333333333333333,0,0.6666666666666666,tiny_imagenet,tiny_imagenet,1,tiny_imagenet,tiny_imagenet,pathmnist,pathmnist,cifar100_coarse|pathmnist|pneumoniamnist|rendered_sst2|stl10,cifar100_shared_images|pathmnist|pneumoniamnist|rendered_sst2|stl10,14,5,0.6428571428571428,0.897586659245491,0.8934933189789455,0.004093340266545509,0.21634981541255924,0.8948888897895813,0.8887407422065735,0.006148147583007746,5,5,17
vit_b16,eurosat,random,85,5,17,0.7058823529411764,0,0.0,0,0.3333333333333333,tiny_imagenet,tiny_imagenet,1,tiny_imagenet,tiny_imagenet,bloodmnist,bloodmnist,bloodmnist|cifar10|cifar100_coarse|dermamnist|stl10,bloodmnist|cifar10|cifar100_shared_images|dermamnist|stl10,14,5,0.6428571428571428,0.897586659245491,0.8919199878033002,0.005666671442190796,0.29950681856122435,0.8948888897895813,0.893999981880188,0.0008889079093932217,5,5,17
vit_b16,eurosat,random,86,5,17,0.7058823529411764,0,0.3333333333333333,0,0.3333333333333333,tiny_imagenet,tiny_imagenet,1,tiny_imagenet,tiny_imagenet,cifar100,cifar100_shared_images,cifar100|cifar100_coarse|octmnist|organamnist|organcmnist,cifar100_shared_images|octmnist|organmnist_views,14,3,0.7857142857142857,0.897586659245491,0.896266647529602,0.0013200117158890246,0.0697680311136262,0.8948888897895813,0.8933333277702331,0.0015555620193481445,5,5,17
vit_b16,eurosat,random,87,5,17,0.7058823529411764,0,0.3333333333333333,0,0.3333333333333333,tiny_imagenet,tiny_imagenet,1,tiny_imagenet,tiny_imagenet,cifar100,cifar100_shared_images,bloodmnist|cifar100|cifar100_coarse|organcmnist|rendered_sst2,bloodmnist|cifar100_shared_images|organmnist_views|rendered_sst2,14,4,0.7142857142857143,0.897586659245491,0.896266647529602,0.0013200117158890246,0.0697680311136262,0.8948888897895813,0.8933333277702331,0.0015555620193481445,5,5,17
vit_b16,eurosat,random,88,5,17,0.7058823529411764,0,0.3333333333333333,0,0.3333333333333333,tiny_imagenet,tiny_imagenet,1,tiny_imagenet,tiny_imagenet,pathmnist,pathmnist,octmnist|organcmnist|organsmnist|pathmnist|stl10,octmnist|organmnist_views|pathmnist|stl10,14,4,0.7142857142857143,0.897586659245491,0.8934933189789455,0.004093340266545509,0.21634981541255924,0.8948888897895813,0.8887407422065735,0.006148147583007746,5,5,17
vit_b16,eurosat,random,89,5,17,0.7058823529411764,0,0.0,0,0.3333333333333333,tiny_imagenet,tiny_imagenet,1,tiny_imagenet,tiny_imagenet,organamnist,organmnist_views,cifar10|cifar100_coarse|organamnist|rendered_sst2|stl10,cifar10|cifar100_shared_images|organmnist_views|rendered_sst2|stl10,14,5,0.6428571428571428,0.897586659245491,0.8913866525729496,0.006200006672541392,0.3276957721115591,0.8948888897895813,0.8905185341835022,0.004370355606079013,5,5,17
vit_b16,eurosat,random,90,5,17,0.7058823529411764,0,0.0,0,0.3333333333333333,tiny_imagenet,tiny_imagenet,1,tiny_imagenet,tiny_imagenet,stl10,stl10,cifar100_coarse|dermamnist|octmnist|retinamnist|stl10,cifar100_shared_images|dermamnist|octmnist|retinamnist|stl10,14,5,0.6428571428571428,0.897586659245491,0.8900799861741066,0.007506673071384418,0.3967584485047089,0.8948888897895813,0.8879259347915649,0.006962954998016357,5,5,17
vit_b16,eurosat,random,91,5,17,0.7058823529411764,1,0.3333333333333333,1,0.3333333333333333,tiny_imagenet,tiny_imagenet,1,tiny_imagenet,tiny_imagenet,tiny_imagenet,tiny_imagenet,bloodmnist|breastmnist|dermamnist|organamnist|tiny_imagenet,bloodmnist|breastmnist|dermamnist|organmnist_views|tiny_imagenet,14,5,0.6428571428571428,0.897586659245491,0.897586659245491,0.0,0.0,0.8948888897895813,0.8948888897895813,0.0,5,5,17
vit_b16,eurosat,random,92,5,17,0.7058823529411764,0,0.0,0,0.0,tiny_imagenet,tiny_imagenet,1,tiny_imagenet,tiny_imagenet,stl10,stl10,cifar10|dermamnist|octmnist|retinamnist|stl10,cifar10|dermamnist|octmnist|retinamnist|stl10,14,5,0.6428571428571428,0.897586659245491,0.8900799861741066,0.007506673071384418,0.3967584485047089,0.8948888897895813,0.8879259347915649,0.006962954998016357,5,5,17
vit_b16,eurosat,random,93,5,17,0.7058823529411764,1,0.3333333333333333,1,0.6666666666666666,tiny_imagenet,tiny_imagenet,1,tiny_imagenet,tiny_imagenet,tiny_imagenet,tiny_imagenet,bloodmnist|cifar10|cifar100_coarse|tiny_imagenet|tissuemnist,bloodmnist|cifar10|cifar100_shared_images|tiny_imagenet|tissuemnist,14,5,0.6428571428571428,0.897586659245491,0.897586659245491,0.0,0.0,0.8948888897895813,0.8948888897895813,0.0,5,5,17
vit_b16,eurosat,random,94,5,17,0.7058823529411764,0,0.3333333333333333,0,0.3333333333333333,tiny_imagenet,tiny_imagenet,1,tiny_imagenet,tiny_imagenet,pathmnist,pathmnist,cifar10|organcmnist|pathmnist|pneumoniamnist|stl10,cifar10|organmnist_views|pathmnist|pneumoniamnist|stl10,14,5,0.6428571428571428,0.897586659245491,0.8934933189789455,0.004093340266545509,0.21634981541255924,0.8948888897895813,0.8887407422065735,0.006148147583007746,5,5,17
vit_b16,eurosat,random,95,5,17,0.7058823529411764,0,0.6666666666666666,0,0.6666666666666666,tiny_imagenet,tiny_imagenet,1,tiny_imagenet,tiny_imagenet,cifar100,cifar100_shared_images,bloodmnist|cifar100|dermamnist|pathmnist|tissuemnist,bloodmnist|cifar100_shared_images|dermamnist|pathmnist|tissuemnist,14,5,0.6428571428571428,0.897586659245491,0.896266647529602,0.0013200117158890246,0.0697680311136262,0.8948888897895813,0.8933333277702331,0.0015555620193481445,5,5,17
vit_b16,eurosat,random,96,5,17,0.7058823529411764,0,0.0,0,0.3333333333333333,tiny_imagenet,tiny_imagenet,1,tiny_imagenet,tiny_imagenet,bloodmnist,bloodmnist,bloodmnist|cifar10|cifar100_coarse|retinamnist|tissuemnist,bloodmnist|cifar10|cifar100_shared_images|retinamnist|tissuemnist,14,5,0.6428571428571428,0.897586659245491,0.8919199878033002,0.005666671442190796,0.29950681856122435,0.8948888897895813,0.893999981880188,0.0008889079093932217,5,5,17
vit_b16,eurosat,random,97,5,17,0.7058823529411764,0,0.0,0,0.0,tiny_imagenet,tiny_imagenet,1,tiny_imagenet,tiny_imagenet,organamnist,organmnist_views,breastmnist|dermamnist|organamnist|rendered_sst2|stl10,breastmnist|dermamnist|organmnist_views|rendered_sst2|stl10,14,5,0.6428571428571428,0.897586659245491,0.8913866525729496,0.006200006672541392,0.3276957721115591,0.8948888897895813,0.8905185341835022,0.004370355606079013,5,5,17
vit_b16,eurosat,random,98,5,17,0.7058823529411764,1,0.3333333333333333,1,0.3333333333333333,tiny_imagenet,tiny_imagenet,1,tiny_imagenet,tiny_imagenet,tiny_imagenet,tiny_imagenet,bloodmnist|organsmnist|pneumoniamnist|tiny_imagenet|tissuemnist,bloodmnist|organmnist_views|pneumoniamnist|tiny_imagenet|tissuemnist,14,5,0.6428571428571428,0.897586659245491,0.897586659245491,0.0,0.0,0.8948888897895813,0.8948888897895813,0.0,5,5,17
vit_b16,eurosat,random,99,5,17,0.7058823529411764,0,0.3333333333333333,0,0.3333333333333333,tiny_imagenet,tiny_imagenet,1,tiny_imagenet,tiny_imagenet,cifar100,cifar100_shared_images,bloodmnist|cifar10|cifar100|octmnist|organamnist,bloodmnist|cifar10|cifar100_shared_images|octmnist|organmnist_views,14,5,0.6428571428571428,0.897586659245491,0.896266647529602,0.0013200117158890246,0.0697680311136262,0.8948888897895813,0.8933333277702331,0.0015555620193481445,5,5,17
vit_b16,eurosat,rank_only,-1,8,17,0.5294117647058824,1,0.6666666666666666,1,0.6666666666666666,tiny_imagenet,tiny_imagenet,1,tiny_imagenet,tiny_imagenet,tiny_imagenet,tiny_imagenet,tiny_imagenet|cifar100_coarse|cifar100|stl10|cifar10|organsmnist|organcmnist|organamnist,cifar10|cifar100_shared_images|organmnist_views|stl10|tiny_imagenet,14,5,0.6428571428571428,0.897586659245491,0.897586659245491,0.0,0.0,0.8948888897895813,0.8948888897895813,0.0,5,8,17
vit_b16,eurosat,facility_subspace,-1,8,17,0.5294117647058824,0,0.3333333333333333,0,0.3333333333333333,tiny_imagenet,tiny_imagenet,1,tiny_imagenet,tiny_imagenet,cifar100,cifar100_shared_images,organsmnist|cifar100|rendered_sst2|stl10|dermamnist|retinamnist|octmnist|bloodmnist,bloodmnist|cifar100_shared_images|dermamnist|octmnist|organmnist_views|rendered_sst2|retinamnist|stl10,14,8,0.4285714285714286,0.897586659245491,0.896266647529602,0.0013200117158890246,0.0697680311136262,0.8948888897895813,0.8933333277702331,0.0015555620193481445,5,8,17
vit_b16,eurosat,kcenter_subspace,-1,8,17,0.5294117647058824,1,0.6666666666666666,1,0.6666666666666666,tiny_imagenet,tiny_imagenet,1,tiny_imagenet,tiny_imagenet,tiny_imagenet,tiny_imagenet,tiny_imagenet|rendered_sst2|bloodmnist|stl10|octmnist|retinamnist|pneumoniamnist|pathmnist,bloodmnist|octmnist|pathmnist|pneumoniamnist|rendered_sst2|retinamnist|stl10|tiny_imagenet,14,8,0.4285714285714286,0.897586659245491,0.897586659245491,0.0,0.0,0.8948888897895813,0.8948888897895813,0.0,5,8,17
vit_b16,eurosat,dpp_subspace,-1,8,17,0.5294117647058824,1,1.0,1,1.0,tiny_imagenet,tiny_imagenet,1,tiny_imagenet,tiny_imagenet,tiny_imagenet,tiny_imagenet,tiny_imagenet|stl10|cifar100_coarse|cifar10|organsmnist|cifar100|pathmnist|bloodmnist,bloodmnist|cifar10|cifar100_shared_images|organmnist_views|pathmnist|stl10|tiny_imagenet,14,7,0.5,0.897586659245491,0.897586659245491,0.0,0.0,0.8948888897895813,0.8948888897895813,0.0,5,8,17
vit_b16,eurosat,pool_vendi_subspace,-1,8,17,0.5294117647058824,1,0.6666666666666666,1,0.6666666666666666,tiny_imagenet,tiny_imagenet,1,tiny_imagenet,tiny_imagenet,tiny_imagenet,tiny_imagenet,tiny_imagenet|rendered_sst2|bloodmnist|stl10|octmnist|retinamnist|pneumoniamnist|pathmnist,bloodmnist|octmnist|pathmnist|pneumoniamnist|rendered_sst2|retinamnist|stl10|tiny_imagenet,14,8,0.4285714285714286,0.897586659245491,0.897586659245491,0.0,0.0,0.8948888897895813,0.8948888897895813,0.0,5,8,17
vit_b16,eurosat,full_merged_rank,-1,8,17,0.5294117647058824,1,0.6666666666666666,1,0.6666666666666666,tiny_imagenet,tiny_imagenet,1,tiny_imagenet,tiny_imagenet,tiny_imagenet,tiny_imagenet,tiny_imagenet|stl10|cifar100_coarse|cifar100|cifar10|breastmnist|organsmnist|organcmnist,breastmnist|cifar10|cifar100_shared_images|organmnist_views|stl10|tiny_imagenet,14,6,0.5714285714285714,0.897586659245491,0.897586659245491,0.0,0.0,0.8948888897895813,0.8948888897895813,0.0,5,8,17
vit_b16,eurosat,random,0,8,17,0.5294117647058824,0,0.3333333333333333,0,0.3333333333333333,tiny_imagenet,tiny_imagenet,1,tiny_imagenet,tiny_imagenet,pathmnist,pathmnist,breastmnist|cifar10|octmnist|organcmnist|pathmnist|pneumoniamnist|rendered_sst2|tissuemnist,breastmnist|cifar10|octmnist|organmnist_views|pathmnist|pneumoniamnist|rendered_sst2|tissuemnist,14,8,0.4285714285714286,0.897586659245491,0.8934933189789455,0.004093340266545509,0.21634981541255924,0.8948888897895813,0.8887407422065735,0.006148147583007746,5,8,17
vit_b16,eurosat,random,1,8,17,0.5294117647058824,1,0.3333333333333333,1,0.3333333333333333,tiny_imagenet,tiny_imagenet,1,tiny_imagenet,tiny_imagenet,tiny_imagenet,tiny_imagenet,bloodmnist|breastmnist|dermamnist|octmnist|organamnist|organcmnist|rendered_sst2|tiny_imagenet,bloodmnist|breastmnist|dermamnist|octmnist|organmnist_views|rendered_sst2|tiny_imagenet,14,7,0.5,0.897586659245491,0.897586659245491,0.0,0.0,0.8948888897895813,0.8948888897895813,0.0,5,8,17
vit_b16,eurosat,random,2,8,17,0.5294117647058824,1,1.0,1,1.0,tiny_imagenet,tiny_imagenet,1,tiny_imagenet,tiny_imagenet,tiny_imagenet,tiny_imagenet,breastmnist|cifar100|cifar100_coarse|octmnist|organcmnist|pathmnist|tiny_imagenet|tissuemnist,breastmnist|cifar100_shared_images|octmnist|organmnist_views|pathmnist|tiny_imagenet|tissuemnist,14,7,0.5,0.897586659245491,0.897586659245491,0.0,0.0,0.8948888897895813,0.8948888897895813,0.0,5,8,17
vit_b16,eurosat,random,3,8,17,0.5294117647058824,1,0.3333333333333333,1,0.3333333333333333,tiny_imagenet,tiny_imagenet,1,tiny_imagenet,tiny_imagenet,tiny_imagenet,tiny_imagenet,bloodmnist|breastmnist|octmnist|organsmnist|rendered_sst2|retinamnist|tiny_imagenet|tissuemnist,bloodmnist|breastmnist|octmnist|organmnist_views|rendered_sst2|retinamnist|tiny_imagenet|tissuemnist,14,8,0.4285714285714286,0.897586659245491,0.897586659245491,0.0,0.0,0.8948888897895813,0.8948888897895813,0.0,5,8,17
vit_b16,eurosat,random,4,8,17,0.5294117647058824,0,0.0,0,0.0,tiny_imagenet,tiny_imagenet,1,tiny_imagenet,tiny_imagenet,organamnist,organmnist_views,breastmnist|organamnist|organcmnist|organsmnist|pneumoniamnist|rendered_sst2|retinamnist|tissuemnist,breastmnist|organmnist_views|pneumoniamnist|rendered_sst2|retinamnist|tissuemnist,14,6,0.5714285714285714,0.897586659245491,0.8913866525729496,0.006200006672541392,0.3276957721115591,0.8948888897895813,0.8905185341835022,0.004370355606079013,5,8,17
vit_b16,eurosat,random,5,8,17,0.5294117647058824,1,0.6666666666666666,1,0.6666666666666666,tiny_imagenet,tiny_imagenet,1,tiny_imagenet,tiny_imagenet,tiny_imagenet,tiny_imagenet,bloodmnist|breastmnist|cifar10|pathmnist|pneumoniamnist|stl10|tiny_imagenet|tissuemnist,bloodmnist|breastmnist|cifar10|pathmnist|pneumoniamnist|stl10|tiny_imagenet|tissuemnist,14,8,0.4285714285714286,0.897586659245491,0.897586659245491,0.0,0.0,0.8948888897895813,0.8948888897895813,0.0,5,8,17
vit_b16,eurosat,random,6,8,17,0.5294117647058824,1,0.6666666666666666,1,0.6666666666666666,tiny_imagenet,tiny_imagenet,1,tiny_imagenet,tiny_imagenet,tiny_imagenet,tiny_imagenet,breastmnist|cifar10|cifar100|cifar100_coarse|dermamnist|organsmnist|tiny_imagenet|tissuemnist,breastmnist|cifar10|cifar100_shared_images|dermamnist|organmnist_views|tiny_imagenet|tissuemnist,14,7,0.5,0.897586659245491,0.897586659245491,0.0,0.0,0.8948888897895813,0.8948888897895813,0.0,5,8,17
vit_b16,eurosat,random,7,8,17,0.5294117647058824,0,0.3333333333333333,0,0.3333333333333333,tiny_imagenet,tiny_imagenet,1,tiny_imagenet,tiny_imagenet,pathmnist,pathmnist,cifar10|octmnist|organcmnist|organsmnist|pathmnist|pneumoniamnist|stl10|tissuemnist,cifar10|octmnist|organmnist_views|pathmnist|pneumoniamnist|stl10|tissuemnist,14,7,0.5,0.897586659245491,0.8934933189789455,0.004093340266545509,0.21634981541255924,0.8948888897895813,0.8887407422065735,0.006148147583007746,5,8,17
vit_b16,eurosat,random,8,8,17,0.5294117647058824,0,0.0,0,0.3333333333333333,tiny_imagenet,tiny_imagenet,1,tiny_imagenet,tiny_imagenet,organamnist,organmnist_views,breastmnist|cifar10|cifar100_coarse|dermamnist|organamnist|rendered_sst2|retinamnist|tissuemnist,breastmnist|cifar10|cifar100_shared_images|dermamnist|organmnist_views|rendered_sst2|retinamnist|tissuemnist,14,8,0.4285714285714286,0.897586659245491,0.8913866525729496,0.006200006672541392,0.3276957721115591,0.8948888897895813,0.8905185341835022,0.004370355606079013,5,8,17
vit_b16,eurosat,random,9,8,17,0.5294117647058824,1,0.6666666666666666,1,0.6666666666666666,tiny_imagenet,tiny_imagenet,1,tiny_imagenet,tiny_imagenet,tiny_imagenet,tiny_imagenet,bloodmnist|breastmnist|cifar100|organsmnist|retinamnist|stl10|tiny_imagenet|tissuemnist,bloodmnist|breastmnist|cifar100_shared_images|organmnist_views|retinamnist|stl10|tiny_imagenet|tissuemnist,14,8,0.4285714285714286,0.897586659245491,0.897586659245491,0.0,0.0,0.8948888897895813,0.8948888897895813,0.0,5,8,17
vit_b16,eurosat,random,10,8,17,0.5294117647058824,1,0.6666666666666666,1,1.0,tiny_imagenet,tiny_imagenet,1,tiny_imagenet,tiny_imagenet,tiny_imagenet,tiny_imagenet,bloodmnist|cifar100_coarse|octmnist|organamnist|organcmnist|pathmnist|stl10|tiny_imagenet,bloodmnist|cifar100_shared_images|octmnist|organmnist_views|pathmnist|stl10|tiny_imagenet,14,7,0.5,0.897586659245491,0.897586659245491,0.0,0.0,0.8948888897895813,0.8948888897895813,0.0,5,8,17
vit_b16,eurosat,random,11,8,17,0.5294117647058824,1,0.3333333333333333,1,0.6666666666666666,tiny_imagenet,tiny_imagenet,1,tiny_imagenet,tiny_imagenet,tiny_imagenet,tiny_imagenet,breastmnist|cifar10|cifar100_coarse|octmnist|organamnist|organsmnist|pneumoniamnist|tiny_imagenet,breastmnist|cifar10|cifar100_shared_images|octmnist|organmnist_views|pneumoniamnist|tiny_imagenet,14,7,0.5,0.897586659245491,0.897586659245491,0.0,0.0,0.8948888897895813,0.8948888897895813,0.0,5,8,17
vit_b16,eurosat,random,12,8,17,0.5294117647058824,1,0.6666666666666666,1,0.6666666666666666,tiny_imagenet,tiny_imagenet,1,tiny_imagenet,tiny_imagenet,tiny_imagenet,tiny_imagenet,breastmnist|cifar100|dermamnist|organsmnist|pneumoniamnist|rendered_sst2|tiny_imagenet|tissuemnist,breastmnist|cifar100_shared_images|dermamnist|organmnist_views|pneumoniamnist|rendered_sst2|tiny_imagenet|tissuemnist,14,8,0.4285714285714286,0.897586659245491,0.897586659245491,0.0,0.0,0.8948888897895813,0.8948888897895813,0.0,5,8,17
vit_b16,eurosat,random,13,8,17,0.5294117647058824,0,0.3333333333333333,0,0.6666666666666666,tiny_imagenet,tiny_imagenet,1,tiny_imagenet,tiny_imagenet,pathmnist,pathmnist,cifar100_coarse|dermamnist|organamnist|organcmnist|pathmnist|rendered_sst2|retinamnist|tissuemnist,cifar100_shared_images|dermamnist|organmnist_views|pathmnist|rendered_sst2|retinamnist|tissuemnist,14,7,0.5,0.897586659245491,0.8934933189789455,0.004093340266545509,0.21634981541255924,0.8948888897895813,0.8887407422065735,0.006148147583007746,5,8,17
vit_b16,eurosat,random,14,8,17,0.5294117647058824,0,0.3333333333333333,0,0.3333333333333333,tiny_imagenet,tiny_imagenet,1,tiny_imagenet,tiny_imagenet,pathmnist,pathmnist,bloodmnist|octmnist|organamnist|organcmnist|organsmnist|pathmnist|pneumoniamnist|retinamnist,bloodmnist|octmnist|organmnist_views|pathmnist|pneumoniamnist|retinamnist,14,6,0.5714285714285714,0.897586659245491,0.8934933189789455,0.004093340266545509,0.21634981541255924,0.8948888897895813,0.8887407422065735,0.006148147583007746,5,8,17
vit_b16,eurosat,random,15,8,17,0.5294117647058824,0,0.3333333333333333,0,0.3333333333333333,tiny_imagenet,tiny_imagenet,1,tiny_imagenet,tiny_imagenet,pathmnist,pathmnist,breastmnist|cifar10|dermamnist|octmnist|organsmnist|pathmnist|retinamnist|tissuemnist,breastmnist|cifar10|dermamnist|octmnist|organmnist_views|pathmnist|retinamnist|tissuemnist,14,8,0.4285714285714286,0.897586659245491,0.8934933189789455,0.004093340266545509,0.21634981541255924,0.8948888897895813,0.8887407422065735,0.006148147583007746,5,8,17
vit_b16,eurosat,random,16,8,17,0.5294117647058824,1,0.6666666666666666,1,0.6666666666666666,tiny_imagenet,tiny_imagenet,1,tiny_imagenet,tiny_imagenet,tiny_imagenet,tiny_imagenet,bloodmnist|cifar10|cifar100|organcmnist|pneumoniamnist|rendered_sst2|tiny_imagenet|tissuemnist,bloodmnist|cifar10|cifar100_shared_images|organmnist_views|pneumoniamnist|rendered_sst2|tiny_imagenet|tissuemnist,14,8,0.4285714285714286,0.897586659245491,0.897586659245491,0.0,0.0,0.8948888897895813,0.8948888897895813,0.0,5,8,17
vit_b16,eurosat,random,17,8,17,0.5294117647058824,0,0.6666666666666666,0,0.6666666666666666,tiny_imagenet,tiny_imagenet,1,tiny_imagenet,tiny_imagenet,cifar100,cifar100_shared_images,bloodmnist|cifar10|cifar100|octmnist|organsmnist|pathmnist|retinamnist|tissuemnist,bloodmnist|cifar10|cifar100_shared_images|octmnist|organmnist_views|pathmnist|retinamnist|tissuemnist,14,8,0.4285714285714286,0.897586659245491,0.896266647529602,0.0013200117158890246,0.0697680311136262,0.8948888897895813,0.8933333277702331,0.0015555620193481445,5,8,17
vit_b16,eurosat,random,18,8,17,0.5294117647058824,0,0.0,0,0.3333333333333333,tiny_imagenet,tiny_imagenet,1,tiny_imagenet,tiny_imagenet,bloodmnist,bloodmnist,bloodmnist|cifar10|cifar100_coarse|dermamnist|organamnist|organcmnist|organsmnist|tissuemnist,bloodmnist|cifar10|cifar100_shared_images|dermamnist|organmnist_views|tissuemnist,14,6,0.5714285714285714,0.897586659245491,0.8919199878033002,0.005666671442190796,0.29950681856122435,0.8948888897895813,0.893999981880188,0.0008889079093932217,5,8,17
vit_b16,eurosat,random,19,8,17,0.5294117647058824,0,0.6666666666666666,0,0.6666666666666666,tiny_imagenet,tiny_imagenet,1,tiny_imagenet,tiny_imagenet,cifar100,cifar100_shared_images,breastmnist|cifar100|dermamnist|octmnist|organamnist|organsmnist|pathmnist|rendered_sst2,breastmnist|cifar100_shared_images|dermamnist|octmnist|organmnist_views|pathmnist|rendered_sst2,14,7,0.5,0.897586659245491,0.896266647529602,0.0013200117158890246,0.0697680311136262,0.8948888897895813,0.8933333277702331,0.0015555620193481445,5,8,17
vit_b16,eurosat,random,20,8,17,0.5294117647058824,1,0.6666666666666666,1,0.6666666666666666,tiny_imagenet,tiny_imagenet,1,tiny_imagenet,tiny_imagenet,tiny_imagenet,tiny_imagenet,breastmnist|cifar100|octmnist|organamnist|organsmnist|pneumoniamnist|stl10|tiny_imagenet,breastmnist|cifar100_shared_images|octmnist|organmnist_views|pneumoniamnist|stl10|tiny_imagenet,14,7,0.5,0.897586659245491,0.897586659245491,0.0,0.0,0.8948888897895813,0.8948888897895813,0.0,5,8,17
vit_b16,eurosat,random,21,8,17,0.5294117647058824,1,0.6666666666666666,1,0.6666666666666666,tiny_imagenet,tiny_imagenet,1,tiny_imagenet,tiny_imagenet,tiny_imagenet,tiny_imagenet,bloodmnist|octmnist|organcmnist|organsmnist|pathmnist|rendered_sst2|tiny_imagenet|tissuemnist,bloodmnist|octmnist|organmnist_views|pathmnist|rendered_sst2|tiny_imagenet|tissuemnist,14,7,0.5,0.897586659245491,0.897586659245491,0.0,0.0,0.8948888897895813,0.8948888897895813,0.0,5,8,17
vit_b16,eurosat,random,22,8,17,0.5294117647058824,1,0.6666666666666666,1,0.6666666666666666,tiny_imagenet,tiny_imagenet,1,tiny_imagenet,tiny_imagenet,tiny_imagenet,tiny_imagenet,breastmnist|cifar10|cifar100|organcmnist|organsmnist|pneumoniamnist|tiny_imagenet|tissuemnist,breastmnist|cifar10|cifar100_shared_images|organmnist_views|pneumoniamnist|tiny_imagenet|tissuemnist,14,7,0.5,0.897586659245491,0.897586659245491,0.0,0.0,0.8948888897895813,0.8948888897895813,0.0,5,8,17
vit_b16,eurosat,random,23,8,17,0.5294117647058824,0,0.6666666666666666,0,0.6666666666666666,tiny_imagenet,tiny_imagenet,1,tiny_imagenet,tiny_imagenet,cifar100,cifar100_shared_images,breastmnist|cifar10|cifar100|cifar100_coarse|dermamnist|organsmnist|pathmnist|tissuemnist,breastmnist|cifar10|cifar100_shared_images|dermamnist|organmnist_views|pathmnist|tissuemnist,14,7,0.5,0.897586659245491,0.896266647529602,0.0013200117158890246,0.0697680311136262,0.8948888897895813,0.8933333277702331,0.0015555620193481445,5,8,17
vit_b16,eurosat,random,24,8,17,0.5294117647058824,0,0.3333333333333333,0,0.3333333333333333,tiny_imagenet,tiny_imagenet,1,tiny_imagenet,tiny_imagenet,cifar100,cifar100_shared_images,breastmnist|cifar10|cifar100|dermamnist|organamnist|rendered_sst2|retinamnist|stl10,breastmnist|cifar10|cifar100_shared_images|dermamnist|organmnist_views|rendered_sst2|retinamnist|stl10,14,8,0.4285714285714286,0.897586659245491,0.896266647529602,0.0013200117158890246,0.0697680311136262,0.8948888897895813,0.8933333277702331,0.0015555620193481445,5,8,17
vit_b16,eurosat,random,25,8,17,0.5294117647058824,1,0.6666666666666666,1,0.6666666666666666,tiny_imagenet,tiny_imagenet,1,tiny_imagenet,tiny_imagenet,tiny_imagenet,tiny_imagenet,bloodmnist|cifar10|pathmnist|pneumoniamnist|retinamnist|stl10|tiny_imagenet|tissuemnist,bloodmnist|cifar10|pathmnist|pneumoniamnist|retinamnist|stl10|tiny_imagenet|tissuemnist,14,8,0.4285714285714286,0.897586659245491,0.897586659245491,0.0,0.0,0.8948888897895813,0.8948888897895813,0.0,5,8,17
vit_b16,eurosat,random,26,8,17,0.5294117647058824,0,0.6666666666666666,0,0.6666666666666666,tiny_imagenet,tiny_imagenet,1,tiny_imagenet,tiny_imagenet,cifar100,cifar100_shared_images,bloodmnist|cifar100|cifar100_coarse|organamnist|pathmnist|rendered_sst2|retinamnist|tissuemnist,bloodmnist|cifar100_shared_images|organmnist_views|pathmnist|rendered_sst2|retinamnist|tissuemnist,14,7,0.5,0.897586659245491,0.896266647529602,0.0013200117158890246,0.0697680311136262,0.8948888897895813,0.8933333277702331,0.0015555620193481445,5,8,17
vit_b16,eurosat,random,27,8,17,0.5294117647058824,0,0.3333333333333333,0,0.3333333333333333,tiny_imagenet,tiny_imagenet,1,tiny_imagenet,tiny_imagenet,cifar100,cifar100_shared_images,breastmnist|cifar100|cifar100_coarse|octmnist|organcmnist|rendered_sst2|retinamnist|tissuemnist,breastmnist|cifar100_shared_images|octmnist|organmnist_views|rendered_sst2|retinamnist|tissuemnist,14,7,0.5,0.897586659245491,0.896266647529602,0.0013200117158890246,0.0697680311136262,0.8948888897895813,0.8933333277702331,0.0015555620193481445,5,8,17
vit_b16,eurosat,random,28,8,17,0.5294117647058824,0,0.6666666666666666,0,0.6666666666666666,tiny_imagenet,tiny_imagenet,1,tiny_imagenet,tiny_imagenet,cifar100,cifar100_shared_images,breastmnist|cifar10|cifar100|octmnist|pathmnist|pneumoniamnist|rendered_sst2|tissuemnist,breastmnist|cifar10|cifar100_shared_images|octmnist|pathmnist|pneumoniamnist|rendered_sst2|tissuemnist,14,8,0.4285714285714286,0.897586659245491,0.896266647529602,0.0013200117158890246,0.0697680311136262,0.8948888897895813,0.8933333277702331,0.0015555620193481445,5,8,17
vit_b16,eurosat,random,29,8,17,0.5294117647058824,1,0.3333333333333333,1,0.3333333333333333,tiny_imagenet,tiny_imagenet,1,tiny_imagenet,tiny_imagenet,tiny_imagenet,tiny_imagenet,bloodmnist|dermamnist|octmnist|organamnist|organsmnist|rendered_sst2|stl10|tiny_imagenet,bloodmnist|dermamnist|octmnist|organmnist_views|rendered_sst2|stl10|tiny_imagenet,14,7,0.5,0.897586659245491,0.897586659245491,0.0,0.0,0.8948888897895813,0.8948888897895813,0.0,5,8,17
vit_b16,eurosat,random,30,8,17,0.5294117647058824,1,0.3333333333333333,1,0.6666666666666666,tiny_imagenet,tiny_imagenet,1,tiny_imagenet,tiny_imagenet,tiny_imagenet,tiny_imagenet,breastmnist|cifar100_coarse|dermamnist|organamnist|organcmnist|retinamnist|stl10|tiny_imagenet,breastmnist|cifar100_shared_images|dermamnist|organmnist_views|retinamnist|stl10|tiny_imagenet,14,7,0.5,0.897586659245491,0.897586659245491,0.0,0.0,0.8948888897895813,0.8948888897895813,0.0,5,8,17
vit_b16,eurosat,random,31,8,17,0.5294117647058824,0,0.3333333333333333,0,0.3333333333333333,tiny_imagenet,tiny_imagenet,1,tiny_imagenet,tiny_imagenet,pathmnist,pathmnist,bloodmnist|cifar10|dermamnist|octmnist|organamnist|pathmnist|retinamnist|tissuemnist,bloodmnist|cifar10|dermamnist|octmnist|organmnist_views|pathmnist|retinamnist|tissuemnist,14,8,0.4285714285714286,0.897586659245491,0.8934933189789455,0.004093340266545509,0.21634981541255924,0.8948888897895813,0.8887407422065735,0.006148147583007746,5,8,17
vit_b16,eurosat,random,32,8,17,0.5294117647058824,0,0.6666666666666666,0,0.6666666666666666,tiny_imagenet,tiny_imagenet,1,tiny_imagenet,tiny_imagenet,cifar100,cifar100_shared_images,bloodmnist|breastmnist|cifar10|cifar100|organamnist|organcmnist|pathmnist|stl10,bloodmnist|breastmnist|cifar10|cifar100_shared_images|organmnist_views|pathmnist|stl10,14,7,0.5,0.897586659245491,0.896266647529602,0.0013200117158890246,0.0697680311136262,0.8948888897895813,0.8933333277702331,0.0015555620193481445,5,8,17
vit_b16,eurosat,random,33,8,17,0.5294117647058824,0,0.3333333333333333,0,0.3333333333333333,tiny_imagenet,tiny_imagenet,1,tiny_imagenet,tiny_imagenet,cifar100,cifar100_shared_images,cifar100|cifar100_coarse|dermamnist|organcmnist|organsmnist|rendered_sst2|stl10|tissuemnist,cifar100_shared_images|dermamnist|organmnist_views|rendered_sst2|stl10|tissuemnist,14,6,0.5714285714285714,0.897586659245491,0.896266647529602,0.0013200117158890246,0.0697680311136262,0.8948888897895813,0.8933333277702331,0.0015555620193481445,5,8,17
vit_b16,eurosat,random,34,8,17,0.5294117647058824,0,0.3333333333333333,0,0.3333333333333333,tiny_imagenet,tiny_imagenet,1,tiny_imagenet,tiny_imagenet,cifar100,cifar100_shared_images,breastmnist|cifar10|cifar100|cifar100_coarse|organamnist|pneumoniamnist|rendered_sst2|stl10,breastmnist|cifar10|cifar100_shared_images|organmnist_views|pneumoniamnist|rendered_sst2|stl10,14,7,0.5,0.897586659245491,0.896266647529602,0.0013200117158890246,0.0697680311136262,0.8948888897895813,0.8933333277702331,0.0015555620193481445,5,8,17
vit_b16,eurosat,random,35,8,17,0.5294117647058824,1,0.6666666666666666,1,1.0,tiny_imagenet,tiny_imagenet,1,tiny_imagenet,tiny_imagenet,tiny_imagenet,tiny_imagenet,bloodmnist|breastmnist|cifar100_coarse|organamnist|pathmnist|pneumoniamnist|rendered_sst2|tiny_imagenet,bloodmnist|breastmnist|cifar100_shared_images|organmnist_views|pathmnist|pneumoniamnist|rendered_sst2|tiny_imagenet,14,8,0.4285714285714286,0.897586659245491,0.897586659245491,0.0,0.0,0.8948888897895813,0.8948888897895813,0.0,5,8,17
vit_b16,eurosat,random,36,8,17,0.5294117647058824,0,0.3333333333333333,0,0.6666666666666666,tiny_imagenet,tiny_imagenet,1,tiny_imagenet,tiny_imagenet,pathmnist,pathmnist,bloodmnist|cifar100_coarse|dermamnist|organcmnist|organsmnist|pathmnist|pneumoniamnist|rendered_sst2,bloodmnist|cifar100_shared_images|dermamnist|organmnist_views|pathmnist|pneumoniamnist|rendered_sst2,14,7,0.5,0.897586659245491,0.8934933189789455,0.004093340266545509,0.21634981541255924,0.8948888897895813,0.8887407422065735,0.006148147583007746,5,8,17
vit_b16,eurosat,random,37,8,17,0.5294117647058824,0,0.3333333333333333,0,0.6666666666666666,tiny_imagenet,tiny_imagenet,1,tiny_imagenet,tiny_imagenet,pathmnist,pathmnist,bloodmnist|cifar10|cifar100_coarse|octmnist|organsmnist|pathmnist|rendered_sst2|stl10,bloodmnist|cifar10|cifar100_shared_images|octmnist|organmnist_views|pathmnist|rendered_sst2|stl10,14,8,0.4285714285714286,0.897586659245491,0.8934933189789455,0.004093340266545509,0.21634981541255924,0.8948888897895813,0.8887407422065735,0.006148147583007746,5,8,17
vit_b16,eurosat,random,38,8,17,0.5294117647058824,0,0.0,0,0.0,tiny_imagenet,tiny_imagenet,1,tiny_imagenet,tiny_imagenet,organsmnist,organmnist_views,breastmnist|dermamnist|octmnist|organcmnist|organsmnist|pneumoniamnist|retinamnist|tissuemnist,breastmnist|dermamnist|octmnist|organmnist_views|pneumoniamnist|retinamnist|tissuemnist,14,7,0.5,0.897586659245491,0.8913866482806206,0.006200010964870328,0.3276959989787416,0.8948888897895813,0.8848148226737976,0.010074067115783625,5,8,17
vit_b16,eurosat,random,39,8,17,0.5294117647058824,0,0.3333333333333333,0,0.3333333333333333,tiny_imagenet,tiny_imagenet,1,tiny_imagenet,tiny_imagenet,pathmnist,pathmnist,cifar10|dermamnist|octmnist|organcmnist|pathmnist|pneumoniamnist|retinamnist|stl10,cifar10|dermamnist|octmnist|organmnist_views|pathmnist|pneumoniamnist|retinamnist|stl10,14,8,0.4285714285714286,0.897586659245491,0.8934933189789455,0.004093340266545509,0.21634981541255924,0.8948888897895813,0.8887407422065735,0.006148147583007746,5,8,17
vit_b16,eurosat,random,40,8,17,0.5294117647058824,0,0.3333333333333333,0,0.6666666666666666,tiny_imagenet,tiny_imagenet,1,tiny_imagenet,tiny_imagenet,pathmnist,pathmnist,cifar10|cifar100_coarse|octmnist|organsmnist|pathmnist|pneumoniamnist|retinamnist|stl10,cifar10|cifar100_shared_images|octmnist|organmnist_views|pathmnist|pneumoniamnist|retinamnist|stl10,14,8,0.4285714285714286,0.897586659245491,0.8934933189789455,0.004093340266545509,0.21634981541255924,0.8948888897895813,0.8887407422065735,0.006148147583007746,5,8,17
vit_b16,eurosat,random,41,8,17,0.5294117647058824,1,0.6666666666666666,1,0.6666666666666666,tiny_imagenet,tiny_imagenet,1,tiny_imagenet,tiny_imagenet,tiny_imagenet,tiny_imagenet,bloodmnist|breastmnist|cifar10|cifar100|cifar100_coarse|octmnist|rendered_sst2|tiny_imagenet,bloodmnist|breastmnist|cifar10|cifar100_shared_images|octmnist|rendered_sst2|tiny_imagenet,14,7,0.5,0.897586659245491,0.897586659245491,0.0,0.0,0.8948888897895813,0.8948888897895813,0.0,5,8,17
vit_b16,eurosat,random,42,8,17,0.5294117647058824,1,0.6666666666666666,1,0.6666666666666666,tiny_imagenet,tiny_imagenet,1,tiny_imagenet,tiny_imagenet,tiny_imagenet,tiny_imagenet,cifar10|dermamnist|octmnist|organcmnist|pathmnist|pneumoniamnist|tiny_imagenet|tissuemnist,cifar10|dermamnist|octmnist|organmnist_views|pathmnist|pneumoniamnist|tiny_imagenet|tissuemnist,14,8,0.4285714285714286,0.897586659245491,0.897586659245491,0.0,0.0,0.8948888897895813,0.8948888897895813,0.0,5,8,17
vit_b16,eurosat,random,43,8,17,0.5294117647058824,1,0.6666666666666666,1,0.6666666666666666,tiny_imagenet,tiny_imagenet,1,tiny_imagenet,tiny_imagenet,tiny_imagenet,tiny_imagenet,cifar100|cifar100_coarse|octmnist|organcmnist|pneumoniamnist|rendered_sst2|stl10|tiny_imagenet,cifar100_shared_images|octmnist|organmnist_views|pneumoniamnist|rendered_sst2|stl10|tiny_imagenet,14,7,0.5,0.897586659245491,0.897586659245491,0.0,0.0,0.8948888897895813,0.8948888897895813,0.0,5,8,17
vit_b16,eurosat,random,44,8,17,0.5294117647058824,0,0.6666666666666666,0,0.6666666666666666,tiny_imagenet,tiny_imagenet,1,tiny_imagenet,tiny_imagenet,cifar100,cifar100_shared_images,cifar10|cifar100|organcmnist|organsmnist|pathmnist|pneumoniamnist|retinamnist|stl10,cifar10|cifar100_shared_images|organmnist_views|pathmnist|pneumoniamnist|retinamnist|stl10,14,7,0.5,0.897586659245491,0.896266647529602,0.0013200117158890246,0.0697680311136262,0.8948888897895813,0.8933333277702331,0.0015555620193481445,5,8,17
vit_b16,eurosat,random,45,8,17,0.5294117647058824,1,0.3333333333333333,1,0.6666666666666666,tiny_imagenet,tiny_imagenet,1,tiny_imagenet,tiny_imagenet,tiny_imagenet,tiny_imagenet,bloodmnist|breastmnist|cifar100_coarse|dermamnist|organcmnist|stl10|tiny_imagenet|tissuemnist,bloodmnist|breastmnist|cifar100_shared_images|dermamnist|organmnist_views|stl10|tiny_imagenet|tissuemnist,14,8,0.4285714285714286,0.897586659245491,0.897586659245491,0.0,0.0,0.8948888897895813,0.8948888897895813,0.0,5,8,17
vit_b16,eurosat,random,46,8,17,0.5294117647058824,1,1.0,1,1.0,tiny_imagenet,tiny_imagenet,1,tiny_imagenet,tiny_imagenet,tiny_imagenet,tiny_imagenet,cifar100|cifar100_coarse|dermamnist|organamnist|organcmnist|pathmnist|pneumoniamnist|tiny_imagenet,cifar100_shared_images|dermamnist|organmnist_views|pathmnist|pneumoniamnist|tiny_imagenet,14,6,0.5714285714285714,0.897586659245491,0.897586659245491,0.0,0.0,0.8948888897895813,0.8948888897895813,0.0,5,8,17
vit_b16,eurosat,random,47,8,17,0.5294117647058824,1,0.6666666666666666,1,0.6666666666666666,tiny_imagenet,tiny_imagenet,1,tiny_imagenet,tiny_imagenet,tiny_imagenet,tiny_imagenet,cifar10|octmnist|organsmnist|pathmnist|rendered_sst2|stl10|tiny_imagenet|tissuemnist,cifar10|octmnist|organmnist_views|pathmnist|rendered_sst2|stl10|tiny_imagenet|tissuemnist,14,8,0.4285714285714286,0.897586659245491,0.897586659245491,0.0,0.0,0.8948888897895813,0.8948888897895813,0.0,5,8,17
vit_b16,eurosat,random,48,8,17,0.5294117647058824,0,0.3333333333333333,0,0.3333333333333333,tiny_imagenet,tiny_imagenet,1,tiny_imagenet,tiny_imagenet,cifar100,cifar100_shared_images,bloodmnist|cifar10|cifar100|organcmnist|organsmnist|pneumoniamnist|rendered_sst2|stl10,bloodmnist|cifar10|cifar100_shared_images|organmnist_views|pneumoniamnist|rendered_sst2|stl10,14,7,0.5,0.897586659245491,0.896266647529602,0.0013200117158890246,0.0697680311136262,0.8948888897895813,0.8933333277702331,0.0015555620193481445,5,8,17
vit_b16,eurosat,random,49,8,17,0.5294117647058824,0,0.0,0,0.0,tiny_imagenet,tiny_imagenet,1,tiny_imagenet,tiny_imagenet,bloodmnist,bloodmnist,bloodmnist|cifar10|dermamnist|organsmnist|pneumoniamnist|rendered_sst2|retinamnist|stl10,bloodmnist|cifar10|dermamnist|organmnist_views|pneumoniamnist|rendered_sst2|retinamnist|stl10,14,8,0.4285714285714286,0.897586659245491,0.8919199878033002,0.005666671442190796,0.29950681856122435,0.8948888897895813,0.893999981880188,0.0008889079093932217,5,8,17
vit_b16,eurosat,random,50,8,17,0.5294117647058824,0,0.3333333333333333,0,0.3333333333333333,tiny_imagenet,tiny_imagenet,1,tiny_imagenet,tiny_imagenet,pathmnist,pathmnist,bloodmnist|dermamnist|organamnist|organcmnist|organsmnist|pathmnist|retinamnist|tissuemnist,bloodmnist|dermamnist|organmnist_views|pathmnist|retinamnist|tissuemnist,14,6,0.5714285714285714,0.897586659245491,0.8934933189789455,0.004093340266545509,0.21634981541255924,0.8948888897895813,0.8887407422065735,0.006148147583007746,5,8,17
vit_b16,eurosat,random,51,8,17,0.5294117647058824,0,0.0,0,0.3333333333333333,tiny_imagenet,tiny_imagenet,1,tiny_imagenet,tiny_imagenet,bloodmnist,bloodmnist,bloodmnist|cifar100_coarse|organcmnist|organsmnist|pneumoniamnist|rendered_sst2|retinamnist|stl10,bloodmnist|cifar100_shared_images|organmnist_views|pneumoniamnist|rendered_sst2|retinamnist|stl10,14,7,0.5,0.897586659245491,0.8919199878033002,0.005666671442190796,0.29950681856122435,0.8948888897895813,0.893999981880188,0.0008889079093932217,5,8,17
vit_b16,eurosat,random,52,8,17,0.5294117647058824,0,0.6666666666666666,0,0.6666666666666666,tiny_imagenet,tiny_imagenet,1,tiny_imagenet,tiny_imagenet,cifar100,cifar100_shared_images,cifar100|dermamnist|octmnist|organcmnist|organsmnist|pathmnist|rendered_sst2|retinamnist,cifar100_shared_images|dermamnist|octmnist|organmnist_views|pathmnist|rendered_sst2|retinamnist,14,7,0.5,0.897586659245491,0.896266647529602,0.0013200117158890246,0.0697680311136262,0.8948888897895813,0.8933333277702331,0.0015555620193481445,5,8,17
vit_b16,eurosat,random,53,8,17,0.5294117647058824,0,0.0,0,0.3333333333333333,tiny_imagenet,tiny_imagenet,1,tiny_imagenet,tiny_imagenet,bloodmnist,bloodmnist,bloodmnist|cifar10|cifar100_coarse|dermamnist|octmnist|organcmnist|organsmnist|rendered_sst2,bloodmnist|cifar10|cifar100_shared_images|dermamnist|octmnist|organmnist_views|rendered_sst2,14,7,0.5,0.897586659245491,0.8919199878033002,0.005666671442190796,0.29950681856122435,0.8948888897895813,0.893999981880188,0.0008889079093932217,5,8,17
vit_b16,eurosat,random,54,8,17,0.5294117647058824,0,0.3333333333333333,0,0.6666666666666666,tiny_imagenet,tiny_imagenet,1,tiny_imagenet,tiny_imagenet,pathmnist,pathmnist,breastmnist|cifar10|cifar100_coarse|dermamnist|pathmnist|pneumoniamnist|rendered_sst2|stl10,breastmnist|cifar10|cifar100_shared_images|dermamnist|pathmnist|pneumoniamnist|rendered_sst2|stl10,14,8,0.4285714285714286,0.897586659245491,0.8934933189789455,0.004093340266545509,0.21634981541255924,0.8948888897895813,0.8887407422065735,0.006148147583007746,5,8,17
vit_b16,eurosat,random,55,8,17,0.5294117647058824,0,0.0,0,0.0,tiny_imagenet,tiny_imagenet,1,tiny_imagenet,tiny_imagenet,organamnist,organmnist_views,breastmnist|cifar10|dermamnist|organamnist|organcmnist|organsmnist|pneumoniamnist|tissuemnist,breastmnist|cifar10|dermamnist|organmnist_views|pneumoniamnist|tissuemnist,14,6,0.5714285714285714,0.897586659245491,0.8913866525729496,0.006200006672541392,0.3276957721115591,0.8948888897895813,0.8905185341835022,0.004370355606079013,5,8,17
vit_b16,eurosat,random,56,8,17,0.5294117647058824,1,0.6666666666666666,1,0.6666666666666666,tiny_imagenet,tiny_imagenet,1,tiny_imagenet,tiny_imagenet,tiny_imagenet,tiny_imagenet,breastmnist|cifar100|cifar100_coarse|octmnist|organsmnist|retinamnist|tiny_imagenet|tissuemnist,breastmnist|cifar100_shared_images|octmnist|organmnist_views|retinamnist|tiny_imagenet|tissuemnist,14,7,0.5,0.897586659245491,0.897586659245491,0.0,0.0,0.8948888897895813,0.8948888897895813,0.0,5,8,17
vit_b16,eurosat,random,57,8,17,0.5294117647058824,1,0.3333333333333333,1,0.6666666666666666,tiny_imagenet,tiny_imagenet,1,tiny_imagenet,tiny_imagenet,tiny_imagenet,tiny_imagenet,cifar10|cifar100_coarse|organcmnist|pneumoniamnist|rendered_sst2|retinamnist|stl10|tiny_imagenet,cifar10|cifar100_shared_images|organmnist_views|pneumoniamnist|rendered_sst2|retinamnist|stl10|tiny_imagenet,14,8,0.4285714285714286,0.897586659245491,0.897586659245491,0.0,0.0,0.8948888897895813,0.8948888897895813,0.0,5,8,17
vit_b16,eurosat,random,58,8,17,0.5294117647058824,0,0.3333333333333333,0,0.6666666666666666,tiny_imagenet,tiny_imagenet,1,tiny_imagenet,tiny_imagenet,pathmnist,pathmnist,cifar10|cifar100_coarse|dermamnist|pathmnist|pneumoniamnist|retinamnist|stl10|tissuemnist,cifar10|cifar100_shared_images|dermamnist|pathmnist|pneumoniamnist|retinamnist|stl10|tissuemnist,14,8,0.4285714285714286,0.897586659245491,0.8934933189789455,0.004093340266545509,0.21634981541255924,0.8948888897895813,0.8887407422065735,0.006148147583007746,5,8,17
vit_b16,eurosat,random,59,8,17,0.5294117647058824,1,0.3333333333333333,1,0.6666666666666666,tiny_imagenet,tiny_imagenet,1,tiny_imagenet,tiny_imagenet,tiny_imagenet,tiny_imagenet,breastmnist|cifar100_coarse|dermamnist|octmnist|organcmnist|organsmnist|stl10|tiny_imagenet,breastmnist|cifar100_shared_images|dermamnist|octmnist|organmnist_views|stl10|tiny_imagenet,14,7,0.5,0.897586659245491,0.897586659245491,0.0,0.0,0.8948888897895813,0.8948888897895813,0.0,5,8,17
vit_b16,eurosat,random,60,8,17,0.5294117647058824,0,0.6666666666666666,0,0.6666666666666666,tiny_imagenet,tiny_imagenet,1,tiny_imagenet,tiny_imagenet,cifar100,cifar100_shared_images,breastmnist|cifar100|cifar100_coarse|organamnist|organcmnist|pathmnist|rendered_sst2|tissuemnist,breastmnist|cifar100_shared_images|organmnist_views|pathmnist|rendered_sst2|tissuemnist,14,6,0.5714285714285714,0.897586659245491,0.896266647529602,0.0013200117158890246,0.0697680311136262,0.8948888897895813,0.8933333277702331,0.0015555620193481445,5,8,17
vit_b16,eurosat,random,61,8,17,0.5294117647058824,0,0.6666666666666666,0,0.6666666666666666,tiny_imagenet,tiny_imagenet,1,tiny_imagenet,tiny_imagenet,cifar100,cifar100_shared_images,bloodmnist|breastmnist|cifar100|organcmnist|organsmnist|pathmnist|pneumoniamnist|rendered_sst2,bloodmnist|breastmnist|cifar100_shared_images|organmnist_views|pathmnist|pneumoniamnist|rendered_sst2,14,7,0.5,0.897586659245491,0.896266647529602,0.0013200117158890246,0.0697680311136262,0.8948888897895813,0.8933333277702331,0.0015555620193481445,5,8,17
vit_b16,eurosat,random,62,8,17,0.5294117647058824,1,0.6666666666666666,1,0.6666666666666666,tiny_imagenet,tiny_imagenet,1,tiny_imagenet,tiny_imagenet,tiny_imagenet,tiny_imagenet,cifar10|dermamnist|organamnist|organsmnist|pathmnist|stl10|tiny_imagenet|tissuemnist,cifar10|dermamnist|organmnist_views|pathmnist|stl10|tiny_imagenet|tissuemnist,14,7,0.5,0.897586659245491,0.897586659245491,0.0,0.0,0.8948888897895813,0.8948888897895813,0.0,5,8,17
vit_b16,eurosat,random,63,8,17,0.5294117647058824,1,0.6666666666666666,1,0.6666666666666666,tiny_imagenet,tiny_imagenet,1,tiny_imagenet,tiny_imagenet,tiny_imagenet,tiny_imagenet,bloodmnist|cifar100|cifar100_coarse|octmnist|organamnist|organcmnist|retinamnist|tiny_imagenet,bloodmnist|cifar100_shared_images|octmnist|organmnist_views|retinamnist|tiny_imagenet,14,6,0.5714285714285714,0.897586659245491,0.897586659245491,0.0,0.0,0.8948888897895813,0.8948888897895813,0.0,5,8,17
vit_b16,eurosat,random,64,8,17,0.5294117647058824,1,1.0,1,1.0,tiny_imagenet,tiny_imagenet,1,tiny_imagenet,tiny_imagenet,tiny_imagenet,tiny_imagenet,cifar100|organcmnist|organsmnist|pathmnist|pneumoniamnist|retinamnist|stl10|tiny_imagenet,cifar100_shared_images|organmnist_views|pathmnist|pneumoniamnist|retinamnist|stl10|tiny_imagenet,14,7,0.5,0.897586659245491,0.897586659245491,0.0,0.0,0.8948888897895813,0.8948888897895813,0.0,5,8,17
vit_b16,eurosat,random,65,8,17,0.5294117647058824,0,0.3333333333333333,0,0.3333333333333333,tiny_imagenet,tiny_imagenet,1,tiny_imagenet,tiny_imagenet,cifar100,cifar100_shared_images,breastmnist|cifar10|cifar100|cifar100_coarse|octmnist|organamnist|stl10|tissuemnist,breastmnist|cifar10|cifar100_shared_images|octmnist|organmnist_views|stl10|tissuemnist,14,7,0.5,0.897586659245491,0.896266647529602,0.0013200117158890246,0.0697680311136262,0.8948888897895813,0.8933333277702331,0.0015555620193481445,5,8,17
vit_b16,eurosat,random,66,8,17,0.5294117647058824,1,0.6666666666666666,1,0.6666666666666666,tiny_imagenet,tiny_imagenet,1,tiny_imagenet,tiny_imagenet,tiny_imagenet,tiny_imagenet,cifar100|cifar100_coarse|organamnist|organsmnist|rendered_sst2|retinamnist|tiny_imagenet|tissuemnist,cifar100_shared_images|organmnist_views|rendered_sst2|retinamnist|tiny_imagenet|tissuemnist,14,6,0.5714285714285714,0.897586659245491,0.897586659245491,0.0,0.0,0.8948888897895813,0.8948888897895813,0.0,5,8,17
vit_b16,eurosat,random,67,8,17,0.5294117647058824,1,0.6666666666666666,1,0.6666666666666666,tiny_imagenet,tiny_imagenet,1,tiny_imagenet,tiny_imagenet,tiny_imagenet,tiny_imagenet,bloodmnist|cifar100|octmnist|organcmnist|pneumoniamnist|retinamnist|stl10|tiny_imagenet,bloodmnist|cifar100_shared_images|octmnist|organmnist_views|pneumoniamnist|retinamnist|stl10|tiny_imagenet,14,8,0.4285714285714286,0.897586659245491,0.897586659245491,0.0,0.0,0.8948888897895813,0.8948888897895813,0.0,5,8,17
vit_b16,eurosat,random,68,8,17,0.5294117647058824,0,0.0,0,0.3333333333333333,tiny_imagenet,tiny_imagenet,1,tiny_imagenet,tiny_imagenet,organamnist,organmnist_views,cifar100_coarse|dermamnist|organamnist|pneumoniamnist|rendered_sst2|retinamnist|stl10|tissuemnist,cifar100_shared_images|dermamnist|organmnist_views|pneumoniamnist|rendered_sst2|retinamnist|stl10|tissuemnist,14,8,0.4285714285714286,0.897586659245491,0.8913866525729496,0.006200006672541392,0.3276957721115591,0.8948888897895813,0.8905185341835022,0.004370355606079013,5,8,17
vit_b16,eurosat,random,69,8,17,0.5294117647058824,0,0.3333333333333333,0,0.6666666666666666,tiny_imagenet,tiny_imagenet,1,tiny_imagenet,tiny_imagenet,pathmnist,pathmnist,breastmnist|cifar100_coarse|dermamnist|octmnist|pathmnist|rendered_sst2|retinamnist|tissuemnist,breastmnist|cifar100_shared_images|dermamnist|octmnist|pathmnist|rendered_sst2|retinamnist|tissuemnist,14,8,0.4285714285714286,0.897586659245491,0.8934933189789455,0.004093340266545509,0.21634981541255924,0.8948888897895813,0.8887407422065735,0.006148147583007746,5,8,17
vit_b16,eurosat,random,70,8,17,0.5294117647058824,1,0.6666666666666666,1,0.6666666666666666,tiny_imagenet,tiny_imagenet,1,tiny_imagenet,tiny_imagenet,tiny_imagenet,tiny_imagenet,bloodmnist|cifar10|dermamnist|octmnist|pathmnist|rendered_sst2|stl10|tiny_imagenet,bloodmnist|cifar10|dermamnist|octmnist|pathmnist|rendered_sst2|stl10|tiny_imagenet,14,8,0.4285714285714286,0.897586659245491,0.897586659245491,0.0,0.0,0.8948888897895813,0.8948888897895813,0.0,5,8,17
vit_b16,eurosat,random,71,8,17,0.5294117647058824,0,0.0,0,0.0,tiny_imagenet,tiny_imagenet,1,tiny_imagenet,tiny_imagenet,stl10,stl10,breastmnist|cifar10|octmnist|organcmnist|pneumoniamnist|rendered_sst2|stl10|tissuemnist,breastmnist|cifar10|octmnist|organmnist_views|pneumoniamnist|rendered_sst2|stl10|tissuemnist,14,8,0.4285714285714286,0.897586659245491,0.8900799861741066,0.007506673071384418,0.3967584485047089,0.8948888897895813,0.8879259347915649,0.006962954998016357,5,8,17
vit_b16,eurosat,random,72,8,17,0.5294117647058824,0,0.6666666666666666,0,0.6666666666666666,tiny_imagenet,tiny_imagenet,1,tiny_imagenet,tiny_imagenet,cifar100,cifar100_shared_images,cifar10|cifar100|cifar100_coarse|octmnist|pathmnist|pneumoniamnist|rendered_sst2|stl10,cifar10|cifar100_shared_images|octmnist|pathmnist|pneumoniamnist|rendered_sst2|stl10,14,7,0.5,0.897586659245491,0.896266647529602,0.0013200117158890246,0.0697680311136262,0.8948888897895813,0.8933333277702331,0.0015555620193481445,5,8,17
vit_b16,eurosat,random,73,8,17,0.5294117647058824,1,0.3333333333333333,1,0.6666666666666666,tiny_imagenet,tiny_imagenet,1,tiny_imagenet,tiny_imagenet,tiny_imagenet,tiny_imagenet,cifar10|cifar100_coarse|dermamnist|organcmnist|rendered_sst2|retinamnist|stl10|tiny_imagenet,cifar10|cifar100_shared_images|dermamnist|organmnist_views|rendered_sst2|retinamnist|stl10|tiny_imagenet,14,8,0.4285714285714286,0.897586659245491,0.897586659245491,0.0,0.0,0.8948888897895813,0.8948888897895813,0.0,5,8,17
vit_b16,eurosat,random,74,8,17,0.5294117647058824,0,0.0,0,0.3333333333333333,tiny_imagenet,tiny_imagenet,1,tiny_imagenet,tiny_imagenet,bloodmnist,bloodmnist,bloodmnist|cifar10|cifar100_coarse|dermamnist|organsmnist|pneumoniamnist|rendered_sst2|stl10,bloodmnist|cifar10|cifar100_shared_images|dermamnist|organmnist_views|pneumoniamnist|rendered_sst2|stl10,14,8,0.4285714285714286,0.897586659245491,0.8919199878033002,0.005666671442190796,0.29950681856122435,0.8948888897895813,0.893999981880188,0.0008889079093932217,5,8,17
vit_b16,eurosat,random,75,8,17,0.5294117647058824,0,0.0,0,0.3333333333333333,tiny_imagenet,tiny_imagenet,1,tiny_imagenet,tiny_imagenet,bloodmnist,bloodmnist,bloodmnist|cifar100_coarse|organcmnist|organsmnist|pneumoniamnist|rendered_sst2|retinamnist|stl10,bloodmnist|cifar100_shared_images|organmnist_views|pneumoniamnist|rendered_sst2|retinamnist|stl10,14,7,0.5,0.897586659245491,0.8919199878033002,0.005666671442190796,0.29950681856122435,0.8948888897895813,0.893999981880188,0.0008889079093932217,5,8,17
vit_b16,eurosat,random,76,8,17,0.5294117647058824,0,0.3333333333333333,0,0.3333333333333333,tiny_imagenet,tiny_imagenet,1,tiny_imagenet,tiny_imagenet,pathmnist,pathmnist,bloodmnist|cifar10|dermamnist|octmnist|organamnist|pathmnist|rendered_sst2|retinamnist,bloodmnist|cifar10|dermamnist|octmnist|organmnist_views|pathmnist|rendered_sst2|retinamnist,14,8,0.4285714285714286,0.897586659245491,0.8934933189789455,0.004093340266545509,0.21634981541255924,0.8948888897895813,0.8887407422065735,0.006148147583007746,5,8,17
vit_b16,eurosat,random,77,8,17,0.5294117647058824,0,0.3333333333333333,0,0.3333333333333333,tiny_imagenet,tiny_imagenet,1,tiny_imagenet,tiny_imagenet,cifar100,cifar100_shared_images,cifar100|cifar100_coarse|dermamnist|octmnist|organsmnist|rendered_sst2|retinamnist|tissuemnist,cifar100_shared_images|dermamnist|octmnist|organmnist_views|rendered_sst2|retinamnist|tissuemnist,14,7,0.5,0.897586659245491,0.896266647529602,0.0013200117158890246,0.0697680311136262,0.8948888897895813,0.8933333277702331,0.0015555620193481445,5,8,17
vit_b16,eurosat,random,78,8,17,0.5294117647058824,0,0.0,0,0.3333333333333333,tiny_imagenet,tiny_imagenet,1,tiny_imagenet,tiny_imagenet,bloodmnist,bloodmnist,bloodmnist|cifar100_coarse|organamnist|organsmnist|rendered_sst2|retinamnist|stl10|tissuemnist,bloodmnist|cifar100_shared_images|organmnist_views|rendered_sst2|retinamnist|stl10|tissuemnist,14,7,0.5,0.897586659245491,0.8919199878033002,0.005666671442190796,0.29950681856122435,0.8948888897895813,0.893999981880188,0.0008889079093932217,5,8,17
vit_b16,eurosat,random,79,8,17,0.5294117647058824,0,0.3333333333333333,0,0.3333333333333333,tiny_imagenet,tiny_imagenet,1,tiny_imagenet,tiny_imagenet,cifar100,cifar100_shared_images,breastmnist|cifar100|octmnist|organamnist|organcmnist|organsmnist|retinamnist|stl10,breastmnist|cifar100_shared_images|octmnist|organmnist_views|retinamnist|stl10,14,6,0.5714285714285714,0.897586659245491,0.896266647529602,0.0013200117158890246,0.0697680311136262,0.8948888897895813,0.8933333277702331,0.0015555620193481445,5,8,17
vit_b16,eurosat,random,80,8,17,0.5294117647058824,1,1.0,1,1.0,tiny_imagenet,tiny_imagenet,1,tiny_imagenet,tiny_imagenet,tiny_imagenet,tiny_imagenet,breastmnist|cifar100|dermamnist|organsmnist|pathmnist|stl10|tiny_imagenet|tissuemnist,breastmnist|cifar100_shared_images|dermamnist|organmnist_views|pathmnist|stl10|tiny_imagenet|tissuemnist,14,8,0.4285714285714286,0.897586659245491,0.897586659245491,0.0,0.0,0.8948888897895813,0.8948888897895813,0.0,5,8,17
vit_b16,eurosat,random,81,8,17,0.5294117647058824,1,0.6666666666666666,1,0.6666666666666666,tiny_imagenet,tiny_imagenet,1,tiny_imagenet,tiny_imagenet,tiny_imagenet,tiny_imagenet,bloodmnist|breastmnist|cifar10|cifar100|cifar100_coarse|dermamnist|tiny_imagenet|tissuemnist,bloodmnist|breastmnist|cifar10|cifar100_shared_images|dermamnist|tiny_imagenet|tissuemnist,14,7,0.5,0.897586659245491,0.897586659245491,0.0,0.0,0.8948888897895813,0.8948888897895813,0.0,5,8,17
vit_b16,eurosat,random,82,8,17,0.5294117647058824,0,0.3333333333333333,0,0.3333333333333333,tiny_imagenet,tiny_imagenet,1,tiny_imagenet,tiny_imagenet,cifar100,cifar100_shared_images,cifar10|cifar100|dermamnist|octmnist|rendered_sst2|retinamnist|stl10|tissuemnist,cifar10|cifar100_shared_images|dermamnist|octmnist|rendered_sst2|retinamnist|stl10|tissuemnist,14,8,0.4285714285714286,0.897586659245491,0.896266647529602,0.0013200117158890246,0.0697680311136262,0.8948888897895813,0.8933333277702331,0.0015555620193481445,5,8,17
vit_b16,eurosat,random,83,8,17,0.5294117647058824,1,0.3333333333333333,1,0.3333333333333333,tiny_imagenet,tiny_imagenet,1,tiny_imagenet,tiny_imagenet,tiny_imagenet,tiny_imagenet,cifar10|dermamnist|organcmnist|organsmnist|rendered_sst2|stl10|tiny_imagenet|tissuemnist,cifar10|dermamnist|organmnist_views|rendered_sst2|stl10|tiny_imagenet|tissuemnist,14,7,0.5,0.897586659245491,0.897586659245491,0.0,0.0,0.8948888897895813,0.8948888897895813,0.0,5,8,17
vit_b16,eurosat,random,84,8,17,0.5294117647058824,1,1.0,1,1.0,tiny_imagenet,tiny_imagenet,1,tiny_imagenet,tiny_imagenet,tiny_imagenet,tiny_imagenet,bloodmnist|breastmnist|cifar100|dermamnist|organamnist|pathmnist|pneumoniamnist|tiny_imagenet,bloodmnist|breastmnist|cifar100_shared_images|dermamnist|organmnist_views|pathmnist|pneumoniamnist|tiny_imagenet,14,8,0.4285714285714286,0.897586659245491,0.897586659245491,0.0,0.0,0.8948888897895813,0.8948888897895813,0.0,5,8,17
vit_b16,eurosat,random,85,8,17,0.5294117647058824,0,0.3333333333333333,0,0.3333333333333333,tiny_imagenet,tiny_imagenet,1,tiny_imagenet,tiny_imagenet,cifar100,cifar100_shared_images,bloodmnist|breastmnist|cifar100|dermamnist|organsmnist|pneumoniamnist|rendered_sst2|tissuemnist,bloodmnist|breastmnist|cifar100_shared_images|dermamnist|organmnist_views|pneumoniamnist|rendered_sst2|tissuemnist,14,8,0.4285714285714286,0.897586659245491,0.896266647529602,0.0013200117158890246,0.0697680311136262,0.8948888897895813,0.8933333277702331,0.0015555620193481445,5,8,17
vit_b16,eurosat,random,86,8,17,0.5294117647058824,0,0.3333333333333333,0,0.6666666666666666,tiny_imagenet,tiny_imagenet,1,tiny_imagenet,tiny_imagenet,pathmnist,pathmnist,bloodmnist|breastmnist|cifar100_coarse|octmnist|organamnist|pathmnist|rendered_sst2|tissuemnist,bloodmnist|breastmnist|cifar100_shared_images|octmnist|organmnist_views|pathmnist|rendered_sst2|tissuemnist,14,8,0.4285714285714286,0.897586659245491,0.8934933189789455,0.004093340266545509,0.21634981541255924,0.8948888897895813,0.8887407422065735,0.006148147583007746,5,8,17
vit_b16,eurosat,random,87,8,17,0.5294117647058824,0,0.3333333333333333,0,0.6666666666666666,tiny_imagenet,tiny_imagenet,1,tiny_imagenet,tiny_imagenet,pathmnist,pathmnist,cifar10|cifar100_coarse|dermamnist|octmnist|pathmnist|pneumoniamnist|retinamnist|stl10,cifar10|cifar100_shared_images|dermamnist|octmnist|pathmnist|pneumoniamnist|retinamnist|stl10,14,8,0.4285714285714286,0.897586659245491,0.8934933189789455,0.004093340266545509,0.21634981541255924,0.8948888897895813,0.8887407422065735,0.006148147583007746,5,8,17
vit_b16,eurosat,random,88,8,17,0.5294117647058824,1,0.6666666666666666,1,1.0,tiny_imagenet,tiny_imagenet,1,tiny_imagenet,tiny_imagenet,tiny_imagenet,tiny_imagenet,cifar100_coarse|octmnist|organcmnist|organsmnist|pathmnist|rendered_sst2|tiny_imagenet|tissuemnist,cifar100_shared_images|octmnist|organmnist_views|pathmnist|rendered_sst2|tiny_imagenet|tissuemnist,14,7,0.5,0.897586659245491,0.897586659245491,0.0,0.0,0.8948888897895813,0.8948888897895813,0.0,5,8,17
vit_b16,eurosat,random,89,8,17,0.5294117647058824,0,0.3333333333333333,0,0.3333333333333333,tiny_imagenet,tiny_imagenet,1,tiny_imagenet,tiny_imagenet,pathmnist,pathmnist,bloodmnist|breastmnist|cifar10|organamnist|pathmnist|rendered_sst2|stl10|tissuemnist,bloodmnist|breastmnist|cifar10|organmnist_views|pathmnist|rendered_sst2|stl10|tissuemnist,14,8,0.4285714285714286,0.897586659245491,0.8934933189789455,0.004093340266545509,0.21634981541255924,0.8948888897895813,0.8887407422065735,0.006148147583007746,5,8,17
vit_b16,eurosat,random,90,8,17,0.5294117647058824,1,0.6666666666666666,1,1.0,tiny_imagenet,tiny_imagenet,1,tiny_imagenet,tiny_imagenet,tiny_imagenet,tiny_imagenet,bloodmnist|breastmnist|cifar10|cifar100_coarse|organsmnist|pathmnist|rendered_sst2|tiny_imagenet,bloodmnist|breastmnist|cifar10|cifar100_shared_images|organmnist_views|pathmnist|rendered_sst2|tiny_imagenet,14,8,0.4285714285714286,0.897586659245491,0.897586659245491,0.0,0.0,0.8948888897895813,0.8948888897895813,0.0,5,8,17
vit_b16,eurosat,random,91,8,17,0.5294117647058824,0,0.3333333333333333,0,0.6666666666666666,tiny_imagenet,tiny_imagenet,1,tiny_imagenet,tiny_imagenet,pathmnist,pathmnist,breastmnist|cifar10|cifar100_coarse|dermamnist|organamnist|organsmnist|pathmnist|retinamnist,breastmnist|cifar10|cifar100_shared_images|dermamnist|organmnist_views|pathmnist|retinamnist,14,7,0.5,0.897586659245491,0.8934933189789455,0.004093340266545509,0.21634981541255924,0.8948888897895813,0.8887407422065735,0.006148147583007746,5,8,17
vit_b16,eurosat,random,92,8,17,0.5294117647058824,1,0.3333333333333333,1,0.3333333333333333,tiny_imagenet,tiny_imagenet,1,tiny_imagenet,tiny_imagenet,tiny_imagenet,tiny_imagenet,bloodmnist|cifar10|dermamnist|organamnist|organcmnist|organsmnist|pneumoniamnist|tiny_imagenet,bloodmnist|cifar10|dermamnist|organmnist_views|pneumoniamnist|tiny_imagenet,14,6,0.5714285714285714,0.897586659245491,0.897586659245491,0.0,0.0,0.8948888897895813,0.8948888897895813,0.0,5,8,17
vit_b16,eurosat,random,93,8,17,0.5294117647058824,1,0.6666666666666666,1,0.6666666666666666,tiny_imagenet,tiny_imagenet,1,tiny_imagenet,tiny_imagenet,tiny_imagenet,tiny_imagenet,bloodmnist|breastmnist|cifar100|dermamnist|rendered_sst2|stl10|tiny_imagenet|tissuemnist,bloodmnist|breastmnist|cifar100_shared_images|dermamnist|rendered_sst2|stl10|tiny_imagenet|tissuemnist,14,8,0.4285714285714286,0.897586659245491,0.897586659245491,0.0,0.0,0.8948888897895813,0.8948888897895813,0.0,5,8,17
vit_b16,eurosat,random,94,8,17,0.5294117647058824,1,0.6666666666666666,1,0.6666666666666666,tiny_imagenet,tiny_imagenet,1,tiny_imagenet,tiny_imagenet,tiny_imagenet,tiny_imagenet,cifar100|dermamnist|octmnist|organsmnist|pneumoniamnist|stl10|tiny_imagenet|tissuemnist,cifar100_shared_images|dermamnist|octmnist|organmnist_views|pneumoniamnist|stl10|tiny_imagenet|tissuemnist,14,8,0.4285714285714286,0.897586659245491,0.897586659245491,0.0,0.0,0.8948888897895813,0.8948888897895813,0.0,5,8,17
vit_b16,eurosat,random,95,8,17,0.5294117647058824,0,0.0,0,0.0,tiny_imagenet,tiny_imagenet,1,tiny_imagenet,tiny_imagenet,bloodmnist,bloodmnist,bloodmnist|breastmnist|cifar10|organcmnist|organsmnist|pneumoniamnist|rendered_sst2|tissuemnist,bloodmnist|breastmnist|cifar10|organmnist_views|pneumoniamnist|rendered_sst2|tissuemnist,14,7,0.5,0.897586659245491,0.8919199878033002,0.005666671442190796,0.29950681856122435,0.8948888897895813,0.893999981880188,0.0008889079093932217,5,8,17
vit_b16,eurosat,random,96,8,17,0.5294117647058824,1,0.3333333333333333,1,0.6666666666666666,tiny_imagenet,tiny_imagenet,1,tiny_imagenet,tiny_imagenet,tiny_imagenet,tiny_imagenet,bloodmnist|breastmnist|cifar100_coarse|dermamnist|pneumoniamnist|rendered_sst2|tiny_imagenet|tissuemnist,bloodmnist|breastmnist|cifar100_shared_images|dermamnist|pneumoniamnist|rendered_sst2|tiny_imagenet|tissuemnist,14,8,0.4285714285714286,0.897586659245491,0.897586659245491,0.0,0.0,0.8948888897895813,0.8948888897895813,0.0,5,8,17
vit_b16,eurosat,random,97,8,17,0.5294117647058824,0,0.0,0,0.0,tiny_imagenet,tiny_imagenet,1,tiny_imagenet,tiny_imagenet,bloodmnist,bloodmnist,bloodmnist|cifar10|organamnist|pneumoniamnist|rendered_sst2|retinamnist|stl10|tissuemnist,bloodmnist|cifar10|organmnist_views|pneumoniamnist|rendered_sst2|retinamnist|stl10|tissuemnist,14,8,0.4285714285714286,0.897586659245491,0.8919199878033002,0.005666671442190796,0.29950681856122435,0.8948888897895813,0.893999981880188,0.0008889079093932217,5,8,17
vit_b16,eurosat,random,98,8,17,0.5294117647058824,1,0.6666666666666666,1,1.0,tiny_imagenet,tiny_imagenet,1,tiny_imagenet,tiny_imagenet,tiny_imagenet,tiny_imagenet,cifar100_coarse|octmnist|organcmnist|organsmnist|pathmnist|pneumoniamnist|retinamnist|tiny_imagenet,cifar100_shared_images|octmnist|organmnist_views|pathmnist|pneumoniamnist|retinamnist|tiny_imagenet,14,7,0.5,0.897586659245491,0.897586659245491,0.0,0.0,0.8948888897895813,0.8948888897895813,0.0,5,8,17
vit_b16,eurosat,random,99,8,17,0.5294117647058824,1,0.3333333333333333,1,0.3333333333333333,tiny_imagenet,tiny_imagenet,1,tiny_imagenet,tiny_imagenet,tiny_imagenet,tiny_imagenet,bloodmnist|organamnist|organsmnist|pneumoniamnist|rendered_sst2|retinamnist|tiny_imagenet|tissuemnist,bloodmnist|organmnist_views|pneumoniamnist|rendered_sst2|retinamnist|tiny_imagenet|tissuemnist,14,7,0.5,0.897586659245491,0.897586659245491,0.0,0.0,0.8948888897895813,0.8948888897895813,0.0,5,8,17
vit_b16,flowers102,rank_only,-1,3,17,0.8235294117647058,0,0.3333333333333333,0,0.3333333333333333,stl10,stl10,1,stl10,stl10,tiny_imagenet,tiny_imagenet,tiny_imagenet|cifar100_coarse|cifar100,cifar100_shared_images|tiny_imagenet,14,2,0.8571428571428572,0.6975164111455283,0.6942484275499979,0.003267983595530377,0.06605038328361183,0.7147999405860901,0.720639991760254,-0.005840051174163863,5,3,17
vit_b16,flowers102,facility_subspace,-1,3,17,0.8235294117647058,0,0.0,0,0.0,stl10,stl10,1,stl10,stl10,cifar100,cifar100_shared_images,organsmnist|cifar100|rendered_sst2,cifar100_shared_images|organmnist_views|rendered_sst2,14,3,0.7857142857142857,0.6975164111455283,0.6888889527320862,0.008627458413442146,0.17437264243022985,0.7147999405860901,0.7078399658203125,0.006959974765777588,5,3,17
vit_b16,flowers102,kcenter_subspace,-1,3,17,0.8235294117647058,0,0.3333333333333333,0,0.3333333333333333,stl10,stl10,1,stl10,stl10,tiny_imagenet,tiny_imagenet,tiny_imagenet|rendered_sst2|bloodmnist,bloodmnist|rendered_sst2|tiny_imagenet,14,3,0.7857142857142857,0.6975164111455283,0.6942484275499979,0.003267983595530377,0.06605038328361183,0.7147999405860901,0.720639991760254,-0.005840051174163863,5,3,17
vit_b16,flowers102,dpp_subspace,-1,3,17,0.8235294117647058,1,0.6666666666666666,1,0.6666666666666666,stl10,stl10,1,stl10,stl10,stl10,stl10,tiny_imagenet|stl10|cifar100_coarse,cifar100_shared_images|stl10|tiny_imagenet,14,3,0.7857142857142857,0.6975164111455283,0.6975164111455283,0.0,0.0,0.7147999405860901,0.7147999405860901,0.0,5,3,17
vit_b16,flowers102,pool_vendi_subspace,-1,3,17,0.8235294117647058,0,0.3333333333333333,0,0.3333333333333333,stl10,stl10,1,stl10,stl10,tiny_imagenet,tiny_imagenet,tiny_imagenet|rendered_sst2|bloodmnist,bloodmnist|rendered_sst2|tiny_imagenet,14,3,0.7857142857142857,0.6975164111455283,0.6942484275499979,0.003267983595530377,0.06605038328361183,0.7147999405860901,0.720639991760254,-0.005840051174163863,5,3,17
vit_b16,flowers102,full_merged_rank,-1,3,17,0.8235294117647058,1,0.6666666666666666,1,0.6666666666666666,stl10,stl10,1,stl10,stl10,stl10,stl10,tiny_imagenet|stl10|cifar100_coarse,cifar100_shared_images|stl10|tiny_imagenet,14,3,0.7857142857142857,0.6975164111455283,0.6975164111455283,0.0,0.0,0.7147999405860901,0.7147999405860901,0.0,5,3,17
vit_b16,flowers102,random,0,3,17,0.8235294117647058,1,0.6666666666666666,1,0.6666666666666666,stl10,stl10,1,stl10,stl10,stl10,stl10,breastmnist|organamnist|stl10,breastmnist|organmnist_views|stl10,14,3,0.7857142857142857,0.6975164111455283,0.6975164111455283,0.0,0.0,0.7147999405860901,0.7147999405860901,0.0,5,3,17
vit_b16,flowers102,random,1,3,17,0.8235294117647058,0,0.3333333333333333,0,0.3333333333333333,stl10,stl10,1,stl10,stl10,tiny_imagenet,tiny_imagenet,pathmnist|retinamnist|tiny_imagenet,pathmnist|retinamnist|tiny_imagenet,14,3,0.7857142857142857,0.6975164111455283,0.6942484275499979,0.003267983595530377,0.06605038328361183,0.7147999405860901,0.720639991760254,-0.005840051174163863,5,3,17
vit_b16,flowers102,random,2,3,17,0.8235294117647058,0,0.3333333333333333,0,0.3333333333333333,stl10,stl10,1,stl10,stl10,breastmnist,breastmnist,breastmnist|cifar10|cifar100_coarse,breastmnist|cifar10|cifar100_shared_images,14,3,0.7857142857142857,0.6975164111455283,0.6895425534248352,0.007973857720693145,0.1611624854607915,0.7147999405860901,0.7015999555587769,0.013199985027313232,5,3,17
vit_b16,flowers102,random,3,3,17,0.8235294117647058,0,0.0,0,0.0,stl10,stl10,1,stl10,stl10,dermamnist,dermamnist,dermamnist|octmnist|rendered_sst2,dermamnist|octmnist|rendered_sst2,14,3,0.7857142857142857,0.6975164111455283,0.6866013725598653,0.010915038585663006,0.22060774207204936,0.7147999405860901,0.6987999677658081,0.015999972820281982,5,3,17
vit_b16,flowers102,random,4,3,17,0.8235294117647058,0,0.3333333333333333,0,0.3333333333333333,stl10,stl10,1,stl10,stl10,tiny_imagenet,tiny_imagenet,cifar10|organamnist|tiny_imagenet,cifar10|organmnist_views|tiny_imagenet,14,3,0.7857142857142857,0.6975164111455283,0.6942484275499979,0.003267983595530377,0.06605038328361183,0.7147999405860901,0.720639991760254,-0.005840051174163863,5,3,17
vit_b16,flowers102,random,5,3,17,0.8235294117647058,0,0.0,0,0.0,stl10,stl10,1,stl10,stl10,bloodmnist,bloodmnist,bloodmnist|dermamnist|organcmnist,bloodmnist|dermamnist|organmnist_views,14,3,0.7857142857142857,0.6975164111455283,0.6871242523193358,0.010392158826192488,0.21003963255904384,0.7147999405860901,0.7035199761390686,0.011279964447021507,5,3,17
vit_b16,flowers102,random,6,3,17,0.8235294117647058,0,0.3333333333333333,0,0.3333333333333333,stl10,stl10,1,stl10,stl10,tiny_imagenet,tiny_imagenet,cifar100|cifar100_coarse|tiny_imagenet,cifar100_shared_images|tiny_imagenet,14,2,0.8571428571428572,0.6975164111455283,0.6942484275499979,0.003267983595530377,0.06605038328361183,0.7147999405860901,0.720639991760254,-0.005840051174163863,5,3,17
vit_b16,flowers102,random,7,3,17,0.8235294117647058,0,0.3333333333333333,0,0.3333333333333333,stl10,stl10,1,stl10,stl10,tiny_imagenet,tiny_imagenet,cifar10|organamnist|tiny_imagenet,cifar10|organmnist_views|tiny_imagenet,14,3,0.7857142857142857,0.6975164111455283,0.6942484275499979,0.003267983595530377,0.06605038328361183,0.7147999405860901,0.720639991760254,-0.005840051174163863,5,3,17
vit_b16,flowers102,random,8,3,17,0.8235294117647058,1,0.3333333333333333,1,0.3333333333333333,stl10,stl10,1,stl10,stl10,stl10,stl10,cifar10|cifar100_coarse|stl10,cifar10|cifar100_shared_images|stl10,14,3,0.7857142857142857,0.6975164111455283,0.6975164111455283,0.0,0.0,0.7147999405860901,0.7147999405860901,0.0,5,3,17
vit_b16,flowers102,random,9,3,17,0.8235294117647058,0,0.0,0,0.0,stl10,stl10,1,stl10,stl10,organcmnist,organmnist_views,organcmnist|pathmnist|rendered_sst2,organmnist_views|pathmnist|rendered_sst2,14,3,0.7857142857142857,0.6975164111455283,0.6848366721471151,0.012679738998413237,0.2562747322008611,0.7147999405860901,0.7005199432373047,0.014279997348785378,5,3,17
vit_b16,flowers102,random,10,3,17,0.8235294117647058,0,0.0,0,0.0,stl10,stl10,1,stl10,stl10,pneumoniamnist,pneumoniamnist,pneumoniamnist|rendered_sst2|retinamnist,pneumoniamnist|rendered_sst2|retinamnist,14,3,0.7857142857142857,0.6975164111455283,0.6750327459971109,0.022483665148417376,0.4544253841128404,0.7147999405860901,0.6928399682044983,0.021959972381591752,5,3,17
vit_b16,flowers102,random,11,3,17,0.8235294117647058,0,0.0,0,0.0,stl10,stl10,1,stl10,stl10,cifar100_coarse,cifar100_shared_images,cifar100_coarse|octmnist|tissuemnist,cifar100_shared_images|octmnist|tissuemnist,14,3,0.7857142857142857,0.6975164111455283,0.6718954952557882,0.025620915889740137,0.5178334790018643,0.7147999405860901,0.6996399760246277,0.015159964561462402,5,3,17
vit_b16,flowers102,random,12,3,17,0.8235294117647058,0,0.0,0,0.0,stl10,stl10,1,stl10,stl10,dermamnist,dermamnist,dermamnist|pathmnist|retinamnist,dermamnist|pathmnist|retinamnist,14,3,0.7857142857142857,0.6975164111455283,0.6866013725598653,0.010915038585663006,0.22060774207204936,0.7147999405860901,0.6987999677658081,0.015999972820281982,5,3,17
vit_b16,flowers102,random,13,3,17,0.8235294117647058,0,0.0,0,0.0,stl10,stl10,1,stl10,stl10,bloodmnist,bloodmnist,bloodmnist|cifar10|rendered_sst2,bloodmnist|cifar10|rendered_sst2,14,3,0.7857142857142857,0.6975164111455283,0.6871242523193358,0.010392158826192488,0.21003963255904384,0.7147999405860901,0.7035199761390686,0.011279964447021507,5,3,17
vit_b16,flowers102,random,14,3,17,0.8235294117647058,0,0.0,0,0.0,stl10,stl10,1,stl10,stl10,organamnist,organmnist_views,organamnist|organcmnist|pathmnist,organmnist_views|pathmnist,14,2,0.8571428571428572,0.6975164111455283,0.6878432027498882,0.00967320839564012,0.19550866870572173,0.7147999405860901,0.7045199394226074,0.01028000116348271,5,3,17
vit_b16,flowers102,random,15,3,17,0.8235294117647058,0,0.0,0,0.0,stl10,stl10,1,stl10,stl10,organamnist,organmnist_views,cifar10|organamnist|organcmnist,cifar10|organmnist_views,14,2,0.8571428571428572,0.6975164111455283,0.6878432027498882,0.00967320839564012,0.19550866870572173,0.7147999405860901,0.7045199394226074,0.01028000116348271,5,3,17
vit_b16,flowers102,random,16,3,17,0.8235294117647058,0,0.0,0,0.0,stl10,stl10,1,stl10,stl10,cifar100,cifar100_shared_images,cifar100|dermamnist|retinamnist,cifar100_shared_images|dermamnist|retinamnist,14,3,0.7857142857142857,0.6975164111455283,0.6888889527320862,0.008627458413442146,0.17437264243022985,0.7147999405860901,0.7078399658203125,0.006959974765777588,5,3,17
vit_b16,flowers102,random,17,3,17,0.8235294117647058,1,0.3333333333333333,1,0.3333333333333333,stl10,stl10,1,stl10,stl10,stl10,stl10,cifar10|cifar100_coarse|stl10,cifar10|cifar100_shared_images|stl10,14,3,0.7857142857142857,0.6975164111455283,0.6975164111455283,0.0,0.0,0.7147999405860901,0.7147999405860901,0.0,5,3,17
vit_b16,flowers102,random,18,3,17,0.8235294117647058,0,0.0,0,0.0,stl10,stl10,1,stl10,stl10,organamnist,organmnist_views,bloodmnist|organamnist|pathmnist,bloodmnist|organmnist_views|pathmnist,14,3,0.7857142857142857,0.6975164111455283,0.6878432027498882,0.00967320839564012,0.19550866870572173,0.7147999405860901,0.7045199394226074,0.01028000116348271,5,3,17
vit_b16,flowers102,random,19,3,17,0.8235294117647058,0,0.0,0,0.0,stl10,stl10,1,stl10,stl10,bloodmnist,bloodmnist,bloodmnist|organsmnist|tissuemnist,bloodmnist|organmnist_views|tissuemnist,14,3,0.7857142857142857,0.6975164111455283,0.6871242523193358,0.010392158826192488,0.21003963255904384,0.7147999405860901,0.7035199761390686,0.011279964447021507,5,3,17
vit_b16,flowers102,random,20,3,17,0.8235294117647058,1,0.6666666666666666,1,0.6666666666666666,stl10,stl10,1,stl10,stl10,stl10,stl10,cifar100_coarse|stl10|tiny_imagenet,cifar100_shared_images|stl10|tiny_imagenet,14,3,0.7857142857142857,0.6975164111455283,0.6975164111455283,0.0,0.0,0.7147999405860901,0.7147999405860901,0.0,5,3,17
vit_b16,flowers102,random,21,3,17,0.8235294117647058,0,0.0,0,0.0,stl10,stl10,1,stl10,stl10,pathmnist,pathmnist,octmnist|pathmnist|rendered_sst2,octmnist|pathmnist|rendered_sst2,14,3,0.7857142857142857,0.6975164111455283,0.6816340581576028,0.015882352987925508,0.3210039070370071,0.7147999405860901,0.7013999700546265,0.013399970531463579,5,3,17
vit_b16,flowers102,random,22,3,17,0.8235294117647058,0,0.3333333333333333,0,0.3333333333333333,stl10,stl10,1,stl10,stl10,breastmnist,breastmnist,breastmnist|organcmnist|retinamnist,breastmnist|organmnist_views|retinamnist,14,3,0.7857142857142857,0.6975164111455283,0.6895425534248352,0.007973857720693145,0.1611624854607915,0.7147999405860901,0.7015999555587769,0.013199985027313232,5,3,17
vit_b16,flowers102,random,23,3,17,0.8235294117647058,0,0.0,0,0.0,stl10,stl10,1,stl10,stl10,cifar100,cifar100_shared_images,cifar100|organamnist|organcmnist,cifar100_shared_images|organmnist_views,14,2,0.8571428571428572,0.6975164111455283,0.6888889527320862,0.008627458413442146,0.17437264243022985,0.7147999405860901,0.7078399658203125,0.006959974765777588,5,3,17
vit_b16,flowers102,random,24,3,17,0.8235294117647058,0,0.0,0,0.0,stl10,stl10,1,stl10,stl10,pathmnist,pathmnist,octmnist|pathmnist|tissuemnist,octmnist|pathmnist|tissuemnist,14,3,0.7857142857142857,0.6975164111455283,0.6816340581576028,0.015882352987925508,0.3210039070370071,0.7147999405860901,0.7013999700546265,0.013399970531463579,5,3,17
vit_b16,flowers102,random,25,3,17,0.8235294117647058,0,0.0,0,0.0,stl10,stl10,1,stl10,stl10,organamnist,organmnist_views,organamnist|pathmnist|retinamnist,organmnist_views|pathmnist|retinamnist,14,3,0.7857142857142857,0.6975164111455283,0.6878432027498882,0.00967320839564012,0.19550866870572173,0.7147999405860901,0.7045199394226074,0.01028000116348271,5,3,17
vit_b16,flowers102,random,26,3,17,0.8235294117647058,0,0.0,0,0.0,stl10,stl10,1,stl10,stl10,dermamnist,dermamnist,cifar100_coarse|dermamnist|organsmnist,cifar100_shared_images|dermamnist|organmnist_views,14,3,0.7857142857142857,0.6975164111455283,0.6866013725598653,0.010915038585663006,0.22060774207204936,0.7147999405860901,0.6987999677658081,0.015999972820281982,5,3,17
vit_b16,flowers102,random,27,3,17,0.8235294117647058,0,0.0,0,0.0,stl10,stl10,1,stl10,stl10,organamnist,organmnist_views,dermamnist|octmnist|organamnist,dermamnist|octmnist|organmnist_views,14,3,0.7857142857142857,0.6975164111455283,0.6878432027498882,0.00967320839564012,0.19550866870572173,0.7147999405860901,0.7045199394226074,0.01028000116348271,5,3,17
vit_b16,flowers102,random,28,3,17,0.8235294117647058,0,0.3333333333333333,0,0.3333333333333333,stl10,stl10,1,stl10,stl10,breastmnist,breastmnist,bloodmnist|breastmnist|organamnist,bloodmnist|breastmnist|organmnist_views,14,3,0.7857142857142857,0.6975164111455283,0.6895425534248352,0.007973857720693145,0.1611624854607915,0.7147999405860901,0.7015999555587769,0.013199985027313232,5,3,17
vit_b16,flowers102,random,29,3,17,0.8235294117647058,0,0.0,0,0.0,stl10,stl10,1,stl10,stl10,cifar100,cifar100_shared_images,cifar100|pneumoniamnist|retinamnist,cifar100_shared_images|pneumoniamnist|retinamnist,14,3,0.7857142857142857,0.6975164111455283,0.6888889527320862,0.008627458413442146,0.17437264243022985,0.7147999405860901,0.7078399658203125,0.006959974765777588,5,3,17
vit_b16,flowers102,random,30,3,17,0.8235294117647058,0,0.0,0,0.0,stl10,stl10,1,stl10,stl10,dermamnist,dermamnist,dermamnist|organsmnist|tissuemnist,dermamnist|organmnist_views|tissuemnist,14,3,0.7857142857142857,0.6975164111455283,0.6866013725598653,0.010915038585663006,0.22060774207204936,0.7147999405860901,0.6987999677658081,0.015999972820281982,5,3,17
vit_b16,flowers102,random,31,3,17,0.8235294117647058,0,0.3333333333333333,0,0.3333333333333333,stl10,stl10,1,stl10,stl10,breastmnist,breastmnist,breastmnist|organamnist|rendered_sst2,breastmnist|organmnist_views|rendered_sst2,14,3,0.7857142857142857,0.6975164111455283,0.6895425534248352,0.007973857720693145,0.1611624854607915,0.7147999405860901,0.7015999555587769,0.013199985027313232,5,3,17
vit_b16,flowers102,random,32,3,17,0.8235294117647058,1,0.3333333333333333,1,0.3333333333333333,stl10,stl10,1,stl10,stl10,stl10,stl10,cifar100|rendered_sst2|stl10,cifar100_shared_images|rendered_sst2|stl10,14,3,0.7857142857142857,0.6975164111455283,0.6975164111455283,0.0,0.0,0.7147999405860901,0.7147999405860901,0.0,5,3,17
vit_b16,flowers102,random,33,3,17,0.8235294117647058,1,0.3333333333333333,1,0.3333333333333333,stl10,stl10,1,stl10,stl10,stl10,stl10,organamnist|rendered_sst2|stl10,organmnist_views|rendered_sst2|stl10,14,3,0.7857142857142857,0.6975164111455283,0.6975164111455283,0.0,0.0,0.7147999405860901,0.7147999405860901,0.0,5,3,17
vit_b16,flowers102,random,34,3,17,0.8235294117647058,0,0.3333333333333333,0,0.3333333333333333,stl10,stl10,1,stl10,stl10,breastmnist,breastmnist,breastmnist|octmnist|organcmnist,breastmnist|octmnist|organmnist_views,14,3,0.7857142857142857,0.6975164111455283,0.6895425534248352,0.007973857720693145,0.1611624854607915,0.7147999405860901,0.7015999555587769,0.013199985027313232,5,3,17
vit_b16,flowers102,random,35,3,17,0.8235294117647058,0,0.3333333333333333,0,0.3333333333333333,stl10,stl10,1,stl10,stl10,breastmnist,breastmnist,breastmnist|cifar10|rendered_sst2,breastmnist|cifar10|rendered_sst2,14,3,0.7857142857142857,0.6975164111455283,0.6895425534248352,0.007973857720693145,0.1611624854607915,0.7147999405860901,0.7015999555587769,0.013199985027313232,5,3,17
vit_b16,flowers102,random,36,3,17,0.8235294117647058,1,0.3333333333333333,1,0.3333333333333333,stl10,stl10,1,stl10,stl10,stl10,stl10,organcmnist|rendered_sst2|stl10,organmnist_views|rendered_sst2|stl10,14,3,0.7857142857142857,0.6975164111455283,0.6975164111455283,0.0,0.0,0.7147999405860901,0.7147999405860901,0.0,5,3,17
vit_b16,flowers102,random,37,3,17,0.8235294117647058,0,0.0,0,0.0,stl10,stl10,1,stl10,stl10,cifar10,cifar10,cifar10|pathmnist|retinamnist,cifar10|pathmnist|retinamnist,14,3,0.7857142857142857,0.6975164111455283,0.6856209810574849,0.01189543008804339,0.2404227847756866,0.7147999405860901,0.7078799724578857,0.00691996812820439,5,3,17
vit_b16,flowers102,random,38,3,17,0.8235294117647058,0,0.0,0,0.0,stl10,stl10,1,stl10,stl10,cifar10,cifar10,cifar10|pathmnist|retinamnist,cifar10|pathmnist|retinamnist,14,3,0.7857142857142857,0.6975164111455283,0.6856209810574849,0.01189543008804339,0.2404227847756866,0.7147999405860901,0.7078799724578857,0.00691996812820439,5,3,17
vit_b16,flowers102,random,39,3,17,0.8235294117647058,0,0.6666666666666666,0,0.6666666666666666,stl10,stl10,1,stl10,stl10,tiny_imagenet,tiny_imagenet,breastmnist|octmnist|tiny_imagenet,breastmnist|octmnist|tiny_imagenet,14,3,0.7857142857142857,0.6975164111455283,0.6942484275499979,0.003267983595530377,0.06605038328361183,0.7147999405860901,0.720639991760254,-0.005840051174163863,5,3,17
vit_b16,flowers102,random,40,3,17,0.8235294117647058,0,0.0,0,0.0,stl10,stl10,1,stl10,stl10,organcmnist,organmnist_views,cifar100_coarse|organcmnist|rendered_sst2,cifar100_shared_images|organmnist_views|rendered_sst2,14,3,0.7857142857142857,0.6975164111455283,0.6848366721471151,0.012679738998413237,0.2562747322008611,0.7147999405860901,0.7005199432373047,0.014279997348785378,5,3,17
vit_b16,flowers102,random,41,3,17,0.8235294117647058,0,0.3333333333333333,0,0.3333333333333333,stl10,stl10,1,stl10,stl10,breastmnist,breastmnist,breastmnist|organsmnist|retinamnist,breastmnist|organmnist_views|retinamnist,14,3,0.7857142857142857,0.6975164111455283,0.6895425534248352,0.007973857720693145,0.1611624854607915,0.7147999405860901,0.7015999555587769,0.013199985027313232,5,3,17
vit_b16,flowers102,random,42,3,17,0.8235294117647058,0,0.0,0,0.0,stl10,stl10,1,stl10,stl10,bloodmnist,bloodmnist,bloodmnist|dermamnist|octmnist,bloodmnist|dermamnist|octmnist,14,3,0.7857142857142857,0.6975164111455283,0.6871242523193358,0.010392158826192488,0.21003963255904384,0.7147999405860901,0.7035199761390686,0.011279964447021507,5,3,17
vit_b16,flowers102,random,43,3,17,0.8235294117647058,0,0.0,0,0.0,stl10,stl10,1,stl10,stl10,organcmnist,organmnist_views,organcmnist|retinamnist|tissuemnist,organmnist_views|retinamnist|tissuemnist,14,3,0.7857142857142857,0.6975164111455283,0.6848366721471151,0.012679738998413237,0.2562747322008611,0.7147999405860901,0.7005199432373047,0.014279997348785378,5,3,17
vit_b16,flowers102,random,44,3,17,0.8235294117647058,0,0.0,0,0.0,stl10,stl10,1,stl10,stl10,cifar10,cifar10,cifar10|octmnist|tissuemnist,cifar10|octmnist|tissuemnist,14,3,0.7857142857142857,0.6975164111455283,0.6856209810574849,0.01189543008804339,0.2404227847756866,0.7147999405860901,0.7078799724578857,0.00691996812820439,5,3,17
vit_b16,flowers102,random,45,3,17,0.8235294117647058,0,0.0,0,0.0,stl10,stl10,1,stl10,stl10,cifar100,cifar100_shared_images,cifar100|organsmnist|pneumoniamnist,cifar100_shared_images|organmnist_views|pneumoniamnist,14,3,0.7857142857142857,0.6975164111455283,0.6888889527320862,0.008627458413442146,0.17437264243022985,0.7147999405860901,0.7078399658203125,0.006959974765777588,5,3,17
vit_b16,flowers102,random,46,3,17,0.8235294117647058,0,0.3333333333333333,0,0.3333333333333333,stl10,stl10,1,stl10,stl10,breastmnist,breastmnist,breastmnist|cifar100_coarse|pathmnist,breastmnist|cifar100_shared_images|pathmnist,14,3,0.7857142857142857,0.6975164111455283,0.6895425534248352,0.007973857720693145,0.1611624854607915,0.7147999405860901,0.7015999555587769,0.013199985027313232,5,3,17
vit_b16,flowers102,random,47,3,17,0.8235294117647058,1,0.3333333333333333,1,0.3333333333333333,stl10,stl10,1,stl10,stl10,stl10,stl10,organsmnist|pathmnist|stl10,organmnist_views|pathmnist|stl10,14,3,0.7857142857142857,0.6975164111455283,0.6975164111455283,0.0,0.0,0.7147999405860901,0.7147999405860901,0.0,5,3,17
vit_b16,flowers102,random,48,3,17,0.8235294117647058,1,0.3333333333333333,1,0.3333333333333333,stl10,stl10,1,stl10,stl10,stl10,stl10,cifar100_coarse|dermamnist|stl10,cifar100_shared_images|dermamnist|stl10,14,3,0.7857142857142857,0.6975164111455283,0.6975164111455283,0.0,0.0,0.7147999405860901,0.7147999405860901,0.0,5,3,17
vit_b16,flowers102,random,49,3,17,0.8235294117647058,0,0.3333333333333333,0,0.3333333333333333,stl10,stl10,1,stl10,stl10,breastmnist,breastmnist,breastmnist|cifar100|tissuemnist,breastmnist|cifar100_shared_images|tissuemnist,14,3,0.7857142857142857,0.6975164111455283,0.6895425534248352,0.007973857720693145,0.1611624854607915,0.7147999405860901,0.7015999555587769,0.013199985027313232,5,3,17
vit_b16,flowers102,random,50,3,17,0.8235294117647058,0,0.0,0,0.0,stl10,stl10,1,stl10,stl10,bloodmnist,bloodmnist,bloodmnist|pneumoniamnist|rendered_sst2,bloodmnist|pneumoniamnist|rendered_sst2,14,3,0.7857142857142857,0.6975164111455283,0.6871242523193358,0.010392158826192488,0.21003963255904384,0.7147999405860901,0.7035199761390686,0.011279964447021507,5,3,17
vit_b16,flowers102,random,51,3,17,0.8235294117647058,0,0.0,0,0.0,stl10,stl10,1,stl10,stl10,dermamnist,dermamnist,dermamnist|pneumoniamnist|rendered_sst2,dermamnist|pneumoniamnist|rendered_sst2,14,3,0.7857142857142857,0.6975164111455283,0.6866013725598653,0.010915038585663006,0.22060774207204936,0.7147999405860901,0.6987999677658081,0.015999972820281982,5,3,17
vit_b16,flowers102,random,52,3,17,0.8235294117647058,0,0.6666666666666666,0,0.6666666666666666,stl10,stl10,1,stl10,stl10,tiny_imagenet,tiny_imagenet,breastmnist|cifar100|tiny_imagenet,breastmnist|cifar100_shared_images|tiny_imagenet,14,3,0.7857142857142857,0.6975164111455283,0.6942484275499979,0.003267983595530377,0.06605038328361183,0.7147999405860901,0.720639991760254,-0.005840051174163863,5,3,17
vit_b16,flowers102,random,53,3,17,0.8235294117647058,0,0.6666666666666666,0,0.6666666666666666,stl10,stl10,1,stl10,stl10,tiny_imagenet,tiny_imagenet,breastmnist|cifar100_coarse|tiny_imagenet,breastmnist|cifar100_shared_images|tiny_imagenet,14,3,0.7857142857142857,0.6975164111455283,0.6942484275499979,0.003267983595530377,0.06605038328361183,0.7147999405860901,0.720639991760254,-0.005840051174163863,5,3,17
vit_b16,flowers102,random,54,3,17,0.8235294117647058,0,0.0,0,0.0,stl10,stl10,1,stl10,stl10,cifar100,cifar100_shared_images,cifar100|retinamnist|tissuemnist,cifar100_shared_images|retinamnist|tissuemnist,14,3,0.7857142857142857,0.6975164111455283,0.6888889527320862,0.008627458413442146,0.17437264243022985,0.7147999405860901,0.7078399658203125,0.006959974765777588,5,3,17
vit_b16,flowers102,random,55,3,17,0.8235294117647058,0,0.0,0,0.0,stl10,stl10,1,stl10,stl10,cifar100,cifar100_shared_images,cifar100|rendered_sst2|tissuemnist,cifar100_shared_images|rendered_sst2|tissuemnist,14,3,0.7857142857142857,0.6975164111455283,0.6888889527320862,0.008627458413442146,0.17437264243022985,0.7147999405860901,0.7078399658203125,0.006959974765777588,5,3,17
vit_b16,flowers102,random,56,3,17,0.8235294117647058,0,0.0,0,0.0,stl10,stl10,1,stl10,stl10,bloodmnist,bloodmnist,bloodmnist|pneumoniamnist|retinamnist,bloodmnist|pneumoniamnist|retinamnist,14,3,0.7857142857142857,0.6975164111455283,0.6871242523193358,0.010392158826192488,0.21003963255904384,0.7147999405860901,0.7035199761390686,0.011279964447021507,5,3,17
vit_b16,flowers102,random,57,3,17,0.8235294117647058,0,0.3333333333333333,0,0.3333333333333333,stl10,stl10,1,stl10,stl10,tiny_imagenet,tiny_imagenet,cifar100|organsmnist|tiny_imagenet,cifar100_shared_images|organmnist_views|tiny_imagenet,14,3,0.7857142857142857,0.6975164111455283,0.6942484275499979,0.003267983595530377,0.06605038328361183,0.7147999405860901,0.720639991760254,-0.005840051174163863,5,3,17
vit_b16,flowers102,random,58,3,17,0.8235294117647058,1,0.6666666666666666,1,0.6666666666666666,stl10,stl10,1,stl10,stl10,stl10,stl10,dermamnist|stl10|tiny_imagenet,dermamnist|stl10|tiny_imagenet,14,3,0.7857142857142857,0.6975164111455283,0.6975164111455283,0.0,0.0,0.7147999405860901,0.7147999405860901,0.0,5,3,17
vit_b16,flowers102,random,59,3,17,0.8235294117647058,0,0.3333333333333333,0,0.3333333333333333,stl10,stl10,1,stl10,stl10,breastmnist,breastmnist,bloodmnist|breastmnist|cifar100,bloodmnist|breastmnist|cifar100_shared_images,14,3,0.7857142857142857,0.6975164111455283,0.6895425534248352,0.007973857720693145,0.1611624854607915,0.7147999405860901,0.7015999555587769,0.013199985027313232,5,3,17
vit_b16,flowers102,random,60,3,17,0.8235294117647058,0,0.0,0,0.0,stl10,stl10,1,stl10,stl10,cifar100,cifar100_shared_images,cifar100|dermamnist|tissuemnist,cifar100_shared_images|dermamnist|tissuemnist,14,3,0.7857142857142857,0.6975164111455283,0.6888889527320862,0.008627458413442146,0.17437264243022985,0.7147999405860901,0.7078399658203125,0.006959974765777588,5,3,17
vit_b16,flowers102,random,61,3,17,0.8235294117647058,0,0.0,0,0.0,stl10,stl10,1,stl10,stl10,cifar100,cifar100_shared_images,cifar100|rendered_sst2|tissuemnist,cifar100_shared_images|rendered_sst2|tissuemnist,14,3,0.7857142857142857,0.6975164111455283,0.6888889527320862,0.008627458413442146,0.17437264243022985,0.7147999405860901,0.7078399658203125,0.006959974765777588,5,3,17
vit_b16,flowers102,random,62,3,17,0.8235294117647058,0,0.0,0,0.0,stl10,stl10,1,stl10,stl10,bloodmnist,bloodmnist,bloodmnist|cifar10|dermamnist,bloodmnist|cifar10|dermamnist,14,3,0.7857142857142857,0.6975164111455283,0.6871242523193358,0.010392158826192488,0.21003963255904384,0.7147999405860901,0.7035199761390686,0.011279964447021507,5,3,17
vit_b16,flowers102,random,63,3,17,0.8235294117647058,0,0.0,0,0.0,stl10,stl10,1,stl10,stl10,bloodmnist,bloodmnist,bloodmnist|dermamnist|organsmnist,bloodmnist|dermamnist|organmnist_views,14,3,0.7857142857142857,0.6975164111455283,0.6871242523193358,0.010392158826192488,0.21003963255904384,0.7147999405860901,0.7035199761390686,0.011279964447021507,5,3,17
vit_b16,flowers102,random,64,3,17,0.8235294117647058,0,0.0,0,0.0,stl10,stl10,1,stl10,stl10,cifar100,cifar100_shared_images,cifar100|organamnist|organsmnist,cifar100_shared_images|organmnist_views,14,2,0.8571428571428572,0.6975164111455283,0.6888889527320862,0.008627458413442146,0.17437264243022985,0.7147999405860901,0.7078399658203125,0.006959974765777588,5,3,17
vit_b16,flowers102,random,65,3,17,0.8235294117647058,1,0.3333333333333333,1,0.3333333333333333,stl10,stl10,1,stl10,stl10,stl10,stl10,dermamnist|rendered_sst2|stl10,dermamnist|rendered_sst2|stl10,14,3,0.7857142857142857,0.6975164111455283,0.6975164111455283,0.0,0.0,0.7147999405860901,0.7147999405860901,0.0,5,3,17
vit_b16,flowers102,random,66,3,17,0.8235294117647058,0,0.0,0,0.0,stl10,stl10,1,stl10,stl10,dermamnist,dermamnist,dermamnist|rendered_sst2|retinamnist,dermamnist|rendered_sst2|retinamnist,14,3,0.7857142857142857,0.6975164111455283,0.6866013725598653,0.010915038585663006,0.22060774207204936,0.7147999405860901,0.6987999677658081,0.015999972820281982,5,3,17
vit_b16,flowers102,random,67,3,17,0.8235294117647058,0,0.3333333333333333,0,0.3333333333333333,stl10,stl10,1,stl10,stl10,tiny_imagenet,tiny_imagenet,cifar100_coarse|dermamnist|tiny_imagenet,cifar100_shared_images|dermamnist|tiny_imagenet,14,3,0.7857142857142857,0.6975164111455283,0.6942484275499979,0.003267983595530377,0.06605038328361183,0.7147999405860901,0.720639991760254,-0.005840051174163863,5,3,17
vit_b16,flowers102,random,68,3,17,0.8235294117647058,0,0.0,0,0.0,stl10,stl10,1,stl10,stl10,cifar100,cifar100_shared_images,cifar100|octmnist|pathmnist,cifar100_shared_images|octmnist|pathmnist,14,3,0.7857142857142857,0.6975164111455283,0.6888889527320862,0.008627458413442146,0.17437264243022985,0.7147999405860901,0.7078399658203125,0.006959974765777588,5,3,17
vit_b16,flowers102,random,69,3,17,0.8235294117647058,0,0.0,0,0.0,stl10,stl10,1,stl10,stl10,organamnist,organmnist_views,bloodmnist|cifar100_coarse|organamnist,bloodmnist|cifar100_shared_images|organmnist_views,14,3,0.7857142857142857,0.6975164111455283,0.6878432027498882,0.00967320839564012,0.19550866870572173,0.7147999405860901,0.7045199394226074,0.01028000116348271,5,3,17
vit_b16,flowers102,random,70,3,17,0.8235294117647058,0,0.0,0,0.0,stl10,stl10,1,stl10,stl10,organsmnist,organmnist_views,organsmnist|pathmnist|retinamnist,organmnist_views|pathmnist|retinamnist,14,3,0.7857142857142857,0.6975164111455283,0.6848366721471151,0.012679738998413237,0.2562747322008611,0.7147999405860901,0.7038399696350097,0.010959970951080367,5,3,17
vit_b16,flowers102,random,71,3,17,0.8235294117647058,0,0.0,0,0.0,stl10,stl10,1,stl10,stl10,cifar100,cifar100_shared_images,cifar100|octmnist|pathmnist,cifar100_shared_images|octmnist|pathmnist,14,3,0.7857142857142857,0.6975164111455283,0.6888889527320862,0.008627458413442146,0.17437264243022985,0.7147999405860901,0.7078399658203125,0.006959974765777588,5,3,17
vit_b16,flowers102,random,72,3,17,0.8235294117647058,0,0.0,0,0.0,stl10,stl10,1,stl10,stl10,organamnist,organmnist_views,cifar10|organamnist|rendered_sst2,cifar10|organmnist_views|rendered_sst2,14,3,0.7857142857142857,0.6975164111455283,0.6878432027498882,0.00967320839564012,0.19550866870572173,0.7147999405860901,0.7045199394226074,0.01028000116348271,5,3,17
vit_b16,flowers102,random,73,3,17,0.8235294117647058,0,0.0,0,0.0,stl10,stl10,1,stl10,stl10,bloodmnist,bloodmnist,bloodmnist|pathmnist|retinamnist,bloodmnist|pathmnist|retinamnist,14,3,0.7857142857142857,0.6975164111455283,0.6871242523193358,0.010392158826192488,0.21003963255904384,0.7147999405860901,0.7035199761390686,0.011279964447021507,5,3,17
vit_b16,flowers102,random,74,3,17,0.8235294117647058,0,0.3333333333333333,0,0.3333333333333333,stl10,stl10,1,stl10,stl10,breastmnist,breastmnist,breastmnist|cifar100_coarse|dermamnist,breastmnist|cifar100_shared_images|dermamnist,14,3,0.7857142857142857,0.6975164111455283,0.6895425534248352,0.007973857720693145,0.1611624854607915,0.7147999405860901,0.7015999555587769,0.013199985027313232,5,3,17
vit_b16,flowers102,random,75,3,17,0.8235294117647058,0,0.0,0,0.0,stl10,stl10,1,stl10,stl10,organamnist,organmnist_views,octmnist|organamnist|retinamnist,octmnist|organmnist_views|retinamnist,14,3,0.7857142857142857,0.6975164111455283,0.6878432027498882,0.00967320839564012,0.19550866870572173,0.7147999405860901,0.7045199394226074,0.01028000116348271,5,3,17
vit_b16,flowers102,random,76,3,17,0.8235294117647058,0,0.0,0,0.0,stl10,stl10,1,stl10,stl10,bloodmnist,bloodmnist,bloodmnist|dermamnist|tissuemnist,bloodmnist|dermamnist|tissuemnist,14,3,0.7857142857142857,0.6975164111455283,0.6871242523193358,0.010392158826192488,0.21003963255904384,0.7147999405860901,0.7035199761390686,0.011279964447021507,5,3,17
vit_b16,flowers102,random,77,3,17,0.8235294117647058,0,0.3333333333333333,0,0.3333333333333333,stl10,stl10,1,stl10,stl10,breastmnist,breastmnist,breastmnist|octmnist|organcmnist,breastmnist|octmnist|organmnist_views,14,3,0.7857142857142857,0.6975164111455283,0.6895425534248352,0.007973857720693145,0.1611624854607915,0.7147999405860901,0.7015999555587769,0.013199985027313232,5,3,17
vit_b16,flowers102,random,78,3,17,0.8235294117647058,0,0.3333333333333333,0,0.3333333333333333,stl10,stl10,1,stl10,stl10,tiny_imagenet,tiny_imagenet,cifar100_coarse|organsmnist|tiny_imagenet,cifar100_shared_images|organmnist_views|tiny_imagenet,14,3,0.7857142857142857,0.6975164111455283,0.6942484275499979,0.003267983595530377,0.06605038328361183,0.7147999405860901,0.720639991760254,-0.005840051174163863,5,3,17
vit_b16,flowers102,random,79,3,17,0.8235294117647058,1,0.3333333333333333,1,0.3333333333333333,stl10,stl10,1,stl10,stl10,stl10,stl10,cifar100_coarse|dermamnist|stl10,cifar100_shared_images|dermamnist|stl10,14,3,0.7857142857142857,0.6975164111455283,0.6975164111455283,0.0,0.0,0.7147999405860901,0.7147999405860901,0.0,5,3,17
vit_b16,flowers102,random,80,3,17,0.8235294117647058,0,0.0,0,0.0,stl10,stl10,1,stl10,stl10,organcmnist,organmnist_views,cifar100_coarse|organcmnist|pneumoniamnist,cifar100_shared_images|organmnist_views|pneumoniamnist,14,3,0.7857142857142857,0.6975164111455283,0.6848366721471151,0.012679738998413237,0.2562747322008611,0.7147999405860901,0.7005199432373047,0.014279997348785378,5,3,17
vit_b16,flowers102,random,81,3,17,0.8235294117647058,0,0.0,0,0.0,stl10,stl10,1,stl10,stl10,organamnist,organmnist_views,octmnist|organamnist|retinamnist,octmnist|organmnist_views|retinamnist,14,3,0.7857142857142857,0.6975164111455283,0.6878432027498882,0.00967320839564012,0.19550866870572173,0.7147999405860901,0.7045199394226074,0.01028000116348271,5,3,17
vit_b16,flowers102,random,82,3,17,0.8235294117647058,0,0.0,0,0.0,stl10,stl10,1,stl10,stl10,cifar100,cifar100_shared_images,cifar10|cifar100|rendered_sst2,cifar10|cifar100_shared_images|rendered_sst2,14,3,0.7857142857142857,0.6975164111455283,0.6888889527320862,0.008627458413442146,0.17437264243022985,0.7147999405860901,0.7078399658203125,0.006959974765777588,5,3,17
vit_b16,flowers102,random,83,3,17,0.8235294117647058,0,0.0,0,0.0,stl10,stl10,1,stl10,stl10,cifar10,cifar10,cifar10|cifar100_coarse|rendered_sst2,cifar10|cifar100_shared_images|rendered_sst2,14,3,0.7857142857142857,0.6975164111455283,0.6856209810574849,0.01189543008804339,0.2404227847756866,0.7147999405860901,0.7078799724578857,0.00691996812820439,5,3,17
vit_b16,flowers102,random,84,3,17,0.8235294117647058,1,0.3333333333333333,1,0.3333333333333333,stl10,stl10,1,stl10,stl10,stl10,stl10,cifar10|pathmnist|stl10,cifar10|pathmnist|stl10,14,3,0.7857142857142857,0.6975164111455283,0.6975164111455283,0.0,0.0,0.7147999405860901,0.7147999405860901,0.0,5,3,17
vit_b16,flowers102,random,85,3,17,0.8235294117647058,0,0.0,0,0.0,stl10,stl10,1,stl10,stl10,organamnist,organmnist_views,octmnist|organamnist|pathmnist,octmnist|organmnist_views|pathmnist,14,3,0.7857142857142857,0.6975164111455283,0.6878432027498882,0.00967320839564012,0.19550866870572173,0.7147999405860901,0.7045199394226074,0.01028000116348271,5,3,17
vit_b16,flowers102,random,86,3,17,0.8235294117647058,0,0.0,0,0.0,stl10,stl10,1,stl10,stl10,bloodmnist,bloodmnist,bloodmnist|dermamnist|organcmnist,bloodmnist|dermamnist|organmnist_views,14,3,0.7857142857142857,0.6975164111455283,0.6871242523193358,0.010392158826192488,0.21003963255904384,0.7147999405860901,0.7035199761390686,0.011279964447021507,5,3,17
vit_b16,flowers102,random,87,3,17,0.8235294117647058,0,0.0,0,0.0,stl10,stl10,1,stl10,stl10,organamnist,organmnist_views,cifar10|organamnist|organcmnist,cifar10|organmnist_views,14,2,0.8571428571428572,0.6975164111455283,0.6878432027498882,0.00967320839564012,0.19550866870572173,0.7147999405860901,0.7045199394226074,0.01028000116348271,5,3,17
vit_b16,flowers102,random,88,3,17,0.8235294117647058,0,0.3333333333333333,0,0.3333333333333333,stl10,stl10,1,stl10,stl10,tiny_imagenet,tiny_imagenet,bloodmnist|organamnist|tiny_imagenet,bloodmnist|organmnist_views|tiny_imagenet,14,3,0.7857142857142857,0.6975164111455283,0.6942484275499979,0.003267983595530377,0.06605038328361183,0.7147999405860901,0.720639991760254,-0.005840051174163863,5,3,17
vit_b16,flowers102,random,89,3,17,0.8235294117647058,0,0.0,0,0.0,stl10,stl10,1,stl10,stl10,dermamnist,dermamnist,cifar10|dermamnist|rendered_sst2,cifar10|dermamnist|rendered_sst2,14,3,0.7857142857142857,0.6975164111455283,0.6866013725598653,0.010915038585663006,0.22060774207204936,0.7147999405860901,0.6987999677658081,0.015999972820281982,5,3,17
vit_b16,flowers102,random,90,3,17,0.8235294117647058,0,0.6666666666666666,0,0.6666666666666666,stl10,stl10,1,stl10,stl10,tiny_imagenet,tiny_imagenet,breastmnist|octmnist|tiny_imagenet,breastmnist|octmnist|tiny_imagenet,14,3,0.7857142857142857,0.6975164111455283,0.6942484275499979,0.003267983595530377,0.06605038328361183,0.7147999405860901,0.720639991760254,-0.005840051174163863,5,3,17
vit_b16,flowers102,random,91,3,17,0.8235294117647058,0,0.0,0,0.0,stl10,stl10,1,stl10,stl10,cifar100,cifar100_shared_images,cifar100|organamnist|pneumoniamnist,cifar100_shared_images|organmnist_views|pneumoniamnist,14,3,0.7857142857142857,0.6975164111455283,0.6888889527320862,0.008627458413442146,0.17437264243022985,0.7147999405860901,0.7078399658203125,0.006959974765777588,5,3,17
vit_b16,flowers102,random,92,3,17,0.8235294117647058,0,0.0,0,0.0,stl10,stl10,1,stl10,stl10,organamnist,organmnist_views,cifar100_coarse|organamnist|tissuemnist,cifar100_shared_images|organmnist_views|tissuemnist,14,3,0.7857142857142857,0.6975164111455283,0.6878432027498882,0.00967320839564012,0.19550866870572173,0.7147999405860901,0.7045199394226074,0.01028000116348271,5,3,17
vit_b16,flowers102,random,93,3,17,0.8235294117647058,0,0.0,0,0.0,stl10,stl10,1,stl10,stl10,dermamnist,dermamnist,dermamnist|organcmnist|pathmnist,dermamnist|organmnist_views|pathmnist,14,3,0.7857142857142857,0.6975164111455283,0.6866013725598653,0.010915038585663006,0.22060774207204936,0.7147999405860901,0.6987999677658081,0.015999972820281982,5,3,17
vit_b16,flowers102,random,94,3,17,0.8235294117647058,0,0.0,0,0.0,stl10,stl10,1,stl10,stl10,cifar100,cifar100_shared_images,cifar100|pneumoniamnist|retinamnist,cifar100_shared_images|pneumoniamnist|retinamnist,14,3,0.7857142857142857,0.6975164111455283,0.6888889527320862,0.008627458413442146,0.17437264243022985,0.7147999405860901,0.7078399658203125,0.006959974765777588,5,3,17
vit_b16,flowers102,random,95,3,17,0.8235294117647058,0,0.0,0,0.0,stl10,stl10,1,stl10,stl10,dermamnist,dermamnist,cifar100_coarse|dermamnist|rendered_sst2,cifar100_shared_images|dermamnist|rendered_sst2,14,3,0.7857142857142857,0.6975164111455283,0.6866013725598653,0.010915038585663006,0.22060774207204936,0.7147999405860901,0.6987999677658081,0.015999972820281982,5,3,17
vit_b16,flowers102,random,96,3,17,0.8235294117647058,0,0.0,0,0.0,stl10,stl10,1,stl10,stl10,bloodmnist,bloodmnist,bloodmnist|cifar100_coarse|tissuemnist,bloodmnist|cifar100_shared_images|tissuemnist,14,3,0.7857142857142857,0.6975164111455283,0.6871242523193358,0.010392158826192488,0.21003963255904384,0.7147999405860901,0.7035199761390686,0.011279964447021507,5,3,17
vit_b16,flowers102,random,97,3,17,0.8235294117647058,0,0.0,0,0.0,stl10,stl10,1,stl10,stl10,organcmnist,organmnist_views,cifar100_coarse|octmnist|organcmnist,cifar100_shared_images|octmnist|organmnist_views,14,3,0.7857142857142857,0.6975164111455283,0.6848366721471151,0.012679738998413237,0.2562747322008611,0.7147999405860901,0.7005199432373047,0.014279997348785378,5,3,17
vit_b16,flowers102,random,98,3,17,0.8235294117647058,0,0.0,0,0.0,stl10,stl10,1,stl10,stl10,bloodmnist,bloodmnist,bloodmnist|cifar100_coarse|tissuemnist,bloodmnist|cifar100_shared_images|tissuemnist,14,3,0.7857142857142857,0.6975164111455283,0.6871242523193358,0.010392158826192488,0.21003963255904384,0.7147999405860901,0.7035199761390686,0.011279964447021507,5,3,17
vit_b16,flowers102,random,99,3,17,0.8235294117647058,0,0.0,0,0.0,stl10,stl10,1,stl10,stl10,organamnist,organmnist_views,cifar100_coarse|organamnist|tissuemnist,cifar100_shared_images|organmnist_views|tissuemnist,14,3,0.7857142857142857,0.6975164111455283,0.6878432027498882,0.00967320839564012,0.19550866870572173,0.7147999405860901,0.7045199394226074,0.01028000116348271,5,3,17
vit_b16,flowers102,rank_only,-1,5,17,0.7058823529411764,1,0.6666666666666666,1,0.6666666666666666,stl10,stl10,1,stl10,stl10,stl10,stl10,tiny_imagenet|cifar100_coarse|cifar100|stl10|cifar10,cifar10|cifar100_shared_images|stl10|tiny_imagenet,14,4,0.7142857142857143,0.6975164111455283,0.6975164111455283,0.0,0.0,0.7147999405860901,0.7147999405860901,0.0,5,5,17
vit_b16,flowers102,facility_subspace,-1,5,17,0.7058823529411764,1,0.3333333333333333,1,0.3333333333333333,stl10,stl10,1,stl10,stl10,stl10,stl10,organsmnist|cifar100|rendered_sst2|stl10|dermamnist,cifar100_shared_images|dermamnist|organmnist_views|rendered_sst2|stl10,14,5,0.6428571428571428,0.6975164111455283,0.6975164111455283,0.0,0.0,0.7147999405860901,0.7147999405860901,0.0,5,5,17
vit_b16,flowers102,kcenter_subspace,-1,5,17,0.7058823529411764,1,0.6666666666666666,1,0.6666666666666666,stl10,stl10,1,stl10,stl10,stl10,stl10,tiny_imagenet|rendered_sst2|bloodmnist|stl10|octmnist,bloodmnist|octmnist|rendered_sst2|stl10|tiny_imagenet,14,5,0.6428571428571428,0.6975164111455283,0.6975164111455283,0.0,0.0,0.7147999405860901,0.7147999405860901,0.0,5,5,17
vit_b16,flowers102,dpp_subspace,-1,5,17,0.7058823529411764,1,0.6666666666666666,1,0.6666666666666666,stl10,stl10,1,stl10,stl10,stl10,stl10,tiny_imagenet|stl10|cifar100_coarse|cifar10|organsmnist,cifar10|cifar100_shared_images|organmnist_views|stl10|tiny_imagenet,14,5,0.6428571428571428,0.6975164111455283,0.6975164111455283,0.0,0.0,0.7147999405860901,0.7147999405860901,0.0,5,5,17
vit_b16,flowers102,pool_vendi_subspace,-1,5,17,0.7058823529411764,1,0.6666666666666666,1,0.6666666666666666,stl10,stl10,1,stl10,stl10,stl10,stl10,tiny_imagenet|rendered_sst2|bloodmnist|stl10|octmnist,bloodmnist|octmnist|rendered_sst2|stl10|tiny_imagenet,14,5,0.6428571428571428,0.6975164111455283,0.6975164111455283,0.0,0.0,0.7147999405860901,0.7147999405860901,0.0,5,5,17
vit_b16,flowers102,full_merged_rank,-1,5,17,0.7058823529411764,1,0.6666666666666666,1,0.6666666666666666,stl10,stl10,1,stl10,stl10,stl10,stl10,tiny_imagenet|stl10|cifar100_coarse|cifar100|cifar10,cifar10|cifar100_shared_images|stl10|tiny_imagenet,14,4,0.7142857142857143,0.6975164111455283,0.6975164111455283,0.0,0.0,0.7147999405860901,0.7147999405860901,0.0,5,5,17
vit_b16,flowers102,random,0,5,17,0.7058823529411764,1,0.3333333333333333,1,0.3333333333333333,stl10,stl10,1,stl10,stl10,stl10,stl10,cifar10|octmnist|organamnist|retinamnist|stl10,cifar10|octmnist|organmnist_views|retinamnist|stl10,14,5,0.6428571428571428,0.6975164111455283,0.6975164111455283,0.0,0.0,0.7147999405860901,0.7147999405860901,0.0,5,5,17
vit_b16,flowers102,random,1,5,17,0.7058823529411764,0,0.3333333333333333,0,0.3333333333333333,stl10,stl10,1,stl10,stl10,tiny_imagenet,tiny_imagenet,cifar10|organcmnist|retinamnist|tiny_imagenet|tissuemnist,cifar10|organmnist_views|retinamnist|tiny_imagenet|tissuemnist,14,5,0.6428571428571428,0.6975164111455283,0.6942484275499979,0.003267983595530377,0.06605038328361183,0.7147999405860901,0.720639991760254,-0.005840051174163863,5,5,17
vit_b16,flowers102,random,2,5,17,0.7058823529411764,1,0.3333333333333333,1,0.3333333333333333,stl10,stl10,1,stl10,stl10,stl10,stl10,cifar100|octmnist|organamnist|pneumoniamnist|stl10,cifar100_shared_images|octmnist|organmnist_views|pneumoniamnist|stl10,14,5,0.6428571428571428,0.6975164111455283,0.6975164111455283,0.0,0.0,0.7147999405860901,0.7147999405860901,0.0,5,5,17
vit_b16,flowers102,random,3,5,17,0.7058823529411764,0,0.0,0,0.0,stl10,stl10,1,stl10,stl10,organamnist,organmnist_views,bloodmnist|organamnist|organcmnist|pathmnist|pneumoniamnist,bloodmnist|organmnist_views|pathmnist|pneumoniamnist,14,4,0.7142857142857143,0.6975164111455283,0.6878432027498882,0.00967320839564012,0.19550866870572173,0.7147999405860901,0.7045199394226074,0.01028000116348271,5,5,17
vit_b16,flowers102,random,4,5,17,0.7058823529411764,1,0.3333333333333333,1,0.3333333333333333,stl10,stl10,1,stl10,stl10,stl10,stl10,cifar10|pathmnist|pneumoniamnist|rendered_sst2|stl10,cifar10|pathmnist|pneumoniamnist|rendered_sst2|stl10,14,5,0.6428571428571428,0.6975164111455283,0.6975164111455283,0.0,0.0,0.7147999405860901,0.7147999405860901,0.0,5,5,17
vit_b16,flowers102,random,5,5,17,0.7058823529411764,1,0.3333333333333333,1,0.3333333333333333,stl10,stl10,1,stl10,stl10,stl10,stl10,organamnist|pathmnist|pneumoniamnist|stl10|tissuemnist,organmnist_views|pathmnist|pneumoniamnist|stl10|tissuemnist,14,5,0.6428571428571428,0.6975164111455283,0.6975164111455283,0.0,0.0,0.7147999405860901,0.7147999405860901,0.0,5,5,17
vit_b16,flowers102,random,6,5,17,0.7058823529411764,1,0.3333333333333333,1,0.3333333333333333,stl10,stl10,1,stl10,stl10,stl10,stl10,cifar100|organamnist|organcmnist|retinamnist|stl10,cifar100_shared_images|organmnist_views|retinamnist|stl10,14,4,0.7142857142857143,0.6975164111455283,0.6975164111455283,0.0,0.0,0.7147999405860901,0.7147999405860901,0.0,5,5,17
vit_b16,flowers102,random,7,5,17,0.7058823529411764,1,0.3333333333333333,1,0.3333333333333333,stl10,stl10,1,stl10,stl10,stl10,stl10,octmnist|organsmnist|rendered_sst2|stl10|tissuemnist,octmnist|organmnist_views|rendered_sst2|stl10|tissuemnist,14,5,0.6428571428571428,0.6975164111455283,0.6975164111455283,0.0,0.0,0.7147999405860901,0.7147999405860901,0.0,5,5,17
vit_b16,flowers102,random,8,5,17,0.7058823529411764,0,0.3333333333333333,0,0.3333333333333333,stl10,stl10,1,stl10,stl10,tiny_imagenet,tiny_imagenet,cifar10|cifar100|organcmnist|organsmnist|tiny_imagenet,cifar10|cifar100_shared_images|organmnist_views|tiny_imagenet,14,4,0.7142857142857143,0.6975164111455283,0.6942484275499979,0.003267983595530377,0.06605038328361183,0.7147999405860901,0.720639991760254,-0.005840051174163863,5,5,17
vit_b16,flowers102,random,9,5,17,0.7058823529411764,0,0.3333333333333333,0,0.3333333333333333,stl10,stl10,1,stl10,stl10,breastmnist,breastmnist,bloodmnist|breastmnist|cifar100|cifar100_coarse|pneumoniamnist,bloodmnist|breastmnist|cifar100_shared_images|pneumoniamnist,14,4,0.7142857142857143,0.6975164111455283,0.6895425534248352,0.007973857720693145,0.1611624854607915,0.7147999405860901,0.7015999555587769,0.013199985027313232,5,5,17
vit_b16,flowers102,random,10,5,17,0.7058823529411764,1,0.3333333333333333,1,0.3333333333333333,stl10,stl10,1,stl10,stl10,stl10,stl10,cifar100|dermamnist|organsmnist|rendered_sst2|stl10,cifar100_shared_images|dermamnist|organmnist_views|rendered_sst2|stl10,14,5,0.6428571428571428,0.6975164111455283,0.6975164111455283,0.0,0.0,0.7147999405860901,0.7147999405860901,0.0,5,5,17
vit_b16,flowers102,random,11,5,17,0.7058823529411764,0,0.0,0,0.0,stl10,stl10,1,stl10,stl10,cifar100,cifar100_shared_images,cifar100|organsmnist|pathmnist|pneumoniamnist|retinamnist,cifar100_shared_images|organmnist_views|pathmnist|pneumoniamnist|retinamnist,14,5,0.6428571428571428,0.6975164111455283,0.6888889527320862,0.008627458413442146,0.17437264243022985,0.7147999405860901,0.7078399658203125,0.006959974765777588,5,5,17
vit_b16,flowers102,random,12,5,17,0.7058823529411764,0,0.3333333333333333,0,0.3333333333333333,stl10,stl10,1,stl10,stl10,breastmnist,breastmnist,breastmnist|dermamnist|pathmnist|retinamnist|tissuemnist,breastmnist|dermamnist|pathmnist|retinamnist|tissuemnist,14,5,0.6428571428571428,0.6975164111455283,0.6895425534248352,0.007973857720693145,0.1611624854607915,0.7147999405860901,0.7015999555587769,0.013199985027313232,5,5,17
vit_b16,flowers102,random,13,5,17,0.7058823529411764,0,0.3333333333333333,0,0.3333333333333333,stl10,stl10,1,stl10,stl10,breastmnist,breastmnist,bloodmnist|breastmnist|cifar100|cifar100_coarse|dermamnist,bloodmnist|breastmnist|cifar100_shared_images|dermamnist,14,4,0.7142857142857143,0.6975164111455283,0.6895425534248352,0.007973857720693145,0.1611624854607915,0.7147999405860901,0.7015999555587769,0.013199985027313232,5,5,17
vit_b16,flowers102,random,14,5,17,0.7058823529411764,1,0.3333333333333333,1,0.3333333333333333,stl10,stl10,1,stl10,stl10,stl10,stl10,cifar10|octmnist|organamnist|pathmnist|stl10,cifar10|octmnist|organmnist_views|pathmnist|stl10,14,5,0.6428571428571428,0.6975164111455283,0.6975164111455283,0.0,0.0,0.7147999405860901,0.7147999405860901,0.0,5,5,17
vit_b16,flowers102,random,15,5,17,0.7058823529411764,1,1.0,1,1.0,stl10,stl10,1,stl10,stl10,stl10,stl10,breastmnist|cifar100_coarse|pneumoniamnist|stl10|tiny_imagenet,breastmnist|cifar100_shared_images|pneumoniamnist|stl10|tiny_imagenet,14,5,0.6428571428571428,0.6975164111455283,0.6975164111455283,0.0,0.0,0.7147999405860901,0.7147999405860901,0.0,5,5,17
vit_b16,flowers102,random,16,5,17,0.7058823529411764,1,0.6666666666666666,1,0.6666666666666666,stl10,stl10,1,stl10,stl10,stl10,stl10,bloodmnist|breastmnist|cifar100_coarse|organcmnist|stl10,bloodmnist|breastmnist|cifar100_shared_images|organmnist_views|stl10,14,5,0.6428571428571428,0.6975164111455283,0.6975164111455283,0.0,0.0,0.7147999405860901,0.7147999405860901,0.0,5,5,17
vit_b16,flowers102,random,17,5,17,0.7058823529411764,0,0.0,0,0.0,stl10,stl10,1,stl10,stl10,bloodmnist,bloodmnist,bloodmnist|cifar10|octmnist|rendered_sst2|tissuemnist,bloodmnist|cifar10|octmnist|rendered_sst2|tissuemnist,14,5,0.6428571428571428,0.6975164111455283,0.6871242523193358,0.010392158826192488,0.21003963255904384,0.7147999405860901,0.7035199761390686,0.011279964447021507,5,5,17
vit_b16,flowers102,random,18,5,17,0.7058823529411764,1,0.6666666666666666,1,0.6666666666666666,stl10,stl10,1,stl10,stl10,stl10,stl10,breastmnist|cifar100|octmnist|rendered_sst2|stl10,breastmnist|cifar100_shared_images|octmnist|rendered_sst2|stl10,14,5,0.6428571428571428,0.6975164111455283,0.6975164111455283,0.0,0.0,0.7147999405860901,0.7147999405860901,0.0,5,5,17
vit_b16,flowers102,random,19,5,17,0.7058823529411764,1,0.3333333333333333,1,0.3333333333333333,stl10,stl10,1,stl10,stl10,stl10,stl10,cifar100|organamnist|organcmnist|pneumoniamnist|stl10,cifar100_shared_images|organmnist_views|pneumoniamnist|stl10,14,4,0.7142857142857143,0.6975164111455283,0.6975164111455283,0.0,0.0,0.7147999405860901,0.7147999405860901,0.0,5,5,17
vit_b16,flowers102,random,20,5,17,0.7058823529411764,1,0.6666666666666666,1,0.6666666666666666,stl10,stl10,1,stl10,stl10,stl10,stl10,cifar100_coarse|pathmnist|pneumoniamnist|stl10|tiny_imagenet,cifar100_shared_images|pathmnist|pneumoniamnist|stl10|tiny_imagenet,14,5,0.6428571428571428,0.6975164111455283,0.6975164111455283,0.0,0.0,0.7147999405860901,0.7147999405860901,0.0,5,5,17
vit_b16,flowers102,random,21,5,17,0.7058823529411764,1,1.0,1,1.0,stl10,stl10,1,stl10,stl10,stl10,stl10,breastmnist|dermamnist|rendered_sst2|stl10|tiny_imagenet,breastmnist|dermamnist|rendered_sst2|stl10|tiny_imagenet,14,5,0.6428571428571428,0.6975164111455283,0.6975164111455283,0.0,0.0,0.7147999405860901,0.7147999405860901,0.0,5,5,17
vit_b16,flowers102,random,22,5,17,0.7058823529411764,0,0.0,0,0.0,stl10,stl10,1,stl10,stl10,organamnist,organmnist_views,dermamnist|octmnist|organamnist|pathmnist|rendered_sst2,dermamnist|octmnist|organmnist_views|pathmnist|rendered_sst2,14,5,0.6428571428571428,0.6975164111455283,0.6878432027498882,0.00967320839564012,0.19550866870572173,0.7147999405860901,0.7045199394226074,0.01028000116348271,5,5,17
vit_b16,flowers102,random,23,5,17,0.7058823529411764,0,0.0,0,0.0,stl10,stl10,1,stl10,stl10,cifar100,cifar100_shared_images,bloodmnist|cifar100|organamnist|organsmnist|pneumoniamnist,bloodmnist|cifar100_shared_images|organmnist_views|pneumoniamnist,14,4,0.7142857142857143,0.6975164111455283,0.6888889527320862,0.008627458413442146,0.17437264243022985,0.7147999405860901,0.7078399658203125,0.006959974765777588,5,5,17
vit_b16,flowers102,random,24,5,17,0.7058823529411764,0,0.3333333333333333,0,0.3333333333333333,stl10,stl10,1,stl10,stl10,tiny_imagenet,tiny_imagenet,cifar10|cifar100|dermamnist|tiny_imagenet|tissuemnist,cifar10|cifar100_shared_images|dermamnist|tiny_imagenet|tissuemnist,14,5,0.6428571428571428,0.6975164111455283,0.6942484275499979,0.003267983595530377,0.06605038328361183,0.7147999405860901,0.720639991760254,-0.005840051174163863,5,5,17
vit_b16,flowers102,random,25,5,17,0.7058823529411764,1,0.3333333333333333,1,0.3333333333333333,stl10,stl10,1,stl10,stl10,stl10,stl10,cifar100|pathmnist|pneumoniamnist|stl10|tissuemnist,cifar100_shared_images|pathmnist|pneumoniamnist|stl10|tissuemnist,14,5,0.6428571428571428,0.6975164111455283,0.6975164111455283,0.0,0.0,0.7147999405860901,0.7147999405860901,0.0,5,5,17
vit_b16,flowers102,random,26,5,17,0.7058823529411764,1,0.6666666666666666,1,0.6666666666666666,stl10,stl10,1,stl10,stl10,stl10,stl10,breastmnist|cifar100_coarse|organsmnist|pathmnist|stl10,breastmnist|cifar100_shared_images|organmnist_views|pathmnist|stl10,14,5,0.6428571428571428,0.6975164111455283,0.6975164111455283,0.0,0.0,0.7147999405860901,0.7147999405860901,0.0,5,5,17
vit_b16,flowers102,random,27,5,17,0.7058823529411764,1,1.0,1,1.0,stl10,stl10,1,stl10,stl10,stl10,stl10,breastmnist|dermamnist|organcmnist|stl10|tiny_imagenet,breastmnist|dermamnist|organmnist_views|stl10|tiny_imagenet,14,5,0.6428571428571428,0.6975164111455283,0.6975164111455283,0.0,0.0,0.7147999405860901,0.7147999405860901,0.0,5,5,17
vit_b16,flowers102,random,28,5,17,0.7058823529411764,1,0.6666666666666666,1,0.6666666666666666,stl10,stl10,1,stl10,stl10,stl10,stl10,pneumoniamnist|retinamnist|stl10|tiny_imagenet|tissuemnist,pneumoniamnist|retinamnist|stl10|tiny_imagenet|tissuemnist,14,5,0.6428571428571428,0.6975164111455283,0.6975164111455283,0.0,0.0,0.7147999405860901,0.7147999405860901,0.0,5,5,17
vit_b16,flowers102,random,29,5,17,0.7058823529411764,0,0.3333333333333333,0,0.3333333333333333,stl10,stl10,1,stl10,stl10,tiny_imagenet,tiny_imagenet,cifar10|cifar100_coarse|dermamnist|tiny_imagenet|tissuemnist,cifar10|cifar100_shared_images|dermamnist|tiny_imagenet|tissuemnist,14,5,0.6428571428571428,0.6975164111455283,0.6942484275499979,0.003267983595530377,0.06605038328361183,0.7147999405860901,0.720639991760254,-0.005840051174163863,5,5,17
vit_b16,flowers102,random,30,5,17,0.7058823529411764,1,0.3333333333333333,1,0.3333333333333333,stl10,stl10,1,stl10,stl10,stl10,stl10,cifar100_coarse|dermamnist|organamnist|pneumoniamnist|stl10,cifar100_shared_images|dermamnist|organmnist_views|pneumoniamnist|stl10,14,5,0.6428571428571428,0.6975164111455283,0.6975164111455283,0.0,0.0,0.7147999405860901,0.7147999405860901,0.0,5,5,17
vit_b16,flowers102,random,31,5,17,0.7058823529411764,0,0.3333333333333333,0,0.3333333333333333,stl10,stl10,1,stl10,stl10,tiny_imagenet,tiny_imagenet,cifar10|cifar100|octmnist|organcmnist|tiny_imagenet,cifar10|cifar100_shared_images|octmnist|organmnist_views|tiny_imagenet,14,5,0.6428571428571428,0.6975164111455283,0.6942484275499979,0.003267983595530377,0.06605038328361183,0.7147999405860901,0.720639991760254,-0.005840051174163863,5,5,17
vit_b16,flowers102,random,32,5,17,0.7058823529411764,1,0.6666666666666666,1,0.6666666666666666,stl10,stl10,1,stl10,stl10,stl10,stl10,breastmnist|cifar10|dermamnist|organamnist|stl10,breastmnist|cifar10|dermamnist|organmnist_views|stl10,14,5,0.6428571428571428,0.6975164111455283,0.6975164111455283,0.0,0.0,0.7147999405860901,0.7147999405860901,0.0,5,5,17
vit_b16,flowers102,random,33,5,17,0.7058823529411764,1,0.6666666666666666,1,0.6666666666666666,stl10,stl10,1,stl10,stl10,stl10,stl10,bloodmnist|cifar10|dermamnist|stl10|tiny_imagenet,bloodmnist|cifar10|dermamnist|stl10|tiny_imagenet,14,5,0.6428571428571428,0.6975164111455283,0.6975164111455283,0.0,0.0,0.7147999405860901,0.7147999405860901,0.0,5,5,17
vit_b16,flowers102,random,34,5,17,0.7058823529411764,0,0.3333333333333333,0,0.3333333333333333,stl10,stl10,1,stl10,stl10,tiny_imagenet,tiny_imagenet,cifar10|octmnist|pneumoniamnist|rendered_sst2|tiny_imagenet,cifar10|octmnist|pneumoniamnist|rendered_sst2|tiny_imagenet,14,5,0.6428571428571428,0.6975164111455283,0.6942484275499979,0.003267983595530377,0.06605038328361183,0.7147999405860901,0.720639991760254,-0.005840051174163863,5,5,17
vit_b16,flowers102,random,35,5,17,0.7058823529411764,1,0.3333333333333333,1,0.3333333333333333,stl10,stl10,1,stl10,stl10,stl10,stl10,cifar10|cifar100|rendered_sst2|stl10|tissuemnist,cifar10|cifar100_shared_images|rendered_sst2|stl10|tissuemnist,14,5,0.6428571428571428,0.6975164111455283,0.6975164111455283,0.0,0.0,0.7147999405860901,0.7147999405860901,0.0,5,5,17
vit_b16,flowers102,random,36,5,17,0.7058823529411764,0,0.3333333333333333,0,0.3333333333333333,stl10,stl10,1,stl10,stl10,tiny_imagenet,tiny_imagenet,cifar10|organamnist|organcmnist|pathmnist|tiny_imagenet,cifar10|organmnist_views|pathmnist|tiny_imagenet,14,4,0.7142857142857143,0.6975164111455283,0.6942484275499979,0.003267983595530377,0.06605038328361183,0.7147999405860901,0.720639991760254,-0.005840051174163863,5,5,17
vit_b16,flowers102,random,37,5,17,0.7058823529411764,1,0.3333333333333333,1,0.3333333333333333,stl10,stl10,1,stl10,stl10,stl10,stl10,bloodmnist|cifar100|pneumoniamnist|stl10|tissuemnist,bloodmnist|cifar100_shared_images|pneumoniamnist|stl10|tissuemnist,14,5,0.6428571428571428,0.6975164111455283,0.6975164111455283,0.0,0.0,0.7147999405860901,0.7147999405860901,0.0,5,5,17
vit_b16,flowers102,random,38,5,17,0.7058823529411764,0,0.3333333333333333,0,0.3333333333333333,stl10,stl10,1,stl10,stl10,tiny_imagenet,tiny_imagenet,cifar100|dermamnist|organcmnist|organsmnist|tiny_imagenet,cifar100_shared_images|dermamnist|organmnist_views|tiny_imagenet,14,4,0.7142857142857143,0.6975164111455283,0.6942484275499979,0.003267983595530377,0.06605038328361183,0.7147999405860901,0.720639991760254,-0.005840051174163863,5,5,17
vit_b16,flowers102,random,39,5,17,0.7058823529411764,1,0.6666666666666666,1,0.6666666666666666,stl10,stl10,1,stl10,stl10,stl10,stl10,bloodmnist|breastmnist|cifar10|dermamnist|stl10,bloodmnist|breastmnist|cifar10|dermamnist|stl10,14,5,0.6428571428571428,0.6975164111455283,0.6975164111455283,0.0,0.0,0.7147999405860901,0.7147999405860901,0.0,5,5,17
vit_b16,flowers102,random,40,5,17,0.7058823529411764,0,0.3333333333333333,0,0.3333333333333333,stl10,stl10,1,stl10,stl10,breastmnist,breastmnist,breastmnist|cifar10|cifar100|organamnist|organsmnist,breastmnist|cifar10|cifar100_shared_images|organmnist_views,14,4,0.7142857142857143,0.6975164111455283,0.6895425534248352,0.007973857720693145,0.1611624854607915,0.7147999405860901,0.7015999555587769,0.013199985027313232,5,5,17
vit_b16,flowers102,random,41,5,17,0.7058823529411764,0,0.3333333333333333,0,0.3333333333333333,stl10,stl10,1,stl10,stl10,breastmnist,breastmnist,bloodmnist|breastmnist|cifar100_coarse|organsmnist|tissuemnist,bloodmnist|breastmnist|cifar100_shared_images|organmnist_views|tissuemnist,14,5,0.6428571428571428,0.6975164111455283,0.6895425534248352,0.007973857720693145,0.1611624854607915,0.7147999405860901,0.7015999555587769,0.013199985027313232,5,5,17
vit_b16,flowers102,random,42,5,17,0.7058823529411764,0,0.6666666666666666,0,0.6666666666666666,stl10,stl10,1,stl10,stl10,tiny_imagenet,tiny_imagenet,breastmnist|cifar10|organcmnist|pneumoniamnist|tiny_imagenet,breastmnist|cifar10|organmnist_views|pneumoniamnist|tiny_imagenet,14,5,0.6428571428571428,0.6975164111455283,0.6942484275499979,0.003267983595530377,0.06605038328361183,0.7147999405860901,0.720639991760254,-0.005840051174163863,5,5,17
vit_b16,flowers102,random,43,5,17,0.7058823529411764,0,0.0,0,0.0,stl10,stl10,1,stl10,stl10,cifar10,cifar10,cifar10|cifar100_coarse|organcmnist|organsmnist|retinamnist,cifar10|cifar100_shared_images|organmnist_views|retinamnist,14,4,0.7142857142857143,0.6975164111455283,0.6856209810574849,0.01189543008804339,0.2404227847756866,0.7147999405860901,0.7078799724578857,0.00691996812820439,5,5,17
vit_b16,flowers102,random,44,5,17,0.7058823529411764,1,0.3333333333333333,1,0.3333333333333333,stl10,stl10,1,stl10,stl10,stl10,stl10,organcmnist|organsmnist|pathmnist|rendered_sst2|stl10,organmnist_views|pathmnist|rendered_sst2|stl10,14,4,0.7142857142857143,0.6975164111455283,0.6975164111455283,0.0,0.0,0.7147999405860901,0.7147999405860901,0.0,5,5,17
vit_b16,flowers102,random,45,5,17,0.7058823529411764,0,0.3333333333333333,0,0.3333333333333333,stl10,stl10,1,stl10,stl10,breastmnist,breastmnist,breastmnist|cifar10|dermamnist|octmnist|organsmnist,breastmnist|cifar10|dermamnist|octmnist|organmnist_views,14,5,0.6428571428571428,0.6975164111455283,0.6895425534248352,0.007973857720693145,0.1611624854607915,0.7147999405860901,0.7015999555587769,0.013199985027313232,5,5,17
vit_b16,flowers102,random,46,5,17,0.7058823529411764,0,0.3333333333333333,0,0.3333333333333333,stl10,stl10,1,stl10,stl10,breastmnist,breastmnist,bloodmnist|breastmnist|cifar100|organcmnist|tissuemnist,bloodmnist|breastmnist|cifar100_shared_images|organmnist_views|tissuemnist,14,5,0.6428571428571428,0.6975164111455283,0.6895425534248352,0.007973857720693145,0.1611624854607915,0.7147999405860901,0.7015999555587769,0.013199985027313232,5,5,17
vit_b16,flowers102,random,47,5,17,0.7058823529411764,0,0.3333333333333333,0,0.3333333333333333,stl10,stl10,1,stl10,stl10,tiny_imagenet,tiny_imagenet,cifar100|octmnist|organamnist|retinamnist|tiny_imagenet,cifar100_shared_images|octmnist|organmnist_views|retinamnist|tiny_imagenet,14,5,0.6428571428571428,0.6975164111455283,0.6942484275499979,0.003267983595530377,0.06605038328361183,0.7147999405860901,0.720639991760254,-0.005840051174163863,5,5,17
vit_b16,flowers102,random,48,5,17,0.7058823529411764,0,0.3333333333333333,0,0.3333333333333333,stl10,stl10,1,stl10,stl10,breastmnist,breastmnist,breastmnist|organcmnist|pathmnist|rendered_sst2|retinamnist,breastmnist|organmnist_views|pathmnist|rendered_sst2|retinamnist,14,5,0.6428571428571428,0.6975164111455283,0.6895425534248352,0.007973857720693145,0.1611624854607915,0.7147999405860901,0.7015999555587769,0.013199985027313232,5,5,17
vit_b16,flowers102,random,49,5,17,0.7058823529411764,0,0.0,0,0.0,stl10,stl10,1,stl10,stl10,bloodmnist,bloodmnist,bloodmnist|organsmnist|pathmnist|pneumoniamnist|rendered_sst2,bloodmnist|organmnist_views|pathmnist|pneumoniamnist|rendered_sst2,14,5,0.6428571428571428,0.6975164111455283,0.6871242523193358,0.010392158826192488,0.21003963255904384,0.7147999405860901,0.7035199761390686,0.011279964447021507,5,5,17
vit_b16,flowers102,random,50,5,17,0.7058823529411764,1,0.3333333333333333,1,0.3333333333333333,stl10,stl10,1,stl10,stl10,stl10,stl10,cifar100|octmnist|organcmnist|rendered_sst2|stl10,cifar100_shared_images|octmnist|organmnist_views|rendered_sst2|stl10,14,5,0.6428571428571428,0.6975164111455283,0.6975164111455283,0.0,0.0,0.7147999405860901,0.7147999405860901,0.0,5,5,17
vit_b16,flowers102,random,51,5,17,0.7058823529411764,0,0.6666666666666666,0,0.6666666666666666,stl10,stl10,1,stl10,stl10,tiny_imagenet,tiny_imagenet,breastmnist|organcmnist|pneumoniamnist|rendered_sst2|tiny_imagenet,breastmnist|organmnist_views|pneumoniamnist|rendered_sst2|tiny_imagenet,14,5,0.6428571428571428,0.6975164111455283,0.6942484275499979,0.003267983595530377,0.06605038328361183,0.7147999405860901,0.720639991760254,-0.005840051174163863,5,5,17
vit_b16,flowers102,random,52,5,17,0.7058823529411764,1,0.3333333333333333,1,0.3333333333333333,stl10,stl10,1,stl10,stl10,stl10,stl10,cifar100_coarse|dermamnist|pathmnist|stl10|tissuemnist,cifar100_shared_images|dermamnist|pathmnist|stl10|tissuemnist,14,5,0.6428571428571428,0.6975164111455283,0.6975164111455283,0.0,0.0,0.7147999405860901,0.7147999405860901,0.0,5,5,17
vit_b16,flowers102,random,53,5,17,0.7058823529411764,0,0.0,0,0.0,stl10,stl10,1,stl10,stl10,dermamnist,dermamnist,cifar10|dermamnist|pathmnist|pneumoniamnist|rendered_sst2,cifar10|dermamnist|pathmnist|pneumoniamnist|rendered_sst2,14,5,0.6428571428571428,0.6975164111455283,0.6866013725598653,0.010915038585663006,0.22060774207204936,0.7147999405860901,0.6987999677658081,0.015999972820281982,5,5,17
vit_b16,flowers102,random,54,5,17,0.7058823529411764,0,0.0,0,0.0,stl10,stl10,1,stl10,stl10,organamnist,organmnist_views,bloodmnist|cifar10|organamnist|organcmnist|retinamnist,bloodmnist|cifar10|organmnist_views|retinamnist,14,4,0.7142857142857143,0.6975164111455283,0.6878432027498882,0.00967320839564012,0.19550866870572173,0.7147999405860901,0.7045199394226074,0.01028000116348271,5,5,17
vit_b16,flowers102,random,55,5,17,0.7058823529411764,0,0.3333333333333333,0,0.3333333333333333,stl10,stl10,1,stl10,stl10,breastmnist,breastmnist,breastmnist|cifar100_coarse|pathmnist|pneumoniamnist|retinamnist,breastmnist|cifar100_shared_images|pathmnist|pneumoniamnist|retinamnist,14,5,0.6428571428571428,0.6975164111455283,0.6895425534248352,0.007973857720693145,0.1611624854607915,0.7147999405860901,0.7015999555587769,0.013199985027313232,5,5,17
vit_b16,flowers102,random,56,5,17,0.7058823529411764,0,0.3333333333333333,0,0.3333333333333333,stl10,stl10,1,stl10,stl10,breastmnist,breastmnist,breastmnist|dermamnist|rendered_sst2|retinamnist|tissuemnist,breastmnist|dermamnist|rendered_sst2|retinamnist|tissuemnist,14,5,0.6428571428571428,0.6975164111455283,0.6895425534248352,0.007973857720693145,0.1611624854607915,0.7147999405860901,0.7015999555587769,0.013199985027313232,5,5,17
vit_b16,flowers102,random,57,5,17,0.7058823529411764,0,0.3333333333333333,0,0.3333333333333333,stl10,stl10,1,stl10,stl10,tiny_imagenet,tiny_imagenet,cifar100|cifar100_coarse|organsmnist|pneumoniamnist|tiny_imagenet,cifar100_shared_images|organmnist_views|pneumoniamnist|tiny_imagenet,14,4,0.7142857142857143,0.6975164111455283,0.6942484275499979,0.003267983595530377,0.06605038328361183,0.7147999405860901,0.720639991760254,-0.005840051174163863,5,5,17
vit_b16,flowers102,random,58,5,17,0.7058823529411764,0,0.3333333333333333,0,0.3333333333333333,stl10,stl10,1,stl10,stl10,breastmnist,breastmnist,breastmnist|organamnist|organsmnist|pathmnist|tissuemnist,breastmnist|organmnist_views|pathmnist|tissuemnist,14,4,0.7142857142857143,0.6975164111455283,0.6895425534248352,0.007973857720693145,0.1611624854607915,0.7147999405860901,0.7015999555587769,0.013199985027313232,5,5,17
vit_b16,flowers102,random,59,5,17,0.7058823529411764,0,0.0,0,0.0,stl10,stl10,1,stl10,stl10,organamnist,organmnist_views,cifar100_coarse|organamnist|organsmnist|retinamnist|tissuemnist,cifar100_shared_images|organmnist_views|retinamnist|tissuemnist,14,4,0.7142857142857143,0.6975164111455283,0.6878432027498882,0.00967320839564012,0.19550866870572173,0.7147999405860901,0.7045199394226074,0.01028000116348271,5,5,17
vit_b16,flowers102,random,60,5,17,0.7058823529411764,0,0.3333333333333333,0,0.3333333333333333,stl10,stl10,1,stl10,stl10,breastmnist,breastmnist,breastmnist|cifar10|octmnist|pathmnist|rendered_sst2,breastmnist|cifar10|octmnist|pathmnist|rendered_sst2,14,5,0.6428571428571428,0.6975164111455283,0.6895425534248352,0.007973857720693145,0.1611624854607915,0.7147999405860901,0.7015999555587769,0.013199985027313232,5,5,17
vit_b16,flowers102,random,61,5,17,0.7058823529411764,0,0.3333333333333333,0,0.3333333333333333,stl10,stl10,1,stl10,stl10,tiny_imagenet,tiny_imagenet,bloodmnist|cifar100|organsmnist|rendered_sst2|tiny_imagenet,bloodmnist|cifar100_shared_images|organmnist_views|rendered_sst2|tiny_imagenet,14,5,0.6428571428571428,0.6975164111455283,0.6942484275499979,0.003267983595530377,0.06605038328361183,0.7147999405860901,0.720639991760254,-0.005840051174163863,5,5,17
vit_b16,flowers102,random,62,5,17,0.7058823529411764,1,0.6666666666666666,1,0.6666666666666666,stl10,stl10,1,stl10,stl10,stl10,stl10,breastmnist|cifar100_coarse|organcmnist|stl10|tissuemnist,breastmnist|cifar100_shared_images|organmnist_views|stl10|tissuemnist,14,5,0.6428571428571428,0.6975164111455283,0.6975164111455283,0.0,0.0,0.7147999405860901,0.7147999405860901,0.0,5,5,17
vit_b16,flowers102,random,63,5,17,0.7058823529411764,1,0.3333333333333333,1,0.3333333333333333,stl10,stl10,1,stl10,stl10,stl10,stl10,cifar10|cifar100_coarse|organamnist|stl10|tissuemnist,cifar10|cifar100_shared_images|organmnist_views|stl10|tissuemnist,14,5,0.6428571428571428,0.6975164111455283,0.6975164111455283,0.0,0.0,0.7147999405860901,0.7147999405860901,0.0,5,5,17
vit_b16,flowers102,random,64,5,17,0.7058823529411764,0,0.0,0,0.0,stl10,stl10,1,stl10,stl10,cifar100,cifar100_shared_images,bloodmnist|cifar100|organsmnist|pneumoniamnist|rendered_sst2,bloodmnist|cifar100_shared_images|organmnist_views|pneumoniamnist|rendered_sst2,14,5,0.6428571428571428,0.6975164111455283,0.6888889527320862,0.008627458413442146,0.17437264243022985,0.7147999405860901,0.7078399658203125,0.006959974765777588,5,5,17
vit_b16,flowers102,random,65,5,17,0.7058823529411764,0,0.3333333333333333,0,0.3333333333333333,stl10,stl10,1,stl10,stl10,tiny_imagenet,tiny_imagenet,cifar10|octmnist|organcmnist|retinamnist|tiny_imagenet,cifar10|octmnist|organmnist_views|retinamnist|tiny_imagenet,14,5,0.6428571428571428,0.6975164111455283,0.6942484275499979,0.003267983595530377,0.06605038328361183,0.7147999405860901,0.720639991760254,-0.005840051174163863,5,5,17
vit_b16,flowers102,random,66,5,17,0.7058823529411764,1,0.3333333333333333,1,0.3333333333333333,stl10,stl10,1,stl10,stl10,stl10,stl10,bloodmnist|pathmnist|pneumoniamnist|retinamnist|stl10,bloodmnist|pathmnist|pneumoniamnist|retinamnist|stl10,14,5,0.6428571428571428,0.6975164111455283,0.6975164111455283,0.0,0.0,0.7147999405860901,0.7147999405860901,0.0,5,5,17
vit_b16,flowers102,random,67,5,17,0.7058823529411764,1,0.3333333333333333,1,0.3333333333333333,stl10,stl10,1,stl10,stl10,stl10,stl10,dermamnist|organamnist|organsmnist|rendered_sst2|stl10,dermamnist|organmnist_views|rendered_sst2|stl10,14,4,0.7142857142857143,0.6975164111455283,0.6975164111455283,0.0,0.0,0.7147999405860901,0.7147999405860901,0.0,5,5,17
vit_b16,flowers102,random,68,5,17,0.7058823529411764,0,0.0,0,0.0,stl10,stl10,1,stl10,stl10,cifar100,cifar100_shared_images,cifar100|octmnist|organcmnist|organsmnist|retinamnist,cifar100_shared_images|octmnist|organmnist_views|retinamnist,14,4,0.7142857142857143,0.6975164111455283,0.6888889527320862,0.008627458413442146,0.17437264243022985,0.7147999405860901,0.7078399658203125,0.006959974765777588,5,5,17
vit_b16,flowers102,random,69,5,17,0.7058823529411764,0,0.3333333333333333,0,0.3333333333333333,stl10,stl10,1,stl10,stl10,breastmnist,breastmnist,breastmnist|cifar10|pneumoniamnist|retinamnist|tissuemnist,breastmnist|cifar10|pneumoniamnist|retinamnist|tissuemnist,14,5,0.6428571428571428,0.6975164111455283,0.6895425534248352,0.007973857720693145,0.1611624854607915,0.7147999405860901,0.7015999555587769,0.013199985027313232,5,5,17
vit_b16,flowers102,random,70,5,17,0.7058823529411764,1,0.3333333333333333,1,0.3333333333333333,stl10,stl10,1,stl10,stl10,stl10,stl10,bloodmnist|cifar100|organcmnist|rendered_sst2|stl10,bloodmnist|cifar100_shared_images|organmnist_views|rendered_sst2|stl10,14,5,0.6428571428571428,0.6975164111455283,0.6975164111455283,0.0,0.0,0.7147999405860901,0.7147999405860901,0.0,5,5,17
vit_b16,flowers102,random,71,5,17,0.7058823529411764,0,0.0,0,0.0,stl10,stl10,1,stl10,stl10,cifar100,cifar100_shared_images,cifar100|organcmnist|organsmnist|pathmnist|tissuemnist,cifar100_shared_images|organmnist_views|pathmnist|tissuemnist,14,4,0.7142857142857143,0.6975164111455283,0.6888889527320862,0.008627458413442146,0.17437264243022985,0.7147999405860901,0.7078399658203125,0.006959974765777588,5,5,17
vit_b16,flowers102,random,72,5,17,0.7058823529411764,0,0.3333333333333333,0,0.3333333333333333,stl10,stl10,1,stl10,stl10,tiny_imagenet,tiny_imagenet,bloodmnist|dermamnist|octmnist|rendered_sst2|tiny_imagenet,bloodmnist|dermamnist|octmnist|rendered_sst2|tiny_imagenet,14,5,0.6428571428571428,0.6975164111455283,0.6942484275499979,0.003267983595530377,0.06605038328361183,0.7147999405860901,0.720639991760254,-0.005840051174163863,5,5,17
vit_b16,flowers102,random,73,5,17,0.7058823529411764,1,0.3333333333333333,1,0.3333333333333333,stl10,stl10,1,stl10,stl10,stl10,stl10,cifar100|cifar100_coarse|dermamnist|stl10|tissuemnist,cifar100_shared_images|dermamnist|stl10|tissuemnist,14,4,0.7142857142857143,0.6975164111455283,0.6975164111455283,0.0,0.0,0.7147999405860901,0.7147999405860901,0.0,5,5,17
vit_b16,flowers102,random,74,5,17,0.7058823529411764,1,0.3333333333333333,1,0.3333333333333333,stl10,stl10,1,stl10,stl10,stl10,stl10,cifar10|cifar100_coarse|pathmnist|rendered_sst2|stl10,cifar10|cifar100_shared_images|pathmnist|rendered_sst2|stl10,14,5,0.6428571428571428,0.6975164111455283,0.6975164111455283,0.0,0.0,0.7147999405860901,0.7147999405860901,0.0,5,5,17
vit_b16,flowers102,random,75,5,17,0.7058823529411764,0,0.0,0,0.0,stl10,stl10,1,stl10,stl10,bloodmnist,bloodmnist,bloodmnist|dermamnist|pneumoniamnist|rendered_sst2|retinamnist,bloodmnist|dermamnist|pneumoniamnist|rendered_sst2|retinamnist,14,5,0.6428571428571428,0.6975164111455283,0.6871242523193358,0.010392158826192488,0.21003963255904384,0.7147999405860901,0.7035199761390686,0.011279964447021507,5,5,17
vit_b16,flowers102,random,76,5,17,0.7058823529411764,1,0.3333333333333333,1,0.3333333333333333,stl10,stl10,1,stl10,stl10,stl10,stl10,cifar100|pneumoniamnist|retinamnist|stl10|tissuemnist,cifar100_shared_images|pneumoniamnist|retinamnist|stl10|tissuemnist,14,5,0.6428571428571428,0.6975164111455283,0.6975164111455283,0.0,0.0,0.7147999405860901,0.7147999405860901,0.0,5,5,17
vit_b16,flowers102,random,77,5,17,0.7058823529411764,1,0.6666666666666666,1,0.6666666666666666,stl10,stl10,1,stl10,stl10,stl10,stl10,breastmnist|cifar10|dermamnist|rendered_sst2|stl10,breastmnist|cifar10|dermamnist|rendered_sst2|stl10,14,5,0.6428571428571428,0.6975164111455283,0.6975164111455283,0.0,0.0,0.7147999405860901,0.7147999405860901,0.0,5,5,17
vit_b16,flowers102,random,78,5,17,0.7058823529411764,1,0.3333333333333333,1,0.3333333333333333,stl10,stl10,1,stl10,stl10,stl10,stl10,bloodmnist|cifar10|pneumoniamnist|stl10|tissuemnist,bloodmnist|cifar10|pneumoniamnist|stl10|tissuemnist,14,5,0.6428571428571428,0.6975164111455283,0.6975164111455283,0.0,0.0,0.7147999405860901,0.7147999405860901,0.0,5,5,17
vit_b16,flowers102,random,79,5,17,0.7058823529411764,0,0.0,0,0.0,stl10,stl10,1,stl10,stl10,organamnist,organmnist_views,dermamnist|organamnist|organcmnist|organsmnist|tissuemnist,dermamnist|organmnist_views|tissuemnist,14,3,0.7857142857142857,0.6975164111455283,0.6878432027498882,0.00967320839564012,0.19550866870572173,0.7147999405860901,0.7045199394226074,0.01028000116348271,5,5,17
vit_b16,flowers102,random,80,5,17,0.7058823529411764,0,0.0,0,0.0,stl10,stl10,1,stl10,stl10,cifar100,cifar100_shared_images,cifar100|octmnist|organcmnist|organsmnist|pneumoniamnist,cifar100_shared_images|octmnist|organmnist_views|pneumoniamnist,14,4,0.7142857142857143,0.6975164111455283,0.6888889527320862,0.008627458413442146,0.17437264243022985,0.7147999405860901,0.7078399658203125,0.006959974765777588,5,5,17
vit_b16,flowers102,random,81,5,17,0.7058823529411764,1,0.3333333333333333,1,0.3333333333333333,stl10,stl10,1,stl10,stl10,stl10,stl10,dermamnist|pathmnist|pneumoniamnist|stl10|tissuemnist,dermamnist|pathmnist|pneumoniamnist|stl10|tissuemnist,14,5,0.6428571428571428,0.6975164111455283,0.6975164111455283,0.0,0.0,0.7147999405860901,0.7147999405860901,0.0,5,5,17
vit_b16,flowers102,random,82,5,17,0.7058823529411764,0,0.3333333333333333,0,0.3333333333333333,stl10,stl10,1,stl10,stl10,tiny_imagenet,tiny_imagenet,bloodmnist|cifar10|organamnist|organcmnist|tiny_imagenet,bloodmnist|cifar10|organmnist_views|tiny_imagenet,14,4,0.7142857142857143,0.6975164111455283,0.6942484275499979,0.003267983595530377,0.06605038328361183,0.7147999405860901,0.720639991760254,-0.005840051174163863,5,5,17
vit_b16,flowers102,random,83,5,17,0.7058823529411764,0,0.3333333333333333,0,0.3333333333333333,stl10,stl10,1,stl10,stl10,tiny_imagenet,tiny_imagenet,cifar10|cifar100_coarse|dermamnist|organcmnist|tiny_imagenet,cifar10|cifar100_shared_images|dermamnist|organmnist_views|tiny_imagenet,14,5,0.6428571428571428,0.6975164111455283,0.6942484275499979,0.003267983595530377,0.06605038328361183,0.7147999405860901,0.720639991760254,-0.005840051174163863,5,5,17
vit_b16,flowers102,random,84,5,17,0.7058823529411764,1,0.3333333333333333,1,0.3333333333333333,stl10,stl10,1,stl10,stl10,stl10,stl10,cifar100|organamnist|organsmnist|pathmnist|stl10,cifar100_shared_images|organmnist_views|pathmnist|stl10,14,4,0.7142857142857143,0.6975164111455283,0.6975164111455283,0.0,0.0,0.7147999405860901,0.7147999405860901,0.0,5,5,17
vit_b16,flowers102,random,85,5,17,0.7058823529411764,0,0.0,0,0.0,stl10,stl10,1,stl10,stl10,cifar100,cifar100_shared_images,bloodmnist|cifar10|cifar100|octmnist|tissuemnist,bloodmnist|cifar10|cifar100_shared_images|octmnist|tissuemnist,14,5,0.6428571428571428,0.6975164111455283,0.6888889527320862,0.008627458413442146,0.17437264243022985,0.7147999405860901,0.7078399658203125,0.006959974765777588,5,5,17
vit_b16,flowers102,random,86,5,17,0.7058823529411764,0,0.0,0,0.0,stl10,stl10,1,stl10,stl10,cifar100,cifar100_shared_images,cifar100|cifar100_coarse|octmnist|organsmnist|retinamnist,cifar100_shared_images|octmnist|organmnist_views|retinamnist,14,4,0.7142857142857143,0.6975164111455283,0.6888889527320862,0.008627458413442146,0.17437264243022985,0.7147999405860901,0.7078399658203125,0.006959974765777588,5,5,17
vit_b16,flowers102,random,87,5,17,0.7058823529411764,0,0.0,0,0.0,stl10,stl10,1,stl10,stl10,dermamnist,dermamnist,dermamnist|octmnist|organsmnist|pathmnist|pneumoniamnist,dermamnist|octmnist|organmnist_views|pathmnist|pneumoniamnist,14,5,0.6428571428571428,0.6975164111455283,0.6866013725598653,0.010915038585663006,0.22060774207204936,0.7147999405860901,0.6987999677658081,0.015999972820281982,5,5,17
vit_b16,flowers102,random,88,5,17,0.7058823529411764,0,0.0,0,0.0,stl10,stl10,1,stl10,stl10,organamnist,organmnist_views,dermamnist|octmnist|organamnist|pneumoniamnist|tissuemnist,dermamnist|octmnist|organmnist_views|pneumoniamnist|tissuemnist,14,5,0.6428571428571428,0.6975164111455283,0.6878432027498882,0.00967320839564012,0.19550866870572173,0.7147999405860901,0.7045199394226074,0.01028000116348271,5,5,17
vit_b16,flowers102,random,89,5,17,0.7058823529411764,0,0.0,0,0.0,stl10,stl10,1,stl10,stl10,cifar10,cifar10,cifar10|cifar100_coarse|octmnist|organcmnist|tissuemnist,cifar10|cifar100_shared_images|octmnist|organmnist_views|tissuemnist,14,5,0.6428571428571428,0.6975164111455283,0.6856209810574849,0.01189543008804339,0.2404227847756866,0.7147999405860901,0.7078799724578857,0.00691996812820439,5,5,17
vit_b16,flowers102,random,90,5,17,0.7058823529411764,0,0.6666666666666666,0,0.6666666666666666,stl10,stl10,1,stl10,stl10,tiny_imagenet,tiny_imagenet,bloodmnist|breastmnist|cifar100|cifar100_coarse|tiny_imagenet,bloodmnist|breastmnist|cifar100_shared_images|tiny_imagenet,14,4,0.7142857142857143,0.6975164111455283,0.6942484275499979,0.003267983595530377,0.06605038328361183,0.7147999405860901,0.720639991760254,-0.005840051174163863,5,5,17
vit_b16,flowers102,random,91,5,17,0.7058823529411764,0,0.3333333333333333,0,0.3333333333333333,stl10,stl10,1,stl10,stl10,tiny_imagenet,tiny_imagenet,cifar10|organcmnist|pathmnist|rendered_sst2|tiny_imagenet,cifar10|organmnist_views|pathmnist|rendered_sst2|tiny_imagenet,14,5,0.6428571428571428,0.6975164111455283,0.6942484275499979,0.003267983595530377,0.06605038328361183,0.7147999405860901,0.720639991760254,-0.005840051174163863,5,5,17
vit_b16,flowers102,random,92,5,17,0.7058823529411764,0,0.3333333333333333,0,0.3333333333333333,stl10,stl10,1,stl10,stl10,tiny_imagenet,tiny_imagenet,cifar10|cifar100_coarse|octmnist|pneumoniamnist|tiny_imagenet,cifar10|cifar100_shared_images|octmnist|pneumoniamnist|tiny_imagenet,14,5,0.6428571428571428,0.6975164111455283,0.6942484275499979,0.003267983595530377,0.06605038328361183,0.7147999405860901,0.720639991760254,-0.005840051174163863,5,5,17
vit_b16,flowers102,random,93,5,17,0.7058823529411764,1,0.3333333333333333,1,0.3333333333333333,stl10,stl10,1,stl10,stl10,stl10,stl10,bloodmnist|dermamnist|rendered_sst2|stl10|tissuemnist,bloodmnist|dermamnist|rendered_sst2|stl10|tissuemnist,14,5,0.6428571428571428,0.6975164111455283,0.6975164111455283,0.0,0.0,0.7147999405860901,0.7147999405860901,0.0,5,5,17
vit_b16,flowers102,random,94,5,17,0.7058823529411764,0,0.0,0,0.0,stl10,stl10,1,stl10,stl10,organamnist,organmnist_views,dermamnist|organamnist|pneumoniamnist|rendered_sst2|tissuemnist,dermamnist|organmnist_views|pneumoniamnist|rendered_sst2|tissuemnist,14,5,0.6428571428571428,0.6975164111455283,0.6878432027498882,0.00967320839564012,0.19550866870572173,0.7147999405860901,0.7045199394226074,0.01028000116348271,5,5,17
vit_b16,flowers102,random,95,5,17,0.7058823529411764,1,0.3333333333333333,1,0.3333333333333333,stl10,stl10,1,stl10,stl10,stl10,stl10,bloodmnist|cifar100|cifar100_coarse|stl10|tissuemnist,bloodmnist|cifar100_shared_images|stl10|tissuemnist,14,4,0.7142857142857143,0.6975164111455283,0.6975164111455283,0.0,0.0,0.7147999405860901,0.7147999405860901,0.0,5,5,17
vit_b16,flowers102,random,96,5,17,0.7058823529411764,0,0.0,0,0.0,stl10,stl10,1,stl10,stl10,organamnist,organmnist_views,bloodmnist|cifar100_coarse|dermamnist|organamnist|rendered_sst2,bloodmnist|cifar100_shared_images|dermamnist|organmnist_views|rendered_sst2,14,5,0.6428571428571428,0.6975164111455283,0.6878432027498882,0.00967320839564012,0.19550866870572173,0.7147999405860901,0.7045199394226074,0.01028000116348271,5,5,17
vit_b16,flowers102,random,97,5,17,0.7058823529411764,1,0.3333333333333333,1,0.3333333333333333,stl10,stl10,1,stl10,stl10,stl10,stl10,cifar10|octmnist|rendered_sst2|stl10|tissuemnist,cifar10|octmnist|rendered_sst2|stl10|tissuemnist,14,5,0.6428571428571428,0.6975164111455283,0.6975164111455283,0.0,0.0,0.7147999405860901,0.7147999405860901,0.0,5,5,17
vit_b16,flowers102,random,98,5,17,0.7058823529411764,0,0.0,0,0.0,stl10,stl10,1,stl10,stl10,organsmnist,organmnist_views,octmnist|organsmnist|pathmnist|rendered_sst2|tissuemnist,octmnist|organmnist_views|pathmnist|rendered_sst2|tissuemnist,14,5,0.6428571428571428,0.6975164111455283,0.6848366721471151,0.012679738998413237,0.2562747322008611,0.7147999405860901,0.7038399696350097,0.010959970951080367,5,5,17
vit_b16,flowers102,random,99,5,17,0.7058823529411764,0,0.3333333333333333,0,0.3333333333333333,stl10,stl10,1,stl10,stl10,breastmnist,breastmnist,bloodmnist|breastmnist|cifar10|organcmnist|rendered_sst2,bloodmnist|breastmnist|cifar10|organmnist_views|rendered_sst2,14,5,0.6428571428571428,0.6975164111455283,0.6895425534248352,0.007973857720693145,0.1611624854607915,0.7147999405860901,0.7015999555587769,0.013199985027313232,5,5,17
vit_b16,flowers102,rank_only,-1,8,17,0.5294117647058824,1,0.6666666666666666,1,0.6666666666666666,stl10,stl10,1,stl10,stl10,stl10,stl10,tiny_imagenet|cifar100_coarse|cifar100|stl10|cifar10|organsmnist|organcmnist|organamnist,cifar10|cifar100_shared_images|organmnist_views|stl10|tiny_imagenet,14,5,0.6428571428571428,0.6975164111455283,0.6975164111455283,0.0,0.0,0.7147999405860901,0.7147999405860901,0.0,5,8,17
vit_b16,flowers102,facility_subspace,-1,8,17,0.5294117647058824,1,0.3333333333333333,1,0.3333333333333333,stl10,stl10,1,stl10,stl10,stl10,stl10,organsmnist|cifar100|rendered_sst2|stl10|dermamnist|retinamnist|octmnist|bloodmnist,bloodmnist|cifar100_shared_images|dermamnist|octmnist|organmnist_views|rendered_sst2|retinamnist|stl10,14,8,0.4285714285714286,0.6975164111455283,0.6975164111455283,0.0,0.0,0.7147999405860901,0.7147999405860901,0.0,5,8,17
vit_b16,flowers102,kcenter_subspace,-1,8,17,0.5294117647058824,1,0.6666666666666666,1,0.6666666666666666,stl10,stl10,1,stl10,stl10,stl10,stl10,tiny_imagenet|rendered_sst2|bloodmnist|stl10|octmnist|retinamnist|pneumoniamnist|pathmnist,bloodmnist|octmnist|pathmnist|pneumoniamnist|rendered_sst2|retinamnist|stl10|tiny_imagenet,14,8,0.4285714285714286,0.6975164111455283,0.6975164111455283,0.0,0.0,0.7147999405860901,0.7147999405860901,0.0,5,8,17
vit_b16,flowers102,dpp_subspace,-1,8,17,0.5294117647058824,1,0.6666666666666666,1,0.6666666666666666,stl10,stl10,1,stl10,stl10,stl10,stl10,tiny_imagenet|stl10|cifar100_coarse|cifar10|organsmnist|cifar100|pathmnist|bloodmnist,bloodmnist|cifar10|cifar100_shared_images|organmnist_views|pathmnist|stl10|tiny_imagenet,14,7,0.5,0.6975164111455283,0.6975164111455283,0.0,0.0,0.7147999405860901,0.7147999405860901,0.0,5,8,17
vit_b16,flowers102,pool_vendi_subspace,-1,8,17,0.5294117647058824,1,0.6666666666666666,1,0.6666666666666666,stl10,stl10,1,stl10,stl10,stl10,stl10,tiny_imagenet|rendered_sst2|bloodmnist|stl10|octmnist|retinamnist|pneumoniamnist|pathmnist,bloodmnist|octmnist|pathmnist|pneumoniamnist|rendered_sst2|retinamnist|stl10|tiny_imagenet,14,8,0.4285714285714286,0.6975164111455283,0.6975164111455283,0.0,0.0,0.7147999405860901,0.7147999405860901,0.0,5,8,17
vit_b16,flowers102,full_merged_rank,-1,8,17,0.5294117647058824,1,1.0,1,1.0,stl10,stl10,1,stl10,stl10,stl10,stl10,tiny_imagenet|stl10|cifar100_coarse|cifar100|cifar10|breastmnist|organsmnist|organcmnist,breastmnist|cifar10|cifar100_shared_images|organmnist_views|stl10|tiny_imagenet,14,6,0.5714285714285714,0.6975164111455283,0.6975164111455283,0.0,0.0,0.7147999405860901,0.7147999405860901,0.0,5,8,17
vit_b16,flowers102,random,0,8,17,0.5294117647058824,0,0.3333333333333333,0,0.3333333333333333,stl10,stl10,1,stl10,stl10,breastmnist,breastmnist,breastmnist|cifar100|dermamnist|octmnist|pathmnist|pneumoniamnist|rendered_sst2|retinamnist,breastmnist|cifar100_shared_images|dermamnist|octmnist|pathmnist|pneumoniamnist|rendered_sst2|retinamnist,14,8,0.4285714285714286,0.6975164111455283,0.6895425534248352,0.007973857720693145,0.1611624854607915,0.7147999405860901,0.7015999555587769,0.013199985027313232,5,8,17
vit_b16,flowers102,random,1,8,17,0.5294117647058824,1,0.6666666666666666,1,0.6666666666666666,stl10,stl10,1,stl10,stl10,stl10,stl10,breastmnist|cifar100|cifar100_coarse|dermamnist|octmnist|organsmnist|rendered_sst2|stl10,breastmnist|cifar100_shared_images|dermamnist|octmnist|organmnist_views|rendered_sst2|stl10,14,7,0.5,0.6975164111455283,0.6975164111455283,0.0,0.0,0.7147999405860901,0.7147999405860901,0.0,5,8,17
vit_b16,flowers102,random,2,8,17,0.5294117647058824,0,0.3333333333333333,0,0.3333333333333333,stl10,stl10,1,stl10,stl10,breastmnist,breastmnist,bloodmnist|breastmnist|dermamnist|octmnist|organcmnist|pneumoniamnist|rendered_sst2|retinamnist,bloodmnist|breastmnist|dermamnist|octmnist|organmnist_views|pneumoniamnist|rendered_sst2|retinamnist,14,8,0.4285714285714286,0.6975164111455283,0.6895425534248352,0.007973857720693145,0.1611624854607915,0.7147999405860901,0.7015999555587769,0.013199985027313232,5,8,17
vit_b16,flowers102,random,3,8,17,0.5294117647058824,1,0.6666666666666666,1,0.6666666666666666,stl10,stl10,1,stl10,stl10,stl10,stl10,cifar100|cifar100_coarse|octmnist|organsmnist|rendered_sst2|retinamnist|stl10|tiny_imagenet,cifar100_shared_images|octmnist|organmnist_views|rendered_sst2|retinamnist|stl10|tiny_imagenet,14,7,0.5,0.6975164111455283,0.6975164111455283,0.0,0.0,0.7147999405860901,0.7147999405860901,0.0,5,8,17
vit_b16,flowers102,random,4,8,17,0.5294117647058824,0,0.6666666666666666,0,0.6666666666666666,stl10,stl10,1,stl10,stl10,tiny_imagenet,tiny_imagenet,bloodmnist|breastmnist|cifar100|cifar100_coarse|dermamnist|organcmnist|organsmnist|tiny_imagenet,bloodmnist|breastmnist|cifar100_shared_images|dermamnist|organmnist_views|tiny_imagenet,14,6,0.5714285714285714,0.6975164111455283,0.6942484275499979,0.003267983595530377,0.06605038328361183,0.7147999405860901,0.720639991760254,-0.005840051174163863,5,8,17
vit_b16,flowers102,random,5,8,17,0.5294117647058824,1,0.6666666666666666,1,0.6666666666666666,stl10,stl10,1,stl10,stl10,stl10,stl10,bloodmnist|cifar100|dermamnist|octmnist|organamnist|retinamnist|stl10|tiny_imagenet,bloodmnist|cifar100_shared_images|dermamnist|octmnist|organmnist_views|retinamnist|stl10|tiny_imagenet,14,8,0.4285714285714286,0.6975164111455283,0.6975164111455283,0.0,0.0,0.7147999405860901,0.7147999405860901,0.0,5,8,17
vit_b16,flowers102,random,6,8,17,0.5294117647058824,0,0.3333333333333333,0,0.3333333333333333,stl10,stl10,1,stl10,stl10,breastmnist,breastmnist,breastmnist|cifar100_coarse|dermamnist|octmnist|pneumoniamnist|rendered_sst2|retinamnist|tissuemnist,breastmnist|cifar100_shared_images|dermamnist|octmnist|pneumoniamnist|rendered_sst2|retinamnist|tissuemnist,14,8,0.4285714285714286,0.6975164111455283,0.6895425534248352,0.007973857720693145,0.1611624854607915,0.7147999405860901,0.7015999555587769,0.013199985027313232,5,8,17
vit_b16,flowers102,random,7,8,17,0.5294117647058824,1,0.3333333333333333,1,0.3333333333333333,stl10,stl10,1,stl10,stl10,stl10,stl10,bloodmnist|cifar10|dermamnist|octmnist|organsmnist|pathmnist|rendered_sst2|stl10,bloodmnist|cifar10|dermamnist|octmnist|organmnist_views|pathmnist|rendered_sst2|stl10,14,8,0.4285714285714286,0.6975164111455283,0.6975164111455283,0.0,0.0,0.7147999405860901,0.7147999405860901,0.0,5,8,17
vit_b16,flowers102,random,8,8,17,0.5294117647058824,0,0.3333333333333333,0,0.3333333333333333,stl10,stl10,1,stl10,stl10,breastmnist,breastmnist,bloodmnist|breastmnist|cifar10|cifar100|octmnist|organamnist|organsmnist|retinamnist,bloodmnist|breastmnist|cifar10|cifar100_shared_images|octmnist|organmnist_views|retinamnist,14,7,0.5,0.6975164111455283,0.6895425534248352,0.007973857720693145,0.1611624854607915,0.7147999405860901,0.7015999555587769,0.013199985027313232,5,8,17
vit_b16,flowers102,random,9,8,17,0.5294117647058824,1,1.0,1,1.0,stl10,stl10,1,stl10,stl10,stl10,stl10,breastmnist|dermamnist|octmnist|pneumoniamnist|rendered_sst2|retinamnist|stl10|tiny_imagenet,breastmnist|dermamnist|octmnist|pneumoniamnist|rendered_sst2|retinamnist|stl10|tiny_imagenet,14,8,0.4285714285714286,0.6975164111455283,0.6975164111455283,0.0,0.0,0.7147999405860901,0.7147999405860901,0.0,5,8,17
vit_b16,flowers102,random,10,8,17,0.5294117647058824,0,0.3333333333333333,0,0.3333333333333333,stl10,stl10,1,stl10,stl10,tiny_imagenet,tiny_imagenet,cifar10|cifar100_coarse|organamnist|organsmnist|pathmnist|retinamnist|tiny_imagenet|tissuemnist,cifar10|cifar100_shared_images|organmnist_views|pathmnist|retinamnist|tiny_imagenet|tissuemnist,14,7,0.5,0.6975164111455283,0.6942484275499979,0.003267983595530377,0.06605038328361183,0.7147999405860901,0.720639991760254,-0.005840051174163863,5,8,17
vit_b16,flowers102,random,11,8,17,0.5294117647058824,0,0.3333333333333333,0,0.3333333333333333,stl10,stl10,1,stl10,stl10,tiny_imagenet,tiny_imagenet,bloodmnist|cifar100_coarse|dermamnist|organcmnist|organsmnist|pneumoniamnist|retinamnist|tiny_imagenet,bloodmnist|cifar100_shared_images|dermamnist|organmnist_views|pneumoniamnist|retinamnist|tiny_imagenet,14,7,0.5,0.6975164111455283,0.6942484275499979,0.003267983595530377,0.06605038328361183,0.7147999405860901,0.720639991760254,-0.005840051174163863,5,8,17
vit_b16,flowers102,random,12,8,17,0.5294117647058824,0,0.6666666666666666,0,0.6666666666666666,stl10,stl10,1,stl10,stl10,tiny_imagenet,tiny_imagenet,breastmnist|cifar10|cifar100_coarse|dermamnist|organamnist|organcmnist|tiny_imagenet|tissuemnist,breastmnist|cifar10|cifar100_shared_images|dermamnist|organmnist_views|tiny_imagenet|tissuemnist,14,7,0.5,0.6975164111455283,0.6942484275499979,0.003267983595530377,0.06605038328361183,0.7147999405860901,0.720639991760254,-0.005840051174163863,5,8,17
vit_b16,flowers102,random,13,8,17,0.5294117647058824,1,0.3333333333333333,1,0.3333333333333333,stl10,stl10,1,stl10,stl10,stl10,stl10,cifar100|organamnist|pathmnist|pneumoniamnist|rendered_sst2|retinamnist|stl10|tissuemnist,cifar100_shared_images|organmnist_views|pathmnist|pneumoniamnist|rendered_sst2|retinamnist|stl10|tissuemnist,14,8,0.4285714285714286,0.6975164111455283,0.6975164111455283,0.0,0.0,0.7147999405860901,0.7147999405860901,0.0,5,8,17
vit_b16,flowers102,random,14,8,17,0.5294117647058824,1,0.3333333333333333,1,0.3333333333333333,stl10,stl10,1,stl10,stl10,stl10,stl10,cifar10|cifar100_coarse|dermamnist|octmnist|organcmnist|rendered_sst2|retinamnist|stl10,cifar10|cifar100_shared_images|dermamnist|octmnist|organmnist_views|rendered_sst2|retinamnist|stl10,14,8,0.4285714285714286,0.6975164111455283,0.6975164111455283,0.0,0.0,0.7147999405860901,0.7147999405860901,0.0,5,8,17
vit_b16,flowers102,random,15,8,17,0.5294117647058824,0,0.3333333333333333,0,0.3333333333333333,stl10,stl10,1,stl10,stl10,tiny_imagenet,tiny_imagenet,cifar10|cifar100|cifar100_coarse|organamnist|organcmnist|pneumoniamnist|retinamnist|tiny_imagenet,cifar10|cifar100_shared_images|organmnist_views|pneumoniamnist|retinamnist|tiny_imagenet,14,6,0.5714285714285714,0.6975164111455283,0.6942484275499979,0.003267983595530377,0.06605038328361183,0.7147999405860901,0.720639991760254,-0.005840051174163863,5,8,17
vit_b16,flowers102,random,16,8,17,0.5294117647058824,0,0.6666666666666666,0,0.6666666666666666,stl10,stl10,1,stl10,stl10,tiny_imagenet,tiny_imagenet,bloodmnist|breastmnist|cifar100|organsmnist|pathmnist|rendered_sst2|tiny_imagenet|tissuemnist,bloodmnist|breastmnist|cifar100_shared_images|organmnist_views|pathmnist|rendered_sst2|tiny_imagenet|tissuemnist,14,8,0.4285714285714286,0.6975164111455283,0.6942484275499979,0.003267983595530377,0.06605038328361183,0.7147999405860901,0.720639991760254,-0.005840051174163863,5,8,17
vit_b16,flowers102,random,17,8,17,0.5294117647058824,0,0.3333333333333333,0,0.3333333333333333,stl10,stl10,1,stl10,stl10,breastmnist,breastmnist,breastmnist|cifar10|cifar100|octmnist|organcmnist|organsmnist|retinamnist|tissuemnist,breastmnist|cifar10|cifar100_shared_images|octmnist|organmnist_views|retinamnist|tissuemnist,14,7,0.5,0.6975164111455283,0.6895425534248352,0.007973857720693145,0.1611624854607915,0.7147999405860901,0.7015999555587769,0.013199985027313232,5,8,17
vit_b16,flowers102,random,18,8,17,0.5294117647058824,1,0.3333333333333333,1,0.3333333333333333,stl10,stl10,1,stl10,stl10,stl10,stl10,bloodmnist|cifar10|octmnist|organamnist|organcmnist|rendered_sst2|stl10|tissuemnist,bloodmnist|cifar10|octmnist|organmnist_views|rendered_sst2|stl10|tissuemnist,14,7,0.5,0.6975164111455283,0.6975164111455283,0.0,0.0,0.7147999405860901,0.7147999405860901,0.0,5,8,17
vit_b16,flowers102,random,19,8,17,0.5294117647058824,0,0.3333333333333333,0,0.3333333333333333,stl10,stl10,1,stl10,stl10,breastmnist,breastmnist,bloodmnist|breastmnist|cifar100_coarse|dermamnist|octmnist|organamnist|organsmnist|pathmnist,bloodmnist|breastmnist|cifar100_shared_images|dermamnist|octmnist|organmnist_views|pathmnist,14,7,0.5,0.6975164111455283,0.6895425534248352,0.007973857720693145,0.1611624854607915,0.7147999405860901,0.7015999555587769,0.013199985027313232,5,8,17
vit_b16,flowers102,random,20,8,17,0.5294117647058824,1,0.3333333333333333,1,0.3333333333333333,stl10,stl10,1,stl10,stl10,stl10,stl10,bloodmnist|dermamnist|octmnist|organamnist|organcmnist|pathmnist|rendered_sst2|stl10,bloodmnist|dermamnist|octmnist|organmnist_views|pathmnist|rendered_sst2|stl10,14,7,0.5,0.6975164111455283,0.6975164111455283,0.0,0.0,0.7147999405860901,0.7147999405860901,0.0,5,8,17
vit_b16,flowers102,random,21,8,17,0.5294117647058824,1,1.0,1,1.0,stl10,stl10,1,stl10,stl10,stl10,stl10,bloodmnist|breastmnist|dermamnist|organamnist|pathmnist|retinamnist|stl10|tiny_imagenet,bloodmnist|breastmnist|dermamnist|organmnist_views|pathmnist|retinamnist|stl10|tiny_imagenet,14,8,0.4285714285714286,0.6975164111455283,0.6975164111455283,0.0,0.0,0.7147999405860901,0.7147999405860901,0.0,5,8,17
vit_b16,flowers102,random,22,8,17,0.5294117647058824,0,0.0,0,0.0,stl10,stl10,1,stl10,stl10,cifar100,cifar100_shared_images,bloodmnist|cifar10|cifar100|cifar100_coarse|organamnist|organcmnist|pathmnist|pneumoniamnist,bloodmnist|cifar10|cifar100_shared_images|organmnist_views|pathmnist|pneumoniamnist,14,6,0.5714285714285714,0.6975164111455283,0.6888889527320862,0.008627458413442146,0.17437264243022985,0.7147999405860901,0.7078399658203125,0.006959974765777588,5,8,17
vit_b16,flowers102,random,23,8,17,0.5294117647058824,0,0.6666666666666666,0,0.6666666666666666,stl10,stl10,1,stl10,stl10,tiny_imagenet,tiny_imagenet,breastmnist|cifar100|dermamnist|octmnist|organcmnist|pneumoniamnist|rendered_sst2|tiny_imagenet,breastmnist|cifar100_shared_images|dermamnist|octmnist|organmnist_views|pneumoniamnist|rendered_sst2|tiny_imagenet,14,8,0.4285714285714286,0.6975164111455283,0.6942484275499979,0.003267983595530377,0.06605038328361183,0.7147999405860901,0.720639991760254,-0.005840051174163863,5,8,17
vit_b16,flowers102,random,24,8,17,0.5294117647058824,1,0.3333333333333333,1,0.3333333333333333,stl10,stl10,1,stl10,stl10,stl10,stl10,cifar10|cifar100|dermamnist|octmnist|pathmnist|pneumoniamnist|rendered_sst2|stl10,cifar10|cifar100_shared_images|dermamnist|octmnist|pathmnist|pneumoniamnist|rendered_sst2|stl10,14,8,0.4285714285714286,0.6975164111455283,0.6975164111455283,0.0,0.0,0.7147999405860901,0.7147999405860901,0.0,5,8,17
vit_b16,flowers102,random,25,8,17,0.5294117647058824,0,0.6666666666666666,0,0.6666666666666666,stl10,stl10,1,stl10,stl10,tiny_imagenet,tiny_imagenet,breastmnist|cifar100|cifar100_coarse|dermamnist|organamnist|organsmnist|pneumoniamnist|tiny_imagenet,breastmnist|cifar100_shared_images|dermamnist|organmnist_views|pneumoniamnist|tiny_imagenet,14,6,0.5714285714285714,0.6975164111455283,0.6942484275499979,0.003267983595530377,0.06605038328361183,0.7147999405860901,0.720639991760254,-0.005840051174163863,5,8,17
vit_b16,flowers102,random,26,8,17,0.5294117647058824,1,0.6666666666666666,1,0.6666666666666666,stl10,stl10,1,stl10,stl10,stl10,stl10,breastmnist|cifar10|cifar100|octmnist|organamnist|organsmnist|retinamnist|stl10,breastmnist|cifar10|cifar100_shared_images|octmnist|organmnist_views|retinamnist|stl10,14,7,0.5,0.6975164111455283,0.6975164111455283,0.0,0.0,0.7147999405860901,0.7147999405860901,0.0,5,8,17
vit_b16,flowers102,random,27,8,17,0.5294117647058824,1,0.6666666666666666,1,0.6666666666666666,stl10,stl10,1,stl10,stl10,stl10,stl10,bloodmnist|cifar100|cifar100_coarse|organcmnist|pathmnist|pneumoniamnist|stl10|tiny_imagenet,bloodmnist|cifar100_shared_images|organmnist_views|pathmnist|pneumoniamnist|stl10|tiny_imagenet,14,7,0.5,0.6975164111455283,0.6975164111455283,0.0,0.0,0.7147999405860901,0.7147999405860901,0.0,5,8,17
vit_b16,flowers102,random,28,8,17,0.5294117647058824,1,0.3333333333333333,1,0.3333333333333333,stl10,stl10,1,stl10,stl10,stl10,stl10,cifar100_coarse|octmnist|organamnist|organcmnist|organsmnist|pathmnist|pneumoniamnist|stl10,cifar100_shared_images|octmnist|organmnist_views|pathmnist|pneumoniamnist|stl10,14,6,0.5714285714285714,0.6975164111455283,0.6975164111455283,0.0,0.0,0.7147999405860901,0.7147999405860901,0.0,5,8,17
vit_b16,flowers102,random,29,8,17,0.5294117647058824,0,0.0,0,0.0,stl10,stl10,1,stl10,stl10,organamnist,organmnist_views,bloodmnist|cifar10|octmnist|organamnist|organsmnist|pathmnist|rendered_sst2|tissuemnist,bloodmnist|cifar10|octmnist|organmnist_views|pathmnist|rendered_sst2|tissuemnist,14,7,0.5,0.6975164111455283,0.6878432027498882,0.00967320839564012,0.19550866870572173,0.7147999405860901,0.7045199394226074,0.01028000116348271,5,8,17
vit_b16,flowers102,random,30,8,17,0.5294117647058824,0,0.3333333333333333,0,0.3333333333333333,stl10,stl10,1,stl10,stl10,tiny_imagenet,tiny_imagenet,bloodmnist|dermamnist|octmnist|organcmnist|organsmnist|pneumoniamnist|rendered_sst2|tiny_imagenet,bloodmnist|dermamnist|octmnist|organmnist_views|pneumoniamnist|rendered_sst2|tiny_imagenet,14,7,0.5,0.6975164111455283,0.6942484275499979,0.003267983595530377,0.06605038328361183,0.7147999405860901,0.720639991760254,-0.005840051174163863,5,8,17
vit_b16,flowers102,random,31,8,17,0.5294117647058824,0,0.0,0,0.0,stl10,stl10,1,stl10,stl10,bloodmnist,bloodmnist,bloodmnist|cifar10|cifar100_coarse|dermamnist|organcmnist|organsmnist|pathmnist|pneumoniamnist,bloodmnist|cifar10|cifar100_shared_images|dermamnist|organmnist_views|pathmnist|pneumoniamnist,14,7,0.5,0.6975164111455283,0.6871242523193358,0.010392158826192488,0.21003963255904384,0.7147999405860901,0.7035199761390686,0.011279964447021507,5,8,17
vit_b16,flowers102,random,32,8,17,0.5294117647058824,0,0.6666666666666666,0,0.6666666666666666,stl10,stl10,1,stl10,stl10,tiny_imagenet,tiny_imagenet,bloodmnist|breastmnist|cifar10|cifar100|octmnist|organcmnist|pathmnist|tiny_imagenet,bloodmnist|breastmnist|cifar10|cifar100_shared_images|octmnist|organmnist_views|pathmnist|tiny_imagenet,14,8,0.4285714285714286,0.6975164111455283,0.6942484275499979,0.003267983595530377,0.06605038328361183,0.7147999405860901,0.720639991760254,-0.005840051174163863,5,8,17
vit_b16,flowers102,random,33,8,17,0.5294117647058824,0,0.3333333333333333,0,0.3333333333333333,stl10,stl10,1,stl10,stl10,tiny_imagenet,tiny_imagenet,dermamnist|octmnist|organamnist|organsmnist|pathmnist|rendered_sst2|retinamnist|tiny_imagenet,dermamnist|octmnist|organmnist_views|pathmnist|rendered_sst2|retinamnist|tiny_imagenet,14,7,0.5,0.6975164111455283,0.6942484275499979,0.003267983595530377,0.06605038328361183,0.7147999405860901,0.720639991760254,-0.005840051174163863,5,8,17
vit_b16,flowers102,random,34,8,17,0.5294117647058824,0,0.0,0,0.0,stl10,stl10,1,stl10,stl10,organamnist,organmnist_views,cifar10|dermamnist|octmnist|organamnist|pathmnist|pneumoniamnist|rendered_sst2|tissuemnist,cifar10|dermamnist|octmnist|organmnist_views|pathmnist|pneumoniamnist|rendered_sst2|tissuemnist,14,8,0.4285714285714286,0.6975164111455283,0.6878432027498882,0.00967320839564012,0.19550866870572173,0.7147999405860901,0.7045199394226074,0.01028000116348271,5,8,17
vit_b16,flowers102,random,35,8,17,0.5294117647058824,0,0.3333333333333333,0,0.3333333333333333,stl10,stl10,1,stl10,stl10,tiny_imagenet,tiny_imagenet,bloodmnist|cifar10|dermamnist|organamnist|pathmnist|rendered_sst2|tiny_imagenet|tissuemnist,bloodmnist|cifar10|dermamnist|organmnist_views|pathmnist|rendered_sst2|tiny_imagenet|tissuemnist,14,8,0.4285714285714286,0.6975164111455283,0.6942484275499979,0.003267983595530377,0.06605038328361183,0.7147999405860901,0.720639991760254,-0.005840051174163863,5,8,17
vit_b16,flowers102,random,36,8,17,0.5294117647058824,0,0.6666666666666666,0,0.6666666666666666,stl10,stl10,1,stl10,stl10,tiny_imagenet,tiny_imagenet,breastmnist|cifar100_coarse|octmnist|organcmnist|pathmnist|pneumoniamnist|tiny_imagenet|tissuemnist,breastmnist|cifar100_shared_images|octmnist|organmnist_views|pathmnist|pneumoniamnist|tiny_imagenet|tissuemnist,14,8,0.4285714285714286,0.6975164111455283,0.6942484275499979,0.003267983595530377,0.06605038328361183,0.7147999405860901,0.720639991760254,-0.005840051174163863,5,8,17
vit_b16,flowers102,random,37,8,17,0.5294117647058824,1,0.6666666666666666,1,0.6666666666666666,stl10,stl10,1,stl10,stl10,stl10,stl10,bloodmnist|breastmnist|cifar100_coarse|octmnist|organamnist|pathmnist|stl10|tissuemnist,bloodmnist|breastmnist|cifar100_shared_images|octmnist|organmnist_views|pathmnist|stl10|tissuemnist,14,8,0.4285714285714286,0.6975164111455283,0.6975164111455283,0.0,0.0,0.7147999405860901,0.7147999405860901,0.0,5,8,17
vit_b16,flowers102,random,38,8,17,0.5294117647058824,0,0.6666666666666666,0,0.6666666666666666,stl10,stl10,1,stl10,stl10,tiny_imagenet,tiny_imagenet,bloodmnist|breastmnist|cifar10|cifar100|dermamnist|organcmnist|tiny_imagenet|tissuemnist,bloodmnist|breastmnist|cifar10|cifar100_shared_images|dermamnist|organmnist_views|tiny_imagenet|tissuemnist,14,8,0.4285714285714286,0.6975164111455283,0.6942484275499979,0.003267983595530377,0.06605038328361183,0.7147999405860901,0.720639991760254,-0.005840051174163863,5,8,17
vit_b16,flowers102,random,39,8,17,0.5294117647058824,1,0.6666666666666666,1,0.6666666666666666,stl10,stl10,1,stl10,stl10,stl10,stl10,bloodmnist|breastmnist|cifar100_coarse|dermamnist|organcmnist|pathmnist|stl10|tissuemnist,bloodmnist|breastmnist|cifar100_shared_images|dermamnist|organmnist_views|pathmnist|stl10|tissuemnist,14,8,0.4285714285714286,0.6975164111455283,0.6975164111455283,0.0,0.0,0.7147999405860901,0.7147999405860901,0.0,5,8,17
vit_b16,flowers102,random,40,8,17,0.5294117647058824,0,0.6666666666666666,0,0.6666666666666666,stl10,stl10,1,stl10,stl10,tiny_imagenet,tiny_imagenet,breastmnist|cifar100|cifar100_coarse|octmnist|organsmnist|pathmnist|retinamnist|tiny_imagenet,breastmnist|cifar100_shared_images|octmnist|organmnist_views|pathmnist|retinamnist|tiny_imagenet,14,7,0.5,0.6975164111455283,0.6942484275499979,0.003267983595530377,0.06605038328361183,0.7147999405860901,0.720639991760254,-0.005840051174163863,5,8,17
vit_b16,flowers102,random,41,8,17,0.5294117647058824,1,0.3333333333333333,1,0.3333333333333333,stl10,stl10,1,stl10,stl10,stl10,stl10,bloodmnist|cifar100|organcmnist|pathmnist|pneumoniamnist|rendered_sst2|stl10|tissuemnist,bloodmnist|cifar100_shared_images|organmnist_views|pathmnist|pneumoniamnist|rendered_sst2|stl10|tissuemnist,14,8,0.4285714285714286,0.6975164111455283,0.6975164111455283,0.0,0.0,0.7147999405860901,0.7147999405860901,0.0,5,8,17
vit_b16,flowers102,random,42,8,17,0.5294117647058824,0,0.3333333333333333,0,0.3333333333333333,stl10,stl10,1,stl10,stl10,breastmnist,breastmnist,breastmnist|cifar10|cifar100|cifar100_coarse|octmnist|organcmnist|pathmnist|tissuemnist,breastmnist|cifar10|cifar100_shared_images|octmnist|organmnist_views|pathmnist|tissuemnist,14,7,0.5,0.6975164111455283,0.6895425534248352,0.007973857720693145,0.1611624854607915,0.7147999405860901,0.7015999555587769,0.013199985027313232,5,8,17
vit_b16,flowers102,random,43,8,17,0.5294117647058824,1,0.6666666666666666,1,0.6666666666666666,stl10,stl10,1,stl10,stl10,stl10,stl10,bloodmnist|breastmnist|cifar100|octmnist|organamnist|organsmnist|pathmnist|stl10,bloodmnist|breastmnist|cifar100_shared_images|octmnist|organmnist_views|pathmnist|stl10,14,7,0.5,0.6975164111455283,0.6975164111455283,0.0,0.0,0.7147999405860901,0.7147999405860901,0.0,5,8,17
vit_b16,flowers102,random,44,8,17,0.5294117647058824,1,0.6666666666666666,1,0.6666666666666666,stl10,stl10,1,stl10,stl10,stl10,stl10,bloodmnist|breastmnist|cifar10|cifar100|octmnist|organcmnist|organsmnist|stl10,bloodmnist|breastmnist|cifar10|cifar100_shared_images|octmnist|organmnist_views|stl10,14,7,0.5,0.6975164111455283,0.6975164111455283,0.0,0.0,0.7147999405860901,0.7147999405860901,0.0,5,8,17
vit_b16,flowers102,random,45,8,17,0.5294117647058824,0,0.3333333333333333,0,0.3333333333333333,stl10,stl10,1,stl10,stl10,breastmnist,breastmnist,breastmnist|cifar100|octmnist|organamnist|organcmnist|pathmnist|retinamnist|tissuemnist,breastmnist|cifar100_shared_images|octmnist|organmnist_views|pathmnist|retinamnist|tissuemnist,14,7,0.5,0.6975164111455283,0.6895425534248352,0.007973857720693145,0.1611624854607915,0.7147999405860901,0.7015999555587769,0.013199985027313232,5,8,17
vit_b16,flowers102,random,46,8,17,0.5294117647058824,1,0.3333333333333333,1,0.3333333333333333,stl10,stl10,1,stl10,stl10,stl10,stl10,cifar10|cifar100_coarse|dermamnist|pathmnist|pneumoniamnist|rendered_sst2|stl10|tissuemnist,cifar10|cifar100_shared_images|dermamnist|pathmnist|pneumoniamnist|rendered_sst2|stl10|tissuemnist,14,8,0.4285714285714286,0.6975164111455283,0.6975164111455283,0.0,0.0,0.7147999405860901,0.7147999405860901,0.0,5,8,17
vit_b16,flowers102,random,47,8,17,0.5294117647058824,0,0.6666666666666666,0,0.6666666666666666,stl10,stl10,1,stl10,stl10,tiny_imagenet,tiny_imagenet,breastmnist|cifar10|dermamnist|octmnist|pathmnist|retinamnist|tiny_imagenet|tissuemnist,breastmnist|cifar10|dermamnist|octmnist|pathmnist|retinamnist|tiny_imagenet|tissuemnist,14,8,0.4285714285714286,0.6975164111455283,0.6942484275499979,0.003267983595530377,0.06605038328361183,0.7147999405860901,0.720639991760254,-0.005840051174163863,5,8,17
vit_b16,flowers102,random,48,8,17,0.5294117647058824,0,0.6666666666666666,0,0.6666666666666666,stl10,stl10,1,stl10,stl10,tiny_imagenet,tiny_imagenet,breastmnist|cifar100|dermamnist|organamnist|organsmnist|pneumoniamnist|tiny_imagenet|tissuemnist,breastmnist|cifar100_shared_images|dermamnist|organmnist_views|pneumoniamnist|tiny_imagenet|tissuemnist,14,7,0.5,0.6975164111455283,0.6942484275499979,0.003267983595530377,0.06605038328361183,0.7147999405860901,0.720639991760254,-0.005840051174163863,5,8,17
vit_b16,flowers102,random,49,8,17,0.5294117647058824,0,0.3333333333333333,0,0.3333333333333333,stl10,stl10,1,stl10,stl10,tiny_imagenet,tiny_imagenet,cifar10|cifar100_coarse|organamnist|organsmnist|pneumoniamnist|rendered_sst2|tiny_imagenet|tissuemnist,cifar10|cifar100_shared_images|organmnist_views|pneumoniamnist|rendered_sst2|tiny_imagenet|tissuemnist,14,7,0.5,0.6975164111455283,0.6942484275499979,0.003267983595530377,0.06605038328361183,0.7147999405860901,0.720639991760254,-0.005840051174163863,5,8,17
vit_b16,flowers102,random,50,8,17,0.5294117647058824,0,0.3333333333333333,0,0.3333333333333333,stl10,stl10,1,stl10,stl10,breastmnist,breastmnist,bloodmnist|breastmnist|cifar10|cifar100|dermamnist|organcmnist|pneumoniamnist|rendered_sst2,bloodmnist|breastmnist|cifar10|cifar100_shared_images|dermamnist|organmnist_views|pneumoniamnist|rendered_sst2,14,8,0.4285714285714286,0.6975164111455283,0.6895425534248352,0.007973857720693145,0.1611624854607915,0.7147999405860901,0.7015999555587769,0.013199985027313232,5,8,17
vit_b16,flowers102,random,51,8,17,0.5294117647058824,0,0.6666666666666666,0,0.6666666666666666,stl10,stl10,1,stl10,stl10,tiny_imagenet,tiny_imagenet,breastmnist|cifar10|dermamnist|organamnist|organcmnist|organsmnist|pneumoniamnist|tiny_imagenet,breastmnist|cifar10|dermamnist|organmnist_views|pneumoniamnist|tiny_imagenet,14,6,0.5714285714285714,0.6975164111455283,0.6942484275499979,0.003267983595530377,0.06605038328361183,0.7147999405860901,0.720639991760254,-0.005840051174163863,5,8,17
vit_b16,flowers102,random,52,8,17,0.5294117647058824,0,0.3333333333333333,0,0.3333333333333333,stl10,stl10,1,stl10,stl10,tiny_imagenet,tiny_imagenet,bloodmnist|cifar10|organcmnist|organsmnist|pathmnist|rendered_sst2|tiny_imagenet|tissuemnist,bloodmnist|cifar10|organmnist_views|pathmnist|rendered_sst2|tiny_imagenet|tissuemnist,14,7,0.5,0.6975164111455283,0.6942484275499979,0.003267983595530377,0.06605038328361183,0.7147999405860901,0.720639991760254,-0.005840051174163863,5,8,17
vit_b16,flowers102,random,53,8,17,0.5294117647058824,0,0.0,0,0.0,stl10,stl10,1,stl10,stl10,organamnist,organmnist_views,cifar10|cifar100_coarse|organamnist|organcmnist|organsmnist|pathmnist|retinamnist|tissuemnist,cifar10|cifar100_shared_images|organmnist_views|pathmnist|retinamnist|tissuemnist,14,6,0.5714285714285714,0.6975164111455283,0.6878432027498882,0.00967320839564012,0.19550866870572173,0.7147999405860901,0.7045199394226074,0.01028000116348271,5,8,17
vit_b16,flowers102,random,54,8,17,0.5294117647058824,0,0.6666666666666666,0,0.6666666666666666,stl10,stl10,1,stl10,stl10,tiny_imagenet,tiny_imagenet,breastmnist|cifar100_coarse|octmnist|organcmnist|organsmnist|pathmnist|rendered_sst2|tiny_imagenet,breastmnist|cifar100_shared_images|octmnist|organmnist_views|pathmnist|rendered_sst2|tiny_imagenet,14,7,0.5,0.6975164111455283,0.6942484275499979,0.003267983595530377,0.06605038328361183,0.7147999405860901,0.720639991760254,-0.005840051174163863,5,8,17
vit_b16,flowers102,random,55,8,17,0.5294117647058824,0,0.6666666666666666,0,0.6666666666666666,stl10,stl10,1,stl10,stl10,tiny_imagenet,tiny_imagenet,breastmnist|cifar100|cifar100_coarse|organamnist|organcmnist|organsmnist|tiny_imagenet|tissuemnist,breastmnist|cifar100_shared_images|organmnist_views|tiny_imagenet|tissuemnist,14,5,0.6428571428571428,0.6975164111455283,0.6942484275499979,0.003267983595530377,0.06605038328361183,0.7147999405860901,0.720639991760254,-0.005840051174163863,5,8,17
vit_b16,flowers102,random,56,8,17,0.5294117647058824,1,0.6666666666666666,1,0.6666666666666666,stl10,stl10,1,stl10,stl10,stl10,stl10,bloodmnist|breastmnist|cifar10|cifar100|cifar100_coarse|organsmnist|retinamnist|stl10,bloodmnist|breastmnist|cifar10|cifar100_shared_images|organmnist_views|retinamnist|stl10,14,7,0.5,0.6975164111455283,0.6975164111455283,0.0,0.0,0.7147999405860901,0.7147999405860901,0.0,5,8,17
vit_b16,flowers102,random,57,8,17,0.5294117647058824,0,0.3333333333333333,0,0.3333333333333333,stl10,stl10,1,stl10,stl10,breastmnist,breastmnist,breastmnist|cifar10|cifar100|cifar100_coarse|organcmnist|organsmnist|pneumoniamnist|retinamnist,breastmnist|cifar10|cifar100_shared_images|organmnist_views|pneumoniamnist|retinamnist,14,6,0.5714285714285714,0.6975164111455283,0.6895425534248352,0.007973857720693145,0.1611624854607915,0.7147999405860901,0.7015999555587769,0.013199985027313232,5,8,17
vit_b16,flowers102,random,58,8,17,0.5294117647058824,0,0.0,0,0.0,stl10,stl10,1,stl10,stl10,cifar100,cifar100_shared_images,cifar100|dermamnist|octmnist|organcmnist|pneumoniamnist|rendered_sst2|retinamnist|tissuemnist,cifar100_shared_images|dermamnist|octmnist|organmnist_views|pneumoniamnist|rendered_sst2|retinamnist|tissuemnist,14,8,0.4285714285714286,0.6975164111455283,0.6888889527320862,0.008627458413442146,0.17437264243022985,0.7147999405860901,0.7078399658203125,0.006959974765777588,5,8,17
vit_b16,flowers102,random,59,8,17,0.5294117647058824,0,0.0,0,0.0,stl10,stl10,1,stl10,stl10,cifar100,cifar100_shared_images,bloodmnist|cifar10|cifar100|octmnist|organamnist|rendered_sst2|retinamnist|tissuemnist,bloodmnist|cifar10|cifar100_shared_images|octmnist|organmnist_views|rendered_sst2|retinamnist|tissuemnist,14,8,0.4285714285714286,0.6975164111455283,0.6888889527320862,0.008627458413442146,0.17437264243022985,0.7147999405860901,0.7078399658203125,0.006959974765777588,5,8,17
vit_b16,flowers102,random,60,8,17,0.5294117647058824,1,0.3333333333333333,1,0.3333333333333333,stl10,stl10,1,stl10,stl10,stl10,stl10,bloodmnist|cifar10|dermamnist|organcmnist|pneumoniamnist|retinamnist|stl10|tissuemnist,bloodmnist|cifar10|dermamnist|organmnist_views|pneumoniamnist|retinamnist|stl10|tissuemnist,14,8,0.4285714285714286,0.6975164111455283,0.6975164111455283,0.0,0.0,0.7147999405860901,0.7147999405860901,0.0,5,8,17
vit_b16,flowers102,random,61,8,17,0.5294117647058824,1,0.3333333333333333,1,0.3333333333333333,stl10,stl10,1,stl10,stl10,stl10,stl10,cifar100|cifar100_coarse|dermamnist|organsmnist|pathmnist|retinamnist|stl10|tissuemnist,cifar100_shared_images|dermamnist|organmnist_views|pathmnist|retinamnist|stl10|tissuemnist,14,7,0.5,0.6975164111455283,0.6975164111455283,0.0,0.0,0.7147999405860901,0.7147999405860901,0.0,5,8,17
vit_b16,flowers102,random,62,8,17,0.5294117647058824,0,0.3333333333333333,0,0.3333333333333333,stl10,stl10,1,stl10,stl10,tiny_imagenet,tiny_imagenet,bloodmnist|octmnist|organamnist|organcmnist|pathmnist|rendered_sst2|retinamnist|tiny_imagenet,bloodmnist|octmnist|organmnist_views|pathmnist|rendered_sst2|retinamnist|tiny_imagenet,14,7,0.5,0.6975164111455283,0.6942484275499979,0.003267983595530377,0.06605038328361183,0.7147999405860901,0.720639991760254,-0.005840051174163863,5,8,17
vit_b16,flowers102,random,63,8,17,0.5294117647058824,0,0.0,0,0.0,stl10,stl10,1,stl10,stl10,bloodmnist,bloodmnist,bloodmnist|cifar10|dermamnist|octmnist|organsmnist|rendered_sst2|retinamnist|tissuemnist,bloodmnist|cifar10|dermamnist|octmnist|organmnist_views|rendered_sst2|retinamnist|tissuemnist,14,8,0.4285714285714286,0.6975164111455283,0.6871242523193358,0.010392158826192488,0.21003963255904384,0.7147999405860901,0.7035199761390686,0.011279964447021507,5,8,17
vit_b16,flowers102,random,64,8,17,0.5294117647058824,1,1.0,1,1.0,stl10,stl10,1,stl10,stl10,stl10,stl10,breastmnist|octmnist|organamnist|pneumoniamnist|retinamnist|stl10|tiny_imagenet|tissuemnist,breastmnist|octmnist|organmnist_views|pneumoniamnist|retinamnist|stl10|tiny_imagenet|tissuemnist,14,8,0.4285714285714286,0.6975164111455283,0.6975164111455283,0.0,0.0,0.7147999405860901,0.7147999405860901,0.0,5,8,17
vit_b16,flowers102,random,65,8,17,0.5294117647058824,0,0.3333333333333333,0,0.3333333333333333,stl10,stl10,1,stl10,stl10,tiny_imagenet,tiny_imagenet,cifar100_coarse|octmnist|organcmnist|organsmnist|pneumoniamnist|rendered_sst2|retinamnist|tiny_imagenet,cifar100_shared_images|octmnist|organmnist_views|pneumoniamnist|rendered_sst2|retinamnist|tiny_imagenet,14,7,0.5,0.6975164111455283,0.6942484275499979,0.003267983595530377,0.06605038328361183,0.7147999405860901,0.720639991760254,-0.005840051174163863,5,8,17
vit_b16,flowers102,random,66,8,17,0.5294117647058824,1,0.6666666666666666,1,0.6666666666666666,stl10,stl10,1,stl10,stl10,stl10,stl10,cifar10|cifar100|dermamnist|organamnist|pathmnist|rendered_sst2|stl10|tiny_imagenet,cifar10|cifar100_shared_images|dermamnist|organmnist_views|pathmnist|rendered_sst2|stl10|tiny_imagenet,14,8,0.4285714285714286,0.6975164111455283,0.6975164111455283,0.0,0.0,0.7147999405860901,0.7147999405860901,0.0,5,8,17
vit_b16,flowers102,random,67,8,17,0.5294117647058824,1,0.3333333333333333,1,0.3333333333333333,stl10,stl10,1,stl10,stl10,stl10,stl10,cifar10|dermamnist|organamnist|organsmnist|rendered_sst2|retinamnist|stl10|tissuemnist,cifar10|dermamnist|organmnist_views|rendered_sst2|retinamnist|stl10|tissuemnist,14,7,0.5,0.6975164111455283,0.6975164111455283,0.0,0.0,0.7147999405860901,0.7147999405860901,0.0,5,8,17
vit_b16,flowers102,random,68,8,17,0.5294117647058824,0,0.3333333333333333,0,0.3333333333333333,stl10,stl10,1,stl10,stl10,tiny_imagenet,tiny_imagenet,bloodmnist|cifar10|cifar100_coarse|dermamnist|organcmnist|pathmnist|tiny_imagenet|tissuemnist,bloodmnist|cifar10|cifar100_shared_images|dermamnist|organmnist_views|pathmnist|tiny_imagenet|tissuemnist,14,8,0.4285714285714286,0.6975164111455283,0.6942484275499979,0.003267983595530377,0.06605038328361183,0.7147999405860901,0.720639991760254,-0.005840051174163863,5,8,17
vit_b16,flowers102,random,69,8,17,0.5294117647058824,0,0.6666666666666666,0,0.6666666666666666,stl10,stl10,1,stl10,stl10,tiny_imagenet,tiny_imagenet,breastmnist|octmnist|organamnist|organsmnist|pneumoniamnist|rendered_sst2|tiny_imagenet|tissuemnist,breastmnist|octmnist|organmnist_views|pneumoniamnist|rendered_sst2|tiny_imagenet|tissuemnist,14,7,0.5,0.6975164111455283,0.6942484275499979,0.003267983595530377,0.06605038328361183,0.7147999405860901,0.720639991760254,-0.005840051174163863,5,8,17
vit_b16,flowers102,random,70,8,17,0.5294117647058824,0,0.6666666666666666,0,0.6666666666666666,stl10,stl10,1,stl10,stl10,tiny_imagenet,tiny_imagenet,breastmnist|cifar10|organamnist|organcmnist|organsmnist|pneumoniamnist|rendered_sst2|tiny_imagenet,breastmnist|cifar10|organmnist_views|pneumoniamnist|rendered_sst2|tiny_imagenet,14,6,0.5714285714285714,0.6975164111455283,0.6942484275499979,0.003267983595530377,0.06605038328361183,0.7147999405860901,0.720639991760254,-0.005840051174163863,5,8,17
vit_b16,flowers102,random,71,8,17,0.5294117647058824,1,1.0,1,1.0,stl10,stl10,1,stl10,stl10,stl10,stl10,breastmnist|cifar10|cifar100|organsmnist|rendered_sst2|stl10|tiny_imagenet|tissuemnist,breastmnist|cifar10|cifar100_shared_images|organmnist_views|rendered_sst2|stl10|tiny_imagenet|tissuemnist,14,8,0.4285714285714286,0.6975164111455283,0.6975164111455283,0.0,0.0,0.7147999405860901,0.7147999405860901,0.0,5,8,17
vit_b16,flowers102,random,72,8,17,0.5294117647058824,1,0.6666666666666666,1,0.6666666666666666,stl10,stl10,1,stl10,stl10,stl10,stl10,bloodmnist|breastmnist|cifar10|octmnist|organamnist|organcmnist|retinamnist|stl10,bloodmnist|breastmnist|cifar10|octmnist|organmnist_views|retinamnist|stl10,14,7,0.5,0.6975164111455283,0.6975164111455283,0.0,0.0,0.7147999405860901,0.7147999405860901,0.0,5,8,17
vit_b16,flowers102,random,73,8,17,0.5294117647058824,1,0.6666666666666666,1,0.6666666666666666,stl10,stl10,1,stl10,stl10,stl10,stl10,bloodmnist|cifar10|cifar100|dermamnist|organamnist|retinamnist|stl10|tiny_imagenet,bloodmnist|cifar10|cifar100_shared_images|dermamnist|organmnist_views|retinamnist|stl10|tiny_imagenet,14,8,0.4285714285714286,0.6975164111455283,0.6975164111455283,0.0,0.0,0.7147999405860901,0.7147999405860901,0.0,5,8,17
vit_b16,flowers102,random,74,8,17,0.5294117647058824,0,0.3333333333333333,0,0.3333333333333333,stl10,stl10,1,stl10,stl10,breastmnist,breastmnist,breastmnist|cifar10|cifar100|cifar100_coarse|octmnist|organamnist|pathmnist|retinamnist,breastmnist|cifar10|cifar100_shared_images|octmnist|organmnist_views|pathmnist|retinamnist,14,7,0.5,0.6975164111455283,0.6895425534248352,0.007973857720693145,0.1611624854607915,0.7147999405860901,0.7015999555587769,0.013199985027313232,5,8,17
vit_b16,flowers102,random,75,8,17,0.5294117647058824,1,0.3333333333333333,1,0.3333333333333333,stl10,stl10,1,stl10,stl10,stl10,stl10,bloodmnist|cifar10|organamnist|organcmnist|organsmnist|pathmnist|retinamnist|stl10,bloodmnist|cifar10|organmnist_views|pathmnist|retinamnist|stl10,14,6,0.5714285714285714,0.6975164111455283,0.6975164111455283,0.0,0.0,0.7147999405860901,0.7147999405860901,0.0,5,8,17
vit_b16,flowers102,random,76,8,17,0.5294117647058824,1,0.6666666666666666,1,0.6666666666666666,stl10,stl10,1,stl10,stl10,stl10,stl10,bloodmnist|breastmnist|cifar100_coarse|organamnist|organcmnist|organsmnist|retinamnist|stl10,bloodmnist|breastmnist|cifar100_shared_images|organmnist_views|retinamnist|stl10,14,6,0.5714285714285714,0.6975164111455283,0.6975164111455283,0.0,0.0,0.7147999405860901,0.7147999405860901,0.0,5,8,17
vit_b16,flowers102,random,77,8,17,0.5294117647058824,0,0.0,0,0.0,stl10,stl10,1,stl10,stl10,cifar100,cifar100_shared_images,cifar100|cifar100_coarse|organamnist|organcmnist|organsmnist|pathmnist|pneumoniamnist|tissuemnist,cifar100_shared_images|organmnist_views|pathmnist|pneumoniamnist|tissuemnist,14,5,0.6428571428571428,0.6975164111455283,0.6888889527320862,0.008627458413442146,0.17437264243022985,0.7147999405860901,0.7078399658203125,0.006959974765777588,5,8,17
vit_b16,flowers102,random,78,8,17,0.5294117647058824,0,0.3333333333333333,0,0.3333333333333333,stl10,stl10,1,stl10,stl10,tiny_imagenet,tiny_imagenet,bloodmnist|cifar10|cifar100_coarse|dermamnist|octmnist|pneumoniamnist|tiny_imagenet|tissuemnist,bloodmnist|cifar10|cifar100_shared_images|dermamnist|octmnist|pneumoniamnist|tiny_imagenet|tissuemnist,14,8,0.4285714285714286,0.6975164111455283,0.6942484275499979,0.003267983595530377,0.06605038328361183,0.7147999405860901,0.720639991760254,-0.005840051174163863,5,8,17
vit_b16,flowers102,random,79,8,17,0.5294117647058824,0,0.0,0,0.0,stl10,stl10,1,stl10,stl10,organamnist,organmnist_views,cifar10|dermamnist|organamnist|organcmnist|organsmnist|pathmnist|rendered_sst2|retinamnist,cifar10|dermamnist|organmnist_views|pathmnist|rendered_sst2|retinamnist,14,6,0.5714285714285714,0.6975164111455283,0.6878432027498882,0.00967320839564012,0.19550866870572173,0.7147999405860901,0.7045199394226074,0.01028000116348271,5,8,17
vit_b16,flowers102,random,80,8,17,0.5294117647058824,0,0.3333333333333333,0,0.3333333333333333,stl10,stl10,1,stl10,stl10,tiny_imagenet,tiny_imagenet,bloodmnist|cifar10|cifar100_coarse|dermamnist|octmnist|organamnist|tiny_imagenet|tissuemnist,bloodmnist|cifar10|cifar100_shared_images|dermamnist|octmnist|organmnist_views|tiny_imagenet|tissuemnist,14,8,0.4285714285714286,0.6975164111455283,0.6942484275499979,0.003267983595530377,0.06605038328361183,0.7147999405860901,0.720639991760254,-0.005840051174163863,5,8,17
vit_b16,flowers102,random,81,8,17,0.5294117647058824,1,0.3333333333333333,1,0.3333333333333333,stl10,stl10,1,stl10,stl10,stl10,stl10,dermamnist|organcmnist|organsmnist|pathmnist|rendered_sst2|retinamnist|stl10|tissuemnist,dermamnist|organmnist_views|pathmnist|rendered_sst2|retinamnist|stl10|tissuemnist,14,7,0.5,0.6975164111455283,0.6975164111455283,0.0,0.0,0.7147999405860901,0.7147999405860901,0.0,5,8,17
vit_b16,flowers102,random,82,8,17,0.5294117647058824,0,0.3333333333333333,0,0.3333333333333333,stl10,stl10,1,stl10,stl10,breastmnist,breastmnist,bloodmnist|breastmnist|cifar10|cifar100|octmnist|rendered_sst2|retinamnist|tissuemnist,bloodmnist|breastmnist|cifar10|cifar100_shared_images|octmnist|rendered_sst2|retinamnist|tissuemnist,14,8,0.4285714285714286,0.6975164111455283,0.6895425534248352,0.007973857720693145,0.1611624854607915,0.7147999405860901,0.7015999555587769,0.013199985027313232,5,8,17
vit_b16,flowers102,random,83,8,17,0.5294117647058824,1,1.0,1,1.0,stl10,stl10,1,stl10,stl10,stl10,stl10,bloodmnist|breastmnist|cifar10|dermamnist|octmnist|rendered_sst2|stl10|tiny_imagenet,bloodmnist|breastmnist|cifar10|dermamnist|octmnist|rendered_sst2|stl10|tiny_imagenet,14,8,0.4285714285714286,0.6975164111455283,0.6975164111455283,0.0,0.0,0.7147999405860901,0.7147999405860901,0.0,5,8,17
vit_b16,flowers102,random,84,8,17,0.5294117647058824,0,0.6666666666666666,0,0.6666666666666666,stl10,stl10,1,stl10,stl10,tiny_imagenet,tiny_imagenet,breastmnist|cifar10|cifar100|octmnist|pneumoniamnist|rendered_sst2|tiny_imagenet|tissuemnist,breastmnist|cifar10|cifar100_shared_images|octmnist|pneumoniamnist|rendered_sst2|tiny_imagenet|tissuemnist,14,8,0.4285714285714286,0.6975164111455283,0.6942484275499979,0.003267983595530377,0.06605038328361183,0.7147999405860901,0.720639991760254,-0.005840051174163863,5,8,17
vit_b16,flowers102,random,85,8,17,0.5294117647058824,0,0.3333333333333333,0,0.3333333333333333,stl10,stl10,1,stl10,stl10,breastmnist,breastmnist,bloodmnist|breastmnist|cifar10|cifar100_coarse|organcmnist|organsmnist|retinamnist|tissuemnist,bloodmnist|breastmnist|cifar10|cifar100_shared_images|organmnist_views|retinamnist|tissuemnist,14,7,0.5,0.6975164111455283,0.6895425534248352,0.007973857720693145,0.1611624854607915,0.7147999405860901,0.7015999555587769,0.013199985027313232,5,8,17
vit_b16,flowers102,random,86,8,17,0.5294117647058824,0,0.3333333333333333,0,0.3333333333333333,stl10,stl10,1,stl10,stl10,tiny_imagenet,tiny_imagenet,bloodmnist|cifar10|cifar100_coarse|organamnist|organcmnist|pneumoniamnist|rendered_sst2|tiny_imagenet,bloodmnist|cifar10|cifar100_shared_images|organmnist_views|pneumoniamnist|rendered_sst2|tiny_imagenet,14,7,0.5,0.6975164111455283,0.6942484275499979,0.003267983595530377,0.06605038328361183,0.7147999405860901,0.720639991760254,-0.005840051174163863,5,8,17
vit_b16,flowers102,random,87,8,17,0.5294117647058824,0,0.6666666666666666,0,0.6666666666666666,stl10,stl10,1,stl10,stl10,tiny_imagenet,tiny_imagenet,breastmnist|cifar100|octmnist|organamnist|organsmnist|rendered_sst2|retinamnist|tiny_imagenet,breastmnist|cifar100_shared_images|octmnist|organmnist_views|rendered_sst2|retinamnist|tiny_imagenet,14,7,0.5,0.6975164111455283,0.6942484275499979,0.003267983595530377,0.06605038328361183,0.7147999405860901,0.720639991760254,-0.005840051174163863,5,8,17
vit_b16,flowers102,random,88,8,17,0.5294117647058824,1,0.3333333333333333,1,0.3333333333333333,stl10,stl10,1,stl10,stl10,stl10,stl10,bloodmnist|dermamnist|octmnist|organamnist|organcmnist|organsmnist|retinamnist|stl10,bloodmnist|dermamnist|octmnist|organmnist_views|retinamnist|stl10,14,6,0.5714285714285714,0.6975164111455283,0.6975164111455283,0.0,0.0,0.7147999405860901,0.7147999405860901,0.0,5,8,17
vit_b16,flowers102,random,89,8,17,0.5294117647058824,0,0.0,0,0.0,stl10,stl10,1,stl10,stl10,cifar100,cifar100_shared_images,bloodmnist|cifar100|cifar100_coarse|organcmnist|organsmnist|pathmnist|pneumoniamnist|retinamnist,bloodmnist|cifar100_shared_images|organmnist_views|pathmnist|pneumoniamnist|retinamnist,14,6,0.5714285714285714,0.6975164111455283,0.6888889527320862,0.008627458413442146,0.17437264243022985,0.7147999405860901,0.7078399658203125,0.006959974765777588,5,8,17
vit_b16,flowers102,random,90,8,17,0.5294117647058824,0,0.0,0,0.0,stl10,stl10,1,stl10,stl10,cifar100,cifar100_shared_images,bloodmnist|cifar10|cifar100|octmnist|organamnist|organsmnist|pneumoniamnist|rendered_sst2,bloodmnist|cifar10|cifar100_shared_images|octmnist|organmnist_views|pneumoniamnist|rendered_sst2,14,7,0.5,0.6975164111455283,0.6888889527320862,0.008627458413442146,0.17437264243022985,0.7147999405860901,0.7078399658203125,0.006959974765777588,5,8,17
vit_b16,flowers102,random,91,8,17,0.5294117647058824,1,1.0,1,1.0,stl10,stl10,1,stl10,stl10,stl10,stl10,bloodmnist|breastmnist|dermamnist|octmnist|organamnist|retinamnist|stl10|tiny_imagenet,bloodmnist|breastmnist|dermamnist|octmnist|organmnist_views|retinamnist|stl10|tiny_imagenet,14,8,0.4285714285714286,0.6975164111455283,0.6975164111455283,0.0,0.0,0.7147999405860901,0.7147999405860901,0.0,5,8,17
vit_b16,flowers102,random,92,8,17,0.5294117647058824,1,0.6666666666666666,1,0.6666666666666666,stl10,stl10,1,stl10,stl10,stl10,stl10,bloodmnist|breastmnist|cifar100_coarse|octmnist|pneumoniamnist|rendered_sst2|stl10|tissuemnist,bloodmnist|breastmnist|cifar100_shared_images|octmnist|pneumoniamnist|rendered_sst2|stl10|tissuemnist,14,8,0.4285714285714286,0.6975164111455283,0.6975164111455283,0.0,0.0,0.7147999405860901,0.7147999405860901,0.0,5,8,17
vit_b16,flowers102,random,93,8,17,0.5294117647058824,1,0.6666666666666666,1,0.6666666666666666,stl10,stl10,1,stl10,stl10,stl10,stl10,breastmnist|cifar10|cifar100|octmnist|organamnist|rendered_sst2|stl10|tissuemnist,breastmnist|cifar10|cifar100_shared_images|octmnist|organmnist_views|rendered_sst2|stl10|tissuemnist,14,8,0.4285714285714286,0.6975164111455283,0.6975164111455283,0.0,0.0,0.7147999405860901,0.7147999405860901,0.0,5,8,17
vit_b16,flowers102,random,94,8,17,0.5294117647058824,1,0.6666666666666666,1,0.6666666666666666,stl10,stl10,1,stl10,stl10,stl10,stl10,cifar100|organamnist|organcmnist|organsmnist|retinamnist|stl10|tiny_imagenet|tissuemnist,cifar100_shared_images|organmnist_views|retinamnist|stl10|tiny_imagenet|tissuemnist,14,6,0.5714285714285714,0.6975164111455283,0.6975164111455283,0.0,0.0,0.7147999405860901,0.7147999405860901,0.0,5,8,17
vit_b16,flowers102,random,95,8,17,0.5294117647058824,1,1.0,1,1.0,stl10,stl10,1,stl10,stl10,stl10,stl10,breastmnist|cifar10|dermamnist|organsmnist|pathmnist|stl10|tiny_imagenet|tissuemnist,breastmnist|cifar10|dermamnist|organmnist_views|pathmnist|stl10|tiny_imagenet|tissuemnist,14,8,0.4285714285714286,0.6975164111455283,0.6975164111455283,0.0,0.0,0.7147999405860901,0.7147999405860901,0.0,5,8,17
vit_b16,flowers102,random,96,8,17,0.5294117647058824,1,1.0,1,1.0,stl10,stl10,1,stl10,stl10,stl10,stl10,breastmnist|cifar100|dermamnist|organamnist|pathmnist|retinamnist|stl10|tiny_imagenet,breastmnist|cifar100_shared_images|dermamnist|organmnist_views|pathmnist|retinamnist|stl10|tiny_imagenet,14,8,0.4285714285714286,0.6975164111455283,0.6975164111455283,0.0,0.0,0.7147999405860901,0.7147999405860901,0.0,5,8,17
vit_b16,flowers102,random,97,8,17,0.5294117647058824,0,0.0,0,0.0,stl10,stl10,1,stl10,stl10,cifar100,cifar100_shared_images,bloodmnist|cifar100|cifar100_coarse|octmnist|organamnist|organsmnist|pathmnist|tissuemnist,bloodmnist|cifar100_shared_images|octmnist|organmnist_views|pathmnist|tissuemnist,14,6,0.5714285714285714,0.6975164111455283,0.6888889527320862,0.008627458413442146,0.17437264243022985,0.7147999405860901,0.7078399658203125,0.006959974765777588,5,8,17
vit_b16,flowers102,random,98,8,17,0.5294117647058824,0,0.3333333333333333,0,0.3333333333333333,stl10,stl10,1,stl10,stl10,breastmnist,breastmnist,bloodmnist|breastmnist|cifar100|cifar100_coarse|octmnist|organsmnist|rendered_sst2|tissuemnist,bloodmnist|breastmnist|cifar100_shared_images|octmnist|organmnist_views|rendered_sst2|tissuemnist,14,7,0.5,0.6975164111455283,0.6895425534248352,0.007973857720693145,0.1611624854607915,0.7147999405860901,0.7015999555587769,0.013199985027313232,5,8,17
vit_b16,flowers102,random,99,8,17,0.5294117647058824,1,0.6666666666666666,1,0.6666666666666666,stl10,stl10,1,stl10,stl10,stl10,stl10,bloodmnist|cifar10|cifar100|cifar100_coarse|organcmnist|pathmnist|stl10|tiny_imagenet,bloodmnist|cifar10|cifar100_shared_images|organmnist_views|pathmnist|stl10|tiny_imagenet,14,7,0.5,0.6975164111455283,0.6975164111455283,0.0,0.0,0.7147999405860901,0.7147999405860901,0.0,5,8,17
vit_b16,food101,rank_only,-1,3,17,0.8235294117647058,1,0.6666666666666666,1,0.6666666666666666,cifar100,cifar100,1,cifar100_shared_images,cifar100_shared_images,cifar100,cifar100_shared_images,tiny_imagenet|cifar100_coarse|cifar100,cifar100_shared_images|tiny_imagenet,14,2,0.8571428571428572,0.4390266885081927,0.4390266885081927,0.0,0.0,0.482919979095459,0.482919979095459,0.0,5,3,17
vit_b16,food101,facility_subspace,-1,3,17,0.8235294117647058,1,0.3333333333333333,1,0.3333333333333333,cifar100,cifar100,1,cifar100_shared_images,cifar100_shared_images,cifar100,cifar100_shared_images,organsmnist|cifar100|rendered_sst2,cifar100_shared_images|organmnist_views|rendered_sst2,14,3,0.7857142857142857,0.4390266885081927,0.4390266885081927,0.0,0.0,0.482919979095459,0.482919979095459,0.0,5,3,17
vit_b16,food101,kcenter_subspace,-1,3,17,0.8235294117647058,0,0.3333333333333333,0,0.3333333333333333,cifar100,cifar100,1,cifar100_shared_images,cifar100_shared_images,tiny_imagenet,tiny_imagenet,tiny_imagenet|rendered_sst2|bloodmnist,bloodmnist|rendered_sst2|tiny_imagenet,14,3,0.7857142857142857,0.4390266885081927,0.4386133545041083,0.0004133340040843869,0.011787089967432818,0.482919979095459,0.48139998912811277,0.0015199899673462025,5,3,17
vit_b16,food101,dpp_subspace,-1,3,17,0.8235294117647058,0,0.6666666666666666,1,1.0,cifar100,cifar100,1,cifar100_shared_images,cifar100_shared_images,tiny_imagenet,tiny_imagenet,tiny_imagenet|stl10|cifar100_coarse,cifar100_shared_images|stl10|tiny_imagenet,14,3,0.7857142857142857,0.4390266885081927,0.4386133545041083,0.0004133340040843869,0.011787089967432818,0.482919979095459,0.48139998912811277,0.0015199899673462025,5,3,17
vit_b16,food101,pool_vendi_subspace,-1,3,17,0.8235294117647058,0,0.3333333333333333,0,0.3333333333333333,cifar100,cifar100,1,cifar100_shared_images,cifar100_shared_images,tiny_imagenet,tiny_imagenet,tiny_imagenet|rendered_sst2|bloodmnist,bloodmnist|rendered_sst2|tiny_imagenet,14,3,0.7857142857142857,0.4390266885081927,0.4386133545041083,0.0004133340040843869,0.011787089967432818,0.482919979095459,0.48139998912811277,0.0015199899673462025,5,3,17
vit_b16,food101,full_merged_rank,-1,3,17,0.8235294117647058,0,0.6666666666666666,1,1.0,cifar100,cifar100,1,cifar100_shared_images,cifar100_shared_images,tiny_imagenet,tiny_imagenet,tiny_imagenet|stl10|cifar100_coarse,cifar100_shared_images|stl10|tiny_imagenet,14,3,0.7857142857142857,0.4390266885081927,0.4386133545041083,0.0004133340040843869,0.011787089967432818,0.482919979095459,0.48139998912811277,0.0015199899673462025,5,3,17
vit_b16,food101,random,0,3,17,0.8235294117647058,0,0.0,0,0.0,cifar100,cifar100,1,cifar100_shared_images,cifar100_shared_images,breastmnist,breastmnist,breastmnist|octmnist|retinamnist,breastmnist|octmnist|retinamnist,14,3,0.7857142857142857,0.4390266885081927,0.4257333538134893,0.013293334694703396,0.37908744614603496,0.482919979095459,0.46787998676300047,0.015039992332458507,5,3,17
vit_b16,food101,random,1,3,17,0.8235294117647058,0,0.0,0,0.0,cifar100,cifar100,1,cifar100_shared_images,cifar100_shared_images,cifar10,cifar10,cifar10|organcmnist|pneumoniamnist,cifar10|organmnist_views|pneumoniamnist,14,3,0.7857142857142857,0.4390266885081927,0.4297333522995313,0.009293336208661407,0.26501906184018886,0.482919979095459,0.4767199754714966,0.006200003623962391,5,3,17
vit_b16,food101,random,2,3,17,0.8235294117647058,0,0.0,0,0.0,cifar100,cifar100,1,cifar100_shared_images,cifar100_shared_images,organsmnist,organmnist_views,organsmnist|pathmnist|pneumoniamnist,organmnist_views|pathmnist|pneumoniamnist,14,3,0.7857142857142857,0.4390266885081927,0.42826668468316403,0.010760003825028674,0.30684417899873684,0.482919979095459,0.47023999094963076,0.012679988145828214,5,3,17
vit_b16,food101,random,3,3,17,0.8235294117647058,0,0.0,0,0.0,cifar100,cifar100,1,cifar100_shared_images,cifar100_shared_images,cifar10,cifar10,bloodmnist|cifar10|organamnist,bloodmnist|cifar10|organmnist_views,14,3,0.7857142857142857,0.4390266885081927,0.4297333522995313,0.009293336208661407,0.26501906184018886,0.482919979095459,0.4767199754714966,0.006200003623962391,5,3,17
vit_b16,food101,random,4,3,17,0.8235294117647058,0,0.3333333333333333,0,0.3333333333333333,cifar100,cifar100,1,cifar100_shared_images,cifar100_shared_images,tiny_imagenet,tiny_imagenet,organamnist|organsmnist|tiny_imagenet,organmnist_views|tiny_imagenet,14,2,0.8571428571428572,0.4390266885081927,0.4386133545041083,0.0004133340040843869,0.011787089967432818,0.482919979095459,0.48139998912811277,0.0015199899673462025,5,3,17
vit_b16,food101,random,5,3,17,0.8235294117647058,0,0.0,1,0.3333333333333333,cifar100,cifar100,1,cifar100_shared_images,cifar100_shared_images,cifar100_coarse,cifar100_shared_images,cifar100_coarse|dermamnist|organsmnist,cifar100_shared_images|dermamnist|organmnist_views,14,3,0.7857142857142857,0.4390266885081927,0.430706689675649,0.008319998832543696,0.2372622958649846,0.482919979095459,0.4741199791431427,0.008799999952316284,5,3,17
vit_b16,food101,random,6,3,17,0.8235294117647058,0,0.0,0,0.0,cifar100,cifar100,1,cifar100_shared_images,cifar100_shared_images,cifar10,cifar10,cifar10|pneumoniamnist|tissuemnist,cifar10|pneumoniamnist|tissuemnist,14,3,0.7857142857142857,0.4390266885081927,0.4297333522995313,0.009293336208661407,0.26501906184018886,0.482919979095459,0.4767199754714966,0.006200003623962391,5,3,17
vit_b16,food101,random,7,3,17,0.8235294117647058,0,0.0,0,0.0,cifar100,cifar100,1,cifar100_shared_images,cifar100_shared_images,pathmnist,pathmnist,octmnist|pathmnist|tissuemnist,octmnist|pathmnist|tissuemnist,14,3,0.7857142857142857,0.4390266885081927,0.4254533547282219,0.013573333779970831,0.38707220998407704,0.482919979095459,0.4671599805355072,0.01575999855995175,5,3,17
vit_b16,food101,random,8,3,17,0.8235294117647058,0,0.0,0,0.0,cifar100,cifar100,1,cifar100_shared_images,cifar100_shared_images,organcmnist,organmnist_views,bloodmnist|organcmnist|pathmnist,bloodmnist|organmnist_views|pathmnist,14,3,0.7857142857142857,0.4390266885081927,0.427906686758995,0.011120001749197694,0.31711027827520233,0.482919979095459,0.47171998023986816,0.01119999885559081,5,3,17
vit_b16,food101,random,9,3,17,0.8235294117647058,0,0.0,0,0.0,cifar100,cifar100,1,cifar100_shared_images,cifar100_shared_images,cifar10,cifar10,cifar10|dermamnist|organamnist,cifar10|dermamnist|organmnist_views,14,3,0.7857142857142857,0.4390266885081927,0.4297333522995313,0.009293336208661407,0.26501906184018886,0.482919979095459,0.4767199754714966,0.006200003623962391,5,3,17
vit_b16,food101,random,10,3,17,0.8235294117647058,0,0.0,0,0.0,cifar100,cifar100,1,cifar100_shared_images,cifar100_shared_images,cifar10,cifar10,cifar10|dermamnist|organamnist,cifar10|dermamnist|organmnist_views,14,3,0.7857142857142857,0.4390266885081927,0.4297333522995313,0.009293336208661407,0.26501906184018886,0.482919979095459,0.4767199754714966,0.006200003623962391,5,3,17
vit_b16,food101,random,11,3,17,0.8235294117647058,0,0.0,0,0.0,cifar100,cifar100,1,cifar100_shared_images,cifar100_shared_images,organamnist,organmnist_views,bloodmnist|organamnist|pathmnist,bloodmnist|organmnist_views|pathmnist,14,3,0.7857142857142857,0.4390266885081927,0.4276933561325073,0.011333332375685401,0.3231938505493722,0.482919979095459,0.47003998756408694,0.012879991531372037,5,3,17
vit_b16,food101,random,12,3,17,0.8235294117647058,0,0.0,0,0.0,cifar100,cifar100,1,cifar100_shared_images,cifar100_shared_images,organamnist,organmnist_views,octmnist|organamnist|rendered_sst2,octmnist|organmnist_views|rendered_sst2,14,3,0.7857142857142857,0.4390266885081927,0.4276933561325073,0.011333332375685401,0.3231938505493722,0.482919979095459,0.47003998756408694,0.012879991531372037,5,3,17
vit_b16,food101,random,13,3,17,0.8235294117647058,0,0.0,1,0.3333333333333333,cifar100,cifar100,1,cifar100_shared_images,cifar100_shared_images,cifar100_coarse,cifar100_shared_images,cifar100_coarse|octmnist|tissuemnist,cifar100_shared_images|octmnist|tissuemnist,14,3,0.7857142857142857,0.4390266885081927,0.430706689675649,0.008319998832543696,0.2372622958649846,0.482919979095459,0.4741199791431427,0.008799999952316284,5,3,17
vit_b16,food101,random,14,3,17,0.8235294117647058,0,0.3333333333333333,0,0.3333333333333333,cifar100,cifar100,1,cifar100_shared_images,cifar100_shared_images,stl10,stl10,cifar10|retinamnist|stl10,cifar10|retinamnist|stl10,14,3,0.7857142857142857,0.4390266885081927,0.4350000226418177,0.004026665866375012,0.11482886084074281,0.482919979095459,0.4804399847984314,0.0024799942970275546,5,3,17
vit_b16,food101,random,15,3,17,0.8235294117647058,1,0.3333333333333333,1,0.3333333333333333,cifar100,cifar100,1,cifar100_shared_images,cifar100_shared_images,cifar100,cifar100_shared_images,cifar100|pathmnist|rendered_sst2,cifar100_shared_images|pathmnist|rendered_sst2,14,3,0.7857142857142857,0.4390266885081927,0.4390266885081927,0.0,0.0,0.482919979095459,0.482919979095459,0.0,5,3,17
vit_b16,food101,random,16,3,17,0.8235294117647058,1,0.3333333333333333,1,0.3333333333333333,cifar100,cifar100,1,cifar100_shared_images,cifar100_shared_images,cifar100,cifar100_shared_images,cifar100|octmnist|pneumoniamnist,cifar100_shared_images|octmnist|pneumoniamnist,14,3,0.7857142857142857,0.4390266885081927,0.4390266885081927,0.0,0.0,0.482919979095459,0.482919979095459,0.0,5,3,17
vit_b16,food101,random,17,3,17,0.8235294117647058,0,0.3333333333333333,0,0.3333333333333333,cifar100,cifar100,1,cifar100_shared_images,cifar100_shared_images,tiny_imagenet,tiny_imagenet,cifar10|dermamnist|tiny_imagenet,cifar10|dermamnist|tiny_imagenet,14,3,0.7857142857142857,0.4390266885081927,0.4386133545041083,0.0004133340040843869,0.011787089967432818,0.482919979095459,0.48139998912811277,0.0015199899673462025,5,3,17
vit_b16,food101,random,18,3,17,0.8235294117647058,1,0.6666666666666666,1,0.6666666666666666,cifar100,cifar100,1,cifar100_shared_images,cifar100_shared_images,cifar100,cifar100_shared_images,cifar100|dermamnist|tiny_imagenet,cifar100_shared_images|dermamnist|tiny_imagenet,14,3,0.7857142857142857,0.4390266885081927,0.4390266885081927,0.0,0.0,0.482919979095459,0.482919979095459,0.0,5,3,17
vit_b16,food101,random,19,3,17,0.8235294117647058,0,0.3333333333333333,0,0.3333333333333333,cifar100,cifar100,1,cifar100_shared_images,cifar100_shared_images,stl10,stl10,octmnist|organcmnist|stl10,octmnist|organmnist_views|stl10,14,3,0.7857142857142857,0.4390266885081927,0.4350000226418177,0.004026665866375012,0.11482886084074281,0.482919979095459,0.4804399847984314,0.0024799942970275546,5,3,17
vit_b16,food101,random,20,3,17,0.8235294117647058,0,0.0,0,0.0,cifar100,cifar100,1,cifar100_shared_images,cifar100_shared_images,organamnist,organmnist_views,breastmnist|octmnist|organamnist,breastmnist|octmnist|organmnist_views,14,3,0.7857142857142857,0.4390266885081927,0.4276933561325073,0.011333332375685401,0.3231938505493722,0.482919979095459,0.47003998756408694,0.012879991531372037,5,3,17
vit_b16,food101,random,21,3,17,0.8235294117647058,0,0.0,0,0.0,cifar100,cifar100,1,cifar100_shared_images,cifar100_shared_images,pathmnist,pathmnist,bloodmnist|dermamnist|pathmnist,bloodmnist|dermamnist|pathmnist,14,3,0.7857142857142857,0.4390266885081927,0.4254533547282219,0.013573333779970831,0.38707220998407704,0.482919979095459,0.4671599805355072,0.01575999855995175,5,3,17
vit_b16,food101,random,22,3,17,0.8235294117647058,1,0.3333333333333333,1,0.3333333333333333,cifar100,cifar100,1,cifar100_shared_images,cifar100_shared_images,cifar100,cifar100_shared_images,cifar100|dermamnist|pathmnist,cifar100_shared_images|dermamnist|pathmnist,14,3,0.7857142857142857,0.4390266885081927,0.4390266885081927,0.0,0.0,0.482919979095459,0.482919979095459,0.0,5,3,17
vit_b16,food101,random,23,3,17,0.8235294117647058,0,0.3333333333333333,1,0.6666666666666666,cifar100,cifar100,1,cifar100_shared_images,cifar100_shared_images,tiny_imagenet,tiny_imagenet,cifar100_coarse|organamnist|tiny_imagenet,cifar100_shared_images|organmnist_views|tiny_imagenet,14,3,0.7857142857142857,0.4390266885081927,0.4386133545041083,0.0004133340040843869,0.011787089967432818,0.482919979095459,0.48139998912811277,0.0015199899673462025,5,3,17
vit_b16,food101,random,24,3,17,0.8235294117647058,0,0.3333333333333333,0,0.3333333333333333,cifar100,cifar100,1,cifar100_shared_images,cifar100_shared_images,tiny_imagenet,tiny_imagenet,bloodmnist|organsmnist|tiny_imagenet,bloodmnist|organmnist_views|tiny_imagenet,14,3,0.7857142857142857,0.4390266885081927,0.4386133545041083,0.0004133340040843869,0.011787089967432818,0.482919979095459,0.48139998912811277,0.0015199899673462025,5,3,17
vit_b16,food101,random,25,3,17,0.8235294117647058,0,0.0,0,0.0,cifar100,cifar100,1,cifar100_shared_images,cifar100_shared_images,organsmnist,organmnist_views,bloodmnist|organsmnist|rendered_sst2,bloodmnist|organmnist_views|rendered_sst2,14,3,0.7857142857142857,0.4390266885081927,0.42826668468316403,0.010760003825028674,0.30684417899873684,0.482919979095459,0.47023999094963076,0.012679988145828214,5,3,17
vit_b16,food101,random,26,3,17,0.8235294117647058,0,0.0,0,0.0,cifar100,cifar100,1,cifar100_shared_images,cifar100_shared_images,organsmnist,organmnist_views,organsmnist|pneumoniamnist|rendered_sst2,organmnist_views|pneumoniamnist|rendered_sst2,14,3,0.7857142857142857,0.4390266885081927,0.42826668468316403,0.010760003825028674,0.30684417899873684,0.482919979095459,0.47023999094963076,0.012679988145828214,5,3,17
vit_b16,food101,random,27,3,17,0.8235294117647058,0,0.0,0,0.0,cifar100,cifar100,1,cifar100_shared_images,cifar100_shared_images,pathmnist,pathmnist,bloodmnist|pathmnist|pneumoniamnist,bloodmnist|pathmnist|pneumoniamnist,14,3,0.7857142857142857,0.4390266885081927,0.4254533547282219,0.013573333779970831,0.38707220998407704,0.482919979095459,0.4671599805355072,0.01575999855995175,5,3,17
vit_b16,food101,random,28,3,17,0.8235294117647058,0,0.0,0,0.0,cifar100,cifar100,1,cifar100_shared_images,cifar100_shared_images,dermamnist,dermamnist,dermamnist|rendered_sst2|retinamnist,dermamnist|rendered_sst2|retinamnist,14,3,0.7857142857142857,0.4390266885081927,0.42368001879056294,0.015346669717629768,0.4376426204345084,0.482919979095459,0.47039998769760133,0.012519991397857644,5,3,17
vit_b16,food101,random,29,3,17,0.8235294117647058,0,0.3333333333333333,0,0.3333333333333333,cifar100,cifar100,1,cifar100_shared_images,cifar100_shared_images,tiny_imagenet,tiny_imagenet,cifar10|tiny_imagenet|tissuemnist,cifar10|tiny_imagenet|tissuemnist,14,3,0.7857142857142857,0.4390266885081927,0.4386133545041083,0.0004133340040843869,0.011787089967432818,0.482919979095459,0.48139998912811277,0.0015199899673462025,5,3,17
vit_b16,food101,random,30,3,17,0.8235294117647058,0,0.0,0,0.0,cifar100,cifar100,1,cifar100_shared_images,cifar100_shared_images,organamnist,organmnist_views,breastmnist|octmnist|organamnist,breastmnist|octmnist|organmnist_views,14,3,0.7857142857142857,0.4390266885081927,0.4276933561325073,0.011333332375685401,0.3231938505493722,0.482919979095459,0.47003998756408694,0.012879991531372037,5,3,17
vit_b16,food101,random,31,3,17,0.8235294117647058,0,0.3333333333333333,0,0.3333333333333333,cifar100,cifar100,1,cifar100_shared_images,cifar100_shared_images,tiny_imagenet,tiny_imagenet,organamnist|rendered_sst2|tiny_imagenet,organmnist_views|rendered_sst2|tiny_imagenet,14,3,0.7857142857142857,0.4390266885081927,0.4386133545041083,0.0004133340040843869,0.011787089967432818,0.482919979095459,0.48139998912811277,0.0015199899673462025,5,3,17
vit_b16,food101,random,32,3,17,0.8235294117647058,0,0.3333333333333333,1,0.6666666666666666,cifar100,cifar100,1,cifar100_shared_images,cifar100_shared_images,tiny_imagenet,tiny_imagenet,cifar100_coarse|organcmnist|tiny_imagenet,cifar100_shared_images|organmnist_views|tiny_imagenet,14,3,0.7857142857142857,0.4390266885081927,0.4386133545041083,0.0004133340040843869,0.011787089967432818,0.482919979095459,0.48139998912811277,0.0015199899673462025,5,3,17
vit_b16,food101,random,33,3,17,0.8235294117647058,1,0.3333333333333333,1,0.3333333333333333,cifar100,cifar100,1,cifar100_shared_images,cifar100_shared_images,cifar100,cifar100_shared_images,breastmnist|cifar100|tissuemnist,breastmnist|cifar100_shared_images|tissuemnist,14,3,0.7857142857142857,0.4390266885081927,0.4390266885081927,0.0,0.0,0.482919979095459,0.482919979095459,0.0,5,3,17
vit_b16,food101,random,34,3,17,0.8235294117647058,0,0.0,0,0.0,cifar100,cifar100,1,cifar100_shared_images,cifar100_shared_images,bloodmnist,bloodmnist,bloodmnist|rendered_sst2|retinamnist,bloodmnist|rendered_sst2|retinamnist,14,3,0.7857142857142857,0.4390266885081927,0.42096002134084703,0.018066667167345674,0.5152090783938773,0.482919979095459,0.4639999747276306,0.01892000436782837,5,3,17
vit_b16,food101,random,35,3,17,0.8235294117647058,0,0.0,0,0.0,cifar100,cifar100,1,cifar100_shared_images,cifar100_shared_images,cifar10,cifar10,cifar10|pathmnist|tissuemnist,cifar10|pathmnist|tissuemnist,14,3,0.7857142857142857,0.4390266885081927,0.4297333522995313,0.009293336208661407,0.26501906184018886,0.482919979095459,0.4767199754714966,0.006200003623962391,5,3,17
vit_b16,food101,random,36,3,17,0.8235294117647058,0,0.0,1,0.3333333333333333,cifar100,cifar100,1,cifar100_shared_images,cifar100_shared_images,cifar100_coarse,cifar100_shared_images,cifar100_coarse|octmnist|organamnist,cifar100_shared_images|octmnist|organmnist_views,14,3,0.7857142857142857,0.4390266885081927,0.430706689675649,0.008319998832543696,0.2372622958649846,0.482919979095459,0.4741199791431427,0.008799999952316284,5,3,17
vit_b16,food101,random,37,3,17,0.8235294117647058,0,0.0,0,0.0,cifar100,cifar100,1,cifar100_shared_images,cifar100_shared_images,organsmnist,organmnist_views,dermamnist|organamnist|organsmnist,dermamnist|organmnist_views,14,2,0.8571428571428572,0.4390266885081927,0.42826668468316403,0.010760003825028674,0.30684417899873684,0.482919979095459,0.47023999094963076,0.012679988145828214,5,3,17
vit_b16,food101,random,38,3,17,0.8235294117647058,0,0.0,0,0.0,cifar100,cifar100,1,cifar100_shared_images,cifar100_shared_images,cifar10,cifar10,cifar10|organcmnist|pneumoniamnist,cifar10|organmnist_views|pneumoniamnist,14,3,0.7857142857142857,0.4390266885081927,0.4297333522995313,0.009293336208661407,0.26501906184018886,0.482919979095459,0.4767199754714966,0.006200003623962391,5,3,17
vit_b16,food101,random,39,3,17,0.8235294117647058,0,0.0,0,0.0,cifar100,cifar100,1,cifar100_shared_images,cifar100_shared_images,pathmnist,pathmnist,dermamnist|pathmnist|pneumoniamnist,dermamnist|pathmnist|pneumoniamnist,14,3,0.7857142857142857,0.4390266885081927,0.4254533547282219,0.013573333779970831,0.38707220998407704,0.482919979095459,0.4671599805355072,0.01575999855995175,5,3,17
vit_b16,food101,random,40,3,17,0.8235294117647058,0,0.0,0,0.0,cifar100,cifar100,1,cifar100_shared_images,cifar100_shared_images,pathmnist,pathmnist,pathmnist|pneumoniamnist|rendered_sst2,pathmnist|pneumoniamnist|rendered_sst2,14,3,0.7857142857142857,0.4390266885081927,0.4254533547282219,0.013573333779970831,0.38707220998407704,0.482919979095459,0.4671599805355072,0.01575999855995175,5,3,17
vit_b16,food101,random,41,3,17,0.8235294117647058,0,0.0,1,0.3333333333333333,cifar100,cifar100,1,cifar100_shared_images,cifar100_shared_images,cifar100_coarse,cifar100_shared_images,cifar100_coarse|octmnist|retinamnist,cifar100_shared_images|octmnist|retinamnist,14,3,0.7857142857142857,0.4390266885081927,0.430706689675649,0.008319998832543696,0.2372622958649846,0.482919979095459,0.4741199791431427,0.008799999952316284,5,3,17
vit_b16,food101,random,42,3,17,0.8235294117647058,1,0.3333333333333333,1,0.3333333333333333,cifar100,cifar100,1,cifar100_shared_images,cifar100_shared_images,cifar100,cifar100_shared_images,cifar100|pathmnist|retinamnist,cifar100_shared_images|pathmnist|retinamnist,14,3,0.7857142857142857,0.4390266885081927,0.4390266885081927,0.0,0.0,0.482919979095459,0.482919979095459,0.0,5,3,17
vit_b16,food101,random,43,3,17,0.8235294117647058,1,1.0,1,1.0,cifar100,cifar100,1,cifar100_shared_images,cifar100_shared_images,cifar100,cifar100_shared_images,cifar100|stl10|tiny_imagenet,cifar100_shared_images|stl10|tiny_imagenet,14,3,0.7857142857142857,0.4390266885081927,0.4390266885081927,0.0,0.0,0.482919979095459,0.482919979095459,0.0,5,3,17
vit_b16,food101,random,44,3,17,0.8235294117647058,0,0.3333333333333333,0,0.3333333333333333,cifar100,cifar100,1,cifar100_shared_images,cifar100_shared_images,tiny_imagenet,tiny_imagenet,breastmnist|retinamnist|tiny_imagenet,breastmnist|retinamnist|tiny_imagenet,14,3,0.7857142857142857,0.4390266885081927,0.4386133545041083,0.0004133340040843869,0.011787089967432818,0.482919979095459,0.48139998912811277,0.0015199899673462025,5,3,17
vit_b16,food101,random,45,3,17,0.8235294117647058,0,0.3333333333333333,0,0.3333333333333333,cifar100,cifar100,1,cifar100_shared_images,cifar100_shared_images,tiny_imagenet,tiny_imagenet,octmnist|pneumoniamnist|tiny_imagenet,octmnist|pneumoniamnist|tiny_imagenet,14,3,0.7857142857142857,0.4390266885081927,0.4386133545041083,0.0004133340040843869,0.011787089967432818,0.482919979095459,0.48139998912811277,0.0015199899673462025,5,3,17
vit_b16,food101,random,46,3,17,0.8235294117647058,0,0.0,1,0.3333333333333333,cifar100,cifar100,1,cifar100_shared_images,cifar100_shared_images,cifar100_coarse,cifar100_shared_images,cifar100_coarse|pathmnist|rendered_sst2,cifar100_shared_images|pathmnist|rendered_sst2,14,3,0.7857142857142857,0.4390266885081927,0.430706689675649,0.008319998832543696,0.2372622958649846,0.482919979095459,0.4741199791431427,0.008799999952316284,5,3,17
vit_b16,food101,random,47,3,17,0.8235294117647058,0,0.0,0,0.0,cifar100,cifar100,1,cifar100_shared_images,cifar100_shared_images,cifar10,cifar10,cifar10|octmnist|organcmnist,cifar10|octmnist|organmnist_views,14,3,0.7857142857142857,0.4390266885081927,0.4297333522995313,0.009293336208661407,0.26501906184018886,0.482919979095459,0.4767199754714966,0.006200003623962391,5,3,17
vit_b16,food101,random,48,3,17,0.8235294117647058,0,0.3333333333333333,0,0.3333333333333333,cifar100,cifar100,1,cifar100_shared_images,cifar100_shared_images,tiny_imagenet,tiny_imagenet,dermamnist|organsmnist|tiny_imagenet,dermamnist|organmnist_views|tiny_imagenet,14,3,0.7857142857142857,0.4390266885081927,0.4386133545041083,0.0004133340040843869,0.011787089967432818,0.482919979095459,0.48139998912811277,0.0015199899673462025,5,3,17
vit_b16,food101,random,49,3,17,0.8235294117647058,1,0.3333333333333333,1,0.3333333333333333,cifar100,cifar100,1,cifar100_shared_images,cifar100_shared_images,cifar100,cifar100_shared_images,breastmnist|cifar100|pneumoniamnist,breastmnist|cifar100_shared_images|pneumoniamnist,14,3,0.7857142857142857,0.4390266885081927,0.4390266885081927,0.0,0.0,0.482919979095459,0.482919979095459,0.0,5,3,17
vit_b16,food101,random,50,3,17,0.8235294117647058,0,0.0,0,0.0,cifar100,cifar100,1,cifar100_shared_images,cifar100_shared_images,breastmnist,breastmnist,breastmnist|octmnist|tissuemnist,breastmnist|octmnist|tissuemnist,14,3,0.7857142857142857,0.4390266885081927,0.4257333538134893,0.013293334694703396,0.37908744614603496,0.482919979095459,0.46787998676300047,0.015039992332458507,5,3,17
vit_b16,food101,random,51,3,17,0.8235294117647058,0,0.0,0,0.0,cifar100,cifar100,1,cifar100_shared_images,cifar100_shared_images,cifar10,cifar10,cifar10|pneumoniamnist|retinamnist,cifar10|pneumoniamnist|retinamnist,14,3,0.7857142857142857,0.4390266885081927,0.4297333522995313,0.009293336208661407,0.26501906184018886,0.482919979095459,0.4767199754714966,0.006200003623962391,5,3,17
vit_b16,food101,random,52,3,17,0.8235294117647058,0,0.0,0,0.0,cifar100,cifar100,1,cifar100_shared_images,cifar100_shared_images,breastmnist,breastmnist,breastmnist|rendered_sst2|retinamnist,breastmnist|rendered_sst2|retinamnist,14,3,0.7857142857142857,0.4390266885081927,0.4257333538134893,0.013293334694703396,0.37908744614603496,0.482919979095459,0.46787998676300047,0.015039992332458507,5,3,17
vit_b16,food101,random,53,3,17,0.8235294117647058,0,0.3333333333333333,0,0.3333333333333333,cifar100,cifar100,1,cifar100_shared_images,cifar100_shared_images,tiny_imagenet,tiny_imagenet,dermamnist|pathmnist|tiny_imagenet,dermamnist|pathmnist|tiny_imagenet,14,3,0.7857142857142857,0.4390266885081927,0.4386133545041083,0.0004133340040843869,0.011787089967432818,0.482919979095459,0.48139998912811277,0.0015199899673462025,5,3,17
vit_b16,food101,random,54,3,17,0.8235294117647058,1,0.3333333333333333,1,0.3333333333333333,cifar100,cifar100,1,cifar100_shared_images,cifar100_shared_images,cifar100,cifar100_shared_images,cifar100|organsmnist|pathmnist,cifar100_shared_images|organmnist_views|pathmnist,14,3,0.7857142857142857,0.4390266885081927,0.4390266885081927,0.0,0.0,0.482919979095459,0.482919979095459,0.0,5,3,17
vit_b16,food101,random,55,3,17,0.8235294117647058,0,0.0,0,0.0,cifar100,cifar100,1,cifar100_shared_images,cifar100_shared_images,cifar10,cifar10,cifar10|dermamnist|pathmnist,cifar10|dermamnist|pathmnist,14,3,0.7857142857142857,0.4390266885081927,0.4297333522995313,0.009293336208661407,0.26501906184018886,0.482919979095459,0.4767199754714966,0.006200003623962391,5,3,17
vit_b16,food101,random,56,3,17,0.8235294117647058,0,0.3333333333333333,0,0.3333333333333333,cifar100,cifar100,1,cifar100_shared_images,cifar100_shared_images,tiny_imagenet,tiny_imagenet,breastmnist|organsmnist|tiny_imagenet,breastmnist|organmnist_views|tiny_imagenet,14,3,0.7857142857142857,0.4390266885081927,0.4386133545041083,0.0004133340040843869,0.011787089967432818,0.482919979095459,0.48139998912811277,0.0015199899673462025,5,3,17
vit_b16,food101,random,57,3,17,0.8235294117647058,0,0.0,0,0.0,cifar100,cifar100,1,cifar100_shared_images,cifar100_shared_images,dermamnist,dermamnist,bloodmnist|dermamnist|retinamnist,bloodmnist|dermamnist|retinamnist,14,3,0.7857142857142857,0.4390266885081927,0.42368001879056294,0.015346669717629768,0.4376426204345084,0.482919979095459,0.47039998769760133,0.012519991397857644,5,3,17
vit_b16,food101,random,58,3,17,0.8235294117647058,0,0.3333333333333333,1,0.6666666666666666,cifar100,cifar100,1,cifar100_shared_images,cifar100_shared_images,tiny_imagenet,tiny_imagenet,cifar100_coarse|tiny_imagenet|tissuemnist,cifar100_shared_images|tiny_imagenet|tissuemnist,14,3,0.7857142857142857,0.4390266885081927,0.4386133545041083,0.0004133340040843869,0.011787089967432818,0.482919979095459,0.48139998912811277,0.0015199899673462025,5,3,17
vit_b16,food101,random,59,3,17,0.8235294117647058,0,0.3333333333333333,0,0.3333333333333333,cifar100,cifar100,1,cifar100_shared_images,cifar100_shared_images,stl10,stl10,pathmnist|pneumoniamnist|stl10,pathmnist|pneumoniamnist|stl10,14,3,0.7857142857142857,0.4390266885081927,0.4350000226418177,0.004026665866375012,0.11482886084074281,0.482919979095459,0.4804399847984314,0.0024799942970275546,5,3,17
vit_b16,food101,random,60,3,17,0.8235294117647058,0,0.0,0,0.0,cifar100,cifar100,1,cifar100_shared_images,cifar100_shared_images,breastmnist,breastmnist,breastmnist|octmnist|rendered_sst2,breastmnist|octmnist|rendered_sst2,14,3,0.7857142857142857,0.4390266885081927,0.4257333538134893,0.013293334694703396,0.37908744614603496,0.482919979095459,0.46787998676300047,0.015039992332458507,5,3,17
vit_b16,food101,random,61,3,17,0.8235294117647058,0,0.0,0,0.0,cifar100,cifar100,1,cifar100_shared_images,cifar100_shared_images,pathmnist,pathmnist,octmnist|pathmnist|tissuemnist,octmnist|pathmnist|tissuemnist,14,3,0.7857142857142857,0.4390266885081927,0.4254533547282219,0.013573333779970831,0.38707220998407704,0.482919979095459,0.4671599805355072,0.01575999855995175,5,3,17
vit_b16,food101,random,62,3,17,0.8235294117647058,0,0.3333333333333333,0,0.3333333333333333,cifar100,cifar100,1,cifar100_shared_images,cifar100_shared_images,tiny_imagenet,tiny_imagenet,bloodmnist|tiny_imagenet|tissuemnist,bloodmnist|tiny_imagenet|tissuemnist,14,3,0.7857142857142857,0.4390266885081927,0.4386133545041083,0.0004133340040843869,0.011787089967432818,0.482919979095459,0.48139998912811277,0.0015199899673462025,5,3,17
vit_b16,food101,random,63,3,17,0.8235294117647058,0,0.0,0,0.0,cifar100,cifar100,1,cifar100_shared_images,cifar100_shared_images,cifar10,cifar10,breastmnist|cifar10|pneumoniamnist,breastmnist|cifar10|pneumoniamnist,14,3,0.7857142857142857,0.4390266885081927,0.4297333522995313,0.009293336208661407,0.26501906184018886,0.482919979095459,0.4767199754714966,0.006200003623962391,5,3,17
vit_b16,food101,random,64,3,17,0.8235294117647058,0,0.3333333333333333,0,0.3333333333333333,cifar100,cifar100,1,cifar100_shared_images,cifar100_shared_images,stl10,stl10,dermamnist|pathmnist|stl10,dermamnist|pathmnist|stl10,14,3,0.7857142857142857,0.4390266885081927,0.4350000226418177,0.004026665866375012,0.11482886084074281,0.482919979095459,0.4804399847984314,0.0024799942970275546,5,3,17
vit_b16,food101,random,65,3,17,0.8235294117647058,0,0.0,0,0.0,cifar100,cifar100,1,cifar100_shared_images,cifar100_shared_images,organamnist,organmnist_views,breastmnist|organamnist|pathmnist,breastmnist|organmnist_views|pathmnist,14,3,0.7857142857142857,0.4390266885081927,0.4276933561325073,0.011333332375685401,0.3231938505493722,0.482919979095459,0.47003998756408694,0.012879991531372037,5,3,17
vit_b16,food101,random,66,3,17,0.8235294117647058,0,0.0,0,0.0,cifar100,cifar100,1,cifar100_shared_images,cifar100_shared_images,breastmnist,breastmnist,breastmnist|octmnist|pathmnist,breastmnist|octmnist|pathmnist,14,3,0.7857142857142857,0.4390266885081927,0.4257333538134893,0.013293334694703396,0.37908744614603496,0.482919979095459,0.46787998676300047,0.015039992332458507,5,3,17
vit_b16,food101,random,67,3,17,0.8235294117647058,0,0.3333333333333333,0,0.3333333333333333,cifar100,cifar100,1,cifar100_shared_images,cifar100_shared_images,tiny_imagenet,tiny_imagenet,organamnist|retinamnist|tiny_imagenet,organmnist_views|retinamnist|tiny_imagenet,14,3,0.7857142857142857,0.4390266885081927,0.4386133545041083,0.0004133340040843869,0.011787089967432818,0.482919979095459,0.48139998912811277,0.0015199899673462025,5,3,17
vit_b16,food101,random,68,3,17,0.8235294117647058,0,0.0,0,0.0,cifar100,cifar100,1,cifar100_shared_images,cifar100_shared_images,cifar10,cifar10,cifar10|dermamnist|rendered_sst2,cifar10|dermamnist|rendered_sst2,14,3,0.7857142857142857,0.4390266885081927,0.4297333522995313,0.009293336208661407,0.26501906184018886,0.482919979095459,0.4767199754714966,0.006200003623962391,5,3,17
vit_b16,food101,random,69,3,17,0.8235294117647058,1,0.3333333333333333,1,0.3333333333333333,cifar100,cifar100,1,cifar100_shared_images,cifar100_shared_images,cifar100,cifar100_shared_images,cifar100|organsmnist|pneumoniamnist,cifar100_shared_images|organmnist_views|pneumoniamnist,14,3,0.7857142857142857,0.4390266885081927,0.4390266885081927,0.0,0.0,0.482919979095459,0.482919979095459,0.0,5,3,17
vit_b16,food101,random,70,3,17,0.8235294117647058,0,0.0,0,0.0,cifar100,cifar100,1,cifar100_shared_images,cifar100_shared_images,cifar10,cifar10,cifar10|octmnist|pneumoniamnist,cifar10|octmnist|pneumoniamnist,14,3,0.7857142857142857,0.4390266885081927,0.4297333522995313,0.009293336208661407,0.26501906184018886,0.482919979095459,0.4767199754714966,0.006200003623962391,5,3,17
vit_b16,food101,random,71,3,17,0.8235294117647058,0,0.0,0,0.0,cifar100,cifar100,1,cifar100_shared_images,cifar100_shared_images,breastmnist,breastmnist,breastmnist|dermamnist|tissuemnist,breastmnist|dermamnist|tissuemnist,14,3,0.7857142857142857,0.4390266885081927,0.4257333538134893,0.013293334694703396,0.37908744614603496,0.482919979095459,0.46787998676300047,0.015039992332458507,5,3,17
vit_b16,food101,random,72,3,17,0.8235294117647058,1,0.3333333333333333,1,0.3333333333333333,cifar100,cifar100,1,cifar100_shared_images,cifar100_shared_images,cifar100,cifar100_shared_images,cifar100|octmnist|rendered_sst2,cifar100_shared_images|octmnist|rendered_sst2,14,3,0.7857142857142857,0.4390266885081927,0.4390266885081927,0.0,0.0,0.482919979095459,0.482919979095459,0.0,5,3,17
vit_b16,food101,random,73,3,17,0.8235294117647058,0,0.0,0,0.0,cifar100,cifar100,1,cifar100_shared_images,cifar100_shared_images,breastmnist,breastmnist,breastmnist|rendered_sst2|retinamnist,breastmnist|rendered_sst2|retinamnist,14,3,0.7857142857142857,0.4390266885081927,0.4257333538134893,0.013293334694703396,0.37908744614603496,0.482919979095459,0.46787998676300047,0.015039992332458507,5,3,17
vit_b16,food101,random,74,3,17,0.8235294117647058,0,0.3333333333333333,0,0.3333333333333333,cifar100,cifar100,1,cifar100_shared_images,cifar100_shared_images,tiny_imagenet,tiny_imagenet,pneumoniamnist|rendered_sst2|tiny_imagenet,pneumoniamnist|rendered_sst2|tiny_imagenet,14,3,0.7857142857142857,0.4390266885081927,0.4386133545041083,0.0004133340040843869,0.011787089967432818,0.482919979095459,0.48139998912811277,0.0015199899673462025,5,3,17
vit_b16,food101,random,75,3,17,0.8235294117647058,1,0.3333333333333333,1,0.3333333333333333,cifar100,cifar100,1,cifar100_shared_images,cifar100_shared_images,cifar100,cifar100_shared_images,cifar100|dermamnist|pneumoniamnist,cifar100_shared_images|dermamnist|pneumoniamnist,14,3,0.7857142857142857,0.4390266885081927,0.4390266885081927,0.0,0.0,0.482919979095459,0.482919979095459,0.0,5,3,17
vit_b16,food101,random,76,3,17,0.8235294117647058,0,0.0,0,0.0,cifar100,cifar100,1,cifar100_shared_images,cifar100_shared_images,breastmnist,breastmnist,breastmnist|pneumoniamnist|tissuemnist,breastmnist|pneumoniamnist|tissuemnist,14,3,0.7857142857142857,0.4390266885081927,0.4257333538134893,0.013293334694703396,0.37908744614603496,0.482919979095459,0.46787998676300047,0.015039992332458507,5,3,17
vit_b16,food101,random,77,3,17,0.8235294117647058,1,0.6666666666666666,1,0.6666666666666666,cifar100,cifar100,1,cifar100_shared_images,cifar100_shared_images,cifar100,cifar100_shared_images,cifar100|stl10|tissuemnist,cifar100_shared_images|stl10|tissuemnist,14,3,0.7857142857142857,0.4390266885081927,0.4390266885081927,0.0,0.0,0.482919979095459,0.482919979095459,0.0,5,3,17
vit_b16,food101,random,78,3,17,0.8235294117647058,0,0.0,0,0.0,cifar100,cifar100,1,cifar100_shared_images,cifar100_shared_images,bloodmnist,bloodmnist,bloodmnist|octmnist|rendered_sst2,bloodmnist|octmnist|rendered_sst2,14,3,0.7857142857142857,0.4390266885081927,0.42096002134084703,0.018066667167345674,0.5152090783938773,0.482919979095459,0.4639999747276306,0.01892000436782837,5,3,17
vit_b16,food101,random,79,3,17,0.8235294117647058,0,0.0,0,0.0,cifar100,cifar100,1,cifar100_shared_images,cifar100_shared_images,pathmnist,pathmnist,bloodmnist|pathmnist|rendered_sst2,bloodmnist|pathmnist|rendered_sst2,14,3,0.7857142857142857,0.4390266885081927,0.4254533547282219,0.013573333779970831,0.38707220998407704,0.482919979095459,0.4671599805355072,0.01575999855995175,5,3,17
vit_b16,food101,random,80,3,17,0.8235294117647058,0,0.3333333333333333,0,0.3333333333333333,cifar100,cifar100,1,cifar100_shared_images,cifar100_shared_images,stl10,stl10,breastmnist|organcmnist|stl10,breastmnist|organmnist_views|stl10,14,3,0.7857142857142857,0.4390266885081927,0.4350000226418177,0.004026665866375012,0.11482886084074281,0.482919979095459,0.4804399847984314,0.0024799942970275546,5,3,17
vit_b16,food101,random,81,3,17,0.8235294117647058,0,0.3333333333333333,0,0.3333333333333333,cifar100,cifar100,1,cifar100_shared_images,cifar100_shared_images,tiny_imagenet,tiny_imagenet,rendered_sst2|retinamnist|tiny_imagenet,rendered_sst2|retinamnist|tiny_imagenet,14,3,0.7857142857142857,0.4390266885081927,0.4386133545041083,0.0004133340040843869,0.011787089967432818,0.482919979095459,0.48139998912811277,0.0015199899673462025,5,3,17
vit_b16,food101,random,82,3,17,0.8235294117647058,0,0.0,0,0.0,cifar100,cifar100,1,cifar100_shared_images,cifar100_shared_images,pathmnist,pathmnist,pathmnist|rendered_sst2|retinamnist,pathmnist|rendered_sst2|retinamnist,14,3,0.7857142857142857,0.4390266885081927,0.4254533547282219,0.013573333779970831,0.38707220998407704,0.482919979095459,0.4671599805355072,0.01575999855995175,5,3,17
vit_b16,food101,random,83,3,17,0.8235294117647058,0,0.0,1,0.3333333333333333,cifar100,cifar100,1,cifar100_shared_images,cifar100_shared_images,cifar100_coarse,cifar100_shared_images,cifar100_coarse|organcmnist|rendered_sst2,cifar100_shared_images|organmnist_views|rendered_sst2,14,3,0.7857142857142857,0.4390266885081927,0.430706689675649,0.008319998832543696,0.2372622958649846,0.482919979095459,0.4741199791431427,0.008799999952316284,5,3,17
vit_b16,food101,random,84,3,17,0.8235294117647058,0,0.3333333333333333,1,0.6666666666666666,cifar100,cifar100,1,cifar100_shared_images,cifar100_shared_images,tiny_imagenet,tiny_imagenet,cifar100_coarse|organsmnist|tiny_imagenet,cifar100_shared_images|organmnist_views|tiny_imagenet,14,3,0.7857142857142857,0.4390266885081927,0.4386133545041083,0.0004133340040843869,0.011787089967432818,0.482919979095459,0.48139998912811277,0.0015199899673462025,5,3,17
vit_b16,food101,random,85,3,17,0.8235294117647058,1,0.3333333333333333,1,0.3333333333333333,cifar100,cifar100,1,cifar100_shared_images,cifar100_shared_images,cifar100,cifar100_shared_images,cifar100|organsmnist|tissuemnist,cifar100_shared_images|organmnist_views|tissuemnist,14,3,0.7857142857142857,0.4390266885081927,0.4390266885081927,0.0,0.0,0.482919979095459,0.482919979095459,0.0,5,3,17
vit_b16,food101,random,86,3,17,0.8235294117647058,0,0.0,0,0.0,cifar100,cifar100,1,cifar100_shared_images,cifar100_shared_images,cifar10,cifar10,breastmnist|cifar10|pneumoniamnist,breastmnist|cifar10|pneumoniamnist,14,3,0.7857142857142857,0.4390266885081927,0.4297333522995313,0.009293336208661407,0.26501906184018886,0.482919979095459,0.4767199754714966,0.006200003623962391,5,3,17
vit_b16,food101,random,87,3,17,0.8235294117647058,0,0.0,0,0.0,cifar100,cifar100,1,cifar100_shared_images,cifar100_shared_images,breastmnist,breastmnist,breastmnist|octmnist|tissuemnist,breastmnist|octmnist|tissuemnist,14,3,0.7857142857142857,0.4390266885081927,0.4257333538134893,0.013293334694703396,0.37908744614603496,0.482919979095459,0.46787998676300047,0.015039992332458507,5,3,17
vit_b16,food101,random,88,3,17,0.8235294117647058,0,0.0,1,0.3333333333333333,cifar100,cifar100,1,cifar100_shared_images,cifar100_shared_images,cifar100_coarse,cifar100_shared_images,breastmnist|cifar100_coarse|rendered_sst2,breastmnist|cifar100_shared_images|rendered_sst2,14,3,0.7857142857142857,0.4390266885081927,0.430706689675649,0.008319998832543696,0.2372622958649846,0.482919979095459,0.4741199791431427,0.008799999952316284,5,3,17
vit_b16,food101,random,89,3,17,0.8235294117647058,0,0.0,0,0.0,cifar100,cifar100,1,cifar100_shared_images,cifar100_shared_images,organcmnist,organmnist_views,breastmnist|organcmnist|tissuemnist,breastmnist|organmnist_views|tissuemnist,14,3,0.7857142857142857,0.4390266885081927,0.427906686758995,0.011120001749197694,0.31711027827520233,0.482919979095459,0.47171998023986816,0.01119999885559081,5,3,17
vit_b16,food101,random,90,3,17,0.8235294117647058,0,0.0,0,0.0,cifar100,cifar100,1,cifar100_shared_images,cifar100_shared_images,cifar10,cifar10,cifar10|octmnist|pathmnist,cifar10|octmnist|pathmnist,14,3,0.7857142857142857,0.4390266885081927,0.4297333522995313,0.009293336208661407,0.26501906184018886,0.482919979095459,0.4767199754714966,0.006200003623962391,5,3,17
vit_b16,food101,random,91,3,17,0.8235294117647058,0,0.0,0,0.0,cifar100,cifar100,1,cifar100_shared_images,cifar100_shared_images,pathmnist,pathmnist,pathmnist|pneumoniamnist|retinamnist,pathmnist|pneumoniamnist|retinamnist,14,3,0.7857142857142857,0.4390266885081927,0.4254533547282219,0.013573333779970831,0.38707220998407704,0.482919979095459,0.4671599805355072,0.01575999855995175,5,3,17
vit_b16,food101,random,92,3,17,0.8235294117647058,0,0.3333333333333333,0,0.3333333333333333,cifar100,cifar100,1,cifar100_shared_images,cifar100_shared_images,tiny_imagenet,tiny_imagenet,organamnist|pneumoniamnist|tiny_imagenet,organmnist_views|pneumoniamnist|tiny_imagenet,14,3,0.7857142857142857,0.4390266885081927,0.4386133545041083,0.0004133340040843869,0.011787089967432818,0.482919979095459,0.48139998912811277,0.0015199899673462025,5,3,17
vit_b16,food101,random,93,3,17,0.8235294117647058,0,0.0,0,0.0,cifar100,cifar100,1,cifar100_shared_images,cifar100_shared_images,pathmnist,pathmnist,bloodmnist|pathmnist|rendered_sst2,bloodmnist|pathmnist|rendered_sst2,14,3,0.7857142857142857,0.4390266885081927,0.4254533547282219,0.013573333779970831,0.38707220998407704,0.482919979095459,0.4671599805355072,0.01575999855995175,5,3,17
vit_b16,food101,random,94,3,17,0.8235294117647058,0,0.3333333333333333,0,0.3333333333333333,cifar100,cifar100,1,cifar100_shared_images,cifar100_shared_images,stl10,stl10,cifar10|retinamnist|stl10,cifar10|retinamnist|stl10,14,3,0.7857142857142857,0.4390266885081927,0.4350000226418177,0.004026665866375012,0.11482886084074281,0.482919979095459,0.4804399847984314,0.0024799942970275546,5,3,17
vit_b16,food101,random,95,3,17,0.8235294117647058,1,0.6666666666666666,1,0.6666666666666666,cifar100,cifar100,1,cifar100_shared_images,cifar100_shared_images,cifar100,cifar100_shared_images,cifar10|cifar100|tiny_imagenet,cifar10|cifar100_shared_images|tiny_imagenet,14,3,0.7857142857142857,0.4390266885081927,0.4390266885081927,0.0,0.0,0.482919979095459,0.482919979095459,0.0,5,3,17
vit_b16,food101,random,96,3,17,0.8235294117647058,1,0.3333333333333333,1,0.3333333333333333,cifar100,cifar100,1,cifar100_shared_images,cifar100_shared_images,cifar100,cifar100_shared_images,cifar100|dermamnist|octmnist,cifar100_shared_images|dermamnist|octmnist,14,3,0.7857142857142857,0.4390266885081927,0.4390266885081927,0.0,0.0,0.482919979095459,0.482919979095459,0.0,5,3,17
vit_b16,food101,random,97,3,17,0.8235294117647058,0,0.3333333333333333,0,0.3333333333333333,cifar100,cifar100,1,cifar100_shared_images,cifar100_shared_images,tiny_imagenet,tiny_imagenet,bloodmnist|organamnist|tiny_imagenet,bloodmnist|organmnist_views|tiny_imagenet,14,3,0.7857142857142857,0.4390266885081927,0.4386133545041083,0.0004133340040843869,0.011787089967432818,0.482919979095459,0.48139998912811277,0.0015199899673462025,5,3,17
vit_b16,food101,random,98,3,17,0.8235294117647058,0,0.3333333333333333,0,0.3333333333333333,cifar100,cifar100,1,cifar100_shared_images,cifar100_shared_images,stl10,stl10,organamnist|organsmnist|stl10,organmnist_views|stl10,14,2,0.8571428571428572,0.4390266885081927,0.4350000226418177,0.004026665866375012,0.11482886084074281,0.482919979095459,0.4804399847984314,0.0024799942970275546,5,3,17
vit_b16,food101,random,99,3,17,0.8235294117647058,0,0.0,0,0.0,cifar100,cifar100,1,cifar100_shared_images,cifar100_shared_images,pathmnist,pathmnist,octmnist|pathmnist|retinamnist,octmnist|pathmnist|retinamnist,14,3,0.7857142857142857,0.4390266885081927,0.4254533547282219,0.013573333779970831,0.38707220998407704,0.482919979095459,0.4671599805355072,0.01575999855995175,5,3,17
vit_b16,food101,rank_only,-1,5,17,0.7058823529411764,1,1.0,1,1.0,cifar100,cifar100,1,cifar100_shared_images,cifar100_shared_images,cifar100,cifar100_shared_images,tiny_imagenet|cifar100_coarse|cifar100|stl10|cifar10,cifar10|cifar100_shared_images|stl10|tiny_imagenet,14,4,0.7142857142857143,0.4390266885081927,0.4390266885081927,0.0,0.0,0.482919979095459,0.482919979095459,0.0,5,5,17
vit_b16,food101,facility_subspace,-1,5,17,0.7058823529411764,1,0.6666666666666666,1,0.6666666666666666,cifar100,cifar100,1,cifar100_shared_images,cifar100_shared_images,cifar100,cifar100_shared_images,organsmnist|cifar100|rendered_sst2|stl10|dermamnist,cifar100_shared_images|dermamnist|organmnist_views|rendered_sst2|stl10,14,5,0.6428571428571428,0.4390266885081927,0.4390266885081927,0.0,0.0,0.482919979095459,0.482919979095459,0.0,5,5,17
vit_b16,food101,kcenter_subspace,-1,5,17,0.7058823529411764,0,0.6666666666666666,0,0.6666666666666666,cifar100,cifar100,1,cifar100_shared_images,cifar100_shared_images,tiny_imagenet,tiny_imagenet,tiny_imagenet|rendered_sst2|bloodmnist|stl10|octmnist,bloodmnist|octmnist|rendered_sst2|stl10|tiny_imagenet,14,5,0.6428571428571428,0.4390266885081927,0.4386133545041083,0.0004133340040843869,0.011787089967432818,0.482919979095459,0.48139998912811277,0.0015199899673462025,5,5,17
vit_b16,food101,dpp_subspace,-1,5,17,0.7058823529411764,0,0.6666666666666666,1,1.0,cifar100,cifar100,1,cifar100_shared_images,cifar100_shared_images,tiny_imagenet,tiny_imagenet,tiny_imagenet|stl10|cifar100_coarse|cifar10|organsmnist,cifar10|cifar100_shared_images|organmnist_views|stl10|tiny_imagenet,14,5,0.6428571428571428,0.4390266885081927,0.4386133545041083,0.0004133340040843869,0.011787089967432818,0.482919979095459,0.48139998912811277,0.0015199899673462025,5,5,17
vit_b16,food101,pool_vendi_subspace,-1,5,17,0.7058823529411764,0,0.6666666666666666,0,0.6666666666666666,cifar100,cifar100,1,cifar100_shared_images,cifar100_shared_images,tiny_imagenet,tiny_imagenet,tiny_imagenet|rendered_sst2|bloodmnist|stl10|octmnist,bloodmnist|octmnist|rendered_sst2|stl10|tiny_imagenet,14,5,0.6428571428571428,0.4390266885081927,0.4386133545041083,0.0004133340040843869,0.011787089967432818,0.482919979095459,0.48139998912811277,0.0015199899673462025,5,5,17
vit_b16,food101,full_merged_rank,-1,5,17,0.7058823529411764,1,1.0,1,1.0,cifar100,cifar100,1,cifar100_shared_images,cifar100_shared_images,cifar100,cifar100_shared_images,tiny_imagenet|stl10|cifar100_coarse|cifar100|cifar10,cifar10|cifar100_shared_images|stl10|tiny_imagenet,14,4,0.7142857142857143,0.4390266885081927,0.4390266885081927,0.0,0.0,0.482919979095459,0.482919979095459,0.0,5,5,17
vit_b16,food101,random,0,5,17,0.7058823529411764,0,0.0,1,0.3333333333333333,cifar100,cifar100,1,cifar100_shared_images,cifar100_shared_images,cifar100_coarse,cifar100_shared_images,cifar10|cifar100_coarse|octmnist|rendered_sst2|retinamnist,cifar10|cifar100_shared_images|octmnist|rendered_sst2|retinamnist,14,5,0.6428571428571428,0.4390266885081927,0.430706689675649,0.008319998832543696,0.2372622958649846,0.482919979095459,0.4741199791431427,0.008799999952316284,5,5,17
vit_b16,food101,random,1,5,17,0.7058823529411764,0,0.3333333333333333,0,0.3333333333333333,cifar100,cifar100,1,cifar100_shared_images,cifar100_shared_images,tiny_imagenet,tiny_imagenet,breastmnist|dermamnist|octmnist|pneumoniamnist|tiny_imagenet,breastmnist|dermamnist|octmnist|pneumoniamnist|tiny_imagenet,14,5,0.6428571428571428,0.4390266885081927,0.4386133545041083,0.0004133340040843869,0.011787089967432818,0.482919979095459,0.48139998912811277,0.0015199899673462025,5,5,17
vit_b16,food101,random,2,5,17,0.7058823529411764,0,0.0,0,0.0,cifar100,cifar100,1,cifar100_shared_images,cifar100_shared_images,cifar10,cifar10,cifar10|dermamnist|octmnist|organsmnist|rendered_sst2,cifar10|dermamnist|octmnist|organmnist_views|rendered_sst2,14,5,0.6428571428571428,0.4390266885081927,0.4297333522995313,0.009293336208661407,0.26501906184018886,0.482919979095459,0.4767199754714966,0.006200003623962391,5,5,17
vit_b16,food101,random,3,5,17,0.7058823529411764,0,0.0,0,0.0,cifar100,cifar100,1,cifar100_shared_images,cifar100_shared_images,cifar10,cifar10,bloodmnist|breastmnist|cifar10|organsmnist|retinamnist,bloodmnist|breastmnist|cifar10|organmnist_views|retinamnist,14,5,0.6428571428571428,0.4390266885081927,0.4297333522995313,0.009293336208661407,0.26501906184018886,0.482919979095459,0.4767199754714966,0.006200003623962391,5,5,17
vit_b16,food101,random,4,5,17,0.7058823529411764,0,0.0,0,0.0,cifar100,cifar100,1,cifar100_shared_images,cifar100_shared_images,cifar10,cifar10,breastmnist|cifar10|organamnist|rendered_sst2|retinamnist,breastmnist|cifar10|organmnist_views|rendered_sst2|retinamnist,14,5,0.6428571428571428,0.4390266885081927,0.4297333522995313,0.009293336208661407,0.26501906184018886,0.482919979095459,0.4767199754714966,0.006200003623962391,5,5,17
vit_b16,food101,random,5,5,17,0.7058823529411764,0,0.3333333333333333,0,0.3333333333333333,cifar100,cifar100,1,cifar100_shared_images,cifar100_shared_images,tiny_imagenet,tiny_imagenet,bloodmnist|organamnist|pneumoniamnist|rendered_sst2|tiny_imagenet,bloodmnist|organmnist_views|pneumoniamnist|rendered_sst2|tiny_imagenet,14,5,0.6428571428571428,0.4390266885081927,0.4386133545041083,0.0004133340040843869,0.011787089967432818,0.482919979095459,0.48139998912811277,0.0015199899673462025,5,5,17
vit_b16,food101,random,6,5,17,0.7058823529411764,0,0.0,0,0.0,cifar100,cifar100,1,cifar100_shared_images,cifar100_shared_images,organsmnist,organmnist_views,bloodmnist|organsmnist|pathmnist|rendered_sst2|tissuemnist,bloodmnist|organmnist_views|pathmnist|rendered_sst2|tissuemnist,14,5,0.6428571428571428,0.4390266885081927,0.42826668468316403,0.010760003825028674,0.30684417899873684,0.482919979095459,0.47023999094963076,0.012679988145828214,5,5,17
vit_b16,food101,random,7,5,17,0.7058823529411764,0,0.3333333333333333,0,0.3333333333333333,cifar100,cifar100,1,cifar100_shared_images,cifar100_shared_images,tiny_imagenet,tiny_imagenet,bloodmnist|breastmnist|organcmnist|tiny_imagenet|tissuemnist,bloodmnist|breastmnist|organmnist_views|tiny_imagenet|tissuemnist,14,5,0.6428571428571428,0.4390266885081927,0.4386133545041083,0.0004133340040843869,0.011787089967432818,0.482919979095459,0.48139998912811277,0.0015199899673462025,5,5,17
vit_b16,food101,random,8,5,17,0.7058823529411764,0,0.0,1,0.3333333333333333,cifar100,cifar100,1,cifar100_shared_images,cifar100_shared_images,cifar100_coarse,cifar100_shared_images,breastmnist|cifar100_coarse|octmnist|organamnist|retinamnist,breastmnist|cifar100_shared_images|octmnist|organmnist_views|retinamnist,14,5,0.6428571428571428,0.4390266885081927,0.430706689675649,0.008319998832543696,0.2372622958649846,0.482919979095459,0.4741199791431427,0.008799999952316284,5,5,17
vit_b16,food101,random,9,5,17,0.7058823529411764,1,0.3333333333333333,1,0.3333333333333333,cifar100,cifar100,1,cifar100_shared_images,cifar100_shared_images,cifar100,cifar100_shared_images,cifar100|octmnist|pneumoniamnist|rendered_sst2|tissuemnist,cifar100_shared_images|octmnist|pneumoniamnist|rendered_sst2|tissuemnist,14,5,0.6428571428571428,0.4390266885081927,0.4390266885081927,0.0,0.0,0.482919979095459,0.482919979095459,0.0,5,5,17
vit_b16,food101,random,10,5,17,0.7058823529411764,0,0.0,0,0.0,cifar100,cifar100,1,cifar100_shared_images,cifar100_shared_images,organsmnist,organmnist_views,bloodmnist|organamnist|organsmnist|pneumoniamnist|tissuemnist,bloodmnist|organmnist_views|pneumoniamnist|tissuemnist,14,4,0.7142857142857143,0.4390266885081927,0.42826668468316403,0.010760003825028674,0.30684417899873684,0.482919979095459,0.47023999094963076,0.012679988145828214,5,5,17
vit_b16,food101,random,11,5,17,0.7058823529411764,1,0.6666666666666666,1,0.6666666666666666,cifar100,cifar100,1,cifar100_shared_images,cifar100_shared_images,cifar100,cifar100_shared_images,breastmnist|cifar100|pneumoniamnist|rendered_sst2|tiny_imagenet,breastmnist|cifar100_shared_images|pneumoniamnist|rendered_sst2|tiny_imagenet,14,5,0.6428571428571428,0.4390266885081927,0.4390266885081927,0.0,0.0,0.482919979095459,0.482919979095459,0.0,5,5,17
vit_b16,food101,random,12,5,17,0.7058823529411764,0,0.3333333333333333,1,0.6666666666666666,cifar100,cifar100,1,cifar100_shared_images,cifar100_shared_images,tiny_imagenet,tiny_imagenet,cifar100_coarse|organcmnist|organsmnist|pneumoniamnist|tiny_imagenet,cifar100_shared_images|organmnist_views|pneumoniamnist|tiny_imagenet,14,4,0.7142857142857143,0.4390266885081927,0.4386133545041083,0.0004133340040843869,0.011787089967432818,0.482919979095459,0.48139998912811277,0.0015199899673462025,5,5,17
vit_b16,food101,random,13,5,17,0.7058823529411764,1,0.3333333333333333,1,0.3333333333333333,cifar100,cifar100,1,cifar100_shared_images,cifar100_shared_images,cifar100,cifar100_shared_images,bloodmnist|cifar100|organcmnist|pathmnist|pneumoniamnist,bloodmnist|cifar100_shared_images|organmnist_views|pathmnist|pneumoniamnist,14,5,0.6428571428571428,0.4390266885081927,0.4390266885081927,0.0,0.0,0.482919979095459,0.482919979095459,0.0,5,5,17
vit_b16,food101,random,14,5,17,0.7058823529411764,0,0.3333333333333333,0,0.3333333333333333,cifar100,cifar100,1,cifar100_shared_images,cifar100_shared_images,stl10,stl10,cifar10|octmnist|organamnist|stl10|tissuemnist,cifar10|octmnist|organmnist_views|stl10|tissuemnist,14,5,0.6428571428571428,0.4390266885081927,0.4350000226418177,0.004026665866375012,0.11482886084074281,0.482919979095459,0.4804399847984314,0.0024799942970275546,5,5,17
vit_b16,food101,random,15,5,17,0.7058823529411764,0,0.3333333333333333,0,0.3333333333333333,cifar100,cifar100,1,cifar100_shared_images,cifar100_shared_images,tiny_imagenet,tiny_imagenet,cifar10|organamnist|organsmnist|rendered_sst2|tiny_imagenet,cifar10|organmnist_views|rendered_sst2|tiny_imagenet,14,4,0.7142857142857143,0.4390266885081927,0.4386133545041083,0.0004133340040843869,0.011787089967432818,0.482919979095459,0.48139998912811277,0.0015199899673462025,5,5,17
vit_b16,food101,random,16,5,17,0.7058823529411764,0,0.3333333333333333,0,0.3333333333333333,cifar100,cifar100,1,cifar100_shared_images,cifar100_shared_images,stl10,stl10,bloodmnist|dermamnist|organsmnist|pneumoniamnist|stl10,bloodmnist|dermamnist|organmnist_views|pneumoniamnist|stl10,14,5,0.6428571428571428,0.4390266885081927,0.4350000226418177,0.004026665866375012,0.11482886084074281,0.482919979095459,0.4804399847984314,0.0024799942970275546,5,5,17
vit_b16,food101,random,17,5,17,0.7058823529411764,1,0.3333333333333333,1,0.3333333333333333,cifar100,cifar100,1,cifar100_shared_images,cifar100_shared_images,cifar100,cifar100_shared_images,bloodmnist|cifar100|organsmnist|pneumoniamnist|retinamnist,bloodmnist|cifar100_shared_images|organmnist_views|pneumoniamnist|retinamnist,14,5,0.6428571428571428,0.4390266885081927,0.4390266885081927,0.0,0.0,0.482919979095459,0.482919979095459,0.0,5,5,17
vit_b16,food101,random,18,5,17,0.7058823529411764,0,0.6666666666666666,0,0.6666666666666666,cifar100,cifar100,1,cifar100_shared_images,cifar100_shared_images,tiny_imagenet,tiny_imagenet,cifar10|dermamnist|retinamnist|stl10|tiny_imagenet,cifar10|dermamnist|retinamnist|stl10|tiny_imagenet,14,5,0.6428571428571428,0.4390266885081927,0.4386133545041083,0.0004133340040843869,0.011787089967432818,0.482919979095459,0.48139998912811277,0.0015199899673462025,5,5,17
vit_b16,food101,random,19,5,17,0.7058823529411764,0,0.3333333333333333,0,0.3333333333333333,cifar100,cifar100,1,cifar100_shared_images,cifar100_shared_images,tiny_imagenet,tiny_imagenet,cifar10|organamnist|retinamnist|tiny_imagenet|tissuemnist,cifar10|organmnist_views|retinamnist|tiny_imagenet|tissuemnist,14,5,0.6428571428571428,0.4390266885081927,0.4386133545041083,0.0004133340040843869,0.011787089967432818,0.482919979095459,0.48139998912811277,0.0015199899673462025,5,5,17
vit_b16,food101,random,20,5,17,0.7058823529411764,0,0.3333333333333333,1,0.6666666666666666,cifar100,cifar100,1,cifar100_shared_images,cifar100_shared_images,tiny_imagenet,tiny_imagenet,bloodmnist|cifar10|cifar100_coarse|pneumoniamnist|tiny_imagenet,bloodmnist|cifar10|cifar100_shared_images|pneumoniamnist|tiny_imagenet,14,5,0.6428571428571428,0.4390266885081927,0.4386133545041083,0.0004133340040843869,0.011787089967432818,0.482919979095459,0.48139998912811277,0.0015199899673462025,5,5,17
vit_b16,food101,random,21,5,17,0.7058823529411764,1,0.6666666666666666,1,0.6666666666666666,cifar100,cifar100,1,cifar100_shared_images,cifar100_shared_images,cifar100,cifar100_shared_images,bloodmnist|breastmnist|cifar10|cifar100|stl10,bloodmnist|breastmnist|cifar10|cifar100_shared_images|stl10,14,5,0.6428571428571428,0.4390266885081927,0.4390266885081927,0.0,0.0,0.482919979095459,0.482919979095459,0.0,5,5,17
vit_b16,food101,random,22,5,17,0.7058823529411764,0,0.3333333333333333,1,0.6666666666666666,cifar100,cifar100,1,cifar100_shared_images,cifar100_shared_images,tiny_imagenet,tiny_imagenet,cifar10|cifar100_coarse|octmnist|organamnist|tiny_imagenet,cifar10|cifar100_shared_images|octmnist|organmnist_views|tiny_imagenet,14,5,0.6428571428571428,0.4390266885081927,0.4386133545041083,0.0004133340040843869,0.011787089967432818,0.482919979095459,0.48139998912811277,0.0015199899673462025,5,5,17
vit_b16,food101,random,23,5,17,0.7058823529411764,0,0.3333333333333333,0,0.3333333333333333,cifar100,cifar100,1,cifar100_shared_images,cifar100_shared_images,tiny_imagenet,tiny_imagenet,cifar10|rendered_sst2|retinamnist|tiny_imagenet|tissuemnist,cifar10|rendered_sst2|retinamnist|tiny_imagenet|tissuemnist,14,5,0.6428571428571428,0.4390266885081927,0.4386133545041083,0.0004133340040843869,0.011787089967432818,0.482919979095459,0.48139998912811277,0.0015199899673462025,5,5,17
vit_b16,food101,random,24,5,17,0.7058823529411764,0,0.0,0,0.0,cifar100,cifar100,1,cifar100_shared_images,cifar100_shared_images,organamnist,organmnist_views,bloodmnist|breastmnist|dermamnist|organamnist|tissuemnist,bloodmnist|breastmnist|dermamnist|organmnist_views|tissuemnist,14,5,0.6428571428571428,0.4390266885081927,0.4276933561325073,0.011333332375685401,0.3231938505493722,0.482919979095459,0.47003998756408694,0.012879991531372037,5,5,17
vit_b16,food101,random,25,5,17,0.7058823529411764,1,0.6666666666666666,1,0.6666666666666666,cifar100,cifar100,1,cifar100_shared_images,cifar100_shared_images,cifar100,cifar100_shared_images,cifar100|organamnist|pneumoniamnist|retinamnist|stl10,cifar100_shared_images|organmnist_views|pneumoniamnist|retinamnist|stl10,14,5,0.6428571428571428,0.4390266885081927,0.4390266885081927,0.0,0.0,0.482919979095459,0.482919979095459,0.0,5,5,17
vit_b16,food101,random,26,5,17,0.7058823529411764,0,0.3333333333333333,1,0.6666666666666666,cifar100,cifar100,1,cifar100_shared_images,cifar100_shared_images,stl10,stl10,cifar100_coarse|pathmnist|pneumoniamnist|stl10|tissuemnist,cifar100_shared_images|pathmnist|pneumoniamnist|stl10|tissuemnist,14,5,0.6428571428571428,0.4390266885081927,0.4350000226418177,0.004026665866375012,0.11482886084074281,0.482919979095459,0.4804399847984314,0.0024799942970275546,5,5,17
vit_b16,food101,random,27,5,17,0.7058823529411764,0,0.3333333333333333,1,0.6666666666666666,cifar100,cifar100,1,cifar100_shared_images,cifar100_shared_images,stl10,stl10,cifar100_coarse|dermamnist|octmnist|pneumoniamnist|stl10,cifar100_shared_images|dermamnist|octmnist|pneumoniamnist|stl10,14,5,0.6428571428571428,0.4390266885081927,0.4350000226418177,0.004026665866375012,0.11482886084074281,0.482919979095459,0.4804399847984314,0.0024799942970275546,5,5,17
vit_b16,food101,random,28,5,17,0.7058823529411764,0,0.0,1,0.3333333333333333,cifar100,cifar100,1,cifar100_shared_images,cifar100_shared_images,cifar100_coarse,cifar100_shared_images,bloodmnist|cifar10|cifar100_coarse|dermamnist|retinamnist,bloodmnist|cifar10|cifar100_shared_images|dermamnist|retinamnist,14,5,0.6428571428571428,0.4390266885081927,0.430706689675649,0.008319998832543696,0.2372622958649846,0.482919979095459,0.4741199791431427,0.008799999952316284,5,5,17
vit_b16,food101,random,29,5,17,0.7058823529411764,0,0.6666666666666666,0,0.6666666666666666,cifar100,cifar100,1,cifar100_shared_images,cifar100_shared_images,tiny_imagenet,tiny_imagenet,breastmnist|organamnist|organcmnist|stl10|tiny_imagenet,breastmnist|organmnist_views|stl10|tiny_imagenet,14,4,0.7142857142857143,0.4390266885081927,0.4386133545041083,0.0004133340040843869,0.011787089967432818,0.482919979095459,0.48139998912811277,0.0015199899673462025,5,5,17
vit_b16,food101,random,30,5,17,0.7058823529411764,0,0.3333333333333333,0,0.3333333333333333,cifar100,cifar100,1,cifar100_shared_images,cifar100_shared_images,tiny_imagenet,tiny_imagenet,breastmnist|cifar10|octmnist|organsmnist|tiny_imagenet,breastmnist|cifar10|octmnist|organmnist_views|tiny_imagenet,14,5,0.6428571428571428,0.4390266885081927,0.4386133545041083,0.0004133340040843869,0.011787089967432818,0.482919979095459,0.48139998912811277,0.0015199899673462025,5,5,17
vit_b16,food101,random,31,5,17,0.7058823529411764,1,0.6666666666666666,1,0.6666666666666666,cifar100,cifar100,1,cifar100_shared_images,cifar100_shared_images,cifar100,cifar100_shared_images,cifar100|cifar100_coarse|organsmnist|pneumoniamnist|tiny_imagenet,cifar100_shared_images|organmnist_views|pneumoniamnist|tiny_imagenet,14,4,0.7142857142857143,0.4390266885081927,0.4390266885081927,0.0,0.0,0.482919979095459,0.482919979095459,0.0,5,5,17
vit_b16,food101,random,32,5,17,0.7058823529411764,0,0.0,1,0.3333333333333333,cifar100,cifar100,1,cifar100_shared_images,cifar100_shared_images,cifar100_coarse,cifar100_shared_images,cifar100_coarse|octmnist|organamnist|pneumoniamnist|tissuemnist,cifar100_shared_images|octmnist|organmnist_views|pneumoniamnist|tissuemnist,14,5,0.6428571428571428,0.4390266885081927,0.430706689675649,0.008319998832543696,0.2372622958649846,0.482919979095459,0.4741199791431427,0.008799999952316284,5,5,17
vit_b16,food101,random,33,5,17,0.7058823529411764,1,0.6666666666666666,1,0.6666666666666666,cifar100,cifar100,1,cifar100_shared_images,cifar100_shared_images,cifar100,cifar100_shared_images,cifar100|organamnist|organsmnist|pneumoniamnist|stl10,cifar100_shared_images|organmnist_views|pneumoniamnist|stl10,14,4,0.7142857142857143,0.4390266885081927,0.4390266885081927,0.0,0.0,0.482919979095459,0.482919979095459,0.0,5,5,17
vit_b16,food101,random,34,5,17,0.7058823529411764,0,0.3333333333333333,0,0.3333333333333333,cifar100,cifar100,1,cifar100_shared_images,cifar100_shared_images,tiny_imagenet,tiny_imagenet,breastmnist|dermamnist|organcmnist|organsmnist|tiny_imagenet,breastmnist|dermamnist|organmnist_views|tiny_imagenet,14,4,0.7142857142857143,0.4390266885081927,0.4386133545041083,0.0004133340040843869,0.011787089967432818,0.482919979095459,0.48139998912811277,0.0015199899673462025,5,5,17
vit_b16,food101,random,35,5,17,0.7058823529411764,1,0.6666666666666666,1,0.6666666666666666,cifar100,cifar100,1,cifar100_shared_images,cifar100_shared_images,cifar100,cifar100_shared_images,bloodmnist|cifar10|cifar100|pneumoniamnist|stl10,bloodmnist|cifar10|cifar100_shared_images|pneumoniamnist|stl10,14,5,0.6428571428571428,0.4390266885081927,0.4390266885081927,0.0,0.0,0.482919979095459,0.482919979095459,0.0,5,5,17
vit_b16,food101,random,36,5,17,0.7058823529411764,0,0.0,0,0.0,cifar100,cifar100,1,cifar100_shared_images,cifar100_shared_images,organcmnist,organmnist_views,breastmnist|organcmnist|rendered_sst2|retinamnist|tissuemnist,breastmnist|organmnist_views|rendered_sst2|retinamnist|tissuemnist,14,5,0.6428571428571428,0.4390266885081927,0.427906686758995,0.011120001749197694,0.31711027827520233,0.482919979095459,0.47171998023986816,0.01119999885559081,5,5,17
vit_b16,food101,random,37,5,17,0.7058823529411764,0,0.6666666666666666,0,0.6666666666666666,cifar100,cifar100,1,cifar100_shared_images,cifar100_shared_images,tiny_imagenet,tiny_imagenet,bloodmnist|dermamnist|retinamnist|stl10|tiny_imagenet,bloodmnist|dermamnist|retinamnist|stl10|tiny_imagenet,14,5,0.6428571428571428,0.4390266885081927,0.4386133545041083,0.0004133340040843869,0.011787089967432818,0.482919979095459,0.48139998912811277,0.0015199899673462025,5,5,17
vit_b16,food101,random,38,5,17,0.7058823529411764,1,1.0,1,1.0,cifar100,cifar100,1,cifar100_shared_images,cifar100_shared_images,cifar100,cifar100_shared_images,cifar10|cifar100|organcmnist|stl10|tiny_imagenet,cifar10|cifar100_shared_images|organmnist_views|stl10|tiny_imagenet,14,5,0.6428571428571428,0.4390266885081927,0.4390266885081927,0.0,0.0,0.482919979095459,0.482919979095459,0.0,5,5,17
vit_b16,food101,random,39,5,17,0.7058823529411764,1,0.6666666666666666,1,0.6666666666666666,cifar100,cifar100,1,cifar100_shared_images,cifar100_shared_images,cifar100,cifar100_shared_images,cifar100|organamnist|organcmnist|organsmnist|tiny_imagenet,cifar100_shared_images|organmnist_views|tiny_imagenet,14,3,0.7857142857142857,0.4390266885081927,0.4390266885081927,0.0,0.0,0.482919979095459,0.482919979095459,0.0,5,5,17
vit_b16,food101,random,40,5,17,0.7058823529411764,1,0.6666666666666666,1,0.6666666666666666,cifar100,cifar100,1,cifar100_shared_images,cifar100_shared_images,cifar100,cifar100_shared_images,cifar100|cifar100_coarse|organsmnist|stl10|tissuemnist,cifar100_shared_images|organmnist_views|stl10|tissuemnist,14,4,0.7142857142857143,0.4390266885081927,0.4390266885081927,0.0,0.0,0.482919979095459,0.482919979095459,0.0,5,5,17
vit_b16,food101,random,41,5,17,0.7058823529411764,0,0.0,0,0.0,cifar100,cifar100,1,cifar100_shared_images,cifar100_shared_images,cifar10,cifar10,bloodmnist|cifar10|octmnist|retinamnist|tissuemnist,bloodmnist|cifar10|octmnist|retinamnist|tissuemnist,14,5,0.6428571428571428,0.4390266885081927,0.4297333522995313,0.009293336208661407,0.26501906184018886,0.482919979095459,0.4767199754714966,0.006200003623962391,5,5,17
vit_b16,food101,random,42,5,17,0.7058823529411764,0,0.0,0,0.0,cifar100,cifar100,1,cifar100_shared_images,cifar100_shared_images,organsmnist,organmnist_views,breastmnist|dermamnist|octmnist|organsmnist|pneumoniamnist,breastmnist|dermamnist|octmnist|organmnist_views|pneumoniamnist,14,5,0.6428571428571428,0.4390266885081927,0.42826668468316403,0.010760003825028674,0.30684417899873684,0.482919979095459,0.47023999094963076,0.012679988145828214,5,5,17
vit_b16,food101,random,43,5,17,0.7058823529411764,1,0.6666666666666666,1,0.6666666666666666,cifar100,cifar100,1,cifar100_shared_images,cifar100_shared_images,cifar100,cifar100_shared_images,cifar100|dermamnist|octmnist|stl10|tissuemnist,cifar100_shared_images|dermamnist|octmnist|stl10|tissuemnist,14,5,0.6428571428571428,0.4390266885081927,0.4390266885081927,0.0,0.0,0.482919979095459,0.482919979095459,0.0,5,5,17
vit_b16,food101,random,44,5,17,0.7058823529411764,1,0.3333333333333333,1,0.3333333333333333,cifar100,cifar100,1,cifar100_shared_images,cifar100_shared_images,cifar100,cifar100_shared_images,bloodmnist|cifar100|organamnist|pathmnist|tissuemnist,bloodmnist|cifar100_shared_images|organmnist_views|pathmnist|tissuemnist,14,5,0.6428571428571428,0.4390266885081927,0.4390266885081927,0.0,0.0,0.482919979095459,0.482919979095459,0.0,5,5,17
vit_b16,food101,random,45,5,17,0.7058823529411764,0,0.6666666666666666,0,0.6666666666666666,cifar100,cifar100,1,cifar100_shared_images,cifar100_shared_images,tiny_imagenet,tiny_imagenet,dermamnist|pneumoniamnist|stl10|tiny_imagenet|tissuemnist,dermamnist|pneumoniamnist|stl10|tiny_imagenet|tissuemnist,14,5,0.6428571428571428,0.4390266885081927,0.4386133545041083,0.0004133340040843869,0.011787089967432818,0.482919979095459,0.48139998912811277,0.0015199899673462025,5,5,17
vit_b16,food101,random,46,5,17,0.7058823529411764,1,0.3333333333333333,1,0.3333333333333333,cifar100,cifar100,1,cifar100_shared_images,cifar100_shared_images,cifar100,cifar100_shared_images,cifar100|cifar100_coarse|organcmnist|pathmnist|rendered_sst2,cifar100_shared_images|organmnist_views|pathmnist|rendered_sst2,14,4,0.7142857142857143,0.4390266885081927,0.4390266885081927,0.0,0.0,0.482919979095459,0.482919979095459,0.0,5,5,17
vit_b16,food101,random,47,5,17,0.7058823529411764,0,0.0,0,0.0,cifar100,cifar100,1,cifar100_shared_images,cifar100_shared_images,organsmnist,organmnist_views,octmnist|organamnist|organsmnist|rendered_sst2|tissuemnist,octmnist|organmnist_views|rendered_sst2|tissuemnist,14,4,0.7142857142857143,0.4390266885081927,0.42826668468316403,0.010760003825028674,0.30684417899873684,0.482919979095459,0.47023999094963076,0.012679988145828214,5,5,17
vit_b16,food101,random,48,5,17,0.7058823529411764,0,0.3333333333333333,0,0.3333333333333333,cifar100,cifar100,1,cifar100_shared_images,cifar100_shared_images,stl10,stl10,dermamnist|organamnist|organcmnist|pneumoniamnist|stl10,dermamnist|organmnist_views|pneumoniamnist|stl10,14,4,0.7142857142857143,0.4390266885081927,0.4350000226418177,0.004026665866375012,0.11482886084074281,0.482919979095459,0.4804399847984314,0.0024799942970275546,5,5,17
vit_b16,food101,random,49,5,17,0.7058823529411764,1,0.3333333333333333,1,0.3333333333333333,cifar100,cifar100,1,cifar100_shared_images,cifar100_shared_images,cifar100,cifar100_shared_images,bloodmnist|cifar100|cifar100_coarse|organcmnist|organsmnist,bloodmnist|cifar100_shared_images|organmnist_views,14,3,0.7857142857142857,0.4390266885081927,0.4390266885081927,0.0,0.0,0.482919979095459,0.482919979095459,0.0,5,5,17
vit_b16,food101,random,50,5,17,0.7058823529411764,0,0.0,0,0.0,cifar100,cifar100,1,cifar100_shared_images,cifar100_shared_images,cifar10,cifar10,bloodmnist|breastmnist|cifar10|organsmnist|retinamnist,bloodmnist|breastmnist|cifar10|organmnist_views|retinamnist,14,5,0.6428571428571428,0.4390266885081927,0.4297333522995313,0.009293336208661407,0.26501906184018886,0.482919979095459,0.4767199754714966,0.006200003623962391,5,5,17
vit_b16,food101,random,51,5,17,0.7058823529411764,1,0.3333333333333333,1,0.3333333333333333,cifar100,cifar100,1,cifar100_shared_images,cifar100_shared_images,cifar100,cifar100_shared_images,cifar10|cifar100|cifar100_coarse|pneumoniamnist|tissuemnist,cifar10|cifar100_shared_images|pneumoniamnist|tissuemnist,14,4,0.7142857142857143,0.4390266885081927,0.4390266885081927,0.0,0.0,0.482919979095459,0.482919979095459,0.0,5,5,17
vit_b16,food101,random,52,5,17,0.7058823529411764,0,0.0,1,0.3333333333333333,cifar100,cifar100,1,cifar100_shared_images,cifar100_shared_images,cifar100_coarse,cifar100_shared_images,cifar100_coarse|dermamnist|organamnist|organcmnist|pneumoniamnist,cifar100_shared_images|dermamnist|organmnist_views|pneumoniamnist,14,4,0.7142857142857143,0.4390266885081927,0.430706689675649,0.008319998832543696,0.2372622958649846,0.482919979095459,0.4741199791431427,0.008799999952316284,5,5,17
vit_b16,food101,random,53,5,17,0.7058823529411764,1,0.3333333333333333,1,0.3333333333333333,cifar100,cifar100,1,cifar100_shared_images,cifar100_shared_images,cifar100,cifar100_shared_images,bloodmnist|cifar100|pathmnist|pneumoniamnist|retinamnist,bloodmnist|cifar100_shared_images|pathmnist|pneumoniamnist|retinamnist,14,5,0.6428571428571428,0.4390266885081927,0.4390266885081927,0.0,0.0,0.482919979095459,0.482919979095459,0.0,5,5,17
vit_b16,food101,random,54,5,17,0.7058823529411764,1,0.3333333333333333,1,0.3333333333333333,cifar100,cifar100,1,cifar100_shared_images,cifar100_shared_images,cifar100,cifar100_shared_images,breastmnist|cifar100|dermamnist|pathmnist|retinamnist,breastmnist|cifar100_shared_images|dermamnist|pathmnist|retinamnist,14,5,0.6428571428571428,0.4390266885081927,0.4390266885081927,0.0,0.0,0.482919979095459,0.482919979095459,0.0,5,5,17
vit_b16,food101,random,55,5,17,0.7058823529411764,1,0.3333333333333333,1,0.3333333333333333,cifar100,cifar100,1,cifar100_shared_images,cifar100_shared_images,cifar100,cifar100_shared_images,bloodmnist|breastmnist|cifar100|dermamnist|pathmnist,bloodmnist|breastmnist|cifar100_shared_images|dermamnist|pathmnist,14,5,0.6428571428571428,0.4390266885081927,0.4390266885081927,0.0,0.0,0.482919979095459,0.482919979095459,0.0,5,5,17
vit_b16,food101,random,56,5,17,0.7058823529411764,1,0.3333333333333333,1,0.3333333333333333,cifar100,cifar100,1,cifar100_shared_images,cifar100_shared_images,cifar100,cifar100_shared_images,breastmnist|cifar100|cifar100_coarse|octmnist|pathmnist,breastmnist|cifar100_shared_images|octmnist|pathmnist,14,4,0.7142857142857143,0.4390266885081927,0.4390266885081927,0.0,0.0,0.482919979095459,0.482919979095459,0.0,5,5,17
vit_b16,food101,random,57,5,17,0.7058823529411764,0,0.0,1,0.3333333333333333,cifar100,cifar100,1,cifar100_shared_images,cifar100_shared_images,cifar100_coarse,cifar100_shared_images,cifar10|cifar100_coarse|dermamnist|pathmnist|retinamnist,cifar10|cifar100_shared_images|dermamnist|pathmnist|retinamnist,14,5,0.6428571428571428,0.4390266885081927,0.430706689675649,0.008319998832543696,0.2372622958649846,0.482919979095459,0.4741199791431427,0.008799999952316284,5,5,17
vit_b16,food101,random,58,5,17,0.7058823529411764,0,0.0,0,0.0,cifar100,cifar100,1,cifar100_shared_images,cifar100_shared_images,organcmnist,organmnist_views,bloodmnist|breastmnist|octmnist|organcmnist|rendered_sst2,bloodmnist|breastmnist|octmnist|organmnist_views|rendered_sst2,14,5,0.6428571428571428,0.4390266885081927,0.427906686758995,0.011120001749197694,0.31711027827520233,0.482919979095459,0.47171998023986816,0.01119999885559081,5,5,17
vit_b16,food101,random,59,5,17,0.7058823529411764,0,0.0,1,0.3333333333333333,cifar100,cifar100,1,cifar100_shared_images,cifar100_shared_images,cifar100_coarse,cifar100_shared_images,bloodmnist|cifar100_coarse|dermamnist|organsmnist|tissuemnist,bloodmnist|cifar100_shared_images|dermamnist|organmnist_views|tissuemnist,14,5,0.6428571428571428,0.4390266885081927,0.430706689675649,0.008319998832543696,0.2372622958649846,0.482919979095459,0.4741199791431427,0.008799999952316284,5,5,17
vit_b16,food101,random,60,5,17,0.7058823529411764,0,0.3333333333333333,0,0.3333333333333333,cifar100,cifar100,1,cifar100_shared_images,cifar100_shared_images,tiny_imagenet,tiny_imagenet,cifar10|dermamnist|organamnist|organsmnist|tiny_imagenet,cifar10|dermamnist|organmnist_views|tiny_imagenet,14,4,0.7142857142857143,0.4390266885081927,0.4386133545041083,0.0004133340040843869,0.011787089967432818,0.482919979095459,0.48139998912811277,0.0015199899673462025,5,5,17
vit_b16,food101,random,61,5,17,0.7058823529411764,0,0.0,1,0.3333333333333333,cifar100,cifar100,1,cifar100_shared_images,cifar100_shared_images,cifar100_coarse,cifar100_shared_images,breastmnist|cifar10|cifar100_coarse|dermamnist|organamnist,breastmnist|cifar10|cifar100_shared_images|dermamnist|organmnist_views,14,5,0.6428571428571428,0.4390266885081927,0.430706689675649,0.008319998832543696,0.2372622958649846,0.482919979095459,0.4741199791431427,0.008799999952316284,5,5,17
vit_b16,food101,random,62,5,17,0.7058823529411764,0,0.0,1,0.3333333333333333,cifar100,cifar100,1,cifar100_shared_images,cifar100_shared_images,cifar100_coarse,cifar100_shared_images,breastmnist|cifar10|cifar100_coarse|octmnist|organcmnist,breastmnist|cifar10|cifar100_shared_images|octmnist|organmnist_views,14,5,0.6428571428571428,0.4390266885081927,0.430706689675649,0.008319998832543696,0.2372622958649846,0.482919979095459,0.4741199791431427,0.008799999952316284,5,5,17
vit_b16,food101,random,63,5,17,0.7058823529411764,1,0.3333333333333333,1,0.3333333333333333,cifar100,cifar100,1,cifar100_shared_images,cifar100_shared_images,cifar100,cifar100_shared_images,breastmnist|cifar100|octmnist|organcmnist|retinamnist,breastmnist|cifar100_shared_images|octmnist|organmnist_views|retinamnist,14,5,0.6428571428571428,0.4390266885081927,0.4390266885081927,0.0,0.0,0.482919979095459,0.482919979095459,0.0,5,5,17
vit_b16,food101,random,64,5,17,0.7058823529411764,0,0.0,1,0.3333333333333333,cifar100,cifar100,1,cifar100_shared_images,cifar100_shared_images,cifar100_coarse,cifar100_shared_images,breastmnist|cifar100_coarse|organcmnist|organsmnist|rendered_sst2,breastmnist|cifar100_shared_images|organmnist_views|rendered_sst2,14,4,0.7142857142857143,0.4390266885081927,0.430706689675649,0.008319998832543696,0.2372622958649846,0.482919979095459,0.4741199791431427,0.008799999952316284,5,5,17
vit_b16,food101,random,65,5,17,0.7058823529411764,0,0.3333333333333333,0,0.3333333333333333,cifar100,cifar100,1,cifar100_shared_images,cifar100_shared_images,tiny_imagenet,tiny_imagenet,breastmnist|dermamnist|rendered_sst2|tiny_imagenet|tissuemnist,breastmnist|dermamnist|rendered_sst2|tiny_imagenet|tissuemnist,14,5,0.6428571428571428,0.4390266885081927,0.4386133545041083,0.0004133340040843869,0.011787089967432818,0.482919979095459,0.48139998912811277,0.0015199899673462025,5,5,17
vit_b16,food101,random,66,5,17,0.7058823529411764,0,0.3333333333333333,1,0.6666666666666666,cifar100,cifar100,1,cifar100_shared_images,cifar100_shared_images,tiny_imagenet,tiny_imagenet,breastmnist|cifar10|cifar100_coarse|organcmnist|tiny_imagenet,breastmnist|cifar10|cifar100_shared_images|organmnist_views|tiny_imagenet,14,5,0.6428571428571428,0.4390266885081927,0.4386133545041083,0.0004133340040843869,0.011787089967432818,0.482919979095459,0.48139998912811277,0.0015199899673462025,5,5,17
vit_b16,food101,random,67,5,17,0.7058823529411764,0,0.0,0,0.0,cifar100,cifar100,1,cifar100_shared_images,cifar100_shared_images,cifar10,cifar10,bloodmnist|cifar10|organamnist|organsmnist|pathmnist,bloodmnist|cifar10|organmnist_views|pathmnist,14,4,0.7142857142857143,0.4390266885081927,0.4297333522995313,0.009293336208661407,0.26501906184018886,0.482919979095459,0.4767199754714966,0.006200003623962391,5,5,17
vit_b16,food101,random,68,5,17,0.7058823529411764,1,0.3333333333333333,1,0.3333333333333333,cifar100,cifar100,1,cifar100_shared_images,cifar100_shared_images,cifar100,cifar100_shared_images,bloodmnist|cifar10|cifar100|retinamnist|tissuemnist,bloodmnist|cifar10|cifar100_shared_images|retinamnist|tissuemnist,14,5,0.6428571428571428,0.4390266885081927,0.4390266885081927,0.0,0.0,0.482919979095459,0.482919979095459,0.0,5,5,17
vit_b16,food101,random,69,5,17,0.7058823529411764,0,0.3333333333333333,0,0.3333333333333333,cifar100,cifar100,1,cifar100_shared_images,cifar100_shared_images,stl10,stl10,dermamnist|pathmnist|rendered_sst2|retinamnist|stl10,dermamnist|pathmnist|rendered_sst2|retinamnist|stl10,14,5,0.6428571428571428,0.4390266885081927,0.4350000226418177,0.004026665866375012,0.11482886084074281,0.482919979095459,0.4804399847984314,0.0024799942970275546,5,5,17
vit_b16,food101,random,70,5,17,0.7058823529411764,0,0.3333333333333333,0,0.3333333333333333,cifar100,cifar100,1,cifar100_shared_images,cifar100_shared_images,stl10,stl10,breastmnist|dermamnist|organsmnist|pneumoniamnist|stl10,breastmnist|dermamnist|organmnist_views|pneumoniamnist|stl10,14,5,0.6428571428571428,0.4390266885081927,0.4350000226418177,0.004026665866375012,0.11482886084074281,0.482919979095459,0.4804399847984314,0.0024799942970275546,5,5,17
vit_b16,food101,random,71,5,17,0.7058823529411764,0,0.3333333333333333,1,0.6666666666666666,cifar100,cifar100,1,cifar100_shared_images,cifar100_shared_images,stl10,stl10,bloodmnist|breastmnist|cifar100_coarse|stl10|tissuemnist,bloodmnist|breastmnist|cifar100_shared_images|stl10|tissuemnist,14,5,0.6428571428571428,0.4390266885081927,0.4350000226418177,0.004026665866375012,0.11482886084074281,0.482919979095459,0.4804399847984314,0.0024799942970275546,5,5,17
vit_b16,food101,random,72,5,17,0.7058823529411764,0,0.3333333333333333,0,0.3333333333333333,cifar100,cifar100,1,cifar100_shared_images,cifar100_shared_images,tiny_imagenet,tiny_imagenet,organsmnist|pneumoniamnist|rendered_sst2|retinamnist|tiny_imagenet,organmnist_views|pneumoniamnist|rendered_sst2|retinamnist|tiny_imagenet,14,5,0.6428571428571428,0.4390266885081927,0.4386133545041083,0.0004133340040843869,0.011787089967432818,0.482919979095459,0.48139998912811277,0.0015199899673462025,5,5,17
vit_b16,food101,random,73,5,17,0.7058823529411764,0,0.3333333333333333,0,0.3333333333333333,cifar100,cifar100,1,cifar100_shared_images,cifar100_shared_images,tiny_imagenet,tiny_imagenet,octmnist|pathmnist|pneumoniamnist|retinamnist|tiny_imagenet,octmnist|pathmnist|pneumoniamnist|retinamnist|tiny_imagenet,14,5,0.6428571428571428,0.4390266885081927,0.4386133545041083,0.0004133340040843869,0.011787089967432818,0.482919979095459,0.48139998912811277,0.0015199899673462025,5,5,17
vit_b16,food101,random,74,5,17,0.7058823529411764,1,0.3333333333333333,1,0.3333333333333333,cifar100,cifar100,1,cifar100_shared_images,cifar100_shared_images,cifar100,cifar100_shared_images,cifar10|cifar100|pneumoniamnist|retinamnist|tissuemnist,cifar10|cifar100_shared_images|pneumoniamnist|retinamnist|tissuemnist,14,5,0.6428571428571428,0.4390266885081927,0.4390266885081927,0.0,0.0,0.482919979095459,0.482919979095459,0.0,5,5,17
vit_b16,food101,random,75,5,17,0.7058823529411764,0,0.0,0,0.0,cifar100,cifar100,1,cifar100_shared_images,cifar100_shared_images,organcmnist,organmnist_views,bloodmnist|octmnist|organamnist|organcmnist|pneumoniamnist,bloodmnist|octmnist|organmnist_views|pneumoniamnist,14,4,0.7142857142857143,0.4390266885081927,0.427906686758995,0.011120001749197694,0.31711027827520233,0.482919979095459,0.47171998023986816,0.01119999885559081,5,5,17
vit_b16,food101,random,76,5,17,0.7058823529411764,0,0.3333333333333333,0,0.3333333333333333,cifar100,cifar100,1,cifar100_shared_images,cifar100_shared_images,stl10,stl10,cifar10|dermamnist|retinamnist|stl10|tissuemnist,cifar10|dermamnist|retinamnist|stl10|tissuemnist,14,5,0.6428571428571428,0.4390266885081927,0.4350000226418177,0.004026665866375012,0.11482886084074281,0.482919979095459,0.4804399847984314,0.0024799942970275546,5,5,17
vit_b16,food101,random,77,5,17,0.7058823529411764,0,0.3333333333333333,0,0.3333333333333333,cifar100,cifar100,1,cifar100_shared_images,cifar100_shared_images,stl10,stl10,cifar10|octmnist|organamnist|rendered_sst2|stl10,cifar10|octmnist|organmnist_views|rendered_sst2|stl10,14,5,0.6428571428571428,0.4390266885081927,0.4350000226418177,0.004026665866375012,0.11482886084074281,0.482919979095459,0.4804399847984314,0.0024799942970275546,5,5,17
vit_b16,food101,random,78,5,17,0.7058823529411764,1,0.3333333333333333,1,0.3333333333333333,cifar100,cifar100,1,cifar100_shared_images,cifar100_shared_images,cifar100,cifar100_shared_images,cifar100|cifar100_coarse|organcmnist|pathmnist|retinamnist,cifar100_shared_images|organmnist_views|pathmnist|retinamnist,14,4,0.7142857142857143,0.4390266885081927,0.4390266885081927,0.0,0.0,0.482919979095459,0.482919979095459,0.0,5,5,17
vit_b16,food101,random,79,5,17,0.7058823529411764,1,0.6666666666666666,1,0.6666666666666666,cifar100,cifar100,1,cifar100_shared_images,cifar100_shared_images,cifar100,cifar100_shared_images,cifar100|organamnist|organsmnist|rendered_sst2|tiny_imagenet,cifar100_shared_images|organmnist_views|rendered_sst2|tiny_imagenet,14,4,0.7142857142857143,0.4390266885081927,0.4390266885081927,0.0,0.0,0.482919979095459,0.482919979095459,0.0,5,5,17
vit_b16,food101,random,80,5,17,0.7058823529411764,0,0.0,1,0.3333333333333333,cifar100,cifar100,1,cifar100_shared_images,cifar100_shared_images,cifar100_coarse,cifar100_shared_images,breastmnist|cifar100_coarse|dermamnist|organamnist|organcmnist,breastmnist|cifar100_shared_images|dermamnist|organmnist_views,14,4,0.7142857142857143,0.4390266885081927,0.430706689675649,0.008319998832543696,0.2372622958649846,0.482919979095459,0.4741199791431427,0.008799999952316284,5,5,17
vit_b16,food101,random,81,5,17,0.7058823529411764,0,0.3333333333333333,1,0.6666666666666666,cifar100,cifar100,1,cifar100_shared_images,cifar100_shared_images,stl10,stl10,bloodmnist|cifar100_coarse|dermamnist|organamnist|stl10,bloodmnist|cifar100_shared_images|dermamnist|organmnist_views|stl10,14,5,0.6428571428571428,0.4390266885081927,0.4350000226418177,0.004026665866375012,0.11482886084074281,0.482919979095459,0.4804399847984314,0.0024799942970275546,5,5,17
vit_b16,food101,random,82,5,17,0.7058823529411764,1,0.6666666666666666,1,0.6666666666666666,cifar100,cifar100,1,cifar100_shared_images,cifar100_shared_images,cifar100,cifar100_shared_images,breastmnist|cifar100|pneumoniamnist|rendered_sst2|stl10,breastmnist|cifar100_shared_images|pneumoniamnist|rendered_sst2|stl10,14,5,0.6428571428571428,0.4390266885081927,0.4390266885081927,0.0,0.0,0.482919979095459,0.482919979095459,0.0,5,5,17
vit_b16,food101,random,83,5,17,0.7058823529411764,0,0.6666666666666666,0,0.6666666666666666,cifar100,cifar100,1,cifar100_shared_images,cifar100_shared_images,tiny_imagenet,tiny_imagenet,bloodmnist|octmnist|retinamnist|stl10|tiny_imagenet,bloodmnist|octmnist|retinamnist|stl10|tiny_imagenet,14,5,0.6428571428571428,0.4390266885081927,0.4386133545041083,0.0004133340040843869,0.011787089967432818,0.482919979095459,0.48139998912811277,0.0015199899673462025,5,5,17
vit_b16,food101,random,84,5,17,0.7058823529411764,0,0.3333333333333333,1,0.6666666666666666,cifar100,cifar100,1,cifar100_shared_images,cifar100_shared_images,tiny_imagenet,tiny_imagenet,cifar10|cifar100_coarse|dermamnist|retinamnist|tiny_imagenet,cifar10|cifar100_shared_images|dermamnist|retinamnist|tiny_imagenet,14,5,0.6428571428571428,0.4390266885081927,0.4386133545041083,0.0004133340040843869,0.011787089967432818,0.482919979095459,0.48139998912811277,0.0015199899673462025,5,5,17
vit_b16,food101,random,85,5,17,0.7058823529411764,1,0.3333333333333333,1,0.3333333333333333,cifar100,cifar100,1,cifar100_shared_images,cifar100_shared_images,cifar100,cifar100_shared_images,bloodmnist|cifar10|cifar100|cifar100_coarse|octmnist,bloodmnist|cifar10|cifar100_shared_images|octmnist,14,4,0.7142857142857143,0.4390266885081927,0.4390266885081927,0.0,0.0,0.482919979095459,0.482919979095459,0.0,5,5,17
vit_b16,food101,random,86,5,17,0.7058823529411764,0,0.0,0,0.0,cifar100,cifar100,1,cifar100_shared_images,cifar100_shared_images,organsmnist,organmnist_views,octmnist|organcmnist|organsmnist|pathmnist|retinamnist,octmnist|organmnist_views|pathmnist|retinamnist,14,4,0.7142857142857143,0.4390266885081927,0.42826668468316403,0.010760003825028674,0.30684417899873684,0.482919979095459,0.47023999094963076,0.012679988145828214,5,5,17
vit_b16,food101,random,87,5,17,0.7058823529411764,0,0.0,0,0.0,cifar100,cifar100,1,cifar100_shared_images,cifar100_shared_images,organsmnist,organmnist_views,bloodmnist|dermamnist|octmnist|organsmnist|pathmnist,bloodmnist|dermamnist|octmnist|organmnist_views|pathmnist,14,5,0.6428571428571428,0.4390266885081927,0.42826668468316403,0.010760003825028674,0.30684417899873684,0.482919979095459,0.47023999094963076,0.012679988145828214,5,5,17
vit_b16,food101,random,88,5,17,0.7058823529411764,1,0.3333333333333333,1,0.3333333333333333,cifar100,cifar100,1,cifar100_shared_images,cifar100_shared_images,cifar100,cifar100_shared_images,cifar100|cifar100_coarse|organamnist|organcmnist|retinamnist,cifar100_shared_images|organmnist_views|retinamnist,14,3,0.7857142857142857,0.4390266885081927,0.4390266885081927,0.0,0.0,0.482919979095459,0.482919979095459,0.0,5,5,17
vit_b16,food101,random,89,5,17,0.7058823529411764,0,0.0,1,0.3333333333333333,cifar100,cifar100,1,cifar100_shared_images,cifar100_shared_images,cifar100_coarse,cifar100_shared_images,breastmnist|cifar100_coarse|rendered_sst2|retinamnist|tissuemnist,breastmnist|cifar100_shared_images|rendered_sst2|retinamnist|tissuemnist,14,5,0.6428571428571428,0.4390266885081927,0.430706689675649,0.008319998832543696,0.2372622958649846,0.482919979095459,0.4741199791431427,0.008799999952316284,5,5,17
vit_b16,food101,random,90,5,17,0.7058823529411764,0,0.0,0,0.0,cifar100,cifar100,1,cifar100_shared_images,cifar100_shared_images,organsmnist,organmnist_views,bloodmnist|organcmnist|organsmnist|pneumoniamnist|retinamnist,bloodmnist|organmnist_views|pneumoniamnist|retinamnist,14,4,0.7142857142857143,0.4390266885081927,0.42826668468316403,0.010760003825028674,0.30684417899873684,0.482919979095459,0.47023999094963076,0.012679988145828214,5,5,17
vit_b16,food101,random,91,5,17,0.7058823529411764,1,1.0,1,1.0,cifar100,cifar100,1,cifar100_shared_images,cifar100_shared_images,cifar100,cifar100_shared_images,cifar100|organamnist|retinamnist|stl10|tiny_imagenet,cifar100_shared_images|organmnist_views|retinamnist|stl10|tiny_imagenet,14,5,0.6428571428571428,0.4390266885081927,0.4390266885081927,0.0,0.0,0.482919979095459,0.482919979095459,0.0,5,5,17
vit_b16,food101,random,92,5,17,0.7058823529411764,1,0.3333333333333333,1,0.3333333333333333,cifar100,cifar100,1,cifar100_shared_images,cifar100_shared_images,cifar100,cifar100_shared_images,bloodmnist|cifar100|octmnist|organsmnist|pneumoniamnist,bloodmnist|cifar100_shared_images|octmnist|organmnist_views|pneumoniamnist,14,5,0.6428571428571428,0.4390266885081927,0.4390266885081927,0.0,0.0,0.482919979095459,0.482919979095459,0.0,5,5,17
vit_b16,food101,random,93,5,17,0.7058823529411764,0,0.3333333333333333,0,0.3333333333333333,cifar100,cifar100,1,cifar100_shared_images,cifar100_shared_images,tiny_imagenet,tiny_imagenet,breastmnist|organcmnist|rendered_sst2|retinamnist|tiny_imagenet,breastmnist|organmnist_views|rendered_sst2|retinamnist|tiny_imagenet,14,5,0.6428571428571428,0.4390266885081927,0.4386133545041083,0.0004133340040843869,0.011787089967432818,0.482919979095459,0.48139998912811277,0.0015199899673462025,5,5,17
vit_b16,food101,random,94,5,17,0.7058823529411764,1,0.3333333333333333,1,0.3333333333333333,cifar100,cifar100,1,cifar100_shared_images,cifar100_shared_images,cifar100,cifar100_shared_images,cifar100|organcmnist|rendered_sst2|retinamnist|tissuemnist,cifar100_shared_images|organmnist_views|rendered_sst2|retinamnist|tissuemnist,14,5,0.6428571428571428,0.4390266885081927,0.4390266885081927,0.0,0.0,0.482919979095459,0.482919979095459,0.0,5,5,17
vit_b16,food101,random,95,5,17,0.7058823529411764,0,0.3333333333333333,0,0.3333333333333333,cifar100,cifar100,1,cifar100_shared_images,cifar100_shared_images,stl10,stl10,cifar10|dermamnist|organsmnist|retinamnist|stl10,cifar10|dermamnist|organmnist_views|retinamnist|stl10,14,5,0.6428571428571428,0.4390266885081927,0.4350000226418177,0.004026665866375012,0.11482886084074281,0.482919979095459,0.4804399847984314,0.0024799942970275546,5,5,17
vit_b16,food101,random,96,5,17,0.7058823529411764,0,0.0,0,0.0,cifar100,cifar100,1,cifar100_shared_images,cifar100_shared_images,organcmnist,organmnist_views,breastmnist|octmnist|organcmnist|retinamnist|tissuemnist,breastmnist|octmnist|organmnist_views|retinamnist|tissuemnist,14,5,0.6428571428571428,0.4390266885081927,0.427906686758995,0.011120001749197694,0.31711027827520233,0.482919979095459,0.47171998023986816,0.01119999885559081,5,5,17
vit_b16,food101,random,97,5,17,0.7058823529411764,0,0.0,1,0.3333333333333333,cifar100,cifar100,1,cifar100_shared_images,cifar100_shared_images,cifar100_coarse,cifar100_shared_images,breastmnist|cifar100_coarse|octmnist|organcmnist|pathmnist,breastmnist|cifar100_shared_images|octmnist|organmnist_views|pathmnist,14,5,0.6428571428571428,0.4390266885081927,0.430706689675649,0.008319998832543696,0.2372622958649846,0.482919979095459,0.4741199791431427,0.008799999952316284,5,5,17
vit_b16,food101,random,98,5,17,0.7058823529411764,0,0.0,1,0.3333333333333333,cifar100,cifar100,1,cifar100_shared_images,cifar100_shared_images,cifar100_coarse,cifar100_shared_images,cifar100_coarse|dermamnist|octmnist|organsmnist|rendered_sst2,cifar100_shared_images|dermamnist|octmnist|organmnist_views|rendered_sst2,14,5,0.6428571428571428,0.4390266885081927,0.430706689675649,0.008319998832543696,0.2372622958649846,0.482919979095459,0.4741199791431427,0.008799999952316284,5,5,17
vit_b16,food101,random,99,5,17,0.7058823529411764,1,0.3333333333333333,1,0.3333333333333333,cifar100,cifar100,1,cifar100_shared_images,cifar100_shared_images,cifar100,cifar100_shared_images,breastmnist|cifar100|organamnist|retinamnist|tissuemnist,breastmnist|cifar100_shared_images|organmnist_views|retinamnist|tissuemnist,14,5,0.6428571428571428,0.4390266885081927,0.4390266885081927,0.0,0.0,0.482919979095459,0.482919979095459,0.0,5,5,17
vit_b16,food101,rank_only,-1,8,17,0.5294117647058824,1,1.0,1,1.0,cifar100,cifar100,1,cifar100_shared_images,cifar100_shared_images,cifar100,cifar100_shared_images,tiny_imagenet|cifar100_coarse|cifar100|stl10|cifar10|organsmnist|organcmnist|organamnist,cifar10|cifar100_shared_images|organmnist_views|stl10|tiny_imagenet,14,5,0.6428571428571428,0.4390266885081927,0.4390266885081927,0.0,0.0,0.482919979095459,0.482919979095459,0.0,5,8,17
vit_b16,food101,facility_subspace,-1,8,17,0.5294117647058824,1,0.6666666666666666,1,0.6666666666666666,cifar100,cifar100,1,cifar100_shared_images,cifar100_shared_images,cifar100,cifar100_shared_images,organsmnist|cifar100|rendered_sst2|stl10|dermamnist|retinamnist|octmnist|bloodmnist,bloodmnist|cifar100_shared_images|dermamnist|octmnist|organmnist_views|rendered_sst2|retinamnist|stl10,14,8,0.4285714285714286,0.4390266885081927,0.4390266885081927,0.0,0.0,0.482919979095459,0.482919979095459,0.0,5,8,17
vit_b16,food101,kcenter_subspace,-1,8,17,0.5294117647058824,0,0.6666666666666666,0,0.6666666666666666,cifar100,cifar100,1,cifar100_shared_images,cifar100_shared_images,tiny_imagenet,tiny_imagenet,tiny_imagenet|rendered_sst2|bloodmnist|stl10|octmnist|retinamnist|pneumoniamnist|pathmnist,bloodmnist|octmnist|pathmnist|pneumoniamnist|rendered_sst2|retinamnist|stl10|tiny_imagenet,14,8,0.4285714285714286,0.4390266885081927,0.4386133545041083,0.0004133340040843869,0.011787089967432818,0.482919979095459,0.48139998912811277,0.0015199899673462025,5,8,17
vit_b16,food101,dpp_subspace,-1,8,17,0.5294117647058824,1,1.0,1,1.0,cifar100,cifar100,1,cifar100_shared_images,cifar100_shared_images,cifar100,cifar100_shared_images,tiny_imagenet|stl10|cifar100_coarse|cifar10|organsmnist|cifar100|pathmnist|bloodmnist,bloodmnist|cifar10|cifar100_shared_images|organmnist_views|pathmnist|stl10|tiny_imagenet,14,7,0.5,0.4390266885081927,0.4390266885081927,0.0,0.0,0.482919979095459,0.482919979095459,0.0,5,8,17
vit_b16,food101,pool_vendi_subspace,-1,8,17,0.5294117647058824,0,0.6666666666666666,0,0.6666666666666666,cifar100,cifar100,1,cifar100_shared_images,cifar100_shared_images,tiny_imagenet,tiny_imagenet,tiny_imagenet|rendered_sst2|bloodmnist|stl10|octmnist|retinamnist|pneumoniamnist|pathmnist,bloodmnist|octmnist|pathmnist|pneumoniamnist|rendered_sst2|retinamnist|stl10|tiny_imagenet,14,8,0.4285714285714286,0.4390266885081927,0.4386133545041083,0.0004133340040843869,0.011787089967432818,0.482919979095459,0.48139998912811277,0.0015199899673462025,5,8,17
vit_b16,food101,full_merged_rank,-1,8,17,0.5294117647058824,1,1.0,1,1.0,cifar100,cifar100,1,cifar100_shared_images,cifar100_shared_images,cifar100,cifar100_shared_images,tiny_imagenet|stl10|cifar100_coarse|cifar100|cifar10|breastmnist|organsmnist|organcmnist,breastmnist|cifar10|cifar100_shared_images|organmnist_views|stl10|tiny_imagenet,14,6,0.5714285714285714,0.4390266885081927,0.4390266885081927,0.0,0.0,0.482919979095459,0.482919979095459,0.0,5,8,17
vit_b16,food101,random,0,8,17,0.5294117647058824,0,0.0,0,0.0,cifar100,cifar100,1,cifar100_shared_images,cifar100_shared_images,organcmnist,organmnist_views,bloodmnist|dermamnist|organamnist|organcmnist|pathmnist|pneumoniamnist|rendered_sst2|tissuemnist,bloodmnist|dermamnist|organmnist_views|pathmnist|pneumoniamnist|rendered_sst2|tissuemnist,14,7,0.5,0.4390266885081927,0.427906686758995,0.011120001749197694,0.31711027827520233,0.482919979095459,0.47171998023986816,0.01119999885559081,5,8,17
vit_b16,food101,random,1,8,17,0.5294117647058824,0,0.3333333333333333,0,0.3333333333333333,cifar100,cifar100,1,cifar100_shared_images,cifar100_shared_images,stl10,stl10,bloodmnist|cifar10|dermamnist|organcmnist|organsmnist|pathmnist|stl10|tissuemnist,bloodmnist|cifar10|dermamnist|organmnist_views|pathmnist|stl10|tissuemnist,14,7,0.5,0.4390266885081927,0.4350000226418177,0.004026665866375012,0.11482886084074281,0.482919979095459,0.4804399847984314,0.0024799942970275546,5,8,17
vit_b16,food101,random,2,8,17,0.5294117647058824,0,0.6666666666666666,0,0.6666666666666666,cifar100,cifar100,1,cifar100_shared_images,cifar100_shared_images,tiny_imagenet,tiny_imagenet,breastmnist|organamnist|organcmnist|organsmnist|pathmnist|retinamnist|stl10|tiny_imagenet,breastmnist|organmnist_views|pathmnist|retinamnist|stl10|tiny_imagenet,14,6,0.5714285714285714,0.4390266885081927,0.4386133545041083,0.0004133340040843869,0.011787089967432818,0.482919979095459,0.48139998912811277,0.0015199899673462025,5,8,17
vit_b16,food101,random,3,8,17,0.5294117647058824,1,1.0,1,1.0,cifar100,cifar100,1,cifar100_shared_images,cifar100_shared_images,cifar100,cifar100_shared_images,bloodmnist|breastmnist|cifar100|organcmnist|rendered_sst2|retinamnist|stl10|tiny_imagenet,bloodmnist|breastmnist|cifar100_shared_images|organmnist_views|rendered_sst2|retinamnist|stl10|tiny_imagenet,14,8,0.4285714285714286,0.4390266885081927,0.4390266885081927,0.0,0.0,0.482919979095459,0.482919979095459,0.0,5,8,17
vit_b16,food101,random,4,8,17,0.5294117647058824,1,0.6666666666666666,1,0.6666666666666666,cifar100,cifar100,1,cifar100_shared_images,cifar100_shared_images,cifar100,cifar100_shared_images,cifar10|cifar100|cifar100_coarse|dermamnist|organamnist|rendered_sst2|retinamnist|tiny_imagenet,cifar10|cifar100_shared_images|dermamnist|organmnist_views|rendered_sst2|retinamnist|tiny_imagenet,14,7,0.5,0.4390266885081927,0.4390266885081927,0.0,0.0,0.482919979095459,0.482919979095459,0.0,5,8,17
vit_b16,food101,random,5,8,17,0.5294117647058824,0,0.3333333333333333,0,0.3333333333333333,cifar100,cifar100,1,cifar100_shared_images,cifar100_shared_images,tiny_imagenet,tiny_imagenet,cifar10|octmnist|organcmnist|organsmnist|pathmnist|rendered_sst2|tiny_imagenet|tissuemnist,cifar10|octmnist|organmnist_views|pathmnist|rendered_sst2|tiny_imagenet|tissuemnist,14,7,0.5,0.4390266885081927,0.4386133545041083,0.0004133340040843869,0.011787089967432818,0.482919979095459,0.48139998912811277,0.0015199899673462025,5,8,17
vit_b16,food101,random,6,8,17,0.5294117647058824,0,0.3333333333333333,0,0.3333333333333333,cifar100,cifar100,1,cifar100_shared_images,cifar100_shared_images,stl10,stl10,bloodmnist|cifar10|dermamnist|octmnist|organamnist|pathmnist|rendered_sst2|stl10,bloodmnist|cifar10|dermamnist|octmnist|organmnist_views|pathmnist|rendered_sst2|stl10,14,8,0.4285714285714286,0.4390266885081927,0.4350000226418177,0.004026665866375012,0.11482886084074281,0.482919979095459,0.4804399847984314,0.0024799942970275546,5,8,17
vit_b16,food101,random,7,8,17,0.5294117647058824,1,0.6666666666666666,1,0.6666666666666666,cifar100,cifar100,1,cifar100_shared_images,cifar100_shared_images,cifar100,cifar100_shared_images,bloodmnist|breastmnist|cifar100|octmnist|organamnist|pathmnist|tiny_imagenet|tissuemnist,bloodmnist|breastmnist|cifar100_shared_images|octmnist|organmnist_views|pathmnist|tiny_imagenet|tissuemnist,14,8,0.4285714285714286,0.4390266885081927,0.4390266885081927,0.0,0.0,0.482919979095459,0.482919979095459,0.0,5,8,17
vit_b16,food101,random,8,8,17,0.5294117647058824,0,0.3333333333333333,0,0.3333333333333333,cifar100,cifar100,1,cifar100_shared_images,cifar100_shared_images,stl10,stl10,bloodmnist|breastmnist|cifar10|dermamnist|organcmnist|organsmnist|retinamnist|stl10,bloodmnist|breastmnist|cifar10|dermamnist|organmnist_views|retinamnist|stl10,14,7,0.5,0.4390266885081927,0.4350000226418177,0.004026665866375012,0.11482886084074281,0.482919979095459,0.4804399847984314,0.0024799942970275546,5,8,17
vit_b16,food101,random,9,8,17,0.5294117647058824,0,0.6666666666666666,1,1.0,cifar100,cifar100,1,cifar100_shared_images,cifar100_shared_images,tiny_imagenet,tiny_imagenet,bloodmnist|cifar100_coarse|organamnist|pathmnist|pneumoniamnist|rendered_sst2|stl10|tiny_imagenet,bloodmnist|cifar100_shared_images|organmnist_views|pathmnist|pneumoniamnist|rendered_sst2|stl10|tiny_imagenet,14,8,0.4285714285714286,0.4390266885081927,0.4386133545041083,0.0004133340040843869,0.011787089967432818,0.482919979095459,0.48139998912811277,0.0015199899673462025,5,8,17
vit_b16,food101,random,10,8,17,0.5294117647058824,1,0.6666666666666666,1,0.6666666666666666,cifar100,cifar100,1,cifar100_shared_images,cifar100_shared_images,cifar100,cifar100_shared_images,cifar100|cifar100_coarse|octmnist|organsmnist|pathmnist|pneumoniamnist|rendered_sst2|tiny_imagenet,cifar100_shared_images|octmnist|organmnist_views|pathmnist|pneumoniamnist|rendered_sst2|tiny_imagenet,14,7,0.5,0.4390266885081927,0.4390266885081927,0.0,0.0,0.482919979095459,0.482919979095459,0.0,5,8,17
vit_b16,food101,random,11,8,17,0.5294117647058824,0,0.6666666666666666,1,1.0,cifar100,cifar100,1,cifar100_shared_images,cifar100_shared_images,tiny_imagenet,tiny_imagenet,breastmnist|cifar100_coarse|octmnist|organcmnist|organsmnist|retinamnist|stl10|tiny_imagenet,breastmnist|cifar100_shared_images|octmnist|organmnist_views|retinamnist|stl10|tiny_imagenet,14,7,0.5,0.4390266885081927,0.4386133545041083,0.0004133340040843869,0.011787089967432818,0.482919979095459,0.48139998912811277,0.0015199899673462025,5,8,17
vit_b16,food101,random,12,8,17,0.5294117647058824,0,0.3333333333333333,1,0.6666666666666666,cifar100,cifar100,1,cifar100_shared_images,cifar100_shared_images,tiny_imagenet,tiny_imagenet,bloodmnist|cifar100_coarse|octmnist|organamnist|organcmnist|rendered_sst2|tiny_imagenet|tissuemnist,bloodmnist|cifar100_shared_images|octmnist|organmnist_views|rendered_sst2|tiny_imagenet|tissuemnist,14,7,0.5,0.4390266885081927,0.4386133545041083,0.0004133340040843869,0.011787089967432818,0.482919979095459,0.48139998912811277,0.0015199899673462025,5,8,17
vit_b16,food101,random,13,8,17,0.5294117647058824,0,0.6666666666666666,1,1.0,cifar100,cifar100,1,cifar100_shared_images,cifar100_shared_images,tiny_imagenet,tiny_imagenet,bloodmnist|breastmnist|cifar100_coarse|organcmnist|rendered_sst2|retinamnist|stl10|tiny_imagenet,bloodmnist|breastmnist|cifar100_shared_images|organmnist_views|rendered_sst2|retinamnist|stl10|tiny_imagenet,14,8,0.4285714285714286,0.4390266885081927,0.4386133545041083,0.0004133340040843869,0.011787089967432818,0.482919979095459,0.48139998912811277,0.0015199899673462025,5,8,17
vit_b16,food101,random,14,8,17,0.5294117647058824,0,0.6666666666666666,1,1.0,cifar100,cifar100,1,cifar100_shared_images,cifar100_shared_images,tiny_imagenet,tiny_imagenet,breastmnist|cifar100_coarse|organamnist|organsmnist|rendered_sst2|retinamnist|stl10|tiny_imagenet,breastmnist|cifar100_shared_images|organmnist_views|rendered_sst2|retinamnist|stl10|tiny_imagenet,14,7,0.5,0.4390266885081927,0.4386133545041083,0.0004133340040843869,0.011787089967432818,0.482919979095459,0.48139998912811277,0.0015199899673462025,5,8,17
vit_b16,food101,random,15,8,17,0.5294117647058824,0,0.0,1,0.3333333333333333,cifar100,cifar100,1,cifar100_shared_images,cifar100_shared_images,cifar100_coarse,cifar100_shared_images,cifar10|cifar100_coarse|organamnist|organsmnist|pathmnist|pneumoniamnist|rendered_sst2|tissuemnist,cifar10|cifar100_shared_images|organmnist_views|pathmnist|pneumoniamnist|rendered_sst2|tissuemnist,14,7,0.5,0.4390266885081927,0.430706689675649,0.008319998832543696,0.2372622958649846,0.482919979095459,0.4741199791431427,0.008799999952316284,5,8,17
vit_b16,food101,random,16,8,17,0.5294117647058824,0,0.0,0,0.0,cifar100,cifar100,1,cifar100_shared_images,cifar100_shared_images,breastmnist,breastmnist,bloodmnist|breastmnist|dermamnist|octmnist|pathmnist|rendered_sst2|retinamnist|tissuemnist,bloodmnist|breastmnist|dermamnist|octmnist|pathmnist|rendered_sst2|retinamnist|tissuemnist,14,8,0.4285714285714286,0.4390266885081927,0.4257333538134893,0.013293334694703396,0.37908744614603496,0.482919979095459,0.46787998676300047,0.015039992332458507,5,8,17
vit_b16,food101,random,17,8,17,0.5294117647058824,0,0.3333333333333333,0,0.3333333333333333,cifar100,cifar100,1,cifar100_shared_images,cifar100_shared_images,stl10,stl10,octmnist|organsmnist|pathmnist|pneumoniamnist|rendered_sst2|retinamnist|stl10|tissuemnist,octmnist|organmnist_views|pathmnist|pneumoniamnist|rendered_sst2|retinamnist|stl10|tissuemnist,14,8,0.4285714285714286,0.4390266885081927,0.4350000226418177,0.004026665866375012,0.11482886084074281,0.482919979095459,0.4804399847984314,0.0024799942970275546,5,8,17
vit_b16,food101,random,18,8,17,0.5294117647058824,0,0.0,0,0.0,cifar100,cifar100,1,cifar100_shared_images,cifar100_shared_images,cifar10,cifar10,bloodmnist|breastmnist|cifar10|octmnist|organcmnist|pneumoniamnist|rendered_sst2|tissuemnist,bloodmnist|breastmnist|cifar10|octmnist|organmnist_views|pneumoniamnist|rendered_sst2|tissuemnist,14,8,0.4285714285714286,0.4390266885081927,0.4297333522995313,0.009293336208661407,0.26501906184018886,0.482919979095459,0.4767199754714966,0.006200003623962391,5,8,17
vit_b16,food101,random,19,8,17,0.5294117647058824,1,1.0,1,1.0,cifar100,cifar100,1,cifar100_shared_images,cifar100_shared_images,cifar100,cifar100_shared_images,bloodmnist|breastmnist|cifar100|dermamnist|organamnist|organcmnist|stl10|tiny_imagenet,bloodmnist|breastmnist|cifar100_shared_images|dermamnist|organmnist_views|stl10|tiny_imagenet,14,7,0.5,0.4390266885081927,0.4390266885081927,0.0,0.0,0.482919979095459,0.482919979095459,0.0,5,8,17
vit_b16,food101,random,20,8,17,0.5294117647058824,0,0.6666666666666666,1,1.0,cifar100,cifar100,1,cifar100_shared_images,cifar100_shared_images,tiny_imagenet,tiny_imagenet,bloodmnist|breastmnist|cifar100_coarse|octmnist|pneumoniamnist|rendered_sst2|stl10|tiny_imagenet,bloodmnist|breastmnist|cifar100_shared_images|octmnist|pneumoniamnist|rendered_sst2|stl10|tiny_imagenet,14,8,0.4285714285714286,0.4390266885081927,0.4386133545041083,0.0004133340040843869,0.011787089967432818,0.482919979095459,0.48139998912811277,0.0015199899673462025,5,8,17
vit_b16,food101,random,21,8,17,0.5294117647058824,0,0.3333333333333333,0,0.3333333333333333,cifar100,cifar100,1,cifar100_shared_images,cifar100_shared_images,tiny_imagenet,tiny_imagenet,breastmnist|cifar10|octmnist|organamnist|pathmnist|pneumoniamnist|retinamnist|tiny_imagenet,breastmnist|cifar10|octmnist|organmnist_views|pathmnist|pneumoniamnist|retinamnist|tiny_imagenet,14,8,0.4285714285714286,0.4390266885081927,0.4386133545041083,0.0004133340040843869,0.011787089967432818,0.482919979095459,0.48139998912811277,0.0015199899673462025,5,8,17
vit_b16,food101,random,22,8,17,0.5294117647058824,0,0.3333333333333333,0,0.3333333333333333,cifar100,cifar100,1,cifar100_shared_images,cifar100_shared_images,tiny_imagenet,tiny_imagenet,breastmnist|organamnist|organcmnist|organsmnist|pneumoniamnist|retinamnist|tiny_imagenet|tissuemnist,breastmnist|organmnist_views|pneumoniamnist|retinamnist|tiny_imagenet|tissuemnist,14,6,0.5714285714285714,0.4390266885081927,0.4386133545041083,0.0004133340040843869,0.011787089967432818,0.482919979095459,0.48139998912811277,0.0015199899673462025,5,8,17
vit_b16,food101,random,23,8,17,0.5294117647058824,1,0.3333333333333333,1,0.3333333333333333,cifar100,cifar100,1,cifar100_shared_images,cifar100_shared_images,cifar100,cifar100_shared_images,breastmnist|cifar10|cifar100|dermamnist|organcmnist|organsmnist|retinamnist|tissuemnist,breastmnist|cifar10|cifar100_shared_images|dermamnist|organmnist_views|retinamnist|tissuemnist,14,7,0.5,0.4390266885081927,0.4390266885081927,0.0,0.0,0.482919979095459,0.482919979095459,0.0,5,8,17
vit_b16,food101,random,24,8,17,0.5294117647058824,1,0.3333333333333333,1,0.3333333333333333,cifar100,cifar100,1,cifar100_shared_images,cifar100_shared_images,cifar100,cifar100_shared_images,cifar100|cifar100_coarse|dermamnist|organcmnist|organsmnist|pathmnist|pneumoniamnist|rendered_sst2,cifar100_shared_images|dermamnist|organmnist_views|pathmnist|pneumoniamnist|rendered_sst2,14,6,0.5714285714285714,0.4390266885081927,0.4390266885081927,0.0,0.0,0.482919979095459,0.482919979095459,0.0,5,8,17
vit_b16,food101,random,25,8,17,0.5294117647058824,0,0.0,0,0.0,cifar100,cifar100,1,cifar100_shared_images,cifar100_shared_images,cifar10,cifar10,bloodmnist|cifar10|dermamnist|organcmnist|pneumoniamnist|rendered_sst2|retinamnist|tissuemnist,bloodmnist|cifar10|dermamnist|organmnist_views|pneumoniamnist|rendered_sst2|retinamnist|tissuemnist,14,8,0.4285714285714286,0.4390266885081927,0.4297333522995313,0.009293336208661407,0.26501906184018886,0.482919979095459,0.4767199754714966,0.006200003623962391,5,8,17
vit_b16,food101,random,26,8,17,0.5294117647058824,0,0.3333333333333333,0,0.3333333333333333,cifar100,cifar100,1,cifar100_shared_images,cifar100_shared_images,stl10,stl10,bloodmnist|octmnist|organcmnist|pathmnist|pneumoniamnist|rendered_sst2|stl10|tissuemnist,bloodmnist|octmnist|organmnist_views|pathmnist|pneumoniamnist|rendered_sst2|stl10|tissuemnist,14,8,0.4285714285714286,0.4390266885081927,0.4350000226418177,0.004026665866375012,0.11482886084074281,0.482919979095459,0.4804399847984314,0.0024799942970275546,5,8,17
vit_b16,food101,random,27,8,17,0.5294117647058824,1,0.6666666666666666,1,0.6666666666666666,cifar100,cifar100,1,cifar100_shared_images,cifar100_shared_images,cifar100,cifar100_shared_images,bloodmnist|cifar100|cifar100_coarse|organamnist|organcmnist|pathmnist|tiny_imagenet|tissuemnist,bloodmnist|cifar100_shared_images|organmnist_views|pathmnist|tiny_imagenet|tissuemnist,14,6,0.5714285714285714,0.4390266885081927,0.4390266885081927,0.0,0.0,0.482919979095459,0.482919979095459,0.0,5,8,17
vit_b16,food101,random,28,8,17,0.5294117647058824,1,0.6666666666666666,1,0.6666666666666666,cifar100,cifar100,1,cifar100_shared_images,cifar100_shared_images,cifar100,cifar100_shared_images,breastmnist|cifar100|cifar100_coarse|octmnist|organcmnist|pathmnist|retinamnist|stl10,breastmnist|cifar100_shared_images|octmnist|organmnist_views|pathmnist|retinamnist|stl10,14,7,0.5,0.4390266885081927,0.4390266885081927,0.0,0.0,0.482919979095459,0.482919979095459,0.0,5,8,17
vit_b16,food101,random,29,8,17,0.5294117647058824,0,0.6666666666666666,1,1.0,cifar100,cifar100,1,cifar100_shared_images,cifar100_shared_images,tiny_imagenet,tiny_imagenet,cifar10|cifar100_coarse|octmnist|organcmnist|organsmnist|retinamnist|stl10|tiny_imagenet,cifar10|cifar100_shared_images|octmnist|organmnist_views|retinamnist|stl10|tiny_imagenet,14,7,0.5,0.4390266885081927,0.4386133545041083,0.0004133340040843869,0.011787089967432818,0.482919979095459,0.48139998912811277,0.0015199899673462025,5,8,17
vit_b16,food101,random,30,8,17,0.5294117647058824,0,0.6666666666666666,0,0.6666666666666666,cifar100,cifar100,1,cifar100_shared_images,cifar100_shared_images,tiny_imagenet,tiny_imagenet,bloodmnist|cifar10|dermamnist|octmnist|rendered_sst2|stl10|tiny_imagenet|tissuemnist,bloodmnist|cifar10|dermamnist|octmnist|rendered_sst2|stl10|tiny_imagenet|tissuemnist,14,8,0.4285714285714286,0.4390266885081927,0.4386133545041083,0.0004133340040843869,0.011787089967432818,0.482919979095459,0.48139998912811277,0.0015199899673462025,5,8,17
vit_b16,food101,random,31,8,17,0.5294117647058824,1,1.0,1,1.0,cifar100,cifar100,1,cifar100_shared_images,cifar100_shared_images,cifar100,cifar100_shared_images,bloodmnist|cifar100|octmnist|organsmnist|pathmnist|pneumoniamnist|stl10|tiny_imagenet,bloodmnist|cifar100_shared_images|octmnist|organmnist_views|pathmnist|pneumoniamnist|stl10|tiny_imagenet,14,8,0.4285714285714286,0.4390266885081927,0.4390266885081927,0.0,0.0,0.482919979095459,0.482919979095459,0.0,5,8,17
vit_b16,food101,random,32,8,17,0.5294117647058824,0,0.3333333333333333,0,0.3333333333333333,cifar100,cifar100,1,cifar100_shared_images,cifar100_shared_images,tiny_imagenet,tiny_imagenet,bloodmnist|octmnist|organsmnist|pathmnist|rendered_sst2|retinamnist|tiny_imagenet|tissuemnist,bloodmnist|octmnist|organmnist_views|pathmnist|rendered_sst2|retinamnist|tiny_imagenet|tissuemnist,14,8,0.4285714285714286,0.4390266885081927,0.4386133545041083,0.0004133340040843869,0.011787089967432818,0.482919979095459,0.48139998912811277,0.0015199899673462025,5,8,17
vit_b16,food101,random,33,8,17,0.5294117647058824,1,0.6666666666666666,1,0.6666666666666666,cifar100,cifar100,1,cifar100_shared_images,cifar100_shared_images,cifar100,cifar100_shared_images,cifar10|cifar100|dermamnist|organcmnist|organsmnist|pneumoniamnist|stl10|tissuemnist,cifar10|cifar100_shared_images|dermamnist|organmnist_views|pneumoniamnist|stl10|tissuemnist,14,7,0.5,0.4390266885081927,0.4390266885081927,0.0,0.0,0.482919979095459,0.482919979095459,0.0,5,8,17
vit_b16,food101,random,34,8,17,0.5294117647058824,0,0.3333333333333333,1,0.6666666666666666,cifar100,cifar100,1,cifar100_shared_images,cifar100_shared_images,stl10,stl10,cifar10|cifar100_coarse|dermamnist|organamnist|organcmnist|pneumoniamnist|retinamnist|stl10,cifar10|cifar100_shared_images|dermamnist|organmnist_views|pneumoniamnist|retinamnist|stl10,14,7,0.5,0.4390266885081927,0.4350000226418177,0.004026665866375012,0.11482886084074281,0.482919979095459,0.4804399847984314,0.0024799942970275546,5,8,17
vit_b16,food101,random,35,8,17,0.5294117647058824,1,0.6666666666666666,1,0.6666666666666666,cifar100,cifar100,1,cifar100_shared_images,cifar100_shared_images,cifar100,cifar100_shared_images,cifar100|octmnist|organcmnist|organsmnist|pathmnist|pneumoniamnist|rendered_sst2|tiny_imagenet,cifar100_shared_images|octmnist|organmnist_views|pathmnist|pneumoniamnist|rendered_sst2|tiny_imagenet,14,7,0.5,0.4390266885081927,0.4390266885081927,0.0,0.0,0.482919979095459,0.482919979095459,0.0,5,8,17
vit_b16,food101,random,36,8,17,0.5294117647058824,1,0.3333333333333333,1,0.3333333333333333,cifar100,cifar100,1,cifar100_shared_images,cifar100_shared_images,cifar100,cifar100_shared_images,breastmnist|cifar10|cifar100|organamnist|pathmnist|rendered_sst2|retinamnist|tissuemnist,breastmnist|cifar10|cifar100_shared_images|organmnist_views|pathmnist|rendered_sst2|retinamnist|tissuemnist,14,8,0.4285714285714286,0.4390266885081927,0.4390266885081927,0.0,0.0,0.482919979095459,0.482919979095459,0.0,5,8,17
vit_b16,food101,random,37,8,17,0.5294117647058824,0,0.0,1,0.3333333333333333,cifar100,cifar100,1,cifar100_shared_images,cifar100_shared_images,cifar100_coarse,cifar100_shared_images,bloodmnist|cifar10|cifar100_coarse|organcmnist|pathmnist|rendered_sst2|retinamnist|tissuemnist,bloodmnist|cifar10|cifar100_shared_images|organmnist_views|pathmnist|rendered_sst2|retinamnist|tissuemnist,14,8,0.4285714285714286,0.4390266885081927,0.430706689675649,0.008319998832543696,0.2372622958649846,0.482919979095459,0.4741199791431427,0.008799999952316284,5,8,17
vit_b16,food101,random,38,8,17,0.5294117647058824,1,0.6666666666666666,1,0.6666666666666666,cifar100,cifar100,1,cifar100_shared_images,cifar100_shared_images,cifar100,cifar100_shared_images,breastmnist|cifar100|organamnist|organsmnist|pneumoniamnist|rendered_sst2|retinamnist|tiny_imagenet,breastmnist|cifar100_shared_images|organmnist_views|pneumoniamnist|rendered_sst2|retinamnist|tiny_imagenet,14,7,0.5,0.4390266885081927,0.4390266885081927,0.0,0.0,0.482919979095459,0.482919979095459,0.0,5,8,17
vit_b16,food101,random,39,8,17,0.5294117647058824,1,0.6666666666666666,1,0.6666666666666666,cifar100,cifar100,1,cifar100_shared_images,cifar100_shared_images,cifar100,cifar100_shared_images,cifar10|cifar100|cifar100_coarse|octmnist|organcmnist|rendered_sst2|retinamnist|tiny_imagenet,cifar10|cifar100_shared_images|octmnist|organmnist_views|rendered_sst2|retinamnist|tiny_imagenet,14,7,0.5,0.4390266885081927,0.4390266885081927,0.0,0.0,0.482919979095459,0.482919979095459,0.0,5,8,17
vit_b16,food101,random,40,8,17,0.5294117647058824,0,0.0,1,0.3333333333333333,cifar100,cifar100,1,cifar100_shared_images,cifar100_shared_images,cifar100_coarse,cifar100_shared_images,bloodmnist|cifar100_coarse|organamnist|organcmnist|organsmnist|pneumoniamnist|retinamnist|tissuemnist,bloodmnist|cifar100_shared_images|organmnist_views|pneumoniamnist|retinamnist|tissuemnist,14,6,0.5714285714285714,0.4390266885081927,0.430706689675649,0.008319998832543696,0.2372622958649846,0.482919979095459,0.4741199791431427,0.008799999952316284,5,8,17
vit_b16,food101,random,41,8,17,0.5294117647058824,1,0.6666666666666666,1,0.6666666666666666,cifar100,cifar100,1,cifar100_shared_images,cifar100_shared_images,cifar100,cifar100_shared_images,cifar100|cifar100_coarse|dermamnist|organamnist|organsmnist|pneumoniamnist|retinamnist|stl10,cifar100_shared_images|dermamnist|organmnist_views|pneumoniamnist|retinamnist|stl10,14,6,0.5714285714285714,0.4390266885081927,0.4390266885081927,0.0,0.0,0.482919979095459,0.482919979095459,0.0,5,8,17
vit_b16,food101,random,42,8,17,0.5294117647058824,0,0.3333333333333333,0,0.3333333333333333,cifar100,cifar100,1,cifar100_shared_images,cifar100_shared_images,tiny_imagenet,tiny_imagenet,breastmnist|octmnist|organamnist|organcmnist|pathmnist|rendered_sst2|tiny_imagenet|tissuemnist,breastmnist|octmnist|organmnist_views|pathmnist|rendered_sst2|tiny_imagenet|tissuemnist,14,7,0.5,0.4390266885081927,0.4386133545041083,0.0004133340040843869,0.011787089967432818,0.482919979095459,0.48139998912811277,0.0015199899673462025,5,8,17
vit_b16,food101,random,43,8,17,0.5294117647058824,1,0.6666666666666666,1,0.6666666666666666,cifar100,cifar100,1,cifar100_shared_images,cifar100_shared_images,cifar100,cifar100_shared_images,cifar10|cifar100|dermamnist|octmnist|pathmnist|rendered_sst2|stl10|tissuemnist,cifar10|cifar100_shared_images|dermamnist|octmnist|pathmnist|rendered_sst2|stl10|tissuemnist,14,8,0.4285714285714286,0.4390266885081927,0.4390266885081927,0.0,0.0,0.482919979095459,0.482919979095459,0.0,5,8,17
vit_b16,food101,random,44,8,17,0.5294117647058824,0,0.0,0,0.0,cifar100,cifar100,1,cifar100_shared_images,cifar100_shared_images,cifar10,cifar10,bloodmnist|breastmnist|cifar10|dermamnist|octmnist|pathmnist|pneumoniamnist|retinamnist,bloodmnist|breastmnist|cifar10|dermamnist|octmnist|pathmnist|pneumoniamnist|retinamnist,14,8,0.4285714285714286,0.4390266885081927,0.4297333522995313,0.009293336208661407,0.26501906184018886,0.482919979095459,0.4767199754714966,0.006200003623962391,5,8,17
vit_b16,food101,random,45,8,17,0.5294117647058824,0,0.3333333333333333,0,0.3333333333333333,cifar100,cifar100,1,cifar100_shared_images,cifar100_shared_images,stl10,stl10,breastmnist|cifar10|dermamnist|octmnist|pathmnist|rendered_sst2|retinamnist|stl10,breastmnist|cifar10|dermamnist|octmnist|pathmnist|rendered_sst2|retinamnist|stl10,14,8,0.4285714285714286,0.4390266885081927,0.4350000226418177,0.004026665866375012,0.11482886084074281,0.482919979095459,0.4804399847984314,0.0024799942970275546,5,8,17
vit_b16,food101,random,46,8,17,0.5294117647058824,1,0.6666666666666666,1,0.6666666666666666,cifar100,cifar100,1,cifar100_shared_images,cifar100_shared_images,cifar100,cifar100_shared_images,bloodmnist|cifar100|cifar100_coarse|octmnist|organamnist|pneumoniamnist|rendered_sst2|stl10,bloodmnist|cifar100_shared_images|octmnist|organmnist_views|pneumoniamnist|rendered_sst2|stl10,14,7,0.5,0.4390266885081927,0.4390266885081927,0.0,0.0,0.482919979095459,0.482919979095459,0.0,5,8,17
vit_b16,food101,random,47,8,17,0.5294117647058824,1,1.0,1,1.0,cifar100,cifar100,1,cifar100_shared_images,cifar100_shared_images,cifar100,cifar100_shared_images,breastmnist|cifar100|cifar100_coarse|dermamnist|organamnist|retinamnist|stl10|tiny_imagenet,breastmnist|cifar100_shared_images|dermamnist|organmnist_views|retinamnist|stl10|tiny_imagenet,14,7,0.5,0.4390266885081927,0.4390266885081927,0.0,0.0,0.482919979095459,0.482919979095459,0.0,5,8,17
vit_b16,food101,random,48,8,17,0.5294117647058824,0,0.0,0,0.0,cifar100,cifar100,1,cifar100_shared_images,cifar100_shared_images,organcmnist,organmnist_views,bloodmnist|octmnist|organamnist|organcmnist|pathmnist|pneumoniamnist|rendered_sst2|tissuemnist,bloodmnist|octmnist|organmnist_views|pathmnist|pneumoniamnist|rendered_sst2|tissuemnist,14,7,0.5,0.4390266885081927,0.427906686758995,0.011120001749197694,0.31711027827520233,0.482919979095459,0.47171998023986816,0.01119999885559081,5,8,17
vit_b16,food101,random,49,8,17,0.5294117647058824,0,0.3333333333333333,0,0.3333333333333333,cifar100,cifar100,1,cifar100_shared_images,cifar100_shared_images,stl10,stl10,bloodmnist|breastmnist|cifar10|dermamnist|organcmnist|rendered_sst2|retinamnist|stl10,bloodmnist|breastmnist|cifar10|dermamnist|organmnist_views|rendered_sst2|retinamnist|stl10,14,8,0.4285714285714286,0.4390266885081927,0.4350000226418177,0.004026665866375012,0.11482886084074281,0.482919979095459,0.4804399847984314,0.0024799942970275546,5,8,17
vit_b16,food101,random,50,8,17,0.5294117647058824,0,0.3333333333333333,1,0.6666666666666666,cifar100,cifar100,1,cifar100_shared_images,cifar100_shared_images,stl10,stl10,cifar100_coarse|dermamnist|organamnist|organcmnist|organsmnist|pathmnist|rendered_sst2|stl10,cifar100_shared_images|dermamnist|organmnist_views|pathmnist|rendered_sst2|stl10,14,6,0.5714285714285714,0.4390266885081927,0.4350000226418177,0.004026665866375012,0.11482886084074281,0.482919979095459,0.4804399847984314,0.0024799942970275546,5,8,17
vit_b16,food101,random,51,8,17,0.5294117647058824,1,0.6666666666666666,1,0.6666666666666666,cifar100,cifar100,1,cifar100_shared_images,cifar100_shared_images,cifar100,cifar100_shared_images,breastmnist|cifar100|cifar100_coarse|octmnist|organamnist|organsmnist|retinamnist|tiny_imagenet,breastmnist|cifar100_shared_images|octmnist|organmnist_views|retinamnist|tiny_imagenet,14,6,0.5714285714285714,0.4390266885081927,0.4390266885081927,0.0,0.0,0.482919979095459,0.482919979095459,0.0,5,8,17
vit_b16,food101,random,52,8,17,0.5294117647058824,1,0.6666666666666666,1,0.6666666666666666,cifar100,cifar100,1,cifar100_shared_images,cifar100_shared_images,cifar100,cifar100_shared_images,cifar10|cifar100|cifar100_coarse|octmnist|organcmnist|rendered_sst2|tiny_imagenet|tissuemnist,cifar10|cifar100_shared_images|octmnist|organmnist_views|rendered_sst2|tiny_imagenet|tissuemnist,14,7,0.5,0.4390266885081927,0.4390266885081927,0.0,0.0,0.482919979095459,0.482919979095459,0.0,5,8,17
vit_b16,food101,random,53,8,17,0.5294117647058824,0,0.0,1,0.3333333333333333,cifar100,cifar100,1,cifar100_shared_images,cifar100_shared_images,cifar100_coarse,cifar100_shared_images,bloodmnist|breastmnist|cifar100_coarse|dermamnist|octmnist|organsmnist|pathmnist|pneumoniamnist,bloodmnist|breastmnist|cifar100_shared_images|dermamnist|octmnist|organmnist_views|pathmnist|pneumoniamnist,14,8,0.4285714285714286,0.4390266885081927,0.430706689675649,0.008319998832543696,0.2372622958649846,0.482919979095459,0.4741199791431427,0.008799999952316284,5,8,17
vit_b16,food101,random,54,8,17,0.5294117647058824,0,0.3333333333333333,0,0.3333333333333333,cifar100,cifar100,1,cifar100_shared_images,cifar100_shared_images,stl10,stl10,bloodmnist|cifar10|organamnist|organcmnist|pathmnist|rendered_sst2|retinamnist|stl10,bloodmnist|cifar10|organmnist_views|pathmnist|rendered_sst2|retinamnist|stl10,14,7,0.5,0.4390266885081927,0.4350000226418177,0.004026665866375012,0.11482886084074281,0.482919979095459,0.4804399847984314,0.0024799942970275546,5,8,17
vit_b16,food101,random,55,8,17,0.5294117647058824,1,0.6666666666666666,1,0.6666666666666666,cifar100,cifar100,1,cifar100_shared_images,cifar100_shared_images,cifar100,cifar100_shared_images,bloodmnist|cifar10|cifar100|cifar100_coarse|organamnist|organsmnist|rendered_sst2|tiny_imagenet,bloodmnist|cifar10|cifar100_shared_images|organmnist_views|rendered_sst2|tiny_imagenet,14,6,0.5714285714285714,0.4390266885081927,0.4390266885081927,0.0,0.0,0.482919979095459,0.482919979095459,0.0,5,8,17
vit_b16,food101,random,56,8,17,0.5294117647058824,0,0.3333333333333333,0,0.3333333333333333,cifar100,cifar100,1,cifar100_shared_images,cifar100_shared_images,tiny_imagenet,tiny_imagenet,cifar10|octmnist|organamnist|organcmnist|pneumoniamnist|retinamnist|tiny_imagenet|tissuemnist,cifar10|octmnist|organmnist_views|pneumoniamnist|retinamnist|tiny_imagenet|tissuemnist,14,7,0.5,0.4390266885081927,0.4386133545041083,0.0004133340040843869,0.011787089967432818,0.482919979095459,0.48139998912811277,0.0015199899673462025,5,8,17
vit_b16,food101,random,57,8,17,0.5294117647058824,1,1.0,1,1.0,cifar100,cifar100,1,cifar100_shared_images,cifar100_shared_images,cifar100,cifar100_shared_images,bloodmnist|breastmnist|cifar100|organamnist|organsmnist|retinamnist|stl10|tiny_imagenet,bloodmnist|breastmnist|cifar100_shared_images|organmnist_views|retinamnist|stl10|tiny_imagenet,14,7,0.5,0.4390266885081927,0.4390266885081927,0.0,0.0,0.482919979095459,0.482919979095459,0.0,5,8,17
vit_b16,food101,random,58,8,17,0.5294117647058824,0,0.3333333333333333,0,0.3333333333333333,cifar100,cifar100,1,cifar100_shared_images,cifar100_shared_images,tiny_imagenet,tiny_imagenet,octmnist|organamnist|organcmnist|organsmnist|pathmnist|pneumoniamnist|rendered_sst2|tiny_imagenet,octmnist|organmnist_views|pathmnist|pneumoniamnist|rendered_sst2|tiny_imagenet,14,6,0.5714285714285714,0.4390266885081927,0.4386133545041083,0.0004133340040843869,0.011787089967432818,0.482919979095459,0.48139998912811277,0.0015199899673462025,5,8,17
vit_b16,food101,random,59,8,17,0.5294117647058824,1,0.6666666666666666,1,0.6666666666666666,cifar100,cifar100,1,cifar100_shared_images,cifar100_shared_images,cifar100,cifar100_shared_images,cifar100|octmnist|organamnist|organsmnist|rendered_sst2|retinamnist|tiny_imagenet|tissuemnist,cifar100_shared_images|octmnist|organmnist_views|rendered_sst2|retinamnist|tiny_imagenet|tissuemnist,14,7,0.5,0.4390266885081927,0.4390266885081927,0.0,0.0,0.482919979095459,0.482919979095459,0.0,5,8,17
vit_b16,food101,random,60,8,17,0.5294117647058824,1,1.0,1,1.0,cifar100,cifar100,1,cifar100_shared_images,cifar100_shared_images,cifar100,cifar100_shared_images,cifar10|cifar100|dermamnist|octmnist|pneumoniamnist|rendered_sst2|stl10|tiny_imagenet,cifar10|cifar100_shared_images|dermamnist|octmnist|pneumoniamnist|rendered_sst2|stl10|tiny_imagenet,14,8,0.4285714285714286,0.4390266885081927,0.4390266885081927,0.0,0.0,0.482919979095459,0.482919979095459,0.0,5,8,17
vit_b16,food101,random,61,8,17,0.5294117647058824,0,0.3333333333333333,1,0.6666666666666666,cifar100,cifar100,1,cifar100_shared_images,cifar100_shared_images,stl10,stl10,bloodmnist|breastmnist|cifar100_coarse|dermamnist|rendered_sst2|retinamnist|stl10|tissuemnist,bloodmnist|breastmnist|cifar100_shared_images|dermamnist|rendered_sst2|retinamnist|stl10|tissuemnist,14,8,0.4285714285714286,0.4390266885081927,0.4350000226418177,0.004026665866375012,0.11482886084074281,0.482919979095459,0.4804399847984314,0.0024799942970275546,5,8,17
vit_b16,food101,random,62,8,17,0.5294117647058824,0,0.3333333333333333,1,0.6666666666666666,cifar100,cifar100,1,cifar100_shared_images,cifar100_shared_images,tiny_imagenet,tiny_imagenet,cifar100_coarse|dermamnist|octmnist|organamnist|organsmnist|pathmnist|pneumoniamnist|tiny_imagenet,cifar100_shared_images|dermamnist|octmnist|organmnist_views|pathmnist|pneumoniamnist|tiny_imagenet,14,7,0.5,0.4390266885081927,0.4386133545041083,0.0004133340040843869,0.011787089967432818,0.482919979095459,0.48139998912811277,0.0015199899673462025,5,8,17
vit_b16,food101,random,63,8,17,0.5294117647058824,1,0.6666666666666666,1,0.6666666666666666,cifar100,cifar100,1,cifar100_shared_images,cifar100_shared_images,cifar100,cifar100_shared_images,breastmnist|cifar10|cifar100|octmnist|organamnist|retinamnist|stl10|tissuemnist,breastmnist|cifar10|cifar100_shared_images|octmnist|organmnist_views|retinamnist|stl10|tissuemnist,14,8,0.4285714285714286,0.4390266885081927,0.4390266885081927,0.0,0.0,0.482919979095459,0.482919979095459,0.0,5,8,17
vit_b16,food101,random,64,8,17,0.5294117647058824,1,0.6666666666666666,1,0.6666666666666666,cifar100,cifar100,1,cifar100_shared_images,cifar100_shared_images,cifar100,cifar100_shared_images,cifar10|cifar100|cifar100_coarse|dermamnist|organamnist|organcmnist|organsmnist|stl10,cifar10|cifar100_shared_images|dermamnist|organmnist_views|stl10,14,5,0.6428571428571428,0.4390266885081927,0.4390266885081927,0.0,0.0,0.482919979095459,0.482919979095459,0.0,5,8,17
vit_b16,food101,random,65,8,17,0.5294117647058824,1,1.0,1,1.0,cifar100,cifar100,1,cifar100_shared_images,cifar100_shared_images,cifar100,cifar100_shared_images,bloodmnist|cifar100|pathmnist|pneumoniamnist|rendered_sst2|retinamnist|stl10|tiny_imagenet,bloodmnist|cifar100_shared_images|pathmnist|pneumoniamnist|rendered_sst2|retinamnist|stl10|tiny_imagenet,14,8,0.4285714285714286,0.4390266885081927,0.4390266885081927,0.0,0.0,0.482919979095459,0.482919979095459,0.0,5,8,17
vit_b16,food101,random,66,8,17,0.5294117647058824,0,0.0,1,0.3333333333333333,cifar100,cifar100,1,cifar100_shared_images,cifar100_shared_images,cifar100_coarse,cifar100_shared_images,breastmnist|cifar10|cifar100_coarse|dermamnist|octmnist|organsmnist|pneumoniamnist|retinamnist,breastmnist|cifar10|cifar100_shared_images|dermamnist|octmnist|organmnist_views|pneumoniamnist|retinamnist,14,8,0.4285714285714286,0.4390266885081927,0.430706689675649,0.008319998832543696,0.2372622958649846,0.482919979095459,0.4741199791431427,0.008799999952316284,5,8,17
vit_b16,food101,random,67,8,17,0.5294117647058824,1,0.3333333333333333,1,0.3333333333333333,cifar100,cifar100,1,cifar100_shared_images,cifar100_shared_images,cifar100,cifar100_shared_images,cifar100|cifar100_coarse|dermamnist|octmnist|organamnist|organsmnist|pathmnist|rendered_sst2,cifar100_shared_images|dermamnist|octmnist|organmnist_views|pathmnist|rendered_sst2,14,6,0.5714285714285714,0.4390266885081927,0.4390266885081927,0.0,0.0,0.482919979095459,0.482919979095459,0.0,5,8,17
vit_b16,food101,random,68,8,17,0.5294117647058824,1,0.3333333333333333,1,0.3333333333333333,cifar100,cifar100,1,cifar100_shared_images,cifar100_shared_images,cifar100,cifar100_shared_images,breastmnist|cifar100|cifar100_coarse|organcmnist|organsmnist|pathmnist|rendered_sst2|retinamnist,breastmnist|cifar100_shared_images|organmnist_views|pathmnist|rendered_sst2|retinamnist,14,6,0.5714285714285714,0.4390266885081927,0.4390266885081927,0.0,0.0,0.482919979095459,0.482919979095459,0.0,5,8,17
vit_b16,food101,random,69,8,17,0.5294117647058824,1,0.6666666666666666,1,0.6666666666666666,cifar100,cifar100,1,cifar100_shared_images,cifar100_shared_images,cifar100,cifar100_shared_images,bloodmnist|breastmnist|cifar100|cifar100_coarse|dermamnist|pathmnist|rendered_sst2|stl10,bloodmnist|breastmnist|cifar100_shared_images|dermamnist|pathmnist|rendered_sst2|stl10,14,7,0.5,0.4390266885081927,0.4390266885081927,0.0,0.0,0.482919979095459,0.482919979095459,0.0,5,8,17
vit_b16,food101,random,70,8,17,0.5294117647058824,1,0.6666666666666666,1,0.6666666666666666,cifar100,cifar100,1,cifar100_shared_images,cifar100_shared_images,cifar100,cifar100_shared_images,bloodmnist|breastmnist|cifar100|dermamnist|organsmnist|pathmnist|stl10|tissuemnist,bloodmnist|breastmnist|cifar100_shared_images|dermamnist|organmnist_views|pathmnist|stl10|tissuemnist,14,8,0.4285714285714286,0.4390266885081927,0.4390266885081927,0.0,0.0,0.482919979095459,0.482919979095459,0.0,5,8,17
vit_b16,food101,random,71,8,17,0.5294117647058824,0,0.0,0,0.0,cifar100,cifar100,1,cifar100_shared_images,cifar100_shared_images,cifar10,cifar10,bloodmnist|breastmnist|cifar10|dermamnist|organsmnist|pathmnist|retinamnist|tissuemnist,bloodmnist|breastmnist|cifar10|dermamnist|organmnist_views|pathmnist|retinamnist|tissuemnist,14,8,0.4285714285714286,0.4390266885081927,0.4297333522995313,0.009293336208661407,0.26501906184018886,0.482919979095459,0.4767199754714966,0.006200003623962391,5,8,17
vit_b16,food101,random,72,8,17,0.5294117647058824,0,0.3333333333333333,1,0.6666666666666666,cifar100,cifar100,1,cifar100_shared_images,cifar100_shared_images,tiny_imagenet,tiny_imagenet,bloodmnist|cifar100_coarse|organamnist|pathmnist|pneumoniamnist|retinamnist|tiny_imagenet|tissuemnist,bloodmnist|cifar100_shared_images|organmnist_views|pathmnist|pneumoniamnist|retinamnist|tiny_imagenet|tissuemnist,14,8,0.4285714285714286,0.4390266885081927,0.4386133545041083,0.0004133340040843869,0.011787089967432818,0.482919979095459,0.48139998912811277,0.0015199899673462025,5,8,17
vit_b16,food101,random,73,8,17,0.5294117647058824,1,0.6666666666666666,1,0.6666666666666666,cifar100,cifar100,1,cifar100_shared_images,cifar100_shared_images,cifar100,cifar100_shared_images,cifar10|cifar100|dermamnist|organcmnist|pneumoniamnist|rendered_sst2|stl10|tissuemnist,cifar10|cifar100_shared_images|dermamnist|organmnist_views|pneumoniamnist|rendered_sst2|stl10|tissuemnist,14,8,0.4285714285714286,0.4390266885081927,0.4390266885081927,0.0,0.0,0.482919979095459,0.482919979095459,0.0,5,8,17
vit_b16,food101,random,74,8,17,0.5294117647058824,1,0.6666666666666666,1,0.6666666666666666,cifar100,cifar100,1,cifar100_shared_images,cifar100_shared_images,cifar100,cifar100_shared_images,breastmnist|cifar100|cifar100_coarse|organcmnist|organsmnist|pathmnist|stl10|tissuemnist,breastmnist|cifar100_shared_images|organmnist_views|pathmnist|stl10|tissuemnist,14,6,0.5714285714285714,0.4390266885081927,0.4390266885081927,0.0,0.0,0.482919979095459,0.482919979095459,0.0,5,8,17
vit_b16,food101,random,75,8,17,0.5294117647058824,0,0.3333333333333333,1,0.6666666666666666,cifar100,cifar100,1,cifar100_shared_images,cifar100_shared_images,stl10,stl10,breastmnist|cifar10|cifar100_coarse|organsmnist|pathmnist|pneumoniamnist|retinamnist|stl10,breastmnist|cifar10|cifar100_shared_images|organmnist_views|pathmnist|pneumoniamnist|retinamnist|stl10,14,8,0.4285714285714286,0.4390266885081927,0.4350000226418177,0.004026665866375012,0.11482886084074281,0.482919979095459,0.4804399847984314,0.0024799942970275546,5,8,17
vit_b16,food101,random,76,8,17,0.5294117647058824,1,0.3333333333333333,1,0.3333333333333333,cifar100,cifar100,1,cifar100_shared_images,cifar100_shared_images,cifar100,cifar100_shared_images,bloodmnist|breastmnist|cifar10|cifar100|cifar100_coarse|octmnist|pneumoniamnist|retinamnist,bloodmnist|breastmnist|cifar10|cifar100_shared_images|octmnist|pneumoniamnist|retinamnist,14,7,0.5,0.4390266885081927,0.4390266885081927,0.0,0.0,0.482919979095459,0.482919979095459,0.0,5,8,17
vit_b16,food101,random,77,8,17,0.5294117647058824,0,0.0,1,0.3333333333333333,cifar100,cifar100,1,cifar100_shared_images,cifar100_shared_images,cifar100_coarse,cifar100_shared_images,cifar10|cifar100_coarse|dermamnist|organamnist|pathmnist|rendered_sst2|retinamnist|tissuemnist,cifar10|cifar100_shared_images|dermamnist|organmnist_views|pathmnist|rendered_sst2|retinamnist|tissuemnist,14,8,0.4285714285714286,0.4390266885081927,0.430706689675649,0.008319998832543696,0.2372622958649846,0.482919979095459,0.4741199791431427,0.008799999952316284,5,8,17
vit_b16,food101,random,78,8,17,0.5294117647058824,0,0.3333333333333333,0,0.3333333333333333,cifar100,cifar100,1,cifar100_shared_images,cifar100_shared_images,tiny_imagenet,tiny_imagenet,bloodmnist|breastmnist|cifar10|organamnist|organcmnist|pneumoniamnist|tiny_imagenet|tissuemnist,bloodmnist|breastmnist|cifar10|organmnist_views|pneumoniamnist|tiny_imagenet|tissuemnist,14,7,0.5,0.4390266885081927,0.4386133545041083,0.0004133340040843869,0.011787089967432818,0.482919979095459,0.48139998912811277,0.0015199899673462025,5,8,17
vit_b16,food101,random,79,8,17,0.5294117647058824,1,0.6666666666666666,1,0.6666666666666666,cifar100,cifar100,1,cifar100_shared_images,cifar100_shared_images,cifar100,cifar100_shared_images,cifar100|cifar100_coarse|organamnist|organcmnist|pneumoniamnist|retinamnist|stl10|tissuemnist,cifar100_shared_images|organmnist_views|pneumoniamnist|retinamnist|stl10|tissuemnist,14,6,0.5714285714285714,0.4390266885081927,0.4390266885081927,0.0,0.0,0.482919979095459,0.482919979095459,0.0,5,8,17
vit_b16,food101,random,80,8,17,0.5294117647058824,0,0.3333333333333333,0,0.3333333333333333,cifar100,cifar100,1,cifar100_shared_images,cifar100_shared_images,stl10,stl10,bloodmnist|cifar10|dermamnist|organamnist|pneumoniamnist|rendered_sst2|retinamnist|stl10,bloodmnist|cifar10|dermamnist|organmnist_views|pneumoniamnist|rendered_sst2|retinamnist|stl10,14,8,0.4285714285714286,0.4390266885081927,0.4350000226418177,0.004026665866375012,0.11482886084074281,0.482919979095459,0.4804399847984314,0.0024799942970275546,5,8,17
vit_b16,food101,random,81,8,17,0.5294117647058824,0,0.3333333333333333,1,0.6666666666666666,cifar100,cifar100,1,cifar100_shared_images,cifar100_shared_images,stl10,stl10,bloodmnist|cifar100_coarse|dermamnist|pathmnist|pneumoniamnist|retinamnist|stl10|tissuemnist,bloodmnist|cifar100_shared_images|dermamnist|pathmnist|pneumoniamnist|retinamnist|stl10|tissuemnist,14,8,0.4285714285714286,0.4390266885081927,0.4350000226418177,0.004026665866375012,0.11482886084074281,0.482919979095459,0.4804399847984314,0.0024799942970275546,5,8,17
vit_b16,food101,random,82,8,17,0.5294117647058824,0,0.6666666666666666,1,1.0,cifar100,cifar100,1,cifar100_shared_images,cifar100_shared_images,tiny_imagenet,tiny_imagenet,breastmnist|cifar100_coarse|organsmnist|pathmnist|rendered_sst2|stl10|tiny_imagenet|tissuemnist,breastmnist|cifar100_shared_images|organmnist_views|pathmnist|rendered_sst2|stl10|tiny_imagenet|tissuemnist,14,8,0.4285714285714286,0.4390266885081927,0.4386133545041083,0.0004133340040843869,0.011787089967432818,0.482919979095459,0.48139998912811277,0.0015199899673462025,5,8,17
vit_b16,food101,random,83,8,17,0.5294117647058824,1,0.3333333333333333,1,0.3333333333333333,cifar100,cifar100,1,cifar100_shared_images,cifar100_shared_images,cifar100,cifar100_shared_images,cifar100|cifar100_coarse|octmnist|organamnist|pathmnist|pneumoniamnist|retinamnist|tissuemnist,cifar100_shared_images|octmnist|organmnist_views|pathmnist|pneumoniamnist|retinamnist|tissuemnist,14,7,0.5,0.4390266885081927,0.4390266885081927,0.0,0.0,0.482919979095459,0.482919979095459,0.0,5,8,17
vit_b16,food101,random,84,8,17,0.5294117647058824,0,0.3333333333333333,1,0.6666666666666666,cifar100,cifar100,1,cifar100_shared_images,cifar100_shared_images,tiny_imagenet,tiny_imagenet,cifar100_coarse|dermamnist|octmnist|organamnist|organsmnist|rendered_sst2|tiny_imagenet|tissuemnist,cifar100_shared_images|dermamnist|octmnist|organmnist_views|rendered_sst2|tiny_imagenet|tissuemnist,14,7,0.5,0.4390266885081927,0.4386133545041083,0.0004133340040843869,0.011787089967432818,0.482919979095459,0.48139998912811277,0.0015199899673462025,5,8,17
vit_b16,food101,random,85,8,17,0.5294117647058824,0,0.3333333333333333,0,0.3333333333333333,cifar100,cifar100,1,cifar100_shared_images,cifar100_shared_images,tiny_imagenet,tiny_imagenet,breastmnist|cifar10|octmnist|organsmnist|pathmnist|pneumoniamnist|retinamnist|tiny_imagenet,breastmnist|cifar10|octmnist|organmnist_views|pathmnist|pneumoniamnist|retinamnist|tiny_imagenet,14,8,0.4285714285714286,0.4390266885081927,0.4386133545041083,0.0004133340040843869,0.011787089967432818,0.482919979095459,0.48139998912811277,0.0015199899673462025,5,8,17
vit_b16,food101,random,86,8,17,0.5294117647058824,1,1.0,1,1.0,cifar100,cifar100,1,cifar100_shared_images,cifar100_shared_images,cifar100,cifar100_shared_images,cifar100|cifar100_coarse|organcmnist|rendered_sst2|retinamnist|stl10|tiny_imagenet|tissuemnist,cifar100_shared_images|organmnist_views|rendered_sst2|retinamnist|stl10|tiny_imagenet|tissuemnist,14,7,0.5,0.4390266885081927,0.4390266885081927,0.0,0.0,0.482919979095459,0.482919979095459,0.0,5,8,17
vit_b16,food101,random,87,8,17,0.5294117647058824,0,0.3333333333333333,1,0.6666666666666666,cifar100,cifar100,1,cifar100_shared_images,cifar100_shared_images,stl10,stl10,breastmnist|cifar100_coarse|octmnist|organcmnist|organsmnist|pathmnist|stl10|tissuemnist,breastmnist|cifar100_shared_images|octmnist|organmnist_views|pathmnist|stl10|tissuemnist,14,7,0.5,0.4390266885081927,0.4350000226418177,0.004026665866375012,0.11482886084074281,0.482919979095459,0.4804399847984314,0.0024799942970275546,5,8,17
vit_b16,food101,random,88,8,17,0.5294117647058824,1,0.3333333333333333,1,0.3333333333333333,cifar100,cifar100,1,cifar100_shared_images,cifar100_shared_images,cifar100,cifar100_shared_images,cifar10|cifar100|cifar100_coarse|dermamnist|octmnist|pathmnist|retinamnist|tissuemnist,cifar10|cifar100_shared_images|dermamnist|octmnist|pathmnist|retinamnist|tissuemnist,14,7,0.5,0.4390266885081927,0.4390266885081927,0.0,0.0,0.482919979095459,0.482919979095459,0.0,5,8,17
vit_b16,food101,random,89,8,17,0.5294117647058824,1,1.0,1,1.0,cifar100,cifar100,1,cifar100_shared_images,cifar100_shared_images,cifar100,cifar100_shared_images,cifar10|cifar100|cifar100_coarse|dermamnist|pathmnist|stl10|tiny_imagenet|tissuemnist,cifar10|cifar100_shared_images|dermamnist|pathmnist|stl10|tiny_imagenet|tissuemnist,14,7,0.5,0.4390266885081927,0.4390266885081927,0.0,0.0,0.482919979095459,0.482919979095459,0.0,5,8,17
vit_b16,food101,random,90,8,17,0.5294117647058824,0,0.3333333333333333,0,0.3333333333333333,cifar100,cifar100,1,cifar100_shared_images,cifar100_shared_images,stl10,stl10,dermamnist|organamnist|organcmnist|pathmnist|pneumoniamnist|retinamnist|stl10|tissuemnist,dermamnist|organmnist_views|pathmnist|pneumoniamnist|retinamnist|stl10|tissuemnist,14,7,0.5,0.4390266885081927,0.4350000226418177,0.004026665866375012,0.11482886084074281,0.482919979095459,0.4804399847984314,0.0024799942970275546,5,8,17
vit_b16,food101,random,91,8,17,0.5294117647058824,1,0.6666666666666666,1,0.6666666666666666,cifar100,cifar100,1,cifar100_shared_images,cifar100_shared_images,cifar100,cifar100_shared_images,bloodmnist|breastmnist|cifar100|cifar100_coarse|pathmnist|pneumoniamnist|rendered_sst2|tiny_imagenet,bloodmnist|breastmnist|cifar100_shared_images|pathmnist|pneumoniamnist|rendered_sst2|tiny_imagenet,14,7,0.5,0.4390266885081927,0.4390266885081927,0.0,0.0,0.482919979095459,0.482919979095459,0.0,5,8,17
vit_b16,food101,random,92,8,17,0.5294117647058824,1,1.0,1,1.0,cifar100,cifar100,1,cifar100_shared_images,cifar100_shared_images,cifar100,cifar100_shared_images,bloodmnist|breastmnist|cifar100|dermamnist|octmnist|stl10|tiny_imagenet|tissuemnist,bloodmnist|breastmnist|cifar100_shared_images|dermamnist|octmnist|stl10|tiny_imagenet|tissuemnist,14,8,0.4285714285714286,0.4390266885081927,0.4390266885081927,0.0,0.0,0.482919979095459,0.482919979095459,0.0,5,8,17
vit_b16,food101,random,93,8,17,0.5294117647058824,1,0.6666666666666666,1,0.6666666666666666,cifar100,cifar100,1,cifar100_shared_images,cifar100_shared_images,cifar100,cifar100_shared_images,breastmnist|cifar10|cifar100|octmnist|organsmnist|pneumoniamnist|stl10|tissuemnist,breastmnist|cifar10|cifar100_shared_images|octmnist|organmnist_views|pneumoniamnist|stl10|tissuemnist,14,8,0.4285714285714286,0.4390266885081927,0.4390266885081927,0.0,0.0,0.482919979095459,0.482919979095459,0.0,5,8,17
vit_b16,food101,random,94,8,17,0.5294117647058824,1,0.3333333333333333,1,0.3333333333333333,cifar100,cifar100,1,cifar100_shared_images,cifar100_shared_images,cifar100,cifar100_shared_images,bloodmnist|breastmnist|cifar100|octmnist|organcmnist|organsmnist|pneumoniamnist|retinamnist,bloodmnist|breastmnist|cifar100_shared_images|octmnist|organmnist_views|pneumoniamnist|retinamnist,14,7,0.5,0.4390266885081927,0.4390266885081927,0.0,0.0,0.482919979095459,0.482919979095459,0.0,5,8,17
vit_b16,food101,random,95,8,17,0.5294117647058824,1,0.6666666666666666,1,0.6666666666666666,cifar100,cifar100,1,cifar100_shared_images,cifar100_shared_images,cifar100,cifar100_shared_images,bloodmnist|breastmnist|cifar100|cifar100_coarse|dermamnist|organcmnist|rendered_sst2|stl10,bloodmnist|breastmnist|cifar100_shared_images|dermamnist|organmnist_views|rendered_sst2|stl10,14,7,0.5,0.4390266885081927,0.4390266885081927,0.0,0.0,0.482919979095459,0.482919979095459,0.0,5,8,17
vit_b16,food101,random,96,8,17,0.5294117647058824,1,0.3333333333333333,1,0.3333333333333333,cifar100,cifar100,1,cifar100_shared_images,cifar100_shared_images,cifar100,cifar100_shared_images,bloodmnist|breastmnist|cifar10|cifar100|cifar100_coarse|organamnist|organcmnist|pathmnist,bloodmnist|breastmnist|cifar10|cifar100_shared_images|organmnist_views|pathmnist,14,6,0.5714285714285714,0.4390266885081927,0.4390266885081927,0.0,0.0,0.482919979095459,0.482919979095459,0.0,5,8,17
vit_b16,food101,random,97,8,17,0.5294117647058824,0,0.3333333333333333,1,0.6666666666666666,cifar100,cifar100,1,cifar100_shared_images,cifar100_shared_images,stl10,stl10,bloodmnist|cifar10|cifar100_coarse|octmnist|organamnist|organsmnist|pneumoniamnist|stl10,bloodmnist|cifar10|cifar100_shared_images|octmnist|organmnist_views|pneumoniamnist|stl10,14,7,0.5,0.4390266885081927,0.4350000226418177,0.004026665866375012,0.11482886084074281,0.482919979095459,0.4804399847984314,0.0024799942970275546,5,8,17
vit_b16,food101,random,98,8,17,0.5294117647058824,1,0.6666666666666666,1,0.6666666666666666,cifar100,cifar100,1,cifar100_shared_images,cifar100_shared_images,cifar100,cifar100_shared_images,breastmnist|cifar100|dermamnist|octmnist|organamnist|pneumoniamnist|stl10|tissuemnist,breastmnist|cifar100_shared_images|dermamnist|octmnist|organmnist_views|pneumoniamnist|stl10|tissuemnist,14,8,0.4285714285714286,0.4390266885081927,0.4390266885081927,0.0,0.0,0.482919979095459,0.482919979095459,0.0,5,8,17
vit_b16,food101,random,99,8,17,0.5294117647058824,0,0.0,1,0.3333333333333333,cifar100,cifar100,1,cifar100_shared_images,cifar100_shared_images,cifar100_coarse,cifar100_shared_images,bloodmnist|cifar100_coarse|dermamnist|octmnist|organsmnist|pneumoniamnist|rendered_sst2|tissuemnist,bloodmnist|cifar100_shared_images|dermamnist|octmnist|organmnist_views|pneumoniamnist|rendered_sst2|tissuemnist,14,8,0.4285714285714286,0.4390266885081927,0.430706689675649,0.008319998832543696,0.2372622958649846,0.482919979095459,0.4741199791431427,0.008799999952316284,5,8,17
vit_b16,gtsrb,rank_only,-1,3,17,0.8235294117647058,1,0.6666666666666666,1,0.6666666666666666,tiny_imagenet,tiny_imagenet,1,tiny_imagenet,tiny_imagenet,tiny_imagenet,tiny_imagenet,tiny_imagenet|cifar100_coarse|cifar100,cifar100_shared_images|tiny_imagenet,14,2,0.8571428571428572,0.6327200034586588,0.6327200034586588,0.0,0.0,0.5142799854278565,0.5142799854278565,0.0,5,3,17
vit_b16,gtsrb,facility_subspace,-1,3,17,0.8235294117647058,0,0.3333333333333333,0,0.6666666666666666,tiny_imagenet,tiny_imagenet,1,tiny_imagenet,tiny_imagenet,cifar100,cifar100_shared_images,organsmnist|cifar100|rendered_sst2,cifar100_shared_images|organmnist_views|rendered_sst2,14,3,0.7857142857142857,0.6327200034586588,0.6270666727836927,0.005653330674966095,0.1320049259273925,0.5142799854278565,0.5117999672889709,0.0024800181388855425,5,3,17
vit_b16,gtsrb,kcenter_subspace,-1,3,17,0.8235294117647058,1,0.3333333333333333,1,0.3333333333333333,tiny_imagenet,tiny_imagenet,1,tiny_imagenet,tiny_imagenet,tiny_imagenet,tiny_imagenet,tiny_imagenet|rendered_sst2|bloodmnist,bloodmnist|rendered_sst2|tiny_imagenet,14,3,0.7857142857142857,0.6327200034586588,0.6327200034586588,0.0,0.0,0.5142799854278565,0.5142799854278565,0.0,5,3,17
vit_b16,gtsrb,dpp_subspace,-1,3,17,0.8235294117647058,1,0.3333333333333333,1,0.6666666666666666,tiny_imagenet,tiny_imagenet,1,tiny_imagenet,tiny_imagenet,tiny_imagenet,tiny_imagenet,tiny_imagenet|stl10|cifar100_coarse,cifar100_shared_images|stl10|tiny_imagenet,14,3,0.7857142857142857,0.6327200034586588,0.6327200034586588,0.0,0.0,0.5142799854278565,0.5142799854278565,0.0,5,3,17
vit_b16,gtsrb,pool_vendi_subspace,-1,3,17,0.8235294117647058,1,0.3333333333333333,1,0.3333333333333333,tiny_imagenet,tiny_imagenet,1,tiny_imagenet,tiny_imagenet,tiny_imagenet,tiny_imagenet,tiny_imagenet|rendered_sst2|bloodmnist,bloodmnist|rendered_sst2|tiny_imagenet,14,3,0.7857142857142857,0.6327200034586588,0.6327200034586588,0.0,0.0,0.5142799854278565,0.5142799854278565,0.0,5,3,17
vit_b16,gtsrb,full_merged_rank,-1,3,17,0.8235294117647058,1,0.3333333333333333,1,0.6666666666666666,tiny_imagenet,tiny_imagenet,1,tiny_imagenet,tiny_imagenet,tiny_imagenet,tiny_imagenet,tiny_imagenet|stl10|cifar100_coarse,cifar100_shared_images|stl10|tiny_imagenet,14,3,0.7857142857142857,0.6327200034586588,0.6327200034586588,0.0,0.0,0.5142799854278565,0.5142799854278565,0.0,5,3,17
vit_b16,gtsrb,random,0,3,17,0.8235294117647058,1,0.3333333333333333,1,0.6666666666666666,tiny_imagenet,tiny_imagenet,1,tiny_imagenet,tiny_imagenet,tiny_imagenet,tiny_imagenet,breastmnist|organcmnist|tiny_imagenet,breastmnist|organmnist_views|tiny_imagenet,14,3,0.7857142857142857,0.6327200034586588,0.6327200034586588,0.0,0.0,0.5142799854278565,0.5142799854278565,0.0,5,3,17
vit_b16,gtsrb,random,1,3,17,0.8235294117647058,0,0.3333333333333333,0,0.3333333333333333,tiny_imagenet,tiny_imagenet,1,tiny_imagenet,tiny_imagenet,organamnist,organmnist_views,octmnist|organamnist|organsmnist,octmnist|organmnist_views,14,2,0.8571428571428572,0.6327200034586588,0.6251200101566315,0.007599993302027208,0.17745937935760278,0.5142799854278565,0.49827997088432313,0.016000014543533336,5,3,17
vit_b16,gtsrb,random,2,3,17,0.8235294117647058,0,0.3333333333333333,0,0.3333333333333333,tiny_imagenet,tiny_imagenet,1,tiny_imagenet,tiny_imagenet,cifar100,cifar100_shared_images,cifar100|pneumoniamnist|tissuemnist,cifar100_shared_images|pneumoniamnist|tissuemnist,14,3,0.7857142857142857,0.6327200034586588,0.6270666727836927,0.005653330674966095,0.1320049259273925,0.5142799854278565,0.5117999672889709,0.0024800181388855425,5,3,17
vit_b16,gtsrb,random,3,3,17,0.8235294117647058,1,0.6666666666666666,1,0.6666666666666666,tiny_imagenet,tiny_imagenet,1,tiny_imagenet,tiny_imagenet,tiny_imagenet,tiny_imagenet,organamnist|pneumoniamnist|tiny_imagenet,organmnist_views|pneumoniamnist|tiny_imagenet,14,3,0.7857142857142857,0.6327200034586588,0.6327200034586588,0.0,0.0,0.5142799854278565,0.5142799854278565,0.0,5,3,17
vit_b16,gtsrb,random,4,3,17,0.8235294117647058,0,0.3333333333333333,0,0.3333333333333333,tiny_imagenet,tiny_imagenet,1,tiny_imagenet,tiny_imagenet,cifar100,cifar100_shared_images,cifar100|pathmnist|stl10,cifar100_shared_images|pathmnist|stl10,14,3,0.7857142857142857,0.6327200034586588,0.6270666727836927,0.005653330674966095,0.1320049259273925,0.5142799854278565,0.5117999672889709,0.0024800181388855425,5,3,17
vit_b16,gtsrb,random,5,3,17,0.8235294117647058,1,0.6666666666666666,1,0.6666666666666666,tiny_imagenet,tiny_imagenet,1,tiny_imagenet,tiny_imagenet,tiny_imagenet,tiny_imagenet,cifar100|tiny_imagenet|tissuemnist,cifar100_shared_images|tiny_imagenet|tissuemnist,14,3,0.7857142857142857,0.6327200034586588,0.6327200034586588,0.0,0.0,0.5142799854278565,0.5142799854278565,0.0,5,3,17
vit_b16,gtsrb,random,6,3,17,0.8235294117647058,0,0.0,0,0.0,tiny_imagenet,tiny_imagenet,1,tiny_imagenet,tiny_imagenet,breastmnist,breastmnist,breastmnist|cifar10|octmnist,breastmnist|cifar10|octmnist,14,3,0.7857142857142857,0.6327200034586588,0.6175733387152353,0.01514666474342341,0.3536736965266314,0.5142799854278565,0.5120799899101257,0.0021999955177307573,5,3,17
vit_b16,gtsrb,random,7,3,17,0.8235294117647058,0,0.0,0,0.0,tiny_imagenet,tiny_imagenet,1,tiny_imagenet,tiny_imagenet,breastmnist,breastmnist,breastmnist|cifar10|dermamnist,breastmnist|cifar10|dermamnist,14,3,0.7857142857142857,0.6327200034586588,0.6175733387152353,0.01514666474342341,0.3536736965266314,0.5142799854278565,0.5120799899101257,0.0021999955177307573,5,3,17
vit_b16,gtsrb,random,8,3,17,0.8235294117647058,0,0.0,0,0.0,tiny_imagenet,tiny_imagenet,1,tiny_imagenet,tiny_imagenet,stl10,stl10,breastmnist|octmnist|stl10,breastmnist|octmnist|stl10,14,3,0.7857142857142857,0.6327200034586588,0.6230000076190632,0.009719995839595597,0.22696130910970905,0.5142799854278565,0.5091599702835083,0.005120015144348122,5,3,17
vit_b16,gtsrb,random,9,3,17,0.8235294117647058,0,0.0,0,0.0,tiny_imagenet,tiny_imagenet,1,tiny_imagenet,tiny_imagenet,octmnist,octmnist,cifar10|octmnist|retinamnist,cifar10|octmnist|retinamnist,14,3,0.7857142857142857,0.6327200034586588,0.6152133387724559,0.017506664686202877,0.40877955103020197,0.5142799854278565,0.5038399934768677,0.01043999195098877,5,3,17
vit_b16,gtsrb,random,10,3,17,0.8235294117647058,0,0.6666666666666666,0,0.6666666666666666,tiny_imagenet,tiny_imagenet,1,tiny_imagenet,tiny_imagenet,cifar100,cifar100_shared_images,cifar100|organamnist|rendered_sst2,cifar100_shared_images|organmnist_views|rendered_sst2,14,3,0.7857142857142857,0.6327200034586588,0.6270666727836927,0.005653330674966095,0.1320049259273925,0.5142799854278565,0.5117999672889709,0.0024800181388855425,5,3,17
vit_b16,gtsrb,random,11,3,17,0.8235294117647058,1,0.3333333333333333,1,0.3333333333333333,tiny_imagenet,tiny_imagenet,1,tiny_imagenet,tiny_imagenet,tiny_imagenet,tiny_imagenet,retinamnist|tiny_imagenet|tissuemnist,retinamnist|tiny_imagenet|tissuemnist,14,3,0.7857142857142857,0.6327200034586588,0.6327200034586588,0.0,0.0,0.5142799854278565,0.5142799854278565,0.0,5,3,17
vit_b16,gtsrb,random,12,3,17,0.8235294117647058,0,0.3333333333333333,0,0.6666666666666666,tiny_imagenet,tiny_imagenet,1,tiny_imagenet,tiny_imagenet,cifar100,cifar100_shared_images,breastmnist|cifar100|organsmnist,breastmnist|cifar100_shared_images|organmnist_views,14,3,0.7857142857142857,0.6327200034586588,0.6270666727836927,0.005653330674966095,0.1320049259273925,0.5142799854278565,0.5117999672889709,0.0024800181388855425,5,3,17
vit_b16,gtsrb,random,13,3,17,0.8235294117647058,0,0.0,0,0.6666666666666666,tiny_imagenet,tiny_imagenet,1,tiny_imagenet,tiny_imagenet,cifar100_coarse,cifar100_shared_images,cifar100_coarse|octmnist|organcmnist,cifar100_shared_images|octmnist|organmnist_views,14,3,0.7857142857142857,0.6327200034586588,0.6214933393891653,0.011226664069493464,0.26214192024316557,0.5142799854278565,0.5063599586486817,0.007920026779174805,5,3,17
vit_b16,gtsrb,random,14,3,17,0.8235294117647058,0,0.0,0,0.3333333333333333,tiny_imagenet,tiny_imagenet,1,tiny_imagenet,tiny_imagenet,organcmnist,organmnist_views,cifar10|organcmnist|pneumoniamnist,cifar10|organmnist_views|pneumoniamnist,14,3,0.7857142857142857,0.6327200034586588,0.6172000063594182,0.015519997099240568,0.3623909842299972,0.5142799854278565,0.5023599803447724,0.011920005083084106,5,3,17
vit_b16,gtsrb,random,15,3,17,0.8235294117647058,0,0.3333333333333333,0,0.3333333333333333,tiny_imagenet,tiny_imagenet,1,tiny_imagenet,tiny_imagenet,organamnist,organmnist_views,breastmnist|organamnist|pathmnist,breastmnist|organmnist_views|pathmnist,14,3,0.7857142857142857,0.6327200034586588,0.6251200101566315,0.007599993302027208,0.17745937935760278,0.5142799854278565,0.49827997088432313,0.016000014543533336,5,3,17
vit_b16,gtsrb,random,16,3,17,0.8235294117647058,1,0.3333333333333333,1,0.3333333333333333,tiny_imagenet,tiny_imagenet,1,tiny_imagenet,tiny_imagenet,tiny_imagenet,tiny_imagenet,bloodmnist|retinamnist|tiny_imagenet,bloodmnist|retinamnist|tiny_imagenet,14,3,0.7857142857142857,0.6327200034586588,0.6327200034586588,0.0,0.0,0.5142799854278565,0.5142799854278565,0.0,5,3,17
vit_b16,gtsrb,random,17,3,17,0.8235294117647058,0,0.6666666666666666,0,0.6666666666666666,tiny_imagenet,tiny_imagenet,1,tiny_imagenet,tiny_imagenet,cifar100,cifar100_shared_images,cifar100|organamnist|retinamnist,cifar100_shared_images|organmnist_views|retinamnist,14,3,0.7857142857142857,0.6327200034586588,0.6270666727836927,0.005653330674966095,0.1320049259273925,0.5142799854278565,0.5117999672889709,0.0024800181388855425,5,3,17
vit_b16,gtsrb,random,18,3,17,0.8235294117647058,0,0.0,0,0.3333333333333333,tiny_imagenet,tiny_imagenet,1,tiny_imagenet,tiny_imagenet,stl10,stl10,organcmnist|rendered_sst2|stl10,organmnist_views|rendered_sst2|stl10,14,3,0.7857142857142857,0.6327200034586588,0.6230000076190632,0.009719995839595597,0.22696130910970905,0.5142799854278565,0.5091599702835083,0.005120015144348122,5,3,17
vit_b16,gtsrb,random,19,3,17,0.8235294117647058,0,0.3333333333333333,0,0.3333333333333333,tiny_imagenet,tiny_imagenet,1,tiny_imagenet,tiny_imagenet,organamnist,organmnist_views,organamnist|pathmnist|tissuemnist,organmnist_views|pathmnist|tissuemnist,14,3,0.7857142857142857,0.6327200034586588,0.6251200101566315,0.007599993302027208,0.17745937935760278,0.5142799854278565,0.49827997088432313,0.016000014543533336,5,3,17
vit_b16,gtsrb,random,20,3,17,0.8235294117647058,0,0.6666666666666666,0,0.6666666666666666,tiny_imagenet,tiny_imagenet,1,tiny_imagenet,tiny_imagenet,cifar100,cifar100_shared_images,cifar100|organamnist|organsmnist,cifar100_shared_images|organmnist_views,14,2,0.8571428571428572,0.6327200034586588,0.6270666727836927,0.005653330674966095,0.1320049259273925,0.5142799854278565,0.5117999672889709,0.0024800181388855425,5,3,17
vit_b16,gtsrb,random,21,3,17,0.8235294117647058,0,0.0,0,0.0,tiny_imagenet,tiny_imagenet,1,tiny_imagenet,tiny_imagenet,bloodmnist,bloodmnist,bloodmnist|dermamnist|pneumoniamnist,bloodmnist|dermamnist|pneumoniamnist,14,3,0.7857142857142857,0.6327200034586588,0.6199600051283836,0.01275999833027519,0.2979451815688688,0.5142799854278565,0.49799996614456177,0.0162800192832947,5,3,17
vit_b16,gtsrb,random,22,3,17,0.8235294117647058,1,0.6666666666666666,1,0.6666666666666666,tiny_imagenet,tiny_imagenet,1,tiny_imagenet,tiny_imagenet,tiny_imagenet,tiny_imagenet,cifar100|tiny_imagenet|tissuemnist,cifar100_shared_images|tiny_imagenet|tissuemnist,14,3,0.7857142857142857,0.6327200034586588,0.6327200034586588,0.0,0.0,0.5142799854278565,0.5142799854278565,0.0,5,3,17
vit_b16,gtsrb,random,23,3,17,0.8235294117647058,0,0.3333333333333333,0,0.3333333333333333,tiny_imagenet,tiny_imagenet,1,tiny_imagenet,tiny_imagenet,organamnist,organmnist_views,organamnist|organcmnist|stl10,organmnist_views|stl10,14,2,0.8571428571428572,0.6327200034586588,0.6251200101566315,0.007599993302027208,0.17745937935760278,0.5142799854278565,0.49827997088432313,0.016000014543533336,5,3,17
vit_b16,gtsrb,random,24,3,17,0.8235294117647058,0,0.0,0,0.3333333333333333,tiny_imagenet,tiny_imagenet,1,tiny_imagenet,tiny_imagenet,cifar100_coarse,cifar100_shared_images,cifar100_coarse|octmnist|retinamnist,cifar100_shared_images|octmnist|retinamnist,14,3,0.7857142857142857,0.6327200034586588,0.6214933393891653,0.011226664069493464,0.26214192024316557,0.5142799854278565,0.5063599586486817,0.007920026779174805,5,3,17
vit_b16,gtsrb,random,25,3,17,0.8235294117647058,0,0.0,0,0.0,tiny_imagenet,tiny_imagenet,1,tiny_imagenet,tiny_imagenet,dermamnist,dermamnist,dermamnist|rendered_sst2|tissuemnist,dermamnist|rendered_sst2|tissuemnist,14,3,0.7857142857142857,0.6327200034586588,0.614626674943765,0.01809332851489376,0.4224781155938403,0.5142799854278565,0.501479971408844,0.012800014019012429,5,3,17
vit_b16,gtsrb,random,26,3,17,0.8235294117647058,0,0.3333333333333333,0,0.3333333333333333,tiny_imagenet,tiny_imagenet,1,tiny_imagenet,tiny_imagenet,organamnist,organmnist_views,dermamnist|octmnist|organamnist,dermamnist|octmnist|organmnist_views,14,3,0.7857142857142857,0.6327200034586588,0.6251200101566315,0.007599993302027208,0.17745937935760278,0.5142799854278565,0.49827997088432313,0.016000014543533336,5,3,17
vit_b16,gtsrb,random,27,3,17,0.8235294117647058,0,0.0,0,0.0,tiny_imagenet,tiny_imagenet,1,tiny_imagenet,tiny_imagenet,octmnist,octmnist,octmnist|pneumoniamnist|tissuemnist,octmnist|pneumoniamnist|tissuemnist,14,3,0.7857142857142857,0.6327200034586588,0.6152133387724559,0.017506664686202877,0.40877955103020197,0.5142799854278565,0.5038399934768677,0.01043999195098877,5,3,17
vit_b16,gtsrb,random,28,3,17,0.8235294117647058,0,0.0,0,0.3333333333333333,tiny_imagenet,tiny_imagenet,1,tiny_imagenet,tiny_imagenet,stl10,stl10,organcmnist|rendered_sst2|stl10,organmnist_views|rendered_sst2|stl10,14,3,0.7857142857142857,0.6327200034586588,0.6230000076190632,0.009719995839595597,0.22696130910970905,0.5142799854278565,0.5091599702835083,0.005120015144348122,5,3,17
vit_b16,gtsrb,random,29,3,17,0.8235294117647058,0,0.3333333333333333,0,0.3333333333333333,tiny_imagenet,tiny_imagenet,1,tiny_imagenet,tiny_imagenet,cifar100,cifar100_shared_images,bloodmnist|cifar100|tissuemnist,bloodmnist|cifar100_shared_images|tissuemnist,14,3,0.7857142857142857,0.6327200034586588,0.6270666727836927,0.005653330674966095,0.1320049259273925,0.5142799854278565,0.5117999672889709,0.0024800181388855425,5,3,17
vit_b16,gtsrb,random,30,3,17,0.8235294117647058,0,0.0,0,0.0,tiny_imagenet,tiny_imagenet,1,tiny_imagenet,tiny_imagenet,dermamnist,dermamnist,dermamnist|rendered_sst2|retinamnist,dermamnist|rendered_sst2|retinamnist,14,3,0.7857142857142857,0.6327200034586588,0.614626674943765,0.01809332851489376,0.4224781155938403,0.5142799854278565,0.501479971408844,0.012800014019012429,5,3,17
vit_b16,gtsrb,random,31,3,17,0.8235294117647058,0,0.0,0,0.3333333333333333,tiny_imagenet,tiny_imagenet,1,tiny_imagenet,tiny_imagenet,stl10,stl10,organcmnist|stl10|tissuemnist,organmnist_views|stl10|tissuemnist,14,3,0.7857142857142857,0.6327200034586588,0.6230000076190632,0.009719995839595597,0.22696130910970905,0.5142799854278565,0.5091599702835083,0.005120015144348122,5,3,17
vit_b16,gtsrb,random,32,3,17,0.8235294117647058,0,0.3333333333333333,0,0.6666666666666666,tiny_imagenet,tiny_imagenet,1,tiny_imagenet,tiny_imagenet,cifar100,cifar100_shared_images,bloodmnist|cifar100|organsmnist,bloodmnist|cifar100_shared_images|organmnist_views,14,3,0.7857142857142857,0.6327200034586588,0.6270666727836927,0.005653330674966095,0.1320049259273925,0.5142799854278565,0.5117999672889709,0.0024800181388855425,5,3,17
vit_b16,gtsrb,random,33,3,17,0.8235294117647058,1,0.3333333333333333,1,0.3333333333333333,tiny_imagenet,tiny_imagenet,1,tiny_imagenet,tiny_imagenet,tiny_imagenet,tiny_imagenet,dermamnist|octmnist|tiny_imagenet,dermamnist|octmnist|tiny_imagenet,14,3,0.7857142857142857,0.6327200034586588,0.6327200034586588,0.0,0.0,0.5142799854278565,0.5142799854278565,0.0,5,3,17
vit_b16,gtsrb,random,34,3,17,0.8235294117647058,0,0.0,0,0.0,tiny_imagenet,tiny_imagenet,1,tiny_imagenet,tiny_imagenet,bloodmnist,bloodmnist,bloodmnist|cifar10|retinamnist,bloodmnist|cifar10|retinamnist,14,3,0.7857142857142857,0.6327200034586588,0.6199600051283836,0.01275999833027519,0.2979451815688688,0.5142799854278565,0.49799996614456177,0.0162800192832947,5,3,17
vit_b16,gtsrb,random,35,3,17,0.8235294117647058,0,0.0,0,0.3333333333333333,tiny_imagenet,tiny_imagenet,1,tiny_imagenet,tiny_imagenet,cifar100_coarse,cifar100_shared_images,cifar100_coarse|pneumoniamnist|tissuemnist,cifar100_shared_images|pneumoniamnist|tissuemnist,14,3,0.7857142857142857,0.6327200034586588,0.6214933393891653,0.011226664069493464,0.26214192024316557,0.5142799854278565,0.5063599586486817,0.007920026779174805,5,3,17
vit_b16,gtsrb,random,36,3,17,0.8235294117647058,0,0.0,0,0.3333333333333333,tiny_imagenet,tiny_imagenet,1,tiny_imagenet,tiny_imagenet,organsmnist,organmnist_views,dermamnist|organsmnist|tissuemnist,dermamnist|organmnist_views|tissuemnist,14,3,0.7857142857142857,0.6327200034586588,0.6194400059636435,0.013279997495015294,0.31008713030145996,0.5142799854278565,0.5005999565124511,0.013680028915405318,5,3,17
vit_b16,gtsrb,random,37,3,17,0.8235294117647058,0,0.6666666666666666,0,0.6666666666666666,tiny_imagenet,tiny_imagenet,1,tiny_imagenet,tiny_imagenet,cifar100,cifar100_shared_images,cifar100|organamnist|pathmnist,cifar100_shared_images|organmnist_views|pathmnist,14,3,0.7857142857142857,0.6327200034586588,0.6270666727836927,0.005653330674966095,0.1320049259273925,0.5142799854278565,0.5117999672889709,0.0024800181388855425,5,3,17
vit_b16,gtsrb,random,38,3,17,0.8235294117647058,0,0.0,0,0.3333333333333333,tiny_imagenet,tiny_imagenet,1,tiny_imagenet,tiny_imagenet,bloodmnist,bloodmnist,bloodmnist|octmnist|organsmnist,bloodmnist|octmnist|organmnist_views,14,3,0.7857142857142857,0.6327200034586588,0.6199600051283836,0.01275999833027519,0.2979451815688688,0.5142799854278565,0.49799996614456177,0.0162800192832947,5,3,17
vit_b16,gtsrb,random,39,3,17,0.8235294117647058,0,0.0,0,0.6666666666666666,tiny_imagenet,tiny_imagenet,1,tiny_imagenet,tiny_imagenet,cifar100_coarse,cifar100_shared_images,cifar100_coarse|octmnist|organcmnist,cifar100_shared_images|octmnist|organmnist_views,14,3,0.7857142857142857,0.6327200034586588,0.6214933393891653,0.011226664069493464,0.26214192024316557,0.5142799854278565,0.5063599586486817,0.007920026779174805,5,3,17
vit_b16,gtsrb,random,40,3,17,0.8235294117647058,1,0.6666666666666666,1,0.6666666666666666,tiny_imagenet,tiny_imagenet,1,tiny_imagenet,tiny_imagenet,tiny_imagenet,tiny_imagenet,octmnist|organamnist|tiny_imagenet,octmnist|organmnist_views|tiny_imagenet,14,3,0.7857142857142857,0.6327200034586588,0.6327200034586588,0.0,0.0,0.5142799854278565,0.5142799854278565,0.0,5,3,17
vit_b16,gtsrb,random,41,3,17,0.8235294117647058,0,0.0,0,0.0,tiny_imagenet,tiny_imagenet,1,tiny_imagenet,tiny_imagenet,dermamnist,dermamnist,dermamnist|pathmnist|pneumoniamnist,dermamnist|pathmnist|pneumoniamnist,14,3,0.7857142857142857,0.6327200034586588,0.614626674943765,0.01809332851489376,0.4224781155938403,0.5142799854278565,0.501479971408844,0.012800014019012429,5,3,17
vit_b16,gtsrb,random,42,3,17,0.8235294117647058,0,0.0,0,0.0,tiny_imagenet,tiny_imagenet,1,tiny_imagenet,tiny_imagenet,stl10,stl10,octmnist|retinamnist|stl10,octmnist|retinamnist|stl10,14,3,0.7857142857142857,0.6327200034586588,0.6230000076190632,0.009719995839595597,0.22696130910970905,0.5142799854278565,0.5091599702835083,0.005120015144348122,5,3,17
vit_b16,gtsrb,random,43,3,17,0.8235294117647058,0,0.3333333333333333,0,0.3333333333333333,tiny_imagenet,tiny_imagenet,1,tiny_imagenet,tiny_imagenet,organamnist,organmnist_views,bloodmnist|organamnist|rendered_sst2,bloodmnist|organmnist_views|rendered_sst2,14,3,0.7857142857142857,0.6327200034586588,0.6251200101566315,0.007599993302027208,0.17745937935760278,0.5142799854278565,0.49827997088432313,0.016000014543533336,5,3,17
vit_b16,gtsrb,random,44,3,17,0.8235294117647058,0,0.0,0,0.0,tiny_imagenet,tiny_imagenet,1,tiny_imagenet,tiny_imagenet,dermamnist,dermamnist,dermamnist|pneumoniamnist|rendered_sst2,dermamnist|pneumoniamnist|rendered_sst2,14,3,0.7857142857142857,0.6327200034586588,0.614626674943765,0.01809332851489376,0.4224781155938403,0.5142799854278565,0.501479971408844,0.012800014019012429,5,3,17
vit_b16,gtsrb,random,45,3,17,0.8235294117647058,0,0.0,0,0.3333333333333333,tiny_imagenet,tiny_imagenet,1,tiny_imagenet,tiny_imagenet,organsmnist,organmnist_views,organsmnist|rendered_sst2|tissuemnist,organmnist_views|rendered_sst2|tissuemnist,14,3,0.7857142857142857,0.6327200034586588,0.6194400059636435,0.013279997495015294,0.31008713030145996,0.5142799854278565,0.5005999565124511,0.013680028915405318,5,3,17
vit_b16,gtsrb,random,46,3,17,0.8235294117647058,0,0.0,0,0.3333333333333333,tiny_imagenet,tiny_imagenet,1,tiny_imagenet,tiny_imagenet,organsmnist,organmnist_views,organsmnist|pneumoniamnist|retinamnist,organmnist_views|pneumoniamnist|retinamnist,14,3,0.7857142857142857,0.6327200034586588,0.6194400059636435,0.013279997495015294,0.31008713030145996,0.5142799854278565,0.5005999565124511,0.013680028915405318,5,3,17
vit_b16,gtsrb,random,47,3,17,0.8235294117647058,0,0.3333333333333333,0,0.3333333333333333,tiny_imagenet,tiny_imagenet,1,tiny_imagenet,tiny_imagenet,cifar100,cifar100_shared_images,breastmnist|cifar100|octmnist,breastmnist|cifar100_shared_images|octmnist,14,3,0.7857142857142857,0.6327200034586588,0.6270666727836927,0.005653330674966095,0.1320049259273925,0.5142799854278565,0.5117999672889709,0.0024800181388855425,5,3,17
vit_b16,gtsrb,random,48,3,17,0.8235294117647058,0,0.0,0,0.3333333333333333,tiny_imagenet,tiny_imagenet,1,tiny_imagenet,tiny_imagenet,stl10,stl10,organsmnist|rendered_sst2|stl10,organmnist_views|rendered_sst2|stl10,14,3,0.7857142857142857,0.6327200034586588,0.6230000076190632,0.009719995839595597,0.22696130910970905,0.5142799854278565,0.5091599702835083,0.005120015144348122,5,3,17
vit_b16,gtsrb,random,49,3,17,0.8235294117647058,1,0.6666666666666666,1,0.6666666666666666,tiny_imagenet,tiny_imagenet,1,tiny_imagenet,tiny_imagenet,tiny_imagenet,tiny_imagenet,organamnist|stl10|tiny_imagenet,organmnist_views|stl10|tiny_imagenet,14,3,0.7857142857142857,0.6327200034586588,0.6327200034586588,0.0,0.0,0.5142799854278565,0.5142799854278565,0.0,5,3,17
vit_b16,gtsrb,random,50,3,17,0.8235294117647058,1,0.3333333333333333,1,0.3333333333333333,tiny_imagenet,tiny_imagenet,1,tiny_imagenet,tiny_imagenet,tiny_imagenet,tiny_imagenet,octmnist|stl10|tiny_imagenet,octmnist|stl10|tiny_imagenet,14,3,0.7857142857142857,0.6327200034586588,0.6327200034586588,0.0,0.0,0.5142799854278565,0.5142799854278565,0.0,5,3,17
vit_b16,gtsrb,random,51,3,17,0.8235294117647058,0,0.0,0,0.0,tiny_imagenet,tiny_imagenet,1,tiny_imagenet,tiny_imagenet,retinamnist,retinamnist,rendered_sst2|retinamnist|tissuemnist,rendered_sst2|retinamnist|tissuemnist,14,3,0.7857142857142857,0.6327200034586588,0.6060133343942959,0.02670666906436281,0.6235990912790079,0.5142799854278565,0.4942799866199493,0.01999999880790715,5,3,17
vit_b16,gtsrb,random,52,3,17,0.8235294117647058,0,0.0,0,0.3333333333333333,tiny_imagenet,tiny_imagenet,1,tiny_imagenet,tiny_imagenet,organsmnist,organmnist_views,dermamnist|organcmnist|organsmnist,dermamnist|organmnist_views,14,2,0.8571428571428572,0.6327200034586588,0.6194400059636435,0.013279997495015294,0.31008713030145996,0.5142799854278565,0.5005999565124511,0.013680028915405318,5,3,17
vit_b16,gtsrb,random,53,3,17,0.8235294117647058,0,0.3333333333333333,0,0.3333333333333333,tiny_imagenet,tiny_imagenet,1,tiny_imagenet,tiny_imagenet,organamnist,organmnist_views,bloodmnist|cifar10|organamnist,bloodmnist|cifar10|organmnist_views,14,3,0.7857142857142857,0.6327200034586588,0.6251200101566315,0.007599993302027208,0.17745937935760278,0.5142799854278565,0.49827997088432313,0.016000014543533336,5,3,17
vit_b16,gtsrb,random,54,3,17,0.8235294117647058,0,0.0,0,0.3333333333333333,tiny_imagenet,tiny_imagenet,1,tiny_imagenet,tiny_imagenet,organcmnist,organmnist_views,octmnist|organcmnist|pathmnist,octmnist|organmnist_views|pathmnist,14,3,0.7857142857142857,0.6327200034586588,0.6172000063594182,0.015519997099240568,0.3623909842299972,0.5142799854278565,0.5023599803447724,0.011920005083084106,5,3,17
vit_b16,gtsrb,random,55,3,17,0.8235294117647058,1,0.6666666666666666,1,0.6666666666666666,tiny_imagenet,tiny_imagenet,1,tiny_imagenet,tiny_imagenet,tiny_imagenet,tiny_imagenet,cifar100|pneumoniamnist|tiny_imagenet,cifar100_shared_images|pneumoniamnist|tiny_imagenet,14,3,0.7857142857142857,0.6327200034586588,0.6327200034586588,0.0,0.0,0.5142799854278565,0.5142799854278565,0.0,5,3,17
vit_b16,gtsrb,random,56,3,17,0.8235294117647058,0,0.0,0,0.0,tiny_imagenet,tiny_imagenet,1,tiny_imagenet,tiny_imagenet,stl10,stl10,pathmnist|stl10|tissuemnist,pathmnist|stl10|tissuemnist,14,3,0.7857142857142857,0.6327200034586588,0.6230000076190632,0.009719995839595597,0.22696130910970905,0.5142799854278565,0.5091599702835083,0.005120015144348122,5,3,17
vit_b16,gtsrb,random,57,3,17,0.8235294117647058,0,0.0,0,0.3333333333333333,tiny_imagenet,tiny_imagenet,1,tiny_imagenet,tiny_imagenet,cifar100_coarse,cifar100_shared_images,cifar10|cifar100_coarse|pneumoniamnist,cifar10|cifar100_shared_images|pneumoniamnist,14,3,0.7857142857142857,0.6327200034586588,0.6214933393891653,0.011226664069493464,0.26214192024316557,0.5142799854278565,0.5063599586486817,0.007920026779174805,5,3,17
vit_b16,gtsrb,random,58,3,17,0.8235294117647058,0,0.3333333333333333,0,0.6666666666666666,tiny_imagenet,tiny_imagenet,1,tiny_imagenet,tiny_imagenet,cifar100,cifar100_shared_images,cifar100|organsmnist|tissuemnist,cifar100_shared_images|organmnist_views|tissuemnist,14,3,0.7857142857142857,0.6327200034586588,0.6270666727836927,0.005653330674966095,0.1320049259273925,0.5142799854278565,0.5117999672889709,0.0024800181388855425,5,3,17
vit_b16,gtsrb,random,59,3,17,0.8235294117647058,1,0.3333333333333333,1,0.3333333333333333,tiny_imagenet,tiny_imagenet,1,tiny_imagenet,tiny_imagenet,tiny_imagenet,tiny_imagenet,dermamnist|tiny_imagenet|tissuemnist,dermamnist|tiny_imagenet|tissuemnist,14,3,0.7857142857142857,0.6327200034586588,0.6327200034586588,0.0,0.0,0.5142799854278565,0.5142799854278565,0.0,5,3,17
vit_b16,gtsrb,random,60,3,17,0.8235294117647058,0,0.0,0,0.0,tiny_imagenet,tiny_imagenet,1,tiny_imagenet,tiny_imagenet,dermamnist,dermamnist,cifar10|dermamnist|tissuemnist,cifar10|dermamnist|tissuemnist,14,3,0.7857142857142857,0.6327200034586588,0.614626674943765,0.01809332851489376,0.4224781155938403,0.5142799854278565,0.501479971408844,0.012800014019012429,5,3,17
vit_b16,gtsrb,random,61,3,17,0.8235294117647058,0,0.0,0,0.3333333333333333,tiny_imagenet,tiny_imagenet,1,tiny_imagenet,tiny_imagenet,cifar100_coarse,cifar100_shared_images,cifar100_coarse|pneumoniamnist|tissuemnist,cifar100_shared_images|pneumoniamnist|tissuemnist,14,3,0.7857142857142857,0.6327200034586588,0.6214933393891653,0.011226664069493464,0.26214192024316557,0.5142799854278565,0.5063599586486817,0.007920026779174805,5,3,17
vit_b16,gtsrb,random,62,3,17,0.8235294117647058,0,0.0,0,0.0,tiny_imagenet,tiny_imagenet,1,tiny_imagenet,tiny_imagenet,cifar10,cifar10,cifar10|pathmnist|tissuemnist,cifar10|pathmnist|tissuemnist,14,3,0.7857142857142857,0.6327200034586588,0.6144800022228558,0.01824000123580294,0.42590291466758307,0.5142799854278565,0.5036399722099304,0.01064001321792607,5,3,17
vit_b16,gtsrb,random,63,3,17,0.8235294117647058,0,0.0,0,0.3333333333333333,tiny_imagenet,tiny_imagenet,1,tiny_imagenet,tiny_imagenet,organcmnist,organmnist_views,dermamnist|organcmnist|retinamnist,dermamnist|organmnist_views|retinamnist,14,3,0.7857142857142857,0.6327200034586588,0.6172000063594182,0.015519997099240568,0.3623909842299972,0.5142799854278565,0.5023599803447724,0.011920005083084106,5,3,17
vit_b16,gtsrb,random,64,3,17,0.8235294117647058,0,0.0,0,0.0,tiny_imagenet,tiny_imagenet,1,tiny_imagenet,tiny_imagenet,dermamnist,dermamnist,dermamnist|pneumoniamnist|rendered_sst2,dermamnist|pneumoniamnist|rendered_sst2,14,3,0.7857142857142857,0.6327200034586588,0.614626674943765,0.01809332851489376,0.4224781155938403,0.5142799854278565,0.501479971408844,0.012800014019012429,5,3,17
vit_b16,gtsrb,random,65,3,17,0.8235294117647058,0,0.3333333333333333,0,0.3333333333333333,tiny_imagenet,tiny_imagenet,1,tiny_imagenet,tiny_imagenet,organamnist,organmnist_views,organamnist|organcmnist|tissuemnist,organmnist_views|tissuemnist,14,2,0.8571428571428572,0.6327200034586588,0.6251200101566315,0.007599993302027208,0.17745937935760278,0.5142799854278565,0.49827997088432313,0.016000014543533336,5,3,17
vit_b16,gtsrb,random,66,3,17,0.8235294117647058,0,0.0,0,0.3333333333333333,tiny_imagenet,tiny_imagenet,1,tiny_imagenet,tiny_imagenet,cifar100_coarse,cifar100_shared_images,cifar100_coarse|pathmnist|rendered_sst2,cifar100_shared_images|pathmnist|rendered_sst2,14,3,0.7857142857142857,0.6327200034586588,0.6214933393891653,0.011226664069493464,0.26214192024316557,0.5142799854278565,0.5063599586486817,0.007920026779174805,5,3,17
vit_b16,gtsrb,random,67,3,17,0.8235294117647058,0,0.3333333333333333,0,0.3333333333333333,tiny_imagenet,tiny_imagenet,1,tiny_imagenet,tiny_imagenet,cifar100,cifar100_shared_images,cifar10|cifar100|cifar100_coarse,cifar10|cifar100_shared_images,14,2,0.8571428571428572,0.6327200034586588,0.6270666727836927,0.005653330674966095,0.1320049259273925,0.5142799854278565,0.5117999672889709,0.0024800181388855425,5,3,17
vit_b16,gtsrb,random,68,3,17,0.8235294117647058,0,0.0,0,0.0,tiny_imagenet,tiny_imagenet,1,tiny_imagenet,tiny_imagenet,octmnist,octmnist,octmnist|pneumoniamnist|retinamnist,octmnist|pneumoniamnist|retinamnist,14,3,0.7857142857142857,0.6327200034586588,0.6152133387724559,0.017506664686202877,0.40877955103020197,0.5142799854278565,0.5038399934768677,0.01043999195098877,5,3,17
vit_b16,gtsrb,random,69,3,17,0.8235294117647058,0,0.0,0,0.0,tiny_imagenet,tiny_imagenet,1,tiny_imagenet,tiny_imagenet,breastmnist,breastmnist,breastmnist|cifar10|pathmnist,breastmnist|cifar10|pathmnist,14,3,0.7857142857142857,0.6327200034586588,0.6175733387152353,0.01514666474342341,0.3536736965266314,0.5142799854278565,0.5120799899101257,0.0021999955177307573,5,3,17
vit_b16,gtsrb,random,70,3,17,0.8235294117647058,0,0.6666666666666666,0,0.6666666666666666,tiny_imagenet,tiny_imagenet,1,tiny_imagenet,tiny_imagenet,cifar100,cifar100_shared_images,cifar100|organamnist|organcmnist,cifar100_shared_images|organmnist_views,14,2,0.8571428571428572,0.6327200034586588,0.6270666727836927,0.005653330674966095,0.1320049259273925,0.5142799854278565,0.5117999672889709,0.0024800181388855425,5,3,17
vit_b16,gtsrb,random,71,3,17,0.8235294117647058,0,0.0,0,0.3333333333333333,tiny_imagenet,tiny_imagenet,1,tiny_imagenet,tiny_imagenet,stl10,stl10,dermamnist|organsmnist|stl10,dermamnist|organmnist_views|stl10,14,3,0.7857142857142857,0.6327200034586588,0.6230000076190632,0.009719995839595597,0.22696130910970905,0.5142799854278565,0.5091599702835083,0.005120015144348122,5,3,17
vit_b16,gtsrb,random,72,3,17,0.8235294117647058,0,0.3333333333333333,0,0.6666666666666666,tiny_imagenet,tiny_imagenet,1,tiny_imagenet,tiny_imagenet,cifar100,cifar100_shared_images,cifar100|octmnist|organsmnist,cifar100_shared_images|octmnist|organmnist_views,14,3,0.7857142857142857,0.6327200034586588,0.6270666727836927,0.005653330674966095,0.1320049259273925,0.5142799854278565,0.5117999672889709,0.0024800181388855425,5,3,17
vit_b16,gtsrb,random,73,3,17,0.8235294117647058,0,0.0,0,0.0,tiny_imagenet,tiny_imagenet,1,tiny_imagenet,tiny_imagenet,bloodmnist,bloodmnist,bloodmnist|pneumoniamnist|tissuemnist,bloodmnist|pneumoniamnist|tissuemnist,14,3,0.7857142857142857,0.6327200034586588,0.6199600051283836,0.01275999833027519,0.2979451815688688,0.5142799854278565,0.49799996614456177,0.0162800192832947,5,3,17
vit_b16,gtsrb,random,74,3,17,0.8235294117647058,0,0.0,0,0.3333333333333333,tiny_imagenet,tiny_imagenet,1,tiny_imagenet,tiny_imagenet,cifar100_coarse,cifar100_shared_images,cifar10|cifar100_coarse|pathmnist,cifar10|cifar100_shared_images|pathmnist,14,3,0.7857142857142857,0.6327200034586588,0.6214933393891653,0.011226664069493464,0.26214192024316557,0.5142799854278565,0.5063599586486817,0.007920026779174805,5,3,17
vit_b16,gtsrb,random,75,3,17,0.8235294117647058,0,0.3333333333333333,0,0.3333333333333333,tiny_imagenet,tiny_imagenet,1,tiny_imagenet,tiny_imagenet,organamnist,organmnist_views,cifar10|organamnist|pneumoniamnist,cifar10|organmnist_views|pneumoniamnist,14,3,0.7857142857142857,0.6327200034586588,0.6251200101566315,0.007599993302027208,0.17745937935760278,0.5142799854278565,0.49827997088432313,0.016000014543533336,5,3,17
vit_b16,gtsrb,random,76,3,17,0.8235294117647058,0,0.3333333333333333,0,0.3333333333333333,tiny_imagenet,tiny_imagenet,1,tiny_imagenet,tiny_imagenet,organamnist,organmnist_views,breastmnist|organamnist|pathmnist,breastmnist|organmnist_views|pathmnist,14,3,0.7857142857142857,0.6327200034586588,0.6251200101566315,0.007599993302027208,0.17745937935760278,0.5142799854278565,0.49827997088432313,0.016000014543533336,5,3,17
vit_b16,gtsrb,random,77,3,17,0.8235294117647058,0,0.0,0,0.0,tiny_imagenet,tiny_imagenet,1,tiny_imagenet,tiny_imagenet,dermamnist,dermamnist,dermamnist|rendered_sst2|retinamnist,dermamnist|rendered_sst2|retinamnist,14,3,0.7857142857142857,0.6327200034586588,0.614626674943765,0.01809332851489376,0.4224781155938403,0.5142799854278565,0.501479971408844,0.012800014019012429,5,3,17
vit_b16,gtsrb,random,78,3,17,0.8235294117647058,0,0.0,0,0.0,tiny_imagenet,tiny_imagenet,1,tiny_imagenet,tiny_imagenet,stl10,stl10,octmnist|rendered_sst2|stl10,octmnist|rendered_sst2|stl10,14,3,0.7857142857142857,0.6327200034586588,0.6230000076190632,0.009719995839595597,0.22696130910970905,0.5142799854278565,0.5091599702835083,0.005120015144348122,5,3,17
vit_b16,gtsrb,random,79,3,17,0.8235294117647058,0,0.0,0,0.3333333333333333,tiny_imagenet,tiny_imagenet,1,tiny_imagenet,tiny_imagenet,stl10,stl10,cifar100_coarse|retinamnist|stl10,cifar100_shared_images|retinamnist|stl10,14,3,0.7857142857142857,0.6327200034586588,0.6230000076190632,0.009719995839595597,0.22696130910970905,0.5142799854278565,0.5091599702835083,0.005120015144348122,5,3,17
vit_b16,gtsrb,random,80,3,17,0.8235294117647058,0,0.0,0,0.0,tiny_imagenet,tiny_imagenet,1,tiny_imagenet,tiny_imagenet,breastmnist,breastmnist,breastmnist|pathmnist|rendered_sst2,breastmnist|pathmnist|rendered_sst2,14,3,0.7857142857142857,0.6327200034586588,0.6175733387152353,0.01514666474342341,0.3536736965266314,0.5142799854278565,0.5120799899101257,0.0021999955177307573,5,3,17
vit_b16,gtsrb,random,81,3,17,0.8235294117647058,1,0.6666666666666666,1,0.6666666666666666,tiny_imagenet,tiny_imagenet,1,tiny_imagenet,tiny_imagenet,tiny_imagenet,tiny_imagenet,bloodmnist|organamnist|tiny_imagenet,bloodmnist|organmnist_views|tiny_imagenet,14,3,0.7857142857142857,0.6327200034586588,0.6327200034586588,0.0,0.0,0.5142799854278565,0.5142799854278565,0.0,5,3,17
vit_b16,gtsrb,random,82,3,17,0.8235294117647058,0,0.3333333333333333,0,0.3333333333333333,tiny_imagenet,tiny_imagenet,1,tiny_imagenet,tiny_imagenet,organamnist,organmnist_views,breastmnist|organamnist|retinamnist,breastmnist|organmnist_views|retinamnist,14,3,0.7857142857142857,0.6327200034586588,0.6251200101566315,0.007599993302027208,0.17745937935760278,0.5142799854278565,0.49827997088432313,0.016000014543533336,5,3,17
vit_b16,gtsrb,random,83,3,17,0.8235294117647058,0,0.0,0,0.3333333333333333,tiny_imagenet,tiny_imagenet,1,tiny_imagenet,tiny_imagenet,organsmnist,organmnist_views,organsmnist|pathmnist|tissuemnist,organmnist_views|pathmnist|tissuemnist,14,3,0.7857142857142857,0.6327200034586588,0.6194400059636435,0.013279997495015294,0.31008713030145996,0.5142799854278565,0.5005999565124511,0.013680028915405318,5,3,17
vit_b16,gtsrb,random,84,3,17,0.8235294117647058,0,0.6666666666666666,0,0.6666666666666666,tiny_imagenet,tiny_imagenet,1,tiny_imagenet,tiny_imagenet,cifar100,cifar100_shared_images,cifar100|organamnist|stl10,cifar100_shared_images|organmnist_views|stl10,14,3,0.7857142857142857,0.6327200034586588,0.6270666727836927,0.005653330674966095,0.1320049259273925,0.5142799854278565,0.5117999672889709,0.0024800181388855425,5,3,17
vit_b16,gtsrb,random,85,3,17,0.8235294117647058,0,0.3333333333333333,0,0.3333333333333333,tiny_imagenet,tiny_imagenet,1,tiny_imagenet,tiny_imagenet,cifar100,cifar100_shared_images,cifar100|pneumoniamnist|retinamnist,cifar100_shared_images|pneumoniamnist|retinamnist,14,3,0.7857142857142857,0.6327200034586588,0.6270666727836927,0.005653330674966095,0.1320049259273925,0.5142799854278565,0.5117999672889709,0.0024800181388855425,5,3,17
vit_b16,gtsrb,random,86,3,17,0.8235294117647058,0,0.0,0,0.3333333333333333,tiny_imagenet,tiny_imagenet,1,tiny_imagenet,tiny_imagenet,stl10,stl10,octmnist|organcmnist|stl10,octmnist|organmnist_views|stl10,14,3,0.7857142857142857,0.6327200034586588,0.6230000076190632,0.009719995839595597,0.22696130910970905,0.5142799854278565,0.5091599702835083,0.005120015144348122,5,3,17
vit_b16,gtsrb,random,87,3,17,0.8235294117647058,0,0.0,0,0.6666666666666666,tiny_imagenet,tiny_imagenet,1,tiny_imagenet,tiny_imagenet,cifar100_coarse,cifar100_shared_images,breastmnist|cifar100_coarse|organcmnist,breastmnist|cifar100_shared_images|organmnist_views,14,3,0.7857142857142857,0.6327200034586588,0.6214933393891653,0.011226664069493464,0.26214192024316557,0.5142799854278565,0.5063599586486817,0.007920026779174805,5,3,17
vit_b16,gtsrb,random,88,3,17,0.8235294117647058,0,0.6666666666666666,0,0.6666666666666666,tiny_imagenet,tiny_imagenet,1,tiny_imagenet,tiny_imagenet,cifar100,cifar100_shared_images,cifar100|cifar100_coarse|organamnist,cifar100_shared_images|organmnist_views,14,2,0.8571428571428572,0.6327200034586588,0.6270666727836927,0.005653330674966095,0.1320049259273925,0.5142799854278565,0.5117999672889709,0.0024800181388855425,5,3,17
vit_b16,gtsrb,random,89,3,17,0.8235294117647058,0,0.0,0,0.3333333333333333,tiny_imagenet,tiny_imagenet,1,tiny_imagenet,tiny_imagenet,cifar100_coarse,cifar100_shared_images,bloodmnist|cifar100_coarse|pneumoniamnist,bloodmnist|cifar100_shared_images|pneumoniamnist,14,3,0.7857142857142857,0.6327200034586588,0.6214933393891653,0.011226664069493464,0.26214192024316557,0.5142799854278565,0.5063599586486817,0.007920026779174805,5,3,17
vit_b16,gtsrb,random,90,3,17,0.8235294117647058,1,0.3333333333333333,1,0.6666666666666666,tiny_imagenet,tiny_imagenet,1,tiny_imagenet,tiny_imagenet,tiny_imagenet,tiny_imagenet,organcmnist|pneumoniamnist|tiny_imagenet,organmnist_views|pneumoniamnist|tiny_imagenet,14,3,0.7857142857142857,0.6327200034586588,0.6327200034586588,0.0,0.0,0.5142799854278565,0.5142799854278565,0.0,5,3,17
vit_b16,gtsrb,random,91,3,17,0.8235294117647058,1,0.3333333333333333,1,0.6666666666666666,tiny_imagenet,tiny_imagenet,1,tiny_imagenet,tiny_imagenet,tiny_imagenet,tiny_imagenet,organsmnist|pathmnist|tiny_imagenet,organmnist_views|pathmnist|tiny_imagenet,14,3,0.7857142857142857,0.6327200034586588,0.6327200034586588,0.0,0.0,0.5142799854278565,0.5142799854278565,0.0,5,3,17
vit_b16,gtsrb,random,92,3,17,0.8235294117647058,0,0.0,0,0.0,tiny_imagenet,tiny_imagenet,1,tiny_imagenet,tiny_imagenet,bloodmnist,bloodmnist,bloodmnist|dermamnist|pathmnist,bloodmnist|dermamnist|pathmnist,14,3,0.7857142857142857,0.6327200034586588,0.6199600051283836,0.01275999833027519,0.2979451815688688,0.5142799854278565,0.49799996614456177,0.0162800192832947,5,3,17
vit_b16,gtsrb,random,93,3,17,0.8235294117647058,0,0.0,0,0.0,tiny_imagenet,tiny_imagenet,1,tiny_imagenet,tiny_imagenet,dermamnist,dermamnist,cifar10|dermamnist|retinamnist,cifar10|dermamnist|retinamnist,14,3,0.7857142857142857,0.6327200034586588,0.614626674943765,0.01809332851489376,0.4224781155938403,0.5142799854278565,0.501479971408844,0.012800014019012429,5,3,17
vit_b16,gtsrb,random,94,3,17,0.8235294117647058,0,0.0,0,0.3333333333333333,tiny_imagenet,tiny_imagenet,1,tiny_imagenet,tiny_imagenet,organsmnist,organmnist_views,octmnist|organcmnist|organsmnist,octmnist|organmnist_views,14,2,0.8571428571428572,0.6327200034586588,0.6194400059636435,0.013279997495015294,0.31008713030145996,0.5142799854278565,0.5005999565124511,0.013680028915405318,5,3,17
vit_b16,gtsrb,random,95,3,17,0.8235294117647058,1,0.3333333333333333,1,0.6666666666666666,tiny_imagenet,tiny_imagenet,1,tiny_imagenet,tiny_imagenet,tiny_imagenet,tiny_imagenet,organsmnist|stl10|tiny_imagenet,organmnist_views|stl10|tiny_imagenet,14,3,0.7857142857142857,0.6327200034586588,0.6327200034586588,0.0,0.0,0.5142799854278565,0.5142799854278565,0.0,5,3,17
vit_b16,gtsrb,random,96,3,17,0.8235294117647058,0,0.0,0,0.0,tiny_imagenet,tiny_imagenet,1,tiny_imagenet,tiny_imagenet,dermamnist,dermamnist,dermamnist|pathmnist|rendered_sst2,dermamnist|pathmnist|rendered_sst2,14,3,0.7857142857142857,0.6327200034586588,0.614626674943765,0.01809332851489376,0.4224781155938403,0.5142799854278565,0.501479971408844,0.012800014019012429,5,3,17
vit_b16,gtsrb,random,97,3,17,0.8235294117647058,0,0.0,0,0.3333333333333333,tiny_imagenet,tiny_imagenet,1,tiny_imagenet,tiny_imagenet,organsmnist,organmnist_views,organsmnist|retinamnist|tissuemnist,organmnist_views|retinamnist|tissuemnist,14,3,0.7857142857142857,0.6327200034586588,0.6194400059636435,0.013279997495015294,0.31008713030145996,0.5142799854278565,0.5005999565124511,0.013680028915405318,5,3,17
vit_b16,gtsrb,random,98,3,17,0.8235294117647058,0,0.3333333333333333,0,0.3333333333333333,tiny_imagenet,tiny_imagenet,1,tiny_imagenet,tiny_imagenet,cifar100,cifar100_shared_images,bloodmnist|breastmnist|cifar100,bloodmnist|breastmnist|cifar100_shared_images,14,3,0.7857142857142857,0.6327200034586588,0.6270666727836927,0.005653330674966095,0.1320049259273925,0.5142799854278565,0.5117999672889709,0.0024800181388855425,5,3,17
vit_b16,gtsrb,random,99,3,17,0.8235294117647058,0,0.3333333333333333,0,0.6666666666666666,tiny_imagenet,tiny_imagenet,1,tiny_imagenet,tiny_imagenet,organamnist,organmnist_views,breastmnist|cifar100_coarse|organamnist,breastmnist|cifar100_shared_images|organmnist_views,14,3,0.7857142857142857,0.6327200034586588,0.6251200101566315,0.007599993302027208,0.17745937935760278,0.5142799854278565,0.49827997088432313,0.016000014543533336,5,3,17
vit_b16,gtsrb,rank_only,-1,5,17,0.7058823529411764,1,0.6666666666666666,1,0.6666666666666666,tiny_imagenet,tiny_imagenet,1,tiny_imagenet,tiny_imagenet,tiny_imagenet,tiny_imagenet,tiny_imagenet|cifar100_coarse|cifar100|stl10|cifar10,cifar10|cifar100_shared_images|stl10|tiny_imagenet,14,4,0.7142857142857143,0.6327200034586588,0.6327200034586588,0.0,0.0,0.5142799854278565,0.5142799854278565,0.0,5,5,17
vit_b16,gtsrb,facility_subspace,-1,5,17,0.7058823529411764,0,0.3333333333333333,0,0.6666666666666666,tiny_imagenet,tiny_imagenet,1,tiny_imagenet,tiny_imagenet,cifar100,cifar100_shared_images,organsmnist|cifar100|rendered_sst2|stl10|dermamnist,cifar100_shared_images|dermamnist|organmnist_views|rendered_sst2|stl10,14,5,0.6428571428571428,0.6327200034586588,0.6270666727836927,0.005653330674966095,0.1320049259273925,0.5142799854278565,0.5117999672889709,0.0024800181388855425,5,5,17
vit_b16,gtsrb,kcenter_subspace,-1,5,17,0.7058823529411764,1,0.3333333333333333,1,0.3333333333333333,tiny_imagenet,tiny_imagenet,1,tiny_imagenet,tiny_imagenet,tiny_imagenet,tiny_imagenet,tiny_imagenet|rendered_sst2|bloodmnist|stl10|octmnist,bloodmnist|octmnist|rendered_sst2|stl10|tiny_imagenet,14,5,0.6428571428571428,0.6327200034586588,0.6327200034586588,0.0,0.0,0.5142799854278565,0.5142799854278565,0.0,5,5,17
vit_b16,gtsrb,dpp_subspace,-1,5,17,0.7058823529411764,1,0.3333333333333333,1,1.0,tiny_imagenet,tiny_imagenet,1,tiny_imagenet,tiny_imagenet,tiny_imagenet,tiny_imagenet,tiny_imagenet|stl10|cifar100_coarse|cifar10|organsmnist,cifar10|cifar100_shared_images|organmnist_views|stl10|tiny_imagenet,14,5,0.6428571428571428,0.6327200034586588,0.6327200034586588,0.0,0.0,0.5142799854278565,0.5142799854278565,0.0,5,5,17
vit_b16,gtsrb,pool_vendi_subspace,-1,5,17,0.7058823529411764,1,0.3333333333333333,1,0.3333333333333333,tiny_imagenet,tiny_imagenet,1,tiny_imagenet,tiny_imagenet,tiny_imagenet,tiny_imagenet,tiny_imagenet|rendered_sst2|bloodmnist|stl10|octmnist,bloodmnist|octmnist|rendered_sst2|stl10|tiny_imagenet,14,5,0.6428571428571428,0.6327200034586588,0.6327200034586588,0.0,0.0,0.5142799854278565,0.5142799854278565,0.0,5,5,17
vit_b16,gtsrb,full_merged_rank,-1,5,17,0.7058823529411764,1,0.6666666666666666,1,0.6666666666666666,tiny_imagenet,tiny_imagenet,1,tiny_imagenet,tiny_imagenet,tiny_imagenet,tiny_imagenet,tiny_imagenet|stl10|cifar100_coarse|cifar100|cifar10,cifar10|cifar100_shared_images|stl10|tiny_imagenet,14,4,0.7142857142857143,0.6327200034586588,0.6327200034586588,0.0,0.0,0.5142799854278565,0.5142799854278565,0.0,5,5,17
vit_b16,gtsrb,random,0,5,17,0.7058823529411764,0,0.3333333333333333,0,0.3333333333333333,tiny_imagenet,tiny_imagenet,1,tiny_imagenet,tiny_imagenet,cifar100,cifar100_shared_images,breastmnist|cifar100|dermamnist|pathmnist|rendered_sst2,breastmnist|cifar100_shared_images|dermamnist|pathmnist|rendered_sst2,14,5,0.6428571428571428,0.6327200034586588,0.6270666727836927,0.005653330674966095,0.1320049259273925,0.5142799854278565,0.5117999672889709,0.0024800181388855425,5,5,17
vit_b16,gtsrb,random,1,5,17,0.7058823529411764,0,0.0,0,0.3333333333333333,tiny_imagenet,tiny_imagenet,1,tiny_imagenet,tiny_imagenet,stl10,stl10,cifar10|cifar100_coarse|octmnist|pneumoniamnist|stl10,cifar10|cifar100_shared_images|octmnist|pneumoniamnist|stl10,14,5,0.6428571428571428,0.6327200034586588,0.6230000076190632,0.009719995839595597,0.22696130910970905,0.5142799854278565,0.5091599702835083,0.005120015144348122,5,5,17
vit_b16,gtsrb,random,2,5,17,0.7058823529411764,0,0.3333333333333333,0,0.6666666666666666,tiny_imagenet,tiny_imagenet,1,tiny_imagenet,tiny_imagenet,cifar100,cifar100_shared_images,cifar10|cifar100|dermamnist|organcmnist|pneumoniamnist,cifar10|cifar100_shared_images|dermamnist|organmnist_views|pneumoniamnist,14,5,0.6428571428571428,0.6327200034586588,0.6270666727836927,0.005653330674966095,0.1320049259273925,0.5142799854278565,0.5117999672889709,0.0024800181388855425,5,5,17
vit_b16,gtsrb,random,3,5,17,0.7058823529411764,0,0.0,0,0.3333333333333333,tiny_imagenet,tiny_imagenet,1,tiny_imagenet,tiny_imagenet,stl10,stl10,cifar100_coarse|dermamnist|retinamnist|stl10|tissuemnist,cifar100_shared_images|dermamnist|retinamnist|stl10|tissuemnist,14,5,0.6428571428571428,0.6327200034586588,0.6230000076190632,0.009719995839595597,0.22696130910970905,0.5142799854278565,0.5091599702835083,0.005120015144348122,5,5,17
vit_b16,gtsrb,random,4,5,17,0.7058823529411764,0,0.0,0,0.3333333333333333,tiny_imagenet,tiny_imagenet,1,tiny_imagenet,tiny_imagenet,bloodmnist,bloodmnist,bloodmnist|dermamnist|organcmnist|organsmnist|retinamnist,bloodmnist|dermamnist|organmnist_views|retinamnist,14,4,0.7142857142857143,0.6327200034586588,0.6199600051283836,0.01275999833027519,0.2979451815688688,0.5142799854278565,0.49799996614456177,0.0162800192832947,5,5,17
vit_b16,gtsrb,random,5,5,17,0.7058823529411764,0,0.3333333333333333,0,0.6666666666666666,tiny_imagenet,tiny_imagenet,1,tiny_imagenet,tiny_imagenet,cifar100,cifar100_shared_images,cifar100|dermamnist|octmnist|organsmnist|retinamnist,cifar100_shared_images|dermamnist|octmnist|organmnist_views|retinamnist,14,5,0.6428571428571428,0.6327200034586588,0.6270666727836927,0.005653330674966095,0.1320049259273925,0.5142799854278565,0.5117999672889709,0.0024800181388855425,5,5,17
vit_b16,gtsrb,random,6,5,17,0.7058823529411764,1,0.6666666666666666,1,1.0,tiny_imagenet,tiny_imagenet,1,tiny_imagenet,tiny_imagenet,tiny_imagenet,tiny_imagenet,cifar100|organcmnist|retinamnist|tiny_imagenet|tissuemnist,cifar100_shared_images|organmnist_views|retinamnist|tiny_imagenet|tissuemnist,14,5,0.6428571428571428,0.6327200034586588,0.6327200034586588,0.0,0.0,0.5142799854278565,0.5142799854278565,0.0,5,5,17
vit_b16,gtsrb,random,7,5,17,0.7058823529411764,1,1.0,1,1.0,tiny_imagenet,tiny_imagenet,1,tiny_imagenet,tiny_imagenet,tiny_imagenet,tiny_imagenet,cifar100|cifar100_coarse|organamnist|pathmnist|tiny_imagenet,cifar100_shared_images|organmnist_views|pathmnist|tiny_imagenet,14,4,0.7142857142857143,0.6327200034586588,0.6327200034586588,0.0,0.0,0.5142799854278565,0.5142799854278565,0.0,5,5,17
vit_b16,gtsrb,random,8,5,17,0.7058823529411764,1,0.3333333333333333,1,0.3333333333333333,tiny_imagenet,tiny_imagenet,1,tiny_imagenet,tiny_imagenet,tiny_imagenet,tiny_imagenet,octmnist|pathmnist|retinamnist|tiny_imagenet|tissuemnist,octmnist|pathmnist|retinamnist|tiny_imagenet|tissuemnist,14,5,0.6428571428571428,0.6327200034586588,0.6327200034586588,0.0,0.0,0.5142799854278565,0.5142799854278565,0.0,5,5,17
vit_b16,gtsrb,random,9,5,17,0.7058823529411764,0,0.3333333333333333,0,0.3333333333333333,tiny_imagenet,tiny_imagenet,1,tiny_imagenet,tiny_imagenet,organamnist,organmnist_views,breastmnist|octmnist|organamnist|organsmnist|pathmnist,breastmnist|octmnist|organmnist_views|pathmnist,14,4,0.7142857142857143,0.6327200034586588,0.6251200101566315,0.007599993302027208,0.17745937935760278,0.5142799854278565,0.49827997088432313,0.016000014543533336,5,5,17
vit_b16,gtsrb,random,10,5,17,0.7058823529411764,0,0.0,0,0.3333333333333333,tiny_imagenet,tiny_imagenet,1,tiny_imagenet,tiny_imagenet,bloodmnist,bloodmnist,bloodmnist|cifar10|organsmnist|pneumoniamnist|tissuemnist,bloodmnist|cifar10|organmnist_views|pneumoniamnist|tissuemnist,14,5,0.6428571428571428,0.6327200034586588,0.6199600051283836,0.01275999833027519,0.2979451815688688,0.5142799854278565,0.49799996614456177,0.0162800192832947,5,5,17
vit_b16,gtsrb,random,11,5,17,0.7058823529411764,0,0.0,0,0.3333333333333333,tiny_imagenet,tiny_imagenet,1,tiny_imagenet,tiny_imagenet,bloodmnist,bloodmnist,bloodmnist|cifar10|organsmnist|pathmnist|retinamnist,bloodmnist|cifar10|organmnist_views|pathmnist|retinamnist,14,5,0.6428571428571428,0.6327200034586588,0.6199600051283836,0.01275999833027519,0.2979451815688688,0.5142799854278565,0.49799996614456177,0.0162800192832947,5,5,17
vit_b16,gtsrb,random,12,5,17,0.7058823529411764,0,0.3333333333333333,0,0.6666666666666666,tiny_imagenet,tiny_imagenet,1,tiny_imagenet,tiny_imagenet,cifar100,cifar100_shared_images,bloodmnist|cifar100|organcmnist|pathmnist|tissuemnist,bloodmnist|cifar100_shared_images|organmnist_views|pathmnist|tissuemnist,14,5,0.6428571428571428,0.6327200034586588,0.6270666727836927,0.005653330674966095,0.1320049259273925,0.5142799854278565,0.5117999672889709,0.0024800181388855425,5,5,17
vit_b16,gtsrb,random,13,5,17,0.7058823529411764,1,0.3333333333333333,1,0.3333333333333333,tiny_imagenet,tiny_imagenet,1,tiny_imagenet,tiny_imagenet,tiny_imagenet,tiny_imagenet,dermamnist|pneumoniamnist|retinamnist|tiny_imagenet|tissuemnist,dermamnist|pneumoniamnist|retinamnist|tiny_imagenet|tissuemnist,14,5,0.6428571428571428,0.6327200034586588,0.6327200034586588,0.0,0.0,0.5142799854278565,0.5142799854278565,0.0,5,5,17
vit_b16,gtsrb,random,14,5,17,0.7058823529411764,0,0.0,0,0.3333333333333333,tiny_imagenet,tiny_imagenet,1,tiny_imagenet,tiny_imagenet,stl10,stl10,breastmnist|organcmnist|organsmnist|stl10|tissuemnist,breastmnist|organmnist_views|stl10|tissuemnist,14,4,0.7142857142857143,0.6327200034586588,0.6230000076190632,0.009719995839595597,0.22696130910970905,0.5142799854278565,0.5091599702835083,0.005120015144348122,5,5,17
vit_b16,gtsrb,random,15,5,17,0.7058823529411764,0,0.3333333333333333,0,0.3333333333333333,tiny_imagenet,tiny_imagenet,1,tiny_imagenet,tiny_imagenet,cifar100,cifar100_shared_images,cifar100|pathmnist|pneumoniamnist|rendered_sst2|retinamnist,cifar100_shared_images|pathmnist|pneumoniamnist|rendered_sst2|retinamnist,14,5,0.6428571428571428,0.6327200034586588,0.6270666727836927,0.005653330674966095,0.1320049259273925,0.5142799854278565,0.5117999672889709,0.0024800181388855425,5,5,17
vit_b16,gtsrb,random,16,5,17,0.7058823529411764,1,0.6666666666666666,1,0.6666666666666666,tiny_imagenet,tiny_imagenet,1,tiny_imagenet,tiny_imagenet,tiny_imagenet,tiny_imagenet,bloodmnist|cifar10|cifar100|tiny_imagenet|tissuemnist,bloodmnist|cifar10|cifar100_shared_images|tiny_imagenet|tissuemnist,14,5,0.6428571428571428,0.6327200034586588,0.6327200034586588,0.0,0.0,0.5142799854278565,0.5142799854278565,0.0,5,5,17
vit_b16,gtsrb,random,17,5,17,0.7058823529411764,0,0.0,0,0.0,tiny_imagenet,tiny_imagenet,1,tiny_imagenet,tiny_imagenet,bloodmnist,bloodmnist,bloodmnist|dermamnist|pathmnist|pneumoniamnist|retinamnist,bloodmnist|dermamnist|pathmnist|pneumoniamnist|retinamnist,14,5,0.6428571428571428,0.6327200034586588,0.6199600051283836,0.01275999833027519,0.2979451815688688,0.5142799854278565,0.49799996614456177,0.0162800192832947,5,5,17
vit_b16,gtsrb,random,18,5,17,0.7058823529411764,0,0.3333333333333333,0,0.3333333333333333,tiny_imagenet,tiny_imagenet,1,tiny_imagenet,tiny_imagenet,cifar100,cifar100_shared_images,cifar10|cifar100|cifar100_coarse|retinamnist|stl10,cifar10|cifar100_shared_images|retinamnist|stl10,14,4,0.7142857142857143,0.6327200034586588,0.6270666727836927,0.005653330674966095,0.1320049259273925,0.5142799854278565,0.5117999672889709,0.0024800181388855425,5,5,17
vit_b16,gtsrb,random,19,5,17,0.7058823529411764,0,0.6666666666666666,0,0.6666666666666666,tiny_imagenet,tiny_imagenet,1,tiny_imagenet,tiny_imagenet,cifar100,cifar100_shared_images,cifar100|cifar100_coarse|octmnist|organamnist|pathmnist,cifar100_shared_images|octmnist|organmnist_views|pathmnist,14,4,0.7142857142857143,0.6327200034586588,0.6270666727836927,0.005653330674966095,0.1320049259273925,0.5142799854278565,0.5117999672889709,0.0024800181388855425,5,5,17
vit_b16,gtsrb,random,20,5,17,0.7058823529411764,0,0.3333333333333333,0,0.3333333333333333,tiny_imagenet,tiny_imagenet,1,tiny_imagenet,tiny_imagenet,organamnist,organmnist_views,octmnist|organamnist|pneumoniamnist|retinamnist|stl10,octmnist|organmnist_views|pneumoniamnist|retinamnist|stl10,14,5,0.6428571428571428,0.6327200034586588,0.6251200101566315,0.007599993302027208,0.17745937935760278,0.5142799854278565,0.49827997088432313,0.016000014543533336,5,5,17
vit_b16,gtsrb,random,21,5,17,0.7058823529411764,1,1.0,1,1.0,tiny_imagenet,tiny_imagenet,1,tiny_imagenet,tiny_imagenet,tiny_imagenet,tiny_imagenet,cifar100|organamnist|organsmnist|pathmnist|tiny_imagenet,cifar100_shared_images|organmnist_views|pathmnist|tiny_imagenet,14,4,0.7142857142857143,0.6327200034586588,0.6327200034586588,0.0,0.0,0.5142799854278565,0.5142799854278565,0.0,5,5,17
vit_b16,gtsrb,random,22,5,17,0.7058823529411764,0,0.3333333333333333,0,0.6666666666666666,tiny_imagenet,tiny_imagenet,1,tiny_imagenet,tiny_imagenet,cifar100,cifar100_shared_images,breastmnist|cifar100|dermamnist|organcmnist|retinamnist,breastmnist|cifar100_shared_images|dermamnist|organmnist_views|retinamnist,14,5,0.6428571428571428,0.6327200034586588,0.6270666727836927,0.005653330674966095,0.1320049259273925,0.5142799854278565,0.5117999672889709,0.0024800181388855425,5,5,17
vit_b16,gtsrb,random,23,5,17,0.7058823529411764,0,0.3333333333333333,0,0.3333333333333333,tiny_imagenet,tiny_imagenet,1,tiny_imagenet,tiny_imagenet,cifar100,cifar100_shared_images,bloodmnist|cifar10|cifar100|stl10|tissuemnist,bloodmnist|cifar10|cifar100_shared_images|stl10|tissuemnist,14,5,0.6428571428571428,0.6327200034586588,0.6270666727836927,0.005653330674966095,0.1320049259273925,0.5142799854278565,0.5117999672889709,0.0024800181388855425,5,5,17
vit_b16,gtsrb,random,24,5,17,0.7058823529411764,1,0.3333333333333333,1,0.6666666666666666,tiny_imagenet,tiny_imagenet,1,tiny_imagenet,tiny_imagenet,tiny_imagenet,tiny_imagenet,cifar10|organcmnist|rendered_sst2|stl10|tiny_imagenet,cifar10|organmnist_views|rendered_sst2|stl10|tiny_imagenet,14,5,0.6428571428571428,0.6327200034586588,0.6327200034586588,0.0,0.0,0.5142799854278565,0.5142799854278565,0.0,5,5,17
vit_b16,gtsrb,random,25,5,17,0.7058823529411764,1,0.6666666666666666,1,1.0,tiny_imagenet,tiny_imagenet,1,tiny_imagenet,tiny_imagenet,tiny_imagenet,tiny_imagenet,cifar10|cifar100|organcmnist|organsmnist|tiny_imagenet,cifar10|cifar100_shared_images|organmnist_views|tiny_imagenet,14,4,0.7142857142857143,0.6327200034586588,0.6327200034586588,0.0,0.0,0.5142799854278565,0.5142799854278565,0.0,5,5,17
vit_b16,gtsrb,random,26,5,17,0.7058823529411764,0,0.0,0,0.3333333333333333,tiny_imagenet,tiny_imagenet,1,tiny_imagenet,tiny_imagenet,cifar100_coarse,cifar100_shared_images,cifar10|cifar100_coarse|pathmnist|pneumoniamnist|rendered_sst2,cifar10|cifar100_shared_images|pathmnist|pneumoniamnist|rendered_sst2,14,5,0.6428571428571428,0.6327200034586588,0.6214933393891653,0.011226664069493464,0.26214192024316557,0.5142799854278565,0.5063599586486817,0.007920026779174805,5,5,17
vit_b16,gtsrb,random,27,5,17,0.7058823529411764,0,0.0,0,0.0,tiny_imagenet,tiny_imagenet,1,tiny_imagenet,tiny_imagenet,stl10,stl10,bloodmnist|dermamnist|octmnist|rendered_sst2|stl10,bloodmnist|dermamnist|octmnist|rendered_sst2|stl10,14,5,0.6428571428571428,0.6327200034586588,0.6230000076190632,0.009719995839595597,0.22696130910970905,0.5142799854278565,0.5091599702835083,0.005120015144348122,5,5,17
vit_b16,gtsrb,random,28,5,17,0.7058823529411764,0,0.0,0,0.3333333333333333,tiny_imagenet,tiny_imagenet,1,tiny_imagenet,tiny_imagenet,bloodmnist,bloodmnist,bloodmnist|organsmnist|pathmnist|pneumoniamnist|rendered_sst2,bloodmnist|organmnist_views|pathmnist|pneumoniamnist|rendered_sst2,14,5,0.6428571428571428,0.6327200034586588,0.6199600051283836,0.01275999833027519,0.2979451815688688,0.5142799854278565,0.49799996614456177,0.0162800192832947,5,5,17
vit_b16,gtsrb,random,29,5,17,0.7058823529411764,0,0.6666666666666666,0,0.6666666666666666,tiny_imagenet,tiny_imagenet,1,tiny_imagenet,tiny_imagenet,cifar100,cifar100_shared_images,bloodmnist|cifar100|organamnist|retinamnist|stl10,bloodmnist|cifar100_shared_images|organmnist_views|retinamnist|stl10,14,5,0.6428571428571428,0.6327200034586588,0.6270666727836927,0.005653330674966095,0.1320049259273925,0.5142799854278565,0.5117999672889709,0.0024800181388855425,5,5,17
vit_b16,gtsrb,random,30,5,17,0.7058823529411764,0,0.3333333333333333,0,0.6666666666666666,tiny_imagenet,tiny_imagenet,1,tiny_imagenet,tiny_imagenet,cifar100,cifar100_shared_images,cifar100|cifar100_coarse|dermamnist|organsmnist|retinamnist,cifar100_shared_images|dermamnist|organmnist_views|retinamnist,14,4,0.7142857142857143,0.6327200034586588,0.6270666727836927,0.005653330674966095,0.1320049259273925,0.5142799854278565,0.5117999672889709,0.0024800181388855425,5,5,17
vit_b16,gtsrb,random,31,5,17,0.7058823529411764,0,0.0,0,0.0,tiny_imagenet,tiny_imagenet,1,tiny_imagenet,tiny_imagenet,bloodmnist,bloodmnist,bloodmnist|pathmnist|pneumoniamnist|rendered_sst2|retinamnist,bloodmnist|pathmnist|pneumoniamnist|rendered_sst2|retinamnist,14,5,0.6428571428571428,0.6327200034586588,0.6199600051283836,0.01275999833027519,0.2979451815688688,0.5142799854278565,0.49799996614456177,0.0162800192832947,5,5,17
vit_b16,gtsrb,random,32,5,17,0.7058823529411764,0,0.0,0,0.3333333333333333,tiny_imagenet,tiny_imagenet,1,tiny_imagenet,tiny_imagenet,cifar100_coarse,cifar100_shared_images,breastmnist|cifar100_coarse|pneumoniamnist|retinamnist|tissuemnist,breastmnist|cifar100_shared_images|pneumoniamnist|retinamnist|tissuemnist,14,5,0.6428571428571428,0.6327200034586588,0.6214933393891653,0.011226664069493464,0.26214192024316557,0.5142799854278565,0.5063599586486817,0.007920026779174805,5,5,17
vit_b16,gtsrb,random,33,5,17,0.7058823529411764,0,0.0,0,0.3333333333333333,tiny_imagenet,tiny_imagenet,1,tiny_imagenet,tiny_imagenet,bloodmnist,bloodmnist,bloodmnist|cifar10|organcmnist|pneumoniamnist|retinamnist,bloodmnist|cifar10|organmnist_views|pneumoniamnist|retinamnist,14,5,0.6428571428571428,0.6327200034586588,0.6199600051283836,0.01275999833027519,0.2979451815688688,0.5142799854278565,0.49799996614456177,0.0162800192832947,5,5,17
vit_b16,gtsrb,random,34,5,17,0.7058823529411764,0,0.0,0,0.3333333333333333,tiny_imagenet,tiny_imagenet,1,tiny_imagenet,tiny_imagenet,stl10,stl10,bloodmnist|cifar10|organsmnist|pathmnist|stl10,bloodmnist|cifar10|organmnist_views|pathmnist|stl10,14,5,0.6428571428571428,0.6327200034586588,0.6230000076190632,0.009719995839595597,0.22696130910970905,0.5142799854278565,0.5091599702835083,0.005120015144348122,5,5,17
vit_b16,gtsrb,random,35,5,17,0.7058823529411764,0,0.0,0,0.6666666666666666,tiny_imagenet,tiny_imagenet,1,tiny_imagenet,tiny_imagenet,stl10,stl10,cifar10|cifar100_coarse|organcmnist|stl10|tissuemnist,cifar10|cifar100_shared_images|organmnist_views|stl10|tissuemnist,14,5,0.6428571428571428,0.6327200034586588,0.6230000076190632,0.009719995839595597,0.22696130910970905,0.5142799854278565,0.5091599702835083,0.005120015144348122,5,5,17
vit_b16,gtsrb,random,36,5,17,0.7058823529411764,1,0.3333333333333333,1,0.6666666666666666,tiny_imagenet,tiny_imagenet,1,tiny_imagenet,tiny_imagenet,tiny_imagenet,tiny_imagenet,dermamnist|organsmnist|pathmnist|rendered_sst2|tiny_imagenet,dermamnist|organmnist_views|pathmnist|rendered_sst2|tiny_imagenet,14,5,0.6428571428571428,0.6327200034586588,0.6327200034586588,0.0,0.0,0.5142799854278565,0.5142799854278565,0.0,5,5,17
vit_b16,gtsrb,random,37,5,17,0.7058823529411764,0,0.3333333333333333,0,0.3333333333333333,tiny_imagenet,tiny_imagenet,1,tiny_imagenet,tiny_imagenet,cifar100,cifar100_shared_images,cifar10|cifar100|cifar100_coarse|pathmnist|retinamnist,cifar10|cifar100_shared_images|pathmnist|retinamnist,14,4,0.7142857142857143,0.6327200034586588,0.6270666727836927,0.005653330674966095,0.1320049259273925,0.5142799854278565,0.5117999672889709,0.0024800181388855425,5,5,17
vit_b16,gtsrb,random,38,5,17,0.7058823529411764,0,0.3333333333333333,0,0.3333333333333333,tiny_imagenet,tiny_imagenet,1,tiny_imagenet,tiny_imagenet,cifar100,cifar100_shared_images,cifar100|cifar100_coarse|dermamnist|pneumoniamnist|tissuemnist,cifar100_shared_images|dermamnist|pneumoniamnist|tissuemnist,14,4,0.7142857142857143,0.6327200034586588,0.6270666727836927,0.005653330674966095,0.1320049259273925,0.5142799854278565,0.5117999672889709,0.0024800181388855425,5,5,17
vit_b16,gtsrb,random,39,5,17,0.7058823529411764,0,0.0,0,0.6666666666666666,tiny_imagenet,tiny_imagenet,1,tiny_imagenet,tiny_imagenet,cifar100_coarse,cifar100_shared_images,cifar10|cifar100_coarse|organsmnist|pathmnist|tissuemnist,cifar10|cifar100_shared_images|organmnist_views|pathmnist|tissuemnist,14,5,0.6428571428571428,0.6327200034586588,0.6214933393891653,0.011226664069493464,0.26214192024316557,0.5142799854278565,0.5063599586486817,0.007920026779174805,5,5,17
vit_b16,gtsrb,random,40,5,17,0.7058823529411764,0,0.3333333333333333,0,0.3333333333333333,tiny_imagenet,tiny_imagenet,1,tiny_imagenet,tiny_imagenet,organamnist,organmnist_views,breastmnist|organamnist|rendered_sst2|retinamnist|tissuemnist,breastmnist|organmnist_views|rendered_sst2|retinamnist|tissuemnist,14,5,0.6428571428571428,0.6327200034586588,0.6251200101566315,0.007599993302027208,0.17745937935760278,0.5142799854278565,0.49827997088432313,0.016000014543533336,5,5,17
vit_b16,gtsrb,random,41,5,17,0.7058823529411764,1,0.3333333333333333,1,0.6666666666666666,tiny_imagenet,tiny_imagenet,1,tiny_imagenet,tiny_imagenet,tiny_imagenet,tiny_imagenet,breastmnist|cifar10|octmnist|organsmnist|tiny_imagenet,breastmnist|cifar10|octmnist|organmnist_views|tiny_imagenet,14,5,0.6428571428571428,0.6327200034586588,0.6327200034586588,0.0,0.0,0.5142799854278565,0.5142799854278565,0.0,5,5,17
vit_b16,gtsrb,random,42,5,17,0.7058823529411764,0,0.3333333333333333,0,0.6666666666666666,tiny_imagenet,tiny_imagenet,1,tiny_imagenet,tiny_imagenet,organamnist,organmnist_views,bloodmnist|cifar100_coarse|organamnist|retinamnist|stl10,bloodmnist|cifar100_shared_images|organmnist_views|retinamnist|stl10,14,5,0.6428571428571428,0.6327200034586588,0.6251200101566315,0.007599993302027208,0.17745937935760278,0.5142799854278565,0.49827997088432313,0.016000014543533336,5,5,17
vit_b16,gtsrb,random,43,5,17,0.7058823529411764,0,0.0,0,0.3333333333333333,tiny_imagenet,tiny_imagenet,1,tiny_imagenet,tiny_imagenet,stl10,stl10,bloodmnist|dermamnist|organcmnist|rendered_sst2|stl10,bloodmnist|dermamnist|organmnist_views|rendered_sst2|stl10,14,5,0.6428571428571428,0.6327200034586588,0.6230000076190632,0.009719995839595597,0.22696130910970905,0.5142799854278565,0.5091599702835083,0.005120015144348122,5,5,17
vit_b16,gtsrb,random,44,5,17,0.7058823529411764,0,0.3333333333333333,0,0.3333333333333333,tiny_imagenet,tiny_imagenet,1,tiny_imagenet,tiny_imagenet,organamnist,organmnist_views,bloodmnist|octmnist|organamnist|rendered_sst2|retinamnist,bloodmnist|octmnist|organmnist_views|rendered_sst2|retinamnist,14,5,0.6428571428571428,0.6327200034586588,0.6251200101566315,0.007599993302027208,0.17745937935760278,0.5142799854278565,0.49827997088432313,0.016000014543533336,5,5,17
vit_b16,gtsrb,random,45,5,17,0.7058823529411764,1,0.3333333333333333,1,1.0,tiny_imagenet,tiny_imagenet,1,tiny_imagenet,tiny_imagenet,tiny_imagenet,tiny_imagenet,breastmnist|cifar100_coarse|octmnist|organcmnist|tiny_imagenet,breastmnist|cifar100_shared_images|octmnist|organmnist_views|tiny_imagenet,14,5,0.6428571428571428,0.6327200034586588,0.6327200034586588,0.0,0.0,0.5142799854278565,0.5142799854278565,0.0,5,5,17
vit_b16,gtsrb,random,46,5,17,0.7058823529411764,0,0.0,0,0.0,tiny_imagenet,tiny_imagenet,1,tiny_imagenet,tiny_imagenet,dermamnist,dermamnist,dermamnist|pneumoniamnist|rendered_sst2|retinamnist|tissuemnist,dermamnist|pneumoniamnist|rendered_sst2|retinamnist|tissuemnist,14,5,0.6428571428571428,0.6327200034586588,0.614626674943765,0.01809332851489376,0.4224781155938403,0.5142799854278565,0.501479971408844,0.012800014019012429,5,5,17
vit_b16,gtsrb,random,47,5,17,0.7058823529411764,0,0.0,0,0.3333333333333333,tiny_imagenet,tiny_imagenet,1,tiny_imagenet,tiny_imagenet,bloodmnist,bloodmnist,bloodmnist|dermamnist|octmnist|organsmnist|tissuemnist,bloodmnist|dermamnist|octmnist|organmnist_views|tissuemnist,14,5,0.6428571428571428,0.6327200034586588,0.6199600051283836,0.01275999833027519,0.2979451815688688,0.5142799854278565,0.49799996614456177,0.0162800192832947,5,5,17
vit_b16,gtsrb,random,48,5,17,0.7058823529411764,0,0.0,0,0.0,tiny_imagenet,tiny_imagenet,1,tiny_imagenet,tiny_imagenet,stl10,stl10,breastmnist|cifar10|pneumoniamnist|rendered_sst2|stl10,breastmnist|cifar10|pneumoniamnist|rendered_sst2|stl10,14,5,0.6428571428571428,0.6327200034586588,0.6230000076190632,0.009719995839595597,0.22696130910970905,0.5142799854278565,0.5091599702835083,0.005120015144348122,5,5,17
vit_b16,gtsrb,random,49,5,17,0.7058823529411764,0,0.0,0,0.3333333333333333,tiny_imagenet,tiny_imagenet,1,tiny_imagenet,tiny_imagenet,cifar100_coarse,cifar100_shared_images,cifar100_coarse|octmnist|pathmnist|retinamnist|tissuemnist,cifar100_shared_images|octmnist|pathmnist|retinamnist|tissuemnist,14,5,0.6428571428571428,0.6327200034586588,0.6214933393891653,0.011226664069493464,0.26214192024316557,0.5142799854278565,0.5063599586486817,0.007920026779174805,5,5,17
vit_b16,gtsrb,random,50,5,17,0.7058823529411764,1,0.3333333333333333,1,0.6666666666666666,tiny_imagenet,tiny_imagenet,1,tiny_imagenet,tiny_imagenet,tiny_imagenet,tiny_imagenet,cifar10|organcmnist|organsmnist|stl10|tiny_imagenet,cifar10|organmnist_views|stl10|tiny_imagenet,14,4,0.7142857142857143,0.6327200034586588,0.6327200034586588,0.0,0.0,0.5142799854278565,0.5142799854278565,0.0,5,5,17
vit_b16,gtsrb,random,51,5,17,0.7058823529411764,0,0.3333333333333333,0,0.3333333333333333,tiny_imagenet,tiny_imagenet,1,tiny_imagenet,tiny_imagenet,cifar100,cifar100_shared_images,bloodmnist|breastmnist|cifar100|dermamnist|octmnist,bloodmnist|breastmnist|cifar100_shared_images|dermamnist|octmnist,14,5,0.6428571428571428,0.6327200034586588,0.6270666727836927,0.005653330674966095,0.1320049259273925,0.5142799854278565,0.5117999672889709,0.0024800181388855425,5,5,17
vit_b16,gtsrb,random,52,5,17,0.7058823529411764,0,0.6666666666666666,0,0.6666666666666666,tiny_imagenet,tiny_imagenet,1,tiny_imagenet,tiny_imagenet,cifar100,cifar100_shared_images,cifar10|cifar100|cifar100_coarse|organamnist|retinamnist,cifar10|cifar100_shared_images|organmnist_views|retinamnist,14,4,0.7142857142857143,0.6327200034586588,0.6270666727836927,0.005653330674966095,0.1320049259273925,0.5142799854278565,0.5117999672889709,0.0024800181388855425,5,5,17
vit_b16,gtsrb,random,53,5,17,0.7058823529411764,0,0.6666666666666666,0,0.6666666666666666,tiny_imagenet,tiny_imagenet,1,tiny_imagenet,tiny_imagenet,cifar100,cifar100_shared_images,bloodmnist|cifar100|organamnist|pathmnist|tissuemnist,bloodmnist|cifar100_shared_images|organmnist_views|pathmnist|tissuemnist,14,5,0.6428571428571428,0.6327200034586588,0.6270666727836927,0.005653330674966095,0.1320049259273925,0.5142799854278565,0.5117999672889709,0.0024800181388855425,5,5,17
vit_b16,gtsrb,random,54,5,17,0.7058823529411764,0,0.3333333333333333,0,0.3333333333333333,tiny_imagenet,tiny_imagenet,1,tiny_imagenet,tiny_imagenet,organamnist,organmnist_views,bloodmnist|dermamnist|organamnist|pathmnist|retinamnist,bloodmnist|dermamnist|organmnist_views|pathmnist|retinamnist,14,5,0.6428571428571428,0.6327200034586588,0.6251200101566315,0.007599993302027208,0.17745937935760278,0.5142799854278565,0.49827997088432313,0.016000014543533336,5,5,17
vit_b16,gtsrb,random,55,5,17,0.7058823529411764,0,0.0,0,0.6666666666666666,tiny_imagenet,tiny_imagenet,1,tiny_imagenet,tiny_imagenet,cifar100_coarse,cifar100_shared_images,breastmnist|cifar10|cifar100_coarse|organcmnist|pathmnist,breastmnist|cifar10|cifar100_shared_images|organmnist_views|pathmnist,14,5,0.6428571428571428,0.6327200034586588,0.6214933393891653,0.011226664069493464,0.26214192024316557,0.5142799854278565,0.5063599586486817,0.007920026779174805,5,5,17
vit_b16,gtsrb,random,56,5,17,0.7058823529411764,1,0.3333333333333333,1,0.6666666666666666,tiny_imagenet,tiny_imagenet,1,tiny_imagenet,tiny_imagenet,tiny_imagenet,tiny_imagenet,cifar100_coarse|pathmnist|pneumoniamnist|retinamnist|tiny_imagenet,cifar100_shared_images|pathmnist|pneumoniamnist|retinamnist|tiny_imagenet,14,5,0.6428571428571428,0.6327200034586588,0.6327200034586588,0.0,0.0,0.5142799854278565,0.5142799854278565,0.0,5,5,17
vit_b16,gtsrb,random,57,5,17,0.7058823529411764,0,0.3333333333333333,0,0.3333333333333333,tiny_imagenet,tiny_imagenet,1,tiny_imagenet,tiny_imagenet,organamnist,organmnist_views,bloodmnist|breastmnist|organamnist|pathmnist|retinamnist,bloodmnist|breastmnist|organmnist_views|pathmnist|retinamnist,14,5,0.6428571428571428,0.6327200034586588,0.6251200101566315,0.007599993302027208,0.17745937935760278,0.5142799854278565,0.49827997088432313,0.016000014543533336,5,5,17
vit_b16,gtsrb,random,58,5,17,0.7058823529411764,0,0.3333333333333333,0,0.3333333333333333,tiny_imagenet,tiny_imagenet,1,tiny_imagenet,tiny_imagenet,organamnist,organmnist_views,bloodmnist|breastmnist|organamnist|pneumoniamnist|rendered_sst2,bloodmnist|breastmnist|organmnist_views|pneumoniamnist|rendered_sst2,14,5,0.6428571428571428,0.6327200034586588,0.6251200101566315,0.007599993302027208,0.17745937935760278,0.5142799854278565,0.49827997088432313,0.016000014543533336,5,5,17
vit_b16,gtsrb,random,59,5,17,0.7058823529411764,0,0.0,0,0.0,tiny_imagenet,tiny_imagenet,1,tiny_imagenet,tiny_imagenet,stl10,stl10,dermamnist|octmnist|pneumoniamnist|retinamnist|stl10,dermamnist|octmnist|pneumoniamnist|retinamnist|stl10,14,5,0.6428571428571428,0.6327200034586588,0.6230000076190632,0.009719995839595597,0.22696130910970905,0.5142799854278565,0.5091599702835083,0.005120015144348122,5,5,17
vit_b16,gtsrb,random,60,5,17,0.7058823529411764,1,0.3333333333333333,1,0.6666666666666666,tiny_imagenet,tiny_imagenet,1,tiny_imagenet,tiny_imagenet,tiny_imagenet,tiny_imagenet,breastmnist|cifar100_coarse|pneumoniamnist|stl10|tiny_imagenet,breastmnist|cifar100_shared_images|pneumoniamnist|stl10|tiny_imagenet,14,5,0.6428571428571428,0.6327200034586588,0.6327200034586588,0.0,0.0,0.5142799854278565,0.5142799854278565,0.0,5,5,17
vit_b16,gtsrb,random,61,5,17,0.7058823529411764,0,0.3333333333333333,0,0.3333333333333333,tiny_imagenet,tiny_imagenet,1,tiny_imagenet,tiny_imagenet,cifar100,cifar100_shared_images,cifar100|cifar100_coarse|pathmnist|pneumoniamnist|rendered_sst2,cifar100_shared_images|pathmnist|pneumoniamnist|rendered_sst2,14,4,0.7142857142857143,0.6327200034586588,0.6270666727836927,0.005653330674966095,0.1320049259273925,0.5142799854278565,0.5117999672889709,0.0024800181388855425,5,5,17
vit_b16,gtsrb,random,62,5,17,0.7058823529411764,0,0.3333333333333333,0,0.3333333333333333,tiny_imagenet,tiny_imagenet,1,tiny_imagenet,tiny_imagenet,cifar100,cifar100_shared_images,bloodmnist|breastmnist|cifar100|cifar100_coarse|pneumoniamnist,bloodmnist|breastmnist|cifar100_shared_images|pneumoniamnist,14,4,0.7142857142857143,0.6327200034586588,0.6270666727836927,0.005653330674966095,0.1320049259273925,0.5142799854278565,0.5117999672889709,0.0024800181388855425,5,5,17
vit_b16,gtsrb,random,63,5,17,0.7058823529411764,0,0.0,0,0.0,tiny_imagenet,tiny_imagenet,1,tiny_imagenet,tiny_imagenet,stl10,stl10,breastmnist|dermamnist|pathmnist|rendered_sst2|stl10,breastmnist|dermamnist|pathmnist|rendered_sst2|stl10,14,5,0.6428571428571428,0.6327200034586588,0.6230000076190632,0.009719995839595597,0.22696130910970905,0.5142799854278565,0.5091599702835083,0.005120015144348122,5,5,17
vit_b16,gtsrb,random,64,5,17,0.7058823529411764,1,0.6666666666666666,1,0.6666666666666666,tiny_imagenet,tiny_imagenet,1,tiny_imagenet,tiny_imagenet,tiny_imagenet,tiny_imagenet,cifar100|octmnist|stl10|tiny_imagenet|tissuemnist,cifar100_shared_images|octmnist|stl10|tiny_imagenet|tissuemnist,14,5,0.6428571428571428,0.6327200034586588,0.6327200034586588,0.0,0.0,0.5142799854278565,0.5142799854278565,0.0,5,5,17
vit_b16,gtsrb,random,65,5,17,0.7058823529411764,0,0.3333333333333333,0,0.6666666666666666,tiny_imagenet,tiny_imagenet,1,tiny_imagenet,tiny_imagenet,cifar100,cifar100_shared_images,breastmnist|cifar100|dermamnist|organsmnist|tissuemnist,breastmnist|cifar100_shared_images|dermamnist|organmnist_views|tissuemnist,14,5,0.6428571428571428,0.6327200034586588,0.6270666727836927,0.005653330674966095,0.1320049259273925,0.5142799854278565,0.5117999672889709,0.0024800181388855425,5,5,17
vit_b16,gtsrb,random,66,5,17,0.7058823529411764,0,0.0,0,0.3333333333333333,tiny_imagenet,tiny_imagenet,1,tiny_imagenet,tiny_imagenet,stl10,stl10,breastmnist|cifar10|cifar100_coarse|stl10|tissuemnist,breastmnist|cifar10|cifar100_shared_images|stl10|tissuemnist,14,5,0.6428571428571428,0.6327200034586588,0.6230000076190632,0.009719995839595597,0.22696130910970905,0.5142799854278565,0.5091599702835083,0.005120015144348122,5,5,17
vit_b16,gtsrb,random,67,5,17,0.7058823529411764,0,0.3333333333333333,0,0.3333333333333333,tiny_imagenet,tiny_imagenet,1,tiny_imagenet,tiny_imagenet,cifar100,cifar100_shared_images,bloodmnist|cifar100|octmnist|stl10|tissuemnist,bloodmnist|cifar100_shared_images|octmnist|stl10|tissuemnist,14,5,0.6428571428571428,0.6327200034586588,0.6270666727836927,0.005653330674966095,0.1320049259273925,0.5142799854278565,0.5117999672889709,0.0024800181388855425,5,5,17
vit_b16,gtsrb,random,68,5,17,0.7058823529411764,0,0.0,0,0.6666666666666666,tiny_imagenet,tiny_imagenet,1,tiny_imagenet,tiny_imagenet,stl10,stl10,cifar100_coarse|dermamnist|organsmnist|retinamnist|stl10,cifar100_shared_images|dermamnist|organmnist_views|retinamnist|stl10,14,5,0.6428571428571428,0.6327200034586588,0.6230000076190632,0.009719995839595597,0.22696130910970905,0.5142799854278565,0.5091599702835083,0.005120015144348122,5,5,17
vit_b16,gtsrb,random,69,5,17,0.7058823529411764,1,0.3333333333333333,1,0.3333333333333333,tiny_imagenet,tiny_imagenet,1,tiny_imagenet,tiny_imagenet,tiny_imagenet,tiny_imagenet,bloodmnist|breastmnist|dermamnist|pneumoniamnist|tiny_imagenet,bloodmnist|breastmnist|dermamnist|pneumoniamnist|tiny_imagenet,14,5,0.6428571428571428,0.6327200034586588,0.6327200034586588,0.0,0.0,0.5142799854278565,0.5142799854278565,0.0,5,5,17
vit_b16,gtsrb,random,70,5,17,0.7058823529411764,1,0.3333333333333333,1,0.6666666666666666,tiny_imagenet,tiny_imagenet,1,tiny_imagenet,tiny_imagenet,tiny_imagenet,tiny_imagenet,organsmnist|pneumoniamnist|rendered_sst2|stl10|tiny_imagenet,organmnist_views|pneumoniamnist|rendered_sst2|stl10|tiny_imagenet,14,5,0.6428571428571428,0.6327200034586588,0.6327200034586588,0.0,0.0,0.5142799854278565,0.5142799854278565,0.0,5,5,17
vit_b16,gtsrb,random,71,5,17,0.7058823529411764,1,0.3333333333333333,1,0.6666666666666666,tiny_imagenet,tiny_imagenet,1,tiny_imagenet,tiny_imagenet,tiny_imagenet,tiny_imagenet,bloodmnist|breastmnist|organcmnist|pathmnist|tiny_imagenet,bloodmnist|breastmnist|organmnist_views|pathmnist|tiny_imagenet,14,5,0.6428571428571428,0.6327200034586588,0.6327200034586588,0.0,0.0,0.5142799854278565,0.5142799854278565,0.0,5,5,17
vit_b16,gtsrb,random,72,5,17,0.7058823529411764,1,0.3333333333333333,1,0.6666666666666666,tiny_imagenet,tiny_imagenet,1,tiny_imagenet,tiny_imagenet,tiny_imagenet,tiny_imagenet,organsmnist|retinamnist|stl10|tiny_imagenet|tissuemnist,organmnist_views|retinamnist|stl10|tiny_imagenet|tissuemnist,14,5,0.6428571428571428,0.6327200034586588,0.6327200034586588,0.0,0.0,0.5142799854278565,0.5142799854278565,0.0,5,5,17
vit_b16,gtsrb,random,73,5,17,0.7058823529411764,0,0.6666666666666666,0,0.6666666666666666,tiny_imagenet,tiny_imagenet,1,tiny_imagenet,tiny_imagenet,cifar100,cifar100_shared_images,bloodmnist|breastmnist|cifar100|organamnist|tissuemnist,bloodmnist|breastmnist|cifar100_shared_images|organmnist_views|tissuemnist,14,5,0.6428571428571428,0.6327200034586588,0.6270666727836927,0.005653330674966095,0.1320049259273925,0.5142799854278565,0.5117999672889709,0.0024800181388855425,5,5,17
vit_b16,gtsrb,random,74,5,17,0.7058823529411764,1,1.0,1,1.0,tiny_imagenet,tiny_imagenet,1,tiny_imagenet,tiny_imagenet,tiny_imagenet,tiny_imagenet,cifar10|cifar100|organamnist|organsmnist|tiny_imagenet,cifar10|cifar100_shared_images|organmnist_views|tiny_imagenet,14,4,0.7142857142857143,0.6327200034586588,0.6327200034586588,0.0,0.0,0.5142799854278565,0.5142799854278565,0.0,5,5,17
vit_b16,gtsrb,random,75,5,17,0.7058823529411764,0,0.0,0,0.6666666666666666,tiny_imagenet,tiny_imagenet,1,tiny_imagenet,tiny_imagenet,cifar100_coarse,cifar100_shared_images,bloodmnist|breastmnist|cifar100_coarse|octmnist|organcmnist,bloodmnist|breastmnist|cifar100_shared_images|octmnist|organmnist_views,14,5,0.6428571428571428,0.6327200034586588,0.6214933393891653,0.011226664069493464,0.26214192024316557,0.5142799854278565,0.5063599586486817,0.007920026779174805,5,5,17
vit_b16,gtsrb,random,76,5,17,0.7058823529411764,1,0.3333333333333333,1,0.6666666666666666,tiny_imagenet,tiny_imagenet,1,tiny_imagenet,tiny_imagenet,tiny_imagenet,tiny_imagenet,cifar100_coarse|octmnist|pneumoniamnist|rendered_sst2|tiny_imagenet,cifar100_shared_images|octmnist|pneumoniamnist|rendered_sst2|tiny_imagenet,14,5,0.6428571428571428,0.6327200034586588,0.6327200034586588,0.0,0.0,0.5142799854278565,0.5142799854278565,0.0,5,5,17
vit_b16,gtsrb,random,77,5,17,0.7058823529411764,0,0.0,0,0.3333333333333333,tiny_imagenet,tiny_imagenet,1,tiny_imagenet,tiny_imagenet,organcmnist,organmnist_views,cifar10|dermamnist|organcmnist|pathmnist|rendered_sst2,cifar10|dermamnist|organmnist_views|pathmnist|rendered_sst2,14,5,0.6428571428571428,0.6327200034586588,0.6172000063594182,0.015519997099240568,0.3623909842299972,0.5142799854278565,0.5023599803447724,0.011920005083084106,5,5,17
vit_b16,gtsrb,random,78,5,17,0.7058823529411764,1,0.3333333333333333,1,0.6666666666666666,tiny_imagenet,tiny_imagenet,1,tiny_imagenet,tiny_imagenet,tiny_imagenet,tiny_imagenet,cifar100_coarse|octmnist|retinamnist|stl10|tiny_imagenet,cifar100_shared_images|octmnist|retinamnist|stl10|tiny_imagenet,14,5,0.6428571428571428,0.6327200034586588,0.6327200034586588,0.0,0.0,0.5142799854278565,0.5142799854278565,0.0,5,5,17
vit_b16,gtsrb,random,79,5,17,0.7058823529411764,0,0.3333333333333333,0,0.6666666666666666,tiny_imagenet,tiny_imagenet,1,tiny_imagenet,tiny_imagenet,organamnist,organmnist_views,cifar100_coarse|octmnist|organamnist|organsmnist|pathmnist,cifar100_shared_images|octmnist|organmnist_views|pathmnist,14,4,0.7142857142857143,0.6327200034586588,0.6251200101566315,0.007599993302027208,0.17745937935760278,0.5142799854278565,0.49827997088432313,0.016000014543533336,5,5,17
vit_b16,gtsrb,random,80,5,17,0.7058823529411764,0,0.3333333333333333,0,0.3333333333333333,tiny_imagenet,tiny_imagenet,1,tiny_imagenet,tiny_imagenet,organamnist,organmnist_views,breastmnist|organamnist|organcmnist|pneumoniamnist|rendered_sst2,breastmnist|organmnist_views|pneumoniamnist|rendered_sst2,14,4,0.7142857142857143,0.6327200034586588,0.6251200101566315,0.007599993302027208,0.17745937935760278,0.5142799854278565,0.49827997088432313,0.016000014543533336,5,5,17
vit_b16,gtsrb,random,81,5,17,0.7058823529411764,1,0.3333333333333333,1,0.3333333333333333,tiny_imagenet,tiny_imagenet,1,tiny_imagenet,tiny_imagenet,tiny_imagenet,tiny_imagenet,dermamnist|octmnist|rendered_sst2|tiny_imagenet|tissuemnist,dermamnist|octmnist|rendered_sst2|tiny_imagenet|tissuemnist,14,5,0.6428571428571428,0.6327200034586588,0.6327200034586588,0.0,0.0,0.5142799854278565,0.5142799854278565,0.0,5,5,17
vit_b16,gtsrb,random,82,5,17,0.7058823529411764,0,0.3333333333333333,0,0.3333333333333333,tiny_imagenet,tiny_imagenet,1,tiny_imagenet,tiny_imagenet,organamnist,organmnist_views,breastmnist|octmnist|organamnist|pathmnist|tissuemnist,breastmnist|octmnist|organmnist_views|pathmnist|tissuemnist,14,5,0.6428571428571428,0.6327200034586588,0.6251200101566315,0.007599993302027208,0.17745937935760278,0.5142799854278565,0.49827997088432313,0.016000014543533336,5,5,17
vit_b16,gtsrb,random,83,5,17,0.7058823529411764,1,0.6666666666666666,1,0.6666666666666666,tiny_imagenet,tiny_imagenet,1,tiny_imagenet,tiny_imagenet,tiny_imagenet,tiny_imagenet,bloodmnist|organamnist|pathmnist|rendered_sst2|tiny_imagenet,bloodmnist|organmnist_views|pathmnist|rendered_sst2|tiny_imagenet,14,5,0.6428571428571428,0.6327200034586588,0.6327200034586588,0.0,0.0,0.5142799854278565,0.5142799854278565,0.0,5,5,17
vit_b16,gtsrb,random,84,5,17,0.7058823529411764,1,0.3333333333333333,1,1.0,tiny_imagenet,tiny_imagenet,1,tiny_imagenet,tiny_imagenet,tiny_imagenet,tiny_imagenet,bloodmnist|cifar100_coarse|organcmnist|rendered_sst2|tiny_imagenet,bloodmnist|cifar100_shared_images|organmnist_views|rendered_sst2|tiny_imagenet,14,5,0.6428571428571428,0.6327200034586588,0.6327200034586588,0.0,0.0,0.5142799854278565,0.5142799854278565,0.0,5,5,17
vit_b16,gtsrb,random,85,5,17,0.7058823529411764,1,0.3333333333333333,1,0.3333333333333333,tiny_imagenet,tiny_imagenet,1,tiny_imagenet,tiny_imagenet,tiny_imagenet,tiny_imagenet,bloodmnist|rendered_sst2|retinamnist|stl10|tiny_imagenet,bloodmnist|rendered_sst2|retinamnist|stl10|tiny_imagenet,14,5,0.6428571428571428,0.6327200034586588,0.6327200034586588,0.0,0.0,0.5142799854278565,0.5142799854278565,0.0,5,5,17
vit_b16,gtsrb,random,86,5,17,0.7058823529411764,0,0.3333333333333333,0,0.6666666666666666,tiny_imagenet,tiny_imagenet,1,tiny_imagenet,tiny_imagenet,cifar100,cifar100_shared_images,bloodmnist|cifar100|organcmnist|organsmnist|stl10,bloodmnist|cifar100_shared_images|organmnist_views|stl10,14,4,0.7142857142857143,0.6327200034586588,0.6270666727836927,0.005653330674966095,0.1320049259273925,0.5142799854278565,0.5117999672889709,0.0024800181388855425,5,5,17
vit_b16,gtsrb,random,87,5,17,0.7058823529411764,1,0.3333333333333333,1,0.6666666666666666,tiny_imagenet,tiny_imagenet,1,tiny_imagenet,tiny_imagenet,tiny_imagenet,tiny_imagenet,cifar10|cifar100_coarse|pathmnist|pneumoniamnist|tiny_imagenet,cifar10|cifar100_shared_images|pathmnist|pneumoniamnist|tiny_imagenet,14,5,0.6428571428571428,0.6327200034586588,0.6327200034586588,0.0,0.0,0.5142799854278565,0.5142799854278565,0.0,5,5,17
vit_b16,gtsrb,random,88,5,17,0.7058823529411764,0,0.6666666666666666,0,0.6666666666666666,tiny_imagenet,tiny_imagenet,1,tiny_imagenet,tiny_imagenet,cifar100,cifar100_shared_images,cifar100|dermamnist|organamnist|organsmnist|retinamnist,cifar100_shared_images|dermamnist|organmnist_views|retinamnist,14,4,0.7142857142857143,0.6327200034586588,0.6270666727836927,0.005653330674966095,0.1320049259273925,0.5142799854278565,0.5117999672889709,0.0024800181388855425,5,5,17
vit_b16,gtsrb,random,89,5,17,0.7058823529411764,0,0.3333333333333333,0,0.3333333333333333,tiny_imagenet,tiny_imagenet,1,tiny_imagenet,tiny_imagenet,organamnist,organmnist_views,bloodmnist|breastmnist|organamnist|organcmnist|retinamnist,bloodmnist|breastmnist|organmnist_views|retinamnist,14,4,0.7142857142857143,0.6327200034586588,0.6251200101566315,0.007599993302027208,0.17745937935760278,0.5142799854278565,0.49827997088432313,0.016000014543533336,5,5,17
vit_b16,gtsrb,random,90,5,17,0.7058823529411764,1,0.3333333333333333,1,0.6666666666666666,tiny_imagenet,tiny_imagenet,1,tiny_imagenet,tiny_imagenet,tiny_imagenet,tiny_imagenet,cifar100_coarse|pneumoniamnist|rendered_sst2|retinamnist|tiny_imagenet,cifar100_shared_images|pneumoniamnist|rendered_sst2|retinamnist|tiny_imagenet,14,5,0.6428571428571428,0.6327200034586588,0.6327200034586588,0.0,0.0,0.5142799854278565,0.5142799854278565,0.0,5,5,17
vit_b16,gtsrb,random,91,5,17,0.7058823529411764,0,0.3333333333333333,0,0.3333333333333333,tiny_imagenet,tiny_imagenet,1,tiny_imagenet,tiny_imagenet,cifar100,cifar100_shared_images,breastmnist|cifar10|cifar100|dermamnist|rendered_sst2,breastmnist|cifar10|cifar100_shared_images|dermamnist|rendered_sst2,14,5,0.6428571428571428,0.6327200034586588,0.6270666727836927,0.005653330674966095,0.1320049259273925,0.5142799854278565,0.5117999672889709,0.0024800181388855425,5,5,17
vit_b16,gtsrb,random,92,5,17,0.7058823529411764,0,0.3333333333333333,0,0.3333333333333333,tiny_imagenet,tiny_imagenet,1,tiny_imagenet,tiny_imagenet,cifar100,cifar100_shared_images,cifar100|dermamnist|octmnist|pathmnist|stl10,cifar100_shared_images|dermamnist|octmnist|pathmnist|stl10,14,5,0.6428571428571428,0.6327200034586588,0.6270666727836927,0.005653330674966095,0.1320049259273925,0.5142799854278565,0.5117999672889709,0.0024800181388855425,5,5,17
vit_b16,gtsrb,random,93,5,17,0.7058823529411764,1,0.3333333333333333,1,0.6666666666666666,tiny_imagenet,tiny_imagenet,1,tiny_imagenet,tiny_imagenet,tiny_imagenet,tiny_imagenet,bloodmnist|octmnist|organsmnist|pathmnist|tiny_imagenet,bloodmnist|octmnist|organmnist_views|pathmnist|tiny_imagenet,14,5,0.6428571428571428,0.6327200034586588,0.6327200034586588,0.0,0.0,0.5142799854278565,0.5142799854278565,0.0,5,5,17
vit_b16,gtsrb,random,94,5,17,0.7058823529411764,0,0.0,0,0.3333333333333333,tiny_imagenet,tiny_imagenet,1,tiny_imagenet,tiny_imagenet,bloodmnist,bloodmnist,bloodmnist|breastmnist|organsmnist|rendered_sst2|retinamnist,bloodmnist|breastmnist|organmnist_views|rendered_sst2|retinamnist,14,5,0.6428571428571428,0.6327200034586588,0.6199600051283836,0.01275999833027519,0.2979451815688688,0.5142799854278565,0.49799996614456177,0.0162800192832947,5,5,17
vit_b16,gtsrb,random,95,5,17,0.7058823529411764,0,0.3333333333333333,0,0.3333333333333333,tiny_imagenet,tiny_imagenet,1,tiny_imagenet,tiny_imagenet,organamnist,organmnist_views,bloodmnist|breastmnist|cifar10|dermamnist|organamnist,bloodmnist|breastmnist|cifar10|dermamnist|organmnist_views,14,5,0.6428571428571428,0.6327200034586588,0.6251200101566315,0.007599993302027208,0.17745937935760278,0.5142799854278565,0.49827997088432313,0.016000014543533336,5,5,17
vit_b16,gtsrb,random,96,5,17,0.7058823529411764,1,0.3333333333333333,1,0.6666666666666666,tiny_imagenet,tiny_imagenet,1,tiny_imagenet,tiny_imagenet,tiny_imagenet,tiny_imagenet,breastmnist|organcmnist|pathmnist|stl10|tiny_imagenet,breastmnist|organmnist_views|pathmnist|stl10|tiny_imagenet,14,5,0.6428571428571428,0.6327200034586588,0.6327200034586588,0.0,0.0,0.5142799854278565,0.5142799854278565,0.0,5,5,17
vit_b16,gtsrb,random,97,5,17,0.7058823529411764,0,0.0,0,0.3333333333333333,tiny_imagenet,tiny_imagenet,1,tiny_imagenet,tiny_imagenet,organcmnist,organmnist_views,dermamnist|organcmnist|pneumoniamnist|retinamnist|tissuemnist,dermamnist|organmnist_views|pneumoniamnist|retinamnist|tissuemnist,14,5,0.6428571428571428,0.6327200034586588,0.6172000063594182,0.015519997099240568,0.3623909842299972,0.5142799854278565,0.5023599803447724,0.011920005083084106,5,5,17
vit_b16,gtsrb,random,98,5,17,0.7058823529411764,0,0.0,0,0.3333333333333333,tiny_imagenet,tiny_imagenet,1,tiny_imagenet,tiny_imagenet,stl10,stl10,bloodmnist|dermamnist|organsmnist|stl10|tissuemnist,bloodmnist|dermamnist|organmnist_views|stl10|tissuemnist,14,5,0.6428571428571428,0.6327200034586588,0.6230000076190632,0.009719995839595597,0.22696130910970905,0.5142799854278565,0.5091599702835083,0.005120015144348122,5,5,17
vit_b16,gtsrb,random,99,5,17,0.7058823529411764,1,0.3333333333333333,1,0.3333333333333333,tiny_imagenet,tiny_imagenet,1,tiny_imagenet,tiny_imagenet,tiny_imagenet,tiny_imagenet,octmnist|retinamnist|stl10|tiny_imagenet|tissuemnist,octmnist|retinamnist|stl10|tiny_imagenet|tissuemnist,14,5,0.6428571428571428,0.6327200034586588,0.6327200034586588,0.0,0.0,0.5142799854278565,0.5142799854278565,0.0,5,5,17
vit_b16,gtsrb,rank_only,-1,8,17,0.5294117647058824,1,1.0,1,1.0,tiny_imagenet,tiny_imagenet,1,tiny_imagenet,tiny_imagenet,tiny_imagenet,tiny_imagenet,tiny_imagenet|cifar100_coarse|cifar100|stl10|cifar10|organsmnist|organcmnist|organamnist,cifar10|cifar100_shared_images|organmnist_views|stl10|tiny_imagenet,14,5,0.6428571428571428,0.6327200034586588,0.6327200034586588,0.0,0.0,0.5142799854278565,0.5142799854278565,0.0,5,8,17
vit_b16,gtsrb,facility_subspace,-1,8,17,0.5294117647058824,0,0.3333333333333333,0,0.6666666666666666,tiny_imagenet,tiny_imagenet,1,tiny_imagenet,tiny_imagenet,cifar100,cifar100_shared_images,organsmnist|cifar100|rendered_sst2|stl10|dermamnist|retinamnist|octmnist|bloodmnist,bloodmnist|cifar100_shared_images|dermamnist|octmnist|organmnist_views|rendered_sst2|retinamnist|stl10,14,8,0.4285714285714286,0.6327200034586588,0.6270666727836927,0.005653330674966095,0.1320049259273925,0.5142799854278565,0.5117999672889709,0.0024800181388855425,5,8,17
vit_b16,gtsrb,kcenter_subspace,-1,8,17,0.5294117647058824,1,0.3333333333333333,1,0.3333333333333333,tiny_imagenet,tiny_imagenet,1,tiny_imagenet,tiny_imagenet,tiny_imagenet,tiny_imagenet,tiny_imagenet|rendered_sst2|bloodmnist|stl10|octmnist|retinamnist|pneumoniamnist|pathmnist,bloodmnist|octmnist|pathmnist|pneumoniamnist|rendered_sst2|retinamnist|stl10|tiny_imagenet,14,8,0.4285714285714286,0.6327200034586588,0.6327200034586588,0.0,0.0,0.5142799854278565,0.5142799854278565,0.0,5,8,17
vit_b16,gtsrb,dpp_subspace,-1,8,17,0.5294117647058824,1,0.6666666666666666,1,1.0,tiny_imagenet,tiny_imagenet,1,tiny_imagenet,tiny_imagenet,tiny_imagenet,tiny_imagenet,tiny_imagenet|stl10|cifar100_coarse|cifar10|organsmnist|cifar100|pathmnist|bloodmnist,bloodmnist|cifar10|cifar100_shared_images|organmnist_views|pathmnist|stl10|tiny_imagenet,14,7,0.5,0.6327200034586588,0.6327200034586588,0.0,0.0,0.5142799854278565,0.5142799854278565,0.0,5,8,17
vit_b16,gtsrb,pool_vendi_subspace,-1,8,17,0.5294117647058824,1,0.3333333333333333,1,0.3333333333333333,tiny_imagenet,tiny_imagenet,1,tiny_imagenet,tiny_imagenet,tiny_imagenet,tiny_imagenet,tiny_imagenet|rendered_sst2|bloodmnist|stl10|octmnist|retinamnist|pneumoniamnist|pathmnist,bloodmnist|octmnist|pathmnist|pneumoniamnist|rendered_sst2|retinamnist|stl10|tiny_imagenet,14,8,0.4285714285714286,0.6327200034586588,0.6327200034586588,0.0,0.0,0.5142799854278565,0.5142799854278565,0.0,5,8,17
vit_b16,gtsrb,full_merged_rank,-1,8,17,0.5294117647058824,1,0.6666666666666666,1,1.0,tiny_imagenet,tiny_imagenet,1,tiny_imagenet,tiny_imagenet,tiny_imagenet,tiny_imagenet,tiny_imagenet|stl10|cifar100_coarse|cifar100|cifar10|breastmnist|organsmnist|organcmnist,breastmnist|cifar10|cifar100_shared_images|organmnist_views|stl10|tiny_imagenet,14,6,0.5714285714285714,0.6327200034586588,0.6327200034586588,0.0,0.0,0.5142799854278565,0.5142799854278565,0.0,5,8,17
vit_b16,gtsrb,random,0,8,17,0.5294117647058824,0,0.3333333333333333,0,0.3333333333333333,tiny_imagenet,tiny_imagenet,1,tiny_imagenet,tiny_imagenet,organamnist,organmnist_views,breastmnist|dermamnist|organamnist|organcmnist|organsmnist|rendered_sst2|stl10|tissuemnist,breastmnist|dermamnist|organmnist_views|rendered_sst2|stl10|tissuemnist,14,6,0.5714285714285714,0.6327200034586588,0.6251200101566315,0.007599993302027208,0.17745937935760278,0.5142799854278565,0.49827997088432313,0.016000014543533336,5,8,17
vit_b16,gtsrb,random,1,8,17,0.5294117647058824,1,0.3333333333333333,1,1.0,tiny_imagenet,tiny_imagenet,1,tiny_imagenet,tiny_imagenet,tiny_imagenet,tiny_imagenet,bloodmnist|breastmnist|cifar100_coarse|organcmnist|pathmnist|rendered_sst2|retinamnist|tiny_imagenet,bloodmnist|breastmnist|cifar100_shared_images|organmnist_views|pathmnist|rendered_sst2|retinamnist|tiny_imagenet,14,8,0.4285714285714286,0.6327200034586588,0.6327200034586588,0.0,0.0,0.5142799854278565,0.5142799854278565,0.0,5,8,17
vit_b16,gtsrb,random,2,8,17,0.5294117647058824,1,0.3333333333333333,1,0.6666666666666666,tiny_imagenet,tiny_imagenet,1,tiny_imagenet,tiny_imagenet,tiny_imagenet,tiny_imagenet,bloodmnist|cifar10|organcmnist|pathmnist|pneumoniamnist|rendered_sst2|tiny_imagenet|tissuemnist,bloodmnist|cifar10|organmnist_views|pathmnist|pneumoniamnist|rendered_sst2|tiny_imagenet|tissuemnist,14,8,0.4285714285714286,0.6327200034586588,0.6327200034586588,0.0,0.0,0.5142799854278565,0.5142799854278565,0.0,5,8,17
vit_b16,gtsrb,random,3,8,17,0.5294117647058824,1,0.3333333333333333,1,0.3333333333333333,tiny_imagenet,tiny_imagenet,1,tiny_imagenet,tiny_imagenet,tiny_imagenet,tiny_imagenet,bloodmnist|cifar10|octmnist|pathmnist|retinamnist|stl10|tiny_imagenet|tissuemnist,bloodmnist|cifar10|octmnist|pathmnist|retinamnist|stl10|tiny_imagenet|tissuemnist,14,8,0.4285714285714286,0.6327200034586588,0.6327200034586588,0.0,0.0,0.5142799854278565,0.5142799854278565,0.0,5,8,17
vit_b16,gtsrb,random,4,8,17,0.5294117647058824,0,0.6666666666666666,0,0.6666666666666666,tiny_imagenet,tiny_imagenet,1,tiny_imagenet,tiny_imagenet,cifar100,cifar100_shared_images,cifar100|cifar100_coarse|organamnist|organsmnist|pathmnist|pneumoniamnist|rendered_sst2|stl10,cifar100_shared_images|organmnist_views|pathmnist|pneumoniamnist|rendered_sst2|stl10,14,6,0.5714285714285714,0.6327200034586588,0.6270666727836927,0.005653330674966095,0.1320049259273925,0.5142799854278565,0.5117999672889709,0.0024800181388855425,5,8,17
vit_b16,gtsrb,random,5,8,17,0.5294117647058824,1,0.6666666666666666,1,1.0,tiny_imagenet,tiny_imagenet,1,tiny_imagenet,tiny_imagenet,tiny_imagenet,tiny_imagenet,breastmnist|cifar10|cifar100_coarse|organamnist|organsmnist|retinamnist|tiny_imagenet|tissuemnist,breastmnist|cifar10|cifar100_shared_images|organmnist_views|retinamnist|tiny_imagenet|tissuemnist,14,7,0.5,0.6327200034586588,0.6327200034586588,0.0,0.0,0.5142799854278565,0.5142799854278565,0.0,5,8,17
vit_b16,gtsrb,random,6,8,17,0.5294117647058824,1,0.3333333333333333,1,1.0,tiny_imagenet,tiny_imagenet,1,tiny_imagenet,tiny_imagenet,tiny_imagenet,tiny_imagenet,bloodmnist|breastmnist|cifar10|cifar100_coarse|organcmnist|organsmnist|stl10|tiny_imagenet,bloodmnist|breastmnist|cifar10|cifar100_shared_images|organmnist_views|stl10|tiny_imagenet,14,7,0.5,0.6327200034586588,0.6327200034586588,0.0,0.0,0.5142799854278565,0.5142799854278565,0.0,5,8,17
vit_b16,gtsrb,random,7,8,17,0.5294117647058824,0,0.6666666666666666,0,0.6666666666666666,tiny_imagenet,tiny_imagenet,1,tiny_imagenet,tiny_imagenet,cifar100,cifar100_shared_images,cifar100|cifar100_coarse|organamnist|pathmnist|rendered_sst2|retinamnist|stl10|tissuemnist,cifar100_shared_images|organmnist_views|pathmnist|rendered_sst2|retinamnist|stl10|tissuemnist,14,7,0.5,0.6327200034586588,0.6270666727836927,0.005653330674966095,0.1320049259273925,0.5142799854278565,0.5117999672889709,0.0024800181388855425,5,8,17
vit_b16,gtsrb,random,8,8,17,0.5294117647058824,1,0.3333333333333333,1,0.6666666666666666,tiny_imagenet,tiny_imagenet,1,tiny_imagenet,tiny_imagenet,tiny_imagenet,tiny_imagenet,bloodmnist|breastmnist|dermamnist|organcmnist|pathmnist|stl10|tiny_imagenet|tissuemnist,bloodmnist|breastmnist|dermamnist|organmnist_views|pathmnist|stl10|tiny_imagenet|tissuemnist,14,8,0.4285714285714286,0.6327200034586588,0.6327200034586588,0.0,0.0,0.5142799854278565,0.5142799854278565,0.0,5,8,17
vit_b16,gtsrb,random,9,8,17,0.5294117647058824,0,0.3333333333333333,0,0.3333333333333333,tiny_imagenet,tiny_imagenet,1,tiny_imagenet,tiny_imagenet,cifar100,cifar100_shared_images,bloodmnist|cifar10|cifar100|cifar100_coarse|pathmnist|pneumoniamnist|retinamnist|tissuemnist,bloodmnist|cifar10|cifar100_shared_images|pathmnist|pneumoniamnist|retinamnist|tissuemnist,14,7,0.5,0.6327200034586588,0.6270666727836927,0.005653330674966095,0.1320049259273925,0.5142799854278565,0.5117999672889709,0.0024800181388855425,5,8,17
vit_b16,gtsrb,random,10,8,17,0.5294117647058824,0,0.3333333333333333,0,0.3333333333333333,tiny_imagenet,tiny_imagenet,1,tiny_imagenet,tiny_imagenet,organamnist,organmnist_views,breastmnist|cifar10|octmnist|organamnist|pathmnist|rendered_sst2|retinamnist|tissuemnist,breastmnist|cifar10|octmnist|organmnist_views|pathmnist|rendered_sst2|retinamnist|tissuemnist,14,8,0.4285714285714286,0.6327200034586588,0.6251200101566315,0.007599993302027208,0.17745937935760278,0.5142799854278565,0.49827997088432313,0.016000014543533336,5,8,17
vit_b16,gtsrb,random,11,8,17,0.5294117647058824,1,0.3333333333333333,1,1.0,tiny_imagenet,tiny_imagenet,1,tiny_imagenet,tiny_imagenet,tiny_imagenet,tiny_imagenet,breastmnist|cifar100_coarse|organcmnist|pneumoniamnist|rendered_sst2|stl10|tiny_imagenet|tissuemnist,breastmnist|cifar100_shared_images|organmnist_views|pneumoniamnist|rendered_sst2|stl10|tiny_imagenet|tissuemnist,14,8,0.4285714285714286,0.6327200034586588,0.6327200034586588,0.0,0.0,0.5142799854278565,0.5142799854278565,0.0,5,8,17
vit_b16,gtsrb,random,12,8,17,0.5294117647058824,0,0.3333333333333333,0,0.3333333333333333,tiny_imagenet,tiny_imagenet,1,tiny_imagenet,tiny_imagenet,cifar100,cifar100_shared_images,cifar10|cifar100|dermamnist|octmnist|pneumoniamnist|rendered_sst2|retinamnist|tissuemnist,cifar10|cifar100_shared_images|dermamnist|octmnist|pneumoniamnist|rendered_sst2|retinamnist|tissuemnist,14,8,0.4285714285714286,0.6327200034586588,0.6270666727836927,0.005653330674966095,0.1320049259273925,0.5142799854278565,0.5117999672889709,0.0024800181388855425,5,8,17
vit_b16,gtsrb,random,13,8,17,0.5294117647058824,0,0.6666666666666666,0,0.6666666666666666,tiny_imagenet,tiny_imagenet,1,tiny_imagenet,tiny_imagenet,cifar100,cifar100_shared_images,bloodmnist|cifar10|cifar100|organamnist|organsmnist|pathmnist|retinamnist|tissuemnist,bloodmnist|cifar10|cifar100_shared_images|organmnist_views|pathmnist|retinamnist|tissuemnist,14,7,0.5,0.6327200034586588,0.6270666727836927,0.005653330674966095,0.1320049259273925,0.5142799854278565,0.5117999672889709,0.0024800181388855425,5,8,17
vit_b16,gtsrb,random,14,8,17,0.5294117647058824,0,0.3333333333333333,0,0.6666666666666666,tiny_imagenet,tiny_imagenet,1,tiny_imagenet,tiny_imagenet,cifar100,cifar100_shared_images,breastmnist|cifar100|cifar100_coarse|octmnist|organcmnist|pathmnist|retinamnist|tissuemnist,breastmnist|cifar100_shared_images|octmnist|organmnist_views|pathmnist|retinamnist|tissuemnist,14,7,0.5,0.6327200034586588,0.6270666727836927,0.005653330674966095,0.1320049259273925,0.5142799854278565,0.5117999672889709,0.0024800181388855425,5,8,17
vit_b16,gtsrb,random,15,8,17,0.5294117647058824,0,0.3333333333333333,0,0.3333333333333333,tiny_imagenet,tiny_imagenet,1,tiny_imagenet,tiny_imagenet,organamnist,organmnist_views,breastmnist|cifar10|organamnist|organcmnist|pathmnist|pneumoniamnist|rendered_sst2|retinamnist,breastmnist|cifar10|organmnist_views|pathmnist|pneumoniamnist|rendered_sst2|retinamnist,14,7,0.5,0.6327200034586588,0.6251200101566315,0.007599993302027208,0.17745937935760278,0.5142799854278565,0.49827997088432313,0.016000014543533336,5,8,17
vit_b16,gtsrb,random,16,8,17,0.5294117647058824,0,0.0,0,0.3333333333333333,tiny_imagenet,tiny_imagenet,1,tiny_imagenet,tiny_imagenet,stl10,stl10,breastmnist|cifar10|cifar100_coarse|dermamnist|octmnist|rendered_sst2|retinamnist|stl10,breastmnist|cifar10|cifar100_shared_images|dermamnist|octmnist|rendered_sst2|retinamnist|stl10,14,8,0.4285714285714286,0.6327200034586588,0.6230000076190632,0.009719995839595597,0.22696130910970905,0.5142799854278565,0.5091599702835083,0.005120015144348122,5,8,17
vit_b16,gtsrb,random,17,8,17,0.5294117647058824,1,1.0,1,1.0,tiny_imagenet,tiny_imagenet,1,tiny_imagenet,tiny_imagenet,tiny_imagenet,tiny_imagenet,bloodmnist|breastmnist|cifar100|cifar100_coarse|organamnist|pneumoniamnist|retinamnist|tiny_imagenet,bloodmnist|breastmnist|cifar100_shared_images|organmnist_views|pneumoniamnist|retinamnist|tiny_imagenet,14,7,0.5,0.6327200034586588,0.6327200034586588,0.0,0.0,0.5142799854278565,0.5142799854278565,0.0,5,8,17
vit_b16,gtsrb,random,18,8,17,0.5294117647058824,1,1.0,1,1.0,tiny_imagenet,tiny_imagenet,1,tiny_imagenet,tiny_imagenet,tiny_imagenet,tiny_imagenet,bloodmnist|cifar100|organamnist|organcmnist|pathmnist|pneumoniamnist|rendered_sst2|tiny_imagenet,bloodmnist|cifar100_shared_images|organmnist_views|pathmnist|pneumoniamnist|rendered_sst2|tiny_imagenet,14,7,0.5,0.6327200034586588,0.6327200034586588,0.0,0.0,0.5142799854278565,0.5142799854278565,0.0,5,8,17
vit_b16,gtsrb,random,19,8,17,0.5294117647058824,1,0.3333333333333333,1,0.3333333333333333,tiny_imagenet,tiny_imagenet,1,tiny_imagenet,tiny_imagenet,tiny_imagenet,tiny_imagenet,bloodmnist|breastmnist|pathmnist|pneumoniamnist|retinamnist|stl10|tiny_imagenet|tissuemnist,bloodmnist|breastmnist|pathmnist|pneumoniamnist|retinamnist|stl10|tiny_imagenet|tissuemnist,14,8,0.4285714285714286,0.6327200034586588,0.6327200034586588,0.0,0.0,0.5142799854278565,0.5142799854278565,0.0,5,8,17
vit_b16,gtsrb,random,20,8,17,0.5294117647058824,0,0.0,0,0.3333333333333333,tiny_imagenet,tiny_imagenet,1,tiny_imagenet,tiny_imagenet,stl10,stl10,breastmnist|cifar100_coarse|dermamnist|pathmnist|rendered_sst2|retinamnist|stl10|tissuemnist,breastmnist|cifar100_shared_images|dermamnist|pathmnist|rendered_sst2|retinamnist|stl10|tissuemnist,14,8,0.4285714285714286,0.6327200034586588,0.6230000076190632,0.009719995839595597,0.22696130910970905,0.5142799854278565,0.5091599702835083,0.005120015144348122,5,8,17
vit_b16,gtsrb,random,21,8,17,0.5294117647058824,0,0.0,0,0.6666666666666666,tiny_imagenet,tiny_imagenet,1,tiny_imagenet,tiny_imagenet,cifar100_coarse,cifar100_shared_images,breastmnist|cifar10|cifar100_coarse|organcmnist|organsmnist|pneumoniamnist|retinamnist|tissuemnist,breastmnist|cifar10|cifar100_shared_images|organmnist_views|pneumoniamnist|retinamnist|tissuemnist,14,7,0.5,0.6327200034586588,0.6214933393891653,0.011226664069493464,0.26214192024316557,0.5142799854278565,0.5063599586486817,0.007920026779174805,5,8,17
vit_b16,gtsrb,random,22,8,17,0.5294117647058824,0,0.6666666666666666,0,0.6666666666666666,tiny_imagenet,tiny_imagenet,1,tiny_imagenet,tiny_imagenet,cifar100,cifar100_shared_images,cifar10|cifar100|dermamnist|organamnist|organsmnist|rendered_sst2|stl10|tissuemnist,cifar10|cifar100_shared_images|dermamnist|organmnist_views|rendered_sst2|stl10|tissuemnist,14,7,0.5,0.6327200034586588,0.6270666727836927,0.005653330674966095,0.1320049259273925,0.5142799854278565,0.5117999672889709,0.0024800181388855425,5,8,17
vit_b16,gtsrb,random,23,8,17,0.5294117647058824,0,0.3333333333333333,0,0.6666666666666666,tiny_imagenet,tiny_imagenet,1,tiny_imagenet,tiny_imagenet,organamnist,organmnist_views,breastmnist|cifar100_coarse|octmnist|organamnist|organcmnist|pneumoniamnist|rendered_sst2|stl10,breastmnist|cifar100_shared_images|octmnist|organmnist_views|pneumoniamnist|rendered_sst2|stl10,14,7,0.5,0.6327200034586588,0.6251200101566315,0.007599993302027208,0.17745937935760278,0.5142799854278565,0.49827997088432313,0.016000014543533336,5,8,17
vit_b16,gtsrb,random,24,8,17,0.5294117647058824,0,0.3333333333333333,0,0.6666666666666666,tiny_imagenet,tiny_imagenet,1,tiny_imagenet,tiny_imagenet,cifar100,cifar100_shared_images,bloodmnist|breastmnist|cifar10|cifar100|octmnist|organcmnist|pneumoniamnist|stl10,bloodmnist|breastmnist|cifar10|cifar100_shared_images|octmnist|organmnist_views|pneumoniamnist|stl10,14,8,0.4285714285714286,0.6327200034586588,0.6270666727836927,0.005653330674966095,0.1320049259273925,0.5142799854278565,0.5117999672889709,0.0024800181388855425,5,8,17
vit_b16,gtsrb,random,25,8,17,0.5294117647058824,1,1.0,1,1.0,tiny_imagenet,tiny_imagenet,1,tiny_imagenet,tiny_imagenet,tiny_imagenet,tiny_imagenet,cifar100|dermamnist|octmnist|organamnist|organsmnist|retinamnist|stl10|tiny_imagenet,cifar100_shared_images|dermamnist|octmnist|organmnist_views|retinamnist|stl10|tiny_imagenet,14,7,0.5,0.6327200034586588,0.6327200034586588,0.0,0.0,0.5142799854278565,0.5142799854278565,0.0,5,8,17
vit_b16,gtsrb,random,26,8,17,0.5294117647058824,0,0.3333333333333333,0,0.6666666666666666,tiny_imagenet,tiny_imagenet,1,tiny_imagenet,tiny_imagenet,cifar100,cifar100_shared_images,bloodmnist|breastmnist|cifar100|dermamnist|organcmnist|retinamnist|stl10|tissuemnist,bloodmnist|breastmnist|cifar100_shared_images|dermamnist|organmnist_views|retinamnist|stl10|tissuemnist,14,8,0.4285714285714286,0.6327200034586588,0.6270666727836927,0.005653330674966095,0.1320049259273925,0.5142799854278565,0.5117999672889709,0.0024800181388855425,5,8,17
vit_b16,gtsrb,random,27,8,17,0.5294117647058824,0,0.6666666666666666,0,0.6666666666666666,tiny_imagenet,tiny_imagenet,1,tiny_imagenet,tiny_imagenet,cifar100,cifar100_shared_images,bloodmnist|breastmnist|cifar100|organamnist|pneumoniamnist|retinamnist|stl10|tissuemnist,bloodmnist|breastmnist|cifar100_shared_images|organmnist_views|pneumoniamnist|retinamnist|stl10|tissuemnist,14,8,0.4285714285714286,0.6327200034586588,0.6270666727836927,0.005653330674966095,0.1320049259273925,0.5142799854278565,0.5117999672889709,0.0024800181388855425,5,8,17
vit_b16,gtsrb,random,28,8,17,0.5294117647058824,1,0.6666666666666666,1,1.0,tiny_imagenet,tiny_imagenet,1,tiny_imagenet,tiny_imagenet,tiny_imagenet,tiny_imagenet,breastmnist|cifar10|cifar100_coarse|organamnist|organcmnist|retinamnist|stl10|tiny_imagenet,breastmnist|cifar10|cifar100_shared_images|organmnist_views|retinamnist|stl10|tiny_imagenet,14,7,0.5,0.6327200034586588,0.6327200034586588,0.0,0.0,0.5142799854278565,0.5142799854278565,0.0,5,8,17
vit_b16,gtsrb,random,29,8,17,0.5294117647058824,0,0.3333333333333333,0,0.6666666666666666,tiny_imagenet,tiny_imagenet,1,tiny_imagenet,tiny_imagenet,organamnist,organmnist_views,cifar100_coarse|dermamnist|octmnist|organamnist|organcmnist|pathmnist|pneumoniamnist|stl10,cifar100_shared_images|dermamnist|octmnist|organmnist_views|pathmnist|pneumoniamnist|stl10,14,7,0.5,0.6327200034586588,0.6251200101566315,0.007599993302027208,0.17745937935760278,0.5142799854278565,0.49827997088432313,0.016000014543533336,5,8,17
vit_b16,gtsrb,random,30,8,17,0.5294117647058824,1,0.6666666666666666,1,0.6666666666666666,tiny_imagenet,tiny_imagenet,1,tiny_imagenet,tiny_imagenet,tiny_imagenet,tiny_imagenet,cifar10|octmnist|organamnist|organcmnist|organsmnist|retinamnist|tiny_imagenet|tissuemnist,cifar10|octmnist|organmnist_views|retinamnist|tiny_imagenet|tissuemnist,14,6,0.5714285714285714,0.6327200034586588,0.6327200034586588,0.0,0.0,0.5142799854278565,0.5142799854278565,0.0,5,8,17
vit_b16,gtsrb,random,31,8,17,0.5294117647058824,1,0.6666666666666666,1,1.0,tiny_imagenet,tiny_imagenet,1,tiny_imagenet,tiny_imagenet,tiny_imagenet,tiny_imagenet,bloodmnist|cifar10|cifar100|octmnist|organsmnist|rendered_sst2|retinamnist|tiny_imagenet,bloodmnist|cifar10|cifar100_shared_images|octmnist|organmnist_views|rendered_sst2|retinamnist|tiny_imagenet,14,8,0.4285714285714286,0.6327200034586588,0.6327200034586588,0.0,0.0,0.5142799854278565,0.5142799854278565,0.0,5,8,17
vit_b16,gtsrb,random,32,8,17,0.5294117647058824,0,0.0,0,0.3333333333333333,tiny_imagenet,tiny_imagenet,1,tiny_imagenet,tiny_imagenet,stl10,stl10,breastmnist|cifar10|octmnist|organcmnist|pathmnist|rendered_sst2|stl10|tissuemnist,breastmnist|cifar10|octmnist|organmnist_views|pathmnist|rendered_sst2|stl10|tissuemnist,14,8,0.4285714285714286,0.6327200034586588,0.6230000076190632,0.009719995839595597,0.22696130910970905,0.5142799854278565,0.5091599702835083,0.005120015144348122,5,8,17
vit_b16,gtsrb,random,33,8,17,0.5294117647058824,0,0.3333333333333333,0,0.6666666666666666,tiny_imagenet,tiny_imagenet,1,tiny_imagenet,tiny_imagenet,cifar100,cifar100_shared_images,cifar10|cifar100|cifar100_coarse|organsmnist|pneumoniamnist|rendered_sst2|retinamnist|tissuemnist,cifar10|cifar100_shared_images|organmnist_views|pneumoniamnist|rendered_sst2|retinamnist|tissuemnist,14,7,0.5,0.6327200034586588,0.6270666727836927,0.005653330674966095,0.1320049259273925,0.5142799854278565,0.5117999672889709,0.0024800181388855425,5,8,17
vit_b16,gtsrb,random,34,8,17,0.5294117647058824,1,0.6666666666666666,1,0.6666666666666666,tiny_imagenet,tiny_imagenet,1,tiny_imagenet,tiny_imagenet,tiny_imagenet,tiny_imagenet,bloodmnist|breastmnist|dermamnist|octmnist|organamnist|pneumoniamnist|tiny_imagenet|tissuemnist,bloodmnist|breastmnist|dermamnist|octmnist|organmnist_views|pneumoniamnist|tiny_imagenet|tissuemnist,14,8,0.4285714285714286,0.6327200034586588,0.6327200034586588,0.0,0.0,0.5142799854278565,0.5142799854278565,0.0,5,8,17
vit_b16,gtsrb,random,35,8,17,0.5294117647058824,0,0.3333333333333333,0,0.3333333333333333,tiny_imagenet,tiny_imagenet,1,tiny_imagenet,tiny_imagenet,organamnist,organmnist_views,bloodmnist|octmnist|organamnist|organsmnist|rendered_sst2|retinamnist|stl10|tissuemnist,bloodmnist|octmnist|organmnist_views|rendered_sst2|retinamnist|stl10|tissuemnist,14,7,0.5,0.6327200034586588,0.6251200101566315,0.007599993302027208,0.17745937935760278,0.5142799854278565,0.49827997088432313,0.016000014543533336,5,8,17
vit_b16,gtsrb,random,36,8,17,0.5294117647058824,0,0.3333333333333333,0,0.6666666666666666,tiny_imagenet,tiny_imagenet,1,tiny_imagenet,tiny_imagenet,organamnist,organmnist_views,breastmnist|cifar100_coarse|dermamnist|octmnist|organamnist|organcmnist|organsmnist|pathmnist,breastmnist|cifar100_shared_images|dermamnist|octmnist|organmnist_views|pathmnist,14,6,0.5714285714285714,0.6327200034586588,0.6251200101566315,0.007599993302027208,0.17745937935760278,0.5142799854278565,0.49827997088432313,0.016000014543533336,5,8,17
vit_b16,gtsrb,random,37,8,17,0.5294117647058824,1,0.6666666666666666,1,1.0,tiny_imagenet,tiny_imagenet,1,tiny_imagenet,tiny_imagenet,tiny_imagenet,tiny_imagenet,bloodmnist|cifar100|cifar100_coarse|organcmnist|organsmnist|pathmnist|rendered_sst2|tiny_imagenet,bloodmnist|cifar100_shared_images|organmnist_views|pathmnist|rendered_sst2|tiny_imagenet,14,6,0.5714285714285714,0.6327200034586588,0.6327200034586588,0.0,0.0,0.5142799854278565,0.5142799854278565,0.0,5,8,17
vit_b16,gtsrb,random,38,8,17,0.5294117647058824,1,0.6666666666666666,1,1.0,tiny_imagenet,tiny_imagenet,1,tiny_imagenet,tiny_imagenet,tiny_imagenet,tiny_imagenet,breastmnist|cifar100|organcmnist|pathmnist|pneumoniamnist|rendered_sst2|tiny_imagenet|tissuemnist,breastmnist|cifar100_shared_images|organmnist_views|pathmnist|pneumoniamnist|rendered_sst2|tiny_imagenet|tissuemnist,14,8,0.4285714285714286,0.6327200034586588,0.6327200034586588,0.0,0.0,0.5142799854278565,0.5142799854278565,0.0,5,8,17
vit_b16,gtsrb,random,39,8,17,0.5294117647058824,1,0.6666666666666666,1,0.6666666666666666,tiny_imagenet,tiny_imagenet,1,tiny_imagenet,tiny_imagenet,tiny_imagenet,tiny_imagenet,bloodmnist|breastmnist|cifar100|octmnist|pathmnist|rendered_sst2|retinamnist|tiny_imagenet,bloodmnist|breastmnist|cifar100_shared_images|octmnist|pathmnist|rendered_sst2|retinamnist|tiny_imagenet,14,8,0.4285714285714286,0.6327200034586588,0.6327200034586588,0.0,0.0,0.5142799854278565,0.5142799854278565,0.0,5,8,17
vit_b16,gtsrb,random,40,8,17,0.5294117647058824,1,0.6666666666666666,1,1.0,tiny_imagenet,tiny_imagenet,1,tiny_imagenet,tiny_imagenet,tiny_imagenet,tiny_imagenet,bloodmnist|cifar100|octmnist|organcmnist|pathmnist|pneumoniamnist|tiny_imagenet|tissuemnist,bloodmnist|cifar100_shared_images|octmnist|organmnist_views|pathmnist|pneumoniamnist|tiny_imagenet|tissuemnist,14,8,0.4285714285714286,0.6327200034586588,0.6327200034586588,0.0,0.0,0.5142799854278565,0.5142799854278565,0.0,5,8,17
vit_b16,gtsrb,random,41,8,17,0.5294117647058824,0,0.3333333333333333,0,0.6666666666666666,tiny_imagenet,tiny_imagenet,1,tiny_imagenet,tiny_imagenet,cifar100,cifar100_shared_images,cifar10|cifar100|cifar100_coarse|dermamnist|organcmnist|pneumoniamnist|stl10|tissuemnist,cifar10|cifar100_shared_images|dermamnist|organmnist_views|pneumoniamnist|stl10|tissuemnist,14,7,0.5,0.6327200034586588,0.6270666727836927,0.005653330674966095,0.1320049259273925,0.5142799854278565,0.5117999672889709,0.0024800181388855425,5,8,17
vit_b16,gtsrb,random,42,8,17,0.5294117647058824,0,0.3333333333333333,0,0.3333333333333333,tiny_imagenet,tiny_imagenet,1,tiny_imagenet,tiny_imagenet,organamnist,organmnist_views,breastmnist|cifar10|dermamnist|octmnist|organamnist|pneumoniamnist|rendered_sst2|stl10,breastmnist|cifar10|dermamnist|octmnist|organmnist_views|pneumoniamnist|rendered_sst2|stl10,14,8,0.4285714285714286,0.6327200034586588,0.6251200101566315,0.007599993302027208,0.17745937935760278,0.5142799854278565,0.49827997088432313,0.016000014543533336,5,8,17
vit_b16,gtsrb,random,43,8,17,0.5294117647058824,1,0.6666666666666666,1,0.6666666666666666,tiny_imagenet,tiny_imagenet,1,tiny_imagenet,tiny_imagenet,tiny_imagenet,tiny_imagenet,cifar10|cifar100|cifar100_coarse|dermamnist|rendered_sst2|stl10|tiny_imagenet|tissuemnist,cifar10|cifar100_shared_images|dermamnist|rendered_sst2|stl10|tiny_imagenet|tissuemnist,14,7,0.5,0.6327200034586588,0.6327200034586588,0.0,0.0,0.5142799854278565,0.5142799854278565,0.0,5,8,17
vit_b16,gtsrb,random,44,8,17,0.5294117647058824,0,0.0,0,0.0,tiny_imagenet,tiny_imagenet,1,tiny_imagenet,tiny_imagenet,stl10,stl10,bloodmnist|breastmnist|cifar10|octmnist|pneumoniamnist|rendered_sst2|stl10|tissuemnist,bloodmnist|breastmnist|cifar10|octmnist|pneumoniamnist|rendered_sst2|stl10|tissuemnist,14,8,0.4285714285714286,0.6327200034586588,0.6230000076190632,0.009719995839595597,0.22696130910970905,0.5142799854278565,0.5091599702835083,0.005120015144348122,5,8,17
vit_b16,gtsrb,random,45,8,17,0.5294117647058824,0,0.3333333333333333,0,0.6666666666666666,tiny_imagenet,tiny_imagenet,1,tiny_imagenet,tiny_imagenet,cifar100,cifar100_shared_images,bloodmnist|cifar10|cifar100|octmnist|organsmnist|pathmnist|rendered_sst2|stl10,bloodmnist|cifar10|cifar100_shared_images|octmnist|organmnist_views|pathmnist|rendered_sst2|stl10,14,8,0.4285714285714286,0.6327200034586588,0.6270666727836927,0.005653330674966095,0.1320049259273925,0.5142799854278565,0.5117999672889709,0.0024800181388855425,5,8,17
vit_b16,gtsrb,random,46,8,17,0.5294117647058824,0,0.0,0,0.0,tiny_imagenet,tiny_imagenet,1,tiny_imagenet,tiny_imagenet,stl10,stl10,bloodmnist|breastmnist|octmnist|pneumoniamnist|rendered_sst2|retinamnist|stl10|tissuemnist,bloodmnist|breastmnist|octmnist|pneumoniamnist|rendered_sst2|retinamnist|stl10|tissuemnist,14,8,0.4285714285714286,0.6327200034586588,0.6230000076190632,0.009719995839595597,0.22696130910970905,0.5142799854278565,0.5091599702835083,0.005120015144348122,5,8,17
vit_b16,gtsrb,random,47,8,17,0.5294117647058824,0,0.6666666666666666,0,0.6666666666666666,tiny_imagenet,tiny_imagenet,1,tiny_imagenet,tiny_imagenet,cifar100,cifar100_shared_images,bloodmnist|cifar100|dermamnist|organamnist|organcmnist|pathmnist|stl10|tissuemnist,bloodmnist|cifar100_shared_images|dermamnist|organmnist_views|pathmnist|stl10|tissuemnist,14,7,0.5,0.6327200034586588,0.6270666727836927,0.005653330674966095,0.1320049259273925,0.5142799854278565,0.5117999672889709,0.0024800181388855425,5,8,17
vit_b16,gtsrb,random,48,8,17,0.5294117647058824,0,0.3333333333333333,0,0.3333333333333333,tiny_imagenet,tiny_imagenet,1,tiny_imagenet,tiny_imagenet,organamnist,organmnist_views,breastmnist|cifar10|dermamnist|organamnist|organsmnist|rendered_sst2|retinamnist|stl10,breastmnist|cifar10|dermamnist|organmnist_views|rendered_sst2|retinamnist|stl10,14,7,0.5,0.6327200034586588,0.6251200101566315,0.007599993302027208,0.17745937935760278,0.5142799854278565,0.49827997088432313,0.016000014543533336,5,8,17
vit_b16,gtsrb,random,49,8,17,0.5294117647058824,0,0.3333333333333333,0,0.6666666666666666,tiny_imagenet,tiny_imagenet,1,tiny_imagenet,tiny_imagenet,cifar100,cifar100_shared_images,breastmnist|cifar10|cifar100|organsmnist|pathmnist|pneumoniamnist|retinamnist|stl10,breastmnist|cifar10|cifar100_shared_images|organmnist_views|pathmnist|pneumoniamnist|retinamnist|stl10,14,8,0.4285714285714286,0.6327200034586588,0.6270666727836927,0.005653330674966095,0.1320049259273925,0.5142799854278565,0.5117999672889709,0.0024800181388855425,5,8,17
vit_b16,gtsrb,random,50,8,17,0.5294117647058824,0,0.3333333333333333,0,0.3333333333333333,tiny_imagenet,tiny_imagenet,1,tiny_imagenet,tiny_imagenet,organamnist,organmnist_views,cifar10|dermamnist|octmnist|organamnist|pathmnist|pneumoniamnist|rendered_sst2|stl10,cifar10|dermamnist|octmnist|organmnist_views|pathmnist|pneumoniamnist|rendered_sst2|stl10,14,8,0.4285714285714286,0.6327200034586588,0.6251200101566315,0.007599993302027208,0.17745937935760278,0.5142799854278565,0.49827997088432313,0.016000014543533336,5,8,17
vit_b16,gtsrb,random,51,8,17,0.5294117647058824,1,0.6666666666666666,1,0.6666666666666666,tiny_imagenet,tiny_imagenet,1,tiny_imagenet,tiny_imagenet,tiny_imagenet,tiny_imagenet,breastmnist|cifar10|dermamnist|octmnist|organamnist|organsmnist|pathmnist|tiny_imagenet,breastmnist|cifar10|dermamnist|octmnist|organmnist_views|pathmnist|tiny_imagenet,14,7,0.5,0.6327200034586588,0.6327200034586588,0.0,0.0,0.5142799854278565,0.5142799854278565,0.0,5,8,17
vit_b16,gtsrb,random,52,8,17,0.5294117647058824,0,0.6666666666666666,0,0.6666666666666666,tiny_imagenet,tiny_imagenet,1,tiny_imagenet,tiny_imagenet,cifar100,cifar100_shared_images,cifar100|cifar100_coarse|octmnist|organamnist|organcmnist|organsmnist|pathmnist|tissuemnist,cifar100_shared_images|octmnist|organmnist_views|pathmnist|tissuemnist,14,5,0.6428571428571428,0.6327200034586588,0.6270666727836927,0.005653330674966095,0.1320049259273925,0.5142799854278565,0.5117999672889709,0.0024800181388855425,5,8,17
vit_b16,gtsrb,random,53,8,17,0.5294117647058824,0,0.3333333333333333,0,0.6666666666666666,tiny_imagenet,tiny_imagenet,1,tiny_imagenet,tiny_imagenet,organamnist,organmnist_views,breastmnist|cifar100_coarse|dermamnist|organamnist|organcmnist|pneumoniamnist|retinamnist|stl10,breastmnist|cifar100_shared_images|dermamnist|organmnist_views|pneumoniamnist|retinamnist|stl10,14,7,0.5,0.6327200034586588,0.6251200101566315,0.007599993302027208,0.17745937935760278,0.5142799854278565,0.49827997088432313,0.016000014543533336,5,8,17
vit_b16,gtsrb,random,54,8,17,0.5294117647058824,0,0.3333333333333333,0,0.6666666666666666,tiny_imagenet,tiny_imagenet,1,tiny_imagenet,tiny_imagenet,organamnist,organmnist_views,bloodmnist|breastmnist|cifar10|cifar100_coarse|organamnist|organsmnist|pathmnist|tissuemnist,bloodmnist|breastmnist|cifar10|cifar100_shared_images|organmnist_views|pathmnist|tissuemnist,14,7,0.5,0.6327200034586588,0.6251200101566315,0.007599993302027208,0.17745937935760278,0.5142799854278565,0.49827997088432313,0.016000014543533336,5,8,17
vit_b16,gtsrb,random,55,8,17,0.5294117647058824,0,0.0,0,0.3333333333333333,tiny_imagenet,tiny_imagenet,1,tiny_imagenet,tiny_imagenet,stl10,stl10,breastmnist|cifar100_coarse|dermamnist|octmnist|pathmnist|pneumoniamnist|rendered_sst2|stl10,breastmnist|cifar100_shared_images|dermamnist|octmnist|pathmnist|pneumoniamnist|rendered_sst2|stl10,14,8,0.4285714285714286,0.6327200034586588,0.6230000076190632,0.009719995839595597,0.22696130910970905,0.5142799854278565,0.5091599702835083,0.005120015144348122,5,8,17
vit_b16,gtsrb,random,56,8,17,0.5294117647058824,1,1.0,1,1.0,tiny_imagenet,tiny_imagenet,1,tiny_imagenet,tiny_imagenet,tiny_imagenet,tiny_imagenet,breastmnist|cifar100|cifar100_coarse|octmnist|organamnist|organcmnist|pathmnist|tiny_imagenet,breastmnist|cifar100_shared_images|octmnist|organmnist_views|pathmnist|tiny_imagenet,14,6,0.5714285714285714,0.6327200034586588,0.6327200034586588,0.0,0.0,0.5142799854278565,0.5142799854278565,0.0,5,8,17
vit_b16,gtsrb,random,57,8,17,0.5294117647058824,1,1.0,1,1.0,tiny_imagenet,tiny_imagenet,1,tiny_imagenet,tiny_imagenet,tiny_imagenet,tiny_imagenet,breastmnist|cifar100|dermamnist|octmnist|organamnist|retinamnist|tiny_imagenet|tissuemnist,breastmnist|cifar100_shared_images|dermamnist|octmnist|organmnist_views|retinamnist|tiny_imagenet|tissuemnist,14,8,0.4285714285714286,0.6327200034586588,0.6327200034586588,0.0,0.0,0.5142799854278565,0.5142799854278565,0.0,5,8,17
vit_b16,gtsrb,random,58,8,17,0.5294117647058824,0,0.3333333333333333,0,0.6666666666666666,tiny_imagenet,tiny_imagenet,1,tiny_imagenet,tiny_imagenet,organamnist,organmnist_views,breastmnist|cifar100_coarse|dermamnist|octmnist|organamnist|organsmnist|pathmnist|retinamnist,breastmnist|cifar100_shared_images|dermamnist|octmnist|organmnist_views|pathmnist|retinamnist,14,7,0.5,0.6327200034586588,0.6251200101566315,0.007599993302027208,0.17745937935760278,0.5142799854278565,0.49827997088432313,0.016000014543533336,5,8,17
vit_b16,gtsrb,random,59,8,17,0.5294117647058824,0,0.6666666666666666,0,0.6666666666666666,tiny_imagenet,tiny_imagenet,1,tiny_imagenet,tiny_imagenet,cifar100,cifar100_shared_images,breastmnist|cifar10|cifar100|dermamnist|organamnist|pneumoniamnist|rendered_sst2|stl10,breastmnist|cifar10|cifar100_shared_images|dermamnist|organmnist_views|pneumoniamnist|rendered_sst2|stl10,14,8,0.4285714285714286,0.6327200034586588,0.6270666727836927,0.005653330674966095,0.1320049259273925,0.5142799854278565,0.5117999672889709,0.0024800181388855425,5,8,17
vit_b16,gtsrb,random,60,8,17,0.5294117647058824,0,0.0,0,0.3333333333333333,tiny_imagenet,tiny_imagenet,1,tiny_imagenet,tiny_imagenet,bloodmnist,bloodmnist,bloodmnist|breastmnist|cifar10|octmnist|organsmnist|pathmnist|pneumoniamnist|tissuemnist,bloodmnist|breastmnist|cifar10|octmnist|organmnist_views|pathmnist|pneumoniamnist|tissuemnist,14,8,0.4285714285714286,0.6327200034586588,0.6199600051283836,0.01275999833027519,0.2979451815688688,0.5142799854278565,0.49799996614456177,0.0162800192832947,5,8,17
vit_b16,gtsrb,random,61,8,17,0.5294117647058824,1,0.6666666666666666,1,1.0,tiny_imagenet,tiny_imagenet,1,tiny_imagenet,tiny_imagenet,tiny_imagenet,tiny_imagenet,bloodmnist|breastmnist|cifar100|cifar100_coarse|organcmnist|rendered_sst2|retinamnist|tiny_imagenet,bloodmnist|breastmnist|cifar100_shared_images|organmnist_views|rendered_sst2|retinamnist|tiny_imagenet,14,7,0.5,0.6327200034586588,0.6327200034586588,0.0,0.0,0.5142799854278565,0.5142799854278565,0.0,5,8,17
vit_b16,gtsrb,random,62,8,17,0.5294117647058824,0,0.0,0,0.3333333333333333,tiny_imagenet,tiny_imagenet,1,tiny_imagenet,tiny_imagenet,cifar100_coarse,cifar100_shared_images,bloodmnist|cifar100_coarse|dermamnist|octmnist|pathmnist|pneumoniamnist|retinamnist|tissuemnist,bloodmnist|cifar100_shared_images|dermamnist|octmnist|pathmnist|pneumoniamnist|retinamnist|tissuemnist,14,8,0.4285714285714286,0.6327200034586588,0.6214933393891653,0.011226664069493464,0.26214192024316557,0.5142799854278565,0.5063599586486817,0.007920026779174805,5,8,17
vit_b16,gtsrb,random,63,8,17,0.5294117647058824,0,0.3333333333333333,0,0.6666666666666666,tiny_imagenet,tiny_imagenet,1,tiny_imagenet,tiny_imagenet,organamnist,organmnist_views,bloodmnist|cifar100_coarse|octmnist|organamnist|pathmnist|pneumoniamnist|stl10|tissuemnist,bloodmnist|cifar100_shared_images|octmnist|organmnist_views|pathmnist|pneumoniamnist|stl10|tissuemnist,14,8,0.4285714285714286,0.6327200034586588,0.6251200101566315,0.007599993302027208,0.17745937935760278,0.5142799854278565,0.49827997088432313,0.016000014543533336,5,8,17
vit_b16,gtsrb,random,64,8,17,0.5294117647058824,0,0.3333333333333333,0,0.6666666666666666,tiny_imagenet,tiny_imagenet,1,tiny_imagenet,tiny_imagenet,cifar100,cifar100_shared_images,bloodmnist|breastmnist|cifar10|cifar100|cifar100_coarse|organsmnist|stl10|tissuemnist,bloodmnist|breastmnist|cifar10|cifar100_shared_images|organmnist_views|stl10|tissuemnist,14,7,0.5,0.6327200034586588,0.6270666727836927,0.005653330674966095,0.1320049259273925,0.5142799854278565,0.5117999672889709,0.0024800181388855425,5,8,17
vit_b16,gtsrb,random,65,8,17,0.5294117647058824,1,0.3333333333333333,1,0.6666666666666666,tiny_imagenet,tiny_imagenet,1,tiny_imagenet,tiny_imagenet,tiny_imagenet,tiny_imagenet,bloodmnist|organsmnist|pathmnist|pneumoniamnist|rendered_sst2|stl10|tiny_imagenet|tissuemnist,bloodmnist|organmnist_views|pathmnist|pneumoniamnist|rendered_sst2|stl10|tiny_imagenet|tissuemnist,14,8,0.4285714285714286,0.6327200034586588,0.6327200034586588,0.0,0.0,0.5142799854278565,0.5142799854278565,0.0,5,8,17
vit_b16,gtsrb,random,66,8,17,0.5294117647058824,1,0.6666666666666666,1,0.6666666666666666,tiny_imagenet,tiny_imagenet,1,tiny_imagenet,tiny_imagenet,tiny_imagenet,tiny_imagenet,dermamnist|organamnist|organcmnist|organsmnist|pathmnist|retinamnist|stl10|tiny_imagenet,dermamnist|organmnist_views|pathmnist|retinamnist|stl10|tiny_imagenet,14,6,0.5714285714285714,0.6327200034586588,0.6327200034586588,0.0,0.0,0.5142799854278565,0.5142799854278565,0.0,5,8,17
vit_b16,gtsrb,random,67,8,17,0.5294117647058824,0,0.3333333333333333,0,0.3333333333333333,tiny_imagenet,tiny_imagenet,1,tiny_imagenet,tiny_imagenet,organamnist,organmnist_views,bloodmnist|cifar10|octmnist|organamnist|organcmnist|organsmnist|pathmnist|retinamnist,bloodmnist|cifar10|octmnist|organmnist_views|pathmnist|retinamnist,14,6,0.5714285714285714,0.6327200034586588,0.6251200101566315,0.007599993302027208,0.17745937935760278,0.5142799854278565,0.49827997088432313,0.016000014543533336,5,8,17
vit_b16,gtsrb,random,68,8,17,0.5294117647058824,0,0.3333333333333333,0,0.6666666666666666,tiny_imagenet,tiny_imagenet,1,tiny_imagenet,tiny_imagenet,cifar100,cifar100_shared_images,bloodmnist|breastmnist|cifar10|cifar100|organcmnist|rendered_sst2|stl10|tissuemnist,bloodmnist|breastmnist|cifar10|cifar100_shared_images|organmnist_views|rendered_sst2|stl10|tissuemnist,14,8,0.4285714285714286,0.6327200034586588,0.6270666727836927,0.005653330674966095,0.1320049259273925,0.5142799854278565,0.5117999672889709,0.0024800181388855425,5,8,17
vit_b16,gtsrb,random,69,8,17,0.5294117647058824,1,1.0,1,1.0,tiny_imagenet,tiny_imagenet,1,tiny_imagenet,tiny_imagenet,tiny_imagenet,tiny_imagenet,bloodmnist|cifar100|organamnist|organcmnist|pneumoniamnist|rendered_sst2|stl10|tiny_imagenet,bloodmnist|cifar100_shared_images|organmnist_views|pneumoniamnist|rendered_sst2|stl10|tiny_imagenet,14,7,0.5,0.6327200034586588,0.6327200034586588,0.0,0.0,0.5142799854278565,0.5142799854278565,0.0,5,8,17
vit_b16,gtsrb,random,70,8,17,0.5294117647058824,0,0.3333333333333333,0,0.6666666666666666,tiny_imagenet,tiny_imagenet,1,tiny_imagenet,tiny_imagenet,organamnist,organmnist_views,bloodmnist|cifar10|cifar100_coarse|dermamnist|octmnist|organamnist|organcmnist|pathmnist,bloodmnist|cifar10|cifar100_shared_images|dermamnist|octmnist|organmnist_views|pathmnist,14,7,0.5,0.6327200034586588,0.6251200101566315,0.007599993302027208,0.17745937935760278,0.5142799854278565,0.49827997088432313,0.016000014543533336,5,8,17
vit_b16,gtsrb,random,71,8,17,0.5294117647058824,0,0.3333333333333333,0,0.3333333333333333,tiny_imagenet,tiny_imagenet,1,tiny_imagenet,tiny_imagenet,cifar100,cifar100_shared_images,breastmnist|cifar100|octmnist|pathmnist|pneumoniamnist|rendered_sst2|retinamnist|stl10,breastmnist|cifar100_shared_images|octmnist|pathmnist|pneumoniamnist|rendered_sst2|retinamnist|stl10,14,8,0.4285714285714286,0.6327200034586588,0.6270666727836927,0.005653330674966095,0.1320049259273925,0.5142799854278565,0.5117999672889709,0.0024800181388855425,5,8,17
vit_b16,gtsrb,random,72,8,17,0.5294117647058824,0,0.3333333333333333,0,0.6666666666666666,tiny_imagenet,tiny_imagenet,1,tiny_imagenet,tiny_imagenet,cifar100,cifar100_shared_images,cifar10|cifar100|cifar100_coarse|organcmnist|pathmnist|pneumoniamnist|retinamnist|tissuemnist,cifar10|cifar100_shared_images|organmnist_views|pathmnist|pneumoniamnist|retinamnist|tissuemnist,14,7,0.5,0.6327200034586588,0.6270666727836927,0.005653330674966095,0.1320049259273925,0.5142799854278565,0.5117999672889709,0.0024800181388855425,5,8,17
vit_b16,gtsrb,random,73,8,17,0.5294117647058824,1,0.6666666666666666,1,1.0,tiny_imagenet,tiny_imagenet,1,tiny_imagenet,tiny_imagenet,tiny_imagenet,tiny_imagenet,bloodmnist|breastmnist|cifar10|cifar100_coarse|octmnist|organamnist|organcmnist|tiny_imagenet,bloodmnist|breastmnist|cifar10|cifar100_shared_images|octmnist|organmnist_views|tiny_imagenet,14,7,0.5,0.6327200034586588,0.6327200034586588,0.0,0.0,0.5142799854278565,0.5142799854278565,0.0,5,8,17
vit_b16,gtsrb,random,74,8,17,0.5294117647058824,0,0.6666666666666666,0,0.6666666666666666,tiny_imagenet,tiny_imagenet,1,tiny_imagenet,tiny_imagenet,cifar100,cifar100_shared_images,breastmnist|cifar100|dermamnist|organamnist|organcmnist|retinamnist|stl10|tissuemnist,breastmnist|cifar100_shared_images|dermamnist|organmnist_views|retinamnist|stl10|tissuemnist,14,7,0.5,0.6327200034586588,0.6270666727836927,0.005653330674966095,0.1320049259273925,0.5142799854278565,0.5117999672889709,0.0024800181388855425,5,8,17
vit_b16,gtsrb,random,75,8,17,0.5294117647058824,0,0.6666666666666666,0,0.6666666666666666,tiny_imagenet,tiny_imagenet,1,tiny_imagenet,tiny_imagenet,cifar100,cifar100_shared_images,cifar10|cifar100|dermamnist|octmnist|organamnist|organsmnist|pneumoniamnist|rendered_sst2,cifar10|cifar100_shared_images|dermamnist|octmnist|organmnist_views|pneumoniamnist|rendered_sst2,14,7,0.5,0.6327200034586588,0.6270666727836927,0.005653330674966095,0.1320049259273925,0.5142799854278565,0.5117999672889709,0.0024800181388855425,5,8,17
vit_b16,gtsrb,random,76,8,17,0.5294117647058824,0,0.0,0,0.3333333333333333,tiny_imagenet,tiny_imagenet,1,tiny_imagenet,tiny_imagenet,stl10,stl10,bloodmnist|cifar10|cifar100_coarse|dermamnist|octmnist|pathmnist|rendered_sst2|stl10,bloodmnist|cifar10|cifar100_shared_images|dermamnist|octmnist|pathmnist|rendered_sst2|stl10,14,8,0.4285714285714286,0.6327200034586588,0.6230000076190632,0.009719995839595597,0.22696130910970905,0.5142799854278565,0.5091599702835083,0.005120015144348122,5,8,17
vit_b16,gtsrb,random,77,8,17,0.5294117647058824,0,0.6666666666666666,0,0.6666666666666666,tiny_imagenet,tiny_imagenet,1,tiny_imagenet,tiny_imagenet,cifar100,cifar100_shared_images,cifar100|cifar100_coarse|dermamnist|octmnist|organamnist|organsmnist|retinamnist|tissuemnist,cifar100_shared_images|dermamnist|octmnist|organmnist_views|retinamnist|tissuemnist,14,6,0.5714285714285714,0.6327200034586588,0.6270666727836927,0.005653330674966095,0.1320049259273925,0.5142799854278565,0.5117999672889709,0.0024800181388855425,5,8,17
vit_b16,gtsrb,random,78,8,17,0.5294117647058824,0,0.3333333333333333,0,0.6666666666666666,tiny_imagenet,tiny_imagenet,1,tiny_imagenet,tiny_imagenet,organamnist,organmnist_views,cifar100_coarse|octmnist|organamnist|pathmnist|rendered_sst2|retinamnist|stl10|tissuemnist,cifar100_shared_images|octmnist|organmnist_views|pathmnist|rendered_sst2|retinamnist|stl10|tissuemnist,14,8,0.4285714285714286,0.6327200034586588,0.6251200101566315,0.007599993302027208,0.17745937935760278,0.5142799854278565,0.49827997088432313,0.016000014543533336,5,8,17
vit_b16,gtsrb,random,79,8,17,0.5294117647058824,1,0.6666666666666666,1,1.0,tiny_imagenet,tiny_imagenet,1,tiny_imagenet,tiny_imagenet,tiny_imagenet,tiny_imagenet,bloodmnist|breastmnist|cifar100|dermamnist|organcmnist|pneumoniamnist|retinamnist|tiny_imagenet,bloodmnist|breastmnist|cifar100_shared_images|dermamnist|organmnist_views|pneumoniamnist|retinamnist|tiny_imagenet,14,8,0.4285714285714286,0.6327200034586588,0.6327200034586588,0.0,0.0,0.5142799854278565,0.5142799854278565,0.0,5,8,17
vit_b16,gtsrb,random,80,8,17,0.5294117647058824,0,0.0,0,0.6666666666666666,tiny_imagenet,tiny_imagenet,1,tiny_imagenet,tiny_imagenet,cifar100_coarse,cifar100_shared_images,bloodmnist|breastmnist|cifar100_coarse|dermamnist|organsmnist|pathmnist|pneumoniamnist|rendered_sst2,bloodmnist|breastmnist|cifar100_shared_images|dermamnist|organmnist_views|pathmnist|pneumoniamnist|rendered_sst2,14,8,0.4285714285714286,0.6327200034586588,0.6214933393891653,0.011226664069493464,0.26214192024316557,0.5142799854278565,0.5063599586486817,0.007920026779174805,5,8,17
vit_b16,gtsrb,random,81,8,17,0.5294117647058824,1,0.6666666666666666,1,1.0,tiny_imagenet,tiny_imagenet,1,tiny_imagenet,tiny_imagenet,tiny_imagenet,tiny_imagenet,cifar100_coarse|dermamnist|octmnist|organamnist|organcmnist|pneumoniamnist|stl10|tiny_imagenet,cifar100_shared_images|dermamnist|octmnist|organmnist_views|pneumoniamnist|stl10|tiny_imagenet,14,7,0.5,0.6327200034586588,0.6327200034586588,0.0,0.0,0.5142799854278565,0.5142799854278565,0.0,5,8,17
vit_b16,gtsrb,random,82,8,17,0.5294117647058824,0,0.6666666666666666,0,0.6666666666666666,tiny_imagenet,tiny_imagenet,1,tiny_imagenet,tiny_imagenet,cifar100,cifar100_shared_images,cifar10|cifar100|cifar100_coarse|dermamnist|octmnist|organamnist|organsmnist|rendered_sst2,cifar10|cifar100_shared_images|dermamnist|octmnist|organmnist_views|rendered_sst2,14,6,0.5714285714285714,0.6327200034586588,0.6270666727836927,0.005653330674966095,0.1320049259273925,0.5142799854278565,0.5117999672889709,0.0024800181388855425,5,8,17
vit_b16,gtsrb,random,83,8,17,0.5294117647058824,0,0.0,0,0.3333333333333333,tiny_imagenet,tiny_imagenet,1,tiny_imagenet,tiny_imagenet,stl10,stl10,breastmnist|dermamnist|octmnist|organcmnist|organsmnist|pathmnist|rendered_sst2|stl10,breastmnist|dermamnist|octmnist|organmnist_views|pathmnist|rendered_sst2|stl10,14,7,0.5,0.6327200034586588,0.6230000076190632,0.009719995839595597,0.22696130910970905,0.5142799854278565,0.5091599702835083,0.005120015144348122,5,8,17
vit_b16,gtsrb,random,84,8,17,0.5294117647058824,0,0.3333333333333333,0,0.6666666666666666,tiny_imagenet,tiny_imagenet,1,tiny_imagenet,tiny_imagenet,organamnist,organmnist_views,bloodmnist|cifar100_coarse|octmnist|organamnist|organsmnist|pathmnist|rendered_sst2|stl10,bloodmnist|cifar100_shared_images|octmnist|organmnist_views|pathmnist|rendered_sst2|stl10,14,7,0.5,0.6327200034586588,0.6251200101566315,0.007599993302027208,0.17745937935760278,0.5142799854278565,0.49827997088432313,0.016000014543533336,5,8,17
vit_b16,gtsrb,random,85,8,17,0.5294117647058824,0,0.0,0,0.6666666666666666,tiny_imagenet,tiny_imagenet,1,tiny_imagenet,tiny_imagenet,cifar100_coarse,cifar100_shared_images,bloodmnist|breastmnist|cifar100_coarse|dermamnist|organcmnist|organsmnist|rendered_sst2|tissuemnist,bloodmnist|breastmnist|cifar100_shared_images|dermamnist|organmnist_views|rendered_sst2|tissuemnist,14,7,0.5,0.6327200034586588,0.6214933393891653,0.011226664069493464,0.26214192024316557,0.5142799854278565,0.5063599586486817,0.007920026779174805,5,8,17
vit_b16,gtsrb,random,86,8,17,0.5294117647058824,1,0.6666666666666666,1,1.0,tiny_imagenet,tiny_imagenet,1,tiny_imagenet,tiny_imagenet,tiny_imagenet,tiny_imagenet,bloodmnist|cifar100_coarse|organamnist|organcmnist|pathmnist|rendered_sst2|stl10|tiny_imagenet,bloodmnist|cifar100_shared_images|organmnist_views|pathmnist|rendered_sst2|stl10|tiny_imagenet,14,7,0.5,0.6327200034586588,0.6327200034586588,0.0,0.0,0.5142799854278565,0.5142799854278565,0.0,5,8,17
vit_b16,gtsrb,random,87,8,17,0.5294117647058824,0,0.0,0,0.3333333333333333,tiny_imagenet,tiny_imagenet,1,tiny_imagenet,tiny_imagenet,stl10,stl10,cifar10|dermamnist|organcmnist|pathmnist|rendered_sst2|retinamnist|stl10|tissuemnist,cifar10|dermamnist|organmnist_views|pathmnist|rendered_sst2|retinamnist|stl10|tissuemnist,14,8,0.4285714285714286,0.6327200034586588,0.6230000076190632,0.009719995839595597,0.22696130910970905,0.5142799854278565,0.5091599702835083,0.005120015144348122,5,8,17
vit_b16,gtsrb,random,88,8,17,0.5294117647058824,0,0.6666666666666666,0,0.6666666666666666,tiny_imagenet,tiny_imagenet,1,tiny_imagenet,tiny_imagenet,cifar100,cifar100_shared_images,breastmnist|cifar100|cifar100_coarse|dermamnist|octmnist|organamnist|organsmnist|pneumoniamnist,breastmnist|cifar100_shared_images|dermamnist|octmnist|organmnist_views|pneumoniamnist,14,6,0.5714285714285714,0.6327200034586588,0.6270666727836927,0.005653330674966095,0.1320049259273925,0.5142799854278565,0.5117999672889709,0.0024800181388855425,5,8,17
vit_b16,gtsrb,random,89,8,17,0.5294117647058824,0,0.3333333333333333,0,0.3333333333333333,tiny_imagenet,tiny_imagenet,1,tiny_imagenet,tiny_imagenet,cifar100,cifar100_shared_images,breastmnist|cifar100|cifar100_coarse|dermamnist|octmnist|pneumoniamnist|retinamnist|stl10,breastmnist|cifar100_shared_images|dermamnist|octmnist|pneumoniamnist|retinamnist|stl10,14,7,0.5,0.6327200034586588,0.6270666727836927,0.005653330674966095,0.1320049259273925,0.5142799854278565,0.5117999672889709,0.0024800181388855425,5,8,17
vit_b16,gtsrb,random,90,8,17,0.5294117647058824,1,1.0,1,1.0,tiny_imagenet,tiny_imagenet,1,tiny_imagenet,tiny_imagenet,tiny_imagenet,tiny_imagenet,bloodmnist|cifar10|cifar100|organamnist|organsmnist|stl10|tiny_imagenet|tissuemnist,bloodmnist|cifar10|cifar100_shared_images|organmnist_views|stl10|tiny_imagenet|tissuemnist,14,7,0.5,0.6327200034586588,0.6327200034586588,0.0,0.0,0.5142799854278565,0.5142799854278565,0.0,5,8,17
vit_b16,gtsrb,random,91,8,17,0.5294117647058824,0,0.0,0,0.6666666666666666,tiny_imagenet,tiny_imagenet,1,tiny_imagenet,tiny_imagenet,cifar100_coarse,cifar100_shared_images,breastmnist|cifar10|cifar100_coarse|dermamnist|octmnist|organsmnist|pneumoniamnist|rendered_sst2,breastmnist|cifar10|cifar100_shared_images|dermamnist|octmnist|organmnist_views|pneumoniamnist|rendered_sst2,14,8,0.4285714285714286,0.6327200034586588,0.6214933393891653,0.011226664069493464,0.26214192024316557,0.5142799854278565,0.5063599586486817,0.007920026779174805,5,8,17
vit_b16,gtsrb,random,92,8,17,0.5294117647058824,1,1.0,1,1.0,tiny_imagenet,tiny_imagenet,1,tiny_imagenet,tiny_imagenet,tiny_imagenet,tiny_imagenet,cifar10|cifar100|dermamnist|organamnist|organsmnist|pathmnist|tiny_imagenet|tissuemnist,cifar10|cifar100_shared_images|dermamnist|organmnist_views|pathmnist|tiny_imagenet|tissuemnist,14,7,0.5,0.6327200034586588,0.6327200034586588,0.0,0.0,0.5142799854278565,0.5142799854278565,0.0,5,8,17
vit_b16,gtsrb,random,93,8,17,0.5294117647058824,0,0.3333333333333333,0,0.6666666666666666,tiny_imagenet,tiny_imagenet,1,tiny_imagenet,tiny_imagenet,cifar100,cifar100_shared_images,bloodmnist|breastmnist|cifar10|cifar100|octmnist|organcmnist|organsmnist|pneumoniamnist,bloodmnist|breastmnist|cifar10|cifar100_shared_images|octmnist|organmnist_views|pneumoniamnist,14,7,0.5,0.6327200034586588,0.6270666727836927,0.005653330674966095,0.1320049259273925,0.5142799854278565,0.5117999672889709,0.0024800181388855425,5,8,17
vit_b16,gtsrb,random,94,8,17,0.5294117647058824,0,0.6666666666666666,0,0.6666666666666666,tiny_imagenet,tiny_imagenet,1,tiny_imagenet,tiny_imagenet,cifar100,cifar100_shared_images,cifar100|cifar100_coarse|dermamnist|octmnist|organamnist|organsmnist|pathmnist|pneumoniamnist,cifar100_shared_images|dermamnist|octmnist|organmnist_views|pathmnist|pneumoniamnist,14,6,0.5714285714285714,0.6327200034586588,0.6270666727836927,0.005653330674966095,0.1320049259273925,0.5142799854278565,0.5117999672889709,0.0024800181388855425,5,8,17
vit_b16,gtsrb,random,95,8,17,0.5294117647058824,0,0.0,0,0.3333333333333333,tiny_imagenet,tiny_imagenet,1,tiny_imagenet,tiny_imagenet,stl10,stl10,bloodmnist|breastmnist|cifar10|cifar100_coarse|dermamnist|octmnist|retinamnist|stl10,bloodmnist|breastmnist|cifar10|cifar100_shared_images|dermamnist|octmnist|retinamnist|stl10,14,8,0.4285714285714286,0.6327200034586588,0.6230000076190632,0.009719995839595597,0.22696130910970905,0.5142799854278565,0.5091599702835083,0.005120015144348122,5,8,17
vit_b16,gtsrb,random,96,8,17,0.5294117647058824,1,0.3333333333333333,1,0.6666666666666666,tiny_imagenet,tiny_imagenet,1,tiny_imagenet,tiny_imagenet,tiny_imagenet,tiny_imagenet,bloodmnist|breastmnist|cifar100_coarse|pneumoniamnist|rendered_sst2|retinamnist|stl10|tiny_imagenet,bloodmnist|breastmnist|cifar100_shared_images|pneumoniamnist|rendered_sst2|retinamnist|stl10|tiny_imagenet,14,8,0.4285714285714286,0.6327200034586588,0.6327200034586588,0.0,0.0,0.5142799854278565,0.5142799854278565,0.0,5,8,17
vit_b16,gtsrb,random,97,8,17,0.5294117647058824,1,0.3333333333333333,1,1.0,tiny_imagenet,tiny_imagenet,1,tiny_imagenet,tiny_imagenet,tiny_imagenet,tiny_imagenet,breastmnist|cifar100_coarse|dermamnist|organsmnist|rendered_sst2|retinamnist|stl10|tiny_imagenet,breastmnist|cifar100_shared_images|dermamnist|organmnist_views|rendered_sst2|retinamnist|stl10|tiny_imagenet,14,8,0.4285714285714286,0.6327200034586588,0.6327200034586588,0.0,0.0,0.5142799854278565,0.5142799854278565,0.0,5,8,17
vit_b16,gtsrb,random,98,8,17,0.5294117647058824,0,0.3333333333333333,0,0.6666666666666666,tiny_imagenet,tiny_imagenet,1,tiny_imagenet,tiny_imagenet,organamnist,organmnist_views,cifar10|cifar100_coarse|octmnist|organamnist|organsmnist|pathmnist|retinamnist|stl10,cifar10|cifar100_shared_images|octmnist|organmnist_views|pathmnist|retinamnist|stl10,14,7,0.5,0.6327200034586588,0.6251200101566315,0.007599993302027208,0.17745937935760278,0.5142799854278565,0.49827997088432313,0.016000014543533336,5,8,17
vit_b16,gtsrb,random,99,8,17,0.5294117647058824,0,0.3333333333333333,0,0.3333333333333333,tiny_imagenet,tiny_imagenet,1,tiny_imagenet,tiny_imagenet,organamnist,organmnist_views,breastmnist|cifar10|dermamnist|octmnist|organamnist|pneumoniamnist|retinamnist|tissuemnist,breastmnist|cifar10|dermamnist|octmnist|organmnist_views|pneumoniamnist|retinamnist|tissuemnist,14,8,0.4285714285714286,0.6327200034586588,0.6251200101566315,0.007599993302027208,0.17745937935760278,0.5142799854278565,0.49827997088432313,0.016000014543533336,5,8,17
vit_b16,oxford_pets,rank_only,-1,3,17,0.8235294117647058,1,0.6666666666666666,1,0.6666666666666666,tiny_imagenet,tiny_imagenet,1,tiny_imagenet,tiny_imagenet,tiny_imagenet,tiny_imagenet,tiny_imagenet|cifar100_coarse|cifar100,cifar100_shared_images|tiny_imagenet,14,2,0.8571428571428572,0.9182065211409244,0.9182065211409244,0.0,0.0,0.9017170548439026,0.9017170548439026,0.0,5,3,17
vit_b16,oxford_pets,facility_subspace,-1,3,17,0.8235294117647058,0,0.3333333333333333,0,0.6666666666666666,tiny_imagenet,tiny_imagenet,1,tiny_imagenet,tiny_imagenet,cifar100,cifar100_shared_images,organsmnist|cifar100|rendered_sst2,cifar100_shared_images|organmnist_views|rendered_sst2,14,3,0.7857142857142857,0.9182065211409244,0.9163043454775345,0.0019021756633899045,0.14344269545728297,0.9017170548439026,0.9012809514999389,0.00043610334396371186,5,3,17
vit_b16,oxford_pets,kcenter_subspace,-1,3,17,0.8235294117647058,1,0.3333333333333333,1,0.3333333333333333,tiny_imagenet,tiny_imagenet,1,tiny_imagenet,tiny_imagenet,tiny_imagenet,tiny_imagenet,tiny_imagenet|rendered_sst2|bloodmnist,bloodmnist|rendered_sst2|tiny_imagenet,14,3,0.7857142857142857,0.9182065211409244,0.9182065211409244,0.0,0.0,0.9017170548439026,0.9017170548439026,0.0,5,3,17
vit_b16,oxford_pets,dpp_subspace,-1,3,17,0.8235294117647058,1,0.3333333333333333,1,0.6666666666666666,tiny_imagenet,tiny_imagenet,1,tiny_imagenet,tiny_imagenet,tiny_imagenet,tiny_imagenet,tiny_imagenet|stl10|cifar100_coarse,cifar100_shared_images|stl10|tiny_imagenet,14,3,0.7857142857142857,0.9182065211409244,0.9182065211409244,0.0,0.0,0.9017170548439026,0.9017170548439026,0.0,5,3,17
vit_b16,oxford_pets,pool_vendi_subspace,-1,3,17,0.8235294117647058,1,0.3333333333333333,1,0.3333333333333333,tiny_imagenet,tiny_imagenet,1,tiny_imagenet,tiny_imagenet,tiny_imagenet,tiny_imagenet,tiny_imagenet|rendered_sst2|bloodmnist,bloodmnist|rendered_sst2|tiny_imagenet,14,3,0.7857142857142857,0.9182065211409244,0.9182065211409244,0.0,0.0,0.9017170548439026,0.9017170548439026,0.0,5,3,17
vit_b16,oxford_pets,full_merged_rank,-1,3,17,0.8235294117647058,1,0.3333333333333333,1,0.6666666666666666,tiny_imagenet,tiny_imagenet,1,tiny_imagenet,tiny_imagenet,tiny_imagenet,tiny_imagenet,tiny_imagenet|stl10|cifar100_coarse,cifar100_shared_images|stl10|tiny_imagenet,14,3,0.7857142857142857,0.9182065211409244,0.9182065211409244,0.0,0.0,0.9017170548439026,0.9017170548439026,0.0,5,3,17
vit_b16,oxford_pets,random,0,3,17,0.8235294117647058,0,0.3333333333333333,0,0.6666666666666666,tiny_imagenet,tiny_imagenet,1,tiny_imagenet,tiny_imagenet,organcmnist,organmnist_views,cifar100_coarse|organcmnist|organsmnist,cifar100_shared_images|organmnist_views,14,2,0.8571428571428572,0.9182065211409244,0.9162137629318498,0.00199275820907463,0.15027350754497612,0.9017170548439026,0.8973561882972717,0.004360866546630926,5,3,17
vit_b16,oxford_pets,random,1,3,17,0.8235294117647058,0,0.3333333333333333,0,0.6666666666666666,tiny_imagenet,tiny_imagenet,1,tiny_imagenet,tiny_imagenet,organcmnist,organmnist_views,cifar100_coarse|organcmnist|rendered_sst2,cifar100_shared_images|organmnist_views|rendered_sst2,14,3,0.7857142857142857,0.9182065211409244,0.9162137629318498,0.00199275820907463,0.15027350754497612,0.9017170548439026,0.8973561882972717,0.004360866546630926,5,3,17
vit_b16,oxford_pets,random,2,3,17,0.8235294117647058,0,0.3333333333333333,0,0.3333333333333333,tiny_imagenet,tiny_imagenet,1,tiny_imagenet,tiny_imagenet,organcmnist,organmnist_views,bloodmnist|cifar10|organcmnist,bloodmnist|cifar10|organmnist_views,14,3,0.7857142857142857,0.9182065211409244,0.9162137629318498,0.00199275820907463,0.15027350754497612,0.9017170548439026,0.8973561882972717,0.004360866546630926,5,3,17
vit_b16,oxford_pets,random,3,3,17,0.8235294117647058,0,0.0,0,0.0,tiny_imagenet,tiny_imagenet,1,tiny_imagenet,tiny_imagenet,octmnist,octmnist,bloodmnist|octmnist|pneumoniamnist,bloodmnist|octmnist|pneumoniamnist,14,3,0.7857142857142857,0.9182065211409244,0.9131340519997521,0.00507246914117232,0.382513907751801,0.9017170548439026,0.899046003818512,0.0026710510253906694,5,3,17
vit_b16,oxford_pets,random,4,3,17,0.8235294117647058,0,0.0,0,0.3333333333333333,tiny_imagenet,tiny_imagenet,1,tiny_imagenet,tiny_imagenet,organsmnist,organmnist_views,organsmnist|pathmnist|stl10,organmnist_views|pathmnist|stl10,14,3,0.7857142857142857,0.9182065211409244,0.9135688377884419,0.004637683352482491,0.34972679630014647,0.9017170548439026,0.8959388971328736,0.005778157711029075,5,3,17
vit_b16,oxford_pets,random,5,3,17,0.8235294117647058,0,0.0,0,0.0,tiny_imagenet,tiny_imagenet,1,tiny_imagenet,tiny_imagenet,octmnist,octmnist,breastmnist|octmnist|tissuemnist,breastmnist|octmnist|tissuemnist,14,3,0.7857142857142857,0.9182065211409244,0.9131340519997521,0.00507246914117232,0.382513907751801,0.9017170548439026,0.899046003818512,0.0026710510253906694,5,3,17
vit_b16,oxford_pets,random,6,3,17,0.8235294117647058,0,0.0,0,0.3333333333333333,tiny_imagenet,tiny_imagenet,1,tiny_imagenet,tiny_imagenet,organamnist,organmnist_views,cifar10|organamnist|organsmnist,cifar10|organmnist_views,14,2,0.8571428571428572,0.9182065211409244,0.9149094179099884,0.003297103230936016,0.24863391102561658,0.9017170548439026,0.8964840173721313,0.005233037471771285,5,3,17
vit_b16,oxford_pets,random,7,3,17,0.8235294117647058,0,0.0,0,0.0,tiny_imagenet,tiny_imagenet,1,tiny_imagenet,tiny_imagenet,bloodmnist,bloodmnist,bloodmnist|pneumoniamnist|retinamnist,bloodmnist|pneumoniamnist|retinamnist,14,3,0.7857142857142857,0.9182065211409244,0.9124094147256752,0.00579710641524922,0.4371586631353117,0.9017170548439026,0.8968655824661255,0.004851472377777166,5,3,17
vit_b16,oxford_pets,random,8,3,17,0.8235294117647058,0,0.0,0,0.3333333333333333,tiny_imagenet,tiny_imagenet,1,tiny_imagenet,tiny_imagenet,organsmnist,organmnist_views,organsmnist|retinamnist|stl10,organmnist_views|retinamnist|stl10,14,3,0.7857142857142857,0.9182065211409244,0.9135688377884419,0.004637683352482491,0.34972679630014647,0.9017170548439026,0.8959388971328736,0.005778157711029075,5,3,17
vit_b16,oxford_pets,random,9,3,17,0.8235294117647058,0,0.3333333333333333,0,0.6666666666666666,tiny_imagenet,tiny_imagenet,1,tiny_imagenet,tiny_imagenet,organcmnist,organmnist_views,cifar100_coarse|organcmnist|tissuemnist,cifar100_shared_images|organmnist_views|tissuemnist,14,3,0.7857142857142857,0.9182065211409244,0.9162137629318498,0.00199275820907463,0.15027350754497612,0.9017170548439026,0.8973561882972717,0.004360866546630926,5,3,17
vit_b16,oxford_pets,random,10,3,17,0.8235294117647058,0,0.0,0,0.0,tiny_imagenet,tiny_imagenet,1,tiny_imagenet,tiny_imagenet,pathmnist,pathmnist,pathmnist|stl10|tissuemnist,pathmnist|stl10|tissuemnist,14,3,0.7857142857142857,0.9182065211409244,0.9125000036766997,0.005706517464224681,0.43032736802219357,0.9017170548439026,0.8985554218292237,0.0031616330146789773,5,3,17
vit_b16,oxford_pets,random,11,3,17,0.8235294117647058,0,0.0,0,0.3333333333333333,tiny_imagenet,tiny_imagenet,1,tiny_imagenet,tiny_imagenet,cifar100_coarse,cifar100_shared_images,breastmnist|cifar10|cifar100_coarse,breastmnist|cifar10|cifar100_shared_images,14,3,0.7857142857142857,0.9182065211409244,0.9131521719812914,0.005054349159632987,0.38114748348107613,0.9017170548439026,0.9013354778289795,0.0003815770149231401,5,3,17
vit_b16,oxford_pets,random,12,3,17,0.8235294117647058,0,0.0,0,0.0,tiny_imagenet,tiny_imagenet,1,tiny_imagenet,tiny_imagenet,pathmnist,pathmnist,pathmnist|rendered_sst2|retinamnist,pathmnist|rendered_sst2|retinamnist,14,3,0.7857142857142857,0.9182065211409244,0.9125000036766997,0.005706517464224681,0.43032736802219357,0.9017170548439026,0.8985554218292237,0.0031616330146789773,5,3,17
vit_b16,oxford_pets,random,13,3,17,0.8235294117647058,0,0.3333333333333333,0,0.3333333333333333,tiny_imagenet,tiny_imagenet,1,tiny_imagenet,tiny_imagenet,organcmnist,organmnist_views,cifar10|organcmnist|tissuemnist,cifar10|organmnist_views|tissuemnist,14,3,0.7857142857142857,0.9182065211409244,0.9162137629318498,0.00199275820907463,0.15027350754497612,0.9017170548439026,0.8973561882972717,0.004360866546630926,5,3,17
vit_b16,oxford_pets,random,14,3,17,0.8235294117647058,0,0.3333333333333333,0,0.3333333333333333,tiny_imagenet,tiny_imagenet,1,tiny_imagenet,tiny_imagenet,cifar100,cifar100_shared_images,cifar10|cifar100|pathmnist,cifar10|cifar100_shared_images|pathmnist,14,3,0.7857142857142857,0.9182065211409244,0.9163043454775345,0.0019021756633899045,0.14344269545728297,0.9017170548439026,0.9012809514999389,0.00043610334396371186,5,3,17
vit_b16,oxford_pets,random,15,3,17,0.8235294117647058,0,0.0,0,0.0,tiny_imagenet,tiny_imagenet,1,tiny_imagenet,tiny_imagenet,octmnist,octmnist,cifar10|octmnist|stl10,cifar10|octmnist|stl10,14,3,0.7857142857142857,0.9182065211409244,0.9131340519997521,0.00507246914117232,0.382513907751801,0.9017170548439026,0.899046003818512,0.0026710510253906694,5,3,17
vit_b16,oxford_pets,random,16,3,17,0.8235294117647058,0,0.0,0,0.3333333333333333,tiny_imagenet,tiny_imagenet,1,tiny_imagenet,tiny_imagenet,organsmnist,organmnist_views,organsmnist|pathmnist|rendered_sst2,organmnist_views|pathmnist|rendered_sst2,14,3,0.7857142857142857,0.9182065211409244,0.9135688377884419,0.004637683352482491,0.34972679630014647,0.9017170548439026,0.8959388971328736,0.005778157711029075,5,3,17
vit_b16,oxford_pets,random,17,3,17,0.8235294117647058,0,0.6666666666666666,0,0.6666666666666666,tiny_imagenet,tiny_imagenet,1,tiny_imagenet,tiny_imagenet,cifar100,cifar100_shared_images,cifar100|organamnist|organcmnist,cifar100_shared_images|organmnist_views,14,2,0.8571428571428572,0.9182065211409244,0.9163043454775345,0.0019021756633899045,0.14344269545728297,0.9017170548439026,0.9012809514999389,0.00043610334396371186,5,3,17
vit_b16,oxford_pets,random,18,3,17,0.8235294117647058,0,0.3333333333333333,0,0.3333333333333333,tiny_imagenet,tiny_imagenet,1,tiny_imagenet,tiny_imagenet,organcmnist,organmnist_views,organamnist|organcmnist|rendered_sst2,organmnist_views|rendered_sst2,14,2,0.8571428571428572,0.9182065211409244,0.9162137629318498,0.00199275820907463,0.15027350754497612,0.9017170548439026,0.8973561882972717,0.004360866546630926,5,3,17
vit_b16,oxford_pets,random,19,3,17,0.8235294117647058,0,0.0,0,0.3333333333333333,tiny_imagenet,tiny_imagenet,1,tiny_imagenet,tiny_imagenet,organsmnist,organmnist_views,bloodmnist|organsmnist|retinamnist,bloodmnist|organmnist_views|retinamnist,14,3,0.7857142857142857,0.9182065211409244,0.9135688377884419,0.004637683352482491,0.34972679630014647,0.9017170548439026,0.8959388971328736,0.005778157711029075,5,3,17
vit_b16,oxford_pets,random,20,3,17,0.8235294117647058,0,0.0,0,0.3333333333333333,tiny_imagenet,tiny_imagenet,1,tiny_imagenet,tiny_imagenet,organamnist,organmnist_views,organamnist|organsmnist|retinamnist,organmnist_views|retinamnist,14,2,0.8571428571428572,0.9182065211409244,0.9149094179099884,0.003297103230936016,0.24863391102561658,0.9017170548439026,0.8964840173721313,0.005233037471771285,5,3,17
vit_b16,oxford_pets,random,21,3,17,0.8235294117647058,1,0.3333333333333333,1,0.3333333333333333,tiny_imagenet,tiny_imagenet,1,tiny_imagenet,tiny_imagenet,tiny_imagenet,tiny_imagenet,stl10|tiny_imagenet|tissuemnist,stl10|tiny_imagenet|tissuemnist,14,3,0.7857142857142857,0.9182065211409244,0.9182065211409244,0.0,0.0,0.9017170548439026,0.9017170548439026,0.0,5,3,17
vit_b16,oxford_pets,random,22,3,17,0.8235294117647058,0,0.0,0,0.3333333333333333,tiny_imagenet,tiny_imagenet,1,tiny_imagenet,tiny_imagenet,cifar100_coarse,cifar100_shared_images,cifar100_coarse|dermamnist|tissuemnist,cifar100_shared_images|dermamnist|tissuemnist,14,3,0.7857142857142857,0.9182065211409244,0.9131521719812914,0.005054349159632987,0.38114748348107613,0.9017170548439026,0.9013354778289795,0.0003815770149231401,5,3,17
vit_b16,oxford_pets,random,23,3,17,0.8235294117647058,0,0.0,0,0.3333333333333333,tiny_imagenet,tiny_imagenet,1,tiny_imagenet,tiny_imagenet,organsmnist,organmnist_views,organsmnist|pathmnist|rendered_sst2,organmnist_views|pathmnist|rendered_sst2,14,3,0.7857142857142857,0.9182065211409244,0.9135688377884419,0.004637683352482491,0.34972679630014647,0.9017170548439026,0.8959388971328736,0.005778157711029075,5,3,17
vit_b16,oxford_pets,random,24,3,17,0.8235294117647058,1,0.3333333333333333,1,0.6666666666666666,tiny_imagenet,tiny_imagenet,1,tiny_imagenet,tiny_imagenet,tiny_imagenet,tiny_imagenet,cifar100_coarse|retinamnist|tiny_imagenet,cifar100_shared_images|retinamnist|tiny_imagenet,14,3,0.7857142857142857,0.9182065211409244,0.9182065211409244,0.0,0.0,0.9017170548439026,0.9017170548439026,0.0,5,3,17
vit_b16,oxford_pets,random,25,3,17,0.8235294117647058,0,0.3333333333333333,0,0.3333333333333333,tiny_imagenet,tiny_imagenet,1,tiny_imagenet,tiny_imagenet,cifar100,cifar100_shared_images,cifar100|pneumoniamnist|rendered_sst2,cifar100_shared_images|pneumoniamnist|rendered_sst2,14,3,0.7857142857142857,0.9182065211409244,0.9163043454775345,0.0019021756633899045,0.14344269545728297,0.9017170548439026,0.9012809514999389,0.00043610334396371186,5,3,17
vit_b16,oxford_pets,random,26,3,17,0.8235294117647058,0,0.0,0,0.3333333333333333,tiny_imagenet,tiny_imagenet,1,tiny_imagenet,tiny_imagenet,organsmnist,organmnist_views,organsmnist|pneumoniamnist|stl10,organmnist_views|pneumoniamnist|stl10,14,3,0.7857142857142857,0.9182065211409244,0.9135688377884419,0.004637683352482491,0.34972679630014647,0.9017170548439026,0.8959388971328736,0.005778157711029075,5,3,17
vit_b16,oxford_pets,random,27,3,17,0.8235294117647058,0,0.3333333333333333,0,0.3333333333333333,tiny_imagenet,tiny_imagenet,1,tiny_imagenet,tiny_imagenet,organcmnist,organmnist_views,breastmnist|dermamnist|organcmnist,breastmnist|dermamnist|organmnist_views,14,3,0.7857142857142857,0.9182065211409244,0.9162137629318498,0.00199275820907463,0.15027350754497612,0.9017170548439026,0.8973561882972717,0.004360866546630926,5,3,17
vit_b16,oxford_pets,random,28,3,17,0.8235294117647058,0,0.0,0,0.3333333333333333,tiny_imagenet,tiny_imagenet,1,tiny_imagenet,tiny_imagenet,organsmnist,organmnist_views,breastmnist|dermamnist|organsmnist,breastmnist|dermamnist|organmnist_views,14,3,0.7857142857142857,0.9182065211409244,0.9135688377884419,0.004637683352482491,0.34972679630014647,0.9017170548439026,0.8959388971328736,0.005778157711029075,5,3,17
vit_b16,oxford_pets,random,29,3,17,0.8235294117647058,0,0.3333333333333333,0,0.3333333333333333,tiny_imagenet,tiny_imagenet,1,tiny_imagenet,tiny_imagenet,organcmnist,organmnist_views,breastmnist|cifar10|organcmnist,breastmnist|cifar10|organmnist_views,14,3,0.7857142857142857,0.9182065211409244,0.9162137629318498,0.00199275820907463,0.15027350754497612,0.9017170548439026,0.8973561882972717,0.004360866546630926,5,3,17
vit_b16,oxford_pets,random,30,3,17,0.8235294117647058,0,0.3333333333333333,0,0.3333333333333333,tiny_imagenet,tiny_imagenet,1,tiny_imagenet,tiny_imagenet,cifar100,cifar100_shared_images,breastmnist|cifar100|cifar100_coarse,breastmnist|cifar100_shared_images,14,2,0.8571428571428572,0.9182065211409244,0.9163043454775345,0.0019021756633899045,0.14344269545728297,0.9017170548439026,0.9012809514999389,0.00043610334396371186,5,3,17
vit_b16,oxford_pets,random,31,3,17,0.8235294117647058,0,0.3333333333333333,0,0.3333333333333333,tiny_imagenet,tiny_imagenet,1,tiny_imagenet,tiny_imagenet,organcmnist,organmnist_views,octmnist|organcmnist|tissuemnist,octmnist|organmnist_views|tissuemnist,14,3,0.7857142857142857,0.9182065211409244,0.9162137629318498,0.00199275820907463,0.15027350754497612,0.9017170548439026,0.8973561882972717,0.004360866546630926,5,3,17
vit_b16,oxford_pets,random,32,3,17,0.8235294117647058,0,0.3333333333333333,0,0.3333333333333333,tiny_imagenet,tiny_imagenet,1,tiny_imagenet,tiny_imagenet,cifar100,cifar100_shared_images,breastmnist|cifar100|pathmnist,breastmnist|cifar100_shared_images|pathmnist,14,3,0.7857142857142857,0.9182065211409244,0.9163043454775345,0.0019021756633899045,0.14344269545728297,0.9017170548439026,0.9012809514999389,0.00043610334396371186,5,3,17
vit_b16,oxford_pets,random,33,3,17,0.8235294117647058,0,0.0,0,0.6666666666666666,tiny_imagenet,tiny_imagenet,1,tiny_imagenet,tiny_imagenet,organsmnist,organmnist_views,cifar100_coarse|octmnist|organsmnist,cifar100_shared_images|octmnist|organmnist_views,14,3,0.7857142857142857,0.9182065211409244,0.9135688377884419,0.004637683352482491,0.34972679630014647,0.9017170548439026,0.8959388971328736,0.005778157711029075,5,3,17
vit_b16,oxford_pets,random,34,3,17,0.8235294117647058,0,0.6666666666666666,0,0.6666666666666666,tiny_imagenet,tiny_imagenet,1,tiny_imagenet,tiny_imagenet,cifar100,cifar100_shared_images,cifar100|organcmnist|pneumoniamnist,cifar100_shared_images|organmnist_views|pneumoniamnist,14,3,0.7857142857142857,0.9182065211409244,0.9163043454775345,0.0019021756633899045,0.14344269545728297,0.9017170548439026,0.9012809514999389,0.00043610334396371186,5,3,17
vit_b16,oxford_pets,random,35,3,17,0.8235294117647058,0,0.3333333333333333,0,0.3333333333333333,tiny_imagenet,tiny_imagenet,1,tiny_imagenet,tiny_imagenet,cifar100,cifar100_shared_images,breastmnist|cifar100|cifar100_coarse,breastmnist|cifar100_shared_images,14,2,0.8571428571428572,0.9182065211409244,0.9163043454775345,0.0019021756633899045,0.14344269545728297,0.9017170548439026,0.9012809514999389,0.00043610334396371186,5,3,17
vit_b16,oxford_pets,random,36,3,17,0.8235294117647058,1,0.6666666666666666,1,1.0,tiny_imagenet,tiny_imagenet,1,tiny_imagenet,tiny_imagenet,tiny_imagenet,tiny_imagenet,cifar100|organamnist|tiny_imagenet,cifar100_shared_images|organmnist_views|tiny_imagenet,14,3,0.7857142857142857,0.9182065211409244,0.9182065211409244,0.0,0.0,0.9017170548439026,0.9017170548439026,0.0,5,3,17
vit_b16,oxford_pets,random,37,3,17,0.8235294117647058,1,0.3333333333333333,1,0.6666666666666666,tiny_imagenet,tiny_imagenet,1,tiny_imagenet,tiny_imagenet,tiny_imagenet,tiny_imagenet,organamnist|tiny_imagenet|tissuemnist,organmnist_views|tiny_imagenet|tissuemnist,14,3,0.7857142857142857,0.9182065211409244,0.9182065211409244,0.0,0.0,0.9017170548439026,0.9017170548439026,0.0,5,3,17
vit_b16,oxford_pets,random,38,3,17,0.8235294117647058,1,0.6666666666666666,1,0.6666666666666666,tiny_imagenet,tiny_imagenet,1,tiny_imagenet,tiny_imagenet,tiny_imagenet,tiny_imagenet,cifar100|dermamnist|tiny_imagenet,cifar100_shared_images|dermamnist|tiny_imagenet,14,3,0.7857142857142857,0.9182065211409244,0.9182065211409244,0.0,0.0,0.9017170548439026,0.9017170548439026,0.0,5,3,17
vit_b16,oxford_pets,random,39,3,17,0.8235294117647058,0,0.0,0,0.3333333333333333,tiny_imagenet,tiny_imagenet,1,tiny_imagenet,tiny_imagenet,cifar100_coarse,cifar100_shared_images,cifar10|cifar100_coarse|dermamnist,cifar10|cifar100_shared_images|dermamnist,14,3,0.7857142857142857,0.9182065211409244,0.9131521719812914,0.005054349159632987,0.38114748348107613,0.9017170548439026,0.9013354778289795,0.0003815770149231401,5,3,17
vit_b16,oxford_pets,random,40,3,17,0.8235294117647058,0,0.0,0,0.0,tiny_imagenet,tiny_imagenet,1,tiny_imagenet,tiny_imagenet,octmnist,octmnist,bloodmnist|octmnist|pathmnist,bloodmnist|octmnist|pathmnist,14,3,0.7857142857142857,0.9182065211409244,0.9131340519997521,0.00507246914117232,0.382513907751801,0.9017170548439026,0.899046003818512,0.0026710510253906694,5,3,17
vit_b16,oxford_pets,random,41,3,17,0.8235294117647058,0,0.0,0,0.3333333333333333,tiny_imagenet,tiny_imagenet,1,tiny_imagenet,tiny_imagenet,organamnist,organmnist_views,breastmnist|dermamnist|organamnist,breastmnist|dermamnist|organmnist_views,14,3,0.7857142857142857,0.9182065211409244,0.9149094179099884,0.003297103230936016,0.24863391102561658,0.9017170548439026,0.8964840173721313,0.005233037471771285,5,3,17
vit_b16,oxford_pets,random,42,3,17,0.8235294117647058,0,0.0,0,0.6666666666666666,tiny_imagenet,tiny_imagenet,1,tiny_imagenet,tiny_imagenet,organsmnist,organmnist_views,cifar100_coarse|organsmnist|pathmnist,cifar100_shared_images|organmnist_views|pathmnist,14,3,0.7857142857142857,0.9182065211409244,0.9135688377884419,0.004637683352482491,0.34972679630014647,0.9017170548439026,0.8959388971328736,0.005778157711029075,5,3,17
vit_b16,oxford_pets,random,43,3,17,0.8235294117647058,0,0.3333333333333333,0,0.6666666666666666,tiny_imagenet,tiny_imagenet,1,tiny_imagenet,tiny_imagenet,organcmnist,organmnist_views,cifar100_coarse|organcmnist|stl10,cifar100_shared_images|organmnist_views|stl10,14,3,0.7857142857142857,0.9182065211409244,0.9162137629318498,0.00199275820907463,0.15027350754497612,0.9017170548439026,0.8973561882972717,0.004360866546630926,5,3,17
vit_b16,oxford_pets,random,44,3,17,0.8235294117647058,1,0.3333333333333333,1,0.6666666666666666,tiny_imagenet,tiny_imagenet,1,tiny_imagenet,tiny_imagenet,tiny_imagenet,tiny_imagenet,cifar100_coarse|pneumoniamnist|tiny_imagenet,cifar100_shared_images|pneumoniamnist|tiny_imagenet,14,3,0.7857142857142857,0.9182065211409244,0.9182065211409244,0.0,0.0,0.9017170548439026,0.9017170548439026,0.0,5,3,17
vit_b16,oxford_pets,random,45,3,17,0.8235294117647058,0,0.3333333333333333,0,0.3333333333333333,tiny_imagenet,tiny_imagenet,1,tiny_imagenet,tiny_imagenet,organcmnist,organmnist_views,bloodmnist|dermamnist|organcmnist,bloodmnist|dermamnist|organmnist_views,14,3,0.7857142857142857,0.9182065211409244,0.9162137629318498,0.00199275820907463,0.15027350754497612,0.9017170548439026,0.8973561882972717,0.004360866546630926,5,3,17
vit_b16,oxford_pets,random,46,3,17,0.8235294117647058,1,0.3333333333333333,1,0.3333333333333333,tiny_imagenet,tiny_imagenet,1,tiny_imagenet,tiny_imagenet,tiny_imagenet,tiny_imagenet,bloodmnist|cifar10|tiny_imagenet,bloodmnist|cifar10|tiny_imagenet,14,3,0.7857142857142857,0.9182065211409244,0.9182065211409244,0.0,0.0,0.9017170548439026,0.9017170548439026,0.0,5,3,17
vit_b16,oxford_pets,random,47,3,17,0.8235294117647058,1,0.3333333333333333,1,0.3333333333333333,tiny_imagenet,tiny_imagenet,1,tiny_imagenet,tiny_imagenet,tiny_imagenet,tiny_imagenet,breastmnist|rendered_sst2|tiny_imagenet,breastmnist|rendered_sst2|tiny_imagenet,14,3,0.7857142857142857,0.9182065211409244,0.9182065211409244,0.0,0.0,0.9017170548439026,0.9017170548439026,0.0,5,3,17
vit_b16,oxford_pets,random,48,3,17,0.8235294117647058,0,0.0,0,0.3333333333333333,tiny_imagenet,tiny_imagenet,1,tiny_imagenet,tiny_imagenet,organamnist,organmnist_views,octmnist|organamnist|pathmnist,octmnist|organmnist_views|pathmnist,14,3,0.7857142857142857,0.9182065211409244,0.9149094179099884,0.003297103230936016,0.24863391102561658,0.9017170548439026,0.8964840173721313,0.005233037471771285,5,3,17
vit_b16,oxford_pets,random,49,3,17,0.8235294117647058,0,0.3333333333333333,0,0.3333333333333333,tiny_imagenet,tiny_imagenet,1,tiny_imagenet,tiny_imagenet,cifar100,cifar100_shared_images,cifar100|stl10|tissuemnist,cifar100_shared_images|stl10|tissuemnist,14,3,0.7857142857142857,0.9182065211409244,0.9163043454775345,0.0019021756633899045,0.14344269545728297,0.9017170548439026,0.9012809514999389,0.00043610334396371186,5,3,17
vit_b16,oxford_pets,random,50,3,17,0.8235294117647058,0,0.3333333333333333,0,0.3333333333333333,tiny_imagenet,tiny_imagenet,1,tiny_imagenet,tiny_imagenet,cifar100,cifar100_shared_images,bloodmnist|cifar100|stl10,bloodmnist|cifar100_shared_images|stl10,14,3,0.7857142857142857,0.9182065211409244,0.9163043454775345,0.0019021756633899045,0.14344269545728297,0.9017170548439026,0.9012809514999389,0.00043610334396371186,5,3,17
vit_b16,oxford_pets,random,51,3,17,0.8235294117647058,1,0.3333333333333333,1,0.3333333333333333,tiny_imagenet,tiny_imagenet,1,tiny_imagenet,tiny_imagenet,tiny_imagenet,tiny_imagenet,octmnist|retinamnist|tiny_imagenet,octmnist|retinamnist|tiny_imagenet,14,3,0.7857142857142857,0.9182065211409244,0.9182065211409244,0.0,0.0,0.9017170548439026,0.9017170548439026,0.0,5,3,17
vit_b16,oxford_pets,random,52,3,17,0.8235294117647058,0,0.0,0,0.3333333333333333,tiny_imagenet,tiny_imagenet,1,tiny_imagenet,tiny_imagenet,organsmnist,organmnist_views,bloodmnist|organsmnist|stl10,bloodmnist|organmnist_views|stl10,14,3,0.7857142857142857,0.9182065211409244,0.9135688377884419,0.004637683352482491,0.34972679630014647,0.9017170548439026,0.8959388971328736,0.005778157711029075,5,3,17
vit_b16,oxford_pets,random,53,3,17,0.8235294117647058,0,0.3333333333333333,0,0.6666666666666666,tiny_imagenet,tiny_imagenet,1,tiny_imagenet,tiny_imagenet,organcmnist,organmnist_views,cifar10|cifar100_coarse|organcmnist,cifar10|cifar100_shared_images|organmnist_views,14,3,0.7857142857142857,0.9182065211409244,0.9162137629318498,0.00199275820907463,0.15027350754497612,0.9017170548439026,0.8973561882972717,0.004360866546630926,5,3,17
vit_b16,oxford_pets,random,54,3,17,0.8235294117647058,1,0.3333333333333333,1,0.6666666666666666,tiny_imagenet,tiny_imagenet,1,tiny_imagenet,tiny_imagenet,tiny_imagenet,tiny_imagenet,breastmnist|organamnist|tiny_imagenet,breastmnist|organmnist_views|tiny_imagenet,14,3,0.7857142857142857,0.9182065211409244,0.9182065211409244,0.0,0.0,0.9017170548439026,0.9017170548439026,0.0,5,3,17
vit_b16,oxford_pets,random,55,3,17,0.8235294117647058,0,0.0,0,0.0,tiny_imagenet,tiny_imagenet,1,tiny_imagenet,tiny_imagenet,octmnist,octmnist,bloodmnist|dermamnist|octmnist,bloodmnist|dermamnist|octmnist,14,3,0.7857142857142857,0.9182065211409244,0.9131340519997521,0.00507246914117232,0.382513907751801,0.9017170548439026,0.899046003818512,0.0026710510253906694,5,3,17
vit_b16,oxford_pets,random,56,3,17,0.8235294117647058,0,0.0,0,0.0,tiny_imagenet,tiny_imagenet,1,tiny_imagenet,tiny_imagenet,bloodmnist,bloodmnist,bloodmnist|cifar10|stl10,bloodmnist|cifar10|stl10,14,3,0.7857142857142857,0.9182065211409244,0.9124094147256752,0.00579710641524922,0.4371586631353117,0.9017170548439026,0.8968655824661255,0.004851472377777166,5,3,17
vit_b16,oxford_pets,random,57,3,17,0.8235294117647058,0,0.0,0,0.0,tiny_imagenet,tiny_imagenet,1,tiny_imagenet,tiny_imagenet,retinamnist,retinamnist,dermamnist|retinamnist|tissuemnist,dermamnist|retinamnist|tissuemnist,14,3,0.7857142857142857,0.9182065211409244,0.9116123178720044,0.006594203268920018,0.49726758127134507,0.9017170548439026,0.8929953098297119,0.008721745014190763,5,3,17
vit_b16,oxford_pets,random,58,3,17,0.8235294117647058,0,0.0,0,0.3333333333333333,tiny_imagenet,tiny_imagenet,1,tiny_imagenet,tiny_imagenet,cifar100_coarse,cifar100_shared_images,cifar10|cifar100_coarse|octmnist,cifar10|cifar100_shared_images|octmnist,14,3,0.7857142857142857,0.9182065211409244,0.9131521719812914,0.005054349159632987,0.38114748348107613,0.9017170548439026,0.9013354778289795,0.0003815770149231401,5,3,17
vit_b16,oxford_pets,random,59,3,17,0.8235294117647058,1,0.3333333333333333,1,0.3333333333333333,tiny_imagenet,tiny_imagenet,1,tiny_imagenet,tiny_imagenet,tiny_imagenet,tiny_imagenet,dermamnist|octmnist|tiny_imagenet,dermamnist|octmnist|tiny_imagenet,14,3,0.7857142857142857,0.9182065211409244,0.9182065211409244,0.0,0.0,0.9017170548439026,0.9017170548439026,0.0,5,3,17
vit_b16,oxford_pets,random,60,3,17,0.8235294117647058,0,0.3333333333333333,0,0.3333333333333333,tiny_imagenet,tiny_imagenet,1,tiny_imagenet,tiny_imagenet,organcmnist,organmnist_views,organamnist|organcmnist|tissuemnist,organmnist_views|tissuemnist,14,2,0.8571428571428572,0.9182065211409244,0.9162137629318498,0.00199275820907463,0.15027350754497612,0.9017170548439026,0.8973561882972717,0.004360866546630926,5,3,17
vit_b16,oxford_pets,random,61,3,17,0.8235294117647058,0,0.3333333333333333,0,0.3333333333333333,tiny_imagenet,tiny_imagenet,1,tiny_imagenet,tiny_imagenet,organcmnist,organmnist_views,bloodmnist|organcmnist|organsmnist,bloodmnist|organmnist_views,14,2,0.8571428571428572,0.9182065211409244,0.9162137629318498,0.00199275820907463,0.15027350754497612,0.9017170548439026,0.8973561882972717,0.004360866546630926,5,3,17
vit_b16,oxford_pets,random,62,3,17,0.8235294117647058,0,0.3333333333333333,0,0.6666666666666666,tiny_imagenet,tiny_imagenet,1,tiny_imagenet,tiny_imagenet,cifar100,cifar100_shared_images,cifar100|organamnist|organsmnist,cifar100_shared_images|organmnist_views,14,2,0.8571428571428572,0.9182065211409244,0.9163043454775345,0.0019021756633899045,0.14344269545728297,0.9017170548439026,0.9012809514999389,0.00043610334396371186,5,3,17
vit_b16,oxford_pets,random,63,3,17,0.8235294117647058,1,0.3333333333333333,1,0.3333333333333333,tiny_imagenet,tiny_imagenet,1,tiny_imagenet,tiny_imagenet,tiny_imagenet,tiny_imagenet,dermamnist|stl10|tiny_imagenet,dermamnist|stl10|tiny_imagenet,14,3,0.7857142857142857,0.9182065211409244,0.9182065211409244,0.0,0.0,0.9017170548439026,0.9017170548439026,0.0,5,3,17
vit_b16,oxford_pets,random,64,3,17,0.8235294117647058,1,0.3333333333333333,1,0.3333333333333333,tiny_imagenet,tiny_imagenet,1,tiny_imagenet,tiny_imagenet,tiny_imagenet,tiny_imagenet,bloodmnist|retinamnist|tiny_imagenet,bloodmnist|retinamnist|tiny_imagenet,14,3,0.7857142857142857,0.9182065211409244,0.9182065211409244,0.0,0.0,0.9017170548439026,0.9017170548439026,0.0,5,3,17
vit_b16,oxford_pets,random,65,3,17,0.8235294117647058,0,0.0,0,0.0,tiny_imagenet,tiny_imagenet,1,tiny_imagenet,tiny_imagenet,bloodmnist,bloodmnist,bloodmnist|dermamnist|tissuemnist,bloodmnist|dermamnist|tissuemnist,14,3,0.7857142857142857,0.9182065211409244,0.9124094147256752,0.00579710641524922,0.4371586631353117,0.9017170548439026,0.8968655824661255,0.004851472377777166,5,3,17
vit_b16,oxford_pets,random,66,3,17,0.8235294117647058,1,0.6666666666666666,1,1.0,tiny_imagenet,tiny_imagenet,1,tiny_imagenet,tiny_imagenet,tiny_imagenet,tiny_imagenet,cifar100|organamnist|tiny_imagenet,cifar100_shared_images|organmnist_views|tiny_imagenet,14,3,0.7857142857142857,0.9182065211409244,0.9182065211409244,0.0,0.0,0.9017170548439026,0.9017170548439026,0.0,5,3,17
vit_b16,oxford_pets,random,67,3,17,0.8235294117647058,0,0.0,0,0.3333333333333333,tiny_imagenet,tiny_imagenet,1,tiny_imagenet,tiny_imagenet,organsmnist,organmnist_views,bloodmnist|organsmnist|pneumoniamnist,bloodmnist|organmnist_views|pneumoniamnist,14,3,0.7857142857142857,0.9182065211409244,0.9135688377884419,0.004637683352482491,0.34972679630014647,0.9017170548439026,0.8959388971328736,0.005778157711029075,5,3,17
vit_b16,oxford_pets,random,68,3,17,0.8235294117647058,0,0.0,0,0.0,tiny_imagenet,tiny_imagenet,1,tiny_imagenet,tiny_imagenet,breastmnist,breastmnist,breastmnist|pneumoniamnist|stl10,breastmnist|pneumoniamnist|stl10,14,3,0.7857142857142857,0.9182065211409244,0.9125905759503012,0.0056159451906231395,0.4234973305502881,0.9017170548439026,0.8993731021881104,0.0023439526557922363,5,3,17
vit_b16,oxford_pets,random,69,3,17,0.8235294117647058,0,0.0,0,0.3333333333333333,tiny_imagenet,tiny_imagenet,1,tiny_imagenet,tiny_imagenet,organamnist,organmnist_views,organamnist|rendered_sst2|retinamnist,organmnist_views|rendered_sst2|retinamnist,14,3,0.7857142857142857,0.9182065211409244,0.9149094179099884,0.003297103230936016,0.24863391102561658,0.9017170548439026,0.8964840173721313,0.005233037471771285,5,3,17
vit_b16,oxford_pets,random,70,3,17,0.8235294117647058,0,0.0,0,0.3333333333333333,tiny_imagenet,tiny_imagenet,1,tiny_imagenet,tiny_imagenet,organsmnist,organmnist_views,bloodmnist|breastmnist|organsmnist,bloodmnist|breastmnist|organmnist_views,14,3,0.7857142857142857,0.9182065211409244,0.9135688377884419,0.004637683352482491,0.34972679630014647,0.9017170548439026,0.8959388971328736,0.005778157711029075,5,3,17
vit_b16,oxford_pets,random,71,3,17,0.8235294117647058,0,0.3333333333333333,0,0.3333333333333333,tiny_imagenet,tiny_imagenet,1,tiny_imagenet,tiny_imagenet,organcmnist,organmnist_views,breastmnist|organcmnist|pathmnist,breastmnist|organmnist_views|pathmnist,14,3,0.7857142857142857,0.9182065211409244,0.9162137629318498,0.00199275820907463,0.15027350754497612,0.9017170548439026,0.8973561882972717,0.004360866546630926,5,3,17
vit_b16,oxford_pets,random,72,3,17,0.8235294117647058,0,0.0,0,0.3333333333333333,tiny_imagenet,tiny_imagenet,1,tiny_imagenet,tiny_imagenet,cifar100_coarse,cifar100_shared_images,breastmnist|cifar100_coarse|tissuemnist,breastmnist|cifar100_shared_images|tissuemnist,14,3,0.7857142857142857,0.9182065211409244,0.9131521719812914,0.005054349159632987,0.38114748348107613,0.9017170548439026,0.9013354778289795,0.0003815770149231401,5,3,17
vit_b16,oxford_pets,random,73,3,17,0.8235294117647058,0,0.0,0,0.3333333333333333,tiny_imagenet,tiny_imagenet,1,tiny_imagenet,tiny_imagenet,cifar100_coarse,cifar100_shared_images,bloodmnist|cifar100_coarse|tissuemnist,bloodmnist|cifar100_shared_images|tissuemnist,14,3,0.7857142857142857,0.9182065211409244,0.9131521719812914,0.005054349159632987,0.38114748348107613,0.9017170548439026,0.9013354778289795,0.0003815770149231401,5,3,17
vit_b16,oxford_pets,random,74,3,17,0.8235294117647058,0,0.0,0,0.0,tiny_imagenet,tiny_imagenet,1,tiny_imagenet,tiny_imagenet,octmnist,octmnist,octmnist|rendered_sst2|stl10,octmnist|rendered_sst2|stl10,14,3,0.7857142857142857,0.9182065211409244,0.9131340519997521,0.00507246914117232,0.382513907751801,0.9017170548439026,0.899046003818512,0.0026710510253906694,5,3,17
vit_b16,oxford_pets,random,75,3,17,0.8235294117647058,0,0.3333333333333333,0,0.3333333333333333,tiny_imagenet,tiny_imagenet,1,tiny_imagenet,tiny_imagenet,cifar100,cifar100_shared_images,breastmnist|cifar100|cifar100_coarse,breastmnist|cifar100_shared_images,14,2,0.8571428571428572,0.9182065211409244,0.9163043454775345,0.0019021756633899045,0.14344269545728297,0.9017170548439026,0.9012809514999389,0.00043610334396371186,5,3,17
vit_b16,oxford_pets,random,76,3,17,0.8235294117647058,0,0.3333333333333333,0,0.3333333333333333,tiny_imagenet,tiny_imagenet,1,tiny_imagenet,tiny_imagenet,organcmnist,organmnist_views,organcmnist|organsmnist|rendered_sst2,organmnist_views|rendered_sst2,14,2,0.8571428571428572,0.9182065211409244,0.9162137629318498,0.00199275820907463,0.15027350754497612,0.9017170548439026,0.8973561882972717,0.004360866546630926,5,3,17
vit_b16,oxford_pets,random,77,3,17,0.8235294117647058,0,0.6666666666666666,0,0.6666666666666666,tiny_imagenet,tiny_imagenet,1,tiny_imagenet,tiny_imagenet,cifar100,cifar100_shared_images,cifar100|organamnist|organcmnist,cifar100_shared_images|organmnist_views,14,2,0.8571428571428572,0.9182065211409244,0.9163043454775345,0.0019021756633899045,0.14344269545728297,0.9017170548439026,0.9012809514999389,0.00043610334396371186,5,3,17
vit_b16,oxford_pets,random,78,3,17,0.8235294117647058,0,0.0,0,0.3333333333333333,tiny_imagenet,tiny_imagenet,1,tiny_imagenet,tiny_imagenet,cifar100_coarse,cifar100_shared_images,cifar100_coarse|octmnist|tissuemnist,cifar100_shared_images|octmnist|tissuemnist,14,3,0.7857142857142857,0.9182065211409244,0.9131521719812914,0.005054349159632987,0.38114748348107613,0.9017170548439026,0.9013354778289795,0.0003815770149231401,5,3,17
vit_b16,oxford_pets,random,79,3,17,0.8235294117647058,1,0.6666666666666666,1,0.6666666666666666,tiny_imagenet,tiny_imagenet,1,tiny_imagenet,tiny_imagenet,tiny_imagenet,tiny_imagenet,breastmnist|cifar100|tiny_imagenet,breastmnist|cifar100_shared_images|tiny_imagenet,14,3,0.7857142857142857,0.9182065211409244,0.9182065211409244,0.0,0.0,0.9017170548439026,0.9017170548439026,0.0,5,3,17
vit_b16,oxford_pets,random,80,3,17,0.8235294117647058,1,0.3333333333333333,1,0.3333333333333333,tiny_imagenet,tiny_imagenet,1,tiny_imagenet,tiny_imagenet,tiny_imagenet,tiny_imagenet,breastmnist|octmnist|tiny_imagenet,breastmnist|octmnist|tiny_imagenet,14,3,0.7857142857142857,0.9182065211409244,0.9182065211409244,0.0,0.0,0.9017170548439026,0.9017170548439026,0.0,5,3,17
vit_b16,oxford_pets,random,81,3,17,0.8235294117647058,0,0.0,0,0.0,tiny_imagenet,tiny_imagenet,1,tiny_imagenet,tiny_imagenet,octmnist,octmnist,octmnist|rendered_sst2|retinamnist,octmnist|rendered_sst2|retinamnist,14,3,0.7857142857142857,0.9182065211409244,0.9131340519997521,0.00507246914117232,0.382513907751801,0.9017170548439026,0.899046003818512,0.0026710510253906694,5,3,17
vit_b16,oxford_pets,random,82,3,17,0.8235294117647058,0,0.0,0,0.0,tiny_imagenet,tiny_imagenet,1,tiny_imagenet,tiny_imagenet,octmnist,octmnist,octmnist|pathmnist|tissuemnist,octmnist|pathmnist|tissuemnist,14,3,0.7857142857142857,0.9182065211409244,0.9131340519997521,0.00507246914117232,0.382513907751801,0.9017170548439026,0.899046003818512,0.0026710510253906694,5,3,17
vit_b16,oxford_pets,random,83,3,17,0.8235294117647058,0,0.3333333333333333,0,0.3333333333333333,tiny_imagenet,tiny_imagenet,1,tiny_imagenet,tiny_imagenet,cifar100,cifar100_shared_images,cifar100|dermamnist|pneumoniamnist,cifar100_shared_images|dermamnist|pneumoniamnist,14,3,0.7857142857142857,0.9182065211409244,0.9163043454775345,0.0019021756633899045,0.14344269545728297,0.9017170548439026,0.9012809514999389,0.00043610334396371186,5,3,17
vit_b16,oxford_pets,random,84,3,17,0.8235294117647058,0,0.0,0,0.0,tiny_imagenet,tiny_imagenet,1,tiny_imagenet,tiny_imagenet,octmnist,octmnist,breastmnist|octmnist|stl10,breastmnist|octmnist|stl10,14,3,0.7857142857142857,0.9182065211409244,0.9131340519997521,0.00507246914117232,0.382513907751801,0.9017170548439026,0.899046003818512,0.0026710510253906694,5,3,17
vit_b16,oxford_pets,random,85,3,17,0.8235294117647058,0,0.0,0,0.3333333333333333,tiny_imagenet,tiny_imagenet,1,tiny_imagenet,tiny_imagenet,organamnist,organmnist_views,dermamnist|organamnist|organsmnist,dermamnist|organmnist_views,14,2,0.8571428571428572,0.9182065211409244,0.9149094179099884,0.003297103230936016,0.24863391102561658,0.9017170548439026,0.8964840173721313,0.005233037471771285,5,3,17
vit_b16,oxford_pets,random,86,3,17,0.8235294117647058,0,0.0,0,0.3333333333333333,tiny_imagenet,tiny_imagenet,1,tiny_imagenet,tiny_imagenet,organsmnist,organmnist_views,organsmnist|rendered_sst2|stl10,organmnist_views|rendered_sst2|stl10,14,3,0.7857142857142857,0.9182065211409244,0.9135688377884419,0.004637683352482491,0.34972679630014647,0.9017170548439026,0.8959388971328736,0.005778157711029075,5,3,17
vit_b16,oxford_pets,random,87,3,17,0.8235294117647058,0,0.0,0,0.0,tiny_imagenet,tiny_imagenet,1,tiny_imagenet,tiny_imagenet,bloodmnist,bloodmnist,bloodmnist|dermamnist|retinamnist,bloodmnist|dermamnist|retinamnist,14,3,0.7857142857142857,0.9182065211409244,0.9124094147256752,0.00579710641524922,0.4371586631353117,0.9017170548439026,0.8968655824661255,0.004851472377777166,5,3,17
vit_b16,oxford_pets,random,88,3,17,0.8235294117647058,0,0.0,0,0.3333333333333333,tiny_imagenet,tiny_imagenet,1,tiny_imagenet,tiny_imagenet,cifar100_coarse,cifar100_shared_images,cifar100_coarse|pneumoniamnist|stl10,cifar100_shared_images|pneumoniamnist|stl10,14,3,0.7857142857142857,0.9182065211409244,0.9131521719812914,0.005054349159632987,0.38114748348107613,0.9017170548439026,0.9013354778289795,0.0003815770149231401,5,3,17
vit_b16,oxford_pets,random,89,3,17,0.8235294117647058,1,0.3333333333333333,1,0.3333333333333333,tiny_imagenet,tiny_imagenet,1,tiny_imagenet,tiny_imagenet,tiny_imagenet,tiny_imagenet,pneumoniamnist|tiny_imagenet|tissuemnist,pneumoniamnist|tiny_imagenet|tissuemnist,14,3,0.7857142857142857,0.9182065211409244,0.9182065211409244,0.0,0.0,0.9017170548439026,0.9017170548439026,0.0,5,3,17
vit_b16,oxford_pets,random,90,3,17,0.8235294117647058,0,0.0,0,0.0,tiny_imagenet,tiny_imagenet,1,tiny_imagenet,tiny_imagenet,octmnist,octmnist,bloodmnist|dermamnist|octmnist,bloodmnist|dermamnist|octmnist,14,3,0.7857142857142857,0.9182065211409244,0.9131340519997521,0.00507246914117232,0.382513907751801,0.9017170548439026,0.899046003818512,0.0026710510253906694,5,3,17
vit_b16,oxford_pets,random,91,3,17,0.8235294117647058,0,0.0,0,0.3333333333333333,tiny_imagenet,tiny_imagenet,1,tiny_imagenet,tiny_imagenet,organsmnist,organmnist_views,organsmnist|pathmnist|retinamnist,organmnist_views|pathmnist|retinamnist,14,3,0.7857142857142857,0.9182065211409244,0.9135688377884419,0.004637683352482491,0.34972679630014647,0.9017170548439026,0.8959388971328736,0.005778157711029075,5,3,17
vit_b16,oxford_pets,random,92,3,17,0.8235294117647058,0,0.0,0,0.0,tiny_imagenet,tiny_imagenet,1,tiny_imagenet,tiny_imagenet,octmnist,octmnist,octmnist|rendered_sst2|tissuemnist,octmnist|rendered_sst2|tissuemnist,14,3,0.7857142857142857,0.9182065211409244,0.9131340519997521,0.00507246914117232,0.382513907751801,0.9017170548439026,0.899046003818512,0.0026710510253906694,5,3,17
vit_b16,oxford_pets,random,93,3,17,0.8235294117647058,0,0.0,0,0.3333333333333333,tiny_imagenet,tiny_imagenet,1,tiny_imagenet,tiny_imagenet,organsmnist,organmnist_views,breastmnist|organsmnist|rendered_sst2,breastmnist|organmnist_views|rendered_sst2,14,3,0.7857142857142857,0.9182065211409244,0.9135688377884419,0.004637683352482491,0.34972679630014647,0.9017170548439026,0.8959388971328736,0.005778157711029075,5,3,17
vit_b16,oxford_pets,random,94,3,17,0.8235294117647058,0,0.3333333333333333,0,0.3333333333333333,tiny_imagenet,tiny_imagenet,1,tiny_imagenet,tiny_imagenet,cifar100,cifar100_shared_images,bloodmnist|cifar100|rendered_sst2,bloodmnist|cifar100_shared_images|rendered_sst2,14,3,0.7857142857142857,0.9182065211409244,0.9163043454775345,0.0019021756633899045,0.14344269545728297,0.9017170548439026,0.9012809514999389,0.00043610334396371186,5,3,17
vit_b16,oxford_pets,random,95,3,17,0.8235294117647058,1,0.3333333333333333,1,0.3333333333333333,tiny_imagenet,tiny_imagenet,1,tiny_imagenet,tiny_imagenet,tiny_imagenet,tiny_imagenet,cifar10|dermamnist|tiny_imagenet,cifar10|dermamnist|tiny_imagenet,14,3,0.7857142857142857,0.9182065211409244,0.9182065211409244,0.0,0.0,0.9017170548439026,0.9017170548439026,0.0,5,3,17
vit_b16,oxford_pets,random,96,3,17,0.8235294117647058,0,0.0,0,0.0,tiny_imagenet,tiny_imagenet,1,tiny_imagenet,tiny_imagenet,pathmnist,pathmnist,bloodmnist|pathmnist|rendered_sst2,bloodmnist|pathmnist|rendered_sst2,14,3,0.7857142857142857,0.9182065211409244,0.9125000036766997,0.005706517464224681,0.43032736802219357,0.9017170548439026,0.8985554218292237,0.0031616330146789773,5,3,17
vit_b16,oxford_pets,random,97,3,17,0.8235294117647058,0,0.3333333333333333,0,0.3333333333333333,tiny_imagenet,tiny_imagenet,1,tiny_imagenet,tiny_imagenet,cifar100,cifar100_shared_images,cifar100|retinamnist|tissuemnist,cifar100_shared_images|retinamnist|tissuemnist,14,3,0.7857142857142857,0.9182065211409244,0.9163043454775345,0.0019021756633899045,0.14344269545728297,0.9017170548439026,0.9012809514999389,0.00043610334396371186,5,3,17
vit_b16,oxford_pets,random,98,3,17,0.8235294117647058,0,0.0,0,0.0,tiny_imagenet,tiny_imagenet,1,tiny_imagenet,tiny_imagenet,octmnist,octmnist,dermamnist|octmnist|rendered_sst2,dermamnist|octmnist|rendered_sst2,14,3,0.7857142857142857,0.9182065211409244,0.9131340519997521,0.00507246914117232,0.382513907751801,0.9017170548439026,0.899046003818512,0.0026710510253906694,5,3,17
vit_b16,oxford_pets,random,99,3,17,0.8235294117647058,1,0.3333333333333333,1,0.3333333333333333,tiny_imagenet,tiny_imagenet,1,tiny_imagenet,tiny_imagenet,tiny_imagenet,tiny_imagenet,cifar10|stl10|tiny_imagenet,cifar10|stl10|tiny_imagenet,14,3,0.7857142857142857,0.9182065211409244,0.9182065211409244,0.0,0.0,0.9017170548439026,0.9017170548439026,0.0,5,3,17
vit_b16,oxford_pets,rank_only,-1,5,17,0.7058823529411764,1,0.6666666666666666,1,0.6666666666666666,tiny_imagenet,tiny_imagenet,1,tiny_imagenet,tiny_imagenet,tiny_imagenet,tiny_imagenet,tiny_imagenet|cifar100_coarse|cifar100|stl10|cifar10,cifar10|cifar100_shared_images|stl10|tiny_imagenet,14,4,0.7142857142857143,0.9182065211409244,0.9182065211409244,0.0,0.0,0.9017170548439026,0.9017170548439026,0.0,5,5,17
vit_b16,oxford_pets,facility_subspace,-1,5,17,0.7058823529411764,0,0.3333333333333333,0,0.6666666666666666,tiny_imagenet,tiny_imagenet,1,tiny_imagenet,tiny_imagenet,cifar100,cifar100_shared_images,organsmnist|cifar100|rendered_sst2|stl10|dermamnist,cifar100_shared_images|dermamnist|organmnist_views|rendered_sst2|stl10,14,5,0.6428571428571428,0.9182065211409244,0.9163043454775345,0.0019021756633899045,0.14344269545728297,0.9017170548439026,0.9012809514999389,0.00043610334396371186,5,5,17
vit_b16,oxford_pets,kcenter_subspace,-1,5,17,0.7058823529411764,1,0.3333333333333333,1,0.3333333333333333,tiny_imagenet,tiny_imagenet,1,tiny_imagenet,tiny_imagenet,tiny_imagenet,tiny_imagenet,tiny_imagenet|rendered_sst2|bloodmnist|stl10|octmnist,bloodmnist|octmnist|rendered_sst2|stl10|tiny_imagenet,14,5,0.6428571428571428,0.9182065211409244,0.9182065211409244,0.0,0.0,0.9017170548439026,0.9017170548439026,0.0,5,5,17
vit_b16,oxford_pets,dpp_subspace,-1,5,17,0.7058823529411764,1,0.3333333333333333,1,1.0,tiny_imagenet,tiny_imagenet,1,tiny_imagenet,tiny_imagenet,tiny_imagenet,tiny_imagenet,tiny_imagenet|stl10|cifar100_coarse|cifar10|organsmnist,cifar10|cifar100_shared_images|organmnist_views|stl10|tiny_imagenet,14,5,0.6428571428571428,0.9182065211409244,0.9182065211409244,0.0,0.0,0.9017170548439026,0.9017170548439026,0.0,5,5,17
vit_b16,oxford_pets,pool_vendi_subspace,-1,5,17,0.7058823529411764,1,0.3333333333333333,1,0.3333333333333333,tiny_imagenet,tiny_imagenet,1,tiny_imagenet,tiny_imagenet,tiny_imagenet,tiny_imagenet,tiny_imagenet|rendered_sst2|bloodmnist|stl10|octmnist,bloodmnist|octmnist|rendered_sst2|stl10|tiny_imagenet,14,5,0.6428571428571428,0.9182065211409244,0.9182065211409244,0.0,0.0,0.9017170548439026,0.9017170548439026,0.0,5,5,17
vit_b16,oxford_pets,full_merged_rank,-1,5,17,0.7058823529411764,1,0.6666666666666666,1,0.6666666666666666,tiny_imagenet,tiny_imagenet,1,tiny_imagenet,tiny_imagenet,tiny_imagenet,tiny_imagenet,tiny_imagenet|stl10|cifar100_coarse|cifar100|cifar10,cifar10|cifar100_shared_images|stl10|tiny_imagenet,14,4,0.7142857142857143,0.9182065211409244,0.9182065211409244,0.0,0.0,0.9017170548439026,0.9017170548439026,0.0,5,5,17
vit_b16,oxford_pets,random,0,5,17,0.7058823529411764,0,0.6666666666666666,0,0.6666666666666666,tiny_imagenet,tiny_imagenet,1,tiny_imagenet,tiny_imagenet,cifar100,cifar100_shared_images,cifar10|cifar100|cifar100_coarse|organcmnist|pathmnist,cifar10|cifar100_shared_images|organmnist_views|pathmnist,14,4,0.7142857142857143,0.9182065211409244,0.9163043454775345,0.0019021756633899045,0.14344269545728297,0.9017170548439026,0.9012809514999389,0.00043610334396371186,5,5,17
vit_b16,oxford_pets,random,1,5,17,0.7058823529411764,0,0.3333333333333333,0,0.3333333333333333,tiny_imagenet,tiny_imagenet,1,tiny_imagenet,tiny_imagenet,cifar100,cifar100_shared_images,breastmnist|cifar100|cifar100_coarse|pneumoniamnist|rendered_sst2,breastmnist|cifar100_shared_images|pneumoniamnist|rendered_sst2,14,4,0.7142857142857143,0.9182065211409244,0.9163043454775345,0.0019021756633899045,0.14344269545728297,0.9017170548439026,0.9012809514999389,0.00043610334396371186,5,5,17
vit_b16,oxford_pets,random,2,5,17,0.7058823529411764,0,0.0,0,0.3333333333333333,tiny_imagenet,tiny_imagenet,1,tiny_imagenet,tiny_imagenet,organamnist,organmnist_views,breastmnist|cifar10|dermamnist|organamnist|retinamnist,breastmnist|cifar10|dermamnist|organmnist_views|retinamnist,14,5,0.6428571428571428,0.9182065211409244,0.9149094179099884,0.003297103230936016,0.24863391102561658,0.9017170548439026,0.8964840173721313,0.005233037471771285,5,5,17
vit_b16,oxford_pets,random,3,5,17,0.7058823529411764,0,0.0,0,0.3333333333333333,tiny_imagenet,tiny_imagenet,1,tiny_imagenet,tiny_imagenet,organamnist,organmnist_views,cifar10|organamnist|organsmnist|pathmnist|stl10,cifar10|organmnist_views|pathmnist|stl10,14,4,0.7142857142857143,0.9182065211409244,0.9149094179099884,0.003297103230936016,0.24863391102561658,0.9017170548439026,0.8964840173721313,0.005233037471771285,5,5,17
vit_b16,oxford_pets,random,4,5,17,0.7058823529411764,0,0.3333333333333333,0,0.3333333333333333,tiny_imagenet,tiny_imagenet,1,tiny_imagenet,tiny_imagenet,cifar100,cifar100_shared_images,cifar10|cifar100|pathmnist|pneumoniamnist|tissuemnist,cifar10|cifar100_shared_images|pathmnist|pneumoniamnist|tissuemnist,14,5,0.6428571428571428,0.9182065211409244,0.9163043454775345,0.0019021756633899045,0.14344269545728297,0.9017170548439026,0.9012809514999389,0.00043610334396371186,5,5,17
vit_b16,oxford_pets,random,5,5,17,0.7058823529411764,0,0.3333333333333333,0,0.3333333333333333,tiny_imagenet,tiny_imagenet,1,tiny_imagenet,tiny_imagenet,cifar100,cifar100_shared_images,cifar100|cifar100_coarse|dermamnist|pneumoniamnist|retinamnist,cifar100_shared_images|dermamnist|pneumoniamnist|retinamnist,14,4,0.7142857142857143,0.9182065211409244,0.9163043454775345,0.0019021756633899045,0.14344269545728297,0.9017170548439026,0.9012809514999389,0.00043610334396371186,5,5,17
vit_b16,oxford_pets,random,6,5,17,0.7058823529411764,0,0.0,0,0.0,tiny_imagenet,tiny_imagenet,1,tiny_imagenet,tiny_imagenet,breastmnist,breastmnist,bloodmnist|breastmnist|pathmnist|pneumoniamnist|retinamnist,bloodmnist|breastmnist|pathmnist|pneumoniamnist|retinamnist,14,5,0.6428571428571428,0.9182065211409244,0.9125905759503012,0.0056159451906231395,0.4234973305502881,0.9017170548439026,0.8993731021881104,0.0023439526557922363,5,5,17
vit_b16,oxford_pets,random,7,5,17,0.7058823529411764,0,0.0,0,0.3333333333333333,tiny_imagenet,tiny_imagenet,1,tiny_imagenet,tiny_imagenet,organamnist,organmnist_views,bloodmnist|dermamnist|organamnist|organsmnist|pneumoniamnist,bloodmnist|dermamnist|organmnist_views|pneumoniamnist,14,4,0.7142857142857143,0.9182065211409244,0.9149094179099884,0.003297103230936016,0.24863391102561658,0.9017170548439026,0.8964840173721313,0.005233037471771285,5,5,17
vit_b16,oxford_pets,random,8,5,17,0.7058823529411764,0,0.0,0,0.6666666666666666,tiny_imagenet,tiny_imagenet,1,tiny_imagenet,tiny_imagenet,organsmnist,organmnist_views,cifar100_coarse|octmnist|organsmnist|rendered_sst2|stl10,cifar100_shared_images|octmnist|organmnist_views|rendered_sst2|stl10,14,5,0.6428571428571428,0.9182065211409244,0.9135688377884419,0.004637683352482491,0.34972679630014647,0.9017170548439026,0.8959388971328736,0.005778157711029075,5,5,17
vit_b16,oxford_pets,random,9,5,17,0.7058823529411764,0,0.0,0,0.3333333333333333,tiny_imagenet,tiny_imagenet,1,tiny_imagenet,tiny_imagenet,organsmnist,organmnist_views,breastmnist|dermamnist|octmnist|organsmnist|tissuemnist,breastmnist|dermamnist|octmnist|organmnist_views|tissuemnist,14,5,0.6428571428571428,0.9182065211409244,0.9135688377884419,0.004637683352482491,0.34972679630014647,0.9017170548439026,0.8959388971328736,0.005778157711029075,5,5,17
vit_b16,oxford_pets,random,10,5,17,0.7058823529411764,1,0.6666666666666666,1,0.6666666666666666,tiny_imagenet,tiny_imagenet,1,tiny_imagenet,tiny_imagenet,tiny_imagenet,tiny_imagenet,bloodmnist|cifar100|rendered_sst2|stl10|tiny_imagenet,bloodmnist|cifar100_shared_images|rendered_sst2|stl10|tiny_imagenet,14,5,0.6428571428571428,0.9182065211409244,0.9182065211409244,0.0,0.0,0.9017170548439026,0.9017170548439026,0.0,5,5,17
vit_b16,oxford_pets,random,11,5,17,0.7058823529411764,0,0.3333333333333333,0,0.6666666666666666,tiny_imagenet,tiny_imagenet,1,tiny_imagenet,tiny_imagenet,cifar100,cifar100_shared_images,bloodmnist|cifar100|dermamnist|organamnist|rendered_sst2,bloodmnist|cifar100_shared_images|dermamnist|organmnist_views|rendered_sst2,14,5,0.6428571428571428,0.9182065211409244,0.9163043454775345,0.0019021756633899045,0.14344269545728297,0.9017170548439026,0.9012809514999389,0.00043610334396371186,5,5,17
vit_b16,oxford_pets,random,12,5,17,0.7058823529411764,0,0.0,0,0.0,tiny_imagenet,tiny_imagenet,1,tiny_imagenet,tiny_imagenet,bloodmnist,bloodmnist,bloodmnist|dermamnist|pneumoniamnist|retinamnist|stl10,bloodmnist|dermamnist|pneumoniamnist|retinamnist|stl10,14,5,0.6428571428571428,0.9182065211409244,0.9124094147256752,0.00579710641524922,0.4371586631353117,0.9017170548439026,0.8968655824661255,0.004851472377777166,5,5,17
vit_b16,oxford_pets,random,13,5,17,0.7058823529411764,1,0.3333333333333333,1,0.6666666666666666,tiny_imagenet,tiny_imagenet,1,tiny_imagenet,tiny_imagenet,tiny_imagenet,tiny_imagenet,cifar10|dermamnist|organamnist|organsmnist|tiny_imagenet,cifar10|dermamnist|organmnist_views|tiny_imagenet,14,4,0.7142857142857143,0.9182065211409244,0.9182065211409244,0.0,0.0,0.9017170548439026,0.9017170548439026,0.0,5,5,17
vit_b16,oxford_pets,random,14,5,17,0.7058823529411764,0,0.3333333333333333,0,0.6666666666666666,tiny_imagenet,tiny_imagenet,1,tiny_imagenet,tiny_imagenet,cifar100,cifar100_shared_images,cifar100|octmnist|organamnist|retinamnist|tissuemnist,cifar100_shared_images|octmnist|organmnist_views|retinamnist|tissuemnist,14,5,0.6428571428571428,0.9182065211409244,0.9163043454775345,0.0019021756633899045,0.14344269545728297,0.9017170548439026,0.9012809514999389,0.00043610334396371186,5,5,17
vit_b16,oxford_pets,random,15,5,17,0.7058823529411764,0,0.0,0,0.3333333333333333,tiny_imagenet,tiny_imagenet,1,tiny_imagenet,tiny_imagenet,cifar100_coarse,cifar100_shared_images,bloodmnist|cifar100_coarse|pneumoniamnist|stl10|tissuemnist,bloodmnist|cifar100_shared_images|pneumoniamnist|stl10|tissuemnist,14,5,0.6428571428571428,0.9182065211409244,0.9131521719812914,0.005054349159632987,0.38114748348107613,0.9017170548439026,0.9013354778289795,0.0003815770149231401,5,5,17
vit_b16,oxford_pets,random,16,5,17,0.7058823529411764,1,0.3333333333333333,1,0.6666666666666666,tiny_imagenet,tiny_imagenet,1,tiny_imagenet,tiny_imagenet,tiny_imagenet,tiny_imagenet,bloodmnist|breastmnist|cifar10|organsmnist|tiny_imagenet,bloodmnist|breastmnist|cifar10|organmnist_views|tiny_imagenet,14,5,0.6428571428571428,0.9182065211409244,0.9182065211409244,0.0,0.0,0.9017170548439026,0.9017170548439026,0.0,5,5,17
vit_b16,oxford_pets,random,17,5,17,0.7058823529411764,0,0.3333333333333333,0,0.3333333333333333,tiny_imagenet,tiny_imagenet,1,tiny_imagenet,tiny_imagenet,organcmnist,organmnist_views,organcmnist|organsmnist|rendered_sst2|retinamnist|stl10,organmnist_views|rendered_sst2|retinamnist|stl10,14,4,0.7142857142857143,0.9182065211409244,0.9162137629318498,0.00199275820907463,0.15027350754497612,0.9017170548439026,0.8973561882972717,0.004360866546630926,5,5,17
vit_b16,oxford_pets,random,18,5,17,0.7058823529411764,1,0.3333333333333333,1,0.3333333333333333,tiny_imagenet,tiny_imagenet,1,tiny_imagenet,tiny_imagenet,tiny_imagenet,tiny_imagenet,cifar10|pathmnist|rendered_sst2|stl10|tiny_imagenet,cifar10|pathmnist|rendered_sst2|stl10|tiny_imagenet,14,5,0.6428571428571428,0.9182065211409244,0.9182065211409244,0.0,0.0,0.9017170548439026,0.9017170548439026,0.0,5,5,17
vit_b16,oxford_pets,random,19,5,17,0.7058823529411764,0,0.3333333333333333,0,0.3333333333333333,tiny_imagenet,tiny_imagenet,1,tiny_imagenet,tiny_imagenet,organcmnist,organmnist_views,bloodmnist|organcmnist|pathmnist|rendered_sst2|retinamnist,bloodmnist|organmnist_views|pathmnist|rendered_sst2|retinamnist,14,5,0.6428571428571428,0.9182065211409244,0.9162137629318498,0.00199275820907463,0.15027350754497612,0.9017170548439026,0.8973561882972717,0.004360866546630926,5,5,17
vit_b16,oxford_pets,random,20,5,17,0.7058823529411764,0,0.3333333333333333,0,0.6666666666666666,tiny_imagenet,tiny_imagenet,1,tiny_imagenet,tiny_imagenet,organcmnist,organmnist_views,bloodmnist|cifar100_coarse|octmnist|organcmnist|retinamnist,bloodmnist|cifar100_shared_images|octmnist|organmnist_views|retinamnist,14,5,0.6428571428571428,0.9182065211409244,0.9162137629318498,0.00199275820907463,0.15027350754497612,0.9017170548439026,0.8973561882972717,0.004360866546630926,5,5,17
vit_b16,oxford_pets,random,21,5,17,0.7058823529411764,0,0.3333333333333333,0,0.6666666666666666,tiny_imagenet,tiny_imagenet,1,tiny_imagenet,tiny_imagenet,organcmnist,organmnist_views,bloodmnist|cifar100_coarse|octmnist|organcmnist|pneumoniamnist,bloodmnist|cifar100_shared_images|octmnist|organmnist_views|pneumoniamnist,14,5,0.6428571428571428,0.9182065211409244,0.9162137629318498,0.00199275820907463,0.15027350754497612,0.9017170548439026,0.8973561882972717,0.004360866546630926,5,5,17
vit_b16,oxford_pets,random,22,5,17,0.7058823529411764,0,0.0,0,0.3333333333333333,tiny_imagenet,tiny_imagenet,1,tiny_imagenet,tiny_imagenet,organamnist,organmnist_views,breastmnist|dermamnist|organamnist|stl10|tissuemnist,breastmnist|dermamnist|organmnist_views|stl10|tissuemnist,14,5,0.6428571428571428,0.9182065211409244,0.9149094179099884,0.003297103230936016,0.24863391102561658,0.9017170548439026,0.8964840173721313,0.005233037471771285,5,5,17
vit_b16,oxford_pets,random,23,5,17,0.7058823529411764,0,0.3333333333333333,0,0.3333333333333333,tiny_imagenet,tiny_imagenet,1,tiny_imagenet,tiny_imagenet,organcmnist,organmnist_views,octmnist|organamnist|organcmnist|pathmnist|retinamnist,octmnist|organmnist_views|pathmnist|retinamnist,14,4,0.7142857142857143,0.9182065211409244,0.9162137629318498,0.00199275820907463,0.15027350754497612,0.9017170548439026,0.8973561882972717,0.004360866546630926,5,5,17
vit_b16,oxford_pets,random,24,5,17,0.7058823529411764,0,0.3333333333333333,0,0.6666666666666666,tiny_imagenet,tiny_imagenet,1,tiny_imagenet,tiny_imagenet,cifar100,cifar100_shared_images,cifar10|cifar100|octmnist|organamnist|stl10,cifar10|cifar100_shared_images|octmnist|organmnist_views|stl10,14,5,0.6428571428571428,0.9182065211409244,0.9163043454775345,0.0019021756633899045,0.14344269545728297,0.9017170548439026,0.9012809514999389,0.00043610334396371186,5,5,17
vit_b16,oxford_pets,random,25,5,17,0.7058823529411764,0,0.0,0,0.6666666666666666,tiny_imagenet,tiny_imagenet,1,tiny_imagenet,tiny_imagenet,organamnist,organmnist_views,cifar100_coarse|dermamnist|organamnist|pathmnist|pneumoniamnist,cifar100_shared_images|dermamnist|organmnist_views|pathmnist|pneumoniamnist,14,5,0.6428571428571428,0.9182065211409244,0.9149094179099884,0.003297103230936016,0.24863391102561658,0.9017170548439026,0.8964840173721313,0.005233037471771285,5,5,17
vit_b16,oxford_pets,random,26,5,17,0.7058823529411764,0,0.0,0,0.6666666666666666,tiny_imagenet,tiny_imagenet,1,tiny_imagenet,tiny_imagenet,organsmnist,organmnist_views,bloodmnist|cifar100_coarse|dermamnist|octmnist|organsmnist,bloodmnist|cifar100_shared_images|dermamnist|octmnist|organmnist_views,14,5,0.6428571428571428,0.9182065211409244,0.9135688377884419,0.004637683352482491,0.34972679630014647,0.9017170548439026,0.8959388971328736,0.005778157711029075,5,5,17
vit_b16,oxford_pets,random,27,5,17,0.7058823529411764,0,0.6666666666666666,0,0.6666666666666666,tiny_imagenet,tiny_imagenet,1,tiny_imagenet,tiny_imagenet,cifar100,cifar100_shared_images,bloodmnist|cifar100|organcmnist|pneumoniamnist|rendered_sst2,bloodmnist|cifar100_shared_images|organmnist_views|pneumoniamnist|rendered_sst2,14,5,0.6428571428571428,0.9182065211409244,0.9163043454775345,0.0019021756633899045,0.14344269545728297,0.9017170548439026,0.9012809514999389,0.00043610334396371186,5,5,17
vit_b16,oxford_pets,random,28,5,17,0.7058823529411764,0,0.0,0,0.0,tiny_imagenet,tiny_imagenet,1,tiny_imagenet,tiny_imagenet,breastmnist,breastmnist,breastmnist|cifar10|dermamnist|pathmnist|rendered_sst2,breastmnist|cifar10|dermamnist|pathmnist|rendered_sst2,14,5,0.6428571428571428,0.9182065211409244,0.9125905759503012,0.0056159451906231395,0.4234973305502881,0.9017170548439026,0.8993731021881104,0.0023439526557922363,5,5,17
vit_b16,oxford_pets,random,29,5,17,0.7058823529411764,0,0.0,0,0.3333333333333333,tiny_imagenet,tiny_imagenet,1,tiny_imagenet,tiny_imagenet,cifar100_coarse,cifar100_shared_images,cifar100_coarse|octmnist|pathmnist|pneumoniamnist|retinamnist,cifar100_shared_images|octmnist|pathmnist|pneumoniamnist|retinamnist,14,5,0.6428571428571428,0.9182065211409244,0.9131521719812914,0.005054349159632987,0.38114748348107613,0.9017170548439026,0.9013354778289795,0.0003815770149231401,5,5,17
vit_b16,oxford_pets,random,30,5,17,0.7058823529411764,1,0.3333333333333333,1,0.6666666666666666,tiny_imagenet,tiny_imagenet,1,tiny_imagenet,tiny_imagenet,tiny_imagenet,tiny_imagenet,bloodmnist|cifar10|cifar100_coarse|dermamnist|tiny_imagenet,bloodmnist|cifar10|cifar100_shared_images|dermamnist|tiny_imagenet,14,5,0.6428571428571428,0.9182065211409244,0.9182065211409244,0.0,0.0,0.9017170548439026,0.9017170548439026,0.0,5,5,17
vit_b16,oxford_pets,random,31,5,17,0.7058823529411764,1,0.3333333333333333,1,0.6666666666666666,tiny_imagenet,tiny_imagenet,1,tiny_imagenet,tiny_imagenet,tiny_imagenet,tiny_imagenet,organamnist|pathmnist|pneumoniamnist|rendered_sst2|tiny_imagenet,organmnist_views|pathmnist|pneumoniamnist|rendered_sst2|tiny_imagenet,14,5,0.6428571428571428,0.9182065211409244,0.9182065211409244,0.0,0.0,0.9017170548439026,0.9017170548439026,0.0,5,5,17
vit_b16,oxford_pets,random,32,5,17,0.7058823529411764,1,0.6666666666666666,1,0.6666666666666666,tiny_imagenet,tiny_imagenet,1,tiny_imagenet,tiny_imagenet,tiny_imagenet,tiny_imagenet,bloodmnist|organcmnist|pneumoniamnist|tiny_imagenet|tissuemnist,bloodmnist|organmnist_views|pneumoniamnist|tiny_imagenet|tissuemnist,14,5,0.6428571428571428,0.9182065211409244,0.9182065211409244,0.0,0.0,0.9017170548439026,0.9017170548439026,0.0,5,5,17
vit_b16,oxford_pets,random,33,5,17,0.7058823529411764,1,0.3333333333333333,1,0.3333333333333333,tiny_imagenet,tiny_imagenet,1,tiny_imagenet,tiny_imagenet,tiny_imagenet,tiny_imagenet,breastmnist|octmnist|rendered_sst2|tiny_imagenet|tissuemnist,breastmnist|octmnist|rendered_sst2|tiny_imagenet|tissuemnist,14,5,0.6428571428571428,0.9182065211409244,0.9182065211409244,0.0,0.0,0.9017170548439026,0.9017170548439026,0.0,5,5,17
vit_b16,oxford_pets,random,34,5,17,0.7058823529411764,0,0.0,0,0.3333333333333333,tiny_imagenet,tiny_imagenet,1,tiny_imagenet,tiny_imagenet,organamnist,organmnist_views,dermamnist|organamnist|retinamnist|stl10|tissuemnist,dermamnist|organmnist_views|retinamnist|stl10|tissuemnist,14,5,0.6428571428571428,0.9182065211409244,0.9149094179099884,0.003297103230936016,0.24863391102561658,0.9017170548439026,0.8964840173721313,0.005233037471771285,5,5,17
vit_b16,oxford_pets,random,35,5,17,0.7058823529411764,0,0.3333333333333333,0,0.3333333333333333,tiny_imagenet,tiny_imagenet,1,tiny_imagenet,tiny_imagenet,organcmnist,organmnist_views,dermamnist|organcmnist|pathmnist|rendered_sst2|retinamnist,dermamnist|organmnist_views|pathmnist|rendered_sst2|retinamnist,14,5,0.6428571428571428,0.9182065211409244,0.9162137629318498,0.00199275820907463,0.15027350754497612,0.9017170548439026,0.8973561882972717,0.004360866546630926,5,5,17
vit_b16,oxford_pets,random,36,5,17,0.7058823529411764,1,0.6666666666666666,1,0.6666666666666666,tiny_imagenet,tiny_imagenet,1,tiny_imagenet,tiny_imagenet,tiny_imagenet,tiny_imagenet,breastmnist|cifar100|cifar100_coarse|tiny_imagenet|tissuemnist,breastmnist|cifar100_shared_images|tiny_imagenet|tissuemnist,14,4,0.7142857142857143,0.9182065211409244,0.9182065211409244,0.0,0.0,0.9017170548439026,0.9017170548439026,0.0,5,5,17
vit_b16,oxford_pets,random,37,5,17,0.7058823529411764,1,0.3333333333333333,1,0.3333333333333333,tiny_imagenet,tiny_imagenet,1,tiny_imagenet,tiny_imagenet,tiny_imagenet,tiny_imagenet,bloodmnist|octmnist|rendered_sst2|retinamnist|tiny_imagenet,bloodmnist|octmnist|rendered_sst2|retinamnist|tiny_imagenet,14,5,0.6428571428571428,0.9182065211409244,0.9182065211409244,0.0,0.0,0.9017170548439026,0.9017170548439026,0.0,5,5,17
vit_b16,oxford_pets,random,38,5,17,0.7058823529411764,0,0.0,0,0.0,tiny_imagenet,tiny_imagenet,1,tiny_imagenet,tiny_imagenet,breastmnist,breastmnist,bloodmnist|breastmnist|pneumoniamnist|retinamnist|tissuemnist,bloodmnist|breastmnist|pneumoniamnist|retinamnist|tissuemnist,14,5,0.6428571428571428,0.9182065211409244,0.9125905759503012,0.0056159451906231395,0.4234973305502881,0.9017170548439026,0.8993731021881104,0.0023439526557922363,5,5,17
vit_b16,oxford_pets,random,39,5,17,0.7058823529411764,0,0.0,0,0.3333333333333333,tiny_imagenet,tiny_imagenet,1,tiny_imagenet,tiny_imagenet,organamnist,organmnist_views,cifar10|octmnist|organamnist|pneumoniamnist|rendered_sst2,cifar10|octmnist|organmnist_views|pneumoniamnist|rendered_sst2,14,5,0.6428571428571428,0.9182065211409244,0.9149094179099884,0.003297103230936016,0.24863391102561658,0.9017170548439026,0.8964840173721313,0.005233037471771285,5,5,17
vit_b16,oxford_pets,random,40,5,17,0.7058823529411764,0,0.3333333333333333,0,0.3333333333333333,tiny_imagenet,tiny_imagenet,1,tiny_imagenet,tiny_imagenet,cifar100,cifar100_shared_images,bloodmnist|breastmnist|cifar100|pneumoniamnist|stl10,bloodmnist|breastmnist|cifar100_shared_images|pneumoniamnist|stl10,14,5,0.6428571428571428,0.9182065211409244,0.9163043454775345,0.0019021756633899045,0.14344269545728297,0.9017170548439026,0.9012809514999389,0.00043610334396371186,5,5,17
vit_b16,oxford_pets,random,41,5,17,0.7058823529411764,0,0.3333333333333333,0,0.3333333333333333,tiny_imagenet,tiny_imagenet,1,tiny_imagenet,tiny_imagenet,organcmnist,organmnist_views,bloodmnist|organcmnist|pathmnist|pneumoniamnist|stl10,bloodmnist|organmnist_views|pathmnist|pneumoniamnist|stl10,14,5,0.6428571428571428,0.9182065211409244,0.9162137629318498,0.00199275820907463,0.15027350754497612,0.9017170548439026,0.8973561882972717,0.004360866546630926,5,5,17
vit_b16,oxford_pets,random,42,5,17,0.7058823529411764,1,0.3333333333333333,1,0.6666666666666666,tiny_imagenet,tiny_imagenet,1,tiny_imagenet,tiny_imagenet,tiny_imagenet,tiny_imagenet,octmnist|organamnist|pathmnist|tiny_imagenet|tissuemnist,octmnist|organmnist_views|pathmnist|tiny_imagenet|tissuemnist,14,5,0.6428571428571428,0.9182065211409244,0.9182065211409244,0.0,0.0,0.9017170548439026,0.9017170548439026,0.0,5,5,17
vit_b16,oxford_pets,random,43,5,17,0.7058823529411764,0,0.6666666666666666,0,0.6666666666666666,tiny_imagenet,tiny_imagenet,1,tiny_imagenet,tiny_imagenet,cifar100,cifar100_shared_images,cifar100|organamnist|organcmnist|organsmnist|pathmnist,cifar100_shared_images|organmnist_views|pathmnist,14,3,0.7857142857142857,0.9182065211409244,0.9163043454775345,0.0019021756633899045,0.14344269545728297,0.9017170548439026,0.9012809514999389,0.00043610334396371186,5,5,17
vit_b16,oxford_pets,random,44,5,17,0.7058823529411764,0,0.6666666666666666,0,0.6666666666666666,tiny_imagenet,tiny_imagenet,1,tiny_imagenet,tiny_imagenet,cifar100,cifar100_shared_images,cifar100|cifar100_coarse|octmnist|organcmnist|rendered_sst2,cifar100_shared_images|octmnist|organmnist_views|rendered_sst2,14,4,0.7142857142857143,0.9182065211409244,0.9163043454775345,0.0019021756633899045,0.14344269545728297,0.9017170548439026,0.9012809514999389,0.00043610334396371186,5,5,17
vit_b16,oxford_pets,random,45,5,17,0.7058823529411764,0,0.3333333333333333,0,0.3333333333333333,tiny_imagenet,tiny_imagenet,1,tiny_imagenet,tiny_imagenet,organcmnist,organmnist_views,dermamnist|octmnist|organcmnist|pathmnist|retinamnist,dermamnist|octmnist|organmnist_views|pathmnist|retinamnist,14,5,0.6428571428571428,0.9182065211409244,0.9162137629318498,0.00199275820907463,0.15027350754497612,0.9017170548439026,0.8973561882972717,0.004360866546630926,5,5,17
vit_b16,oxford_pets,random,46,5,17,0.7058823529411764,0,0.3333333333333333,0,0.6666666666666666,tiny_imagenet,tiny_imagenet,1,tiny_imagenet,tiny_imagenet,cifar100,cifar100_shared_images,cifar10|cifar100|octmnist|organsmnist|tissuemnist,cifar10|cifar100_shared_images|octmnist|organmnist_views|tissuemnist,14,5,0.6428571428571428,0.9182065211409244,0.9163043454775345,0.0019021756633899045,0.14344269545728297,0.9017170548439026,0.9012809514999389,0.00043610334396371186,5,5,17
vit_b16,oxford_pets,random,47,5,17,0.7058823529411764,0,0.3333333333333333,0,0.3333333333333333,tiny_imagenet,tiny_imagenet,1,tiny_imagenet,tiny_imagenet,organcmnist,organmnist_views,dermamnist|octmnist|organcmnist|organsmnist|tissuemnist,dermamnist|octmnist|organmnist_views|tissuemnist,14,4,0.7142857142857143,0.9182065211409244,0.9162137629318498,0.00199275820907463,0.15027350754497612,0.9017170548439026,0.8973561882972717,0.004360866546630926,5,5,17
vit_b16,oxford_pets,random,48,5,17,0.7058823529411764,0,0.0,0,0.3333333333333333,tiny_imagenet,tiny_imagenet,1,tiny_imagenet,tiny_imagenet,cifar100_coarse,cifar100_shared_images,breastmnist|cifar100_coarse|octmnist|pneumoniamnist|tissuemnist,breastmnist|cifar100_shared_images|octmnist|pneumoniamnist|tissuemnist,14,5,0.6428571428571428,0.9182065211409244,0.9131521719812914,0.005054349159632987,0.38114748348107613,0.9017170548439026,0.9013354778289795,0.0003815770149231401,5,5,17
vit_b16,oxford_pets,random,49,5,17,0.7058823529411764,0,0.0,0,0.6666666666666666,tiny_imagenet,tiny_imagenet,1,tiny_imagenet,tiny_imagenet,organsmnist,organmnist_views,cifar10|cifar100_coarse|organsmnist|rendered_sst2|stl10,cifar10|cifar100_shared_images|organmnist_views|rendered_sst2|stl10,14,5,0.6428571428571428,0.9182065211409244,0.9135688377884419,0.004637683352482491,0.34972679630014647,0.9017170548439026,0.8959388971328736,0.005778157711029075,5,5,17
vit_b16,oxford_pets,random,50,5,17,0.7058823529411764,0,0.0,0,0.3333333333333333,tiny_imagenet,tiny_imagenet,1,tiny_imagenet,tiny_imagenet,organsmnist,organmnist_views,organsmnist|pathmnist|rendered_sst2|retinamnist|tissuemnist,organmnist_views|pathmnist|rendered_sst2|retinamnist|tissuemnist,14,5,0.6428571428571428,0.9182065211409244,0.9135688377884419,0.004637683352482491,0.34972679630014647,0.9017170548439026,0.8959388971328736,0.005778157711029075,5,5,17
vit_b16,oxford_pets,random,51,5,17,0.7058823529411764,0,0.0,0,0.3333333333333333,tiny_imagenet,tiny_imagenet,1,tiny_imagenet,tiny_imagenet,organamnist,organmnist_views,octmnist|organamnist|organsmnist|pathmnist|retinamnist,octmnist|organmnist_views|pathmnist|retinamnist,14,4,0.7142857142857143,0.9182065211409244,0.9149094179099884,0.003297103230936016,0.24863391102561658,0.9017170548439026,0.8964840173721313,0.005233037471771285,5,5,17
vit_b16,oxford_pets,random,52,5,17,0.7058823529411764,1,0.6666666666666666,1,1.0,tiny_imagenet,tiny_imagenet,1,tiny_imagenet,tiny_imagenet,tiny_imagenet,tiny_imagenet,cifar100|dermamnist|octmnist|organsmnist|tiny_imagenet,cifar100_shared_images|dermamnist|octmnist|organmnist_views|tiny_imagenet,14,5,0.6428571428571428,0.9182065211409244,0.9182065211409244,0.0,0.0,0.9017170548439026,0.9017170548439026,0.0,5,5,17
vit_b16,oxford_pets,random,53,5,17,0.7058823529411764,0,0.3333333333333333,0,0.3333333333333333,tiny_imagenet,tiny_imagenet,1,tiny_imagenet,tiny_imagenet,organcmnist,organmnist_views,bloodmnist|breastmnist|dermamnist|organcmnist|retinamnist,bloodmnist|breastmnist|dermamnist|organmnist_views|retinamnist,14,5,0.6428571428571428,0.9182065211409244,0.9162137629318498,0.00199275820907463,0.15027350754497612,0.9017170548439026,0.8973561882972717,0.004360866546630926,5,5,17
vit_b16,oxford_pets,random,54,5,17,0.7058823529411764,0,0.0,0,0.3333333333333333,tiny_imagenet,tiny_imagenet,1,tiny_imagenet,tiny_imagenet,cifar100_coarse,cifar100_shared_images,cifar100_coarse|octmnist|pneumoniamnist|stl10|tissuemnist,cifar100_shared_images|octmnist|pneumoniamnist|stl10|tissuemnist,14,5,0.6428571428571428,0.9182065211409244,0.9131521719812914,0.005054349159632987,0.38114748348107613,0.9017170548439026,0.9013354778289795,0.0003815770149231401,5,5,17
vit_b16,oxford_pets,random,55,5,17,0.7058823529411764,1,0.3333333333333333,1,0.3333333333333333,tiny_imagenet,tiny_imagenet,1,tiny_imagenet,tiny_imagenet,tiny_imagenet,tiny_imagenet,bloodmnist|breastmnist|dermamnist|rendered_sst2|tiny_imagenet,bloodmnist|breastmnist|dermamnist|rendered_sst2|tiny_imagenet,14,5,0.6428571428571428,0.9182065211409244,0.9182065211409244,0.0,0.0,0.9017170548439026,0.9017170548439026,0.0,5,5,17
vit_b16,oxford_pets,random,56,5,17,0.7058823529411764,0,0.3333333333333333,0,0.3333333333333333,tiny_imagenet,tiny_imagenet,1,tiny_imagenet,tiny_imagenet,organcmnist,organmnist_views,cifar10|octmnist|organamnist|organcmnist|rendered_sst2,cifar10|octmnist|organmnist_views|rendered_sst2,14,4,0.7142857142857143,0.9182065211409244,0.9162137629318498,0.00199275820907463,0.15027350754497612,0.9017170548439026,0.8973561882972717,0.004360866546630926,5,5,17
vit_b16,oxford_pets,random,57,5,17,0.7058823529411764,0,0.3333333333333333,0,0.3333333333333333,tiny_imagenet,tiny_imagenet,1,tiny_imagenet,tiny_imagenet,cifar100,cifar100_shared_images,bloodmnist|breastmnist|cifar10|cifar100|dermamnist,bloodmnist|breastmnist|cifar10|cifar100_shared_images|dermamnist,14,5,0.6428571428571428,0.9182065211409244,0.9163043454775345,0.0019021756633899045,0.14344269545728297,0.9017170548439026,0.9012809514999389,0.00043610334396371186,5,5,17
vit_b16,oxford_pets,random,58,5,17,0.7058823529411764,0,0.3333333333333333,0,0.3333333333333333,tiny_imagenet,tiny_imagenet,1,tiny_imagenet,tiny_imagenet,organcmnist,organmnist_views,breastmnist|organcmnist|pathmnist|stl10|tissuemnist,breastmnist|organmnist_views|pathmnist|stl10|tissuemnist,14,5,0.6428571428571428,0.9182065211409244,0.9162137629318498,0.00199275820907463,0.15027350754497612,0.9017170548439026,0.8973561882972717,0.004360866546630926,5,5,17
vit_b16,oxford_pets,random,59,5,17,0.7058823529411764,1,0.6666666666666666,1,0.6666666666666666,tiny_imagenet,tiny_imagenet,1,tiny_imagenet,tiny_imagenet,tiny_imagenet,tiny_imagenet,cifar100|dermamnist|pathmnist|pneumoniamnist|tiny_imagenet,cifar100_shared_images|dermamnist|pathmnist|pneumoniamnist|tiny_imagenet,14,5,0.6428571428571428,0.9182065211409244,0.9182065211409244,0.0,0.0,0.9017170548439026,0.9017170548439026,0.0,5,5,17
vit_b16,oxford_pets,random,60,5,17,0.7058823529411764,0,0.0,0,0.3333333333333333,tiny_imagenet,tiny_imagenet,1,tiny_imagenet,tiny_imagenet,organsmnist,organmnist_views,dermamnist|organsmnist|pathmnist|stl10|tissuemnist,dermamnist|organmnist_views|pathmnist|stl10|tissuemnist,14,5,0.6428571428571428,0.9182065211409244,0.9135688377884419,0.004637683352482491,0.34972679630014647,0.9017170548439026,0.8959388971328736,0.005778157711029075,5,5,17
vit_b16,oxford_pets,random,61,5,17,0.7058823529411764,1,0.3333333333333333,1,0.6666666666666666,tiny_imagenet,tiny_imagenet,1,tiny_imagenet,tiny_imagenet,tiny_imagenet,tiny_imagenet,octmnist|organamnist|pneumoniamnist|tiny_imagenet|tissuemnist,octmnist|organmnist_views|pneumoniamnist|tiny_imagenet|tissuemnist,14,5,0.6428571428571428,0.9182065211409244,0.9182065211409244,0.0,0.0,0.9017170548439026,0.9017170548439026,0.0,5,5,17
vit_b16,oxford_pets,random,62,5,17,0.7058823529411764,0,0.3333333333333333,0,0.6666666666666666,tiny_imagenet,tiny_imagenet,1,tiny_imagenet,tiny_imagenet,organcmnist,organmnist_views,bloodmnist|cifar100_coarse|octmnist|organcmnist|pathmnist,bloodmnist|cifar100_shared_images|octmnist|organmnist_views|pathmnist,14,5,0.6428571428571428,0.9182065211409244,0.9162137629318498,0.00199275820907463,0.15027350754497612,0.9017170548439026,0.8973561882972717,0.004360866546630926,5,5,17
vit_b16,oxford_pets,random,63,5,17,0.7058823529411764,1,0.3333333333333333,1,0.3333333333333333,tiny_imagenet,tiny_imagenet,1,tiny_imagenet,tiny_imagenet,tiny_imagenet,tiny_imagenet,octmnist|pathmnist|retinamnist|stl10|tiny_imagenet,octmnist|pathmnist|retinamnist|stl10|tiny_imagenet,14,5,0.6428571428571428,0.9182065211409244,0.9182065211409244,0.0,0.0,0.9017170548439026,0.9017170548439026,0.0,5,5,17
vit_b16,oxford_pets,random,64,5,17,0.7058823529411764,0,0.0,0,0.3333333333333333,tiny_imagenet,tiny_imagenet,1,tiny_imagenet,tiny_imagenet,organsmnist,organmnist_views,bloodmnist|octmnist|organsmnist|pathmnist|pneumoniamnist,bloodmnist|octmnist|organmnist_views|pathmnist|pneumoniamnist,14,5,0.6428571428571428,0.9182065211409244,0.9135688377884419,0.004637683352482491,0.34972679630014647,0.9017170548439026,0.8959388971328736,0.005778157711029075,5,5,17
vit_b16,oxford_pets,random,65,5,17,0.7058823529411764,0,0.0,0,0.0,tiny_imagenet,tiny_imagenet,1,tiny_imagenet,tiny_imagenet,breastmnist,breastmnist,breastmnist|cifar10|pathmnist|stl10|tissuemnist,breastmnist|cifar10|pathmnist|stl10|tissuemnist,14,5,0.6428571428571428,0.9182065211409244,0.9125905759503012,0.0056159451906231395,0.4234973305502881,0.9017170548439026,0.8993731021881104,0.0023439526557922363,5,5,17
vit_b16,oxford_pets,random,66,5,17,0.7058823529411764,0,0.3333333333333333,0,0.6666666666666666,tiny_imagenet,tiny_imagenet,1,tiny_imagenet,tiny_imagenet,organcmnist,organmnist_views,cifar100_coarse|organcmnist|organsmnist|pneumoniamnist|tissuemnist,cifar100_shared_images|organmnist_views|pneumoniamnist|tissuemnist,14,4,0.7142857142857143,0.9182065211409244,0.9162137629318498,0.00199275820907463,0.15027350754497612,0.9017170548439026,0.8973561882972717,0.004360866546630926,5,5,17
vit_b16,oxford_pets,random,67,5,17,0.7058823529411764,1,0.6666666666666666,1,0.6666666666666666,tiny_imagenet,tiny_imagenet,1,tiny_imagenet,tiny_imagenet,tiny_imagenet,tiny_imagenet,dermamnist|organcmnist|rendered_sst2|stl10|tiny_imagenet,dermamnist|organmnist_views|rendered_sst2|stl10|tiny_imagenet,14,5,0.6428571428571428,0.9182065211409244,0.9182065211409244,0.0,0.0,0.9017170548439026,0.9017170548439026,0.0,5,5,17
vit_b16,oxford_pets,random,68,5,17,0.7058823529411764,0,0.3333333333333333,0,0.3333333333333333,tiny_imagenet,tiny_imagenet,1,tiny_imagenet,tiny_imagenet,organcmnist,organmnist_views,organcmnist|rendered_sst2|retinamnist|stl10|tissuemnist,organmnist_views|rendered_sst2|retinamnist|stl10|tissuemnist,14,5,0.6428571428571428,0.9182065211409244,0.9162137629318498,0.00199275820907463,0.15027350754497612,0.9017170548439026,0.8973561882972717,0.004360866546630926,5,5,17
vit_b16,oxford_pets,random,69,5,17,0.7058823529411764,0,0.3333333333333333,0,0.3333333333333333,tiny_imagenet,tiny_imagenet,1,tiny_imagenet,tiny_imagenet,organcmnist,organmnist_views,dermamnist|organamnist|organcmnist|stl10|tissuemnist,dermamnist|organmnist_views|stl10|tissuemnist,14,4,0.7142857142857143,0.9182065211409244,0.9162137629318498,0.00199275820907463,0.15027350754497612,0.9017170548439026,0.8973561882972717,0.004360866546630926,5,5,17
vit_b16,oxford_pets,random,70,5,17,0.7058823529411764,1,0.3333333333333333,1,0.6666666666666666,tiny_imagenet,tiny_imagenet,1,tiny_imagenet,tiny_imagenet,tiny_imagenet,tiny_imagenet,dermamnist|octmnist|organamnist|stl10|tiny_imagenet,dermamnist|octmnist|organmnist_views|stl10|tiny_imagenet,14,5,0.6428571428571428,0.9182065211409244,0.9182065211409244,0.0,0.0,0.9017170548439026,0.9017170548439026,0.0,5,5,17
vit_b16,oxford_pets,random,71,5,17,0.7058823529411764,0,0.0,0,0.0,tiny_imagenet,tiny_imagenet,1,tiny_imagenet,tiny_imagenet,breastmnist,breastmnist,breastmnist|cifar10|pathmnist|retinamnist|stl10,breastmnist|cifar10|pathmnist|retinamnist|stl10,14,5,0.6428571428571428,0.9182065211409244,0.9125905759503012,0.0056159451906231395,0.4234973305502881,0.9017170548439026,0.8993731021881104,0.0023439526557922363,5,5,17
vit_b16,oxford_pets,random,72,5,17,0.7058823529411764,0,0.3333333333333333,0,0.6666666666666666,tiny_imagenet,tiny_imagenet,1,tiny_imagenet,tiny_imagenet,cifar100,cifar100_shared_images,cifar100|cifar100_coarse|dermamnist|organsmnist|pneumoniamnist,cifar100_shared_images|dermamnist|organmnist_views|pneumoniamnist,14,4,0.7142857142857143,0.9182065211409244,0.9163043454775345,0.0019021756633899045,0.14344269545728297,0.9017170548439026,0.9012809514999389,0.00043610334396371186,5,5,17
vit_b16,oxford_pets,random,73,5,17,0.7058823529411764,0,0.0,0,0.0,tiny_imagenet,tiny_imagenet,1,tiny_imagenet,tiny_imagenet,breastmnist,breastmnist,breastmnist|cifar10|pathmnist|retinamnist|tissuemnist,breastmnist|cifar10|pathmnist|retinamnist|tissuemnist,14,5,0.6428571428571428,0.9182065211409244,0.9125905759503012,0.0056159451906231395,0.4234973305502881,0.9017170548439026,0.8993731021881104,0.0023439526557922363,5,5,17
vit_b16,oxford_pets,random,74,5,17,0.7058823529411764,1,0.3333333333333333,1,0.6666666666666666,tiny_imagenet,tiny_imagenet,1,tiny_imagenet,tiny_imagenet,tiny_imagenet,tiny_imagenet,dermamnist|organamnist|pathmnist|tiny_imagenet|tissuemnist,dermamnist|organmnist_views|pathmnist|tiny_imagenet|tissuemnist,14,5,0.6428571428571428,0.9182065211409244,0.9182065211409244,0.0,0.0,0.9017170548439026,0.9017170548439026,0.0,5,5,17
vit_b16,oxford_pets,random,75,5,17,0.7058823529411764,1,0.6666666666666666,1,0.6666666666666666,tiny_imagenet,tiny_imagenet,1,tiny_imagenet,tiny_imagenet,tiny_imagenet,tiny_imagenet,cifar100|dermamnist|pathmnist|retinamnist|tiny_imagenet,cifar100_shared_images|dermamnist|pathmnist|retinamnist|tiny_imagenet,14,5,0.6428571428571428,0.9182065211409244,0.9182065211409244,0.0,0.0,0.9017170548439026,0.9017170548439026,0.0,5,5,17
vit_b16,oxford_pets,random,76,5,17,0.7058823529411764,0,0.3333333333333333,0,0.6666666666666666,tiny_imagenet,tiny_imagenet,1,tiny_imagenet,tiny_imagenet,organcmnist,organmnist_views,breastmnist|cifar100_coarse|dermamnist|organcmnist|tissuemnist,breastmnist|cifar100_shared_images|dermamnist|organmnist_views|tissuemnist,14,5,0.6428571428571428,0.9182065211409244,0.9162137629318498,0.00199275820907463,0.15027350754497612,0.9017170548439026,0.8973561882972717,0.004360866546630926,5,5,17
vit_b16,oxford_pets,random,77,5,17,0.7058823529411764,1,0.3333333333333333,1,0.6666666666666666,tiny_imagenet,tiny_imagenet,1,tiny_imagenet,tiny_imagenet,tiny_imagenet,tiny_imagenet,breastmnist|cifar10|organamnist|organsmnist|tiny_imagenet,breastmnist|cifar10|organmnist_views|tiny_imagenet,14,4,0.7142857142857143,0.9182065211409244,0.9182065211409244,0.0,0.0,0.9017170548439026,0.9017170548439026,0.0,5,5,17
vit_b16,oxford_pets,random,78,5,17,0.7058823529411764,0,0.6666666666666666,0,0.6666666666666666,tiny_imagenet,tiny_imagenet,1,tiny_imagenet,tiny_imagenet,cifar100,cifar100_shared_images,cifar100|organamnist|organcmnist|pathmnist|pneumoniamnist,cifar100_shared_images|organmnist_views|pathmnist|pneumoniamnist,14,4,0.7142857142857143,0.9182065211409244,0.9163043454775345,0.0019021756633899045,0.14344269545728297,0.9017170548439026,0.9012809514999389,0.00043610334396371186,5,5,17
vit_b16,oxford_pets,random,79,5,17,0.7058823529411764,1,0.6666666666666666,1,0.6666666666666666,tiny_imagenet,tiny_imagenet,1,tiny_imagenet,tiny_imagenet,tiny_imagenet,tiny_imagenet,breastmnist|organcmnist|rendered_sst2|stl10|tiny_imagenet,breastmnist|organmnist_views|rendered_sst2|stl10|tiny_imagenet,14,5,0.6428571428571428,0.9182065211409244,0.9182065211409244,0.0,0.0,0.9017170548439026,0.9017170548439026,0.0,5,5,17
vit_b16,oxford_pets,random,80,5,17,0.7058823529411764,0,0.3333333333333333,0,0.6666666666666666,tiny_imagenet,tiny_imagenet,1,tiny_imagenet,tiny_imagenet,cifar100,cifar100_shared_images,bloodmnist|breastmnist|cifar100|cifar100_coarse|organsmnist,bloodmnist|breastmnist|cifar100_shared_images|organmnist_views,14,4,0.7142857142857143,0.9182065211409244,0.9163043454775345,0.0019021756633899045,0.14344269545728297,0.9017170548439026,0.9012809514999389,0.00043610334396371186,5,5,17
vit_b16,oxford_pets,random,81,5,17,0.7058823529411764,0,0.3333333333333333,0,0.3333333333333333,tiny_imagenet,tiny_imagenet,1,tiny_imagenet,tiny_imagenet,organcmnist,organmnist_views,breastmnist|organamnist|organcmnist|organsmnist|stl10,breastmnist|organmnist_views|stl10,14,3,0.7857142857142857,0.9182065211409244,0.9162137629318498,0.00199275820907463,0.15027350754497612,0.9017170548439026,0.8973561882972717,0.004360866546630926,5,5,17
vit_b16,oxford_pets,random,82,5,17,0.7058823529411764,1,0.6666666666666666,1,1.0,tiny_imagenet,tiny_imagenet,1,tiny_imagenet,tiny_imagenet,tiny_imagenet,tiny_imagenet,breastmnist|cifar100_coarse|organcmnist|pathmnist|tiny_imagenet,breastmnist|cifar100_shared_images|organmnist_views|pathmnist|tiny_imagenet,14,5,0.6428571428571428,0.9182065211409244,0.9182065211409244,0.0,0.0,0.9017170548439026,0.9017170548439026,0.0,5,5,17
vit_b16,oxford_pets,random,83,5,17,0.7058823529411764,0,0.3333333333333333,0,0.6666666666666666,tiny_imagenet,tiny_imagenet,1,tiny_imagenet,tiny_imagenet,cifar100,cifar100_shared_images,cifar10|cifar100|cifar100_coarse|organsmnist|pneumoniamnist,cifar10|cifar100_shared_images|organmnist_views|pneumoniamnist,14,4,0.7142857142857143,0.9182065211409244,0.9163043454775345,0.0019021756633899045,0.14344269545728297,0.9017170548439026,0.9012809514999389,0.00043610334396371186,5,5,17
vit_b16,oxford_pets,random,84,5,17,0.7058823529411764,0,0.0,0,0.3333333333333333,tiny_imagenet,tiny_imagenet,1,tiny_imagenet,tiny_imagenet,organsmnist,organmnist_views,bloodmnist|cifar10|dermamnist|octmnist|organsmnist,bloodmnist|cifar10|dermamnist|octmnist|organmnist_views,14,5,0.6428571428571428,0.9182065211409244,0.9135688377884419,0.004637683352482491,0.34972679630014647,0.9017170548439026,0.8959388971328736,0.005778157711029075,5,5,17
vit_b16,oxford_pets,random,85,5,17,0.7058823529411764,1,0.6666666666666666,1,0.6666666666666666,tiny_imagenet,tiny_imagenet,1,tiny_imagenet,tiny_imagenet,tiny_imagenet,tiny_imagenet,breastmnist|cifar100|dermamnist|pathmnist|tiny_imagenet,breastmnist|cifar100_shared_images|dermamnist|pathmnist|tiny_imagenet,14,5,0.6428571428571428,0.9182065211409244,0.9182065211409244,0.0,0.0,0.9017170548439026,0.9017170548439026,0.0,5,5,17
vit_b16,oxford_pets,random,86,5,17,0.7058823529411764,0,0.0,0,0.3333333333333333,tiny_imagenet,tiny_imagenet,1,tiny_imagenet,tiny_imagenet,organamnist,organmnist_views,breastmnist|dermamnist|organamnist|organsmnist|stl10,breastmnist|dermamnist|organmnist_views|stl10,14,4,0.7142857142857143,0.9182065211409244,0.9149094179099884,0.003297103230936016,0.24863391102561658,0.9017170548439026,0.8964840173721313,0.005233037471771285,5,5,17
vit_b16,oxford_pets,random,87,5,17,0.7058823529411764,0,0.0,0,0.3333333333333333,tiny_imagenet,tiny_imagenet,1,tiny_imagenet,tiny_imagenet,organamnist,organmnist_views,breastmnist|octmnist|organamnist|pathmnist|pneumoniamnist,breastmnist|octmnist|organmnist_views|pathmnist|pneumoniamnist,14,5,0.6428571428571428,0.9182065211409244,0.9149094179099884,0.003297103230936016,0.24863391102561658,0.9017170548439026,0.8964840173721313,0.005233037471771285,5,5,17
vit_b16,oxford_pets,random,88,5,17,0.7058823529411764,0,0.3333333333333333,0,0.3333333333333333,tiny_imagenet,tiny_imagenet,1,tiny_imagenet,tiny_imagenet,cifar100,cifar100_shared_images,cifar10|cifar100|dermamnist|pathmnist|pneumoniamnist,cifar10|cifar100_shared_images|dermamnist|pathmnist|pneumoniamnist,14,5,0.6428571428571428,0.9182065211409244,0.9163043454775345,0.0019021756633899045,0.14344269545728297,0.9017170548439026,0.9012809514999389,0.00043610334396371186,5,5,17
vit_b16,oxford_pets,random,89,5,17,0.7058823529411764,1,0.3333333333333333,1,0.6666666666666666,tiny_imagenet,tiny_imagenet,1,tiny_imagenet,tiny_imagenet,tiny_imagenet,tiny_imagenet,bloodmnist|cifar10|organamnist|pneumoniamnist|tiny_imagenet,bloodmnist|cifar10|organmnist_views|pneumoniamnist|tiny_imagenet,14,5,0.6428571428571428,0.9182065211409244,0.9182065211409244,0.0,0.0,0.9017170548439026,0.9017170548439026,0.0,5,5,17
vit_b16,oxford_pets,random,90,5,17,0.7058823529411764,0,0.3333333333333333,0,0.3333333333333333,tiny_imagenet,tiny_imagenet,1,tiny_imagenet,tiny_imagenet,organcmnist,organmnist_views,bloodmnist|cifar10|dermamnist|organcmnist|tissuemnist,bloodmnist|cifar10|dermamnist|organmnist_views|tissuemnist,14,5,0.6428571428571428,0.9182065211409244,0.9162137629318498,0.00199275820907463,0.15027350754497612,0.9017170548439026,0.8973561882972717,0.004360866546630926,5,5,17
vit_b16,oxford_pets,random,91,5,17,0.7058823529411764,0,0.3333333333333333,0,0.6666666666666666,tiny_imagenet,tiny_imagenet,1,tiny_imagenet,tiny_imagenet,cifar100,cifar100_shared_images,bloodmnist|breastmnist|cifar100|dermamnist|organsmnist,bloodmnist|breastmnist|cifar100_shared_images|dermamnist|organmnist_views,14,5,0.6428571428571428,0.9182065211409244,0.9163043454775345,0.0019021756633899045,0.14344269545728297,0.9017170548439026,0.9012809514999389,0.00043610334396371186,5,5,17
vit_b16,oxford_pets,random,92,5,17,0.7058823529411764,1,0.3333333333333333,1,0.6666666666666666,tiny_imagenet,tiny_imagenet,1,tiny_imagenet,tiny_imagenet,tiny_imagenet,tiny_imagenet,octmnist|organsmnist|pathmnist|stl10|tiny_imagenet,octmnist|organmnist_views|pathmnist|stl10|tiny_imagenet,14,5,0.6428571428571428,0.9182065211409244,0.9182065211409244,0.0,0.0,0.9017170548439026,0.9017170548439026,0.0,5,5,17
vit_b16,oxford_pets,random,93,5,17,0.7058823529411764,0,0.3333333333333333,0,0.6666666666666666,tiny_imagenet,tiny_imagenet,1,tiny_imagenet,tiny_imagenet,organcmnist,organmnist_views,cifar100_coarse|dermamnist|organcmnist|organsmnist|pneumoniamnist,cifar100_shared_images|dermamnist|organmnist_views|pneumoniamnist,14,4,0.7142857142857143,0.9182065211409244,0.9162137629318498,0.00199275820907463,0.15027350754497612,0.9017170548439026,0.8973561882972717,0.004360866546630926,5,5,17
vit_b16,oxford_pets,random,94,5,17,0.7058823529411764,1,0.6666666666666666,1,0.6666666666666666,tiny_imagenet,tiny_imagenet,1,tiny_imagenet,tiny_imagenet,tiny_imagenet,tiny_imagenet,cifar100|cifar100_coarse|pathmnist|retinamnist|tiny_imagenet,cifar100_shared_images|pathmnist|retinamnist|tiny_imagenet,14,4,0.7142857142857143,0.9182065211409244,0.9182065211409244,0.0,0.0,0.9017170548439026,0.9017170548439026,0.0,5,5,17
vit_b16,oxford_pets,random,95,5,17,0.7058823529411764,0,0.0,0,0.3333333333333333,tiny_imagenet,tiny_imagenet,1,tiny_imagenet,tiny_imagenet,organsmnist,organmnist_views,dermamnist|organsmnist|pathmnist|rendered_sst2|tissuemnist,dermamnist|organmnist_views|pathmnist|rendered_sst2|tissuemnist,14,5,0.6428571428571428,0.9182065211409244,0.9135688377884419,0.004637683352482491,0.34972679630014647,0.9017170548439026,0.8959388971328736,0.005778157711029075,5,5,17
vit_b16,oxford_pets,random,96,5,17,0.7058823529411764,0,0.3333333333333333,0,0.3333333333333333,tiny_imagenet,tiny_imagenet,1,tiny_imagenet,tiny_imagenet,organcmnist,organmnist_views,breastmnist|octmnist|organamnist|organcmnist|rendered_sst2,breastmnist|octmnist|organmnist_views|rendered_sst2,14,4,0.7142857142857143,0.9182065211409244,0.9162137629318498,0.00199275820907463,0.15027350754497612,0.9017170548439026,0.8973561882972717,0.004360866546630926,5,5,17
vit_b16,oxford_pets,random,97,5,17,0.7058823529411764,0,0.0,0,0.0,tiny_imagenet,tiny_imagenet,1,tiny_imagenet,tiny_imagenet,pathmnist,pathmnist,cifar10|pathmnist|pneumoniamnist|retinamnist|stl10,cifar10|pathmnist|pneumoniamnist|retinamnist|stl10,14,5,0.6428571428571428,0.9182065211409244,0.9125000036766997,0.005706517464224681,0.43032736802219357,0.9017170548439026,0.8985554218292237,0.0031616330146789773,5,5,17
vit_b16,oxford_pets,random,98,5,17,0.7058823529411764,0,0.0,0,0.6666666666666666,tiny_imagenet,tiny_imagenet,1,tiny_imagenet,tiny_imagenet,organamnist,organmnist_views,cifar100_coarse|organamnist|organsmnist|rendered_sst2|tissuemnist,cifar100_shared_images|organmnist_views|rendered_sst2|tissuemnist,14,4,0.7142857142857143,0.9182065211409244,0.9149094179099884,0.003297103230936016,0.24863391102561658,0.9017170548439026,0.8964840173721313,0.005233037471771285,5,5,17
vit_b16,oxford_pets,random,99,5,17,0.7058823529411764,0,0.0,0,0.6666666666666666,tiny_imagenet,tiny_imagenet,1,tiny_imagenet,tiny_imagenet,organsmnist,organmnist_views,bloodmnist|cifar100_coarse|organsmnist|rendered_sst2|stl10,bloodmnist|cifar100_shared_images|organmnist_views|rendered_sst2|stl10,14,5,0.6428571428571428,0.9182065211409244,0.9135688377884419,0.004637683352482491,0.34972679630014647,0.9017170548439026,0.8959388971328736,0.005778157711029075,5,5,17
vit_b16,oxford_pets,rank_only,-1,8,17,0.5294117647058824,1,1.0,1,1.0,tiny_imagenet,tiny_imagenet,1,tiny_imagenet,tiny_imagenet,tiny_imagenet,tiny_imagenet,tiny_imagenet|cifar100_coarse|cifar100|stl10|cifar10|organsmnist|organcmnist|organamnist,cifar10|cifar100_shared_images|organmnist_views|stl10|tiny_imagenet,14,5,0.6428571428571428,0.9182065211409244,0.9182065211409244,0.0,0.0,0.9017170548439026,0.9017170548439026,0.0,5,8,17
vit_b16,oxford_pets,facility_subspace,-1,8,17,0.5294117647058824,0,0.3333333333333333,0,0.6666666666666666,tiny_imagenet,tiny_imagenet,1,tiny_imagenet,tiny_imagenet,cifar100,cifar100_shared_images,organsmnist|cifar100|rendered_sst2|stl10|dermamnist|retinamnist|octmnist|bloodmnist,bloodmnist|cifar100_shared_images|dermamnist|octmnist|organmnist_views|rendered_sst2|retinamnist|stl10,14,8,0.4285714285714286,0.9182065211409244,0.9163043454775345,0.0019021756633899045,0.14344269545728297,0.9017170548439026,0.9012809514999389,0.00043610334396371186,5,8,17
vit_b16,oxford_pets,kcenter_subspace,-1,8,17,0.5294117647058824,1,0.3333333333333333,1,0.3333333333333333,tiny_imagenet,tiny_imagenet,1,tiny_imagenet,tiny_imagenet,tiny_imagenet,tiny_imagenet,tiny_imagenet|rendered_sst2|bloodmnist|stl10|octmnist|retinamnist|pneumoniamnist|pathmnist,bloodmnist|octmnist|pathmnist|pneumoniamnist|rendered_sst2|retinamnist|stl10|tiny_imagenet,14,8,0.4285714285714286,0.9182065211409244,0.9182065211409244,0.0,0.0,0.9017170548439026,0.9017170548439026,0.0,5,8,17
vit_b16,oxford_pets,dpp_subspace,-1,8,17,0.5294117647058824,1,0.6666666666666666,1,1.0,tiny_imagenet,tiny_imagenet,1,tiny_imagenet,tiny_imagenet,tiny_imagenet,tiny_imagenet,tiny_imagenet|stl10|cifar100_coarse|cifar10|organsmnist|cifar100|pathmnist|bloodmnist,bloodmnist|cifar10|cifar100_shared_images|organmnist_views|pathmnist|stl10|tiny_imagenet,14,7,0.5,0.9182065211409244,0.9182065211409244,0.0,0.0,0.9017170548439026,0.9017170548439026,0.0,5,8,17
vit_b16,oxford_pets,pool_vendi_subspace,-1,8,17,0.5294117647058824,1,0.3333333333333333,1,0.3333333333333333,tiny_imagenet,tiny_imagenet,1,tiny_imagenet,tiny_imagenet,tiny_imagenet,tiny_imagenet,tiny_imagenet|rendered_sst2|bloodmnist|stl10|octmnist|retinamnist|pneumoniamnist|pathmnist,bloodmnist|octmnist|pathmnist|pneumoniamnist|rendered_sst2|retinamnist|stl10|tiny_imagenet,14,8,0.4285714285714286,0.9182065211409244,0.9182065211409244,0.0,0.0,0.9017170548439026,0.9017170548439026,0.0,5,8,17
vit_b16,oxford_pets,full_merged_rank,-1,8,17,0.5294117647058824,1,1.0,1,1.0,tiny_imagenet,tiny_imagenet,1,tiny_imagenet,tiny_imagenet,tiny_imagenet,tiny_imagenet,tiny_imagenet|stl10|cifar100_coarse|cifar100|cifar10|breastmnist|organsmnist|organcmnist,breastmnist|cifar10|cifar100_shared_images|organmnist_views|stl10|tiny_imagenet,14,6,0.5714285714285714,0.9182065211409244,0.9182065211409244,0.0,0.0,0.9017170548439026,0.9017170548439026,0.0,5,8,17
vit_b16,oxford_pets,random,0,8,17,0.5294117647058824,0,0.0,0,0.3333333333333333,tiny_imagenet,tiny_imagenet,1,tiny_imagenet,tiny_imagenet,organsmnist,organmnist_views,bloodmnist|breastmnist|cifar10|dermamnist|organsmnist|pneumoniamnist|stl10|tissuemnist,bloodmnist|breastmnist|cifar10|dermamnist|organmnist_views|pneumoniamnist|stl10|tissuemnist,14,8,0.4285714285714286,0.9182065211409244,0.9135688377884419,0.004637683352482491,0.34972679630014647,0.9017170548439026,0.8959388971328736,0.005778157711029075,5,8,17
vit_b16,oxford_pets,random,1,8,17,0.5294117647058824,1,0.6666666666666666,1,1.0,tiny_imagenet,tiny_imagenet,1,tiny_imagenet,tiny_imagenet,tiny_imagenet,tiny_imagenet,cifar10|cifar100_coarse|dermamnist|octmnist|organcmnist|organsmnist|pathmnist|tiny_imagenet,cifar10|cifar100_shared_images|dermamnist|octmnist|organmnist_views|pathmnist|tiny_imagenet,14,7,0.5,0.9182065211409244,0.9182065211409244,0.0,0.0,0.9017170548439026,0.9017170548439026,0.0,5,8,17
vit_b16,oxford_pets,random,2,8,17,0.5294117647058824,0,0.0,0,0.6666666666666666,tiny_imagenet,tiny_imagenet,1,tiny_imagenet,tiny_imagenet,organsmnist,organmnist_views,breastmnist|cifar100_coarse|organsmnist|pneumoniamnist|rendered_sst2|retinamnist|stl10|tissuemnist,breastmnist|cifar100_shared_images|organmnist_views|pneumoniamnist|rendered_sst2|retinamnist|stl10|tissuemnist,14,8,0.4285714285714286,0.9182065211409244,0.9135688377884419,0.004637683352482491,0.34972679630014647,0.9017170548439026,0.8959388971328736,0.005778157711029075,5,8,17
vit_b16,oxford_pets,random,3,8,17,0.5294117647058824,0,0.3333333333333333,0,0.3333333333333333,tiny_imagenet,tiny_imagenet,1,tiny_imagenet,tiny_imagenet,organcmnist,organmnist_views,breastmnist|cifar10|organcmnist|pathmnist|rendered_sst2|retinamnist|stl10|tissuemnist,breastmnist|cifar10|organmnist_views|pathmnist|rendered_sst2|retinamnist|stl10|tissuemnist,14,8,0.4285714285714286,0.9182065211409244,0.9162137629318498,0.00199275820907463,0.15027350754497612,0.9017170548439026,0.8973561882972717,0.004360866546630926,5,8,17
vit_b16,oxford_pets,random,4,8,17,0.5294117647058824,0,0.6666666666666666,0,0.6666666666666666,tiny_imagenet,tiny_imagenet,1,tiny_imagenet,tiny_imagenet,cifar100,cifar100_shared_images,breastmnist|cifar100|dermamnist|octmnist|organcmnist|organsmnist|retinamnist|tissuemnist,breastmnist|cifar100_shared_images|dermamnist|octmnist|organmnist_views|retinamnist|tissuemnist,14,7,0.5,0.9182065211409244,0.9163043454775345,0.0019021756633899045,0.14344269545728297,0.9017170548439026,0.9012809514999389,0.00043610334396371186,5,8,17
vit_b16,oxford_pets,random,5,8,17,0.5294117647058824,1,1.0,1,1.0,tiny_imagenet,tiny_imagenet,1,tiny_imagenet,tiny_imagenet,tiny_imagenet,tiny_imagenet,bloodmnist|cifar10|cifar100|cifar100_coarse|organcmnist|pneumoniamnist|rendered_sst2|tiny_imagenet,bloodmnist|cifar10|cifar100_shared_images|organmnist_views|pneumoniamnist|rendered_sst2|tiny_imagenet,14,7,0.5,0.9182065211409244,0.9182065211409244,0.0,0.0,0.9017170548439026,0.9017170548439026,0.0,5,8,17
vit_b16,oxford_pets,random,6,8,17,0.5294117647058824,0,0.0,0,0.6666666666666666,tiny_imagenet,tiny_imagenet,1,tiny_imagenet,tiny_imagenet,organsmnist,organmnist_views,bloodmnist|breastmnist|cifar10|cifar100_coarse|octmnist|organsmnist|pathmnist|stl10,bloodmnist|breastmnist|cifar10|cifar100_shared_images|octmnist|organmnist_views|pathmnist|stl10,14,8,0.4285714285714286,0.9182065211409244,0.9135688377884419,0.004637683352482491,0.34972679630014647,0.9017170548439026,0.8959388971328736,0.005778157711029075,5,8,17
vit_b16,oxford_pets,random,7,8,17,0.5294117647058824,1,1.0,1,1.0,tiny_imagenet,tiny_imagenet,1,tiny_imagenet,tiny_imagenet,tiny_imagenet,tiny_imagenet,cifar100|organcmnist|organsmnist|pathmnist|rendered_sst2|stl10|tiny_imagenet|tissuemnist,cifar100_shared_images|organmnist_views|pathmnist|rendered_sst2|stl10|tiny_imagenet|tissuemnist,14,7,0.5,0.9182065211409244,0.9182065211409244,0.0,0.0,0.9017170548439026,0.9017170548439026,0.0,5,8,17
vit_b16,oxford_pets,random,8,8,17,0.5294117647058824,0,0.3333333333333333,0,0.3333333333333333,tiny_imagenet,tiny_imagenet,1,tiny_imagenet,tiny_imagenet,cifar100,cifar100_shared_images,bloodmnist|breastmnist|cifar10|cifar100|cifar100_coarse|dermamnist|rendered_sst2|tissuemnist,bloodmnist|breastmnist|cifar10|cifar100_shared_images|dermamnist|rendered_sst2|tissuemnist,14,7,0.5,0.9182065211409244,0.9163043454775345,0.0019021756633899045,0.14344269545728297,0.9017170548439026,0.9012809514999389,0.00043610334396371186,5,8,17
vit_b16,oxford_pets,random,9,8,17,0.5294117647058824,1,0.6666666666666666,1,1.0,tiny_imagenet,tiny_imagenet,1,tiny_imagenet,tiny_imagenet,tiny_imagenet,tiny_imagenet,bloodmnist|cifar100_coarse|organcmnist|organsmnist|pneumoniamnist|rendered_sst2|stl10|tiny_imagenet,bloodmnist|cifar100_shared_images|organmnist_views|pneumoniamnist|rendered_sst2|stl10|tiny_imagenet,14,7,0.5,0.9182065211409244,0.9182065211409244,0.0,0.0,0.9017170548439026,0.9017170548439026,0.0,5,8,17
vit_b16,oxford_pets,random,10,8,17,0.5294117647058824,1,0.6666666666666666,1,1.0,tiny_imagenet,tiny_imagenet,1,tiny_imagenet,tiny_imagenet,tiny_imagenet,tiny_imagenet,breastmnist|cifar100|octmnist|organamnist|organsmnist|pathmnist|retinamnist|tiny_imagenet,breastmnist|cifar100_shared_images|octmnist|organmnist_views|pathmnist|retinamnist|tiny_imagenet,14,7,0.5,0.9182065211409244,0.9182065211409244,0.0,0.0,0.9017170548439026,0.9017170548439026,0.0,5,8,17
vit_b16,oxford_pets,random,11,8,17,0.5294117647058824,1,0.6666666666666666,1,0.6666666666666666,tiny_imagenet,tiny_imagenet,1,tiny_imagenet,tiny_imagenet,tiny_imagenet,tiny_imagenet,bloodmnist|cifar10|cifar100|octmnist|pathmnist|pneumoniamnist|rendered_sst2|tiny_imagenet,bloodmnist|cifar10|cifar100_shared_images|octmnist|pathmnist|pneumoniamnist|rendered_sst2|tiny_imagenet,14,8,0.4285714285714286,0.9182065211409244,0.9182065211409244,0.0,0.0,0.9017170548439026,0.9017170548439026,0.0,5,8,17
vit_b16,oxford_pets,random,12,8,17,0.5294117647058824,1,1.0,1,1.0,tiny_imagenet,tiny_imagenet,1,tiny_imagenet,tiny_imagenet,tiny_imagenet,tiny_imagenet,bloodmnist|cifar10|cifar100|organcmnist|pathmnist|retinamnist|tiny_imagenet|tissuemnist,bloodmnist|cifar10|cifar100_shared_images|organmnist_views|pathmnist|retinamnist|tiny_imagenet|tissuemnist,14,8,0.4285714285714286,0.9182065211409244,0.9182065211409244,0.0,0.0,0.9017170548439026,0.9017170548439026,0.0,5,8,17
vit_b16,oxford_pets,random,13,8,17,0.5294117647058824,0,0.6666666666666666,0,0.6666666666666666,tiny_imagenet,tiny_imagenet,1,tiny_imagenet,tiny_imagenet,cifar100,cifar100_shared_images,cifar10|cifar100|cifar100_coarse|dermamnist|organamnist|organcmnist|rendered_sst2|retinamnist,cifar10|cifar100_shared_images|dermamnist|organmnist_views|rendered_sst2|retinamnist,14,6,0.5714285714285714,0.9182065211409244,0.9163043454775345,0.0019021756633899045,0.14344269545728297,0.9017170548439026,0.9012809514999389,0.00043610334396371186,5,8,17
vit_b16,oxford_pets,random,14,8,17,0.5294117647058824,1,1.0,1,1.0,tiny_imagenet,tiny_imagenet,1,tiny_imagenet,tiny_imagenet,tiny_imagenet,tiny_imagenet,breastmnist|cifar100|organcmnist|organsmnist|pathmnist|rendered_sst2|tiny_imagenet|tissuemnist,breastmnist|cifar100_shared_images|organmnist_views|pathmnist|rendered_sst2|tiny_imagenet|tissuemnist,14,7,0.5,0.9182065211409244,0.9182065211409244,0.0,0.0,0.9017170548439026,0.9017170548439026,0.0,5,8,17
vit_b16,oxford_pets,random,15,8,17,0.5294117647058824,0,0.6666666666666666,0,0.6666666666666666,tiny_imagenet,tiny_imagenet,1,tiny_imagenet,tiny_imagenet,cifar100,cifar100_shared_images,bloodmnist|cifar100|dermamnist|organamnist|organcmnist|organsmnist|pneumoniamnist|rendered_sst2,bloodmnist|cifar100_shared_images|dermamnist|organmnist_views|pneumoniamnist|rendered_sst2,14,6,0.5714285714285714,0.9182065211409244,0.9163043454775345,0.0019021756633899045,0.14344269545728297,0.9017170548439026,0.9012809514999389,0.00043610334396371186,5,8,17
vit_b16,oxford_pets,random,16,8,17,0.5294117647058824,1,0.3333333333333333,1,0.6666666666666666,tiny_imagenet,tiny_imagenet,1,tiny_imagenet,tiny_imagenet,tiny_imagenet,tiny_imagenet,cifar10|octmnist|organsmnist|pathmnist|pneumoniamnist|retinamnist|tiny_imagenet|tissuemnist,cifar10|octmnist|organmnist_views|pathmnist|pneumoniamnist|retinamnist|tiny_imagenet|tissuemnist,14,8,0.4285714285714286,0.9182065211409244,0.9182065211409244,0.0,0.0,0.9017170548439026,0.9017170548439026,0.0,5,8,17
vit_b16,oxford_pets,random,17,8,17,0.5294117647058824,0,0.6666666666666666,0,0.6666666666666666,tiny_imagenet,tiny_imagenet,1,tiny_imagenet,tiny_imagenet,cifar100,cifar100_shared_images,breastmnist|cifar100|cifar100_coarse|organamnist|organcmnist|retinamnist|stl10|tissuemnist,breastmnist|cifar100_shared_images|organmnist_views|retinamnist|stl10|tissuemnist,14,6,0.5714285714285714,0.9182065211409244,0.9163043454775345,0.0019021756633899045,0.14344269545728297,0.9017170548439026,0.9012809514999389,0.00043610334396371186,5,8,17
vit_b16,oxford_pets,random,18,8,17,0.5294117647058824,0,0.3333333333333333,0,0.6666666666666666,tiny_imagenet,tiny_imagenet,1,tiny_imagenet,tiny_imagenet,cifar100,cifar100_shared_images,bloodmnist|breastmnist|cifar10|cifar100|organamnist|pathmnist|pneumoniamnist|retinamnist,bloodmnist|breastmnist|cifar10|cifar100_shared_images|organmnist_views|pathmnist|pneumoniamnist|retinamnist,14,8,0.4285714285714286,0.9182065211409244,0.9163043454775345,0.0019021756633899045,0.14344269545728297,0.9017170548439026,0.9012809514999389,0.00043610334396371186,5,8,17
vit_b16,oxford_pets,random,19,8,17,0.5294117647058824,1,0.6666666666666666,1,1.0,tiny_imagenet,tiny_imagenet,1,tiny_imagenet,tiny_imagenet,tiny_imagenet,tiny_imagenet,bloodmnist|cifar100|cifar100_coarse|dermamnist|organsmnist|pathmnist|pneumoniamnist|tiny_imagenet,bloodmnist|cifar100_shared_images|dermamnist|organmnist_views|pathmnist|pneumoniamnist|tiny_imagenet,14,7,0.5,0.9182065211409244,0.9182065211409244,0.0,0.0,0.9017170548439026,0.9017170548439026,0.0,5,8,17
vit_b16,oxford_pets,random,20,8,17,0.5294117647058824,1,0.3333333333333333,1,0.3333333333333333,tiny_imagenet,tiny_imagenet,1,tiny_imagenet,tiny_imagenet,tiny_imagenet,tiny_imagenet,bloodmnist|cifar10|dermamnist|pathmnist|pneumoniamnist|rendered_sst2|retinamnist|tiny_imagenet,bloodmnist|cifar10|dermamnist|pathmnist|pneumoniamnist|rendered_sst2|retinamnist|tiny_imagenet,14,8,0.4285714285714286,0.9182065211409244,0.9182065211409244,0.0,0.0,0.9017170548439026,0.9017170548439026,0.0,5,8,17
vit_b16,oxford_pets,random,21,8,17,0.5294117647058824,1,0.6666666666666666,1,0.6666666666666666,tiny_imagenet,tiny_imagenet,1,tiny_imagenet,tiny_imagenet,tiny_imagenet,tiny_imagenet,bloodmnist|cifar10|cifar100|dermamnist|octmnist|pathmnist|stl10|tiny_imagenet,bloodmnist|cifar10|cifar100_shared_images|dermamnist|octmnist|pathmnist|stl10|tiny_imagenet,14,8,0.4285714285714286,0.9182065211409244,0.9182065211409244,0.0,0.0,0.9017170548439026,0.9017170548439026,0.0,5,8,17
vit_b16,oxford_pets,random,22,8,17,0.5294117647058824,0,0.3333333333333333,0,0.6666666666666666,tiny_imagenet,tiny_imagenet,1,tiny_imagenet,tiny_imagenet,organcmnist,organmnist_views,bloodmnist|cifar100_coarse|organamnist|organcmnist|organsmnist|rendered_sst2|retinamnist|stl10,bloodmnist|cifar100_shared_images|organmnist_views|rendered_sst2|retinamnist|stl10,14,6,0.5714285714285714,0.9182065211409244,0.9162137629318498,0.00199275820907463,0.15027350754497612,0.9017170548439026,0.8973561882972717,0.004360866546630926,5,8,17
vit_b16,oxford_pets,random,23,8,17,0.5294117647058824,1,0.6666666666666666,1,1.0,tiny_imagenet,tiny_imagenet,1,tiny_imagenet,tiny_imagenet,tiny_imagenet,tiny_imagenet,cifar100|octmnist|organamnist|organsmnist|pathmnist|retinamnist|tiny_imagenet|tissuemnist,cifar100_shared_images|octmnist|organmnist_views|pathmnist|retinamnist|tiny_imagenet|tissuemnist,14,7,0.5,0.9182065211409244,0.9182065211409244,0.0,0.0,0.9017170548439026,0.9017170548439026,0.0,5,8,17
vit_b16,oxford_pets,random,24,8,17,0.5294117647058824,0,0.3333333333333333,0,0.6666666666666666,tiny_imagenet,tiny_imagenet,1,tiny_imagenet,tiny_imagenet,cifar100,cifar100_shared_images,breastmnist|cifar100|dermamnist|organamnist|organsmnist|pathmnist|rendered_sst2|tissuemnist,breastmnist|cifar100_shared_images|dermamnist|organmnist_views|pathmnist|rendered_sst2|tissuemnist,14,7,0.5,0.9182065211409244,0.9163043454775345,0.0019021756633899045,0.14344269545728297,0.9017170548439026,0.9012809514999389,0.00043610334396371186,5,8,17
vit_b16,oxford_pets,random,25,8,17,0.5294117647058824,0,0.6666666666666666,0,0.6666666666666666,tiny_imagenet,tiny_imagenet,1,tiny_imagenet,tiny_imagenet,cifar100,cifar100_shared_images,bloodmnist|cifar10|cifar100|cifar100_coarse|organamnist|organcmnist|pneumoniamnist|retinamnist,bloodmnist|cifar10|cifar100_shared_images|organmnist_views|pneumoniamnist|retinamnist,14,6,0.5714285714285714,0.9182065211409244,0.9163043454775345,0.0019021756633899045,0.14344269545728297,0.9017170548439026,0.9012809514999389,0.00043610334396371186,5,8,17
vit_b16,oxford_pets,random,26,8,17,0.5294117647058824,1,0.6666666666666666,1,1.0,tiny_imagenet,tiny_imagenet,1,tiny_imagenet,tiny_imagenet,tiny_imagenet,tiny_imagenet,cifar100|cifar100_coarse|dermamnist|organsmnist|pathmnist|rendered_sst2|stl10|tiny_imagenet,cifar100_shared_images|dermamnist|organmnist_views|pathmnist|rendered_sst2|stl10|tiny_imagenet,14,7,0.5,0.9182065211409244,0.9182065211409244,0.0,0.0,0.9017170548439026,0.9017170548439026,0.0,5,8,17
vit_b16,oxford_pets,random,27,8,17,0.5294117647058824,1,0.6666666666666666,1,0.6666666666666666,tiny_imagenet,tiny_imagenet,1,tiny_imagenet,tiny_imagenet,tiny_imagenet,tiny_imagenet,breastmnist|dermamnist|organamnist|organcmnist|organsmnist|pneumoniamnist|rendered_sst2|tiny_imagenet,breastmnist|dermamnist|organmnist_views|pneumoniamnist|rendered_sst2|tiny_imagenet,14,6,0.5714285714285714,0.9182065211409244,0.9182065211409244,0.0,0.0,0.9017170548439026,0.9017170548439026,0.0,5,8,17
vit_b16,oxford_pets,random,28,8,17,0.5294117647058824,0,0.3333333333333333,0,0.6666666666666666,tiny_imagenet,tiny_imagenet,1,tiny_imagenet,tiny_imagenet,organcmnist,organmnist_views,cifar100_coarse|dermamnist|octmnist|organamnist|organcmnist|pathmnist|pneumoniamnist|retinamnist,cifar100_shared_images|dermamnist|octmnist|organmnist_views|pathmnist|pneumoniamnist|retinamnist,14,7,0.5,0.9182065211409244,0.9162137629318498,0.00199275820907463,0.15027350754497612,0.9017170548439026,0.8973561882972717,0.004360866546630926,5,8,17
vit_b16,oxford_pets,random,29,8,17,0.5294117647058824,1,0.3333333333333333,1,0.6666666666666666,tiny_imagenet,tiny_imagenet,1,tiny_imagenet,tiny_imagenet,tiny_imagenet,tiny_imagenet,bloodmnist|breastmnist|cifar100_coarse|pneumoniamnist|rendered_sst2|stl10|tiny_imagenet|tissuemnist,bloodmnist|breastmnist|cifar100_shared_images|pneumoniamnist|rendered_sst2|stl10|tiny_imagenet|tissuemnist,14,8,0.4285714285714286,0.9182065211409244,0.9182065211409244,0.0,0.0,0.9017170548439026,0.9017170548439026,0.0,5,8,17
vit_b16,oxford_pets,random,30,8,17,0.5294117647058824,1,0.3333333333333333,1,1.0,tiny_imagenet,tiny_imagenet,1,tiny_imagenet,tiny_imagenet,tiny_imagenet,tiny_imagenet,bloodmnist|cifar10|cifar100_coarse|octmnist|organamnist|pneumoniamnist|retinamnist|tiny_imagenet,bloodmnist|cifar10|cifar100_shared_images|octmnist|organmnist_views|pneumoniamnist|retinamnist|tiny_imagenet,14,8,0.4285714285714286,0.9182065211409244,0.9182065211409244,0.0,0.0,0.9017170548439026,0.9017170548439026,0.0,5,8,17
vit_b16,oxford_pets,random,31,8,17,0.5294117647058824,0,0.0,0,0.0,tiny_imagenet,tiny_imagenet,1,tiny_imagenet,tiny_imagenet,octmnist,octmnist,cifar10|dermamnist|octmnist|pathmnist|pneumoniamnist|rendered_sst2|retinamnist|stl10,cifar10|dermamnist|octmnist|pathmnist|pneumoniamnist|rendered_sst2|retinamnist|stl10,14,8,0.4285714285714286,0.9182065211409244,0.9131340519997521,0.00507246914117232,0.382513907751801,0.9017170548439026,0.899046003818512,0.0026710510253906694,5,8,17
vit_b16,oxford_pets,random,32,8,17,0.5294117647058824,1,0.3333333333333333,1,0.6666666666666666,tiny_imagenet,tiny_imagenet,1,tiny_imagenet,tiny_imagenet,tiny_imagenet,tiny_imagenet,dermamnist|octmnist|organamnist|pathmnist|pneumoniamnist|stl10|tiny_imagenet|tissuemnist,dermamnist|octmnist|organmnist_views|pathmnist|pneumoniamnist|stl10|tiny_imagenet|tissuemnist,14,8,0.4285714285714286,0.9182065211409244,0.9182065211409244,0.0,0.0,0.9017170548439026,0.9017170548439026,0.0,5,8,17
vit_b16,oxford_pets,random,33,8,17,0.5294117647058824,0,0.3333333333333333,0,0.3333333333333333,tiny_imagenet,tiny_imagenet,1,tiny_imagenet,tiny_imagenet,cifar100,cifar100_shared_images,breastmnist|cifar10|cifar100|cifar100_coarse|rendered_sst2|retinamnist|stl10|tissuemnist,breastmnist|cifar10|cifar100_shared_images|rendered_sst2|retinamnist|stl10|tissuemnist,14,7,0.5,0.9182065211409244,0.9163043454775345,0.0019021756633899045,0.14344269545728297,0.9017170548439026,0.9012809514999389,0.00043610334396371186,5,8,17
vit_b16,oxford_pets,random,34,8,17,0.5294117647058824,1,0.6666666666666666,1,1.0,tiny_imagenet,tiny_imagenet,1,tiny_imagenet,tiny_imagenet,tiny_imagenet,tiny_imagenet,cifar100_coarse|dermamnist|octmnist|organcmnist|organsmnist|rendered_sst2|tiny_imagenet|tissuemnist,cifar100_shared_images|dermamnist|octmnist|organmnist_views|rendered_sst2|tiny_imagenet|tissuemnist,14,7,0.5,0.9182065211409244,0.9182065211409244,0.0,0.0,0.9017170548439026,0.9017170548439026,0.0,5,8,17
vit_b16,oxford_pets,random,35,8,17,0.5294117647058824,1,0.6666666666666666,1,0.6666666666666666,tiny_imagenet,tiny_imagenet,1,tiny_imagenet,tiny_imagenet,tiny_imagenet,tiny_imagenet,bloodmnist|organcmnist|pathmnist|pneumoniamnist|retinamnist|stl10|tiny_imagenet|tissuemnist,bloodmnist|organmnist_views|pathmnist|pneumoniamnist|retinamnist|stl10|tiny_imagenet|tissuemnist,14,8,0.4285714285714286,0.9182065211409244,0.9182065211409244,0.0,0.0,0.9017170548439026,0.9017170548439026,0.0,5,8,17
vit_b16,oxford_pets,random,36,8,17,0.5294117647058824,0,0.3333333333333333,0,0.6666666666666666,tiny_imagenet,tiny_imagenet,1,tiny_imagenet,tiny_imagenet,organcmnist,organmnist_views,cifar10|cifar100_coarse|dermamnist|organcmnist|pathmnist|pneumoniamnist|rendered_sst2|tissuemnist,cifar10|cifar100_shared_images|dermamnist|organmnist_views|pathmnist|pneumoniamnist|rendered_sst2|tissuemnist,14,8,0.4285714285714286,0.9182065211409244,0.9162137629318498,0.00199275820907463,0.15027350754497612,0.9017170548439026,0.8973561882972717,0.004360866546630926,5,8,17
vit_b16,oxford_pets,random,37,8,17,0.5294117647058824,0,0.3333333333333333,0,0.6666666666666666,tiny_imagenet,tiny_imagenet,1,tiny_imagenet,tiny_imagenet,cifar100,cifar100_shared_images,bloodmnist|cifar10|cifar100|octmnist|organamnist|pathmnist|pneumoniamnist|rendered_sst2,bloodmnist|cifar10|cifar100_shared_images|octmnist|organmnist_views|pathmnist|pneumoniamnist|rendered_sst2,14,8,0.4285714285714286,0.9182065211409244,0.9163043454775345,0.0019021756633899045,0.14344269545728297,0.9017170548439026,0.9012809514999389,0.00043610334396371186,5,8,17
vit_b16,oxford_pets,random,38,8,17,0.5294117647058824,1,1.0,1,1.0,tiny_imagenet,tiny_imagenet,1,tiny_imagenet,tiny_imagenet,tiny_imagenet,tiny_imagenet,breastmnist|cifar100|cifar100_coarse|organcmnist|organsmnist|pneumoniamnist|retinamnist|tiny_imagenet,breastmnist|cifar100_shared_images|organmnist_views|pneumoniamnist|retinamnist|tiny_imagenet,14,6,0.5714285714285714,0.9182065211409244,0.9182065211409244,0.0,0.0,0.9017170548439026,0.9017170548439026,0.0,5,8,17
vit_b16,oxford_pets,random,39,8,17,0.5294117647058824,0,0.3333333333333333,0,0.6666666666666666,tiny_imagenet,tiny_imagenet,1,tiny_imagenet,tiny_imagenet,organcmnist,organmnist_views,breastmnist|cifar10|cifar100_coarse|octmnist|organamnist|organcmnist|rendered_sst2|stl10,breastmnist|cifar10|cifar100_shared_images|octmnist|organmnist_views|rendered_sst2|stl10,14,7,0.5,0.9182065211409244,0.9162137629318498,0.00199275820907463,0.15027350754497612,0.9017170548439026,0.8973561882972717,0.004360866546630926,5,8,17
vit_b16,oxford_pets,random,40,8,17,0.5294117647058824,0,0.6666666666666666,0,0.6666666666666666,tiny_imagenet,tiny_imagenet,1,tiny_imagenet,tiny_imagenet,cifar100,cifar100_shared_images,breastmnist|cifar10|cifar100|octmnist|organcmnist|organsmnist|pneumoniamnist|retinamnist,breastmnist|cifar10|cifar100_shared_images|octmnist|organmnist_views|pneumoniamnist|retinamnist,14,7,0.5,0.9182065211409244,0.9163043454775345,0.0019021756633899045,0.14344269545728297,0.9017170548439026,0.9012809514999389,0.00043610334396371186,5,8,17
vit_b16,oxford_pets,random,41,8,17,0.5294117647058824,0,0.3333333333333333,0,0.6666666666666666,tiny_imagenet,tiny_imagenet,1,tiny_imagenet,tiny_imagenet,cifar100,cifar100_shared_images,breastmnist|cifar100|dermamnist|organsmnist|pathmnist|pneumoniamnist|rendered_sst2|stl10,breastmnist|cifar100_shared_images|dermamnist|organmnist_views|pathmnist|pneumoniamnist|rendered_sst2|stl10,14,8,0.4285714285714286,0.9182065211409244,0.9163043454775345,0.0019021756633899045,0.14344269545728297,0.9017170548439026,0.9012809514999389,0.00043610334396371186,5,8,17
vit_b16,oxford_pets,random,42,8,17,0.5294117647058824,0,0.3333333333333333,0,0.3333333333333333,tiny_imagenet,tiny_imagenet,1,tiny_imagenet,tiny_imagenet,organcmnist,organmnist_views,cifar10|octmnist|organcmnist|organsmnist|rendered_sst2|retinamnist|stl10|tissuemnist,cifar10|octmnist|organmnist_views|rendered_sst2|retinamnist|stl10|tissuemnist,14,7,0.5,0.9182065211409244,0.9162137629318498,0.00199275820907463,0.15027350754497612,0.9017170548439026,0.8973561882972717,0.004360866546630926,5,8,17
vit_b16,oxford_pets,random,43,8,17,0.5294117647058824,0,0.0,0,0.6666666666666666,tiny_imagenet,tiny_imagenet,1,tiny_imagenet,tiny_imagenet,organamnist,organmnist_views,cifar100_coarse|octmnist|organamnist|pathmnist|pneumoniamnist|rendered_sst2|stl10|tissuemnist,cifar100_shared_images|octmnist|organmnist_views|pathmnist|pneumoniamnist|rendered_sst2|stl10|tissuemnist,14,8,0.4285714285714286,0.9182065211409244,0.9149094179099884,0.003297103230936016,0.24863391102561658,0.9017170548439026,0.8964840173721313,0.005233037471771285,5,8,17
vit_b16,oxford_pets,random,44,8,17,0.5294117647058824,0,0.0,0,0.6666666666666666,tiny_imagenet,tiny_imagenet,1,tiny_imagenet,tiny_imagenet,organamnist,organmnist_views,breastmnist|cifar10|cifar100_coarse|organamnist|organsmnist|pneumoniamnist|rendered_sst2|stl10,breastmnist|cifar10|cifar100_shared_images|organmnist_views|pneumoniamnist|rendered_sst2|stl10,14,7,0.5,0.9182065211409244,0.9149094179099884,0.003297103230936016,0.24863391102561658,0.9017170548439026,0.8964840173721313,0.005233037471771285,5,8,17
vit_b16,oxford_pets,random,45,8,17,0.5294117647058824,0,0.3333333333333333,0,0.3333333333333333,tiny_imagenet,tiny_imagenet,1,tiny_imagenet,tiny_imagenet,cifar100,cifar100_shared_images,breastmnist|cifar10|cifar100|cifar100_coarse|dermamnist|pneumoniamnist|rendered_sst2|stl10,breastmnist|cifar10|cifar100_shared_images|dermamnist|pneumoniamnist|rendered_sst2|stl10,14,7,0.5,0.9182065211409244,0.9163043454775345,0.0019021756633899045,0.14344269545728297,0.9017170548439026,0.9012809514999389,0.00043610334396371186,5,8,17
vit_b16,oxford_pets,random,46,8,17,0.5294117647058824,1,0.3333333333333333,1,1.0,tiny_imagenet,tiny_imagenet,1,tiny_imagenet,tiny_imagenet,tiny_imagenet,tiny_imagenet,cifar10|cifar100_coarse|dermamnist|organamnist|pathmnist|retinamnist|stl10|tiny_imagenet,cifar10|cifar100_shared_images|dermamnist|organmnist_views|pathmnist|retinamnist|stl10|tiny_imagenet,14,8,0.4285714285714286,0.9182065211409244,0.9182065211409244,0.0,0.0,0.9017170548439026,0.9017170548439026,0.0,5,8,17
vit_b16,oxford_pets,random,47,8,17,0.5294117647058824,0,0.3333333333333333,0,0.3333333333333333,tiny_imagenet,tiny_imagenet,1,tiny_imagenet,tiny_imagenet,cifar100,cifar100_shared_images,breastmnist|cifar100|cifar100_coarse|dermamnist|octmnist|pneumoniamnist|rendered_sst2|stl10,breastmnist|cifar100_shared_images|dermamnist|octmnist|pneumoniamnist|rendered_sst2|stl10,14,7,0.5,0.9182065211409244,0.9163043454775345,0.0019021756633899045,0.14344269545728297,0.9017170548439026,0.9012809514999389,0.00043610334396371186,5,8,17
vit_b16,oxford_pets,random,48,8,17,0.5294117647058824,0,0.3333333333333333,0,0.6666666666666666,tiny_imagenet,tiny_imagenet,1,tiny_imagenet,tiny_imagenet,cifar100,cifar100_shared_images,bloodmnist|breastmnist|cifar100|organsmnist|rendered_sst2|retinamnist|stl10|tissuemnist,bloodmnist|breastmnist|cifar100_shared_images|organmnist_views|rendered_sst2|retinamnist|stl10|tissuemnist,14,8,0.4285714285714286,0.9182065211409244,0.9163043454775345,0.0019021756633899045,0.14344269545728297,0.9017170548439026,0.9012809514999389,0.00043610334396371186,5,8,17
vit_b16,oxford_pets,random,49,8,17,0.5294117647058824,0,0.0,0,0.3333333333333333,tiny_imagenet,tiny_imagenet,1,tiny_imagenet,tiny_imagenet,organamnist,organmnist_views,breastmnist|cifar10|dermamnist|organamnist|pneumoniamnist|retinamnist|stl10|tissuemnist,breastmnist|cifar10|dermamnist|organmnist_views|pneumoniamnist|retinamnist|stl10|tissuemnist,14,8,0.4285714285714286,0.9182065211409244,0.9149094179099884,0.003297103230936016,0.24863391102561658,0.9017170548439026,0.8964840173721313,0.005233037471771285,5,8,17
vit_b16,oxford_pets,random,50,8,17,0.5294117647058824,1,0.6666666666666666,1,0.6666666666666666,tiny_imagenet,tiny_imagenet,1,tiny_imagenet,tiny_imagenet,tiny_imagenet,tiny_imagenet,breastmnist|organcmnist|organsmnist|pneumoniamnist|rendered_sst2|stl10|tiny_imagenet|tissuemnist,breastmnist|organmnist_views|pneumoniamnist|rendered_sst2|stl10|tiny_imagenet|tissuemnist,14,7,0.5,0.9182065211409244,0.9182065211409244,0.0,0.0,0.9017170548439026,0.9017170548439026,0.0,5,8,17
vit_b16,oxford_pets,random,51,8,17,0.5294117647058824,1,0.6666666666666666,1,1.0,tiny_imagenet,tiny_imagenet,1,tiny_imagenet,tiny_imagenet,tiny_imagenet,tiny_imagenet,breastmnist|cifar100|dermamnist|organsmnist|pathmnist|pneumoniamnist|tiny_imagenet|tissuemnist,breastmnist|cifar100_shared_images|dermamnist|organmnist_views|pathmnist|pneumoniamnist|tiny_imagenet|tissuemnist,14,8,0.4285714285714286,0.9182065211409244,0.9182065211409244,0.0,0.0,0.9017170548439026,0.9017170548439026,0.0,5,8,17
vit_b16,oxford_pets,random,52,8,17,0.5294117647058824,1,0.6666666666666666,1,0.6666666666666666,tiny_imagenet,tiny_imagenet,1,tiny_imagenet,tiny_imagenet,tiny_imagenet,tiny_imagenet,breastmnist|dermamnist|organcmnist|pathmnist|rendered_sst2|stl10|tiny_imagenet|tissuemnist,breastmnist|dermamnist|organmnist_views|pathmnist|rendered_sst2|stl10|tiny_imagenet|tissuemnist,14,8,0.4285714285714286,0.9182065211409244,0.9182065211409244,0.0,0.0,0.9017170548439026,0.9017170548439026,0.0,5,8,17
vit_b16,oxford_pets,random,53,8,17,0.5294117647058824,1,0.3333333333333333,1,1.0,tiny_imagenet,tiny_imagenet,1,tiny_imagenet,tiny_imagenet,tiny_imagenet,tiny_imagenet,bloodmnist|cifar100_coarse|octmnist|organamnist|organsmnist|stl10|tiny_imagenet|tissuemnist,bloodmnist|cifar100_shared_images|octmnist|organmnist_views|stl10|tiny_imagenet|tissuemnist,14,7,0.5,0.9182065211409244,0.9182065211409244,0.0,0.0,0.9017170548439026,0.9017170548439026,0.0,5,8,17
vit_b16,oxford_pets,random,54,8,17,0.5294117647058824,0,0.0,0,0.6666666666666666,tiny_imagenet,tiny_imagenet,1,tiny_imagenet,tiny_imagenet,organamnist,organmnist_views,breastmnist|cifar10|cifar100_coarse|dermamnist|octmnist|organamnist|pathmnist|stl10,breastmnist|cifar10|cifar100_shared_images|dermamnist|octmnist|organmnist_views|pathmnist|stl10,14,8,0.4285714285714286,0.9182065211409244,0.9149094179099884,0.003297103230936016,0.24863391102561658,0.9017170548439026,0.8964840173721313,0.005233037471771285,5,8,17
vit_b16,oxford_pets,random,55,8,17,0.5294117647058824,0,0.6666666666666666,0,0.6666666666666666,tiny_imagenet,tiny_imagenet,1,tiny_imagenet,tiny_imagenet,cifar100,cifar100_shared_images,bloodmnist|cifar100|dermamnist|octmnist|organamnist|organcmnist|pathmnist|tissuemnist,bloodmnist|cifar100_shared_images|dermamnist|octmnist|organmnist_views|pathmnist|tissuemnist,14,7,0.5,0.9182065211409244,0.9163043454775345,0.0019021756633899045,0.14344269545728297,0.9017170548439026,0.9012809514999389,0.00043610334396371186,5,8,17
vit_b16,oxford_pets,random,56,8,17,0.5294117647058824,0,0.6666666666666666,0,0.6666666666666666,tiny_imagenet,tiny_imagenet,1,tiny_imagenet,tiny_imagenet,cifar100,cifar100_shared_images,bloodmnist|breastmnist|cifar100|organamnist|organcmnist|pathmnist|retinamnist|stl10,bloodmnist|breastmnist|cifar100_shared_images|organmnist_views|pathmnist|retinamnist|stl10,14,7,0.5,0.9182065211409244,0.9163043454775345,0.0019021756633899045,0.14344269545728297,0.9017170548439026,0.9012809514999389,0.00043610334396371186,5,8,17
vit_b16,oxford_pets,random,57,8,17,0.5294117647058824,1,1.0,1,1.0,tiny_imagenet,tiny_imagenet,1,tiny_imagenet,tiny_imagenet,tiny_imagenet,tiny_imagenet,breastmnist|cifar10|cifar100|dermamnist|organcmnist|retinamnist|stl10|tiny_imagenet,breastmnist|cifar10|cifar100_shared_images|dermamnist|organmnist_views|retinamnist|stl10|tiny_imagenet,14,8,0.4285714285714286,0.9182065211409244,0.9182065211409244,0.0,0.0,0.9017170548439026,0.9017170548439026,0.0,5,8,17
vit_b16,oxford_pets,random,58,8,17,0.5294117647058824,1,0.6666666666666666,1,1.0,tiny_imagenet,tiny_imagenet,1,tiny_imagenet,tiny_imagenet,tiny_imagenet,tiny_imagenet,bloodmnist|cifar10|cifar100_coarse|dermamnist|organcmnist|rendered_sst2|stl10|tiny_imagenet,bloodmnist|cifar10|cifar100_shared_images|dermamnist|organmnist_views|rendered_sst2|stl10|tiny_imagenet,14,8,0.4285714285714286,0.9182065211409244,0.9182065211409244,0.0,0.0,0.9017170548439026,0.9017170548439026,0.0,5,8,17
vit_b16,oxford_pets,random,59,8,17,0.5294117647058824,0,0.3333333333333333,0,0.3333333333333333,tiny_imagenet,tiny_imagenet,1,tiny_imagenet,tiny_imagenet,cifar100,cifar100_shared_images,bloodmnist|cifar100|cifar100_coarse|dermamnist|octmnist|rendered_sst2|retinamnist|stl10,bloodmnist|cifar100_shared_images|dermamnist|octmnist|rendered_sst2|retinamnist|stl10,14,7,0.5,0.9182065211409244,0.9163043454775345,0.0019021756633899045,0.14344269545728297,0.9017170548439026,0.9012809514999389,0.00043610334396371186,5,8,17
vit_b16,oxford_pets,random,60,8,17,0.5294117647058824,0,0.3333333333333333,0,0.6666666666666666,tiny_imagenet,tiny_imagenet,1,tiny_imagenet,tiny_imagenet,organcmnist,organmnist_views,cifar10|cifar100_coarse|dermamnist|organamnist|organcmnist|pathmnist|pneumoniamnist|stl10,cifar10|cifar100_shared_images|dermamnist|organmnist_views|pathmnist|pneumoniamnist|stl10,14,7,0.5,0.9182065211409244,0.9162137629318498,0.00199275820907463,0.15027350754497612,0.9017170548439026,0.8973561882972717,0.004360866546630926,5,8,17
vit_b16,oxford_pets,random,61,8,17,0.5294117647058824,1,1.0,1,1.0,tiny_imagenet,tiny_imagenet,1,tiny_imagenet,tiny_imagenet,tiny_imagenet,tiny_imagenet,bloodmnist|cifar100|cifar100_coarse|dermamnist|octmnist|organcmnist|pathmnist|tiny_imagenet,bloodmnist|cifar100_shared_images|dermamnist|octmnist|organmnist_views|pathmnist|tiny_imagenet,14,7,0.5,0.9182065211409244,0.9182065211409244,0.0,0.0,0.9017170548439026,0.9017170548439026,0.0,5,8,17
vit_b16,oxford_pets,random,62,8,17,0.5294117647058824,0,0.3333333333333333,0,0.3333333333333333,tiny_imagenet,tiny_imagenet,1,tiny_imagenet,tiny_imagenet,organcmnist,organmnist_views,bloodmnist|cifar10|octmnist|organamnist|organcmnist|pneumoniamnist|rendered_sst2|stl10,bloodmnist|cifar10|octmnist|organmnist_views|pneumoniamnist|rendered_sst2|stl10,14,7,0.5,0.9182065211409244,0.9162137629318498,0.00199275820907463,0.15027350754497612,0.9017170548439026,0.8973561882972717,0.004360866546630926,5,8,17
vit_b16,oxford_pets,random,63,8,17,0.5294117647058824,0,0.6666666666666666,0,0.6666666666666666,tiny_imagenet,tiny_imagenet,1,tiny_imagenet,tiny_imagenet,cifar100,cifar100_shared_images,breastmnist|cifar10|cifar100|organamnist|organcmnist|organsmnist|pneumoniamnist|retinamnist,breastmnist|cifar10|cifar100_shared_images|organmnist_views|pneumoniamnist|retinamnist,14,6,0.5714285714285714,0.9182065211409244,0.9163043454775345,0.0019021756633899045,0.14344269545728297,0.9017170548439026,0.9012809514999389,0.00043610334396371186,5,8,17
vit_b16,oxford_pets,random,64,8,17,0.5294117647058824,1,1.0,1,1.0,tiny_imagenet,tiny_imagenet,1,tiny_imagenet,tiny_imagenet,tiny_imagenet,tiny_imagenet,breastmnist|cifar10|cifar100|octmnist|organcmnist|organsmnist|stl10|tiny_imagenet,breastmnist|cifar10|cifar100_shared_images|octmnist|organmnist_views|stl10|tiny_imagenet,14,7,0.5,0.9182065211409244,0.9182065211409244,0.0,0.0,0.9017170548439026,0.9017170548439026,0.0,5,8,17
vit_b16,oxford_pets,random,65,8,17,0.5294117647058824,1,0.3333333333333333,1,0.6666666666666666,tiny_imagenet,tiny_imagenet,1,tiny_imagenet,tiny_imagenet,tiny_imagenet,tiny_imagenet,bloodmnist|cifar10|dermamnist|organamnist|pneumoniamnist|retinamnist|stl10|tiny_imagenet,bloodmnist|cifar10|dermamnist|organmnist_views|pneumoniamnist|retinamnist|stl10|tiny_imagenet,14,8,0.4285714285714286,0.9182065211409244,0.9182065211409244,0.0,0.0,0.9017170548439026,0.9017170548439026,0.0,5,8,17
vit_b16,oxford_pets,random,66,8,17,0.5294117647058824,1,0.3333333333333333,1,0.3333333333333333,tiny_imagenet,tiny_imagenet,1,tiny_imagenet,tiny_imagenet,tiny_imagenet,tiny_imagenet,breastmnist|cifar10|octmnist|pneumoniamnist|retinamnist|stl10|tiny_imagenet|tissuemnist,breastmnist|cifar10|octmnist|pneumoniamnist|retinamnist|stl10|tiny_imagenet|tissuemnist,14,8,0.4285714285714286,0.9182065211409244,0.9182065211409244,0.0,0.0,0.9017170548439026,0.9017170548439026,0.0,5,8,17
vit_b16,oxford_pets,random,67,8,17,0.5294117647058824,1,0.6666666666666666,1,1.0,tiny_imagenet,tiny_imagenet,1,tiny_imagenet,tiny_imagenet,tiny_imagenet,tiny_imagenet,breastmnist|cifar10|cifar100|organamnist|pneumoniamnist|rendered_sst2|retinamnist|tiny_imagenet,breastmnist|cifar10|cifar100_shared_images|organmnist_views|pneumoniamnist|rendered_sst2|retinamnist|tiny_imagenet,14,8,0.4285714285714286,0.9182065211409244,0.9182065211409244,0.0,0.0,0.9017170548439026,0.9017170548439026,0.0,5,8,17
vit_b16,oxford_pets,random,68,8,17,0.5294117647058824,1,0.6666666666666666,1,0.6666666666666666,tiny_imagenet,tiny_imagenet,1,tiny_imagenet,tiny_imagenet,tiny_imagenet,tiny_imagenet,cifar10|organamnist|organcmnist|organsmnist|rendered_sst2|retinamnist|stl10|tiny_imagenet,cifar10|organmnist_views|rendered_sst2|retinamnist|stl10|tiny_imagenet,14,6,0.5714285714285714,0.9182065211409244,0.9182065211409244,0.0,0.0,0.9017170548439026,0.9017170548439026,0.0,5,8,17
vit_b16,oxford_pets,random,69,8,17,0.5294117647058824,1,0.6666666666666666,1,1.0,tiny_imagenet,tiny_imagenet,1,tiny_imagenet,tiny_imagenet,tiny_imagenet,tiny_imagenet,breastmnist|cifar100|cifar100_coarse|octmnist|organsmnist|pathmnist|rendered_sst2|tiny_imagenet,breastmnist|cifar100_shared_images|octmnist|organmnist_views|pathmnist|rendered_sst2|tiny_imagenet,14,7,0.5,0.9182065211409244,0.9182065211409244,0.0,0.0,0.9017170548439026,0.9017170548439026,0.0,5,8,17
vit_b16,oxford_pets,random,70,8,17,0.5294117647058824,1,0.6666666666666666,1,1.0,tiny_imagenet,tiny_imagenet,1,tiny_imagenet,tiny_imagenet,tiny_imagenet,tiny_imagenet,bloodmnist|cifar100_coarse|dermamnist|octmnist|organcmnist|organsmnist|pathmnist|tiny_imagenet,bloodmnist|cifar100_shared_images|dermamnist|octmnist|organmnist_views|pathmnist|tiny_imagenet,14,7,0.5,0.9182065211409244,0.9182065211409244,0.0,0.0,0.9017170548439026,0.9017170548439026,0.0,5,8,17
vit_b16,oxford_pets,random,71,8,17,0.5294117647058824,0,0.3333333333333333,0,0.6666666666666666,tiny_imagenet,tiny_imagenet,1,tiny_imagenet,tiny_imagenet,organcmnist,organmnist_views,breastmnist|cifar10|cifar100_coarse|organamnist|organcmnist|pneumoniamnist|rendered_sst2|stl10,breastmnist|cifar10|cifar100_shared_images|organmnist_views|pneumoniamnist|rendered_sst2|stl10,14,7,0.5,0.9182065211409244,0.9162137629318498,0.00199275820907463,0.15027350754497612,0.9017170548439026,0.8973561882972717,0.004360866546630926,5,8,17
vit_b16,oxford_pets,random,72,8,17,0.5294117647058824,0,0.6666666666666666,0,0.6666666666666666,tiny_imagenet,tiny_imagenet,1,tiny_imagenet,tiny_imagenet,cifar100,cifar100_shared_images,bloodmnist|breastmnist|cifar100|cifar100_coarse|dermamnist|octmnist|organamnist|organcmnist,bloodmnist|breastmnist|cifar100_shared_images|dermamnist|octmnist|organmnist_views,14,6,0.5714285714285714,0.9182065211409244,0.9163043454775345,0.0019021756633899045,0.14344269545728297,0.9017170548439026,0.9012809514999389,0.00043610334396371186,5,8,17
vit_b16,oxford_pets,random,73,8,17,0.5294117647058824,0,0.3333333333333333,0,0.6666666666666666,tiny_imagenet,tiny_imagenet,1,tiny_imagenet,tiny_imagenet,cifar100,cifar100_shared_images,bloodmnist|breastmnist|cifar100|dermamnist|organsmnist|pneumoniamnist|rendered_sst2|tissuemnist,bloodmnist|breastmnist|cifar100_shared_images|dermamnist|organmnist_views|pneumoniamnist|rendered_sst2|tissuemnist,14,8,0.4285714285714286,0.9182065211409244,0.9163043454775345,0.0019021756633899045,0.14344269545728297,0.9017170548439026,0.9012809514999389,0.00043610334396371186,5,8,17
vit_b16,oxford_pets,random,74,8,17,0.5294117647058824,1,0.3333333333333333,1,1.0,tiny_imagenet,tiny_imagenet,1,tiny_imagenet,tiny_imagenet,tiny_imagenet,tiny_imagenet,bloodmnist|breastmnist|cifar100_coarse|organamnist|organsmnist|rendered_sst2|retinamnist|tiny_imagenet,bloodmnist|breastmnist|cifar100_shared_images|organmnist_views|rendered_sst2|retinamnist|tiny_imagenet,14,7,0.5,0.9182065211409244,0.9182065211409244,0.0,0.0,0.9017170548439026,0.9017170548439026,0.0,5,8,17
vit_b16,oxford_pets,random,75,8,17,0.5294117647058824,0,0.3333333333333333,0,0.6666666666666666,tiny_imagenet,tiny_imagenet,1,tiny_imagenet,tiny_imagenet,organcmnist,organmnist_views,bloodmnist|breastmnist|cifar10|cifar100_coarse|organamnist|organcmnist|organsmnist|rendered_sst2,bloodmnist|breastmnist|cifar10|cifar100_shared_images|organmnist_views|rendered_sst2,14,6,0.5714285714285714,0.9182065211409244,0.9162137629318498,0.00199275820907463,0.15027350754497612,0.9017170548439026,0.8973561882972717,0.004360866546630926,5,8,17
vit_b16,oxford_pets,random,76,8,17,0.5294117647058824,0,0.3333333333333333,0,0.3333333333333333,tiny_imagenet,tiny_imagenet,1,tiny_imagenet,tiny_imagenet,organcmnist,organmnist_views,bloodmnist|breastmnist|cifar10|octmnist|organcmnist|pneumoniamnist|stl10|tissuemnist,bloodmnist|breastmnist|cifar10|octmnist|organmnist_views|pneumoniamnist|stl10|tissuemnist,14,8,0.4285714285714286,0.9182065211409244,0.9162137629318498,0.00199275820907463,0.15027350754497612,0.9017170548439026,0.8973561882972717,0.004360866546630926,5,8,17
vit_b16,oxford_pets,random,77,8,17,0.5294117647058824,1,0.6666666666666666,1,1.0,tiny_imagenet,tiny_imagenet,1,tiny_imagenet,tiny_imagenet,tiny_imagenet,tiny_imagenet,breastmnist|cifar10|cifar100|organsmnist|pathmnist|rendered_sst2|stl10|tiny_imagenet,breastmnist|cifar10|cifar100_shared_images|organmnist_views|pathmnist|rendered_sst2|stl10|tiny_imagenet,14,8,0.4285714285714286,0.9182065211409244,0.9182065211409244,0.0,0.0,0.9017170548439026,0.9017170548439026,0.0,5,8,17
vit_b16,oxford_pets,random,78,8,17,0.5294117647058824,0,0.3333333333333333,0,0.3333333333333333,tiny_imagenet,tiny_imagenet,1,tiny_imagenet,tiny_imagenet,cifar100,cifar100_shared_images,bloodmnist|cifar10|cifar100|cifar100_coarse|pathmnist|rendered_sst2|stl10|tissuemnist,bloodmnist|cifar10|cifar100_shared_images|pathmnist|rendered_sst2|stl10|tissuemnist,14,7,0.5,0.9182065211409244,0.9163043454775345,0.0019021756633899045,0.14344269545728297,0.9017170548439026,0.9012809514999389,0.00043610334396371186,5,8,17
vit_b16,oxford_pets,random,79,8,17,0.5294117647058824,1,0.6666666666666666,1,1.0,tiny_imagenet,tiny_imagenet,1,tiny_imagenet,tiny_imagenet,tiny_imagenet,tiny_imagenet,bloodmnist|cifar10|cifar100_coarse|octmnist|organcmnist|pneumoniamnist|retinamnist|tiny_imagenet,bloodmnist|cifar10|cifar100_shared_images|octmnist|organmnist_views|pneumoniamnist|retinamnist|tiny_imagenet,14,8,0.4285714285714286,0.9182065211409244,0.9182065211409244,0.0,0.0,0.9017170548439026,0.9017170548439026,0.0,5,8,17
vit_b16,oxford_pets,random,80,8,17,0.5294117647058824,0,0.0,0,0.6666666666666666,tiny_imagenet,tiny_imagenet,1,tiny_imagenet,tiny_imagenet,organamnist,organmnist_views,cifar10|cifar100_coarse|dermamnist|octmnist|organamnist|organsmnist|pneumoniamnist|retinamnist,cifar10|cifar100_shared_images|dermamnist|octmnist|organmnist_views|pneumoniamnist|retinamnist,14,7,0.5,0.9182065211409244,0.9149094179099884,0.003297103230936016,0.24863391102561658,0.9017170548439026,0.8964840173721313,0.005233037471771285,5,8,17
vit_b16,oxford_pets,random,81,8,17,0.5294117647058824,1,0.3333333333333333,1,1.0,tiny_imagenet,tiny_imagenet,1,tiny_imagenet,tiny_imagenet,tiny_imagenet,tiny_imagenet,breastmnist|cifar100_coarse|dermamnist|octmnist|organamnist|organsmnist|stl10|tiny_imagenet,breastmnist|cifar100_shared_images|dermamnist|octmnist|organmnist_views|stl10|tiny_imagenet,14,7,0.5,0.9182065211409244,0.9182065211409244,0.0,0.0,0.9017170548439026,0.9017170548439026,0.0,5,8,17
vit_b16,oxford_pets,random,82,8,17,0.5294117647058824,0,0.0,0,0.3333333333333333,tiny_imagenet,tiny_imagenet,1,tiny_imagenet,tiny_imagenet,organamnist,organmnist_views,dermamnist|octmnist|organamnist|organsmnist|pathmnist|pneumoniamnist|rendered_sst2|tissuemnist,dermamnist|octmnist|organmnist_views|pathmnist|pneumoniamnist|rendered_sst2|tissuemnist,14,7,0.5,0.9182065211409244,0.9149094179099884,0.003297103230936016,0.24863391102561658,0.9017170548439026,0.8964840173721313,0.005233037471771285,5,8,17
vit_b16,oxford_pets,random,83,8,17,0.5294117647058824,0,0.3333333333333333,0,0.3333333333333333,tiny_imagenet,tiny_imagenet,1,tiny_imagenet,tiny_imagenet,organcmnist,organmnist_views,breastmnist|dermamnist|octmnist|organamnist|organcmnist|organsmnist|rendered_sst2|tissuemnist,breastmnist|dermamnist|octmnist|organmnist_views|rendered_sst2|tissuemnist,14,6,0.5714285714285714,0.9182065211409244,0.9162137629318498,0.00199275820907463,0.15027350754497612,0.9017170548439026,0.8973561882972717,0.004360866546630926,5,8,17
vit_b16,oxford_pets,random,84,8,17,0.5294117647058824,1,0.6666666666666666,1,1.0,tiny_imagenet,tiny_imagenet,1,tiny_imagenet,tiny_imagenet,tiny_imagenet,tiny_imagenet,cifar10|cifar100|organamnist|organsmnist|rendered_sst2|stl10|tiny_imagenet|tissuemnist,cifar10|cifar100_shared_images|organmnist_views|rendered_sst2|stl10|tiny_imagenet|tissuemnist,14,7,0.5,0.9182065211409244,0.9182065211409244,0.0,0.0,0.9017170548439026,0.9017170548439026,0.0,5,8,17
vit_b16,oxford_pets,random,85,8,17,0.5294117647058824,1,0.3333333333333333,1,0.6666666666666666,tiny_imagenet,tiny_imagenet,1,tiny_imagenet,tiny_imagenet,tiny_imagenet,tiny_imagenet,bloodmnist|cifar10|cifar100_coarse|dermamnist|octmnist|pathmnist|pneumoniamnist|tiny_imagenet,bloodmnist|cifar10|cifar100_shared_images|dermamnist|octmnist|pathmnist|pneumoniamnist|tiny_imagenet,14,8,0.4285714285714286,0.9182065211409244,0.9182065211409244,0.0,0.0,0.9017170548439026,0.9017170548439026,0.0,5,8,17
vit_b16,oxford_pets,random,86,8,17,0.5294117647058824,0,0.3333333333333333,0,0.6666666666666666,tiny_imagenet,tiny_imagenet,1,tiny_imagenet,tiny_imagenet,cifar100,cifar100_shared_images,bloodmnist|cifar100|dermamnist|octmnist|organamnist|organsmnist|pneumoniamnist|tissuemnist,bloodmnist|cifar100_shared_images|dermamnist|octmnist|organmnist_views|pneumoniamnist|tissuemnist,14,7,0.5,0.9182065211409244,0.9163043454775345,0.0019021756633899045,0.14344269545728297,0.9017170548439026,0.9012809514999389,0.00043610334396371186,5,8,17
vit_b16,oxford_pets,random,87,8,17,0.5294117647058824,0,0.0,0,0.6666666666666666,tiny_imagenet,tiny_imagenet,1,tiny_imagenet,tiny_imagenet,organamnist,organmnist_views,bloodmnist|cifar100_coarse|dermamnist|organamnist|pathmnist|pneumoniamnist|retinamnist|stl10,bloodmnist|cifar100_shared_images|dermamnist|organmnist_views|pathmnist|pneumoniamnist|retinamnist|stl10,14,8,0.4285714285714286,0.9182065211409244,0.9149094179099884,0.003297103230936016,0.24863391102561658,0.9017170548439026,0.8964840173721313,0.005233037471771285,5,8,17
vit_b16,oxford_pets,random,88,8,17,0.5294117647058824,1,0.6666666666666666,1,0.6666666666666666,tiny_imagenet,tiny_imagenet,1,tiny_imagenet,tiny_imagenet,tiny_imagenet,tiny_imagenet,breastmnist|cifar10|cifar100|pathmnist|pneumoniamnist|retinamnist|stl10|tiny_imagenet,breastmnist|cifar10|cifar100_shared_images|pathmnist|pneumoniamnist|retinamnist|stl10|tiny_imagenet,14,8,0.4285714285714286,0.9182065211409244,0.9182065211409244,0.0,0.0,0.9017170548439026,0.9017170548439026,0.0,5,8,17
vit_b16,oxford_pets,random,89,8,17,0.5294117647058824,0,0.0,0,0.3333333333333333,tiny_imagenet,tiny_imagenet,1,tiny_imagenet,tiny_imagenet,organamnist,organmnist_views,bloodmnist|cifar10|octmnist|organamnist|organsmnist|pathmnist|pneumoniamnist|tissuemnist,bloodmnist|cifar10|octmnist|organmnist_views|pathmnist|pneumoniamnist|tissuemnist,14,7,0.5,0.9182065211409244,0.9149094179099884,0.003297103230936016,0.24863391102561658,0.9017170548439026,0.8964840173721313,0.005233037471771285,5,8,17
vit_b16,oxford_pets,random,90,8,17,0.5294117647058824,0,0.0,0,0.3333333333333333,tiny_imagenet,tiny_imagenet,1,tiny_imagenet,tiny_imagenet,organamnist,organmnist_views,breastmnist|dermamnist|organamnist|organsmnist|pneumoniamnist|rendered_sst2|retinamnist|stl10,breastmnist|dermamnist|organmnist_views|pneumoniamnist|rendered_sst2|retinamnist|stl10,14,7,0.5,0.9182065211409244,0.9149094179099884,0.003297103230936016,0.24863391102561658,0.9017170548439026,0.8964840173721313,0.005233037471771285,5,8,17
vit_b16,oxford_pets,random,91,8,17,0.5294117647058824,1,1.0,1,1.0,tiny_imagenet,tiny_imagenet,1,tiny_imagenet,tiny_imagenet,tiny_imagenet,tiny_imagenet,breastmnist|cifar100|cifar100_coarse|dermamnist|octmnist|organcmnist|pneumoniamnist|tiny_imagenet,breastmnist|cifar100_shared_images|dermamnist|octmnist|organmnist_views|pneumoniamnist|tiny_imagenet,14,7,0.5,0.9182065211409244,0.9182065211409244,0.0,0.0,0.9017170548439026,0.9017170548439026,0.0,5,8,17
vit_b16,oxford_pets,random,92,8,17,0.5294117647058824,1,1.0,1,1.0,tiny_imagenet,tiny_imagenet,1,tiny_imagenet,tiny_imagenet,tiny_imagenet,tiny_imagenet,cifar10|cifar100|octmnist|organamnist|organcmnist|pathmnist|stl10|tiny_imagenet,cifar10|cifar100_shared_images|octmnist|organmnist_views|pathmnist|stl10|tiny_imagenet,14,7,0.5,0.9182065211409244,0.9182065211409244,0.0,0.0,0.9017170548439026,0.9017170548439026,0.0,5,8,17
vit_b16,oxford_pets,random,93,8,17,0.5294117647058824,1,0.6666666666666666,1,0.6666666666666666,tiny_imagenet,tiny_imagenet,1,tiny_imagenet,tiny_imagenet,tiny_imagenet,tiny_imagenet,bloodmnist|breastmnist|cifar100|pathmnist|retinamnist|stl10|tiny_imagenet|tissuemnist,bloodmnist|breastmnist|cifar100_shared_images|pathmnist|retinamnist|stl10|tiny_imagenet|tissuemnist,14,8,0.4285714285714286,0.9182065211409244,0.9182065211409244,0.0,0.0,0.9017170548439026,0.9017170548439026,0.0,5,8,17
vit_b16,oxford_pets,random,94,8,17,0.5294117647058824,1,0.3333333333333333,1,1.0,tiny_imagenet,tiny_imagenet,1,tiny_imagenet,tiny_imagenet,tiny_imagenet,tiny_imagenet,bloodmnist|breastmnist|cifar100_coarse|organsmnist|pathmnist|rendered_sst2|retinamnist|tiny_imagenet,bloodmnist|breastmnist|cifar100_shared_images|organmnist_views|pathmnist|rendered_sst2|retinamnist|tiny_imagenet,14,8,0.4285714285714286,0.9182065211409244,0.9182065211409244,0.0,0.0,0.9017170548439026,0.9017170548439026,0.0,5,8,17
vit_b16,oxford_pets,random,95,8,17,0.5294117647058824,1,0.6666666666666666,1,1.0,tiny_imagenet,tiny_imagenet,1,tiny_imagenet,tiny_imagenet,tiny_imagenet,tiny_imagenet,bloodmnist|breastmnist|cifar10|cifar100|dermamnist|organamnist|retinamnist|tiny_imagenet,bloodmnist|breastmnist|cifar10|cifar100_shared_images|dermamnist|organmnist_views|retinamnist|tiny_imagenet,14,8,0.4285714285714286,0.9182065211409244,0.9182065211409244,0.0,0.0,0.9017170548439026,0.9017170548439026,0.0,5,8,17
vit_b16,oxford_pets,random,96,8,17,0.5294117647058824,0,0.0,0,0.3333333333333333,tiny_imagenet,tiny_imagenet,1,tiny_imagenet,tiny_imagenet,organamnist,organmnist_views,bloodmnist|cifar10|octmnist|organamnist|organsmnist|pathmnist|pneumoniamnist|tissuemnist,bloodmnist|cifar10|octmnist|organmnist_views|pathmnist|pneumoniamnist|tissuemnist,14,7,0.5,0.9182065211409244,0.9149094179099884,0.003297103230936016,0.24863391102561658,0.9017170548439026,0.8964840173721313,0.005233037471771285,5,8,17
vit_b16,oxford_pets,random,97,8,17,0.5294117647058824,1,0.6666666666666666,1,0.6666666666666666,tiny_imagenet,tiny_imagenet,1,tiny_imagenet,tiny_imagenet,tiny_imagenet,tiny_imagenet,bloodmnist|cifar10|organcmnist|pathmnist|pneumoniamnist|rendered_sst2|tiny_imagenet|tissuemnist,bloodmnist|cifar10|organmnist_views|pathmnist|pneumoniamnist|rendered_sst2|tiny_imagenet|tissuemnist,14,8,0.4285714285714286,0.9182065211409244,0.9182065211409244,0.0,0.0,0.9017170548439026,0.9017170548439026,0.0,5,8,17
vit_b16,oxford_pets,random,98,8,17,0.5294117647058824,1,0.6666666666666666,1,1.0,tiny_imagenet,tiny_imagenet,1,tiny_imagenet,tiny_imagenet,tiny_imagenet,tiny_imagenet,bloodmnist|breastmnist|cifar100|organamnist|pneumoniamnist|rendered_sst2|tiny_imagenet|tissuemnist,bloodmnist|breastmnist|cifar100_shared_images|organmnist_views|pneumoniamnist|rendered_sst2|tiny_imagenet|tissuemnist,14,8,0.4285714285714286,0.9182065211409244,0.9182065211409244,0.0,0.0,0.9017170548439026,0.9017170548439026,0.0,5,8,17
vit_b16,oxford_pets,random,99,8,17,0.5294117647058824,1,0.6666666666666666,1,1.0,tiny_imagenet,tiny_imagenet,1,tiny_imagenet,tiny_imagenet,tiny_imagenet,tiny_imagenet,breastmnist|cifar10|cifar100|cifar100_coarse|organamnist|pneumoniamnist|retinamnist|tiny_imagenet,breastmnist|cifar10|cifar100_shared_images|organmnist_views|pneumoniamnist|retinamnist|tiny_imagenet,14,7,0.5,0.9182065211409244,0.9182065211409244,0.0,0.0,0.9017170548439026,0.9017170548439026,0.0,5,8,17
