encoder,source,source_domain,adapter_seed,target,validation_accuracy,validation_accuracy_std,validation_fold_accuracies,validation_examples,target_validation_protocol,target_cv_folds,target_cv_seed,test_accuracy,source_samples,steps,width,batch_size,ridge,training_seconds,evaluation_seconds,device
vit_b16,bloodmnist,medical,0,beans,0.8568665718432783,0.01569476602986798,0.8701924086|0.8357487917|0.8792270422|0.8495146036|0.8495146036,1034,stratified_5_fold,5,20260906,0.796875,500,600,256,128,0.01,1.9899468142539263,0.15182985365390778,npu:6
vit_b16,bloodmnist,medical,0,dtd,0.5901596069335937,0.008552105791254698,0.5904256105|0.5784574747|0.5890957713|0.5877659321|0.6050532460,3760,stratified_5_fold,5,20260906,0.6021276116371155,500,600,256,128,0.01,1.9899468142539263,0.07847714051604271,npu:6
vit_b16,bloodmnist,medical,0,eurosat,0.8927999926805497,0.012006429297227127,0.8976142406|0.9081836343|0.8988989592|0.8856569529|0.8734939694,5000,stratified_5_fold,5,20260906,0.8929629325866699,500,600,256,128,0.01,1.9899468142539263,0.04522717744112015,npu:6
vit_b16,bloodmnist,medical,0,flowers102,0.6852941751480103,0.02762550441166416,0.7009804249|0.7254902720|0.6813726425|0.6764706373|0.6421568990,1020,stratified_5_fold,5,20260906,0.7095999717712402,500,600,256,128,0.01,1.9899468142539263,0.04408290609717369,npu:6
vit_b16,bloodmnist,medical,0,food101,0.4224000241160393,0.015628426762962427,0.4069307148|0.4495049715|0.4069307148|0.4247525036|0.4239583611,5000,stratified_5_fold,5,20260906,0.47380000352859497,500,600,256,128,0.01,1.9899468142539263,0.04189230874180794,npu:6
vit_b16,bloodmnist,medical,0,gtsrb,0.6195999880313874,0.021346804490092935,0.6607669592|0.6009950042|0.6073926091|0.6177062392|0.6103763580,5000,stratified_5_fold,5,20260906,0.5033999681472778,500,600,256,128,0.01,1.9899468142539263,0.043476054444909096,npu:6
vit_b16,bloodmnist,medical,0,oxford_pets,0.9179347689061061,0.008804632838342366,0.9215154648|0.9184782505|0.9021739364|0.9183673859|0.9291552901,3680,stratified_5_fold,5,20260906,0.8977922201156616,500,600,256,128,0.01,1.9899468142539263,0.04175880737602711,npu:6
vit_b16,bloodmnist,medical,1,beans,0.8268858914910249,0.012361073388948882,0.8221154213|0.8164250851|0.8164250851|0.8495146036|0.8300971389,1034,stratified_5_fold,5,20260906,0.8828125,500,600,256,128,0.01,1.1641839034855366,0.039155200123786926,npu:6
vit_b16,bloodmnist,medical,1,dtd,0.6015957593917847,0.00778125046944103,0.6130319238|0.6023936272|0.5917553306|0.5944148898|0.6063830256,3760,stratified_5_fold,5,20260906,0.6154255270957947,500,600,256,128,0.01,1.1641839034855366,0.04052918404340744,npu:6
vit_b16,bloodmnist,medical,1,eurosat,0.8909999876499176,0.008821654580681603,0.8956261873|0.8932135701|0.8958959579|0.8966900110|0.8734939694,5000,stratified_5_fold,5,20260906,0.886296272277832,500,600,256,128,0.01,1.1641839034855366,0.03659631125628948,npu:6
vit_b16,bloodmnist,medical,1,flowers102,0.6794118404388427,0.029346327510115327,0.6421569586|0.7009804249|0.7205883265|0.6813726425|0.6519608498,1020,stratified_5_fold,5,20260906,0.7051999568939209,500,600,256,128,0.01,1.1641839034855366,0.04140528477728367,npu:6
vit_b16,bloodmnist,medical,1,food101,0.420200024664402,0.018284242022703564,0.4198020101|0.4445545077|0.4108911157|0.3920792043|0.4343750179,5000,stratified_5_fold,5,20260906,0.46139997243881226,500,600,256,128,0.01,1.1641839034855366,0.04664972424507141,npu:6
vit_b16,bloodmnist,medical,1,gtsrb,0.622000010061264,0.014999394046477443,0.6440511942|0.6139303446|0.6153845787|0.6338028312|0.6022380590,5000,stratified_5_fold,5,20260906,0.4991999566555023,500,600,256,128,0.01,1.1641839034855366,0.039774090051651,npu:6
vit_b16,bloodmnist,medical,1,oxford_pets,0.9108695697525273,0.008127046811530666,0.9242218733|0.9008152485|0.9103261232|0.9142857790|0.9046320915,3680,stratified_5_fold,5,20260906,0.8967020511627197,500,600,256,128,0.01,1.1641839034855366,0.04375023394823074,npu:6
vit_b16,bloodmnist,medical,2,beans,0.8268859098220471,0.022513686551901568,0.8413462639|0.7826086879|0.8405796885|0.8300971389|0.8398058414,1034,stratified_5_fold,5,20260906,0.875,500,600,256,128,0.01,1.1523146759718657,0.040704283863306046,npu:6
vit_b16,bloodmnist,medical,2,dtd,0.5957447171211243,0.01125224349938292,0.5851064324|0.6023936272|0.5824468136|0.5957447290|0.6130319834,3760,stratified_5_fold,5,20260906,0.6111701726913452,500,600,256,128,0.01,1.1523146759718657,0.039935871958732605,npu:6
vit_b16,bloodmnist,medical,2,eurosat,0.8903999728679657,0.006479542600416841,0.8876739144|0.9021956325|0.8918918371|0.8866599798|0.8835340738,5000,stratified_5_fold,5,20260906,0.9003703594207764,500,600,256,128,0.01,1.1523146759718657,0.03834402747452259,npu:6
vit_b16,bloodmnist,medical,2,flowers102,0.6745098948478698,0.033620446141276225,0.6568628550|0.6960785389|0.7254902720|0.6666667461|0.6274510622,1020,stratified_5_fold,5,20260906,0.693399965763092,500,600,256,128,0.01,1.1523146759718657,0.042086927220225334,npu:6
vit_b16,bloodmnist,medical,2,food101,0.4148000037074089,0.009470884160178474,0.4039604068|0.4306930602|0.4138613939|0.4069306850|0.4187500179,5000,stratified_5_fold,5,20260906,0.46879997849464417,500,600,256,128,0.01,1.1523146759718657,0.04325948469340801,npu:6
vit_b16,bloodmnist,medical,2,gtsrb,0.6216000003933907,0.02187654693552334,0.6391347647|0.6089552045|0.6193805933|0.6509054303|0.5890132189,5000,stratified_5_fold,5,20260906,0.5069999694824219,500,600,256,128,0.01,1.1523146759718657,0.04032440111041069,npu:6
vit_b16,bloodmnist,medical,2,oxford_pets,0.9108695621399776,0.0065005036828678815,0.9147496223|0.9198369384|0.9035326242|0.9129252434|0.9032697082,3680,stratified_5_fold,5,20260906,0.8964295387268066,500,600,256,128,0.01,1.1523146759718657,0.0385229866951704,npu:6
vit_b16,bloodmnist,medical,3,beans,0.8442940137257198,0.028744618293127393,0.8269231319|0.8599033952|0.8937197924|0.8203883171|0.8203883767,1034,stratified_5_fold,5,20260906,0.8515625,500,600,256,128,0.01,1.1765742357820272,0.03347158059477806,npu:6
vit_b16,bloodmnist,medical,3,dtd,0.5864361763000489,0.012531069254561792,0.5904254913|0.5917553306|0.5664893985|0.6037234068|0.5797872543,3760,stratified_5_fold,5,20260906,0.6058510541915894,500,600,256,128,0.01,1.1765742357820272,0.039030248299241066,npu:6
vit_b16,bloodmnist,medical,3,eurosat,0.8944000135183334,0.00712091202597805,0.9015904665|0.8872255683|0.9009009600|0.8976930380|0.8845381737,5000,stratified_5_fold,5,20260906,0.897777795791626,500,600,256,128,0.01,1.1765742357820272,0.04111429676413536,npu:6
vit_b16,bloodmnist,medical,3,flowers102,0.6892157554626465,0.035294114218819804,0.6764706373|0.7303922176|0.7058824301|0.7058824301|0.6274510622,1020,stratified_5_fold,5,20260906,0.7026000022888184,500,600,256,128,0.01,1.1765742357820272,0.04251405969262123,npu:6
vit_b16,bloodmnist,medical,3,food101,0.41980002337694167,0.011794839815505186,0.4069307148|0.4386138916|0.4217821956|0.4237623811|0.4072917104,5000,stratified_5_fold,5,20260906,0.45799994468688965,500,600,256,128,0.01,1.1765742357820272,0.043211404234170914,npu:6
vit_b16,bloodmnist,medical,3,gtsrb,0.6231999992966651,0.009927693502459162,0.6194690466|0.6258705854|0.6213786006|0.6398390532|0.6093591452,5000,stratified_5_fold,5,20260906,0.4883999824523926,500,600,256,128,0.01,1.1765742357820272,0.038361746817827225,npu:6
vit_b16,bloodmnist,medical,3,oxford_pets,0.9157608736792336,0.0038770551266136158,0.9161027670|0.9157608747|0.9103261232|0.9142857790|0.9223433137,3680,stratified_5_fold,5,20260906,0.899972677230835,500,600,256,128,0.01,1.1765742357820272,0.03737739473581314,npu:6
vit_b16,bloodmnist,medical,4,beans,0.8288201443000734,0.01733427185220271,0.8173077703|0.8502415419|0.8164250851|0.8495146036|0.8106796741,1034,stratified_5_fold,5,20260906,0.78125,500,600,256,128,0.01,1.176274636760354,0.03588082082569599,npu:6
vit_b16,bloodmnist,medical,4,dtd,0.6007979035377502,0.009822437986555327,0.5877659917|0.5984042883|0.5957447290|0.6170213223|0.6050531864,3760,stratified_5_fold,5,20260906,0.612765908241272,500,600,256,128,0.01,1.176274636760354,0.039630331099033356,npu:6
vit_b16,bloodmnist,medical,4,eurosat,0.8904000102519989,0.009723796846137955,0.8946321011|0.9011976719|0.8978979588|0.8826479912|0.8755019903,5000,stratified_5_fold,5,20260906,0.8925925493240356,500,600,256,128,0.01,1.176274636760354,0.03902258723974228,npu:6
vit_b16,bloodmnist,medical,4,flowers102,0.681372606754303,0.033677567595791005,0.6617647409|0.7156863213|0.7156863213|0.6862745881|0.6274510622,1020,stratified_5_fold,5,20260906,0.7067999839782715,500,600,256,128,0.01,1.176274636760354,0.03970385156571865,npu:6
vit_b16,bloodmnist,medical,4,food101,0.4238000191450119,0.013132402307264824,0.4178217947|0.4495049715|0.4158415794|0.4138614237|0.4218750298,5000,stratified_5_fold,5,20260906,0.45799997448921204,500,600,256,128,0.01,1.176274636760354,0.04307742416858673,npu:6
vit_b16,bloodmnist,medical,4,gtsrb,0.6132000162601471,0.021371316650772108,0.6470010281|0.6238806248|0.5934066176|0.6126760244|0.5879959464,5000,stratified_5_fold,5,20260906,0.49219998717308044,500,600,256,128,0.01,1.176274636760354,0.03889820724725723,npu:6
vit_b16,bloodmnist,medical,4,oxford_pets,0.9100543330221073,0.005245434450039905,0.9161027670|0.9048913121|0.9103261232|0.9034013748|0.9155312777,3680,stratified_5_fold,5,20260906,0.8934314250946045,500,600,256,128,0.01,1.176274636760354,0.03828108496963978,npu:6
vit_b16,breastmnist,medical,0,beans,0.8220502995891312,0.02103847569472105,0.8461538553|0.8115942478|0.8357487917|0.7864077687|0.8300970793,1034,stratified_5_fold,5,20260906,0.859375,500,600,256,128,0.01,1.203377215191722,0.03639199212193489,npu:6
vit_b16,breastmnist,medical,0,dtd,0.5949468493461609,0.003998211689263601,0.5930851698|0.5890957713|0.5970745087|0.5944149494|0.6010638475,3760,stratified_5_fold,5,20260906,0.5994680523872375,500,600,256,128,0.01,1.203377215191722,0.03877604752779007,npu:6
vit_b16,breastmnist,medical,0,eurosat,0.8849999604940414,0.013668184784910636,0.8896619081|0.9011976123|0.8948948979|0.8756268620|0.8634537458,5000,stratified_5_fold,5,20260906,0.8822222352027893,500,600,256,128,0.01,1.203377215191722,0.03678457997739315,npu:6
vit_b16,breastmnist,medical,0,flowers102,0.6735294818878174,0.025678017284655616,0.6617648005|0.6813725829|0.7156863213|0.6715686917|0.6372550130,1020,stratified_5_fold,5,20260906,0.6957999467849731,500,600,256,128,0.01,1.203377215191722,0.040610356256365776,npu:6
vit_b16,breastmnist,medical,0,food101,0.4246000244617462,0.008222217650788998,0.4178217947|0.4386138916|0.4168317020|0.4207921028|0.4291667044,5000,stratified_5_fold,5,20260906,0.47099998593330383,500,600,256,128,0.01,1.203377215191722,0.04301848262548447,npu:6
vit_b16,breastmnist,medical,0,gtsrb,0.6178000008821487,0.01810119157127352,0.6430678368|0.6109452248|0.6023976207|0.6348088980|0.5971515775,5000,stratified_5_fold,5,20260906,0.5083999633789062,500,600,256,128,0.01,1.203377215191722,0.04129432886838913,npu:6
vit_b16,breastmnist,medical,0,oxford_pets,0.9133152073492175,0.010219389305642434,0.9296345711|0.9076087475|0.9198369384|0.9006803036|0.9087193012,3680,stratified_5_fold,5,20260906,0.894794225692749,500,600,256,128,0.01,1.203377215191722,0.037232531234622,npu:6
vit_b16,breastmnist,medical,1,beans,0.8384913055071287,0.022182518928356546,0.8509615660|0.8502415419|0.8019323349|0.8640776873|0.8252427578,1034,stratified_5_fold,5,20260906,0.7890625,500,600,256,128,0.01,1.1484851632267237,0.03493616729974747,npu:6
vit_b16,breastmnist,medical,1,dtd,0.5941489458084106,0.010106374088136826,0.5970745087|0.5890957117|0.5784574747|0.5970745087|0.6090425253,3760,stratified_5_fold,5,20260906,0.6085106134414673,500,600,256,128,0.01,1.1484851632267237,0.04106718488037586,npu:6
vit_b16,breastmnist,medical,1,eurosat,0.8883999562263489,0.00823350205286244,0.8946321011|0.8922155499|0.8978978395|0.8796389103|0.8775100112,5000,stratified_5_fold,5,20260906,0.8918518424034119,500,600,256,128,0.01,1.1484851632267237,0.03744616359472275,npu:6
vit_b16,breastmnist,medical,1,flowers102,0.6774510502815246,0.01970565627707471,0.6568627954|0.7058824301|0.6617647409|0.6960785389|0.6666667461,1020,stratified_5_fold,5,20260906,0.6990000009536743,500,600,256,128,0.01,1.1484851632267237,0.04292248375713825,npu:6
vit_b16,breastmnist,medical,1,food101,0.4220000184774399,0.01214856222075433,0.4158415794|0.4376237988|0.4316831827|0.4029703140|0.4218750298,5000,stratified_5_fold,5,20260906,0.4665999710559845,500,600,256,128,0.01,1.1484851632267237,0.04498212970793247,npu:6
vit_b16,breastmnist,medical,1,gtsrb,0.6150000040054321,0.015199953397642792,0.6263520122|0.6238806248|0.6183816195|0.6207243204|0.5849440694,5000,stratified_5_fold,5,20260906,0.5080000162124634,500,600,256,128,0.01,1.1484851632267237,0.04242576099932194,npu:6
vit_b16,breastmnist,medical,1,oxford_pets,0.9125000014739192,0.00848930607967524,0.9269282222|0.9144022465|0.9062500000|0.9020408392|0.9128065109,3680,stratified_5_fold,5,20260906,0.8997001647949219,500,600,256,128,0.01,1.1484851632267237,0.03738687373697758,npu:6
vit_b16,breastmnist,medical,2,beans,0.8201160817704303,0.022493831964686545,0.8125000596|0.8115941882|0.8647342920|0.8058252931|0.8058252931,1034,stratified_5_fold,5,20260906,0.8515625,500,600,256,128,0.01,1.147548470646143,0.036969881504774094,npu:6
vit_b16,breastmnist,medical,2,dtd,0.5962766289710999,0.005018063415429861,0.5997340679|0.5917553902|0.5890957713|0.5984042883|0.6023936272,3760,stratified_5_fold,5,20260906,0.6085106134414673,500,600,256,128,0.01,1.147548470646143,0.03965835087001324,npu:6
vit_b16,breastmnist,medical,2,eurosat,0.8887999918341637,0.009462251396288934,0.8856858015|0.8982036114|0.8978978992|0.8896690607|0.8724899292,5000,stratified_5_fold,5,20260906,0.8818519115447998,500,600,256,128,0.01,1.147548470646143,0.039893144741654396,npu:6
vit_b16,breastmnist,medical,2,flowers102,0.6705883026123047,0.026012734714706807,0.6421569586|0.6813726425|0.6911765337|0.7009804249|0.6372549534,1020,stratified_5_fold,5,20260906,0.6913999319076538,500,600,256,128,0.01,1.147548470646143,0.0392740610986948,npu:6
vit_b16,breastmnist,medical,2,food101,0.43120001757144927,0.006550386855965068,0.4198020101|0.4336633682|0.4336633682|0.4297029972|0.4395833611,5000,stratified_5_fold,5,20260906,0.47519999742507935,500,600,256,128,0.01,1.147548470646143,0.04328002408146858,npu:6
vit_b16,breastmnist,medical,2,gtsrb,0.6228000051498414,0.015938208049448836,0.6352015734|0.6268656850|0.6113886237|0.6418511271|0.5981688499,5000,stratified_5_fold,5,20260906,0.5239999890327454,500,600,256,128,0.01,1.147548470646143,0.03748449496924877,npu:6
vit_b16,breastmnist,medical,2,oxford_pets,0.9149456499063451,0.004922906714497696,0.9228687286|0.9103261232|0.9130434990|0.9102040529|0.9182561040,3680,stratified_5_fold,5,20260906,0.8988825082778931,500,600,256,128,0.01,1.147548470646143,0.0395489614456892,npu:6
vit_b16,breastmnist,medical,3,beans,0.8133462378088695,0.02414739427585201,0.8076924086|0.7826086283|0.8502415419|0.7961165309|0.8300970793,1034,stratified_5_fold,5,20260906,0.828125,500,600,256,128,0.01,1.1542318407446146,0.036590712144970894,npu:6
vit_b16,breastmnist,medical,3,dtd,0.5954787373542786,0.012654651135402177,0.5877659321|0.6023936272|0.6037234068|0.6090425849|0.5744681358,3760,stratified_5_fold,5,20260906,0.6138297319412231,500,600,256,128,0.01,1.1542318407446146,0.03998016193509102,npu:6
vit_b16,breastmnist,medical,3,eurosat,0.8871999867916107,0.009955338273283003,0.8956261873|0.8912175894|0.8858858943|0.8946840167|0.8684738874,5000,stratified_5_fold,5,20260906,0.8822222352027893,500,600,256,128,0.01,1.1542318407446146,0.04045821353793144,npu:6
vit_b16,breastmnist,medical,3,flowers102,0.7009804487228394,0.02989795343596157,0.7156863213|0.7254902720|0.7107843757|0.7107843757|0.6421568990,1020,stratified_5_fold,5,20260906,0.7151999473571777,500,600,256,128,0.01,1.1542318407446146,0.04053880274295807,npu:6
vit_b16,breastmnist,medical,3,food101,0.4190000188946724,0.004718575870265753,0.4168317318|0.4257425964|0.4168316722|0.4227722883|0.4125000238,5000,stratified_5_fold,5,20260906,0.4657999873161316,500,600,256,128,0.01,1.1542318407446146,0.04225157015025616,npu:6
vit_b16,breastmnist,medical,3,gtsrb,0.6128000098705292,0.012576748576063342,0.6273353100|0.6169154048|0.5894106030|0.6167001724|0.6134283543,5000,stratified_5_fold,5,20260906,0.5108000040054321,500,600,256,128,0.01,1.1542318407446146,0.04094477742910385,npu:6
vit_b16,breastmnist,medical,3,oxford_pets,0.9111412811376478,0.004770129801283244,0.9174559116|0.9035326242|0.9144021869|0.9088435769|0.9114440680,3680,stratified_5_fold,5,20260906,0.9016079902648926,500,600,256,128,0.01,1.1542318407446146,0.03886440023779869,npu:6
vit_b16,breastmnist,medical,4,beans,0.8278529965093565,0.023797907240383318,0.7980769873|0.8357487917|0.8212559819|0.8689320087|0.8155339956,1034,stratified_5_fold,5,20260906,0.78125,500,600,256,128,0.01,1.1606664452701807,0.03765976428985596,npu:6
vit_b16,breastmnist,medical,4,dtd,0.591223418712616,0.004575713391404569,0.5917553306|0.5837765932|0.5970745087|0.5890957713|0.5944148898,3760,stratified_5_fold,5,20260906,0.6042553186416626,500,600,256,128,0.01,1.1606664452701807,0.037884997203946114,npu:6
vit_b16,breastmnist,medical,4,eurosat,0.8883999965548516,0.006979931910949831,0.8966202736|0.8852295876|0.8908908963|0.8926780224|0.8765059710,5000,stratified_5_fold,5,20260906,0.8892592787742615,500,600,256,128,0.01,1.1606664452701807,0.03717182204127312,npu:6
vit_b16,breastmnist,medical,4,flowers102,0.7098040103912353,0.01970564678766023,0.7401961684|0.7205883265|0.7107844353|0.6911765337|0.6862745881,1020,stratified_5_fold,5,20260906,0.7065999507904053,500,600,256,128,0.01,1.1606664452701807,0.04206405021250248,npu:6
vit_b16,breastmnist,medical,4,food101,0.4236000174880028,0.01702948452741025,0.4009900987|0.4415841699|0.4079208076|0.4257425964|0.4427083731,5000,stratified_5_fold,5,20260906,0.4607999920845032,500,600,256,128,0.01,1.1606664452701807,0.04215470142662525,npu:6
vit_b16,breastmnist,medical,4,gtsrb,0.6194000032424927,0.013070726836339532,0.6420845985|0.6099501848|0.6113886237|0.6257545352|0.6073245406,5000,stratified_5_fold,5,20260906,0.5091999769210815,500,600,256,128,0.01,1.1606664452701807,0.0399771723896265,npu:6
vit_b16,breastmnist,medical,4,oxford_pets,0.9154891442183567,0.006443117388375892,0.9269282222|0.9116848111|0.9103261232|0.9102041721|0.9182561040,3680,stratified_5_fold,5,20260906,0.9018806219100952,500,600,256,128,0.01,1.1606664452701807,0.04214517958462238,npu:6
vit_b16,cifar10,general_vision,0,beans,0.8278530198554698,0.016889251133438036,0.8221154213|0.8164251447|0.8454106450|0.8495146036|0.8058252335,1034,stratified_5_fold,5,20260906,0.8203125,500,600,256,128,0.01,1.1850918866693974,0.03953716158866882,npu:6
vit_b16,cifar10,general_vision,0,dtd,0.6119681239128113,0.014454996788892614,0.6196808815|0.5970745087|0.6156915426|0.5944148898|0.6329787970,3760,stratified_5_fold,5,20260906,0.6053191423416138,500,600,256,128,0.01,1.1850918866693974,0.03982352279126644,npu:6
vit_b16,cifar10,general_vision,0,eurosat,0.8855999867916107,0.008421790026219676,0.8886679411|0.8932135701|0.8928928971|0.8706118464|0.8825300932,5000,stratified_5_fold,5,20260906,0.8896296620368958,500,600,256,128,0.01,1.1850918866693974,0.04066687636077404,npu:6
vit_b16,cifar10,general_vision,0,flowers102,0.6852941870689392,0.017372582490879404,0.6666667461|0.7156863213|0.6813726425|0.6911765337|0.6715686917,1020,stratified_5_fold,5,20260906,0.6973999738693237,500,600,256,128,0.01,1.1850918866693974,0.040142880752682686,npu:6
vit_b16,cifar10,general_vision,0,food101,0.4238000187277794,0.018970343460666225,0.4118812084|0.4613861442|0.4178217947|0.4118812084|0.4156250358,5000,stratified_5_fold,5,20260906,0.4715999960899353,500,600,256,128,0.01,1.1850918866693974,0.044127942994236946,npu:6
vit_b16,cifar10,general_vision,0,gtsrb,0.6196000165581703,0.022981985960510272,0.6558505297|0.6109452248|0.6033966541|0.6348088980|0.5920651555,5000,stratified_5_fold,5,20260906,0.5166000127792358,500,600,256,128,0.01,1.1850918866693974,0.04129541851580143,npu:6
vit_b16,cifar10,general_vision,0,oxford_pets,0.9127717555703029,0.006613708362813451,0.9228686690|0.9144022465|0.9021739364|0.9129252434|0.9114441276,3680,stratified_5_fold,5,20260906,0.8972471356391907,500,600,256,128,0.01,1.1850918866693974,0.040631262585520744,npu:6
vit_b16,cifar10,general_vision,1,beans,0.8239845403504326,0.024868828525679516,0.8509615660|0.8309178352|0.7826086879|0.8446602225|0.8106796741,1034,stratified_5_fold,5,20260906,0.8359375,500,600,256,128,0.01,1.1705560479313135,0.03804478235542774,npu:6
vit_b16,cifar10,general_vision,1,dtd,0.6093085289001465,0.008715935422182903,0.5997340679|0.6090425849|0.6236702204|0.6010638475|0.6130319238,3760,stratified_5_fold,5,20260906,0.6271276473999023,500,600,256,128,0.01,1.1705560479313135,0.04186159744858742,npu:6
vit_b16,cifar10,general_vision,1,eurosat,0.8879999784946442,0.003749973545096266,0.8836977482|0.8942115903|0.8888888359|0.8886660337|0.8845381141,5000,stratified_5_fold,5,20260906,0.8796296119689941,500,600,256,128,0.01,1.1705560479313135,0.04231075942516327,npu:6
vit_b16,cifar10,general_vision,1,flowers102,0.6823530077934266,0.0236922534875482,0.6519608498|0.7107843757|0.7009804845|0.6911765337|0.6568627954,1020,stratified_5_fold,5,20260906,0.7211999893188477,500,600,256,128,0.01,1.1705560479313135,0.04079783707857132,npu:6
vit_b16,cifar10,general_vision,1,food101,0.4304000200033188,0.01076634288802873,0.4168317020|0.4475247860|0.4366336763|0.4227722883|0.4281250238,5000,stratified_5_fold,5,20260906,0.4747999906539917,500,600,256,128,0.01,1.1705560479313135,0.041015082970261574,npu:6
vit_b16,cifar10,general_vision,1,gtsrb,0.6083999993920326,0.01028945401399069,0.6184857488|0.5999999642|0.6033965945|0.6227363944|0.5971516371,5000,stratified_5_fold,5,20260906,0.49479997158050537,500,600,256,128,0.01,1.1705560479313135,0.04171672649681568,npu:6
vit_b16,cifar10,general_vision,1,oxford_pets,0.9065217231116866,0.010442096053412751,0.9188091755|0.9089673758|0.8980978131|0.8911564946|0.9155312777,3680,stratified_5_fold,5,20260906,0.8885254263877869,500,600,256,128,0.01,1.1705560479313135,0.0545667614787817,npu:6
vit_b16,cifar10,general_vision,2,beans,0.8297872471855503,0.005910137526685308,0.8365384936|0.8212560415|0.8357487917|0.8300970793|0.8252427578,1034,stratified_5_fold,5,20260906,0.8359375,500,600,256,128,0.01,1.1709665805101395,0.03862517699599266,npu:6
vit_b16,cifar10,general_vision,2,dtd,0.5968085527420044,0.010314190330691947,0.5997340679|0.5811170936|0.5970745087|0.5930851698|0.6130319238,3760,stratified_5_fold,5,20260906,0.6106382608413696,500,600,256,128,0.01,1.1709665805101395,0.039111778140068054,npu:6
vit_b16,cifar10,general_vision,2,eurosat,0.8803999675750732,0.0038592956458696655,0.8846917748|0.8832335472|0.8798798323|0.8806419373|0.8734939098,5000,stratified_5_fold,5,20260906,0.8781481385231018,500,600,256,128,0.01,1.1709665805101395,0.03712904453277588,npu:6
vit_b16,cifar10,general_vision,2,flowers102,0.6823530077934266,0.01216636856106305,0.6960785389|0.6911765337|0.6764706373|0.6862745881|0.6617647409,1020,stratified_5_fold,5,20260906,0.7087999582290649,500,600,256,128,0.01,1.1709665805101395,0.04255213961005211,npu:6
vit_b16,cifar10,general_vision,2,food101,0.42620002377033234,0.015636891797694,0.4099009931|0.4554455578|0.4207921028|0.4267327189|0.4177083671,5000,stratified_5_fold,5,20260906,0.46859997510910034,500,600,256,128,0.01,1.1709665805101395,0.04464021511375904,npu:6
vit_b16,cifar10,general_vision,2,gtsrb,0.6144000187277794,0.014877319566523415,0.6332349777|0.6149253845|0.6043956280|0.6267606020|0.5920651555,5000,stratified_5_fold,5,20260906,0.5059999227523804,500,600,256,128,0.01,1.1709665805101395,0.041176747530698776,npu:6
vit_b16,cifar10,general_vision,2,oxford_pets,0.9124999875283759,0.0036619525669175953,0.9188091159|0.9116848111|0.9130434990|0.9074830413|0.9114440680,3680,stratified_5_fold,5,20260906,0.894794225692749,500,600,256,128,0.01,1.1709665805101395,0.04051319509744644,npu:6
vit_b16,cifar10,general_vision,3,beans,0.8375241947819693,0.015715642148851548,0.8221154213|0.8454105854|0.8550724983|0.8495146036|0.8155339956,1034,stratified_5_fold,5,20260906,0.8515625,500,600,256,128,0.01,1.1624917536973953,0.03587691858410835,npu:6
vit_b16,cifar10,general_vision,3,dtd,0.5981383323669434,0.01457679778180676,0.5797872543|0.5864362121|0.6090425849|0.5957447290|0.6196808815,3760,stratified_5_fold,5,20260906,0.6159573793411255,500,600,256,128,0.01,1.1624917536973953,0.0393531508743763,npu:6
vit_b16,cifar10,general_vision,3,eurosat,0.8949999912977219,0.0030631212043995223,0.8986083269|0.8942115903|0.8958958983|0.8966900706|0.8895581961,5000,stratified_5_fold,5,20260906,0.8929629325866699,500,600,256,128,0.01,1.1624917536973953,0.04001675173640251,npu:6
vit_b16,cifar10,general_vision,3,flowers102,0.7039216518402099,0.019996166037314977,0.6911765337|0.7107844353|0.7205883265|0.7254902720|0.6715686917,1020,stratified_5_fold,5,20260906,0.7079999446868896,500,600,256,128,0.01,1.1624917536973953,0.04293438047170639,npu:6
vit_b16,cifar10,general_vision,3,food101,0.4258000130057335,0.017743928789980035,0.3970297277|0.4524752498|0.4247524738|0.4237623811|0.4312500358,5000,stratified_5_fold,5,20260906,0.4803999662399292,500,600,256,128,0.01,1.1624917536973953,0.04518882930278778,npu:6
vit_b16,cifar10,general_vision,3,gtsrb,0.6131999997138977,0.010612588582776781,0.6253687143|0.6129353046|0.6063935757|0.6237424612|0.5971516371,5000,stratified_5_fold,5,20260906,0.49859994649887085,500,600,256,128,0.01,1.1624917536973953,0.03911275044083595,npu:6
vit_b16,cifar10,general_vision,3,oxford_pets,0.9149456459219041,0.010231383366851745,0.9282814264|0.9252717495|0.9048913121|0.9034013748|0.9128065109,3680,stratified_5_fold,5,20260906,0.8904333114624023,500,600,256,128,0.01,1.1624917536973953,0.040991105139255524,npu:6
vit_b16,cifar10,general_vision,4,beans,0.8346228304983799,0.011273593388275067,0.8461538553|0.8454106450|0.8357487917|0.8300970793|0.8155339956,1034,stratified_5_fold,5,20260906,0.859375,500,600,256,128,0.01,1.1597739439457655,0.03719915263354778,npu:6
vit_b16,cifar10,general_vision,4,dtd,0.6087766051292419,0.00739916763167515,0.6130319238|0.6090425849|0.5944148898|0.6143617034|0.6130319238,3760,stratified_5_fold,5,20260906,0.6148935556411743,500,600,256,128,0.01,1.1597739439457655,0.039625491946935654,npu:6
vit_b16,cifar10,general_vision,4,eurosat,0.8853999553203583,0.009845804055364714,0.8856858015|0.9031935930|0.8738738298|0.8846539259|0.8795180321,5000,stratified_5_fold,5,20260906,0.8955555558204651,500,600,256,128,0.01,1.1597739439457655,0.03956165164709091,npu:6
vit_b16,cifar10,general_vision,4,flowers102,0.6941177248954773,0.019996150841052638,0.6715686917|0.6911765337|0.7303922176|0.6960785389|0.6813726425,1020,stratified_5_fold,5,20260906,0.7039999961853027,500,600,256,128,0.01,1.1597739439457655,0.039953362196683884,npu:6
vit_b16,cifar10,general_vision,4,food101,0.4318000154495239,0.011480900144226156,0.4158415794|0.4514851570|0.4277228117|0.4316831827|0.4322916865,5000,stratified_5_fold,5,20260906,0.48819994926452637,500,600,256,128,0.01,1.1597739439457655,0.04419720731675625,npu:6
vit_b16,cifar10,general_vision,4,gtsrb,0.6139999894499779,0.023043928471746994,0.6391347051|0.6189054251|0.5824175477|0.6368209124|0.5920651555,5000,stratified_5_fold,5,20260906,0.5022000074386597,500,600,256,128,0.01,1.1597739439457655,0.04068933427333832,npu:6
vit_b16,cifar10,general_vision,4,oxford_pets,0.9095108507767967,0.009622711713432349,0.9255750179|0.9089673758|0.9089673758|0.8952381611|0.9087193012,3680,stratified_5_fold,5,20260906,0.8896156549453735,500,600,256,128,0.01,1.1597739439457655,0.03917344845831394,npu:6
vit_b16,cifar100,general_vision,0,beans,0.8588007954264517,0.011597467528351361,0.8750001192|0.8550724387|0.8647342920|0.8398058414|0.8592233062,1034,stratified_5_fold,5,20260906,0.8125,500,600,256,128,0.01,1.1746535915881395,0.0389987975358963,npu:6
vit_b16,cifar100,general_vision,0,dtd,0.6053191900253296,0.008634413769056912,0.5997340679|0.5957447290|0.6170213223|0.6143617630|0.5997340679,3760,stratified_5_fold,5,20260906,0.6132978796958923,500,600,256,128,0.01,1.1746535915881395,0.03852025792002678,npu:6
vit_b16,cifar100,general_vision,0,eurosat,0.8997999839782714,0.0075865358684007525,0.9045724869|0.9081836343|0.9049049616|0.8906719685|0.8905622363,5000,stratified_5_fold,5,20260906,0.8907407522201538,500,600,256,128,0.01,1.1746535915881395,0.03753480315208435,npu:6
vit_b16,cifar100,general_vision,0,flowers102,0.6921569228172302,0.022227019123327203,0.6764706969|0.7107843757|0.7009804249|0.7156863213|0.6568627954,1020,stratified_5_fold,5,20260906,0.7203999757766724,500,600,256,128,0.01,1.1746535915881395,0.042796049267053604,npu:6
vit_b16,cifar100,general_vision,0,food101,0.4376000110507011,0.005525960356735429,0.4366336763|0.4455445409|0.4297029972|0.4415841699|0.4343750179,5000,stratified_5_fold,5,20260906,0.4943999648094177,500,600,256,128,0.01,1.1746535915881395,0.04339326359331608,npu:6
vit_b16,cifar100,general_vision,0,gtsrb,0.6272000033974647,0.013878669368464278,0.6450344324|0.6258706450|0.6033965945|0.6358149052|0.6256358027,5000,stratified_5_fold,5,20260906,0.5119999647140503,500,600,256,128,0.01,1.1746535915881395,0.04150513559579849,npu:6
vit_b16,cifar100,general_vision,0,oxford_pets,0.9119565455162006,0.008045751940719399,0.9242218733|0.9035326242|0.9171196222|0.9115647078|0.9032697678,3680,stratified_5_fold,5,20260906,0.899972677230835,500,600,256,128,0.01,1.1746535915881395,0.03851589746773243,npu:6
vit_b16,cifar100,general_vision,1,beans,0.8143133574113164,0.01926381437779733,0.8461538553|0.8164250851|0.8067632914|0.7864078283|0.8155339956,1034,stratified_5_fold,5,20260906,0.8359375,500,600,256,128,0.01,1.1602028738707304,0.04296805150806904,npu:6
vit_b16,cifar100,general_vision,1,dtd,0.6101064085960388,0.009034728468140156,0.6210106611|0.6196808815|0.6023936272|0.5984042883|0.6090425849,3760,stratified_5_fold,5,20260906,0.6138297319412231,500,600,256,128,0.01,1.1602028738707304,0.0427151620388031,npu:6
vit_b16,cifar100,general_vision,1,eurosat,0.9029999838352203,0.008955039180047024,0.9115307331|0.9151696563|0.9009009600|0.8936810493|0.8935742378,5000,stratified_5_fold,5,20260906,0.8959259390830994,500,600,256,128,0.01,1.1602028738707304,0.0399332232773304,npu:6
vit_b16,cifar100,general_vision,1,flowers102,0.6852941870689392,0.020424187787047157,0.6764706373|0.6862745881|0.7009804845|0.7107843757|0.6519608498,1020,stratified_5_fold,5,20260906,0.7113999128341675,500,600,256,128,0.01,1.1602028738707304,0.040091373026371,npu:6
vit_b16,cifar100,general_vision,1,food101,0.43660002171993256,0.005921395896055325,0.4306930900|0.4435643554|0.4287129045|0.4386138916|0.4416666925,5000,stratified_5_fold,5,20260906,0.4797999858856201,500,600,256,128,0.01,1.1602028738707304,0.04394228383898735,npu:6
vit_b16,cifar100,general_vision,1,gtsrb,0.6265999954223633,0.025292307329363915,0.6637167931|0.6218905449|0.5954046249|0.6458752155|0.6052899361,5000,stratified_5_fold,5,20260906,0.5083999633789062,500,600,256,128,0.01,1.1602028738707304,0.04071502387523651,npu:6
vit_b16,cifar100,general_vision,1,oxford_pets,0.9141304389776095,0.010063726577245342,0.9323409200|0.9048913717|0.9048913121|0.9156463146|0.9128065109,3680,stratified_5_fold,5,20260906,0.8997001647949219,500,600,256,128,0.01,1.1602028738707304,0.03995286114513874,npu:6
vit_b16,cifar100,general_vision,2,beans,0.8433269114166901,0.01831572887535794,0.8509615660|0.8357487917|0.8743961453|0.8349515200|0.8203883767,1034,stratified_5_fold,5,20260906,0.84375,500,600,256,128,0.01,1.1549108531326056,0.042623210698366165,npu:6
vit_b16,cifar100,general_vision,2,dtd,0.609840452671051,0.010591641843919827,0.6263297796|0.6143617630|0.5997340679|0.6117021441|0.5970745087,3760,stratified_5_fold,5,20260906,0.6138297319412231,500,600,256,128,0.01,1.1549108531326056,0.04413478635251522,npu:6
vit_b16,cifar100,general_vision,2,eurosat,0.8937999524831772,0.009684732099858569,0.9065605402|0.8992015719|0.8878878355|0.8966900110|0.8785140514,5000,stratified_5_fold,5,20260906,0.8959258794784546,500,600,256,128,0.01,1.1549108531326056,0.045076820999383926,npu:6
vit_b16,cifar100,general_vision,2,flowers102,0.6843137860298156,0.040493877120458106,0.6323530078|0.7156863213|0.7450981140|0.6666667461|0.6617647409,1020,stratified_5_fold,5,20260906,0.7003999948501587,500,600,256,128,0.01,1.1549108531326056,0.04267304204404354,npu:6
vit_b16,cifar100,general_vision,2,food101,0.44200001215934753,0.012036443728955442,0.4217821956|0.4514851570|0.4346534610|0.4514851570|0.4510416985,5000,stratified_5_fold,5,20260906,0.47839999198913574,500,600,256,128,0.01,1.1549108531326056,0.046076925471425056,npu:6
vit_b16,cifar100,general_vision,2,gtsrb,0.6314000160217285,0.014410507169143525,0.6499508619|0.6338307858|0.6173826456|0.6428571939|0.6124110222,5000,stratified_5_fold,5,20260906,0.5179999470710754,500,600,256,128,0.01,1.1549108531326056,0.04587851092219353,npu:6
vit_b16,cifar100,general_vision,2,oxford_pets,0.9222825746011475,0.008197012058351863,0.9364004731|0.9239130020|0.9211956263|0.9183673859|0.9114440680,3680,stratified_5_fold,5,20260906,0.9035158753395081,500,600,256,128,0.01,1.1549108531326056,0.0400154422968626,npu:6
vit_b16,cifar100,general_vision,3,beans,0.8481624940377831,0.017539866303441565,0.8365385532|0.8309178352|0.8647342920|0.8349514604|0.8737864494,1034,stratified_5_fold,5,20260906,0.8203125,500,600,256,128,0.01,1.215606078505516,0.03947041928768158,npu:6
vit_b16,cifar100,general_vision,3,dtd,0.5976064205169678,0.00609964005201685,0.5997340679|0.6050531864|0.6023936868|0.5904255509|0.5904256105,3760,stratified_5_fold,5,20260906,0.6085106134414673,500,600,256,128,0.01,1.215606078505516,0.04518385790288448,npu:6
vit_b16,cifar100,general_vision,3,eurosat,0.8955999644875526,0.006323861303674659,0.8996022940|0.9061876535|0.8908908367|0.8906720281|0.8905621767,5000,stratified_5_fold,5,20260906,0.8922222256660461,500,600,256,128,0.01,1.215606078505516,0.03958133049309254,npu:6
vit_b16,cifar100,general_vision,3,flowers102,0.6813726186752319,0.03206946780824099,0.6274510622|0.7205883265|0.6813725829|0.7058824301|0.6715686917,1020,stratified_5_fold,5,20260906,0.7095999717712402,500,600,256,128,0.01,1.215606078505516,0.04238309897482395,npu:6
vit_b16,cifar100,general_vision,3,food101,0.4378000154495239,0.013948657545076609,0.4247524738|0.4564356804|0.4237623811|0.4524752498|0.4312500358,5000,stratified_5_fold,5,20260906,0.48259997367858887,500,600,256,128,0.01,1.215606078505516,0.042124150320887566,npu:6
vit_b16,cifar100,general_vision,3,gtsrb,0.6306000126600265,0.014885509326380652,0.6578171253|0.6278606653|0.6123876572|0.6287726164|0.6256358624,5000,stratified_5_fold,5,20260906,0.5133999586105347,500,600,256,128,0.01,1.215606078505516,0.04187062755227089,npu:6
vit_b16,cifar100,general_vision,3,oxford_pets,0.9152173922761627,0.006973565045279895,0.9215155244|0.9211956263|0.9089674354|0.9047619700|0.9196184874,3680,stratified_5_fold,5,20260906,0.9029707908630371,500,600,256,128,0.01,1.215606078505516,0.04517889954149723,npu:6
vit_b16,cifar100,general_vision,4,beans,0.8346228476765077,0.013509592424371074,0.8557693362|0.8260869384|0.8357487917|0.8155339956|0.8398058414,1034,stratified_5_fold,5,20260906,0.7890625,500,600,256,128,0.01,1.1325030513107777,0.04247208125889301,npu:6
vit_b16,cifar100,general_vision,4,dtd,0.6138298153877259,0.009865538202973862,0.6090425849|0.6196808815|0.6276595592|0.5984042883|0.6143617630,3760,stratified_5_fold,5,20260906,0.6074467897415161,500,600,256,128,0.01,1.1325030513107777,0.04516905918717384,npu:6
vit_b16,cifar100,general_vision,4,eurosat,0.8932000093460083,0.008959439674779787,0.8916500211|0.9071856737|0.8978979588|0.8886660337|0.8805220723,5000,stratified_5_fold,5,20260906,0.8918518424034119,500,600,256,128,0.01,1.1325030513107777,0.04149782843887806,npu:6
vit_b16,cifar100,general_vision,4,flowers102,0.6921569347381592,0.03540287314733187,0.6813726425|0.7500000596|0.6813725829|0.7058824301|0.6421569586,1020,stratified_5_fold,5,20260906,0.6973999738693237,500,600,256,128,0.01,1.1325030513107777,0.04448133893311024,npu:6
vit_b16,cifar100,general_vision,4,food101,0.4452000190615654,0.006075536432921451,0.4455445707|0.4554455578|0.4435643554|0.4445544779|0.4364583790,5000,stratified_5_fold,5,20260906,0.47939997911453247,500,600,256,128,0.01,1.1325030513107777,0.04661141335964203,npu:6
vit_b16,cifar100,general_vision,4,gtsrb,0.6266000117778778,0.018940827414258243,0.6460177302|0.6189054847|0.6103895903|0.6519114971|0.6052899361,5000,stratified_5_fold,5,20260906,0.5072000026702881,500,600,256,128,0.01,1.1325030513107777,0.04376072436571121,npu:6
vit_b16,cifar100,general_vision,4,oxford_pets,0.9192934613188971,0.008849012330295176,0.9364005327|0.9157608747|0.9144021273|0.9183673859|0.9114440680,3680,stratified_5_fold,5,20260906,0.9002452492713928,500,600,256,128,0.01,1.1325030513107777,0.039233941584825516,npu:6
vit_b16,cifar100_coarse,general_vision,0,beans,0.8365570716631943,0.017042202019754822,0.8365385532|0.8115941882|0.8502415419|0.8592233062|0.8252426982,1034,stratified_5_fold,5,20260906,0.8046875,500,600,256,128,0.01,1.1575366519391537,0.04877576231956482,npu:6
vit_b16,cifar100_coarse,general_vision,0,dtd,0.5941489577293396,0.005003976486221784,0.5864361525|0.5997340679|0.5984042883|0.5957447290|0.5904255509,3760,stratified_5_fold,5,20260906,0.6063829660415649,500,600,256,128,0.01,1.1575366519391537,0.044387275353074074,npu:6
vit_b16,cifar100_coarse,general_vision,0,eurosat,0.8975999688863754,0.013896183953053646,0.9005963802|0.9231536984|0.8898898363|0.8836508989|0.8905622363,5000,stratified_5_fold,5,20260906,0.8844444751739502,500,600,256,128,0.01,1.1575366519391537,0.04220551997423172,npu:6
vit_b16,cifar100_coarse,general_vision,0,flowers102,0.6627451777458191,0.03373462420187798,0.6372549534|0.6960785389|0.7058824301|0.6568628550|0.6176471114,1020,stratified_5_fold,5,20260906,0.704200029373169,500,600,256,128,0.01,1.1575366519391537,0.04518758878111839,npu:6
vit_b16,cifar100_coarse,general_vision,0,food101,0.4184000163078308,0.00866054589398,0.4267326891|0.4277227819|0.4069306850|0.4207921028|0.4093750417,5000,stratified_5_fold,5,20260906,0.47200000286102295,500,600,256,128,0.01,1.1575366519391537,0.047220608219504356,npu:6
vit_b16,cifar100_coarse,general_vision,0,gtsrb,0.6281999872922898,0.012890423928114835,0.6529006958|0.6258705854|0.6233766079|0.6227363944|0.6154628992,5000,stratified_5_fold,5,20260906,0.5107999444007874,500,600,256,128,0.01,1.1575366519391537,0.04357881285250187,npu:6
vit_b16,cifar100_coarse,general_vision,0,oxford_pets,0.9073369627251573,0.010183303041046275,0.9201623201|0.8980978727|0.8940217495|0.9074830413|0.9168937206,3680,stratified_5_fold,5,20260906,0.9029707908630371,500,600,256,128,0.01,1.1575366519391537,0.0410938560962677,npu:6
vit_b16,cifar100_coarse,general_vision,1,beans,0.826885913799533,0.01102389321558337,0.8317308426|0.8164250851|0.8454106450|0.8155340552|0.8252427578,1034,stratified_5_fold,5,20260906,0.8671875,500,600,256,128,0.01,1.1848506033420563,0.043370096012949944,npu:6
vit_b16,cifar100_coarse,general_vision,1,dtd,0.602393651008606,0.008940294403132125,0.5970745087|0.6170213223|0.6077128053|0.5917553306|0.5984042883,3760,stratified_5_fold,5,20260906,0.603723406791687,500,600,256,128,0.01,1.1848506033420563,0.04842272959649563,npu:6
vit_b16,cifar100_coarse,general_vision,1,eurosat,0.8795999913454056,0.00959918446150698,0.8747514486|0.8982036114|0.8788788319|0.8746238947|0.8714859486,5000,stratified_5_fold,5,20260906,0.8796296119689941,500,600,256,128,0.01,1.1848506033420563,0.04713889770209789,npu:6
vit_b16,cifar100_coarse,general_vision,1,flowers102,0.6549020409584045,0.022485000435524642,0.6519608498|0.6519608498|0.6960785389|0.6470589042|0.6274510622,1020,stratified_5_fold,5,20260906,0.6939999461174011,500,600,256,128,0.01,1.1848506033420563,0.04790146090090275,npu:6
vit_b16,cifar100_coarse,general_vision,1,food101,0.42720003515481947,0.006385560853151236,0.4297029972|0.4326733053|0.4287129045|0.4297029972|0.4145833850,5000,stratified_5_fold,5,20260906,0.4715999960899353,500,600,256,128,0.01,1.1848506033420563,0.04786398820579052,npu:6
vit_b16,cifar100_coarse,general_vision,1,gtsrb,0.6066000022292137,0.01678026448277485,0.6322517395|0.5990049839|0.5934065580|0.6197183132|0.5879959464,5000,stratified_5_fold,5,20260906,0.4991999864578247,500,600,256,128,0.01,1.1848506033420563,0.049753155559301376,npu:6
vit_b16,cifar100_coarse,general_vision,1,oxford_pets,0.9130434833305038,0.008609547572024943,0.9269282222|0.9035326242|0.9171196222|0.9129252434|0.9046320915,3680,stratified_5_fold,5,20260906,0.9018806219100952,500,600,256,128,0.01,1.1848506033420563,0.04697752743959427,npu:6
vit_b16,cifar100_coarse,general_vision,2,beans,0.8104449041346287,0.027246146722445776,0.8221154213|0.8115942478|0.7777777910|0.7864078283|0.8543689251,1034,stratified_5_fold,5,20260906,0.8125,500,600,256,128,0.01,1.1065468043088913,0.04551788046956062,npu:6
vit_b16,cifar100_coarse,general_vision,2,dtd,0.6002659678459168,0.011176533804395403,0.6103723645|0.5997340679|0.5797872543|0.6010638475|0.6103723049,3760,stratified_5_fold,5,20260906,0.5984042286872864,500,600,256,128,0.01,1.1065468043088913,0.04554306901991367,npu:6
vit_b16,cifar100_coarse,general_vision,2,eurosat,0.8901999616622924,0.007969146053880393,0.8906559944|0.9031935930|0.8848848343|0.8926780224|0.8795180321,5000,stratified_5_fold,5,20260906,0.8851852416992188,500,600,256,128,0.01,1.1065468043088913,0.04269232042133808,npu:6
vit_b16,cifar100_coarse,general_vision,2,flowers102,0.6578431963920593,0.016810233499306788,0.6372549534|0.6715687513|0.6813725829|0.6568627954|0.6421568990,1020,stratified_5_fold,5,20260906,0.7003999352455139,500,600,256,128,0.01,1.1065468043088913,0.043000850826501846,npu:6
vit_b16,cifar100_coarse,general_vision,2,food101,0.43220002418756487,0.005285217171905023,0.4376237988|0.4297029972|0.4356435835|0.4346534610|0.4229167104,5000,stratified_5_fold,5,20260906,0.4809999465942383,500,600,256,128,0.01,1.1065468043088913,0.05050394497811794,npu:6
vit_b16,cifar100_coarse,general_vision,2,gtsrb,0.628800004196167,0.007630477188227278,0.6411013007|0.6228855252|0.6253746152|0.6338028312|0.6205493808,5000,stratified_5_fold,5,20260906,0.5089999437332153,500,600,256,128,0.01,1.1065468043088913,0.049374133348464966,npu:6
vit_b16,cifar100_coarse,general_vision,2,oxford_pets,0.9168478224588477,0.0053633466047977,0.9255750179|0.9171195626|0.9171196222|0.9156463146|0.9087193012,3680,stratified_5_fold,5,20260906,0.8983373641967773,500,600,256,128,0.01,1.1065468043088913,0.04950515367090702,npu:6
vit_b16,cifar100_coarse,general_vision,3,beans,0.8181818078057679,0.012135762143094952,0.8221154213|0.8019323349|0.8309178352|0.8058252335|0.8300970793,1034,stratified_5_fold,5,20260906,0.8203125,500,600,256,128,0.01,1.1717524994164705,0.04007214121520519,npu:6
vit_b16,cifar100_coarse,general_vision,3,dtd,0.6045212864875793,0.008683421158238594,0.5917553306|0.5984042883|0.6077127457|0.6077127457|0.6170213223,3760,stratified_5_fold,5,20260906,0.610106348991394,500,600,256,128,0.01,1.1717524994164705,0.04005003161728382,npu:6
vit_b16,cifar100_coarse,general_vision,3,eurosat,0.8867999768733978,0.006260783191235679,0.8836977482|0.8922156096|0.8938938379|0.8876630068|0.8765059710,5000,stratified_5_fold,5,20260906,0.8833333253860474,500,600,256,128,0.01,1.1717524994164705,0.04071028530597687,npu:6
vit_b16,cifar100_coarse,general_vision,3,flowers102,0.6656863451004028,0.03272221965916329,0.6372549534|0.6911765337|0.7107844353|0.6666667461|0.6225490570,1020,stratified_5_fold,5,20260906,0.7026000022888184,500,600,256,128,0.01,1.1717524994164705,0.042564621195197105,npu:6
vit_b16,cifar100_coarse,general_vision,3,food101,0.43580002373456955,0.011142747672966432,0.4386138916|0.4554455876|0.4336633682|0.4267326891|0.4239583611,5000,stratified_5_fold,5,20260906,0.47519996762275696,500,600,256,128,0.01,1.1717524994164705,0.043008772656321526,npu:6
vit_b16,cifar100_coarse,general_vision,3,gtsrb,0.6201999976634979,0.017010123279511707,0.6371681690|0.6129353046|0.5984015465|0.6428571343|0.6093591452,5000,stratified_5_fold,5,20260906,0.5045999884605408,500,600,256,128,0.01,1.1717524994164705,0.04206257127225399,npu:6
vit_b16,cifar100_coarse,general_vision,3,oxford_pets,0.9152174010548902,0.00602211222014021,0.9255750179|0.9076086879|0.9116848707|0.9142857790|0.9168937206,3680,stratified_5_fold,5,20260906,0.9040610194206238,500,600,256,128,0.01,1.1717524994164705,0.043670231476426125,npu:6
vit_b16,cifar100_coarse,general_vision,4,beans,0.8278530090759063,0.01702822349817453,0.8317307830|0.8164250851|0.8115941882|0.8203883767|0.8592233658,1034,stratified_5_fold,5,20260906,0.828125,500,600,256,128,0.01,1.1817577444016933,0.04348338395357132,npu:6
vit_b16,cifar100_coarse,general_vision,4,dtd,0.602393639087677,0.007753938267601738,0.5917553306|0.6156915426|0.6010638475|0.5997340679|0.6037234068,3760,stratified_5_fold,5,20260906,0.6111701726913452,500,600,256,128,0.01,1.1817577444016933,0.04051211476325989,npu:6
vit_b16,cifar100_coarse,general_vision,4,eurosat,0.8849999923586845,0.010839980409163513,0.8856858015|0.9041916132|0.8858858943|0.8746238947|0.8744980097,5000,stratified_5_fold,5,20260906,0.8799999952316284,500,600,256,128,0.01,1.1817577444016933,0.03935718722641468,npu:6
vit_b16,cifar100_coarse,general_vision,4,flowers102,0.6696079015731812,0.025110282183554107,0.6715686917|0.7009804249|0.6911765337|0.6323530078|0.6519608498,1020,stratified_5_fold,5,20260906,0.6969999670982361,500,600,256,128,0.01,1.1817577444016933,0.04270801320672035,npu:6
vit_b16,cifar100_coarse,general_vision,4,food101,0.4330000272393227,0.00968787124337625,0.4326732755|0.4504950643|0.4326733351|0.4267326891|0.4218750298,5000,stratified_5_fold,5,20260906,0.47079998254776,500,600,256,128,0.01,1.1817577444016933,0.045832471922039986,npu:6
vit_b16,cifar100_coarse,general_vision,4,gtsrb,0.6204000120520592,0.009350930839114016,0.6322517395|0.6139303446|0.6153846383|0.6307846904|0.6093591452,5000,stratified_5_fold,5,20260906,0.50819993019104,500,600,256,128,0.01,1.1817577444016933,0.04038826376199722,npu:6
vit_b16,cifar100_coarse,general_vision,4,oxford_pets,0.9152174112427494,0.010063387518764781,0.9323409796|0.9198369980|0.9103261232|0.9102041125|0.9032697678,3680,stratified_5_fold,5,20260906,0.899427592754364,500,600,256,128,0.01,1.1817577444016933,0.06544470600783825,npu:6
vit_b16,dermamnist,medical,0,beans,0.8539651948202048,0.022219975695176163,0.8701923490|0.8405797482|0.8164250851|0.8737864494|0.8689320087,1034,stratified_5_fold,5,20260906,0.84375,500,600,256,128,0.01,1.2160973083227873,0.04138725809752941,npu:6
vit_b16,dermamnist,medical,0,dtd,0.5893617153167725,0.00879672685131942,0.6023936272|0.5970745087|0.5797872543|0.5851063728|0.5824468136,3760,stratified_5_fold,5,20260906,0.6079787015914917,500,600,256,128,0.01,1.2160973083227873,0.04178519733250141,npu:6
vit_b16,dermamnist,medical,0,eurosat,0.8877999897241592,0.007745452685633806,0.8807156086|0.8992016315|0.8948949575|0.8806419373|0.8835340738,5000,stratified_5_fold,5,20260906,0.8903703689575195,500,600,256,128,0.01,1.2160973083227873,0.0418277271091938,npu:6
vit_b16,dermamnist,medical,0,flowers102,0.6892157554626465,0.010093758491079692,0.6764706373|0.6911765337|0.6813726425|0.7058824301|0.6911765337,1020,stratified_5_fold,5,20260906,0.7037999629974365,500,600,256,128,0.01,1.2160973083227873,0.0416675079613924,npu:6
vit_b16,dermamnist,medical,0,food101,0.4180000132918358,0.010353079688475667,0.4000000060|0.4306930900|0.4247524738|0.4158415794|0.4187500477,5000,stratified_5_fold,5,20260906,0.47039997577667236,500,600,256,128,0.01,1.2160973083227873,0.04995156638324261,npu:6
vit_b16,dermamnist,medical,0,gtsrb,0.6076000118255616,0.009121763097914884,0.6204523444|0.6009950042|0.6043956280|0.6156941652|0.5961343050,5000,stratified_5_fold,5,20260906,0.49939996004104614,500,600,256,128,0.01,1.2160973083227873,0.0451978575438261,npu:6
vit_b16,dermamnist,medical,0,oxford_pets,0.90896739013817,0.007065503088131229,0.9201623201|0.9035326242|0.9048913121|0.9142857790|0.9019073248,3680,stratified_5_fold,5,20260906,0.9059689044952393,500,600,256,128,0.01,1.2160973083227873,0.04231942072510719,npu:6
vit_b16,dermamnist,medical,1,beans,0.827853034843098,0.018137178820967704,0.7980769873|0.8405797482|0.8405797482|0.8155339956|0.8446602225,1034,stratified_5_fold,5,20260906,0.7890625,500,600,256,128,0.01,1.149653848260641,0.04999351501464844,npu:6
vit_b16,dermamnist,medical,1,dtd,0.5925532221794129,0.007916415787545941,0.5984042287|0.5771276951|0.5930851698|0.5970745087|0.5970745087,3760,stratified_5_fold,5,20260906,0.5984042286872864,500,600,256,128,0.01,1.149653848260641,0.04751472920179367,npu:6
vit_b16,dermamnist,medical,1,eurosat,0.8831999842524528,0.007034517820765894,0.8836977482|0.8872255087|0.8938938975|0.8756269217|0.8755019903,5000,stratified_5_fold,5,20260906,0.8814814686775208,500,600,256,128,0.01,1.149653848260641,0.04316145367920399,npu:6
vit_b16,dermamnist,medical,1,flowers102,0.6931373119354248,0.02116374761205382,0.6568628550|0.7205883265|0.7009804249|0.6862745285|0.7009804249,1020,stratified_5_fold,5,20260906,0.7091999053955078,500,600,256,128,0.01,1.149653848260641,0.041827449575066566,npu:6
vit_b16,dermamnist,medical,1,food101,0.4172000269293785,0.009901988898565592,0.4128713012|0.4277228117|0.4009901285|0.4178217947|0.4270833731,5000,stratified_5_fold,5,20260906,0.47380000352859497,500,600,256,128,0.01,1.149653848260641,0.05084752105176449,npu:6
vit_b16,dermamnist,medical,1,gtsrb,0.6111999988436699,0.015524893392206265,0.6253687739|0.5990049839|0.6063935757|0.6327967644|0.5920650959,5000,stratified_5_fold,5,20260906,0.49140000343322754,500,600,256,128,0.01,1.149653848260641,0.04879462532699108,npu:6
vit_b16,dermamnist,medical,1,oxford_pets,0.9130434796052135,0.005832274582448055,0.9228687286|0.9116847515|0.9116848111|0.9047619700|0.9141688943,3680,stratified_5_fold,5,20260906,0.8980648517608643,500,600,256,128,0.01,1.149653848260641,0.04456914775073528,npu:6
vit_b16,dermamnist,medical,2,beans,0.8249516559753934,0.021333110890764936,0.8221154213|0.7874395847|0.8502415419|0.8398058414|0.8252427578,1034,stratified_5_fold,5,20260906,0.8125,500,600,256,128,0.01,1.1904612928628922,0.042354779317975044,npu:6
vit_b16,dermamnist,medical,2,dtd,0.5965425848960877,0.006965853987338273,0.6090425849|0.5984042883|0.5917553306|0.5890957713|0.5944149494,3760,stratified_5_fold,5,20260906,0.603723406791687,500,600,256,128,0.01,1.1904612928628922,0.04198870062828064,npu:6
vit_b16,dermamnist,medical,2,eurosat,0.8907999961853027,0.005327540361553808,0.8876738548|0.8992016315|0.8948949575|0.8866599798|0.8855421543,5000,stratified_5_fold,5,20260906,0.8866666555404663,500,600,256,128,0.01,1.1904612928628922,0.04210682772099972,npu:6
vit_b16,dermamnist,medical,2,flowers102,0.6676470994949341,0.014002780809123764,0.6470589042|0.6568627954|0.6764706373|0.6862745285|0.6715686321,1020,stratified_5_fold,5,20260906,0.6887999773025513,500,600,256,128,0.01,1.1904612928628922,0.058682672679424286,npu:6
vit_b16,dermamnist,medical,2,food101,0.42440001749992373,0.009106690332323654,0.4158415794|0.4415841699|0.4178218246|0.4227722883|0.4239583611,5000,stratified_5_fold,5,20260906,0.4666000008583069,500,600,256,128,0.01,1.1904612928628922,0.05343077704310417,npu:6
vit_b16,dermamnist,medical,2,gtsrb,0.6262000157713891,0.017135480307417662,0.6548672915|0.6228855848|0.6173825860|0.6317907572|0.6032553911,5000,stratified_5_fold,5,20260906,0.5099999904632568,500,600,256,128,0.01,1.1904612928628922,0.04943917319178581,npu:6
vit_b16,dermamnist,medical,2,oxford_pets,0.9141304242546143,0.010066452595177888,0.9336941242|0.9103261232|0.9103261232|0.9047619104|0.9114440680,3680,stratified_5_fold,5,20260906,0.9043335914611816,500,600,256,128,0.01,1.1904612928628922,0.05137404054403305,npu:6
vit_b16,dermamnist,medical,3,beans,0.8510638661034102,0.025447708526683627,0.8221154809|0.8695652485|0.8502415419|0.8883495331|0.8252427578,1034,stratified_5_fold,5,20260906,0.8359375,500,600,256,128,0.01,1.0954040382057428,0.04312001168727875,npu:6
vit_b16,dermamnist,medical,3,dtd,0.5893617153167725,0.008956082855634805,0.5744681358|0.6023936272|0.5877659321|0.5904255509|0.5917553306,3760,stratified_5_fold,5,20260906,0.5952127575874329,500,600,256,128,0.01,1.0954040382057428,0.04082757607102394,npu:6
vit_b16,dermamnist,medical,3,eurosat,0.8940000012159347,0.007106023196457912,0.8926440477|0.8892215490|0.9079079628|0.8886660337|0.8915662766,5000,stratified_5_fold,5,20260906,0.8903703689575195,500,600,256,128,0.01,1.0954040382057428,0.04801148176193237,npu:6
vit_b16,dermamnist,medical,3,flowers102,0.6872549891471863,0.015929477314265895,0.6715686917|0.6715687513|0.7107843757|0.6813726425|0.7009804845,1020,stratified_5_fold,5,20260906,0.6995999813079834,500,600,256,128,0.01,1.0954040382057428,0.04688498377799988,npu:6
vit_b16,dermamnist,medical,3,food101,0.41800002902746203,0.010213726489746599,0.4128713310|0.4306930900|0.4089109302|0.4297029972|0.4072916806,5000,stratified_5_fold,5,20260906,0.46859997510910034,500,600,256,128,0.01,1.0954040382057428,0.056330714374780655,npu:6
vit_b16,dermamnist,medical,3,gtsrb,0.6161999849200249,0.019599162944914057,0.6430678368|0.6189054251|0.5894106030|0.6297786236|0.5991861820,5000,stratified_5_fold,5,20260906,0.5061999559402466,500,600,256,128,0.01,1.0954040382057428,0.05880305543541908,npu:6
vit_b16,dermamnist,medical,3,oxford_pets,0.9130434908296751,0.007276720528656832,0.9106900692|0.9252717495|0.9103261232|0.9156463146|0.9032697678,3680,stratified_5_fold,5,20260906,0.9037884473800659,500,600,256,128,0.01,1.0954040382057428,0.05108893848955631,npu:6
vit_b16,dermamnist,medical,4,beans,0.8278530109781822,0.029025780008308875,0.7980769277|0.8212560415|0.8164250851|0.8834952116|0.8203883767,1034,stratified_5_fold,5,20260906,0.78125,500,600,256,128,0.01,1.1678604986518621,0.03959139063954353,npu:6
vit_b16,dermamnist,medical,4,dtd,0.5829787731170655,0.01188207658867362,0.5904255509|0.6023936868|0.5784574747|0.5731383562|0.5704787970,3760,stratified_5_fold,5,20260906,0.6031914353370667,500,600,256,128,0.01,1.1678604986518621,0.04031064175069332,npu:6
vit_b16,dermamnist,medical,4,eurosat,0.8906000029087067,0.007607418220056406,0.8936381340|0.8932136297|0.9019019008|0.8826479316|0.8815261126,5000,stratified_5_fold,5,20260906,0.8833333253860474,500,600,256,128,0.01,1.1678604986518621,0.04402109608054161,npu:6
vit_b16,dermamnist,medical,4,flowers102,0.6735294818878174,0.031095588060813455,0.6421569586|0.7156863213|0.7009804845|0.6715686917|0.6372549534,1020,stratified_5_fold,5,20260906,0.6926000118255615,500,600,256,128,0.01,1.1678604986518621,0.048990391194820404,npu:6
vit_b16,dermamnist,medical,4,food101,0.4244000140428543,0.015110605483512425,0.4039604068|0.4485148787|0.4158415794|0.4217821956|0.4322916865,5000,stratified_5_fold,5,20260906,0.47279995679855347,500,600,256,128,0.01,1.1678604986518621,0.04907169193029404,npu:6
vit_b16,dermamnist,medical,4,gtsrb,0.6114000213384628,0.021618256069882612,0.6332350969|0.5950248241|0.6183816195|0.6317907572|0.5778230429,5000,stratified_5_fold,5,20260906,0.5003999471664429,500,600,256,128,0.01,1.1678604986518621,0.050435345619916916,npu:6
vit_b16,dermamnist,medical,4,oxford_pets,0.9141304298749436,0.009977329721840272,0.9309877753|0.9198369980|0.9089674354|0.9061224461|0.9046320915,3680,stratified_5_fold,5,20260906,0.9005178213119507,500,600,256,128,0.01,1.1678604986518621,0.05077328719198704,npu:6
vit_b16,fashion_mnist,digits_characters,0,beans,0.8355899303286864,0.013188479255761514,0.8125000000|0.8309178352|0.8502415419|0.8446601629|0.8398058414,1034,stratified_5_fold,5,20260906,0.84375,500,600,256,128,0.01,1.1647524889558554,0.03736737184226513,npu:6
vit_b16,fashion_mnist,digits_characters,0,dtd,0.6047872543334961,0.013440738831935918,0.6077127457|0.6063830256|0.5984042883|0.5851063728|0.6263298392,3760,stratified_5_fold,5,20260906,0.6074467897415161,500,600,256,128,0.01,1.1647524889558554,0.03880300931632519,npu:6
vit_b16,fashion_mnist,digits_characters,0,eurosat,0.8881999700069427,0.008711414601974204,0.8846917748|0.9051896334|0.8838838339|0.8806419373|0.8865461349,5000,stratified_5_fold,5,20260906,0.8881481885910034,500,600,256,128,0.01,1.1647524889558554,0.039966871961951256,npu:6
vit_b16,fashion_mnist,digits_characters,0,flowers102,0.6872549891471863,0.02727534281978209,0.6862745881|0.7254902720|0.6813726425|0.7009804845|0.6421569586,1020,stratified_5_fold,5,20260906,0.7199999690055847,500,600,256,128,0.01,1.1647524889558554,0.04854249209165573,npu:6
vit_b16,fashion_mnist,digits_characters,0,food101,0.42740002608299255,0.013476361650504464,0.4079208076|0.4425742924|0.4396039844|0.4306930900|0.4156250358,5000,stratified_5_fold,5,20260906,0.4729999899864197,500,600,256,128,0.01,1.1647524889558554,0.05125433765351772,npu:6
vit_b16,fashion_mnist,digits_characters,0,gtsrb,0.6283999994635582,0.009809506413079507,0.6411013007|0.6288557053|0.6193805933|0.6368209124|0.6154628992,5000,stratified_5_fold,5,20260906,0.5285999774932861,500,600,256,128,0.01,1.1647524889558554,0.046024711802601814,npu:6
vit_b16,fashion_mnist,digits_characters,0,oxford_pets,0.914130444549348,0.0051129105680873775,0.9201623201|0.9198369980|0.9130434990|0.9074830413|0.9100817442,3680,stratified_5_fold,5,20260906,0.9013354778289795,500,600,256,128,0.01,1.1647524889558554,0.04313389211893082,npu:6
vit_b16,fashion_mnist,digits_characters,1,beans,0.8259187670464211,0.01181598203144661,0.8317308426|0.8115941286|0.8260869980|0.8155339956|0.8446601629,1034,stratified_5_fold,5,20260906,0.828125,500,600,256,128,0.01,1.1692878417670727,0.04302397184073925,npu:6
vit_b16,fashion_mnist,digits_characters,1,dtd,0.6047872543334961,0.011451616966976308,0.5904255509|0.6010638475|0.5970745087|0.6130319238|0.6223404408,3760,stratified_5_fold,5,20260906,0.6063829660415649,500,600,256,128,0.01,1.1692878417670727,0.04169661924242973,npu:6
vit_b16,fashion_mnist,digits_characters,1,eurosat,0.8977999786615372,0.012998712833386293,0.8846917748|0.9111776352|0.9129129648|0.8986960649|0.8815260530,5000,stratified_5_fold,5,20260906,0.894444465637207,500,600,256,128,0.01,1.1692878417670727,0.040930235758423805,npu:6
vit_b16,fashion_mnist,digits_characters,1,flowers102,0.6931373238563537,0.028515775077767744,0.6519608498|0.7401961684|0.6960785389|0.6813725829|0.6960784793,1020,stratified_5_fold,5,20260906,0.7250000238418579,500,600,256,128,0.01,1.1692878417670727,0.046684324741363525,npu:6
vit_b16,fashion_mnist,digits_characters,1,food101,0.4112000217437744,0.007279374686127606,0.4009901285|0.4227722883|0.4148515165|0.4089109004|0.4083333611,5000,stratified_5_fold,5,20260906,0.47039997577667236,500,600,256,128,0.01,1.1692878417670727,0.047914497554302216,npu:6
vit_b16,fashion_mnist,digits_characters,1,gtsrb,0.6178000098705292,0.012762998063371915,0.6361848712|0.6248756051|0.6113886237|0.6177062392|0.5981689095,5000,stratified_5_fold,5,20260906,0.5023999810218811,500,600,256,128,0.01,1.1692878417670727,0.04709249548614025,npu:6
vit_b16,fashion_mnist,digits_characters,1,oxford_pets,0.9100543428050435,0.003390045724260819,0.9120432138|0.9062500000|0.9076087475|0.9156463146|0.9087193012,3680,stratified_5_fold,5,20260906,0.8997001647949219,500,600,256,128,0.01,1.1692878417670727,0.04644833691418171,npu:6
vit_b16,fashion_mnist,digits_characters,2,beans,0.8588007929477286,0.010280681655025077,0.8605769873|0.8454105854|0.8647342920|0.8495146036|0.8737864494,1034,stratified_5_fold,5,20260906,0.8046875,500,600,256,128,0.01,1.165958572179079,0.036832962185144424,npu:6
vit_b16,fashion_mnist,digits_characters,2,dtd,0.5968085289001465,0.007587933194639875,0.5877659917|0.5877659917|0.5997340679|0.6037234068|0.6050531864,3760,stratified_5_fold,5,20260906,0.5994680523872375,500,600,256,128,0.01,1.165958572179079,0.039649203419685364,npu:6
vit_b16,fashion_mnist,digits_characters,2,eurosat,0.8927999919772148,0.0073157464402312895,0.8916500211|0.9021955729|0.8978979588|0.8916750550|0.8805220723,5000,stratified_5_fold,5,20260906,0.8899999856948853,500,600,256,128,0.01,1.165958572179079,0.03989190049469471,npu:6
vit_b16,fashion_mnist,digits_characters,2,flowers102,0.6764706611633301,0.019361200173979316,0.6470589042|0.6960785389|0.6960784793|0.6813726425|0.6617647409,1020,stratified_5_fold,5,20260906,0.7089999914169312,500,600,256,128,0.01,1.165958572179079,0.04626726172864437,npu:6
vit_b16,fashion_mnist,digits_characters,2,food101,0.4306000170707703,0.01338466916351656,0.4099009931|0.4227722883|0.4495049715|0.4356435835|0.4354166985,5000,stratified_5_fold,5,20260906,0.48319998383522034,500,600,256,128,0.01,1.165958572179079,0.04632250405848026,npu:6
vit_b16,fashion_mnist,digits_characters,2,gtsrb,0.6236000156402588,0.011122700167869011,0.6371681690|0.6208955050|0.6103895903|0.6358149052|0.6134283543,5000,stratified_5_fold,5,20260906,0.5149999856948853,500,600,256,128,0.01,1.165958572179079,0.04660480469465256,npu:6
vit_b16,fashion_mnist,digits_characters,2,oxford_pets,0.9062499798186447,0.0045951050627160445,0.9120432138|0.9035326242|0.9008152485|0.9034013748|0.9114440680,3680,stratified_5_fold,5,20260906,0.9005178213119507,500,600,256,128,0.01,1.165958572179079,0.04856322892010212,npu:6
vit_b16,fashion_mnist,digits_characters,3,beans,0.8520309579211001,0.010782352628369215,0.8653846979|0.8454105854|0.8599033356|0.8349515200|0.8543689251,1034,stratified_5_fold,5,20260906,0.84375,500,600,256,128,0.01,1.1719333995133638,0.04028318263590336,npu:6
vit_b16,fashion_mnist,digits_characters,3,dtd,0.597340440750122,0.005728911330040519,0.6010638475|0.5904255509|0.5957446694|0.6063830256|0.5930851102,3760,stratified_5_fold,5,20260906,0.6079787015914917,500,600,256,128,0.01,1.1719333995133638,0.041103675961494446,npu:6
vit_b16,fashion_mnist,digits_characters,3,eurosat,0.8964000096321106,0.007018071980635805,0.8986083269|0.8992016315|0.9069069624|0.8876630068|0.8895581961,5000,stratified_5_fold,5,20260906,0.8814815282821655,500,600,256,128,0.01,1.1719333995133638,0.03872185945510864,npu:6
vit_b16,fashion_mnist,digits_characters,3,flowers102,0.6872549653053284,0.0318287838674095,0.6519608498|0.6960785389|0.7352941632|0.7009804249|0.6519608498,1020,stratified_5_fold,5,20260906,0.722599983215332,500,600,256,128,0.01,1.1719333995133638,0.0436539426445961,npu:6
vit_b16,fashion_mnist,digits_characters,3,food101,0.41940003460645675,0.01156048840795079,0.3980198503|0.4316831827|0.4188119173|0.4267326891|0.4218750596,5000,stratified_5_fold,5,20260906,0.4737999737262726,500,600,256,128,0.01,1.1719333995133638,0.049418751150369644,npu:6
vit_b16,fashion_mnist,digits_characters,3,gtsrb,0.62420001527071,0.020170063944453965,0.6479842663|0.6328358054|0.6043956280|0.6388330460|0.5961343050,5000,stratified_5_fold,5,20260906,0.503000020980835,500,600,256,128,0.01,1.1719333995133638,0.051837511360645294,npu:6
vit_b16,fashion_mnist,digits_characters,3,oxford_pets,0.9165760778700528,0.0038509038579721193,0.9228687286|0.9144021869|0.9184782505|0.9115646482|0.9155312777,3680,stratified_5_fold,5,20260906,0.9059689044952393,500,600,256,128,0.01,1.1719333995133638,0.04653852432966232,npu:6
vit_b16,fashion_mnist,digits_characters,4,beans,0.8336557253647588,0.016686854635674462,0.8076923490|0.8212560415|0.8502415419|0.8495146036|0.8398058414,1034,stratified_5_fold,5,20260906,0.7734375,500,600,256,128,0.01,1.1845464427024126,0.03970805183053017,npu:6
vit_b16,fashion_mnist,digits_characters,4,dtd,0.5973404526710511,0.005211663257443492,0.5904256105|0.6023936272|0.6023936272|0.5997340679|0.5917553306,3760,stratified_5_fold,5,20260906,0.6095744371414185,500,600,256,128,0.01,1.1845464427024126,0.03860785625874996,npu:6
vit_b16,fashion_mnist,digits_characters,4,eurosat,0.8887999754667282,0.009016341388710715,0.8856858015|0.9031935930|0.8948949575|0.8796389103|0.8805220127,5000,stratified_5_fold,5,20260906,0.8988889455795288,500,600,256,128,0.01,1.1845464427024126,0.03760957531630993,npu:6
vit_b16,fashion_mnist,digits_characters,4,flowers102,0.6862745881080627,0.011178192389716592,0.6813726425|0.6862745881|0.7058824301|0.6862745881|0.6715686917,1020,stratified_5_fold,5,20260906,0.7055999636650085,500,600,256,128,0.01,1.1845464427024126,0.05882980301976204,npu:6
vit_b16,fashion_mnist,digits_characters,4,food101,0.428800019800663,0.013150452469600182,0.4128713012|0.4495049715|0.4198020101|0.4376237690|0.4239583611,5000,stratified_5_fold,5,20260906,0.477400004863739,500,600,256,128,0.01,1.1845464427024126,0.04781214892864227,npu:6
vit_b16,fashion_mnist,digits_characters,4,gtsrb,0.6194000023126602,0.016876420821998712,0.6361848712|0.6149253249|0.6083916426|0.6408450603|0.5961343050,5000,stratified_5_fold,5,20260906,0.5019999742507935,500,600,256,128,0.01,1.1845464427024126,0.050639208406209946,npu:6
vit_b16,fashion_mnist,digits_characters,4,oxford_pets,0.9157608743109132,0.00452141887107238,0.9174559116|0.9211956859|0.9157609344|0.9074830413|0.9168937206,3680,stratified_5_fold,5,20260906,0.8986098766326904,500,600,256,128,0.01,1.1845464427024126,0.046392492949962616,npu:6
vit_b16,mnist,digits_characters,0,beans,0.847195377202283,0.01697382084963796,0.8605769873|0.8357487917|0.8357487917|0.8300970793|0.8737864494,1034,stratified_5_fold,5,20260906,0.875,500,600,256,128,0.01,1.1654023323208094,0.03901763819158077,npu:6
vit_b16,mnist,digits_characters,0,dtd,0.6002659797668457,0.004171355690046545,0.5970745087|0.5957447290|0.6010638475|0.5997340679|0.6077127457,3760,stratified_5_fold,5,20260906,0.6180850267410278,500,600,256,128,0.01,1.1654023323208094,0.04438444599509239,npu:6
vit_b16,mnist,digits_characters,0,eurosat,0.8941999543905258,0.0011812648322528521,0.8926440477|0.8952095509|0.8958958387|0.8936810493|0.8935742378,5000,stratified_5_fold,5,20260906,0.8962963223457336,500,600,256,128,0.01,1.1654023323208094,0.044951306656003,npu:6
vit_b16,mnist,digits_characters,0,flowers102,0.6911765098571777,0.03641996767678829,0.7156863213|0.7303922176|0.7156863213|0.6470588446|0.6470588446,1020,stratified_5_fold,5,20260906,0.7080000042915344,500,600,256,128,0.01,1.1654023323208094,0.04734894819557667,npu:6
vit_b16,mnist,digits_characters,0,food101,0.428800019800663,0.016744397124516787,0.4099010229|0.4425742626|0.4138613939|0.4534653723|0.4239583611,5000,stratified_5_fold,5,20260906,0.47999998927116394,500,600,256,128,0.01,1.1654023323208094,0.047605615109205246,npu:6
vit_b16,mnist,digits_characters,0,gtsrb,0.6236000049829483,0.020129173892401896,0.6529006958|0.6218905449|0.6073926091|0.6378269792|0.5971515775,5000,stratified_5_fold,5,20260906,0.5021999478340149,500,600,256,128,0.01,1.1654023323208094,0.04603305272758007,npu:6
vit_b16,mnist,digits_characters,0,oxford_pets,0.9168478117040966,0.0060196627657488015,0.9255750179|0.9198369384|0.9144021869|0.9170068502|0.9073569179,3680,stratified_5_fold,5,20260906,0.8939765095710754,500,600,256,128,0.01,1.1654023323208094,0.04804584011435509,npu:6
vit_b16,mnist,digits_characters,1,beans,0.837524182503643,0.01829237446119214,0.8461538553|0.8115941882|0.8502415419|0.8203883767|0.8592233062,1034,stratified_5_fold,5,20260906,0.8359375,500,600,256,128,0.01,1.1522218268364668,0.039941560477018356,npu:6
vit_b16,mnist,digits_characters,1,dtd,0.6037234544754029,0.012531070519582774,0.6183511019|0.5944149494|0.6196808815|0.5917553902|0.5944149494,3760,stratified_5_fold,5,20260906,0.6180850863456726,500,600,256,128,0.01,1.1522218268364668,0.0401212926954031,npu:6
vit_b16,mnist,digits_characters,1,eurosat,0.8925999808430671,0.010829281854541543,0.8807156682|0.9111776352|0.8978978992|0.8866599798|0.8865461349,5000,stratified_5_fold,5,20260906,0.8992592692375183,500,600,256,128,0.01,1.1522218268364668,0.04009389132261276,npu:6
vit_b16,mnist,digits_characters,1,flowers102,0.6862745642662048,0.046400624243491416,0.6911765337|0.7401961088|0.6813726425|0.7156863213|0.6029412150,1020,stratified_5_fold,5,20260906,0.7148000001907349,500,600,256,128,0.01,1.1522218268364668,0.04516727849841118,npu:6
vit_b16,mnist,digits_characters,1,food101,0.4272000135183334,0.01020031527707762,0.4158415794|0.4435643554|0.4297029972|0.4297029972|0.4166666865,5000,stratified_5_fold,5,20260906,0.476999968290329,500,600,256,128,0.01,1.1522218268364668,0.048460910096764565,npu:6
vit_b16,mnist,digits_characters,1,gtsrb,0.6232000229477882,0.013534058548908406,0.6460177302|0.6149253845|0.6143856049|0.6307847500|0.6093591452,5000,stratified_5_fold,5,20260906,0.5152000188827515,500,600,256,128,0.01,1.1522218268364668,0.04937348514795303,npu:6
vit_b16,mnist,digits_characters,1,oxford_pets,0.911413024932794,0.004995618497777755,0.9120432138|0.9171195626|0.9157608747|0.9088435769|0.9032697082,3680,stratified_5_fold,5,20260906,0.896156907081604,500,600,256,128,0.01,1.1522218268364668,0.04286385141313076,npu:6
vit_b16,mnist,digits_characters,2,beans,0.8336557153345768,0.026494909857990682,0.8509615660|0.7874395847|0.8647342920|0.8398058414|0.8252427578,1034,stratified_5_fold,5,20260906,0.84375,500,600,256,128,0.01,1.163511386141181,0.03747938200831413,npu:6
vit_b16,mnist,digits_characters,2,dtd,0.5981383323669434,0.008040522262407097,0.6103723645|0.5904256105|0.5930851698|0.5917553306|0.6050531864,3760,stratified_5_fold,5,20260906,0.6154254674911499,500,600,256,128,0.01,1.163511386141181,0.04032036103308201,npu:6
vit_b16,mnist,digits_characters,2,eurosat,0.8988000041007995,0.007358009611061704,0.9035785198|0.9031935930|0.9069069624|0.8876630068|0.8925702572,5000,stratified_5_fold,5,20260906,0.8859258890151978,500,600,256,128,0.01,1.163511386141181,0.04692569561302662,npu:6
vit_b16,mnist,digits_characters,2,flowers102,0.6764706492424011,0.029083135616298033,0.6274510622|0.7107844353|0.7009804249|0.6715686321|0.6715686917,1020,stratified_5_fold,5,20260906,0.6985999345779419,500,600,256,128,0.01,1.163511386141181,0.04991474375128746,npu:6
vit_b16,mnist,digits_characters,2,food101,0.4320000198483467,0.0067448198645753,0.4316831827|0.4435643852|0.4227722883|0.4326732755|0.4291667044,5000,stratified_5_fold,5,20260906,0.46719998121261597,500,600,256,128,0.01,1.163511386141181,0.04956132359802723,npu:6
vit_b16,mnist,digits_characters,2,gtsrb,0.6188000203490257,0.01972968350838866,0.6293019056|0.6089552045|0.6163836718|0.6488933563|0.5900305510,5000,stratified_5_fold,5,20260906,0.5163999795913696,500,600,256,128,0.01,1.163511386141181,0.047675516456365585,npu:6
vit_b16,mnist,digits_characters,2,oxford_pets,0.9168478289376134,0.00810881836706198,0.9309877157|0.9184783101|0.9089673758|0.9088436365|0.9168937206,3680,stratified_5_fold,5,20260906,0.8934314250946045,500,600,256,128,0.01,1.163511386141181,0.04818764142692089,npu:6
vit_b16,mnist,digits_characters,3,beans,0.8114120007944753,0.025832499767484876,0.8173077703|0.7729468346|0.8502415419|0.8203883767|0.7961164713,1034,stratified_5_fold,5,20260906,0.8359375,500,600,256,128,0.01,1.1795294377952814,0.03863045759499073,npu:6
vit_b16,mnist,digits_characters,3,dtd,0.6005319595336914,0.009159141919405688,0.5984042883|0.5930851698|0.6090425849|0.6130319834|0.5890957713,3760,stratified_5_fold,5,20260906,0.6143617033958435,500,600,256,128,0.01,1.1795294377952814,0.03957519866526127,npu:6
vit_b16,mnist,digits_characters,3,eurosat,0.8973999840021133,0.006931422399033034,0.9015903473|0.8982036114|0.9069069624|0.8936810493|0.8865461349,5000,stratified_5_fold,5,20260906,0.8918519020080566,500,600,256,128,0.01,1.1795294377952814,0.03829091601073742,npu:6
vit_b16,mnist,digits_characters,3,flowers102,0.6764706373214722,0.023200311492069362,0.6666667461|0.6666667461|0.7156863213|0.6862745285|0.6470588446,1020,stratified_5_fold,5,20260906,0.7045999765396118,500,600,256,128,0.01,1.1795294377952814,0.04107421450316906,npu:6
vit_b16,mnist,digits_characters,3,food101,0.42880001974105836,0.018865651191327857,0.4168317020|0.4663366377|0.4188119173|0.4207921028|0.4208333492,5000,stratified_5_fold,5,20260906,0.47499996423721313,500,600,256,128,0.01,1.1795294377952814,0.0467833224684,npu:6
vit_b16,mnist,digits_characters,3,gtsrb,0.612200005364418,0.02124093713774968,0.6440511346|0.5990049839|0.5874125361|0.6297786832|0.6002035141,5000,stratified_5_fold,5,20260906,0.507599949836731,500,600,256,128,0.01,1.1795294377952814,0.04853178933262825,npu:6
vit_b16,mnist,digits_characters,3,oxford_pets,0.9138586800869393,0.006631595387123993,0.9147495627|0.9130434990|0.9021739364|0.9170068502|0.9223432541,3680,stratified_5_fold,5,20260906,0.896156907081604,500,600,256,128,0.01,1.1795294377952814,0.04557588882744312,npu:6
vit_b16,mnist,digits_characters,4,beans,0.8133462293927397,0.021907122280660274,0.8317307830|0.7826086283|0.8260869980|0.8349514604|0.7912621498,1034,stratified_5_fold,5,20260906,0.859375,500,600,256,128,0.01,1.1760789453983307,0.043680524453520775,npu:6
vit_b16,mnist,digits_characters,4,dtd,0.5965425729751587,0.012604249210423156,0.5890957713|0.5824468136|0.6130319238|0.6103723645|0.5877659917,3760,stratified_5_fold,5,20260906,0.6117020845413208,500,600,256,128,0.01,1.1760789453983307,0.040858782827854156,npu:6
vit_b16,mnist,digits_characters,4,eurosat,0.8891999669313431,0.007257664166294034,0.8966202140|0.8932135701|0.8858858347|0.8936810493|0.8765059710,5000,stratified_5_fold,5,20260906,0.8922222852706909,500,600,256,128,0.01,1.1760789453983307,0.04308247193694115,npu:6
vit_b16,mnist,digits_characters,4,flowers102,0.7000000715255738,0.034578803251813055,0.6911765337|0.7401961684|0.7303922176|0.6960784793|0.6421569586,1020,stratified_5_fold,5,20260906,0.7039999961853027,500,600,256,128,0.01,1.1760789453983307,0.04283401928842068,npu:6
vit_b16,mnist,digits_characters,4,food101,0.4252000223994255,0.007682685886061117,0.4217821956|0.4227722883|0.4168317020|0.4396039844|0.4250000417,5000,stratified_5_fold,5,20260906,0.46939998865127563,500,600,256,128,0.01,1.1760789453983307,0.04539094679057598,npu:6
vit_b16,mnist,digits_characters,4,gtsrb,0.6204000209569931,0.018864747054315137,0.6312685013|0.6208955050|0.5924075842|0.6478873491|0.6093591452,5000,stratified_5_fold,5,20260906,0.4939999580383301,500,600,256,128,0.01,1.1760789453983307,0.0451730377972126,npu:6
vit_b16,mnist,digits_characters,4,oxford_pets,0.9108695640350165,0.005935670790432218,0.9188091159|0.9157608747|0.9076087475|0.9020408392|0.9100817442,3680,stratified_5_fold,5,20260906,0.8988825082778931,500,600,256,128,0.01,1.1760789453983307,0.04542496055364609,npu:6
vit_b16,octmnist,medical,0,beans,0.8297872410752095,0.026509352555927564,0.8076923490|0.8550724983|0.8357487917|0.7912621498|0.8592232466,1034,stratified_5_fold,5,20260906,0.8515625,500,600,256,128,0.01,1.1920001581311226,0.04022333398461342,npu:6
vit_b16,octmnist,medical,0,dtd,0.5909574508666993,0.010321077175340093,0.6037234068|0.5744680762|0.5904255509|0.5997340679|0.5864361525,3760,stratified_5_fold,5,20260906,0.5930850505828857,500,600,256,128,0.01,1.1920001581311226,0.04307081364095211,npu:6
vit_b16,octmnist,medical,0,eurosat,0.8879999772787094,0.008425441928739268,0.8906559944|0.9031935930|0.8828828931|0.8836509585|0.8795180321,5000,stratified_5_fold,5,20260906,0.8792592883110046,500,600,256,128,0.01,1.1920001581311226,0.045619990676641464,npu:6
vit_b16,octmnist,medical,0,flowers102,0.6637255430221558,0.035157681138260725,0.6470588446|0.7107843757|0.7009804249|0.6323530078|0.6274510622,1020,stratified_5_fold,5,20260906,0.6949999332427979,500,600,256,128,0.01,1.1920001581311226,0.04687780514359474,npu:6
vit_b16,octmnist,medical,0,food101,0.4160000199079514,0.004653546359653002,0.4069306850|0.4198020101|0.4168317020|0.4178217947|0.4187500477,5000,stratified_5_fold,5,20260906,0.46239998936653137,500,600,256,128,0.01,1.1920001581311226,0.05047152750194073,npu:6
vit_b16,octmnist,medical,0,gtsrb,0.6188000171065331,0.02059439504807414,0.6342183352|0.6248756051|0.6023976207|0.6438632011|0.5879959464,5000,stratified_5_fold,5,20260906,0.5162000060081482,500,600,256,128,0.01,1.1920001581311226,0.055983396247029305,npu:6
vit_b16,octmnist,medical,0,oxford_pets,0.9165760819354783,0.0038609676844633695,0.9201623201|0.9184782505|0.9198369980|0.9142857790|0.9100816846,3680,stratified_5_fold,5,20260906,0.9048786163330078,500,600,256,128,0.01,1.1920001581311226,0.06089518964290619,npu:6
vit_b16,octmnist,medical,1,beans,0.8201160860361398,0.017423098039232646,0.8076924086|0.8309178948|0.8067632914|0.8495146036|0.8058252335,1034,stratified_5_fold,5,20260906,0.8671875,500,600,256,128,0.01,1.257174214348197,0.044599566608667374,npu:6
vit_b16,octmnist,medical,1,dtd,0.6005319476127624,0.007735663035662592,0.6037234068|0.6117022038|0.5917553306|0.5917553902|0.6037234068,3760,stratified_5_fold,5,20260906,0.6021276712417603,500,600,256,128,0.01,1.257174214348197,0.04296124167740345,npu:6
vit_b16,octmnist,medical,1,eurosat,0.8889999754548072,0.004172986249555337,0.8846917748|0.8952095509|0.8868868947|0.8926780224|0.8855421543,5000,stratified_5_fold,5,20260906,0.8877778053283691,500,600,256,128,0.01,1.257174214348197,0.04358222335577011,npu:6
vit_b16,octmnist,medical,1,flowers102,0.658823573589325,0.02138962813683137,0.6421568990|0.6470588446|0.7009804249|0.6519608498|0.6519608498,1020,stratified_5_fold,5,20260906,0.7039999961853027,500,600,256,128,0.01,1.257174214348197,0.04505402781069279,npu:6
vit_b16,octmnist,medical,1,food101,0.4192000271677971,0.008563189067247321,0.4128713012|0.4277228117|0.4297029972|0.4178217947|0.4072917104,5000,stratified_5_fold,5,20260906,0.46279996633529663,500,600,256,128,0.01,1.257174214348197,0.04759730026125908,npu:6
vit_b16,octmnist,medical,1,gtsrb,0.6083999999403954,0.021499441992713385,0.6440511346|0.6049751043|0.5824176073|0.6177062392|0.5920650959,5000,stratified_5_fold,5,20260906,0.5085999965667725,500,600,256,128,0.01,1.257174214348197,0.04635533504188061,npu:6
vit_b16,octmnist,medical,1,oxford_pets,0.9095108638801005,0.0051501085173416405,0.9161027670|0.9008152485|0.9130434990|0.9088435769|0.9087193012,3680,stratified_5_fold,5,20260906,0.8975197076797485,500,600,256,128,0.01,1.257174214348197,0.05976582504808903,npu:6
vit_b16,octmnist,medical,2,beans,0.8172147208302348,0.024017296403112943,0.7980769873|0.8164250851|0.8309178352|0.8543689847|0.7864078283,1034,stratified_5_fold,5,20260906,0.84375,500,600,256,128,0.01,1.2823762465268373,0.04272573068737984,npu:6
vit_b16,octmnist,medical,2,dtd,0.5957447052001953,0.010470780019238167,0.6090426445|0.5811170340|0.5864361525|0.6037234068|0.5984042883,3760,stratified_5_fold,5,20260906,0.6031914353370667,500,600,256,128,0.01,1.2823762465268373,0.04286382161080837,npu:6
vit_b16,octmnist,medical,2,eurosat,0.8893999629616738,0.006428606694099513,0.8916500211|0.8982036114|0.8928928375|0.8836509585|0.8805220127,5000,stratified_5_fold,5,20260906,0.8799999952316284,500,600,256,128,0.01,1.2823762465268373,0.040573203936219215,npu:6
vit_b16,octmnist,medical,2,flowers102,0.6627451658248902,0.028817514934636513,0.6225491166|0.6813726425|0.7009804249|0.6715686917|0.6372549534,1020,stratified_5_fold,5,20260906,0.6941999793052673,500,600,256,128,0.01,1.2823762465268373,0.04609232395887375,npu:6
vit_b16,octmnist,medical,2,food101,0.4114000313282013,0.008676237808870994,0.4019802213|0.4089109302|0.4178218246|0.4039604068|0.4250000417,5000,stratified_5_fold,5,20260906,0.465999960899353,500,600,256,128,0.01,1.2823762465268373,0.04843894951045513,npu:6
vit_b16,octmnist,medical,2,gtsrb,0.6164000094890595,0.013700774974072571,0.6361848712|0.6228855848|0.6003996134|0.6207243204|0.6012207866,5000,stratified_5_fold,5,20260906,0.49939996004104614,500,600,256,128,0.01,1.2823762465268373,0.04302027262747288,npu:6
vit_b16,octmnist,medical,2,oxford_pets,0.9122282461951609,0.012746165644310267,0.9282813668|0.9144021869|0.9225543737|0.8938775659|0.9019073248,3680,stratified_5_fold,5,20260906,0.8917961120605469,500,600,256,128,0.01,1.2823762465268373,0.03975025191903114,npu:6
vit_b16,octmnist,medical,3,beans,0.8375241918997332,0.02189859010763092,0.8413462639|0.8405797482|0.8743960857|0.8203883767|0.8106795549,1034,stratified_5_fold,5,20260906,0.8828125,500,600,256,128,0.01,1.1827075686305761,0.04135977663099766,npu:6
vit_b16,octmnist,medical,3,dtd,0.5957447171211243,0.005514996687451231,0.5997340679|0.5877659917|0.5944149494|0.5930851698|0.6037234068,3760,stratified_5_fold,5,20260906,0.6069148778915405,500,600,256,128,0.01,1.1827075686305761,0.04339957237243652,npu:6
vit_b16,octmnist,medical,3,eurosat,0.8921999742627144,0.00412397327499977,0.8996022940|0.8872255683|0.8928928971|0.8906719685|0.8905622363,5000,stratified_5_fold,5,20260906,0.886296272277832,500,600,256,128,0.01,1.1827075686305761,0.04231964983046055,npu:6
vit_b16,octmnist,medical,3,flowers102,0.6676471352577209,0.025072011198127943,0.6519608498|0.6470588446|0.7107844353|0.6813726425|0.6470589042,1020,stratified_5_fold,5,20260906,0.6871999502182007,500,600,256,128,0.01,1.1827075686305761,0.0458751805126667,npu:6
vit_b16,octmnist,medical,3,food101,0.4268000239133835,0.011297563405561734,0.4168317020|0.4475247562|0.4207921028|0.4297029972|0.4187500477,5000,stratified_5_fold,5,20260906,0.46639999747276306,500,600,256,128,0.01,1.1827075686305761,0.04921577125787735,npu:6
vit_b16,octmnist,medical,3,gtsrb,0.616799998319149,0.017855801748870775,0.6509341002|0.6129353046|0.6023976207|0.6026157141|0.6144455671,5000,stratified_5_fold,5,20260906,0.5022000074386597,500,600,256,128,0.01,1.1827075686305761,0.043823374435305595,npu:6
vit_b16,octmnist,medical,3,oxford_pets,0.9146739176919927,0.006592588988033197,0.9242218733|0.9144021869|0.9076087475|0.9074830413|0.9196184874,3680,stratified_5_fold,5,20260906,0.9018805623054504,500,600,256,128,0.01,1.1827075686305761,0.04026237316429615,npu:6
vit_b16,octmnist,medical,4,beans,0.8220502958998689,0.02187706779924473,0.8269231319|0.8212560415|0.8599033356|0.8058252335|0.7961165309,1034,stratified_5_fold,5,20260906,0.859375,500,600,256,128,0.01,1.234330888837576,0.04052439518272877,npu:6
vit_b16,octmnist,medical,4,dtd,0.5968085527420044,0.009567092375111809,0.5984042883|0.5784574747|0.5997340679|0.6063830853|0.6010638475,3760,stratified_5_fold,5,20260906,0.6196808218955994,500,600,256,128,0.01,1.234330888837576,0.04138045571744442,npu:6
vit_b16,octmnist,medical,4,eurosat,0.887399981367588,0.004260448635445818,0.8946321607|0.8852295876|0.8828828931|0.8896689415|0.8845381141,5000,stratified_5_fold,5,20260906,0.8814815282821655,500,600,256,128,0.01,1.234330888837576,0.041786158457398415,npu:6
vit_b16,octmnist,medical,4,flowers102,0.6431373238563538,0.0213446460016377,0.6470588446|0.6323530078|0.6372549534|0.6813726425|0.6176471710,1020,stratified_5_fold,5,20260906,0.698199987411499,500,600,256,128,0.01,1.234330888837576,0.05938035622239113,npu:6
vit_b16,octmnist,medical,4,food101,0.4216000248193741,0.014847663941725,0.4178218246|0.4465346634|0.4009901285|0.4257425964|0.4166666865,5000,stratified_5_fold,5,20260906,0.4673999845981598,500,600,256,128,0.01,1.234330888837576,0.045291220769286156,npu:6
vit_b16,octmnist,medical,4,gtsrb,0.6164000095844269,0.014373924834885825,0.6352015734|0.6218905449|0.6033966541|0.6247484684|0.5961343050,5000,stratified_5_fold,5,20260906,0.4927999973297119,500,600,256,128,0.01,1.234330888837576,0.04339630343019962,npu:6
vit_b16,octmnist,medical,4,oxford_pets,0.9146739135941734,0.005033561260728512,0.9161027670|0.9103261232|0.9198369980|0.9197279215|0.9073569179,3680,stratified_5_fold,5,20260906,0.8991550207138062,500,600,256,128,0.01,1.234330888837576,0.04302698001265526,npu:6
vit_b16,organamnist,medical,0,beans,0.8462282426698526,0.030312113812343448,0.8269231319|0.8647342920|0.8888888955|0.8495145440|0.8009708524,1034,stratified_5_fold,5,20260906,0.8359375,500,600,256,128,0.01,1.2640026491135359,0.03880978003144264,npu:6
vit_b16,organamnist,medical,0,dtd,0.6005319237709046,0.006863531054300977,0.6050531864|0.5917553902|0.5930851102|0.6037234068|0.6090425253,3760,stratified_5_fold,5,20260906,0.6047872304916382,500,600,256,128,0.01,1.2640026491135359,0.04249789007008076,npu:6
vit_b16,organamnist,medical,0,eurosat,0.8896000037074089,0.005918002075172314,0.8896619678|0.8992016315|0.8888888955|0.8896690607|0.8805220723,5000,stratified_5_fold,5,20260906,0.8925926089286804,500,600,256,128,0.01,1.2640026491135359,0.0408810842782259,npu:6
vit_b16,organamnist,medical,0,flowers102,0.68333340883255,0.019010500734378488,0.6666667461|0.7058824301|0.7009804845|0.6862745285|0.6568628550,1020,stratified_5_fold,5,20260906,0.7007999420166016,500,600,256,128,0.01,1.2640026491135359,0.04081600531935692,npu:6
vit_b16,organamnist,medical,0,food101,0.42440002524852755,0.008825724735678206,0.4178217947|0.4405940771|0.4267326891|0.4168317318|0.4197916985,5000,stratified_5_fold,5,20260906,0.4684000015258789,500,600,256,128,0.01,1.2640026491135359,0.04560796171426773,npu:6
vit_b16,organamnist,medical,0,gtsrb,0.624000006055832,0.02004671117134766,0.6460177302|0.6019899845|0.6313686371|0.6418511271|0.5981689095,5000,stratified_5_fold,5,20260906,0.5127999782562256,500,600,256,128,0.01,1.2640026491135359,0.043588435277342796,npu:6
vit_b16,organamnist,medical,0,oxford_pets,0.9157608867663404,0.0030278417354784037,0.9161027670|0.9144022465|0.9116848111|0.9156463146|0.9209809303,3680,stratified_5_fold,5,20260906,0.8967020511627197,500,600,256,128,0.01,1.2640026491135359,0.04308472387492657,npu:6
vit_b16,organamnist,medical,1,beans,0.8326886349305425,0.013174570749807856,0.8413462639|0.8115942478|0.8357487917|0.8252427578|0.8495146036,1034,stratified_5_fold,5,20260906,0.875,500,600,256,128,0.01,1.2073295395821333,0.043658364564180374,npu:6
vit_b16,organamnist,medical,1,dtd,0.5909574747085571,0.007643673380437315,0.5877659917|0.5797872543|0.6023936272|0.5890957713|0.5957447290,3760,stratified_5_fold,5,20260906,0.6191489100456238,500,600,256,128,0.01,1.2073295395821333,0.044163767248392105,npu:6
vit_b16,organamnist,medical,1,eurosat,0.8889999769687652,0.012018749627289733,0.8846917748|0.9041916132|0.8998999596|0.8856569529|0.8704818487,5000,stratified_5_fold,5,20260906,0.8892592191696167,500,600,256,128,0.01,1.2073295395821333,0.042973579838871956,npu:6
vit_b16,organamnist,medical,1,flowers102,0.6931373238563537,0.032897957430556186,0.7058824301|0.7107843757|0.7107843757|0.7107843757|0.6274510622,1020,stratified_5_fold,5,20260906,0.7071999311447144,500,600,256,128,0.01,1.2073295395821333,0.0414133183658123,npu:6
vit_b16,organamnist,medical,1,food101,0.4258000203371048,0.005867275674877476,0.4237623811|0.4366336763|0.4207921028|0.4267326891|0.4208333790,5000,stratified_5_fold,5,20260906,0.4675999879837036,500,600,256,128,0.01,1.2073295395821333,0.0437972042709589,npu:6
vit_b16,organamnist,medical,1,gtsrb,0.6188000208377838,0.019031787206399725,0.6391347647|0.5890547037|0.6133866310|0.6398390532|0.6124110222,5000,stratified_5_fold,5,20260906,0.4971999526023865,500,600,256,128,0.01,1.2073295395821333,0.04290769249200821,npu:6
vit_b16,organamnist,medical,1,oxford_pets,0.9146739207694065,0.006677347513944296,0.9215154648|0.9171196222|0.9021739364|0.9183674455|0.9141688943,3680,stratified_5_fold,5,20260906,0.8923412561416626,500,600,256,128,0.01,1.2073295395821333,0.03919200785458088,npu:6
vit_b16,organamnist,medical,2,beans,0.83075436828676,0.031941946481633426,0.7884615660|0.8647342920|0.8695652485|0.8252427578|0.8058252335,1034,stratified_5_fold,5,20260906,0.84375,500,600,256,128,0.01,1.2248175758868456,0.044141896069049835,npu:6
vit_b16,organamnist,medical,2,dtd,0.5970744967460633,0.008535523694977528,0.5997340679|0.6037234664|0.5864362121|0.6077127457|0.5877659917,3760,stratified_5_fold,5,20260906,0.6031914949417114,500,600,256,128,0.01,1.2248175758868456,0.04389168508350849,npu:6
vit_b16,organamnist,medical,2,eurosat,0.8989999965667724,0.010150458028821998,0.9005963802|0.9021956325|0.9149149656|0.8926780224|0.8845381141,5000,stratified_5_fold,5,20260906,0.89000004529953,500,600,256,128,0.01,1.2248175758868456,0.04061415605247021,npu:6
vit_b16,organamnist,medical,2,flowers102,0.6774510383605957,0.04094237830959745,0.6617647409|0.7303922176|0.6715686917|0.7107843757|0.6127451658,1020,stratified_5_fold,5,20260906,0.7121999263763428,500,600,256,128,0.01,1.2248175758868456,0.042368579655885696,npu:6
vit_b16,organamnist,medical,2,food101,0.43440002661943433,0.013564271982149823,0.4217821956|0.4386138916|0.4257425964|0.4277228117|0.4593750238,5000,stratified_5_fold,5,20260906,0.47359997034072876,500,600,256,128,0.01,1.2248175758868456,0.042767541483044624,npu:6
vit_b16,organamnist,medical,2,gtsrb,0.6218000327348709,0.017845288299651294,0.6420845985|0.6318408251|0.6133866310|0.6297786832|0.5910478830,5000,stratified_5_fold,5,20260906,0.4941999912261963,500,600,256,128,0.01,1.2248175758868456,0.04297906160354614,npu:6
vit_b16,organamnist,medical,2,oxford_pets,0.9187499751053426,0.0030043461708109545,0.9228686690|0.9211956263|0.9144021869|0.9170068502|0.9182560444,3680,stratified_5_fold,5,20260906,0.904060959815979,500,600,256,128,0.01,1.2248175758868456,0.041189245879650116,npu:6
vit_b16,organamnist,medical,3,beans,0.838491316286692,0.006894049132282853,0.8413462639|0.8405796885|0.8454105854|0.8398058414|0.8252427578,1034,stratified_5_fold,5,20260906,0.8515625,500,600,256,128,0.01,1.1893402300775051,0.04208901897072792,npu:6
vit_b16,organamnist,medical,3,dtd,0.5960106492042542,0.011296152810621978,0.6077127457|0.5744680762|0.6010638475|0.5984042883|0.5984042883,3760,stratified_5_fold,5,20260906,0.6218085289001465,500,600,256,128,0.01,1.1893402300775051,0.040372854098677635,npu:6
vit_b16,organamnist,medical,3,eurosat,0.8895999853491783,0.00875254977129293,0.8956261873|0.8812375069|0.9039039612|0.8836509585|0.8835340738,5000,stratified_5_fold,5,20260906,0.8892592787742615,500,600,256,128,0.01,1.1893402300775051,0.039400288835167885,npu:6
vit_b16,organamnist,medical,3,flowers102,0.6833333969116211,0.01823634878751625,0.6666667461|0.7009804249|0.7009804845|0.6911765337|0.6568627954,1020,stratified_5_fold,5,20260906,0.7029999494552612,500,600,256,128,0.01,1.1893402300775051,0.042130572721362114,npu:6
vit_b16,organamnist,medical,3,food101,0.4194000279903412,0.012483913752632952,0.4108911157|0.4396039844|0.4118812084|0.4277228117|0.4062500298,5000,stratified_5_fold,5,20260906,0.4733999967575073,500,600,256,128,0.01,1.1893402300775051,0.0455825999379158,npu:6
vit_b16,organamnist,medical,3,gtsrb,0.6360000065565109,0.019644827743543855,0.6499508619|0.6348258257|0.6223776340|0.6639839411|0.6083418131,5000,stratified_5_fold,5,20260906,0.495199978351593,500,600,256,128,0.01,1.1893402300775051,0.041459666565060616,npu:6
vit_b16,organamnist,medical,3,oxford_pets,0.9146739170927068,0.008354554236267343,0.9188091755|0.9198369384|0.8980978727|0.9197279215|0.9168937206,3680,stratified_5_fold,5,20260906,0.894794225692749,500,600,256,128,0.01,1.1893402300775051,0.04237641952931881,npu:6
vit_b16,organamnist,medical,4,beans,0.8336557187932603,0.01700258884124044,0.8076923490|0.8212560415|0.8550724983|0.8446601629|0.8398058414,1034,stratified_5_fold,5,20260906,0.8125,500,600,256,128,0.01,1.1855287961661816,0.0427948422729969,npu:6
vit_b16,organamnist,medical,4,dtd,0.5962766289710999,0.010757327178084712,0.5944149494|0.5944149494|0.5824468136|0.6156915426|0.5944148898,3760,stratified_5_fold,5,20260906,0.6095744371414185,500,600,256,128,0.01,1.1855287961661816,0.041819097474217415,npu:6
vit_b16,organamnist,medical,4,eurosat,0.8897999642252922,0.008747103784770586,0.8976142406|0.8972055912|0.8898898363|0.8906720281|0.8734939098,5000,stratified_5_fold,5,20260906,0.8914815187454224,500,600,256,128,0.01,1.1855287961661816,0.04381311498582363,npu:6
vit_b16,organamnist,medical,4,flowers102,0.6931373238563537,0.023324281012494827,0.7009804845|0.7205883265|0.7058824301|0.6862745285|0.6519608498,1020,stratified_5_fold,5,20260906,0.6993999481201172,500,600,256,128,0.01,1.1855287961661816,0.0436891857534647,npu:6
vit_b16,organamnist,medical,4,food101,0.42500001376867297,0.002432317844545756,0.4237623811|0.4287128747|0.4227722883|0.4227722883|0.4270833731,5000,stratified_5_fold,5,20260906,0.46719998121261597,500,600,256,128,0.01,1.1855287961661816,0.04498060792684555,npu:6
vit_b16,organamnist,medical,4,gtsrb,0.62520002835989,0.015962845539001323,0.6519174576|0.6069651842|0.6163836122|0.6338028312|0.6164802313,5000,stratified_5_fold,5,20260906,0.49199995398521423,500,600,256,128,0.01,1.1855287961661816,0.042491041123867035,npu:6
vit_b16,organamnist,medical,4,oxford_pets,0.9138587129018877,0.0072495300474856115,0.9228686690|0.9103261232|0.9116848707|0.9210884571|0.9032697678,3680,stratified_5_fold,5,20260906,0.8945215940475464,500,600,256,128,0.01,1.1855287961661816,0.04071025177836418,npu:6
vit_b16,organcmnist,medical,0,beans,0.8462282492989959,0.011067619038729085,0.8317308426|0.8647342920|0.8502415419|0.8446601629|0.8398058414,1034,stratified_5_fold,5,20260906,0.8125,500,600,256,128,0.01,1.2045256309211254,0.03914714977145195,npu:6
vit_b16,organcmnist,medical,0,dtd,0.6053191542625427,0.005604055484934125,0.6077127457|0.5970745087|0.6130319238|0.6077127457|0.6010638475,3760,stratified_5_fold,5,20260906,0.6026595830917358,500,600,256,128,0.01,1.2045256309211254,0.04172973521053791,npu:6
vit_b16,organcmnist,medical,0,eurosat,0.8867999656081199,0.005095971358245097,0.8787275553|0.8942115307|0.8858858943|0.8856569529|0.8895581961,5000,stratified_5_fold,5,20260906,0.8892592787742615,500,600,256,128,0.01,1.2045256309211254,0.038233065977692604,npu:6
vit_b16,organcmnist,medical,0,flowers102,0.6764706611633301,0.011178208072775461,0.6813726425|0.6960785389|0.6715686321|0.6666667461|0.6666667461,1020,stratified_5_fold,5,20260906,0.6989999413490295,500,600,256,128,0.01,1.2045256309211254,0.03973438963294029,npu:6
vit_b16,organcmnist,medical,0,food101,0.4226000142097473,0.012339243953782988,0.4079208374|0.4247524738|0.4158415794|0.4207921028|0.4447916746,5000,stratified_5_fold,5,20260906,0.46619999408721924,500,600,256,128,0.01,1.2045256309211254,0.04593976028263569,npu:6
vit_b16,organcmnist,medical,0,gtsrb,0.6226000109553337,0.014303944076906645,0.6381514072|0.6179104447|0.6163836122|0.6388330460|0.6012207866,5000,stratified_5_fold,5,20260906,0.5171999931335449,500,600,256,128,0.01,1.2045256309211254,0.04293274134397507,npu:6
vit_b16,organcmnist,medical,0,oxford_pets,0.9182065197469099,0.00914488353823435,0.9309877157|0.9130434990|0.9144022465|0.9061225057|0.9264304638,3680,stratified_5_fold,5,20260906,0.8988825082778931,500,600,256,128,0.01,1.2045256309211254,0.03762277401983738,npu:6
vit_b16,organcmnist,medical,1,beans,0.8346228585713606,0.014311700864274458,0.8413462639|0.8067632914|0.8357487917|0.8446602225|0.8446602225,1034,stratified_5_fold,5,20260906,0.859375,500,600,256,128,0.01,1.1999108828604221,0.039066171273589134,npu:6
vit_b16,organcmnist,medical,1,dtd,0.5970744848251343,0.0056418108592478375,0.6010638475|0.5917553902|0.5890957117|0.5997340679|0.6037234068,3760,stratified_5_fold,5,20260906,0.6228723526000977,500,600,256,128,0.01,1.1999108828604221,0.04168415628373623,npu:6
vit_b16,organcmnist,medical,1,eurosat,0.8915999945163727,0.004586937695692865,0.8876738548|0.8982036114|0.8948949575|0.8856569529|0.8915662766,5000,stratified_5_fold,5,20260906,0.8925926089286804,500,600,256,128,0.01,1.1999108828604221,0.03952751122415066,npu:6
vit_b16,organcmnist,medical,1,flowers102,0.6735294699668884,0.029994238827707215,0.6372549534|0.6960784793|0.6911765337|0.7058824301|0.6372549534,1020,stratified_5_fold,5,20260906,0.7053999304771423,500,600,256,128,0.01,1.1999108828604221,0.04158933460712433,npu:6
vit_b16,organcmnist,medical,1,food101,0.42360001742839815,0.00878013095871356,0.4237623811|0.4247524738|0.4277228117|0.4336633682|0.4072917104,5000,stratified_5_fold,5,20260906,0.46939998865127563,500,600,256,128,0.01,1.1999108828604221,0.042723750695586205,npu:6
vit_b16,organcmnist,medical,1,gtsrb,0.6040000009179115,0.013716912156832985,0.6135693789|0.6019899845|0.5914086103|0.6247484684|0.5879959464,5000,stratified_5_fold,5,20260906,0.5005999803543091,500,600,256,128,0.01,1.1999108828604221,0.042690400034189224,npu:6
vit_b16,organcmnist,medical,1,oxford_pets,0.9168478421866894,0.010171377189760682,0.9323409796|0.9103261232|0.9021739364|0.9183673859|0.9209809303,3680,stratified_5_fold,5,20260906,0.9005178213119507,500,600,256,128,0.01,1.1999108828604221,0.041739000007510185,npu:6
vit_b16,organcmnist,medical,2,beans,0.835589933960304,0.02262954724416474,0.8365384936|0.8067632318|0.8502415419|0.8155339956|0.8689320087,1034,stratified_5_fold,5,20260906,0.8125,500,600,256,128,0.01,1.199100561439991,0.04087492451071739,npu:6
vit_b16,organcmnist,medical,2,dtd,0.5960106372833252,0.00992986825911898,0.5984042883|0.5837765932|0.6077127457|0.6050531864|0.5851063728,3760,stratified_5_fold,5,20260906,0.6138297319412231,500,600,256,128,0.01,1.199100561439991,0.042058028280735016,npu:6
vit_b16,organcmnist,medical,2,eurosat,0.8834000059485435,0.014108982554973034,0.8667991757|0.8972055912|0.9009009600|0.8836509585|0.8684738874,5000,stratified_5_fold,5,20260906,0.8829629421234131,500,600,256,128,0.01,1.199100561439991,0.04057544283568859,npu:6
vit_b16,organcmnist,medical,2,flowers102,0.6813726186752319,0.036155090310685666,0.6421568990|0.7107844353|0.7107843757|0.7107843757|0.6323530078,1020,stratified_5_fold,5,20260906,0.6999999284744263,500,600,256,128,0.01,1.199100561439991,0.041807448491454124,npu:6
vit_b16,organcmnist,medical,2,food101,0.432800013422966,0.0048802822297955425,0.4297029972|0.4297029674|0.4277227819|0.4405940771|0.4364583492,5000,stratified_5_fold,5,20260906,0.46959996223449707,500,600,256,128,0.01,1.199100561439991,0.045086536556482315,npu:6
vit_b16,organcmnist,medical,2,gtsrb,0.6164000204920769,0.020008544268957124,0.6263520718|0.6149253845|0.6203796268|0.6398390532|0.5798575878,5000,stratified_5_fold,5,20260906,0.5011999607086182,500,600,256,128,0.01,1.199100561439991,0.04188050702214241,npu:6
vit_b16,organcmnist,medical,2,oxford_pets,0.9184782500176326,0.002037192783063262,0.9201623201|0.9184782505|0.9211956263|0.9156463146|0.9168937206,3680,stratified_5_fold,5,20260906,0.8977922797203064,500,600,256,128,0.01,1.199100561439991,0.04157947562634945,npu:6
vit_b16,organcmnist,medical,3,beans,0.8278529895343448,0.024900007921713155,0.8076922894|0.8357487917|0.8454105854|0.8592233062|0.7912621498,1034,stratified_5_fold,5,20260906,0.859375,500,600,256,128,0.01,1.202896585687995,0.03894498944282532,npu:6
vit_b16,organcmnist,medical,3,dtd,0.599734091758728,0.008022938589111005,0.5917553306|0.5917553902|0.6037234664|0.6130319834|0.5984042883,3760,stratified_5_fold,5,20260906,0.6106382608413696,500,600,256,128,0.01,1.202896585687995,0.04126575589179993,npu:6
vit_b16,organcmnist,medical,3,eurosat,0.894799972987175,0.006611987441740619,0.8986083269|0.8932135701|0.8848848343|0.9047141075|0.8925702572,5000,stratified_5_fold,5,20260906,0.8903703689575195,500,600,256,128,0.01,1.202896585687995,0.044121915474534035,npu:6
vit_b16,organcmnist,medical,3,flowers102,0.6852942109107971,0.026561205281750305,0.6813726425|0.7009804845|0.7254902720|0.6715687513|0.6470589042,1020,stratified_5_fold,5,20260906,0.6949999928474426,500,600,256,128,0.01,1.202896585687995,0.044756047427654266,npu:6
vit_b16,organcmnist,medical,3,food101,0.4276000232100487,0.012537838131712095,0.4227722883|0.4287128747|0.4108911157|0.4495049715|0.4260417223,5000,stratified_5_fold,5,20260906,0.4757999777793884,500,600,256,128,0.01,1.202896585687995,0.046565596014261246,npu:6
vit_b16,organcmnist,medical,3,gtsrb,0.6085999901890755,0.020205234317969046,0.6194690466|0.5870646238|0.5984016061|0.6428571343|0.5951169729,5000,stratified_5_fold,5,20260906,0.49699997901916504,500,600,256,128,0.01,1.202896585687995,0.04352971725165844,npu:6
vit_b16,organcmnist,medical,3,oxford_pets,0.9182065139484147,0.0034691616538350288,0.9188091159|0.9225543737|0.9130434990|0.9156463146|0.9209808707,3680,stratified_5_fold,5,20260906,0.8931588530540466,500,600,256,128,0.01,1.202896585687995,0.04112565517425537,npu:6
vit_b16,organcmnist,medical,4,beans,0.8268858690672272,0.02044323404644975,0.8173077106|0.7971014380|0.8599033356|0.8300970793|0.8300970793,1034,stratified_5_fold,5,20260906,0.8046875,500,600,256,128,0.01,1.2178873252123594,0.04240177944302559,npu:6
vit_b16,organcmnist,medical,4,dtd,0.5992021560668945,0.008005264807465317,0.5890957713|0.5984042883|0.5944149494|0.6010638475|0.6130319238,3760,stratified_5_fold,5,20260906,0.6079787015914917,500,600,256,128,0.01,1.2178873252123594,0.040888916701078415,npu:6
vit_b16,organcmnist,medical,4,eurosat,0.8845999808192253,0.008925648487563925,0.8876739144|0.8822355270|0.8938938975|0.8906719685|0.8684738874,5000,stratified_5_fold,5,20260906,0.8814814686775208,500,600,256,128,0.01,1.2178873252123594,0.04265633970499039,npu:6
vit_b16,organcmnist,medical,4,flowers102,0.6911765336990356,0.01610949872124118,0.6911765337|0.7107843757|0.6960784793|0.6960785389|0.6617647409,1020,stratified_5_fold,5,20260906,0.7031999230384827,500,600,256,128,0.01,1.2178873252123594,0.04309733211994171,npu:6
vit_b16,organcmnist,medical,4,food101,0.4276000256538391,0.014585708881145017,0.4019802213|0.4257425964|0.4455446005|0.4366336763|0.4281250238,5000,stratified_5_fold,5,20260906,0.47759997844696045,500,600,256,128,0.01,1.2178873252123594,0.04459034651517868,npu:6
vit_b16,organcmnist,medical,4,gtsrb,0.624800025498867,0.012681554902319567,0.6273353100|0.6238806248|0.6163836122|0.6468813419|0.6093591452,5000,stratified_5_fold,5,20260906,0.4957999885082245,500,600,256,128,0.01,1.2178873252123594,0.03931401111185551,npu:6
vit_b16,organcmnist,medical,4,oxford_pets,0.9146739168821469,0.0038381688652073045,0.9201623201|0.9144021869|0.9171196222|0.9088435769|0.9128065109,3680,stratified_5_fold,5,20260906,0.8964294791221619,500,600,256,128,0.01,1.2178873252123594,0.0489434115588665,npu:6
vit_b16,organsmnist,medical,0,beans,0.8578336768616099,0.015094576268382476,0.8461539149|0.8405796885|0.8550724983|0.8640776873|0.8834951520,1034,stratified_5_fold,5,20260906,0.859375,500,600,256,128,0.01,1.1881703156977892,0.0450538694858551,npu:6
vit_b16,organsmnist,medical,0,dtd,0.6077128052711487,0.004370134429388105,0.6103723645|0.6063830256|0.5997340679|0.6117022038|0.6103723645,3760,stratified_5_fold,5,20260906,0.603723406791687,500,600,256,128,0.01,1.1881703156977892,0.0426122322678566,npu:6
vit_b16,organsmnist,medical,0,eurosat,0.8887999782085418,0.002929232097924862,0.8886679411|0.8942115903|0.8868868351|0.8856569529|0.8885542154,5000,stratified_5_fold,5,20260906,0.8881481885910034,500,600,256,128,0.01,1.1881703156977892,0.04074730537831783,npu:6
vit_b16,organsmnist,medical,0,flowers102,0.7019608616828918,0.014002825044616554,0.6813725829|0.7107844353|0.7205883265|0.7058824301|0.6911765337,1020,stratified_5_fold,5,20260906,0.7083999514579773,500,600,256,128,0.01,1.1881703156977892,0.04279056005179882,npu:6
vit_b16,organsmnist,medical,0,food101,0.42820001536607744,0.007950165775932322,0.4257425666|0.4316831827|0.4227723181|0.4415841699|0.4187500179,5000,stratified_5_fold,5,20260906,0.46799999475479126,500,600,256,128,0.01,1.1881703156977892,0.044144194573163986,npu:6
vit_b16,organsmnist,medical,0,gtsrb,0.6341999874830246,0.020139548735989183,0.6666666269|0.6238805652|0.6343656182|0.6398390532|0.6052899361,5000,stratified_5_fold,5,20260906,0.5145999789237976,500,600,256,128,0.01,1.1881703156977892,0.0418716873973608,npu:6
vit_b16,organsmnist,medical,0,oxford_pets,0.9144021783995887,0.004823349001760727,0.9120432734|0.9144021869|0.9076087475|0.9156463146|0.9223432541,3680,stratified_5_fold,5,20260906,0.8947941660881042,500,600,256,128,0.01,1.1881703156977892,0.04283231310546398,npu:6
vit_b16,organsmnist,medical,1,beans,0.8423597888743624,0.016205849523077014,0.8317308426|0.8647342920|0.8260869980|0.8300970793|0.8592233062,1034,stratified_5_fold,5,20260906,0.8359375,500,600,256,128,0.01,1.1877621747553349,0.03940775990486145,npu:6
vit_b16,organsmnist,medical,1,dtd,0.6071808815002442,0.0068118362757347796,0.6170213223|0.6117021441|0.5970745087|0.6037234068|0.6063830256,3760,stratified_5_fold,5,20260906,0.6122339963912964,500,600,256,128,0.01,1.1877621747553349,0.03855425491929054,npu:6
vit_b16,organsmnist,medical,1,eurosat,0.8891999829769135,0.005013065660150283,0.8986082673|0.8882235289|0.8878879547|0.8876630068|0.8835340738,5000,stratified_5_fold,5,20260906,0.8814814686775208,500,600,256,128,0.01,1.1877621747553349,0.039335908368229866,npu:6
vit_b16,organsmnist,medical,1,flowers102,0.6941177368164062,0.02851576401180993,0.6617648005|0.7058824301|0.7352942228|0.7058824301|0.6617648005,1020,stratified_5_fold,5,20260906,0.7087999582290649,500,600,256,128,0.01,1.1877621747553349,0.04289441183209419,npu:6
vit_b16,organsmnist,medical,1,food101,0.4312000185251236,0.0069166881630684,0.4257425666|0.4396039844|0.4247524738|0.4396039844|0.4260417223,5000,stratified_5_fold,5,20260906,0.46619999408721924,500,600,256,128,0.01,1.1877621747553349,0.04250790923833847,npu:6
vit_b16,organsmnist,medical,1,gtsrb,0.608200003874302,0.017484479903052897,0.6322517395|0.6009950042|0.6033965945|0.6217303872|0.5818921924,5000,stratified_5_fold,5,20260906,0.498399943113327,500,600,256,128,0.01,1.1877621747553349,0.04115827567875385,npu:6
vit_b16,organsmnist,medical,1,oxford_pets,0.9100543304306009,0.008437013332938113,0.9215154648|0.8994565606|0.9048913121|0.9183673859|0.9059944749,3680,stratified_5_fold,5,20260906,0.8953392505645752,500,600,256,128,0.01,1.1877621747553349,0.03921692818403244,npu:6
vit_b16,organsmnist,medical,2,beans,0.8162475696384791,0.018830658861622055,0.8221154213|0.8019323349|0.8115941286|0.8495146036|0.7961164713,1034,stratified_5_fold,5,20260906,0.84375,500,600,256,128,0.01,1.214306240901351,0.04539055936038494,npu:6
vit_b16,organsmnist,medical,2,dtd,0.6095745205879212,0.01755320050500342,0.6223405004|0.6077128053|0.5837766528|0.5997340679|0.6343085766,3760,stratified_5_fold,5,20260906,0.6053191423416138,500,600,256,128,0.01,1.214306240901351,0.0442831851541996,npu:6
vit_b16,organsmnist,medical,2,eurosat,0.8967999728918076,0.0067450706443471856,0.8896619678|0.9031936526|0.9019019008|0.9017050862|0.8875501156,5000,stratified_5_fold,5,20260906,0.8788888454437256,500,600,256,128,0.01,1.214306240901351,0.0423315204679966,npu:6
vit_b16,organsmnist,medical,2,flowers102,0.6558824300765991,0.020889481150314377,0.6274510622|0.6715686917|0.6421569586|0.6862745881|0.6519608498,1020,stratified_5_fold,5,20260906,0.6947999596595764,500,600,256,128,0.01,1.214306240901351,0.04416786506772041,npu:6
vit_b16,organsmnist,medical,2,food101,0.42160002064704893,0.01030038944644456,0.4039604068|0.4336633682|0.4297029972|0.4217821956|0.4187500477,5000,stratified_5_fold,5,20260906,0.47699999809265137,500,600,256,128,0.01,1.214306240901351,0.04555157199501991,npu:6
vit_b16,organsmnist,medical,2,gtsrb,0.6210000101327896,0.011806657033941011,0.6352015734|0.6000000238|0.6273726225|0.6237424612|0.6185147762,5000,stratified_5_fold,5,20260906,0.4971999526023865,500,600,256,128,0.01,1.214306240901351,0.04492272809147835,npu:6
vit_b16,organsmnist,medical,2,oxford_pets,0.9133152115442182,0.007399026957683194,0.9215154648|0.9211956859|0.9021739364|0.9088435769|0.9128065109,3680,stratified_5_fold,5,20260906,0.8958843946456909,500,600,256,128,0.01,1.214306240901351,0.04202989116311073,npu:6
vit_b16,organsmnist,medical,3,beans,0.8326885966544456,0.019081562525347383,0.8269231319|0.8309178352|0.8502415419|0.8543689251|0.8009709120,1034,stratified_5_fold,5,20260906,0.8359375,500,600,256,128,0.01,1.2026555221527815,0.038908589631319046,npu:6
vit_b16,organsmnist,medical,3,dtd,0.6077127933502198,0.005765809052758883,0.6143617034|0.5970745087|0.6090425849|0.6103723645|0.6077128053,3760,stratified_5_fold,5,20260906,0.6031914949417114,500,600,256,128,0.01,1.2026555221527815,0.039603691548109055,npu:6
vit_b16,organsmnist,medical,3,eurosat,0.8921999706625938,0.0020265356313657573,0.8936381340|0.8952095509|0.8918918371|0.8906720281|0.8895581961,5000,stratified_5_fold,5,20260906,0.8848148584365845,500,600,256,128,0.01,1.2026555221527815,0.04497135989367962,npu:6
vit_b16,organsmnist,medical,3,flowers102,0.6960785031318665,0.024014618490124203,0.6911765337|0.7205883265|0.6813726425|0.7254902720|0.6617647409,1020,stratified_5_fold,5,20260906,0.7111999988555908,500,600,256,128,0.01,1.2026555221527815,0.041970208287239075,npu:6
vit_b16,organsmnist,medical,3,food101,0.42460001611709597,0.011028549435746738,0.4108911157|0.4435643554|0.4227722883|0.4277228117|0.4177083373,5000,stratified_5_fold,5,20260906,0.468999981880188,500,600,256,128,0.01,1.2026555221527815,0.04315834492444992,npu:6
vit_b16,organsmnist,medical,3,gtsrb,0.6158000238895416,0.023422961190926232,0.6519174576|0.6059701443|0.5924075842|0.6338028312|0.5940997601,5000,stratified_5_fold,5,20260906,0.4991999566555023,500,600,256,128,0.01,1.2026555221527815,0.042492009699344635,npu:6
vit_b16,organsmnist,medical,3,oxford_pets,0.9165760748736237,0.008066431308952451,0.9039241076|0.9266304374|0.9130434990|0.9156463146|0.9237056971,3680,stratified_5_fold,5,20260906,0.8972471952438354,500,600,256,128,0.01,1.2026555221527815,0.04228559881448746,npu:6
vit_b16,organsmnist,medical,4,beans,0.8326886267449916,0.024219830391033627,0.8413462043|0.8695652485|0.8357487917|0.8203884363|0.7961165309,1034,stratified_5_fold,5,20260906,0.875,500,600,256,128,0.01,1.200028793886304,0.039262330159544945,npu:6
vit_b16,organsmnist,medical,4,dtd,0.5914893865585327,0.006749235756702286,0.5917553902|0.5851063728|0.5837766528|0.6023936272|0.5944148898,3760,stratified_5_fold,5,20260906,0.6143616437911987,500,600,256,128,0.01,1.200028793886304,0.04132053628563881,npu:6
vit_b16,organsmnist,medical,4,eurosat,0.8939999462366104,0.010546167605656664,0.9015903473|0.9021956325|0.8958958387|0.8966900110|0.8734939098,5000,stratified_5_fold,5,20260906,0.8907407522201538,500,600,256,128,0.01,1.200028793886304,0.04166356660425663,npu:6
vit_b16,organsmnist,medical,4,flowers102,0.6686275005340576,0.01657994010762717,0.6372549534|0.6862745881|0.6764706373|0.6715686321|0.6715686917,1020,stratified_5_fold,5,20260906,0.6959999799728394,500,600,256,128,0.01,1.200028793886304,0.04345785453915596,npu:6
vit_b16,organsmnist,medical,4,food101,0.42860001504421236,0.006338669044944822,0.4247524738|0.4227722883|0.4316831827|0.4396039844|0.4239583611,5000,stratified_5_fold,5,20260906,0.47099998593330383,500,600,256,128,0.01,1.200028793886304,0.04446081817150116,npu:6
vit_b16,organsmnist,medical,4,gtsrb,0.6122000091791153,0.021244347127734986,0.6411013007|0.6119402647|0.5864136219|0.6297786832|0.5910478234,5000,stratified_5_fold,5,20260906,0.49359995126724243,500,600,256,128,0.01,1.200028793886304,0.04079172573983669,npu:6
vit_b16,organsmnist,medical,4,oxford_pets,0.9160326313713323,0.0041505186648819565,0.9228687286|0.9144021869|0.9171196222|0.9156463146|0.9100817442,3680,stratified_5_fold,5,20260906,0.8964294791221619,500,600,256,128,0.01,1.200028793886304,0.038379814475774765,npu:6
vit_b16,pathmnist,medical,0,beans,0.8307543852343089,0.02617013111791775,0.8125001192|0.8357487917|0.8647342920|0.8495146036|0.7912621498,1034,stratified_5_fold,5,20260906,0.8515625,500,600,256,128,0.01,1.2067052759230137,0.040024444460868835,npu:6
vit_b16,pathmnist,medical,0,dtd,0.6005319595336914,0.011611096986984069,0.6037234068|0.5837766528|0.5917553902|0.6170213223|0.6063830256,3760,stratified_5_fold,5,20260906,0.6053191423416138,500,600,256,128,0.01,1.2067052759230137,0.041567327454686165,npu:6
vit_b16,pathmnist,medical,0,eurosat,0.8891999887108802,0.009695682382936461,0.8926440477|0.9041916132|0.8908909559|0.8826479316|0.8755019903,5000,stratified_5_fold,5,20260906,0.8877778053283691,500,600,256,128,0.01,1.2067052759230137,0.037228843197226524,npu:6
vit_b16,pathmnist,medical,0,flowers102,0.6705883145332336,0.025827355300445925,0.6666667461|0.6813726425|0.6960785389|0.6862745881|0.6225490570,1020,stratified_5_fold,5,20260906,0.7016000151634216,500,600,256,128,0.01,1.2067052759230137,0.04319428279995918,npu:6
vit_b16,pathmnist,medical,0,food101,0.42560002809762953,0.012720342800692352,0.4039604068|0.4425742924|0.4297029972|0.4217821956|0.4302083850,5000,stratified_5_fold,5,20260906,0.46139997243881226,500,600,256,128,0.01,1.2067052759230137,0.04436130449175835,npu:6
vit_b16,pathmnist,medical,0,gtsrb,0.6108000026345253,0.018190977456659384,0.6342183352|0.6039800644|0.5974025726|0.6297786832|0.5879959464,5000,stratified_5_fold,5,20260906,0.5027999877929688,500,600,256,128,0.01,1.2067052759230137,0.04145890660583973,npu:6
vit_b16,pathmnist,medical,0,oxford_pets,0.9125000155652346,0.004923023519804627,0.9188091755|0.9144022465|0.9157608747|0.9061225057|0.9073569179,3680,stratified_5_fold,5,20260906,0.9007903933525085,500,600,256,128,0.01,1.2067052759230137,0.038983799517154694,npu:6
vit_b16,pathmnist,medical,1,beans,0.8259187934477048,0.024798560605107264,0.8317308426|0.8647342920|0.7971014977|0.8009709120|0.8349514604,1034,stratified_5_fold,5,20260906,0.8359375,500,600,256,128,0.01,1.2073516882956028,0.0424809604883194,npu:6
vit_b16,pathmnist,medical,1,dtd,0.6069149255752564,0.005489304250644397,0.6023936272|0.6063830256|0.5997340679|0.6117022038|0.6143617034,3760,stratified_5_fold,5,20260906,0.6207447052001953,500,600,256,128,0.01,1.2073516882956028,0.039597272872924805,npu:6
vit_b16,pathmnist,medical,1,eurosat,0.8974000046133995,0.007569515392759597,0.9105367661|0.8992016315|0.8948948979|0.8946840763|0.8875501752,5000,stratified_5_fold,5,20260906,0.8892592191696167,500,600,256,128,0.01,1.2073516882956028,0.04102552682161331,npu:6
vit_b16,pathmnist,medical,1,flowers102,0.6823530197143555,0.01844596567169531,0.6960784793|0.6960785389|0.6911765337|0.6813726425|0.6470589042,1020,stratified_5_fold,5,20260906,0.7041999101638794,500,600,256,128,0.01,1.2073516882956028,0.0414349976927042,npu:6
vit_b16,pathmnist,medical,1,food101,0.4316000106930733,0.011248406115363575,0.4247524738|0.4495049715|0.4356435835|0.4158415794|0.4322916865,5000,stratified_5_fold,5,20260906,0.468999981880188,500,600,256,128,0.01,1.2073516882956028,0.042948752641677856,npu:6
vit_b16,pathmnist,medical,1,gtsrb,0.5995999921679497,0.014652485817581296,0.6165192127|0.5960198641|0.5904095769|0.6156941652|0.5788402557,5000,stratified_5_fold,5,20260906,0.5049999356269836,500,600,256,128,0.01,1.2073516882956028,0.042459871619939804,npu:6
vit_b16,pathmnist,medical,1,oxford_pets,0.9122282599301442,0.008685230632201148,0.9269281626|0.9035326242|0.9144021869|0.9129252434|0.9032697678,3680,stratified_5_fold,5,20260906,0.9018805623054504,500,600,256,128,0.01,1.2073516882956028,0.041377635672688484,npu:6
vit_b16,pathmnist,medical,2,beans,0.8375241775461968,0.009224411795261444,0.8317308426|0.8309178352|0.8405796885|0.8543689251|0.8300970793,1034,stratified_5_fold,5,20260906,0.84375,500,600,256,128,0.01,1.1890149489045143,0.037075722590088844,npu:6
vit_b16,pathmnist,medical,2,dtd,0.5981383204460144,0.005666818051377256,0.5877659917|0.5997340679|0.6023936272|0.6037234068|0.5970745087,3760,stratified_5_fold,5,20260906,0.6031914949417114,500,600,256,128,0.01,1.1890149489045143,0.04257580079138279,npu:6
vit_b16,pathmnist,medical,2,eurosat,0.8951999823212624,0.006257058337723626,0.9035784602|0.8912175894|0.9009009004|0.8936810493|0.8865461349,5000,stratified_5_fold,5,20260906,0.8922222256660461,500,600,256,128,0.01,1.1890149489045143,0.041095854714512825,npu:6
vit_b16,pathmnist,medical,2,flowers102,0.674509871006012,0.010093766596117534,0.6862745881|0.6862745881|0.6715686917|0.6666667461|0.6617647409,1020,stratified_5_fold,5,20260906,0.7023999691009521,500,600,256,128,0.01,1.1890149489045143,0.04176148772239685,npu:6
vit_b16,pathmnist,medical,2,food101,0.4262000086307526,0.014236453880105263,0.4039604068|0.4425742626|0.4386138916|0.4168316722|0.4291666746,5000,stratified_5_fold,5,20260906,0.46799999475479126,500,600,256,128,0.01,1.1890149489045143,0.04309182055294514,npu:6
vit_b16,pathmnist,medical,2,gtsrb,0.6165999960184098,0.026715117416880207,0.6430678368|0.6089552045|0.5834165812|0.6519114375|0.5951170325,5000,stratified_5_fold,5,20260906,0.4959999918937683,500,600,256,128,0.01,1.1890149489045143,0.04032089374959469,npu:6
vit_b16,pathmnist,medical,2,oxford_pets,0.9130434531070616,0.004478365628710534,0.9120432138|0.9211956263|0.9116847515|0.9074830413|0.9128065109,3680,stratified_5_fold,5,20260906,0.8947941660881042,500,600,256,128,0.01,1.1890149489045143,0.04008440114557743,npu:6
vit_b16,pathmnist,medical,3,beans,0.8259187722344463,0.010480716674398566,0.8365385532|0.8357487917|0.8164250851|0.8300970793|0.8106796145,1034,stratified_5_fold,5,20260906,0.8203125,500,600,256,128,0.01,1.1913257464766502,0.04062551446259022,npu:6
vit_b16,pathmnist,medical,3,dtd,0.5941489696502685,0.006029652587019337,0.5917553902|0.5851064324|0.6037234068|0.5957446694|0.5944149494,3760,stratified_5_fold,5,20260906,0.5962765216827393,500,600,256,128,0.01,1.1913257464766502,0.04269060306251049,npu:6
vit_b16,pathmnist,medical,3,eurosat,0.891199990940094,0.008284590022077968,0.9035784602|0.8952096105|0.8928929567|0.8836508989|0.8805220723,5000,stratified_5_fold,5,20260906,0.8877778053283691,500,600,256,128,0.01,1.1913257464766502,0.041257208213210106,npu:6
vit_b16,pathmnist,medical,3,flowers102,0.6931373238563537,0.014071270856664347,0.7009804249|0.6911765337|0.7058824301|0.7009804845|0.6666667461,1020,stratified_5_fold,5,20260906,0.7062000036239624,500,600,256,128,0.01,1.1913257464766502,0.040016623213887215,npu:6
vit_b16,pathmnist,medical,3,food101,0.4224000220298767,0.005712625529905632,0.4138613939|0.4306930900|0.4188119173|0.4237623811|0.4250000417,5000,stratified_5_fold,5,20260906,0.4649999737739563,500,600,256,128,0.01,1.1913257464766502,0.04515248164534569,npu:6
vit_b16,pathmnist,medical,3,gtsrb,0.6000000076174736,0.015010436148528832,0.6253687143|0.6009950042|0.5914086103|0.6016097069|0.5798575878,5000,stratified_5_fold,5,20260906,0.49619999527931213,500,600,256,128,0.01,1.1913257464766502,0.042523209005594254,npu:6
vit_b16,pathmnist,medical,3,oxford_pets,0.911684804668893,0.004070962529013525,0.9106900692|0.9171196222|0.9048913121|0.9115647078|0.9141689539,3680,stratified_5_fold,5,20260906,0.8961569666862488,500,600,256,128,0.01,1.1913257464766502,0.042872920632362366,npu:6
vit_b16,pathmnist,medical,4,beans,0.8307543571613282,0.018105172180620938,0.8365385532|0.8357487917|0.8115941882|0.8592232466|0.8106796145,1034,stratified_5_fold,5,20260906,0.828125,500,600,256,128,0.01,1.2142820414155722,0.03958513028919697,npu:6
vit_b16,pathmnist,medical,4,dtd,0.6103723645210266,0.011189177744451778,0.5917553902|0.6196808815|0.6236702204|0.6103723645|0.6063829660,3760,stratified_5_fold,5,20260906,0.6085106134414673,500,600,256,128,0.01,1.2142820414155722,0.041543226689100266,npu:6
vit_b16,pathmnist,medical,4,eurosat,0.8921999997496605,0.007349793350929603,0.8976142406|0.9011976719|0.8938938975|0.8876630068|0.8805220723,5000,stratified_5_fold,5,20260906,0.8866666555404663,500,600,256,128,0.01,1.2142820414155722,0.04024980217218399,npu:6
vit_b16,pathmnist,medical,4,flowers102,0.6921569228172302,0.00843365379861444,0.6960784793|0.7009804249|0.6911765337|0.6960785389|0.6764706373,1020,stratified_5_fold,5,20260906,0.6923999786376953,500,600,256,128,0.01,1.2142820414155722,0.04030022211372852,npu:6
vit_b16,pathmnist,medical,4,food101,0.4272000097632408,0.012239250445558538,0.4079207778|0.4326732755|0.4455445707|0.4247524738|0.4250000417,5000,stratified_5_fold,5,20260906,0.4723999798297882,500,600,256,128,0.01,1.2142820414155722,0.04382851533591747,npu:6
vit_b16,pathmnist,medical,4,gtsrb,0.6030000332713127,0.015041566996118158,0.6184858084|0.5940298438|0.5954046249|0.6227364540|0.5839267969,5000,stratified_5_fold,5,20260906,0.49039995670318604,500,600,256,128,0.01,1.2142820414155722,0.041546277701854706,npu:6
vit_b16,pathmnist,medical,4,oxford_pets,0.9192934775805992,0.011027160589148266,0.9391068220|0.9130434990|0.9144022465|0.9224489927|0.9073569179,3680,stratified_5_fold,5,20260906,0.8991550207138062,500,600,256,128,0.01,1.2142820414155722,0.04300879128277302,npu:6
vit_b16,pneumoniamnist,medical,0,beans,0.8568665509758882,0.019518104587881727,0.8605769873|0.8550724983|0.8212560415|0.8786407709|0.8689320087,1034,stratified_5_fold,5,20260906,0.8125,500,600,256,128,0.01,1.2020612508058548,0.03889036364853382,npu:6
vit_b16,pneumoniamnist,medical,0,dtd,0.6021276831626892,0.009112694324267406,0.6063829660|0.5944148898|0.5890957713|0.6063830256|0.6143617630,3760,stratified_5_fold,5,20260906,0.6031914949417114,500,600,256,128,0.01,1.2020612508058548,0.04056888073682785,npu:6
vit_b16,pneumoniamnist,medical,0,eurosat,0.8788000140666962,0.011081790469039334,0.8846918344|0.8972055912|0.8758759499|0.8676028252|0.8684738874,5000,stratified_5_fold,5,20260906,0.8766666650772095,500,600,256,128,0.01,1.2020612508058548,0.03845692425966263,npu:6
vit_b16,pneumoniamnist,medical,0,flowers102,0.6725490808486938,0.03751200234929548,0.6519608498|0.7303922176|0.6519608498|0.7009804249|0.6274510622,1020,stratified_5_fold,5,20260906,0.6847999691963196,500,600,256,128,0.01,1.2020612508058548,0.04215077683329582,npu:6
vit_b16,pneumoniamnist,medical,0,food101,0.4148000248670578,0.010281966716471101,0.3990099132|0.4257425964|0.4247525036|0.4168317020|0.4072917104,5000,stratified_5_fold,5,20260906,0.46559998393058777,500,600,256,128,0.01,1.2020612508058548,0.045414578169584274,npu:6
vit_b16,pneumoniamnist,medical,0,gtsrb,0.6001999927639962,0.015170515638447835,0.6175024509|0.5950248241|0.5844155550|0.6187123060|0.5849440694,5000,stratified_5_fold,5,20260906,0.4811999797821045,500,600,256,128,0.01,1.2020612508058548,0.0449103657156229,npu:6
vit_b16,pneumoniamnist,medical,0,oxford_pets,0.9103260758778323,0.006369267627198049,0.9215154648|0.9021739364|0.9089673758|0.9074831009|0.9114440680,3680,stratified_5_fold,5,20260906,0.8945216536521912,500,600,256,128,0.01,1.2020612508058548,0.04213004931807518,npu:6
vit_b16,pneumoniamnist,medical,1,beans,0.8297872566969298,0.017934566693115266,0.8173077106|0.8405796885|0.8405797482|0.8495146036|0.8009709120,1034,stratified_5_fold,5,20260906,0.875,500,600,256,128,0.01,1.1794070806354284,0.039847780019044876,npu:6
vit_b16,pneumoniamnist,medical,1,dtd,0.5984042763710022,0.010737585548865738,0.5917553306|0.5970745087|0.6010638475|0.5851063728|0.6170213223,3760,stratified_5_fold,5,20260906,0.6132978200912476,500,600,256,128,0.01,1.1794070806354284,0.040257688611745834,npu:6
vit_b16,pneumoniamnist,medical,1,eurosat,0.8841999702334404,0.010552673226874124,0.8996023536|0.8852295280|0.8798798323|0.8886659741|0.8674698472,5000,stratified_5_fold,5,20260906,0.8792592287063599,500,600,256,128,0.01,1.1794070806354284,0.03520006127655506,npu:6
vit_b16,pneumoniamnist,medical,1,flowers102,0.6637255430221558,0.013725486823517628,0.6764706373|0.6715686321|0.6666667461|0.6666667461|0.6372549534,1020,stratified_5_fold,5,20260906,0.6851999759674072,500,600,256,128,0.01,1.1794070806354284,0.04162339121103287,npu:6
vit_b16,pneumoniamnist,medical,1,food101,0.4264000306725502,0.018036866991586638,0.4019802213|0.4554455876|0.4188119173|0.4356435835|0.4197916985,5000,stratified_5_fold,5,20260906,0.459199994802475,500,600,256,128,0.01,1.1794070806354284,0.04214797541499138,npu:6
vit_b16,pneumoniamnist,medical,1,gtsrb,0.5970000208616256,0.013228654760975789,0.6184858084|0.5850746036|0.6033966541|0.5955734253|0.5818921924,5000,stratified_5_fold,5,20260906,0.48919999599456787,500,600,256,128,0.01,1.1794070806354284,0.0429022591561079,npu:6
vit_b16,pneumoniamnist,medical,1,oxford_pets,0.9073369554365459,0.01376764714340804,0.9309877157|0.9021739364|0.9089674354|0.8884354234|0.9059945345,3680,stratified_5_fold,5,20260906,0.8964295387268066,500,600,256,128,0.01,1.1794070806354284,0.04089074395596981,npu:6
vit_b16,pneumoniamnist,medical,2,beans,0.8278530183567069,0.014724089712020641,0.8365385532|0.8502415419|0.8067632914|0.8203883767|0.8252426982,1034,stratified_5_fold,5,20260906,0.8359375,500,600,256,128,0.01,1.1866112668067217,0.03648986481130123,npu:6
vit_b16,pneumoniamnist,medical,2,dtd,0.5893617272377014,0.0064271646663415505,0.5957447290|0.5851064324|0.5851063728|0.5984042883|0.5824468136,3760,stratified_5_fold,5,20260906,0.5989360809326172,500,600,256,128,0.01,1.1866112668067217,0.03935577534139156,npu:6
vit_b16,pneumoniamnist,medical,2,eurosat,0.8875999903917312,0.00528273687168912,0.8936381340|0.8942115903|0.8848848343|0.8816449642|0.8835341334,5000,stratified_5_fold,5,20260906,0.881851851940155,500,600,256,128,0.01,1.1866112668067217,0.040038859471678734,npu:6
vit_b16,pneumoniamnist,medical,2,flowers102,0.6794118285179138,0.01598973864299572,0.6813726425|0.7009804845|0.6911765337|0.6568627357|0.6666667461,1020,stratified_5_fold,5,20260906,0.7097999453544617,500,600,256,128,0.01,1.1866112668067217,0.0416585523635149,npu:6
vit_b16,pneumoniamnist,medical,2,food101,0.4238000217676163,0.009825020765797415,0.4049504995|0.4287129045|0.4257425964|0.4267326891|0.4333333671,5000,stratified_5_fold,5,20260906,0.4577999711036682,500,600,256,128,0.01,1.1866112668067217,0.05912490375339985,npu:6
vit_b16,pneumoniamnist,medical,2,gtsrb,0.60680000654459,0.01457819825651868,0.6243854761|0.6039800644|0.5974026322|0.6217303872|0.5859613419,5000,stratified_5_fold,5,20260906,0.5189999938011169,500,600,256,128,0.01,1.1866112668067217,0.0412345714867115,npu:6
vit_b16,pneumoniamnist,medical,2,oxford_pets,0.9114130435106547,0.009082984130146843,0.9255750179|0.9171196222|0.9103261232|0.9020408392|0.9019073248,3680,stratified_5_fold,5,20260906,0.8947941660881042,500,600,256,128,0.01,1.1866112668067217,0.04006792977452278,npu:6
vit_b16,pneumoniamnist,medical,3,beans,0.8346228209870005,0.026382941795570828,0.7884615660|0.8405797482|0.8454105854|0.8689320087|0.8300970793,1034,stratified_5_fold,5,20260906,0.84375,500,600,256,128,0.01,1.1961881592869759,0.05015052482485771,npu:6
vit_b16,pneumoniamnist,medical,3,dtd,0.5957447052001953,0.01073756783278457,0.5984042883|0.5890957713|0.5797872543|0.6117021441|0.5997340679,3760,stratified_5_fold,5,20260906,0.6170212626457214,500,600,256,128,0.01,1.1961881592869759,0.042791787534952164,npu:6
vit_b16,pneumoniamnist,medical,3,eurosat,0.888799970293045,0.00507074525316128,0.8916500211|0.8962075710|0.8808808327|0.8876630068|0.8875501752,5000,stratified_5_fold,5,20260906,0.8844444751739502,500,600,256,128,0.01,1.1961881592869759,0.04209510795772076,npu:6
vit_b16,pneumoniamnist,medical,3,flowers102,0.6705882906913757,0.02619684695333733,0.6666667461|0.6911765337|0.6960784793|0.6764706373|0.6225490570,1020,stratified_5_fold,5,20260906,0.699999988079071,500,600,256,128,0.01,1.1961881592869759,0.04113908112049103,npu:6
vit_b16,pneumoniamnist,medical,3,food101,0.4280000248551369,0.012454552488199289,0.4059406221|0.4415841699|0.4366337061|0.4316831827|0.4239583611,5000,stratified_5_fold,5,20260906,0.47200000286102295,500,600,256,128,0.01,1.1961881592869759,0.043665893375873566,npu:6
vit_b16,pneumoniamnist,medical,3,gtsrb,0.6063999905228615,0.018666449490904215,0.6302851439|0.5860696435|0.5834165812|0.6207243204|0.6113936901,5000,stratified_5_fold,5,20260906,0.5091999769210815,500,600,256,128,0.01,1.1961881592869759,0.04106642119586468,npu:6
vit_b16,pneumoniamnist,medical,3,oxford_pets,0.9135869459451541,0.006645751856111165,0.9242218137|0.9116847515|0.9171196222|0.9102041721|0.9046320915,3680,stratified_5_fold,5,20260906,0.8983373641967773,500,600,256,128,0.01,1.1961881592869759,0.039672328159213066,npu:6
vit_b16,pneumoniamnist,medical,4,beans,0.8413926681766658,0.01945241601701444,0.8413462043|0.8647342920|0.8454106450|0.8495146036|0.8058252335,1034,stratified_5_fold,5,20260906,0.8046875,500,600,256,128,0.01,1.1645749285817146,0.03874608315527439,npu:6
vit_b16,pneumoniamnist,medical,4,dtd,0.5973404526710511,0.009677363602455226,0.6103724241|0.5944148898|0.5811170340|0.6023936272|0.5984042883,3760,stratified_5_fold,5,20260906,0.5989362001419067,500,600,256,128,0.01,1.1645749285817146,0.03997030854225159,npu:6
vit_b16,pneumoniamnist,medical,4,eurosat,0.8779999729394913,0.01165858279710589,0.8836977482|0.8912175894|0.8778778315|0.8806419373|0.8564256430,5000,stratified_5_fold,5,20260906,0.8796296715736389,500,600,256,128,0.01,1.1645749285817146,0.039238424971699715,npu:6
vit_b16,pneumoniamnist,medical,4,flowers102,0.6774510502815246,0.018959868199854055,0.6911765337|0.7009804249|0.6666667461|0.6813726425|0.6470589042,1020,stratified_5_fold,5,20260906,0.6843999624252319,500,600,256,128,0.01,1.1645749285817146,0.040977101773023605,npu:6
vit_b16,pneumoniamnist,medical,4,food101,0.4192000219225884,0.011979971336875775,0.4009901285|0.4386138916|0.4188118875|0.4207921028|0.4166666865,5000,stratified_5_fold,5,20260906,0.468999981880188,500,600,256,128,0.01,1.1645749285817146,0.04440648294985294,npu:6
vit_b16,pneumoniamnist,medical,4,gtsrb,0.5964000294685364,0.022140199522225984,0.6214356422|0.6059701443|0.5834165812|0.6106640100|0.5595117807,5000,stratified_5_fold,5,20260906,0.4967999756336212,500,600,256,128,0.01,1.1645749285817146,0.04159085266292095,npu:6
vit_b16,pneumoniamnist,medical,4,oxford_pets,0.9111413249503011,0.011119383476349455,0.9269282222|0.9130434990|0.8980978727|0.9183674455|0.8991825581,3680,stratified_5_fold,5,20260906,0.8994275331497192,500,600,256,128,0.01,1.1645749285817146,0.037565458565950394,npu:6
vit_b16,rendered_sst2,rendered_text,0,beans,0.8307543562966574,0.01541224560875666,0.8125001192|0.8260869384|0.8260869384|0.8300970793|0.8592232466,1034,stratified_5_fold,5,20260906,0.8359375,500,600,256,128,0.01,1.186755346134305,0.04005204699933529,npu:6
vit_b16,rendered_sst2,rendered_text,0,dtd,0.5800532102584839,0.013440740719020865,0.5757979155|0.5704786777|0.6063830256|0.5704787374|0.5771276951,3760,stratified_5_fold,5,20260906,0.5936169624328613,500,600,256,128,0.01,1.186755346134305,0.05073407664895058,npu:6
vit_b16,rendered_sst2,rendered_text,0,eurosat,0.8829999746441841,0.00895472579183453,0.8787275553|0.8912175894|0.8868868351|0.8906720281|0.8674698472,5000,stratified_5_fold,5,20260906,0.8744444251060486,500,600,256,128,0.01,1.186755346134305,0.039590585976839066,npu:6
vit_b16,rendered_sst2,rendered_text,0,flowers102,0.6411765456199646,0.02564059052031242,0.6323530078|0.6617648005|0.6715686917|0.6421569586|0.5980392694,1020,stratified_5_fold,5,20260906,0.6739999651908875,500,600,256,128,0.01,1.186755346134305,0.042641736567020416,npu:6
vit_b16,rendered_sst2,rendered_text,0,food101,0.396800016283989,0.01591912869998013,0.3871287405|0.4128713012|0.4069307148|0.4059405923|0.3697916865,5000,stratified_5_fold,5,20260906,0.46139997243881226,500,600,256,128,0.01,1.186755346134305,0.04452348314225674,npu:6
vit_b16,rendered_sst2,rendered_text,0,gtsrb,0.5851999989271164,0.02219787285603423,0.6125860214|0.5781093836|0.5664335489|0.6096580029|0.5584944487,5000,stratified_5_fold,5,20260906,0.4917999804019928,500,600,256,128,0.01,1.186755346134305,0.044619493186473846,npu:6
vit_b16,rendered_sst2,rendered_text,0,oxford_pets,0.9089673852790957,0.007274823114971792,0.9201623201|0.9130434990|0.9035326242|0.8993197680|0.9087193012,3680,stratified_5_fold,5,20260906,0.8931588530540466,500,600,256,128,0.01,1.186755346134305,0.04144452139735222,npu:6
vit_b16,rendered_sst2,rendered_text,1,beans,0.8056092839868202,0.029831191677456615,0.8028846979|0.7584540844|0.7971013784|0.8495146036|0.8203883171,1034,stratified_5_fold,5,20260906,0.8046875,500,600,256,128,0.01,1.19804491661489,0.042856788262724876,npu:6
vit_b16,rendered_sst2,rendered_text,1,dtd,0.58484046459198,0.010651584239384754,0.5744681358|0.5771276951|0.5997340679|0.5957447290|0.5771276951,3760,stratified_5_fold,5,20260906,0.596276581287384,500,600,256,128,0.01,1.19804491661489,0.04239879921078682,npu:6
vit_b16,rendered_sst2,rendered_text,1,eurosat,0.8793999501109123,0.010567342071268387,0.8737574220|0.8942115307|0.8888888359|0.8746238351|0.8654617667,5000,stratified_5_fold,5,20260906,0.880740761756897,500,600,256,128,0.01,1.19804491661489,0.03901326283812523,npu:6
vit_b16,rendered_sst2,rendered_text,1,flowers102,0.6549020171165466,0.029182105591037785,0.6568628550|0.6764706373|0.6715686321|0.6715686917|0.5980392694,1020,stratified_5_fold,5,20260906,0.670799970626831,500,600,256,128,0.01,1.19804491661489,0.04166780412197113,npu:6
vit_b16,rendered_sst2,rendered_text,1,food101,0.4096000336408615,0.014614690288186039,0.4089109302|0.4366337061|0.3930693269|0.4019802213|0.4072917104,5000,stratified_5_fold,5,20260906,0.44859999418258667,500,600,256,128,0.01,1.19804491661489,0.0411981251090765,npu:6
vit_b16,rendered_sst2,rendered_text,1,gtsrb,0.5830000105023384,0.01550506694875017,0.5948869586|0.5810945034|0.5784215927|0.6026157141|0.5574771166,5000,stratified_5_fold,5,20260906,0.4777999818325043,500,600,256,128,0.01,1.19804491661489,0.041866883635520935,npu:6
vit_b16,rendered_sst2,rendered_text,1,oxford_pets,0.9021738928459261,0.008442768405136672,0.9174559116|0.8967391253|0.9021739364|0.8925170302|0.9019073248,3680,stratified_5_fold,5,20260906,0.8893431425094604,500,600,256,128,0.01,1.19804491661489,0.040956782177090645,npu:6
vit_b16,rendered_sst2,rendered_text,2,beans,0.8259187717156438,0.028273435280248126,0.7932692766|0.8019323349|0.8164251447|0.8543689251|0.8640776873,1034,stratified_5_fold,5,20260906,0.8359375,500,600,256,128,0.01,1.1993473675101995,0.042123982682824135,npu:6
vit_b16,rendered_sst2,rendered_text,2,dtd,0.5816489458084106,0.013207136098813544,0.5797872543|0.5837765932|0.5784574747|0.5625000000|0.6037234068,3760,stratified_5_fold,5,20260906,0.596276581287384,500,600,256,128,0.01,1.1993473675101995,0.041657814756035805,npu:6
vit_b16,rendered_sst2,rendered_text,2,eurosat,0.8737999683737755,0.005579242753437384,0.8757454753|0.8802395463|0.8738738298|0.8756268620|0.8634537458,5000,stratified_5_fold,5,20260906,0.8600000143051147,500,600,256,128,0.01,1.1993473675101995,0.03864043392241001,npu:6
vit_b16,rendered_sst2,rendered_text,2,flowers102,0.653921639919281,0.03689193894646549,0.5931373239|0.6960785389|0.6568628550|0.6862745285|0.6372549534,1020,stratified_5_fold,5,20260906,0.6765999794006348,500,600,256,128,0.01,1.1993473675101995,0.045072415843605995,npu:6
vit_b16,rendered_sst2,rendered_text,2,food101,0.4014000260829926,0.010196216943672532,0.3930693269|0.4049504995|0.4168317318|0.4039604068|0.3875000477,5000,stratified_5_fold,5,20260906,0.4631999731063843,500,600,256,128,0.01,1.1993473675101995,0.043104156851768494,npu:6
vit_b16,rendered_sst2,rendered_text,2,gtsrb,0.5930000017404556,0.018388829110565653,0.6234021783|0.5850746036|0.5704295635|0.6026157141|0.5829094648,5000,stratified_5_fold,5,20260906,0.4997999668121338,500,600,256,128,0.01,1.1993473675101995,0.041300103068351746,npu:6
vit_b16,rendered_sst2,rendered_text,2,oxford_pets,0.9076086945345868,0.008942839011468631,0.9228686690|0.9116847515|0.9048913717|0.8979592323|0.9005449414,3680,stratified_5_fold,5,20260906,0.8950667381286621,500,600,256,128,0.01,1.1993473675101995,0.041799843311309814,npu:6
vit_b16,rendered_sst2,rendered_text,3,beans,0.7998065548431943,0.02313531675402693,0.7932692766|0.7874395847|0.8405796289|0.8058252335|0.7718446255,1034,stratified_5_fold,5,20260906,0.84375,500,600,256,128,0.01,1.1938302796334028,0.03636217676103115,npu:6
vit_b16,rendered_sst2,rendered_text,3,dtd,0.58484046459198,0.01784889440138539,0.5930851698|0.5744681358|0.6117021441|0.5864362121|0.5585106611,3760,stratified_5_fold,5,20260906,0.5968084931373596,500,600,256,128,0.01,1.1938302796334028,0.04275752790272236,npu:6
vit_b16,rendered_sst2,rendered_text,3,eurosat,0.8875999672412872,0.005196142355552128,0.8876738548|0.8862275481|0.8958958387|0.8796389103|0.8885542154,5000,stratified_5_fold,5,20260906,0.8833333253860474,500,600,256,128,0.01,1.1938302796334028,0.03829169273376465,npu:6
vit_b16,rendered_sst2,rendered_text,3,flowers102,0.6598039746284485,0.02311730373363212,0.6764706373|0.6764706373|0.6519608498|0.6764706373|0.6176471114,1020,stratified_5_fold,5,20260906,0.6681999564170837,500,600,256,128,0.01,1.1938302796334028,0.040373340249061584,npu:6
vit_b16,rendered_sst2,rendered_text,3,food101,0.3966000141501427,0.01041514699393781,0.3950495124|0.4118812084|0.4029703140|0.3910891116|0.3812500238,5000,stratified_5_fold,5,20260906,0.44839999079704285,500,600,256,128,0.01,1.1938302796334028,0.044003842398524284,npu:6
vit_b16,rendered_sst2,rendered_text,3,gtsrb,0.5942000175237656,0.017828249285965388,0.6135693789|0.5910447836|0.5774225593|0.6156941652|0.5727365613,5000,stratified_5_fold,5,20260906,0.4975999593734741,500,600,256,128,0.01,1.1938302796334028,0.04294994845986366,npu:6
vit_b16,rendered_sst2,rendered_text,3,oxford_pets,0.9005434853065273,0.005541294278754709,0.9093368649|0.9008152485|0.9021739364|0.8979592323|0.8923705816,3680,stratified_5_fold,5,20260906,0.8898882269859314,500,600,256,128,0.01,1.1938302796334028,0.04167420417070389,npu:6
vit_b16,rendered_sst2,rendered_text,4,beans,0.8375241923032462,0.014632961048773825,0.8173077703|0.8405796885|0.8260868788|0.8592233658|0.8446602225,1034,stratified_5_fold,5,20260906,0.8125,500,600,256,128,0.01,1.1864190362393856,0.03670571744441986,npu:6
vit_b16,rendered_sst2,rendered_text,4,dtd,0.5909574747085571,0.010855476658207708,0.6063829660|0.5864362121|0.5984042883|0.5890957713|0.5744681358,3760,stratified_5_fold,5,20260906,0.5984042286872864,500,600,256,128,0.01,1.1864190362393856,0.0431864894926548,npu:6
vit_b16,rendered_sst2,rendered_text,4,eurosat,0.8889999801158905,0.007095679217884177,0.8866798878|0.8992016315|0.8948948383|0.8796389103|0.8845381141,5000,stratified_5_fold,5,20260906,0.8885185122489929,500,600,256,128,0.01,1.1864190362393856,0.03760393150150776,npu:6
vit_b16,rendered_sst2,rendered_text,4,flowers102,0.6617647886276246,0.028244831726341624,0.6470589042|0.6862745881|0.6813726425|0.6813726425|0.6127451658,1020,stratified_5_fold,5,20260906,0.6754000186920166,500,600,256,128,0.01,1.1864190362393856,0.0408327691257,npu:6
vit_b16,rendered_sst2,rendered_text,4,food101,0.40440002781152723,0.005490624228852587,0.3990099132|0.4118812084|0.4019802213|0.4099010229|0.3989583850,5000,stratified_5_fold,5,20260906,0.4619999825954437,500,600,256,128,0.01,1.1864190362393856,0.04404278285801411,npu:6
vit_b16,rendered_sst2,rendered_text,4,gtsrb,0.595000004863739,0.022529739938535718,0.6106194258|0.5850746036|0.5694305897|0.6307847500|0.5788403153,5000,stratified_5_fold,5,20260906,0.5067999958992004,500,600,256,128,0.01,1.1864190362393856,0.042187295854091644,npu:6
vit_b16,rendered_sst2,rendered_text,4,oxford_pets,0.9084239262115696,0.0077882847966175145,0.9161027670|0.9171195626|0.9089674354|0.9034014344|0.8964577913,3680,stratified_5_fold,5,20260906,0.8931588530540466,500,600,256,128,0.01,1.1864190362393856,0.0399920679628849,npu:6
vit_b16,retinamnist,medical,0,beans,0.8568665487853886,0.023866853882183407,0.8269231319|0.8502415419|0.8647342920|0.8446602225|0.8980582356,1034,stratified_5_fold,5,20260906,0.859375,500,600,256,128,0.01,1.22746816650033,0.03695276938378811,npu:6
vit_b16,retinamnist,medical,0,dtd,0.5797872900962829,0.01675742187933734,0.5957447290|0.5505319834|0.5718085766|0.5917553902|0.5890957713,3760,stratified_5_fold,5,20260906,0.6010637879371643,500,600,256,128,0.01,1.22746816650033,0.03752958029508591,npu:6
vit_b16,retinamnist,medical,0,eurosat,0.8849999874353409,0.007827488115028732,0.8946321607|0.8862275481|0.8918918967|0.8776329160|0.8744979501,5000,stratified_5_fold,5,20260906,0.8955555558204651,500,600,256,128,0.01,1.22746816650033,0.04137980192899704,npu:6
vit_b16,retinamnist,medical,0,flowers102,0.6784314513206482,0.02918211320036632,0.6666667461|0.7254902720|0.6911765337|0.6715687513|0.6372549534,1020,stratified_5_fold,5,20260906,0.6904000043869019,500,600,256,128,0.01,1.22746816650033,0.03873295150697231,npu:6
vit_b16,retinamnist,medical,0,food101,0.4228000264763832,0.01156874221803237,0.4267326891|0.4108911157|0.4178218246|0.4158415794|0.4437500536,5000,stratified_5_fold,5,20260906,0.4673999547958374,500,600,256,128,0.01,1.22746816650033,0.041927164420485497,npu:6
vit_b16,retinamnist,medical,0,gtsrb,0.5976000054121018,0.02168061523424087,0.6253687143|0.6079602242|0.5684316158|0.6096579432|0.5757883787,5000,stratified_5_fold,5,20260906,0.5009999871253967,500,600,256,128,0.01,1.22746816650033,0.042949218302965164,npu:6
vit_b16,retinamnist,medical,0,oxford_pets,0.9135869337326806,0.0032801574823389883,0.9147496223|0.9144021273|0.9171195626|0.9142857194|0.9073569179,3680,stratified_5_fold,5,20260906,0.8901607990264893,500,600,256,128,0.01,1.22746816650033,0.03981518931686878,npu:6
vit_b16,retinamnist,medical,1,beans,0.8172147149504729,0.011325521915605341,0.8365385532|0.8164250851|0.8164250851|0.8155339956|0.8009709120,1034,stratified_5_fold,5,20260906,0.8671875,500,600,256,128,0.01,1.164704941213131,0.0380295105278492,npu:6
vit_b16,retinamnist,medical,1,dtd,0.589893639087677,0.007960977391603417,0.5797872543|0.6023936272|0.5944149494|0.5890957713|0.5837765932,3760,stratified_5_fold,5,20260906,0.6026595830917358,500,600,256,128,0.01,1.164704941213131,0.03817679174244404,npu:6
vit_b16,retinamnist,medical,1,eurosat,0.8821999912381172,0.01506796606931574,0.8876739144|0.9041916132|0.8878879547|0.8696088195|0.8614457250,5000,stratified_5_fold,5,20260906,0.8851852416992188,500,600,256,128,0.01,1.164704941213131,0.043610572814941406,npu:6
vit_b16,retinamnist,medical,1,flowers102,0.6696079015731812,0.022697707251326953,0.6274510622|0.6764706373|0.6960784793|0.6764706373|0.6715686917,1020,stratified_5_fold,5,20260906,0.6883999705314636,500,600,256,128,0.01,1.164704941213131,0.042006585747003555,npu:6
vit_b16,retinamnist,medical,1,food101,0.4154000228047371,0.007158124648518369,0.4128713310|0.4247524738|0.4178217947|0.4178217947|0.4031250477,5000,stratified_5_fold,5,20260906,0.46459999680519104,500,600,256,128,0.01,1.164704941213131,0.040215931832790375,npu:6
vit_b16,retinamnist,medical,1,gtsrb,0.6104000112652779,0.020736916062392793,0.6352015734|0.6019900441|0.5784215331|0.6307847500|0.6052899957,5000,stratified_5_fold,5,20260906,0.4941999912261963,500,600,256,128,0.01,1.164704941213131,0.041850196197628975,npu:6
vit_b16,retinamnist,medical,1,oxford_pets,0.9152173958880746,0.006400579519887645,0.9269282222|0.9116848111|0.9089673758|0.9115647078|0.9168937206,3680,stratified_5_fold,5,20260906,0.8901607394218445,500,600,256,128,0.01,1.164704941213131,0.03748041018843651,npu:6
vit_b16,retinamnist,medical,2,beans,0.8433269148177289,0.0332596685106206,0.8173077106|0.7971014977|0.8695652485|0.8883495331|0.8446602225,1034,stratified_5_fold,5,20260906,0.7890625,500,600,256,128,0.01,1.1834496539086103,0.0399857796728611,npu:6
vit_b16,retinamnist,medical,2,dtd,0.5781915307044982,0.008995500597439239,0.5731383562|0.5811170340|0.5691489577|0.5731383562|0.5944149494,3760,stratified_5_fold,5,20260906,0.5930850505828857,500,600,256,128,0.01,1.1834496539086103,0.040302371606230736,npu:6
vit_b16,retinamnist,medical,2,eurosat,0.89399998421669,0.007722693069701692,0.8956261873|0.9031935930|0.9009009600|0.8866599798|0.8835340738,5000,stratified_5_fold,5,20260906,0.8885185122489929,500,600,256,128,0.01,1.1834496539086103,0.04007120989263058,npu:6
vit_b16,retinamnist,medical,2,flowers102,0.6705883264541626,0.03660424299988107,0.6666667461|0.7352942228|0.6715687513|0.6568628550|0.6225490570,1020,stratified_5_fold,5,20260906,0.6919999718666077,500,600,256,128,0.01,1.1834496539086103,0.04045617952942848,npu:6
vit_b16,retinamnist,medical,2,food101,0.4132000254392624,0.0018582514569447817,0.4148515165|0.4158416092|0.4118812084|0.4108911157|0.4125000238,5000,stratified_5_fold,5,20260906,0.45399999618530273,500,600,256,128,0.01,1.1834496539086103,0.04489099606871605,npu:6
vit_b16,retinamnist,medical,2,gtsrb,0.6099999994516373,0.017421751425261096,0.6253687739|0.6129353046|0.5954045653|0.6307847500|0.5849440098,5000,stratified_5_fold,5,20260906,0.4967999756336212,500,600,256,128,0.01,1.1834496539086103,0.04283282905817032,npu:6
vit_b16,retinamnist,medical,2,oxford_pets,0.9089673934747343,0.00659143698311817,0.9188091755|0.9130434990|0.9076086879|0.8993197680|0.9059945345,3680,stratified_5_fold,5,20260906,0.8964294791221619,500,600,256,128,0.01,1.1834496539086103,0.04143393225967884,npu:6
vit_b16,retinamnist,medical,3,beans,0.8288201203198682,0.0217798478248966,0.8317308426|0.8019323349|0.8502415419|0.8058252335|0.8543689251,1034,stratified_5_fold,5,20260906,0.8125,500,600,256,128,0.01,1.150668391957879,0.03894457407295704,npu:6
vit_b16,retinamnist,medical,3,dtd,0.5845744848251343,0.005616660153699869,0.5757979155|0.5904254913|0.5904255509|0.5811170340|0.5851064324,3760,stratified_5_fold,5,20260906,0.5851063132286072,500,600,256,128,0.01,1.150668391957879,0.04044508747756481,npu:6
vit_b16,retinamnist,medical,3,eurosat,0.8860000026345253,0.008843986988800666,0.8856858015|0.8872256279|0.8978979588|0.8886659741|0.8704819083,5000,stratified_5_fold,5,20260906,0.8814815282821655,500,600,256,128,0.01,1.150668391957879,0.03770392946898937,npu:6
vit_b16,retinamnist,medical,3,flowers102,0.6745098948478698,0.03543003413510545,0.6862745881|0.6960785389|0.6617648005|0.7156863809|0.6127451658,1020,stratified_5_fold,5,20260906,0.6976000070571899,500,600,256,128,0.01,1.150668391957879,0.043777771294116974,npu:6
vit_b16,retinamnist,medical,3,food101,0.41220001274347307,0.010739293360131633,0.4138613939|0.4198020101|0.4079208076|0.4247524738|0.3937500119,5000,stratified_5_fold,5,20260906,0.45419999957084656,500,600,256,128,0.01,1.150668391957879,0.04384375177323818,npu:6
vit_b16,retinamnist,medical,3,gtsrb,0.5987999977827072,0.019372125558690872,0.6165192127|0.5850746036|0.5714285374|0.6237424612|0.5971515775,5000,stratified_5_fold,5,20260906,0.49379998445510864,500,600,256,128,0.01,1.150668391957879,0.043777452781796455,npu:6
vit_b16,retinamnist,medical,3,oxford_pets,0.9100543251504069,0.004101004394694014,0.9120432138|0.9157608747|0.9103261232|0.9088435173|0.9032697082,3680,stratified_5_fold,5,20260906,0.8953392505645752,500,600,256,128,0.01,1.150668391957879,0.04227609559893608,npu:6
vit_b16,retinamnist,medical,4,beans,0.8481625146745944,0.012922225183298672,0.8701924086|0.8550724983|0.8405797482|0.8398058414|0.8349514604,1034,stratified_5_fold,5,20260906,0.828125,500,600,256,128,0.01,1.194965235888958,0.040971532464027405,npu:6
vit_b16,retinamnist,medical,4,dtd,0.5917553305625916,0.006935314023837341,0.5930850506|0.6037234068|0.5904256105|0.5824468136|0.5890957713,3760,stratified_5_fold,5,20260906,0.5946808457374573,500,600,256,128,0.01,1.194965235888958,0.04190129414200783,npu:6
vit_b16,retinamnist,medical,4,eurosat,0.8771999566316605,0.009315479505711927,0.8667991161|0.8802394867|0.8918918371|0.8796389103|0.8674698472,5000,stratified_5_fold,5,20260906,0.8818519115447998,500,600,256,128,0.01,1.194965235888958,0.03584769554436207,npu:6
vit_b16,retinamnist,medical,4,flowers102,0.6715686917304993,0.02824480896836711,0.6274510622|0.7058823705|0.6911765337|0.6813726425|0.6519608498,1020,stratified_5_fold,5,20260906,0.7027999758720398,500,600,256,128,0.01,1.194965235888958,0.040264999493956566,npu:6
vit_b16,retinamnist,medical,4,food101,0.4170000165700912,0.009205506360678831,0.4049504995|0.4178218246|0.4138613939|0.4158415794|0.4333333671,5000,stratified_5_fold,5,20260906,0.4609999656677246,500,600,256,128,0.01,1.194965235888958,0.04425886459648609,npu:6
vit_b16,retinamnist,medical,4,gtsrb,0.6097999843597413,0.015179109896684846,0.6342182755|0.5999999642|0.5974025726|0.6207243204|0.5961343050,5000,stratified_5_fold,5,20260906,0.48559999465942383,500,600,256,128,0.01,1.194965235888958,0.042792078107595444,npu:6
vit_b16,retinamnist,medical,4,oxford_pets,0.9076086828890054,0.00550882680557961,0.9079836607|0.8980978727|0.9062500000|0.9142857790|0.9114440680,3680,stratified_5_fold,5,20260906,0.8928862810134888,500,600,256,128,0.01,1.194965235888958,0.041854916140437126,npu:6
vit_b16,stl10,general_vision,0,beans,0.8491296219410702,0.021935000986970755,0.8557692766|0.8309178352|0.8888889551|0.8300971389|0.8398058414,1034,stratified_5_fold,5,20260906,0.8828125,500,600,256,128,0.01,1.1801258847117424,0.03909704461693764,npu:6
vit_b16,stl10,general_vision,0,dtd,0.6074468493461609,0.007862631965950877,0.6196808815|0.5970745087|0.6010638475|0.6103723645|0.6090426445,3760,stratified_5_fold,5,20260906,0.6132978200912476,500,600,256,128,0.01,1.1801258847117424,0.0399093572050333,npu:6
vit_b16,stl10,general_vision,0,eurosat,0.8906000046014786,0.011664127656017537,0.8846917748|0.9091816545|0.8938939571|0.8736208677|0.8915662766,5000,stratified_5_fold,5,20260906,0.8877778053283691,500,600,256,128,0.01,1.1801258847117424,0.041516464203596115,npu:6
vit_b16,stl10,general_vision,0,flowers102,0.6950981020927429,0.020889463806531627,0.6911765337|0.7156863213|0.7009804249|0.7107843757|0.6568628550,1020,stratified_5_fold,5,20260906,0.7137999534606934,500,600,256,128,0.01,1.1801258847117424,0.0408399123698473,npu:6
vit_b16,stl10,general_vision,0,food101,0.4390000198483467,0.018223373843817486,0.4188118875|0.4693069458|0.4287129045|0.4495049715|0.4281250238,5000,stratified_5_fold,5,20260906,0.4797999858856201,500,600,256,128,0.01,1.1801258847117424,0.04071631096303463,npu:6
vit_b16,stl10,general_vision,0,gtsrb,0.6255999846816063,0.012236949705317461,0.6332349777|0.6447761059|0.6103895903|0.6227363944|0.6164801717,5000,stratified_5_fold,5,20260906,0.5183999538421631,500,600,256,128,0.01,1.1801258847117424,0.042207105085253716,npu:6
vit_b16,stl10,general_vision,0,oxford_pets,0.9146739097393077,0.00680994144074139,0.9255750179|0.9157608747|0.9062500000|0.9170068502|0.9087193608,3680,stratified_5_fold,5,20260906,0.8926137685775757,500,600,256,128,0.01,1.1801258847117424,0.04221711494028568,npu:6
vit_b16,stl10,general_vision,1,beans,0.8433269033464288,0.016438882914736885,0.8701924086|0.8405796885|0.8357487917|0.8203883767|0.8495145440,1034,stratified_5_fold,5,20260906,0.84375,500,600,256,128,0.01,1.1922013461589813,0.05086788721382618,npu:6
vit_b16,stl10,general_vision,1,dtd,0.6127659916877747,0.007351209856312837,0.6130319834|0.6130319238|0.6156915426|0.5997340679|0.6223404408,3760,stratified_5_fold,5,20260906,0.6154255270957947,500,600,256,128,0.01,1.1922013461589813,0.04161669500172138,npu:6
vit_b16,stl10,general_vision,1,eurosat,0.8943999909043312,0.008988120918976588,0.9015903473|0.9081836343|0.8898899555|0.8846539855|0.8875501752,5000,stratified_5_fold,5,20260906,0.8911111354827881,500,600,256,128,0.01,1.1922013461589813,0.04196554608643055,npu:6
vit_b16,stl10,general_vision,1,flowers102,0.69705890417099,0.031677451435814095,0.6372549534|0.7058824301|0.7205883265|0.7254902720|0.6960785389,1020,stratified_5_fold,5,20260906,0.7221999168395996,500,600,256,128,0.01,1.1922013461589813,0.04228484630584717,npu:6
vit_b16,stl10,general_vision,1,food101,0.42820002830028536,0.010549674882558856,0.4108911157|0.4425742924|0.4287129045|0.4247525036|0.4343750179,5000,stratified_5_fold,5,20260906,0.48399996757507324,500,600,256,128,0.01,1.1922013461589813,0.041632452979683876,npu:6
vit_b16,stl10,general_vision,1,gtsrb,0.624000017118454,0.021844447113316803,0.6440511346|0.6407960057|0.6003996134|0.6398390532|0.5940997601,5000,stratified_5_fold,5,20260906,0.4991999864578247,500,600,256,128,0.01,1.1922013461589813,0.044882968068122864,npu:6
vit_b16,stl10,general_vision,1,oxford_pets,0.9024456374023272,0.009430441975567225,0.9174559712|0.8967391253|0.9008152485|0.8897959590|0.9073568583,3680,stratified_5_fold,5,20260906,0.8860723972320557,500,600,256,128,0.01,1.1922013461589813,0.04016250744462013,npu:6
vit_b16,stl10,general_vision,2,beans,0.8626692547558354,0.012037260970879298,0.8605769873|0.8743960857|0.8502415419|0.8495146036|0.8786407709,1034,stratified_5_fold,5,20260906,0.8515625,500,600,256,128,0.01,1.1866703256964684,0.04328171908855438,npu:6
vit_b16,stl10,general_vision,2,dtd,0.6029255270957947,0.01220508643046643,0.5997340679|0.6077127457|0.6090425253|0.5811170340|0.6170212626,3760,stratified_5_fold,5,20260906,0.6069148778915405,500,600,256,128,0.01,1.1866703256964684,0.04171804338693619,npu:6
vit_b16,stl10,general_vision,2,eurosat,0.890999979865551,0.008931178660804095,0.8886679411|0.8992015719|0.9029029012|0.8856569529|0.8785140514,5000,stratified_5_fold,5,20260906,0.886296272277832,500,600,256,128,0.01,1.1866703256964684,0.044888755306601524,npu:6
vit_b16,stl10,general_vision,2,flowers102,0.703921627998352,0.018756008028936184,0.7058824301|0.7303922176|0.6764706373|0.7156863213|0.6911765337,1020,stratified_5_fold,5,20260906,0.7157999277114868,500,600,256,128,0.01,1.1866703256964684,0.04356757178902626,npu:6
vit_b16,stl10,general_vision,2,food101,0.436200027346611,0.005921992898203662,0.4287129045|0.4445544779|0.4376237690|0.4396039844|0.4302083850,5000,stratified_5_fold,5,20260906,0.47599998116493225,500,600,256,128,0.01,1.1866703256964684,0.04068436101078987,npu:6
vit_b16,stl10,general_vision,2,gtsrb,0.6322000158429146,0.02123279640931002,0.6519173980|0.6308457851|0.6163836718|0.6589537263|0.6022380590,5000,stratified_5_fold,5,20260906,0.5211999416351318,500,600,256,128,0.01,1.1866703256964684,0.04244537465274334,npu:6
vit_b16,stl10,general_vision,2,oxford_pets,0.9100543341558912,0.009447930691663395,0.9255750179|0.9157608747|0.9048913717|0.9047619104|0.8991824985,3680,stratified_5_fold,5,20260906,0.8893430829048157,500,600,256,128,0.01,1.1866703256964684,0.04106849245727062,npu:6
vit_b16,stl10,general_vision,3,beans,0.8462282507977588,0.02094333218350825,0.8221154809|0.8502415419|0.8792270422|0.8543689251|0.8252426982,1034,stratified_5_fold,5,20260906,0.8359375,500,600,256,128,0.01,1.1247880514711142,0.04733620397746563,npu:6
vit_b16,stl10,general_vision,3,dtd,0.5973404526710511,0.004560212248366654,0.5944149494|0.5904255509|0.6037234068|0.5984042883|0.5997340679,3760,stratified_5_fold,5,20260906,0.6207446455955505,500,600,256,128,0.01,1.1247880514711142,0.04454195685684681,npu:6
vit_b16,stl10,general_vision,3,eurosat,0.8887999707698822,0.007242190558094951,0.8986082673|0.8922155499|0.8898899555|0.8766298294|0.8865461349,5000,stratified_5_fold,5,20260906,0.8822222352027893,500,600,256,128,0.01,1.1247880514711142,0.052330171689391136,npu:6
vit_b16,stl10,general_vision,3,flowers102,0.6980392813682557,0.02748598300110759,0.6764706373|0.7303922176|0.7205883265|0.7058824301|0.6568627954,1020,stratified_5_fold,5,20260906,0.7157999873161316,500,600,256,128,0.01,1.1247880514711142,0.049033148214221,npu:6
vit_b16,stl10,general_vision,3,food101,0.43220001858472823,0.014045812428658055,0.4079208076|0.4495049715|0.4326732755|0.4415841699|0.4291667044,5000,stratified_5_fold,5,20260906,0.4765999913215637,500,600,256,128,0.01,1.1247880514711142,0.047049734741449356,npu:6
vit_b16,stl10,general_vision,3,gtsrb,0.6218000160932541,0.01299216002269141,0.6391347647|0.6189054251|0.6043956280|0.6338028312|0.6124110222,5000,stratified_5_fold,5,20260906,0.5051999688148499,500,600,256,128,0.01,1.1247880514711142,0.045739227905869484,npu:6
vit_b16,stl10,general_vision,3,oxford_pets,0.9100543650596038,0.00834738136639501,0.9228687286|0.9008152485|0.9089674354|0.9156463146|0.9019073248,3680,stratified_5_fold,5,20260906,0.8887979984283447,500,600,256,128,0.01,1.1247880514711142,0.03802353888750076,npu:6
vit_b16,stl10,general_vision,4,beans,0.8346228518845726,0.023168279782865606,0.8413462043|0.8357487917|0.8115942478|0.8737863898|0.8106796741,1034,stratified_5_fold,5,20260906,0.875,500,600,256,128,0.01,1.111782155930996,0.05101497657597065,npu:6
vit_b16,stl10,general_vision,4,dtd,0.6063830018043518,0.007475253519980027,0.6183511019|0.6117021441|0.6010638475|0.6023936272|0.5984042883,3760,stratified_5_fold,5,20260906,0.6026595830917358,500,600,256,128,0.01,1.111782155930996,0.05071635544300079,npu:6
vit_b16,stl10,general_vision,4,eurosat,0.8849999862194061,0.005541882755863216,0.8856858015|0.8902195692|0.8888889551|0.8856569529|0.8744979501,5000,stratified_5_fold,5,20260906,0.8922222256660461,500,600,256,128,0.01,1.111782155930996,0.049132419750094414,npu:6
vit_b16,stl10,general_vision,4,flowers102,0.6774510502815246,0.025827331317302152,0.6666667461|0.6862745881|0.7009804845|0.7009804249|0.6323530078,1020,stratified_5_fold,5,20260906,0.7063999176025391,500,600,256,128,0.01,1.111782155930996,0.06040443666279316,npu:6
vit_b16,stl10,general_vision,4,food101,0.43800002717971803,0.014811826297548212,0.4108911157|0.4524752498|0.4366337061|0.4405940771|0.4500000477,5000,stratified_5_fold,5,20260906,0.48579999804496765,500,600,256,128,0.01,1.111782155930996,0.05312161706387997,npu:6
vit_b16,stl10,general_vision,4,gtsrb,0.6188000067949295,0.019823649659824718,0.6489676237|0.6119402647|0.6023975611|0.6338028312|0.5961343050,5000,stratified_5_fold,5,20260906,0.501800000667572,500,600,256,128,0.01,1.111782155930996,0.04640210047364235,npu:6
vit_b16,stl10,general_vision,4,oxford_pets,0.9078804305390171,0.00895988613212777,0.9242218733|0.9062500000|0.9021739364|0.8979592323|0.9087193012,3680,stratified_5_fold,5,20260906,0.8857998847961426,500,600,256,128,0.01,1.111782155930996,0.04979902505874634,npu:6
vit_b16,svhn,digits_characters,0,beans,0.8346228270396965,0.015682034558674406,0.8221154213|0.8164250851|0.8454106450|0.8300970793|0.8592233062,1034,stratified_5_fold,5,20260906,0.828125,500,600,256,128,0.01,1.1087145749479532,0.04842861741781235,npu:6
vit_b16,svhn,digits_characters,0,dtd,0.5914894104003906,0.012457476979275088,0.6077128053|0.5718085766|0.5837766528|0.5957447290|0.5984042883,3760,stratified_5_fold,5,20260906,0.6122339963912964,500,600,256,128,0.01,1.1087145749479532,0.045230768620967865,npu:6
vit_b16,svhn,digits_characters,0,eurosat,0.8899999538898468,0.0065417586147170125,0.8996022940|0.8902195692|0.8928928375|0.8796389103|0.8875501156,5000,stratified_5_fold,5,20260906,0.8825925588607788,500,600,256,128,0.01,1.1087145749479532,0.04682760126888752,npu:6
vit_b16,svhn,digits_characters,0,flowers102,0.7009804606437683,0.04006434926927299,0.6617647409|0.7696079016|0.7205883265|0.6862745881|0.6666667461,1020,stratified_5_fold,5,20260906,0.7017999887466431,500,600,256,128,0.01,1.1087145749479532,0.048423636704683304,npu:6
vit_b16,svhn,digits_characters,0,food101,0.42220002180337907,0.00724123799220501,0.4089109302|0.4257425964|0.4207921028|0.4297029972|0.4260416627,5000,stratified_5_fold,5,20260906,0.46939998865127563,500,600,256,128,0.01,1.1087145749479532,0.04590984806418419,npu:6
vit_b16,svhn,digits_characters,0,gtsrb,0.6322000166654587,0.014354028231786217,0.6460176706|0.6457711458|0.6173826456|0.6388330460|0.6124110222,5000,stratified_5_fold,5,20260906,0.5293999314308167,500,600,256,128,0.01,1.1087145749479532,0.04802904464304447,npu:6
vit_b16,svhn,digits_characters,0,oxford_pets,0.9111412915036731,0.011263974212255447,0.9323409200|0.9116848111|0.9076087475|0.9034013748|0.9005448818,3680,stratified_5_fold,5,20260906,0.8945216536521912,500,600,256,128,0.01,1.1087145749479532,0.04306607134640217,npu:6
vit_b16,svhn,digits_characters,1,beans,0.830754378316942,0.01179131378799462,0.8317308426|0.8115942478|0.8454105854|0.8252427578|0.8398058414,1034,stratified_5_fold,5,20260906,0.8515625,500,600,256,128,0.01,1.1687033250927925,0.044070541858673096,npu:6
vit_b16,svhn,digits_characters,1,dtd,0.5880319476127625,0.007541202447480212,0.5771276951|0.5984042883|0.5890957713|0.5824468136|0.5930851698,3760,stratified_5_fold,5,20260906,0.6164893507957458,500,600,256,128,0.01,1.1687033250927925,0.04731808230280876,npu:6
vit_b16,svhn,digits_characters,1,eurosat,0.8989999882221222,0.009868944467901649,0.8946321011|0.9071856737|0.9139139652|0.8906719685|0.8885542154,5000,stratified_5_fold,5,20260906,0.8966666460037231,500,600,256,128,0.01,1.1687033250927925,0.05105164647102356,npu:6
vit_b16,svhn,digits_characters,1,flowers102,0.6843137860298156,0.046047140180550165,0.6568627954|0.7352942228|0.7401961088|0.6666667461|0.6225490570,1020,stratified_5_fold,5,20260906,0.7091999650001526,500,600,256,128,0.01,1.1687033250927925,0.05154157802462578,npu:6
vit_b16,svhn,digits_characters,1,food101,0.42020003163814545,0.013512227119428804,0.4049505293|0.4346534610|0.4049505293|0.4356436133|0.4208333790,5000,stratified_5_fold,5,20260906,0.47499996423721313,500,600,256,128,0.01,1.1687033250927925,0.059609077870845795,npu:6
vit_b16,svhn,digits_characters,1,gtsrb,0.625200031709671,0.01697460823423666,0.6391347647|0.6338308454|0.6123876572|0.6418511271|0.5981689095,5000,stratified_5_fold,5,20260906,0.5183999538421631,500,600,256,128,0.01,1.1687033250927925,0.05205421335995197,npu:6
vit_b16,svhn,digits_characters,1,oxford_pets,0.9065217267074015,0.007223906946930025,0.9161027670|0.9048913121|0.8940217495|0.9088435769|0.9087193012,3680,stratified_5_fold,5,20260906,0.8980648517608643,500,600,256,128,0.01,1.1687033250927925,0.0470157228410244,npu:6
vit_b16,svhn,digits_characters,2,beans,0.8336557060537763,0.018658234440066212,0.8557692766|0.8115941882|0.8309178352|0.8155339956|0.8543689251,1034,stratified_5_fold,5,20260906,0.8515625,500,600,256,128,0.01,1.1766022387892008,0.04764405079185963,npu:6
vit_b16,svhn,digits_characters,2,dtd,0.6045213103294372,0.0076436766986939745,0.6063830256|0.5970745087|0.5984042883|0.6023936272|0.6183511019,3760,stratified_5_fold,5,20260906,0.6132978200912476,500,600,256,128,0.01,1.1766022387892008,0.052061280235648155,npu:6
vit_b16,svhn,digits_characters,2,eurosat,0.8945999902248383,0.005836961065550751,0.8856858015|0.8992016315|0.9019019604|0.8906719685|0.8955823183,5000,stratified_5_fold,5,20260906,0.8859259486198425,500,600,256,128,0.01,1.1766022387892008,0.04920665919780731,npu:6
vit_b16,svhn,digits_characters,2,flowers102,0.6754902839660645,0.01622838007472784,0.6568628550|0.6862745881|0.7009804845|0.6715687513|0.6617647409,1020,stratified_5_fold,5,20260906,0.6929999589920044,500,600,256,128,0.01,1.1766022387892008,0.0506579652428627,npu:6
vit_b16,svhn,digits_characters,2,food101,0.4264000190496445,0.008199443156248869,0.4138613939|0.4336633682|0.4217821956|0.4366337061|0.4260416925,5000,stratified_5_fold,5,20260906,0.47179996967315674,500,600,256,128,0.01,1.1766022387892008,0.05251290090382099,npu:6
vit_b16,svhn,digits_characters,2,gtsrb,0.6192000090837478,0.016673338758522126,0.6332349777|0.6298507452|0.5974025726|0.6348088980|0.6002035141,5000,stratified_5_fold,5,20260906,0.511199951171875,500,600,256,128,0.01,1.1766022387892008,0.05035220459103584,npu:6
vit_b16,svhn,digits_characters,2,oxford_pets,0.9103260626611502,0.008142318481715432,0.9228686690|0.9157608747|0.8994565010|0.9061225057|0.9073568583,3680,stratified_5_fold,5,20260906,0.8923411965370178,500,600,256,128,0.01,1.1766022387892008,0.059575317427515984,npu:6
vit_b16,svhn,digits_characters,3,beans,0.8452611299847727,0.006432392341882212,0.8413462043|0.8357487321|0.8454105854|0.8543689847|0.8495146036,1034,stratified_5_fold,5,20260906,0.890625,500,600,256,128,0.01,1.1498362589627504,0.040030550211668015,npu:6
vit_b16,svhn,digits_characters,3,dtd,0.5877659797668457,0.011030000560842794,0.5811170340|0.5704787970|0.5904255509|0.5944148898|0.6023936272,3760,stratified_5_fold,5,20260906,0.6079787015914917,500,600,256,128,0.01,1.1498362589627504,0.04425553418695927,npu:6
vit_b16,svhn,digits_characters,3,eurosat,0.8914000118255615,0.00344669848902108,0.8936381340|0.8962076306|0.8918919563|0.8886660337|0.8865461349,5000,stratified_5_fold,5,20260906,0.8914815187454224,500,600,256,128,0.01,1.1498362589627504,0.04620303958654404,npu:6
vit_b16,svhn,digits_characters,3,flowers102,0.6862745761871338,0.02807415935573546,0.6715686917|0.7058824301|0.7303922176|0.6715686917|0.6519608498,1020,stratified_5_fold,5,20260906,0.709399938583374,500,600,256,128,0.01,1.1498362589627504,0.06006639637053013,npu:6
vit_b16,svhn,digits_characters,3,food101,0.4282000237107277,0.012718363312180252,0.4207921028|0.4465346634|0.4089109302|0.4346534610|0.4302083850,5000,stratified_5_fold,5,20260906,0.4785999655723572,500,600,256,128,0.01,1.1498362589627504,0.05631518363952637,npu:6
vit_b16,svhn,digits_characters,3,gtsrb,0.6228000136971473,0.013137611868253631,0.6273353100|0.6308457851|0.6153845787|0.6388330460|0.6012207866,5000,stratified_5_fold,5,20260906,0.5127999782562256,500,600,256,128,0.01,1.1498362589627504,0.04818843677639961,npu:6
vit_b16,svhn,digits_characters,3,oxford_pets,0.9092391249116348,0.004515298126824522,0.9174559116|0.9103261232|0.9062500000|0.9074830413|0.9046321511,3680,stratified_5_fold,5,20260906,0.8909784555435181,500,600,256,128,0.01,1.1498362589627504,0.04562372714281082,npu:6
vit_b16,svhn,digits_characters,4,beans,0.8355899650308104,0.029806649352543926,0.8028846979|0.8260869384|0.8454106450|0.8883495331|0.8155339956,1034,stratified_5_fold,5,20260906,0.8359375,500,600,256,128,0.01,1.1280474439263344,0.04326559789478779,npu:6
vit_b16,svhn,digits_characters,4,dtd,0.6055851459503174,0.01401270824035708,0.6103723645|0.6183511019|0.5784574747|0.6077128053|0.6130319834,3760,stratified_5_fold,5,20260906,0.5984042286872864,500,600,256,128,0.01,1.1280474439263344,0.05035417526960373,npu:6
vit_b16,svhn,digits_characters,4,eurosat,0.8911999856352806,0.007923363170589781,0.8866798878|0.8972055912|0.9029029608|0.8886659741|0.8805220127,5000,stratified_5_fold,5,20260906,0.8877778053283691,500,600,256,128,0.01,1.1280474439263344,0.05297868140041828,npu:6
vit_b16,svhn,digits_characters,4,flowers102,0.697058892250061,0.024293160899999777,0.7107844353|0.7156863213|0.7156863213|0.6911765337|0.6519608498,1020,stratified_5_fold,5,20260906,0.7037999629974365,500,600,256,128,0.01,1.1280474439263344,0.05298025347292423,npu:6
vit_b16,svhn,digits_characters,4,food101,0.42180001372098924,0.00674440956545113,0.4178217947|0.4316831827|0.4118812084|0.4257425666|0.4218750298,5000,stratified_5_fold,5,20260906,0.46059995889663696,500,600,256,128,0.01,1.1280474439263344,0.053064653649926186,npu:6
vit_b16,svhn,digits_characters,4,gtsrb,0.627800006389618,0.020455033096201947,0.6371681690|0.6507462263|0.6063936353|0.6438632011|0.6002034545,5000,stratified_5_fold,5,20260906,0.5144000053405762,500,600,256,128,0.01,1.1280474439263344,0.05227934755384922,npu:6
vit_b16,svhn,digits_characters,4,oxford_pets,0.9141304318185733,0.003428933143888059,0.9188091159|0.9116848111|0.9089674354|0.9156463146|0.9155312777,3680,stratified_5_fold,5,20260906,0.8958843946456909,500,600,256,128,0.01,1.1280474439263344,0.04782992601394653,npu:6
vit_b16,tiny_imagenet,general_vision,0,beans,0.847195368440285,0.022761092691804322,0.8317307830|0.8550724983|0.8260869980|0.8349514008|0.8883495331,1034,stratified_5_fold,5,20260906,0.84375,500,600,256,128,0.01,1.1344530656933784,0.04700301215052605,npu:6
vit_b16,tiny_imagenet,general_vision,0,dtd,0.6095744848251343,0.007166062328635895,0.6183511019|0.6130319238|0.6010638475|0.6010638475|0.6143617034,3760,stratified_5_fold,5,20260906,0.6180850267410278,500,600,256,128,0.01,1.1344530656933784,0.05510205216705799,npu:6
vit_b16,tiny_imagenet,general_vision,0,eurosat,0.8964000004291535,0.008336100398868906,0.9075546265|0.9011976123|0.8968969584|0.8936810493|0.8825300932,5000,stratified_5_fold,5,20260906,0.8937036991119385,500,600,256,128,0.01,1.1344530656933784,0.04952620156109333,npu:6
vit_b16,tiny_imagenet,general_vision,0,flowers102,0.6950981140136718,0.020424178059260122,0.6813726425|0.7205883265|0.6911765337|0.7156863213|0.6666667461,1020,stratified_5_fold,5,20260906,0.7299999594688416,500,600,256,128,0.01,1.1344530656933784,0.05356447398662567,npu:6
vit_b16,tiny_imagenet,general_vision,0,food101,0.42980002039670945,0.009185981047563158,0.4217821956|0.4425742626|0.4227723181|0.4227722883|0.4395833611,5000,stratified_5_fold,5,20260906,0.477400004863739,500,600,256,128,0.01,1.1344530656933784,0.05336037464439869,npu:6
vit_b16,tiny_imagenet,general_vision,0,gtsrb,0.6404000084757805,0.01607921577001557,0.6627334952|0.6308457851|0.6433566809|0.6488933563|0.6154628992,5000,stratified_5_fold,5,20260906,0.5343999862670898,500,600,256,128,0.01,1.1344530656933784,0.046788690611720085,npu:6
vit_b16,tiny_imagenet,general_vision,0,oxford_pets,0.9209239154082277,0.0067647054053841344,0.9336941242|0.9171196222|0.9211956859|0.9142857790|0.9182560444,3680,stratified_5_fold,5,20260906,0.8964295387268066,500,600,256,128,0.01,1.1344530656933784,0.04235090687870979,npu:6
vit_b16,tiny_imagenet,general_vision,1,beans,0.8336557047855924,0.03064962375805567,0.8461538553|0.8357487917|0.8405796885|0.7766990662|0.8689320087,1034,stratified_5_fold,5,20260906,0.8515625,500,600,256,128,0.01,1.1237102765589952,0.037413738667964935,npu:6
vit_b16,tiny_imagenet,general_vision,1,dtd,0.6069149136543274,0.018167037767375913,0.5944149494|0.6077128053|0.6276595592|0.5797872543|0.6250000000,3760,stratified_5_fold,5,20260906,0.6202127933502197,500,600,256,128,0.01,1.1237102765589952,0.04937170073390007,npu:6
vit_b16,tiny_imagenet,general_vision,1,eurosat,0.8988000030875206,0.004839680034014225,0.8986083269|0.9061876535|0.8948949575|0.9017050862|0.8925702572,5000,stratified_5_fold,5,20260906,0.8940740823745728,500,600,256,128,0.01,1.1237102765589952,0.04449816420674324,npu:6
vit_b16,tiny_imagenet,general_vision,1,flowers102,0.6950981020927429,0.008433648255460913,0.6911765337|0.6911765337|0.7107843757|0.6960784793|0.6862745881,1020,stratified_5_fold,5,20260906,0.7192000150680542,500,600,256,128,0.01,1.1237102765589952,0.04740326479077339,npu:6
vit_b16,tiny_imagenet,general_vision,1,food101,0.44000002175569536,0.011677766989109488,0.4257425666|0.4574257731|0.4336633980|0.4495049715|0.4333333671,5000,stratified_5_fold,5,20260906,0.4860000014305115,500,600,256,128,0.01,1.1237102765589952,0.049055030569434166,npu:6
vit_b16,tiny_imagenet,general_vision,1,gtsrb,0.6292000213384629,0.019885844339309823,0.6676499844|0.6218905449|0.6153846383|0.6267606020|0.6134282947,5000,stratified_5_fold,5,20260906,0.5074000358581543,500,600,256,128,0.01,1.1237102765589952,0.048280078917741776,npu:6
vit_b16,tiny_imagenet,general_vision,1,oxford_pets,0.9184782751066529,0.00932507824144218,0.9309877753|0.9198369980|0.9184783101|0.9020408392|0.9209809303,3680,stratified_5_fold,5,20260906,0.9005178213119507,500,600,256,128,0.01,1.1237102765589952,0.04681862331926823,npu:6
vit_b16,tiny_imagenet,general_vision,2,beans,0.8433269182764124,0.02294862260569272,0.8413462043|0.8067632914|0.8792270422|0.8446602821|0.8446602225,1034,stratified_5_fold,5,20260906,0.8359375,500,600,256,128,0.01,1.1188094727694988,0.03872796520590782,npu:6
vit_b16,tiny_imagenet,general_vision,2,dtd,0.6114361882209778,0.01231473846521784,0.6037234068|0.5984042883|0.6343085766|0.6090425253|0.6117021441,3760,stratified_5_fold,5,20260906,0.6271276473999023,500,600,256,128,0.01,1.1188094727694988,0.04465617425739765,npu:6
vit_b16,tiny_imagenet,general_vision,2,eurosat,0.9000000135302544,0.010394836554527696,0.8916500807|0.9151697159|0.9049049616|0.9027081132|0.8855421543,5000,stratified_5_fold,5,20260906,0.8962962627410889,500,600,256,128,0.01,1.1188094727694988,0.04126420430839062,npu:6
vit_b16,tiny_imagenet,general_vision,2,flowers102,0.6911765336990356,0.03493830897181962,0.6470588446|0.7303922176|0.7058824301|0.7205883265|0.6519608498,1020,stratified_5_fold,5,20260906,0.7149999737739563,500,600,256,128,0.01,1.1188094727694988,0.04809751734137535,npu:6
vit_b16,tiny_imagenet,general_vision,2,food101,0.44520002031326295,0.014306562519452847,0.4376237988|0.4683168530|0.4297029972|0.4356435537|0.4552083611,5000,stratified_5_fold,5,20260906,0.48179998993873596,500,600,256,128,0.01,1.1188094727694988,0.04864826798439026,npu:6
vit_b16,tiny_imagenet,general_vision,2,gtsrb,0.6226000113368034,0.014858167796376012,0.6391347647|0.6079601645|0.6183816195|0.6408450603|0.6063072681,5000,stratified_5_fold,5,20260906,0.51419997215271,500,600,256,128,0.01,1.1188094727694988,0.04590839892625809,npu:6
vit_b16,tiny_imagenet,general_vision,2,oxford_pets,0.9146739190687304,0.010641425346672612,0.9336940646|0.9144022465|0.9157608747|0.9061225057|0.9032697678,3680,stratified_5_fold,5,20260906,0.8986099362373352,500,600,256,128,0.01,1.1188094727694988,0.04749223217368126,npu:6
vit_b16,tiny_imagenet,general_vision,3,beans,0.838491299166209,0.018658186696992506,0.8317308426|0.8454105854|0.8599033356|0.8058252335|0.8495146036,1034,stratified_5_fold,5,20260906,0.84375,500,600,256,128,0.01,1.0922201797366142,0.0420839749276638,npu:6
vit_b16,tiny_imagenet,general_vision,3,dtd,0.6042553305625915,0.006965853987338272,0.6117021441|0.5930851102|0.6103723645|0.6063829660|0.5997340679,3760,stratified_5_fold,5,20260906,0.6260638236999512,500,600,256,128,0.01,1.0922201797366142,0.04005550965666771,npu:6
vit_b16,tiny_imagenet,general_vision,3,eurosat,0.8989999715209007,0.0072923882572181395,0.8946321011|0.9021956325|0.9089089036|0.9017051458|0.8875501156,5000,stratified_5_fold,5,20260906,0.8985185623168945,500,600,256,128,0.01,1.0922201797366142,0.03683512657880783,npu:6
vit_b16,tiny_imagenet,general_vision,3,flowers102,0.6882353663444519,0.02983359575804733,0.6617647409|0.7401961684|0.6862745881|0.6960785389|0.6568627954,1020,stratified_5_fold,5,20260906,0.7178000211715698,500,600,256,128,0.01,1.0922201797366142,0.0435571800917387,npu:6
vit_b16,tiny_imagenet,general_vision,3,food101,0.43280002295970915,0.006135469577636853,0.4346534908|0.4396039844|0.4217821956|0.4366336763|0.4312500358,5000,stratified_5_fold,5,20260906,0.4803999662399292,500,600,256,128,0.01,1.0922201797366142,0.048883767798542976,npu:6
vit_b16,tiny_imagenet,general_vision,3,gtsrb,0.6336000078201294,0.01092077447410778,0.6401180029|0.6248756051|0.6203796268|0.6509054303|0.6317396164,5000,stratified_5_fold,5,20260906,0.5108000040054321,500,600,256,128,0.01,1.0922201797366142,0.04878855682909489,npu:6
vit_b16,tiny_imagenet,general_vision,3,oxford_pets,0.9211956415325403,0.006589726003437714,0.9255750179|0.9225543737|0.9211956263|0.9088435769|0.9277929068,3680,stratified_5_fold,5,20260906,0.902698278427124,500,600,256,128,0.01,1.0922201797366142,0.045920830219984055,npu:6
vit_b16,tiny_imagenet,general_vision,4,beans,0.8413926788409397,0.004494440812237624,0.8413462043|0.8405797482|0.8357487917|0.8495146036|0.8398058414,1034,stratified_5_fold,5,20260906,0.8515625,500,600,256,128,0.01,1.1617565881460905,0.0373737383633852,npu:6
vit_b16,tiny_imagenet,general_vision,4,dtd,0.6055851340293884,0.00826609571426839,0.6023936272|0.6050531864|0.6090425849|0.6183511019|0.5930851698,3760,stratified_5_fold,5,20260906,0.6202127933502197,500,600,256,128,0.01,1.1617565881460905,0.04353911057114601,npu:6
vit_b16,tiny_imagenet,general_vision,4,eurosat,0.8969999836087227,0.009599667126159861,0.8956261873|0.9021956325|0.9079079032|0.8996990919|0.8795180321,5000,stratified_5_fold,5,20260906,0.8918518424034119,500,600,256,128,0.01,1.1617565881460905,0.039606038480997086,npu:6
vit_b16,tiny_imagenet,general_vision,4,flowers102,0.7029412508010864,0.024918184230062375,0.6862745881|0.7205883265|0.7205883265|0.7254902720|0.6617647409,1020,stratified_5_fold,5,20260906,0.7211999893188477,500,600,256,128,0.01,1.1617565881460905,0.046818071976304054,npu:6
vit_b16,tiny_imagenet,general_vision,4,food101,0.4378000274300575,0.007084667239653411,0.4336633980|0.4396039844|0.4376237988|0.4495049715|0.4281250238,5000,stratified_5_fold,5,20260906,0.4813999831676483,500,600,256,128,0.01,1.1617565881460905,0.04706294275820255,npu:6
vit_b16,tiny_imagenet,general_vision,4,gtsrb,0.6387999909639358,0.01667803709601584,0.6666666269|0.6199004650|0.6363636255|0.6458752751|0.6246185303,5000,stratified_5_fold,5,20260906,0.504599928855896,500,600,256,128,0.01,1.1617565881460905,0.050600454211235046,npu:6
vit_b16,tiny_imagenet,general_vision,4,oxford_pets,0.9176630500542081,0.007268812734693922,0.9296345711|0.9171195626|0.9198369980|0.9074831009|0.9141688943,3680,stratified_5_fold,5,20260906,0.9103296995162964,500,600,256,128,0.01,1.1617565881460905,0.045730456709861755,npu:6
vit_b16,tissuemnist,medical,0,beans,0.8346228266361834,0.011467306634352635,0.8461539149|0.8454105854|0.8212560415|0.8398058414|0.8203883171,1034,stratified_5_fold,5,20260906,0.765625,500,600,256,128,0.01,1.1982148457318544,0.042708707973361015,npu:6
vit_b16,tissuemnist,medical,0,dtd,0.5840425610542297,0.004860537545357612,0.5797872543|0.5824468136|0.5890957117|0.5784574747|0.5904255509,3760,stratified_5_fold,5,20260906,0.5930850505828857,500,600,256,128,0.01,1.1982148457318544,0.039761198684573174,npu:6
vit_b16,tissuemnist,medical,0,eurosat,0.8811999516010285,0.009322710803484777,0.8886679411|0.8952095509|0.8778778315|0.8706117868|0.8734939098,5000,stratified_5_fold,5,20260906,0.8748148083686829,500,600,256,128,0.01,1.1982148457318544,0.041891466826200485,npu:6
vit_b16,tissuemnist,medical,0,flowers102,0.6382353663444519,0.038147212442329895,0.6519608498|0.7009804845|0.6127451658|0.6372549534|0.5882353783,1020,stratified_5_fold,5,20260906,0.678399920463562,500,600,256,128,0.01,1.1982148457318544,0.04297210834920406,npu:6
vit_b16,tissuemnist,medical,0,food101,0.4048000178337097,0.011256323336100901,0.3861386180|0.4207921028|0.4039604068|0.4099010229|0.4031250179,5000,stratified_5_fold,5,20260906,0.45819997787475586,500,600,256,128,0.01,1.1982148457318544,0.045757828280329704,npu:6
vit_b16,tissuemnist,medical,0,gtsrb,0.5912000090718269,0.017672020586891494,0.6116027832|0.5830845833|0.5844155550|0.6106640100|0.5656154752,5000,stratified_5_fold,5,20260906,0.47419995069503784,500,600,256,128,0.01,1.1982148457318544,0.04817143641412258,npu:6
vit_b16,tissuemnist,medical,0,oxford_pets,0.9076086753412433,0.009304888338242927,0.9215154648|0.9116847515|0.9089673758|0.8938776255|0.9019073248,3680,stratified_5_fold,5,20260906,0.8893431425094604,500,600,256,128,0.01,1.1982148457318544,0.08279383927583694,npu:6
vit_b16,tissuemnist,medical,1,beans,0.7978723576036597,0.016054271830202582,0.7980769873|0.7971014380|0.8260869384|0.7912621498|0.7766990662,1034,stratified_5_fold,5,20260906,0.796875,500,600,256,128,0.01,1.1481543444097042,0.054507818073034286,npu:6
vit_b16,tissuemnist,medical,1,dtd,0.5864362001419068,0.017091804810799135,0.5877659917|0.6117022038|0.5704787374|0.5651595592|0.5970745087,3760,stratified_5_fold,5,20260906,0.6042553186416626,500,600,256,128,0.01,1.1481543444097042,0.04813019745051861,npu:6
vit_b16,tissuemnist,medical,1,eurosat,0.8749999682664871,0.010582640798291361,0.8807156086|0.8902195692|0.8778778911|0.8625877500|0.8634537458,5000,stratified_5_fold,5,20260906,0.8718518614768982,500,600,256,128,0.01,1.1481543444097042,0.04758238606154919,npu:6
vit_b16,tissuemnist,medical,1,flowers102,0.651960837841034,0.04193969639924073,0.6127451658|0.7009804249|0.6960784793|0.6519608498|0.5980392694,1020,stratified_5_fold,5,20260906,0.6759999990463257,500,600,256,128,0.01,1.1481543444097042,0.05124906823039055,npu:6
vit_b16,tissuemnist,medical,1,food101,0.4042000216841698,0.003542373400778059,0.3990099132|0.4079208076|0.4069307148|0.4009901285|0.4062500298,5000,stratified_5_fold,5,20260906,0.44339996576309204,500,600,256,128,0.01,1.1481543444097042,0.05256867967545986,npu:6
vit_b16,tissuemnist,medical,1,gtsrb,0.5820000004529953,0.019115787379797116,0.6057031155|0.5771144032|0.5554445386|0.6016096473|0.5696846247,5000,stratified_5_fold,5,20260906,0.483599990606308,500,600,256,128,0.01,1.1481543444097042,0.06605758890509605,npu:6
vit_b16,tissuemnist,medical,1,oxford_pets,0.9095108620336522,0.00998301773013368,0.9242218137|0.9116848111|0.8953804970|0.9020408392|0.9141688943,3680,stratified_5_fold,5,20260906,0.892341136932373,500,600,256,128,0.01,1.1481543444097042,0.051894860342144966,npu:6
vit_b16,tissuemnist,medical,2,beans,0.8133462475508278,0.029714639596611227,0.7788462043|0.8019323945|0.8357487917|0.8592233062|0.7912621498,1034,stratified_5_fold,5,20260906,0.7890625,500,600,256,128,0.01,1.1615308411419392,0.04153205268085003,npu:6
vit_b16,tissuemnist,medical,2,dtd,0.5797872543334961,0.016672781179049335,0.5984042287|0.5824468136|0.5678191781|0.5545213223|0.5957447290,3760,stratified_5_fold,5,20260906,0.596276581287384,500,600,256,128,0.01,1.1615308411419392,0.048792677000164986,npu:6
vit_b16,tissuemnist,medical,2,eurosat,0.8763999766469002,0.006920897637110104,0.8697812557|0.8852295280|0.8748748302|0.8836509585|0.8684738874,5000,stratified_5_fold,5,20260906,0.8744444251060486,500,600,256,128,0.01,1.1615308411419392,0.04698152467608452,npu:6
vit_b16,tissuemnist,medical,2,flowers102,0.6372549891471863,0.03507557569298402,0.5882353783|0.6715687513|0.6519608498|0.6715686917|0.6029412746,1020,stratified_5_fold,5,20260906,0.668999969959259,500,600,256,128,0.01,1.1615308411419392,0.04713043197989464,npu:6
vit_b16,tissuemnist,medical,2,food101,0.4144000273942947,0.008876839544611225,0.4079208076|0.4287129045|0.4069307148|0.4207921028|0.4072917104,5000,stratified_5_fold,5,20260906,0.45879995822906494,500,600,256,128,0.01,1.1615308411419392,0.05119618773460388,npu:6
vit_b16,tissuemnist,medical,2,gtsrb,0.5913999850034714,0.024778266468405342,0.6135693192|0.6089552045|0.5744255781|0.6086518764|0.5503560305,5000,stratified_5_fold,5,20260906,0.4813999831676483,500,600,256,128,0.01,1.1615308411419392,0.050030844286084175,npu:6
vit_b16,tissuemnist,medical,2,oxford_pets,0.9067934831199439,0.007995971846957826,0.9079836607|0.9171196222|0.9130434990|0.8952381611|0.9005449414,3680,stratified_5_fold,5,20260906,0.8855273723602295,500,600,256,128,0.01,1.1615308411419392,0.045906540006399155,npu:6
vit_b16,tissuemnist,medical,3,beans,0.8307543692090755,0.021327246379671264,0.8173077106|0.8550724387|0.7971014380|0.8495146036|0.8349515200,1034,stratified_5_fold,5,20260906,0.8515625,500,600,256,128,0.01,1.1368367224931717,0.04611775279045105,npu:6
vit_b16,tissuemnist,medical,3,dtd,0.5789893865585327,0.0034266023945002263,0.5784574747|0.5784574747|0.5731383562|0.5824468136|0.5824468136,3760,stratified_5_fold,5,20260906,0.5792553424835205,500,600,256,128,0.01,1.1368367224931717,0.05097394622862339,npu:6
vit_b16,tissuemnist,medical,3,eurosat,0.8781999755263329,0.006233443903400028,0.8856858015|0.8852295876|0.8728728294|0.8706118464|0.8765059710,5000,stratified_5_fold,5,20260906,0.8688889145851135,500,600,256,128,0.01,1.1368367224931717,0.07039473205804825,npu:6
vit_b16,tissuemnist,medical,3,flowers102,0.6450981020927429,0.027134029144015935,0.6323530078|0.6666667461|0.6715686917|0.6568627954|0.5980392694,1020,stratified_5_fold,5,20260906,0.6631999611854553,500,600,256,128,0.01,1.1368367224931717,0.05933491513133049,npu:6
vit_b16,tissuemnist,medical,3,food101,0.4120000182986259,0.007882649897869588,0.4128713012|0.4198019803|0.4099010229|0.4188119173|0.3979166746,5000,stratified_5_fold,5,20260906,0.45579999685287476,500,600,256,128,0.01,1.1368367224931717,0.06492866389453411,npu:6
vit_b16,tissuemnist,medical,3,gtsrb,0.5904000307440758,0.017674557478523516,0.6086529493|0.5761194229|0.5904096365|0.6106640100|0.5656154752,5000,stratified_5_fold,5,20260906,0.47919997572898865,500,600,256,128,0.01,1.1368367224931717,0.053294043987989426,npu:6
vit_b16,tissuemnist,medical,3,oxford_pets,0.9086956652934136,0.005480033586250019,0.8998646736|0.9144021869|0.9048913121|0.9115647078|0.9128065109,3680,stratified_5_fold,5,20260906,0.8866175413131714,500,600,256,128,0.01,1.1368367224931717,0.05171368084847927,npu:6
vit_b16,tissuemnist,medical,4,beans,0.8181818519039818,0.01330350895169406,0.8028846979|0.8067632914|0.8164251447|0.8398058414|0.8252427578,1034,stratified_5_fold,5,20260906,0.84375,500,600,256,128,0.01,1.190299579873681,0.041660044342279434,npu:6
vit_b16,tissuemnist,medical,4,dtd,0.5816489577293396,0.011911796074162281,0.5771276951|0.6037234068|0.5784574747|0.5678191781|0.5811170340,3760,stratified_5_fold,5,20260906,0.6010638475418091,500,600,256,128,0.01,1.190299579873681,0.046332692727446556,npu:6
vit_b16,tissuemnist,medical,4,eurosat,0.8795999633550644,0.008254833520985409,0.8817096949|0.8922155499|0.8818818331|0.8746238947|0.8674697876,5000,stratified_5_fold,5,20260906,0.8803703784942627,500,600,256,128,0.01,1.190299579873681,0.04591815732419491,npu:6
vit_b16,tissuemnist,medical,4,flowers102,0.6656863331794739,0.027625481143470056,0.6470589042|0.6960784793|0.7009804249|0.6519608498|0.6323530078,1020,stratified_5_fold,5,20260906,0.6763999462127686,500,600,256,128,0.01,1.190299579873681,0.04757126607000828,npu:6
vit_b16,tissuemnist,medical,4,food101,0.41560002237558363,0.007780328806330453,0.4079208076|0.4297029972|0.4089109004|0.4158416092|0.4156250358,5000,stratified_5_fold,5,20260906,0.4535999596118927,500,600,256,128,0.01,1.190299579873681,0.04958098195493221,npu:6
vit_b16,tissuemnist,medical,4,gtsrb,0.5915999930500985,0.016570685574881467,0.5939036608|0.5999999642|0.5704295635|0.6167001724|0.5768057108,5000,stratified_5_fold,5,20260906,0.4843999743461609,500,600,256,128,0.01,1.190299579873681,0.04894784837961197,npu:6
vit_b16,tissuemnist,medical,4,oxford_pets,0.9040760898719663,0.004759462909375768,0.9093369246|0.9062500000|0.9076087475|0.8965986967|0.9005448818,3680,stratified_5_fold,5,20260906,0.8937039375305176,500,600,256,128,0.01,1.190299579873681,0.0449520256370306,npu:6
vit_b16,usps,digits_characters,0,beans,0.8297872443033141,0.02315895901065238,0.8461538553|0.8502415419|0.8019323349|0.8009709120|0.8495146036,1034,stratified_5_fold,5,20260906,0.8359375,500,600,256,128,0.01,1.1474562119692564,0.0415296945720911,npu:6
vit_b16,usps,digits_characters,0,dtd,0.5973404526710511,0.006088056778539488,0.5984042883|0.6050532460|0.5917553902|0.5890957117|0.6023936272,3760,stratified_5_fold,5,20260906,0.6042553186416626,500,600,256,128,0.01,1.1474562119692564,0.04542388953268528,npu:6
vit_b16,usps,digits_characters,0,eurosat,0.8929999900102615,0.007172114153000051,0.8906559944|0.9071856737|0.8898898959|0.8896690011|0.8875501752,5000,stratified_5_fold,5,20260906,0.8929629325866699,500,600,256,128,0.01,1.1474562119692564,0.06439959071576595,npu:6
vit_b16,usps,digits_characters,0,flowers102,0.6686275124549865,0.03460660156059719,0.6372549534|0.6911765337|0.7254902720|0.6519608498|0.6372549534,1020,stratified_5_fold,5,20260906,0.6973999738693237,500,600,256,128,0.01,1.1474562119692564,0.07508473843336105,npu:6
vit_b16,usps,digits_characters,0,food101,0.42640002292394635,0.011044837926553823,0.4128713012|0.4455445707|0.4198020101|0.4297029972|0.4239583611,5000,stratified_5_fold,5,20260906,0.46939998865127563,500,600,256,128,0.01,1.1474562119692564,0.05260768346488476,npu:6
vit_b16,usps,digits_characters,0,gtsrb,0.6183999991893768,0.021061923874731533,0.6096361876|0.6318407655|0.5984016061|0.6529175043|0.5991861820,5000,stratified_5_fold,5,20260906,0.5183999538421631,500,600,256,128,0.01,1.1474562119692564,0.049893561750650406,npu:6
vit_b16,usps,digits_characters,0,oxford_pets,0.9114130391698817,0.008857377318180067,0.9052773714|0.9225543737|0.9130434990|0.8979592323|0.9182560444,3680,stratified_5_fold,5,20260906,0.8972471952438354,500,600,256,128,0.01,1.1474562119692564,0.044577063992619514,npu:6
vit_b16,usps,digits_characters,1,beans,0.8375241763356576,0.017002641703188784,0.8269231319|0.8405797482|0.8309178352|0.8203883171|0.8689320087,1034,stratified_5_fold,5,20260906,0.8359375,500,600,256,128,0.01,1.1525563187897205,0.039770208299160004,npu:6
vit_b16,usps,digits_characters,1,dtd,0.59734046459198,0.002839632222686035,0.5997340679|0.6010638475|0.5930851698|0.5970745087|0.5957447290,3760,stratified_5_fold,5,20260906,0.6063829660415649,500,600,256,128,0.01,1.1525563187897205,0.04197634570300579,npu:6
vit_b16,usps,digits_characters,1,eurosat,0.8966000141978264,0.0053214453429526,0.8916500807|0.9001996517|0.9039039612|0.8976930976|0.8895581961,5000,stratified_5_fold,5,20260906,0.8944444060325623,500,600,256,128,0.01,1.1525563187897205,0.04571106098592281,npu:6
vit_b16,usps,digits_characters,1,flowers102,0.6813726186752319,0.017809731512205274,0.6666666865|0.7009804845|0.7009804845|0.6568627954|0.6813726425,1020,stratified_5_fold,5,20260906,0.7127999663352966,500,600,256,128,0.01,1.1525563187897205,0.04337386041879654,npu:6
vit_b16,usps,digits_characters,1,food101,0.4176000238656998,0.006391722555305469,0.4168317318|0.4217821956|0.4079207778|0.4267327189|0.4145833552,5000,stratified_5_fold,5,20260906,0.4615999758243561,500,600,256,128,0.01,1.1525563187897205,0.04727817326784134,npu:6
vit_b16,usps,digits_characters,1,gtsrb,0.6143999919056893,0.018019349712602925,0.6371681690|0.6109452248|0.5984016061|0.6327967644|0.5920650959,5000,stratified_5_fold,5,20260906,0.511199951171875,500,600,256,128,0.01,1.1525563187897205,0.04299417696893215,npu:6
vit_b16,usps,digits_characters,1,oxford_pets,0.9095108719623607,0.007089378761948132,0.9188091159|0.8994565010|0.9116848111|0.9034014344|0.9141689539,3680,stratified_5_fold,5,20260906,0.899427592754364,500,600,256,128,0.01,1.1525563187897205,0.04433822259306908,npu:6
vit_b16,usps,digits_characters,2,beans,0.8210831915156293,0.012617702385491822,0.8221154213|0.8405797482|0.8019323349|0.8155339956|0.8252427578,1034,stratified_5_fold,5,20260906,0.8125,500,600,256,128,0.01,1.1123853493481874,0.03949923627078533,npu:6
vit_b16,usps,digits_characters,2,dtd,0.5938830137252807,0.012936587261924232,0.6103724241|0.5904256105|0.5811170340|0.5797872543|0.6077127457,3760,stratified_5_fold,5,20260906,0.6053191423416138,500,600,256,128,0.01,1.1123853493481874,0.04580147750675678,npu:6
vit_b16,usps,digits_characters,2,eurosat,0.8923999711751938,0.005649630166811705,0.8976142406|0.8982036114|0.8948948383|0.8856569529|0.8855421543,5000,stratified_5_fold,5,20260906,0.8966666460037231,500,600,256,128,0.01,1.1123853493481874,0.047363316640257835,npu:6
vit_b16,usps,digits_characters,2,flowers102,0.6852941751480103,0.018445970106820957,0.6862745881|0.7156863213|0.6911765337|0.6715686917|0.6617647409,1020,stratified_5_fold,5,20260906,0.6999999284744263,500,600,256,128,0.01,1.1123853493481874,0.04525872692465782,npu:6
vit_b16,usps,digits_characters,2,food101,0.42520001202821733,0.015547448496573793,0.3999999762|0.4465346932|0.4297029674|0.4316831827|0.4177083671,5000,stratified_5_fold,5,20260906,0.47099998593330383,500,600,256,128,0.01,1.1123853493481874,0.04863772727549076,npu:6
vit_b16,usps,digits_characters,2,gtsrb,0.6278000171542167,0.02019864963986668,0.6440511942|0.6278606653|0.6153846383|0.6539235115|0.5971516371,5000,stratified_5_fold,5,20260906,0.5097999572753906,500,600,256,128,0.01,1.1123853493481874,0.04892204701900482,npu:6
vit_b16,usps,digits_characters,2,oxford_pets,0.9097826042900915,0.010275528051127756,0.9255750179|0.9157608747|0.9076087475|0.8952381611|0.9046320915,3680,stratified_5_fold,5,20260906,0.896156907081604,500,600,256,128,0.01,1.1123853493481874,0.04432768188416958,npu:6
vit_b16,usps,digits_characters,3,beans,0.8452611412254939,0.021476878331441615,0.8125000596|0.8405797482|0.8357487917|0.8689320087|0.8689320683,1034,stratified_5_fold,5,20260906,0.859375,500,600,256,128,0.01,1.113502012565732,0.03830602392554283,npu:6
vit_b16,usps,digits_characters,3,dtd,0.5938830137252807,0.008804753158218477,0.5930851698|0.5984042883|0.5771276951|0.6010638475|0.5997340679,3760,stratified_5_fold,5,20260906,0.5957446098327637,500,600,256,128,0.01,1.113502012565732,0.041075801476836205,npu:6
vit_b16,usps,digits_characters,3,eurosat,0.892999998986721,0.004873219673412341,0.8936381340|0.8962076306|0.8998999596|0.8886659741|0.8865461349,5000,stratified_5_fold,5,20260906,0.8959259986877441,500,600,256,128,0.01,1.113502012565732,0.03920896351337433,npu:6
vit_b16,usps,digits_characters,3,flowers102,0.6823529839515686,0.02898381721047674,0.6519608498|0.7205882668|0.6862745285|0.7058824301|0.6470588446,1020,stratified_5_fold,5,20260906,0.7041999101638794,500,600,256,128,0.01,1.113502012565732,0.04141049645841122,npu:6
vit_b16,usps,digits_characters,3,food101,0.4212000127434731,0.017217125785665068,0.3950495124|0.4425742626|0.4257425964|0.4336633682|0.4083333611,5000,stratified_5_fold,5,20260906,0.4757999777793884,500,600,256,128,0.01,1.113502012565732,0.042924849316477776,npu:6
vit_b16,usps,digits_characters,3,gtsrb,0.6121999915003776,0.01209855082002411,0.6253687143|0.6119402647|0.5934066176|0.6247484684|0.6052899361,5000,stratified_5_fold,5,20260906,0.5037999749183655,500,600,256,128,0.01,1.113502012565732,0.03960171714425087,npu:6
vit_b16,usps,digits_characters,3,oxford_pets,0.917391302112652,0.0067473059652394815,0.9282814264|0.9144021869|0.9184782505|0.9074831009|0.9182560444,3680,stratified_5_fold,5,20260906,0.9013354778289795,500,600,256,128,0.01,1.113502012565732,0.05387744680047035,npu:6
vit_b16,usps,digits_characters,4,beans,0.8413926573971023,0.011598460398630023,0.8557692766|0.8550724983|0.8309178352|0.8349514604|0.8300970793,1034,stratified_5_fold,5,20260906,0.8046875,500,600,256,128,0.01,1.143527315929532,0.039314135909080505,npu:6
vit_b16,usps,digits_characters,4,dtd,0.5965425848960877,0.011239648220539971,0.5851063728|0.5877659917|0.6023936868|0.5917553902|0.6156914830,3760,stratified_5_fold,5,20260906,0.6058510541915894,500,600,256,128,0.01,1.143527315929532,0.03763465955853462,npu:6
vit_b16,usps,digits_characters,4,eurosat,0.895400002527237,0.005426573771740577,0.9025844336|0.8992016315|0.8938939571|0.8946840763|0.8865461349,5000,stratified_5_fold,5,20260906,0.9014815092086792,500,600,256,128,0.01,1.143527315929532,0.036824289709329605,npu:6
vit_b16,usps,digits_characters,4,flowers102,0.7029412508010864,0.0421226661851276,0.6568627954|0.7549020648|0.7401961684|0.7107843757|0.6519608498,1020,stratified_5_fold,5,20260906,0.6959999799728394,500,600,256,128,0.01,1.143527315929532,0.04086912237107754,npu:6
vit_b16,usps,digits_characters,4,food101,0.41840001320838927,0.005830703026735705,0.4079207778|0.4217821956|0.4247525036|0.4168317020|0.4208333492,5000,stratified_5_fold,5,20260906,0.4723999798297882,500,600,256,128,0.01,1.143527315929532,0.0411900132894516,npu:6
vit_b16,usps,digits_characters,4,gtsrb,0.6261999929189682,0.012202720608151175,0.6381514072|0.6238805652|0.6223775744|0.6398390532|0.6063072681,5000,stratified_5_fold,5,20260906,0.5034000277519226,500,600,256,128,0.01,1.143527315929532,0.03989025577902794,npu:6
vit_b16,usps,digits_characters,4,oxford_pets,0.9119565271003091,0.007022951308120797,0.9228686690|0.9021739364|0.9076087475|0.9115647078|0.9155312777,3680,stratified_5_fold,5,20260906,0.9021531343460083,500,600,256,128,0.01,1.143527315929532,0.0405211690813303,npu:6
