encoder,source,source_domain,adapter_seed,target,validation_accuracy,validation_accuracy_std,validation_fold_accuracies,validation_partition_accuracies,validation_accuracy_std_across_partitions,validation_examples,unique_validation_examples,target_validation_protocol,target_cv_folds,target_cv_partitions,target_cv_seed,test_accuracy,source_samples,steps,width,batch_size,ridge,training_seconds,evaluation_seconds,device
clip_b32,bloodmnist,medical,0,beans,0.870406201814237,0.02569489018201655,0.8750001192|0.8792270422|0.8937197924|0.9077669382|0.8932038546|0.8894231319|0.8212560415|0.8599033952|0.8446601629|0.8980582952|0.8990385532|0.8502415419|0.8599033952|0.8495145440|0.8349514604,0.8897485521|0.8626692623|0.8588007910,0.013767985887984578,3102,1034,repeated_stratified_5_fold,5,3,20260905|20260906|20260907,0.8828125,500,600,256,128,0.01,2.0294972117990255,0.22941096872091293,npu:5
clip_b32,bloodmnist,medical,0,dtd,0.6581560611724854,0.014514112065774375,0.6742021441|0.6595745087|0.6635638475|0.6329787970|0.6688829660|0.6702128053|0.6768617630|0.6515958309|0.6316489577|0.6382979155|0.6702127457|0.6436170340|0.6688830256|0.6609042883|0.6609042883,0.6598404527|0.6537234545|0.6609042764,0.0031642726193561294,11280,3760,repeated_stratified_5_fold,5,3,20260905|20260906|20260907,0.6797872185707092,500,600,256,128,0.01,2.0294972117990255,0.1469455622136593,npu:5
clip_b32,bloodmnist,medical,0,eurosat,0.9015999886751175,0.008925900293219354,0.8866798878|0.9071856737|0.9199199677|0.9037110806|0.8875501752|0.9105367064|0.8992016315|0.9039039016|0.8956871033|0.9036144018|0.8956261873|0.8962075710|0.8998999000|0.8986960649|0.9156626463,0.9009999963|0.9025999891|0.9011999806,0.0007118047579504369,15000,5000,repeated_stratified_5_fold,5,3,20260905|20260906|20260907,0.9103703498840332,500,600,256,128,0.01,2.0294972117990255,0.11244271695613861,npu:5
clip_b32,bloodmnist,medical,0,flowers102,0.8277778466542562,0.026721556830105183,0.8186275363|0.8480392694|0.8039216399|0.8186275363|0.8284314275|0.8186274767|0.8529412746|0.8039216399|0.8676471114|0.7843137980|0.8774510622|0.8578432202|0.8333333731|0.7990196943|0.8039216399,0.8235294819|0.8254902601|0.8343137980,0.004690426941166182,3060,1020,repeated_stratified_5_fold,5,3,20260905|20260906|20260907,0.8359999656677246,500,600,256,128,0.01,2.0294972117990255,0.10310674645006657,npu:5
clip_b32,bloodmnist,medical,0,food101,0.6869333595434824,0.011568103245869887,0.6871287227|0.6811881661|0.6970297098|0.7019802332|0.6812500954|0.6841584444|0.6930693388|0.6900990605|0.6762375832|0.6854166985|0.6693069339|0.6782178283|0.6742574573|0.7168316841|0.6875000596,0.6898000383|0.6858000203|0.6852000200,0.0020417942430430783,15000,5000,repeated_stratified_5_fold,5,3,20260905|20260906|20260907,0.7389999628067017,500,600,256,128,0.01,2.0294972117990255,0.10284739546477795,npu:5
clip_b32,bloodmnist,medical,0,gtsrb,0.8025333510041236,0.012196088530620661,0.8131760359|0.7910447717|0.7992007732|0.8128772974|0.7853510380|0.8210422993|0.7890547514|0.7972028255|0.8229376078|0.7985758185|0.8210422993|0.7910447717|0.7932068110|0.8038229346|0.7975585461,0.8004000204|0.8058000167|0.8014000159,0.0023456806327405272,15000,5000,repeated_stratified_5_fold,5,3,20260905|20260906|20260907,0.7447999715805054,500,600,256,128,0.01,2.0294972117990255,0.10736525803804398,npu:5
clip_b32,bloodmnist,medical,0,oxford_pets,0.8280797201978124,0.012973393369189564,0.8200269938|0.8288043737|0.8152174354|0.8408163786|0.8106266856|0.8051420450|0.8423913121|0.8247283101|0.8462585211|0.8256130815|0.8362651467|0.8260869980|0.8491848111|0.8353741765|0.8147139549,0.8230978330|0.8288043554|0.8323369722,0.0038065071807974206,11040,3680,repeated_stratified_5_fold,5,3,20260905|20260906|20260907,0.7819569110870361,500,600,256,128,0.01,2.0294972117990255,0.0981945302337408,npu:5
clip_b32,bloodmnist,medical,1,beans,0.8655706073375459,0.016553223839390306,0.8990384936|0.8309178352|0.8647342920|0.8640776873|0.8689320087|0.8750000000|0.8502415419|0.8647342920|0.8980582952|0.8689320683|0.8605769873|0.8502415419|0.8550724983|0.8640776873|0.8689320087,0.8655705942|0.8713733196|0.8597679082,0.004737889396741044,3102,1034,repeated_stratified_5_fold,5,3,20260905|20260906|20260907,0.875,500,600,256,128,0.01,1.2179244719445705,0.14274975657463074,npu:5
clip_b32,bloodmnist,medical,1,dtd,0.6592198848724365,0.014530367970248492,0.6742022038|0.6515957713|0.6529254913|0.6702128053|0.6648936272|0.6609042883|0.6569148898|0.6529255509|0.6422872543|0.6502659917|0.6569149494|0.6236702204|0.6821808815|0.6702128053|0.6781915426,0.6627659798|0.6526595950|0.6622340798,0.0046439050856506275,11280,3760,repeated_stratified_5_fold,5,3,20260905|20260906|20260907,0.6638298034667969,500,600,256,128,0.01,1.2179244719445705,0.12022659927606583,npu:5
clip_b32,bloodmnist,medical,1,eurosat,0.9032666641632715,0.008210976368853934,0.8827037811|0.9061876535|0.9219219685|0.9107321501|0.9016064405|0.8976142406|0.9071856737|0.8998999000|0.8976930380|0.9066264629|0.8966202736|0.9041916132|0.9079079628|0.9027081132|0.9056224823,0.9046000095|0.9017999774|0.9034000055,0.0011469902219497135,15000,5000,repeated_stratified_5_fold,5,3,20260905|20260906|20260907,0.9129629731178284,500,600,256,128,0.01,1.2179244719445705,0.1274107862263918,npu:5
clip_b32,bloodmnist,medical,1,flowers102,0.8323530038197835,0.0269206429145989,0.8431373239|0.8333333731|0.8382353783|0.8235294819|0.7990196943|0.8039216399|0.8480392694|0.8578432202|0.8529412150|0.7941176891|0.8872549534|0.8529412150|0.7843137980|0.8235294819|0.8431373239,0.8274510503|0.8313726068|0.8382353544,0.0044569187982493284,3060,1020,repeated_stratified_5_fold,5,3,20260905|20260906|20260907,0.8375999927520752,500,600,256,128,0.01,1.2179244719445705,0.1125849038362503,npu:5
clip_b32,bloodmnist,medical,1,food101,0.6821333619356156,0.010122010812313616,0.6920792460|0.6861386299|0.6762376428|0.6881188154|0.6687500477|0.6702970266|0.6910891533|0.6891089678|0.6673267484|0.6927083731|0.6663366556|0.6801980734|0.6782178879|0.6990098953|0.6864583492,0.6824000247|0.6820000306|0.6820000305,0.00018855901538527103,15000,5000,repeated_stratified_5_fold,5,3,20260905|20260906|20260907,0.739799976348877,500,600,256,128,0.01,1.2179244719445705,0.103593023493886,npu:5
clip_b32,bloodmnist,medical,1,gtsrb,0.8057333414673806,0.010606805091378887,0.7994101048|0.8199005127|0.8031967878|0.8128772974|0.7945066690|0.7954769135|0.8009949923|0.8031967878|0.8219316006|0.8016276360|0.8289085627|0.7910448313|0.7992007732|0.8118711710|0.8016276956,0.8060000331|0.8045999900|0.8066000013,0.0008379954754882048,15000,5000,repeated_stratified_5_fold,5,3,20260905|20260906|20260907,0.7529999613761902,500,600,256,128,0.01,1.2179244719445705,0.0957406796514988,npu:5
clip_b32,bloodmnist,medical,1,oxford_pets,0.8293478395411934,0.010025403832067058,0.8186737895|0.8423913717|0.8138587475|0.8503401279|0.8228883147|0.8186738491|0.8301631212|0.8369565606|0.8312925696|0.8201634884|0.8240865469|0.8369565606|0.8410326242|0.8272109032|0.8256130815,0.8296195748|0.8274456792|0.8309782646,0.0014549157988464603,11040,3680,repeated_stratified_5_fold,5,3,20260905|20260906|20260907,0.7931316494941711,500,600,256,128,0.01,1.2179244719445705,0.09411538392305374,npu:5
clip_b32,bloodmnist,medical,2,beans,0.8526756999225173,0.02270676501417459,0.8605769873|0.8019323349|0.8550724983|0.8689320087|0.8786407709|0.8509615660|0.8164250851|0.8550724983|0.8834951520|0.8834951520|0.8365384936|0.8502415419|0.8695651889|0.8446602225|0.8349514604,0.8529980720|0.8578336635|0.8471953642,0.00434904555681934,3102,1034,repeated_stratified_5_fold,5,3,20260905|20260906|20260907,0.859375,500,600,256,128,0.01,1.251673512160778,0.13567384332418442,npu:5
clip_b32,bloodmnist,medical,2,dtd,0.6517730951309204,0.016882651435139798,0.6728723645|0.6622340679|0.6462766528|0.6396276951|0.6555851698|0.6476064324|0.6688830256|0.6582447290|0.6170213223|0.6489361525|0.6742022038|0.6263298392|0.6715425849|0.6316490173|0.6555851698,0.6553191900|0.6481383324|0.6518617630,0.0029322432448918787,11280,3760,repeated_stratified_5_fold,5,3,20260905|20260906|20260907,0.6638298034667969,500,600,256,128,0.01,1.251673512160778,0.1261916197836399,npu:5
clip_b32,bloodmnist,medical,2,eurosat,0.9066666540265084,0.008302215990041162,0.8896619678|0.9001995921|0.9259259701|0.9067201614|0.9126505852|0.9145128727|0.8962075710|0.9089089632|0.9057171345|0.9086345434|0.9015903473|0.9061876535|0.9089089036|0.9007021189|0.9136545658,0.9069999918|0.9067999957|0.9061999746,0.0003399430046731966,15000,5000,repeated_stratified_5_fold,5,3,20260905|20260906|20260907,0.9092592597007751,500,600,256,128,0.01,1.251673512160778,0.11395072005689144,npu:5
clip_b32,bloodmnist,medical,2,flowers102,0.8235294779141743,0.029897944314903314,0.8627451658|0.8431373239|0.8235294819|0.8088235855|0.8137255311|0.7647059560|0.8823530078|0.8284314275|0.8431373239|0.7990196943|0.8480392694|0.8235294819|0.8088235855|0.8284314871|0.7745098472,0.8303922176|0.8235294819|0.8166667342,0.005603405140989674,3060,1020,repeated_stratified_5_fold,5,3,20260905|20260906|20260907,0.8416000008583069,500,600,256,128,0.01,1.251673512160778,0.11812310479581356,npu:5
clip_b32,bloodmnist,medical,2,food101,0.6786000260909398,0.010970260981025173,0.6722772717|0.6752475500|0.6683168411|0.6831683517|0.6718750596|0.6742574573|0.6930693388|0.6772277355|0.6871287227|0.6843750477|0.6514851451|0.6762376428|0.6782178283|0.6881188154|0.6989583969,0.6742000344|0.6832000265|0.6784000174,0.0036769522894176667,15000,5000,repeated_stratified_5_fold,5,3,20260905|20260906|20260907,0.740399956703186,500,600,256,128,0.01,1.251673512160778,0.10155262984335423,npu:5
clip_b32,bloodmnist,medical,2,gtsrb,0.8071333408792812,0.00826361081142187,0.7994100451|0.8109452724|0.8071928024|0.8138833046|0.7985758185|0.8112094402|0.8000000119|0.8001998067|0.8189134598|0.8107833862|0.8249754310|0.7940298319|0.8041958213|0.8118712306|0.8006103635,0.8060000089|0.8082000134|0.8072000004,0.000899384076222274,15000,5000,repeated_stratified_5_fold,5,3,20260905|20260906|20260907,0.7409999370574951,500,600,256,128,0.01,1.251673512160778,0.09583771973848343,npu:5
clip_b32,bloodmnist,medical,2,oxford_pets,0.8333333492549002,0.012832058900603195,0.8213801980|0.8410326242|0.8097826242|0.8421769142|0.8419618607|0.8227333426|0.8437500596|0.8396739960|0.8476190567|0.8106267452|0.8308524489|0.8247283101|0.8546196222|0.8299319744|0.8392370939,0.8312500073|0.8328804573|0.8358695832,0.0019129303301033062,11040,3680,repeated_stratified_5_fold,5,3,20260905|20260906|20260907,0.7865903377532959,500,600,256,128,0.01,1.251673512160778,0.09288319014012814,npu:5
clip_b32,bloodmnist,medical,3,beans,0.8523533355221297,0.01890247954858592,0.8413462639|0.8550724387|0.8550724387|0.8689320087|0.8786407709|0.8365385532|0.8357487917|0.8743961453|0.8932039142|0.8446601629|0.8317308426|0.8550724983|0.8502415419|0.8203883767|0.8446601629,0.8597678966|0.8568665580|0.8404255520,0.008516981343305733,3102,1034,repeated_stratified_5_fold,5,3,20260905|20260906|20260907,0.8828125,500,600,256,128,0.01,1.2218568827956915,0.12116702273488045,npu:5
clip_b32,bloodmnist,medical,3,dtd,0.6625886797904968,0.01576767183157221,0.6861702204|0.6715425849|0.6502659917|0.6502660513|0.6622340679|0.6702127457|0.6662234068|0.6875000000|0.6183511019|0.6675531864|0.6609042883|0.6555851698|0.6702128053|0.6609042883|0.6609042883,0.6640957832|0.6619680882|0.6617021680,0.0010711983863638157,11280,3760,repeated_stratified_5_fold,5,3,20260905|20260906|20260907,0.6654255390167236,500,600,256,128,0.01,1.2218568827956915,0.12075846269726753,npu:5
clip_b32,bloodmnist,medical,3,eurosat,0.8989999767541885,0.007154757101210727,0.8896619678|0.8972055912|0.9089089036|0.9067201614|0.8865461349|0.8966201544|0.8962075710|0.8908908963|0.9037110806|0.9046184421|0.8926440477|0.9061876535|0.9089089632|0.8936810493|0.9026104212,0.8977999776|0.8983999565|0.9007999962,0.0012961599875570436,15000,5000,repeated_stratified_5_fold,5,3,20260905|20260906|20260907,0.9003703594207764,500,600,256,128,0.01,1.2218568827956915,0.10415796749293804,npu:5
clip_b32,bloodmnist,medical,3,flowers102,0.8179739236831666,0.03381366170854411,0.8872549534|0.8235294819|0.8039216399|0.7794117928|0.8186275363|0.7598040104|0.8578432202|0.8431373239|0.8382353783|0.7745099068|0.8186274767|0.8039216399|0.8431373239|0.7794117928|0.8382353783,0.8225490808|0.8147059679|0.8166667223,0.0033326852802582933,3060,1020,repeated_stratified_5_fold,5,3,20260905|20260906|20260907,0.8317999243736267,500,600,256,128,0.01,1.2218568827956915,0.11982826143503189,npu:5
clip_b32,bloodmnist,medical,3,food101,0.6847333604494731,0.013493331355497741,0.6960396171|0.6722772717|0.6861386299|0.6930693388|0.6781250238|0.6663366556|0.6871287823|0.6910891533|0.6940594316|0.6947917342|0.6653465629|0.6722772121|0.6693069339|0.7158415914|0.6895833611,0.6852000258|0.6866000456|0.6824000100,0.001746120864752386,15000,5000,repeated_stratified_5_fold,5,3,20260905|20260906|20260907,0.7411999702453613,500,600,256,128,0.01,1.2218568827956915,0.10140317864716053,npu:5
clip_b32,bloodmnist,medical,3,gtsrb,0.8077333366513253,0.013026290365495748,0.8023599386|0.8059701920|0.8171827793|0.8169014454|0.8006104231|0.8131760359|0.7940298319|0.8021977544|0.8289737701|0.7985758185|0.8357915282|0.7820895314|0.8001998067|0.8098590970|0.8077315092,0.8086000290|0.8073999838|0.8071999972,0.0006182585397508661,15000,5000,repeated_stratified_5_fold,5,3,20260905|20260906|20260907,0.7347999811172485,500,600,256,128,0.01,1.2218568827956915,0.09727861545979977,npu:5
clip_b32,bloodmnist,medical,3,oxford_pets,0.8312500035039325,0.009861489677757263,0.8213801384|0.8260869980|0.8301631212|0.8517006636|0.8242506981|0.8389714956|0.8315217495|0.8179348111|0.8448979855|0.8256130815|0.8146142960|0.8315217495|0.8328804970|0.8353741765|0.8419618607,0.8307065245|0.8317934742|0.8312500118,0.0004437453514307155,11040,3680,repeated_stratified_5_fold,5,3,20260905|20260906|20260907,0.7983101606369019,500,600,256,128,0.01,1.2218568827956915,0.0946197472512722,npu:5
clip_b32,bloodmnist,medical,4,beans,0.8807221237188151,0.02126435735743652,0.8990385532|0.8792270422|0.9130434394|0.8689320683|0.8932038546|0.9134615660|0.8550724387|0.8840579987|0.8883495331|0.9077669978|0.8413462043|0.8599033356|0.8695652485|0.8592233062|0.8786407709,0.8907156759|0.8897485606|0.8617021347,0.013454957325515842,3102,1034,repeated_stratified_5_fold,5,3,20260905|20260906|20260907,0.8671875,500,600,256,128,0.01,1.2480501718819141,0.11915956810116768,npu:5
clip_b32,bloodmnist,medical,4,dtd,0.6696808815002441,0.01566517107422787,0.6675532460|0.6728724241|0.6728723645|0.6582446694|0.6835106611|0.6808511019|0.6715425253|0.6688830256|0.6462765932|0.6595745087|0.6914893985|0.6462766528|0.7061170340|0.6595745087|0.6595745087,0.6710106730|0.6654255509|0.6726064205,0.003078688156274786,11280,3760,repeated_stratified_5_fold,5,3,20260905|20260906|20260907,0.6728723049163818,500,600,256,128,0.01,1.2480501718819141,0.12227113731205463,npu:5
clip_b32,bloodmnist,medical,4,eurosat,0.8978666410923003,0.008548294940007466,0.8787275553|0.9031936526|0.9049049020|0.9097291827|0.8895581961|0.8946321607|0.8932135701|0.9009009004|0.8936809897|0.9006023407|0.9025844336|0.9021956325|0.8858858347|0.8966900110|0.9116466045,0.8971999832|0.8965999657|0.8997999744,0.0013888456667822762,15000,5000,repeated_stratified_5_fold,5,3,20260905|20260906|20260907,0.9088888764381409,500,600,256,128,0.01,1.2480501718819141,0.10216217115521431,npu:5
clip_b32,bloodmnist,medical,4,flowers102,0.8225490848223368,0.024555498381327718,0.8431373239|0.8431373239|0.8382353783|0.8088235855|0.7892157435|0.8137255907|0.8431373239|0.8235294819|0.8578431606|0.7745099068|0.8529412150|0.8039216399|0.8431372643|0.8039216399|0.7990196943,0.8245098710|0.8225490928|0.8205882907,0.0016009784593768236,3060,1020,repeated_stratified_5_fold,5,3,20260905|20260906|20260907,0.8303999900817871,500,600,256,128,0.01,1.2480501718819141,0.0994276124984026,npu:5
clip_b32,bloodmnist,medical,4,food101,0.6866000371376674,0.012205595088107354,0.6960396767|0.6772277355|0.6960396171|0.6861386299|0.6843750477|0.6782178879|0.6841584444|0.6722773314|0.6950495243|0.6916667223|0.6633663774|0.6742574573|0.6861386299|0.7059406042|0.7093750238,0.6880000323|0.6842000546|0.6876000245,0.0017048828973869736,15000,5000,repeated_stratified_5_fold,5,3,20260905|20260906|20260907,0.7417999505996704,500,600,256,128,0.01,1.2480501718819141,0.10248496197164059,npu:5
clip_b32,bloodmnist,medical,4,gtsrb,0.8121333404938381,0.01150341986195366,0.8210422993|0.8000000119|0.8191808462|0.8249496818|0.7934893370|0.8161258698|0.8000000119|0.8001998067|0.8309859037|0.8067141771|0.8269420266|0.8019900322|0.8031967878|0.8148893118|0.8219735622,0.8118000119|0.8108000105|0.8137999991,0.0012472139463632205,15000,5000,repeated_stratified_5_fold,5,3,20260905|20260906|20260907,0.740399956703186,500,600,256,128,0.01,1.2480501718819141,0.10033395700156689,npu:5
clip_b32,bloodmnist,medical,4,oxford_pets,0.8312499972573225,0.010971063492585533,0.8240865469|0.8464673758|0.8274456859|0.8435374498|0.8337874413|0.8119078875|0.8301631212|0.8532608747|0.8326531053|0.8119890690|0.8322055936|0.8274456859|0.8342391253|0.8231292963|0.8365122676,0.8350543421|0.8279891301|0.8307065195,0.002909848928647072,11040,3680,repeated_stratified_5_fold,5,3,20260905|20260906|20260907,0.7964022159576416,500,600,256,128,0.01,1.2480501718819141,0.09670504368841648,npu:5
clip_b32,breastmnist,medical,0,beans,0.8591231565410902,0.01712995750839752,0.8653846979|0.8454105854|0.8888888359|0.8543689251|0.8737864494|0.8461539149|0.8550724983|0.8502415419|0.8932039142|0.8495146036|0.8269231319|0.8743960857|0.8647342920|0.8446601629|0.8543689251,0.8655706040|0.8588008078|0.8529980578,0.005137779086828652,3102,1034,repeated_stratified_5_fold,5,3,20260905|20260906|20260907,0.890625,500,600,256,128,0.01,1.2749460898339748,0.12396722473204136,npu:5
clip_b32,breastmnist,medical,0,dtd,0.6445035815238953,0.0156566410910713,0.6635638475|0.6250000000|0.6422872543|0.6369681358|0.6449468136|0.6609042883|0.6595745087|0.6449468732|0.6156915426|0.6436170340|0.6555851698|0.6170213223|0.6688830256|0.6502659917|0.6382979155,0.6425532103|0.6449468493|0.6460106850,0.0014458901783492388,11280,3760,repeated_stratified_5_fold,5,3,20260905|20260906|20260907,0.6712765693664551,500,600,256,128,0.01,1.2749460898339748,0.10753114894032478,npu:5
clip_b32,breastmnist,medical,0,eurosat,0.8962666560808819,0.010848384071872157,0.8807156682|0.8992016315|0.9129129648|0.9047141075|0.8795180321|0.9005963802|0.8922155499|0.8908908963|0.8836508989|0.9136545658|0.8876739144|0.8932135701|0.9059059620|0.8906720281|0.9086345434,0.8953999948|0.8961999678|0.8972000057,0.0007363628159971618,15000,5000,repeated_stratified_5_fold,5,3,20260905|20260906|20260907,0.9051852226257324,500,600,256,128,0.01,1.2749460898339748,0.10835783183574677,npu:5
clip_b32,breastmnist,medical,0,flowers102,0.8003268718719482,0.021364656926228475,0.8284314871|0.8088235855|0.8382353783|0.7696079016|0.7892157435|0.7990196943|0.8039216399|0.7843137980|0.7892158031|0.7892158031|0.8137255311|0.8382353783|0.7941176891|0.7941176891|0.7647059560,0.8068628192|0.7931373477|0.8009804487,0.00562242616527109,3060,1020,repeated_stratified_5_fold,5,3,20260905|20260906|20260907,0.8141999840736389,500,600,256,128,0.01,1.2749460898339748,0.10844721272587776,npu:5
clip_b32,breastmnist,medical,0,food101,0.6760666911999383,0.015176645111965073,0.6920791864|0.6643564701|0.6861386299|0.6762376428|0.6572917104|0.6514851451|0.6950495243|0.6702970266|0.6831682920|0.6895833611|0.6495050192|0.6792079806|0.6633663774|0.6920792460|0.6916667223,0.6754000181|0.6778000029|0.6750000526,0.0012364654671103313,15000,5000,repeated_stratified_5_fold,5,3,20260905|20260906|20260907,0.7289999723434448,500,600,256,128,0.01,1.2749460898339748,0.10471186973154545,npu:5
clip_b32,breastmnist,medical,0,gtsrb,0.8050000073313712,0.01151377813003145,0.7984267473|0.8049751520|0.8121877909|0.8128772974|0.7894201875|0.7964602113|0.8079602122|0.7902097702|0.8329979777|0.8087487817|0.8171091080|0.7880597115|0.8101897836|0.8058350086|0.7995930910,0.8036000173|0.8072000141|0.8041999906,0.001574804596707364,15000,5000,repeated_stratified_5_fold,5,3,20260905|20260906|20260907,0.7379999160766602,500,600,256,128,0.01,1.2749460898339748,0.09976769238710403,npu:5
clip_b32,breastmnist,medical,0,oxford_pets,0.8222826220203138,0.00979473117287067,0.8335587978|0.7989131212|0.8125000000|0.8340136409|0.8283379078|0.8146142960|0.8138587475|0.8301631212|0.8231292963|0.8188010454|0.8267928958|0.8383152485|0.8192934990|0.8217687607|0.8201634884,0.8214674074|0.8201087120|0.8252717467,0.00218520218353731,11040,3680,repeated_stratified_5_fold,5,3,20260905|20260906|20260907,0.7857726812362671,500,600,256,128,0.01,1.2749460898339748,0.1008716281503439,npu:5
clip_b32,breastmnist,medical,1,beans,0.8768536585673141,0.0213494186970687,0.8846154213|0.8599033356|0.8985506892|0.8980582952|0.8592233062|0.8894231319|0.8260869384|0.8840579987|0.8932038546|0.8980582952|0.8461539149|0.8599033952|0.8985506892|0.8834952116|0.8737864494,0.8800773701|0.8781431492|0.8723404564,0.003287557122433629,3102,1034,repeated_stratified_5_fold,5,3,20260905|20260906|20260907,0.8671875,500,600,256,128,0.01,1.2492209877818823,0.11447933316230774,npu:5
clip_b32,breastmnist,medical,1,dtd,0.6507092475891113,0.010227750022304555,0.6595745087|0.6595745087|0.6489362121|0.6449468136|0.6409574747|0.6489361525|0.6609042883|0.6555851698|0.6462766528|0.6529255509|0.6409574747|0.6250000000|0.6688829660|0.6502659917|0.6569149494,0.6507979035|0.6529255629|0.6484042764,0.0018468717305421523,11280,3760,repeated_stratified_5_fold,5,3,20260905|20260906|20260907,0.6643616557121277,500,600,256,128,0.01,1.2492209877818823,0.1106035877019167,npu:5
clip_b32,breastmnist,medical,1,eurosat,0.8917333161671958,0.01166159844371129,0.8797216415|0.8922156096|0.9159159064|0.8956870437|0.8714858890|0.8966202140|0.8852295280|0.8838838935|0.8856569529|0.9036144018|0.8896619678|0.8892215490|0.9009009600|0.8776329160|0.9086344838,0.8909999861|0.8909999716|0.8931999908,0.0010370955512880274,15000,5000,repeated_stratified_5_fold,5,3,20260905|20260906|20260907,0.9062963128089905,500,600,256,128,0.01,1.2492209877818823,0.10167578980326653,npu:5
clip_b32,breastmnist,medical,1,flowers102,0.7928105195363363,0.019150433969625444,0.7696079016|0.7941176891|0.7941177487|0.7598040104|0.7941176891|0.7843137980|0.8186275363|0.7794117928|0.7941176891|0.7941177487|0.7941176891|0.8333333731|0.8088235855|0.7647059560|0.8088235855,0.7823530078|0.7941177130|0.8019608378,0.008058052527653814,3060,1020,repeated_stratified_5_fold,5,3,20260905|20260906|20260907,0.8041999340057373,500,600,256,128,0.01,1.2492209877818823,0.11163877323269844,npu:5
clip_b32,breastmnist,medical,1,food101,0.6758667147159576,0.01403925310375176,0.6861386895|0.6732673645|0.6821782589|0.6762376428|0.6718751192|0.6564357281|0.6821782589|0.6752475500|0.6792079210|0.6947917342|0.6514852047|0.6801980734|0.6554455757|0.7059406042|0.6677083969,0.6780000579|0.6774000435|0.6722000427,0.00260427430117043,15000,5000,repeated_stratified_5_fold,5,3,20260905|20260906|20260907,0.7295999526977539,500,600,256,128,0.01,1.2492209877818823,0.10847600549459457,npu:5
clip_b32,breastmnist,medical,1,gtsrb,0.7939333637913069,0.008632917379902667,0.7954769135|0.7990050316|0.7942057848|0.8038229942|0.7833163738|0.7974435091|0.7830846310|0.7922078371|0.8088531494|0.7914547920|0.8062930703|0.7771143913|0.7942057848|0.7967807055|0.7853510380,0.7952000240|0.7946000478|0.7920000196,0.0013888502993331003,15000,5000,repeated_stratified_5_fold,5,3,20260905|20260906|20260907,0.7371999621391296,500,600,256,128,0.01,1.2492209877818823,0.09976823255419731,npu:5
clip_b32,breastmnist,medical,1,oxford_pets,0.8232789909710055,0.010144321331921707,0.8200269938|0.8152174354|0.8260869980|0.8340136409|0.8297002316|0.8037887812|0.8288043737|0.8233695626|0.8231292963|0.8297002912|0.7997292876|0.8355978727|0.8274456859|0.8190476894|0.8337875009,0.8250000020|0.8217391231|0.8230978478,0.0013373960877709938,11040,3680,repeated_stratified_5_fold,5,3,20260905|20260906|20260907,0.7786862850189209,500,600,256,128,0.01,1.2492209877818823,0.09731828607618809,npu:5
clip_b32,breastmnist,medical,2,beans,0.8797550049618241,0.01767679430365122,0.8701924086|0.8792270422|0.8888888955|0.8932038546|0.8883494735|0.8750000000|0.8550724387|0.8840579987|0.8883495331|0.8786408305|0.8461539149|0.8937197924|0.9227052927|0.8640776873|0.8689320087,0.8839458469|0.8762089124|0.8791102556,0.003191323130798563,3102,1034,repeated_stratified_5_fold,5,3,20260905|20260906|20260907,0.875,500,600,256,128,0.01,1.2237896602600813,0.11895260773599148,npu:5
clip_b32,breastmnist,medical,2,dtd,0.6484929442405701,0.012962672568038854,0.6648936272|0.6702128053|0.6476063728|0.6343085766|0.6396276951|0.6476064324|0.6595745087|0.6555851102|0.6263298392|0.6409574747|0.6609042883|0.6276596189|0.6595745087|0.6409574747|0.6515958309,0.6513298154|0.6460106730|0.6481383443,0.0021859589287735325,11280,3760,repeated_stratified_5_fold,5,3,20260905|20260906|20260907,0.6680850982666016,500,600,256,128,0.01,1.2237896602600813,0.11602642759680748,npu:5
clip_b32,breastmnist,medical,2,eurosat,0.8931999870856604,0.008700464807698382,0.8807156682|0.8962075710|0.9129129648|0.8946840763|0.8815261126|0.8966202140|0.8932135701|0.8878878355|0.8876630068|0.9016063809|0.8926440477|0.8912175894|0.9009009600|0.8796389103|0.9006023407,0.8932000065|0.8933999707|0.8929999841,0.00016329383685878118,15000,5000,repeated_stratified_5_fold,5,3,20260905|20260906|20260907,0.9007407426834106,500,600,256,128,0.01,1.2237896602600813,0.10949054919183254,npu:5
clip_b32,breastmnist,medical,2,flowers102,0.8000000675519306,0.018790137799709426,0.8088235855|0.8039216399|0.7843137980|0.7696079016|0.8186275363|0.8137255311|0.8137255907|0.7843137980|0.8235294819|0.7892157435|0.8088235855|0.8137255311|0.8235294819|0.7745099068|0.7696079016,0.7970588923|0.8049020290|0.7980392814,0.003489241609107648,3060,1020,repeated_stratified_5_fold,5,3,20260905|20260906|20260907,0.8171999454498291,500,600,256,128,0.01,1.2237896602600813,0.11173141188919544,npu:5
clip_b32,breastmnist,medical,2,food101,0.674866702914238,0.013682202940625734,0.6752475500|0.6722772121|0.6782178283|0.6801980734|0.6729167104|0.6554455757|0.7000000477|0.6574257612|0.6891089678|0.6739584208|0.6544554830|0.6851485372|0.6564356685|0.6940594316|0.6781250834,0.6758000225|0.6752000480|0.6736000383,0.0009285550806693394,15000,5000,repeated_stratified_5_fold,5,3,20260905|20260906|20260907,0.7335999608039856,500,600,256,128,0.01,1.2237896602600813,0.1029210239648819,npu:5
clip_b32,breastmnist,medical,2,gtsrb,0.8050666819492975,0.00973977663516857,0.7954769135|0.7990050316|0.8141857982|0.8078470826|0.8087487817|0.7994100451|0.7910447717|0.8051947951|0.8319919109|0.8026450276|0.8102262020|0.7960199118|0.7992007732|0.8018108606|0.8138352633,0.8050000228|0.8060000046|0.8042000184,0.0007363514349569796,15000,5000,repeated_stratified_5_fold,5,3,20260905|20260906|20260907,0.7393999695777893,500,600,256,128,0.01,1.2237896602600813,0.1022622399032116,npu:5
clip_b32,breastmnist,medical,2,oxford_pets,0.8282608875221964,0.008796956638657667,0.8146142960|0.8206521869|0.8165761232|0.8326531649|0.8405994773|0.8349120021|0.8410326242|0.8328804970|0.8204082251|0.8201634884|0.8200269938|0.8410326242|0.8260869980|0.8312925696|0.8310626745,0.8250000254|0.8298913241|0.8298913131,0.0023057777214137,11040,3680,repeated_stratified_5_fold,5,3,20260905|20260906|20260907,0.7871354222297668,500,600,256,128,0.01,1.2237896602600813,0.09833844751119614,npu:5
clip_b32,breastmnist,medical,3,beans,0.881689241841714,0.012495074696615836,0.8750000000|0.9082125425|0.8743960857|0.8883495331|0.8834951520|0.8894231319|0.8599033356|0.8647342920|0.8737864494|0.8980582952|0.8942308426|0.8840579391|0.8840579987|0.8689320683|0.8786407709,0.8858800688|0.8771760327|0.8820116240,0.0035607123997669116,3102,1034,repeated_stratified_5_fold,5,3,20260905|20260906|20260907,0.8828125,500,600,256,128,0.01,1.2364711314439774,0.12567060813307762,npu:5
clip_b32,breastmnist,medical,3,dtd,0.6452127973238627,0.01115965283866311,0.6515957713|0.6569149494|0.6476064324|0.6316489577|0.6502660513|0.6662234068|0.6422872543|0.6449468136|0.6263298392|0.6396276951|0.6343085170|0.6276596189|0.6569149494|0.6489361525|0.6529255509,0.6476064324|0.6438830018|0.6441489577,0.001696034577647051,11280,3760,repeated_stratified_5_fold,5,3,20260905|20260906|20260907,0.6718084812164307,500,600,256,128,0.01,1.2364711314439774,0.12159689515829086,npu:5
clip_b32,breastmnist,medical,3,eurosat,0.892266652739048,0.00884047725796413,0.8827037215|0.9021956325|0.8998999596|0.8976930976|0.8785140514|0.8946321011|0.8962076306|0.8858858347|0.8896690011|0.9036144018|0.8807156086|0.9011976123|0.8978979588|0.8766298890|0.8965862989,0.8922000081|0.8939999653|0.8905999847,0.00138883600543752,15000,5000,repeated_stratified_5_fold,5,3,20260905|20260906|20260907,0.8948147892951965,500,600,256,128,0.01,1.2364711314439774,0.11261520348489285,npu:5
clip_b32,breastmnist,medical,3,flowers102,0.7996732711791993,0.016873633937711078,0.7941176891|0.8039216399|0.7941176891|0.7892158031|0.8039216399|0.8039216399|0.8431373239|0.8039216399|0.8088235855|0.7745099068|0.7941176891|0.8186275363|0.7696079016|0.8039216399|0.7892157435,0.7970588923|0.8068628192|0.7950981021,0.005146414610299962,3060,1020,repeated_stratified_5_fold,5,3,20260905|20260906|20260907,0.8131999969482422,500,600,256,128,0.01,1.2364711314439774,0.10700669698417187,npu:5
clip_b32,breastmnist,medical,3,food101,0.6572667024532954,0.014665117253659156,0.6732673645|0.6247525215|0.6623762846|0.6584158540|0.6395833492|0.6514852047|0.6534653902|0.6574257612|0.6564356685|0.6802083850|0.6356436014|0.6623762846|0.6673267484|0.6772277355|0.6593750715,0.6518000320|0.6596000389|0.6604000365,0.0038792923108997104,15000,5000,repeated_stratified_5_fold,5,3,20260905|20260906|20260907,0.7247999906539917,500,600,256,128,0.01,1.2364711314439774,0.10830829292535782,npu:5
clip_b32,breastmnist,medical,3,gtsrb,0.8033333425561587,0.011431247728484625,0.7944936156|0.8029850721|0.8001998067|0.8249497414|0.7934893370|0.8072763681|0.7920398116|0.8031967878|0.8259557486|0.7873855829|0.8190757036|0.7930347919|0.8001998067|0.8068410158|0.7985758185,0.8032000144|0.8032000208|0.8035999925,0.0001885499594499876,15000,5000,repeated_stratified_5_fold,5,3,20260905|20260906|20260907,0.725600004196167,500,600,256,128,0.01,1.2364711314439774,0.11078807897865772,npu:5
clip_b32,breastmnist,medical,3,oxford_pets,0.8151268146068289,0.0065819896446141475,0.8281461000|0.8152174354|0.8247282505|0.8190476298|0.8174387217|0.8105547428|0.8152173758|0.8152174354|0.8136054873|0.8038147688|0.8132610917|0.8220108747|0.8138587475|0.8027210832|0.8119890690,0.8209239191|0.8116847960|0.8127717287,0.004123119463498248,11040,3680,repeated_stratified_5_fold,5,3,20260905|20260906|20260907,0.7759607434272766,500,600,256,128,0.01,1.2364711314439774,0.09833627939224243,npu:5
clip_b32,breastmnist,medical,4,beans,0.8742746656591244,0.019089749134258708,0.8894231319|0.8502415419|0.9082125425|0.8786407709|0.8737863898|0.8557692766|0.8357487917|0.8792270422|0.8737863898|0.8932039142|0.8557692766|0.8647342920|0.8792270422|0.8737863898|0.9029126167,0.8800773714|0.8675048450|0.8752417805,0.005178068373805097,3102,1034,repeated_stratified_5_fold,5,3,20260905|20260906|20260907,0.921875,500,600,256,128,0.01,1.1919187232851982,0.11489132419228554,npu:5
clip_b32,breastmnist,medical,4,dtd,0.6412234266599018,0.013273041731726032,0.6515957713|0.6609042883|0.6422872543|0.6090425253|0.6289893389|0.6422872543|0.6515957713|0.6329787970|0.6276595592|0.6489362121|0.6396276951|0.6303191781|0.6502659917|0.6595745087|0.6422872543,0.6385638356|0.6406915188|0.6444149256,0.0024181270858840438,11280,3760,repeated_stratified_5_fold,5,3,20260905|20260906|20260907,0.664893627166748,500,600,256,128,0.01,1.1919187232851982,0.1267911847680807,npu:5
clip_b32,breastmnist,medical,4,eurosat,0.8958666519363722,0.007983094738159622,0.8797216415|0.8962076306|0.9049049616|0.8986960649|0.8995983601|0.8926441073|0.9041916132|0.8978978992|0.8846539259|0.9056224823|0.8986083269|0.8872255683|0.8888888359|0.8916749954|0.9076304436,0.8958000035|0.8969999852|0.8947999671,0.0008993892125982527,15000,5000,repeated_stratified_5_fold,5,3,20260905|20260906|20260907,0.9133332967758179,500,600,256,128,0.01,1.1919187232851982,0.11722499318420887,npu:5
clip_b32,breastmnist,medical,4,flowers102,0.8065360228220623,0.024337086967397434,0.8284314871|0.8235294819|0.8333333731|0.7745099068|0.7941176891|0.7990196943|0.8235294819|0.7696079016|0.8284314871|0.7892157435|0.8088235855|0.8578432202|0.7892158031|0.7990196943|0.7794117928,0.8107843876|0.8019608617|0.8068628192,0.0036095936293588536,3060,1020,repeated_stratified_5_fold,5,3,20260905|20260906|20260907,0.8217999339103699,500,600,256,128,0.01,1.1919187232851982,0.11060086823999882,npu:5
clip_b32,breastmnist,medical,4,food101,0.6722000358104706,0.010021376282255365,0.6881188750|0.6821782589|0.6712871790|0.6653466225|0.6604167223|0.6722772121|0.6801980734|0.6574257612|0.6712871790|0.6833333969|0.6564356685|0.6633663177|0.6683168411|0.6861386299|0.6770833731,0.6736000596|0.6728000338|0.6702000140,0.0014514534726074867,15000,5000,repeated_stratified_5_fold,5,3,20260905|20260906|20260907,0.7267999649047852,500,600,256,128,0.01,1.1919187232851982,0.10822458378970623,npu:5
clip_b32,breastmnist,medical,4,gtsrb,0.8055333432118097,0.010050555710934753,0.7944936752|0.8039801121|0.8121877909|0.8179074526|0.7934893370|0.8112094998|0.8019900322|0.7972028255|0.8229376078|0.8026449680|0.8141592741|0.7890547514|0.7972028255|0.8199194670|0.8046795726,0.8044000170|0.8072000116|0.8050000011,0.0012036978377818806,15000,5000,repeated_stratified_5_fold,5,3,20260905|20260906|20260907,0.7359999418258667,500,600,256,128,0.01,1.1919187232851982,0.09985891357064247,npu:5
clip_b32,breastmnist,medical,4,oxford_pets,0.8181159619133974,0.011765621457907738,0.8024356365|0.8016304970|0.8274456859|0.8340136409|0.8242506981|0.8105547428|0.8383152485|0.8138587475|0.8204082251|0.8147138953|0.7983761430|0.8247283101|0.8206522465|0.8095238805|0.8310626745,0.8179347947|0.8195652338|0.8168478572,0.0011167363500648427,11040,3680,repeated_stratified_5_fold,5,3,20260905|20260906|20260907,0.7721450328826904,500,600,256,128,0.01,1.1919187232851982,0.10100366733968258,npu:5
clip_b32,cifar10,general_vision,0,beans,0.896196025848235,0.015374206115111373,0.9086539149|0.8743961453|0.9275362492|0.9029126763|0.8932039142|0.8846154213|0.8937197924|0.8599033952|0.9077670574|0.9029126167|0.8942308426|0.8888888955|0.8937197924|0.9077669978|0.9029126167,0.9013540016|0.8897485690|0.8974855070,0.004824837653471262,3102,1034,repeated_stratified_5_fold,5,3,20260905|20260906|20260907,0.921875,500,600,256,128,0.01,1.2389652710407972,0.11842880584299564,npu:5
clip_b32,cifar10,general_vision,0,dtd,0.6605496843655904,0.015473346760284348,0.6742022038|0.6582447290|0.6662234664|0.6329787374|0.6648936272|0.6888297796|0.6436170936|0.6662234664|0.6436170340|0.6622340679|0.6742021441|0.6356383562|0.6795213223|0.6609042883|0.6569149494,0.6593085527|0.6609042883|0.6614362121,0.0009040801973321606,11280,3760,repeated_stratified_5_fold,5,3,20260905|20260906|20260907,0.6702127456665039,500,600,256,128,0.01,1.2389652710407972,0.12435655668377876,npu:5
clip_b32,cifar10,general_vision,0,eurosat,0.9011333188931148,0.008152582001269826,0.8926440477|0.9031935930|0.9209209681|0.9107322097|0.8865461349|0.9075546265|0.9001996517|0.8948948979|0.8956871033|0.9016063809|0.8986082673|0.8942115903|0.9079079032|0.9037111402|0.8985943198,0.9027999806|0.9000000011|0.9005999750,0.001203692370362265,15000,5000,repeated_stratified_5_fold,5,3,20260905|20260906|20260907,0.9103703498840332,500,600,256,128,0.01,1.2389652710407972,0.13127262890338898,npu:5
clip_b32,cifar10,general_vision,0,flowers102,0.8320262153943379,0.025406268414961675,0.8823530078|0.8235294819|0.8284314871|0.7843137980|0.8382353783|0.8333333731|0.8333333731|0.8137255907|0.8578432202|0.7941176891|0.8725491166|0.8235294819|0.8333334327|0.8480392694|0.8137255311,0.8313726306|0.8264706492|0.8382353663,0.004825109459147229,3060,1020,repeated_stratified_5_fold,5,3,20260905|20260906|20260907,0.8384000062942505,500,600,256,128,0.01,1.2389652710407972,0.10621338523924351,npu:5
clip_b32,cifar10,general_vision,0,food101,0.6879333640734355,0.01386156164223211,0.6950495243|0.6792079210|0.7029703856|0.6891089678|0.6750000715|0.6881188154|0.7009901404|0.6990098953|0.6732673645|0.6802083850|0.6653465629|0.6752475500|0.6772277355|0.7168316841|0.7010416985,0.6884000471|0.6884000255|0.6870000197,0.0006599741572409208,15000,5000,repeated_stratified_5_fold,5,3,20260905|20260906|20260907,0.7423999309539795,500,600,256,128,0.01,1.2389652710407972,0.10613543167710304,npu:5
clip_b32,cifar10,general_vision,0,gtsrb,0.8006000168204307,0.009280554078190041,0.7954769135|0.7980099916|0.8011987805|0.8118712306|0.8067141771|0.7974434495|0.7980099916|0.8141857982|0.8179074526|0.7904374599|0.7994100451|0.7830845714|0.7882118225|0.8058350086|0.8016277552,0.8026000162|0.8036000089|0.7956000253,0.0035590198048303973,15000,5000,repeated_stratified_5_fold,5,3,20260905|20260906|20260907,0.7387999296188354,500,600,256,128,0.01,1.2389652710407972,0.10166893899440765,npu:5
clip_b32,cifar10,general_vision,0,oxford_pets,0.8328804377142501,0.00970126181272689,0.8362651467|0.8125000000|0.8410326242|0.8585034609|0.8242506981|0.8362651467|0.8260869980|0.8288043737|0.8353741765|0.8365122676|0.8308523893|0.8369565606|0.8315218091|0.8244898319|0.8337874413,0.8345108726|0.8326087003|0.8315217403,0.001235343105572028,11040,3680,repeated_stratified_5_fold,5,3,20260905|20260906|20260907,0.8010356426239014,500,600,256,128,0.01,1.2389652710407972,0.09972063265740871,npu:5
clip_b32,cifar10,general_vision,1,beans,0.8826563661902432,0.02475144263096828,0.8798077106|0.8792270422|0.9227052927|0.8834951520|0.8640776873|0.8653846979|0.8405796885|0.9130434990|0.8932039142|0.9029126167|0.8413462043|0.8888888955|0.9130434990|0.8543689251|0.8980582952,0.8858800793|0.8829787450|0.8791102742,0.0027731463943109686,3102,1034,repeated_stratified_5_fold,5,3,20260905|20260906|20260907,0.9296875,500,600,256,128,0.01,1.2382148671895266,0.13018900342285633,npu:5
clip_b32,cifar10,general_vision,1,dtd,0.663563855489095,0.012819398204070676,0.6688829660|0.6715425849|0.6609042883|0.6409574747|0.6808511019|0.6848404408|0.6648936272|0.6715425849|0.6369681358|0.6529256105|0.6688829660|0.6515957713|0.6702128053|0.6635638475|0.6648936272,0.6646276832|0.6622340798|0.6638298035,0.0009951148893014173,11280,3760,repeated_stratified_5_fold,5,3,20260905|20260906|20260907,0.6728723049163818,500,600,256,128,0.01,1.2382148671895266,0.1289344783872366,npu:5
clip_b32,cifar10,general_vision,1,eurosat,0.8980666391452153,0.008729486046675125,0.8866798282|0.8932135701|0.9189189672|0.9037110806|0.8915662169|0.9045724869|0.8952095509|0.8978978992|0.8926780224|0.8915662169|0.8846918344|0.9061876535|0.8988988400|0.8966900706|0.9086344838,0.8987999704|0.8963999667|0.8989999803,0.0011813407129922192,15000,5000,repeated_stratified_5_fold,5,3,20260905|20260906|20260907,0.9018518924713135,500,600,256,128,0.01,1.2382148671895266,0.12664053216576576,npu:5
clip_b32,cifar10,general_vision,1,flowers102,0.8294118245442709,0.03217915945698793,0.8627451658|0.8088235855|0.8431373239|0.8137255907|0.8333333731|0.7990196943|0.8431373239|0.8186274767|0.8431372643|0.7843137980|0.8529412150|0.9117647409|0.7794118524|0.8333333731|0.8137255907,0.8323530078|0.8176471114|0.8382353544,0.00865859329277183,3060,1020,repeated_stratified_5_fold,5,3,20260905|20260906|20260907,0.8363999128341675,500,600,256,128,0.01,1.2382148671895266,0.11513757333159447,npu:5
clip_b32,cifar10,general_vision,1,food101,0.6886666950384775,0.011662333791228637,0.6920792460|0.6821782589|0.6920792460|0.6970297098|0.6812500954|0.6772277355|0.7049505115|0.6871287823|0.6811881661|0.6875000000|0.6673267484|0.6801980138|0.6861386299|0.7168316841|0.6968750358,0.6890000434|0.6876000295|0.6894000123,0.0007717190124747668,15000,5000,repeated_stratified_5_fold,5,3,20260905|20260906|20260907,0.7394000291824341,500,600,256,128,0.01,1.2382148671895266,0.11565304733812809,npu:5
clip_b32,cifar10,general_vision,1,gtsrb,0.8043333430488904,0.0062350299074821315,0.7994100451|0.8079602122|0.8051948547|0.8038229346|0.8087487221|0.8102262020|0.8009949923|0.7942057848|0.8138833046|0.7995930910|0.8092429042|0.7920398116|0.8061937690|0.8008048534|0.8128179312,0.8050000139|0.8038000037|0.8042000115,0.000498891509822835,15000,5000,repeated_stratified_5_fold,5,3,20260905|20260906|20260907,0.7463999390602112,500,600,256,128,0.01,1.2382148671895266,0.11028075963258743,npu:5
clip_b32,cifar10,general_vision,1,oxford_pets,0.8377717372785876,0.010902250863817903,0.8173205853|0.8451087475|0.8328804970|0.8544217944|0.8433242440|0.8267928958|0.8559783101|0.8328804970|0.8476190567|0.8297002316|0.8443842530|0.8315217495|0.8288043737|0.8285714388|0.8474113941,0.8385869594|0.8385869589|0.8361412936,0.001152897774915783,11040,3680,repeated_stratified_5_fold,5,3,20260905|20260906|20260907,0.7966748476028442,500,600,256,128,0.01,1.2382148671895266,0.09921129234135151,npu:5
clip_b32,cifar10,general_vision,2,beans,0.8845906129273807,0.019361557389453662,0.9182692766|0.8840579987|0.8937197924|0.8980582952|0.8737864494|0.8701924086|0.8647342920|0.8937197924|0.8834952116|0.9077669978|0.8509616256|0.8792270422|0.9130434990|0.8543689251|0.8834951520,0.8936170500|0.8839458719|0.8762089169,0.0071214484933620125,3102,1034,repeated_stratified_5_fold,5,3,20260905|20260906|20260907,0.8828125,500,600,256,128,0.01,1.2469665482640266,0.11423937976360321,npu:5
clip_b32,cifar10,general_vision,2,dtd,0.6693262696266175,0.015709258906103668,0.6861702204|0.6808511019|0.6755319238|0.6542553902|0.6808511019|0.6742021441|0.6715425849|0.6715425849|0.6422872543|0.6662234068|0.6835106611|0.6343085170|0.6914893985|0.6555851698|0.6715425849,0.6755319476|0.6651595950|0.6672872663,0.004473222230044576,11280,3760,repeated_stratified_5_fold,5,3,20260905|20260906|20260907,0.6712765693664551,500,600,256,128,0.01,1.2469665482640266,0.1302703656256199,npu:5
clip_b32,cifar10,general_vision,2,eurosat,0.8974666581829389,0.008172033187912955,0.8817096949|0.9021956921|0.9159159660|0.8976930380|0.8855421543|0.9055665731|0.8982036114|0.8878878951|0.8996990919|0.9046183825|0.8956261873|0.8982036114|0.8998999000|0.8966900706|0.8925702572,0.8966000062|0.8991999804|0.8965999879,0.0012256438866676855,15000,5000,repeated_stratified_5_fold,5,3,20260905|20260906|20260907,0.9007407426834106,500,600,256,128,0.01,1.2469665482640266,0.12965204380452633,npu:5
clip_b32,cifar10,general_vision,2,flowers102,0.8150327523549398,0.021662499340886827,0.8431372643|0.8137255907|0.8039216399|0.7745099068|0.8284314871|0.8333333731|0.8382353783|0.8039216399|0.8235294819|0.7794117928|0.8382353783|0.8284314275|0.7843137980|0.8039216399|0.8284314871,0.8127451777|0.8156863332|0.8166667461,0.0016663434194426998,3060,1020,repeated_stratified_5_fold,5,3,20260905|20260906|20260907,0.839199960231781,500,600,256,128,0.01,1.2469665482640266,0.12146607600152493,npu:5
clip_b32,cifar10,general_vision,2,food101,0.6898666988213856,0.00977159774817003,0.6910891533|0.7000000477|0.6910890937|0.6930693388|0.6750000715|0.6881188154|0.6910891533|0.7029703259|0.6792079210|0.6885417700|0.6801980138|0.6811881065|0.6821782589|0.7138614058|0.6895834208,0.6902000357|0.6900000354|0.6894000254,0.00033993932092427916,15000,5000,repeated_stratified_5_fold,5,3,20260905|20260906|20260907,0.741599977016449,500,600,256,128,0.01,1.2469665482640266,0.12213253602385521,npu:5
clip_b32,cifar10,general_vision,2,gtsrb,0.8088666818420092,0.007155014190062341,0.8013765812|0.8179104328|0.8061938286|0.8148893118|0.8097660542|0.7974435091|0.8049751520|0.8161838651|0.8169014454|0.8026449680|0.8180924654|0.7980099916|0.8111888170|0.8148893118|0.8026449680,0.8099999995|0.8076000332|0.8090000129,0.000984307714072928,15000,5000,repeated_stratified_5_fold,5,3,20260905|20260906|20260907,0.7373999953269958,500,600,256,128,0.01,1.2469665482640266,0.10943422839045525,npu:5
clip_b32,cifar10,general_vision,2,oxford_pets,0.8433876826603344,0.012189311025314913,0.8308523893|0.8328804970|0.8614131212|0.8435374498|0.8583105803|0.8403246403|0.8355978727|0.8328804970|0.8666666746|0.8392370343|0.8470906019|0.8464673758|0.8505434990|0.8190476894|0.8460490704,0.8453804376|0.8429347767|0.8418478337,0.0014773095752309874,11040,3680,repeated_stratified_5_fold,5,3,20260905|20260906|20260907,0.805124044418335,500,600,256,128,0.01,1.2469665482640266,0.09953196160495281,npu:5
clip_b32,cifar10,general_vision,3,beans,0.8907156634107857,0.01608930139443105,0.9086539149|0.8792270422|0.8840579987|0.8834950924|0.8932038546|0.8557692766|0.8937198520|0.8888888359|0.9174757004|0.9223300815|0.8894231319|0.8743960857|0.8888888359|0.8834950924|0.8980582952,0.8897485501|0.8955512563|0.8868471838,0.003618627765076378,3102,1034,repeated_stratified_5_fold,5,3,20260905|20260906|20260907,0.8828125,500,600,256,128,0.01,1.2232595272362232,0.13544972240924835,npu:5
clip_b32,cifar10,general_vision,3,dtd,0.6572695414225261,0.011809096787461221,0.6742022038|0.6688829660|0.6555851698|0.6343085766|0.6675532460|0.6582447290|0.6515958309|0.6582447290|0.6356382966|0.6622340679|0.6648936272|0.6436170340|0.6582447290|0.6529255509|0.6728723645,0.6601064324|0.6531915307|0.6585106611,0.0029562645441932973,11280,3760,repeated_stratified_5_fold,5,3,20260905|20260906|20260907,0.664893627166748,500,600,256,128,0.01,1.2232595272362232,0.1266320738941431,npu:5
clip_b32,cifar10,general_vision,3,eurosat,0.8991999987721444,0.008910271052617935,0.8956261873|0.9021956325|0.9169169664|0.9067201614|0.8785140514|0.9075546265|0.8912175894|0.8948948979|0.8986960649|0.8935742378|0.8936381340|0.8992016315|0.9089089632|0.8946840763|0.9056224823,0.9000000028|0.8971999799|0.9004000137,0.0014236242078342009,15000,5000,repeated_stratified_5_fold,5,3,20260905|20260906|20260907,0.9051851630210876,500,600,256,128,0.01,1.2232595272362232,0.1076089721173048,npu:5
clip_b32,cifar10,general_vision,3,flowers102,0.8094771981239318,0.023871869647732292,0.8235294819|0.8284314871|0.7990196943|0.8088235855|0.7892157435|0.8039216399|0.8578431606|0.7647059560|0.8382353783|0.7647059560|0.8137255907|0.8235294819|0.8088235855|0.8039216399|0.8137255907,0.8098039985|0.8058824182|0.8127451777,0.0028112234759784006,3060,1020,repeated_stratified_5_fold,5,3,20260905|20260906|20260907,0.842799961566925,500,600,256,128,0.01,1.2232595272362232,0.11639369837939739,npu:5
clip_b32,cifar10,general_vision,3,food101,0.6862000306049983,0.012696606466192669,0.7000000477|0.6801980734|0.6881188154|0.6772277355|0.6916667223|0.6900990009|0.6782178879|0.6851485372|0.6811881065|0.6895834208|0.6663366556|0.6881188750|0.6633663177|0.7158415914|0.6989583969,0.6874000344|0.6848000304|0.6864000270,0.0010708265435507615,15000,5000,repeated_stratified_5_fold,5,3,20260905|20260906|20260907,0.7399999499320984,500,600,256,128,0.01,1.2232595272362232,0.11438106186687946,npu:5
clip_b32,cifar10,general_vision,3,gtsrb,0.8081333416144053,0.010572493466781395,0.8062930107|0.8049751520|0.8121877909|0.8158953786|0.7965412140|0.8289085627|0.7960199118|0.8011988401|0.8219316006|0.7995930910|0.8190757036|0.7900497913|0.8011988401|0.8128772378|0.8148524761,0.8072000036|0.8096000156|0.8076000057,0.001049872953825444,15000,5000,repeated_stratified_5_fold,5,3,20260905|20260906|20260907,0.7365999817848206,500,600,256,128,0.01,1.2232595272362232,0.11021345853805542,npu:5
clip_b32,cifar10,general_vision,3,oxford_pets,0.8377717461598956,0.01093492486943399,0.8186738491|0.8451087475|0.8274456859|0.8530612588|0.8460490108|0.8376183510|0.8519022465|0.8315217495|0.8326531053|0.8283379078|0.8173205853|0.8437500000|0.8478261232|0.8408163786|0.8446866274,0.8380434882|0.8364130650|0.8388586853,0.0010167423529449885,11040,3680,repeated_stratified_5_fold,5,3,20260905|20260906|20260907,0.8073044419288635,500,600,256,128,0.01,1.2232595272362232,0.09855032712221146,npu:5
clip_b32,cifar10,general_vision,4,beans,0.8916827981161503,0.015148365482438092,0.9086539149|0.8888888359|0.8985507488|0.9029126167|0.8689320087|0.9038462043|0.8743961453|0.9082125425|0.9077669978|0.8932038546|0.8750000596|0.8792270422|0.9130434990|0.8689320683|0.8834952116,0.8936170224|0.8974854976|0.8839458744,0.0056942232007327585,3102,1034,repeated_stratified_5_fold,5,3,20260905|20260906|20260907,0.890625,500,600,256,128,0.01,1.2102072276175022,0.11872786469757557,npu:5
clip_b32,cifar10,general_vision,4,dtd,0.663563867410024,0.020196434206860875,0.6928191781|0.6728724241|0.6609042883|0.6223404408|0.6622340679|0.6755319834|0.6702127457|0.6728724241|0.6449468136|0.6529256105|0.6635638475|0.6289893985|0.7021276951|0.6609042883|0.6702128053,0.6622340798|0.6632979155|0.6651596069,0.0012090561132209379,11280,3760,repeated_stratified_5_fold,5,3,20260905|20260906|20260907,0.6744680404663086,500,600,256,128,0.01,1.2102072276175022,0.1333734430372715,npu:5
clip_b32,cifar10,general_vision,4,eurosat,0.8949333266655605,0.009677486485688702,0.8797216415|0.8972055912|0.9179179668|0.9067201614|0.8845381141|0.8916500807|0.8962075710|0.8818818927|0.9007021189|0.9016064405|0.8986083269|0.8902195692|0.8978978992|0.8856569529|0.8935742378,0.8971999970|0.8944000011|0.8931999819,0.0016759788149136618,15000,5000,repeated_stratified_5_fold,5,3,20260905|20260906|20260907,0.8988889455795288,500,600,256,128,0.01,1.2102072276175022,0.12413953430950642,npu:5
clip_b32,cifar10,general_vision,4,flowers102,0.8248366634051005,0.02274472236441549,0.8578431606|0.8284314871|0.7941176891|0.8137255907|0.8333333731|0.8284314871|0.8529412746|0.8186274767|0.8480392694|0.7843137980|0.8480392694|0.8480392694|0.8039216399|0.7941176891|0.8186274767,0.8254902601|0.8264706612|0.8225490689,0.0016663558881445377,3060,1020,repeated_stratified_5_fold,5,3,20260905|20260906|20260907,0.8371999263763428,500,600,256,128,0.01,1.2102072276175022,0.13037841767072678,npu:5
clip_b32,cifar10,general_vision,4,food101,0.6865333577394486,0.017766261158221667,0.7000000477|0.6871287227|0.6910890937|0.6920792460|0.6666667461|0.6643564701|0.6930693388|0.6980198026|0.6801980138|0.6833333969|0.6504950523|0.6940594316|0.6673267484|0.7128713131|0.7177083492,0.6876000315|0.6838000245|0.6882000172,0.0019482177539847732,15000,5000,repeated_stratified_5_fold,5,3,20260905|20260906|20260907,0.7401999235153198,500,600,256,128,0.01,1.2102072276175022,0.12781976535916328,npu:5
clip_b32,cifar10,general_vision,4,gtsrb,0.8078000148336093,0.010448241626560129,0.8112094402|0.8049751520|0.8091908693|0.8179074526|0.8016276956|0.8190757036|0.7970149517|0.8021978140|0.8128772378|0.8016277552|0.8269419670|0.7830846310|0.8081917763|0.8018108606|0.8189216852,0.8090000243|0.8066000173|0.8078000029,0.0009797987344348621,15000,5000,repeated_stratified_5_fold,5,3,20260905|20260906|20260907,0.7371999621391296,500,600,256,128,0.01,1.2102072276175022,0.12301099114120007,npu:5
clip_b32,cifar10,general_vision,4,oxford_pets,0.8356884088151265,0.008502436788026558,0.8294992447|0.8288043737|0.8464674354|0.8462585211|0.8474114537|0.8281460404|0.8410326242|0.8315217495|0.8394558430|0.8215258718|0.8254396915|0.8274456859|0.8464674354|0.8408163786|0.8351498842,0.8396739167|0.8323369504|0.8350543594,0.0030286721605399317,11040,3680,repeated_stratified_5_fold,5,3,20260905|20260906|20260907,0.8010357022285461,500,600,256,128,0.01,1.2102072276175022,0.11984355933964252,npu:5
clip_b32,cifar100,general_vision,0,beans,0.8829787464813599,0.016202553599834593,0.8990385532|0.8647342920|0.9130434990|0.8786407709|0.8834951520|0.8605769873|0.8550724983|0.8888888359|0.8883495331|0.9029126167|0.8846154809|0.8647342920|0.8888888955|0.8737864494|0.8980582952,0.8878143346|0.8791102634|0.8820116414,0.0036186261320298686,3102,1034,repeated_stratified_5_fold,5,3,20260905|20260906|20260907,0.8828125,500,600,256,128,0.01,1.2337635159492493,0.14114449173212051,npu:5
clip_b32,cifar100,general_vision,0,dtd,0.6718085289001464,0.013405593256518264,0.6781915426|0.6861702204|0.6609042883|0.6515958309|0.6702127457|0.6755319834|0.6875000596|0.6728723645|0.6688829660|0.6555851102|0.6941489577|0.6489361525|0.6901595592|0.6688829660|0.6675531864,0.6694149256|0.6720744967|0.6739361644,0.0018553443978026223,11280,3760,repeated_stratified_5_fold,5,3,20260905|20260906|20260907,0.6686169505119324,500,600,256,128,0.01,1.2337635159492493,0.15951605327427387,npu:5
clip_b32,cifar100,general_vision,0,eurosat,0.9104666462302208,0.007406150760584041,0.8956261873|0.9161676764|0.9219219685|0.9117351770|0.9046183825|0.8976142406|0.9101796746|0.9089089036|0.9117351770|0.9236947298|0.9075546265|0.9101796150|0.9079079628|0.9127382040|0.9166666269,0.9099999766|0.9103999754|0.9109999866,0.00041096532010961905,15000,5000,repeated_stratified_5_fold,5,3,20260905|20260906|20260907,0.9162963032722473,500,600,256,128,0.01,1.2337635159492493,0.1424652859568596,npu:5
clip_b32,cifar100,general_vision,0,flowers102,0.8339869896570842,0.025114548391987297,0.8480392694|0.8578431606|0.8284314871|0.7941176891|0.8284314275|0.8235294819|0.8676471710|0.8333333731|0.8676471114|0.8039216399|0.8676471114|0.8578432202|0.8186274767|0.7941176891|0.8186275363,0.8313726068|0.8392157555|0.8313726068,0.0036972957583494485,3060,1020,repeated_stratified_5_fold,5,3,20260905|20260906|20260907,0.8441999554634094,500,600,256,128,0.01,1.2337635159492493,0.13132771663367748,npu:5
clip_b32,cifar100,general_vision,0,food101,0.700066684047381,0.014186547966530674,0.7247524858|0.6811881065|0.6930693388|0.7059406042|0.6937500238|0.6742574573|0.7217822075|0.6970297098|0.6990098953|0.6989583969|0.6891089678|0.7059406042|0.6871287227|0.7188118696|0.7104166746,0.6998000127|0.6982000247|0.7022000147,0.0016438400521169621,15000,5000,repeated_stratified_5_fold,5,3,20260905|20260906|20260907,0.7483999729156494,500,600,256,128,0.01,1.2337635159492493,0.13675487600266933,npu:5
clip_b32,cifar100,general_vision,0,gtsrb,0.8239333519339561,0.009125207470875026,0.8210422993|0.8149254322|0.8111888170|0.8420523405|0.8280773163|0.8318584561|0.8218905926|0.8121878505|0.8390341997|0.8179044127|0.8348082900|0.8179104328|0.8191807866|0.8219316006|0.8250254393,0.8234000224|0.8246000332|0.8238000002,0.0004988944432074317,15000,5000,repeated_stratified_5_fold,5,3,20260905|20260906|20260907,0.7511999607086182,500,600,256,128,0.01,1.2337635159492493,0.12286238186061382,npu:5
clip_b32,cifar100,general_vision,0,oxford_pets,0.8395833394125752,0.013411613409374095,0.8186738491|0.8451087475|0.8355978727|0.8557823300|0.8433241844|0.8037887812|0.8451087475|0.8423913717|0.8530612588|0.8487738371|0.8335587978|0.8546196222|0.8451086879|0.8367347717|0.8324250579,0.8396739160|0.8385869616|0.8404891406,0.000779198037222433,11040,3680,repeated_stratified_5_fold,5,3,20260905|20260906|20260907,0.817116379737854,500,600,256,128,0.01,1.2337635159492493,0.10806646198034286,npu:5
clip_b32,cifar100,general_vision,1,beans,0.8613797666986552,0.02155280118223002,0.8798077106|0.8260869384|0.8888888955|0.8543689251|0.8834951520|0.8509615660|0.8454105854|0.8840579391|0.8883495331|0.8786407709|0.8365385532|0.8309178948|0.8743961453|0.8592233658|0.8398058414,0.8665377189|0.8694390647|0.8481625165,0.009420765313784144,3102,1034,repeated_stratified_5_fold,5,3,20260905|20260906|20260907,0.8671875,500,600,256,128,0.01,1.2413959689438343,0.13336778618395329,npu:5
clip_b32,cifar100,general_vision,1,dtd,0.6687057018280029,0.011813088895683785,0.6821808815|0.6662234068|0.6648936272|0.6569149494|0.6808511019|0.6728723645|0.6609042883|0.6675531864|0.6662234068|0.6569149494|0.6662234664|0.6422872543|0.6914893985|0.6768617034|0.6781915426,0.6702127934|0.6648936391|0.6710106730,0.0027151451470612594,11280,3760,repeated_stratified_5_fold,5,3,20260905|20260906|20260907,0.6824468374252319,500,600,256,128,0.01,1.2413959689438343,0.1186545081436634,npu:5
clip_b32,cifar100,general_vision,1,eurosat,0.9011999921003978,0.009144244358953361,0.8876739144|0.9081836343|0.9069069624|0.9197592735|0.8905622363|0.9065605402|0.8952096105|0.8888888955|0.9017051458|0.9076305032|0.8926440477|0.8962075710|0.9119119644|0.8966900706|0.9076305032,0.9025999996|0.8999999903|0.9009999864,0.0010708295322497995,15000,5000,repeated_stratified_5_fold,5,3,20260905|20260906|20260907,0.8985185027122498,500,600,256,128,0.01,1.2413959689438343,0.11800633743405342,npu:5
clip_b32,cifar100,general_vision,1,flowers102,0.8290850480397541,0.022843115615471456,0.8529412746|0.8284314871|0.8235294819|0.8284314275|0.8235294819|0.7990196943|0.8725491166|0.8088235855|0.8480392694|0.8235294819|0.8431373239|0.8578432202|0.8284314871|0.8186275363|0.7794118524,0.8313726306|0.8303922296|0.8254902840,0.0025732007446623716,3060,1020,repeated_stratified_5_fold,5,3,20260905|20260906|20260907,0.8455999493598938,500,600,256,128,0.01,1.2413959689438343,0.12998525239527225,npu:5
clip_b32,cifar100,general_vision,1,food101,0.6978000289201737,0.010904151981729263,0.6970297098|0.6881188154|0.7029703259|0.7019802332|0.7156250477|0.6960396171|0.7069306970|0.6960396767|0.7029703259|0.6812500954|0.6732673645|0.6910891533|0.6950495243|0.7089108825|0.7104166746,0.7010000242|0.6968000423|0.6956000203,0.002315166017107167,15000,5000,repeated_stratified_5_fold,5,3,20260905|20260906|20260907,0.7572000026702881,500,600,256,128,0.01,1.2413959689438343,0.14668175019323826,npu:5
clip_b32,cifar100,general_vision,1,gtsrb,0.8154000062028567,0.01338010956795087,0.8190757036|0.8009950519|0.8131868243|0.8440643549|0.8056968451|0.8239921331|0.8019900322|0.8111888170|0.8360160589|0.8026449680|0.8220255971|0.7980099916|0.8101898432|0.8098591566|0.8321465254,0.8165999993|0.8151999907|0.8144000286,0.0009092019817022184,15000,5000,repeated_stratified_5_fold,5,3,20260905|20260906|20260907,0.7571999430656433,500,600,256,128,0.01,1.2413959689438343,0.13515697233378887,npu:5
clip_b32,cifar100,general_vision,1,oxford_pets,0.8434782632505117,0.010319592457602153,0.8308523893|0.8369565606|0.8519022465|0.8653061390|0.8392370343|0.8430310488|0.8478261232|0.8247282505|0.8557823896|0.8501362205|0.8322056532|0.8478261232|0.8437500000|0.8340136409|0.8487738371,0.8448369546|0.8442934800|0.8413043551,0.0015531148406383438,11040,3680,repeated_stratified_5_fold,5,3,20260905|20260906|20260907,0.8146633505821228,500,600,256,128,0.01,1.2413959689438343,0.13061429746448994,npu:5
clip_b32,cifar100,general_vision,2,beans,0.8755641563295319,0.012824830554951063,0.8846154809|0.8695651889|0.8937197924|0.8980582356|0.8883495331|0.8701923490|0.8695651889|0.8599033356|0.8640776873|0.8932038546|0.8653846383|0.8599033952|0.8840579987|0.8640776873|0.8689320087,0.8868472065|0.8713732986|0.8684719639,0.008065765157185038,3102,1034,repeated_stratified_5_fold,5,3,20260905|20260906|20260907,0.8984375,500,600,256,128,0.01,1.2379667162895203,0.15725217387080193,npu:5
clip_b32,cifar100,general_vision,2,dtd,0.6641844232877095,0.012510990992425683,0.6875000000|0.6515958309|0.6449468136|0.6582447290|0.6702127457|0.6742022038|0.6768617034|0.6715425849|0.6529256105|0.6529255509|0.6715425253|0.6449468136|0.6662234068|0.6781915426|0.6609042883,0.6625000238|0.6656915307|0.6643617153,0.001308944450373929,11280,3760,repeated_stratified_5_fold,5,3,20260905|20260906|20260907,0.6712765693664551,500,600,256,128,0.01,1.2379667162895203,0.14219526574015617,npu:5
clip_b32,cifar100,general_vision,2,eurosat,0.900800000123183,0.008174134238798985,0.8916500807|0.9061876535|0.9179179668|0.9057171345|0.8955823183|0.9085486531|0.9011976719|0.8838838339|0.8936810493|0.9106425643|0.9035785198|0.9001995921|0.8998999000|0.8946840763|0.8985943794,0.9034000062|0.8995999925|0.8994000017,0.001840293958573598,15000,5000,repeated_stratified_5_fold,5,3,20260905|20260906|20260907,0.9118518233299255,500,600,256,128,0.01,1.2379667162895203,0.13429902866482735,npu:5
clip_b32,cifar100,general_vision,2,flowers102,0.8333334048589071,0.019851424531676567,0.8578431606|0.8235294819|0.8382353783|0.8382353783|0.8431373239|0.8137255907|0.8480392694|0.8382353783|0.8627451658|0.7941176891|0.8431373239|0.8578432202|0.8039216399|0.8137255907|0.8235294819,0.8401961446|0.8313726187|0.8284314513,0.004999034154725954,3060,1020,repeated_stratified_5_fold,5,3,20260905|20260906|20260907,0.842799961566925,500,600,256,128,0.01,1.2379667162895203,0.11266345717012882,npu:5
clip_b32,cifar100,general_vision,2,food101,0.7020667027632396,0.009372919458108614,0.6960396171|0.7059406042|0.6990098953|0.7019802332|0.6958333850|0.7089109421|0.7069307566|0.7108911276|0.6930693388|0.6979167461|0.6920792460|0.6980198622|0.6861386299|0.7217822075|0.7166666985,0.6998000206|0.7036000526|0.7028000351,0.0016357247314450546,15000,5000,repeated_stratified_5_fold,5,3,20260905|20260906|20260907,0.746999979019165,500,600,256,128,0.01,1.2379667162895203,0.11747577227652073,npu:5
clip_b32,cifar100,general_vision,2,gtsrb,0.8122000139077504,0.011284059273652372,0.8200590014|0.8199005127|0.7992007732|0.8299798965|0.8016276956|0.8200590014|0.8019900918|0.8001998067|0.8289738894|0.8036623001|0.8308750987|0.8039801121|0.8021978140|0.8098591566|0.8097660542,0.8142000071|0.8110000280|0.8114000065,0.0014236046646861245,15000,5000,repeated_stratified_5_fold,5,3,20260905|20260906|20260907,0.7515999674797058,500,600,256,128,0.01,1.2379667162895203,0.1084846518933773,npu:5
clip_b32,cifar100,general_vision,2,oxford_pets,0.8437500196468571,0.008846806236321227,0.8294992447|0.8328804970|0.8383152485|0.8571429253|0.8596730232|0.8443841934|0.8423913717|0.8355978727|0.8435374498|0.8528610468|0.8403247595|0.8423913717|0.8559783101|0.8353741765|0.8460490704,0.8434782771|0.8437500100|0.8440217719,0.0002218808222310966,11040,3680,repeated_stratified_5_fold,5,3,20260905|20260906|20260907,0.8073043823242188,500,600,256,128,0.01,1.2379667162895203,0.10712342709302902,npu:5
clip_b32,cifar100,general_vision,3,beans,0.8913604288543908,0.01567502409984928,0.8701924086|0.8743960857|0.8985507488|0.8883495331|0.9126213789|0.8798077703|0.8840579987|0.9082125425|0.8834952116|0.9223300815|0.9038462043|0.8792270422|0.8937197924|0.8689320087|0.9029126167,0.8887814542|0.8955512849|0.8897485475,0.0029895677848817115,3102,1034,repeated_stratified_5_fold,5,3,20260905|20260906|20260907,0.890625,500,600,256,128,0.01,1.2656660415232182,0.13252458348870277,npu:5
clip_b32,cifar100,general_vision,3,dtd,0.6727837045987447,0.013530471119353474,0.6675531864|0.6675531864|0.6781915426|0.6529255509|0.6835106611|0.7074468136|0.6742021441|0.6635638475|0.6648936272|0.6648936272|0.6914893389|0.6542553306|0.6742022038|0.6781915426|0.6688829660,0.6699468255|0.6750000119|0.6734042764,0.002109108063247824,11280,3760,repeated_stratified_5_fold,5,3,20260905|20260906|20260907,0.6744680404663086,500,600,256,128,0.01,1.2656660415232182,0.1268916130065918,npu:5
clip_b32,cifar100,general_vision,3,eurosat,0.9024666547497113,0.010426486976942415,0.8777335286|0.8972055912|0.9229229689|0.9147442579|0.9016064405|0.9045724869|0.9051896334|0.9039038420|0.9037111402|0.8965862989|0.8906559944|0.9071856737|0.9019019604|0.8946840763|0.9146585464,0.9028000036|0.9027999666|0.9017999940,0.0004714003091578951,15000,5000,repeated_stratified_5_fold,5,3,20260905|20260906|20260907,0.9162963032722473,500,600,256,128,0.01,1.2656660415232182,0.11808075569570065,npu:5
clip_b32,cifar100,general_vision,3,flowers102,0.8375817656517027,0.023669691559125235,0.8480392694|0.8333333731|0.8627451658|0.7990196943|0.8676471114|0.8333333731|0.8823530078|0.8137255311|0.8627451658|0.8137255311|0.8529412150|0.8137255907|0.8284314871|0.8382353783|0.8137255907,0.8421569228|0.8411765218|0.8294118524,0.005790849618011333,3060,1020,repeated_stratified_5_fold,5,3,20260905|20260906|20260907,0.8495999574661255,500,600,256,128,0.01,1.2656660415232182,0.11388174258172512,npu:5
clip_b32,cifar100,general_vision,3,food101,0.6903333638111749,0.008112349754924664,0.6891089678|0.6950495243|0.7009901404|0.6881188154|0.6864584088|0.6851485372|0.6950495243|0.6940594316|0.6831682920|0.6906250715|0.6851485968|0.6861386299|0.6762377024|0.7118811607|0.6875000000,0.6920000390|0.6896000223|0.6894000301,0.0011813421210301058,15000,5000,repeated_stratified_5_fold,5,3,20260905|20260906|20260907,0.7513999938964844,500,600,256,128,0.01,1.2656660415232182,0.12487881630659103,npu:5
clip_b32,cifar100,general_vision,3,gtsrb,0.8176000065008799,0.012031229305368473,0.8200590014|0.8049751520|0.8101898432|0.8430583477|0.8056968451|0.8298918605|0.8208955526|0.8111888170|0.8390341997|0.8026449680|0.8220255375|0.8019900322|0.8151848316|0.8199194670|0.8168871403,0.8168000123|0.8208000113|0.8151999959,0.002355141342641794,15000,5000,repeated_stratified_5_fold,5,3,20260905|20260906|20260907,0.7601999044418335,500,600,256,128,0.01,1.2656660415232182,0.11159111373126507,npu:5
clip_b32,cifar100,general_vision,3,oxford_pets,0.84420290151476,0.009970336372391014,0.8335587978|0.8464673758|0.8505434990|0.8380952477|0.8569481969|0.8322056532|0.8423913717|0.8396739364|0.8544217944|0.8528610468|0.8294992447|0.8369566202|0.8532608747|0.8340136409|0.8623977900,0.8451086791|0.8442934977|0.8432065277,0.000779187916354771,11040,3680,repeated_stratified_5_fold,5,3,20260905|20260906|20260907,0.8108476400375366,500,600,256,128,0.01,1.2656660415232182,0.12384629622101784,npu:5
clip_b32,cifar100,general_vision,4,beans,0.9023210973527491,0.018092348532751205,0.9134616256|0.8792270422|0.9371980429|0.8980582356|0.9077669978|0.8990385532|0.8743961453|0.9033816457|0.9077669978|0.9368932247|0.9086538553|0.8792270422|0.8985507488|0.8834952116|0.9077669382,0.9071566816|0.9042553459|0.8955512645,0.004931356456703577,3102,1034,repeated_stratified_5_fold,5,3,20260905|20260906|20260907,0.921875,500,600,256,128,0.01,1.1875524874776602,0.11966338008642197,npu:5
clip_b32,cifar100,general_vision,4,dtd,0.6751773357391357,0.014226992798712673,0.6914893985|0.6555851698|0.6648936272|0.6569149494|0.6901595592|0.6941489577|0.6821808815|0.6835106611|0.6555851698|0.6808511019|0.6821808815|0.6489361525|0.6821808815|0.6808511019|0.6781915426,0.6718085408|0.6792553544|0.6744681120,0.0030812342634224045,11280,3760,repeated_stratified_5_fold,5,3,20260905|20260906|20260907,0.6686170101165771,500,600,256,128,0.01,1.1875524874776602,0.1547128576785326,npu:5
clip_b32,cifar100,general_vision,4,eurosat,0.899866649389267,0.009002220685630825,0.8846918344|0.9011976123|0.9189189672|0.9087261558|0.8945782781|0.8976142406|0.8942115307|0.8948948979|0.8986960649|0.9066264629|0.8966201544|0.8992016315|0.9009009600|0.8866599798|0.9146586061,0.9015999967|0.8983999633|0.8995999881,0.0013199455896832533,15000,5000,repeated_stratified_5_fold,5,3,20260905|20260906|20260907,0.9040740728378296,500,600,256,128,0.01,1.1875524874776602,0.12821601890027523,npu:5
clip_b32,cifar100,general_vision,4,flowers102,0.8460784951845804,0.02039279221305232,0.8627451658|0.8627451658|0.8578431606|0.8186274767|0.8529412150|0.8382353783|0.8529412746|0.8333333731|0.8578432202|0.8186275363|0.8774510622|0.8774510622|0.8333333731|0.8382353783|0.8088235855,0.8509804368|0.8401961565|0.8470588923,0.004456909183316834,3060,1020,repeated_stratified_5_fold,5,3,20260905|20260906|20260907,0.8523999452590942,500,600,256,128,0.01,1.1875524874776602,0.11831406690180302,npu:5
clip_b32,cifar100,general_vision,4,food101,0.6972666984001795,0.011573787579046358,0.7108911276|0.6930692792|0.7158416510|0.6970297098|0.6895834208|0.6801980734|0.7000000477|0.6900990605|0.7019802332|0.6916667223|0.6742574573|0.7099009752|0.6900990009|0.7128713131|0.7010416985,0.7014000338|0.6928000485|0.6976000129,0.00351883133713885,15000,5000,repeated_stratified_5_fold,5,3,20260905|20260906|20260907,0.7483999729156494,500,600,256,128,0.01,1.1875524874776602,0.11925107054412365,npu:5
clip_b32,cifar100,general_vision,4,gtsrb,0.8087333412011465,0.009601140852805272,0.8033431768|0.8109452724|0.8041957617|0.8189134598|0.8087487221|0.8220255971|0.7970149517|0.8081917763|0.8209255338|0.7945066690|0.8249754906|0.7920398116|0.8051947951|0.8088531494|0.8107833266,0.8091999880|0.8086000126|0.8084000230,0.00033991996400248656,15000,5000,repeated_stratified_5_fold,5,3,20260905|20260906|20260907,0.7553999423980713,500,600,256,128,0.01,1.1875524874776602,0.11557796597480774,npu:5
clip_b32,cifar100,general_vision,4,oxford_pets,0.8443840612103974,0.006491801771176837,0.8484438062|0.8491848707|0.8369565606|0.8517007232|0.8378746510|0.8322055936|0.8546196222|0.8532608747|0.8462585211|0.8474113941|0.8443841934|0.8383152485|0.8451087475|0.8367347121|0.8433242440,0.8448369814|0.8467391184|0.8415760838,0.002131991872466217,11040,3680,repeated_stratified_5_fold,5,3,20260905|20260906|20260907,0.8143907785415649,500,600,256,128,0.01,1.1875524874776602,0.12760436721146107,npu:5
clip_b32,cifar100_coarse,general_vision,0,beans,0.8784655292790448,0.02106629446456184,0.8942308426|0.8695651889|0.8937198520|0.8786407709|0.8932038546|0.8605769873|0.8357487917|0.8695652485|0.8980582952|0.9029126167|0.9086539745|0.8937197924|0.8743961453|0.8592233062|0.8446602225,0.8858800886|0.8733075702|0.8762089291,0.005375018629298783,3102,1034,repeated_stratified_5_fold,5,3,20260905|20260906|20260907,0.9296875,500,600,256,128,0.01,1.186930214986205,0.16743136011064053,npu:5
clip_b32,cifar100_coarse,general_vision,0,dtd,0.6641844193140666,0.014582191271398088,0.6808511019|0.6688829660|0.6688830256|0.6369681358|0.6835106611|0.6821808815|0.6742021441|0.6635638475|0.6409574747|0.6662234068|0.6489361525|0.6462765932|0.6781915426|0.6648936272|0.6582447290,0.6678191781|0.6654255509|0.6593085289,0.003583582309158149,11280,3760,repeated_stratified_5_fold,5,3,20260905|20260906|20260907,0.6686170101165771,500,600,256,128,0.01,1.186930214986205,0.15352695249021053,npu:5
clip_b32,cifar100_coarse,general_vision,0,eurosat,0.895133306713899,0.008653152770606546,0.8717693686|0.8922156096|0.9109109640|0.9027080536|0.8905621767|0.9005963802|0.8882235289|0.9019018412|0.8896690011|0.9026104212|0.8966201544|0.8952095509|0.8908908963|0.8946840167|0.8985943794,0.8935999872|0.8965999695|0.8951999635,0.0012256442428583679,15000,5000,repeated_stratified_5_fold,5,3,20260905|20260906|20260907,0.9022222757339478,500,600,256,128,0.01,1.186930214986205,0.15261903032660484,npu:5
clip_b32,cifar100_coarse,general_vision,0,flowers102,0.8241830746332804,0.02400570556443018,0.8235294819|0.8333333731|0.8333334327|0.8039216399|0.8284314275|0.7892157435|0.8627451658|0.8431373239|0.8284314275|0.7990196943|0.8676471114|0.8382353783|0.7843137980|0.8284314275|0.7990196943,0.8245098710|0.8245098710|0.8235294819,0.0004621598624512372,3060,1020,repeated_stratified_5_fold,5,3,20260905|20260906|20260907,0.8315999507904053,500,600,256,128,0.01,1.186930214986205,0.14052394963800907,npu:5
clip_b32,cifar100_coarse,general_vision,0,food101,0.6956000312964122,0.013162683815279155,0.7128713131|0.6821782589|0.6871287227|0.7118812203|0.6854166985|0.6940594316|0.7029703259|0.6930693388|0.6910891533|0.6927083731|0.6683168411|0.6950495243|0.6871287227|0.7148515582|0.7156250477,0.6960000281|0.6948000340|0.6960000317,0.0005656834805765328,15000,5000,repeated_stratified_5_fold,5,3,20260905|20260906|20260907,0.7383999228477478,500,600,256,128,0.01,1.186930214986205,0.15007219277322292,npu:5
clip_b32,cifar100_coarse,general_vision,0,gtsrb,0.8078666725198428,0.010014412348927446,0.7974434495|0.7950248718|0.8041958213|0.8299798965|0.8026449680|0.8082596064|0.8009949923|0.8151848316|0.8259557486|0.8036623001|0.8161258698|0.8019900322|0.7962037921|0.8088531494|0.8118005991,0.8058000044|0.8108000117|0.8070000014,0.0021312527125519217,15000,5000,repeated_stratified_5_fold,5,3,20260905|20260906|20260907,0.7425999641418457,500,600,256,128,0.01,1.186930214986205,0.11029772832989693,npu:5
clip_b32,cifar100_coarse,general_vision,0,oxford_pets,0.8385869583357936,0.014107982350351427,0.8349119425|0.8233696222|0.8301630616|0.8394558430|0.8637602329|0.8173205853|0.8274456859|0.8505434990|0.8530612588|0.8542233706|0.8132610917|0.8328804970|0.8478261232|0.8435374498|0.8474114537,0.8383152273|0.8404891119|0.8369565358,0.001454911613082834,11040,3680,repeated_stratified_5_fold,5,3,20260905|20260906|20260907,0.7999454736709595,500,600,256,128,0.01,1.186930214986205,0.10989612527191639,npu:5
clip_b32,cifar100_coarse,general_vision,1,beans,0.8807221337105674,0.019770733123581328,0.8701924086|0.8550724983|0.9082125425|0.8834951520|0.8543689251|0.8750000596|0.8550724983|0.8888888359|0.8883495331|0.9174757600|0.8605769873|0.8985507488|0.8937197924|0.8980582356|0.8640776873,0.8742746850|0.8849129777|0.8829787384,0.004626915194460403,3102,1034,repeated_stratified_5_fold,5,3,20260905|20260906|20260907,0.9140625,500,600,256,128,0.01,1.2145247515290976,0.16897627525031567,npu:5
clip_b32,cifar100_coarse,general_vision,1,dtd,0.653546130657196,0.012234670278359124,0.6609042883|0.6595745087|0.6595745087|0.6369681358|0.6648936272|0.6675532460|0.6489362121|0.6542553306|0.6396276951|0.6356383562|0.6688829660|0.6316490173|0.6675531864|0.6595745087|0.6476063728,0.6563830137|0.6492021680|0.6550532103,0.003119252375143002,11280,3760,repeated_stratified_5_fold,5,3,20260905|20260906|20260907,0.6702127456665039,500,600,256,128,0.01,1.2145247515290976,0.17135773040354252,npu:5
clip_b32,cifar100_coarse,general_vision,1,eurosat,0.8963333063443502,0.010217394037507854,0.8727633953|0.9101796150|0.9069069028|0.9167502522|0.8855421543|0.8996022940|0.8882235885|0.9009009004|0.8976930380|0.8955822587|0.8966202140|0.8942115903|0.8918918967|0.8896689415|0.8985943198,0.8983999866|0.8963999663|0.8941999662,0.0017152989230578247,15000,5000,repeated_stratified_5_fold,5,3,20260905|20260906|20260907,0.9051852226257324,500,600,256,128,0.01,1.2145247515290976,0.17327062040567398,npu:5
clip_b32,cifar100_coarse,general_vision,1,flowers102,0.8166667381922403,0.02380018561915753,0.8529412746|0.8235294819|0.8088235855|0.7794118524|0.8186275363|0.8088235855|0.8284314275|0.8333333731|0.8333334327|0.7843137980|0.8578432202|0.8333333731|0.7794118524|0.7941176891|0.8137255907,0.8166667461|0.8176471233|0.8156863451,0.0008004843630043573,3060,1020,repeated_stratified_5_fold,5,3,20260905|20260906|20260907,0.8237999677658081,500,600,256,128,0.01,1.2145247515290976,0.20959525927901268,npu:5
clip_b32,cifar100_coarse,general_vision,1,food101,0.6896000294287999,0.010396721817297451,0.7069306970|0.6940594316|0.6920792460|0.6851485372|0.6791667342|0.6881188154|0.6861386299|0.6891089678|0.6831683517|0.6895834208|0.6782178879|0.6881188154|0.6792079210|0.7188118696|0.6854166985,0.6916000311|0.6872000393|0.6900000179,0.001818419677542486,15000,5000,repeated_stratified_5_fold,5,3,20260905|20260906|20260907,0.7441999912261963,500,600,256,128,0.01,1.2145247515290976,0.19579345546662807,npu:5
clip_b32,cifar100_coarse,general_vision,1,gtsrb,0.8051333552916845,0.009545478846975895,0.8023599386|0.7980099916|0.8081918359|0.8249497414|0.8046795726|0.7974435091|0.7950248718|0.8001998067|0.8219315410|0.8077315092|0.8112094402|0.7880597115|0.8001998067|0.8138833046|0.8036623001,0.8076000379|0.8044000153|0.8034000126,0.001791348432215099,15000,5000,repeated_stratified_5_fold,5,3,20260905|20260906|20260907,0.7449999451637268,500,600,256,128,0.01,1.2145247515290976,0.18907948397099972,npu:5
clip_b32,cifar100_coarse,general_vision,1,oxford_pets,0.8374094290739816,0.012768661014202525,0.8362652063|0.8437500000|0.8179348111|0.8367347717|0.8392370343|0.8200269938|0.8437500000|0.8491848707|0.8394558430|0.8378746510|0.8308524489|0.8736413121|0.8355978727|0.8312925100|0.8256130815,0.8347826220|0.8380434923|0.8394021730,0.0019384856518876474,11040,3680,repeated_stratified_5_fold,5,3,20260905|20260906|20260907,0.7931315898895264,500,600,256,128,0.01,1.2145247515290976,0.15146716870367527,npu:5
clip_b32,cifar100_coarse,general_vision,2,beans,0.8639587411413187,0.022713678894331693,0.8605769873|0.8743961453|0.8937197924|0.8543689251|0.9029126167|0.8798077106|0.8260869384|0.8937197924|0.8495146036|0.8786408305|0.8365384936|0.8599033356|0.8502415419|0.8300970793|0.8689320087,0.8771760252|0.8655706156|0.8491295826,0.01150650076763981,3102,1034,repeated_stratified_5_fold,5,3,20260905|20260906|20260907,0.890625,500,600,256,128,0.01,1.1819517984986305,0.09916887991130352,npu:5
clip_b32,cifar100_coarse,general_vision,2,dtd,0.6577127854029338,0.009574470586270135,0.6662234068|0.6449468136|0.6595745087|0.6476063728|0.6702127457|0.6529255509|0.6715425849|0.6662234068|0.6422872543|0.6436170340|0.6582447290|0.6529255509|0.6675532460|0.6582447290|0.6635638475,0.6577127695|0.6553191662|0.6601064205,0.0019543883976978348,11280,3760,repeated_stratified_5_fold,5,3,20260905|20260906|20260907,0.6670212745666504,500,600,256,128,0.01,1.1819517984986305,0.10616335645318031,npu:5
clip_b32,cifar100_coarse,general_vision,2,eurosat,0.8989333156267801,0.006942005898389478,0.8836977482|0.9011976123|0.9079079628|0.9087261558|0.8905621767|0.9065605402|0.8902195692|0.9039039016|0.8956870437|0.8995983601|0.8956261873|0.9031935930|0.8938938975|0.9017051458|0.9016064405,0.8983999805|0.8991999717|0.8991999947,0.0003771249120625831,15000,5000,repeated_stratified_5_fold,5,3,20260905|20260906|20260907,0.9014815092086792,500,600,256,128,0.01,1.1819517984986305,0.11498520523309708,npu:5
clip_b32,cifar100_coarse,general_vision,2,flowers102,0.8228758811950684,0.02346576611602092,0.8578431606|0.8186274767|0.8039216399|0.8088235855|0.8186275363|0.8137255907|0.8725490570|0.8039216399|0.8627451658|0.7892158031|0.8235294819|0.8382353187|0.8088235855|0.8186275363|0.8039216399,0.8215686798|0.8284314513|0.8186275125,0.004107788205924116,3060,1020,repeated_stratified_5_fold,5,3,20260905|20260906|20260907,0.8369999527931213,500,600,256,128,0.01,1.1819517984986305,0.12918039225041866,npu:5
clip_b32,cifar100_coarse,general_vision,2,food101,0.6888666903177897,0.01262279886029168,0.7000000477|0.6722772121|0.7049505115|0.7118811607|0.6718750000|0.6891089678|0.6920792460|0.6940593719|0.6801980138|0.6781250834|0.6801980734|0.6891089678|0.6821782589|0.7089108825|0.6760417223,0.6924000043|0.6868000271|0.6874000396,0.002510409571889893,15000,5000,repeated_stratified_5_fold,5,3,20260905|20260906|20260907,0.7435999512672424,500,600,256,128,0.01,1.1819517984986305,0.1463472582399845,npu:5
clip_b32,cifar100_coarse,general_vision,2,gtsrb,0.8139333457787833,0.008562238256964592,0.8112094402|0.8119403124|0.8121877909|0.8279678226|0.8026450276|0.8230088949|0.8069652319|0.8021978140|0.8229376078|0.8087487221|0.8298918605|0.8029850721|0.8141857982|0.8169013858|0.8148525357,0.8132000142|0.8128000184|0.8158000047,0.0013299902018051547,15000,5000,repeated_stratified_5_fold,5,3,20260905|20260906|20260907,0.7439999580383301,500,600,256,128,0.01,1.1819517984986305,0.13844221271574497,npu:5
clip_b32,cifar100_coarse,general_vision,2,oxford_pets,0.8369565408568883,0.010885453189722984,0.8470906019|0.8301631212|0.8233696222|0.8299320340|0.8555858135|0.8281460404|0.8165761232|0.8491848707|0.8448979855|0.8324250579|0.8267928958|0.8491848707|0.8451087475|0.8380953074|0.8378746510,0.8372282843|0.8342391378|0.8394022005,0.0021165517988607475,11040,3680,repeated_stratified_5_fold,5,3,20260905|20260906|20260907,0.7925865650177002,500,600,256,128,0.01,1.1819517984986305,0.12440007738769054,npu:5
clip_b32,cifar100_coarse,general_vision,3,beans,0.8862024594091125,0.026374463978198155,0.8990384936|0.8599033952|0.9178743958|0.8737864494|0.9029126167|0.8942308426|0.8309178352|0.8888888359|0.9174757004|0.8592233062|0.8701923490|0.8888889551|0.9227052927|0.8543689251|0.9126213789,0.8907156838|0.8781431253|0.8897485692,0.005712470433310078,3102,1034,repeated_stratified_5_fold,5,3,20260905|20260906|20260907,0.8671875,500,600,256,128,0.01,1.1850962191820145,0.10867307335138321,npu:5
clip_b32,cifar100_coarse,general_vision,3,dtd,0.6539007345835367,0.012731424540867368,0.6648936272|0.6675531864|0.6515957713|0.6436170340|0.6569149494|0.6675531864|0.6702128053|0.6422872543|0.6396276951|0.6449468136|0.6715425849|0.6316490173|0.6662234068|0.6422872543|0.6476064324,0.6569149137|0.6529255509|0.6518617392,0.0021751445129601335,11280,3760,repeated_stratified_5_fold,5,3,20260905|20260906|20260907,0.6723403930664062,500,600,256,128,0.01,1.1850962191820145,0.11367118172347546,npu:5
clip_b32,cifar100_coarse,general_vision,3,eurosat,0.896333311422666,0.011391677649928175,0.8717693090|0.8982036114|0.9109109640|0.9147441983|0.8855421543|0.9075546265|0.9001996517|0.8818818927|0.8956870437|0.9016063213|0.8996022940|0.8942115903|0.8928928971|0.8836508989|0.9066264629,0.8961999896|0.8973999789|0.8953999658,0.0008219262762410507,15000,5000,repeated_stratified_5_fold,5,3,20260905|20260906|20260907,0.9096296429634094,500,600,256,128,0.01,1.1850962191820145,0.10945150256156921,npu:5
clip_b32,cifar100_coarse,general_vision,3,flowers102,0.810130786895752,0.033413338974511674,0.8480392694|0.8039216399|0.7941176891|0.7892157435|0.8137255311|0.7941176891|0.8529412746|0.8137255311|0.8186275363|0.7745099068|0.8235294819|0.8921569586|0.7598040104|0.7696079016|0.8039216399,0.8098039746|0.8107843876|0.8098039985,0.000462165482133591,3060,1020,repeated_stratified_5_fold,5,3,20260905|20260906|20260907,0.8323999643325806,500,600,256,128,0.01,1.1850962191820145,0.13493505865335464,npu:5
clip_b32,cifar100_coarse,general_vision,3,food101,0.6902000310023627,0.008774331271462562,0.6960396767|0.6831683517|0.6891089678|0.6980198026|0.6875000000|0.6851485372|0.6940594912|0.6851484776|0.6811881661|0.7041667104|0.6821782589|0.6990098953|0.6752475500|0.7069306970|0.6864584088,0.6908000333|0.6898000321|0.6900000275,0.00043205064175456145,15000,5000,repeated_stratified_5_fold,5,3,20260905|20260906|20260907,0.7393999695777893,500,600,256,128,0.01,1.1850962191820145,0.1583997681736946,npu:5
clip_b32,cifar100_coarse,general_vision,3,gtsrb,0.7968666741093,0.01276524123349309,0.7895772457|0.7870646715|0.7922077775|0.8199194670|0.7945066690|0.7984267473|0.7850746512|0.7852147818|0.8279677629|0.7802644968|0.8082596064|0.7890547514|0.7962037921|0.8018108606|0.7975585461,0.7966000090|0.7953999960|0.7986000174,0.0013199411638523508,15000,5000,repeated_stratified_5_fold,5,3,20260905|20260906|20260907,0.7336000204086304,500,600,256,128,0.01,1.1850962191820145,0.1483804453164339,npu:5
clip_b32,cifar100_coarse,general_vision,3,oxford_pets,0.8409420368356116,0.0128127065641768,0.8308524489|0.8355978727|0.8328804970|0.8612245321|0.8542234302|0.8416779041|0.8274456859|0.8532608747|0.8585034609|0.8433242440|0.8119078875|0.8464673758|0.8328804970|0.8353741765|0.8487738371,0.8429348013|0.8448369670|0.8350543422,0.004235034014844195,11040,3680,repeated_stratified_5_fold,5,3,20260905|20260906|20260907,0.8078495860099792,500,600,256,128,0.01,1.1850962191820145,0.13475912995636463,npu:5
clip_b32,cifar100_coarse,general_vision,4,beans,0.8729851866905954,0.02005778300778528,0.8798077106|0.8647342920|0.8937197924|0.8786408305|0.8932038546|0.8846154809|0.8309178352|0.8792270422|0.8980582952|0.8834952116|0.8461538553|0.8599033952|0.8405796885|0.8689320683|0.8932039142,0.8820116097|0.8752418105|0.8617021399,0.008443455224776863,3102,1034,repeated_stratified_5_fold,5,3,20260905|20260906|20260907,0.890625,500,600,256,128,0.01,1.1787978000938892,0.11971614137291908,npu:5
clip_b32,cifar100_coarse,general_vision,4,dtd,0.6640957752863567,0.017673672921938097,0.6795213223|0.6662234068|0.6595745087|0.6582447290|0.6595745087|0.6914893985|0.6781915426|0.6648936272|0.6462765932|0.6396276951|0.6622340679|0.6210106611|0.6742021441|0.6768617630|0.6835106611,0.6646276951|0.6640957713|0.6635638595,0.0004343090735679904,11280,3760,repeated_stratified_5_fold,5,3,20260905|20260906|20260907,0.6718084812164307,500,600,256,128,0.01,1.1787978000938892,0.13945418782532215,npu:5
clip_b32,cifar100_coarse,general_vision,4,eurosat,0.8993333269913991,0.006858788506935211,0.8886679411|0.9031935930|0.9149149656|0.9067201614|0.8915662766|0.9055665731|0.8992016315|0.9009009004|0.8896690607|0.8985943794|0.9025844336|0.8972055912|0.8958958983|0.9027080536|0.8925702572,0.9009999984|0.8988000125|0.8981999701,0.0012037048082384572,15000,5000,repeated_stratified_5_fold,5,3,20260905|20260906|20260907,0.9077777862548828,500,600,256,128,0.01,1.1787978000938892,0.13357975520193577,npu:5
clip_b32,cifar100_coarse,general_vision,4,flowers102,0.8127451697985331,0.02265533569630758,0.8186275363|0.8088235855|0.8333334327|0.8039216399|0.8235294819|0.8039216399|0.8480392694|0.7892157435|0.8284314871|0.7794117928|0.8578431606|0.8039216995|0.7990196943|0.7745098472|0.8186275363,0.8176471353|0.8098039865|0.8107843876,0.003489244958600762,3060,1020,repeated_stratified_5_fold,5,3,20260905|20260906|20260907,0.8357999920845032,500,600,256,128,0.01,1.1787978000938892,0.12128589674830437,npu:5
clip_b32,cifar100_coarse,general_vision,4,food101,0.6846000295082728,0.013678457396637924,0.6980198622|0.6801980734|0.6920791864|0.6881188154|0.6739584208|0.6930693388|0.6782178283|0.6831683517|0.6653465629|0.6833333969|0.6643564701|0.6811881661|0.6722772121|0.7198019624|0.6958333850,0.6866000361|0.6806000327|0.6866000197,0.0028284248769222435,15000,5000,repeated_stratified_5_fold,5,3,20260905|20260906|20260907,0.7435999512672424,500,600,256,128,0.01,1.1787978000938892,0.1371849700808525,npu:5
clip_b32,cifar100_coarse,general_vision,4,gtsrb,0.8030666618784269,0.011645542674709426,0.8092428446|0.7880597115|0.7952047586|0.8289738894|0.8026449680|0.7974435091|0.7870646715|0.8101897836|0.8229376078|0.7955239415|0.8112094402|0.7940298319|0.8011987209|0.8078470826|0.7945066094,0.8047999992|0.8026000067|0.8017999797,0.0012684253954391262,15000,5000,repeated_stratified_5_fold,5,3,20260905|20260906|20260907,0.7381999492645264,500,600,256,128,0.01,1.1787978000938892,0.1440581027418375,npu:5
clip_b32,cifar100_coarse,general_vision,4,oxford_pets,0.8354166682755602,0.01330423975430396,0.8362651467|0.8342391253|0.8274456859|0.8544217944|0.8365122676|0.8443842530|0.8220108747|0.8464674354|0.8408163786|0.8324250579|0.8024356365|0.8464673758|0.8383152485|0.8517007232|0.8174387217,0.8377717358|0.8372282690|0.8312500000,0.0029546215011046393,11040,3680,repeated_stratified_5_fold,5,3,20260905|20260906|20260907,0.7876805663108826,500,600,256,128,0.01,1.1787978000938892,0.13463225960731506,npu:5
clip_b32,dermamnist,medical,0,beans,0.8784655180959682,0.020168543387691182,0.8557692766|0.8695652485|0.8840579987|0.8834951520|0.9077669978|0.8942308426|0.8454105854|0.8405796885|0.8932038546|0.9077669382|0.8653846979|0.8840579987|0.8937197924|0.8640776873|0.8883495331,0.8800773932|0.8762088832|0.8791102779,0.001643802228369323,3102,1034,repeated_stratified_5_fold,5,3,20260905|20260906|20260907,0.9140625,500,600,256,128,0.01,1.2187637314200401,0.10419991798698902,npu:5
clip_b32,dermamnist,medical,0,dtd,0.6515957872072855,0.010890184103300905,0.6422872543|0.6476063728|0.6609042883|0.6436170936|0.6595745087|0.6622340679|0.6702128053|0.6515958309|0.6343085766|0.6356383562|0.6476064324|0.6382979155|0.6648936272|0.6555851698|0.6595745087,0.6507979035|0.6507979274|0.6531915307,0.0011283610479554426,11280,3760,repeated_stratified_5_fold,5,3,20260905|20260906|20260907,0.673936128616333,500,600,256,128,0.01,1.2187637314200401,0.13123984821140766,npu:5
clip_b32,dermamnist,medical,0,eurosat,0.8927999731620154,0.009710704519702804,0.8648110628|0.9011976123|0.9059059620|0.9007021189|0.8835341334|0.8946321607|0.8902195692|0.8988988996|0.8906719685|0.9006023407|0.8926440477|0.9011975527|0.8858858943|0.8906719685|0.8905621767,0.8912000004|0.8949999693|0.8921999498,0.0016083038539559573,15000,5000,repeated_stratified_5_fold,5,3,20260905|20260906|20260907,0.9037036895751953,500,600,256,128,0.01,1.2187637314200401,0.12121775560081005,npu:5
clip_b32,dermamnist,medical,0,flowers102,0.8035948514938355,0.022815041321188893,0.8186274767|0.7990196943|0.7794118524|0.7745099068|0.8333333731|0.7892157435|0.8284314871|0.8186275363|0.8186275363|0.7745099068|0.8382353783|0.8284314871|0.7941176891|0.7843137980|0.7745099068,0.8009804606|0.8058824420|0.8039216518,0.0020145229622163135,3060,1020,repeated_stratified_5_fold,5,3,20260905|20260906|20260907,0.8199999332427979,500,600,256,128,0.01,1.2187637314200401,0.12269603088498116,npu:5
clip_b32,dermamnist,medical,0,food101,0.6845333535671235,0.01427539940522284,0.6940594316|0.6861386299|0.6920791864|0.6851484776|0.6833333969|0.6574257612|0.6940594316|0.7049505115|0.6702970266|0.6864584088|0.6732673645|0.6811881065|0.6702970266|0.7158415914|0.6729167700,0.6882000087|0.6826000261|0.6828000258,0.0025940020741938314,15000,5000,repeated_stratified_5_fold,5,3,20260905|20260906|20260907,0.7361999750137329,500,600,256,128,0.01,1.2187637314200401,0.12712748534977436,npu:5
clip_b32,dermamnist,medical,0,gtsrb,0.8095333382368088,0.011031177422813617,0.8072763085|0.8000000119|0.8031967878|0.8370221257|0.7995931506|0.8210422993|0.7980099320|0.8041957617|0.8239436150|0.8026449680|0.8220255971|0.8019900918|0.8021978140|0.8128772378|0.8067141771,0.8094000125|0.8099999829|0.8092000194,0.0003399188355832485,15000,5000,repeated_stratified_5_fold,5,3,20260905|20260906|20260907,0.7389999628067017,500,600,256,128,0.01,1.2187637314200401,0.15508309565484524,npu:5
clip_b32,dermamnist,medical,0,oxford_pets,0.825724648916419,0.009693609605701281,0.8281461000|0.8328804970|0.8179348111|0.8163265586|0.8160762787|0.8159674406|0.8165761232|0.8125000596|0.8476190567|0.8201634884|0.8322056532|0.8315217495|0.8315217495|0.8367347717|0.8297002912,0.8222826206|0.8225543523|0.8323369739,0.004676935652053583,11040,3680,repeated_stratified_5_fold,5,3,20260905|20260906|20260907,0.7955846190452576,500,600,256,128,0.01,1.2187637314200401,0.1482642162591219,npu:5
clip_b32,dermamnist,medical,1,beans,0.8642811207406987,0.015691201295301098,0.8605769873|0.8357487917|0.8937197924|0.8737864494|0.8786407709|0.8653846979|0.8743961453|0.8550724387|0.8543689251|0.8834950924|0.8750000596|0.8357487917|0.8599033952|0.8543689251|0.8640776873,0.8684719706|0.8665377192|0.8578336724,0.004626915823685077,3102,1034,repeated_stratified_5_fold,5,3,20260905|20260906|20260907,0.8828125,500,600,256,128,0.01,1.202326960861683,0.10882099345326424,npu:5
clip_b32,dermamnist,medical,1,dtd,0.6507978955904642,0.013594223371097091,0.6795213223|0.6515957117|0.6356383562|0.6289893389|0.6489361525|0.6595745087|0.6609042883|0.6595745087|0.6422872543|0.6303191781|0.6436170340|0.6396276951|0.6569149494|0.6648936272|0.6595745087,0.6489361763|0.6505319476|0.6529255629,0.0016394811218762692,11280,3760,repeated_stratified_5_fold,5,3,20260905|20260906|20260907,0.6617021560668945,500,600,256,128,0.01,1.202326960861683,0.1317629124969244,npu:5
clip_b32,dermamnist,medical,1,eurosat,0.8926666537046432,0.008200913111813028,0.8767395020|0.8982036114|0.9039039612|0.8916749954|0.8895581961|0.8966202140|0.8942115903|0.8818818927|0.8916750550|0.8975902796|0.8856858015|0.9021956325|0.8988989592|0.8796389103|0.9016063809,0.8919999897|0.8923999816|0.8935999898,0.0006798703969089994,15000,5000,repeated_stratified_5_fold,5,3,20260905|20260906|20260907,0.9007407426834106,500,600,256,128,0.01,1.202326960861683,0.1281583160161972,npu:5
clip_b32,dermamnist,medical,1,flowers102,0.8225490927696227,0.0225134626454462,0.8578432202|0.8431373239|0.7941177487|0.7892158031|0.8186275363|0.7990196943|0.8235294819|0.8431373239|0.8284314275|0.8186274767|0.8480392694|0.8382353783|0.7843137980|0.8088235855|0.8431373239,0.8205883265|0.8225490808|0.8245098710,0.0016009638592925613,3060,1020,repeated_stratified_5_fold,5,3,20260905|20260906|20260907,0.8237999677658081,500,600,256,128,0.01,1.202326960861683,0.146608280017972,npu:5
clip_b32,dermamnist,medical,1,food101,0.6806666859388351,0.011882493120694417,0.6920791864|0.6702970266|0.6851485372|0.6891089082|0.6760417223|0.6712871790|0.6891089678|0.6900990605|0.6900990009|0.6854166985|0.6504950523|0.6792079210|0.6801980138|0.6960396171|0.6645833850,0.6826000097|0.6852000362|0.6742000120,0.004694211940452859,15000,5000,repeated_stratified_5_fold,5,3,20260905|20260906|20260907,0.7259999513626099,500,600,256,128,0.01,1.202326960861683,0.13393332809209824,npu:5
clip_b32,dermamnist,medical,1,gtsrb,0.8124666788299879,0.011326161220944778,0.8131760359|0.8169154525|0.8071928024|0.8239436746|0.7995930910|0.8210422993|0.8039801121|0.8181818128|0.8309859037|0.7904374599|0.8259587288|0.7960199118|0.8201798201|0.8048290014|0.8138352036,0.8122000149|0.8130000074|0.8122000142,0.00037712025050462805,15000,5000,repeated_stratified_5_fold,5,3,20260905|20260906|20260907,0.7369999885559082,500,600,256,128,0.01,1.202326960861683,0.1185241024941206,npu:5
clip_b32,dermamnist,medical,1,oxford_pets,0.822463778525159,0.011014411515438744,0.8105547428|0.8274456859|0.8220109344|0.8272109032|0.8324249983|0.8173206449|0.8301631212|0.7961957455|0.8340136409|0.8351498842|0.8064951897|0.8220108747|0.8328804970|0.8285714388|0.8147138953,0.8239130408|0.8225543814|0.8209239134,0.0012219866884259677,11040,3680,repeated_stratified_5_fold,5,3,20260905|20260906|20260907,0.7914962768554688,500,600,256,128,0.01,1.202326960861683,0.12536750733852386,npu:5
clip_b32,dermamnist,medical,2,beans,0.8713733307359144,0.014723458456464585,0.8750000596|0.8647342920|0.8888888955|0.8640776873|0.8883495331|0.8894231319|0.8550724983|0.8840579987|0.8883495331|0.8737864494|0.8557692766|0.8695652485|0.8792270422|0.8446601629|0.8495146036,0.8762089165|0.8781431690|0.8597679068,0.00824417903742527,3102,1034,repeated_stratified_5_fold,5,3,20260905|20260906|20260907,0.9140625,500,600,256,128,0.01,1.2216443829238415,0.09558054991066456,npu:5
clip_b32,dermamnist,medical,2,dtd,0.6570035815238953,0.014350757003359155,0.6742022038|0.6582447290|0.6635638475|0.6382979155|0.6635638475|0.6648936272|0.6609042883|0.6715425849|0.6409574747|0.6356382966|0.6728724241|0.6356383562|0.6728723645|0.6382979155|0.6635638475,0.6595745087|0.6547872543|0.6566489816,0.00197040720973006,11280,3760,repeated_stratified_5_fold,5,3,20260905|20260906|20260907,0.6622340083122253,500,600,256,128,0.01,1.2216443829238415,0.11808330565690994,npu:5
clip_b32,dermamnist,medical,2,eurosat,0.896333316787084,0.008739082203255108,0.8827037215|0.9011976123|0.9059059024|0.9097291827|0.8855421543|0.8986082673|0.8972056508|0.8878878951|0.9137412310|0.8895581961|0.8856858015|0.8962075710|0.8948948979|0.8976930380|0.8985943794,0.8969999857|0.8973999914|0.8945999733,0.0012364899127761595,15000,5000,repeated_stratified_5_fold,5,3,20260905|20260906|20260907,0.9011111259460449,500,600,256,128,0.01,1.2216443829238415,0.12137373723089695,npu:5
clip_b32,dermamnist,medical,2,flowers102,0.8075164119402567,0.022461233043135423,0.8186275363|0.8382353783|0.7990196943|0.7696079016|0.7941177487|0.7843137980|0.8235294819|0.8137255311|0.8235294819|0.7941176891|0.8284314871|0.8480392694|0.7696079016|0.8039216399|0.8039216399,0.8039216518|0.8078431964|0.8107843876,0.0028112128516796344,3060,1020,repeated_stratified_5_fold,5,3,20260905|20260906|20260907,0.812999963760376,500,600,256,128,0.01,1.2216443829238415,0.12118110433220863,npu:5
clip_b32,dermamnist,medical,2,food101,0.6780000320275624,0.013450965559518113,0.6881188154|0.6732673645|0.6772277355|0.6831683517|0.6729167104|0.6693069339|0.6732673645|0.6891089678|0.6782178879|0.6708333492|0.6534653902|0.6772277355|0.6752475500|0.7178218365|0.6697916985,0.6790000263|0.6762000362|0.6788000336,0.0012754053207171723,15000,5000,repeated_stratified_5_fold,5,3,20260905|20260906|20260907,0.724399983882904,500,600,256,128,0.01,1.2216443829238415,0.12534943781793118,npu:5
clip_b32,dermamnist,medical,2,gtsrb,0.8176000019868215,0.01276793061806806,0.8230088949|0.8049751520|0.8161838055|0.8390341997|0.8128179312|0.8220255375|0.8079602122|0.8211787939|0.8400402069|0.7985758185|0.8377581239|0.8000000119|0.8141857386|0.8148893118|0.8107833862,0.8192000168|0.8179999906|0.8155999986,0.0014966687426427817,15000,5000,repeated_stratified_5_fold,5,3,20260905|20260906|20260907,0.7445999383926392,500,600,256,128,0.01,1.2216443829238415,0.12677409686148167,npu:5
clip_b32,dermamnist,medical,2,oxford_pets,0.8320652310129093,0.011608363533852067,0.8240865469|0.8233696222|0.8464674354|0.8367347717|0.8392370939|0.8335587978|0.8288043737|0.8260869980|0.8571429253|0.8079019189|0.8294992447|0.8423913717|0.8315217495|0.8176870942|0.8365122080,0.8339674230|0.8307065380|0.8315217321,0.0013856132617075451,11040,3680,repeated_stratified_5_fold,5,3,20260905|20260906|20260907,0.7920414209365845,500,600,256,128,0.01,1.2216443829238415,0.11399667151272297,npu:5
clip_b32,dermamnist,medical,3,beans,0.8684719577671866,0.01898469109612401,0.8557692766|0.8550724387|0.8502415419|0.8786407709|0.8834950924|0.8605769873|0.8550724983|0.8309178352|0.8932039142|0.8932038546|0.8846154213|0.8743961453|0.8937197924|0.8446601629|0.8737864494,0.8646034733|0.8665377299|0.8742746701,0.0041784319236746895,3102,1034,repeated_stratified_5_fold,5,3,20260905|20260906|20260907,0.90625,500,600,256,128,0.01,1.2000839225947857,0.09419113397598267,npu:5
clip_b32,dermamnist,medical,3,dtd,0.6480496843655904,0.01464511693825574,0.6582447290|0.6515957713|0.6502659917|0.6316489577|0.6436170340|0.6688830256|0.6462766528|0.6542553902|0.6250000000|0.6329787970|0.6436170340|0.6263298392|0.6795213223|0.6569149494|0.6515957713,0.6470744967|0.6454787731|0.6515957832,0.0025907137191046874,11280,3760,repeated_stratified_5_fold,5,3,20260905|20260906|20260907,0.6638298034667969,500,600,256,128,0.01,1.2000839225947857,0.1375367697328329,npu:5
clip_b32,dermamnist,medical,3,eurosat,0.8982666542490323,0.009903468186072163,0.8767395020|0.9081836343|0.9119119644|0.9087262154|0.8895581961|0.8996022940|0.9051896334|0.8888888359|0.8996990919|0.9016063809|0.8966202736|0.9011976123|0.8888888955|0.8866599798|0.9106425643,0.8989999986|0.8989999635|0.8968000007,0.0010370807016304327,15000,5000,repeated_stratified_5_fold,5,3,20260905|20260906|20260907,0.9003703594207764,500,600,256,128,0.01,1.2000839225947857,0.11976663954555988,npu:5
clip_b32,dermamnist,medical,3,flowers102,0.8124183694521586,0.017580353444004652,0.8235294819|0.8186275363|0.7794118524|0.8088235855|0.8186274767|0.7745099068|0.8431373239|0.8039216399|0.8333333731|0.8039216399|0.8235294819|0.8039216399|0.8088235855|0.8235294819|0.8186275363,0.8098039865|0.8117647767|0.8156863451,0.0024455296820112098,3060,1020,repeated_stratified_5_fold,5,3,20260905|20260906|20260907,0.8087999820709229,500,600,256,128,0.01,1.2000839225947857,0.12262372113764286,npu:5
clip_b32,dermamnist,medical,3,food101,0.6804667035738627,0.008636775806092952,0.6851485372|0.6831683517|0.6831683517|0.6851485372|0.6697916985|0.6782178879|0.6772277355|0.6871287823|0.6762376428|0.6927084327|0.6584158540|0.6910891533|0.6712871790|0.6861386299|0.6822916865,0.6814000292|0.6822000529|0.6778000287,0.0019137007263892642,15000,5000,repeated_stratified_5_fold,5,3,20260905|20260906|20260907,0.7307999730110168,500,600,256,128,0.01,1.2000839225947857,0.12053363397717476,npu:5
clip_b32,dermamnist,medical,3,gtsrb,0.810600018119812,0.012277908548483247,0.7935103178|0.8119403124|0.8111888170|0.8179074526|0.8097660542|0.8131760359|0.8079602122|0.8131868243|0.8350100517|0.7955239415|0.8328417540|0.7910448313|0.8001998067|0.8189134598|0.8067141771,0.8088000104|0.8130000158|0.8100000282,0.0017663525876634382,15000,5000,repeated_stratified_5_fold,5,3,20260905|20260906|20260907,0.73499995470047,500,600,256,128,0.01,1.2000839225947857,0.11944274045526981,npu:5
clip_b32,dermamnist,medical,3,oxford_pets,0.8371376859267121,0.011610600377795495,0.8565628529|0.8315217495|0.8260869980|0.8312925696|0.8474113941|0.8376183510|0.8260869980|0.8451087475|0.8421769142|0.8365122080|0.8254396915|0.8627717495|0.8328804970|0.8190476894|0.8365122676,0.8385869534|0.8375000062|0.8353260983,0.0013556673532037556,11040,3680,repeated_stratified_5_fold,5,3,20260905|20260906|20260907,0.7983101606369019,500,600,256,128,0.01,1.2000839225947857,0.11277062632143497,npu:5
clip_b32,dermamnist,medical,4,beans,0.8697614422696086,0.024455536052491365,0.8894231319|0.8502415419|0.8937197924|0.8398058414|0.8883495331|0.8846154213|0.8164250851|0.8792270422|0.8737863898|0.8786407709|0.8365384340|0.8454105854|0.8792270422|0.8932038546|0.8980582952,0.8723404398|0.8665377109|0.8704061761,0.0024124229812903554,3102,1034,repeated_stratified_5_fold,5,3,20260905|20260906|20260907,0.8984375,500,600,256,128,0.01,1.215704694390297,0.10261296294629574,npu:5
clip_b32,dermamnist,medical,4,dtd,0.6556737899780273,0.012469471384759295,0.6569149494|0.6675531864|0.6436170340|0.6489362121|0.6648936272|0.6515957713|0.6715425849|0.6648936868|0.6462766528|0.6369680762|0.6396276951|0.6382979155|0.6609042883|0.6675531864|0.6755319834,0.6563830018|0.6542553544|0.6563830137,0.0010029854127649462,11280,3760,repeated_stratified_5_fold,5,3,20260905|20260906|20260907,0.6659574508666992,500,600,256,128,0.01,1.215704694390297,0.13562332466244698,npu:5
clip_b32,dermamnist,medical,4,eurosat,0.8980666677157085,0.008262996558408273,0.8787275553|0.9011976123|0.9059059620|0.9027081132|0.8965862989|0.9075546265|0.9031935930|0.8958958983|0.8886660337|0.9016064405|0.9015904069|0.9001996517|0.9039039612|0.8816449642|0.9016064405,0.8969999853|0.8993999975|0.8978000203,0.0009977775812341784,15000,5000,repeated_stratified_5_fold,5,3,20260905|20260906|20260907,0.9055555462837219,500,600,256,128,0.01,1.215704694390297,0.11827853322029114,npu:5
clip_b32,dermamnist,medical,4,flowers102,0.8094771981239318,0.029075794753153528,0.8382353783|0.8137255907|0.8088235855|0.7549020052|0.7843137980|0.7794117928|0.8578432202|0.8235294819|0.8529412746|0.7598040104|0.8235294819|0.8137255907|0.7990196943|0.8186274767|0.8137255907,0.8000000715|0.8147059560|0.8137255669,0.006713282213976977,3060,1020,repeated_stratified_5_fold,5,3,20260905|20260906|20260907,0.8229999542236328,500,600,256,128,0.01,1.215704694390297,0.12706383503973484,npu:5
clip_b32,dermamnist,medical,4,food101,0.6878666914701462,0.015594612556102578,0.6970297098|0.6732673645|0.7009901404|0.6910891533|0.7000000477|0.6742573977|0.6891089678|0.6970297098|0.6910890937|0.6937500238|0.6475247741|0.6891089678|0.6841584444|0.7168316841|0.6729167104,0.6924000355|0.6890000087|0.6822000302,0.004240545008623612,15000,5000,repeated_stratified_5_fold,5,3,20260905|20260906|20260907,0.7375999689102173,500,600,256,128,0.01,1.215704694390297,0.11987707018852234,npu:5
clip_b32,dermamnist,medical,4,gtsrb,0.8184000146547953,0.011132966865950054,0.8269419670|0.8089551926|0.8141857982|0.8299798965|0.8107833266|0.8200590611|0.8129353523|0.8151848316|0.8390341997|0.8036623001|0.8328416944|0.8059701920|0.8161838055|0.8048290014|0.8341811299,0.8181999920|0.8182000292|0.8188000227,0.00028284839989695733,15000,5000,repeated_stratified_5_fold,5,3,20260905|20260906|20260907,0.7451999187469482,500,600,256,128,0.01,1.215704694390297,0.11592287756502628,npu:5
clip_b32,dermamnist,medical,4,oxford_pets,0.833061603759078,0.01414147024561546,0.8173205853|0.8247283101|0.8369565606|0.8380953074|0.8583106399|0.8186737895|0.8437500000|0.8369565606|0.8326531053|0.8283379078|0.8105547428|0.8437500000|0.8206522465|0.8612245321|0.8242506981,0.8350543581|0.8320652217|0.8320652315,0.0014090901270318809,11040,3680,repeated_stratified_5_fold,5,3,20260905|20260906|20260907,0.7874079942703247,500,600,256,128,0.01,1.215704694390297,0.12049013189971447,npu:5
clip_b32,fashion_mnist,digits_characters,0,beans,0.8836234912305091,0.0204758957390533,0.8942308426|0.8502415419|0.9033816457|0.8786407709|0.8932039142|0.8942308426|0.8840579987|0.8985507488|0.8689320087|0.9029126167|0.8461539149|0.8937197924|0.9178744555|0.8543689251|0.8737864494,0.8839458609|0.8897485675|0.8771760452,0.005137770011868598,3102,1034,repeated_stratified_5_fold,5,3,20260905|20260906|20260907,0.8828125,500,600,256,128,0.01,1.2321695275604725,0.10409612767398357,npu:5
clip_b32,fashion_mnist,digits_characters,0,dtd,0.6699468374252321,0.014880942945230126,0.6835106611|0.6595745087|0.6436170936|0.6622340679|0.6888297796|0.6861702204|0.6755319834|0.6622340679|0.6715425849|0.6595745087|0.6582447290|0.6489361525|0.6901596189|0.6914893985|0.6675531864,0.6675532222|0.6710106730|0.6712766171,0.0016960202459654421,11280,3760,repeated_stratified_5_fold,5,3,20260905|20260906|20260907,0.6755318641662598,500,600,256,128,0.01,1.2321695275604725,0.1243723165243864,npu:5
clip_b32,fashion_mnist,digits_characters,0,eurosat,0.9019999735911687,0.007650248926741174,0.8926440477|0.9031935930|0.9179179072|0.9077231288|0.8905621767|0.9025844336|0.9031935930|0.9039039016|0.8956870437|0.9006023407|0.9015904069|0.9051896334|0.9029029608|0.8886660337|0.9136545658,0.9023999538|0.9011999664|0.9024000006,0.0005656905222307567,15000,5000,repeated_stratified_5_fold,5,3,20260905|20260906|20260907,0.9096295833587646,500,600,256,128,0.01,1.2321695275604725,0.12322640046477318,npu:5
clip_b32,fashion_mnist,digits_characters,0,flowers102,0.8137255509694418,0.030586554993739953,0.8431373239|0.8333333731|0.7892157435|0.7892158031|0.7794117928|0.7941176891|0.8480392694|0.7745098472|0.8529412150|0.8137255907|0.8578431606|0.8578432202|0.7892157435|0.7794118524|0.8039216399,0.8068628073|0.8166667223|0.8176471233,0.004869170690700496,3060,1020,repeated_stratified_5_fold,5,3,20260905|20260906|20260907,0.8323999643325806,500,600,256,128,0.01,1.2321695275604725,0.12417410686612129,npu:5
clip_b32,fashion_mnist,digits_characters,0,food101,0.6809333529869716,0.01474604252975002,0.6851485372|0.6742573977|0.6950495243|0.6792079210|0.6750000715|0.6633663177|0.6900990009|0.6762376428|0.6772277355|0.6760417223|0.6712871790|0.6752475500|0.6643564701|0.7267326713|0.6843750477,0.6818000165|0.6766000115|0.6844000310,0.0032427771352274482,15000,5000,repeated_stratified_5_fold,5,3,20260905|20260906|20260907,0.7355999946594238,500,600,256,128,0.01,1.2321695275604725,0.12008840031921864,npu:5
clip_b32,fashion_mnist,digits_characters,0,gtsrb,0.8084000050822894,0.011508970198316813,0.8092429042|0.8000000119|0.8171827793|0.8279677629|0.7965412140|0.8141593337|0.7880597115|0.8061938286|0.8289738297|0.8118006587|0.8151425719|0.7930347919|0.8031967878|0.8148893714|0.7995930910,0.8101999955|0.8098000218|0.8051999980,0.0022686308515414014,15000,5000,repeated_stratified_5_fold,5,3,20260905|20260906|20260907,0.7414000034332275,500,600,256,128,0.01,1.2321695275604725,0.11933381669223309,npu:5
clip_b32,fashion_mnist,digits_characters,0,oxford_pets,0.8319746378809213,0.010846832044018762,0.8335587978|0.8206521869|0.8315217495|0.8489796519|0.8337874413|0.8173205853|0.8152174354|0.8220108747|0.8421769142|0.8501362205|0.8281461000|0.8423913717|0.8423913121|0.8244898319|0.8269754648,0.8336956508|0.8293478170|0.8328804459,0.0018870224804691503,11040,3680,repeated_stratified_5_fold,5,3,20260905|20260906|20260907,0.7876805663108826,500,600,256,128,0.01,1.2321695275604725,0.11736849136650562,npu:5
clip_b32,fashion_mnist,digits_characters,1,beans,0.8910380575942809,0.018464530186894472,0.9038462043|0.8743961453|0.8985507488|0.9029126167|0.8786407709|0.8701923490|0.8599033356|0.8985507488|0.9029126763|0.9320388436|0.8750000596|0.9082125425|0.8840579987|0.8737864494|0.9029126167,0.8916828002|0.8926499199|0.8887814527,0.0016437821166579655,3102,1034,repeated_stratified_5_fold,5,3,20260905|20260906|20260907,0.90625,500,600,256,128,0.01,1.2190752234309912,0.09576612710952759,npu:5
clip_b32,fashion_mnist,digits_characters,1,dtd,0.6578014453252157,0.014442472093720123,0.6808511019|0.6662234068|0.6476063728|0.6409574747|0.6728724241|0.6688829660|0.6569149494|0.6502659917|0.6316489577|0.6529255509|0.6622340679|0.6316489577|0.6675532460|0.6702128053|0.6662234068,0.6617021561|0.6521276832|0.6595744967,0.004104908959937907,11280,3760,repeated_stratified_5_fold,5,3,20260905|20260906|20260907,0.6664893627166748,500,600,256,128,0.01,1.2190752234309912,0.12726064771413803,npu:5
clip_b32,fashion_mnist,digits_characters,1,eurosat,0.9009333223462105,0.007177235432318768,0.8926440477|0.8992016315|0.9079079628|0.9177532196|0.8975902796|0.9085486531|0.9001995921|0.9019019008|0.8916750550|0.8945782781|0.8946322203|0.8972055912|0.9049049616|0.8956870437|0.9096385241,0.9029999760|0.8993999860|0.9004000050,0.001517300793592378,15000,5000,repeated_stratified_5_fold,5,3,20260905|20260906|20260907,0.9074074029922485,500,600,256,128,0.01,1.2190752234309912,0.12154942937195301,npu:5
clip_b32,fashion_mnist,digits_characters,1,flowers102,0.8150327523549398,0.025152800035977467,0.8284314275|0.7794117928|0.7941176891|0.8235294819|0.8186275363|0.8039216399|0.8284314871|0.7990196943|0.8578432202|0.7794117928|0.8382353783|0.8578432202|0.7794118524|0.8088235855|0.8284314871,0.8088235855|0.8137255669|0.8225491047,0.005679144279610375,3060,1020,repeated_stratified_5_fold,5,3,20260905|20260906|20260907,0.827799916267395,500,600,256,128,0.01,1.2190752234309912,0.11984118074178696,npu:5
clip_b32,fashion_mnist,digits_characters,1,food101,0.6780000315904617,0.011132338722207653,0.6930693388|0.6712871194|0.6851485372|0.6891089678|0.6666666865|0.6792079210|0.6871287227|0.6851485372|0.6693069339|0.6739584208|0.6603960991|0.6851485372|0.6613861322|0.6950495839|0.6666667461,0.6812000244|0.6790000240|0.6738000464,0.003102677002106438,15000,5000,repeated_stratified_5_fold,5,3,20260905|20260906|20260907,0.7293999195098877,500,600,256,128,0.01,1.2190752234309912,0.1178342942148447,npu:5
clip_b32,fashion_mnist,digits_characters,1,gtsrb,0.8096666641831397,0.00941201089842343,0.7964601517|0.8049751520|0.8151847720|0.8289738297|0.7975585461|0.8121926785|0.8000000119|0.8061938286|0.8259557486|0.8077314496|0.8171091080|0.7990049720|0.8111888170|0.8078470230|0.8148525357,0.8085999993|0.8104000035|0.8099999898,0.000771722428626342,15000,5000,repeated_stratified_5_fold,5,3,20260905|20260906|20260907,0.7486000061035156,500,600,256,128,0.01,1.2190752234309912,0.12174069508910179,npu:5
clip_b32,fashion_mnist,digits_characters,1,oxford_pets,0.8306159468016762,0.012835843073606308,0.8078483343|0.8260869980|0.8383152485|0.8394557834|0.8405994177|0.8051420450|0.8478261232|0.8233696222|0.8421769142|0.8324251175|0.8322055936|0.8505434990|0.8274457455|0.8272109032|0.8188010454,0.8304347679|0.8301630729|0.8312499997,0.00046185987561401506,11040,3680,repeated_stratified_5_fold,5,3,20260905|20260906|20260907,0.7884981632232666,500,600,256,128,0.01,1.2190752234309912,0.14012265019118786,npu:5
clip_b32,fashion_mnist,digits_characters,2,beans,0.8694390857857631,0.018433135087549887,0.8701924086|0.8695651889|0.8937197924|0.8543689251|0.8786407709|0.8605769873|0.8502415419|0.8695652485|0.8883495331|0.8689320087|0.8461539149|0.8502415419|0.9178743958|0.8640776873|0.8592233062,0.8733075527|0.8675048516|0.8675048531,0.0027354191778264153,3102,1034,repeated_stratified_5_fold,5,3,20260905|20260906|20260907,0.8984375,500,600,256,128,0.01,1.2173057291656733,0.09379399195313454,npu:5
clip_b32,fashion_mnist,digits_characters,2,dtd,0.6606383204460144,0.010012634383170847,0.6702128053|0.6515957713|0.6662234068|0.6343085170|0.6688829660|0.6662234664|0.6582446694|0.6662234068|0.6449468136|0.6702128053|0.6702128053|0.6569149494|0.6582447290|0.6622340679|0.6648936272,0.6582446933|0.6611702323|0.6625000358,0.0017774855977141506,11280,3760,repeated_stratified_5_fold,5,3,20260905|20260906|20260907,0.6654255390167236,500,600,256,128,0.01,1.2173057291656733,0.11957732029259205,npu:5
clip_b32,fashion_mnist,digits_characters,2,eurosat,0.9015999877095222,0.008857540520098675,0.8886679411|0.9041916132|0.9139139652|0.9117351770|0.8955823183|0.9174950123|0.8972055912|0.8998999000|0.9047141671|0.9006023407|0.8836977482|0.9041916132|0.9009009004|0.8936810493|0.9076305032,0.9027999914|0.9039999882|0.8979999836,0.002592298893206979,15000,5000,repeated_stratified_5_fold,5,3,20260905|20260906|20260907,0.905925989151001,500,600,256,128,0.01,1.2173057291656733,0.12429219484329224,npu:5
clip_b32,fashion_mnist,digits_characters,2,flowers102,0.8173203349113464,0.027929220370676692,0.8431373239|0.8382353783|0.7990196943|0.7990196943|0.8333333731|0.7794118524|0.8186275363|0.7794118524|0.8774510622|0.8137255311|0.8382353187|0.8480392694|0.7794118524|0.7990196943|0.8137255907,0.8225490928|0.8137255669|0.8156863451,0.003782952495819441,3060,1020,repeated_stratified_5_fold,5,3,20260905|20260906|20260907,0.8229999542236328,500,600,256,128,0.01,1.2173057291656733,0.12718499451875687,npu:5
clip_b32,fashion_mnist,digits_characters,2,food101,0.6746667004426321,0.010390720579271175,0.6801980734|0.6673266888|0.6732673645|0.6792079210|0.6708334088|0.6603960395|0.6891089678|0.6702970266|0.6752475500|0.6729167700|0.6782178879|0.6801980734|0.6603960991|0.6999999881|0.6614583731,0.6742000241|0.6736000358|0.6762000414,0.0011115596855159817,15000,5000,repeated_stratified_5_fold,5,3,20260905|20260906|20260907,0.7369999885559082,500,600,256,128,0.01,1.2173057291656733,0.1252620816230774,npu:5
clip_b32,fashion_mnist,digits_characters,2,gtsrb,0.8036666862805685,0.011321307597711107,0.7944936752|0.8000000119|0.7962037921|0.8279677629|0.7945066690|0.8092429042|0.7920398116|0.7922077775|0.8229376078|0.8107833862|0.8161258698|0.7930348516|0.7942057848|0.8078471422|0.8036623001,0.8026000175|0.8054000161|0.8030000253,0.0012364803904705338,15000,5000,repeated_stratified_5_fold,5,3,20260905|20260906|20260907,0.7409999966621399,500,600,256,128,0.01,1.2173057291656733,0.1268021147698164,npu:5
clip_b32,fashion_mnist,digits_characters,2,oxford_pets,0.8360507253773403,0.007013624243207095,0.8430310488|0.8410326242|0.8410326242|0.8380953074|0.8392370343|0.8240865469|0.8437500596|0.8369565606|0.8299319744|0.8310626745|0.8267928958|0.8383152485|0.8491847515|0.8285714388|0.8297002912,0.8404891310|0.8331521834|0.8345108617,0.0031870660450299903,11040,3680,repeated_stratified_5_fold,5,3,20260905|20260906|20260907,0.8010356426239014,500,600,256,128,0.01,1.2173057291656733,0.11671421304345131,npu:5
clip_b32,fashion_mnist,digits_characters,3,beans,0.8823340024239474,0.021335577098802894,0.9086539149|0.8550724387|0.8695652485|0.9174757600|0.8980582952|0.8701923490|0.8647342920|0.8840579987|0.8689320683|0.9126213789|0.8990385532|0.8743960857|0.8840579987|0.8398058414|0.8883495331,0.8897485792|0.8800773916|0.8771760365,0.0053750303818153,3102,1034,repeated_stratified_5_fold,5,3,20260905|20260906|20260907,0.890625,500,600,256,128,0.01,1.2253010347485542,0.10012224689126015,npu:5
clip_b32,fashion_mnist,digits_characters,3,dtd,0.6609042843182882,0.015021307872960774,0.6728723645|0.6702128053|0.6635638475|0.6276595592|0.6768617630|0.6662234664|0.6622340679|0.6555851698|0.6343085170|0.6715425253|0.6821808815|0.6436170340|0.6702128053|0.6635638475|0.6529256105,0.6622340679|0.6579787493|0.6625000358,0.0020715133260469356,11280,3760,repeated_stratified_5_fold,5,3,20260905|20260906|20260907,0.6643617153167725,500,600,256,128,0.01,1.2253010347485542,0.13691702857613564,npu:5
clip_b32,fashion_mnist,digits_characters,3,eurosat,0.9001999771634738,0.007507293910694872,0.8916500211|0.9011976123|0.9099099636|0.9047141075|0.8915662766|0.9035784602|0.9071856141|0.8938938379|0.8996990919|0.8995983601|0.8946321607|0.9051896334|0.9019019008|0.8846539259|0.9136545658,0.8997999918|0.9007999643|0.8999999754,0.0004320392023038818,15000,5000,repeated_stratified_5_fold,5,3,20260905|20260906|20260907,0.9029629826545715,500,600,256,128,0.01,1.2253010347485542,0.12144302763044834,npu:5
clip_b32,fashion_mnist,digits_characters,3,flowers102,0.8117647846539815,0.024789252175253036,0.8431373239|0.8235294819|0.7843137980|0.7941176891|0.8039216399|0.7990196943|0.8480392694|0.8137255907|0.8529412746|0.7598040104|0.8284314275|0.8235294819|0.7990196943|0.8137255907|0.7892158031,0.8098039865|0.8147059679|0.8107843995,0.0021178954289412166,3060,1020,repeated_stratified_5_fold,5,3,20260905|20260906|20260907,0.8361999988555908,500,600,256,128,0.01,1.2253010347485542,0.12475046515464783,npu:5
clip_b32,fashion_mnist,digits_characters,3,food101,0.6802666874726614,0.007170006407566923,0.6920791864|0.6782178283|0.6851485372|0.6772277355|0.6791666746|0.6841584444|0.6752475500|0.6861386299|0.6811881661|0.6770833731|0.6663366556|0.6821782589|0.6732673645|0.6940594316|0.6718750000,0.6824000056|0.6808000313|0.6776000255,0.001995544009150231,15000,5000,repeated_stratified_5_fold,5,3,20260905|20260906|20260907,0.739799976348877,500,600,256,128,0.01,1.2253010347485542,0.12704467214643955,npu:5
clip_b32,fashion_mnist,digits_characters,3,gtsrb,0.8096666711091997,0.008963008286327184,0.8043264747|0.8109452724|0.8221777678|0.8259556890|0.8046796322|0.8141592741|0.7930348516|0.8031967878|0.8229376078|0.8016276956|0.8180924654|0.8059701324|0.8041957617|0.8038229942|0.8097660542,0.8136000005|0.8069999998|0.8084000131,0.002839403591878307,15000,5000,repeated_stratified_5_fold,5,3,20260905|20260906|20260907,0.7437999248504639,500,600,256,128,0.01,1.2253010347485542,0.12824612855911255,npu:5
clip_b32,fashion_mnist,digits_characters,3,oxford_pets,0.8259057982028395,0.013058712379576917,0.8322055936|0.8206522465|0.8029891849|0.8285714388|0.8583105803|0.8200269938|0.8369565010|0.8342391253|0.8217687607|0.8147138953|0.8173206449|0.8260869980|0.8192934990|0.8421769142|0.8133515120,0.8285326088|0.8255434694|0.8236413163,0.002013230775480765,11040,3680,repeated_stratified_5_fold,5,3,20260905|20260906|20260907,0.7936767339706421,500,600,256,128,0.01,1.2253010347485542,0.1339426077902317,npu:5
clip_b32,fashion_mnist,digits_characters,4,beans,0.8891038200802991,0.01891442608963935,0.8942308426|0.8454105854|0.9178743958|0.8786408305|0.8737864494|0.8846154213|0.8985507488|0.9082125425|0.9029126167|0.8980582356|0.9038462639|0.8888888359|0.8985507488|0.8543689251|0.8883495331,0.8820116306|0.8984526156|0.8868472140,0.006899067570737277,3102,1034,repeated_stratified_5_fold,5,3,20260905|20260906|20260907,0.9140625,500,600,256,128,0.01,1.209214422851801,0.11177776381373405,npu:5
clip_b32,fashion_mnist,digits_characters,4,dtd,0.6571808775266011,0.016961601728927585,0.6715425849|0.6515957713|0.6502659917|0.6422872543|0.6742021441|0.6595745087|0.6702128053|0.6795213223|0.6289893985|0.6489362121|0.6635638475|0.6170213223|0.6609042883|0.6715425253|0.6675531864,0.6579787493|0.6574468493|0.6561170340,0.0007829651915533555,11280,3760,repeated_stratified_5_fold,5,3,20260905|20260906|20260907,0.667553186416626,500,600,256,128,0.01,1.209214422851801,0.11684611067175865,npu:5
clip_b32,fashion_mnist,digits_characters,4,eurosat,0.8935333146651585,0.009324543248053384,0.8846918344|0.8892215490|0.9019018412|0.9147442579|0.8785139918|0.8996023536|0.8912175894|0.8778778315|0.8976930976|0.8905621767|0.8906559944|0.8982036114|0.8948949575|0.8896690011|0.9036144018,0.8937999756|0.8913999784|0.8953999900,0.001643847947947101,15000,5000,repeated_stratified_5_fold,5,3,20260905|20260906|20260907,0.90666663646698,500,600,256,128,0.01,1.209214422851801,0.11604008637368679,npu:5
clip_b32,fashion_mnist,digits_characters,4,flowers102,0.8071896115938823,0.03380417510721102,0.8627451658|0.8186275363|0.7598040104|0.7843137980|0.8284314275|0.7745099068|0.8480392694|0.7990196943|0.7990196943|0.7696079016|0.8186274767|0.8676471114|0.7696079016|0.8284314275|0.7794118524,0.8107843876|0.7980392933|0.8127451539,0.006519580505110492,3060,1020,repeated_stratified_5_fold,5,3,20260905|20260906|20260907,0.8392000198364258,500,600,256,128,0.01,1.209214422851801,0.12106930278241634,npu:5
clip_b32,fashion_mnist,digits_characters,4,food101,0.6778666979074478,0.014386605882491733,0.6871287823|0.6732673645|0.6722772121|0.6871287823|0.6604167223|0.6643564701|0.6762376428|0.6762376428|0.6732673645|0.7000000477|0.6594059467|0.6772277355|0.6653465629|0.7148514986|0.6812500358,0.6762000432|0.6778000314|0.6796000191,0.0013888346045512541,15000,5000,repeated_stratified_5_fold,5,3,20260905|20260906|20260907,0.7425999641418457,500,600,256,128,0.01,1.209214422851801,0.13330614753067493,npu:5
clip_b32,fashion_mnist,digits_characters,4,gtsrb,0.8128666810552279,0.00904114402201918,0.8082596064|0.8089552522|0.8161838055|0.8299798965|0.8036623001|0.8180924654|0.8069651723|0.8041958213|0.8329979777|0.8067141771|0.8230088949|0.8109452724|0.8041957617|0.8118712306|0.8067141771,0.8134000191|0.8138000157|0.8114000083,0.0010498717224736776,15000,5000,repeated_stratified_5_fold,5,3,20260905|20260906|20260907,0.7347999811172485,500,600,256,128,0.01,1.209214422851801,0.12563953921198845,npu:5
clip_b32,fashion_mnist,digits_characters,4,oxford_pets,0.8245471095585305,0.009807302690954409,0.8105547428|0.8192934990|0.8260869980|0.8367347717|0.8351498842|0.8146142364|0.8233696222|0.8396739960|0.8285714388|0.8297002316|0.8146142364|0.8152174354|0.8410326242|0.8190476894|0.8147138953,0.8255434981|0.8271739134|0.8209239172,0.002647036761539463,11040,3680,repeated_stratified_5_fold,5,3,20260905|20260906|20260907,0.7830471396446228,500,600,256,128,0.01,1.209214422851801,0.14078660868108273,npu:5
clip_b32,mnist,digits_characters,0,beans,0.8955512628064933,0.014973694107300832,0.9182692766|0.8792270422|0.9130434990|0.8932038546|0.8980582952|0.9086538553|0.8937197924|0.8888888955|0.9126213789|0.8834951520|0.8942308426|0.8695651889|0.9178743958|0.8786407709|0.8834950924,0.9003868611|0.8974854987|0.8887814286,0.004931360036632678,3102,1034,repeated_stratified_5_fold,5,3,20260905|20260906|20260907,0.8984375,500,600,256,128,0.01,1.2117691487073898,0.11097805947065353,npu:5
clip_b32,mnist,digits_characters,0,dtd,0.6718972007433575,0.014890973476212375,0.6728724241|0.6728723645|0.6768617034|0.6569149494|0.6914893389|0.6954787970|0.6848404408|0.6515958309|0.6555851102|0.6768617630|0.6848404408|0.6449468136|0.6768617630|0.6808511019|0.6555851698,0.6742021561|0.6728723884|0.6686170578,0.0023820962521636326,11280,3760,repeated_stratified_5_fold,5,3,20260905|20260906|20260907,0.6893616914749146,500,600,256,128,0.01,1.2117691487073898,0.11811383627355099,npu:5
clip_b32,mnist,digits_characters,0,eurosat,0.901799978295962,0.008201710994286904,0.8856858015|0.9041916132|0.9089089632|0.9167501926|0.8945782781|0.9055665731|0.8902195692|0.9079079032|0.9077231288|0.9006024003|0.8926441073|0.8972055912|0.8988988996|0.9087261558|0.9076304436,0.9019999748|0.9023999853|0.9009999748,0.0005887876022858585,15000,5000,repeated_stratified_5_fold,5,3,20260905|20260906|20260907,0.9085185527801514,500,600,256,128,0.01,1.2117691487073898,0.10877852328121662,npu:5
clip_b32,mnist,digits_characters,0,flowers102,0.8300654252370198,0.02137964429441699,0.8480392694|0.8137255907|0.8284314275|0.7794118524|0.8088235855|0.8333333731|0.8529412746|0.8284314275|0.8529412746|0.8088235855|0.8431373239|0.8627451658|0.8186274767|0.8480392694|0.8235294819,0.8156863451|0.8352941871|0.8392157435,0.010292816604271107,3060,1020,repeated_stratified_5_fold,5,3,20260905|20260906|20260907,0.8398000001907349,500,600,256,128,0.01,1.2117691487073898,0.12066387385129929,npu:5
clip_b32,mnist,digits_characters,0,food101,0.6846666833559673,0.010560132577851059,0.6851484776|0.6871287823|0.6881188154|0.6990098953|0.6708334088|0.6742574573|0.6762376428|0.6801980138|0.6881188154|0.6968750358|0.6811881661|0.6881188154|0.6613861322|0.7009900808|0.6927083731,0.6862000206|0.6830000166|0.6848000129,0.001309793611033911,15000,5000,repeated_stratified_5_fold,5,3,20260905|20260906|20260907,0.7383999824523926,500,600,256,128,0.01,1.2117691487073898,0.12960189394652843,npu:5
clip_b32,mnist,digits_characters,0,gtsrb,0.8168666734933853,0.013980731577416649,0.8112094402|0.8000000119|0.8151848316|0.8360161185|0.8158698082|0.8289085627|0.8000000119|0.8071928024|0.8490945101|0.7975585461|0.8239921927|0.8079602122|0.8211787939|0.8108651638|0.8280773163,0.8156000145|0.8166000018|0.8184000041,0.0011585395563221944,15000,5000,repeated_stratified_5_fold,5,3,20260905|20260906|20260907,0.7497999668121338,500,600,256,128,0.01,1.2117691487073898,0.15631809271872044,npu:5
clip_b32,mnist,digits_characters,0,oxford_pets,0.8345108717733968,0.013486781357323722,0.8349120021|0.8233696222|0.8125000000|0.8489796519|0.8501362205|0.8159674406|0.8274456263|0.8423913717|0.8394558430|0.8446866274|0.8403246999|0.8505434990|0.8152173758|0.8503401279|0.8215259314,0.8339674026|0.8339673908|0.8355978219,0.0007685898225654582,11040,3680,repeated_stratified_5_fold,5,3,20260905|20260906|20260907,0.7950395345687866,500,600,256,128,0.01,1.2117691487073898,0.14732789061963558,npu:5
clip_b32,mnist,digits_characters,1,beans,0.8813668755966951,0.015399185931919827,0.8750000000|0.8599033952|0.8937197924|0.8786407709|0.9029126167|0.8942308426|0.8840579987|0.8695651889|0.8689320683|0.9223301411|0.8701924086|0.8743960857|0.8743961453|0.8737864494|0.8786407709,0.8820116032|0.8878143426|0.8742746811,0.005546311913461675,3102,1034,repeated_stratified_5_fold,5,3,20260905|20260906|20260907,0.8828125,500,600,256,128,0.01,1.2409309577196836,0.09731575474143028,npu:5
clip_b32,mnist,digits_characters,1,dtd,0.6652482628822327,0.013840582614374769,0.6648936272|0.6742022038|0.6662234068|0.6409574747|0.6861702204|0.6702128053|0.6781915426|0.6675531864|0.6382979155|0.6595745087|0.6715426445|0.6542553306|0.6875000596|0.6662234068|0.6529256105,0.6664893866|0.6627659917|0.6664894104,0.0017552307943723127,11280,3760,repeated_stratified_5_fold,5,3,20260905|20260906|20260907,0.6696808338165283,500,600,256,128,0.01,1.2409309577196836,0.13390587642788887,npu:5
clip_b32,mnist,digits_characters,1,eurosat,0.9077333196878433,0.007738173969453487,0.8956261873|0.9061876535|0.9259259701|0.9137412310|0.8965862989|0.9005963206|0.9051896334|0.9129129052|0.9087262154|0.9146586061|0.9055665731|0.9071856737|0.9039038420|0.9027081132|0.9166666269,0.9075999957|0.9083999824|0.9071999810,0.0004988869496307944,15000,5000,repeated_stratified_5_fold,5,3,20260905|20260906|20260907,0.9088888764381409,500,600,256,128,0.01,1.2409309577196836,0.12436580657958984,npu:5
clip_b32,mnist,digits_characters,1,flowers102,0.8356209794680277,0.024728870846152818,0.8480392694|0.8627451658|0.8137255907|0.8333333731|0.7941176891|0.8284314275|0.8774510622|0.8284314275|0.8774510622|0.8088235855|0.8382353187|0.8529412746|0.7990196943|0.8431372643|0.8284314871,0.8303922176|0.8441177130|0.8323530078,0.006061189911828702,3060,1020,repeated_stratified_5_fold,5,3,20260905|20260906|20260907,0.8313999176025391,500,600,256,128,0.01,1.2409309577196836,0.12450767867267132,npu:5
clip_b32,mnist,digits_characters,1,food101,0.6818000215291976,0.010718481639790202,0.6861386299|0.6742574573|0.6851485968|0.6960396171|0.6802083850|0.6702970266|0.6871287227|0.6801980734|0.6900990009|0.6791666746|0.6643564701|0.6831682920|0.6792079210|0.7059406042|0.6645833850,0.6844000387|0.6814000119|0.6796000140,0.0019799099599603614,15000,5000,repeated_stratified_5_fold,5,3,20260905|20260906|20260907,0.7405999898910522,500,600,256,128,0.01,1.2409309577196836,0.13685009814798832,npu:5
clip_b32,mnist,digits_characters,1,gtsrb,0.8171333515286445,0.005953447822726951,0.8112094402|0.8089551926|0.8151848316|0.8289738297|0.8199390173|0.8200590014|0.8189054728|0.8111888170|0.8259557486|0.8118006587|0.8200590611|0.8089552522|0.8191808462|0.8138833046|0.8229908943,0.8168000053|0.8176000144|0.8170000349,0.0003399349321556375,15000,5000,repeated_stratified_5_fold,5,3,20260905|20260906|20260907,0.7577999830245972,500,600,256,128,0.01,1.2409309577196836,0.11780748330056667,npu:5
clip_b32,mnist,digits_characters,1,oxford_pets,0.8322463807798383,0.010099051640266978,0.8308524489|0.8369565010|0.8369565010|0.8340136409|0.8337874413|0.8240865469|0.8220108747|0.8355978727|0.8557823896|0.8228882551|0.8267928958|0.8464674354|0.8152174950|0.8231292963|0.8392370343,0.8345108525|0.8320652261|0.8301630638,0.001779593485566347,11040,3680,repeated_stratified_5_fold,5,3,20260905|20260906|20260907,0.7925865054130554,500,600,256,128,0.01,1.2409309577196836,0.12044532224535942,npu:5
clip_b32,mnist,digits_characters,2,beans,0.873307545902958,0.021512541903013615,0.8798077106|0.8454105854|0.8792270422|0.8786407709|0.8932038546|0.8798077703|0.8454105854|0.8599033356|0.9029126763|0.8883494735|0.8798077703|0.8647342920|0.8937197924|0.8203883767|0.8883495331,0.8752417655|0.8752417802|0.8694390920,0.002735410006613445,3102,1034,repeated_stratified_5_fold,5,3,20260905|20260906|20260907,0.8671875,500,600,256,128,0.01,1.2119541130959988,0.10686074756085873,npu:5
clip_b32,mnist,digits_characters,2,dtd,0.6640071233113607,0.0143688177982978,0.6835106611|0.6928191781|0.6462765932|0.6529256105|0.6609042883|0.6675531864|0.6781915426|0.6662234664|0.6409574747|0.6542553306|0.6755319238|0.6436170340|0.6688830853|0.6675531864|0.6609042883,0.6672872663|0.6614362001|0.6632979035,0.0024407632930055602,11280,3760,repeated_stratified_5_fold,5,3,20260905|20260906|20260907,0.6797872185707092,500,600,256,128,0.01,1.2119541130959988,0.12914574146270752,npu:5
clip_b32,mnist,digits_characters,2,eurosat,0.8978666521509489,0.008385508812530631,0.8836977482|0.9001996517|0.9109109044|0.9087261558|0.8855421543|0.8936381340|0.8912175894|0.9069069624|0.8976930380|0.9016063809|0.8946321607|0.8892216086|0.8968968987|0.8966900110|0.9106425047,0.8977999884|0.8981999914|0.8975999766,0.0002494493715733593,15000,5000,repeated_stratified_5_fold,5,3,20260905|20260906|20260907,0.9081481695175171,500,600,256,128,0.01,1.2119541130959988,0.1203683614730835,npu:5
clip_b32,mnist,digits_characters,2,flowers102,0.8153595407803853,0.025856253195953357,0.8578431606|0.8088235855|0.8137255311|0.7990196943|0.7941176891|0.8431373239|0.8235294819|0.7941176891|0.8382353783|0.7892158031|0.8137255907|0.8725490570|0.7892157435|0.8088235855|0.7843137980,0.8147059321|0.8176471353|0.8137255549,0.0016663535502771298,3060,1020,repeated_stratified_5_fold,5,3,20260905|20260906|20260907,0.8331999778747559,500,600,256,128,0.01,1.2119541130959988,0.12451237626373768,npu:5
clip_b32,mnist,digits_characters,2,food101,0.688933371225993,0.009871008127102312,0.6970297098|0.6801980734|0.6950495839|0.7009900808|0.6906250119|0.6920792460|0.6841584444|0.6861386299|0.6881188154|0.6791667342|0.6673268080|0.6891089678|0.6821782589|0.7108911276|0.6906250715,0.6928000268|0.6860000304|0.6880000565,0.002853453457895415,15000,5000,repeated_stratified_5_fold,5,3,20260905|20260906|20260907,0.7328000068664551,500,600,256,128,0.01,1.2119541130959988,0.11999032273888588,npu:5
clip_b32,mnist,digits_characters,2,gtsrb,0.8199333384752273,0.011360587174783788,0.8092429042|0.8149253726|0.8221778274|0.8440643549|0.8158698082|0.8239921331|0.8129353523|0.8091908097|0.8329979777|0.8290946484|0.8318583965|0.7960199118|0.8221777678|0.8209255338|0.8138352633,0.8212000057|0.8216000116|0.8169999981,0.0020806033647542666,15000,5000,repeated_stratified_5_fold,5,3,20260905|20260906|20260907,0.7529999613761902,500,600,256,128,0.01,1.2119541130959988,0.12883508764207363,npu:5
clip_b32,mnist,digits_characters,2,oxford_pets,0.8362318895163311,0.007392194931063353,0.8322055936|0.8206522465|0.8423913717|0.8299319744|0.8501362205|0.8335587978|0.8396739364|0.8355978727|0.8380953074|0.8324250579|0.8335587978|0.8355978727|0.8396739364|0.8299319744|0.8501362205,0.8350543543|0.8358695779|0.8377717364,0.0011385645326850579,11040,3680,repeated_stratified_5_fold,5,3,20260905|20260906|20260907,0.8002179861068726,500,600,256,128,0.01,1.2119541130959988,0.1476248148828745,npu:5
clip_b32,mnist,digits_characters,3,beans,0.8755641693956693,0.022908643878599855,0.8990385532|0.8695652485|0.8792270422|0.8495146036|0.8786408305|0.8653846979|0.8695651293|0.8888888359|0.8834951520|0.9029126167|0.8750000596|0.8550724387|0.9275362492|0.8300970793|0.8592233658,0.8752418208|0.8820115941|0.8694390933,0.005137760581295719,3102,1034,repeated_stratified_5_fold,5,3,20260905|20260906|20260907,0.90625,500,600,256,128,0.01,1.2410022486001253,0.1424821875989437,npu:5
clip_b32,mnist,digits_characters,3,dtd,0.6585106730461121,0.017030971909195673,0.6688830256|0.6609042883|0.6688830256|0.6356382966|0.6702127457|0.6795213223|0.6648936272|0.6609042883|0.6316489577|0.6529256105|0.6781915426|0.6316489577|0.6835106611|0.6529256105|0.6369681358,0.6609042764|0.6579787612|0.6566489816,0.001777466571728714,11280,3760,repeated_stratified_5_fold,5,3,20260905|20260906|20260907,0.6728723049163818,500,600,256,128,0.01,1.2410022486001253,0.12783462554216385,npu:5
clip_b32,mnist,digits_characters,3,eurosat,0.9006666458527247,0.00940547944941511,0.8836977482|0.9011976123|0.9059059620|0.9187562466|0.8935742378|0.8966202736|0.9081836343|0.8878878951|0.8916749954|0.9056224823|0.9085486531|0.8952095509|0.8998999000|0.8986960649|0.9146585464,0.9005999834|0.8979999934|0.9033999608,0.0022050313746562232,15000,5000,repeated_stratified_5_fold,5,3,20260905|20260906|20260907,0.9025925993919373,500,600,256,128,0.01,1.2410022486001253,0.129643764346838,npu:5
clip_b32,mnist,digits_characters,3,flowers102,0.8297386368115743,0.01956423207971907,0.8676471710|0.8431373239|0.7941177487|0.8284314871|0.8235294819|0.8088235855|0.8529412746|0.8235294819|0.8431373239|0.8088235855|0.8333333731|0.8529412746|0.8186274767|0.8382353783|0.8088235855,0.8313726425|0.8274510503|0.8303922176,0.0016663527710062504,3060,1020,repeated_stratified_5_fold,5,3,20260905|20260906|20260907,0.8445999622344971,500,600,256,128,0.01,1.2410022486001253,0.14361119084060192,npu:5
clip_b32,mnist,digits_characters,3,food101,0.684200027902921,0.010955353104749809,0.6950495243|0.6742574573|0.6980198622|0.6752475500|0.6656250358|0.6841584444|0.6871287823|0.6940594316|0.6772277355|0.6843750477|0.6772277355|0.6871287227|0.6702970266|0.7079207897|0.6843750477,0.6818000344|0.6854000367|0.6854000126,0.0016970516780598912,15000,5000,repeated_stratified_5_fold,5,3,20260905|20260906|20260907,0.7363999485969543,500,600,256,128,0.01,1.2410022486001253,0.13409053720533848,npu:5
clip_b32,mnist,digits_characters,3,gtsrb,0.8212000125130018,0.011050055638594196,0.8043264747|0.8129353523|0.8231768608|0.8360160589|0.8168871403|0.8367748260|0.8179104328|0.8191808462|0.8319919109|0.8138352036|0.8416912556|0.8019900322|0.8171828389|0.8209255934|0.8229908943,0.8186000226|0.8239999950|0.8210000200,0.00220906060704362,15000,5000,repeated_stratified_5_fold,5,3,20260905|20260906|20260907,0.7531999349594116,500,600,256,128,0.01,1.2410022486001253,0.1284681111574173,npu:5
clip_b32,mnist,digits_characters,3,oxford_pets,0.8335144962305607,0.008530802667815772,0.8213801384|0.8437500000|0.8342391253|0.8421769142|0.8405994773|0.8443841934|0.8192934990|0.8355978131|0.8299320340|0.8269754648|0.8240865469|0.8274457455|0.8301631212|0.8353741765|0.8474114537,0.8364130344|0.8312499894|0.8328804649,0.0021549563695703773,11040,3680,repeated_stratified_5_fold,5,3,20260905|20260906|20260907,0.7944943904876709,500,600,256,128,0.01,1.2410022486001253,0.14979834109544754,npu:5
clip_b32,mnist,digits_characters,4,beans,0.8858800904355766,0.02360300913502246,0.8894231319|0.8599033356|0.9130434990|0.8446601629|0.9077669978|0.8894231319|0.8357487917|0.8888888359|0.9126213789|0.9029126167|0.8798078299|0.8937197924|0.8985507488|0.8640776873|0.9077669978,0.8829787247|0.8858800807|0.8887814659,0.002368959194925773,3102,1034,repeated_stratified_5_fold,5,3,20260905|20260906|20260907,0.9140625,500,600,256,128,0.01,1.1982052754610777,0.10690183937549591,npu:5
clip_b32,mnist,digits_characters,4,dtd,0.6630319595336914,0.016277814923669556,0.6702127457|0.6742022038|0.6755319238|0.6396276951|0.6555851698|0.6808511019|0.6715425849|0.6728724241|0.6422872543|0.6489362121|0.6582447290|0.6263298392|0.6755319834|0.6742022038|0.6795213223,0.6630319476|0.6632979155|0.6627660155,0.00021714723689476373,11280,3760,repeated_stratified_5_fold,5,3,20260905|20260906|20260907,0.6675531268119812,500,600,256,128,0.01,1.1982052754610777,0.137086758390069,npu:5
clip_b32,mnist,digits_characters,4,eurosat,0.9011999875704447,0.00798789323036207,0.8866798878|0.9051896334|0.9089089632|0.9157472253|0.8835341334|0.9045724869|0.8952096105|0.9069069028|0.9017050862|0.9016063213|0.9015904069|0.8992016315|0.8988988996|0.8996990919|0.9086345434,0.9000000029|0.9019999629|0.9015999969,0.0008640854901507623,15000,5000,repeated_stratified_5_fold,5,3,20260905|20260906|20260907,0.9122222661972046,500,600,256,128,0.01,1.1982052754610777,0.12583030201494694,npu:5
clip_b32,mnist,digits_characters,4,flowers102,0.8183007200558979,0.030663278108286403,0.8676471710|0.8480392694|0.7892157435|0.7598040104|0.8382353783|0.8431373239|0.8480392694|0.7794118524|0.8235294819|0.7941176891|0.8235294819|0.8529412150|0.7843137980|0.8137255311|0.8088235855,0.8205883145|0.8176471233|0.8166667223,0.0016663558881445377,3060,1020,repeated_stratified_5_fold,5,3,20260905|20260906|20260907,0.8361999988555908,500,600,256,128,0.01,1.1982052754610777,0.13903025537729263,npu:5
clip_b32,mnist,digits_characters,4,food101,0.6858666909138361,0.012028602376279084,0.7039604187|0.6762376428|0.6861386299|0.6900990009|0.6895833611|0.6851484776|0.6900990605|0.6762376428|0.6801980734|0.6854166985|0.6584158540|0.6930693388|0.6702970862|0.7039604187|0.7000000477,0.6892000152|0.6834000235|0.6850000341,0.002445853162759095,15000,5000,repeated_stratified_5_fold,5,3,20260905|20260906|20260907,0.7401999235153198,500,600,256,128,0.01,1.1982052754610777,0.12723319604992867,npu:5
clip_b32,mnist,digits_characters,4,gtsrb,0.8202666824420294,0.012768662367675732,0.8112094998|0.8248755932|0.8151848316|0.8350100517|0.8077315092|0.8367748260|0.8208955526|0.8091908097|0.8249496818|0.8128179312|0.8269420266|0.7940298319|0.8451548219|0.8118712306|0.8270601034,0.8188000228|0.8210000078|0.8210000167,0.0010370849920870863,15000,5000,repeated_stratified_5_fold,5,3,20260905|20260906|20260907,0.7499999403953552,500,600,256,128,0.01,1.1982052754610777,0.14901436865329742,npu:5
clip_b32,mnist,digits_characters,4,oxford_pets,0.8351449475718149,0.0114779471807548,0.8186738491|0.8519022465|0.8233696222|0.8421769738|0.8474113941|0.8146142960|0.8451087475|0.8260869980|0.8503401875|0.8392370343|0.8349120021|0.8206521869|0.8396739364|0.8367347717|0.8365122676,0.8366848122|0.8350543626|0.8336956679,0.001221992945022111,11040,3680,repeated_stratified_5_fold,5,3,20260905|20260906|20260907,0.7983101606369019,500,600,256,128,0.01,1.1982052754610777,0.15326540544629097,npu:5
clip_b32,octmnist,medical,0,beans,0.867504856495762,0.023741371094821016,0.8942308426|0.8115941882|0.8792271018|0.8737863898|0.8932039142|0.8701924086|0.8357487917|0.8550724983|0.8689320683|0.8640776873|0.8798077106|0.9082125425|0.8792270422|0.8495145440|0.8495146036,0.8704062137|0.8588008101|0.8733075457,0.006267628437081504,3102,1034,repeated_stratified_5_fold,5,3,20260905|20260906|20260907,0.8984375,500,600,256,128,0.01,1.3439462222158909,0.12197034806013107,npu:5
clip_b32,octmnist,medical,0,dtd,0.6480496764183045,0.016762121066044675,0.6502659917|0.6476063728|0.6409574747|0.6329787970|0.6662234068|0.6582447290|0.6489362121|0.6635638475|0.6170213223|0.6542553902|0.6635638475|0.6063829660|0.6595745087|0.6595745087|0.6515957713,0.6476064086|0.6484043002|0.6481383204,0.000331713813183306,11280,3760,repeated_stratified_5_fold,5,3,20260905|20260906|20260907,0.6617020964622498,500,600,256,128,0.01,1.3439462222158909,0.12367911450564861,npu:5
clip_b32,octmnist,medical,0,eurosat,0.8923999817331633,0.009642029862473018,0.8807156086|0.8892215490|0.9149149656|0.8916749954|0.8795180321|0.8936380744|0.8922156096|0.8858858347|0.8966900706|0.9006024003|0.8926441073|0.9041916132|0.8988988996|0.8766298890|0.8885542154,0.8911999751|0.8937999767|0.8921999934,0.0010708247987501328,15000,5000,repeated_stratified_5_fold,5,3,20260905|20260906|20260907,0.8948148488998413,500,600,256,128,0.01,1.3439462222158909,0.12642470188438892,npu:5
clip_b32,octmnist,medical,0,flowers102,0.8114379763603209,0.025241785849645093,0.8284314871|0.8284314275|0.8137255311|0.7843137980|0.8235294819|0.7745099068|0.8627451658|0.7745099068|0.8088235855|0.8039216399|0.8480392694|0.8284314275|0.7941176891|0.8137255311|0.7843137980,0.8156863451|0.8049020410|0.8137255430,0.004690417528041141,3060,1020,repeated_stratified_5_fold,5,3,20260905|20260906|20260907,0.8159999847412109,500,600,256,128,0.01,1.3439462222158909,0.15343045443296432,npu:5
clip_b32,octmnist,medical,0,food101,0.6744000175396602,0.011983165635423036,0.6831682920|0.6613861918|0.6920792460|0.6801980734|0.6583333611|0.6673266888|0.6782178283|0.6762375832|0.6702970266|0.6854166985|0.6633663177|0.6772277355|0.6732673645|0.6960396767|0.6520833969,0.6752000296|0.6753999897|0.6726000333,0.0012753962793820809,15000,5000,repeated_stratified_5_fold,5,3,20260905|20260906|20260907,0.7281999588012695,500,600,256,128,0.01,1.3439462222158909,0.1487538069486618,npu:5
clip_b32,octmnist,medical,0,gtsrb,0.8043999951124191,0.01280030693643052,0.7984267473|0.7920398116|0.8121877909|0.8269617558|0.7945066690|0.8092428446|0.8119403124|0.7902097702|0.8138833046|0.7955238819|0.8249753714|0.7860696316|0.7872127891|0.8118711710|0.8107833862,0.8048000064|0.8041999895|0.8041999894,0.0002828507288052219,15000,5000,repeated_stratified_5_fold,5,3,20260905|20260906|20260907,0.7333999872207642,500,600,256,128,0.01,1.3439462222158909,0.14853361621499062,npu:5
clip_b32,octmnist,medical,0,oxford_pets,0.8106884167678113,0.012973387029764312,0.8092015982|0.8084239364|0.7989131212|0.8421769142|0.8228882551|0.7943165302|0.7894022465|0.8097826242|0.8217687607|0.8106267452|0.7983760834|0.8097826242|0.8125000596|0.8068027496|0.8256130815,0.8163043659|0.8051630573|0.8105978271,0.004548871252691529,11040,3680,repeated_stratified_5_fold,5,3,20260905|20260906|20260907,0.7795039415359497,500,600,256,128,0.01,1.3439462222158909,0.1401828583329916,npu:5
clip_b32,octmnist,medical,1,beans,0.8771760301732924,0.022362689672948185,0.8942308426|0.8502415419|0.9227052927|0.8932038546|0.8640776873|0.8798077106|0.8792270422|0.8888888955|0.8349514604|0.9029126167|0.8653846979|0.8550724983|0.8647342920|0.8980582952|0.8640776873,0.8849129668|0.8771760182|0.8694391056,0.006317177374616385,3102,1034,repeated_stratified_5_fold,5,3,20260905|20260906|20260907,0.890625,500,600,256,128,0.01,1.223152108490467,0.12293265946209431,npu:5
clip_b32,octmnist,medical,1,dtd,0.6531915227572123,0.01564559548529489,0.6702128053|0.6622340679|0.6595745087|0.6502659917|0.6489361525|0.6781915426|0.6582447290|0.6476063728|0.6103723645|0.6422872543|0.6622340679|0.6356383562|0.6675531864|0.6515958309|0.6529256105,0.6582447052|0.6473404527|0.6539894104,0.00448725226415081,11280,3760,repeated_stratified_5_fold,5,3,20260905|20260906|20260907,0.6601063013076782,500,600,256,128,0.01,1.223152108490467,0.12161089666187763,npu:5
clip_b32,octmnist,medical,1,eurosat,0.8930666480223337,0.01043134604524428,0.8727633953|0.9031935930|0.9109109640|0.8986960649|0.8845381141|0.8886679411|0.8862275481|0.9069069028|0.8866599798|0.8935742378|0.8936381340|0.8962075710|0.9059059024|0.8786358833|0.8895581961,0.8939999895|0.8923999777|0.8927999769,0.0006798747508250899,15000,5000,repeated_stratified_5_fold,5,3,20260905|20260906|20260907,0.8940740823745728,500,600,256,128,0.01,1.223152108490467,0.12059850431978703,npu:5
clip_b32,octmnist,medical,1,flowers102,0.8124183654785156,0.02508901908853687,0.8431373239|0.8137255311|0.8137255311|0.7843137980|0.7745099068|0.8039216399|0.8529412746|0.7794117928|0.8235294819|0.7843137980|0.8382353783|0.8480392694|0.7892157435|0.8186275363|0.8186274767,0.8058824182|0.8088235974|0.8225490808,0.007263432582296523,3060,1020,repeated_stratified_5_fold,5,3,20260905|20260906|20260907,0.8107999563217163,500,600,256,128,0.01,1.223152108490467,0.12337122112512589,npu:5
clip_b32,octmnist,medical,1,food101,0.6684666930437088,0.011607157033938527,0.6712871790|0.6693069339|0.6782178283|0.6821781993|0.6520833969|0.6653465629|0.6821782589|0.6732673645|0.6534653902|0.6718750596|0.6475247741|0.6594059467|0.6574257612|0.6841584444|0.6791666746,0.6708000206|0.6692000419|0.6654000167,0.0022647090990683904,15000,5000,repeated_stratified_5_fold,5,3,20260905|20260906|20260907,0.7259999513626099,500,600,256,128,0.01,1.223152108490467,0.1339590772986412,npu:5
clip_b32,octmnist,medical,1,gtsrb,0.7967333380500475,0.007632017687048766,0.7984267473|0.8000000119|0.8031967878|0.8098591566|0.7802644968|0.8062930107|0.7930348516|0.7872127891|0.8018108606|0.8036623001|0.7944936156|0.7880597115|0.7962037921|0.7917504907|0.7965412140,0.7984000001|0.7984000112|0.7934000028,0.0023570239498488495,15000,5000,repeated_stratified_5_fold,5,3,20260905|20260906|20260907,0.7251999378204346,500,600,256,128,0.01,1.223152108490467,0.14327897876501083,npu:5
clip_b32,octmnist,medical,1,oxford_pets,0.8126811565696329,0.012588765979419268,0.7929633856|0.8165761232|0.8084239364|0.8068027496|0.8079018593|0.7943165898|0.8274456859|0.8315217495|0.8149660230|0.8228883147|0.8024356365|0.8369565010|0.8029891849|0.8054422140|0.8188010454,0.8065217314|0.8182065332|0.8133152051,0.004791322820152061,11040,3680,repeated_stratified_5_fold,5,3,20260905|20260906|20260907,0.775143027305603,500,600,256,128,0.01,1.223152108490467,0.1456410065293312,npu:5
clip_b32,octmnist,medical,2,beans,0.8691166944652892,0.022101538967572137,0.8750000000|0.8695651889|0.8792270422|0.8640776873|0.8932038546|0.8557692766|0.8309178352|0.8695652485|0.8980582356|0.9077669978|0.8750000000|0.8357487917|0.8888888359|0.8543689251|0.8398058414,0.8762088873|0.8723404313|0.8588007648,0.007463468421077267,3102,1034,repeated_stratified_5_fold,5,3,20260905|20260906|20260907,0.90625,500,600,256,128,0.01,1.194439111277461,0.11684853211045265,npu:5
clip_b32,octmnist,medical,2,dtd,0.6532801747322082,0.016362086007296186,0.6635638475|0.6476063728|0.6515957713|0.6396276951|0.6595745087|0.6768617630|0.6728723049|0.6609042883|0.6090425849|0.6555851698|0.6515958309|0.6303191781|0.6635638475|0.6595745087|0.6569149494,0.6523936391|0.6550532222|0.6523936629,0.0012537338733216506,11280,3760,repeated_stratified_5_fold,5,3,20260905|20260906|20260907,0.6569148302078247,500,600,256,128,0.01,1.194439111277461,0.12106667459011078,npu:5
clip_b32,octmnist,medical,2,eurosat,0.8991999812245369,0.010481316260969495,0.8747514486|0.9101796150|0.9109109640|0.9117351770|0.8935742378|0.9055665731|0.8952096105|0.8898898363|0.8976930976|0.9046184421|0.8926440477|0.9061876535|0.9079079032|0.8836509585|0.9036144018,0.9001999794|0.8985999871|0.8987999772,0.0007118034739602194,15000,5000,repeated_stratified_5_fold,5,3,20260905|20260906|20260907,0.9059259295463562,500,600,256,128,0.01,1.194439111277461,0.12630171328783035,npu:5
clip_b32,octmnist,medical,2,flowers102,0.8127451817194622,0.018006493752879642,0.8137255907|0.8333334327|0.8088235855|0.8137255907|0.7892158031|0.8137255907|0.8235294819|0.7990196943|0.8235294819|0.8186275363|0.8284314275|0.8529412150|0.7892158031|0.7990196943|0.7843137980,0.8117648005|0.8156863570|0.8107843876,0.002117889910627363,3060,1020,repeated_stratified_5_fold,5,3,20260905|20260906|20260907,0.8105999827384949,500,600,256,128,0.01,1.194439111277461,0.1293512023985386,npu:5
clip_b32,octmnist,medical,2,food101,0.6740666906436285,0.01398194756918894,0.6772277355|0.6742573977|0.6821781993|0.6861386299|0.6802083254|0.6702970266|0.6841584444|0.6801980734|0.6445544958|0.6687500477|0.6534653902|0.6772277355|0.6613861918|0.7049505115|0.6656250954,0.6799999949|0.6696000333|0.6726000438,0.004370590353203032,15000,5000,repeated_stratified_5_fold,5,3,20260905|20260906|20260907,0.725600004196167,500,600,256,128,0.01,1.194439111277461,0.17229504510760307,npu:5
clip_b32,octmnist,medical,2,gtsrb,0.8002000154693922,0.008510448826956769,0.7925270200|0.8039801121|0.7932068110|0.8038229942|0.8128179312|0.8023599386|0.7920398116|0.7962037921|0.8179074526|0.7975585461|0.8131760359|0.7880597115|0.7922077775|0.7987927198|0.7985758185,0.8012000185|0.8012000246|0.7982000034,0.0014142221069463532,15000,5000,repeated_stratified_5_fold,5,3,20260905|20260906|20260907,0.7355999946594238,500,600,256,128,0.01,1.194439111277461,0.15485378727316856,npu:5
clip_b32,octmnist,medical,2,oxford_pets,0.824637690866771,0.007134898803389178,0.8186737895|0.8220109344|0.8260869980|0.8190476894|0.8242506981|0.8240865469|0.8288043737|0.8247282505|0.8163266182|0.8365122676|0.8105547428|0.8315217495|0.8342391849|0.8340136409|0.8188010454,0.8220108893|0.8260869670|0.8258152163,0.0018607394216179195,11040,3680,repeated_stratified_5_fold,5,3,20260905|20260906|20260907,0.7767783403396606,500,600,256,128,0.01,1.194439111277461,0.21810629963874817,npu:5
clip_b32,octmnist,medical,3,beans,0.8810445078144836,0.016161344967574678,0.8990385532|0.8743961453|0.9033816457|0.8932038546|0.8786407709|0.8846154809|0.8454105854|0.8840579987|0.9029126167|0.8689320087|0.8750000596|0.8599034548|0.8888888955|0.8932039142|0.8640776873,0.8897485635|0.8771760249|0.8762089350,0.006167347069084007,3102,1034,repeated_stratified_5_fold,5,3,20260905|20260906|20260907,0.875,500,600,256,128,0.01,1.3305274583399296,0.14291443675756454,npu:5
clip_b32,octmnist,medical,3,dtd,0.6578014532725017,0.02047854971613896,0.6648936868|0.6609042883|0.6635638475|0.6250000000|0.6781915426|0.6715425849|0.6821808815|0.6648936868|0.6130319238|0.6462765932|0.6781915426|0.6263297796|0.6755319834|0.6609042883|0.6555851698,0.6585106730|0.6555851340|0.6593085527,0.0016006678278819946,11280,3760,repeated_stratified_5_fold,5,3,20260905|20260906|20260907,0.6664893627166748,500,600,256,128,0.01,1.3305274583399296,0.15971262380480766,npu:5
clip_b32,octmnist,medical,3,eurosat,0.8931333292682965,0.00964280652627962,0.8727633953|0.8962075710|0.9039039016|0.8996990919|0.8915662766|0.8926441073|0.8972055912|0.8778778911|0.8886660337|0.9046184421|0.8996022940|0.8932135701|0.9029029608|0.8776329160|0.8985943794,0.8927999931|0.8921999983|0.8943999964,0.0009285589702782535,15000,5000,repeated_stratified_5_fold,5,3,20260905|20260906|20260907,0.9000000357627869,500,600,256,128,0.01,1.3305274583399296,0.17905201762914658,npu:5
clip_b32,octmnist,medical,3,flowers102,0.8101307829221089,0.023438459577139387,0.8284314275|0.8137255311|0.8088235855|0.7745098472|0.8039216399|0.7843137980|0.8774510622|0.8039216399|0.8039216399|0.7892158031|0.8235294819|0.8235294819|0.7892157435|0.8186274767|0.8088235855,0.8058824062|0.8117647886|0.8127451539,0.003030600312049211,3060,1020,repeated_stratified_5_fold,5,3,20260905|20260906|20260907,0.8203999996185303,500,600,256,128,0.01,1.3305274583399296,0.18010365217924118,npu:5
clip_b32,octmnist,medical,3,food101,0.676600042462349,0.012650284112014278,0.6831683517|0.6752475500|0.6821782589|0.6871287823|0.6593750715|0.6712871790|0.6940594912|0.6891089678|0.6623762846|0.6666667461|0.6603960395|0.6742574573|0.6594059467|0.6990098953|0.6843750477,0.6776000482|0.6768000636|0.6754000156,0.0009092275827759913,15000,5000,repeated_stratified_5_fold,5,3,20260905|20260906|20260907,0.726599931716919,500,600,256,128,0.01,1.3305274583399296,0.18892915174365044,npu:5
clip_b32,octmnist,medical,3,gtsrb,0.8078000130732854,0.011215829277351185,0.7817109227|0.8089552522|0.8161838055|0.8299798965|0.8036623001|0.8121926785|0.8149254322|0.8031967878|0.8098591566|0.8026450276|0.8230088949|0.7940298319|0.8001998067|0.8048290014|0.8118005991,0.8080000169|0.8086000124|0.8068000100,0.0007483329291138221,15000,5000,repeated_stratified_5_fold,5,3,20260905|20260906|20260907,0.7395999431610107,500,600,256,128,0.01,1.3305274583399296,0.15289442986249924,npu:5
clip_b32,octmnist,medical,3,oxford_pets,0.8150362384168135,0.009187034884711707,0.8064951897|0.8247283101|0.8070652485|0.8285714388|0.8215258718|0.7943165898|0.8125000000|0.8288043737|0.8163266182|0.8147138953|0.8173205853|0.8220108747|0.8138587475|0.8136054873|0.8038147688,0.8176630439|0.8133152289|0.8141304424,0.0018870123914022931,11040,3680,repeated_stratified_5_fold,5,3,20260905|20260906|20260907,0.7882256507873535,500,600,256,128,0.01,1.3305274583399296,0.13855220563709736,npu:5
clip_b32,octmnist,medical,4,beans,0.8836234888286455,0.02067678477898302,0.9230769873|0.8454105854|0.8840579987|0.8592233062|0.9126213789|0.8701923490|0.8888888955|0.8502415419|0.9029126167|0.8834952116|0.8798077703|0.8985507488|0.8888888955|0.8834951520|0.8834951520,0.8849129743|0.8791102725|0.8868472197,0.0032875692829109657,3102,1034,repeated_stratified_5_fold,5,3,20260905|20260906|20260907,0.8984375,500,600,256,128,0.01,1.238415028899908,0.1549912691116333,npu:5
clip_b32,octmnist,medical,4,dtd,0.6538120865821838,0.014852929212168494,0.6489362121|0.6515957713|0.6569149494|0.6449468136|0.6662234068|0.6635639071|0.6595745087|0.6542553306|0.6236702204|0.6662234068|0.6582447290|0.6183511019|0.6755319238|0.6635638475|0.6555851698,0.6537234306|0.6534574747|0.6542553544,0.0003317106271045492,11280,3760,repeated_stratified_5_fold,5,3,20260905|20260906|20260907,0.6643617153167725,500,600,256,128,0.01,1.238415028899908,0.1678683403879404,npu:5
clip_b32,octmnist,medical,4,eurosat,0.8959999860803286,0.00901134156009578,0.8737573624|0.9061876535|0.9059059024|0.9007021189|0.8885542154|0.8946321607|0.8872255087|0.9019019604|0.8896690011|0.9026104212|0.8936381340|0.9031935930|0.8958958983|0.8886660337|0.9076304436,0.8949999886|0.8951999891|0.8977999806,0.0012754045630040333,15000,5000,repeated_stratified_5_fold,5,3,20260905|20260906|20260907,0.9007407426834106,500,600,256,128,0.01,1.238415028899908,0.16015268303453922,npu:5
clip_b32,octmnist,medical,4,flowers102,0.8065360188484192,0.02353394836303113,0.8235294819|0.8284314871|0.8235294819|0.8039216399|0.7794118524|0.7990196943|0.8480392694|0.7794117928|0.8186274767|0.7990196943|0.8088235855|0.8431373239|0.7696079016|0.7990196943|0.7745099068,0.8117647886|0.8088235855|0.7990196824,0.005448801340086149,3060,1020,repeated_stratified_5_fold,5,3,20260905|20260906|20260907,0.81659996509552,500,600,256,128,0.01,1.238415028899908,0.1692334171384573,npu:5
clip_b32,octmnist,medical,4,food101,0.6750000307559967,0.01192231231573333,0.6831683517|0.6663366556|0.6881188154|0.6801980138|0.6635416746|0.6752475500|0.6811881065|0.6851485372|0.6653465629|0.6677083969|0.6485148668|0.6762377024|0.6623762846|0.6930693388|0.6885417700,0.6764000125|0.6750000250|0.6736000547,0.001143077965725178,15000,5000,repeated_stratified_5_fold,5,3,20260905|20260906|20260907,0.7191999554634094,500,600,256,128,0.01,1.238415028899908,0.1816516164690256,npu:5
clip_b32,octmnist,medical,4,gtsrb,0.7996000073393187,0.011141293688735425,0.7935103178|0.7980099916|0.7952048182|0.8118712306|0.7894201279|0.8092429042|0.8059701920|0.7932068110|0.8138833046|0.7711088657|0.8141592741|0.7920398116|0.7972028255|0.7997987270|0.8087487221,0.7976000094|0.7988000228|0.8023999899,0.00203959712287125,15000,5000,repeated_stratified_5_fold,5,3,20260905|20260906|20260907,0.7311999797821045,500,600,256,128,0.01,1.238415028899908,0.1709335409104824,npu:5
clip_b32,octmnist,medical,4,oxford_pets,0.8211956683060397,0.010990534223885554,0.8200269938|0.8179348111|0.8029891849|0.8353741765|0.8242506981|0.8119079471|0.8315217495|0.8396739364|0.8149660826|0.8147139549|0.8213801980|0.8220108747|0.8410326242|0.8108844161|0.8092643023,0.8201087069|0.8225543781|0.8209239199,0.0010167635597749802,11040,3680,repeated_stratified_5_fold,5,3,20260905|20260906|20260907,0.770509660243988,500,600,256,128,0.01,1.238415028899908,0.14877517893910408,npu:5
clip_b32,organamnist,medical,0,beans,0.8755641720665416,0.020502665661589297,0.8846154213|0.8550724387|0.9033816457|0.8932039142|0.8737864494|0.8894231319|0.8405796885|0.8792270422|0.8737864494|0.8980582952|0.8653846979|0.8888888955|0.8647342920|0.8932039142|0.8300970793,0.8820116228|0.8762089189|0.8684719745,0.0055463076605055854,3102,1034,repeated_stratified_5_fold,5,3,20260905|20260906|20260907,0.8984375,500,600,256,128,0.01,1.2315578777343035,0.163120087236166,npu:5
clip_b32,organamnist,medical,0,dtd,0.6645390351613362,0.01794945281969881,0.6728723645|0.6781915426|0.6436170340|0.6502659917|0.6941489577|0.6848404408|0.6742022038|0.6529255509|0.6476064324|0.6489362121|0.6808511019|0.6276595592|0.6702127457|0.6795213223|0.6622340679,0.6678191781|0.6617021680|0.6640957594,0.0025168529618660044,11280,3760,repeated_stratified_5_fold,5,3,20260905|20260906|20260907,0.6723403930664062,500,600,256,128,0.01,1.2315578777343035,0.20227459631860256,npu:5
clip_b32,organamnist,medical,0,eurosat,0.9016666544556617,0.008450875210265588,0.8976142406|0.9011976719|0.9119119644|0.9157472253|0.8795180321|0.9115307331|0.9001996517|0.8958958983|0.8956870437|0.9076305032|0.9055665135|0.9031935930|0.9039039016|0.8966900706|0.8985943794,0.9011999979|0.9021999869|0.9015999786,0.0004109572483552927,15000,5000,repeated_stratified_5_fold,5,3,20260905|20260906|20260907,0.9029629230499268,500,600,256,128,0.01,1.2315578777343035,0.16639722511172295,npu:5
clip_b32,organamnist,medical,0,flowers102,0.8049020330111185,0.03187907472471408,0.8529412746|0.8382353783|0.7794118524|0.7401961684|0.7843137980|0.7941176891|0.8235294819|0.7745099068|0.8578431606|0.7990196943|0.8431373239|0.7990196943|0.7941177487|0.8137255311|0.7794117928,0.7990196943|0.8098039865|0.8058824182,0.004456912679654483,3060,1020,repeated_stratified_5_fold,5,3,20260905|20260906|20260907,0.8281999826431274,500,600,256,128,0.01,1.2315578777343035,0.19811352156102657,npu:5
clip_b32,organamnist,medical,0,food101,0.6908666946093242,0.016027818724007742,0.6980198026|0.7039604187|0.6762375832|0.6851485968|0.6770833731|0.6782178879|0.7108911276|0.6821782589|0.7138613462|0.6770833731|0.6752475500|0.6970297098|0.6762376428|0.7267327309|0.6833333969,0.6882000207|0.6926000290|0.6918000342,0.0019136980519355927,15000,5000,repeated_stratified_5_fold,5,3,20260905|20260906|20260907,0.7375999689102173,500,600,256,128,0.01,1.2315578777343035,0.17861084826290607,npu:5
clip_b32,organamnist,medical,0,gtsrb,0.8091333394885063,0.008481373317452212,0.8112094402|0.8099502325|0.8031967878|0.8229376078|0.7924720645|0.8102262020|0.8069651723|0.7992007732|0.8209255338|0.8046795726|0.8151425719|0.7960199118|0.8131868243|0.8138833046|0.8168871403,0.8079999981|0.8084000040|0.8110000164,0.0013300032768251279,15000,5000,repeated_stratified_5_fold,5,3,20260905|20260906|20260907,0.7289999723434448,500,600,256,128,0.01,1.2315578777343035,0.1880629863590002,npu:5
clip_b32,organamnist,medical,0,oxford_pets,0.8375905954805405,0.008005483524847751,0.8430310488|0.8328804970|0.8274457455|0.8448979855|0.8337874413|0.8281460404|0.8423913717|0.8369566202|0.8462585211|0.8487738371|0.8470906019|0.8451087475|0.8247283101|0.8272109032|0.8351498842,0.8364130600|0.8404891455|0.8358695810,0.0020615587032880895,11040,3680,repeated_stratified_5_fold,5,3,20260905|20260906|20260907,0.7994003295898438,500,600,256,128,0.01,1.2315578777343035,0.17294369637966156,npu:5
clip_b32,organamnist,medical,1,beans,0.8803997639876501,0.02545115144558312,0.9038462043|0.8550724983|0.8695651889|0.8883495331|0.8980582952|0.9134616256|0.8454105854|0.8550724983|0.8883495331|0.9077669978|0.9038462043|0.8840579987|0.9082125425|0.8398058414|0.8446602225,0.8829787470|0.8820116265|0.8762089185,0.002989561854806494,3102,1034,repeated_stratified_5_fold,5,3,20260905|20260906|20260907,0.890625,500,600,256,128,0.01,1.2203003764152527,0.12053989432752132,npu:5
clip_b32,organamnist,medical,1,dtd,0.6719858527183532,0.009609694218382451,0.6755319834|0.6728723645|0.6648936868|0.6662234068|0.6808511019|0.6715425849|0.6928191781|0.6715425253|0.6648936272|0.6569149494|0.6742022038|0.6542553902|0.6848404408|0.6728723645|0.6755319834,0.6720745087|0.6715425730|0.6723404765,0.00033172018510623544,11280,3760,repeated_stratified_5_fold,5,3,20260905|20260906|20260907,0.6765957474708557,500,600,256,128,0.01,1.2203003764152527,0.13940203562378883,npu:5
clip_b32,organamnist,medical,1,eurosat,0.8979999886671702,0.008228396591682542,0.8807156086|0.9011976123|0.9089089632|0.9117351770|0.8955823183|0.9015904069|0.8952096105|0.8908908963|0.8886660337|0.9066264629|0.9005963802|0.8932135701|0.8948948979|0.8926780224|0.9076305032,0.8995999849|0.8965999954|0.8977999857,0.0012328787756515935,15000,5000,repeated_stratified_5_fold,5,3,20260905|20260906|20260907,0.9003703594207764,500,600,256,128,0.01,1.2203003764152527,0.1548713967204094,npu:5
clip_b32,organamnist,medical,1,flowers102,0.8084968050320943,0.020601194384274393,0.8382353783|0.7990196943|0.7794118524|0.8039216399|0.8186274767|0.8186275363|0.8431373239|0.8088235855|0.8137255311|0.7892158031|0.8137255311|0.8382353783|0.7696079016|0.7941177487|0.7990196943,0.8078432083|0.8147059560|0.8029412508,0.004825105422205705,3060,1020,repeated_stratified_5_fold,5,3,20260905|20260906|20260907,0.8305999636650085,500,600,256,128,0.01,1.2203003764152527,0.1813614759594202,npu:5
clip_b32,organamnist,medical,1,food101,0.6808000270525615,0.015372347956492968,0.7009900808|0.6801980138|0.6990098953|0.6732673645|0.6541666985|0.6772277355|0.6851485968|0.6910891533|0.6772277355|0.6750000715|0.6643564701|0.6792079210|0.6732673645|0.7158415914|0.6635417342,0.6818000077|0.6812000444|0.6794000291,0.0010197989246777074,15000,5000,repeated_stratified_5_fold,5,3,20260905|20260906|20260907,0.7279999256134033,500,600,256,128,0.01,1.2203003764152527,0.17391944490373135,npu:5
clip_b32,organamnist,medical,1,gtsrb,0.8028666804313659,0.009130911417565614,0.8092428446|0.7880597115|0.8051948547|0.8128772378|0.7934893370|0.8072763085|0.8029850721|0.8001998067|0.8249496818|0.7975585461|0.8003933430|0.8059701920|0.7882118225|0.7997987866|0.8067141771,0.8018000050|0.8066000088|0.8002000274,0.0027194715019651606,15000,5000,repeated_stratified_5_fold,5,3,20260905|20260906|20260907,0.7333999872207642,500,600,256,128,0.01,1.2203003764152527,0.1885601207613945,npu:5
clip_b32,organamnist,medical,1,oxford_pets,0.8344202977537677,0.011061992691186868,0.8281461000|0.8274456859|0.8233696222|0.8517007232|0.8337874413|0.8362651467|0.8478261232|0.8165761232|0.8598639965|0.8269754648|0.8240865469|0.8342391253|0.8328804970|0.8353741765|0.8378746510,0.8328804479|0.8375000069|0.8328804385,0.002177683232758422,11040,3680,repeated_stratified_5_fold,5,3,20260905|20260906|20260907,0.8045789003372192,500,600,256,128,0.01,1.2203003764152527,0.16794037260115147,npu:5
clip_b32,organamnist,medical,2,beans,0.8797550115909676,0.02064197861582059,0.8461538553|0.8599033952|0.8840579987|0.8883495331|0.9271844625|0.8653846979|0.8695652485|0.8599033356|0.8883495331|0.8543689251|0.8846154809|0.8937197924|0.9082125425|0.8786407709|0.8883495331,0.8810445005|0.8675048515|0.8907156828,0.009519550346816247,3102,1034,repeated_stratified_5_fold,5,3,20260905|20260906|20260907,0.9296875,500,600,256,128,0.01,1.1724386978894472,0.11486167274415493,npu:5
clip_b32,organamnist,medical,2,dtd,0.6577128052711487,0.015121422907460682,0.6569149494|0.6635638475|0.6489362121|0.6396276951|0.6755319834|0.6702128053|0.6648936272|0.6755319834|0.6369681358|0.6396276951|0.6808511019|0.6303191781|0.6675531864|0.6555851698|0.6595745087,0.6569149375|0.6574468493|0.6587766290,0.0007829530434917381,11280,3760,repeated_stratified_5_fold,5,3,20260905|20260906|20260907,0.6627659201622009,500,600,256,128,0.01,1.1724386978894472,0.15309922210872173,npu:5
clip_b32,organamnist,medical,2,eurosat,0.901266652615865,0.008815384623451864,0.8836977482|0.9141716957|0.9089089632|0.9077231884|0.8865461349|0.9135187864|0.8952096105|0.8958958983|0.8976930380|0.9076304436|0.8986083269|0.8962075710|0.9089089036|0.8996990919|0.9046185017,0.9001999995|0.9019999624|0.9015999960,0.0007717102247374128,15000,5000,repeated_stratified_5_fold,5,3,20260905|20260906|20260907,0.8974074125289917,500,600,256,128,0.01,1.1724386978894472,0.15089591406285763,npu:5
clip_b32,organamnist,medical,2,flowers102,0.8274510502815247,0.02429314069422958,0.8676471114|0.8431373239|0.8382353783|0.7892158031|0.8480392694|0.7990196943|0.8578431606|0.8235294819|0.8431373239|0.8088235855|0.8529412150|0.8284314275|0.8137255907|0.8088235855|0.7892158031,0.8372549772|0.8264706492|0.8186275244,0.0076361591379899875,3060,1020,repeated_stratified_5_fold,5,3,20260905|20260906|20260907,0.8271999359130859,500,600,256,128,0.01,1.1724386978894472,0.1756735984236002,npu:5
clip_b32,organamnist,medical,2,food101,0.6810000201066336,0.01388983828163294,0.6990098953|0.6752475500|0.6811881065|0.6999999881|0.6635417342|0.6772277355|0.6871287227|0.6762375832|0.6782178283|0.6718750596|0.6534653902|0.6752475500|0.6851485372|0.7108911276|0.6791667342,0.6840000120|0.6782000091|0.6808000392,0.0023720599746498666,15000,5000,repeated_stratified_5_fold,5,3,20260905|20260906|20260907,0.7375999689102173,500,600,256,128,0.01,1.1724386978894472,0.19767297245562077,npu:5
clip_b32,organamnist,medical,2,gtsrb,0.7993333497842153,0.009345884368806266,0.8033432364|0.7890547514|0.8081918359|0.8088531494|0.7995931506|0.8082596064|0.7840796113|0.7932068110|0.7997987866|0.8016276956|0.8190757036|0.7930347919|0.7882118225|0.7897384167|0.8036622405,0.8018000444|0.7974000131|0.7987999919,0.0018354693918492513,15000,5000,repeated_stratified_5_fold,5,3,20260905|20260906|20260907,0.7333999872207642,500,600,256,128,0.01,1.1724386978894472,0.17000918835401535,npu:5
clip_b32,organamnist,medical,2,oxford_pets,0.836413061586411,0.007575788540906045,0.8376183510|0.8342391849|0.8315217495|0.8408163786|0.8528610468|0.8349119425|0.8396739960|0.8247283101|0.8489796519|0.8310626745|0.8308525085|0.8247282505|0.8423913717|0.8367347121|0.8351498842,0.8394021890|0.8358695842|0.8339674115,0.002251773749025262,11040,3680,repeated_stratified_5_fold,5,3,20260905|20260906|20260907,0.7906786203384399,500,600,256,128,0.01,1.1724386978894472,0.16211345233023167,npu:5
clip_b32,organamnist,medical,3,beans,0.8865248343969144,0.020751246882751494,0.8846154213|0.8550724387|0.9227052927|0.9126213789|0.8640776873|0.8701924086|0.8792270422|0.9033816457|0.8786407709|0.9174757004|0.8750000596|0.8695651889|0.9130434990|0.8786407709|0.8737864494,0.8878143188|0.8897485614|0.8820116230,0.0032875656049975574,3102,1034,repeated_stratified_5_fold,5,3,20260905|20260906|20260907,0.8828125,500,600,256,128,0.01,1.1273228973150253,0.09115579351782799,npu:5
clip_b32,organamnist,medical,3,dtd,0.6536347826321919,0.013358592768298603,0.6675531864|0.6329787970|0.6529256105|0.6422872543|0.6742021441|0.6715425253|0.6675532460|0.6436170340|0.6436170340|0.6436170340|0.6542553902|0.6316490173|0.6648936272|0.6515957713|0.6622340679,0.6539893985|0.6539893746|0.6529255748,0.0005014856819962762,11280,3760,repeated_stratified_5_fold,5,3,20260905|20260906|20260907,0.6654255390167236,500,600,256,128,0.01,1.1273228973150253,0.1259415913373232,npu:5
clip_b32,organamnist,medical,3,eurosat,0.899666658214728,0.010121101558306325,0.8846918344|0.9011976123|0.9119119644|0.9087262154|0.8965862989|0.9035785198|0.9041916132|0.8828828931|0.8956870437|0.9066264629|0.9055665731|0.8952096105|0.8958958983|0.8836508989|0.9186746478,0.9006000072|0.8985999874|0.8997999800,0.0008219289391283938,15000,5000,repeated_stratified_5_fold,5,3,20260905|20260906|20260907,0.8996296525001526,500,600,256,128,0.01,1.1273228973150253,0.13610566593706608,npu:5
clip_b32,organamnist,medical,3,flowers102,0.7967321038246155,0.029513264194875127,0.8382353783|0.7745098472|0.8284314871|0.7598040104|0.7696079016|0.7892157435|0.8627451658|0.7892158031|0.7941176891|0.7794118524|0.8235294819|0.8088236451|0.7647059560|0.8039216399|0.7647059560,0.7941177249|0.8029412508|0.7931373358,0.004408735293885883,3060,1020,repeated_stratified_5_fold,5,3,20260905|20260906|20260907,0.8223999738693237,500,600,256,128,0.01,1.1273228973150253,0.16513005271553993,npu:5
clip_b32,organamnist,medical,3,food101,0.6812666987975439,0.007231215148398598,0.6940593719|0.6811881065|0.6811881661|0.6801980734|0.6770833731|0.6752475500|0.6762377024|0.6861386299|0.6712871790|0.6916667223|0.6663366556|0.6841584444|0.6801980734|0.6861386299|0.6885417104,0.6828000187|0.6800000451|0.6810000327,0.0011585324539862367,15000,5000,repeated_stratified_5_fold,5,3,20260905|20260906|20260907,0.7417999505996704,500,600,256,128,0.01,1.1273228973150253,0.17753385193645954,npu:5
clip_b32,organamnist,medical,3,gtsrb,0.8075333473364511,0.012146409823498213,0.7935103178|0.8129353523|0.8141857982|0.8229376078|0.7924720645|0.8102262020|0.7890547514|0.8051947951|0.8329980373|0.7894201279|0.8180924654|0.8119403124|0.8091908097|0.8038229346|0.8067141771,0.8072000056|0.8054000195|0.8100000170,0.0018926756817441112,15000,5000,repeated_stratified_5_fold,5,3,20260905|20260906|20260907,0.7351999282836914,500,600,256,128,0.01,1.1273228973150253,0.18278797157108784,npu:5
clip_b32,organamnist,medical,3,oxford_pets,0.8392210263974856,0.00717493020232176,0.8376183510|0.8288044333|0.8423913717|0.8476190567|0.8365122676|0.8457373977|0.8288043737|0.8301631212|0.8435374498|0.8487737775|0.8403247595|0.8410326242|0.8478261232|0.8272109032|0.8419618607,0.8385869796|0.8394021716|0.8396739280,0.0004618617188130053,11040,3680,repeated_stratified_5_fold,5,3,20260905|20260906|20260907,0.8122103810310364,500,600,256,128,0.01,1.1273228973150253,0.18573189340531826,npu:5
clip_b32,organamnist,medical,4,beans,0.8671824797401883,0.021397412502572835,0.8653846979|0.8502415419|0.9082125425|0.8543689251|0.8737863898|0.8750000596|0.8164251447|0.8743961453|0.8834951520|0.8932039142|0.8605769873|0.8743961453|0.8792270422|0.8398058414|0.8592233062,0.8704061968|0.8684719797|0.8626692627,0.0032875670105998863,3102,1034,repeated_stratified_5_fold,5,3,20260905|20260906|20260907,0.890625,500,600,256,128,0.01,1.2224985156208277,0.09092251397669315,npu:5
clip_b32,organamnist,medical,4,dtd,0.6609929362932842,0.015312521902767658,0.6702128053|0.6742021441|0.6449468136|0.6276596189|0.6821808815|0.6702128053|0.6755319834|0.6502659321|0.6489362121|0.6595745087|0.6622340679|0.6382979155|0.6781915426|0.6635638475|0.6688829660,0.6598404527|0.6609042883|0.6622340679,0.000979197745559173,11280,3760,repeated_stratified_5_fold,5,3,20260905|20260906|20260907,0.6654254794120789,500,600,256,128,0.01,1.2224985156208277,0.10301463305950165,npu:5
clip_b32,organamnist,medical,4,eurosat,0.8992666600982347,0.010949427890106219,0.8827037811|0.8982036114|0.9199199080|0.9087262154|0.8855420947|0.9035785198|0.9091816545|0.8888888955|0.8846539259|0.9076304436|0.9005963802|0.8922156096|0.9049049616|0.8906720281|0.9116465449,0.8989999947|0.8987999802|0.9000000053,0.0005249430873840344,15000,5000,repeated_stratified_5_fold,5,3,20260905|20260906|20260907,0.9011111259460449,500,600,256,128,0.01,1.2224985156208277,0.14717629179358482,npu:5
clip_b32,organamnist,medical,4,flowers102,0.8035948435465494,0.01956422272083525,0.8333334327|0.8137255907|0.7794118524|0.7892157435|0.7696079016|0.7990196943|0.8186274767|0.7990196943|0.8284314275|0.7990196943|0.8137255907|0.8039216399|0.8284314275|0.8088235855|0.7696079016,0.7970589042|0.8088235974|0.8049020290,0.004891049806014536,3060,1020,repeated_stratified_5_fold,5,3,20260905|20260906|20260907,0.8248000144958496,500,600,256,128,0.01,1.2224985156208277,0.1499818116426468,npu:5
clip_b32,organamnist,medical,4,food101,0.6827333651781083,0.013563275400203849,0.7000000477|0.6940594316|0.6881188154|0.6693069339|0.6593750715|0.6742574573|0.6881188154|0.6851485372|0.6930693388|0.6750000715|0.6613861322|0.6831683517|0.6752475500|0.7108911276|0.6822917461,0.6824000299|0.6832000318|0.6826000339,0.0003399349646645697,15000,5000,repeated_stratified_5_fold,5,3,20260905|20260906|20260907,0.7317999601364136,500,600,256,128,0.01,1.2224985156208277,0.16142961010336876,npu:5
clip_b32,organamnist,medical,4,gtsrb,0.8080666831453641,0.01132712305328657,0.8033431768|0.8129353523|0.8051947951|0.8259557486|0.7995930910|0.7994100451|0.8009950519|0.8071928024|0.8340040445|0.8046795726|0.8151426315|0.8139303923|0.8001998067|0.7857142687|0.8128179312,0.8094000105|0.8092000157|0.8056000233,0.001746101876176051,15000,5000,repeated_stratified_5_fold,5,3,20260905|20260906|20260907,0.7305999398231506,500,600,256,128,0.01,1.2224985156208277,0.18813866935670376,npu:5
clip_b32,organamnist,medical,4,oxford_pets,0.8275362563090048,0.005783272059136697,0.8227334023|0.8288043737|0.8179348707|0.8299319744|0.8269754648|0.8254396915|0.8301631212|0.8328804970|0.8353742361|0.8188011050|0.8294992447|0.8369565606|0.8301631212|0.8176871538|0.8297002912,0.8252717556|0.8285326385|0.8288043748,0.0016050820959084486,11040,3680,repeated_stratified_5_fold,5,3,20260905|20260906|20260907,0.8007631301879883,500,600,256,128,0.01,1.2224985156208277,0.1838487945497036,npu:5
clip_b32,organcmnist,medical,0,beans,0.881044514001684,0.013384178750988521,0.8750000596|0.8695652485|0.8937197924|0.8689320087|0.8883495331|0.8990384936|0.8743961453|0.8888889551|0.9029126167|0.8737864494|0.8701924086|0.8985507488|0.8840579987|0.8543689251|0.8737864494,0.8791102645|0.8878143425|0.8762089351,0.004931352827782447,3102,1034,repeated_stratified_5_fold,5,3,20260905|20260906|20260907,0.921875,500,600,256,128,0.01,1.2673923969268799,0.0922993291169405,npu:5
clip_b32,organcmnist,medical,0,dtd,0.6656028707822164,0.012225035326377654,0.6742022038|0.6622340679|0.6635638475|0.6555851698|0.6875000000|0.6781915426|0.6555851698|0.6595745087|0.6542553902|0.6702128053|0.6688829660|0.6422872543|0.6888297796|0.6609042883|0.6622340679,0.6686170578|0.6635638833|0.6646276712,0.0021751480759970164,11280,3760,repeated_stratified_5_fold,5,3,20260905|20260906|20260907,0.6734042167663574,500,600,256,128,0.01,1.2673923969268799,0.09837201796472073,npu:5
clip_b32,organcmnist,medical,0,eurosat,0.895066654253006,0.010766252472217006,0.8737574220|0.8992016315|0.9179179668|0.9047141075|0.8855421543|0.8996022940|0.8862275481|0.8938938975|0.8856569529|0.9106425643|0.8876739144|0.8972055912|0.8878878951|0.8986960649|0.8975903392,0.8962000002|0.8951999781|0.8937999844,0.0009843273153076273,15000,5000,repeated_stratified_5_fold,5,3,20260905|20260906|20260907,0.9003703594207764,500,600,256,128,0.01,1.2673923969268799,0.09897223301231861,npu:5
clip_b32,organcmnist,medical,0,flowers102,0.8202614863713582,0.016372510472047536,0.8578431606|0.8333333731|0.8039216399|0.8039216399|0.8088235855|0.8333333731|0.8333333731|0.7941176891|0.8284314275|0.8137255311|0.8284314275|0.8333333731|0.8186275363|0.8039215803|0.8088235855,0.8215686798|0.8205882788|0.8186275005,0.001222764310010396,3060,1020,repeated_stratified_5_fold,5,3,20260905|20260906|20260907,0.8269999623298645,500,600,256,128,0.01,1.2673923969268799,0.16522793099284172,npu:5
clip_b32,organcmnist,medical,0,food101,0.686866690158844,0.011688873450676115,0.6871287227|0.6861386299|0.6801980734|0.7019802332|0.6833333969|0.6653465033|0.6910891533|0.6900990009|0.6722772717|0.7000000477|0.6712871194|0.7079207897|0.6841584444|0.6999999881|0.6822917461,0.6878000354|0.6836000189|0.6892000163,0.0023795437473491205,15000,5000,repeated_stratified_5_fold,5,3,20260905|20260906|20260907,0.7373999357223511,500,600,256,128,0.01,1.2673923969268799,0.16614851541817188,npu:5
clip_b32,organcmnist,medical,0,gtsrb,0.8094000085234643,0.009895466254824053,0.8151426315|0.8049751520|0.8061938286|0.8199194670|0.8046795726|0.8062930107|0.8039801121|0.8031967878|0.8309859037|0.8036623001|0.8259586692|0.7960199118|0.7972027659|0.8179074526|0.8046796322,0.8102000153|0.8096000037|0.8084000066,0.0007483343256516417,15000,5000,repeated_stratified_5_fold,5,3,20260905|20260906|20260907,0.738599956035614,500,600,256,128,0.01,1.2673923969268799,0.17962276935577393,npu:5
clip_b32,organcmnist,medical,0,oxford_pets,0.8313405752829883,0.013822928868400407,0.8078483343|0.8111413121|0.8478261232|0.8666667342|0.8297002912|0.8159674406|0.8247283101|0.8369565010|0.8272109032|0.8365122676|0.8349119425|0.8342391253|0.8315217495|0.8340136409|0.8310626745,0.8326086997|0.8282608635|0.8331521626,0.0021889580940850106,11040,3680,repeated_stratified_5_fold,5,3,20260905|20260906|20260907,0.8010357022285461,500,600,256,128,0.01,1.2673923969268799,0.18867027200758457,npu:5
clip_b32,organcmnist,medical,1,beans,0.8820116090282634,0.018457158101017345,0.8894231319|0.8599033356|0.9130434990|0.8834950924|0.8737864494|0.8605769873|0.8792270422|0.8743960857|0.9174757004|0.9077669978|0.8653846979|0.8647342920|0.8985507488|0.8737863898|0.8689320087,0.8839458451|0.8878143101|0.8742746719,0.00569423115711889,3102,1034,repeated_stratified_5_fold,5,3,20260905|20260906|20260907,0.9140625,500,600,256,128,0.01,1.328439710661769,0.0914005059748888,npu:5
clip_b32,organcmnist,medical,1,dtd,0.6629432837168375,0.01300083064042444,0.6688829660|0.6662234068|0.6436170340|0.6622340679|0.6688829660|0.6715425849|0.6609042883|0.6529256105|0.6502659321|0.6768617630|0.6542553306|0.6449468136|0.6968085766|0.6622340679|0.6635638475,0.6619680882|0.6625000358|0.6643617272,0.0010262321316646232,11280,3760,repeated_stratified_5_fold,5,3,20260905|20260906|20260907,0.6686170101165771,500,600,256,128,0.01,1.328439710661769,0.09754984825849533,npu:5
clip_b32,organcmnist,medical,1,eurosat,0.8994666479388873,0.009595900448763368,0.8856858015|0.8992016315|0.9199199677|0.9047141075|0.8915662169|0.8996022940|0.8862276077|0.8948948979|0.8906719685|0.9106425047|0.8936381340|0.8992016315|0.9059059024|0.8966900706|0.9136545658,0.9001999832|0.8963999722|0.9017999884,0.0022647117957423735,15000,5000,repeated_stratified_5_fold,5,3,20260905|20260906|20260907,0.8918517827987671,500,600,256,128,0.01,1.328439710661769,0.10096681863069534,npu:5
clip_b32,organcmnist,medical,1,flowers102,0.7970588843027752,0.02108792272716678,0.8186274767|0.7745099068|0.7892157435|0.7794117928|0.8186274767|0.7892158031|0.8088235855|0.7843137980|0.8284314275|0.7647059560|0.8137255907|0.8284314275|0.7696079016|0.8088235855|0.7794117928,0.7960784793|0.7950981140|0.8000000596,0.0021178862317584517,3060,1020,repeated_stratified_5_fold,5,3,20260905|20260906|20260907,0.8245999813079834,500,600,256,128,0.01,1.328439710661769,0.12419678457081318,npu:5
clip_b32,organcmnist,medical,1,food101,0.6828000296354294,0.010282401237921976,0.6891089678|0.6782178879|0.6861386299|0.6851485968|0.6770833731|0.6722772121|0.6762376428|0.6752475500|0.6762376428|0.6958333850|0.6613861322|0.6960396171|0.6970297098|0.6970297098|0.6791667342,0.6832000523|0.6790000196|0.6862000171,0.002952965146580433,15000,5000,repeated_stratified_5_fold,5,3,20260905|20260906|20260907,0.7281999588012695,500,600,256,128,0.01,1.328439710661769,0.1647169403731823,npu:5
clip_b32,organcmnist,medical,1,gtsrb,0.8087333511312802,0.011704414583108396,0.8151426315|0.7860696912|0.8051947951|0.8319919705|0.8097660542|0.8102262020|0.7980099916|0.8011987805|0.8219316006|0.8118006587|0.8239921331|0.7950248718|0.8151848316|0.8078470826|0.7975584865,0.8096000272|0.8086000254|0.8080000009,0.0006599761854843807,15000,5000,repeated_stratified_5_fold,5,3,20260905|20260906|20260907,0.741599977016449,500,600,256,128,0.01,1.328439710661769,0.1539828535169363,npu:5
clip_b32,organcmnist,medical,1,oxford_pets,0.8300724647399308,0.012142533160335853,0.8092015386|0.8138587475|0.8423913121|0.8380952477|0.8392370343|0.8335587978|0.8383152485|0.8233696222|0.8312925100|0.8310626745|0.8294992447|0.8559783101|0.8233696222|0.8108843565|0.8310626745,0.8285326009|0.8315217431|0.8301630503,0.0012219921094092838,11040,3680,repeated_stratified_5_fold,5,3,20260905|20260906|20260907,0.7827745676040649,500,600,256,128,0.01,1.328439710661769,0.17843796871602535,npu:5
clip_b32,organcmnist,medical,2,beans,0.8710509463135924,0.019314509647934974,0.8846154213|0.8550724387|0.9082125425|0.8834950924|0.8689320683|0.8701924086|0.8405797482|0.8309178352|0.8883494735|0.8737864494|0.8653846979|0.8647342920|0.8792270422|0.8592233658|0.8932038546,0.8800773635|0.8607350298|0.8723404456,0.007948944336451547,3102,1034,repeated_stratified_5_fold,5,3,20260905|20260906|20260907,0.875,500,600,256,128,0.01,1.3270649667829275,0.09182130545377731,npu:5
clip_b32,organcmnist,medical,2,dtd,0.6573581854502359,0.014187161339277842,0.6702128053|0.6582447290|0.6688829660|0.6250000596|0.6635638475|0.6768617630|0.6675532460|0.6555851698|0.6476063728|0.6502659321|0.6742021441|0.6356383562|0.6675531864|0.6529255509|0.6462766528,0.6571808815|0.6595744967|0.6553191781,0.0017417446624065189,11280,3760,repeated_stratified_5_fold,5,3,20260905|20260906|20260907,0.6686170101165771,500,600,256,128,0.01,1.3270649667829275,0.09830816835165024,npu:5
clip_b32,organcmnist,medical,2,eurosat,0.9015999922275544,0.008206976518108484,0.8856858611|0.9051896334|0.9209209681|0.9097291827|0.8975903392|0.8986083269|0.9111776352|0.8928929567|0.8996990919|0.9066264629|0.8936381340|0.9011975527|0.8988988996|0.8986960649|0.9036144614,0.9038000018|0.9017999966|0.8991999783,0.0018832693763145988,15000,5000,repeated_stratified_5_fold,5,3,20260905|20260906|20260907,0.9074074029922485,500,600,256,128,0.01,1.3270649667829275,0.09792274795472622,npu:5
clip_b32,organcmnist,medical,2,flowers102,0.8150327523549398,0.022885152381636874,0.8333333731|0.8333334327|0.7843137980|0.7990196943|0.8235294819|0.8137255311|0.8382353783|0.7941176891|0.8382353783|0.7941176891|0.8235294819|0.8627451658|0.7892158031|0.8137255907|0.7843137980,0.8147059560|0.8156863332|0.8147059679,0.0004621514331071909,3060,1020,repeated_stratified_5_fold,5,3,20260905|20260906|20260907,0.8199999332427979,500,600,256,128,0.01,1.3270649667829275,0.12275182828307152,npu:5
clip_b32,organcmnist,medical,2,food101,0.6895333499113718,0.009094870810718981,0.6970297098|0.6732673645|0.6920791864|0.7009900808|0.6770833731|0.6881188154|0.6950495243|0.6881188154|0.6871287227|0.6843750477|0.6732673645|0.6980198622|0.6960396171|0.7029702663|0.6885417104,0.6882000086|0.6886000165|0.6918000246,0.0016110787843830745,15000,5000,repeated_stratified_5_fold,5,3,20260905|20260906|20260907,0.7347999811172485,500,600,256,128,0.01,1.3270649667829275,0.13871248438954353,npu:5
clip_b32,organcmnist,medical,2,gtsrb,0.801466673719883,0.013585656371537467,0.8141593337|0.7860696316|0.8091908097|0.8179074526|0.7843337059|0.8053097725|0.7940298319|0.7872127891|0.8269617558|0.7945066690|0.8161258698|0.7820895314|0.7932068110|0.8118711710|0.7985758185,0.8024000127|0.8016000125|0.8003999960,0.0008219290757418681,15000,5000,repeated_stratified_5_fold,5,3,20260905|20260906|20260907,0.7409999370574951,500,600,256,128,0.01,1.3270649667829275,0.1521950401365757,npu:5
clip_b32,organcmnist,medical,2,oxford_pets,0.8339673896576615,0.013878308217619333,0.8173206449|0.8383152485|0.8328804374|0.8394558430|0.8433242440|0.8200269938|0.8627717495|0.8084239364|0.8408163786|0.8228882551|0.8213801384|0.8464673758|0.8451087475|0.8448979855|0.8256130815,0.8342391362|0.8309782583|0.8366847745,0.002337586535689726,11040,3680,repeated_stratified_5_fold,5,3,20260905|20260906|20260907,0.7966748476028442,500,600,256,128,0.01,1.3270649667829275,0.17529934644699097,npu:5
clip_b32,organcmnist,medical,3,beans,0.8884590660503493,0.017897063908541823,0.8701924086|0.8888888359|0.9033815861|0.8834951520|0.9077669978|0.8605769873|0.8792270422|0.8550724983|0.9126213789|0.9126213789|0.8894231319|0.9082125425|0.8743960857|0.8980582356|0.8834951520,0.8907156685|0.8839458669|0.8907156628,0.0031913137441273013,3102,1034,repeated_stratified_5_fold,5,3,20260905|20260906|20260907,0.890625,500,600,256,128,0.01,1.3182102050632238,0.09391525574028492,npu:5
clip_b32,organcmnist,medical,3,dtd,0.6558510939280192,0.01370132349614144,0.6662234664|0.6662234068|0.6529255509|0.6329787374|0.6648936272|0.6795213223|0.6688829660|0.6396276951|0.6489362121|0.6476064324|0.6635638475|0.6396276951|0.6715425849|0.6382979155|0.6569149494,0.6566489577|0.6569149256|0.6539893985,0.0013208878784489962,11280,3760,repeated_stratified_5_fold,5,3,20260905|20260906|20260907,0.6749999523162842,500,600,256,128,0.01,1.3182102050632238,0.10216118209064007,npu:5
clip_b32,organcmnist,medical,3,eurosat,0.9017333220561347,0.009079121917388203,0.8767395020|0.9061876535|0.9149149656|0.9097291231|0.9006024003|0.9065605402|0.9021955729|0.9039039016|0.8966900706|0.8985943794|0.8936381340|0.8952096105|0.8998999596|0.9077231884|0.9136545658,0.9015999890|0.9015999735|0.9020000037,0.00018857239571086273,15000,5000,repeated_stratified_5_fold,5,3,20260905|20260906|20260907,0.9048148393630981,500,600,256,128,0.01,1.3182102050632238,0.09579753875732422,npu:5
clip_b32,organcmnist,medical,3,flowers102,0.80261443456014,0.024572910331358996,0.8333333731|0.8284314275|0.7745098472|0.7745099068|0.8186275363|0.7941176891|0.7941176891|0.7794117928|0.8235294819|0.7843137980|0.8333334327|0.8480392694|0.7794117928|0.7941176891|0.7794117928,0.8058824182|0.7950980902|0.8068627954,0.005329906790002336,3060,1020,repeated_stratified_5_fold,5,3,20260905|20260906|20260907,0.8179999589920044,500,600,256,128,0.01,1.3182102050632238,0.10522186197340488,npu:5
clip_b32,organcmnist,medical,3,food101,0.6819333616097767,0.011383988218705907,0.6801980734|0.6861386299|0.6871287227|0.6960396171|0.6718751192|0.6683168411|0.6772277355|0.6871287823|0.6831683517|0.6916667223|0.6524752378|0.6920791864|0.6732673645|0.6960396171|0.6864583492,0.6844000416|0.6814000362|0.6800000070,0.0018354659690448605,15000,5000,repeated_stratified_5_fold,5,3,20260905|20260906|20260907,0.7323999404907227,500,600,256,128,0.01,1.3182102050632238,0.1417032964527607,npu:5
clip_b32,organcmnist,medical,3,gtsrb,0.798933328684171,0.011523967080122944,0.7964601517|0.7900497317|0.7992007732|0.8098591566|0.7945066690|0.7964601517|0.7930347919|0.7792208195|0.8189134598|0.8087487221|0.8171091676|0.7771143913|0.8001998067|0.8048289418|0.7985758185,0.7979999972|0.7991999907|0.7995999982,0.0006798687401247179,15000,5000,repeated_stratified_5_fold,5,3,20260905|20260906|20260907,0.7336000204086304,500,600,256,128,0.01,1.3182102050632238,0.12304938957095146,npu:5
clip_b32,organcmnist,medical,3,oxford_pets,0.8316123184356569,0.012212573107257032,0.8078483939|0.8410326242|0.8315217495|0.8367347717|0.8555858135|0.8213801384|0.8342391253|0.8396739364|0.8285714388|0.8324251175|0.8294992447|0.8342391849|0.8247282505|0.8095238209|0.8474114537,0.8345108768|0.8312499944|0.8290760841,0.0022334878221582154,11040,3680,repeated_stratified_5_fold,5,3,20260905|20260906|20260907,0.782229483127594,500,600,256,128,0.01,1.3182102050632238,0.12110066413879395,npu:5
clip_b32,organcmnist,medical,4,beans,0.8813668767495897,0.023273240919704247,0.8990384936|0.8502415419|0.8792270422|0.8980582952|0.8834951520|0.9134615660|0.8647342920|0.8647342920|0.8640776873|0.9223301411|0.8461538553|0.9033816457|0.9033817053|0.8737864494|0.8543689251,0.8820116187|0.8858800921|0.8762089194,0.003974473915342175,3102,1034,repeated_stratified_5_fold,5,3,20260905|20260906|20260907,0.8828125,500,600,256,128,0.01,1.3993690647184849,0.10488146916031837,npu:5
clip_b32,organcmnist,medical,4,dtd,0.6596631566683452,0.01734148017561407,0.6569149494|0.6648936868|0.6555851698|0.6223404408|0.6835106611|0.6808511019|0.6795213223|0.6436170340|0.6489361525|0.6569149494|0.6702128053|0.6409574747|0.6861702204|0.6515957713|0.6529256105,0.6566489816|0.6619681120|0.6603723764,0.0022286814672242933,11280,3760,repeated_stratified_5_fold,5,3,20260905|20260906|20260907,0.6680850982666016,500,600,256,128,0.01,1.3993690647184849,0.10274338349699974,npu:5
clip_b32,organcmnist,medical,4,eurosat,0.8961333318710327,0.010856970797159896,0.8757454753|0.9061876535|0.9189189672|0.9067201614|0.8755019903|0.8926440477|0.8972055912|0.8928929567|0.8926780224|0.9016064405|0.8996023536|0.8902195692|0.9029029012|0.8906720281|0.8985943794,0.8966000017|0.8953999963|0.8963999976,0.0005249357103464202,15000,5000,repeated_stratified_5_fold,5,3,20260905|20260906|20260907,0.9011111259460449,500,600,256,128,0.01,1.3993690647184849,0.11500728316605091,npu:5
clip_b32,organcmnist,medical,4,flowers102,0.810130794843038,0.025719595705097745,0.8137255907|0.8382353783|0.7990196943|0.7990196943|0.7745098472|0.8137255311|0.7794118524|0.8088235855|0.8382353783|0.7941176891|0.8578432202|0.8480392694|0.7892158031|0.8235294819|0.7745099068,0.8049020410|0.8068628073|0.8186275363,0.0060611941967232226,3060,1020,repeated_stratified_5_fold,5,3,20260905|20260906|20260907,0.8249999284744263,500,600,256,128,0.01,1.3993690647184849,0.10600537620484829,npu:5
clip_b32,organcmnist,medical,4,food101,0.6886000352303187,0.011716260580487959,0.7009900808|0.6811881065|0.6772277355|0.7009900808|0.6906250715|0.6821782589|0.6881188750|0.6821782589|0.6900990009|0.6979167461|0.6603960991|0.6980198622|0.6910891533|0.7089109421|0.6791667342,0.6902000065|0.6880000428|0.6876000564,0.0011430743017919974,15000,5000,repeated_stratified_5_fold,5,3,20260905|20260906|20260907,0.739799976348877,500,600,256,128,0.01,1.3993690647184849,0.13168903067708015,npu:5
clip_b32,organcmnist,medical,4,gtsrb,0.7992666799902916,0.011544455206484136,0.7964601517|0.8009949923|0.8031967878|0.8189134598|0.7792472839|0.8053097725|0.7990050316|0.7832168341|0.8048290014|0.7995930910|0.8141592741|0.7810945511|0.7962037921|0.7917505503|0.8148524761,0.7997999970|0.7984000364|0.7996000065,0.0006182245275369079,15000,5000,repeated_stratified_5_fold,5,3,20260905|20260906|20260907,0.740399956703186,500,600,256,128,0.01,1.3993690647184849,0.11972932144999504,npu:5
clip_b32,organcmnist,medical,4,oxford_pets,0.8377717422510402,0.012197824015141362,0.8362651467|0.8029891253|0.8478261232|0.8612245321|0.8405994773|0.8349119425|0.8396739960|0.8383152485|0.8462585211|0.8419618607|0.8308523893|0.8451087475|0.8396739364|0.8353741765|0.8256130815,0.8377717429|0.8402173989|0.8353260849,0.001996870585718981,11040,3680,repeated_stratified_5_fold,5,3,20260905|20260906|20260907,0.7860451936721802,500,600,256,128,0.01,1.3993690647184849,0.1227858904749155,npu:5
clip_b32,organsmnist,medical,0,beans,0.8836234879831896,0.021099412338026775,0.8798077106|0.8695652485|0.9130434990|0.8737864494|0.9174757600|0.8605769873|0.8599033952|0.8937197924|0.8932038546|0.9126213789|0.8461539745|0.8888888359|0.9033816457|0.8640776873|0.8786407709,0.8907156960|0.8839458523|0.8762089156,0.005926753370378601,3102,1034,repeated_stratified_5_fold,5,3,20260905|20260906|20260907,0.8828125,500,600,256,128,0.01,1.3142349533736706,0.09407004341483116,npu:5
clip_b32,organsmnist,medical,0,dtd,0.6576241612434387,0.015253903003350479,0.6715425849|0.6728723645|0.6462766528|0.6502659917|0.6595745087|0.6768617630|0.6755319834|0.6502659917|0.6369681358|0.6502659917|0.6569149494|0.6316489577|0.6742022038|0.6742022038|0.6369681358,0.6601064205|0.6579787731|0.6547872901,0.002185955061104308,11280,3760,repeated_stratified_5_fold,5,3,20260905|20260906|20260907,0.667553186416626,500,600,256,128,0.01,1.3142349533736706,0.09793216548860073,npu:5
clip_b32,organsmnist,medical,0,eurosat,0.8972666425307593,0.008086773482073458,0.8856858015|0.8952095509|0.9139139652|0.9047141075|0.8895581961|0.8996022940|0.8912175894|0.9059059024|0.8866599798|0.9026104212|0.8996023536|0.9011975527|0.8928928971|0.8866599798|0.9036144018,0.8977999732|0.8971999816|0.8967999728,0.000410960644766154,15000,5000,repeated_stratified_5_fold,5,3,20260905|20260906|20260907,0.8966666460037231,500,600,256,128,0.01,1.3142349533736706,0.10090198926627636,npu:5
clip_b32,organsmnist,medical,0,flowers102,0.8065360148747761,0.021168804651936306,0.8088235855|0.8039216399|0.8039216399|0.7794117928|0.8186274767|0.7794118524|0.8137255907|0.7941177487|0.8480392694|0.7843137980|0.8088235855|0.8529412746|0.7843137980|0.8088235855|0.8088235855,0.8029412270|0.8039216518|0.8127451658,0.004408739417549888,3060,1020,repeated_stratified_5_fold,5,3,20260905|20260906|20260907,0.8281999826431274,500,600,256,128,0.01,1.3142349533736706,0.10183321312069893,npu:5
clip_b32,organsmnist,medical,0,food101,0.683533356865247,0.00783919780754007,0.6930693388|0.6811881065|0.6851485372|0.6851485968|0.6812500358|0.6891089678|0.6811881065|0.6801980734|0.6831682920|0.6843750477|0.6603960991|0.6940593719|0.6881188154|0.6900990009|0.6760417223,0.6852000319|0.6836000240|0.6818000147,0.0013888514488860403,15000,5000,repeated_stratified_5_fold,5,3,20260905|20260906|20260907,0.7271999716758728,500,600,256,128,0.01,1.3142349533736706,0.12136035598814487,npu:5
clip_b32,organsmnist,medical,0,gtsrb,0.8051333384315172,0.014138648199199733,0.7974435091|0.8079602122|0.8021978140|0.8269617558|0.7945066690|0.8190757036|0.7900497913|0.7892107964|0.8259557486|0.8118005991|0.8269419670|0.7940298319|0.7812187672|0.8068410158|0.8026449680,0.8058000229|0.8072000082|0.8023999841,0.0020155080283912542,15000,5000,repeated_stratified_5_fold,5,3,20260905|20260906|20260907,0.7297999858856201,500,600,256,128,0.01,1.3142349533736706,0.13029933534562588,npu:5
clip_b32,organsmnist,medical,0,oxford_pets,0.8342391397210136,0.009946205867172826,0.8294992447|0.8301630616|0.8464674354|0.8326531053|0.8419618607|0.8146142960|0.8355978727|0.8274456859|0.8380953074|0.8297002316|0.8308523893|0.8600543737|0.8288043737|0.8285714984|0.8392370939,0.8361413113|0.8290760991|0.8375000087,0.0036927185979313084,11040,3680,repeated_stratified_5_fold,5,3,20260905|20260906|20260907,0.7808666825294495,500,600,256,128,0.01,1.3142349533736706,0.11980004049837589,npu:5
clip_b32,organsmnist,medical,1,beans,0.8713733194759782,0.024536126084120136,0.8653846979|0.8309178352|0.9178743958|0.8495146036|0.8786407709|0.8509616256|0.9033816457|0.8550724387|0.8398058414|0.9126213193|0.8701923490|0.8792270422|0.8647342920|0.8834952116|0.8689320087,0.8684719692|0.8723404339|0.8733075553,0.0020892113321047093,3102,1034,repeated_stratified_5_fold,5,3,20260905|20260906|20260907,0.875,500,600,256,128,0.01,1.3229890037328005,0.09743337705731392,npu:5
clip_b32,organsmnist,medical,1,dtd,0.6613475561141967,0.010065081195610063,0.6609042883|0.6542553902|0.6569149494|0.6595745087|0.6728723645|0.6702127457|0.6702128053|0.6768617630|0.6436170340|0.6542553902|0.6582447290|0.6422872543|0.6648936868|0.6609042883|0.6742021441,0.6609043002|0.6630319476|0.6601064205,0.0012347831233620187,11280,3760,repeated_stratified_5_fold,5,3,20260905|20260906|20260907,0.6686170101165771,500,600,256,128,0.01,1.3229890037328005,0.10314608551561832,npu:5
clip_b32,organsmnist,medical,1,eurosat,0.8934666558623313,0.009742824168589402,0.8747514486|0.8972055912|0.9069069028|0.9077231288|0.8895581961|0.9025844336|0.8892216086|0.8878879547|0.8876630068|0.8945782781|0.8886679411|0.8932135701|0.8868868947|0.8836508989|0.9116466045,0.8951999757|0.8924000083|0.8927999836,0.0012364716471795353,15000,5000,repeated_stratified_5_fold,5,3,20260905|20260906|20260907,0.9096295833587646,500,600,256,128,0.01,1.3229890037328005,0.10102790780365467,npu:5
clip_b32,organsmnist,medical,1,flowers102,0.817647119363149,0.027157634782446365,0.8382353783|0.8333333731|0.8088235855|0.7990196943|0.8088235855|0.8431373239|0.8382353783|0.7843137980|0.8529412746|0.7647058964|0.8333333731|0.8529412150|0.7892157435|0.7843137980|0.8333333731,0.8176471233|0.8166667342|0.8186275005,0.0008004794962907148,3060,1020,repeated_stratified_5_fold,5,3,20260905|20260906|20260907,0.8261999487876892,500,600,256,128,0.01,1.3229890037328005,0.11587387695908546,npu:5
clip_b32,organsmnist,medical,1,food101,0.6787333602507909,0.011749328127399521,0.6920792460|0.6811881661|0.6792079806|0.6752475500|0.6708333492|0.6782178283|0.6821782589|0.6900990009|0.6623762250|0.6833333969|0.6495049596|0.6821782589|0.6742574573|0.7009900808|0.6791667342,0.6798000375|0.6792000175|0.6772000258,0.0011115580434808458,15000,5000,repeated_stratified_5_fold,5,3,20260905|20260906|20260907,0.7260000109672546,500,600,256,128,0.01,1.3229890037328005,0.1133909672498703,npu:5
clip_b32,organsmnist,medical,1,gtsrb,0.8030666732827823,0.012986338491312794,0.8112094402|0.8019900918|0.8021978140|0.8289738894|0.7833163738|0.8102262020|0.7860696316|0.7942057848|0.8229376078|0.7995930910|0.8180924654|0.7960199118|0.7862137556|0.8048289418|0.7995930910,0.8056000193|0.8026000017|0.8009999989,0.0019067220640683893,15000,5000,repeated_stratified_5_fold,5,3,20260905|20260906|20260907,0.73580002784729,500,600,256,128,0.01,1.3229890037328005,0.13168504647910595,npu:5
clip_b32,organsmnist,medical,1,oxford_pets,0.8306159486751193,0.0152442669266235,0.8362651467|0.8084239364|0.8233696222|0.8448979855|0.8324250579|0.8159674406|0.8532609344|0.8043478727|0.8448979855|0.8256130815|0.8186737895|0.8451087475|0.8478261232|0.8149660230|0.8433242440,0.8290760909|0.8288043592|0.8339673960,0.002372426172304232,11040,3680,repeated_stratified_5_fold,5,3,20260905|20260906|20260907,0.7792313694953918,500,600,256,128,0.01,1.3229890037328005,0.12382895313203335,npu:5
clip_b32,organsmnist,medical,2,beans,0.8813668817262507,0.023849813701927392,0.8798077106|0.8647342920|0.8743961453|0.9126213789|0.9029126167|0.9038462043|0.8550724983|0.8647342920|0.8689320087|0.9174757600|0.8605769873|0.8743961453|0.9275362492|0.8543689847|0.8592233658,0.8868472026|0.8820116213|0.8752418213,0.004759760882759755,3102,1034,repeated_stratified_5_fold,5,3,20260905|20260906|20260907,0.90625,500,600,256,128,0.01,1.3026396557688713,0.12686169147491455,npu:5
clip_b32,organsmnist,medical,2,dtd,0.6593971848487854,0.013145106067185526,0.6715425849|0.6715425849|0.6382979155|0.6462765932|0.6768617034|0.6728723645|0.6609042883|0.6675531864|0.6529255509|0.6462765932|0.6595745087|0.6382979155|0.6781915426|0.6489361525|0.6609042883,0.6609042764|0.6601063967|0.6571808815,0.0016006568238998663,11280,3760,repeated_stratified_5_fold,5,3,20260905|20260906|20260907,0.6601063013076782,500,600,256,128,0.01,1.3026396557688713,0.10668648406863213,npu:5
clip_b32,organsmnist,medical,2,eurosat,0.8940666621526083,0.008674411593401477,0.8827037811|0.8932135105|0.9059059620|0.9087262154|0.8835340738|0.8986083269|0.8932135701|0.9029029012|0.8886660337|0.8935742378|0.8817096949|0.8912175894|0.8988989592|0.8836509585|0.9046184421,0.8947999943|0.8953999898|0.8920000023,0.0014817356257936529,15000,5000,repeated_stratified_5_fold,5,3,20260905|20260906|20260907,0.9103703498840332,500,600,256,128,0.01,1.3026396557688713,0.10343111306428909,npu:5
clip_b32,organsmnist,medical,2,flowers102,0.8019608497619629,0.027427628568517128,0.8235294819|0.7794117928|0.8431373239|0.7892157435|0.7843137980|0.7745099068|0.8088235855|0.7843137980|0.8333333731|0.7745098472|0.8039216399|0.8578432202|0.8235294819|0.7843137980|0.7647059560,0.8039216280|0.7950981021|0.8068628192,0.0049990419476832445,3060,1020,repeated_stratified_5_fold,5,3,20260905|20260906|20260907,0.8148000240325928,500,600,256,128,0.01,1.3026396557688713,0.10233567282557487,npu:5
clip_b32,organsmnist,medical,2,food101,0.6841333700021108,0.01084767428881527,0.6940594316|0.6762377024|0.6821782589|0.6851485372|0.6708333492|0.6742574573|0.6930693388|0.7000000477|0.6762376428|0.6864583492|0.6643564701|0.6742574573|0.6881188750|0.7009900808|0.6958334446,0.6818000369|0.6860000293|0.6846000438,0.0017461046904857272,15000,5000,repeated_stratified_5_fold,5,3,20260905|20260906|20260907,0.7299999594688416,500,600,256,128,0.01,1.3026396557688713,0.11942026764154434,npu:5
clip_b32,organsmnist,medical,2,gtsrb,0.8010000165025394,0.009577833869778231,0.7974435091|0.7830846310|0.8051947951|0.8199195266|0.7995930910|0.8121926785|0.7980099916|0.7982017994|0.8108652234|0.7995930910|0.8072763681|0.7870646715|0.7932068110|0.7937625647|0.8097660542,0.8010000221|0.8038000075|0.7982000199,0.0022861853457675275,15000,5000,repeated_stratified_5_fold,5,3,20260905|20260906|20260907,0.736799955368042,500,600,256,128,0.01,1.3026396557688713,0.12698699533939362,npu:5
clip_b32,organsmnist,medical,2,oxford_pets,0.8305253732139649,0.010176798738811731,0.8254396915|0.8165761232|0.8355978131|0.8394558430|0.8365123272|0.8294992447|0.8451087475|0.8138587475|0.8326531053|0.8283378482|0.8267928958|0.8233696222|0.8274456859|0.8231292963|0.8542234302,0.8307065331|0.8298913128|0.8309782737,0.0004618695370972289,11040,3680,repeated_stratified_5_fold,5,3,20260905|20260906|20260907,0.7950394749641418,500,600,256,128,0.01,1.3026396557688713,0.12034241296350956,npu:5
clip_b32,organsmnist,medical,3,beans,0.882656362039823,0.022334018719238576,0.8701924086|0.8599033356|0.8695651889|0.8883495331|0.9077669978|0.8894231319|0.8695652485|0.8985507488|0.8980582356|0.9417475462|0.8750000000|0.8502415419|0.8888888955|0.8737864494|0.8592233062,0.8791102620|0.8994197427|0.8694390814,0.012493761955351238,3102,1034,repeated_stratified_5_fold,5,3,20260905|20260906|20260907,0.890625,500,600,256,128,0.01,1.2881772257387638,0.1182197742164135,npu:5
clip_b32,organsmnist,medical,3,dtd,0.6490248560905457,0.011728965861335292,0.6436170340|0.6409574747|0.6555851698|0.6449468136|0.6662234068|0.6662234664|0.6502659917|0.6462766528|0.6329787970|0.6422872543|0.6595745087|0.6250000000|0.6595745087|0.6409574747|0.6609042883,0.6502659798|0.6476064324|0.6492021561,0.0010929697952337487,11280,3760,repeated_stratified_5_fold,5,3,20260905|20260906|20260907,0.6606382727622986,500,600,256,128,0.01,1.2881772257387638,0.12435838580131531,npu:5
clip_b32,organsmnist,medical,3,eurosat,0.8964666368921598,0.007549769525454721,0.8896619678|0.8982036114|0.9079079628|0.9067201614|0.8795180321|0.8956261277|0.9031935930|0.8858858347|0.8996990919|0.9006023407|0.8986082673|0.8962075710|0.8918918967|0.8906719685|0.9026104212,0.8963999948|0.8969999479|0.8959999680,0.00041095079607314137,15000,5000,repeated_stratified_5_fold,5,3,20260905|20260906|20260907,0.8970370292663574,500,600,256,128,0.01,1.2881772257387638,0.1281255278736353,npu:5
clip_b32,organsmnist,medical,3,flowers102,0.8140523672103881,0.031892476632202994,0.8823530078|0.7745099068|0.8235294819|0.7892157435|0.7990196943|0.7794118524|0.8284314871|0.7941176891|0.8529412746|0.8039216399|0.8431373239|0.8186275363|0.8431373239|0.8186275363|0.7598040104,0.8137255669|0.8117647886|0.8166667461,0.002014513293067054,3060,1020,repeated_stratified_5_fold,5,3,20260905|20260906|20260907,0.8235999941825867,500,600,256,128,0.01,1.2881772257387638,0.10069364495575428,npu:5
clip_b32,organsmnist,medical,3,food101,0.67953335861365,0.010936943230444456,0.6732673645|0.6722772717|0.6920792460|0.6871287227|0.6791667342|0.6762376428|0.6940593719|0.6811881661|0.6712871194|0.6770833731|0.6564357281|0.6950495243|0.6653465033|0.6940594316|0.6781250238,0.6808000392|0.6800000123|0.6778000244,0.0012684232745711352,15000,5000,repeated_stratified_5_fold,5,3,20260905|20260906|20260907,0.7347999811172485,500,600,256,128,0.01,1.2881772257387638,0.12531520053744316,npu:5
clip_b32,organsmnist,medical,3,gtsrb,0.802200005865097,0.011389919627436285,0.7954769135|0.7960199118|0.8001998067|0.8279677629|0.7934893370|0.8003933430|0.7980099916|0.7962037921|0.8138833046|0.8026449680|0.8239921331|0.7830845714|0.7972028255|0.7967806458|0.8077314496,0.8026000027|0.8022000151|0.8017999998,0.0003265998150445826,15000,5000,repeated_stratified_5_fold,5,3,20260905|20260906|20260907,0.7323999404907227,500,600,256,128,0.01,1.2881772257387638,0.13325008377432823,npu:5
clip_b32,organsmnist,medical,3,oxford_pets,0.8281703061923601,0.01272026127247454,0.8416779041|0.8165761232|0.8301631212|0.8462585211|0.8228882551|0.8349120021|0.8288043737|0.8328804970|0.8095238805|0.8174387217|0.8132610917|0.8301630616|0.8519022465|0.8367347121|0.8092643023,0.8315217520|0.8247282903|0.8282608763,0.002774158455214817,11040,3680,repeated_stratified_5_fold,5,3,20260905|20260906|20260907,0.7909511923789978,500,600,256,128,0.01,1.2881772257387638,0.11933865025639534,npu:5
clip_b32,organsmnist,medical,4,beans,0.8862024665762731,0.01946822205736535,0.9134616256|0.8454106450|0.8792270422|0.9029126167|0.9029126167|0.8653846979|0.8743961453|0.8792270422|0.8932038546|0.8980582356|0.8798077703|0.8743961453|0.9227052927|0.8689320683|0.8932039142,0.8887814482|0.8820116127|0.8878143388,0.002989567092817445,3102,1034,repeated_stratified_5_fold,5,3,20260905|20260906|20260907,0.8671875,500,600,256,128,0.01,1.238629937171936,0.12696553580462933,npu:5
clip_b32,organsmnist,medical,4,dtd,0.6546099702517192,0.015396964431610656,0.6489362121|0.6662234068|0.6555851102|0.6462766528|0.6635638475|0.6675532460|0.6542553902|0.6356383562|0.6289894581|0.6609042883|0.6662234664|0.6250000000|0.6848404408|0.6515958309|0.6635638475,0.6561170459|0.6494681478|0.6582447171,0.003738136806095639,11280,3760,repeated_stratified_5_fold,5,3,20260905|20260906|20260907,0.6744680404663086,500,600,256,128,0.01,1.238629937171936,0.13540569506585598,npu:5
clip_b32,organsmnist,medical,4,eurosat,0.8955333283185959,0.007843133554867729,0.8807156682|0.8982036114|0.9079079628|0.9057171345|0.8845381141|0.9065605998|0.8972055912|0.8838838339|0.8946840763|0.8985943794|0.8956261873|0.8932136297|0.8998999596|0.8906719685|0.8955823183,0.8953999961|0.8961999884|0.8950000005,0.0004988826325543014,15000,5000,repeated_stratified_5_fold,5,3,20260905|20260906|20260907,0.8996295928955078,500,600,256,128,0.01,1.238629937171936,0.14519872330129147,npu:5
clip_b32,organsmnist,medical,4,flowers102,0.7996732632319133,0.028066551447906086,0.8480392694|0.7941176891|0.7990196943|0.7549020648|0.7941176891|0.7549020052|0.8137255311|0.8235294819|0.8137255311|0.7500000596|0.8088235855|0.8088235855|0.7794117928|0.8235294819|0.8284314871,0.7980392814|0.7911765218|0.8098039865,0.007691901953756508,3060,1020,repeated_stratified_5_fold,5,3,20260905|20260906|20260907,0.8175999522209167,500,600,256,128,0.01,1.238629937171936,0.1568867638707161,npu:5
clip_b32,organsmnist,medical,4,food101,0.6808666974703471,0.008288610592114568,0.6792079210|0.6772277355|0.6693069935|0.6811881065|0.6812500954|0.6702970266|0.6891089082|0.6821782589|0.6712871790|0.6864584088|0.6693069339|0.6940594316|0.6831683517|0.6970297098|0.6822917461,0.6776000311|0.6798000318|0.6852000295,0.0031930471880815803,15000,5000,repeated_stratified_5_fold,5,3,20260905|20260906|20260907,0.7339999675750732,500,600,256,128,0.01,1.238629937171936,0.13928482495248318,npu:5
clip_b32,organsmnist,medical,4,gtsrb,0.8098000016609826,0.012144521685795164,0.8053097725|0.8039801121|0.8141857982|0.8289738297|0.7975585461|0.8289085627|0.7930347919|0.7922077775|0.8299798965|0.8067141771|0.8190757036|0.8009949923|0.8061938286|0.8038228750|0.8158698082,0.8100000146|0.8102000025|0.8091999879,0.00043205801611256807,15000,5000,repeated_stratified_5_fold,5,3,20260905|20260906|20260907,0.7393999695777893,500,600,256,128,0.01,1.238629937171936,0.12733210623264313,npu:5
clip_b32,organsmnist,medical,4,oxford_pets,0.8402173939930356,0.008148757566841257,0.8362651467|0.8559782505|0.8342391849|0.8380953074|0.8378746510|0.8281461000|0.8423913717|0.8288043737|0.8408163786|0.8365122080|0.8430310488|0.8383152485|0.8586956263|0.8380952477|0.8460490704,0.8404891360|0.8353260966|0.8448369493,0.003887541017357575,11040,3680,repeated_stratified_5_fold,5,3,20260905|20260906|20260907,0.7985826730728149,500,600,256,128,0.01,1.238629937171936,0.12366084195673466,npu:5
clip_b32,pathmnist,medical,0,beans,0.8949065251668603,0.014431394913620494,0.8942308426|0.8743961453|0.9178743958|0.9077669382|0.8932038546|0.8894231319|0.9033816457|0.8840579987|0.9174757004|0.8932038546|0.8653846979|0.8888888955|0.9033816457|0.8834952116|0.9077669978,0.8974854938|0.8974854992|0.8897485825,0.00364721621805647,3102,1034,repeated_stratified_5_fold,5,3,20260905|20260906|20260907,0.8984375,500,600,256,128,0.01,1.320352865383029,0.13725654780864716,npu:5
clip_b32,pathmnist,medical,0,dtd,0.6617908199628194,0.015337142981968588,0.6675532460|0.6609042883|0.6569149494|0.6542553902|0.6742022038|0.6662234664|0.6808511019|0.6635638475|0.6396276951|0.6728723645|0.6688830256|0.6210106611|0.6768617630|0.6489361525|0.6742021441,0.6627660155|0.6646276951|0.6579787493,0.0028006397942785042,11280,3760,repeated_stratified_5_fold,5,3,20260905|20260906|20260907,0.6632978916168213,500,600,256,128,0.01,1.320352865383029,0.13075251504778862,npu:5
clip_b32,pathmnist,medical,0,eurosat,0.9043999921838443,0.011273432379061268,0.8926441073|0.8982036114|0.9209209681|0.9277833700|0.8845381737|0.9174950123|0.9021955729|0.9009009600|0.8986960649|0.9036144018|0.9105367661|0.8892215490|0.9089089036|0.9037110806|0.9066264629,0.9048000157|0.9045999853|0.9037999756,0.0004320632622574402,15000,5000,repeated_stratified_5_fold,5,3,20260905|20260906|20260907,0.9044444561004639,500,600,256,128,0.01,1.320352865383029,0.13247147388756275,npu:5
clip_b32,pathmnist,medical,0,flowers102,0.8075164238611858,0.026936509816467988,0.8382353783|0.8431373239|0.7941177487|0.7843137980|0.7990196943|0.8039216399|0.8088235855|0.7843137980|0.8382353783|0.7892158031|0.8431373239|0.8137255907|0.7941177487|0.8333334327|0.7450981140,0.8117647886|0.8049020410|0.8058824420,0.0030305938846940292,3060,1020,repeated_stratified_5_fold,5,3,20260905|20260906|20260907,0.8159999847412109,500,600,256,128,0.01,1.320352865383029,0.14172825403511524,npu:5
clip_b32,pathmnist,medical,0,food101,0.6778000194231669,0.014766506636980502,0.7000000477|0.6722772121|0.6772277355|0.6851485372|0.6572917700|0.6663366556|0.6851485372|0.6742574573|0.6811881065|0.6864583492|0.6415841579|0.6891089082|0.6683168411|0.6851484776|0.6979167461,0.6786000334|0.6786000159|0.6762000090,0.0011313782284293806,15000,5000,repeated_stratified_5_fold,5,3,20260905|20260906|20260907,0.7411999702453613,500,600,256,128,0.01,1.320352865383029,0.17426117323338985,npu:5
clip_b32,pathmnist,medical,0,gtsrb,0.8104666686018308,0.009300103447409858,0.8043264151|0.8039801121|0.8141857386|0.8179074526|0.8067141771|0.8239921331|0.8000000119|0.8171828389|0.8269617558|0.7914547920|0.8190757036|0.8059701920|0.8131868243|0.8028168678|0.8087487221,0.8093999890|0.8120000158|0.8100000010,0.0011115660980679895,15000,5000,repeated_stratified_5_fold,5,3,20260905|20260906|20260907,0.7423999309539795,500,600,256,128,0.01,1.320352865383029,0.1251608170568943,npu:5
clip_b32,pathmnist,medical,0,oxford_pets,0.8231884167786094,0.009889616886132211,0.8200269938|0.8247283101|0.8383152485|0.8204082251|0.8283378482|0.8105547428|0.8165761232|0.8274456859|0.8312925696|0.8228883147|0.8064951897|0.8179348111|0.8464674354|0.8163265586|0.8201634884,0.8263587048|0.8217391489|0.8214673966,0.0022444756951698927,11040,3680,repeated_stratified_5_fold,5,3,20260905|20260906|20260907,0.7865903377532959,500,600,256,128,0.01,1.320352865383029,0.1385700535029173,npu:5
clip_b32,pathmnist,medical,1,beans,0.8762089116660953,0.015989366613840903,0.8798077106|0.8647342920|0.9082125425|0.8834951520|0.8786407709|0.8701923490|0.8599033356|0.8550724983|0.8932039142|0.8883495331|0.8653846979|0.8454105854|0.8840579987|0.8737864494|0.8932039142,0.8829787221|0.8733075593|0.8723404535,0.004803233198657885,3102,1034,repeated_stratified_5_fold,5,3,20260905|20260906|20260907,0.9140625,500,600,256,128,0.01,1.2688999194651842,0.16352437622845173,npu:5
clip_b32,pathmnist,medical,1,dtd,0.6676418900489808,0.011708837621745441,0.6808511019|0.6595745087|0.6728724241|0.6582447290|0.6702127457|0.6622341275|0.6755319834|0.6861702204|0.6555851698|0.6569149494|0.6808511019|0.6489362121|0.6808511019|0.6515957713|0.6742022038,0.6683511019|0.6672872901|0.6672872782,0.0005014884917153486,11280,3760,repeated_stratified_5_fold,5,3,20260905|20260906|20260907,0.6702127456665039,500,600,256,128,0.01,1.2688999194651842,0.15907134115695953,npu:5
clip_b32,pathmnist,medical,1,eurosat,0.9004666550676027,0.007683546620578273,0.8946321011|0.8992016315|0.9039039016|0.9147442579|0.8855421543|0.9085485935|0.9081836343|0.8948949575|0.8916749954|0.9046184421|0.9075546265|0.8932135701|0.8948949575|0.8996990919|0.9056224823,0.8995999874|0.9015999776|0.9002000002,0.0008379812237678564,15000,5000,repeated_stratified_5_fold,5,3,20260905|20260906|20260907,0.9003703594207764,500,600,256,128,0.01,1.2688999194651842,0.18371434323489666,npu:5
clip_b32,pathmnist,medical,1,flowers102,0.8078432122866311,0.02698009174759394,0.8284314871|0.8529412746|0.7892157435|0.7892157435|0.7598040104|0.7941177487|0.8529412150|0.8137255907|0.8137255907|0.7745098472|0.8186275363|0.8186274767|0.7843137980|0.7892157435|0.8382353783,0.8039216518|0.8098039985|0.8098039865,0.002772961984501741,3060,1020,repeated_stratified_5_fold,5,3,20260905|20260906|20260907,0.8301999568939209,500,600,256,128,0.01,1.2688999194651842,0.1624876819550991,npu:5
clip_b32,pathmnist,medical,1,food101,0.6774666935205459,0.011118567229119292,0.6910891533|0.6594059467|0.6792079210|0.6792079210|0.6739583611|0.6653465629|0.6940594316|0.6841584444|0.6792079210|0.6760417223|0.6534653902|0.6920792460|0.6732673645|0.6841584444|0.6770833731,0.6766000156|0.6798000274|0.6760000376,0.0016679985148396503,15000,5000,repeated_stratified_5_fold,5,3,20260905|20260906|20260907,0.7378000020980835,500,600,256,128,0.01,1.2688999194651842,0.15338574163615704,npu:5
clip_b32,pathmnist,medical,1,gtsrb,0.8020666727503141,0.011273787861550671,0.8033431768|0.7850746512|0.8131867647|0.8219316006|0.7934893370|0.8072763085|0.8000000119|0.8041958213|0.8158953190|0.7822991014|0.8072763681|0.7850745916|0.8111888170|0.7997987866|0.8006104231,0.8034000032|0.8019999997|0.8008000153,0.0010624870853223889,15000,5000,repeated_stratified_5_fold,5,3,20260905|20260906|20260907,0.741599977016449,500,600,256,128,0.01,1.2688999194651842,0.1390260849148035,npu:5
clip_b32,pathmnist,medical,1,oxford_pets,0.8282608808490677,0.0076202459096380085,0.8254396915|0.8206521869|0.8260869980|0.8231292963|0.8297002912|0.8254396915|0.8260869980|0.8396739960|0.8435374498|0.8283379078|0.8186737895|0.8274456859|0.8301631212|0.8176870942|0.8419618607,0.8250000051|0.8326087156|0.8271739219,0.0031999196954597513,11040,3680,repeated_stratified_5_fold,5,3,20260905|20260906|20260907,0.7964022755622864,500,600,256,128,0.01,1.2688999194651842,0.1263848915696144,npu:5
clip_b32,pathmnist,medical,2,beans,0.8745970474682186,0.015875034377329178,0.8701923490|0.8695652485|0.8937197924|0.8786407709|0.8980582952|0.8798077703|0.8454105854|0.8599033356|0.8883495331|0.8932039142|0.8557693362|0.8743960857|0.8743960857|0.8495146036|0.8883495331,0.8820116244|0.8733075512|0.8684719667,0.005602242596089691,3102,1034,repeated_stratified_5_fold,5,3,20260905|20260906|20260907,0.875,500,600,256,128,0.01,1.2696712352335453,0.11935064755380154,npu:5
clip_b32,pathmnist,medical,2,dtd,0.6625886877377828,0.01441631657300072,0.6755319834|0.6675531864|0.6609042883|0.6382979155|0.6702128053|0.6635638475|0.6768617034|0.6715426445|0.6529256105|0.6542553306|0.6875000000|0.6289893985|0.6688830256|0.6569149494|0.6648936272,0.6625000358|0.6638298273|0.6614362001,0.000979202782148693,11280,3760,repeated_stratified_5_fold,5,3,20260905|20260906|20260907,0.659042477607727,500,600,256,128,0.01,1.2696712352335453,0.16647031717002392,npu:5
clip_b32,pathmnist,medical,2,eurosat,0.8979999865253766,0.008167025391368874,0.8757454753|0.8972055912|0.9099099636|0.9097291827|0.8925702572|0.8966202140|0.8972055912|0.9029029012|0.8956871033|0.9036144018|0.8936380744|0.8922156096|0.9069069028|0.8976930380|0.8985943794,0.8969999951|0.8991999844|0.8977999801,0.0009092085171618998,15000,5000,repeated_stratified_5_fold,5,3,20260905|20260906|20260907,0.9018518924713135,500,600,256,128,0.01,1.2696712352335453,0.1634923554956913,npu:5
clip_b32,pathmnist,medical,2,flowers102,0.8022876501083375,0.025292511271956784,0.8137255311|0.8137255907|0.8284314871|0.7990196943|0.7696079016|0.7892158031|0.8333333731|0.7843137980|0.8333333731|0.7450981140|0.8235294819|0.7794117928|0.8137255311|0.8235294819|0.7843137980,0.8049020410|0.7970588923|0.8049020171,0.0036972901387825065,3060,1020,repeated_stratified_5_fold,5,3,20260905|20260906|20260907,0.8171999454498291,500,600,256,128,0.01,1.2696712352335453,0.16670717671513557,npu:5
clip_b32,pathmnist,medical,2,food101,0.681466688076655,0.011318044852119865,0.6821782589|0.6970297098|0.6683168411|0.6782178283|0.6739583611|0.6742573977|0.6821782589|0.6841584444|0.6742574573|0.6937500834|0.6564356089|0.6970297098|0.6772277355|0.6980198622|0.6854166985,0.6800000182|0.6816000308|0.6828000152,0.0011469760149451231,15000,5000,repeated_stratified_5_fold,5,3,20260905|20260906|20260907,0.7369999885559082,500,600,256,128,0.01,1.2696712352335453,0.17489272356033325,npu:5
clip_b32,pathmnist,medical,2,gtsrb,0.8076000146985054,0.012622317570623653,0.7974435091|0.7990050316|0.8091908097|0.8289738894|0.7955239415|0.8269419670|0.8019900322|0.8041958213|0.8229376078|0.7843337059|0.8239921331|0.8009950519|0.8021978140|0.8018108606|0.8138352036,0.8060000373|0.8081999990|0.8086000078,0.0011430799005933982,15000,5000,repeated_stratified_5_fold,5,3,20260905|20260906|20260907,0.7273999452590942,500,600,256,128,0.01,1.2696712352335453,0.1653590425848961,npu:5
clip_b32,pathmnist,medical,2,oxford_pets,0.8278079734656257,0.01072828180974273,0.8159674406|0.8084239364|0.8355978727|0.8367347717|0.8419618607|0.8294992447|0.8288043737|0.8274456859|0.8435374498|0.8228882551|0.8267928362|0.8274456859|0.8410326242|0.8231292963|0.8079019189,0.8277174057|0.8304347800|0.8252717346,0.0021087771171291545,11040,3680,repeated_stratified_5_fold,5,3,20260905|20260906|20260907,0.7827745676040649,500,600,256,128,0.01,1.2696712352335453,0.1502255517989397,npu:5
clip_b32,pathmnist,medical,3,beans,0.8597679015784631,0.01624213541815163,0.8653846979|0.8550724983|0.8647342920|0.8446601629|0.8640776873|0.8269231319|0.8357487917|0.8792270422|0.8786407709|0.8786407709|0.8750000000|0.8695652485|0.8405796885|0.8495146036|0.8689320087,0.8588007929|0.8597678981|0.8607350136,0.0007896422945412108,3102,1034,repeated_stratified_5_fold,5,3,20260905|20260906|20260907,0.890625,500,600,256,128,0.01,1.2353424597531557,0.1082921102643013,npu:5
clip_b32,pathmnist,medical,3,dtd,0.6498227318127949,0.014153889342954225,0.6436170340|0.6489362121|0.6582447290|0.6316489577|0.6489362121|0.6555851698|0.6622340679|0.6529256105|0.6303192377|0.6436170340|0.6768617630|0.6196808815|0.6662234068|0.6542553306|0.6542553306,0.6462766290|0.6489362240|0.6542553425,0.0033170659149837018,11280,3760,repeated_stratified_5_fold,5,3,20260905|20260906|20260907,0.65265953540802,500,600,256,128,0.01,1.2353424597531557,0.16201419197022915,npu:5
clip_b32,pathmnist,medical,3,eurosat,0.8967999736984571,0.012158738530711375,0.8727633953|0.8942115903|0.9179179668|0.9147441983|0.8885541558|0.8996022940|0.9031935930|0.8788788319|0.9057171345|0.8955822587|0.9005963802|0.8832335472|0.9039039016|0.8896690011|0.9036144018,0.8975999886|0.8965999507|0.8961999818,0.0005887906637689121,15000,5000,repeated_stratified_5_fold,5,3,20260905|20260906|20260907,0.9048148393630981,500,600,256,128,0.01,1.2353424597531557,0.16971541568636894,npu:5
clip_b32,pathmnist,medical,3,flowers102,0.790196160475413,0.02802847245445218,0.8088235855|0.8039216399|0.7794118524|0.7549020648|0.7745098472|0.7892158031|0.8529412746|0.7647059560|0.7892158031|0.7450981140|0.8284314275|0.8137255907|0.7892157435|0.7990196943|0.7598040104,0.7843137980|0.7882353902|0.7980392933,0.005772392379037556,3060,1020,repeated_stratified_5_fold,5,3,20260905|20260906|20260907,0.8255999684333801,500,600,256,128,0.01,1.2353424597531557,0.1802765130996704,npu:5
clip_b32,pathmnist,medical,3,food101,0.6788000293970108,0.011118228520446817,0.6841584444|0.6831683517|0.6653466225|0.7029703259|0.6760417223|0.6792079210|0.6702970266|0.6712871790|0.6782178879|0.6802083850|0.6534653306|0.6811881065|0.6772277355|0.6881188154|0.6916667223,0.6824000471|0.6758000329|0.6782000083,0.0027276443932508026,15000,5000,repeated_stratified_5_fold,5,3,20260905|20260906|20260907,0.7345999479293823,500,600,256,128,0.01,1.2353424597531557,0.16777006164193153,npu:5
clip_b32,pathmnist,medical,3,gtsrb,0.8100666802128155,0.01303994625478992,0.8102262020|0.8069651723|0.8111888170|0.8279677629|0.8056968451|0.8180924654|0.8000000119|0.8081917763|0.8269617558|0.7822991610|0.8318584561|0.7890547514|0.8051948547|0.8108651638|0.8158698082,0.8124000013|0.8072000156|0.8106000238,0.002156123752327388,15000,5000,repeated_stratified_5_fold,5,3,20260905|20260906|20260907,0.736799955368042,500,600,256,128,0.01,1.2353424597531557,0.17208361625671387,npu:5
clip_b32,pathmnist,medical,3,oxford_pets,0.8264492854044057,0.011878600654108618,0.8362651467|0.8152174354|0.8097826242|0.8408163786|0.8433242440|0.8254396915|0.8084239960|0.8274456859|0.8244898319|0.8228882551|0.8227334023|0.8220109344|0.8505434990|0.8149660230|0.8324250579,0.8290760926|0.8217391368|0.8285326268,0.0033379597888734446,11040,3680,repeated_stratified_5_fold,5,3,20260905|20260906|20260907,0.7991278171539307,500,600,256,128,0.01,1.2353424597531557,0.16393514908850193,npu:5
clip_b32,pathmnist,medical,4,beans,0.8839458621063208,0.021005676388970784,0.8990385532|0.8454105854|0.9130434990|0.8932038546|0.8932038546|0.8605769873|0.8695652485|0.8840579987|0.8980582952|0.9077669978|0.8750001192|0.9082125425|0.8985507488|0.8543689251|0.8592233062,0.8887814339|0.8839458761|0.8791102764,0.0039482335234580805,3102,1034,repeated_stratified_5_fold,5,3,20260905|20260906|20260907,0.875,500,600,256,128,0.01,1.1872438471764326,0.10311413183808327,npu:5
clip_b32,pathmnist,medical,4,dtd,0.6647163430849711,0.015004553849795875,0.6742022038|0.6688829660|0.6688830256|0.6369680762|0.6702128053|0.6715426445|0.6742021441|0.6609042883|0.6502659917|0.6662234068|0.6648936272|0.6396276951|0.7021276951|0.6648936272|0.6569149494,0.6638298154|0.6646276951|0.6656915188,0.0007626177437536114,11280,3760,repeated_stratified_5_fold,5,3,20260905|20260906|20260907,0.6585106253623962,500,600,256,128,0.01,1.1872438471764326,0.11891376599669456,npu:5
clip_b32,pathmnist,medical,4,eurosat,0.8996666589975358,0.0063626788972760435,0.8856858611|0.9031935930|0.9019019604|0.9077231884|0.8965862989|0.9035784602|0.9051896334|0.9059059620|0.8906720281|0.8995983601|0.9025844336|0.8992015719|0.8998999000|0.8886660337|0.9046184421,0.8989999975|0.9009999956|0.8989999838,0.0009428113877730645,15000,5000,repeated_stratified_5_fold,5,3,20260905|20260906|20260907,0.902222216129303,500,600,256,128,0.01,1.1872438471764326,0.11934555880725384,npu:5
clip_b32,pathmnist,medical,4,flowers102,0.7983660817146302,0.03357593893670907,0.8382353783|0.8284314275|0.7990196943|0.7647059560|0.7892157435|0.7843137980|0.8578431606|0.7745098472|0.8137255311|0.7352942228|0.8088235855|0.8529412746|0.7843137980|0.7696079016|0.7745099068,0.8039216399|0.7931373119|0.7980392933,0.004408743246633133,3060,1020,repeated_stratified_5_fold,5,3,20260905|20260906|20260907,0.8179999589920044,500,600,256,128,0.01,1.1872438471764326,0.17323488742113113,npu:5
clip_b32,pathmnist,medical,4,food101,0.6774667064746221,0.012678844881842333,0.7009901404|0.6752475500|0.6693069935|0.6693069935|0.6864583492|0.6663366556|0.6821782589|0.6831682920|0.6603960991|0.6895834208|0.6544554830|0.6920792460|0.6732673645|0.6910891533|0.6687500477,0.6802000419|0.6762000365|0.6760000410,0.0019344838109237852,15000,5000,repeated_stratified_5_fold,5,3,20260905|20260906|20260907,0.7335999608039856,500,600,256,128,0.01,1.1872438471764326,0.17977466247975826,npu:5
clip_b32,pathmnist,medical,4,gtsrb,0.803933327015241,0.010152197004668661,0.8082596064|0.7950248718|0.7992007732|0.8108651638|0.7934893370|0.8082596064|0.8019900322|0.7932067513|0.8259557486|0.7955239415|0.8190757036|0.8009949923|0.7892107964|0.8028168678|0.8148524761,0.8013999962|0.8050000017|0.8053999831,0.0017987625554669753,15000,5000,repeated_stratified_5_fold,5,3,20260905|20260906|20260907,0.7355999946594238,500,600,256,128,0.01,1.1872438471764326,0.1687759831547737,npu:5
clip_b32,pathmnist,medical,4,oxford_pets,0.8253623188729735,0.01173965312478093,0.8092015982|0.8206521869|0.8179348111|0.8476190567|0.8310626745|0.8281461000|0.8355978727|0.8192934990|0.8312925100|0.8119890690|0.8119078875|0.8138586879|0.8478261232|0.8244898319|0.8297002912,0.8252717449|0.8252717362|0.8255434755,0.0001280971076117474,11040,3680,repeated_stratified_5_fold,5,3,20260905|20260906|20260907,0.7871354818344116,500,600,256,128,0.01,1.1872438471764326,0.17404413223266602,npu:5
clip_b32,pneumoniamnist,medical,0,beans,0.8726628112992804,0.0183986062273349,0.8798077703|0.8647342920|0.8792270422|0.8737864494|0.8689320683|0.8942308426|0.8164250851|0.8695652485|0.8932038546|0.8883495331|0.8701923490|0.8937197924|0.8647342920|0.8689320087|0.8640776873,0.8733075697|0.8723404373|0.8723404269,0.00045591303104160615,3102,1034,repeated_stratified_5_fold,5,3,20260905|20260906|20260907,0.875,500,600,256,128,0.01,1.246762227267027,0.09543310850858688,npu:5
clip_b32,pneumoniamnist,medical,0,dtd,0.653723434607188,0.01665014908302942,0.6662234068|0.6555851698|0.6356383562|0.6303191185|0.6675531864|0.6728724241|0.6715425849|0.6569149494|0.6156915426|0.6622340679|0.6462766528|0.6396276951|0.6648936272|0.6489362121|0.6715425253,0.6510638475|0.6558511138|0.6542553425,0.0019902552666040364,11280,3760,repeated_stratified_5_fold,5,3,20260905|20260906|20260907,0.6760637760162354,500,600,256,128,0.01,1.246762227267027,0.10019860416650772,npu:5
clip_b32,pneumoniamnist,medical,0,eurosat,0.899133330976963,0.0070223366204897756,0.8886679411|0.9031936526|0.9089089632|0.9107321501|0.8865461349|0.9025844336|0.9051896334|0.8978979588|0.8976930380|0.8985943794|0.8996024132|0.9021956325|0.8868868947|0.9017051458|0.8965862989,0.8995999894|0.9003999949|0.8974000087,0.0012684128842455672,15000,5000,repeated_stratified_5_fold,5,3,20260905|20260906|20260907,0.9007407426834106,500,600,256,128,0.01,1.246762227267027,0.12209158018231392,npu:5
clip_b32,pneumoniamnist,medical,0,flowers102,0.7761438608169556,0.02566971799340054,0.8137255907|0.7647059560|0.7941176891|0.7696079016|0.7401961088|0.7549020052|0.7892158031|0.7647059560|0.7941176891|0.7843137980|0.7745099068|0.8186274767|0.7401961684|0.8039216399|0.7352942228,0.7764706492|0.7774510503|0.7745098829,0.0012227590000135381,3060,1020,repeated_stratified_5_fold,5,3,20260905|20260906|20260907,0.8067999482154846,500,600,256,128,0.01,1.246762227267027,0.1603235863149166,npu:5
clip_b32,pneumoniamnist,medical,0,food101,0.6704666908184688,0.010998833011326557,0.6920792460|0.6653465033|0.6782178283|0.6643564701|0.6572917104|0.6594059467|0.6792079210|0.6693069935|0.6594059467|0.6697917581|0.6603960395|0.6792079210|0.6594059467|0.6910891533|0.6718750596,0.6716000180|0.6674000328|0.6724000217,0.002192912097451675,15000,5000,repeated_stratified_5_fold,5,3,20260905|20260906|20260907,0.7231999635696411,500,600,256,128,0.01,1.246762227267027,0.184186777099967,npu:5
clip_b32,pneumoniamnist,medical,0,gtsrb,0.8008000163992245,0.010408954559010931,0.7974435091|0.7960199118|0.8051947951|0.8158953786|0.7873855829|0.8161258698|0.7870646715|0.8011988401|0.8088531494|0.7863683105|0.8161258698|0.7940298319|0.7892107964|0.8028169274|0.8077314496,0.8004000169|0.8000000246|0.8020000077,0.0008640921304507983,15000,5000,repeated_stratified_5_fold,5,3,20260905|20260906|20260907,0.7319999933242798,500,600,256,128,0.01,1.246762227267027,0.17292678728699684,npu:5
clip_b32,pneumoniamnist,medical,0,oxford_pets,0.8225543640284002,0.011959624495398708,0.8186738491|0.8084239960|0.8220108747|0.8489796519|0.8378746510|0.8294992447|0.8220108747|0.8233696222|0.8272109628|0.8038147092|0.8227333426|0.8043478727|0.8355978727|0.8190476894|0.8147138953,0.8271739341|0.8211956635|0.8192934945,0.0033575667916988547,11040,3680,repeated_stratified_5_fold,5,3,20260905|20260906|20260907,0.7754156589508057,500,600,256,128,0.01,1.246762227267027,0.16550193168222904,npu:5
clip_b32,pneumoniamnist,medical,1,beans,0.8829787396408526,0.021402253333823354,0.9086539149|0.8647342920|0.9227052927|0.8834951520|0.8834950924|0.8990385532|0.8502415419|0.8888888359|0.8834951520|0.8883495331|0.8701924086|0.8840579987|0.9033816457|0.8786407709|0.8349515200,0.8926499020|0.8820116174|0.8742746995,0.007532751202018702,3102,1034,repeated_stratified_5_fold,5,3,20260905|20260906|20260907,0.8671875,500,600,256,128,0.01,1.4036032110452652,0.10337495617568493,npu:5
clip_b32,pneumoniamnist,medical,1,dtd,0.6599291046460469,0.018607321076640683,0.6755319834|0.6702127457|0.6489361525|0.6223404408|0.6622340679|0.6821808815|0.6569149494|0.6821808815|0.6289893985|0.6569148898|0.6728724241|0.6462765932|0.6875000596|0.6449468136|0.6609042883,0.6558510780|0.6614362001|0.6625000358,0.002916123265212098,11280,3760,repeated_stratified_5_fold,5,3,20260905|20260906|20260907,0.661170244216919,500,600,256,128,0.01,1.4036032110452652,0.12145597487688065,npu:5
clip_b32,pneumoniamnist,medical,1,eurosat,0.8929999777118365,0.009749080973754116,0.8717693090|0.8872255683|0.9109109640|0.9117351770|0.8925702572|0.8926440477|0.8942115903|0.8908908367|0.8876630068|0.8845380545|0.8996022940|0.9021955729|0.8908908963|0.8896690607|0.8885542154,0.8947999890|0.8899999583|0.8941999858,0.002135429450312832,15000,5000,repeated_stratified_5_fold,5,3,20260905|20260906|20260907,0.8907407522201538,500,600,256,128,0.01,1.4036032110452652,0.15394755452871323,npu:5
clip_b32,pneumoniamnist,medical,1,flowers102,0.8029412428538004,0.033063106443844734,0.8088235855|0.7843137980|0.8333333731|0.7745099068|0.7794118524|0.7794117928|0.8333333731|0.7843137980|0.8382353783|0.7794117928|0.8235294819|0.8872549534|0.7549020052|0.7941177487|0.7892158031,0.7960785031|0.8029412270|0.8098039985,0.005603410007699089,3060,1020,repeated_stratified_5_fold,5,3,20260905|20260906|20260907,0.8215999603271484,500,600,256,128,0.01,1.4036032110452652,0.16699201054871082,npu:5
clip_b32,pneumoniamnist,medical,1,food101,0.6688000245491663,0.014053852108017021,0.6930693388|0.6643564701|0.6663366556|0.6871287227|0.6562500596|0.6643564701|0.6683168411|0.6722772121|0.6653465629|0.6697916985|0.6336634159|0.6693069935|0.6742573977|0.6891089082|0.6572917104,0.6736000313|0.6680000175|0.6648000249,0.0036368518020257344,15000,5000,repeated_stratified_5_fold,5,3,20260905|20260906|20260907,0.7269999384880066,500,600,256,128,0.01,1.4036032110452652,0.19181597046554089,npu:5
clip_b32,pneumoniamnist,medical,1,gtsrb,0.788400011841456,0.008383569180397675,0.7885938883|0.7820895314|0.7932068110|0.8048290014|0.7751780748|0.8023599386|0.7810945511|0.7782217860|0.7967806458|0.7914547920|0.7944936156|0.7820895314|0.7832167745|0.7857142687|0.7863683105,0.7888000112|0.7900000224|0.7864000019,0.0014966710609626874,15000,5000,repeated_stratified_5_fold,5,3,20260905|20260906|20260907,0.7389999628067017,500,600,256,128,0.01,1.4036032110452652,0.17417491227388382,npu:5
clip_b32,pneumoniamnist,medical,1,oxford_pets,0.8302536299101252,0.008569342460881115,0.8281461000|0.8328804374|0.8288043737|0.8217687607|0.8365122676|0.8281461000|0.8342391253|0.8274456859|0.8367347121|0.8324251175|0.8213801384|0.8559783101|0.8220108747|0.8217687607|0.8256130815,0.8296195740|0.8317934887|0.8293478270,0.0010944817737735017,11040,3680,repeated_stratified_5_fold,5,3,20260905|20260906|20260907,0.7838647961616516,500,600,256,128,0.01,1.4036032110452652,0.17068549059331417,npu:5
clip_b32,pneumoniamnist,medical,2,beans,0.8671824884829715,0.02155140351324919,0.8798077106|0.8405796885|0.8840579987|0.8737864494|0.9077669978|0.8653846979|0.8550724983|0.8599033952|0.8446601629|0.8883495331|0.8653846979|0.8695652485|0.8937197924|0.8203883767|0.8592233658,0.8771760302|0.8626692693|0.8617021659,0.007077522112800973,3102,1034,repeated_stratified_5_fold,5,3,20260905|20260906|20260907,0.875,500,600,256,128,0.01,1.3127141688019037,0.10999062657356262,npu:5
clip_b32,pneumoniamnist,medical,2,dtd,0.6565603137016296,0.013755152814176913,0.6728724241|0.6542553902|0.6529255509|0.6343085170|0.6742022038|0.6688830256|0.6515958309|0.6688829660|0.6382979155|0.6436170340|0.6795213223|0.6489361525|0.6675531864|0.6462765932|0.6462765932,0.6577128172|0.6542553544|0.6577127695,0.0016298523495113148,11280,3760,repeated_stratified_5_fold,5,3,20260905|20260906|20260907,0.6659574508666992,500,600,256,128,0.01,1.3127141688019037,0.14602206088602543,npu:5
clip_b32,pneumoniamnist,medical,2,eurosat,0.89239998147885,0.009387803126457555,0.8737573624|0.8902195692|0.9099099636|0.9037110806|0.8755019903|0.8966202140|0.9021955729|0.8928929567|0.8856569529|0.8865461349|0.8916500211|0.8922156096|0.8958958983|0.8986960649|0.8905622363,0.8905999796|0.8927999791|0.8937999857,0.001336664574110341,15000,5000,repeated_stratified_5_fold,5,3,20260905|20260906|20260907,0.8996296525001526,500,600,256,128,0.01,1.3127141688019037,0.14673669077455997,npu:5
clip_b32,pneumoniamnist,medical,2,flowers102,0.7810458302497864,0.026041469732119907,0.8039216399|0.7941177487|0.8235294819|0.7647059560|0.7549020052|0.7647059560|0.8039216399|0.7549020648|0.7745099068|0.7696079016|0.8137255907|0.8186275363|0.7450981140|0.7843137980|0.7450981140,0.7882353663|0.7735294938|0.7813726306,0.006008092909229324,3060,1020,repeated_stratified_5_fold,5,3,20260905|20260906|20260907,0.8113999366760254,500,600,256,128,0.01,1.3127141688019037,0.15821514837443829,npu:5
clip_b32,pneumoniamnist,medical,2,food101,0.6785333781639734,0.014287744148951304,0.6980198622|0.6772277355|0.6851485968|0.6881188154|0.6697917581|0.6663366556|0.6920792460|0.6782178879|0.6831683517|0.6593750715|0.6435644031|0.6910891533|0.6772277355|0.6960396767|0.6708333492,0.6838000495|0.6760000463|0.6758000387,0.0037249940778299006,15000,5000,repeated_stratified_5_fold,5,3,20260905|20260906|20260907,0.7257999777793884,500,600,256,128,0.01,1.3127141688019037,0.16585391201078892,npu:5
clip_b32,pneumoniamnist,medical,2,gtsrb,0.7984000187516213,0.01097592864933048,0.7905604839|0.8079602122|0.7882118225|0.8148893714|0.7934893370|0.8171091676|0.7880597115|0.7882117629|0.8038229346|0.7934893370|0.8053097725|0.7820895910|0.8061938286|0.7867203355|0.8097660542,0.7990000226|0.7982000047|0.7980000289,0.00043205020592368437,15000,5000,repeated_stratified_5_fold,5,3,20260905|20260906|20260907,0.7417999505996704,500,600,256,128,0.01,1.3127141688019037,0.17337037064135075,npu:5
clip_b32,pneumoniamnist,medical,2,oxford_pets,0.8248188407578763,0.009012475805696469,0.8159674406|0.8247283101|0.8274456859|0.8312925696|0.8269754648|0.8119078875|0.8328804374|0.8165761232|0.8163265586|0.8337874413|0.8227332830|0.8274457455|0.8478261232|0.8163265586|0.8201634884,0.8252717471|0.8222825978|0.8269021773,0.0019129335098598292,11040,3680,repeated_stratified_5_fold,5,3,20260905|20260906|20260907,0.7874079942703247,500,600,256,128,0.01,1.3127141688019037,0.16089416854083538,npu:5
clip_b32,pneumoniamnist,medical,3,beans,0.866860101063124,0.01341561464621939,0.8653846979|0.8647342920|0.8550724983|0.8689320683|0.8737864494|0.8557692766|0.8743960857|0.8792270422|0.8980582356|0.8786407709|0.8605769873|0.8743960857|0.8454105854|0.8446602225|0.8640776873,0.8655706358|0.8771760081|0.8578336593,0.007948947724721865,3102,1034,repeated_stratified_5_fold,5,3,20260905|20260906|20260907,0.8828125,500,600,256,128,0.01,1.3018271699547768,0.11078359000384808,npu:5
clip_b32,pneumoniamnist,medical,3,dtd,0.6506205916404725,0.012869575981795188,0.6662234068|0.6515957713|0.6369681358|0.6329787970|0.6595745087|0.6715425849|0.6476063728|0.6476063728|0.6250000000|0.6582447290|0.6542553306|0.6396276951|0.6688829660|0.6462765932|0.6529256105,0.6494681239|0.6500000119|0.6523936391,0.0012723990859327891,11280,3760,repeated_stratified_5_fold,5,3,20260905|20260906|20260907,0.6680850982666016,500,600,256,128,0.01,1.3018271699547768,0.16597473621368408,npu:5
clip_b32,pneumoniamnist,medical,3,eurosat,0.889266646182537,0.007893010489125597,0.8757454157|0.8882235289|0.9059059620|0.8966900110|0.8755019903|0.8966202736|0.8902195692|0.8848848939|0.8836509585|0.8935742378|0.8846917748|0.8922156096|0.8898898959|0.8846539259|0.8965862989,0.8883999687|0.8897999918|0.8895999780,0.0006182495607325717,15000,5000,repeated_stratified_5_fold,5,3,20260905|20260906|20260907,0.8951852321624756,500,600,256,128,0.01,1.3018271699547768,0.14338399842381477,npu:5
clip_b32,pneumoniamnist,medical,3,flowers102,0.7761438647905985,0.023656143403564922,0.7745099068|0.7892157435|0.7696079016|0.7598040104|0.7745099068|0.7647059560|0.8186274767|0.7450981140|0.7745099068|0.7401961684|0.7843137980|0.8333333731|0.7598040104|0.7843137980|0.7696079016,0.7735294938|0.7686275244|0.7862745762,0.007437777944611271,3060,1020,repeated_stratified_5_fold,5,3,20260905|20260906|20260907,0.8089999556541443,500,600,256,128,0.01,1.3018271699547768,0.16446097753942013,npu:5
clip_b32,pneumoniamnist,medical,3,food101,0.6680000382661819,0.00862136477093966,0.6831683517|0.6732673645|0.6683168411|0.6712871790|0.6531250477|0.6633663774|0.6712871790|0.6613861322|0.6673267484|0.6666667461|0.6504951119|0.6752475500|0.6643564701|0.6811881661|0.6687500477,0.6700000359|0.6660000355|0.6680000434,0.0016329933078604662,15000,5000,repeated_stratified_5_fold,5,3,20260905|20260906|20260907,0.7269999980926514,500,600,256,128,0.01,1.3018271699547768,0.17426114343106747,npu:5
clip_b32,pneumoniamnist,medical,3,gtsrb,0.8054666851520539,0.009849835148975838,0.7944936752|0.7990050316|0.8071928024|0.8169014454|0.7965412140|0.8180924654|0.8089551926|0.8091908097|0.8209255934|0.7873855829|0.8151426315|0.7920398116|0.8101898432|0.7997987270|0.8056968451,0.8028000340|0.8090000148|0.8046000067,0.0026042643827539915,15000,5000,repeated_stratified_5_fold,5,3,20260905|20260906|20260907,0.7411999702453613,500,600,256,128,0.01,1.3018271699547768,0.1772324126213789,npu:5
clip_b32,pneumoniamnist,medical,3,oxford_pets,0.8319746362342352,0.00950102704630963,0.8213801384|0.8274456859|0.8301631212|0.8435374498|0.8474113941|0.8349119425|0.8423913121|0.8423913121|0.8312925100|0.8201634884|0.8362651467|0.8165761232|0.8355978727|0.8326531053|0.8174387217,0.8339673895|0.8342391120|0.8277174072,0.003012358712054186,11040,3680,repeated_stratified_5_fold,5,3,20260905|20260906|20260907,0.7795039415359497,500,600,256,128,0.01,1.3018271699547768,0.1558610498905182,npu:5
clip_b32,pneumoniamnist,medical,4,beans,0.8713733216472628,0.025982567338914513,0.8990385532|0.8647342920|0.8695652485|0.8398058414|0.8883495331|0.8894231319|0.8212560415|0.8792270422|0.8446601629|0.9029126167|0.8846154213|0.8792270422|0.8792270422|0.9029126167|0.8252427578,0.8723404556|0.8675048379|0.8742746714,0.0028471239983815537,3102,1034,repeated_stratified_5_fold,5,3,20260905|20260906|20260907,0.8984375,500,600,256,128,0.01,1.4004062917083502,0.13388359546661377,npu:5
clip_b32,pneumoniamnist,medical,4,dtd,0.6519503871599833,0.011474924127904946,0.6609042883|0.6635638475|0.6515958309|0.6356383562|0.6502659917|0.6595745087|0.6502659917|0.6569149494|0.6276596189|0.6675531864|0.6648936272|0.6422872543|0.6622340679|0.6382979155|0.6476063728,0.6523936629|0.6523936510|0.6510638475,0.000626878175820399,11280,3760,repeated_stratified_5_fold,5,3,20260905|20260906|20260907,0.6606382131576538,500,600,256,128,0.01,1.4004062917083502,0.14771003276109695,npu:5
clip_b32,pneumoniamnist,medical,4,eurosat,0.8971999837954838,0.009380122524745786,0.8777335286|0.9021956325|0.9169169664|0.9027081132|0.8825300932|0.9015903473|0.9031935930|0.8898898959|0.8946840167|0.8975903392|0.8946322203|0.9001995921|0.8908909559|0.8956870437|0.9076304436,0.8963999929|0.8973999636|0.8977999948,0.000588781386709101,15000,5000,repeated_stratified_5_fold,5,3,20260905|20260906|20260907,0.9040740728378296,500,600,256,128,0.01,1.4004062917083502,0.15097058564424515,npu:5
clip_b32,pneumoniamnist,medical,4,flowers102,0.782026203473409,0.029837164598712322,0.8137255907|0.7941176891|0.7843137980|0.7696079016|0.7745099068|0.7647058964|0.8480392694|0.7303922176|0.7990196943|0.7549020052|0.8088235855|0.7941176891|0.7549020052|0.7990196943|0.7401961088,0.7872549772|0.7794118166|0.7794118166,0.0036973013779292812,3060,1020,repeated_stratified_5_fold,5,3,20260905|20260906|20260907,0.8043999671936035,500,600,256,128,0.01,1.4004062917083502,0.1740429922938347,npu:5
clip_b32,pneumoniamnist,medical,4,food101,0.6747333645820618,0.010570626968851027,0.6831682920|0.6613861322|0.6851485968|0.6722772121|0.6593750715|0.6623762846|0.6871287227|0.6801980734|0.6752475500|0.6770833731|0.6594059467|0.6693069935|0.6702970862|0.6930693388|0.6854166985,0.6724000208|0.6764000350|0.6754000379,0.0016996800367934703,15000,5000,repeated_stratified_5_fold,5,3,20260905|20260906|20260907,0.7269999384880066,500,600,256,128,0.01,1.4004062917083502,0.18326349183917046,npu:5
clip_b32,pneumoniamnist,medical,4,gtsrb,0.8080666856368383,0.007033147239096071,0.8033431768|0.8109452724|0.8071928024|0.8219316006|0.8077314496|0.8141593337|0.8000000119|0.8051947951|0.8118712902|0.8067141771|0.8220255971|0.8039801121|0.7962038517|0.8018108606|0.8077314496,0.8102000062|0.8076000286|0.8064000222,0.001586042494560106,15000,5000,repeated_stratified_5_fold,5,3,20260905|20260906|20260907,0.7411999702453613,500,600,256,128,0.01,1.4004062917083502,0.16123333014547825,npu:5
clip_b32,pneumoniamnist,medical,4,oxford_pets,0.8360507423139136,0.008791989811516401,0.8308523893|0.8355978727|0.8288043737|0.8517007828|0.8501362801|0.8430310488|0.8383152485|0.8410326242|0.8204082251|0.8324251175|0.8240865469|0.8301631212|0.8464674354|0.8353742361|0.8324249983,0.8394021940|0.8350543644|0.8336956685,0.002433883740971911,11040,3680,repeated_stratified_5_fold,5,3,20260905|20260906|20260907,0.7740528583526611,500,600,256,128,0.01,1.4004062917083502,0.12240422703325748,npu:5
clip_b32,rendered_sst2,rendered_text,0,beans,0.8868472093655017,0.02140463214127299,0.9278846383|0.8550724387|0.9130434990|0.9174757600|0.8786407709|0.8798077106|0.8454105854|0.8792270422|0.8980582952|0.8980582952|0.8701924086|0.8937197924|0.8840579987|0.8834951520|0.8786407709,0.8984526202|0.8800773795|0.8820116285,0.008244169635627635,3102,1034,repeated_stratified_5_fold,5,3,20260905|20260906|20260907,0.890625,500,600,256,128,0.01,1.4367903023958206,0.15381242334842682,npu:5
clip_b32,rendered_sst2,rendered_text,0,dtd,0.6755319396654764,0.012284039933732475,0.6795213223|0.6742021441|0.6795213223|0.6569149494|0.6888297796|0.6861702204|0.6888297796|0.6808511019|0.6502659321|0.6742021441|0.6875000000|0.6542553902|0.6675532460|0.6821808815|0.6821808815,0.6757979035|0.6760638356|0.6747340798,0.0005745231046560886,11280,3760,repeated_stratified_5_fold,5,3,20260905|20260906|20260907,0.6771275997161865,500,600,256,128,0.01,1.4367903023958206,0.160553814843297,npu:5
clip_b32,rendered_sst2,rendered_text,0,eurosat,0.9021333312948544,0.007269604169134927,0.8856858611|0.9121756554|0.9069069624|0.9107321501|0.9016063809|0.9035785198|0.9081836939|0.8998999000|0.8906720281|0.8995983601|0.9005963802|0.9081836343|0.8978978992|0.8966901302|0.9096385241,0.9033999895|0.9004000062|0.9025999982,0.001268413308832313,15000,5000,repeated_stratified_5_fold,5,3,20260905|20260906|20260907,0.9088888764381409,500,600,256,128,0.01,1.4367903023958206,0.17484141699969769,npu:5
clip_b32,rendered_sst2,rendered_text,0,flowers102,0.811437984307607,0.030944094657567558,0.8480392694|0.8039216399|0.7794118524|0.7549020648|0.8529412746|0.7892157435|0.8382353783|0.8235294819|0.8186275363|0.8088235855|0.8578431606|0.8235294819|0.7892158031|0.8235294819|0.7598040104,0.8078432202|0.8156863451|0.8107843876,0.003235124255340737,3060,1020,repeated_stratified_5_fold,5,3,20260905|20260906|20260907,0.8395999670028687,500,600,256,128,0.01,1.4367903023958206,0.19630037620663643,npu:5
clip_b32,rendered_sst2,rendered_text,0,food101,0.6879333597421646,0.013840787196448424,0.7108911276|0.6900990605|0.6742573977|0.6821782589|0.6760417223|0.7009900808|0.7099010348|0.6752475500|0.6772277355|0.6895833611|0.6712871790|0.6772277355|0.6762376428|0.7039604187|0.7041667104,0.6868000313|0.6906000184|0.6864000295,0.0018926703497451302,15000,5000,repeated_stratified_5_fold,5,3,20260905|20260906|20260907,0.7466000318527222,500,600,256,128,0.01,1.4367903023958206,0.15844091027975082,npu:5
clip_b32,rendered_sst2,rendered_text,0,gtsrb,0.8200000216285388,0.009234401533527621,0.8200590014|0.8228856325|0.8111888170|0.8430583477|0.8067141771|0.8200590014|0.8159204125|0.8201798201|0.8299798965|0.8138352633|0.8269420266|0.8069652319|0.8121877909|0.8259557486|0.8240081668,0.8208000209|0.8200000200|0.8192000240,0.0006531960334684337,15000,5000,repeated_stratified_5_fold,5,3,20260905|20260906|20260907,0.7595999240875244,500,600,256,128,0.01,1.4367903023958206,0.14471622370183468,npu:5
clip_b32,rendered_sst2,rendered_text,0,oxford_pets,0.840126817252325,0.011378029709194945,0.8430310488|0.8288043737|0.8396739364|0.8476190567|0.8623977900|0.8227334023|0.8355978727|0.8532609344|0.8435374498|0.8256130815|0.8389714956|0.8478261232|0.8532608747|0.8231292963|0.8365122676,0.8442934690|0.8361413298|0.8399456530,0.0033305613708598256,11040,3680,repeated_stratified_5_fold,5,3,20260905|20260906|20260907,0.8007631301879883,500,600,256,128,0.01,1.4367903023958206,0.12234305031597614,npu:5
clip_b32,rendered_sst2,rendered_text,1,beans,0.886202476202942,0.013818717827998572,0.9038462043|0.8840579987|0.8743961453|0.8883495331|0.8689320087|0.8894231915|0.8599033356|0.9178744555|0.8883495331|0.9029126167|0.8798078299|0.8840579987|0.8888888955|0.8834951520|0.8786407709,0.8839458568|0.8916828138|0.8829787580,0.0038952445305619515,3102,1034,repeated_stratified_5_fold,5,3,20260905|20260906|20260907,0.921875,500,600,256,128,0.01,1.270130094140768,0.13515358418226242,npu:5
clip_b32,rendered_sst2,rendered_text,1,dtd,0.6674645662307738,0.011658391002042329,0.6901595592|0.6582447290|0.6582447290|0.6609042883|0.6795213223|0.6728724241|0.6755319834|0.6728723645|0.6449468136|0.6622340679|0.6662234068|0.6542553306|0.6848404408|0.6622340679|0.6688829660,0.6694149256|0.6656915307|0.6672872424,0.0015252322540681164,11280,3760,repeated_stratified_5_fold,5,3,20260905|20260906|20260907,0.6771276593208313,500,600,256,128,0.01,1.270130094140768,0.1677060518413782,npu:5
clip_b32,rendered_sst2,rendered_text,1,eurosat,0.9065333163936934,0.008948032256900136,0.8886679411|0.9101796150|0.9289289713|0.9087262154|0.9016064405|0.8986083269|0.9081836343|0.9079079032|0.8956870437|0.9166666269|0.9045724869|0.9021956325|0.9059059024|0.9097291231|0.9106425047,0.9076000034|0.9053999833|0.9065999625,0.0008993899065757614,15000,5000,repeated_stratified_5_fold,5,3,20260905|20260906|20260907,0.915925920009613,500,600,256,128,0.01,1.270130094140768,0.1647006906569004,npu:5
clip_b32,rendered_sst2,rendered_text,1,flowers102,0.8294118324915568,0.0279712556515892,0.8480392694|0.8333333731|0.8186274767|0.7745099068|0.8333333731|0.8284314275|0.8529412746|0.8284314871|0.8627451658|0.7843137980|0.8676471114|0.8578432202|0.7843137980|0.8235294819|0.8431373239,0.8215686798|0.8313726306|0.8352941871,0.00577240182748981,3060,1020,repeated_stratified_5_fold,5,3,20260905|20260906|20260907,0.8421999216079712,500,600,256,128,0.01,1.270130094140768,0.17562876641750336,npu:5
clip_b32,rendered_sst2,rendered_text,1,food101,0.6849333706696829,0.01041922447818978,0.6881188750|0.6782178879|0.6910891533|0.6950495243|0.6979167461|0.6712871790|0.6772277951|0.6920792460|0.6633663177|0.6843750477|0.6732673645|0.6821782589|0.6900990009|0.7029703259|0.6875000000,0.6900000542|0.6776000378|0.6872000200,0.005309951417658893,15000,5000,repeated_stratified_5_fold,5,3,20260905|20260906|20260907,0.7405999302864075,500,600,256,128,0.01,1.270130094140768,0.14777456410229206,npu:5
clip_b32,rendered_sst2,rendered_text,1,gtsrb,0.8097333439668019,0.01005300758913464,0.8131760359|0.8079602122|0.8091908693|0.8329979777|0.7965412140|0.8121927977|0.8119403124|0.7992007732|0.8199194670|0.8026449680|0.8151425719|0.8019900918|0.8051947951|0.7947685719|0.8229908943,0.8120000210|0.8092000034|0.8080000075,0.001675980561500785,15000,5000,repeated_stratified_5_fold,5,3,20260905|20260906|20260907,0.7527999877929688,500,600,256,128,0.01,1.270130094140768,0.14681844040751457,npu:5
clip_b32,rendered_sst2,rendered_text,1,oxford_pets,0.8376811564238608,0.012091845239915466,0.8362651467|0.8505434990|0.8206521869|0.8367347717|0.8692097664|0.8335587978|0.8423913717|0.8288043737|0.8408163786|0.8405994177|0.8213801384|0.8423913121|0.8464673758|0.8231292963|0.8324250579,0.8426630418|0.8372282693|0.8331521581,0.0038959857469638023,11040,3680,repeated_stratified_5_fold,5,3,20260905|20260906|20260907,0.8064867258071899,500,600,256,128,0.01,1.270130094140768,0.14121963270008564,npu:5
clip_b32,rendered_sst2,rendered_text,2,beans,0.8729851822327369,0.017964603111043063,0.8990385532|0.8454105854|0.8743961453|0.8834951520|0.8834951520|0.8461539149|0.8695651889|0.8937197924|0.8640776873|0.8932038546|0.8750000596|0.8792270422|0.8792270422|0.8349515200|0.8737863898,0.8771760299|0.8733075465|0.8684719703,0.0035607211449144452,3102,1034,repeated_stratified_5_fold,5,3,20260905|20260906|20260907,0.859375,500,600,256,128,0.01,1.2429529521614313,0.11773300357162952,npu:5
clip_b32,rendered_sst2,rendered_text,2,dtd,0.6687057097752889,0.01633613146242096,0.6968085766|0.6768617630|0.6569148898|0.6449468732|0.6768617630|0.6662234068|0.6781915426|0.6728724241|0.6409574747|0.6542553306|0.6768617630|0.6476064324|0.6648936272|0.6888297796|0.6875000000,0.6704787731|0.6625000358|0.6731383204,0.004520404883105968,11280,3760,repeated_stratified_5_fold,5,3,20260905|20260906|20260907,0.6835106015205383,500,600,256,128,0.01,1.2429529521614313,0.16918083652853966,npu:5
clip_b32,rendered_sst2,rendered_text,2,eurosat,0.9091999825398127,0.008407246232447105,0.8926440477|0.9181636572|0.9259259701|0.9127382040|0.8955823183|0.9115307331|0.9101796746|0.9159159660|0.8986960649|0.9096385241|0.9095426798|0.9091815948|0.9029029608|0.9117351770|0.9136545658,0.9089999838|0.9091999897|0.9093999742,0.00016329537423693405,15000,5000,repeated_stratified_5_fold,5,3,20260905|20260906|20260907,0.9085185527801514,500,600,256,128,0.01,1.2429529521614313,0.14434091560542583,npu:5
clip_b32,rendered_sst2,rendered_text,2,flowers102,0.8199347098668417,0.02106258593464574,0.8529412746|0.8382353783|0.8235294819|0.8235294819|0.8039216399|0.7990196943|0.8333333731|0.7843137980|0.8578431606|0.7892157435|0.8235294819|0.8333333731|0.8235294819|0.7990196943|0.8137255907,0.8284314513|0.8127451539|0.8186275244,0.0064702669750150875,3060,1020,repeated_stratified_5_fold,5,3,20260905|20260906|20260907,0.8293999433517456,500,600,256,128,0.01,1.2429529521614313,0.13071856833994389,npu:5
clip_b32,rendered_sst2,rendered_text,2,food101,0.6880000332196553,0.011369488430330948,0.7009901404|0.6980198622|0.6841584444|0.6920791864|0.6718750596|0.6940594316|0.6821782589|0.6861386895|0.6930693388|0.6770833731|0.6643564701|0.6900990009|0.6831682920|0.7118812203|0.6895834208,0.6896000334|0.6866000428|0.6878000234,0.0012328797748160914,15000,5000,repeated_stratified_5_fold,5,3,20260905|20260906|20260907,0.7427999973297119,500,600,256,128,0.01,1.2429529521614313,0.12688949145376682,npu:5
clip_b32,rendered_sst2,rendered_text,2,gtsrb,0.8203333441932997,0.009547274520919911,0.8200590611|0.8079602122|0.8131868243|0.8390341997|0.8199390173|0.8328416944|0.8169154525|0.8161838055|0.8309859037|0.8118006587|0.8230088353|0.8009949923|0.8241758347|0.8209255338|0.8270600438,0.8200000276|0.8218000116|0.8191999934,0.0010873051256523323,15000,5000,repeated_stratified_5_fold,5,3,20260905|20260906|20260907,0.7473999857902527,500,600,256,128,0.01,1.2429529521614313,0.12116478383541107,npu:5
clip_b32,rendered_sst2,rendered_text,2,oxford_pets,0.8402174061677162,0.011874088521654235,0.8227334023|0.8396739960|0.8328804970|0.8408163786|0.8678473830|0.8308524489|0.8328804970|0.8260869980|0.8571429253|0.8378746510|0.8389714956|0.8546195626|0.8315217495|0.8408163786|0.8487738371,0.8407608990|0.8369565435|0.8429347760,0.0024706752732341153,11040,3680,repeated_stratified_5_fold,5,3,20260905|20260906|20260907,0.8040337562561035,500,600,256,128,0.01,1.2429529521614313,0.12051334232091904,npu:5
clip_b32,rendered_sst2,rendered_text,3,beans,0.8907156938856299,0.013265642063719638,0.8894231319|0.8840579987|0.9033816457|0.8883495331|0.9029126167|0.8798078299|0.8792270422|0.8985507488|0.9077669978|0.8980582952|0.8798077703|0.8647342920|0.8985507488|0.8737864494|0.9126213193,0.8936170413|0.8926499436|0.8858800967,0.003442002255603878,3102,1034,repeated_stratified_5_fold,5,3,20260905|20260906|20260907,0.8828125,500,600,256,128,0.01,1.3353284541517496,0.11423272266983986,npu:5
clip_b32,rendered_sst2,rendered_text,3,dtd,0.6679964701334636,0.014409773850110885,0.6835106611|0.6755319238|0.6728723049|0.6436170340|0.6795212626|0.6835106611|0.6861702204|0.6529255509|0.6515957713|0.6595745087|0.6702128053|0.6449468136|0.6808511019|0.6569149494|0.6781914830,0.6710106373|0.6667553425|0.6662234306,0.002142371779051581,11280,3760,repeated_stratified_5_fold,5,3,20260905|20260906|20260907,0.6702127456665039,500,600,256,128,0.01,1.3353284541517496,0.15588955208659172,npu:5
clip_b32,rendered_sst2,rendered_text,3,eurosat,0.9058666394472122,0.007708385732285876,0.8906559944|0.9171656370|0.9109109044|0.9147441983|0.9036144018|0.9045724869|0.9121756554|0.8908908367|0.9037111402|0.9126505852|0.8996023536|0.9001995921|0.9079079032|0.9087262154|0.9106425047,0.9073999604|0.9047999728|0.9053999851,0.0011115480541546631,15000,5000,repeated_stratified_5_fold,5,3,20260905|20260906|20260907,0.9107407927513123,500,600,256,128,0.01,1.3353284541517496,0.13936512544751167,npu:5
clip_b32,rendered_sst2,rendered_text,3,flowers102,0.8336601972579957,0.017118691540653513,0.8480392694|0.8431373239|0.8284314275|0.8137255907|0.8382353783|0.7990196347|0.8725490570|0.8186275363|0.8284314275|0.8382353783|0.8480392694|0.8480392694|0.8333334327|0.8186274767|0.8284314871,0.8343137980|0.8313726068|0.8352941871,0.0016663519916686328,3060,1020,repeated_stratified_5_fold,5,3,20260905|20260906|20260907,0.8411999940872192,500,600,256,128,0.01,1.3353284541517496,0.12457253597676754,npu:5
clip_b32,rendered_sst2,rendered_text,3,food101,0.6916667028268179,0.01410800177752477,0.7039604187|0.6623762846|0.6920792460|0.7168316841|0.6906250119|0.6851485372|0.6940594316|0.6960396767|0.6792079210|0.7031250596|0.6712871790|0.6851485968|0.6851485372|0.6990098953|0.7125000954,0.6932000242|0.6914000359|0.6904000484,0.0011585334623662375,15000,5000,repeated_stratified_5_fold,5,3,20260905|20260906|20260907,0.7453999519348145,500,600,256,128,0.01,1.3353284541517496,0.13231879100203514,npu:5
clip_b32,rendered_sst2,rendered_text,3,gtsrb,0.8255333485364914,0.009211316154894756,0.8171091676|0.8328358531|0.8241758347|0.8420523405|0.8219735622|0.8279252648|0.8278607130|0.8161838055|0.8400402069|0.8107833862|0.8387414217|0.8139303923|0.8241758347|0.8209255338|0.8240081668,0.8276000209|0.8246000069|0.8244000178,0.0014636369897370375,15000,5000,repeated_stratified_5_fold,5,3,20260905|20260906|20260907,0.7475999593734741,500,600,256,128,0.01,1.3353284541517496,0.12607068195939064,npu:5
clip_b32,rendered_sst2,rendered_text,3,oxford_pets,0.8393116072306167,0.011585074233469954,0.8389714956|0.8383152485|0.8247283101|0.8530613184|0.8569482565|0.8281460404|0.8328804970|0.8532608747|0.8408163786|0.8487738371|0.8200269938|0.8451087475|0.8478261232|0.8408163786|0.8201634884,0.8423913271|0.8407608718|0.8347826228,0.003270919439822248,11040,3680,repeated_stratified_5_fold,5,3,20260905|20260906|20260907,0.8094848394393921,500,600,256,128,0.01,1.3353284541517496,0.11758302338421345,npu:5
clip_b32,rendered_sst2,rendered_text,4,beans,0.8836234845052912,0.017883105987612172,0.8894231319|0.8599033356|0.8985507488|0.9077669978|0.8980582952|0.9086539149|0.8502415419|0.8888888955|0.8737864494|0.8980582356|0.8557692766|0.8792270422|0.8937197924|0.8834951520|0.8689320683,0.8907156840|0.8839458607|0.8762089088,0.00592675160093159,3102,1034,repeated_stratified_5_fold,5,3,20260905|20260906|20260907,0.890625,500,600,256,128,0.01,1.28878690674901,0.11799279227852821,npu:5
clip_b32,rendered_sst2,rendered_text,4,dtd,0.6687057018280029,0.014965224590214406,0.6768617630|0.6688830256|0.6542553306|0.6476063728|0.7021276951|0.6808511019|0.6728723645|0.6715425849|0.6502659321|0.6808511019|0.6675531864|0.6422872543|0.6688830256|0.6808511019|0.6648936868,0.6699468374|0.6712766171|0.6648936510,0.0027496517415816664,11280,3760,repeated_stratified_5_fold,5,3,20260905|20260906|20260907,0.6702127456665039,500,600,256,128,0.01,1.28878690674901,0.1422215737402439,npu:5
clip_b32,rendered_sst2,rendered_text,4,eurosat,0.9063999966939291,0.0066886894077792265,0.8926440477|0.9081836343|0.9119119644|0.9147442579|0.9016064405|0.9085486531|0.9151697159|0.9069069028|0.9027081132|0.8945782781|0.9095426798|0.9091816545|0.9049049616|0.9007021189|0.9146586061,0.9058000012|0.9055999900|0.9077999989,0.0009933128771189555,15000,5000,repeated_stratified_5_fold,5,3,20260905|20260906|20260907,0.9107407331466675,500,600,256,128,0.01,1.28878690674901,0.1422012634575367,npu:5
clip_b32,rendered_sst2,rendered_text,4,flowers102,0.8094771981239318,0.02393887394886857,0.8137255311|0.8529412150|0.8039216399|0.8137255311|0.7843137980|0.7990196943|0.8382353783|0.7892158031|0.8382353783|0.7647059560|0.8137255907|0.8333333731|0.7745099068|0.8137255907|0.8088235855,0.8137255430|0.8058824420|0.8088236094,0.0032351138189781977,3060,1020,repeated_stratified_5_fold,5,3,20260905|20260906|20260907,0.8457999229431152,500,600,256,128,0.01,1.28878690674901,0.1381056923419237,npu:5
clip_b32,rendered_sst2,rendered_text,4,food101,0.684400036851565,0.011845111660330887,0.6910891533|0.6900990605|0.6831683517|0.6782178283|0.6750000715|0.6821782589|0.6861386299|0.6950495243|0.6792079210|0.6739584208|0.6584158540|0.6891089678|0.6871287227|0.7148514986|0.6812500954,0.6836000413|0.6834000323|0.6862000370,0.0012754087727872459,15000,5000,repeated_stratified_5_fold,5,3,20260905|20260906|20260907,0.7435999512672424,500,600,256,128,0.01,1.28878690674901,0.1255254279822111,npu:5
clip_b32,rendered_sst2,rendered_text,4,gtsrb,0.8236000125288964,0.010220569216661864,0.8289085627|0.8129353523|0.8161838055|0.8450703621|0.8138352633|0.8298918605|0.8149254322|0.8121877909|0.8350100517|0.8148525357|0.8377581239|0.8129353523|0.8261737823|0.8299798965|0.8229908943,0.8234000061|0.8214000188|0.8260000127,0.0018832574300255993,15000,5000,repeated_stratified_5_fold,5,3,20260905|20260906|20260907,0.7543999552726746,500,600,256,128,0.01,1.28878690674901,0.12404654547572136,npu:5
clip_b32,rendered_sst2,rendered_text,4,oxford_pets,0.8408514534541663,0.011113251804344207,0.8227333426|0.8478261232|0.8478261232|0.8557823300|0.8542234302|0.8294992447|0.8423913717|0.8559782505|0.8231292963|0.8365122676|0.8294992447|0.8369565606|0.8532608747|0.8421769142|0.8351498842,0.8456521750|0.8375000057|0.8394021797,0.00348231358454176,11040,3680,repeated_stratified_5_fold,5,3,20260905|20260906|20260907,0.7991278171539307,500,600,256,128,0.01,1.28878690674901,0.12039175070822239,npu:5
clip_b32,retinamnist,medical,0,beans,0.8862024595436168,0.01753319097051143,0.9086538553|0.8743961453|0.8743960857|0.8980582952|0.8980582356|0.8990385532|0.8792270422|0.8647342920|0.8495146036|0.8932038546|0.9086539149|0.8792270422|0.9033815861|0.8980582952|0.8640776873,0.8907156664|0.8771760325|0.8907156796,0.006382647746460012,3102,1034,repeated_stratified_5_fold,5,3,20260905|20260906|20260907,0.8984375,500,600,256,128,0.01,1.3870864547789097,0.11714839190244675,npu:5
clip_b32,retinamnist,medical,0,dtd,0.6541667064030966,0.01659106319618003,0.6555851698|0.6303191185|0.6781915426|0.6250000000|0.6781915426|0.6688830256|0.6622340679|0.6489362121|0.6542553902|0.6316489577|0.6569148898|0.6396276951|0.6768617630|0.6529256105|0.6529256105,0.6534574747|0.6531915307|0.6558511138,0.0011959940782646837,11280,3760,repeated_stratified_5_fold,5,3,20260905|20260906|20260907,0.6579786539077759,500,600,256,128,0.01,1.3870864547789097,0.1479234527796507,npu:5
clip_b32,retinamnist,medical,0,eurosat,0.9014666471203169,0.010328067031376863,0.8836977482|0.9011976123|0.9279279709|0.9067201614|0.8905622363|0.8986082673|0.8922156096|0.9069069028|0.8976930380|0.9136545658|0.8946321011|0.9011976123|0.8978979588|0.8986960649|0.9106425047,0.9019999947|0.9017999720|0.9005999747,0.0006182465030789231,15000,5000,repeated_stratified_5_fold,5,3,20260905|20260906|20260907,0.9044444561004639,500,600,256,128,0.01,1.3870864547789097,0.16028276830911636,npu:5
clip_b32,retinamnist,medical,0,flowers102,0.8205883065859476,0.026049661053869643,0.8725490570|0.8186275363|0.8137255907|0.7843137980|0.7941176891|0.8088235855|0.8284314871|0.8235294819|0.8480392694|0.7941177487|0.8529412150|0.8529412746|0.8039216399|0.7843137980|0.8284314275,0.8166667342|0.8205883145|0.8245098710,0.0032019471853411557,3060,1020,repeated_stratified_5_fold,5,3,20260905|20260906|20260907,0.8148000240325928,500,600,256,128,0.01,1.3870864547789097,0.15732059627771378,npu:5
clip_b32,retinamnist,medical,0,food101,0.686600028514862,0.01496079296695146,0.6930692792|0.6732673645|0.6821782589|0.6950495243|0.6864583492|0.6831683517|0.6693069935|0.7039604187|0.6851485372|0.6895834208|0.6613861322|0.6801980734|0.6702970266|0.7168317437|0.7104166746,0.6860000173|0.6862000456|0.6876000227,0.0007118024390571562,15000,5000,repeated_stratified_5_fold,5,3,20260905|20260906|20260907,0.7393999695777893,500,600,256,128,0.01,1.3870864547789097,0.14108985848724842,npu:5
clip_b32,retinamnist,medical,0,gtsrb,0.8150000123818716,0.009745144844790781,0.8200590014|0.8149254322|0.8221778274|0.8239436150|0.8026450276|0.8121927977|0.8109452724|0.7972028255|0.8360160589|0.8087487817|0.8220255375|0.8039801121|0.8101897836|0.8249496818|0.8148525357,0.8168000169|0.8130000235|0.8151999968,0.0015577725159911992,15000,5000,repeated_stratified_5_fold,5,3,20260905|20260906|20260907,0.7489999532699585,500,600,256,128,0.01,1.3870864547789097,0.14329170994460583,npu:5
clip_b32,retinamnist,medical,0,oxford_pets,0.8298913170408081,0.012492545371528845,0.8335587978|0.8519022465|0.8111413121|0.8448979855|0.8324250579|0.8308524489|0.8233696222|0.8288043737|0.8176871538|0.8433242440|0.8064951897|0.8315217495|0.8410326242|0.8163266182|0.8351498842,0.8347826148|0.8288043679|0.8260869684,0.003632231686457085,11040,3680,repeated_stratified_5_fold,5,3,20260905|20260906|20260907,0.801308274269104,500,600,256,128,0.01,1.3870864547789097,0.13971476815640926,npu:5
clip_b32,retinamnist,medical,1,beans,0.8791102740666238,0.024058894113834182,0.8990384936|0.8115942478|0.9033817053|0.8834951520|0.8786407709|0.8942308426|0.8502415419|0.8743961453|0.9077670574|0.8980582952|0.8557692766|0.8840579987|0.8888888359|0.8689320087|0.8883495331,0.8752418076|0.8849129973|0.8771760173,0.0041784358373870645,3102,1034,repeated_stratified_5_fold,5,3,20260905|20260906|20260907,0.921875,500,600,256,128,0.01,1.4000923074781895,0.14877473562955856,npu:5
clip_b32,retinamnist,medical,1,dtd,0.6560284058252971,0.014212079370073311,0.6662234664|0.6489362121|0.6542553902|0.6210106611|0.6675532460|0.6635639071|0.6715425849|0.6702127457|0.6449468136|0.6476063728|0.6622340679|0.6343085766|0.6728724241|0.6609042883|0.6542553306,0.6515957952|0.6595744848|0.6569149375,0.0033170595429689404,11280,3760,repeated_stratified_5_fold,5,3,20260905|20260906|20260907,0.6579786539077759,500,600,256,128,0.01,1.4000923074781895,0.1384654026478529,npu:5
clip_b32,retinamnist,medical,1,eurosat,0.9021333155433338,0.005562170165624911,0.8916500211|0.9071856737|0.9139139652|0.9027081132|0.9006024003|0.9075546265|0.9021956325|0.8968968987|0.8936810493|0.9036144018|0.9025844336|0.9031935930|0.9079079032|0.8976930380|0.9006023407,0.9031999994|0.9007999860|0.9023999612,0.0009977778541880988,15000,5000,repeated_stratified_5_fold,5,3,20260905|20260906|20260907,0.9007407426834106,500,600,256,128,0.01,1.4000923074781895,0.11705918982625008,npu:5
clip_b32,retinamnist,medical,1,flowers102,0.8202615062395732,0.022969008965356724,0.8382353783|0.8088235855|0.7892157435|0.7892157435|0.8431373239|0.8235294819|0.8529412746|0.8039216399|0.8186274767|0.7941176891|0.8578432202|0.8529412746|0.7990196943|0.8186274767|0.8137255907,0.8137255549|0.8186275125|0.8284314513,0.006113825798028564,3060,1020,repeated_stratified_5_fold,5,3,20260905|20260906|20260907,0.8163999915122986,500,600,256,128,0.01,1.4000923074781895,0.11892292834818363,npu:5
clip_b32,retinamnist,medical,1,food101,0.672666695912679,0.012089489255689397,0.6900990009|0.6475247741|0.6772277355|0.6792079210|0.6625000834|0.6603960395|0.6792079210|0.6683168411|0.6702970862|0.6854167581|0.6623762846|0.6742574573|0.6653465629|0.6960396171|0.6718750596,0.6714000212|0.6726000309|0.6740000356,0.0010624976708052064,15000,5000,repeated_stratified_5_fold,5,3,20260905|20260906|20260907,0.7359999418258667,500,600,256,128,0.01,1.4000923074781895,0.12943242117762566,npu:5
clip_b32,retinamnist,medical,1,gtsrb,0.807466674431165,0.008281666864981638,0.8043264747|0.7990050316|0.8131867647|0.8199195266|0.7995930910|0.8190757632|0.8049751520|0.7952047586|0.8128772378|0.7965412140|0.8151426315|0.8029850721|0.8091907501|0.8008048534|0.8189216852,0.8072000102|0.8058000060|0.8094000071,0.001481740941002553,15000,5000,repeated_stratified_5_fold,5,3,20260905|20260906|20260907,0.7407999634742737,500,600,256,128,0.01,1.4000923074781895,0.11654802784323692,npu:5
clip_b32,retinamnist,medical,1,oxford_pets,0.8302536327877771,0.01083481332278168,0.8186738491|0.8288043737|0.8369565606|0.8394558430|0.8092643023|0.8240865469|0.8220108747|0.8260869980|0.8312925100|0.8351498842|0.8267928362|0.8369565606|0.8573369980|0.8380953074|0.8228883147,0.8266304523|0.8277173920|0.8364130541,0.004377915206935974,11040,3680,repeated_stratified_5_fold,5,3,20260905|20260906|20260907,0.7904061079025269,500,600,256,128,0.01,1.4000923074781895,0.12801339849829674,npu:5
clip_b32,retinamnist,medical,2,beans,0.8752417875865749,0.019452780196880785,0.9038462639|0.8550724387|0.8937197924|0.8737863898|0.9029126167|0.8605769873|0.8405796885|0.8647342920|0.8883495331|0.8932038546|0.8798077106|0.8888888955|0.8792270422|0.8495146036|0.8543689251,0.8858800871|0.8694390766|0.8704061991,0.007532768152544092,3102,1034,repeated_stratified_5_fold,5,3,20260905|20260906|20260907,0.90625,500,600,256,128,0.01,1.2528017684817314,0.12775305472314358,npu:5
clip_b32,retinamnist,medical,2,dtd,0.6442376255989074,0.014582181729079215,0.6781915426|0.6343085766|0.6436170340|0.6170213223|0.6569148898|0.6595745087|0.6489362121|0.6329787970|0.6462765932|0.6276596189|0.6582447290|0.6343085766|0.6462765932|0.6436170340|0.6356383562,0.6460106730|0.6430851460|0.6436170578,0.0012724007470303446,11280,3760,repeated_stratified_5_fold,5,3,20260905|20260906|20260907,0.6569148898124695,500,600,256,128,0.01,1.2528017684817314,0.19143559969961643,npu:5
clip_b32,retinamnist,medical,2,eurosat,0.9018666571140289,0.00811218524031057,0.8906559944|0.9101796150|0.9169169664|0.9087261558|0.8915662169|0.8986083269|0.9031935930|0.9069069028|0.8986960649|0.8965862989|0.9005963802|0.8942116499|0.9049049616|0.8916749954|0.9146586657,0.9035999767|0.9007999767|0.9012000180,0.0012364750511956767,15000,5000,repeated_stratified_5_fold,5,3,20260905|20260906|20260907,0.9103703498840332,500,600,256,128,0.01,1.2528017684817314,0.15862296894192696,npu:5
clip_b32,retinamnist,medical,2,flowers102,0.8173203229904175,0.021138504591376627,0.8578431606|0.8480392694|0.8039216399|0.8039216399|0.8088235855|0.8039216399|0.8578432202|0.8088235855|0.8333333731|0.7843137980|0.8186274767|0.8039216399|0.8137255907|0.8039216399|0.8088235855,0.8245098591|0.8176471233|0.8098039865,0.006008092909229324,3060,1020,repeated_stratified_5_fold,5,3,20260905|20260906|20260907,0.8223999738693237,500,600,256,128,0.01,1.2528017684817314,0.15818876773118973,npu:5
clip_b32,retinamnist,medical,2,food101,0.682533357222875,0.008840985789042528,0.6891089678|0.6772277355|0.6891089678|0.6742574573|0.6812500954|0.6752475500|0.6881188154|0.6950495243|0.6722772121|0.6812500358|0.6673267484|0.6900990009|0.6722772121|0.6970297098|0.6885417104,0.6822000502|0.6824000134|0.6830000080,0.00033992011149604814,15000,5000,repeated_stratified_5_fold,5,3,20260905|20260906|20260907,0.7325999736785889,500,600,256,128,0.01,1.2528017684817314,0.17755351588129997,npu:5
clip_b32,retinamnist,medical,2,gtsrb,0.8080666739066441,0.012943837360538928,0.8072763681|0.8149253726|0.8031967878|0.8269617558|0.7863683105|0.8190757036|0.7950248718|0.7872127891|0.8340040445|0.8006104231|0.8023598790|0.8029850721|0.8121877909|0.8128772378|0.8158698082,0.8078000170|0.8072000110|0.8091999938,0.0008379786286735247,15000,5000,repeated_stratified_5_fold,5,3,20260905|20260906|20260907,0.733799934387207,500,600,256,128,0.01,1.2528017684817314,0.16487570106983185,npu:5
clip_b32,retinamnist,medical,2,oxford_pets,0.8369565247949483,0.007687138401813722,0.8362650871|0.8247283101|0.8383152485|0.8448979855|0.8405994177|0.8322056532|0.8355978727|0.8179348111|0.8408163786|0.8460490704|0.8349119425|0.8410326242|0.8478261232|0.8408163786|0.8324250579,0.8369565083|0.8345108937|0.8394021724,0.001996856150965583,11040,3680,repeated_stratified_5_fold,5,3,20260905|20260906|20260907,0.79721999168396,500,600,256,128,0.01,1.2528017684817314,0.1509760357439518,npu:5
clip_b32,retinamnist,medical,3,beans,0.8758865422121868,0.01989151751341267,0.9038462043|0.8502415419|0.8888888955|0.8495145440|0.8689320087|0.8750000596|0.8405797482|0.8888889551|0.8640776873|0.8932038546|0.9134616256|0.8743961453|0.8888888955|0.8737864494|0.8640776277,0.8723404264|0.8723404561|0.8829787442,0.0050149440882811215,3102,1034,repeated_stratified_5_fold,5,3,20260905|20260906|20260907,0.8984375,500,600,256,128,0.01,1.3175347242504358,0.11561359651386738,npu:5
clip_b32,retinamnist,medical,3,dtd,0.6507979114850362,0.012706716830772749,0.6742021441|0.6436170340|0.6662234068|0.6289893985|0.6502659917|0.6409574747|0.6595745087|0.6476064324|0.6529256105|0.6382979155|0.6542553902|0.6489362121|0.6715425849|0.6515958309|0.6329787374,0.6526595950|0.6478723884|0.6518617511,0.002094143084745559,11280,3760,repeated_stratified_5_fold,5,3,20260905|20260906|20260907,0.6542552709579468,500,600,256,128,0.01,1.3175347242504358,0.14154883287847042,npu:5
clip_b32,retinamnist,medical,3,eurosat,0.8995999877969424,0.010190793289975934,0.8727633953|0.9031935930|0.9129129648|0.8986960649|0.9086344838|0.9045724869|0.8902195692|0.8968968987|0.9017050862|0.9016064405|0.9005963802|0.9031935930|0.9009009600|0.8846539855|0.9136545658,0.8991999861|0.8989999835|0.9005999938,0.0007118095275983396,15000,5000,repeated_stratified_5_fold,5,3,20260905|20260906|20260907,0.9040740728378296,500,600,256,128,0.01,1.3175347242504358,0.13802682235836983,npu:5
clip_b32,retinamnist,medical,3,flowers102,0.8147059559822082,0.026500828103833127,0.8431373239|0.8137255907|0.7794118524|0.8039216399|0.8088235855|0.8088235855|0.8480392694|0.7892157435|0.8284314275|0.7745098472|0.8529412150|0.8529412746|0.8284314871|0.8137255907|0.7745099068,0.8098039985|0.8098039746|0.8245098948,0.006932431654254519,3060,1020,repeated_stratified_5_fold,5,3,20260905|20260906|20260907,0.8284000158309937,500,600,256,128,0.01,1.3175347242504358,0.12888998351991177,npu:5
clip_b32,retinamnist,medical,3,food101,0.6814000226656596,0.009637743673484776,0.6920791864|0.6821782589|0.6673267484|0.6891089678|0.6802083850|0.6811881661|0.6940593719|0.6772277355|0.6702970266|0.6916667223|0.6702970266|0.6831683517|0.6633663774|0.6930693388|0.6864583492,0.6822000285|0.6828000153|0.6792000241,0.001574799714659266,15000,5000,repeated_stratified_5_fold,5,3,20260905|20260906|20260907,0.7389999628067017,500,600,256,128,0.01,1.3175347242504358,0.14339913800358772,npu:5
clip_b32,retinamnist,medical,3,gtsrb,0.8002666803956032,0.013425758326028481,0.8043264747|0.7910447717|0.8071928024|0.8239436746|0.7772126794|0.8230088353|0.7940298319|0.7902098298|0.8179074526|0.7812818289|0.7964602113|0.7970149517|0.7922077775|0.8068410158|0.8006104231,0.8008000184|0.8014000104|0.7986000124,0.0012036982297304205,15000,5000,repeated_stratified_5_fold,5,3,20260905|20260906|20260907,0.7375999689102173,500,600,256,128,0.01,1.3175347242504358,0.11992747150361538,npu:5
clip_b32,retinamnist,medical,3,oxford_pets,0.8306159491880217,0.010101809138141123,0.8294992447|0.8247283101|0.8220108747|0.8272109032|0.8433242440|0.8200269938|0.8369565606|0.8423913121|0.8299320340|0.8324250579|0.8105547428|0.8396739364|0.8505434990|0.8272109628|0.8228883147,0.8293478236|0.8323369620|0.8301630620,0.0012616304939697812,11040,3680,repeated_stratified_5_fold,5,3,20260905|20260906|20260907,0.7931315898895264,500,600,256,128,0.01,1.3175347242504358,0.12557322904467583,npu:5
clip_b32,retinamnist,medical,4,beans,0.8884590751197857,0.020273600974914912,0.9086539149|0.8888888359|0.8792270422|0.8737863898|0.9174757600|0.9326924086|0.8550724983|0.8743961453|0.8737864494|0.8932038546|0.8894231319|0.8743961453|0.9033815861|0.8640776873|0.8980582952,0.8936170251|0.8858801091|0.8858800911,0.003647221394707079,3102,1034,repeated_stratified_5_fold,5,3,20260905|20260906|20260907,0.890625,500,600,256,128,0.01,1.2421008609235287,0.10609058290719986,npu:5
clip_b32,retinamnist,medical,4,dtd,0.6520390311876932,0.017430977486262572,0.6808511019|0.6502659917|0.6343085766|0.6223404408|0.6648936272|0.6542553306|0.6755319834|0.6502659917|0.6343085170|0.6449468136|0.6702127457|0.6303191781|0.6702127457|0.6609042883|0.6369681358,0.6505319476|0.6518617272|0.6537234187,0.0013089307247551567,11280,3760,repeated_stratified_5_fold,5,3,20260905|20260906|20260907,0.6473404169082642,500,600,256,128,0.01,1.2421008609235287,0.13373935781419277,npu:5
clip_b32,retinamnist,medical,4,eurosat,0.8986666595975558,0.008012889129527204,0.8846918344|0.9061876535|0.9039039016|0.9107321501|0.8875502348|0.9005963802|0.9071856737|0.8998999000|0.8936810493|0.9036144018|0.8916500807|0.9031935930|0.8928928971|0.8876630068|0.9066264629,0.8985999999|0.9009999908|0.8963999881,0.0018785346928788908,15000,5000,repeated_stratified_5_fold,5,3,20260905|20260906|20260907,0.8959259390830994,500,600,256,128,0.01,1.2421008609235287,0.15205704048275948,npu:5
clip_b32,retinamnist,medical,4,flowers102,0.8039216438929241,0.019361193131522687,0.8186274767|0.8284314275|0.7892158031|0.7794117928|0.8039216399|0.8088235855|0.8529412746|0.7892158031|0.8039216399|0.7990196943|0.8235294819|0.7941177487|0.7794117928|0.7990196943|0.7892158031,0.8039216280|0.8107843995|0.7970589042,0.005603410007699089,3060,1020,repeated_stratified_5_fold,5,3,20260905|20260906|20260907,0.8199999332427979,500,600,256,128,0.01,1.2421008609235287,0.13995924778282642,npu:5
clip_b32,retinamnist,medical,4,food101,0.6834000315666199,0.010506402999395743,0.6742574573|0.6792079806|0.6851485372|0.7009900808|0.6875000596|0.6762376428|0.6801980734|0.6801980734|0.6821782589|0.6781250238|0.6702970266|0.6772277355|0.6732673645|0.7039604187|0.7031250596,0.6854000307|0.6794000384|0.6854000256,0.002828422320006234,15000,5000,repeated_stratified_5_fold,5,3,20260905|20260906|20260907,0.7355999946594238,500,600,256,128,0.01,1.2421008609235287,0.128243837505579,npu:5
clip_b32,retinamnist,medical,4,gtsrb,0.810066681289673,0.012517104780589407,0.8190757036|0.7990049720|0.8091908097|0.8299798965|0.7975585461|0.8072763085|0.8000000119|0.7982017994|0.8319919109|0.8046795726|0.8210422993|0.7990050316|0.8011988401|0.8018108606|0.8311292529,0.8110000112|0.8083999997|0.8108000330,0.001181346285754034,15000,5000,repeated_stratified_5_fold,5,3,20260905|20260906|20260907,0.7417999505996704,500,600,256,128,0.01,1.2421008609235287,0.12003420107066631,npu:5
clip_b32,retinamnist,medical,4,oxford_pets,0.8349637648009737,0.008915525797787243,0.8376183510|0.8220108747|0.8328804970|0.8476190567|0.8337874413|0.8254396915|0.8491848111|0.8410326242|0.8312925100|0.8160762787|0.8416779041|0.8437500000|0.8369565606|0.8299319744|0.8351498842,0.8347826086|0.8326086815|0.8375000043,0.0020009785903998866,11040,3680,repeated_stratified_5_fold,5,3,20260905|20260906|20260907,0.7808666825294495,500,600,256,128,0.01,1.2421008609235287,0.13001836463809013,npu:5
clip_b32,stl10,general_vision,0,beans,0.8833011041565298,0.023597474109180196,0.8750000000|0.8164250851|0.9082125425|0.8980582952|0.9029126167|0.8653846383|0.8695651889|0.9130434990|0.9077669978|0.8883495331|0.8701923490|0.8937197924|0.8937197924|0.8737864494|0.8737864494,0.8800773663|0.8887814396|0.8810445066,0.003895244734114571,3102,1034,repeated_stratified_5_fold,5,3,20260905|20260906|20260907,0.890625,500,600,256,128,0.01,1.4346455167979002,0.142901249229908,npu:5
clip_b32,stl10,general_vision,0,dtd,0.6676418662071227,0.014938403928975223,0.6768617630|0.6622340679|0.6675531864|0.6449468136|0.6768617630|0.6861702204|0.6688830256|0.6675531864|0.6476064324|0.6768617034|0.6662234068|0.6343085170|0.6861702204|0.6861702204|0.6662234664,0.6656915188|0.6694149137|0.6678191662,0.0015252308682309392,11280,3760,repeated_stratified_5_fold,5,3,20260905|20260906|20260907,0.6702127456665039,500,600,256,128,0.01,1.4346455167979002,0.14875196665525436,npu:5
clip_b32,stl10,general_vision,0,eurosat,0.8983999834140143,0.011875548735594134,0.8677931428|0.9031935930|0.9219219685|0.9097291827|0.8915662766|0.9085486531|0.8992016315|0.8928928971|0.8916749954|0.8995983601|0.9035784602|0.8952095509|0.8908908963|0.9087261558|0.8915662766,0.8987999870|0.8983999842|0.8979999790,0.00032660188819314836,15000,5000,repeated_stratified_5_fold,5,3,20260905|20260906|20260907,0.9003703594207764,500,600,256,128,0.01,1.4346455167979002,0.1671365685760975,npu:5
clip_b32,stl10,general_vision,0,flowers102,0.8349673906962076,0.026948404548702426,0.8970589042|0.8431373239|0.8137255907|0.8284314275|0.8431373239|0.8284314871|0.8578431606|0.8382353783|0.8578432202|0.7892157435|0.8284314275|0.8627451658|0.8284314871|0.7892157435|0.8186274767,0.8450981140|0.8343137980|0.8254902601,0.008018203088196514,3060,1020,repeated_stratified_5_fold,5,3,20260905|20260906|20260907,0.8317999839782715,500,600,256,128,0.01,1.4346455167979002,0.12848159670829773,npu:5
clip_b32,stl10,general_vision,0,food101,0.6854000368118287,0.01537442104388659,0.7039604187|0.6871287823|0.6811881661|0.6950495243|0.6625000834|0.6752475500|0.6891089082|0.6831682920|0.6910891533|0.6947917342|0.6504950523|0.6970297694|0.6732673645|0.7138614058|0.6822917461,0.6862000481|0.6866000215|0.6834000409,0.0014236063405635717,15000,5000,repeated_stratified_5_fold,5,3,20260905|20260906|20260907,0.7391999959945679,500,600,256,128,0.01,1.4346455167979002,0.13125171698629856,npu:5
clip_b32,stl10,general_vision,0,gtsrb,0.8145333513458569,0.011127013000647506,0.8112094402|0.7960199118|0.8201798201|0.8340040445|0.8097660542|0.8249754310|0.8019900918|0.8161838055|0.8269617558|0.8046796322|0.8200590611|0.8099502325|0.7962037921|0.8199195266|0.8260427713,0.8142000127|0.8150000217|0.8144000197,0.00033993784650227643,15000,5000,repeated_stratified_5_fold,5,3,20260905|20260906|20260907,0.7437999248504639,500,600,256,128,0.01,1.4346455167979002,0.16407985799014568,npu:5
clip_b32,stl10,general_vision,0,oxford_pets,0.8380434845290754,0.010424553791182067,0.8254396915|0.8274456859|0.8410326242|0.8557823300|0.8555858135|0.8186737895|0.8383152485|0.8396739364|0.8448979855|0.8351498842|0.8308524489|0.8383152485|0.8519022465|0.8367347717|0.8310626745,0.8410326000|0.8353260883|0.8377717653,0.002337583157257721,11040,3680,repeated_stratified_5_fold,5,3,20260905|20260906|20260907,0.8032160997390747,500,600,256,128,0.01,1.4346455167979002,0.12221912853419781,npu:5
clip_b32,stl10,general_vision,1,beans,0.8623468851866374,0.024636271042545427,0.8701923490|0.8067632914|0.8743961453|0.8980582952|0.8592233062|0.8461539149|0.8647342920|0.8309178352|0.8640776873|0.9077669978|0.8894231319|0.8647342920|0.8502415419|0.8640776873|0.8446601629,0.8617021488|0.8626692551|0.8626692516,0.00045589746033152635,3102,1034,repeated_stratified_5_fold,5,3,20260905|20260906|20260907,0.8984375,500,600,256,128,0.01,1.3266461435705423,0.15097497403621674,npu:5
clip_b32,stl10,general_vision,1,dtd,0.6688830137252809,0.014181628817363689,0.6835106611|0.6848404408|0.6609042883|0.6462765932|0.6635638475|0.6728724241|0.6888297796|0.6768617630|0.6462765932|0.6555851698|0.6781915426|0.6476064324|0.6821808815|0.6768617630|0.6688830256,0.6678191662|0.6680851460|0.6707447290,0.001320902279913638,11280,3760,repeated_stratified_5_fold,5,3,20260905|20260906|20260907,0.6792553067207336,500,600,256,128,0.01,1.3266461435705423,0.1347792111337185,npu:5
clip_b32,stl10,general_vision,1,eurosat,0.8949333171367645,0.007155802754899824,0.8846918344|0.9041916132|0.9049049616|0.9027081132|0.8875501156|0.9005963206|0.9011976719|0.8928928971|0.8826479316|0.8985943198|0.8986083269|0.8952095509|0.8858858943|0.8896689415|0.8945783377,0.8967999885|0.8951999801|0.8927999828,0.00164384572274951,15000,5000,repeated_stratified_5_fold,5,3,20260905|20260906|20260907,0.9033333659172058,500,600,256,128,0.01,1.3266461435705423,0.12060409598052502,npu:5
clip_b32,stl10,general_vision,1,flowers102,0.8362745761871339,0.02845953881620383,0.8578431606|0.8480392694|0.8431373239|0.8137255311|0.7941176891|0.8480392694|0.8676471710|0.7990196943|0.8676471114|0.8039216399|0.8627451658|0.8823530674|0.8088235855|0.8039216399|0.8431373239,0.8313725948|0.8372549772|0.8401961565,0.00366830567402562,3060,1020,repeated_stratified_5_fold,5,3,20260905|20260906|20260907,0.8365999460220337,500,600,256,128,0.01,1.3266461435705423,0.12491030618548393,npu:5
clip_b32,stl10,general_vision,1,food101,0.679600037932396,0.012526319070415267,0.6930693388|0.6603960991|0.6821782589|0.6900990009|0.6604167223|0.6752475500|0.6900990009|0.6910891533|0.6673268080|0.6802084446|0.6673267484|0.6772277355|0.6663366556|0.6950495243|0.6979167461,0.6774000356|0.6808000488|0.6806000293,0.0015577782426171975,15000,5000,repeated_stratified_5_fold,5,3,20260905|20260906|20260907,0.7323999404907227,500,600,256,128,0.01,1.3266461435705423,0.13480031862854958,npu:5
clip_b32,stl10,general_vision,1,gtsrb,0.8160000066995621,0.011636533286850796,0.8082596064|0.8208955526|0.8311687708|0.8249496818|0.7904374599|0.8180924654|0.8079602122|0.8231768608|0.8319919109|0.8056968451|0.8230088949|0.8079602122|0.8101898432|0.8048289418|0.8311291933,0.8151999993|0.8174000093|0.8154000115,0.000993313195552883,15000,5000,repeated_stratified_5_fold,5,3,20260905|20260906|20260907,0.7493999004364014,500,600,256,128,0.01,1.3266461435705423,0.12148701585829258,npu:5
clip_b32,stl10,general_vision,1,oxford_pets,0.8433876930857482,0.009895033229955425,0.8335587978|0.8559782505|0.8451087475|0.8503402472|0.8446866274|0.8322055936|0.8586956859|0.8301631212|0.8530612588|0.8310626745|0.8322055936|0.8451087475|0.8355978727|0.8462585211|0.8569482565,0.8459239262|0.8410326206|0.8432065324,0.002000971729113851,11040,3680,repeated_stratified_5_fold,5,3,20260905|20260906|20260907,0.8070318698883057,500,600,256,128,0.01,1.3266461435705423,0.11937847919762135,npu:5
clip_b32,stl10,general_vision,2,beans,0.8652482306780468,0.017111672346787392,0.8557692766|0.8743960857|0.8937197924|0.8737863898|0.8786407709|0.8461538553|0.8550724387|0.8647342920|0.8592233062|0.9029126167|0.8701924086|0.8599033952|0.8502415419|0.8349514604|0.8592233062,0.8752417712|0.8655705951|0.8549323258,0.008294429150068693,3102,1034,repeated_stratified_5_fold,5,3,20260905|20260906|20260907,0.890625,500,600,256,128,0.01,1.3841134440153837,0.1300337053835392,npu:5
clip_b32,stl10,general_vision,2,dtd,0.671010669072469,0.01505892937796134,0.6835106611|0.6728723645|0.6688829660|0.6648936272|0.6715425849|0.6582447290|0.6768617630|0.6768617034|0.6622340679|0.6848404408|0.6795213223|0.6236702204|0.6861702800|0.6715426445|0.6835106611,0.6723404408|0.6718085408|0.6688830256,0.0015200612478029757,11280,3760,repeated_stratified_5_fold,5,3,20260905|20260906|20260907,0.6680850386619568,500,600,256,128,0.01,1.3841134440153837,0.12449084781110287,npu:5
clip_b32,stl10,general_vision,2,eurosat,0.9027999946355819,0.008715969243609702,0.8886679411|0.9111776352|0.9239239693|0.9117351770|0.8885542154|0.9025844336|0.9001996517|0.9009009600|0.8956870437|0.9076305032|0.8966202140|0.9051896334|0.9029029012|0.9007021189|0.9056224823,0.9047999909|0.9014000028|0.9021999902,0.0014514323537335467,15000,5000,repeated_stratified_5_fold,5,3,20260905|20260906|20260907,0.9051852226257324,500,600,256,128,0.01,1.3841134440153837,0.13376999646425247,npu:5
clip_b32,stl10,general_vision,2,flowers102,0.8147059440612793,0.026196843533027255,0.8039215803|0.8284314275|0.8186275363|0.8137255907|0.8186274767|0.7892158031|0.8382353783|0.8137255907|0.8529412150|0.7549020052|0.8333333731|0.8578432202|0.7990196943|0.8186274767|0.7794117928,0.8166667223|0.8098039985|0.8176471114,0.0034892304441345,3060,1020,repeated_stratified_5_fold,5,3,20260905|20260906|20260907,0.8367999792098999,500,600,256,128,0.01,1.3841134440153837,0.1259261704981327,npu:5
clip_b32,stl10,general_vision,2,food101,0.6872667013406754,0.01281532119771688,0.6990098953|0.6910891533|0.6831683517|0.6940594912|0.6791666746|0.6821782589|0.6851485372|0.6930693388|0.6871287227|0.6760417223|0.6613861918|0.7019802332|0.6702970266|0.7158415914|0.6885417700,0.6894000336|0.6848000319|0.6876000385,0.001892676967320378,15000,5000,repeated_stratified_5_fold,5,3,20260905|20260906|20260907,0.7499999403953552,500,600,256,128,0.01,1.3841134440153837,0.12468051724135876,npu:5
clip_b32,stl10,general_vision,2,gtsrb,0.8142000124136607,0.008839743918767066,0.8141593337|0.8089551926|0.8061938286|0.8279678226|0.8118006587|0.8190757632|0.8049751520|0.7992007732|0.8319919109|0.8148525357|0.8220255971|0.8089551926|0.8111888170|0.8078470826|0.8240081668,0.8138000193|0.8140000110|0.8148000069,0.00043204493949517846,15000,5000,repeated_stratified_5_fold,5,3,20260905|20260906|20260907,0.7409999370574951,500,600,256,128,0.01,1.3841134440153837,0.10688122920691967,npu:5
clip_b32,stl10,general_vision,2,oxford_pets,0.8392210247400015,0.010157041129376267,0.8538564444|0.8342391849|0.8355978727|0.8489795923|0.8501362801|0.8389714956|0.8519021869|0.8301631212|0.8462585211|0.8283379078|0.8525032997|0.8247283101|0.8315218091|0.8244898319|0.8365122676,0.8445652219|0.8391304455|0.8339674068,0.004327013959232115,11040,3680,repeated_stratified_5_fold,5,3,20260905|20260906|20260907,0.8062142133712769,500,600,256,128,0.01,1.3841134440153837,0.09856201708316803,npu:5
clip_b32,stl10,general_vision,3,beans,0.8636363799882504,0.021090885266496717,0.8605769873|0.8454105854|0.8550724983|0.9029126167|0.8592233658|0.8798077703|0.8454105854|0.8599033356|0.8592233658|0.8980582952|0.8557692766|0.8405796885|0.8502415419|0.8398058414|0.9029126167,0.8646035049|0.8684719729|0.8578336621,0.004396582942868431,3102,1034,repeated_stratified_5_fold,5,3,20260905|20260906|20260907,0.8828125,500,600,256,128,0.01,1.2841887325048447,0.13309058547019958,npu:5
clip_b32,stl10,general_vision,3,dtd,0.6596631487210592,0.017658095233724292,0.6715425253|0.6688830256|0.6781915426|0.6250000596|0.6715425849|0.6795212626|0.6688830256|0.6449468136|0.6396276951|0.6489362121|0.6728723645|0.6250000000|0.6688830853|0.6622340679|0.6688829660,0.6630319476|0.6563830018|0.6595744967,0.0027151444983399015,11280,3760,repeated_stratified_5_fold,5,3,20260905|20260906|20260907,0.6691489219665527,500,600,256,128,0.01,1.2841887325048447,0.11922181770205498,npu:5
clip_b32,stl10,general_vision,3,eurosat,0.8985999931375185,0.010035227610583482,0.8767395020|0.9001996517|0.9159159660|0.9127382040|0.8895581961|0.8986082673|0.9071856141|0.9049049616|0.8896690011|0.9016063809|0.8986083269|0.8842315674|0.8968969584|0.8976930380|0.9046184421,0.8989999985|0.9003999817|0.8963999992,0.0016573006609717704,15000,5000,repeated_stratified_5_fold,5,3,20260905|20260906|20260907,0.9048148393630981,500,600,256,128,0.01,1.2841887325048447,0.11324171908199787,npu:5
clip_b32,stl10,general_vision,3,flowers102,0.8124183615048727,0.02675750197767151,0.8186274767|0.8186275363|0.8039216399|0.7794118524|0.8186274767|0.8039216399|0.8676471114|0.7843137980|0.8235294819|0.7647059560|0.8284314275|0.8529412746|0.8186274767|0.7794117928|0.8235294819,0.8078431964|0.8088235974|0.8205882907,0.005790860830293132,3060,1020,repeated_stratified_5_fold,5,3,20260905|20260906|20260907,0.8323999643325806,500,600,256,128,0.01,1.2841887325048447,0.12055514380335808,npu:5
clip_b32,stl10,general_vision,3,food101,0.6834666874408722,0.007515001403103085,0.6900990009|0.6871287823|0.6871287227|0.6851485372|0.6791667342|0.6782178283|0.6841584444|0.6782178283|0.6920791864|0.6802083254|0.6633663177|0.6811881661|0.6811881661|0.6970297098|0.6875000596,0.6858000317|0.6826000025|0.6820000281,0.0016680055473480518,15000,5000,repeated_stratified_5_fold,5,3,20260905|20260906|20260907,0.7401999235153198,500,600,256,128,0.01,1.2841887325048447,0.12054646201431751,npu:5
clip_b32,stl10,general_vision,3,gtsrb,0.8164666630585988,0.009895926225798135,0.8131760359|0.8119403124|0.8171827793|0.8279677629|0.8179044127|0.8289085627|0.7960199118|0.8231768012|0.8279677629|0.8087487221|0.8269419670|0.8000000119|0.8071928024|0.8189134598|0.8209562898,0.8175999997|0.8169999895|0.8147999999,0.001203696419578584,15000,5000,repeated_stratified_5_fold,5,3,20260905|20260906|20260907,0.7519999742507935,500,600,256,128,0.01,1.2841887325048447,0.10065540671348572,npu:5
clip_b32,stl10,general_vision,3,oxford_pets,0.8338768108491449,0.007794218669306868,0.8213801980|0.8288043737|0.8410326242|0.8489796519|0.8351498246|0.8470906019|0.8355978727|0.8233696222|0.8299319744|0.8297002316|0.8308523893|0.8355978727|0.8315217495|0.8272109032|0.8419618607,0.8350543512|0.8331521745|0.8334239069,0.000840004169407614,11040,3680,repeated_stratified_5_fold,5,3,20260905|20260906|20260907,0.809212327003479,500,600,256,128,0.01,1.2841887325048447,0.09781618788838387,npu:5
clip_b32,stl10,general_vision,4,beans,0.8778207899677146,0.01946998453430568,0.8750001192|0.8309178352|0.8840579987|0.8980582952|0.8883495331|0.8894231319|0.8792270422|0.8647342920|0.8640776873|0.8980582952|0.8798078299|0.8502415419|0.8985507488|0.8640776277|0.9029126763,0.8752418134|0.8791102708|0.8791102857,0.0018236118250802866,3102,1034,repeated_stratified_5_fold,5,3,20260905|20260906|20260907,0.90625,500,600,256,128,0.01,1.253239018842578,0.13807531259953976,npu:5
clip_b32,stl10,general_vision,4,dtd,0.6727837165196737,0.014611269575441396,0.6768617630|0.6888297796|0.6635638475|0.6582447290|0.6821808815|0.6795213223|0.6768617630|0.6755319238|0.6436170340|0.6728723645|0.6795213223|0.6462765932|0.7021276951|0.6755319834|0.6702127457,0.6739362001|0.6696808815|0.6747340679,0.0022180828230598366,11280,3760,repeated_stratified_5_fold,5,3,20260905|20260906|20260907,0.6845744848251343,500,600,256,128,0.01,1.253239018842578,0.1445406638085842,npu:5
clip_b32,stl10,general_vision,4,eurosat,0.8973999892711638,0.008184547110796556,0.8817096949|0.8982036114|0.9049049616|0.9137412310|0.8875501752|0.9005963802|0.8972055912|0.8938938975|0.8976930380|0.9036144018|0.8886679411|0.8952095509|0.8978979588|0.8906720281|0.9096385241,0.8972000020|0.8985999735|0.8963999923,0.0009092031459278076,15000,5000,repeated_stratified_5_fold,5,3,20260905|20260906|20260907,0.9018518924713135,500,600,256,128,0.01,1.253239018842578,0.11954221874475479,npu:5
clip_b32,stl10,general_vision,4,flowers102,0.8264706492424011,0.02604966942867428,0.8480392694|0.8382353187|0.8235294819|0.8284314275|0.8235294819|0.8137255907|0.8137255311|0.8186274767|0.8480392694|0.7892158031|0.8480392694|0.8921569586|0.8088235855|0.8235294819|0.7794117928,0.8323529959|0.8166667342|0.8303922176,0.006978477635728669,3060,1020,repeated_stratified_5_fold,5,3,20260905|20260906|20260907,0.8453999757766724,500,600,256,128,0.01,1.253239018842578,0.12755047529935837,npu:5
clip_b32,stl10,general_vision,4,food101,0.6895333586931228,0.010316336806802173,0.7039604187|0.6792079210|0.6930693388|0.6871287823|0.6937500238|0.6792079210|0.6970297098|0.6920792460|0.6900990009|0.6791666746|0.6742574573|0.7019802332|0.6712871790|0.6990099549|0.7020833492,0.6914000297|0.6876000088|0.6896000376,0.0015520683192740525,15000,5000,repeated_stratified_5_fold,5,3,20260905|20260906|20260907,0.7416000366210938,500,600,256,128,0.01,1.253239018842578,0.12394714541733265,npu:5
clip_b32,stl10,general_vision,4,gtsrb,0.8122000066439311,0.009395280896341738,0.8171091676|0.8009950519|0.8111888170|0.8299798965|0.8097660542|0.8249753714|0.8079602122|0.7982017994|0.8239436150|0.8107833862|0.8239921331|0.8099502325|0.8021977544|0.8038229346|0.8077315092,0.8138000210|0.8131999978|0.8096000012,0.001854728792996798,15000,5000,repeated_stratified_5_fold,5,3,20260905|20260906|20260907,0.7527999877929688,500,600,256,128,0.01,1.253239018842578,0.12465492635965347,npu:5
clip_b32,stl10,general_vision,4,oxford_pets,0.8299818961138743,0.010594260491264551,0.8227333426|0.8233696222|0.8179348111|0.8367347121|0.8501362801|0.8240865469|0.8342391849|0.8274456859|0.8285714388|0.8351498842|0.8037888408|0.8396739364|0.8396739960|0.8312925100|0.8351498842,0.8301630560|0.8298913167|0.8298913156,0.00012809939433436747,11040,3680,repeated_stratified_5_fold,5,3,20260905|20260906|20260907,0.7849549651145935,500,600,256,128,0.01,1.253239018842578,0.11504280380904675,npu:5
clip_b32,svhn,digits_characters,0,beans,0.8800773923048121,0.01918028990193114,0.8942308426|0.8550724387|0.8937197924|0.8689320683|0.8932039142|0.8750000596|0.8502415419|0.8937197924|0.9029126763|0.8883495331|0.8653846979|0.8840579391|0.8985507488|0.8398058414|0.8980582952,0.8810445063|0.8820116284|0.8771760423,0.002089211216472961,3102,1034,repeated_stratified_5_fold,5,3,20260905|20260906|20260907,0.890625,500,600,256,128,0.01,1.3641266394406557,0.1408800594508648,npu:5
clip_b32,svhn,digits_characters,0,dtd,0.6594858447710673,0.011361351944627557,0.6622340679|0.6582447290|0.6648936272|0.6329787970|0.6688830256|0.6755319238|0.6688830256|0.6622340679|0.6462765932|0.6609042883|0.6622340679|0.6369681358|0.6635638475|0.6635638475|0.6648936272,0.6574468493|0.6627659798|0.6582447052,0.002342165334877368,11280,3760,repeated_stratified_5_fold,5,3,20260905|20260906|20260907,0.6718084812164307,500,600,256,128,0.01,1.3641266394406557,0.1516119260340929,npu:5
clip_b32,svhn,digits_characters,0,eurosat,0.8975333259026209,0.00943757902670181,0.8807156682|0.9041916132|0.9179179668|0.9047141075|0.8885542154|0.8916500211|0.9091817141|0.8948948979|0.8916749954|0.9076304436|0.8936381340|0.8922156096|0.8998999000|0.8876630068|0.8985943794,0.8991999943|0.8989999788|0.8944000047,0.0022170969078515994,15000,5000,repeated_stratified_5_fold,5,3,20260905|20260906|20260907,0.9040740728378296,500,600,256,128,0.01,1.3641266394406557,0.11775148287415504,npu:5
clip_b32,svhn,digits_characters,0,flowers102,0.8081700046857199,0.02191248791164621,0.8137255311|0.8039216399|0.7941177487|0.7990196943|0.7941176891|0.7794118524|0.8284314871|0.7843137980|0.8627451658|0.8039216399|0.8333333731|0.8235294819|0.7941176891|0.7843137980|0.8235294819,0.8009804606|0.8117647886|0.8117647648,0.005083775345712583,3060,1020,repeated_stratified_5_fold,5,3,20260905|20260906|20260907,0.8185999393463135,500,600,256,128,0.01,1.3641266394406557,0.1290835626423359,npu:5
clip_b32,svhn,digits_characters,0,food101,0.6859333654642107,0.009641866195173153,0.6970297098|0.6920791864|0.6930693388|0.6772277951|0.6781250238|0.6782178879|0.6930693388|0.6900990009|0.6762376428|0.6916667223|0.6693069935|0.6821782589|0.6782178283|0.7069307566|0.6854166985,0.6876000227|0.6858000325|0.6844000412,0.0013097846087454287,15000,5000,repeated_stratified_5_fold,5,3,20260905|20260906|20260907,0.736799955368042,500,600,256,128,0.01,1.3641266394406557,0.12760930880904198,npu:5
clip_b32,svhn,digits_characters,0,gtsrb,0.8114666759212813,0.010731985485417301,0.8121927381|0.8029850721|0.8021978140|0.8259557486|0.8036623001|0.8092429042|0.8059701920|0.8081917763|0.8430583477|0.8097660542|0.8220255375|0.8069651723|0.8121877909|0.8038229346|0.8036623001,0.8094000158|0.8152000147|0.8097999973,0.002644914615566884,15000,5000,repeated_stratified_5_fold,5,3,20260905|20260906|20260907,0.7475999593734741,500,600,256,128,0.01,1.3641266394406557,0.11834722757339478,npu:5
clip_b32,svhn,digits_characters,0,oxford_pets,0.8278985632718473,0.010233971167000835,0.8254397511|0.8260869980|0.8274456859|0.8326531649|0.8365122676|0.8132610917|0.8328804374|0.8138587475|0.8435374498|0.8351498842|0.8335587978|0.8410326242|0.8247283101|0.8272109032|0.8051770926,0.8296195957|0.8277173988|0.8263586954,0.001337406210045092,11040,3680,repeated_stratified_5_fold,5,3,20260905|20260906|20260907,0.7996729612350464,500,600,256,128,0.01,1.3641266394406557,0.11301020719110966,npu:5
clip_b32,svhn,digits_characters,1,beans,0.8729851976623081,0.01588567697453516,0.8894231319|0.8743961453|0.8840579987|0.8592233062|0.8689320683|0.8557692766|0.8647342920|0.8840579987|0.8737864494|0.8883495331|0.8750001192|0.8502415419|0.8937197924|0.8398058414|0.8932039142,0.8752418050|0.8733075688|0.8704062192,0.001987236770646867,3102,1034,repeated_stratified_5_fold,5,3,20260905|20260906|20260907,0.8671875,500,600,256,128,0.01,1.4327337481081486,0.1312421578913927,npu:5
clip_b32,svhn,digits_characters,1,dtd,0.6522163430849711,0.014046867347285023,0.6648936272|0.6462765932|0.6582447290|0.6316489577|0.6755319238|0.6502660513|0.6635638475|0.6263298392|0.6462766528|0.6582447290|0.6635638475|0.6303191781|0.6609042883|0.6436170340|0.6635638475,0.6553191662|0.6489362240|0.6523936391,0.002608839229188827,11280,3760,repeated_stratified_5_fold,5,3,20260905|20260906|20260907,0.6734042167663574,500,600,256,128,0.01,1.4327337481081486,0.12092987447977066,npu:5
clip_b32,svhn,digits_characters,1,eurosat,0.9020666607618332,0.010330520481064427,0.8836977482|0.9221556783|0.9099099636|0.9017051458|0.9016064405|0.9135188460|0.9051896334|0.8968968987|0.8896689415|0.8995983601|0.8916500807|0.8972055912|0.9049049616|0.8946840167|0.9186747074,0.9038000046|0.9009999750|0.9014000027,0.001236491340542873,15000,5000,repeated_stratified_5_fold,5,3,20260905|20260906|20260907,0.9040740728378296,500,600,256,128,0.01,1.4327337481081486,0.11837146431207657,npu:5
clip_b32,svhn,digits_characters,1,flowers102,0.8101307868957518,0.021662490648732664,0.8382353783|0.8039216399|0.8186274767|0.8137255907|0.7990196943|0.7843137980|0.8235294819|0.7892157435|0.8333333731|0.8039216399|0.8333333731|0.8284314275|0.7549020648|0.8235294819|0.8039216399,0.8147059560|0.8068628073|0.8088235974,0.003332696969673686,3060,1020,repeated_stratified_5_fold,5,3,20260905|20260906|20260907,0.8203999996185303,500,600,256,128,0.01,1.4327337481081486,0.12646257132291794,npu:5
clip_b32,svhn,digits_characters,1,food101,0.6812666985193888,0.013063537155272656,0.6861386299|0.6792079210|0.6980198622|0.6871287227|0.6645833850|0.6792079210|0.6752475500|0.6792079210|0.6801980734|0.6989583969|0.6584159136|0.6831683517|0.6613861322|0.7069307566|0.6812500358,0.6832000273|0.6824000282|0.6782000400,0.0021929121554354935,15000,5000,repeated_stratified_5_fold,5,3,20260905|20260906|20260907,0.7291999459266663,500,600,256,128,0.01,1.4327337481081486,0.1204177625477314,npu:5
clip_b32,svhn,digits_characters,1,gtsrb,0.8132666778246561,0.012816616686977235,0.8200590014|0.8169153929|0.8021978140|0.8309859037|0.8046796322|0.8328417540|0.7970149517|0.7942057848|0.8350100517|0.8168871403|0.8200590014|0.7980099320|0.8091908097|0.8038228750|0.8168871403,0.8150000106|0.8152000262|0.8095999967,0.0025940206321947,15000,5000,repeated_stratified_5_fold,5,3,20260905|20260906|20260907,0.743399977684021,500,600,256,128,0.01,1.4327337481081486,0.10458420030772686,npu:5
clip_b32,svhn,digits_characters,1,oxford_pets,0.8155797190424324,0.011819849512964444,0.8159674406|0.8247283101|0.8138587475|0.8054422140|0.8324250579|0.8092015982|0.8138587475|0.8029891253|0.8367347121|0.7956403494|0.8213801384|0.8274456859|0.8233696222|0.7972789407|0.8133515120,0.8184782698|0.8116847949|0.8165760924,0.002861514190441847,11040,3680,repeated_stratified_5_fold,5,3,20260905|20260906|20260907,0.7934041619300842,500,600,256,128,0.01,1.4327337481081486,0.10093315690755844,npu:5
clip_b32,svhn,digits_characters,2,beans,0.8578336733068518,0.017666934965626362,0.8413462043|0.8454105854|0.8647342920|0.8737863898|0.8592233658|0.8509616256|0.8309178948|0.8743961453|0.8737864494|0.8737864494|0.8365384936|0.8502415419|0.8792270422|0.8300970793|0.8834951520,0.8568665472|0.8607350499|0.8558994228,0.002089229842128735,3102,1034,repeated_stratified_5_fold,5,3,20260905|20260906|20260907,0.8984375,500,600,256,128,0.01,1.4173679556697607,0.11275907792150974,npu:5
clip_b32,svhn,digits_characters,2,dtd,0.6578014492988586,0.018417535843673952,0.6569149494|0.6529255509|0.6529256105|0.6183511019|0.6848404408|0.6555851102|0.6755319238|0.6622340679|0.6289893985|0.6675532460|0.6595745087|0.6476063728|0.6941489577|0.6595745087|0.6502659917,0.6531915307|0.6579787493|0.6622340679,0.0036937285832874607,11280,3760,repeated_stratified_5_fold,5,3,20260905|20260906|20260907,0.6781914234161377,500,600,256,128,0.01,1.4173679556697607,0.16076757572591305,npu:5
clip_b32,svhn,digits_characters,2,eurosat,0.8904000002543132,0.008532335831142051,0.8807156682|0.8912175894|0.9029029608|0.8986960649|0.8815261126|0.8986083269|0.8892215490|0.8918918967|0.8806419373|0.8945782781|0.8777335882|0.8922156096|0.8878878951|0.8816449642|0.9066264629,0.8910000059|0.8909999900|0.8892000048,0.0008485249033803415,15000,5000,repeated_stratified_5_fold,5,3,20260905|20260906|20260907,0.9003703594207764,500,600,256,128,0.01,1.4173679556697607,0.12378329411149025,npu:5
clip_b32,svhn,digits_characters,2,flowers102,0.7993464787801107,0.021809902521756703,0.8382353783|0.8039216399|0.7892158031|0.7745099068|0.7990196943|0.7990196943|0.8529412746|0.7843137980|0.7892158031|0.7794117928|0.8186274767|0.7941176891|0.7794117928|0.8088235855|0.7794118524,0.8009804845|0.8009804726|0.7960784793,0.0023108246003705323,3060,1020,repeated_stratified_5_fold,5,3,20260905|20260906|20260907,0.8235999345779419,500,600,256,128,0.01,1.4173679556697607,0.12894455157220364,npu:5
clip_b32,svhn,digits_characters,2,food101,0.6880000476837158,0.015178835060232798,0.6821782589|0.6910891533|0.7059406638|0.6950495243|0.6656250954|0.6831682920|0.6851485372|0.6821782589|0.6811881661|0.6968750954|0.6673268080|0.6891089678|0.6663366556|0.7188119292|0.7104167342,0.6882000536|0.6856000357|0.6902000538,0.0018832672844808522,15000,5000,repeated_stratified_5_fold,5,3,20260905|20260906|20260907,0.733799934387207,500,600,256,128,0.01,1.4173679556697607,0.12554236873984337,npu:5
clip_b32,svhn,digits_characters,2,gtsrb,0.8146000105261804,0.012733822845895252,0.8112094402|0.8208955526|0.8061938286|0.8279677629|0.8087487221|0.8328417540|0.8079602122|0.7832167745|0.8370221257|0.8107833862|0.8112094402|0.8079602122|0.8141857982|0.8118712306|0.8270600438,0.8150000007|0.8144000260|0.8144000049,0.0002828357920937151,15000,5000,repeated_stratified_5_fold,5,3,20260905|20260906|20260907,0.7477999329566956,500,600,256,128,0.01,1.4173679556697607,0.1046872790902853,npu:5
clip_b32,svhn,digits_characters,2,oxford_pets,0.8198369585409545,0.009068151488197973,0.8173205853|0.8165761232|0.8125000596|0.8258503675|0.8215258718|0.8037888408|0.8369565606|0.8301630616|0.8312925696|0.8024523258|0.8159674406|0.8179347515|0.8220109344|0.8204082251|0.8228882551,0.8187499981|0.8209239242|0.8198369533,0.0008875016131891334,11040,3680,repeated_stratified_5_fold,5,3,20260905|20260906|20260907,0.7912237644195557,500,600,256,128,0.01,1.4173679556697607,0.10437759943306446,npu:5
clip_b32,svhn,digits_characters,3,beans,0.8813668838206757,0.029823149954985723,0.9278846979|0.8937197924|0.9227052927|0.8640776873|0.8689320683|0.8701924086|0.8357487917|0.8647342920|0.8592233658|0.9271844625|0.8605769873|0.8840579391|0.9275362492|0.8592233658|0.8543689251,0.8955512760|0.8713733384|0.8771760370,0.010305841859904795,3102,1034,repeated_stratified_5_fold,5,3,20260905|20260906|20260907,0.890625,500,600,256,128,0.01,1.434069974347949,0.10852790251374245,npu:5
clip_b32,svhn,digits_characters,3,dtd,0.6595745046933492,0.01268070832996961,0.6742021441|0.6343085766|0.6569148898|0.6436170340|0.6728724241|0.6688829660|0.6622340679|0.6648936272|0.6555851698|0.6555851698|0.6688829660|0.6356383562|0.6742022038|0.6569149494|0.6688830256,0.6563830137|0.6614362001|0.6609043002,0.0022671480370834176,11280,3760,repeated_stratified_5_fold,5,3,20260905|20260906|20260907,0.6638297438621521,500,600,256,128,0.01,1.434069974347949,0.11627603881061077,npu:5
clip_b32,svhn,digits_characters,3,eurosat,0.8988666465799015,0.009078287983185955,0.8807156086|0.8982036114|0.9089089632|0.9147441983|0.8955823183|0.8996022940|0.8892215490|0.8978978992|0.8946840763|0.9066264629|0.8856858015|0.9041916132|0.9039039016|0.8936810493|0.9096385241,0.8995999860|0.8975999765|0.8993999773,0.000899385259404949,15000,5000,repeated_stratified_5_fold,5,3,20260905|20260906|20260907,0.9077777862548828,500,600,256,128,0.01,1.434069974347949,0.12991193309426308,npu:5
clip_b32,svhn,digits_characters,3,flowers102,0.8173203309377035,0.024638016096818503,0.8431373239|0.8186275363|0.7990196943|0.7843137980|0.8088235855|0.7843137980|0.8627451658|0.8284314275|0.8431373835|0.7941176891|0.8382353783|0.8480392694|0.7941176891|0.8186275363|0.7941176891,0.8107843876|0.8225490928|0.8186275125,0.004891054054020363,3060,1020,repeated_stratified_5_fold,5,3,20260905|20260906|20260907,0.8157999515533447,500,600,256,128,0.01,1.434069974347949,0.13364486768841743,npu:5
clip_b32,svhn,digits_characters,3,food101,0.680200020392736,0.013234346779776356,0.6980198622|0.6970297098|0.6861386299|0.6742574573|0.6635416746|0.6801980138|0.6782178283|0.6891089082|0.6712871790|0.6864583492|0.6554455757|0.6831683517|0.6633663177|0.7029703259|0.6729167104,0.6840000247|0.6810000128|0.6756000237,0.003475628934982354,15000,5000,repeated_stratified_5_fold,5,3,20260905|20260906|20260907,0.7291999459266663,500,600,256,128,0.01,1.434069974347949,0.11719157919287682,npu:5
clip_b32,svhn,digits_characters,3,gtsrb,0.8186666773239771,0.010152857987818998,0.8092429042|0.8149253726|0.8211787939|0.8460764885|0.8189216852|0.8161258698|0.8089552522|0.8181818128|0.8319919705|0.8179044127|0.8289085627|0.8069651723|0.8211787939|0.8088530898|0.8107833862,0.8220000104|0.8186000178|0.8154000038,0.002694853650342175,15000,5000,repeated_stratified_5_fold,5,3,20260905|20260906|20260907,0.7386000156402588,500,600,256,128,0.01,1.434069974347949,0.11782279424369335,npu:5
clip_b32,svhn,digits_characters,3,oxford_pets,0.8288043479610613,0.008173552554698638,0.8294992447|0.8288043737|0.8192934990|0.8340136409|0.8433242440|0.8308523893|0.8233696222|0.8301630616|0.8435374498|0.8133515120|0.8186737895|0.8247283101|0.8355978727|0.8312925696|0.8256130219,0.8309782601|0.8282608713|0.8271739124,0.0015999563595774993,11040,3680,repeated_stratified_5_fold,5,3,20260905|20260906|20260907,0.7966748476028442,500,600,256,128,0.01,1.434069974347949,0.12781397812068462,npu:5
clip_b32,svhn,digits_characters,4,beans,0.875241789258272,0.019667362944725375,0.8990384936|0.8599033952|0.8792270422|0.8592233062|0.8980582952|0.8750000596|0.8647342920|0.9130434990|0.8786407709|0.8883495331|0.8750000000|0.8405796885|0.8792270422|0.8398058414|0.8786407709,0.8791102680|0.8839458586|0.8626692412,0.009106680968283138,3102,1034,repeated_stratified_5_fold,5,3,20260905|20260906|20260907,0.90625,500,600,256,128,0.01,1.319799529388547,0.15783877670764923,npu:5
clip_b32,svhn,digits_characters,4,dtd,0.6540780385335286,0.015338692037856249,0.6622340679|0.6502659321|0.6569149494|0.6356382966|0.6476063728|0.6768617630|0.6702128053|0.6263297796|0.6515958309|0.6502659321|0.6542553902|0.6263297796|0.6768617630|0.6582447290|0.6675531864,0.6505319238|0.6550532222|0.6566489697,0.002590727044667977,11280,3760,repeated_stratified_5_fold,5,3,20260905|20260906|20260907,0.6675531268119812,500,600,256,128,0.01,1.319799529388547,0.13324987515807152,npu:5
clip_b32,svhn,digits_characters,4,eurosat,0.8972666599075,0.009408559151716398,0.8777335286|0.8972055912|0.9149149656|0.9127382040|0.8835340738|0.8956261873|0.9061876535|0.8948948979|0.8926780224|0.8945782781|0.8936381340|0.8982036114|0.8968969584|0.8946840763|0.9056224823,0.8971999820|0.8967999859|0.8978000118,0.00041097236445549254,15000,5000,repeated_stratified_5_fold,5,3,20260905|20260906|20260907,0.9066666960716248,500,600,256,128,0.01,1.319799529388547,0.12706703320145607,npu:5
clip_b32,svhn,digits_characters,4,flowers102,0.8192811131477357,0.0212443563214073,0.8333334327|0.8333334327|0.8235294819|0.8039216399|0.8088235855|0.7990196943|0.8529412150|0.8235294819|0.8235294819|0.7794117928|0.8186274767|0.8676471710|0.8039215803|0.8137255907|0.8039216399,0.8205883145|0.8156863332|0.8215686917,0.0025732103330782883,3060,1020,repeated_stratified_5_fold,5,3,20260905|20260906|20260907,0.8248000144958496,500,600,256,128,0.01,1.319799529388547,0.1419263444840908,npu:5
clip_b32,svhn,digits_characters,4,food101,0.68006669485569,0.01359116630510532,0.6821782589|0.6801980734|0.6851484776|0.6633663177|0.6833333969|0.6752475500|0.6821782589|0.6920792460|0.6851485372|0.6718750000|0.6514852047|0.6821782589|0.6653465629|0.7128713131|0.6885417104,0.6788000200|0.6814000256|0.6800000390,0.0010624937862937444,15000,5000,repeated_stratified_5_fold,5,3,20260905|20260906|20260907,0.7345999479293823,500,600,256,128,0.01,1.319799529388547,0.12455685809254646,npu:5
clip_b32,svhn,digits_characters,4,gtsrb,0.8084666807134946,0.013337132016206428,0.8190757036|0.8159204125|0.7972028255|0.8158954382|0.7924720049|0.8249754906|0.7980099320|0.8031967878|0.8329980373|0.7884029150|0.8141592741|0.7870646715|0.8071928024|0.8088530898|0.8209562898,0.8082000160|0.8096000310|0.8075999952,0.000838000923144937,15000,5000,repeated_stratified_5_fold,5,3,20260905|20260906|20260907,0.7391999363899231,500,600,256,128,0.01,1.319799529388547,0.11579558625817299,npu:5
clip_b32,svhn,digits_characters,4,oxford_pets,0.8275362407437701,0.011135850742219747,0.8159674406|0.8165761232|0.8437500000|0.8394558430|0.8147138953|0.8213801980|0.8383152485|0.8342391849|0.8394558430|0.8119890690|0.8416779041|0.8315218091|0.8192934990|0.8299319744|0.8147138953,0.8260869590|0.8290761007|0.8274456626,0.0012219916303663403,11040,3680,repeated_stratified_5_fold,5,3,20260905|20260906|20260907,0.7939493060112,500,600,256,128,0.01,1.319799529388547,0.11118747107684612,npu:5
clip_b32,tiny_imagenet,general_vision,0,beans,0.8745970476027228,0.01811580754575243,0.8846154213|0.8454105854|0.8743960857|0.8883495331|0.8786407709|0.8461539745|0.8647342920|0.8647342920|0.8883495331|0.8980582356|0.8605770469|0.8792270422|0.9033816457|0.8932038546|0.8495146036,0.8742746530|0.8723404487|0.8771760411,0.001987241343446887,3102,1034,repeated_stratified_5_fold,5,3,20260905|20260906|20260907,0.921875,500,600,256,128,0.01,1.2995706032961607,0.1754455380141735,npu:5
clip_b32,tiny_imagenet,general_vision,0,dtd,0.6705674091974894,0.01673254889533972,0.6914893985|0.6848404408|0.6595745087|0.6396276951|0.6875000000|0.6835106611|0.6755319238|0.6542553902|0.6489362121|0.6675532460|0.6715426445|0.6462765932|0.6808511019|0.6941489577|0.6728723645,0.6726064086|0.6659574866|0.6731383324,0.003266932841545535,11280,3760,repeated_stratified_5_fold,5,3,20260905|20260906|20260907,0.6824468374252319,500,600,256,128,0.01,1.2995706032961607,0.16216658055782318,npu:5
clip_b32,tiny_imagenet,general_vision,0,eurosat,0.9077999835491181,0.006975365097035243,0.8946321011|0.9171656370|0.9199199677|0.9127382040|0.8955823183|0.9085485935|0.9131736755|0.9019019604|0.9037110806|0.9126505852|0.9075546265|0.9061876535|0.9069069624|0.9037110806|0.9126505852,0.9079999776|0.9079999793|0.9073999937,0.00028283551379374073,15000,5000,repeated_stratified_5_fold,5,3,20260905|20260906|20260907,0.9151852130889893,500,600,256,128,0.01,1.2995706032961607,0.1179620735347271,npu:5
clip_b32,tiny_imagenet,general_vision,0,flowers102,0.8264706611633302,0.02671755539249789,0.8382353783|0.8627451658|0.8235294819|0.7843137980|0.8284314871|0.7990196943|0.8725490570|0.8284314871|0.8529412746|0.8088235855|0.8382353783|0.8578431606|0.7843137980|0.8137255311|0.8039216399,0.8274510622|0.8323530197|0.8196079016,0.005249152233536277,3060,1020,repeated_stratified_5_fold,5,3,20260905|20260906|20260907,0.8472000360488892,500,600,256,128,0.01,1.2995706032961607,0.1202107835561037,npu:5
clip_b32,tiny_imagenet,general_vision,0,food101,0.7031333656311035,0.010884642768350349,0.7138614058|0.7079207897|0.7099009752|0.6891089678|0.6916667223|0.7049505711|0.7099010348|0.7059406042|0.6881188154|0.7010417581|0.6900990605|0.7168316841|0.6881188154|0.7227723002|0.7062500715,0.7026000227|0.7020000447|0.7048000295,0.0012036942498332127,15000,5000,repeated_stratified_5_fold,5,3,20260905|20260906|20260907,0.757599949836731,500,600,256,128,0.01,1.2995706032961607,0.11270489543676376,npu:5
clip_b32,tiny_imagenet,general_vision,0,gtsrb,0.8236666756153106,0.011991864284150755,0.8082596064|0.8208955526|0.8281718493|0.8340039849|0.8250254393|0.8357915282|0.8189054728|0.8161838055|0.8470824957|0.8006104231|0.8289085627|0.8089552522|0.8291708231|0.8169013858|0.8362157345,0.8232000078|0.8238000040|0.8240000150,0.00033993650067758424,15000,5000,repeated_stratified_5_fold,5,3,20260905|20260906|20260907,0.7515999674797058,500,600,256,128,0.01,1.2995706032961607,0.10195933096110821,npu:5
clip_b32,tiny_imagenet,general_vision,0,oxford_pets,0.8452898637162171,0.010006868493185465,0.8294992447|0.8614131212|0.8478261232|0.8408163786|0.8365122080|0.8497970104|0.8505434990|0.8342391253|0.8585034609|0.8337874413|0.8497969508|0.8519022465|0.8586956859|0.8435374498|0.8324250579,0.8432065284|0.8453804423|0.8472826204,0.0016652897080026443,11040,3680,repeated_stratified_5_fold,5,3,20260905|20260906|20260907,0.8184791207313538,500,600,256,128,0.01,1.2995706032961607,0.09632869251072407,npu:5
clip_b32,tiny_imagenet,general_vision,1,beans,0.8865248471748283,0.023698393158636935,0.8894231319|0.8599033952|0.9033816457|0.8932039142|0.8932039142|0.8990384936|0.8840579987|0.8502415419|0.8834951520|0.9271844625|0.8413462043|0.8985507488|0.9275362492|0.8737864494|0.8737864494,0.8878143400|0.8887814431|0.8829787585,0.002538356558954594,3102,1034,repeated_stratified_5_fold,5,3,20260905|20260906|20260907,0.8984375,500,600,256,128,0.01,1.2797263786196709,0.18309127911925316,npu:5
clip_b32,tiny_imagenet,general_vision,1,dtd,0.6766844193140665,0.012854913043056854,0.6888297796|0.6808511019|0.6569148898|0.6569149494|0.6768617630|0.6662234068|0.6994681358|0.6728723645|0.6635638475|0.6888297796|0.6875000000|0.6595745087|0.6848404408|0.6835106611|0.6835106611,0.6720744967|0.6781915069|0.6797872543,0.003324168272909323,11280,3760,repeated_stratified_5_fold,5,3,20260905|20260906|20260907,0.6829787492752075,500,600,256,128,0.01,1.2797263786196709,0.15594896115362644,npu:5
clip_b32,tiny_imagenet,general_vision,1,eurosat,0.9061999894738197,0.010166683743993925,0.8876738548|0.9181636572|0.9219219685|0.9147442579|0.8925702572|0.9055665135|0.9121756554|0.8948948979|0.8996990919|0.9196786880|0.9055665731|0.9101796150|0.9049049616|0.8946840763|0.9106425643,0.9069999861|0.9063999781|0.9052000043,0.0007483226298548578,15000,5000,repeated_stratified_5_fold,5,3,20260905|20260906|20260907,0.9170370697975159,500,600,256,128,0.01,1.2797263786196709,0.16932696849107742,npu:5
clip_b32,tiny_imagenet,general_vision,1,flowers102,0.8346405863761902,0.0213646428856939,0.8431373239|0.8578431606|0.8529412150|0.8235294819|0.7990196943|0.8137255311|0.8529412746|0.8333333731|0.8382353783|0.8186275363|0.8382353187|0.8872549534|0.8235294819|0.8137255907|0.8235294819,0.8352941751|0.8313726187|0.8372549653,0.0024455243720095093,3060,1020,repeated_stratified_5_fold,5,3,20260905|20260906|20260907,0.8489999771118164,500,600,256,128,0.01,1.2797263786196709,0.1246494073420763,npu:5
clip_b32,tiny_imagenet,general_vision,1,food101,0.6968666983048122,0.014473673958388862,0.7178218365|0.7009900808|0.7029703259|0.7049505711|0.6802083850|0.6821782589|0.7079207897|0.6772277355|0.7009901404|0.7041667104|0.6712871790|0.6900990009|0.6910891533|0.7247524858|0.6958333850,0.7016000384|0.6944000272|0.6946000293,0.003347972682827286,15000,5000,repeated_stratified_5_fold,5,3,20260905|20260906|20260907,0.7637999653816223,500,600,256,128,0.01,1.2797263786196709,0.12289307080209255,npu:5
clip_b32,tiny_imagenet,general_vision,1,gtsrb,0.8277333525220553,0.008286423209434348,0.8269420266|0.8268656731|0.8291708231|0.8420523405|0.8270600438|0.8308751583|0.8268656731|0.8181818724|0.8390341997|0.8158698678|0.8426745534|0.8139303923|0.8231768012|0.8239436150|0.8290946484,0.8304000172|0.8262000332|0.8266000071,0.001892673614191707,15000,5000,repeated_stratified_5_fold,5,3,20260905|20260906|20260907,0.76419997215271,500,600,256,128,0.01,1.2797263786196709,0.11667540110647678,npu:5
clip_b32,tiny_imagenet,general_vision,1,oxford_pets,0.8440217422402423,0.008385225226908743,0.8349119425|0.8437500000|0.8342391253|0.8408163786|0.8596730232|0.8416779041|0.8423913717|0.8369565606|0.8585034609|0.8324250579|0.8497970104|0.8532608747|0.8505434990|0.8448979855|0.8365122080,0.8426630323|0.8423913276|0.8470108668,0.0021165388408977705,11040,3680,repeated_stratified_5_fold,5,3,20260905|20260906|20260907,0.8143908381462097,500,600,256,128,0.01,1.2797263786196709,0.10438335686922073,npu:5
clip_b32,tiny_imagenet,general_vision,2,beans,0.8729851810798422,0.016921177737714056,0.8750001192|0.8309178352|0.8695651889|0.8689320087|0.8883495331|0.8557692766|0.8743961453|0.8743960857|0.8689320683|0.9077669382|0.8653846979|0.8743961453|0.8985506892|0.8689320683|0.8737864494,0.8665377257|0.8762088943|0.8762089232,0.004559039399672668,3102,1034,repeated_stratified_5_fold,5,3,20260905|20260906|20260907,0.8828125,500,600,256,128,0.01,1.208287751302123,0.13811565190553665,npu:5
clip_b32,tiny_imagenet,general_vision,2,dtd,0.6726950685183207,0.012118500602945144,0.6835106611|0.6728724241|0.6662234664|0.6409574747|0.6835106611|0.6662234068|0.6795213223|0.6808511019|0.6755319238|0.6635638475|0.6821808815|0.6555851698|0.6888297796|0.6728723645|0.6781915426,0.6694149375|0.6731383204|0.6755319476,0.002516850862371465,11280,3760,repeated_stratified_5_fold,5,3,20260905|20260906|20260907,0.6813828945159912,500,600,256,128,0.01,1.208287751302123,0.18480259738862514,npu:5
clip_b32,tiny_imagenet,general_vision,2,eurosat,0.9079333156744639,0.007174173611361829,0.9005963206|0.9171656370|0.9219219685|0.9137412310|0.8985943198|0.9085486531|0.9051896334|0.9009009600|0.9047141075|0.9126505852|0.9135188460|0.9031935930|0.9069069028|0.8966900706|0.9146586061,0.9103999726|0.9063999929|0.9069999815,0.0017613051889712502,15000,5000,repeated_stratified_5_fold,5,3,20260905|20260906|20260907,0.9129629731178284,500,600,256,128,0.01,1.208287751302123,0.19257028214633465,npu:5
clip_b32,tiny_imagenet,general_vision,2,flowers102,0.8343137939771017,0.02034559365344035,0.8627451658|0.8284314871|0.8431373239|0.8235294819|0.8235294819|0.8431373239|0.8480392694|0.8382353783|0.8627451658|0.8137255311|0.8235294819|0.8725490570|0.8235294819|0.8039216399|0.8039216399,0.8362745881|0.8411765337|0.8254902601,0.006552268303628603,3060,1020,repeated_stratified_5_fold,5,3,20260905|20260906|20260907,0.842799961566925,500,600,256,128,0.01,1.208287751302123,0.1771699246019125,npu:5
clip_b32,tiny_imagenet,general_vision,2,food101,0.7011333711544673,0.010411017925566146,0.6960396767|0.7000000477|0.7108911276|0.7049505115|0.6895834208|0.7029702663|0.7039604187|0.7099010348|0.7019802332|0.6906250715|0.6792079210|0.7108911276|0.6891089082|0.7217822075|0.7041667700,0.7004000522|0.7020000283|0.7010000330,0.0006599571419144267,15000,5000,repeated_stratified_5_fold,5,3,20260905|20260906|20260907,0.7605999708175659,500,600,256,128,0.01,1.208287751302123,0.18096103705465794,npu:5
clip_b32,tiny_imagenet,general_vision,2,gtsrb,0.8222666727860769,0.011853929933897195,0.8131760359|0.8129353523|0.8121877909|0.8480885029|0.8138352036|0.8357915878|0.8208955526|0.8151848316|0.8370221257|0.8189216852|0.8397246599|0.8218905926|0.8231768012|0.8148893118|0.8056968451,0.8200000027|0.8256000202|0.8211999955,0.002407405190239374,15000,5000,repeated_stratified_5_fold,5,3,20260905|20260906|20260907,0.7525999546051025,500,600,256,128,0.01,1.208287751302123,0.16074025630950928,npu:5
clip_b32,tiny_imagenet,general_vision,2,oxford_pets,0.844836963529604,0.012296391601829068,0.8430310488|0.8274456859|0.8478261232|0.8489795923|0.8637602329|0.8443842530|0.8328804970|0.8546196222|0.8666666746|0.8324251175|0.8322055936|0.8383152485|0.8627717495|0.8312925100|0.8460490704,0.8461956543|0.8461956774|0.8421195589,0.0019214952518762582,11040,3680,repeated_stratified_5_fold,5,3,20260905|20260906|20260907,0.8138457536697388,500,600,256,128,0.01,1.208287751302123,0.11923103779554367,npu:5
clip_b32,tiny_imagenet,general_vision,3,beans,0.8765313082706689,0.01934315100907617,0.9278846979|0.8550724983|0.8985507488|0.8737863898|0.8737864494|0.8653846979|0.8695652485|0.8743961453|0.8446602821|0.8786407709|0.8653846979|0.8743961453|0.8985507488|0.8640776873|0.8834952116,0.8858801105|0.8665377588|0.8771760555,0.007909631934937128,3102,1034,repeated_stratified_5_fold,5,3,20260905|20260906|20260907,0.90625,500,600,256,128,0.01,1.1863318756222725,0.13294551707804203,npu:5
clip_b32,tiny_imagenet,general_vision,3,dtd,0.6706560571988422,0.013053310315898325,0.6861702204|0.6715425849|0.6648936272|0.6515957713|0.6835106611|0.6808511019|0.6755319238|0.6755319238|0.6569149494|0.6542553306|0.6755319834|0.6449468136|0.6914893985|0.6755319834|0.6715425849,0.6715425730|0.6686170459|0.6718085527,0.001445881894626597,11280,3760,repeated_stratified_5_fold,5,3,20260905|20260906|20260907,0.6760637760162354,500,600,256,128,0.01,1.1863318756222725,0.16404888965189457,npu:5
clip_b32,tiny_imagenet,general_vision,3,eurosat,0.9089999830683073,0.007608794491514634,0.8886679411|0.9101796150|0.9209209681|0.9157472849|0.9046184421|0.9174949527|0.9041916132|0.9039039612|0.9057171345|0.9146586061|0.9095426798|0.9061876535|0.9139139056|0.9047141075|0.9146585464,0.9079999963|0.9091999861|0.9097999668,0.0007483200608596348,15000,5000,repeated_stratified_5_fold,5,3,20260905|20260906|20260907,0.9122222065925598,500,600,256,128,0.01,1.1863318756222725,0.21558023989200592,npu:5
clip_b32,tiny_imagenet,general_vision,3,flowers102,0.8382353583971659,0.01960784693560055,0.8676471710|0.8333333731|0.8480392694|0.8039216399|0.8284314275|0.8627451658|0.8529412746|0.8235294819|0.8235294819|0.8088235855|0.8627451658|0.8284314275|0.8480392694|0.8235294819|0.8578431606,0.8362745762|0.8343137980|0.8441177011,0.004235770624024483,3060,1020,repeated_stratified_5_fold,5,3,20260905|20260906|20260907,0.8539999723434448,500,600,256,128,0.01,1.1863318756222725,0.22364584542810917,npu:5
clip_b32,tiny_imagenet,general_vision,3,food101,0.7009333671331405,0.013347695610495258,0.7009901404|0.7009901404|0.7128713131|0.6900990605|0.6895834208|0.6861386299|0.7148514986|0.7009901404|0.7000000477|0.7125000358|0.6673267484|0.7059406042|0.7029703259|0.7247524858|0.7041667104,0.6990000490|0.7028000308|0.7010000216,0.0015520518876621535,15000,5000,repeated_stratified_5_fold,5,3,20260905|20260906|20260907,0.7547999620437622,500,600,256,128,0.01,1.1863318756222725,0.21930689364671707,npu:5
clip_b32,tiny_imagenet,general_vision,3,gtsrb,0.8197333382129669,0.011922937050019173,0.8102262020|0.8169154525|0.8171827793|0.8470824957|0.8179044127|0.8259587288|0.8039801121|0.8191807866|0.8390341997|0.8077315092|0.8328416944|0.8079602122|0.8181817532|0.8078470230|0.8240081668,0.8218000155|0.8192000151|0.8181999840,0.0015173182274629353,15000,5000,repeated_stratified_5_fold,5,3,20260905|20260906|20260907,0.7533999681472778,500,600,256,128,0.01,1.1863318756222725,0.1484741847962141,npu:5
clip_b32,tiny_imagenet,general_vision,3,oxford_pets,0.8507246379835017,0.00871085307271702,0.8565628529|0.8573369980|0.8423913121|0.8557823896|0.8514986038|0.8443841934|0.8423913717|0.8410326242|0.8598639965|0.8596730232|0.8403246403|0.8586956859|0.8668478727|0.8448979855|0.8392370343,0.8527173957|0.8494565262|0.8499999921,0.0014264527574630022,11040,3680,repeated_stratified_5_fold,5,3,20260905|20260906|20260907,0.8168437480926514,500,600,256,128,0.01,1.1863318756222725,0.15768261812627316,npu:5
clip_b32,tiny_imagenet,general_vision,4,beans,0.8855577264963467,0.02427522665155403,0.9038462639|0.8309178352|0.9082125425|0.8932038546|0.9174757004|0.8990385532|0.8647342920|0.8599033952|0.8786407709|0.9223301411|0.8942308426|0.8743961453|0.9033817053|0.8640776873|0.8689320683,0.8907156667|0.8849129866|0.8810445261,0.003974460748839787,3102,1034,repeated_stratified_5_fold,5,3,20260905|20260906|20260907,0.8671875,500,600,256,128,0.01,1.2731353640556335,0.14053599908947945,npu:5
clip_b32,tiny_imagenet,general_vision,4,dtd,0.6739361961682638,0.014601044508064057,0.6941489577|0.6795213223|0.6768617034|0.6422872543|0.6901596189|0.6848404408|0.6795213223|0.6662234068|0.6529256105|0.6781915426|0.6675531864|0.6502659321|0.6835106611|0.6835106611|0.6795213223,0.6765957713|0.6723404646|0.6728723526,0.0018930981969647162,11280,3760,repeated_stratified_5_fold,5,3,20260905|20260906|20260907,0.6771276593208313,500,600,256,128,0.01,1.2731353640556335,0.1601504161953926,npu:5
clip_b32,tiny_imagenet,general_vision,4,eurosat,0.906399996181329,0.00935343729279127,0.8896619678|0.9141716957|0.9219219685|0.9177532196|0.8905622363|0.9115307331|0.9071856737|0.9099099636|0.8946840763|0.9136545658|0.9025844336|0.9031936526|0.8988988996|0.9077231884|0.9126505852,0.9067999945|0.9073999976|0.9049999965,0.0010198039970141,15000,5000,repeated_stratified_5_fold,5,3,20260905|20260906|20260907,0.915925920009613,500,600,256,128,0.01,1.2731353640556335,0.19230514205992222,npu:5
clip_b32,tiny_imagenet,general_vision,4,flowers102,0.8261438608169556,0.03250934945285517,0.8676471114|0.8774510622|0.8039216399|0.7892158031|0.8235294819|0.8137255907|0.8676471114|0.8039216399|0.8431373239|0.7647059560|0.8725490570|0.8235294819|0.8039216399|0.8333333731|0.8039216399,0.8323530197|0.8186275244|0.8274510384,0.0056791337613719345,3060,1020,repeated_stratified_5_fold,5,3,20260905|20260906|20260907,0.8453999757766724,500,600,256,128,0.01,1.2731353640556335,0.1721265260130167,npu:5
clip_b32,tiny_imagenet,general_vision,4,food101,0.6956000255346297,0.014702769701725526,0.7039604187|0.6900990009|0.7089109421|0.7069307566|0.6864583492|0.6752475500|0.7108911276|0.6920791864|0.6841583848|0.6854166985|0.6772277355|0.7019802332|0.6801980734|0.7306931019|0.6989583969,0.6994000289|0.6896000084|0.6978000393,0.004292640696012505,15000,5000,repeated_stratified_5_fold,5,3,20260905|20260906|20260907,0.7535999417304993,500,600,256,128,0.01,1.2731353640556335,0.15598287247121334,npu:5
clip_b32,tiny_imagenet,general_vision,4,gtsrb,0.8250666766921678,0.010726581178067424,0.8200590014|0.8218905330|0.8371628523|0.8430583477|0.8056969047|0.8318584561|0.8268656731|0.8121877909|0.8430583477|0.8199390173|0.8357915878|0.8179104328|0.8181818128|0.8169013858|0.8250254393,0.8256000120|0.8268000163|0.8228000017,0.0016759801347264304,15000,5000,repeated_stratified_5_fold,5,3,20260905|20260906|20260907,0.7608000040054321,500,600,256,128,0.01,1.2731353640556335,0.15950128063559532,npu:5
clip_b32,tiny_imagenet,general_vision,4,oxford_pets,0.8433876927888049,0.008743918012026699,0.8403246403|0.8396739364|0.8437500000|0.8625850677|0.8460490704|0.8322056532|0.8505434990|0.8423913717|0.8435374498|0.8351498842|0.8322056532|0.8410326242|0.8614131212|0.8435374498|0.8365122676,0.8464673828|0.8407608922|0.8429348034,0.002351572591016169,11040,3680,repeated_stratified_5_fold,5,3,20260905|20260906|20260907,0.8231125473976135,500,600,256,128,0.01,1.2731353640556335,0.1527739316225052,npu:5
clip_b32,tissuemnist,medical,0,beans,0.8713733313123614,0.016686968980721126,0.8798077106|0.8357487917|0.8985507488|0.8834951520|0.8737864494|0.8557692766|0.8888889551|0.8792270422|0.8834951520|0.8689320683|0.8557692766|0.8743961453|0.8840579987|0.8446602225|0.8640776873,0.8742746795|0.8752418069|0.8646035075,0.0048032433234658665,3102,1034,repeated_stratified_5_fold,5,3,20260905|20260906|20260907,0.890625,500,600,256,128,0.01,1.2459240723401308,0.14071999117732048,npu:5
clip_b32,tissuemnist,medical,0,dtd,0.6593085408210754,0.010506719702146792,0.6728723645|0.6595744491|0.6449468732|0.6489362121|0.6675532460|0.6688830256|0.6702128053|0.6489362121|0.6409574747|0.6728723645|0.6635638475|0.6462765932|0.6635638475|0.6555851698|0.6648936272,0.6587766290|0.6603723764|0.6587766171,0.0007522453816078763,11280,3760,repeated_stratified_5_fold,5,3,20260905|20260906|20260907,0.6569148898124695,500,600,256,128,0.01,1.2459240723401308,0.17065691202878952,npu:5
clip_b32,tissuemnist,medical,0,eurosat,0.8987333197275799,0.00825596592680201,0.8836977482|0.9011976123|0.9139139652|0.9057171345|0.8905621767|0.9015903473|0.9091815948|0.8928928971|0.9007021189|0.8955823183|0.8886679411|0.9011976719|0.9069069028|0.8886660337|0.9006024003,0.8989999809|0.8999999706|0.8972000076,0.0011585276096493066,15000,5000,repeated_stratified_5_fold,5,3,20260905|20260906|20260907,0.9018518924713135,500,600,256,128,0.01,1.2459240723401308,0.16349425539374352,npu:5
clip_b32,tissuemnist,medical,0,flowers102,0.8055556337038676,0.02145443286702598,0.8333333731|0.8039216399|0.8039216399|0.7794117928|0.8088235855|0.8186275363|0.7745099068|0.7990196943|0.8137255907|0.8137255907|0.8235294819|0.8480392694|0.7745099068|0.7745099068|0.8137255907,0.8058824062|0.8039216638|0.8068628311,0.001222756876111625,3060,1020,repeated_stratified_5_fold,5,3,20260905|20260906|20260907,0.8173999786376953,500,600,256,128,0.01,1.2459240723401308,0.17042427882552147,npu:5
clip_b32,tissuemnist,medical,0,food101,0.6764666851361593,0.012536838268180901,0.6960395575|0.6861386299|0.6722772121|0.6821782589|0.6520833969|0.6702970266|0.6772277355|0.6742574573|0.6821782589|0.6718750000|0.6564356089|0.6891089678|0.6762376428|0.6960396767|0.6625000238,0.6780000112|0.6752000166|0.6762000276,0.001158539917380415,15000,5000,repeated_stratified_5_fold,5,3,20260905|20260906|20260907,0.7311999797821045,500,600,256,128,0.01,1.2459240723401308,0.18629225343465805,npu:5
clip_b32,tissuemnist,medical,0,gtsrb,0.8080666770776112,0.012021272920475482,0.8112094402|0.8059701920|0.8071928024|0.8229376078|0.7965412140|0.8180924654|0.7960199118|0.7952047586|0.8400402069|0.7975585461|0.8131760359|0.7940298319|0.8031967878|0.8088531494|0.8107833862,0.8088000069|0.8094000057|0.8060000187,0.0014817348808060804,15000,5000,repeated_stratified_5_fold,5,3,20260905|20260906|20260907,0.7343999743461609,500,600,256,128,0.01,1.2459240723401308,0.16173652932047844,npu:5
clip_b32,tissuemnist,medical,0,oxford_pets,0.8266304428864647,0.009535488924887137,0.8200269938|0.8260869980|0.8220109344|0.8448979855|0.8365122676|0.8132610917|0.8247282505|0.8192934990|0.8394558430|0.8256130815|0.8267929554|0.8315217495|0.8328804970|0.8068027496|0.8297002316,0.8298913180|0.8244565219|0.8255434887,0.002348099109528672,11040,3680,repeated_stratified_5_fold,5,3,20260905|20260906|20260907,0.778958797454834,500,600,256,128,0.01,1.2459240723401308,0.1373102981597185,npu:5
clip_b32,tissuemnist,medical,1,beans,0.8720180730063404,0.020028563896360152,0.8894231319|0.8502415419|0.8888888955|0.8786407709|0.8689320683|0.8894231319|0.8502415419|0.8454106450|0.8543689847|0.8980582356|0.8990385532|0.8357487917|0.8792270422|0.8640776873|0.8883495331,0.8752417958|0.8675048564|0.8733075668,0.0032875678509353195,3102,1034,repeated_stratified_5_fold,5,3,20260905|20260906|20260907,0.84375,500,600,256,128,0.01,1.4041179921478033,0.17141609080135822,npu:5
clip_b32,tissuemnist,medical,1,dtd,0.6557624379793804,0.011672546515016985,0.6755319238|0.6449468136|0.6436170340|0.6422872543|0.6648936272|0.6422872543|0.6755319834|0.6542553902|0.6635638475|0.6449468136|0.6542553902|0.6502659917|0.6662234068|0.6462765932|0.6675532460,0.6542553306|0.6561170578|0.6569149256,0.0011143541689803815,11280,3760,repeated_stratified_5_fold,5,3,20260905|20260906|20260907,0.6691489219665527,500,600,256,128,0.01,1.4041179921478033,0.17100327089428902,npu:5
clip_b32,tissuemnist,medical,1,eurosat,0.9016666550397873,0.00883324576078039,0.8866798878|0.9081836343|0.9169169664|0.9107322097|0.8825300932|0.8986083269|0.9051896334|0.8988988996|0.9087261558|0.9066264629|0.8946321011|0.9071856737|0.9029029012|0.9017051458|0.8955822587,0.9010000008|0.9035999849|0.9003999794,0.0013888435718856639,15000,5000,repeated_stratified_5_fold,5,3,20260905|20260906|20260907,0.9099999666213989,500,600,256,128,0.01,1.4041179921478033,0.21066372469067574,npu:5
clip_b32,tissuemnist,medical,1,flowers102,0.8003268678983053,0.02675751270308467,0.8137255907|0.8137255907|0.7990196943|0.7941176891|0.7990196943|0.8235294819|0.8088235855|0.7549020052|0.8431373239|0.7696079016|0.8235294819|0.8382353783|0.7598040104|0.7990196943|0.7647058964,0.8039216518|0.8000000596|0.7970588923,0.00281122393791378,3060,1020,repeated_stratified_5_fold,5,3,20260905|20260906|20260907,0.7993999719619751,500,600,256,128,0.01,1.4041179921478033,0.19836113415658474,npu:5
clip_b32,tissuemnist,medical,1,food101,0.670466703971227,0.011861488872926186,0.6841584444|0.6762376428|0.6722772717|0.6742574573|0.6500000954|0.6643564701|0.6663366556|0.6801980734|0.6722772717|0.6729167104|0.6554455757|0.6782178879|0.6524752378|0.6950495243|0.6614583731,0.6716000432|0.6712000395|0.6686000292,0.0013300016732205127,15000,5000,repeated_stratified_5_fold,5,3,20260905|20260906|20260907,0.7281999588012695,500,600,256,128,0.01,1.4041179921478033,0.23142489045858383,npu:5
clip_b32,tissuemnist,medical,1,gtsrb,0.8028666729927062,0.010710405979701283,0.8043264747|0.7920398116|0.8041957617|0.8239436746|0.7934893370|0.8023599386|0.7930348516|0.7962037921|0.8209255934|0.8026449680|0.8161258698|0.7850745916|0.8101897836|0.8028168678|0.7955239415,0.8036000047|0.8030000245|0.8019999897,0.0006599742279349594,15000,5000,repeated_stratified_5_fold,5,3,20260905|20260906|20260907,0.7297999858856201,500,600,256,128,0.01,1.4041179921478033,0.15998708456754684,npu:5
clip_b32,tissuemnist,medical,1,oxford_pets,0.8248188452984112,0.012336866416689518,0.8132610917|0.8274456859|0.8206521869|0.8476190567|0.8324250579|0.8024356961|0.8260869980|0.8369565606|0.8258503675|0.8256130815|0.8213801384|0.8152174354|0.8451087475|0.8054422140|0.8269754648,0.8282608642|0.8233695817|0.8228260900,0.0024439675933720277,11040,3680,repeated_stratified_5_fold,5,3,20260905|20260906|20260907,0.7893158793449402,500,600,256,128,0.01,1.4041179921478033,0.1581064872443676,npu:5
clip_b32,tissuemnist,medical,2,beans,0.8613797580327317,0.021105003534736648,0.8365384936|0.8260869384|0.8888888955|0.8543689251|0.8786407709|0.8605769873|0.8212560415|0.8743960857|0.8737863898|0.8786407709|0.8461539149|0.8599033356|0.8937197924|0.8543689251|0.8737864494,0.8568665393|0.8617021265|0.8655706083,0.0035607251182396523,3102,1034,repeated_stratified_5_fold,5,3,20260905|20260906|20260907,0.84375,500,600,256,128,0.01,1.274211348965764,0.18463200889527798,npu:5
clip_b32,tissuemnist,medical,2,dtd,0.6539007345835368,0.013302011669684475,0.6755319238|0.6502659917|0.6582447290|0.6276595592|0.6542553306|0.6595745087|0.6449468136|0.6609042883|0.6369681358|0.6529255509|0.6768617630|0.6369681358|0.6555851102|0.6502659917|0.6675531864,0.6531915069|0.6510638595|0.6574468374,0.0026536584667821057,11280,3760,repeated_stratified_5_fold,5,3,20260905|20260906|20260907,0.6537233591079712,500,600,256,128,0.01,1.274211348965764,0.20907239988446236,npu:5
clip_b32,tissuemnist,medical,2,eurosat,0.9023333127776781,0.008939493065648941,0.8836977482|0.8982036114|0.9209209681|0.9097291231|0.8945783377|0.9055665731|0.8962075710|0.8998999000|0.8996990919|0.9156626463|0.9015903473|0.8992015719|0.9119119048|0.9017050862|0.8965862989,0.9013999921|0.9033999898|0.9021999564,0.0008219228212466178,15000,5000,repeated_stratified_5_fold,5,3,20260905|20260906|20260907,0.9018518924713135,500,600,256,128,0.01,1.274211348965764,0.19952737540006638,npu:5
clip_b32,tissuemnist,medical,2,flowers102,0.7869281729062397,0.018590140423266302,0.8235294819|0.7745098472|0.7745098472|0.7990196943|0.7843137980|0.7843137980|0.8088235855|0.7794118524|0.8088235855|0.7598040104|0.7941176891|0.7990196943|0.7843137980|0.7794117928|0.7500001192,0.7911765337|0.7882353663|0.7813726187,0.004107777457634052,3060,1020,repeated_stratified_5_fold,5,3,20260905|20260906|20260907,0.8069999814033508,500,600,256,128,0.01,1.274211348965764,0.2108762450516224,npu:5
clip_b32,tissuemnist,medical,2,food101,0.6743333570957185,0.013659637550888332,0.6831682920|0.6712871790|0.6811881661|0.6980198026|0.6572917104|0.6653465629|0.6702970266|0.6801980734|0.6752475500|0.6708333492|0.6524752378|0.6792079210|0.6603960395|0.7039604187|0.6645834446,0.6784000232|0.6724000241|0.6722000240,0.0028767261532938954,15000,5000,repeated_stratified_5_fold,5,3,20260905|20260906|20260907,0.7351999282836914,500,600,256,128,0.01,1.274211348965764,0.1809620764106512,npu:5
clip_b32,tissuemnist,medical,2,gtsrb,0.807333342285951,0.01274206602695224,0.8053097725|0.8169153929|0.7892107964|0.8269617558|0.7985758185|0.8180924058|0.7960199118|0.7842158079|0.8299798965|0.7985758185|0.8180924654|0.8000000119|0.8091908097|0.8098591566|0.8087487221,0.8074000061|0.8054000117|0.8092000091,0.001552058422223218,15000,5000,repeated_stratified_5_fold,5,3,20260905|20260906|20260907,0.7283999919891357,500,600,256,128,0.01,1.274211348965764,0.15449777618050575,npu:5
clip_b32,tissuemnist,medical,2,oxford_pets,0.8262681092581023,0.0069902611405225695,0.8132610321|0.8165761232|0.8315218091|0.8312925100|0.8351498842|0.8294992447|0.8260869980|0.8328804970|0.8312925100|0.8228882551|0.8213801384|0.8288043737|0.8260869980|0.8136054277|0.8337874413,0.8255434758|0.8285326066|0.8247282454,0.0016354634929637176,11040,3680,repeated_stratified_5_fold,5,3,20260905|20260906|20260907,0.7852275371551514,500,600,256,128,0.01,1.274211348965764,0.12541153840720654,npu:5
clip_b32,tissuemnist,medical,3,beans,0.870083838336165,0.014470988687031321,0.8798077106|0.8937197924|0.8647342920|0.8834952116|0.8689321280|0.8557692766|0.8550724983|0.8502415419|0.8883495331|0.8932038546|0.8557692766|0.8550724983|0.8792270422|0.8640776873|0.8640776873,0.8781431637|0.8684719668|0.8636363845,0.006031045112813263,3102,1034,repeated_stratified_5_fold,5,3,20260905|20260906|20260907,0.9375,500,600,256,128,0.01,1.2841158919036388,0.15509523078799248,npu:5
clip_b32,tissuemnist,medical,3,dtd,0.6557624499003093,0.010264566960705853,0.6755319834|0.6462765932|0.6529255509|0.6422872543|0.6569148898|0.6702128053|0.6609042883|0.6529256105|0.6396276951|0.6515958309|0.6609042883|0.6502660513|0.6728723645|0.6502659917|0.6529255509,0.6547872543|0.6550532460|0.6574468493,0.001195990249230147,11280,3760,repeated_stratified_5_fold,5,3,20260905|20260906|20260907,0.65265953540802,500,600,256,128,0.01,1.2841158919036388,0.16335885599255562,npu:5
clip_b32,tissuemnist,medical,3,eurosat,0.8984666490674019,0.008640578295114377,0.8797216415|0.8982036114|0.9119119644|0.9017050862|0.8995983601|0.9015904069|0.9131736755|0.8818818927|0.8926780224|0.8995983601|0.8976142406|0.8962075710|0.9039039016|0.8986960649|0.9006023407,0.8981999960|0.8977999876|0.8993999636,0.0006798571925472067,15000,5000,repeated_stratified_5_fold,5,3,20260905|20260906|20260907,0.9062963128089905,500,600,256,128,0.01,1.2841158919036388,0.15294208005070686,npu:5
clip_b32,tissuemnist,medical,3,flowers102,0.8022876501083375,0.025037886851001036,0.8088235855|0.7990196943|0.7990196943|0.7990196943|0.8039216399|0.7843137980|0.8186274767|0.7598039508|0.8333333731|0.7843137980|0.8578432202|0.8382353783|0.7745098472|0.7892158031|0.7843137980,0.8019608617|0.7960784793|0.8088236094,0.005208306063794403,3060,1020,repeated_stratified_5_fold,5,3,20260905|20260906|20260907,0.8203999996185303,500,600,256,128,0.01,1.2841158919036388,0.20825162529945374,npu:5
clip_b32,tissuemnist,medical,3,food101,0.6673333577712377,0.009311609728403707,0.6762377024|0.6762376428|0.6712871790|0.6831683517|0.6479167342|0.6574257612|0.6594059467|0.6693069339|0.6623762250|0.6729167104|0.6603960395|0.6683168411|0.6564356089|0.6772277355|0.6708334088,0.6712000499|0.6642000115|0.6666000119,0.002904419784298278,15000,5000,repeated_stratified_5_fold,5,3,20260905|20260906|20260907,0.728600025177002,500,600,256,128,0.01,1.2841158919036388,0.15057555213570595,npu:5
clip_b32,tissuemnist,medical,3,gtsrb,0.8062000285903613,0.010796634921903806,0.8072763681|0.8159204125|0.8091908693|0.8189134598|0.7884029150|0.7984267473|0.8039801121|0.7902097702|0.8289738894|0.8006104231|0.8141593337|0.8009950519|0.7992008328|0.7997988462|0.8168870807,0.8080000371|0.8044000173|0.8062000313,0.0014697019389914015,15000,5000,repeated_stratified_5_fold,5,3,20260905|20260906|20260907,0.7350000143051147,500,600,256,128,0.01,1.2841158919036388,0.14043359085917473,npu:5
clip_b32,tissuemnist,medical,3,oxford_pets,0.8183876867851486,0.009655662108817641,0.8227333426|0.8192934990|0.8002717495|0.8285714388|0.8351498842|0.8064951897|0.8070652485|0.8301631212|0.8272109032|0.8065395355|0.8173205853|0.8192934990|0.8233696222|0.8149660230|0.8174387217,0.8211956483|0.8154891462|0.8184782658,0.0023305499739449285,11040,3680,repeated_stratified_5_fold,5,3,20260905|20260906|20260907,0.7827745676040649,500,600,256,128,0.01,1.2841158919036388,0.12320566363632679,npu:5
clip_b32,tissuemnist,medical,4,beans,0.8675048653346197,0.02202600287293545,0.9038462639|0.8309178352|0.8840579391|0.8689320087|0.8932039142|0.8605769873|0.8260869384|0.8647342920|0.8834952116|0.8932039142|0.8846154809|0.8550724983|0.8550724983|0.8592233658|0.8495146036,0.8762089055|0.8655706266|0.8607350639,0.0064635337730434205,3102,1034,repeated_stratified_5_fold,5,3,20260905|20260906|20260907,0.8984375,500,600,256,128,0.01,1.3265588842332363,0.1452129241079092,npu:5
clip_b32,tissuemnist,medical,4,dtd,0.6534574786822,0.01087719076458149,0.6542553902|0.6422872543|0.6595745087|0.6369680762|0.6648936272|0.6622340679|0.6609042883|0.6542553306|0.6316490173|0.6555851698|0.6502660513|0.6476063728|0.6728723645|0.6635638475|0.6449468136,0.6515957713|0.6529255748|0.6558510900,0.0017774748956113143,11280,3760,repeated_stratified_5_fold,5,3,20260905|20260906|20260907,0.6542552709579468,500,600,256,128,0.01,1.3265588842332363,0.17221826501190662,npu:5
clip_b32,tissuemnist,medical,4,eurosat,0.9005999942501385,0.007570580030572446,0.8846918344|0.8962075710|0.9109109640|0.9177532196|0.8985943794|0.9015904069|0.8962075710|0.9009009600|0.8936810493|0.9006023407|0.9005963802|0.8992016315|0.9059059620|0.8946840167|0.9076305032,0.9015999973|0.8985999864|0.9015999990,0.001414219106088776,15000,5000,repeated_stratified_5_fold,5,3,20260905|20260906|20260907,0.9033333659172058,500,600,256,128,0.01,1.3265588842332363,0.15084820427000523,npu:5
clip_b32,tissuemnist,medical,4,flowers102,0.8029412468274435,0.026257920144190868,0.8333333731|0.8186274767|0.8235294819|0.7843137980|0.7941176891|0.7843137980|0.8186274767|0.7598040104|0.8382353783|0.7647059560|0.8284314871|0.8284314871|0.7745098472|0.7745099068|0.8186275363,0.8107843637|0.7931373239|0.8049020529,0.0073365784260426906,3060,1020,repeated_stratified_5_fold,5,3,20260905|20260906|20260907,0.8163999319076538,500,600,256,128,0.01,1.3265588842332363,0.15870527178049088,npu:5
clip_b32,tissuemnist,medical,4,food101,0.679466695189476,0.012893896444980145,0.7019802332|0.6762376428|0.6683168411|0.6871287823|0.6708333492|0.6702970862|0.6970297098|0.6673267484|0.6851485372|0.6802083254|0.6584158540|0.6851485372|0.6613861918|0.6970297098|0.6854167581,0.6810000299|0.6800000190|0.6774000367,0.0015173031977008655,15000,5000,repeated_stratified_5_fold,5,3,20260905|20260906|20260907,0.7319999933242798,500,600,256,128,0.01,1.3265588842332363,0.16401595808565617,npu:5
clip_b32,tissuemnist,medical,4,gtsrb,0.8044000109473863,0.00976321609854206,0.7994100451|0.8029850721|0.8091908097|0.8148893118|0.7945066690|0.8062930107|0.8029850721|0.7942057848|0.8209255934|0.7965412140|0.8121927381|0.7820895910|0.8161838055|0.8098591566|0.8036623001,0.8042000091|0.8042000066|0.8048000171,0.0002828470676507789,15000,5000,repeated_stratified_5_fold,5,3,20260905|20260906|20260907,0.7473999261856079,500,600,256,128,0.01,1.3265588842332363,0.12894253060221672,npu:5
clip_b32,tissuemnist,medical,4,oxford_pets,0.8284420287587505,0.010781179083097711,0.8254396915|0.8491848111|0.8220108747|0.8353741765|0.8242506385|0.8308524489|0.8301631212|0.8138587475|0.8340135813|0.8228883147|0.8200269938|0.8437500000|0.8355978727|0.8054422140|0.8337874413,0.8312499851|0.8263587121|0.8277173891,0.0020615471536626156,11040,3680,repeated_stratified_5_fold,5,3,20260905|20260906|20260907,0.786862850189209,500,600,256,128,0.01,1.3265588842332363,0.12200747802853584,npu:5
clip_b32,usps,digits_characters,0,beans,0.8745970518492175,0.012628907231294251,0.8798077703|0.8743960857|0.8792270422|0.8640776873|0.8883495331|0.8509615660|0.8743960857|0.8985507488|0.8543689847|0.8883495331|0.8701924086|0.8888888955|0.8695651889|0.8689320683|0.8689320683,0.8771760262|0.8733075582|0.8733075712,0.0018236102489868592,3102,1034,repeated_stratified_5_fold,5,3,20260905|20260906|20260907,0.8828125,500,600,256,128,0.01,1.3261205311864614,0.15001754090189934,npu:5
clip_b32,usps,digits_characters,0,dtd,0.6628546476364136,0.013663976015531234,0.6728723645|0.6635638475|0.6555851698|0.6675532460|0.6675531864|0.6635638475|0.6795213223|0.6609042883|0.6343085766|0.6715425849|0.6688830256|0.6303192377|0.6795213223|0.6582447290|0.6688829660,0.6654255629|0.6619681239|0.6611702561,0.0018468625749745895,11280,3760,repeated_stratified_5_fold,5,3,20260905|20260906|20260907,0.6765957474708557,500,600,256,128,0.01,1.3261205311864614,0.1389138028025627,npu:5
clip_b32,usps,digits_characters,0,eurosat,0.9028666494886081,0.00651696505213935,0.8926440477|0.9131736755|0.9129129648|0.9067201614|0.8915662169|0.9035784602|0.9021955729|0.9009009004|0.8966900706|0.9126505852|0.9025844336|0.9041916132|0.8978978992|0.8996990919|0.9056224823,0.9033999880|0.9031999755|0.9019999850,0.0006182403987871684,15000,5000,repeated_stratified_5_fold,5,3,20260905|20260906|20260907,0.905925989151001,500,600,256,128,0.01,1.3261205311864614,0.18287296406924725,npu:5
clip_b32,usps,digits_characters,0,flowers102,0.8124183575312296,0.02180990037827752,0.8235294819|0.8039216399|0.7941176891|0.7892157435|0.7941176891|0.8235294819|0.7941176891|0.8088235855|0.8382353783|0.8088235855|0.8578431606|0.8235294819|0.8235294819|0.8333333731|0.7696079016,0.8009804487|0.8147059441|0.8215686798,0.00855934592203192,3060,1020,repeated_stratified_5_fold,5,3,20260905|20260906|20260907,0.8237999677658081,500,600,256,128,0.01,1.3261205311864614,0.16727206110954285,npu:5
clip_b32,usps,digits_characters,0,food101,0.6796667011578879,0.010679617226480864,0.6920791864|0.6643564701|0.6910891533|0.6871287227|0.6645833254|0.6742574573|0.6891089678|0.6742574573|0.6792079806|0.6895834208|0.6603960991|0.6742574573|0.6762376428|0.6950495243|0.6833333969,0.6800000120|0.6812000531|0.6778000383,0.0014079174211132897,15000,5000,repeated_stratified_5_fold,5,3,20260905|20260906|20260907,0.7372000217437744,500,600,256,128,0.01,1.3261205311864614,0.15282367914915085,npu:5
clip_b32,usps,digits_characters,0,gtsrb,0.8171333318988482,0.011867975733802832,0.8230088949|0.8199005127|0.8131867647|0.8370220661|0.8026449680|0.8200590611|0.8000000119|0.8161838055|0.8420523405|0.8128179312|0.8318583965|0.8079602122|0.8041957617|0.8118711710|0.8138352036,0.8191999900|0.8182000238|0.8139999818,0.002252908502515759,15000,5000,repeated_stratified_5_fold,5,3,20260905|20260906|20260907,0.754599928855896,500,600,256,128,0.01,1.3261205311864614,0.14541504718363285,npu:5
clip_b32,usps,digits_characters,0,oxford_pets,0.8329710240057414,0.005491458449605114,0.8376183510|0.8328804970|0.8260869980|0.8394558430|0.8297002316|0.8335587978|0.8315217495|0.8260869980|0.8448979855|0.8269754648|0.8267928958|0.8328804970|0.8369565606|0.8299320340|0.8392370343,0.8331521881|0.8326086957|0.8331521882,0.0002562047900118655,11040,3680,repeated_stratified_5_fold,5,3,20260905|20260906|20260907,0.7865903377532959,500,600,256,128,0.01,1.3261205311864614,0.1180863045156002,npu:5
clip_b32,usps,digits_characters,1,beans,0.8862024596973361,0.020191544241468025,0.9134615660|0.8743961453|0.9275362492|0.8883495331|0.8883495331|0.8894231319|0.8502415419|0.9033815861|0.9077669382|0.8883495331|0.8846154213|0.8840579987|0.8647342920|0.8640776873|0.8640776873,0.8984526296|0.8878143056|0.8723404439,0.010721010417226855,3102,1034,repeated_stratified_5_fold,5,3,20260905|20260906|20260907,0.8984375,500,600,256,128,0.01,1.2693295050412416,0.12882468849420547,npu:5
clip_b32,usps,digits_characters,1,dtd,0.6631205956141154,0.013232712420756378,0.6781915426|0.6595745087|0.6609042883|0.6542553306|0.6662234664|0.6688830256|0.6768617630|0.6635638475|0.6502659917|0.6595745087|0.6755319238|0.6276595592|0.6835106611|0.6662234068|0.6555851102,0.6638298273|0.6638298273|0.6617021322,0.0010030050812824757,11280,3760,repeated_stratified_5_fold,5,3,20260905|20260906|20260907,0.6617020964622498,500,600,256,128,0.01,1.2693295050412416,0.16011973470449448,npu:5
clip_b32,usps,digits_characters,1,eurosat,0.8962666495561599,0.008072475146666485,0.8916500807|0.8952096105|0.9129129052|0.8966900706|0.8875501156|0.8976142406|0.8952095509|0.8918918967|0.8866599798|0.9136545658|0.8926440477|0.9061876535|0.8898899555|0.8956870437|0.8905622363,0.8967999837|0.8969999697|0.8949999953,0.000899373266087809,15000,5000,repeated_stratified_5_fold,5,3,20260905|20260906|20260907,0.8955555558204651,500,600,256,128,0.01,1.2693295050412416,0.15549787878990173,npu:5
clip_b32,usps,digits_characters,1,flowers102,0.8330066164334614,0.021514088669177003,0.8529412746|0.8284314871|0.8235294819|0.8284314871|0.8137255907|0.8039216399|0.8186275363|0.8333333731|0.8823530078|0.8137255907|0.8529412746|0.8676471114|0.8088235855|0.8333334327|0.8333333731,0.8294118643|0.8303922296|0.8392157555,0.00440872881388522,3060,1020,repeated_stratified_5_fold,5,3,20260905|20260906|20260907,0.824199914932251,500,600,256,128,0.01,1.2693295050412416,0.1535200048238039,npu:5
clip_b32,usps,digits_characters,1,food101,0.6786666917403538,0.010690682837119464,0.6881188154|0.6782178283|0.6762376428|0.6861386299|0.6677083969|0.6712871790|0.6900990009|0.6801980734|0.6732673645|0.6718750596|0.6584158540|0.6762376428|0.6722772121|0.7049505115|0.6843750477,0.6794000213|0.6774000382|0.6792000157,0.0008993734404509884,15000,5000,repeated_stratified_5_fold,5,3,20260905|20260906|20260907,0.7267999649047852,500,600,256,128,0.01,1.2693295050412416,0.16306693479418755,npu:5
clip_b32,usps,digits_characters,1,gtsrb,0.8126000128388405,0.010972664693396018,0.8053097725|0.8149253726|0.8211787939|0.8098591566|0.8067141771|0.8259587288|0.8079602122|0.7972028255|0.8350100517|0.7975585461|0.8289085627|0.8000000119|0.8101897836|0.8098591566|0.8179044127,0.8116000097|0.8128000222|0.8134000066,0.0007483314773852012,15000,5000,repeated_stratified_5_fold,5,3,20260905|20260906|20260907,0.751599907875061,500,600,256,128,0.01,1.2693295050412416,0.16282965429127216,npu:5
clip_b32,usps,digits_characters,1,oxford_pets,0.8347826180142769,0.009117439156395287,0.8200269938|0.8247283101|0.8247282505|0.8503401279|0.8419618607|0.8254396915|0.8423913717|0.8383152485|0.8476191163|0.8324250579|0.8322056532|0.8464674354|0.8288043737|0.8299320340|0.8365122676,0.8323369502|0.8372282738|0.8347826301,0.0019968744870310015,11040,3680,repeated_stratified_5_fold,5,3,20260905|20260906|20260907,0.7936767339706421,500,600,256,128,0.01,1.2693295050412416,0.1628366056829691,npu:5
clip_b32,usps,digits_characters,2,beans,0.8778207778815373,0.01847639711498423,0.8750000596|0.8743960857|0.8743961453|0.8640776873|0.9077669978|0.8605769873|0.8840579987|0.8937197924|0.8932038546|0.9126213193|0.8509616256|0.8599033952|0.8888888955|0.8786408305|0.8495146036,0.8791102605|0.8887814332|0.8655706400,0.00951953445935289,3102,1034,repeated_stratified_5_fold,5,3,20260905|20260906|20260907,0.8984375,500,600,256,128,0.01,1.2633760944008827,0.12355565093457699,npu:5
clip_b32,usps,digits_characters,2,dtd,0.662500015894572,0.014817428149057716,0.6688829660|0.6609042883|0.6755319238|0.6422872543|0.6662234068|0.6635638475|0.6742021441|0.6569148898|0.6382979155|0.6449468136|0.6715425253|0.6382979155|0.6688830256|0.6821808815|0.6848404408,0.6627659678|0.6555851221|0.6691489577,0.005540605082352312,11280,3760,repeated_stratified_5_fold,5,3,20260905|20260906|20260907,0.6622340679168701,500,600,256,128,0.01,1.2633760944008827,0.15065480209887028,npu:5
clip_b32,usps,digits_characters,2,eurosat,0.8995999782284101,0.009192842366580611,0.8936381340|0.9061876535|0.9179179072|0.8986960649|0.8965862989|0.9055665731|0.9021956325|0.8888888955|0.8916749954|0.8995983601|0.8906559944|0.8962075710|0.9029029012|0.8856569529|0.9176706076,0.9025999823|0.8975999880|0.8985999644,0.0021602479038263125,15000,5000,repeated_stratified_5_fold,5,3,20260905|20260906|20260907,0.9099999666213989,500,600,256,128,0.01,1.2633760944008827,0.14752009324729443,npu:5
clip_b32,usps,digits_characters,2,flowers102,0.8143791556358337,0.0251782449159743,0.8382353783|0.8235294819|0.8137255907|0.7941176891|0.8333333731|0.7990196943|0.8088235855|0.7941176891|0.8578432202|0.7794118524|0.8578431606|0.8235294819|0.8284314871|0.7843137980|0.7794118524,0.8205883026|0.8078432083|0.8147059560,0.005208291852063688,3060,1020,repeated_stratified_5_fold,5,3,20260905|20260906|20260907,0.819599986076355,500,600,256,128,0.01,1.2633760944008827,0.16480277106165886,npu:5
clip_b32,usps,digits_characters,2,food101,0.6789333635171255,0.00968813085069355,0.6801980734|0.6801980734|0.6762375832|0.6910891533|0.6625000238|0.6831683517|0.6841584444|0.6811881065|0.6732673645|0.6645833850|0.6633663177|0.6871287823|0.6722772717|0.6910891533|0.6927083731,0.6782000270|0.6774000279|0.6812000357,0.0016357162968950473,15000,5000,repeated_stratified_5_fold,5,3,20260905|20260906|20260907,0.7343999743461609,500,600,256,128,0.01,1.2633760944008827,0.16705233976244926,npu:5
clip_b32,usps,digits_characters,2,gtsrb,0.8212666686375935,0.012055677654387286,0.8190757036|0.8139303327|0.8181817532|0.8360160589|0.8087487817|0.8387414217|0.8089552522|0.8151848316|0.8390341997|0.8148525357|0.8416912556|0.8019900322|0.8131867647|0.8269618154|0.8219735622,0.8191999850|0.8234000216|0.8211999994,0.0017153057059024312,15000,5000,repeated_stratified_5_fold,5,3,20260905|20260906|20260907,0.7517999410629272,500,600,256,128,0.01,1.2633760944008827,0.15976926311850548,npu:5
clip_b32,usps,digits_characters,2,oxford_pets,0.834329735190756,0.011112372440466223,0.8240865469|0.8288043737|0.8315218091|0.8353742361|0.8528610468|0.8308524489|0.8301631212|0.8247283101|0.8517007828|0.8188011050|0.8294992447|0.8328804970|0.8546196222|0.8231292963|0.8460490108,0.8345108969|0.8312500379|0.8372282707,0.0024439628246014714,11040,3680,repeated_stratified_5_fold,5,3,20260905|20260906|20260907,0.7835922241210938,500,600,256,128,0.01,1.2633760944008827,0.16670072823762894,npu:5
clip_b32,usps,digits_characters,3,beans,0.8833011047137621,0.01739093903890311,0.8942308426|0.8792270422|0.8743961453|0.8834951520|0.8932039142|0.9134615660|0.8743961453|0.8550724387|0.8932039142|0.9029126167|0.8750000596|0.9033816457|0.8599033356|0.8932038546|0.8543689251,0.8849129813|0.8878143211|0.8771760117,0.0044901385372327724,3102,1034,repeated_stratified_5_fold,5,3,20260905|20260906|20260907,0.8984375,500,600,256,128,0.01,1.3227383829653263,0.12086937390267849,npu:5
clip_b32,usps,digits_characters,3,dtd,0.6554964860280355,0.012712908388134034,0.6675532460|0.6662234068|0.6489361525|0.6462765932|0.6542553902|0.6781915426|0.6675532460|0.6529256105|0.6462765932|0.6303191781|0.6609042883|0.6356383562|0.6702128053|0.6529255509|0.6542553306,0.6566489577|0.6550532341|0.6547872663,0.0008221224525561969,11280,3760,repeated_stratified_5_fold,5,3,20260905|20260906|20260907,0.6611701846122742,500,600,256,128,0.01,1.3227383829653263,0.12675656378269196,npu:5
clip_b32,usps,digits_characters,3,eurosat,0.8981999813755354,0.007120436609717465,0.8817096949|0.9031935930|0.9069069624|0.9017051458|0.8945782185|0.8996022940|0.9111776352|0.8898898363|0.8886660337|0.8995983601|0.8976142406|0.9001995921|0.9019019604|0.8956870437|0.9006024003,0.8975999849|0.8977999694|0.8991999898,0.0007118104118982882,15000,5000,repeated_stratified_5_fold,5,3,20260905|20260906|20260907,0.9007408022880554,500,600,256,128,0.01,1.3227383829653263,0.13180330209434032,npu:5
clip_b32,usps,digits_characters,3,flowers102,0.8143791476885477,0.02568220283576143,0.8333333731|0.8529412746|0.7843137980|0.7941176891|0.8333333731|0.8186274767|0.8578432202|0.8088235855|0.8284314275|0.7794118524|0.8382353783|0.8137255311|0.7794117928|0.8137255907|0.7794118524,0.8196079016|0.8186275125|0.8049020290,0.0067132766043934335,3060,1020,repeated_stratified_5_fold,5,3,20260905|20260906|20260907,0.8295999765396118,500,600,256,128,0.01,1.3227383829653263,0.13473310135304928,npu:5
clip_b32,usps,digits_characters,3,food101,0.6748666882117589,0.010994347827663436,0.6821782589|0.6742573977|0.6861386299|0.6792079210|0.6593750715|0.6683168411|0.6811881065|0.6693069935|0.6633663774|0.6791666746|0.6524752378|0.6851485372|0.6683168411|0.6960396171|0.6781250834,0.6764000196|0.6722000219|0.6760000231,0.001892675595656151,15000,5000,repeated_stratified_5_fold,5,3,20260905|20260906|20260907,0.7329999208450317,500,600,256,128,0.01,1.3227383829653263,0.17897110804915428,npu:5
clip_b32,usps,digits_characters,3,gtsrb,0.8218666839520137,0.013384930419103542,0.8279253244|0.8218905926|0.8101898432|0.8541247845|0.8128179312|0.8220255971|0.8139303327|0.8131867647|0.8350100517|0.8067141771|0.8456244469|0.8069651723|0.8151848316|0.8239436150|0.8179044127,0.8254000391|0.8181999991|0.8220000136,0.0029409155743644996,15000,5000,repeated_stratified_5_fold,5,3,20260905|20260906|20260907,0.754599928855896,500,600,256,128,0.01,1.3227383829653263,0.17193740420043468,npu:5
clip_b32,usps,digits_characters,3,oxford_pets,0.8365942034600438,0.008607910703160165,0.8308523893|0.8410326242|0.8260869980|0.8408163786|0.8460490704|0.8349119425|0.8342391849|0.8423913717|0.8517007232|0.8365122080|0.8389714956|0.8152173758|0.8301631212|0.8353741765|0.8446866274,0.8369565254|0.8399456542|0.8328804308,0.0028957213580921098,11040,3680,repeated_stratified_5_fold,5,3,20260905|20260906|20260907,0.7884981632232666,500,600,256,128,0.01,1.3227383829653263,0.1842440366744995,npu:5
clip_b32,usps,digits_characters,4,beans,0.882333999176628,0.018128682245212375,0.8846154213|0.8792270422|0.8743961453|0.8543689847|0.9029126167|0.9134615660|0.8550724983|0.9033816457|0.8883495331|0.8883495331|0.9038462639|0.8792270422|0.8695652485|0.8543689251|0.8834951520,0.8791102682|0.8897485698|0.8781431595,0.005257738285235491,3102,1034,repeated_stratified_5_fold,5,3,20260905|20260906|20260907,0.890625,500,600,256,128,0.01,1.3921491354703903,0.10449706763029099,npu:5
clip_b32,usps,digits_characters,4,dtd,0.6551418701807658,0.014588656451370243,0.6702128053|0.6502659917|0.6422872543|0.6436170340|0.6675531864|0.6728723645|0.6662234068|0.6515957713|0.6276595592|0.6502659917|0.6702128053|0.6316490173|0.6688830256|0.6688830256|0.6449468136,0.6547872543|0.6537234187|0.6569149375,0.0013268414463982173,11280,3760,repeated_stratified_5_fold,5,3,20260905|20260906|20260907,0.6670212745666504,500,600,256,128,0.01,1.3921491354703903,0.10904714278876781,npu:5
clip_b32,usps,digits_characters,4,eurosat,0.8949333183566729,0.008736142902322035,0.8777335882|0.9061876535|0.9079079628|0.8966900706|0.8845380545|0.9005963802|0.9021955729|0.8948948979|0.8886660337|0.8975902796|0.9075546265|0.8952096105|0.8868868947|0.8866599798|0.8905621767,0.8945999952|0.8967999759|0.8933999839,0.0014079097171114338,15000,5000,repeated_stratified_5_fold,5,3,20260905|20260906|20260907,0.9111111164093018,500,600,256,128,0.01,1.3921491354703903,0.1337077859789133,npu:5
clip_b32,usps,digits_characters,4,flowers102,0.8127451697985331,0.023894224531018755,0.8431373239|0.8137255907|0.8186275363|0.7745099068|0.7843137980|0.8137255907|0.8529412150|0.7941176891|0.8480392694|0.7843137980|0.8284314871|0.8333333731|0.8088235855|0.7892157435|0.8039216399,0.8068628311|0.8186275125|0.8127451658,0.004802911044607417,3060,1020,repeated_stratified_5_fold,5,3,20260905|20260906|20260907,0.8233999609947205,500,600,256,128,0.01,1.3921491354703903,0.130829319357872,npu:5
clip_b32,usps,digits_characters,4,food101,0.6782000337839126,0.01053028623464503,0.6861386299|0.6673267484|0.6801980138|0.6891089678|0.6739584208|0.6801980138|0.6762376428|0.6762376428|0.6801980734|0.6802083850|0.6524752975|0.6871287227|0.6623762846|0.6891089678|0.6927083731,0.6794000335|0.6786000272|0.6766000407,0.001177564144465493,15000,5000,repeated_stratified_5_fold,5,3,20260905|20260906|20260907,0.7317999601364136,500,600,256,128,0.01,1.3921491354703903,0.1489415355026722,npu:5
clip_b32,usps,digits_characters,4,gtsrb,0.8202000126679737,0.01064255459522753,0.8171091676|0.8248756528|0.8321678638|0.8370221257|0.8016276956|0.8357915282|0.8109452724|0.8091908693|0.8289738894|0.8118005991|0.8279252648|0.8069651723|0.8191807866|0.8249497414|0.8138352036,0.8226000208|0.8194000156|0.8186000016,0.0017282042335347594,15000,5000,repeated_stratified_5_fold,5,3,20260905|20260906|20260907,0.753600001335144,500,600,256,128,0.01,1.3921491354703903,0.1699612159281969,npu:5
clip_b32,usps,digits_characters,4,oxford_pets,0.8302536326582017,0.012378228227613437,0.8200269938|0.8437500000|0.8220109344|0.8340136409|0.8419618607|0.8349119425|0.8437500000|0.8260869980|0.8476191163|0.8079019189|0.8146142960|0.8111413717|0.8369565606|0.8408163786|0.8283378482,0.8323369641|0.8320652215|0.8263587124,0.0027563579459643273,11040,3680,repeated_stratified_5_fold,5,3,20260905|20260906|20260907,0.7857726812362671,500,600,256,128,0.01,1.3921491354703903,0.17814243584871292,npu:5
