encoder,target,method,replicate,shortlist_size,candidate_count,removed_fraction,best_candidate_recall,top3_candidate_recall,best_candidate_family_recall,top3_candidate_family_recall,oracle_source,oracle_sources,oracle_source_count,oracle_source_family,oracle_source_families,selected_source,selected_source_family,shortlist,shortlist_families,candidate_family_count,selected_family_count,removed_family_fraction,oracle_validation_accuracy,selected_validation_accuracy,validation_regret,normalized_validation_regret,oracle_selected_test_accuracy,selected_test_accuracy,test_regret_vs_exhaustive_validation_selection,adapter_seeds,stage2_evaluations,exhaustive_stage2_evaluations
clip_b32,beans,rank_only,-1,3,10,0.7,0,0.3333333333333333,0,0.3333333333333333,cifar10,cifar10,1,cifar10,cifar10,rendered_sst2,rendered_sst2,rendered_sst2|tiny_imagenet|stl10,rendered_sst2|stl10|tiny_imagenet,8,3,0.625,0.8891682932985588,0.8840748092384203,0.005093484060138542,0.272413565984949,0.9015625,0.8890625,0.012500000000000067,5,3,10
clip_b32,beans,facility_subspace,-1,3,10,0.7,0,0.3333333333333333,0,0.3333333333333333,cifar10,cifar10,1,cifar10,cifar10,rendered_sst2,rendered_sst2,cifar100|usps|rendered_sst2,cifar100_shared_images|handwritten_digits|rendered_sst2,8,3,0.625,0.8891682932985588,0.8840748092384203,0.005093484060138542,0.272413565984949,0.9015625,0.8890625,0.012500000000000067,5,3,10
clip_b32,beans,kcenter_subspace,-1,3,10,0.7,0,0.3333333333333333,0,0.3333333333333333,cifar10,cifar10,1,cifar10,cifar10,rendered_sst2,rendered_sst2,rendered_sst2|stl10|mnist,handwritten_digits|rendered_sst2|stl10,8,3,0.625,0.8891682932985588,0.8840748092384203,0.005093484060138542,0.272413565984949,0.9015625,0.8890625,0.012500000000000067,5,3,10
clip_b32,beans,dpp_subspace,-1,3,10,0.7,0,0.3333333333333333,0,0.3333333333333333,cifar10,cifar10,1,cifar10,cifar10,rendered_sst2,rendered_sst2,rendered_sst2|tiny_imagenet|stl10,rendered_sst2|stl10|tiny_imagenet,8,3,0.625,0.8891682932985588,0.8840748092384203,0.005093484060138542,0.272413565984949,0.9015625,0.8890625,0.012500000000000067,5,3,10
clip_b32,beans,pool_vendi_subspace,-1,3,10,0.7,0,0.3333333333333333,0,0.3333333333333333,cifar10,cifar10,1,cifar10,cifar10,rendered_sst2,rendered_sst2,rendered_sst2|stl10|mnist,handwritten_digits|rendered_sst2|stl10,8,3,0.625,0.8891682932985588,0.8840748092384203,0.005093484060138542,0.272413565984949,0.9015625,0.8890625,0.012500000000000067,5,3,10
clip_b32,beans,full_merged_rank,-1,3,10,0.7,0,0.3333333333333333,0,0.3333333333333333,cifar10,cifar10,1,cifar10,cifar10,rendered_sst2,rendered_sst2,rendered_sst2|tiny_imagenet|stl10,rendered_sst2|stl10|tiny_imagenet,8,3,0.625,0.8891682932985588,0.8840748092384203,0.005093484060138542,0.272413565984949,0.9015625,0.8890625,0.012500000000000067,5,3,10
clip_b32,beans,random,0,3,10,0.7,0,0.0,0,0.0,cifar10,cifar10,1,cifar10,cifar10,mnist,handwritten_digits,cifar100_coarse|mnist|stl10,cifar100_shared_images|handwritten_digits|stl10,8,3,0.625,0.8891682932985588,0.8823339888274784,0.006834304471080466,0.36551743953887444,0.9015625,0.89375,0.0078125,5,3,10
clip_b32,beans,random,1,3,10,0.7,0,0.3333333333333333,0,0.3333333333333333,cifar10,cifar10,1,cifar10,cifar10,rendered_sst2,rendered_sst2,cifar100_coarse|rendered_sst2|svhn,cifar100_shared_images|rendered_sst2|svhn,8,3,0.625,0.8891682932985588,0.8840748092384203,0.005093484060138542,0.272413565984949,0.9015625,0.8890625,0.012500000000000067,5,3,10
clip_b32,beans,random,2,3,10,0.7,0,0.3333333333333333,0,0.3333333333333333,cifar10,cifar10,1,cifar10,cifar10,fashion_mnist,fashion_mnist,cifar100_coarse|fashion_mnist|stl10,cifar100_shared_images|fashion_mnist|stl10,8,3,0.625,0.8891682932985588,0.88310769142296,0.00606060187559887,0.324137692285632,0.9015625,0.8984375,0.0031250000000000444,5,3,10
clip_b32,beans,random,3,3,10,0.7,0,0.0,0,0.0,cifar10,cifar10,1,cifar10,cifar10,cifar100,cifar100_shared_images,cifar100|svhn|tiny_imagenet,cifar100_shared_images|svhn|tiny_imagenet,8,3,0.625,0.8891682932985588,0.8827208391433373,0.006447454155221521,0.34482761842600096,0.9015625,0.8921875,0.009375000000000022,5,3,10
clip_b32,beans,random,4,3,10,0.7,0,0.6666666666666666,0,0.6666666666666666,cifar10,cifar10,1,cifar10,cifar10,rendered_sst2,rendered_sst2,cifar100_coarse|fashion_mnist|rendered_sst2,cifar100_shared_images|fashion_mnist|rendered_sst2,8,3,0.625,0.8891682932985588,0.8840748092384203,0.005093484060138542,0.272413565984949,0.9015625,0.8890625,0.012500000000000067,5,3,10
clip_b32,beans,random,5,3,10,0.7,0,0.3333333333333333,0,0.3333333333333333,cifar10,cifar10,1,cifar10,cifar10,rendered_sst2,rendered_sst2,mnist|rendered_sst2|svhn,handwritten_digits|rendered_sst2|svhn,8,3,0.625,0.8891682932985588,0.8840748092384203,0.005093484060138542,0.272413565984949,0.9015625,0.8890625,0.012500000000000067,5,3,10
clip_b32,beans,random,6,3,10,0.7,1,0.3333333333333333,1,0.3333333333333333,cifar10,cifar10,1,cifar10,cifar10,cifar10,cifar10,cifar10|stl10|svhn,cifar10|stl10|svhn,8,3,0.625,0.8891682932985588,0.8891682932985588,0.0,0.0,0.9015625,0.9015625,0.0,5,3,10
clip_b32,beans,random,7,3,10,0.7,1,0.3333333333333333,1,0.3333333333333333,cifar10,cifar10,1,cifar10,cifar10,cifar10,cifar10,cifar10|stl10|tiny_imagenet,cifar10|stl10|tiny_imagenet,8,3,0.625,0.8891682932985588,0.8891682932985588,0.0,0.0,0.9015625,0.9015625,0.0,5,3,10
clip_b32,beans,random,8,3,10,0.7,0,0.0,0,0.0,cifar10,cifar10,1,cifar10,cifar10,usps,handwritten_digits,stl10|svhn|usps,handwritten_digits|stl10|svhn,8,3,0.625,0.8891682932985588,0.8808510786636962,0.00831721463486268,0.44482756223321146,0.9015625,0.89375,0.0078125,5,3,10
clip_b32,beans,random,9,3,10,0.7,0,0.3333333333333333,0,0.3333333333333333,cifar10,cifar10,1,cifar10,cifar10,rendered_sst2,rendered_sst2,cifar100_coarse|rendered_sst2|usps,cifar100_shared_images|handwritten_digits|rendered_sst2,8,3,0.625,0.8891682932985588,0.8840748092384203,0.005093484060138542,0.272413565984949,0.9015625,0.8890625,0.012500000000000067,5,3,10
clip_b32,beans,random,10,3,10,0.7,1,0.3333333333333333,1,0.3333333333333333,cifar10,cifar10,1,cifar10,cifar10,cifar10,cifar10,cifar10|mnist|tiny_imagenet,cifar10|handwritten_digits|tiny_imagenet,8,3,0.625,0.8891682932985588,0.8891682932985588,0.0,0.0,0.9015625,0.9015625,0.0,5,3,10
clip_b32,beans,random,11,3,10,0.7,1,0.3333333333333333,1,0.3333333333333333,cifar10,cifar10,1,cifar10,cifar10,cifar10,cifar10,cifar10|svhn|usps,cifar10|handwritten_digits|svhn,8,3,0.625,0.8891682932985588,0.8891682932985588,0.0,0.0,0.9015625,0.9015625,0.0,5,3,10
clip_b32,beans,random,12,3,10,0.7,0,0.3333333333333333,0,0.3333333333333333,cifar10,cifar10,1,cifar10,cifar10,rendered_sst2,rendered_sst2,mnist|rendered_sst2|svhn,handwritten_digits|rendered_sst2|svhn,8,3,0.625,0.8891682932985588,0.8840748092384203,0.005093484060138542,0.272413565984949,0.9015625,0.8890625,0.012500000000000067,5,3,10
clip_b32,beans,random,13,3,10,0.7,0,0.0,0,0.0,cifar10,cifar10,1,cifar10,cifar10,usps,handwritten_digits,stl10|svhn|usps,handwritten_digits|stl10|svhn,8,3,0.625,0.8891682932985588,0.8808510786636962,0.00831721463486268,0.44482756223321146,0.9015625,0.89375,0.0078125,5,3,10
clip_b32,beans,random,14,3,10,0.7,1,0.3333333333333333,1,0.3333333333333333,cifar10,cifar10,1,cifar10,cifar10,cifar10,cifar10,cifar10|mnist|stl10,cifar10|handwritten_digits|stl10,8,3,0.625,0.8891682932985588,0.8891682932985588,0.0,0.0,0.9015625,0.9015625,0.0,5,3,10
clip_b32,beans,random,15,3,10,0.7,0,0.0,0,0.0,cifar10,cifar10,1,cifar10,cifar10,cifar100,cifar100_shared_images,cifar100|stl10|usps,cifar100_shared_images|handwritten_digits|stl10,8,3,0.625,0.8891682932985588,0.8827208391433373,0.006447454155221521,0.34482761842600096,0.9015625,0.8921875,0.009375000000000022,5,3,10
clip_b32,beans,random,16,3,10,0.7,0,0.3333333333333333,0,0.3333333333333333,cifar10,cifar10,1,cifar10,cifar10,fashion_mnist,fashion_mnist,fashion_mnist|svhn|tiny_imagenet,fashion_mnist|svhn|tiny_imagenet,8,3,0.625,0.8891682932985588,0.88310769142296,0.00606060187559887,0.324137692285632,0.9015625,0.8984375,0.0031250000000000444,5,3,10
clip_b32,beans,random,17,3,10,0.7,0,0.3333333333333333,0,0.3333333333333333,cifar10,cifar10,1,cifar10,cifar10,rendered_sst2,rendered_sst2,cifar100_coarse|rendered_sst2|tiny_imagenet,cifar100_shared_images|rendered_sst2|tiny_imagenet,8,3,0.625,0.8891682932985588,0.8840748092384203,0.005093484060138542,0.272413565984949,0.9015625,0.8890625,0.012500000000000067,5,3,10
clip_b32,beans,random,18,3,10,0.7,0,0.0,0,0.0,cifar10,cifar10,1,cifar10,cifar10,usps,handwritten_digits,cifar100_coarse|svhn|usps,cifar100_shared_images|handwritten_digits|svhn,8,3,0.625,0.8891682932985588,0.8808510786636962,0.00831721463486268,0.44482756223321146,0.9015625,0.89375,0.0078125,5,3,10
clip_b32,beans,random,19,3,10,0.7,0,0.3333333333333333,0,0.3333333333333333,cifar10,cifar10,1,cifar10,cifar10,rendered_sst2,rendered_sst2,mnist|rendered_sst2|stl10,handwritten_digits|rendered_sst2|stl10,8,3,0.625,0.8891682932985588,0.8840748092384203,0.005093484060138542,0.272413565984949,0.9015625,0.8890625,0.012500000000000067,5,3,10
clip_b32,beans,random,20,3,10,0.7,1,0.6666666666666666,1,0.6666666666666666,cifar10,cifar10,1,cifar10,cifar10,cifar10,cifar10,cifar10|cifar100_coarse|fashion_mnist,cifar10|cifar100_shared_images|fashion_mnist,8,3,0.625,0.8891682932985588,0.8891682932985588,0.0,0.0,0.9015625,0.9015625,0.0,5,3,10
clip_b32,beans,random,21,3,10,0.7,1,0.6666666666666666,1,0.6666666666666666,cifar10,cifar10,1,cifar10,cifar10,cifar10,cifar10,cifar10|cifar100_coarse|rendered_sst2,cifar10|cifar100_shared_images|rendered_sst2,8,3,0.625,0.8891682932985588,0.8891682932985588,0.0,0.0,0.9015625,0.9015625,0.0,5,3,10
clip_b32,beans,random,22,3,10,0.7,0,0.6666666666666666,0,0.6666666666666666,cifar10,cifar10,1,cifar10,cifar10,rendered_sst2,rendered_sst2,cifar100|fashion_mnist|rendered_sst2,cifar100_shared_images|fashion_mnist|rendered_sst2,8,3,0.625,0.8891682932985588,0.8840748092384203,0.005093484060138542,0.272413565984949,0.9015625,0.8890625,0.012500000000000067,5,3,10
clip_b32,beans,random,23,3,10,0.7,0,0.3333333333333333,0,0.3333333333333333,cifar10,cifar10,1,cifar10,cifar10,rendered_sst2,rendered_sst2,cifar100_coarse|rendered_sst2|stl10,cifar100_shared_images|rendered_sst2|stl10,8,3,0.625,0.8891682932985588,0.8840748092384203,0.005093484060138542,0.272413565984949,0.9015625,0.8890625,0.012500000000000067,5,3,10
clip_b32,beans,random,24,3,10,0.7,0,0.3333333333333333,0,0.3333333333333333,cifar10,cifar10,1,cifar10,cifar10,fashion_mnist,fashion_mnist,fashion_mnist|stl10|svhn,fashion_mnist|stl10|svhn,8,3,0.625,0.8891682932985588,0.88310769142296,0.00606060187559887,0.324137692285632,0.9015625,0.8984375,0.0031250000000000444,5,3,10
clip_b32,beans,random,25,3,10,0.7,0,0.3333333333333333,0,0.3333333333333333,cifar10,cifar10,1,cifar10,cifar10,rendered_sst2,rendered_sst2,cifar100|rendered_sst2|stl10,cifar100_shared_images|rendered_sst2|stl10,8,3,0.625,0.8891682932985588,0.8840748092384203,0.005093484060138542,0.272413565984949,0.9015625,0.8890625,0.012500000000000067,5,3,10
clip_b32,beans,random,26,3,10,0.7,1,0.3333333333333333,1,0.3333333333333333,cifar10,cifar10,1,cifar10,cifar10,cifar10,cifar10,cifar10|cifar100|usps,cifar10|cifar100_shared_images|handwritten_digits,8,3,0.625,0.8891682932985588,0.8891682932985588,0.0,0.0,0.9015625,0.9015625,0.0,5,3,10
clip_b32,beans,random,27,3,10,0.7,0,0.3333333333333333,0,0.3333333333333333,cifar10,cifar10,1,cifar10,cifar10,rendered_sst2,rendered_sst2,cifar100_coarse|rendered_sst2|tiny_imagenet,cifar100_shared_images|rendered_sst2|tiny_imagenet,8,3,0.625,0.8891682932985588,0.8840748092384203,0.005093484060138542,0.272413565984949,0.9015625,0.8890625,0.012500000000000067,5,3,10
clip_b32,beans,random,28,3,10,0.7,1,0.3333333333333333,1,0.3333333333333333,cifar10,cifar10,1,cifar10,cifar10,cifar10,cifar10,cifar10|stl10|svhn,cifar10|stl10|svhn,8,3,0.625,0.8891682932985588,0.8891682932985588,0.0,0.0,0.9015625,0.9015625,0.0,5,3,10
clip_b32,beans,random,29,3,10,0.7,1,0.6666666666666666,1,0.6666666666666666,cifar10,cifar10,1,cifar10,cifar10,cifar10,cifar10,cifar10|rendered_sst2|usps,cifar10|handwritten_digits|rendered_sst2,8,3,0.625,0.8891682932985588,0.8891682932985588,0.0,0.0,0.9015625,0.9015625,0.0,5,3,10
clip_b32,beans,random,30,3,10,0.7,0,0.3333333333333333,0,0.3333333333333333,cifar10,cifar10,1,cifar10,cifar10,rendered_sst2,rendered_sst2,mnist|rendered_sst2|svhn,handwritten_digits|rendered_sst2|svhn,8,3,0.625,0.8891682932985588,0.8840748092384203,0.005093484060138542,0.272413565984949,0.9015625,0.8890625,0.012500000000000067,5,3,10
clip_b32,beans,random,31,3,10,0.7,0,0.0,0,0.0,cifar10,cifar10,1,cifar10,cifar10,usps,handwritten_digits,cifar100_coarse|tiny_imagenet|usps,cifar100_shared_images|handwritten_digits|tiny_imagenet,8,3,0.625,0.8891682932985588,0.8808510786636962,0.00831721463486268,0.44482756223321146,0.9015625,0.89375,0.0078125,5,3,10
clip_b32,beans,random,32,3,10,0.7,0,0.0,0,0.0,cifar10,cifar10,1,cifar10,cifar10,cifar100,cifar100_shared_images,cifar100|mnist|stl10,cifar100_shared_images|handwritten_digits|stl10,8,3,0.625,0.8891682932985588,0.8827208391433373,0.006447454155221521,0.34482761842600096,0.9015625,0.8921875,0.009375000000000022,5,3,10
clip_b32,beans,random,33,3,10,0.7,0,0.0,0,0.0,cifar10,cifar10,1,cifar10,cifar10,cifar100,cifar100_shared_images,cifar100|cifar100_coarse|tiny_imagenet,cifar100_shared_images|tiny_imagenet,8,2,0.75,0.8891682932985588,0.8827208391433373,0.006447454155221521,0.34482761842600096,0.9015625,0.8921875,0.009375000000000022,5,3,10
clip_b32,beans,random,34,3,10,0.7,0,0.3333333333333333,0,0.3333333333333333,cifar10,cifar10,1,cifar10,cifar10,rendered_sst2,rendered_sst2,rendered_sst2|stl10|svhn,rendered_sst2|stl10|svhn,8,3,0.625,0.8891682932985588,0.8840748092384203,0.005093484060138542,0.272413565984949,0.9015625,0.8890625,0.012500000000000067,5,3,10
clip_b32,beans,random,35,3,10,0.7,0,0.6666666666666666,0,0.6666666666666666,cifar10,cifar10,1,cifar10,cifar10,rendered_sst2,rendered_sst2,fashion_mnist|mnist|rendered_sst2,fashion_mnist|handwritten_digits|rendered_sst2,8,3,0.625,0.8891682932985588,0.8840748092384203,0.005093484060138542,0.272413565984949,0.9015625,0.8890625,0.012500000000000067,5,3,10
clip_b32,beans,random,36,3,10,0.7,0,0.3333333333333333,0,0.3333333333333333,cifar10,cifar10,1,cifar10,cifar10,rendered_sst2,rendered_sst2,cifar100_coarse|mnist|rendered_sst2,cifar100_shared_images|handwritten_digits|rendered_sst2,8,3,0.625,0.8891682932985588,0.8840748092384203,0.005093484060138542,0.272413565984949,0.9015625,0.8890625,0.012500000000000067,5,3,10
clip_b32,beans,random,37,3,10,0.7,1,0.6666666666666666,1,0.6666666666666666,cifar10,cifar10,1,cifar10,cifar10,cifar10,cifar10,cifar10|cifar100|rendered_sst2,cifar10|cifar100_shared_images|rendered_sst2,8,3,0.625,0.8891682932985588,0.8891682932985588,0.0,0.0,0.9015625,0.9015625,0.0,5,3,10
clip_b32,beans,random,38,3,10,0.7,0,0.3333333333333333,0,0.3333333333333333,cifar10,cifar10,1,cifar10,cifar10,rendered_sst2,rendered_sst2,cifar100_coarse|rendered_sst2|usps,cifar100_shared_images|handwritten_digits|rendered_sst2,8,3,0.625,0.8891682932985588,0.8840748092384203,0.005093484060138542,0.272413565984949,0.9015625,0.8890625,0.012500000000000067,5,3,10
clip_b32,beans,random,39,3,10,0.7,1,0.3333333333333333,1,0.3333333333333333,cifar10,cifar10,1,cifar10,cifar10,cifar10,cifar10,cifar10|cifar100|svhn,cifar10|cifar100_shared_images|svhn,8,3,0.625,0.8891682932985588,0.8891682932985588,0.0,0.0,0.9015625,0.9015625,0.0,5,3,10
clip_b32,beans,random,40,3,10,0.7,0,0.3333333333333333,0,0.3333333333333333,cifar10,cifar10,1,cifar10,cifar10,fashion_mnist,fashion_mnist,fashion_mnist|stl10|tiny_imagenet,fashion_mnist|stl10|tiny_imagenet,8,3,0.625,0.8891682932985588,0.88310769142296,0.00606060187559887,0.324137692285632,0.9015625,0.8984375,0.0031250000000000444,5,3,10
clip_b32,beans,random,41,3,10,0.7,1,0.3333333333333333,1,0.3333333333333333,cifar10,cifar10,1,cifar10,cifar10,cifar10,cifar10,cifar10|mnist|usps,cifar10|handwritten_digits,8,2,0.75,0.8891682932985588,0.8891682932985588,0.0,0.0,0.9015625,0.9015625,0.0,5,3,10
clip_b32,beans,random,42,3,10,0.7,1,0.6666666666666666,1,0.6666666666666666,cifar10,cifar10,1,cifar10,cifar10,cifar10,cifar10,cifar10|cifar100|rendered_sst2,cifar10|cifar100_shared_images|rendered_sst2,8,3,0.625,0.8891682932985588,0.8891682932985588,0.0,0.0,0.9015625,0.9015625,0.0,5,3,10
clip_b32,beans,random,43,3,10,0.7,1,0.3333333333333333,1,0.3333333333333333,cifar10,cifar10,1,cifar10,cifar10,cifar10,cifar10,cifar10|svhn|tiny_imagenet,cifar10|svhn|tiny_imagenet,8,3,0.625,0.8891682932985588,0.8891682932985588,0.0,0.0,0.9015625,0.9015625,0.0,5,3,10
clip_b32,beans,random,44,3,10,0.7,0,0.3333333333333333,0,0.3333333333333333,cifar10,cifar10,1,cifar10,cifar10,rendered_sst2,rendered_sst2,mnist|rendered_sst2|svhn,handwritten_digits|rendered_sst2|svhn,8,3,0.625,0.8891682932985588,0.8840748092384203,0.005093484060138542,0.272413565984949,0.9015625,0.8890625,0.012500000000000067,5,3,10
clip_b32,beans,random,45,3,10,0.7,1,0.6666666666666666,1,0.6666666666666666,cifar10,cifar10,1,cifar10,cifar10,cifar10,cifar10,cifar10|rendered_sst2|svhn,cifar10|rendered_sst2|svhn,8,3,0.625,0.8891682932985588,0.8891682932985588,0.0,0.0,0.9015625,0.9015625,0.0,5,3,10
clip_b32,beans,random,46,3,10,0.7,1,0.3333333333333333,1,0.3333333333333333,cifar10,cifar10,1,cifar10,cifar10,cifar10,cifar10,cifar10|tiny_imagenet|usps,cifar10|handwritten_digits|tiny_imagenet,8,3,0.625,0.8891682932985588,0.8891682932985588,0.0,0.0,0.9015625,0.9015625,0.0,5,3,10
clip_b32,beans,random,47,3,10,0.7,0,0.0,0,0.0,cifar10,cifar10,1,cifar10,cifar10,mnist,handwritten_digits,mnist|tiny_imagenet|usps,handwritten_digits|tiny_imagenet,8,2,0.75,0.8891682932985588,0.8823339888274784,0.006834304471080466,0.36551743953887444,0.9015625,0.89375,0.0078125,5,3,10
clip_b32,beans,random,48,3,10,0.7,1,0.3333333333333333,1,0.3333333333333333,cifar10,cifar10,1,cifar10,cifar10,cifar10,cifar10,cifar10|svhn|usps,cifar10|handwritten_digits|svhn,8,3,0.625,0.8891682932985588,0.8891682932985588,0.0,0.0,0.9015625,0.9015625,0.0,5,3,10
clip_b32,beans,random,49,3,10,0.7,1,0.3333333333333333,1,0.3333333333333333,cifar10,cifar10,1,cifar10,cifar10,cifar10,cifar10,cifar10|svhn|usps,cifar10|handwritten_digits|svhn,8,3,0.625,0.8891682932985588,0.8891682932985588,0.0,0.0,0.9015625,0.9015625,0.0,5,3,10
clip_b32,beans,random,50,3,10,0.7,1,0.3333333333333333,1,0.3333333333333333,cifar10,cifar10,1,cifar10,cifar10,cifar10,cifar10,cifar10|stl10|tiny_imagenet,cifar10|stl10|tiny_imagenet,8,3,0.625,0.8891682932985588,0.8891682932985588,0.0,0.0,0.9015625,0.9015625,0.0,5,3,10
clip_b32,beans,random,51,3,10,0.7,0,0.0,0,0.0,cifar10,cifar10,1,cifar10,cifar10,cifar100,cifar100_shared_images,cifar100|mnist|stl10,cifar100_shared_images|handwritten_digits|stl10,8,3,0.625,0.8891682932985588,0.8827208391433373,0.006447454155221521,0.34482761842600096,0.9015625,0.8921875,0.009375000000000022,5,3,10
clip_b32,beans,random,52,3,10,0.7,0,0.0,0,0.0,cifar10,cifar10,1,cifar10,cifar10,usps,handwritten_digits,svhn|tiny_imagenet|usps,handwritten_digits|svhn|tiny_imagenet,8,3,0.625,0.8891682932985588,0.8808510786636962,0.00831721463486268,0.44482756223321146,0.9015625,0.89375,0.0078125,5,3,10
clip_b32,beans,random,53,3,10,0.7,0,0.3333333333333333,0,0.3333333333333333,cifar10,cifar10,1,cifar10,cifar10,fashion_mnist,fashion_mnist,fashion_mnist|tiny_imagenet|usps,fashion_mnist|handwritten_digits|tiny_imagenet,8,3,0.625,0.8891682932985588,0.88310769142296,0.00606060187559887,0.324137692285632,0.9015625,0.8984375,0.0031250000000000444,5,3,10
clip_b32,beans,random,54,3,10,0.7,0,0.0,0,0.0,cifar10,cifar10,1,cifar10,cifar10,cifar100,cifar100_shared_images,cifar100|tiny_imagenet|usps,cifar100_shared_images|handwritten_digits|tiny_imagenet,8,3,0.625,0.8891682932985588,0.8827208391433373,0.006447454155221521,0.34482761842600096,0.9015625,0.8921875,0.009375000000000022,5,3,10
clip_b32,beans,random,55,3,10,0.7,1,0.6666666666666666,1,0.6666666666666666,cifar10,cifar10,1,cifar10,cifar10,cifar10,cifar10,cifar10|rendered_sst2|usps,cifar10|handwritten_digits|rendered_sst2,8,3,0.625,0.8891682932985588,0.8891682932985588,0.0,0.0,0.9015625,0.9015625,0.0,5,3,10
clip_b32,beans,random,56,3,10,0.7,0,0.0,0,0.0,cifar10,cifar10,1,cifar10,cifar10,cifar100,cifar100_shared_images,cifar100|svhn|tiny_imagenet,cifar100_shared_images|svhn|tiny_imagenet,8,3,0.625,0.8891682932985588,0.8827208391433373,0.006447454155221521,0.34482761842600096,0.9015625,0.8921875,0.009375000000000022,5,3,10
clip_b32,beans,random,57,3,10,0.7,1,1.0,1,1.0,cifar10,cifar10,1,cifar10,cifar10,cifar10,cifar10,cifar10|fashion_mnist|rendered_sst2,cifar10|fashion_mnist|rendered_sst2,8,3,0.625,0.8891682932985588,0.8891682932985588,0.0,0.0,0.9015625,0.9015625,0.0,5,3,10
clip_b32,beans,random,58,3,10,0.7,0,0.0,0,0.0,cifar10,cifar10,1,cifar10,cifar10,mnist,handwritten_digits,mnist|svhn|tiny_imagenet,handwritten_digits|svhn|tiny_imagenet,8,3,0.625,0.8891682932985588,0.8823339888274784,0.006834304471080466,0.36551743953887444,0.9015625,0.89375,0.0078125,5,3,10
clip_b32,beans,random,59,3,10,0.7,0,0.0,0,0.0,cifar10,cifar10,1,cifar10,cifar10,usps,handwritten_digits,stl10|svhn|usps,handwritten_digits|stl10|svhn,8,3,0.625,0.8891682932985588,0.8808510786636962,0.00831721463486268,0.44482756223321146,0.9015625,0.89375,0.0078125,5,3,10
clip_b32,beans,random,60,3,10,0.7,0,0.3333333333333333,0,0.3333333333333333,cifar10,cifar10,1,cifar10,cifar10,rendered_sst2,rendered_sst2,cifar100|rendered_sst2|stl10,cifar100_shared_images|rendered_sst2|stl10,8,3,0.625,0.8891682932985588,0.8840748092384203,0.005093484060138542,0.272413565984949,0.9015625,0.8890625,0.012500000000000067,5,3,10
clip_b32,beans,random,61,3,10,0.7,1,0.6666666666666666,1,0.6666666666666666,cifar10,cifar10,1,cifar10,cifar10,cifar10,cifar10,cifar10|cifar100_coarse|fashion_mnist,cifar10|cifar100_shared_images|fashion_mnist,8,3,0.625,0.8891682932985588,0.8891682932985588,0.0,0.0,0.9015625,0.9015625,0.0,5,3,10
clip_b32,beans,random,62,3,10,0.7,0,0.3333333333333333,0,0.3333333333333333,cifar10,cifar10,1,cifar10,cifar10,rendered_sst2,rendered_sst2,cifar100|cifar100_coarse|rendered_sst2,cifar100_shared_images|rendered_sst2,8,2,0.75,0.8891682932985588,0.8840748092384203,0.005093484060138542,0.272413565984949,0.9015625,0.8890625,0.012500000000000067,5,3,10
clip_b32,beans,random,63,3,10,0.7,0,0.0,0,0.0,cifar10,cifar10,1,cifar10,cifar10,mnist,handwritten_digits,mnist|stl10|usps,handwritten_digits|stl10,8,2,0.75,0.8891682932985588,0.8823339888274784,0.006834304471080466,0.36551743953887444,0.9015625,0.89375,0.0078125,5,3,10
clip_b32,beans,random,64,3,10,0.7,0,0.0,0,0.0,cifar10,cifar10,1,cifar10,cifar10,usps,handwritten_digits,stl10|svhn|usps,handwritten_digits|stl10|svhn,8,3,0.625,0.8891682932985588,0.8808510786636962,0.00831721463486268,0.44482756223321146,0.9015625,0.89375,0.0078125,5,3,10
clip_b32,beans,random,65,3,10,0.7,0,0.3333333333333333,0,0.3333333333333333,cifar10,cifar10,1,cifar10,cifar10,fashion_mnist,fashion_mnist,cifar100|fashion_mnist|usps,cifar100_shared_images|fashion_mnist|handwritten_digits,8,3,0.625,0.8891682932985588,0.88310769142296,0.00606060187559887,0.324137692285632,0.9015625,0.8984375,0.0031250000000000444,5,3,10
clip_b32,beans,random,66,3,10,0.7,1,0.6666666666666666,1,0.6666666666666666,cifar10,cifar10,1,cifar10,cifar10,cifar10,cifar10,cifar10|fashion_mnist|tiny_imagenet,cifar10|fashion_mnist|tiny_imagenet,8,3,0.625,0.8891682932985588,0.8891682932985588,0.0,0.0,0.9015625,0.9015625,0.0,5,3,10
clip_b32,beans,random,67,3,10,0.7,0,0.0,0,0.0,cifar10,cifar10,1,cifar10,cifar10,tiny_imagenet,tiny_imagenet,stl10|svhn|tiny_imagenet,stl10|svhn|tiny_imagenet,8,3,0.625,0.8891682932985588,0.8792392221248818,0.009929071173677029,0.5310340924608983,0.9015625,0.8953125,0.006250000000000089,5,3,10
clip_b32,beans,random,68,3,10,0.7,0,0.0,0,0.0,cifar10,cifar10,1,cifar10,cifar10,cifar100,cifar100_shared_images,cifar100|tiny_imagenet|usps,cifar100_shared_images|handwritten_digits|tiny_imagenet,8,3,0.625,0.8891682932985588,0.8827208391433373,0.006447454155221521,0.34482761842600096,0.9015625,0.8921875,0.009375000000000022,5,3,10
clip_b32,beans,random,69,3,10,0.7,0,0.3333333333333333,0,0.3333333333333333,cifar10,cifar10,1,cifar10,cifar10,rendered_sst2,rendered_sst2,mnist|rendered_sst2|usps,handwritten_digits|rendered_sst2,8,2,0.75,0.8891682932985588,0.8840748092384203,0.005093484060138542,0.272413565984949,0.9015625,0.8890625,0.012500000000000067,5,3,10
clip_b32,beans,random,70,3,10,0.7,0,0.0,0,0.0,cifar10,cifar10,1,cifar10,cifar10,mnist,handwritten_digits,cifar100_coarse|mnist|svhn,cifar100_shared_images|handwritten_digits|svhn,8,3,0.625,0.8891682932985588,0.8823339888274784,0.006834304471080466,0.36551743953887444,0.9015625,0.89375,0.0078125,5,3,10
clip_b32,beans,random,71,3,10,0.7,0,0.3333333333333333,0,0.3333333333333333,cifar10,cifar10,1,cifar10,cifar10,rendered_sst2,rendered_sst2,cifar100_coarse|rendered_sst2|usps,cifar100_shared_images|handwritten_digits|rendered_sst2,8,3,0.625,0.8891682932985588,0.8840748092384203,0.005093484060138542,0.272413565984949,0.9015625,0.8890625,0.012500000000000067,5,3,10
clip_b32,beans,random,72,3,10,0.7,1,0.3333333333333333,1,0.3333333333333333,cifar10,cifar10,1,cifar10,cifar10,cifar10,cifar10,cifar10|cifar100_coarse|usps,cifar10|cifar100_shared_images|handwritten_digits,8,3,0.625,0.8891682932985588,0.8891682932985588,0.0,0.0,0.9015625,0.9015625,0.0,5,3,10
clip_b32,beans,random,73,3,10,0.7,0,0.0,0,0.0,cifar10,cifar10,1,cifar10,cifar10,mnist,handwritten_digits,mnist|stl10|svhn,handwritten_digits|stl10|svhn,8,3,0.625,0.8891682932985588,0.8823339888274784,0.006834304471080466,0.36551743953887444,0.9015625,0.89375,0.0078125,5,3,10
clip_b32,beans,random,74,3,10,0.7,0,0.0,0,0.0,cifar10,cifar10,1,cifar10,cifar10,cifar100_coarse,cifar100_shared_images,cifar100_coarse|stl10|svhn,cifar100_shared_images|stl10|svhn,8,3,0.625,0.8891682932985588,0.8764668100461277,0.012701483252431145,0.6793103316394324,0.9015625,0.8984375,0.0031250000000000444,5,3,10
clip_b32,beans,random,75,3,10,0.7,0,0.3333333333333333,0,0.3333333333333333,cifar10,cifar10,1,cifar10,cifar10,fashion_mnist,fashion_mnist,fashion_mnist|stl10|usps,fashion_mnist|handwritten_digits|stl10,8,3,0.625,0.8891682932985588,0.88310769142296,0.00606060187559887,0.324137692285632,0.9015625,0.8984375,0.0031250000000000444,5,3,10
clip_b32,beans,random,76,3,10,0.7,0,0.6666666666666666,0,0.6666666666666666,cifar10,cifar10,1,cifar10,cifar10,rendered_sst2,rendered_sst2,fashion_mnist|rendered_sst2|tiny_imagenet,fashion_mnist|rendered_sst2|tiny_imagenet,8,3,0.625,0.8891682932985588,0.8840748092384203,0.005093484060138542,0.272413565984949,0.9015625,0.8890625,0.012500000000000067,5,3,10
clip_b32,beans,random,77,3,10,0.7,0,0.3333333333333333,0,0.3333333333333333,cifar10,cifar10,1,cifar10,cifar10,rendered_sst2,rendered_sst2,cifar100_coarse|mnist|rendered_sst2,cifar100_shared_images|handwritten_digits|rendered_sst2,8,3,0.625,0.8891682932985588,0.8840748092384203,0.005093484060138542,0.272413565984949,0.9015625,0.8890625,0.012500000000000067,5,3,10
clip_b32,beans,random,78,3,10,0.7,0,0.3333333333333333,0,0.3333333333333333,cifar10,cifar10,1,cifar10,cifar10,rendered_sst2,rendered_sst2,mnist|rendered_sst2|usps,handwritten_digits|rendered_sst2,8,2,0.75,0.8891682932985588,0.8840748092384203,0.005093484060138542,0.272413565984949,0.9015625,0.8890625,0.012500000000000067,5,3,10
clip_b32,beans,random,79,3,10,0.7,0,0.0,0,0.0,cifar10,cifar10,1,cifar10,cifar10,mnist,handwritten_digits,mnist|stl10|tiny_imagenet,handwritten_digits|stl10|tiny_imagenet,8,3,0.625,0.8891682932985588,0.8823339888274784,0.006834304471080466,0.36551743953887444,0.9015625,0.89375,0.0078125,5,3,10
clip_b32,beans,random,80,3,10,0.7,1,0.6666666666666666,1,0.6666666666666666,cifar10,cifar10,1,cifar10,cifar10,cifar10,cifar10,cifar10|fashion_mnist|usps,cifar10|fashion_mnist|handwritten_digits,8,3,0.625,0.8891682932985588,0.8891682932985588,0.0,0.0,0.9015625,0.9015625,0.0,5,3,10
clip_b32,beans,random,81,3,10,0.7,1,0.3333333333333333,1,0.3333333333333333,cifar10,cifar10,1,cifar10,cifar10,cifar10,cifar10,cifar10|cifar100_coarse|svhn,cifar10|cifar100_shared_images|svhn,8,3,0.625,0.8891682932985588,0.8891682932985588,0.0,0.0,0.9015625,0.9015625,0.0,5,3,10
clip_b32,beans,random,82,3,10,0.7,1,0.6666666666666666,1,0.6666666666666666,cifar10,cifar10,1,cifar10,cifar10,cifar10,cifar10,cifar10|mnist|rendered_sst2,cifar10|handwritten_digits|rendered_sst2,8,3,0.625,0.8891682932985588,0.8891682932985588,0.0,0.0,0.9015625,0.9015625,0.0,5,3,10
clip_b32,beans,random,83,3,10,0.7,1,0.3333333333333333,1,0.3333333333333333,cifar10,cifar10,1,cifar10,cifar10,cifar10,cifar10,cifar10|cifar100|cifar100_coarse,cifar10|cifar100_shared_images,8,2,0.75,0.8891682932985588,0.8891682932985588,0.0,0.0,0.9015625,0.9015625,0.0,5,3,10
clip_b32,beans,random,84,3,10,0.7,0,0.0,0,0.0,cifar10,cifar10,1,cifar10,cifar10,usps,handwritten_digits,stl10|tiny_imagenet|usps,handwritten_digits|stl10|tiny_imagenet,8,3,0.625,0.8891682932985588,0.8808510786636962,0.00831721463486268,0.44482756223321146,0.9015625,0.89375,0.0078125,5,3,10
clip_b32,beans,random,85,3,10,0.7,0,0.6666666666666666,0,0.6666666666666666,cifar10,cifar10,1,cifar10,cifar10,rendered_sst2,rendered_sst2,fashion_mnist|rendered_sst2|svhn,fashion_mnist|rendered_sst2|svhn,8,3,0.625,0.8891682932985588,0.8840748092384203,0.005093484060138542,0.272413565984949,0.9015625,0.8890625,0.012500000000000067,5,3,10
clip_b32,beans,random,86,3,10,0.7,1,0.6666666666666666,1,0.6666666666666666,cifar10,cifar10,1,cifar10,cifar10,cifar10,cifar10,cifar10|fashion_mnist|mnist,cifar10|fashion_mnist|handwritten_digits,8,3,0.625,0.8891682932985588,0.8891682932985588,0.0,0.0,0.9015625,0.9015625,0.0,5,3,10
clip_b32,beans,random,87,3,10,0.7,0,0.3333333333333333,0,0.3333333333333333,cifar10,cifar10,1,cifar10,cifar10,rendered_sst2,rendered_sst2,rendered_sst2|stl10|tiny_imagenet,rendered_sst2|stl10|tiny_imagenet,8,3,0.625,0.8891682932985588,0.8840748092384203,0.005093484060138542,0.272413565984949,0.9015625,0.8890625,0.012500000000000067,5,3,10
clip_b32,beans,random,88,3,10,0.7,1,0.6666666666666666,1,0.6666666666666666,cifar10,cifar10,1,cifar10,cifar10,cifar10,cifar10,cifar10|mnist|rendered_sst2,cifar10|handwritten_digits|rendered_sst2,8,3,0.625,0.8891682932985588,0.8891682932985588,0.0,0.0,0.9015625,0.9015625,0.0,5,3,10
clip_b32,beans,random,89,3,10,0.7,1,0.6666666666666666,1,0.6666666666666666,cifar10,cifar10,1,cifar10,cifar10,cifar10,cifar10,cifar10|cifar100|rendered_sst2,cifar10|cifar100_shared_images|rendered_sst2,8,3,0.625,0.8891682932985588,0.8891682932985588,0.0,0.0,0.9015625,0.9015625,0.0,5,3,10
clip_b32,beans,random,90,3,10,0.7,1,0.3333333333333333,1,0.3333333333333333,cifar10,cifar10,1,cifar10,cifar10,cifar10,cifar10,cifar10|cifar100|svhn,cifar10|cifar100_shared_images|svhn,8,3,0.625,0.8891682932985588,0.8891682932985588,0.0,0.0,0.9015625,0.9015625,0.0,5,3,10
clip_b32,beans,random,91,3,10,0.7,0,0.0,0,0.0,cifar10,cifar10,1,cifar10,cifar10,cifar100,cifar100_shared_images,cifar100|tiny_imagenet|usps,cifar100_shared_images|handwritten_digits|tiny_imagenet,8,3,0.625,0.8891682932985588,0.8827208391433373,0.006447454155221521,0.34482761842600096,0.9015625,0.8921875,0.009375000000000022,5,3,10
clip_b32,beans,random,92,3,10,0.7,0,0.3333333333333333,0,0.3333333333333333,cifar10,cifar10,1,cifar10,cifar10,rendered_sst2,rendered_sst2,cifar100|rendered_sst2|usps,cifar100_shared_images|handwritten_digits|rendered_sst2,8,3,0.625,0.8891682932985588,0.8840748092384203,0.005093484060138542,0.272413565984949,0.9015625,0.8890625,0.012500000000000067,5,3,10
clip_b32,beans,random,93,3,10,0.7,0,0.0,0,0.0,cifar10,cifar10,1,cifar10,cifar10,cifar100,cifar100_shared_images,cifar100|mnist|tiny_imagenet,cifar100_shared_images|handwritten_digits|tiny_imagenet,8,3,0.625,0.8891682932985588,0.8827208391433373,0.006447454155221521,0.34482761842600096,0.9015625,0.8921875,0.009375000000000022,5,3,10
clip_b32,beans,random,94,3,10,0.7,1,0.3333333333333333,1,0.3333333333333333,cifar10,cifar10,1,cifar10,cifar10,cifar10,cifar10,cifar10|stl10|svhn,cifar10|stl10|svhn,8,3,0.625,0.8891682932985588,0.8891682932985588,0.0,0.0,0.9015625,0.9015625,0.0,5,3,10
clip_b32,beans,random,95,3,10,0.7,0,0.0,0,0.0,cifar10,cifar10,1,cifar10,cifar10,mnist,handwritten_digits,mnist|stl10|svhn,handwritten_digits|stl10|svhn,8,3,0.625,0.8891682932985588,0.8823339888274784,0.006834304471080466,0.36551743953887444,0.9015625,0.89375,0.0078125,5,3,10
clip_b32,beans,random,96,3,10,0.7,0,0.0,0,0.0,cifar10,cifar10,1,cifar10,cifar10,tiny_imagenet,tiny_imagenet,cifar100_coarse|stl10|tiny_imagenet,cifar100_shared_images|stl10|tiny_imagenet,8,3,0.625,0.8891682932985588,0.8792392221248818,0.009929071173677029,0.5310340924608983,0.9015625,0.8953125,0.006250000000000089,5,3,10
clip_b32,beans,random,97,3,10,0.7,0,0.3333333333333333,0,0.3333333333333333,cifar10,cifar10,1,cifar10,cifar10,fashion_mnist,fashion_mnist,fashion_mnist|mnist|svhn,fashion_mnist|handwritten_digits|svhn,8,3,0.625,0.8891682932985588,0.88310769142296,0.00606060187559887,0.324137692285632,0.9015625,0.8984375,0.0031250000000000444,5,3,10
clip_b32,beans,random,98,3,10,0.7,1,0.3333333333333333,1,0.3333333333333333,cifar10,cifar10,1,cifar10,cifar10,cifar10,cifar10,cifar10|cifar100_coarse|usps,cifar10|cifar100_shared_images|handwritten_digits,8,3,0.625,0.8891682932985588,0.8891682932985588,0.0,0.0,0.9015625,0.9015625,0.0,5,3,10
clip_b32,beans,random,99,3,10,0.7,0,0.3333333333333333,0,0.3333333333333333,cifar10,cifar10,1,cifar10,cifar10,fashion_mnist,fashion_mnist,cifar100|fashion_mnist|usps,cifar100_shared_images|fashion_mnist|handwritten_digits,8,3,0.625,0.8891682932985588,0.88310769142296,0.00606060187559887,0.324137692285632,0.9015625,0.8984375,0.0031250000000000444,5,3,10
clip_b32,beans,rank_only,-1,5,10,0.5,0,0.3333333333333333,0,0.3333333333333333,cifar10,cifar10,1,cifar10,cifar10,rendered_sst2,rendered_sst2,rendered_sst2|tiny_imagenet|stl10|cifar100_coarse|cifar100,cifar100_shared_images|rendered_sst2|stl10|tiny_imagenet,8,4,0.5,0.8891682932985588,0.8840748092384203,0.005093484060138542,0.272413565984949,0.9015625,0.8890625,0.012500000000000067,5,5,10
clip_b32,beans,facility_subspace,-1,5,10,0.5,1,1.0,1,1.0,cifar10,cifar10,1,cifar10,cifar10,cifar10,cifar10,cifar100|usps|rendered_sst2|fashion_mnist|cifar10,cifar10|cifar100_shared_images|fashion_mnist|handwritten_digits|rendered_sst2,8,5,0.375,0.8891682932985588,0.8891682932985588,0.0,0.0,0.9015625,0.9015625,0.0,5,5,10
clip_b32,beans,kcenter_subspace,-1,5,10,0.5,0,0.6666666666666666,0,0.6666666666666666,cifar10,cifar10,1,cifar10,cifar10,rendered_sst2,rendered_sst2,rendered_sst2|stl10|mnist|fashion_mnist|svhn,fashion_mnist|handwritten_digits|rendered_sst2|stl10|svhn,8,5,0.375,0.8891682932985588,0.8840748092384203,0.005093484060138542,0.272413565984949,0.9015625,0.8890625,0.012500000000000067,5,5,10
clip_b32,beans,dpp_subspace,-1,5,10,0.5,1,0.6666666666666666,1,0.6666666666666666,cifar10,cifar10,1,cifar10,cifar10,cifar10,cifar10,rendered_sst2|tiny_imagenet|stl10|cifar100_coarse|cifar10,cifar10|cifar100_shared_images|rendered_sst2|stl10|tiny_imagenet,8,5,0.375,0.8891682932985588,0.8891682932985588,0.0,0.0,0.9015625,0.9015625,0.0,5,5,10
clip_b32,beans,pool_vendi_subspace,-1,5,10,0.5,0,0.6666666666666666,0,0.6666666666666666,cifar10,cifar10,1,cifar10,cifar10,rendered_sst2,rendered_sst2,rendered_sst2|stl10|mnist|fashion_mnist|svhn,fashion_mnist|handwritten_digits|rendered_sst2|stl10|svhn,8,5,0.375,0.8891682932985588,0.8840748092384203,0.005093484060138542,0.272413565984949,0.9015625,0.8890625,0.012500000000000067,5,5,10
clip_b32,beans,full_merged_rank,-1,5,10,0.5,0,0.3333333333333333,0,0.3333333333333333,cifar10,cifar10,1,cifar10,cifar10,rendered_sst2,rendered_sst2,rendered_sst2|tiny_imagenet|stl10|cifar100_coarse|cifar100,cifar100_shared_images|rendered_sst2|stl10|tiny_imagenet,8,4,0.5,0.8891682932985588,0.8840748092384203,0.005093484060138542,0.272413565984949,0.9015625,0.8890625,0.012500000000000067,5,5,10
clip_b32,beans,random,0,5,10,0.5,0,0.3333333333333333,0,0.3333333333333333,cifar10,cifar10,1,cifar10,cifar10,fashion_mnist,fashion_mnist,cifar100_coarse|fashion_mnist|mnist|stl10|usps,cifar100_shared_images|fashion_mnist|handwritten_digits|stl10,8,4,0.5,0.8891682932985588,0.88310769142296,0.00606060187559887,0.324137692285632,0.9015625,0.8984375,0.0031250000000000444,5,5,10
clip_b32,beans,random,1,5,10,0.5,0,0.6666666666666666,0,0.6666666666666666,cifar10,cifar10,1,cifar10,cifar10,rendered_sst2,rendered_sst2,cifar100_coarse|fashion_mnist|rendered_sst2|stl10|svhn,cifar100_shared_images|fashion_mnist|rendered_sst2|stl10|svhn,8,5,0.375,0.8891682932985588,0.8840748092384203,0.005093484060138542,0.272413565984949,0.9015625,0.8890625,0.012500000000000067,5,5,10
clip_b32,beans,random,2,5,10,0.5,1,0.6666666666666666,1,0.6666666666666666,cifar10,cifar10,1,cifar10,cifar10,cifar10,cifar10,cifar10|mnist|rendered_sst2|stl10|tiny_imagenet,cifar10|handwritten_digits|rendered_sst2|stl10|tiny_imagenet,8,5,0.375,0.8891682932985588,0.8891682932985588,0.0,0.0,0.9015625,0.9015625,0.0,5,5,10
clip_b32,beans,random,3,5,10,0.5,0,0.3333333333333333,0,0.3333333333333333,cifar10,cifar10,1,cifar10,cifar10,fashion_mnist,fashion_mnist,cifar100|cifar100_coarse|fashion_mnist|mnist|svhn,cifar100_shared_images|fashion_mnist|handwritten_digits|svhn,8,4,0.5,0.8891682932985588,0.88310769142296,0.00606060187559887,0.324137692285632,0.9015625,0.8984375,0.0031250000000000444,5,5,10
clip_b32,beans,random,4,5,10,0.5,1,0.6666666666666666,1,0.6666666666666666,cifar10,cifar10,1,cifar10,cifar10,cifar10,cifar10,cifar10|cifar100_coarse|fashion_mnist|mnist|stl10,cifar10|cifar100_shared_images|fashion_mnist|handwritten_digits|stl10,8,5,0.375,0.8891682932985588,0.8891682932985588,0.0,0.0,0.9015625,0.9015625,0.0,5,5,10
clip_b32,beans,random,5,5,10,0.5,1,0.6666666666666666,1,0.6666666666666666,cifar10,cifar10,1,cifar10,cifar10,cifar10,cifar10,cifar10|cifar100|cifar100_coarse|rendered_sst2|stl10,cifar10|cifar100_shared_images|rendered_sst2|stl10,8,4,0.5,0.8891682932985588,0.8891682932985588,0.0,0.0,0.9015625,0.9015625,0.0,5,5,10
clip_b32,beans,random,6,5,10,0.5,1,0.3333333333333333,1,0.3333333333333333,cifar10,cifar10,1,cifar10,cifar10,cifar10,cifar10,cifar10|cifar100|mnist|stl10|usps,cifar10|cifar100_shared_images|handwritten_digits|stl10,8,4,0.5,0.8891682932985588,0.8891682932985588,0.0,0.0,0.9015625,0.9015625,0.0,5,5,10
clip_b32,beans,random,7,5,10,0.5,0,0.3333333333333333,0,0.3333333333333333,cifar10,cifar10,1,cifar10,cifar10,rendered_sst2,rendered_sst2,cifar100|rendered_sst2|stl10|svhn|usps,cifar100_shared_images|handwritten_digits|rendered_sst2|stl10|svhn,8,5,0.375,0.8891682932985588,0.8840748092384203,0.005093484060138542,0.272413565984949,0.9015625,0.8890625,0.012500000000000067,5,5,10
clip_b32,beans,random,8,5,10,0.5,0,0.3333333333333333,0,0.3333333333333333,cifar10,cifar10,1,cifar10,cifar10,rendered_sst2,rendered_sst2,cifar100_coarse|rendered_sst2|stl10|svhn|tiny_imagenet,cifar100_shared_images|rendered_sst2|stl10|svhn|tiny_imagenet,8,5,0.375,0.8891682932985588,0.8840748092384203,0.005093484060138542,0.272413565984949,0.9015625,0.8890625,0.012500000000000067,5,5,10
clip_b32,beans,random,9,5,10,0.5,1,0.3333333333333333,1,0.3333333333333333,cifar10,cifar10,1,cifar10,cifar10,cifar10,cifar10,cifar10|mnist|stl10|tiny_imagenet|usps,cifar10|handwritten_digits|stl10|tiny_imagenet,8,4,0.5,0.8891682932985588,0.8891682932985588,0.0,0.0,0.9015625,0.9015625,0.0,5,5,10
clip_b32,beans,random,10,5,10,0.5,1,0.6666666666666666,1,0.6666666666666666,cifar10,cifar10,1,cifar10,cifar10,cifar10,cifar10,cifar10|cifar100_coarse|fashion_mnist|svhn|tiny_imagenet,cifar10|cifar100_shared_images|fashion_mnist|svhn|tiny_imagenet,8,5,0.375,0.8891682932985588,0.8891682932985588,0.0,0.0,0.9015625,0.9015625,0.0,5,5,10
clip_b32,beans,random,11,5,10,0.5,1,0.3333333333333333,1,0.3333333333333333,cifar10,cifar10,1,cifar10,cifar10,cifar10,cifar10,cifar10|cifar100_coarse|mnist|stl10|tiny_imagenet,cifar10|cifar100_shared_images|handwritten_digits|stl10|tiny_imagenet,8,5,0.375,0.8891682932985588,0.8891682932985588,0.0,0.0,0.9015625,0.9015625,0.0,5,5,10
clip_b32,beans,random,12,5,10,0.5,1,0.3333333333333333,1,0.3333333333333333,cifar10,cifar10,1,cifar10,cifar10,cifar10,cifar10,cifar10|mnist|stl10|svhn|usps,cifar10|handwritten_digits|stl10|svhn,8,4,0.5,0.8891682932985588,0.8891682932985588,0.0,0.0,0.9015625,0.9015625,0.0,5,5,10
clip_b32,beans,random,13,5,10,0.5,0,0.3333333333333333,0,0.3333333333333333,cifar10,cifar10,1,cifar10,cifar10,rendered_sst2,rendered_sst2,cifar100|cifar100_coarse|rendered_sst2|svhn|tiny_imagenet,cifar100_shared_images|rendered_sst2|svhn|tiny_imagenet,8,4,0.5,0.8891682932985588,0.8840748092384203,0.005093484060138542,0.272413565984949,0.9015625,0.8890625,0.012500000000000067,5,5,10
clip_b32,beans,random,14,5,10,0.5,1,0.6666666666666666,1,0.6666666666666666,cifar10,cifar10,1,cifar10,cifar10,cifar10,cifar10,cifar10|fashion_mnist|mnist|stl10|svhn,cifar10|fashion_mnist|handwritten_digits|stl10|svhn,8,5,0.375,0.8891682932985588,0.8891682932985588,0.0,0.0,0.9015625,0.9015625,0.0,5,5,10
clip_b32,beans,random,15,5,10,0.5,1,0.6666666666666666,1,0.6666666666666666,cifar10,cifar10,1,cifar10,cifar10,cifar10,cifar10,cifar10|cifar100|fashion_mnist|mnist|usps,cifar10|cifar100_shared_images|fashion_mnist|handwritten_digits,8,4,0.5,0.8891682932985588,0.8891682932985588,0.0,0.0,0.9015625,0.9015625,0.0,5,5,10
clip_b32,beans,random,16,5,10,0.5,1,1.0,1,1.0,cifar10,cifar10,1,cifar10,cifar10,cifar10,cifar10,cifar10|fashion_mnist|mnist|rendered_sst2|tiny_imagenet,cifar10|fashion_mnist|handwritten_digits|rendered_sst2|tiny_imagenet,8,5,0.375,0.8891682932985588,0.8891682932985588,0.0,0.0,0.9015625,0.9015625,0.0,5,5,10
clip_b32,beans,random,17,5,10,0.5,0,0.3333333333333333,0,0.3333333333333333,cifar10,cifar10,1,cifar10,cifar10,fashion_mnist,fashion_mnist,cifar100_coarse|fashion_mnist|mnist|stl10|tiny_imagenet,cifar100_shared_images|fashion_mnist|handwritten_digits|stl10|tiny_imagenet,8,5,0.375,0.8891682932985588,0.88310769142296,0.00606060187559887,0.324137692285632,0.9015625,0.8984375,0.0031250000000000444,5,5,10
clip_b32,beans,random,18,5,10,0.5,1,0.6666666666666666,1,0.6666666666666666,cifar10,cifar10,1,cifar10,cifar10,cifar10,cifar10,cifar10|rendered_sst2|stl10|tiny_imagenet|usps,cifar10|handwritten_digits|rendered_sst2|stl10|tiny_imagenet,8,5,0.375,0.8891682932985588,0.8891682932985588,0.0,0.0,0.9015625,0.9015625,0.0,5,5,10
clip_b32,beans,random,19,5,10,0.5,1,1.0,1,1.0,cifar10,cifar10,1,cifar10,cifar10,cifar10,cifar10,cifar10|cifar100|fashion_mnist|rendered_sst2|tiny_imagenet,cifar10|cifar100_shared_images|fashion_mnist|rendered_sst2|tiny_imagenet,8,5,0.375,0.8891682932985588,0.8891682932985588,0.0,0.0,0.9015625,0.9015625,0.0,5,5,10
clip_b32,beans,random,20,5,10,0.5,0,0.0,0,0.0,cifar10,cifar10,1,cifar10,cifar10,cifar100,cifar100_shared_images,cifar100|cifar100_coarse|mnist|stl10|tiny_imagenet,cifar100_shared_images|handwritten_digits|stl10|tiny_imagenet,8,4,0.5,0.8891682932985588,0.8827208391433373,0.006447454155221521,0.34482761842600096,0.9015625,0.8921875,0.009375000000000022,5,5,10
clip_b32,beans,random,21,5,10,0.5,0,0.3333333333333333,0,0.3333333333333333,cifar10,cifar10,1,cifar10,cifar10,rendered_sst2,rendered_sst2,cifar100|cifar100_coarse|rendered_sst2|svhn|tiny_imagenet,cifar100_shared_images|rendered_sst2|svhn|tiny_imagenet,8,4,0.5,0.8891682932985588,0.8840748092384203,0.005093484060138542,0.272413565984949,0.9015625,0.8890625,0.012500000000000067,5,5,10
clip_b32,beans,random,22,5,10,0.5,1,0.3333333333333333,1,0.3333333333333333,cifar10,cifar10,1,cifar10,cifar10,cifar10,cifar10,cifar10|cifar100_coarse|mnist|stl10|svhn,cifar10|cifar100_shared_images|handwritten_digits|stl10|svhn,8,5,0.375,0.8891682932985588,0.8891682932985588,0.0,0.0,0.9015625,0.9015625,0.0,5,5,10
clip_b32,beans,random,23,5,10,0.5,1,0.6666666666666666,1,0.6666666666666666,cifar10,cifar10,1,cifar10,cifar10,cifar10,cifar10,cifar10|rendered_sst2|svhn|tiny_imagenet|usps,cifar10|handwritten_digits|rendered_sst2|svhn|tiny_imagenet,8,5,0.375,0.8891682932985588,0.8891682932985588,0.0,0.0,0.9015625,0.9015625,0.0,5,5,10
clip_b32,beans,random,24,5,10,0.5,0,0.3333333333333333,0,0.3333333333333333,cifar10,cifar10,1,cifar10,cifar10,fashion_mnist,fashion_mnist,cifar100|cifar100_coarse|fashion_mnist|svhn|usps,cifar100_shared_images|fashion_mnist|handwritten_digits|svhn,8,4,0.5,0.8891682932985588,0.88310769142296,0.00606060187559887,0.324137692285632,0.9015625,0.8984375,0.0031250000000000444,5,5,10
clip_b32,beans,random,25,5,10,0.5,0,0.6666666666666666,0,0.6666666666666666,cifar10,cifar10,1,cifar10,cifar10,rendered_sst2,rendered_sst2,fashion_mnist|mnist|rendered_sst2|stl10|svhn,fashion_mnist|handwritten_digits|rendered_sst2|stl10|svhn,8,5,0.375,0.8891682932985588,0.8840748092384203,0.005093484060138542,0.272413565984949,0.9015625,0.8890625,0.012500000000000067,5,5,10
clip_b32,beans,random,26,5,10,0.5,0,0.0,0,0.0,cifar10,cifar10,1,cifar10,cifar10,cifar100,cifar100_shared_images,cifar100|mnist|stl10|svhn|usps,cifar100_shared_images|handwritten_digits|stl10|svhn,8,4,0.5,0.8891682932985588,0.8827208391433373,0.006447454155221521,0.34482761842600096,0.9015625,0.8921875,0.009375000000000022,5,5,10
clip_b32,beans,random,27,5,10,0.5,0,0.6666666666666666,0,0.6666666666666666,cifar10,cifar10,1,cifar10,cifar10,rendered_sst2,rendered_sst2,cifar100_coarse|fashion_mnist|rendered_sst2|svhn|tiny_imagenet,cifar100_shared_images|fashion_mnist|rendered_sst2|svhn|tiny_imagenet,8,5,0.375,0.8891682932985588,0.8840748092384203,0.005093484060138542,0.272413565984949,0.9015625,0.8890625,0.012500000000000067,5,5,10
clip_b32,beans,random,28,5,10,0.5,0,0.3333333333333333,0,0.3333333333333333,cifar10,cifar10,1,cifar10,cifar10,rendered_sst2,rendered_sst2,mnist|rendered_sst2|svhn|tiny_imagenet|usps,handwritten_digits|rendered_sst2|svhn|tiny_imagenet,8,4,0.5,0.8891682932985588,0.8840748092384203,0.005093484060138542,0.272413565984949,0.9015625,0.8890625,0.012500000000000067,5,5,10
clip_b32,beans,random,29,5,10,0.5,0,0.6666666666666666,0,0.6666666666666666,cifar10,cifar10,1,cifar10,cifar10,rendered_sst2,rendered_sst2,cifar100|fashion_mnist|mnist|rendered_sst2|usps,cifar100_shared_images|fashion_mnist|handwritten_digits|rendered_sst2,8,4,0.5,0.8891682932985588,0.8840748092384203,0.005093484060138542,0.272413565984949,0.9015625,0.8890625,0.012500000000000067,5,5,10
clip_b32,beans,random,30,5,10,0.5,1,0.6666666666666666,1,0.6666666666666666,cifar10,cifar10,1,cifar10,cifar10,cifar10,cifar10,cifar10|fashion_mnist|mnist|stl10|svhn,cifar10|fashion_mnist|handwritten_digits|stl10|svhn,8,5,0.375,0.8891682932985588,0.8891682932985588,0.0,0.0,0.9015625,0.9015625,0.0,5,5,10
clip_b32,beans,random,31,5,10,0.5,1,0.6666666666666666,1,0.6666666666666666,cifar10,cifar10,1,cifar10,cifar10,cifar10,cifar10,cifar10|cifar100|cifar100_coarse|rendered_sst2|stl10,cifar10|cifar100_shared_images|rendered_sst2|stl10,8,4,0.5,0.8891682932985588,0.8891682932985588,0.0,0.0,0.9015625,0.9015625,0.0,5,5,10
clip_b32,beans,random,32,5,10,0.5,1,0.6666666666666666,1,0.6666666666666666,cifar10,cifar10,1,cifar10,cifar10,cifar10,cifar10,cifar10|cifar100|fashion_mnist|svhn|usps,cifar10|cifar100_shared_images|fashion_mnist|handwritten_digits|svhn,8,5,0.375,0.8891682932985588,0.8891682932985588,0.0,0.0,0.9015625,0.9015625,0.0,5,5,10
clip_b32,beans,random,33,5,10,0.5,0,0.6666666666666666,0,0.6666666666666666,cifar10,cifar10,1,cifar10,cifar10,rendered_sst2,rendered_sst2,fashion_mnist|mnist|rendered_sst2|svhn|tiny_imagenet,fashion_mnist|handwritten_digits|rendered_sst2|svhn|tiny_imagenet,8,5,0.375,0.8891682932985588,0.8840748092384203,0.005093484060138542,0.272413565984949,0.9015625,0.8890625,0.012500000000000067,5,5,10
clip_b32,beans,random,34,5,10,0.5,1,1.0,1,1.0,cifar10,cifar10,1,cifar10,cifar10,cifar10,cifar10,cifar10|fashion_mnist|rendered_sst2|stl10|usps,cifar10|fashion_mnist|handwritten_digits|rendered_sst2|stl10,8,5,0.375,0.8891682932985588,0.8891682932985588,0.0,0.0,0.9015625,0.9015625,0.0,5,5,10
clip_b32,beans,random,35,5,10,0.5,1,1.0,1,1.0,cifar10,cifar10,1,cifar10,cifar10,cifar10,cifar10,cifar10|fashion_mnist|rendered_sst2|stl10|svhn,cifar10|fashion_mnist|rendered_sst2|stl10|svhn,8,5,0.375,0.8891682932985588,0.8891682932985588,0.0,0.0,0.9015625,0.9015625,0.0,5,5,10
clip_b32,beans,random,36,5,10,0.5,0,0.3333333333333333,0,0.3333333333333333,cifar10,cifar10,1,cifar10,cifar10,fashion_mnist,fashion_mnist,cifar100_coarse|fashion_mnist|stl10|svhn|tiny_imagenet,cifar100_shared_images|fashion_mnist|stl10|svhn|tiny_imagenet,8,5,0.375,0.8891682932985588,0.88310769142296,0.00606060187559887,0.324137692285632,0.9015625,0.8984375,0.0031250000000000444,5,5,10
clip_b32,beans,random,37,5,10,0.5,0,0.3333333333333333,0,0.3333333333333333,cifar10,cifar10,1,cifar10,cifar10,rendered_sst2,rendered_sst2,cifar100_coarse|rendered_sst2|stl10|tiny_imagenet|usps,cifar100_shared_images|handwritten_digits|rendered_sst2|stl10|tiny_imagenet,8,5,0.375,0.8891682932985588,0.8840748092384203,0.005093484060138542,0.272413565984949,0.9015625,0.8890625,0.012500000000000067,5,5,10
clip_b32,beans,random,38,5,10,0.5,1,0.6666666666666666,1,0.6666666666666666,cifar10,cifar10,1,cifar10,cifar10,cifar10,cifar10,cifar10|cifar100_coarse|fashion_mnist|stl10|tiny_imagenet,cifar10|cifar100_shared_images|fashion_mnist|stl10|tiny_imagenet,8,5,0.375,0.8891682932985588,0.8891682932985588,0.0,0.0,0.9015625,0.9015625,0.0,5,5,10
clip_b32,beans,random,39,5,10,0.5,0,0.6666666666666666,0,0.6666666666666666,cifar10,cifar10,1,cifar10,cifar10,rendered_sst2,rendered_sst2,cifar100|fashion_mnist|mnist|rendered_sst2|tiny_imagenet,cifar100_shared_images|fashion_mnist|handwritten_digits|rendered_sst2|tiny_imagenet,8,5,0.375,0.8891682932985588,0.8840748092384203,0.005093484060138542,0.272413565984949,0.9015625,0.8890625,0.012500000000000067,5,5,10
clip_b32,beans,random,40,5,10,0.5,0,0.3333333333333333,0,0.3333333333333333,cifar10,cifar10,1,cifar10,cifar10,fashion_mnist,fashion_mnist,cifar100|cifar100_coarse|fashion_mnist|stl10|usps,cifar100_shared_images|fashion_mnist|handwritten_digits|stl10,8,4,0.5,0.8891682932985588,0.88310769142296,0.00606060187559887,0.324137692285632,0.9015625,0.8984375,0.0031250000000000444,5,5,10
clip_b32,beans,random,41,5,10,0.5,0,0.6666666666666666,0,0.6666666666666666,cifar10,cifar10,1,cifar10,cifar10,rendered_sst2,rendered_sst2,cifar100_coarse|fashion_mnist|rendered_sst2|svhn|tiny_imagenet,cifar100_shared_images|fashion_mnist|rendered_sst2|svhn|tiny_imagenet,8,5,0.375,0.8891682932985588,0.8840748092384203,0.005093484060138542,0.272413565984949,0.9015625,0.8890625,0.012500000000000067,5,5,10
clip_b32,beans,random,42,5,10,0.5,1,0.3333333333333333,1,0.3333333333333333,cifar10,cifar10,1,cifar10,cifar10,cifar10,cifar10,cifar10|cifar100|mnist|stl10|usps,cifar10|cifar100_shared_images|handwritten_digits|stl10,8,4,0.5,0.8891682932985588,0.8891682932985588,0.0,0.0,0.9015625,0.9015625,0.0,5,5,10
clip_b32,beans,random,43,5,10,0.5,0,0.0,0,0.0,cifar10,cifar10,1,cifar10,cifar10,cifar100,cifar100_shared_images,cifar100|cifar100_coarse|mnist|tiny_imagenet|usps,cifar100_shared_images|handwritten_digits|tiny_imagenet,8,3,0.625,0.8891682932985588,0.8827208391433373,0.006447454155221521,0.34482761842600096,0.9015625,0.8921875,0.009375000000000022,5,5,10
clip_b32,beans,random,44,5,10,0.5,1,1.0,1,1.0,cifar10,cifar10,1,cifar10,cifar10,cifar10,cifar10,cifar10|cifar100_coarse|fashion_mnist|rendered_sst2|svhn,cifar10|cifar100_shared_images|fashion_mnist|rendered_sst2|svhn,8,5,0.375,0.8891682932985588,0.8891682932985588,0.0,0.0,0.9015625,0.9015625,0.0,5,5,10
clip_b32,beans,random,45,5,10,0.5,1,0.6666666666666666,1,0.6666666666666666,cifar10,cifar10,1,cifar10,cifar10,cifar10,cifar10,cifar10|cifar100|rendered_sst2|tiny_imagenet|usps,cifar10|cifar100_shared_images|handwritten_digits|rendered_sst2|tiny_imagenet,8,5,0.375,0.8891682932985588,0.8891682932985588,0.0,0.0,0.9015625,0.9015625,0.0,5,5,10
clip_b32,beans,random,46,5,10,0.5,1,0.3333333333333333,1,0.3333333333333333,cifar10,cifar10,1,cifar10,cifar10,cifar10,cifar10,cifar10|cifar100_coarse|mnist|stl10|tiny_imagenet,cifar10|cifar100_shared_images|handwritten_digits|stl10|tiny_imagenet,8,5,0.375,0.8891682932985588,0.8891682932985588,0.0,0.0,0.9015625,0.9015625,0.0,5,5,10
clip_b32,beans,random,47,5,10,0.5,0,0.0,0,0.0,cifar10,cifar10,1,cifar10,cifar10,cifar100,cifar100_shared_images,cifar100|mnist|stl10|svhn|usps,cifar100_shared_images|handwritten_digits|stl10|svhn,8,4,0.5,0.8891682932985588,0.8827208391433373,0.006447454155221521,0.34482761842600096,0.9015625,0.8921875,0.009375000000000022,5,5,10
clip_b32,beans,random,48,5,10,0.5,1,0.6666666666666666,1,0.6666666666666666,cifar10,cifar10,1,cifar10,cifar10,cifar10,cifar10,cifar10|cifar100|cifar100_coarse|fashion_mnist|stl10,cifar10|cifar100_shared_images|fashion_mnist|stl10,8,4,0.5,0.8891682932985588,0.8891682932985588,0.0,0.0,0.9015625,0.9015625,0.0,5,5,10
clip_b32,beans,random,49,5,10,0.5,0,0.3333333333333333,0,0.3333333333333333,cifar10,cifar10,1,cifar10,cifar10,fashion_mnist,fashion_mnist,cifar100_coarse|fashion_mnist|mnist|stl10|usps,cifar100_shared_images|fashion_mnist|handwritten_digits|stl10,8,4,0.5,0.8891682932985588,0.88310769142296,0.00606060187559887,0.324137692285632,0.9015625,0.8984375,0.0031250000000000444,5,5,10
clip_b32,beans,random,50,5,10,0.5,1,0.6666666666666666,1,0.6666666666666666,cifar10,cifar10,1,cifar10,cifar10,cifar10,cifar10,cifar10|fashion_mnist|stl10|svhn|tiny_imagenet,cifar10|fashion_mnist|stl10|svhn|tiny_imagenet,8,5,0.375,0.8891682932985588,0.8891682932985588,0.0,0.0,0.9015625,0.9015625,0.0,5,5,10
clip_b32,beans,random,51,5,10,0.5,0,0.6666666666666666,0,0.6666666666666666,cifar10,cifar10,1,cifar10,cifar10,rendered_sst2,rendered_sst2,cifar100|fashion_mnist|rendered_sst2|stl10|tiny_imagenet,cifar100_shared_images|fashion_mnist|rendered_sst2|stl10|tiny_imagenet,8,5,0.375,0.8891682932985588,0.8840748092384203,0.005093484060138542,0.272413565984949,0.9015625,0.8890625,0.012500000000000067,5,5,10
clip_b32,beans,random,52,5,10,0.5,0,0.6666666666666666,0,0.6666666666666666,cifar10,cifar10,1,cifar10,cifar10,rendered_sst2,rendered_sst2,cifar100_coarse|fashion_mnist|rendered_sst2|svhn|tiny_imagenet,cifar100_shared_images|fashion_mnist|rendered_sst2|svhn|tiny_imagenet,8,5,0.375,0.8891682932985588,0.8840748092384203,0.005093484060138542,0.272413565984949,0.9015625,0.8890625,0.012500000000000067,5,5,10
clip_b32,beans,random,53,5,10,0.5,1,0.3333333333333333,1,0.3333333333333333,cifar10,cifar10,1,cifar10,cifar10,cifar10,cifar10,cifar10|cifar100|mnist|stl10|tiny_imagenet,cifar10|cifar100_shared_images|handwritten_digits|stl10|tiny_imagenet,8,5,0.375,0.8891682932985588,0.8891682932985588,0.0,0.0,0.9015625,0.9015625,0.0,5,5,10
clip_b32,beans,random,54,5,10,0.5,0,0.0,0,0.0,cifar10,cifar10,1,cifar10,cifar10,cifar100,cifar100_shared_images,cifar100|cifar100_coarse|mnist|stl10|usps,cifar100_shared_images|handwritten_digits|stl10,8,3,0.625,0.8891682932985588,0.8827208391433373,0.006447454155221521,0.34482761842600096,0.9015625,0.8921875,0.009375000000000022,5,5,10
clip_b32,beans,random,55,5,10,0.5,1,0.6666666666666666,1,0.6666666666666666,cifar10,cifar10,1,cifar10,cifar10,cifar10,cifar10,cifar10|cifar100_coarse|rendered_sst2|stl10|svhn,cifar10|cifar100_shared_images|rendered_sst2|stl10|svhn,8,5,0.375,0.8891682932985588,0.8891682932985588,0.0,0.0,0.9015625,0.9015625,0.0,5,5,10
clip_b32,beans,random,56,5,10,0.5,0,0.3333333333333333,0,0.3333333333333333,cifar10,cifar10,1,cifar10,cifar10,rendered_sst2,rendered_sst2,cifar100|mnist|rendered_sst2|svhn|usps,cifar100_shared_images|handwritten_digits|rendered_sst2|svhn,8,4,0.5,0.8891682932985588,0.8840748092384203,0.005093484060138542,0.272413565984949,0.9015625,0.8890625,0.012500000000000067,5,5,10
clip_b32,beans,random,57,5,10,0.5,0,0.6666666666666666,0,0.6666666666666666,cifar10,cifar10,1,cifar10,cifar10,rendered_sst2,rendered_sst2,cifar100|cifar100_coarse|fashion_mnist|rendered_sst2|usps,cifar100_shared_images|fashion_mnist|handwritten_digits|rendered_sst2,8,4,0.5,0.8891682932985588,0.8840748092384203,0.005093484060138542,0.272413565984949,0.9015625,0.8890625,0.012500000000000067,5,5,10
clip_b32,beans,random,58,5,10,0.5,0,0.3333333333333333,0,0.3333333333333333,cifar10,cifar10,1,cifar10,cifar10,rendered_sst2,rendered_sst2,cifar100|rendered_sst2|stl10|svhn|usps,cifar100_shared_images|handwritten_digits|rendered_sst2|stl10|svhn,8,5,0.375,0.8891682932985588,0.8840748092384203,0.005093484060138542,0.272413565984949,0.9015625,0.8890625,0.012500000000000067,5,5,10
clip_b32,beans,random,59,5,10,0.5,0,0.3333333333333333,0,0.3333333333333333,cifar10,cifar10,1,cifar10,cifar10,fashion_mnist,fashion_mnist,cifar100|fashion_mnist|mnist|stl10|svhn,cifar100_shared_images|fashion_mnist|handwritten_digits|stl10|svhn,8,5,0.375,0.8891682932985588,0.88310769142296,0.00606060187559887,0.324137692285632,0.9015625,0.8984375,0.0031250000000000444,5,5,10
clip_b32,beans,random,60,5,10,0.5,0,0.3333333333333333,0,0.3333333333333333,cifar10,cifar10,1,cifar10,cifar10,fashion_mnist,fashion_mnist,cifar100|fashion_mnist|mnist|svhn|tiny_imagenet,cifar100_shared_images|fashion_mnist|handwritten_digits|svhn|tiny_imagenet,8,5,0.375,0.8891682932985588,0.88310769142296,0.00606060187559887,0.324137692285632,0.9015625,0.8984375,0.0031250000000000444,5,5,10
clip_b32,beans,random,61,5,10,0.5,0,0.3333333333333333,0,0.3333333333333333,cifar10,cifar10,1,cifar10,cifar10,rendered_sst2,rendered_sst2,rendered_sst2|stl10|svhn|tiny_imagenet|usps,handwritten_digits|rendered_sst2|stl10|svhn|tiny_imagenet,8,5,0.375,0.8891682932985588,0.8840748092384203,0.005093484060138542,0.272413565984949,0.9015625,0.8890625,0.012500000000000067,5,5,10
clip_b32,beans,random,62,5,10,0.5,0,0.3333333333333333,0,0.3333333333333333,cifar10,cifar10,1,cifar10,cifar10,fashion_mnist,fashion_mnist,cifar100|cifar100_coarse|fashion_mnist|svhn|usps,cifar100_shared_images|fashion_mnist|handwritten_digits|svhn,8,4,0.5,0.8891682932985588,0.88310769142296,0.00606060187559887,0.324137692285632,0.9015625,0.8984375,0.0031250000000000444,5,5,10
clip_b32,beans,random,63,5,10,0.5,0,0.3333333333333333,0,0.3333333333333333,cifar10,cifar10,1,cifar10,cifar10,rendered_sst2,rendered_sst2,cifar100|rendered_sst2|svhn|tiny_imagenet|usps,cifar100_shared_images|handwritten_digits|rendered_sst2|svhn|tiny_imagenet,8,5,0.375,0.8891682932985588,0.8840748092384203,0.005093484060138542,0.272413565984949,0.9015625,0.8890625,0.012500000000000067,5,5,10
clip_b32,beans,random,64,5,10,0.5,0,0.3333333333333333,0,0.3333333333333333,cifar10,cifar10,1,cifar10,cifar10,fashion_mnist,fashion_mnist,cifar100|fashion_mnist|mnist|svhn|usps,cifar100_shared_images|fashion_mnist|handwritten_digits|svhn,8,4,0.5,0.8891682932985588,0.88310769142296,0.00606060187559887,0.324137692285632,0.9015625,0.8984375,0.0031250000000000444,5,5,10
clip_b32,beans,random,65,5,10,0.5,1,0.3333333333333333,1,0.3333333333333333,cifar10,cifar10,1,cifar10,cifar10,cifar10,cifar10,cifar10|cifar100|cifar100_coarse|stl10|usps,cifar10|cifar100_shared_images|handwritten_digits|stl10,8,4,0.5,0.8891682932985588,0.8891682932985588,0.0,0.0,0.9015625,0.9015625,0.0,5,5,10
clip_b32,beans,random,66,5,10,0.5,1,0.6666666666666666,1,0.6666666666666666,cifar10,cifar10,1,cifar10,cifar10,cifar10,cifar10,cifar10|rendered_sst2|stl10|tiny_imagenet|usps,cifar10|handwritten_digits|rendered_sst2|stl10|tiny_imagenet,8,5,0.375,0.8891682932985588,0.8891682932985588,0.0,0.0,0.9015625,0.9015625,0.0,5,5,10
clip_b32,beans,random,67,5,10,0.5,0,0.3333333333333333,0,0.3333333333333333,cifar10,cifar10,1,cifar10,cifar10,rendered_sst2,rendered_sst2,cifar100_coarse|mnist|rendered_sst2|tiny_imagenet|usps,cifar100_shared_images|handwritten_digits|rendered_sst2|tiny_imagenet,8,4,0.5,0.8891682932985588,0.8840748092384203,0.005093484060138542,0.272413565984949,0.9015625,0.8890625,0.012500000000000067,5,5,10
clip_b32,beans,random,68,5,10,0.5,0,0.3333333333333333,0,0.3333333333333333,cifar10,cifar10,1,cifar10,cifar10,rendered_sst2,rendered_sst2,cifar100|cifar100_coarse|rendered_sst2|stl10|tiny_imagenet,cifar100_shared_images|rendered_sst2|stl10|tiny_imagenet,8,4,0.5,0.8891682932985588,0.8840748092384203,0.005093484060138542,0.272413565984949,0.9015625,0.8890625,0.012500000000000067,5,5,10
clip_b32,beans,random,69,5,10,0.5,1,0.6666666666666666,1,0.6666666666666666,cifar10,cifar10,1,cifar10,cifar10,cifar10,cifar10,cifar10|fashion_mnist|mnist|svhn|tiny_imagenet,cifar10|fashion_mnist|handwritten_digits|svhn|tiny_imagenet,8,5,0.375,0.8891682932985588,0.8891682932985588,0.0,0.0,0.9015625,0.9015625,0.0,5,5,10
clip_b32,beans,random,70,5,10,0.5,0,0.6666666666666666,0,0.6666666666666666,cifar10,cifar10,1,cifar10,cifar10,rendered_sst2,rendered_sst2,fashion_mnist|rendered_sst2|stl10|svhn|tiny_imagenet,fashion_mnist|rendered_sst2|stl10|svhn|tiny_imagenet,8,5,0.375,0.8891682932985588,0.8840748092384203,0.005093484060138542,0.272413565984949,0.9015625,0.8890625,0.012500000000000067,5,5,10
clip_b32,beans,random,71,5,10,0.5,1,0.3333333333333333,1,0.3333333333333333,cifar10,cifar10,1,cifar10,cifar10,cifar10,cifar10,cifar10|cifar100_coarse|stl10|svhn|usps,cifar10|cifar100_shared_images|handwritten_digits|stl10|svhn,8,5,0.375,0.8891682932985588,0.8891682932985588,0.0,0.0,0.9015625,0.9015625,0.0,5,5,10
clip_b32,beans,random,72,5,10,0.5,0,0.3333333333333333,0,0.3333333333333333,cifar10,cifar10,1,cifar10,cifar10,fashion_mnist,fashion_mnist,cifar100_coarse|fashion_mnist|mnist|tiny_imagenet|usps,cifar100_shared_images|fashion_mnist|handwritten_digits|tiny_imagenet,8,4,0.5,0.8891682932985588,0.88310769142296,0.00606060187559887,0.324137692285632,0.9015625,0.8984375,0.0031250000000000444,5,5,10
clip_b32,beans,random,73,5,10,0.5,0,0.6666666666666666,0,0.6666666666666666,cifar10,cifar10,1,cifar10,cifar10,rendered_sst2,rendered_sst2,cifar100|fashion_mnist|rendered_sst2|stl10|usps,cifar100_shared_images|fashion_mnist|handwritten_digits|rendered_sst2|stl10,8,5,0.375,0.8891682932985588,0.8840748092384203,0.005093484060138542,0.272413565984949,0.9015625,0.8890625,0.012500000000000067,5,5,10
clip_b32,beans,random,74,5,10,0.5,0,0.6666666666666666,0,0.6666666666666666,cifar10,cifar10,1,cifar10,cifar10,rendered_sst2,rendered_sst2,cifar100_coarse|fashion_mnist|rendered_sst2|stl10|usps,cifar100_shared_images|fashion_mnist|handwritten_digits|rendered_sst2|stl10,8,5,0.375,0.8891682932985588,0.8840748092384203,0.005093484060138542,0.272413565984949,0.9015625,0.8890625,0.012500000000000067,5,5,10
clip_b32,beans,random,75,5,10,0.5,0,0.3333333333333333,0,0.3333333333333333,cifar10,cifar10,1,cifar10,cifar10,rendered_sst2,rendered_sst2,mnist|rendered_sst2|stl10|tiny_imagenet|usps,handwritten_digits|rendered_sst2|stl10|tiny_imagenet,8,4,0.5,0.8891682932985588,0.8840748092384203,0.005093484060138542,0.272413565984949,0.9015625,0.8890625,0.012500000000000067,5,5,10
clip_b32,beans,random,76,5,10,0.5,0,0.3333333333333333,0,0.3333333333333333,cifar10,cifar10,1,cifar10,cifar10,rendered_sst2,rendered_sst2,cifar100|mnist|rendered_sst2|svhn|tiny_imagenet,cifar100_shared_images|handwritten_digits|rendered_sst2|svhn|tiny_imagenet,8,5,0.375,0.8891682932985588,0.8840748092384203,0.005093484060138542,0.272413565984949,0.9015625,0.8890625,0.012500000000000067,5,5,10
clip_b32,beans,random,77,5,10,0.5,1,0.6666666666666666,1,0.6666666666666666,cifar10,cifar10,1,cifar10,cifar10,cifar10,cifar10,cifar10|cifar100_coarse|fashion_mnist|stl10|tiny_imagenet,cifar10|cifar100_shared_images|fashion_mnist|stl10|tiny_imagenet,8,5,0.375,0.8891682932985588,0.8891682932985588,0.0,0.0,0.9015625,0.9015625,0.0,5,5,10
clip_b32,beans,random,78,5,10,0.5,0,0.6666666666666666,0,0.6666666666666666,cifar10,cifar10,1,cifar10,cifar10,rendered_sst2,rendered_sst2,cifar100|fashion_mnist|rendered_sst2|svhn|tiny_imagenet,cifar100_shared_images|fashion_mnist|rendered_sst2|svhn|tiny_imagenet,8,5,0.375,0.8891682932985588,0.8840748092384203,0.005093484060138542,0.272413565984949,0.9015625,0.8890625,0.012500000000000067,5,5,10
clip_b32,beans,random,79,5,10,0.5,1,1.0,1,1.0,cifar10,cifar10,1,cifar10,cifar10,cifar10,cifar10,cifar10|fashion_mnist|mnist|rendered_sst2|tiny_imagenet,cifar10|fashion_mnist|handwritten_digits|rendered_sst2|tiny_imagenet,8,5,0.375,0.8891682932985588,0.8891682932985588,0.0,0.0,0.9015625,0.9015625,0.0,5,5,10
clip_b32,beans,random,80,5,10,0.5,1,0.3333333333333333,1,0.3333333333333333,cifar10,cifar10,1,cifar10,cifar10,cifar10,cifar10,cifar10|cifar100_coarse|stl10|tiny_imagenet|usps,cifar10|cifar100_shared_images|handwritten_digits|stl10|tiny_imagenet,8,5,0.375,0.8891682932985588,0.8891682932985588,0.0,0.0,0.9015625,0.9015625,0.0,5,5,10
clip_b32,beans,random,81,5,10,0.5,0,0.6666666666666666,0,0.6666666666666666,cifar10,cifar10,1,cifar10,cifar10,rendered_sst2,rendered_sst2,cifar100_coarse|fashion_mnist|rendered_sst2|stl10|tiny_imagenet,cifar100_shared_images|fashion_mnist|rendered_sst2|stl10|tiny_imagenet,8,5,0.375,0.8891682932985588,0.8840748092384203,0.005093484060138542,0.272413565984949,0.9015625,0.8890625,0.012500000000000067,5,5,10
clip_b32,beans,random,82,5,10,0.5,0,0.3333333333333333,0,0.3333333333333333,cifar10,cifar10,1,cifar10,cifar10,fashion_mnist,fashion_mnist,fashion_mnist|mnist|svhn|tiny_imagenet|usps,fashion_mnist|handwritten_digits|svhn|tiny_imagenet,8,4,0.5,0.8891682932985588,0.88310769142296,0.00606060187559887,0.324137692285632,0.9015625,0.8984375,0.0031250000000000444,5,5,10
clip_b32,beans,random,83,5,10,0.5,0,0.0,0,0.0,cifar10,cifar10,1,cifar10,cifar10,mnist,handwritten_digits,mnist|stl10|svhn|tiny_imagenet|usps,handwritten_digits|stl10|svhn|tiny_imagenet,8,4,0.5,0.8891682932985588,0.8823339888274784,0.006834304471080466,0.36551743953887444,0.9015625,0.89375,0.0078125,5,5,10
clip_b32,beans,random,84,5,10,0.5,0,0.0,0,0.0,cifar10,cifar10,1,cifar10,cifar10,cifar100,cifar100_shared_images,cifar100|cifar100_coarse|stl10|svhn|usps,cifar100_shared_images|handwritten_digits|stl10|svhn,8,4,0.5,0.8891682932985588,0.8827208391433373,0.006447454155221521,0.34482761842600096,0.9015625,0.8921875,0.009375000000000022,5,5,10
clip_b32,beans,random,85,5,10,0.5,0,0.3333333333333333,0,0.3333333333333333,cifar10,cifar10,1,cifar10,cifar10,fashion_mnist,fashion_mnist,cifar100|cifar100_coarse|fashion_mnist|svhn|usps,cifar100_shared_images|fashion_mnist|handwritten_digits|svhn,8,4,0.5,0.8891682932985588,0.88310769142296,0.00606060187559887,0.324137692285632,0.9015625,0.8984375,0.0031250000000000444,5,5,10
clip_b32,beans,random,86,5,10,0.5,1,0.6666666666666666,1,0.6666666666666666,cifar10,cifar10,1,cifar10,cifar10,cifar10,cifar10,cifar10|cifar100|fashion_mnist|svhn|usps,cifar10|cifar100_shared_images|fashion_mnist|handwritten_digits|svhn,8,5,0.375,0.8891682932985588,0.8891682932985588,0.0,0.0,0.9015625,0.9015625,0.0,5,5,10
clip_b32,beans,random,87,5,10,0.5,1,0.3333333333333333,1,0.3333333333333333,cifar10,cifar10,1,cifar10,cifar10,cifar10,cifar10,cifar10|cifar100|cifar100_coarse|stl10|usps,cifar10|cifar100_shared_images|handwritten_digits|stl10,8,4,0.5,0.8891682932985588,0.8891682932985588,0.0,0.0,0.9015625,0.9015625,0.0,5,5,10
clip_b32,beans,random,88,5,10,0.5,1,0.3333333333333333,1,0.3333333333333333,cifar10,cifar10,1,cifar10,cifar10,cifar10,cifar10,cifar10|cifar100|mnist|stl10|usps,cifar10|cifar100_shared_images|handwritten_digits|stl10,8,4,0.5,0.8891682932985588,0.8891682932985588,0.0,0.0,0.9015625,0.9015625,0.0,5,5,10
clip_b32,beans,random,89,5,10,0.5,1,0.6666666666666666,1,0.6666666666666666,cifar10,cifar10,1,cifar10,cifar10,cifar10,cifar10,cifar10|cifar100_coarse|mnist|rendered_sst2|stl10,cifar10|cifar100_shared_images|handwritten_digits|rendered_sst2|stl10,8,5,0.375,0.8891682932985588,0.8891682932985588,0.0,0.0,0.9015625,0.9015625,0.0,5,5,10
clip_b32,beans,random,90,5,10,0.5,1,0.3333333333333333,1,0.3333333333333333,cifar10,cifar10,1,cifar10,cifar10,cifar10,cifar10,cifar10|cifar100_coarse|mnist|stl10|usps,cifar10|cifar100_shared_images|handwritten_digits|stl10,8,4,0.5,0.8891682932985588,0.8891682932985588,0.0,0.0,0.9015625,0.9015625,0.0,5,5,10
clip_b32,beans,random,91,5,10,0.5,1,0.6666666666666666,1,0.6666666666666666,cifar10,cifar10,1,cifar10,cifar10,cifar10,cifar10,cifar10|mnist|rendered_sst2|stl10|svhn,cifar10|handwritten_digits|rendered_sst2|stl10|svhn,8,5,0.375,0.8891682932985588,0.8891682932985588,0.0,0.0,0.9015625,0.9015625,0.0,5,5,10
clip_b32,beans,random,92,5,10,0.5,1,0.6666666666666666,1,0.6666666666666666,cifar10,cifar10,1,cifar10,cifar10,cifar10,cifar10,cifar10|cifar100_coarse|mnist|rendered_sst2|svhn,cifar10|cifar100_shared_images|handwritten_digits|rendered_sst2|svhn,8,5,0.375,0.8891682932985588,0.8891682932985588,0.0,0.0,0.9015625,0.9015625,0.0,5,5,10
clip_b32,beans,random,93,5,10,0.5,1,0.6666666666666666,1,0.6666666666666666,cifar10,cifar10,1,cifar10,cifar10,cifar10,cifar10,cifar10|mnist|rendered_sst2|tiny_imagenet|usps,cifar10|handwritten_digits|rendered_sst2|tiny_imagenet,8,4,0.5,0.8891682932985588,0.8891682932985588,0.0,0.0,0.9015625,0.9015625,0.0,5,5,10
clip_b32,beans,random,94,5,10,0.5,1,0.3333333333333333,1,0.3333333333333333,cifar10,cifar10,1,cifar10,cifar10,cifar10,cifar10,cifar10|cifar100|cifar100_coarse|tiny_imagenet|usps,cifar10|cifar100_shared_images|handwritten_digits|tiny_imagenet,8,4,0.5,0.8891682932985588,0.8891682932985588,0.0,0.0,0.9015625,0.9015625,0.0,5,5,10
clip_b32,beans,random,95,5,10,0.5,1,0.3333333333333333,1,0.3333333333333333,cifar10,cifar10,1,cifar10,cifar10,cifar10,cifar10,cifar10|cifar100|cifar100_coarse|svhn|tiny_imagenet,cifar10|cifar100_shared_images|svhn|tiny_imagenet,8,4,0.5,0.8891682932985588,0.8891682932985588,0.0,0.0,0.9015625,0.9015625,0.0,5,5,10
clip_b32,beans,random,96,5,10,0.5,1,1.0,1,1.0,cifar10,cifar10,1,cifar10,cifar10,cifar10,cifar10,cifar10|cifar100_coarse|fashion_mnist|rendered_sst2|svhn,cifar10|cifar100_shared_images|fashion_mnist|rendered_sst2|svhn,8,5,0.375,0.8891682932985588,0.8891682932985588,0.0,0.0,0.9015625,0.9015625,0.0,5,5,10
clip_b32,beans,random,97,5,10,0.5,1,0.3333333333333333,1,0.3333333333333333,cifar10,cifar10,1,cifar10,cifar10,cifar10,cifar10,cifar10|cifar100|cifar100_coarse|svhn|usps,cifar10|cifar100_shared_images|handwritten_digits|svhn,8,4,0.5,0.8891682932985588,0.8891682932985588,0.0,0.0,0.9015625,0.9015625,0.0,5,5,10
clip_b32,beans,random,98,5,10,0.5,0,0.3333333333333333,0,0.3333333333333333,cifar10,cifar10,1,cifar10,cifar10,fashion_mnist,fashion_mnist,cifar100|fashion_mnist|mnist|stl10|usps,cifar100_shared_images|fashion_mnist|handwritten_digits|stl10,8,4,0.5,0.8891682932985588,0.88310769142296,0.00606060187559887,0.324137692285632,0.9015625,0.8984375,0.0031250000000000444,5,5,10
clip_b32,beans,random,99,5,10,0.5,0,0.3333333333333333,0,0.3333333333333333,cifar10,cifar10,1,cifar10,cifar10,rendered_sst2,rendered_sst2,cifar100|cifar100_coarse|mnist|rendered_sst2|svhn,cifar100_shared_images|handwritten_digits|rendered_sst2|svhn,8,4,0.5,0.8891682932985588,0.8840748092384203,0.005093484060138542,0.272413565984949,0.9015625,0.8890625,0.012500000000000067,5,5,10
clip_b32,dtd,rank_only,-1,3,10,0.7,1,0.6666666666666666,1,0.6666666666666666,tiny_imagenet,tiny_imagenet,1,tiny_imagenet,tiny_imagenet,tiny_imagenet,tiny_imagenet,rendered_sst2|tiny_imagenet|stl10,rendered_sst2|stl10|tiny_imagenet,8,3,0.625,0.6729078300793965,0.6729078300793965,0.0,0.0,0.6799999833106994,0.6799999833106994,0.0,5,3,10
clip_b32,dtd,facility_subspace,-1,3,10,0.7,0,0.6666666666666666,0,0.6666666666666666,tiny_imagenet,tiny_imagenet,1,tiny_imagenet,tiny_imagenet,cifar100,cifar100_shared_images,cifar100|usps|rendered_sst2,cifar100_shared_images|handwritten_digits|rendered_sst2,8,3,0.625,0.6729078300793965,0.6705319388707478,0.0023758912086486728,0.14596980229430723,0.6799999833106994,0.6730850815773011,0.006914901733398371,5,3,10
clip_b32,dtd,kcenter_subspace,-1,3,10,0.7,0,0.3333333333333333,0,0.3333333333333333,tiny_imagenet,tiny_imagenet,1,tiny_imagenet,tiny_imagenet,rendered_sst2,rendered_sst2,rendered_sst2|stl10|mnist,handwritten_digits|rendered_sst2|stl10,8,3,0.625,0.6729078300793965,0.6696808775266011,0.00322695255279537,0.1982572368759934,0.6799999833106994,0.6756382703781127,0.004361712932586692,5,3,10
clip_b32,dtd,dpp_subspace,-1,3,10,0.7,1,0.6666666666666666,1,0.6666666666666666,tiny_imagenet,tiny_imagenet,1,tiny_imagenet,tiny_imagenet,tiny_imagenet,tiny_imagenet,rendered_sst2|tiny_imagenet|stl10,rendered_sst2|stl10|tiny_imagenet,8,3,0.625,0.6729078300793965,0.6729078300793965,0.0,0.0,0.6799999833106994,0.6799999833106994,0.0,5,3,10
clip_b32,dtd,pool_vendi_subspace,-1,3,10,0.7,0,0.3333333333333333,0,0.3333333333333333,tiny_imagenet,tiny_imagenet,1,tiny_imagenet,tiny_imagenet,rendered_sst2,rendered_sst2,rendered_sst2|stl10|mnist,handwritten_digits|rendered_sst2|stl10,8,3,0.625,0.6729078300793965,0.6696808775266011,0.00322695255279537,0.1982572368759934,0.6799999833106994,0.6756382703781127,0.004361712932586692,5,3,10
clip_b32,dtd,full_merged_rank,-1,3,10,0.7,1,0.6666666666666666,1,0.6666666666666666,tiny_imagenet,tiny_imagenet,1,tiny_imagenet,tiny_imagenet,tiny_imagenet,tiny_imagenet,rendered_sst2|tiny_imagenet|stl10,rendered_sst2|stl10|tiny_imagenet,8,3,0.625,0.6729078300793965,0.6729078300793965,0.0,0.0,0.6799999833106994,0.6799999833106994,0.0,5,3,10
clip_b32,dtd,random,0,3,10,0.7,0,0.0,0,0.0,tiny_imagenet,tiny_imagenet,1,tiny_imagenet,tiny_imagenet,stl10,stl10,fashion_mnist|mnist|stl10,fashion_mnist|handwritten_digits|stl10,8,3,0.625,0.6729078300793965,0.667996482849121,0.00491134723027542,0.3017429340166421,0.6799999833106994,0.6742552995681763,0.005744683742523127,5,3,10
clip_b32,dtd,random,1,3,10,0.7,0,0.3333333333333333,0,0.3333333333333333,tiny_imagenet,tiny_imagenet,1,tiny_imagenet,tiny_imagenet,cifar100,cifar100_shared_images,cifar100|cifar100_coarse|stl10,cifar100_shared_images|stl10,8,2,0.75,0.6729078300793965,0.6705319388707478,0.0023758912086486728,0.14596980229430723,0.6799999833106994,0.6730850815773011,0.006914901733398371,5,3,10
clip_b32,dtd,random,2,3,10,0.7,1,0.6666666666666666,1,1.0,tiny_imagenet,tiny_imagenet,1,tiny_imagenet,tiny_imagenet,tiny_imagenet,tiny_imagenet,cifar100_coarse|rendered_sst2|tiny_imagenet,cifar100_shared_images|rendered_sst2|tiny_imagenet,8,3,0.625,0.6729078300793965,0.6729078300793965,0.0,0.0,0.6799999833106994,0.6799999833106994,0.0,5,3,10
clip_b32,dtd,random,3,3,10,0.7,0,0.3333333333333333,0,0.3333333333333333,tiny_imagenet,tiny_imagenet,1,tiny_imagenet,tiny_imagenet,rendered_sst2,rendered_sst2,cifar10|rendered_sst2|usps,cifar10|handwritten_digits|rendered_sst2,8,3,0.625,0.6729078300793965,0.6696808775266011,0.00322695255279537,0.1982572368759934,0.6799999833106994,0.6756382703781127,0.004361712932586692,5,3,10
clip_b32,dtd,random,4,3,10,0.7,0,0.3333333333333333,0,0.3333333333333333,tiny_imagenet,tiny_imagenet,1,tiny_imagenet,tiny_imagenet,rendered_sst2,rendered_sst2,cifar10|rendered_sst2|stl10,cifar10|rendered_sst2|stl10,8,3,0.625,0.6729078300793965,0.6696808775266011,0.00322695255279537,0.1982572368759934,0.6799999833106994,0.6756382703781127,0.004361712932586692,5,3,10
clip_b32,dtd,random,5,3,10,0.7,0,0.3333333333333333,0,0.3333333333333333,tiny_imagenet,tiny_imagenet,1,tiny_imagenet,tiny_imagenet,cifar100,cifar100_shared_images,cifar10|cifar100|cifar100_coarse,cifar10|cifar100_shared_images,8,2,0.75,0.6729078300793965,0.6705319388707478,0.0023758912086486728,0.14596980229430723,0.6799999833106994,0.6730850815773011,0.006914901733398371,5,3,10
clip_b32,dtd,random,6,3,10,0.7,0,0.3333333333333333,0,0.3333333333333333,tiny_imagenet,tiny_imagenet,1,tiny_imagenet,tiny_imagenet,cifar100,cifar100_shared_images,cifar100|cifar100_coarse|fashion_mnist,cifar100_shared_images|fashion_mnist,8,2,0.75,0.6729078300793965,0.6705319388707478,0.0023758912086486728,0.14596980229430723,0.6799999833106994,0.6730850815773011,0.006914901733398371,5,3,10
clip_b32,dtd,random,7,3,10,0.7,1,1.0,1,1.0,tiny_imagenet,tiny_imagenet,1,tiny_imagenet,tiny_imagenet,tiny_imagenet,tiny_imagenet,cifar100|rendered_sst2|tiny_imagenet,cifar100_shared_images|rendered_sst2|tiny_imagenet,8,3,0.625,0.6729078300793965,0.6729078300793965,0.0,0.0,0.6799999833106994,0.6799999833106994,0.0,5,3,10
clip_b32,dtd,random,8,3,10,0.7,0,0.0,0,0.3333333333333333,tiny_imagenet,tiny_imagenet,1,tiny_imagenet,tiny_imagenet,fashion_mnist,fashion_mnist,cifar100_coarse|fashion_mnist|svhn,cifar100_shared_images|fashion_mnist|svhn,8,3,0.625,0.6729078300793965,0.6612943530082702,0.011613477071126255,0.7135078179719988,0.6799999833106994,0.6678723335266114,0.01212764978408809,5,3,10
clip_b32,dtd,random,9,3,10,0.7,0,0.0,0,0.3333333333333333,tiny_imagenet,tiny_imagenet,1,tiny_imagenet,tiny_imagenet,fashion_mnist,fashion_mnist,cifar100_coarse|fashion_mnist|usps,cifar100_shared_images|fashion_mnist|handwritten_digits,8,3,0.625,0.6729078300793965,0.6612943530082702,0.011613477071126255,0.7135078179719988,0.6799999833106994,0.6678723335266114,0.01212764978408809,5,3,10
clip_b32,dtd,random,10,3,10,0.7,0,0.6666666666666666,0,0.6666666666666666,tiny_imagenet,tiny_imagenet,1,tiny_imagenet,tiny_imagenet,cifar100,cifar100_shared_images,cifar100|rendered_sst2|svhn,cifar100_shared_images|rendered_sst2|svhn,8,3,0.625,0.6729078300793965,0.6705319388707478,0.0023758912086486728,0.14596980229430723,0.6799999833106994,0.6730850815773011,0.006914901733398371,5,3,10
clip_b32,dtd,random,11,3,10,0.7,1,0.6666666666666666,1,0.6666666666666666,tiny_imagenet,tiny_imagenet,1,tiny_imagenet,tiny_imagenet,tiny_imagenet,tiny_imagenet,cifar100|svhn|tiny_imagenet,cifar100_shared_images|svhn|tiny_imagenet,8,3,0.625,0.6729078300793965,0.6729078300793965,0.0,0.0,0.6799999833106994,0.6799999833106994,0.0,5,3,10
clip_b32,dtd,random,12,3,10,0.7,0,0.0,0,0.0,tiny_imagenet,tiny_imagenet,1,tiny_imagenet,tiny_imagenet,mnist,handwritten_digits,fashion_mnist|mnist|svhn,fashion_mnist|handwritten_digits|svhn,8,3,0.625,0.6729078300793965,0.6645390439033508,0.00836878617604564,0.5141607743291886,0.6799999833106994,0.6758510351181031,0.004148948192596369,5,3,10
clip_b32,dtd,random,13,3,10,0.7,0,0.6666666666666666,0,0.6666666666666666,tiny_imagenet,tiny_imagenet,1,tiny_imagenet,tiny_imagenet,cifar100,cifar100_shared_images,cifar100|cifar100_coarse|rendered_sst2,cifar100_shared_images|rendered_sst2,8,2,0.75,0.6729078300793965,0.6705319388707478,0.0023758912086486728,0.14596980229430723,0.6799999833106994,0.6730850815773011,0.006914901733398371,5,3,10
clip_b32,dtd,random,14,3,10,0.7,0,0.3333333333333333,0,0.6666666666666666,tiny_imagenet,tiny_imagenet,1,tiny_imagenet,tiny_imagenet,rendered_sst2,rendered_sst2,cifar100_coarse|mnist|rendered_sst2,cifar100_shared_images|handwritten_digits|rendered_sst2,8,3,0.625,0.6729078300793965,0.6696808775266011,0.00322695255279537,0.1982572368759934,0.6799999833106994,0.6756382703781127,0.004361712932586692,5,3,10
clip_b32,dtd,random,15,3,10,0.7,0,0.3333333333333333,0,0.3333333333333333,tiny_imagenet,tiny_imagenet,1,tiny_imagenet,tiny_imagenet,rendered_sst2,rendered_sst2,fashion_mnist|rendered_sst2|stl10,fashion_mnist|rendered_sst2|stl10,8,3,0.625,0.6729078300793965,0.6696808775266011,0.00322695255279537,0.1982572368759934,0.6799999833106994,0.6756382703781127,0.004361712932586692,5,3,10
clip_b32,dtd,random,16,3,10,0.7,0,0.3333333333333333,0,0.3333333333333333,tiny_imagenet,tiny_imagenet,1,tiny_imagenet,tiny_imagenet,cifar100,cifar100_shared_images,cifar10|cifar100|stl10,cifar10|cifar100_shared_images|stl10,8,3,0.625,0.6729078300793965,0.6705319388707478,0.0023758912086486728,0.14596980229430723,0.6799999833106994,0.6730850815773011,0.006914901733398371,5,3,10
clip_b32,dtd,random,17,3,10,0.7,0,0.3333333333333333,0,0.3333333333333333,tiny_imagenet,tiny_imagenet,1,tiny_imagenet,tiny_imagenet,cifar100,cifar100_shared_images,cifar100|mnist|svhn,cifar100_shared_images|handwritten_digits|svhn,8,3,0.625,0.6729078300793965,0.6705319388707478,0.0023758912086486728,0.14596980229430723,0.6799999833106994,0.6730850815773011,0.006914901733398371,5,3,10
clip_b32,dtd,random,18,3,10,0.7,0,0.0,0,0.3333333333333333,tiny_imagenet,tiny_imagenet,1,tiny_imagenet,tiny_imagenet,cifar10,cifar10,cifar10|cifar100_coarse|svhn,cifar10|cifar100_shared_images|svhn,8,3,0.625,0.6729078300793965,0.6628546436627707,0.010053186416625781,0.6176468132551083,0.6799999833106994,0.6707446575164795,0.009255325794219948,5,3,10
clip_b32,dtd,random,19,3,10,0.7,1,0.3333333333333333,1,0.3333333333333333,tiny_imagenet,tiny_imagenet,1,tiny_imagenet,tiny_imagenet,tiny_imagenet,tiny_imagenet,cifar10|mnist|tiny_imagenet,cifar10|handwritten_digits|tiny_imagenet,8,3,0.625,0.6729078300793965,0.6729078300793965,0.0,0.0,0.6799999833106994,0.6799999833106994,0.0,5,3,10
clip_b32,dtd,random,20,3,10,0.7,0,0.0,0,0.0,tiny_imagenet,tiny_imagenet,1,tiny_imagenet,tiny_imagenet,mnist,handwritten_digits,cifar10|mnist|svhn,cifar10|handwritten_digits|svhn,8,3,0.625,0.6729078300793965,0.6645390439033508,0.00836878617604564,0.5141607743291886,0.6799999833106994,0.6758510351181031,0.004148948192596369,5,3,10
clip_b32,dtd,random,21,3,10,0.7,0,0.0,0,0.3333333333333333,tiny_imagenet,tiny_imagenet,1,tiny_imagenet,tiny_imagenet,cifar10,cifar10,cifar10|cifar100_coarse|usps,cifar10|cifar100_shared_images|handwritten_digits,8,3,0.625,0.6729078300793965,0.6628546436627707,0.010053186416625781,0.6176468132551083,0.6799999833106994,0.6707446575164795,0.009255325794219948,5,3,10
clip_b32,dtd,random,22,3,10,0.7,0,0.3333333333333333,0,0.6666666666666666,tiny_imagenet,tiny_imagenet,1,tiny_imagenet,tiny_imagenet,rendered_sst2,rendered_sst2,cifar100_coarse|rendered_sst2|svhn,cifar100_shared_images|rendered_sst2|svhn,8,3,0.625,0.6729078300793965,0.6696808775266011,0.00322695255279537,0.1982572368759934,0.6799999833106994,0.6756382703781127,0.004361712932586692,5,3,10
clip_b32,dtd,random,23,3,10,0.7,0,0.3333333333333333,0,0.3333333333333333,tiny_imagenet,tiny_imagenet,1,tiny_imagenet,tiny_imagenet,cifar100,cifar100_shared_images,cifar100|stl10|svhn,cifar100_shared_images|stl10|svhn,8,3,0.625,0.6729078300793965,0.6705319388707478,0.0023758912086486728,0.14596980229430723,0.6799999833106994,0.6730850815773011,0.006914901733398371,5,3,10
clip_b32,dtd,random,24,3,10,0.7,1,0.3333333333333333,1,0.6666666666666666,tiny_imagenet,tiny_imagenet,1,tiny_imagenet,tiny_imagenet,tiny_imagenet,tiny_imagenet,cifar100_coarse|mnist|tiny_imagenet,cifar100_shared_images|handwritten_digits|tiny_imagenet,8,3,0.625,0.6729078300793965,0.6729078300793965,0.0,0.0,0.6799999833106994,0.6799999833106994,0.0,5,3,10
clip_b32,dtd,random,25,3,10,0.7,0,0.0,0,0.0,tiny_imagenet,tiny_imagenet,1,tiny_imagenet,tiny_imagenet,mnist,handwritten_digits,mnist|svhn|usps,handwritten_digits|svhn,8,2,0.75,0.6729078300793965,0.6645390439033508,0.00836878617604564,0.5141607743291886,0.6799999833106994,0.6758510351181031,0.004148948192596369,5,3,10
clip_b32,dtd,random,26,3,10,0.7,1,0.6666666666666666,1,0.6666666666666666,tiny_imagenet,tiny_imagenet,1,tiny_imagenet,tiny_imagenet,tiny_imagenet,tiny_imagenet,cifar10|cifar100|tiny_imagenet,cifar10|cifar100_shared_images|tiny_imagenet,8,3,0.625,0.6729078300793965,0.6729078300793965,0.0,0.0,0.6799999833106994,0.6799999833106994,0.0,5,3,10
clip_b32,dtd,random,27,3,10,0.7,0,0.0,0,0.3333333333333333,tiny_imagenet,tiny_imagenet,1,tiny_imagenet,tiny_imagenet,cifar10,cifar10,cifar10|cifar100_coarse|fashion_mnist,cifar10|cifar100_shared_images|fashion_mnist,8,3,0.625,0.6729078300793965,0.6628546436627707,0.010053186416625781,0.6176468132551083,0.6799999833106994,0.6707446575164795,0.009255325794219948,5,3,10
clip_b32,dtd,random,28,3,10,0.7,0,0.0,0,0.3333333333333333,tiny_imagenet,tiny_imagenet,1,tiny_imagenet,tiny_imagenet,stl10,stl10,cifar100_coarse|stl10|usps,cifar100_shared_images|handwritten_digits|stl10,8,3,0.625,0.6729078300793965,0.667996482849121,0.00491134723027542,0.3017429340166421,0.6799999833106994,0.6742552995681763,0.005744683742523127,5,3,10
clip_b32,dtd,random,29,3,10,0.7,0,0.3333333333333333,0,0.3333333333333333,tiny_imagenet,tiny_imagenet,1,tiny_imagenet,tiny_imagenet,rendered_sst2,rendered_sst2,rendered_sst2|svhn|usps,handwritten_digits|rendered_sst2|svhn,8,3,0.625,0.6729078300793965,0.6696808775266011,0.00322695255279537,0.1982572368759934,0.6799999833106994,0.6756382703781127,0.004361712932586692,5,3,10
clip_b32,dtd,random,30,3,10,0.7,0,0.0,0,0.3333333333333333,tiny_imagenet,tiny_imagenet,1,tiny_imagenet,tiny_imagenet,mnist,handwritten_digits,cifar100_coarse|fashion_mnist|mnist,cifar100_shared_images|fashion_mnist|handwritten_digits,8,3,0.625,0.6729078300793965,0.6645390439033508,0.00836878617604564,0.5141607743291886,0.6799999833106994,0.6758510351181031,0.004148948192596369,5,3,10
clip_b32,dtd,random,31,3,10,0.7,0,0.3333333333333333,0,0.3333333333333333,tiny_imagenet,tiny_imagenet,1,tiny_imagenet,tiny_imagenet,cifar100,cifar100_shared_images,cifar100|mnist|stl10,cifar100_shared_images|handwritten_digits|stl10,8,3,0.625,0.6729078300793965,0.6705319388707478,0.0023758912086486728,0.14596980229430723,0.6799999833106994,0.6730850815773011,0.006914901733398371,5,3,10
clip_b32,dtd,random,32,3,10,0.7,0,0.0,0,0.3333333333333333,tiny_imagenet,tiny_imagenet,1,tiny_imagenet,tiny_imagenet,stl10,stl10,cifar10|cifar100_coarse|stl10,cifar10|cifar100_shared_images|stl10,8,3,0.625,0.6729078300793965,0.667996482849121,0.00491134723027542,0.3017429340166421,0.6799999833106994,0.6742552995681763,0.005744683742523127,5,3,10
clip_b32,dtd,random,33,3,10,0.7,0,0.6666666666666666,0,0.6666666666666666,tiny_imagenet,tiny_imagenet,1,tiny_imagenet,tiny_imagenet,cifar100,cifar100_shared_images,cifar100|rendered_sst2|svhn,cifar100_shared_images|rendered_sst2|svhn,8,3,0.625,0.6729078300793965,0.6705319388707478,0.0023758912086486728,0.14596980229430723,0.6799999833106994,0.6730850815773011,0.006914901733398371,5,3,10
clip_b32,dtd,random,34,3,10,0.7,1,0.6666666666666666,1,0.6666666666666666,tiny_imagenet,tiny_imagenet,1,tiny_imagenet,tiny_imagenet,tiny_imagenet,tiny_imagenet,cifar10|cifar100|tiny_imagenet,cifar10|cifar100_shared_images|tiny_imagenet,8,3,0.625,0.6729078300793965,0.6729078300793965,0.0,0.0,0.6799999833106994,0.6799999833106994,0.0,5,3,10
clip_b32,dtd,random,35,3,10,0.7,0,0.3333333333333333,0,0.6666666666666666,tiny_imagenet,tiny_imagenet,1,tiny_imagenet,tiny_imagenet,rendered_sst2,rendered_sst2,cifar100_coarse|rendered_sst2|usps,cifar100_shared_images|handwritten_digits|rendered_sst2,8,3,0.625,0.6729078300793965,0.6696808775266011,0.00322695255279537,0.1982572368759934,0.6799999833106994,0.6756382703781127,0.004361712932586692,5,3,10
clip_b32,dtd,random,36,3,10,0.7,1,0.6666666666666666,1,0.6666666666666666,tiny_imagenet,tiny_imagenet,1,tiny_imagenet,tiny_imagenet,tiny_imagenet,tiny_imagenet,rendered_sst2|tiny_imagenet|usps,handwritten_digits|rendered_sst2|tiny_imagenet,8,3,0.625,0.6729078300793965,0.6729078300793965,0.0,0.0,0.6799999833106994,0.6799999833106994,0.0,5,3,10
clip_b32,dtd,random,37,3,10,0.7,1,1.0,1,1.0,tiny_imagenet,tiny_imagenet,1,tiny_imagenet,tiny_imagenet,tiny_imagenet,tiny_imagenet,cifar100|rendered_sst2|tiny_imagenet,cifar100_shared_images|rendered_sst2|tiny_imagenet,8,3,0.625,0.6729078300793965,0.6729078300793965,0.0,0.0,0.6799999833106994,0.6799999833106994,0.0,5,3,10
clip_b32,dtd,random,38,3,10,0.7,0,0.6666666666666666,0,0.6666666666666666,tiny_imagenet,tiny_imagenet,1,tiny_imagenet,tiny_imagenet,cifar100,cifar100_shared_images,cifar100|rendered_sst2|stl10,cifar100_shared_images|rendered_sst2|stl10,8,3,0.625,0.6729078300793965,0.6705319388707478,0.0023758912086486728,0.14596980229430723,0.6799999833106994,0.6730850815773011,0.006914901733398371,5,3,10
clip_b32,dtd,random,39,3,10,0.7,1,0.3333333333333333,1,0.3333333333333333,tiny_imagenet,tiny_imagenet,1,tiny_imagenet,tiny_imagenet,tiny_imagenet,tiny_imagenet,mnist|tiny_imagenet|usps,handwritten_digits|tiny_imagenet,8,2,0.75,0.6729078300793965,0.6729078300793965,0.0,0.0,0.6799999833106994,0.6799999833106994,0.0,5,3,10
clip_b32,dtd,random,40,3,10,0.7,1,0.3333333333333333,1,0.3333333333333333,tiny_imagenet,tiny_imagenet,1,tiny_imagenet,tiny_imagenet,tiny_imagenet,tiny_imagenet,cifar10|svhn|tiny_imagenet,cifar10|svhn|tiny_imagenet,8,3,0.625,0.6729078300793965,0.6729078300793965,0.0,0.0,0.6799999833106994,0.6799999833106994,0.0,5,3,10
clip_b32,dtd,random,41,3,10,0.7,0,0.3333333333333333,0,0.3333333333333333,tiny_imagenet,tiny_imagenet,1,tiny_imagenet,tiny_imagenet,cifar100,cifar100_shared_images,cifar100|fashion_mnist|mnist,cifar100_shared_images|fashion_mnist|handwritten_digits,8,3,0.625,0.6729078300793965,0.6705319388707478,0.0023758912086486728,0.14596980229430723,0.6799999833106994,0.6730850815773011,0.006914901733398371,5,3,10
clip_b32,dtd,random,42,3,10,0.7,1,0.6666666666666666,1,1.0,tiny_imagenet,tiny_imagenet,1,tiny_imagenet,tiny_imagenet,tiny_imagenet,tiny_imagenet,cifar100_coarse|rendered_sst2|tiny_imagenet,cifar100_shared_images|rendered_sst2|tiny_imagenet,8,3,0.625,0.6729078300793965,0.6729078300793965,0.0,0.0,0.6799999833106994,0.6799999833106994,0.0,5,3,10
clip_b32,dtd,random,43,3,10,0.7,0,0.3333333333333333,0,0.3333333333333333,tiny_imagenet,tiny_imagenet,1,tiny_imagenet,tiny_imagenet,rendered_sst2,rendered_sst2,fashion_mnist|rendered_sst2|svhn,fashion_mnist|rendered_sst2|svhn,8,3,0.625,0.6729078300793965,0.6696808775266011,0.00322695255279537,0.1982572368759934,0.6799999833106994,0.6756382703781127,0.004361712932586692,5,3,10
clip_b32,dtd,random,44,3,10,0.7,0,0.0,0,0.3333333333333333,tiny_imagenet,tiny_imagenet,1,tiny_imagenet,tiny_imagenet,fashion_mnist,fashion_mnist,cifar100_coarse|fashion_mnist|usps,cifar100_shared_images|fashion_mnist|handwritten_digits,8,3,0.625,0.6729078300793965,0.6612943530082702,0.011613477071126255,0.7135078179719988,0.6799999833106994,0.6678723335266114,0.01212764978408809,5,3,10
clip_b32,dtd,random,45,3,10,0.7,0,0.0,0,0.3333333333333333,tiny_imagenet,tiny_imagenet,1,tiny_imagenet,tiny_imagenet,fashion_mnist,fashion_mnist,cifar100_coarse|fashion_mnist|svhn,cifar100_shared_images|fashion_mnist|svhn,8,3,0.625,0.6729078300793965,0.6612943530082702,0.011613477071126255,0.7135078179719988,0.6799999833106994,0.6678723335266114,0.01212764978408809,5,3,10
clip_b32,dtd,random,46,3,10,0.7,0,0.3333333333333333,0,0.6666666666666666,tiny_imagenet,tiny_imagenet,1,tiny_imagenet,tiny_imagenet,rendered_sst2,rendered_sst2,cifar10|cifar100_coarse|rendered_sst2,cifar10|cifar100_shared_images|rendered_sst2,8,3,0.625,0.6729078300793965,0.6696808775266011,0.00322695255279537,0.1982572368759934,0.6799999833106994,0.6756382703781127,0.004361712932586692,5,3,10
clip_b32,dtd,random,47,3,10,0.7,0,0.3333333333333333,0,0.3333333333333333,tiny_imagenet,tiny_imagenet,1,tiny_imagenet,tiny_imagenet,rendered_sst2,rendered_sst2,fashion_mnist|mnist|rendered_sst2,fashion_mnist|handwritten_digits|rendered_sst2,8,3,0.625,0.6729078300793965,0.6696808775266011,0.00322695255279537,0.1982572368759934,0.6799999833106994,0.6756382703781127,0.004361712932586692,5,3,10
clip_b32,dtd,random,48,3,10,0.7,0,0.0,0,0.3333333333333333,tiny_imagenet,tiny_imagenet,1,tiny_imagenet,tiny_imagenet,stl10,stl10,cifar100_coarse|fashion_mnist|stl10,cifar100_shared_images|fashion_mnist|stl10,8,3,0.625,0.6729078300793965,0.667996482849121,0.00491134723027542,0.3017429340166421,0.6799999833106994,0.6742552995681763,0.005744683742523127,5,3,10
clip_b32,dtd,random,49,3,10,0.7,0,0.3333333333333333,0,0.3333333333333333,tiny_imagenet,tiny_imagenet,1,tiny_imagenet,tiny_imagenet,cifar100,cifar100_shared_images,cifar100|cifar100_coarse|usps,cifar100_shared_images|handwritten_digits,8,2,0.75,0.6729078300793965,0.6705319388707478,0.0023758912086486728,0.14596980229430723,0.6799999833106994,0.6730850815773011,0.006914901733398371,5,3,10
clip_b32,dtd,random,50,3,10,0.7,1,0.3333333333333333,1,0.3333333333333333,tiny_imagenet,tiny_imagenet,1,tiny_imagenet,tiny_imagenet,tiny_imagenet,tiny_imagenet,cifar10|mnist|tiny_imagenet,cifar10|handwritten_digits|tiny_imagenet,8,3,0.625,0.6729078300793965,0.6729078300793965,0.0,0.0,0.6799999833106994,0.6799999833106994,0.0,5,3,10
clip_b32,dtd,random,51,3,10,0.7,0,0.0,0,0.0,tiny_imagenet,tiny_imagenet,1,tiny_imagenet,tiny_imagenet,mnist,handwritten_digits,cifar10|mnist|usps,cifar10|handwritten_digits,8,2,0.75,0.6729078300793965,0.6645390439033508,0.00836878617604564,0.5141607743291886,0.6799999833106994,0.6758510351181031,0.004148948192596369,5,3,10
clip_b32,dtd,random,52,3,10,0.7,0,0.3333333333333333,0,0.6666666666666666,tiny_imagenet,tiny_imagenet,1,tiny_imagenet,tiny_imagenet,rendered_sst2,rendered_sst2,cifar100_coarse|mnist|rendered_sst2,cifar100_shared_images|handwritten_digits|rendered_sst2,8,3,0.625,0.6729078300793965,0.6696808775266011,0.00322695255279537,0.1982572368759934,0.6799999833106994,0.6756382703781127,0.004361712932586692,5,3,10
clip_b32,dtd,random,53,3,10,0.7,0,0.3333333333333333,0,0.3333333333333333,tiny_imagenet,tiny_imagenet,1,tiny_imagenet,tiny_imagenet,rendered_sst2,rendered_sst2,rendered_sst2|stl10|usps,handwritten_digits|rendered_sst2|stl10,8,3,0.625,0.6729078300793965,0.6696808775266011,0.00322695255279537,0.1982572368759934,0.6799999833106994,0.6756382703781127,0.004361712932586692,5,3,10
clip_b32,dtd,random,54,3,10,0.7,1,0.6666666666666666,1,1.0,tiny_imagenet,tiny_imagenet,1,tiny_imagenet,tiny_imagenet,tiny_imagenet,tiny_imagenet,cifar100_coarse|rendered_sst2|tiny_imagenet,cifar100_shared_images|rendered_sst2|tiny_imagenet,8,3,0.625,0.6729078300793965,0.6729078300793965,0.0,0.0,0.6799999833106994,0.6799999833106994,0.0,5,3,10
clip_b32,dtd,random,55,3,10,0.7,0,0.0,0,0.0,tiny_imagenet,tiny_imagenet,1,tiny_imagenet,tiny_imagenet,stl10,stl10,fashion_mnist|mnist|stl10,fashion_mnist|handwritten_digits|stl10,8,3,0.625,0.6729078300793965,0.667996482849121,0.00491134723027542,0.3017429340166421,0.6799999833106994,0.6742552995681763,0.005744683742523127,5,3,10
clip_b32,dtd,random,56,3,10,0.7,1,0.3333333333333333,1,0.6666666666666666,tiny_imagenet,tiny_imagenet,1,tiny_imagenet,tiny_imagenet,tiny_imagenet,tiny_imagenet,cifar100_coarse|mnist|tiny_imagenet,cifar100_shared_images|handwritten_digits|tiny_imagenet,8,3,0.625,0.6729078300793965,0.6729078300793965,0.0,0.0,0.6799999833106994,0.6799999833106994,0.0,5,3,10
clip_b32,dtd,random,57,3,10,0.7,0,0.3333333333333333,0,0.3333333333333333,tiny_imagenet,tiny_imagenet,1,tiny_imagenet,tiny_imagenet,cifar100,cifar100_shared_images,cifar100|fashion_mnist|usps,cifar100_shared_images|fashion_mnist|handwritten_digits,8,3,0.625,0.6729078300793965,0.6705319388707478,0.0023758912086486728,0.14596980229430723,0.6799999833106994,0.6730850815773011,0.006914901733398371,5,3,10
clip_b32,dtd,random,58,3,10,0.7,0,0.3333333333333333,0,0.3333333333333333,tiny_imagenet,tiny_imagenet,1,tiny_imagenet,tiny_imagenet,cifar100,cifar100_shared_images,cifar100|fashion_mnist|mnist,cifar100_shared_images|fashion_mnist|handwritten_digits,8,3,0.625,0.6729078300793965,0.6705319388707478,0.0023758912086486728,0.14596980229430723,0.6799999833106994,0.6730850815773011,0.006914901733398371,5,3,10
clip_b32,dtd,random,59,3,10,0.7,0,0.3333333333333333,0,0.3333333333333333,tiny_imagenet,tiny_imagenet,1,tiny_imagenet,tiny_imagenet,rendered_sst2,rendered_sst2,cifar10|fashion_mnist|rendered_sst2,cifar10|fashion_mnist|rendered_sst2,8,3,0.625,0.6729078300793965,0.6696808775266011,0.00322695255279537,0.1982572368759934,0.6799999833106994,0.6756382703781127,0.004361712932586692,5,3,10
clip_b32,dtd,random,60,3,10,0.7,1,0.3333333333333333,1,0.6666666666666666,tiny_imagenet,tiny_imagenet,1,tiny_imagenet,tiny_imagenet,tiny_imagenet,tiny_imagenet,cifar100_coarse|tiny_imagenet|usps,cifar100_shared_images|handwritten_digits|tiny_imagenet,8,3,0.625,0.6729078300793965,0.6729078300793965,0.0,0.0,0.6799999833106994,0.6799999833106994,0.0,5,3,10
clip_b32,dtd,random,61,3,10,0.7,0,0.0,0,0.3333333333333333,tiny_imagenet,tiny_imagenet,1,tiny_imagenet,tiny_imagenet,stl10,stl10,cifar100_coarse|stl10|svhn,cifar100_shared_images|stl10|svhn,8,3,0.625,0.6729078300793965,0.667996482849121,0.00491134723027542,0.3017429340166421,0.6799999833106994,0.6742552995681763,0.005744683742523127,5,3,10
clip_b32,dtd,random,62,3,10,0.7,0,0.0,0,0.3333333333333333,tiny_imagenet,tiny_imagenet,1,tiny_imagenet,tiny_imagenet,cifar10,cifar10,cifar10|cifar100_coarse|usps,cifar10|cifar100_shared_images|handwritten_digits,8,3,0.625,0.6729078300793965,0.6628546436627707,0.010053186416625781,0.6176468132551083,0.6799999833106994,0.6707446575164795,0.009255325794219948,5,3,10
clip_b32,dtd,random,63,3,10,0.7,0,0.3333333333333333,0,0.3333333333333333,tiny_imagenet,tiny_imagenet,1,tiny_imagenet,tiny_imagenet,cifar100,cifar100_shared_images,cifar10|cifar100|cifar100_coarse,cifar10|cifar100_shared_images,8,2,0.75,0.6729078300793965,0.6705319388707478,0.0023758912086486728,0.14596980229430723,0.6799999833106994,0.6730850815773011,0.006914901733398371,5,3,10
clip_b32,dtd,random,64,3,10,0.7,0,0.3333333333333333,0,0.3333333333333333,tiny_imagenet,tiny_imagenet,1,tiny_imagenet,tiny_imagenet,cifar100,cifar100_shared_images,cifar100|mnist|svhn,cifar100_shared_images|handwritten_digits|svhn,8,3,0.625,0.6729078300793965,0.6705319388707478,0.0023758912086486728,0.14596980229430723,0.6799999833106994,0.6730850815773011,0.006914901733398371,5,3,10
clip_b32,dtd,random,65,3,10,0.7,0,0.6666666666666666,0,0.6666666666666666,tiny_imagenet,tiny_imagenet,1,tiny_imagenet,tiny_imagenet,cifar100,cifar100_shared_images,cifar100|fashion_mnist|rendered_sst2,cifar100_shared_images|fashion_mnist|rendered_sst2,8,3,0.625,0.6729078300793965,0.6705319388707478,0.0023758912086486728,0.14596980229430723,0.6799999833106994,0.6730850815773011,0.006914901733398371,5,3,10
clip_b32,dtd,random,66,3,10,0.7,0,0.0,0,0.0,tiny_imagenet,tiny_imagenet,1,tiny_imagenet,tiny_imagenet,mnist,handwritten_digits,cifar10|mnist|usps,cifar10|handwritten_digits,8,2,0.75,0.6729078300793965,0.6645390439033508,0.00836878617604564,0.5141607743291886,0.6799999833106994,0.6758510351181031,0.004148948192596369,5,3,10
clip_b32,dtd,random,67,3,10,0.7,1,0.6666666666666666,1,0.6666666666666666,tiny_imagenet,tiny_imagenet,1,tiny_imagenet,tiny_imagenet,tiny_imagenet,tiny_imagenet,rendered_sst2|tiny_imagenet|usps,handwritten_digits|rendered_sst2|tiny_imagenet,8,3,0.625,0.6729078300793965,0.6729078300793965,0.0,0.0,0.6799999833106994,0.6799999833106994,0.0,5,3,10
clip_b32,dtd,random,68,3,10,0.7,0,0.3333333333333333,0,0.3333333333333333,tiny_imagenet,tiny_imagenet,1,tiny_imagenet,tiny_imagenet,rendered_sst2,rendered_sst2,mnist|rendered_sst2|svhn,handwritten_digits|rendered_sst2|svhn,8,3,0.625,0.6729078300793965,0.6696808775266011,0.00322695255279537,0.1982572368759934,0.6799999833106994,0.6756382703781127,0.004361712932586692,5,3,10
clip_b32,dtd,random,69,3,10,0.7,0,0.0,0,0.0,tiny_imagenet,tiny_imagenet,1,tiny_imagenet,tiny_imagenet,stl10,stl10,fashion_mnist|stl10|usps,fashion_mnist|handwritten_digits|stl10,8,3,0.625,0.6729078300793965,0.667996482849121,0.00491134723027542,0.3017429340166421,0.6799999833106994,0.6742552995681763,0.005744683742523127,5,3,10
clip_b32,dtd,random,70,3,10,0.7,1,0.3333333333333333,1,0.3333333333333333,tiny_imagenet,tiny_imagenet,1,tiny_imagenet,tiny_imagenet,tiny_imagenet,tiny_imagenet,stl10|tiny_imagenet|usps,handwritten_digits|stl10|tiny_imagenet,8,3,0.625,0.6729078300793965,0.6729078300793965,0.0,0.0,0.6799999833106994,0.6799999833106994,0.0,5,3,10
clip_b32,dtd,random,71,3,10,0.7,0,0.0,0,0.0,tiny_imagenet,tiny_imagenet,1,tiny_imagenet,tiny_imagenet,mnist,handwritten_digits,cifar10|mnist|svhn,cifar10|handwritten_digits|svhn,8,3,0.625,0.6729078300793965,0.6645390439033508,0.00836878617604564,0.5141607743291886,0.6799999833106994,0.6758510351181031,0.004148948192596369,5,3,10
clip_b32,dtd,random,72,3,10,0.7,0,0.0,0,0.0,tiny_imagenet,tiny_imagenet,1,tiny_imagenet,tiny_imagenet,mnist,handwritten_digits,fashion_mnist|mnist|svhn,fashion_mnist|handwritten_digits|svhn,8,3,0.625,0.6729078300793965,0.6645390439033508,0.00836878617604564,0.5141607743291886,0.6799999833106994,0.6758510351181031,0.004148948192596369,5,3,10
clip_b32,dtd,random,73,3,10,0.7,0,0.3333333333333333,0,0.3333333333333333,tiny_imagenet,tiny_imagenet,1,tiny_imagenet,tiny_imagenet,rendered_sst2,rendered_sst2,fashion_mnist|mnist|rendered_sst2,fashion_mnist|handwritten_digits|rendered_sst2,8,3,0.625,0.6729078300793965,0.6696808775266011,0.00322695255279537,0.1982572368759934,0.6799999833106994,0.6756382703781127,0.004361712932586692,5,3,10
clip_b32,dtd,random,74,3,10,0.7,1,1.0,1,1.0,tiny_imagenet,tiny_imagenet,1,tiny_imagenet,tiny_imagenet,tiny_imagenet,tiny_imagenet,cifar100|rendered_sst2|tiny_imagenet,cifar100_shared_images|rendered_sst2|tiny_imagenet,8,3,0.625,0.6729078300793965,0.6729078300793965,0.0,0.0,0.6799999833106994,0.6799999833106994,0.0,5,3,10
clip_b32,dtd,random,75,3,10,0.7,0,0.3333333333333333,0,0.3333333333333333,tiny_imagenet,tiny_imagenet,1,tiny_imagenet,tiny_imagenet,cifar100,cifar100_shared_images,cifar100|fashion_mnist|usps,cifar100_shared_images|fashion_mnist|handwritten_digits,8,3,0.625,0.6729078300793965,0.6705319388707478,0.0023758912086486728,0.14596980229430723,0.6799999833106994,0.6730850815773011,0.006914901733398371,5,3,10
clip_b32,dtd,random,76,3,10,0.7,0,0.3333333333333333,0,0.3333333333333333,tiny_imagenet,tiny_imagenet,1,tiny_imagenet,tiny_imagenet,cifar100,cifar100_shared_images,cifar10|cifar100|fashion_mnist,cifar10|cifar100_shared_images|fashion_mnist,8,3,0.625,0.6729078300793965,0.6705319388707478,0.0023758912086486728,0.14596980229430723,0.6799999833106994,0.6730850815773011,0.006914901733398371,5,3,10
clip_b32,dtd,random,77,3,10,0.7,0,0.3333333333333333,0,0.3333333333333333,tiny_imagenet,tiny_imagenet,1,tiny_imagenet,tiny_imagenet,cifar100,cifar100_shared_images,cifar10|cifar100|usps,cifar10|cifar100_shared_images|handwritten_digits,8,3,0.625,0.6729078300793965,0.6705319388707478,0.0023758912086486728,0.14596980229430723,0.6799999833106994,0.6730850815773011,0.006914901733398371,5,3,10
clip_b32,dtd,random,78,3,10,0.7,1,0.6666666666666666,1,0.6666666666666666,tiny_imagenet,tiny_imagenet,1,tiny_imagenet,tiny_imagenet,tiny_imagenet,tiny_imagenet,cifar100|tiny_imagenet|usps,cifar100_shared_images|handwritten_digits|tiny_imagenet,8,3,0.625,0.6729078300793965,0.6729078300793965,0.0,0.0,0.6799999833106994,0.6799999833106994,0.0,5,3,10
clip_b32,dtd,random,79,3,10,0.7,0,0.3333333333333333,0,0.3333333333333333,tiny_imagenet,tiny_imagenet,1,tiny_imagenet,tiny_imagenet,cifar100,cifar100_shared_images,cifar100|cifar100_coarse|fashion_mnist,cifar100_shared_images|fashion_mnist,8,2,0.75,0.6729078300793965,0.6705319388707478,0.0023758912086486728,0.14596980229430723,0.6799999833106994,0.6730850815773011,0.006914901733398371,5,3,10
clip_b32,dtd,random,80,3,10,0.7,1,0.3333333333333333,1,0.3333333333333333,tiny_imagenet,tiny_imagenet,1,tiny_imagenet,tiny_imagenet,tiny_imagenet,tiny_imagenet,cifar10|svhn|tiny_imagenet,cifar10|svhn|tiny_imagenet,8,3,0.625,0.6729078300793965,0.6729078300793965,0.0,0.0,0.6799999833106994,0.6799999833106994,0.0,5,3,10
clip_b32,dtd,random,81,3,10,0.7,0,0.3333333333333333,0,0.3333333333333333,tiny_imagenet,tiny_imagenet,1,tiny_imagenet,tiny_imagenet,cifar100,cifar100_shared_images,cifar100|cifar100_coarse|usps,cifar100_shared_images|handwritten_digits,8,2,0.75,0.6729078300793965,0.6705319388707478,0.0023758912086486728,0.14596980229430723,0.6799999833106994,0.6730850815773011,0.006914901733398371,5,3,10
clip_b32,dtd,random,82,3,10,0.7,0,0.0,0,0.3333333333333333,tiny_imagenet,tiny_imagenet,1,tiny_imagenet,tiny_imagenet,cifar10,cifar10,cifar10|cifar100_coarse|svhn,cifar10|cifar100_shared_images|svhn,8,3,0.625,0.6729078300793965,0.6628546436627707,0.010053186416625781,0.6176468132551083,0.6799999833106994,0.6707446575164795,0.009255325794219948,5,3,10
clip_b32,dtd,random,83,3,10,0.7,0,0.0,0,0.3333333333333333,tiny_imagenet,tiny_imagenet,1,tiny_imagenet,tiny_imagenet,mnist,handwritten_digits,cifar100_coarse|fashion_mnist|mnist,cifar100_shared_images|fashion_mnist|handwritten_digits,8,3,0.625,0.6729078300793965,0.6645390439033508,0.00836878617604564,0.5141607743291886,0.6799999833106994,0.6758510351181031,0.004148948192596369,5,3,10
clip_b32,dtd,random,84,3,10,0.7,0,0.3333333333333333,0,0.3333333333333333,tiny_imagenet,tiny_imagenet,1,tiny_imagenet,tiny_imagenet,cifar100,cifar100_shared_images,cifar100|cifar100_coarse|usps,cifar100_shared_images|handwritten_digits,8,2,0.75,0.6729078300793965,0.6705319388707478,0.0023758912086486728,0.14596980229430723,0.6799999833106994,0.6730850815773011,0.006914901733398371,5,3,10
clip_b32,dtd,random,85,3,10,0.7,0,0.3333333333333333,0,0.6666666666666666,tiny_imagenet,tiny_imagenet,1,tiny_imagenet,tiny_imagenet,rendered_sst2,rendered_sst2,cifar100_coarse|rendered_sst2|svhn,cifar100_shared_images|rendered_sst2|svhn,8,3,0.625,0.6729078300793965,0.6696808775266011,0.00322695255279537,0.1982572368759934,0.6799999833106994,0.6756382703781127,0.004361712932586692,5,3,10
clip_b32,dtd,random,86,3,10,0.7,0,0.3333333333333333,0,0.3333333333333333,tiny_imagenet,tiny_imagenet,1,tiny_imagenet,tiny_imagenet,cifar100,cifar100_shared_images,cifar10|cifar100|stl10,cifar10|cifar100_shared_images|stl10,8,3,0.625,0.6729078300793965,0.6705319388707478,0.0023758912086486728,0.14596980229430723,0.6799999833106994,0.6730850815773011,0.006914901733398371,5,3,10
clip_b32,dtd,random,87,3,10,0.7,1,0.6666666666666666,1,1.0,tiny_imagenet,tiny_imagenet,1,tiny_imagenet,tiny_imagenet,tiny_imagenet,tiny_imagenet,cifar100_coarse|rendered_sst2|tiny_imagenet,cifar100_shared_images|rendered_sst2|tiny_imagenet,8,3,0.625,0.6729078300793965,0.6729078300793965,0.0,0.0,0.6799999833106994,0.6799999833106994,0.0,5,3,10
clip_b32,dtd,random,88,3,10,0.7,0,0.3333333333333333,0,0.3333333333333333,tiny_imagenet,tiny_imagenet,1,tiny_imagenet,tiny_imagenet,rendered_sst2,rendered_sst2,mnist|rendered_sst2|stl10,handwritten_digits|rendered_sst2|stl10,8,3,0.625,0.6729078300793965,0.6696808775266011,0.00322695255279537,0.1982572368759934,0.6799999833106994,0.6756382703781127,0.004361712932586692,5,3,10
clip_b32,dtd,random,89,3,10,0.7,0,0.3333333333333333,0,0.6666666666666666,tiny_imagenet,tiny_imagenet,1,tiny_imagenet,tiny_imagenet,rendered_sst2,rendered_sst2,cifar10|cifar100_coarse|rendered_sst2,cifar10|cifar100_shared_images|rendered_sst2,8,3,0.625,0.6729078300793965,0.6696808775266011,0.00322695255279537,0.1982572368759934,0.6799999833106994,0.6756382703781127,0.004361712932586692,5,3,10
clip_b32,dtd,random,90,3,10,0.7,0,0.0,0,0.0,tiny_imagenet,tiny_imagenet,1,tiny_imagenet,tiny_imagenet,stl10,stl10,mnist|stl10|usps,handwritten_digits|stl10,8,2,0.75,0.6729078300793965,0.667996482849121,0.00491134723027542,0.3017429340166421,0.6799999833106994,0.6742552995681763,0.005744683742523127,5,3,10
clip_b32,dtd,random,91,3,10,0.7,0,0.3333333333333333,0,0.6666666666666666,tiny_imagenet,tiny_imagenet,1,tiny_imagenet,tiny_imagenet,rendered_sst2,rendered_sst2,cifar100_coarse|rendered_sst2|stl10,cifar100_shared_images|rendered_sst2|stl10,8,3,0.625,0.6729078300793965,0.6696808775266011,0.00322695255279537,0.1982572368759934,0.6799999833106994,0.6756382703781127,0.004361712932586692,5,3,10
clip_b32,dtd,random,92,3,10,0.7,0,0.0,0,0.0,tiny_imagenet,tiny_imagenet,1,tiny_imagenet,tiny_imagenet,stl10,stl10,cifar10|fashion_mnist|stl10,cifar10|fashion_mnist|stl10,8,3,0.625,0.6729078300793965,0.667996482849121,0.00491134723027542,0.3017429340166421,0.6799999833106994,0.6742552995681763,0.005744683742523127,5,3,10
clip_b32,dtd,random,93,3,10,0.7,0,0.3333333333333333,0,0.3333333333333333,tiny_imagenet,tiny_imagenet,1,tiny_imagenet,tiny_imagenet,rendered_sst2,rendered_sst2,fashion_mnist|rendered_sst2|svhn,fashion_mnist|rendered_sst2|svhn,8,3,0.625,0.6729078300793965,0.6696808775266011,0.00322695255279537,0.1982572368759934,0.6799999833106994,0.6756382703781127,0.004361712932586692,5,3,10
clip_b32,dtd,random,94,3,10,0.7,0,0.0,0,0.3333333333333333,tiny_imagenet,tiny_imagenet,1,tiny_imagenet,tiny_imagenet,mnist,handwritten_digits,cifar100_coarse|mnist|svhn,cifar100_shared_images|handwritten_digits|svhn,8,3,0.625,0.6729078300793965,0.6645390439033508,0.00836878617604564,0.5141607743291886,0.6799999833106994,0.6758510351181031,0.004148948192596369,5,3,10
clip_b32,dtd,random,95,3,10,0.7,0,0.0,0,0.0,tiny_imagenet,tiny_imagenet,1,tiny_imagenet,tiny_imagenet,stl10,stl10,cifar10|stl10|usps,cifar10|handwritten_digits|stl10,8,3,0.625,0.6729078300793965,0.667996482849121,0.00491134723027542,0.3017429340166421,0.6799999833106994,0.6742552995681763,0.005744683742523127,5,3,10
clip_b32,dtd,random,96,3,10,0.7,0,0.0,0,0.0,tiny_imagenet,tiny_imagenet,1,tiny_imagenet,tiny_imagenet,cifar10,cifar10,cifar10|fashion_mnist|svhn,cifar10|fashion_mnist|svhn,8,3,0.625,0.6729078300793965,0.6628546436627707,0.010053186416625781,0.6176468132551083,0.6799999833106994,0.6707446575164795,0.009255325794219948,5,3,10
clip_b32,dtd,random,97,3,10,0.7,0,0.0,0,0.0,tiny_imagenet,tiny_imagenet,1,tiny_imagenet,tiny_imagenet,stl10,stl10,fashion_mnist|stl10|usps,fashion_mnist|handwritten_digits|stl10,8,3,0.625,0.6729078300793965,0.667996482849121,0.00491134723027542,0.3017429340166421,0.6799999833106994,0.6742552995681763,0.005744683742523127,5,3,10
clip_b32,dtd,random,98,3,10,0.7,0,0.6666666666666666,0,0.6666666666666666,tiny_imagenet,tiny_imagenet,1,tiny_imagenet,tiny_imagenet,cifar100,cifar100_shared_images,cifar100|rendered_sst2|svhn,cifar100_shared_images|rendered_sst2|svhn,8,3,0.625,0.6729078300793965,0.6705319388707478,0.0023758912086486728,0.14596980229430723,0.6799999833106994,0.6730850815773011,0.006914901733398371,5,3,10
clip_b32,dtd,random,99,3,10,0.7,1,0.6666666666666666,1,0.6666666666666666,tiny_imagenet,tiny_imagenet,1,tiny_imagenet,tiny_imagenet,tiny_imagenet,tiny_imagenet,rendered_sst2|svhn|tiny_imagenet,rendered_sst2|svhn|tiny_imagenet,8,3,0.625,0.6729078300793965,0.6729078300793965,0.0,0.0,0.6799999833106994,0.6799999833106994,0.0,5,3,10
clip_b32,dtd,rank_only,-1,5,10,0.5,1,1.0,1,1.0,tiny_imagenet,tiny_imagenet,1,tiny_imagenet,tiny_imagenet,tiny_imagenet,tiny_imagenet,rendered_sst2|tiny_imagenet|stl10|cifar100_coarse|cifar100,cifar100_shared_images|rendered_sst2|stl10|tiny_imagenet,8,4,0.5,0.6729078300793965,0.6729078300793965,0.0,0.0,0.6799999833106994,0.6799999833106994,0.0,5,5,10
clip_b32,dtd,facility_subspace,-1,5,10,0.5,0,0.6666666666666666,0,0.6666666666666666,tiny_imagenet,tiny_imagenet,1,tiny_imagenet,tiny_imagenet,cifar100,cifar100_shared_images,cifar100|usps|rendered_sst2|fashion_mnist|cifar10,cifar10|cifar100_shared_images|fashion_mnist|handwritten_digits|rendered_sst2,8,5,0.375,0.6729078300793965,0.6705319388707478,0.0023758912086486728,0.14596980229430723,0.6799999833106994,0.6730850815773011,0.006914901733398371,5,5,10
clip_b32,dtd,kcenter_subspace,-1,5,10,0.5,0,0.3333333333333333,0,0.3333333333333333,tiny_imagenet,tiny_imagenet,1,tiny_imagenet,tiny_imagenet,rendered_sst2,rendered_sst2,rendered_sst2|stl10|mnist|fashion_mnist|svhn,fashion_mnist|handwritten_digits|rendered_sst2|stl10|svhn,8,5,0.375,0.6729078300793965,0.6696808775266011,0.00322695255279537,0.1982572368759934,0.6799999833106994,0.6756382703781127,0.004361712932586692,5,5,10
clip_b32,dtd,dpp_subspace,-1,5,10,0.5,1,0.6666666666666666,1,1.0,tiny_imagenet,tiny_imagenet,1,tiny_imagenet,tiny_imagenet,tiny_imagenet,tiny_imagenet,rendered_sst2|tiny_imagenet|stl10|cifar100_coarse|cifar10,cifar10|cifar100_shared_images|rendered_sst2|stl10|tiny_imagenet,8,5,0.375,0.6729078300793965,0.6729078300793965,0.0,0.0,0.6799999833106994,0.6799999833106994,0.0,5,5,10
clip_b32,dtd,pool_vendi_subspace,-1,5,10,0.5,0,0.3333333333333333,0,0.3333333333333333,tiny_imagenet,tiny_imagenet,1,tiny_imagenet,tiny_imagenet,rendered_sst2,rendered_sst2,rendered_sst2|stl10|mnist|fashion_mnist|svhn,fashion_mnist|handwritten_digits|rendered_sst2|stl10|svhn,8,5,0.375,0.6729078300793965,0.6696808775266011,0.00322695255279537,0.1982572368759934,0.6799999833106994,0.6756382703781127,0.004361712932586692,5,5,10
clip_b32,dtd,full_merged_rank,-1,5,10,0.5,1,1.0,1,1.0,tiny_imagenet,tiny_imagenet,1,tiny_imagenet,tiny_imagenet,tiny_imagenet,tiny_imagenet,rendered_sst2|tiny_imagenet|stl10|cifar100_coarse|cifar100,cifar100_shared_images|rendered_sst2|stl10|tiny_imagenet,8,4,0.5,0.6729078300793965,0.6729078300793965,0.0,0.0,0.6799999833106994,0.6799999833106994,0.0,5,5,10
clip_b32,dtd,random,0,5,10,0.5,0,0.3333333333333333,0,0.3333333333333333,tiny_imagenet,tiny_imagenet,1,tiny_imagenet,tiny_imagenet,rendered_sst2,rendered_sst2,cifar10|fashion_mnist|mnist|rendered_sst2|stl10,cifar10|fashion_mnist|handwritten_digits|rendered_sst2|stl10,8,5,0.375,0.6729078300793965,0.6696808775266011,0.00322695255279537,0.1982572368759934,0.6799999833106994,0.6756382703781127,0.004361712932586692,5,5,10
clip_b32,dtd,random,1,5,10,0.5,0,0.3333333333333333,0,0.6666666666666666,tiny_imagenet,tiny_imagenet,1,tiny_imagenet,tiny_imagenet,rendered_sst2,rendered_sst2,cifar10|cifar100_coarse|fashion_mnist|rendered_sst2|svhn,cifar10|cifar100_shared_images|fashion_mnist|rendered_sst2|svhn,8,5,0.375,0.6729078300793965,0.6696808775266011,0.00322695255279537,0.1982572368759934,0.6799999833106994,0.6756382703781127,0.004361712932586692,5,5,10
clip_b32,dtd,random,2,5,10,0.5,0,0.0,0,0.0,tiny_imagenet,tiny_imagenet,1,tiny_imagenet,tiny_imagenet,mnist,handwritten_digits,cifar10|fashion_mnist|mnist|svhn|usps,cifar10|fashion_mnist|handwritten_digits|svhn,8,4,0.5,0.6729078300793965,0.6645390439033508,0.00836878617604564,0.5141607743291886,0.6799999833106994,0.6758510351181031,0.004148948192596369,5,5,10
clip_b32,dtd,random,3,5,10,0.5,1,0.3333333333333333,1,0.6666666666666666,tiny_imagenet,tiny_imagenet,1,tiny_imagenet,tiny_imagenet,tiny_imagenet,tiny_imagenet,cifar10|cifar100_coarse|fashion_mnist|tiny_imagenet|usps,cifar10|cifar100_shared_images|fashion_mnist|handwritten_digits|tiny_imagenet,8,5,0.375,0.6729078300793965,0.6729078300793965,0.0,0.0,0.6799999833106994,0.6799999833106994,0.0,5,5,10
clip_b32,dtd,random,4,5,10,0.5,0,0.3333333333333333,0,0.6666666666666666,tiny_imagenet,tiny_imagenet,1,tiny_imagenet,tiny_imagenet,rendered_sst2,rendered_sst2,cifar10|cifar100_coarse|fashion_mnist|rendered_sst2|svhn,cifar10|cifar100_shared_images|fashion_mnist|rendered_sst2|svhn,8,5,0.375,0.6729078300793965,0.6696808775266011,0.00322695255279537,0.1982572368759934,0.6799999833106994,0.6756382703781127,0.004361712932586692,5,5,10
clip_b32,dtd,random,5,5,10,0.5,0,0.3333333333333333,0,0.6666666666666666,tiny_imagenet,tiny_imagenet,1,tiny_imagenet,tiny_imagenet,rendered_sst2,rendered_sst2,cifar100_coarse|rendered_sst2|stl10|svhn|usps,cifar100_shared_images|handwritten_digits|rendered_sst2|stl10|svhn,8,5,0.375,0.6729078300793965,0.6696808775266011,0.00322695255279537,0.1982572368759934,0.6799999833106994,0.6756382703781127,0.004361712932586692,5,5,10
clip_b32,dtd,random,6,5,10,0.5,0,0.3333333333333333,0,0.6666666666666666,tiny_imagenet,tiny_imagenet,1,tiny_imagenet,tiny_imagenet,rendered_sst2,rendered_sst2,cifar100_coarse|fashion_mnist|mnist|rendered_sst2|usps,cifar100_shared_images|fashion_mnist|handwritten_digits|rendered_sst2,8,4,0.5,0.6729078300793965,0.6696808775266011,0.00322695255279537,0.1982572368759934,0.6799999833106994,0.6756382703781127,0.004361712932586692,5,5,10
clip_b32,dtd,random,7,5,10,0.5,0,0.0,0,0.0,tiny_imagenet,tiny_imagenet,1,tiny_imagenet,tiny_imagenet,stl10,stl10,cifar10|fashion_mnist|stl10|svhn|usps,cifar10|fashion_mnist|handwritten_digits|stl10|svhn,8,5,0.375,0.6729078300793965,0.667996482849121,0.00491134723027542,0.3017429340166421,0.6799999833106994,0.6742552995681763,0.005744683742523127,5,5,10
clip_b32,dtd,random,8,5,10,0.5,1,0.3333333333333333,1,0.6666666666666666,tiny_imagenet,tiny_imagenet,1,tiny_imagenet,tiny_imagenet,tiny_imagenet,tiny_imagenet,cifar100_coarse|fashion_mnist|mnist|stl10|tiny_imagenet,cifar100_shared_images|fashion_mnist|handwritten_digits|stl10|tiny_imagenet,8,5,0.375,0.6729078300793965,0.6729078300793965,0.0,0.0,0.6799999833106994,0.6799999833106994,0.0,5,5,10
clip_b32,dtd,random,9,5,10,0.5,0,0.3333333333333333,0,0.3333333333333333,tiny_imagenet,tiny_imagenet,1,tiny_imagenet,tiny_imagenet,cifar100,cifar100_shared_images,cifar100|cifar100_coarse|fashion_mnist|stl10|usps,cifar100_shared_images|fashion_mnist|handwritten_digits|stl10,8,4,0.5,0.6729078300793965,0.6705319388707478,0.0023758912086486728,0.14596980229430723,0.6799999833106994,0.6730850815773011,0.006914901733398371,5,5,10
clip_b32,dtd,random,10,5,10,0.5,0,0.3333333333333333,0,0.3333333333333333,tiny_imagenet,tiny_imagenet,1,tiny_imagenet,tiny_imagenet,cifar100,cifar100_shared_images,cifar100|cifar100_coarse|fashion_mnist|mnist|usps,cifar100_shared_images|fashion_mnist|handwritten_digits,8,3,0.625,0.6729078300793965,0.6705319388707478,0.0023758912086486728,0.14596980229430723,0.6799999833106994,0.6730850815773011,0.006914901733398371,5,5,10
clip_b32,dtd,random,11,5,10,0.5,0,0.6666666666666666,0,0.6666666666666666,tiny_imagenet,tiny_imagenet,1,tiny_imagenet,tiny_imagenet,cifar100,cifar100_shared_images,cifar100|cifar100_coarse|rendered_sst2|stl10|usps,cifar100_shared_images|handwritten_digits|rendered_sst2|stl10,8,4,0.5,0.6729078300793965,0.6705319388707478,0.0023758912086486728,0.14596980229430723,0.6799999833106994,0.6730850815773011,0.006914901733398371,5,5,10
clip_b32,dtd,random,12,5,10,0.5,1,1.0,1,1.0,tiny_imagenet,tiny_imagenet,1,tiny_imagenet,tiny_imagenet,tiny_imagenet,tiny_imagenet,cifar100|mnist|rendered_sst2|stl10|tiny_imagenet,cifar100_shared_images|handwritten_digits|rendered_sst2|stl10|tiny_imagenet,8,5,0.375,0.6729078300793965,0.6729078300793965,0.0,0.0,0.6799999833106994,0.6799999833106994,0.0,5,5,10
clip_b32,dtd,random,13,5,10,0.5,0,0.6666666666666666,0,0.6666666666666666,tiny_imagenet,tiny_imagenet,1,tiny_imagenet,tiny_imagenet,cifar100,cifar100_shared_images,cifar100|cifar100_coarse|fashion_mnist|mnist|rendered_sst2,cifar100_shared_images|fashion_mnist|handwritten_digits|rendered_sst2,8,4,0.5,0.6729078300793965,0.6705319388707478,0.0023758912086486728,0.14596980229430723,0.6799999833106994,0.6730850815773011,0.006914901733398371,5,5,10
clip_b32,dtd,random,14,5,10,0.5,0,0.6666666666666666,0,0.6666666666666666,tiny_imagenet,tiny_imagenet,1,tiny_imagenet,tiny_imagenet,cifar100,cifar100_shared_images,cifar10|cifar100|mnist|rendered_sst2|svhn,cifar10|cifar100_shared_images|handwritten_digits|rendered_sst2|svhn,8,5,0.375,0.6729078300793965,0.6705319388707478,0.0023758912086486728,0.14596980229430723,0.6799999833106994,0.6730850815773011,0.006914901733398371,5,5,10
clip_b32,dtd,random,15,5,10,0.5,0,0.0,0,0.3333333333333333,tiny_imagenet,tiny_imagenet,1,tiny_imagenet,tiny_imagenet,mnist,handwritten_digits,cifar100_coarse|fashion_mnist|mnist|svhn|usps,cifar100_shared_images|fashion_mnist|handwritten_digits|svhn,8,4,0.5,0.6729078300793965,0.6645390439033508,0.00836878617604564,0.5141607743291886,0.6799999833106994,0.6758510351181031,0.004148948192596369,5,5,10
clip_b32,dtd,random,16,5,10,0.5,0,0.6666666666666666,0,0.6666666666666666,tiny_imagenet,tiny_imagenet,1,tiny_imagenet,tiny_imagenet,cifar100,cifar100_shared_images,cifar10|cifar100|cifar100_coarse|mnist|rendered_sst2,cifar10|cifar100_shared_images|handwritten_digits|rendered_sst2,8,4,0.5,0.6729078300793965,0.6705319388707478,0.0023758912086486728,0.14596980229430723,0.6799999833106994,0.6730850815773011,0.006914901733398371,5,5,10
clip_b32,dtd,random,17,5,10,0.5,1,0.6666666666666666,1,0.6666666666666666,tiny_imagenet,tiny_imagenet,1,tiny_imagenet,tiny_imagenet,tiny_imagenet,tiny_imagenet,fashion_mnist|rendered_sst2|stl10|svhn|tiny_imagenet,fashion_mnist|rendered_sst2|stl10|svhn|tiny_imagenet,8,5,0.375,0.6729078300793965,0.6729078300793965,0.0,0.0,0.6799999833106994,0.6799999833106994,0.0,5,5,10
clip_b32,dtd,random,18,5,10,0.5,0,0.3333333333333333,0,0.6666666666666666,tiny_imagenet,tiny_imagenet,1,tiny_imagenet,tiny_imagenet,rendered_sst2,rendered_sst2,cifar10|cifar100_coarse|fashion_mnist|mnist|rendered_sst2,cifar10|cifar100_shared_images|fashion_mnist|handwritten_digits|rendered_sst2,8,5,0.375,0.6729078300793965,0.6696808775266011,0.00322695255279537,0.1982572368759934,0.6799999833106994,0.6756382703781127,0.004361712932586692,5,5,10
clip_b32,dtd,random,19,5,10,0.5,0,0.0,0,0.3333333333333333,tiny_imagenet,tiny_imagenet,1,tiny_imagenet,tiny_imagenet,stl10,stl10,cifar100_coarse|fashion_mnist|mnist|stl10|svhn,cifar100_shared_images|fashion_mnist|handwritten_digits|stl10|svhn,8,5,0.375,0.6729078300793965,0.667996482849121,0.00491134723027542,0.3017429340166421,0.6799999833106994,0.6742552995681763,0.005744683742523127,5,5,10
clip_b32,dtd,random,20,5,10,0.5,1,1.0,1,1.0,tiny_imagenet,tiny_imagenet,1,tiny_imagenet,tiny_imagenet,tiny_imagenet,tiny_imagenet,cifar10|cifar100|cifar100_coarse|rendered_sst2|tiny_imagenet,cifar10|cifar100_shared_images|rendered_sst2|tiny_imagenet,8,4,0.5,0.6729078300793965,0.6729078300793965,0.0,0.0,0.6799999833106994,0.6799999833106994,0.0,5,5,10
clip_b32,dtd,random,21,5,10,0.5,1,0.6666666666666666,1,0.6666666666666666,tiny_imagenet,tiny_imagenet,1,tiny_imagenet,tiny_imagenet,tiny_imagenet,tiny_imagenet,cifar100|cifar100_coarse|svhn|tiny_imagenet|usps,cifar100_shared_images|handwritten_digits|svhn|tiny_imagenet,8,4,0.5,0.6729078300793965,0.6729078300793965,0.0,0.0,0.6799999833106994,0.6799999833106994,0.0,5,5,10
clip_b32,dtd,random,22,5,10,0.5,0,0.3333333333333333,0,0.3333333333333333,tiny_imagenet,tiny_imagenet,1,tiny_imagenet,tiny_imagenet,cifar100,cifar100_shared_images,cifar100|fashion_mnist|mnist|stl10|usps,cifar100_shared_images|fashion_mnist|handwritten_digits|stl10,8,4,0.5,0.6729078300793965,0.6705319388707478,0.0023758912086486728,0.14596980229430723,0.6799999833106994,0.6730850815773011,0.006914901733398371,5,5,10
clip_b32,dtd,random,23,5,10,0.5,0,0.6666666666666666,0,0.6666666666666666,tiny_imagenet,tiny_imagenet,1,tiny_imagenet,tiny_imagenet,cifar100,cifar100_shared_images,cifar10|cifar100|cifar100_coarse|rendered_sst2|svhn,cifar10|cifar100_shared_images|rendered_sst2|svhn,8,4,0.5,0.6729078300793965,0.6705319388707478,0.0023758912086486728,0.14596980229430723,0.6799999833106994,0.6730850815773011,0.006914901733398371,5,5,10
clip_b32,dtd,random,24,5,10,0.5,1,1.0,1,1.0,tiny_imagenet,tiny_imagenet,1,tiny_imagenet,tiny_imagenet,tiny_imagenet,tiny_imagenet,cifar100|mnist|rendered_sst2|svhn|tiny_imagenet,cifar100_shared_images|handwritten_digits|rendered_sst2|svhn|tiny_imagenet,8,5,0.375,0.6729078300793965,0.6729078300793965,0.0,0.0,0.6799999833106994,0.6799999833106994,0.0,5,5,10
clip_b32,dtd,random,25,5,10,0.5,1,0.3333333333333333,1,0.3333333333333333,tiny_imagenet,tiny_imagenet,1,tiny_imagenet,tiny_imagenet,tiny_imagenet,tiny_imagenet,cifar10|mnist|stl10|tiny_imagenet|usps,cifar10|handwritten_digits|stl10|tiny_imagenet,8,4,0.5,0.6729078300793965,0.6729078300793965,0.0,0.0,0.6799999833106994,0.6799999833106994,0.0,5,5,10
clip_b32,dtd,random,26,5,10,0.5,0,0.6666666666666666,0,0.6666666666666666,tiny_imagenet,tiny_imagenet,1,tiny_imagenet,tiny_imagenet,cifar100,cifar100_shared_images,cifar100|cifar100_coarse|fashion_mnist|mnist|rendered_sst2,cifar100_shared_images|fashion_mnist|handwritten_digits|rendered_sst2,8,4,0.5,0.6729078300793965,0.6705319388707478,0.0023758912086486728,0.14596980229430723,0.6799999833106994,0.6730850815773011,0.006914901733398371,5,5,10
clip_b32,dtd,random,27,5,10,0.5,0,0.6666666666666666,0,0.6666666666666666,tiny_imagenet,tiny_imagenet,1,tiny_imagenet,tiny_imagenet,cifar100,cifar100_shared_images,cifar10|cifar100|cifar100_coarse|rendered_sst2|stl10,cifar10|cifar100_shared_images|rendered_sst2|stl10,8,4,0.5,0.6729078300793965,0.6705319388707478,0.0023758912086486728,0.14596980229430723,0.6799999833106994,0.6730850815773011,0.006914901733398371,5,5,10
clip_b32,dtd,random,28,5,10,0.5,1,0.3333333333333333,1,0.3333333333333333,tiny_imagenet,tiny_imagenet,1,tiny_imagenet,tiny_imagenet,tiny_imagenet,tiny_imagenet,cifar10|fashion_mnist|mnist|stl10|tiny_imagenet,cifar10|fashion_mnist|handwritten_digits|stl10|tiny_imagenet,8,5,0.375,0.6729078300793965,0.6729078300793965,0.0,0.0,0.6799999833106994,0.6799999833106994,0.0,5,5,10
clip_b32,dtd,random,29,5,10,0.5,0,0.6666666666666666,0,0.6666666666666666,tiny_imagenet,tiny_imagenet,1,tiny_imagenet,tiny_imagenet,cifar100,cifar100_shared_images,cifar10|cifar100|rendered_sst2|svhn|usps,cifar10|cifar100_shared_images|handwritten_digits|rendered_sst2|svhn,8,5,0.375,0.6729078300793965,0.6705319388707478,0.0023758912086486728,0.14596980229430723,0.6799999833106994,0.6730850815773011,0.006914901733398371,5,5,10
clip_b32,dtd,random,30,5,10,0.5,1,0.3333333333333333,1,0.3333333333333333,tiny_imagenet,tiny_imagenet,1,tiny_imagenet,tiny_imagenet,tiny_imagenet,tiny_imagenet,fashion_mnist|stl10|svhn|tiny_imagenet|usps,fashion_mnist|handwritten_digits|stl10|svhn|tiny_imagenet,8,5,0.375,0.6729078300793965,0.6729078300793965,0.0,0.0,0.6799999833106994,0.6799999833106994,0.0,5,5,10
clip_b32,dtd,random,31,5,10,0.5,1,0.6666666666666666,1,0.6666666666666666,tiny_imagenet,tiny_imagenet,1,tiny_imagenet,tiny_imagenet,tiny_imagenet,tiny_imagenet,cifar10|cifar100|fashion_mnist|stl10|tiny_imagenet,cifar10|cifar100_shared_images|fashion_mnist|stl10|tiny_imagenet,8,5,0.375,0.6729078300793965,0.6729078300793965,0.0,0.0,0.6799999833106994,0.6799999833106994,0.0,5,5,10
clip_b32,dtd,random,32,5,10,0.5,0,0.6666666666666666,0,0.6666666666666666,tiny_imagenet,tiny_imagenet,1,tiny_imagenet,tiny_imagenet,cifar100,cifar100_shared_images,cifar10|cifar100|cifar100_coarse|rendered_sst2|stl10,cifar10|cifar100_shared_images|rendered_sst2|stl10,8,4,0.5,0.6729078300793965,0.6705319388707478,0.0023758912086486728,0.14596980229430723,0.6799999833106994,0.6730850815773011,0.006914901733398371,5,5,10
clip_b32,dtd,random,33,5,10,0.5,0,0.3333333333333333,0,0.3333333333333333,tiny_imagenet,tiny_imagenet,1,tiny_imagenet,tiny_imagenet,rendered_sst2,rendered_sst2,cifar10|fashion_mnist|rendered_sst2|svhn|usps,cifar10|fashion_mnist|handwritten_digits|rendered_sst2|svhn,8,5,0.375,0.6729078300793965,0.6696808775266011,0.00322695255279537,0.1982572368759934,0.6799999833106994,0.6756382703781127,0.004361712932586692,5,5,10
clip_b32,dtd,random,34,5,10,0.5,0,0.3333333333333333,0,0.3333333333333333,tiny_imagenet,tiny_imagenet,1,tiny_imagenet,tiny_imagenet,cifar100,cifar100_shared_images,cifar100|cifar100_coarse|mnist|svhn|usps,cifar100_shared_images|handwritten_digits|svhn,8,3,0.625,0.6729078300793965,0.6705319388707478,0.0023758912086486728,0.14596980229430723,0.6799999833106994,0.6730850815773011,0.006914901733398371,5,5,10
clip_b32,dtd,random,35,5,10,0.5,1,1.0,1,1.0,tiny_imagenet,tiny_imagenet,1,tiny_imagenet,tiny_imagenet,tiny_imagenet,tiny_imagenet,cifar100|fashion_mnist|mnist|rendered_sst2|tiny_imagenet,cifar100_shared_images|fashion_mnist|handwritten_digits|rendered_sst2|tiny_imagenet,8,5,0.375,0.6729078300793965,0.6729078300793965,0.0,0.0,0.6799999833106994,0.6799999833106994,0.0,5,5,10
clip_b32,dtd,random,36,5,10,0.5,1,1.0,1,1.0,tiny_imagenet,tiny_imagenet,1,tiny_imagenet,tiny_imagenet,tiny_imagenet,tiny_imagenet,cifar100|mnist|rendered_sst2|tiny_imagenet|usps,cifar100_shared_images|handwritten_digits|rendered_sst2|tiny_imagenet,8,4,0.5,0.6729078300793965,0.6729078300793965,0.0,0.0,0.6799999833106994,0.6799999833106994,0.0,5,5,10
clip_b32,dtd,random,37,5,10,0.5,0,0.0,0,0.3333333333333333,tiny_imagenet,tiny_imagenet,1,tiny_imagenet,tiny_imagenet,stl10,stl10,cifar10|cifar100_coarse|mnist|stl10|svhn,cifar10|cifar100_shared_images|handwritten_digits|stl10|svhn,8,5,0.375,0.6729078300793965,0.667996482849121,0.00491134723027542,0.3017429340166421,0.6799999833106994,0.6742552995681763,0.005744683742523127,5,5,10
clip_b32,dtd,random,38,5,10,0.5,0,0.6666666666666666,0,0.6666666666666666,tiny_imagenet,tiny_imagenet,1,tiny_imagenet,tiny_imagenet,cifar100,cifar100_shared_images,cifar10|cifar100|cifar100_coarse|rendered_sst2|usps,cifar10|cifar100_shared_images|handwritten_digits|rendered_sst2,8,4,0.5,0.6729078300793965,0.6705319388707478,0.0023758912086486728,0.14596980229430723,0.6799999833106994,0.6730850815773011,0.006914901733398371,5,5,10
clip_b32,dtd,random,39,5,10,0.5,1,0.6666666666666666,1,1.0,tiny_imagenet,tiny_imagenet,1,tiny_imagenet,tiny_imagenet,tiny_imagenet,tiny_imagenet,cifar100_coarse|mnist|rendered_sst2|stl10|tiny_imagenet,cifar100_shared_images|handwritten_digits|rendered_sst2|stl10|tiny_imagenet,8,5,0.375,0.6729078300793965,0.6729078300793965,0.0,0.0,0.6799999833106994,0.6799999833106994,0.0,5,5,10
clip_b32,dtd,random,40,5,10,0.5,0,0.3333333333333333,0,0.6666666666666666,tiny_imagenet,tiny_imagenet,1,tiny_imagenet,tiny_imagenet,rendered_sst2,rendered_sst2,cifar100_coarse|fashion_mnist|mnist|rendered_sst2|svhn,cifar100_shared_images|fashion_mnist|handwritten_digits|rendered_sst2|svhn,8,5,0.375,0.6729078300793965,0.6696808775266011,0.00322695255279537,0.1982572368759934,0.6799999833106994,0.6756382703781127,0.004361712932586692,5,5,10
clip_b32,dtd,random,41,5,10,0.5,0,0.6666666666666666,0,0.6666666666666666,tiny_imagenet,tiny_imagenet,1,tiny_imagenet,tiny_imagenet,cifar100,cifar100_shared_images,cifar100|fashion_mnist|mnist|rendered_sst2|svhn,cifar100_shared_images|fashion_mnist|handwritten_digits|rendered_sst2|svhn,8,5,0.375,0.6729078300793965,0.6705319388707478,0.0023758912086486728,0.14596980229430723,0.6799999833106994,0.6730850815773011,0.006914901733398371,5,5,10
clip_b32,dtd,random,42,5,10,0.5,0,0.6666666666666666,0,0.6666666666666666,tiny_imagenet,tiny_imagenet,1,tiny_imagenet,tiny_imagenet,cifar100,cifar100_shared_images,cifar10|cifar100|cifar100_coarse|rendered_sst2|usps,cifar10|cifar100_shared_images|handwritten_digits|rendered_sst2,8,4,0.5,0.6729078300793965,0.6705319388707478,0.0023758912086486728,0.14596980229430723,0.6799999833106994,0.6730850815773011,0.006914901733398371,5,5,10
clip_b32,dtd,random,43,5,10,0.5,1,0.3333333333333333,1,0.6666666666666666,tiny_imagenet,tiny_imagenet,1,tiny_imagenet,tiny_imagenet,tiny_imagenet,tiny_imagenet,cifar10|cifar100_coarse|mnist|stl10|tiny_imagenet,cifar10|cifar100_shared_images|handwritten_digits|stl10|tiny_imagenet,8,5,0.375,0.6729078300793965,0.6729078300793965,0.0,0.0,0.6799999833106994,0.6799999833106994,0.0,5,5,10
clip_b32,dtd,random,44,5,10,0.5,1,0.3333333333333333,1,0.6666666666666666,tiny_imagenet,tiny_imagenet,1,tiny_imagenet,tiny_imagenet,tiny_imagenet,tiny_imagenet,cifar10|cifar100_coarse|fashion_mnist|stl10|tiny_imagenet,cifar10|cifar100_shared_images|fashion_mnist|stl10|tiny_imagenet,8,5,0.375,0.6729078300793965,0.6729078300793965,0.0,0.0,0.6799999833106994,0.6799999833106994,0.0,5,5,10
clip_b32,dtd,random,45,5,10,0.5,1,0.6666666666666666,1,0.6666666666666666,tiny_imagenet,tiny_imagenet,1,tiny_imagenet,tiny_imagenet,tiny_imagenet,tiny_imagenet,cifar10|rendered_sst2|svhn|tiny_imagenet|usps,cifar10|handwritten_digits|rendered_sst2|svhn|tiny_imagenet,8,5,0.375,0.6729078300793965,0.6729078300793965,0.0,0.0,0.6799999833106994,0.6799999833106994,0.0,5,5,10
clip_b32,dtd,random,46,5,10,0.5,1,0.6666666666666666,1,0.6666666666666666,tiny_imagenet,tiny_imagenet,1,tiny_imagenet,tiny_imagenet,tiny_imagenet,tiny_imagenet,cifar100|fashion_mnist|svhn|tiny_imagenet|usps,cifar100_shared_images|fashion_mnist|handwritten_digits|svhn|tiny_imagenet,8,5,0.375,0.6729078300793965,0.6729078300793965,0.0,0.0,0.6799999833106994,0.6799999833106994,0.0,5,5,10
clip_b32,dtd,random,47,5,10,0.5,1,0.3333333333333333,1,0.3333333333333333,tiny_imagenet,tiny_imagenet,1,tiny_imagenet,tiny_imagenet,tiny_imagenet,tiny_imagenet,cifar10|fashion_mnist|stl10|svhn|tiny_imagenet,cifar10|fashion_mnist|stl10|svhn|tiny_imagenet,8,5,0.375,0.6729078300793965,0.6729078300793965,0.0,0.0,0.6799999833106994,0.6799999833106994,0.0,5,5,10
clip_b32,dtd,random,48,5,10,0.5,1,0.6666666666666666,1,0.6666666666666666,tiny_imagenet,tiny_imagenet,1,tiny_imagenet,tiny_imagenet,tiny_imagenet,tiny_imagenet,cifar10|cifar100|fashion_mnist|stl10|tiny_imagenet,cifar10|cifar100_shared_images|fashion_mnist|stl10|tiny_imagenet,8,5,0.375,0.6729078300793965,0.6729078300793965,0.0,0.0,0.6799999833106994,0.6799999833106994,0.0,5,5,10
clip_b32,dtd,random,49,5,10,0.5,0,0.0,0,0.3333333333333333,tiny_imagenet,tiny_imagenet,1,tiny_imagenet,tiny_imagenet,mnist,handwritten_digits,cifar10|cifar100_coarse|fashion_mnist|mnist|usps,cifar10|cifar100_shared_images|fashion_mnist|handwritten_digits,8,4,0.5,0.6729078300793965,0.6645390439033508,0.00836878617604564,0.5141607743291886,0.6799999833106994,0.6758510351181031,0.004148948192596369,5,5,10
clip_b32,dtd,random,50,5,10,0.5,1,0.3333333333333333,1,0.6666666666666666,tiny_imagenet,tiny_imagenet,1,tiny_imagenet,tiny_imagenet,tiny_imagenet,tiny_imagenet,cifar100_coarse|stl10|svhn|tiny_imagenet|usps,cifar100_shared_images|handwritten_digits|stl10|svhn|tiny_imagenet,8,5,0.375,0.6729078300793965,0.6729078300793965,0.0,0.0,0.6799999833106994,0.6799999833106994,0.0,5,5,10
clip_b32,dtd,random,51,5,10,0.5,1,0.6666666666666666,1,0.6666666666666666,tiny_imagenet,tiny_imagenet,1,tiny_imagenet,tiny_imagenet,tiny_imagenet,tiny_imagenet,rendered_sst2|stl10|svhn|tiny_imagenet|usps,handwritten_digits|rendered_sst2|stl10|svhn|tiny_imagenet,8,5,0.375,0.6729078300793965,0.6729078300793965,0.0,0.0,0.6799999833106994,0.6799999833106994,0.0,5,5,10
clip_b32,dtd,random,52,5,10,0.5,0,0.3333333333333333,0,0.3333333333333333,tiny_imagenet,tiny_imagenet,1,tiny_imagenet,tiny_imagenet,rendered_sst2,rendered_sst2,cifar10|fashion_mnist|mnist|rendered_sst2|usps,cifar10|fashion_mnist|handwritten_digits|rendered_sst2,8,4,0.5,0.6729078300793965,0.6696808775266011,0.00322695255279537,0.1982572368759934,0.6799999833106994,0.6756382703781127,0.004361712932586692,5,5,10
clip_b32,dtd,random,53,5,10,0.5,1,0.6666666666666666,1,0.6666666666666666,tiny_imagenet,tiny_imagenet,1,tiny_imagenet,tiny_imagenet,tiny_imagenet,tiny_imagenet,cifar100|cifar100_coarse|fashion_mnist|tiny_imagenet|usps,cifar100_shared_images|fashion_mnist|handwritten_digits|tiny_imagenet,8,4,0.5,0.6729078300793965,0.6729078300793965,0.0,0.0,0.6799999833106994,0.6799999833106994,0.0,5,5,10
clip_b32,dtd,random,54,5,10,0.5,0,0.3333333333333333,0,0.6666666666666666,tiny_imagenet,tiny_imagenet,1,tiny_imagenet,tiny_imagenet,rendered_sst2,rendered_sst2,cifar10|cifar100_coarse|fashion_mnist|rendered_sst2|usps,cifar10|cifar100_shared_images|fashion_mnist|handwritten_digits|rendered_sst2,8,5,0.375,0.6729078300793965,0.6696808775266011,0.00322695255279537,0.1982572368759934,0.6799999833106994,0.6756382703781127,0.004361712932586692,5,5,10
clip_b32,dtd,random,55,5,10,0.5,1,0.6666666666666666,1,0.6666666666666666,tiny_imagenet,tiny_imagenet,1,tiny_imagenet,tiny_imagenet,tiny_imagenet,tiny_imagenet,cifar100|fashion_mnist|mnist|stl10|tiny_imagenet,cifar100_shared_images|fashion_mnist|handwritten_digits|stl10|tiny_imagenet,8,5,0.375,0.6729078300793965,0.6729078300793965,0.0,0.0,0.6799999833106994,0.6799999833106994,0.0,5,5,10
clip_b32,dtd,random,56,5,10,0.5,1,0.3333333333333333,1,0.6666666666666666,tiny_imagenet,tiny_imagenet,1,tiny_imagenet,tiny_imagenet,tiny_imagenet,tiny_imagenet,cifar10|cifar100_coarse|fashion_mnist|svhn|tiny_imagenet,cifar10|cifar100_shared_images|fashion_mnist|svhn|tiny_imagenet,8,5,0.375,0.6729078300793965,0.6729078300793965,0.0,0.0,0.6799999833106994,0.6799999833106994,0.0,5,5,10
clip_b32,dtd,random,57,5,10,0.5,1,0.3333333333333333,1,0.6666666666666666,tiny_imagenet,tiny_imagenet,1,tiny_imagenet,tiny_imagenet,tiny_imagenet,tiny_imagenet,cifar10|cifar100_coarse|fashion_mnist|stl10|tiny_imagenet,cifar10|cifar100_shared_images|fashion_mnist|stl10|tiny_imagenet,8,5,0.375,0.6729078300793965,0.6729078300793965,0.0,0.0,0.6799999833106994,0.6799999833106994,0.0,5,5,10
clip_b32,dtd,random,58,5,10,0.5,0,0.3333333333333333,0,0.3333333333333333,tiny_imagenet,tiny_imagenet,1,tiny_imagenet,tiny_imagenet,cifar100,cifar100_shared_images,cifar100|cifar100_coarse|stl10|svhn|usps,cifar100_shared_images|handwritten_digits|stl10|svhn,8,4,0.5,0.6729078300793965,0.6705319388707478,0.0023758912086486728,0.14596980229430723,0.6799999833106994,0.6730850815773011,0.006914901733398371,5,5,10
clip_b32,dtd,random,59,5,10,0.5,1,0.3333333333333333,1,0.6666666666666666,tiny_imagenet,tiny_imagenet,1,tiny_imagenet,tiny_imagenet,tiny_imagenet,tiny_imagenet,cifar100_coarse|fashion_mnist|stl10|svhn|tiny_imagenet,cifar100_shared_images|fashion_mnist|stl10|svhn|tiny_imagenet,8,5,0.375,0.6729078300793965,0.6729078300793965,0.0,0.0,0.6799999833106994,0.6799999833106994,0.0,5,5,10
clip_b32,dtd,random,60,5,10,0.5,0,0.6666666666666666,0,0.6666666666666666,tiny_imagenet,tiny_imagenet,1,tiny_imagenet,tiny_imagenet,cifar100,cifar100_shared_images,cifar100|cifar100_coarse|rendered_sst2|svhn|usps,cifar100_shared_images|handwritten_digits|rendered_sst2|svhn,8,4,0.5,0.6729078300793965,0.6705319388707478,0.0023758912086486728,0.14596980229430723,0.6799999833106994,0.6730850815773011,0.006914901733398371,5,5,10
clip_b32,dtd,random,61,5,10,0.5,1,1.0,1,1.0,tiny_imagenet,tiny_imagenet,1,tiny_imagenet,tiny_imagenet,tiny_imagenet,tiny_imagenet,cifar100|fashion_mnist|rendered_sst2|stl10|tiny_imagenet,cifar100_shared_images|fashion_mnist|rendered_sst2|stl10|tiny_imagenet,8,5,0.375,0.6729078300793965,0.6729078300793965,0.0,0.0,0.6799999833106994,0.6799999833106994,0.0,5,5,10
clip_b32,dtd,random,62,5,10,0.5,1,0.6666666666666666,1,0.6666666666666666,tiny_imagenet,tiny_imagenet,1,tiny_imagenet,tiny_imagenet,tiny_imagenet,tiny_imagenet,mnist|rendered_sst2|stl10|svhn|tiny_imagenet,handwritten_digits|rendered_sst2|stl10|svhn|tiny_imagenet,8,5,0.375,0.6729078300793965,0.6729078300793965,0.0,0.0,0.6799999833106994,0.6799999833106994,0.0,5,5,10
clip_b32,dtd,random,63,5,10,0.5,0,0.0,0,0.3333333333333333,tiny_imagenet,tiny_imagenet,1,tiny_imagenet,tiny_imagenet,stl10,stl10,cifar10|cifar100_coarse|stl10|svhn|usps,cifar10|cifar100_shared_images|handwritten_digits|stl10|svhn,8,5,0.375,0.6729078300793965,0.667996482849121,0.00491134723027542,0.3017429340166421,0.6799999833106994,0.6742552995681763,0.005744683742523127,5,5,10
clip_b32,dtd,random,64,5,10,0.5,0,0.3333333333333333,0,0.6666666666666666,tiny_imagenet,tiny_imagenet,1,tiny_imagenet,tiny_imagenet,rendered_sst2,rendered_sst2,cifar10|cifar100_coarse|rendered_sst2|svhn|usps,cifar10|cifar100_shared_images|handwritten_digits|rendered_sst2|svhn,8,5,0.375,0.6729078300793965,0.6696808775266011,0.00322695255279537,0.1982572368759934,0.6799999833106994,0.6756382703781127,0.004361712932586692,5,5,10
clip_b32,dtd,random,65,5,10,0.5,0,0.3333333333333333,0,0.6666666666666666,tiny_imagenet,tiny_imagenet,1,tiny_imagenet,tiny_imagenet,rendered_sst2,rendered_sst2,cifar100_coarse|fashion_mnist|rendered_sst2|stl10|svhn,cifar100_shared_images|fashion_mnist|rendered_sst2|stl10|svhn,8,5,0.375,0.6729078300793965,0.6696808775266011,0.00322695255279537,0.1982572368759934,0.6799999833106994,0.6756382703781127,0.004361712932586692,5,5,10
clip_b32,dtd,random,66,5,10,0.5,1,0.6666666666666666,1,0.6666666666666666,tiny_imagenet,tiny_imagenet,1,tiny_imagenet,tiny_imagenet,tiny_imagenet,tiny_imagenet,fashion_mnist|rendered_sst2|svhn|tiny_imagenet|usps,fashion_mnist|handwritten_digits|rendered_sst2|svhn|tiny_imagenet,8,5,0.375,0.6729078300793965,0.6729078300793965,0.0,0.0,0.6799999833106994,0.6799999833106994,0.0,5,5,10
clip_b32,dtd,random,67,5,10,0.5,0,0.6666666666666666,0,0.6666666666666666,tiny_imagenet,tiny_imagenet,1,tiny_imagenet,tiny_imagenet,cifar100,cifar100_shared_images,cifar100|rendered_sst2|stl10|svhn|usps,cifar100_shared_images|handwritten_digits|rendered_sst2|stl10|svhn,8,5,0.375,0.6729078300793965,0.6705319388707478,0.0023758912086486728,0.14596980229430723,0.6799999833106994,0.6730850815773011,0.006914901733398371,5,5,10
clip_b32,dtd,random,68,5,10,0.5,1,1.0,1,1.0,tiny_imagenet,tiny_imagenet,1,tiny_imagenet,tiny_imagenet,tiny_imagenet,tiny_imagenet,cifar100|fashion_mnist|rendered_sst2|stl10|tiny_imagenet,cifar100_shared_images|fashion_mnist|rendered_sst2|stl10|tiny_imagenet,8,5,0.375,0.6729078300793965,0.6729078300793965,0.0,0.0,0.6799999833106994,0.6799999833106994,0.0,5,5,10
clip_b32,dtd,random,69,5,10,0.5,1,0.6666666666666666,1,1.0,tiny_imagenet,tiny_imagenet,1,tiny_imagenet,tiny_imagenet,tiny_imagenet,tiny_imagenet,cifar100_coarse|fashion_mnist|mnist|rendered_sst2|tiny_imagenet,cifar100_shared_images|fashion_mnist|handwritten_digits|rendered_sst2|tiny_imagenet,8,5,0.375,0.6729078300793965,0.6729078300793965,0.0,0.0,0.6799999833106994,0.6799999833106994,0.0,5,5,10
clip_b32,dtd,random,70,5,10,0.5,0,0.3333333333333333,0,0.6666666666666666,tiny_imagenet,tiny_imagenet,1,tiny_imagenet,tiny_imagenet,rendered_sst2,rendered_sst2,cifar10|cifar100_coarse|fashion_mnist|rendered_sst2|stl10,cifar10|cifar100_shared_images|fashion_mnist|rendered_sst2|stl10,8,5,0.375,0.6729078300793965,0.6696808775266011,0.00322695255279537,0.1982572368759934,0.6799999833106994,0.6756382703781127,0.004361712932586692,5,5,10
clip_b32,dtd,random,71,5,10,0.5,0,0.3333333333333333,0,0.6666666666666666,tiny_imagenet,tiny_imagenet,1,tiny_imagenet,tiny_imagenet,rendered_sst2,rendered_sst2,cifar100_coarse|fashion_mnist|mnist|rendered_sst2|stl10,cifar100_shared_images|fashion_mnist|handwritten_digits|rendered_sst2|stl10,8,5,0.375,0.6729078300793965,0.6696808775266011,0.00322695255279537,0.1982572368759934,0.6799999833106994,0.6756382703781127,0.004361712932586692,5,5,10
clip_b32,dtd,random,72,5,10,0.5,1,1.0,1,1.0,tiny_imagenet,tiny_imagenet,1,tiny_imagenet,tiny_imagenet,tiny_imagenet,tiny_imagenet,cifar10|cifar100|mnist|rendered_sst2|tiny_imagenet,cifar10|cifar100_shared_images|handwritten_digits|rendered_sst2|tiny_imagenet,8,5,0.375,0.6729078300793965,0.6729078300793965,0.0,0.0,0.6799999833106994,0.6799999833106994,0.0,5,5,10
clip_b32,dtd,random,73,5,10,0.5,0,0.3333333333333333,0,0.3333333333333333,tiny_imagenet,tiny_imagenet,1,tiny_imagenet,tiny_imagenet,cifar100,cifar100_shared_images,cifar100|fashion_mnist|stl10|svhn|usps,cifar100_shared_images|fashion_mnist|handwritten_digits|stl10|svhn,8,5,0.375,0.6729078300793965,0.6705319388707478,0.0023758912086486728,0.14596980229430723,0.6799999833106994,0.6730850815773011,0.006914901733398371,5,5,10
clip_b32,dtd,random,74,5,10,0.5,1,0.6666666666666666,1,0.6666666666666666,tiny_imagenet,tiny_imagenet,1,tiny_imagenet,tiny_imagenet,tiny_imagenet,tiny_imagenet,cifar100|cifar100_coarse|fashion_mnist|svhn|tiny_imagenet,cifar100_shared_images|fashion_mnist|svhn|tiny_imagenet,8,4,0.5,0.6729078300793965,0.6729078300793965,0.0,0.0,0.6799999833106994,0.6799999833106994,0.0,5,5,10
clip_b32,dtd,random,75,5,10,0.5,0,0.3333333333333333,0,0.3333333333333333,tiny_imagenet,tiny_imagenet,1,tiny_imagenet,tiny_imagenet,cifar100,cifar100_shared_images,cifar100|fashion_mnist|mnist|stl10|usps,cifar100_shared_images|fashion_mnist|handwritten_digits|stl10,8,4,0.5,0.6729078300793965,0.6705319388707478,0.0023758912086486728,0.14596980229430723,0.6799999833106994,0.6730850815773011,0.006914901733398371,5,5,10
clip_b32,dtd,random,76,5,10,0.5,0,0.0,0,0.3333333333333333,tiny_imagenet,tiny_imagenet,1,tiny_imagenet,tiny_imagenet,stl10,stl10,cifar100_coarse|fashion_mnist|mnist|stl10|usps,cifar100_shared_images|fashion_mnist|handwritten_digits|stl10,8,4,0.5,0.6729078300793965,0.667996482849121,0.00491134723027542,0.3017429340166421,0.6799999833106994,0.6742552995681763,0.005744683742523127,5,5,10
clip_b32,dtd,random,77,5,10,0.5,1,0.6666666666666666,1,0.6666666666666666,tiny_imagenet,tiny_imagenet,1,tiny_imagenet,tiny_imagenet,tiny_imagenet,tiny_imagenet,cifar100|fashion_mnist|stl10|tiny_imagenet|usps,cifar100_shared_images|fashion_mnist|handwritten_digits|stl10|tiny_imagenet,8,5,0.375,0.6729078300793965,0.6729078300793965,0.0,0.0,0.6799999833106994,0.6799999833106994,0.0,5,5,10
clip_b32,dtd,random,78,5,10,0.5,0,0.6666666666666666,0,0.6666666666666666,tiny_imagenet,tiny_imagenet,1,tiny_imagenet,tiny_imagenet,cifar100,cifar100_shared_images,cifar10|cifar100|cifar100_coarse|rendered_sst2|svhn,cifar10|cifar100_shared_images|rendered_sst2|svhn,8,4,0.5,0.6729078300793965,0.6705319388707478,0.0023758912086486728,0.14596980229430723,0.6799999833106994,0.6730850815773011,0.006914901733398371,5,5,10
clip_b32,dtd,random,79,5,10,0.5,0,0.3333333333333333,0,0.6666666666666666,tiny_imagenet,tiny_imagenet,1,tiny_imagenet,tiny_imagenet,rendered_sst2,rendered_sst2,cifar10|cifar100_coarse|fashion_mnist|mnist|rendered_sst2,cifar10|cifar100_shared_images|fashion_mnist|handwritten_digits|rendered_sst2,8,5,0.375,0.6729078300793965,0.6696808775266011,0.00322695255279537,0.1982572368759934,0.6799999833106994,0.6756382703781127,0.004361712932586692,5,5,10
clip_b32,dtd,random,80,5,10,0.5,0,0.0,0,0.3333333333333333,tiny_imagenet,tiny_imagenet,1,tiny_imagenet,tiny_imagenet,stl10,stl10,cifar10|cifar100_coarse|fashion_mnist|mnist|stl10,cifar10|cifar100_shared_images|fashion_mnist|handwritten_digits|stl10,8,5,0.375,0.6729078300793965,0.667996482849121,0.00491134723027542,0.3017429340166421,0.6799999833106994,0.6742552995681763,0.005744683742523127,5,5,10
clip_b32,dtd,random,81,5,10,0.5,0,0.3333333333333333,0,0.3333333333333333,tiny_imagenet,tiny_imagenet,1,tiny_imagenet,tiny_imagenet,cifar100,cifar100_shared_images,cifar100|fashion_mnist|mnist|stl10|svhn,cifar100_shared_images|fashion_mnist|handwritten_digits|stl10|svhn,8,5,0.375,0.6729078300793965,0.6705319388707478,0.0023758912086486728,0.14596980229430723,0.6799999833106994,0.6730850815773011,0.006914901733398371,5,5,10
clip_b32,dtd,random,82,5,10,0.5,1,0.3333333333333333,1,0.6666666666666666,tiny_imagenet,tiny_imagenet,1,tiny_imagenet,tiny_imagenet,tiny_imagenet,tiny_imagenet,cifar100_coarse|fashion_mnist|stl10|tiny_imagenet|usps,cifar100_shared_images|fashion_mnist|handwritten_digits|stl10|tiny_imagenet,8,5,0.375,0.6729078300793965,0.6729078300793965,0.0,0.0,0.6799999833106994,0.6799999833106994,0.0,5,5,10
clip_b32,dtd,random,83,5,10,0.5,1,0.3333333333333333,1,0.6666666666666666,tiny_imagenet,tiny_imagenet,1,tiny_imagenet,tiny_imagenet,tiny_imagenet,tiny_imagenet,cifar100_coarse|fashion_mnist|stl10|svhn|tiny_imagenet,cifar100_shared_images|fashion_mnist|stl10|svhn|tiny_imagenet,8,5,0.375,0.6729078300793965,0.6729078300793965,0.0,0.0,0.6799999833106994,0.6799999833106994,0.0,5,5,10
clip_b32,dtd,random,84,5,10,0.5,0,0.3333333333333333,0,0.6666666666666666,tiny_imagenet,tiny_imagenet,1,tiny_imagenet,tiny_imagenet,rendered_sst2,rendered_sst2,cifar100_coarse|fashion_mnist|rendered_sst2|stl10|usps,cifar100_shared_images|fashion_mnist|handwritten_digits|rendered_sst2|stl10,8,5,0.375,0.6729078300793965,0.6696808775266011,0.00322695255279537,0.1982572368759934,0.6799999833106994,0.6756382703781127,0.004361712932586692,5,5,10
clip_b32,dtd,random,85,5,10,0.5,1,1.0,1,1.0,tiny_imagenet,tiny_imagenet,1,tiny_imagenet,tiny_imagenet,tiny_imagenet,tiny_imagenet,cifar10|cifar100|rendered_sst2|svhn|tiny_imagenet,cifar10|cifar100_shared_images|rendered_sst2|svhn|tiny_imagenet,8,5,0.375,0.6729078300793965,0.6729078300793965,0.0,0.0,0.6799999833106994,0.6799999833106994,0.0,5,5,10
clip_b32,dtd,random,86,5,10,0.5,1,0.6666666666666666,1,0.6666666666666666,tiny_imagenet,tiny_imagenet,1,tiny_imagenet,tiny_imagenet,tiny_imagenet,tiny_imagenet,rendered_sst2|stl10|svhn|tiny_imagenet|usps,handwritten_digits|rendered_sst2|stl10|svhn|tiny_imagenet,8,5,0.375,0.6729078300793965,0.6729078300793965,0.0,0.0,0.6799999833106994,0.6799999833106994,0.0,5,5,10
clip_b32,dtd,random,87,5,10,0.5,0,0.6666666666666666,0,0.6666666666666666,tiny_imagenet,tiny_imagenet,1,tiny_imagenet,tiny_imagenet,cifar100,cifar100_shared_images,cifar10|cifar100|fashion_mnist|rendered_sst2|stl10,cifar10|cifar100_shared_images|fashion_mnist|rendered_sst2|stl10,8,5,0.375,0.6729078300793965,0.6705319388707478,0.0023758912086486728,0.14596980229430723,0.6799999833106994,0.6730850815773011,0.006914901733398371,5,5,10
clip_b32,dtd,random,88,5,10,0.5,1,0.6666666666666666,1,0.6666666666666666,tiny_imagenet,tiny_imagenet,1,tiny_imagenet,tiny_imagenet,tiny_imagenet,tiny_imagenet,fashion_mnist|rendered_sst2|svhn|tiny_imagenet|usps,fashion_mnist|handwritten_digits|rendered_sst2|svhn|tiny_imagenet,8,5,0.375,0.6729078300793965,0.6729078300793965,0.0,0.0,0.6799999833106994,0.6799999833106994,0.0,5,5,10
clip_b32,dtd,random,89,5,10,0.5,0,0.3333333333333333,0,0.3333333333333333,tiny_imagenet,tiny_imagenet,1,tiny_imagenet,tiny_imagenet,cifar100,cifar100_shared_images,cifar100|fashion_mnist|mnist|svhn|usps,cifar100_shared_images|fashion_mnist|handwritten_digits|svhn,8,4,0.5,0.6729078300793965,0.6705319388707478,0.0023758912086486728,0.14596980229430723,0.6799999833106994,0.6730850815773011,0.006914901733398371,5,5,10
clip_b32,dtd,random,90,5,10,0.5,0,0.3333333333333333,0,0.3333333333333333,tiny_imagenet,tiny_imagenet,1,tiny_imagenet,tiny_imagenet,cifar100,cifar100_shared_images,cifar100|cifar100_coarse|fashion_mnist|svhn|usps,cifar100_shared_images|fashion_mnist|handwritten_digits|svhn,8,4,0.5,0.6729078300793965,0.6705319388707478,0.0023758912086486728,0.14596980229430723,0.6799999833106994,0.6730850815773011,0.006914901733398371,5,5,10
clip_b32,dtd,random,91,5,10,0.5,0,0.3333333333333333,0,0.3333333333333333,tiny_imagenet,tiny_imagenet,1,tiny_imagenet,tiny_imagenet,cifar100,cifar100_shared_images,cifar10|cifar100|mnist|stl10|svhn,cifar10|cifar100_shared_images|handwritten_digits|stl10|svhn,8,5,0.375,0.6729078300793965,0.6705319388707478,0.0023758912086486728,0.14596980229430723,0.6799999833106994,0.6730850815773011,0.006914901733398371,5,5,10
clip_b32,dtd,random,92,5,10,0.5,0,0.3333333333333333,0,0.6666666666666666,tiny_imagenet,tiny_imagenet,1,tiny_imagenet,tiny_imagenet,rendered_sst2,rendered_sst2,cifar10|cifar100_coarse|fashion_mnist|rendered_sst2|stl10,cifar10|cifar100_shared_images|fashion_mnist|rendered_sst2|stl10,8,5,0.375,0.6729078300793965,0.6696808775266011,0.00322695255279537,0.1982572368759934,0.6799999833106994,0.6756382703781127,0.004361712932586692,5,5,10
clip_b32,dtd,random,93,5,10,0.5,1,0.6666666666666666,1,1.0,tiny_imagenet,tiny_imagenet,1,tiny_imagenet,tiny_imagenet,tiny_imagenet,tiny_imagenet,cifar100_coarse|mnist|rendered_sst2|stl10|tiny_imagenet,cifar100_shared_images|handwritten_digits|rendered_sst2|stl10|tiny_imagenet,8,5,0.375,0.6729078300793965,0.6729078300793965,0.0,0.0,0.6799999833106994,0.6799999833106994,0.0,5,5,10
clip_b32,dtd,random,94,5,10,0.5,1,1.0,1,1.0,tiny_imagenet,tiny_imagenet,1,tiny_imagenet,tiny_imagenet,tiny_imagenet,tiny_imagenet,cifar100|fashion_mnist|mnist|rendered_sst2|tiny_imagenet,cifar100_shared_images|fashion_mnist|handwritten_digits|rendered_sst2|tiny_imagenet,8,5,0.375,0.6729078300793965,0.6729078300793965,0.0,0.0,0.6799999833106994,0.6799999833106994,0.0,5,5,10
clip_b32,dtd,random,95,5,10,0.5,1,0.6666666666666666,1,0.6666666666666666,tiny_imagenet,tiny_imagenet,1,tiny_imagenet,tiny_imagenet,tiny_imagenet,tiny_imagenet,fashion_mnist|mnist|rendered_sst2|stl10|tiny_imagenet,fashion_mnist|handwritten_digits|rendered_sst2|stl10|tiny_imagenet,8,5,0.375,0.6729078300793965,0.6729078300793965,0.0,0.0,0.6799999833106994,0.6799999833106994,0.0,5,5,10
clip_b32,dtd,random,96,5,10,0.5,1,0.3333333333333333,1,0.6666666666666666,tiny_imagenet,tiny_imagenet,1,tiny_imagenet,tiny_imagenet,tiny_imagenet,tiny_imagenet,cifar10|cifar100_coarse|mnist|stl10|tiny_imagenet,cifar10|cifar100_shared_images|handwritten_digits|stl10|tiny_imagenet,8,5,0.375,0.6729078300793965,0.6729078300793965,0.0,0.0,0.6799999833106994,0.6799999833106994,0.0,5,5,10
clip_b32,dtd,random,97,5,10,0.5,0,0.6666666666666666,0,0.6666666666666666,tiny_imagenet,tiny_imagenet,1,tiny_imagenet,tiny_imagenet,cifar100,cifar100_shared_images,cifar10|cifar100|fashion_mnist|rendered_sst2|usps,cifar10|cifar100_shared_images|fashion_mnist|handwritten_digits|rendered_sst2,8,5,0.375,0.6729078300793965,0.6705319388707478,0.0023758912086486728,0.14596980229430723,0.6799999833106994,0.6730850815773011,0.006914901733398371,5,5,10
clip_b32,dtd,random,98,5,10,0.5,1,0.6666666666666666,1,0.6666666666666666,tiny_imagenet,tiny_imagenet,1,tiny_imagenet,tiny_imagenet,tiny_imagenet,tiny_imagenet,cifar100|cifar100_coarse|fashion_mnist|tiny_imagenet|usps,cifar100_shared_images|fashion_mnist|handwritten_digits|tiny_imagenet,8,4,0.5,0.6729078300793965,0.6729078300793965,0.0,0.0,0.6799999833106994,0.6799999833106994,0.0,5,5,10
clip_b32,dtd,random,99,5,10,0.5,1,0.3333333333333333,1,0.3333333333333333,tiny_imagenet,tiny_imagenet,1,tiny_imagenet,tiny_imagenet,tiny_imagenet,tiny_imagenet,cifar10|mnist|svhn|tiny_imagenet|usps,cifar10|handwritten_digits|svhn|tiny_imagenet,8,4,0.5,0.6729078300793965,0.6729078300793965,0.0,0.0,0.6799999833106994,0.6799999833106994,0.0,5,5,10
clip_b32,eurosat,rank_only,-1,3,10,0.7,1,0.6666666666666666,1,0.6666666666666666,tiny_imagenet,tiny_imagenet,1,tiny_imagenet,tiny_imagenet,tiny_imagenet,tiny_imagenet,rendered_sst2|tiny_imagenet|stl10,rendered_sst2|stl10|tiny_imagenet,8,3,0.625,0.9074666535894076,0.9074666535894076,0.0,0.0,0.9146666765213013,0.9146666765213013,0.0,5,3,10
clip_b32,eurosat,facility_subspace,-1,3,10,0.7,0,0.6666666666666666,0,0.6666666666666666,tiny_imagenet,tiny_imagenet,1,tiny_imagenet,tiny_imagenet,rendered_sst2,rendered_sst2,cifar100|usps|rendered_sst2,cifar100_shared_images|handwritten_digits|rendered_sst2,8,3,0.625,0.9074666535894076,0.9060266532739003,0.0014400003155072838,0.14044206977335333,0.9146666765213013,0.910962975025177,0.003703701496124312,5,3,10
clip_b32,eurosat,kcenter_subspace,-1,3,10,0.7,0,0.3333333333333333,0,0.3333333333333333,tiny_imagenet,tiny_imagenet,1,tiny_imagenet,tiny_imagenet,rendered_sst2,rendered_sst2,rendered_sst2|stl10|mnist,handwritten_digits|rendered_sst2|stl10,8,3,0.625,0.9074666535894076,0.9060266532739003,0.0014400003155072838,0.14044206977335333,0.9146666765213013,0.910962975025177,0.003703701496124312,5,3,10
clip_b32,eurosat,dpp_subspace,-1,3,10,0.7,1,0.6666666666666666,1,0.6666666666666666,tiny_imagenet,tiny_imagenet,1,tiny_imagenet,tiny_imagenet,tiny_imagenet,tiny_imagenet,rendered_sst2|tiny_imagenet|stl10,rendered_sst2|stl10|tiny_imagenet,8,3,0.625,0.9074666535894076,0.9074666535894076,0.0,0.0,0.9146666765213013,0.9146666765213013,0.0,5,3,10
clip_b32,eurosat,pool_vendi_subspace,-1,3,10,0.7,0,0.3333333333333333,0,0.3333333333333333,tiny_imagenet,tiny_imagenet,1,tiny_imagenet,tiny_imagenet,rendered_sst2,rendered_sst2,rendered_sst2|stl10|mnist,handwritten_digits|rendered_sst2|stl10,8,3,0.625,0.9074666535894076,0.9060266532739003,0.0014400003155072838,0.14044206977335333,0.9146666765213013,0.910962975025177,0.003703701496124312,5,3,10
clip_b32,eurosat,full_merged_rank,-1,3,10,0.7,1,0.6666666666666666,1,0.6666666666666666,tiny_imagenet,tiny_imagenet,1,tiny_imagenet,tiny_imagenet,tiny_imagenet,tiny_imagenet,rendered_sst2|tiny_imagenet|stl10,rendered_sst2|stl10|tiny_imagenet,8,3,0.625,0.9074666535894076,0.9074666535894076,0.0,0.0,0.9146666765213013,0.9146666765213013,0.0,5,3,10
clip_b32,eurosat,random,0,3,10,0.7,0,0.0,0,0.0,tiny_imagenet,tiny_imagenet,1,tiny_imagenet,tiny_imagenet,usps,handwritten_digits,cifar10|svhn|usps,cifar10|handwritten_digits|svhn,8,3,0.625,0.9074666535894076,0.8983733154010773,0.009093338188330247,0.8868659420177156,0.9146666765213013,0.9046666860580445,0.009999990463256836,5,3,10
clip_b32,eurosat,random,1,3,10,0.7,1,0.6666666666666666,1,0.6666666666666666,tiny_imagenet,tiny_imagenet,1,tiny_imagenet,tiny_imagenet,tiny_imagenet,tiny_imagenet,cifar100|mnist|tiny_imagenet,cifar100_shared_images|handwritten_digits|tiny_imagenet,8,3,0.625,0.9074666535894076,0.9074666535894076,0.0,0.0,0.9146666765213013,0.9146666765213013,0.0,5,3,10
clip_b32,eurosat,random,2,3,10,0.7,1,0.3333333333333333,1,0.3333333333333333,tiny_imagenet,tiny_imagenet,1,tiny_imagenet,tiny_imagenet,tiny_imagenet,tiny_imagenet,cifar10|fashion_mnist|tiny_imagenet,cifar10|fashion_mnist|tiny_imagenet,8,3,0.625,0.9074666535894076,0.9074666535894076,0.0,0.0,0.9146666765213013,0.9146666765213013,0.0,5,3,10
clip_b32,eurosat,random,3,3,10,0.7,0,0.3333333333333333,0,0.3333333333333333,tiny_imagenet,tiny_imagenet,1,tiny_imagenet,tiny_imagenet,cifar100,cifar100_shared_images,cifar10|cifar100|usps,cifar10|cifar100_shared_images|handwritten_digits,8,3,0.625,0.9074666535894076,0.902959988518556,0.004506665070851623,0.4395314108682753,0.9146666765213013,0.9094074010848999,0.005259275436401367,5,3,10
clip_b32,eurosat,random,4,3,10,0.7,1,0.3333333333333333,1,0.3333333333333333,tiny_imagenet,tiny_imagenet,1,tiny_imagenet,tiny_imagenet,tiny_imagenet,tiny_imagenet,cifar10|fashion_mnist|tiny_imagenet,cifar10|fashion_mnist|tiny_imagenet,8,3,0.625,0.9074666535894076,0.9074666535894076,0.0,0.0,0.9146666765213013,0.9146666765213013,0.0,5,3,10
clip_b32,eurosat,random,5,3,10,0.7,1,0.3333333333333333,1,0.3333333333333333,tiny_imagenet,tiny_imagenet,1,tiny_imagenet,tiny_imagenet,tiny_imagenet,tiny_imagenet,fashion_mnist|stl10|tiny_imagenet,fashion_mnist|stl10|tiny_imagenet,8,3,0.625,0.9074666535894076,0.9074666535894076,0.0,0.0,0.9146666765213013,0.9146666765213013,0.0,5,3,10
clip_b32,eurosat,random,6,3,10,0.7,0,0.3333333333333333,0,0.3333333333333333,tiny_imagenet,tiny_imagenet,1,tiny_imagenet,tiny_imagenet,cifar100,cifar100_shared_images,cifar100|cifar100_coarse|stl10,cifar100_shared_images|stl10,8,2,0.75,0.9074666535894076,0.902959988518556,0.004506665070851623,0.4395314108682753,0.9146666765213013,0.9094074010848999,0.005259275436401367,5,3,10
clip_b32,eurosat,random,7,3,10,0.7,0,0.0,0,0.3333333333333333,tiny_imagenet,tiny_imagenet,1,tiny_imagenet,tiny_imagenet,cifar10,cifar10,cifar10|cifar100_coarse|svhn,cifar10|cifar100_shared_images|svhn,8,3,0.625,0.9074666535894076,0.8981599883317948,0.009306665257612812,0.9076715590902179,0.9146666765213013,0.9034074187278748,0.011259257793426514,5,3,10
clip_b32,eurosat,random,8,3,10,0.7,0,0.3333333333333333,0,0.3333333333333333,tiny_imagenet,tiny_imagenet,1,tiny_imagenet,tiny_imagenet,rendered_sst2,rendered_sst2,cifar10|rendered_sst2|stl10,cifar10|rendered_sst2|stl10,8,3,0.625,0.9074666535894076,0.9060266532739003,0.0014400003155072838,0.14044206977335333,0.9146666765213013,0.910962975025177,0.003703701496124312,5,3,10
clip_b32,eurosat,random,9,3,10,0.7,0,0.3333333333333333,0,0.3333333333333333,tiny_imagenet,tiny_imagenet,1,tiny_imagenet,tiny_imagenet,cifar100,cifar100_shared_images,cifar100|fashion_mnist|stl10,cifar100_shared_images|fashion_mnist|stl10,8,3,0.625,0.9074666535894076,0.902959988518556,0.004506665070851623,0.4395314108682753,0.9146666765213013,0.9094074010848999,0.005259275436401367,5,3,10
clip_b32,eurosat,random,10,3,10,0.7,1,0.6666666666666666,1,0.6666666666666666,tiny_imagenet,tiny_imagenet,1,tiny_imagenet,tiny_imagenet,tiny_imagenet,tiny_imagenet,mnist|rendered_sst2|tiny_imagenet,handwritten_digits|rendered_sst2|tiny_imagenet,8,3,0.625,0.9074666535894076,0.9074666535894076,0.0,0.0,0.9146666765213013,0.9146666765213013,0.0,5,3,10
clip_b32,eurosat,random,11,3,10,0.7,1,0.3333333333333333,1,0.3333333333333333,tiny_imagenet,tiny_imagenet,1,tiny_imagenet,tiny_imagenet,tiny_imagenet,tiny_imagenet,stl10|tiny_imagenet|usps,handwritten_digits|stl10|tiny_imagenet,8,3,0.625,0.9074666535894076,0.9074666535894076,0.0,0.0,0.9146666765213013,0.9146666765213013,0.0,5,3,10
clip_b32,eurosat,random,12,3,10,0.7,0,0.0,0,0.3333333333333333,tiny_imagenet,tiny_imagenet,1,tiny_imagenet,tiny_imagenet,mnist,handwritten_digits,cifar10|cifar100_coarse|mnist,cifar10|cifar100_shared_images|handwritten_digits,8,3,0.625,0.9074666535894076,0.9018533167115848,0.005613336877822839,0.5474642199497107,0.9146666765213013,0.9080740928649902,0.006592583656311102,5,3,10
clip_b32,eurosat,random,13,3,10,0.7,1,0.6666666666666666,1,0.6666666666666666,tiny_imagenet,tiny_imagenet,1,tiny_imagenet,tiny_imagenet,tiny_imagenet,tiny_imagenet,cifar100|mnist|tiny_imagenet,cifar100_shared_images|handwritten_digits|tiny_imagenet,8,3,0.625,0.9074666535894076,0.9074666535894076,0.0,0.0,0.9146666765213013,0.9146666765213013,0.0,5,3,10
clip_b32,eurosat,random,14,3,10,0.7,0,0.0,0,0.3333333333333333,tiny_imagenet,tiny_imagenet,1,tiny_imagenet,tiny_imagenet,stl10,stl10,cifar10|cifar100_coarse|stl10,cifar10|cifar100_shared_images|stl10,8,3,0.625,0.9074666535894076,0.8984266555190086,0.009039998070399013,0.8816637233212716,0.9146666765213013,0.9031111359596252,0.01155554056167607,5,3,10
clip_b32,eurosat,random,15,3,10,0.7,1,0.3333333333333333,1,0.6666666666666666,tiny_imagenet,tiny_imagenet,1,tiny_imagenet,tiny_imagenet,tiny_imagenet,tiny_imagenet,cifar100_coarse|svhn|tiny_imagenet,cifar100_shared_images|svhn|tiny_imagenet,8,3,0.625,0.9074666535894076,0.9074666535894076,0.0,0.0,0.9146666765213013,0.9146666765213013,0.0,5,3,10
clip_b32,eurosat,random,16,3,10,0.7,0,0.0,0,0.3333333333333333,tiny_imagenet,tiny_imagenet,1,tiny_imagenet,tiny_imagenet,stl10,stl10,cifar100_coarse|stl10|svhn,cifar100_shared_images|stl10|svhn,8,3,0.625,0.9074666535894076,0.8984266555190086,0.009039998070399013,0.8816637233212716,0.9146666765213013,0.9031111359596252,0.01155554056167607,5,3,10
clip_b32,eurosat,random,17,3,10,0.7,0,0.3333333333333333,0,0.3333333333333333,tiny_imagenet,tiny_imagenet,1,tiny_imagenet,tiny_imagenet,cifar100,cifar100_shared_images,cifar100|mnist|usps,cifar100_shared_images|handwritten_digits,8,2,0.75,0.9074666535894076,0.902959988518556,0.004506665070851623,0.4395314108682753,0.9146666765213013,0.9094074010848999,0.005259275436401367,5,3,10
clip_b32,eurosat,random,18,3,10,0.7,1,0.3333333333333333,1,0.3333333333333333,tiny_imagenet,tiny_imagenet,1,tiny_imagenet,tiny_imagenet,tiny_imagenet,tiny_imagenet,fashion_mnist|tiny_imagenet|usps,fashion_mnist|handwritten_digits|tiny_imagenet,8,3,0.625,0.9074666535894076,0.9074666535894076,0.0,0.0,0.9146666765213013,0.9146666765213013,0.0,5,3,10
clip_b32,eurosat,random,19,3,10,0.7,0,0.3333333333333333,0,0.3333333333333333,tiny_imagenet,tiny_imagenet,1,tiny_imagenet,tiny_imagenet,cifar100,cifar100_shared_images,cifar100|stl10|usps,cifar100_shared_images|handwritten_digits|stl10,8,3,0.625,0.9074666535894076,0.902959988518556,0.004506665070851623,0.4395314108682753,0.9146666765213013,0.9094074010848999,0.005259275436401367,5,3,10
clip_b32,eurosat,random,20,3,10,0.7,1,0.6666666666666666,1,0.6666666666666666,tiny_imagenet,tiny_imagenet,1,tiny_imagenet,tiny_imagenet,tiny_imagenet,tiny_imagenet,fashion_mnist|rendered_sst2|tiny_imagenet,fashion_mnist|rendered_sst2|tiny_imagenet,8,3,0.625,0.9074666535894076,0.9074666535894076,0.0,0.0,0.9146666765213013,0.9146666765213013,0.0,5,3,10
clip_b32,eurosat,random,21,3,10,0.7,0,0.3333333333333333,0,0.3333333333333333,tiny_imagenet,tiny_imagenet,1,tiny_imagenet,tiny_imagenet,cifar100,cifar100_shared_images,cifar100|stl10|usps,cifar100_shared_images|handwritten_digits|stl10,8,3,0.625,0.9074666535894076,0.902959988518556,0.004506665070851623,0.4395314108682753,0.9146666765213013,0.9094074010848999,0.005259275436401367,5,3,10
clip_b32,eurosat,random,22,3,10,0.7,1,0.3333333333333333,1,0.6666666666666666,tiny_imagenet,tiny_imagenet,1,tiny_imagenet,tiny_imagenet,tiny_imagenet,tiny_imagenet,cifar100_coarse|stl10|tiny_imagenet,cifar100_shared_images|stl10|tiny_imagenet,8,3,0.625,0.9074666535894076,0.9074666535894076,0.0,0.0,0.9146666765213013,0.9146666765213013,0.0,5,3,10
clip_b32,eurosat,random,23,3,10,0.7,0,0.3333333333333333,0,0.3333333333333333,tiny_imagenet,tiny_imagenet,1,tiny_imagenet,tiny_imagenet,rendered_sst2,rendered_sst2,cifar10|rendered_sst2|stl10,cifar10|rendered_sst2|stl10,8,3,0.625,0.9074666535894076,0.9060266532739003,0.0014400003155072838,0.14044206977335333,0.9146666765213013,0.910962975025177,0.003703701496124312,5,3,10
clip_b32,eurosat,random,24,3,10,0.7,1,0.6666666666666666,1,0.6666666666666666,tiny_imagenet,tiny_imagenet,1,tiny_imagenet,tiny_imagenet,tiny_imagenet,tiny_imagenet,cifar100|mnist|tiny_imagenet,cifar100_shared_images|handwritten_digits|tiny_imagenet,8,3,0.625,0.9074666535894076,0.9074666535894076,0.0,0.0,0.9146666765213013,0.9146666765213013,0.0,5,3,10
clip_b32,eurosat,random,25,3,10,0.7,0,0.0,0,0.3333333333333333,tiny_imagenet,tiny_imagenet,1,tiny_imagenet,tiny_imagenet,usps,handwritten_digits,cifar10|cifar100_coarse|usps,cifar10|cifar100_shared_images|handwritten_digits,8,3,0.625,0.9074666535894076,0.8983733154010773,0.009093338188330247,0.8868659420177156,0.9146666765213013,0.9046666860580445,0.009999990463256836,5,3,10
clip_b32,eurosat,random,26,3,10,0.7,1,0.3333333333333333,1,0.3333333333333333,tiny_imagenet,tiny_imagenet,1,tiny_imagenet,tiny_imagenet,tiny_imagenet,tiny_imagenet,cifar10|mnist|tiny_imagenet,cifar10|handwritten_digits|tiny_imagenet,8,3,0.625,0.9074666535894076,0.9074666535894076,0.0,0.0,0.9146666765213013,0.9146666765213013,0.0,5,3,10
clip_b32,eurosat,random,27,3,10,0.7,1,0.3333333333333333,1,0.3333333333333333,tiny_imagenet,tiny_imagenet,1,tiny_imagenet,tiny_imagenet,tiny_imagenet,tiny_imagenet,cifar10|tiny_imagenet|usps,cifar10|handwritten_digits|tiny_imagenet,8,3,0.625,0.9074666535894076,0.9074666535894076,0.0,0.0,0.9146666765213013,0.9146666765213013,0.0,5,3,10
clip_b32,eurosat,random,28,3,10,0.7,0,0.0,0,0.3333333333333333,tiny_imagenet,tiny_imagenet,1,tiny_imagenet,tiny_imagenet,mnist,handwritten_digits,cifar100_coarse|mnist|svhn,cifar100_shared_images|handwritten_digits|svhn,8,3,0.625,0.9074666535894076,0.9018533167115848,0.005613336877822839,0.5474642199497107,0.9146666765213013,0.9080740928649902,0.006592583656311102,5,3,10
clip_b32,eurosat,random,29,3,10,0.7,0,0.3333333333333333,0,0.3333333333333333,tiny_imagenet,tiny_imagenet,1,tiny_imagenet,tiny_imagenet,rendered_sst2,rendered_sst2,mnist|rendered_sst2|svhn,handwritten_digits|rendered_sst2|svhn,8,3,0.625,0.9074666535894076,0.9060266532739003,0.0014400003155072838,0.14044206977335333,0.9146666765213013,0.910962975025177,0.003703701496124312,5,3,10
clip_b32,eurosat,random,30,3,10,0.7,1,0.3333333333333333,1,0.3333333333333333,tiny_imagenet,tiny_imagenet,1,tiny_imagenet,tiny_imagenet,tiny_imagenet,tiny_imagenet,stl10|svhn|tiny_imagenet,stl10|svhn|tiny_imagenet,8,3,0.625,0.9074666535894076,0.9074666535894076,0.0,0.0,0.9146666765213013,0.9146666765213013,0.0,5,3,10
clip_b32,eurosat,random,31,3,10,0.7,1,0.3333333333333333,1,0.3333333333333333,tiny_imagenet,tiny_imagenet,1,tiny_imagenet,tiny_imagenet,tiny_imagenet,tiny_imagenet,mnist|svhn|tiny_imagenet,handwritten_digits|svhn|tiny_imagenet,8,3,0.625,0.9074666535894076,0.9074666535894076,0.0,0.0,0.9146666765213013,0.9146666765213013,0.0,5,3,10
clip_b32,eurosat,random,32,3,10,0.7,0,0.3333333333333333,0,0.3333333333333333,tiny_imagenet,tiny_imagenet,1,tiny_imagenet,tiny_imagenet,cifar100,cifar100_shared_images,cifar10|cifar100|usps,cifar10|cifar100_shared_images|handwritten_digits,8,3,0.625,0.9074666535894076,0.902959988518556,0.004506665070851623,0.4395314108682753,0.9146666765213013,0.9094074010848999,0.005259275436401367,5,3,10
clip_b32,eurosat,random,33,3,10,0.7,1,0.6666666666666666,1,0.6666666666666666,tiny_imagenet,tiny_imagenet,1,tiny_imagenet,tiny_imagenet,tiny_imagenet,tiny_imagenet,cifar10|cifar100|tiny_imagenet,cifar10|cifar100_shared_images|tiny_imagenet,8,3,0.625,0.9074666535894076,0.9074666535894076,0.0,0.0,0.9146666765213013,0.9146666765213013,0.0,5,3,10
clip_b32,eurosat,random,34,3,10,0.7,1,1.0,1,1.0,tiny_imagenet,tiny_imagenet,1,tiny_imagenet,tiny_imagenet,tiny_imagenet,tiny_imagenet,cifar100|rendered_sst2|tiny_imagenet,cifar100_shared_images|rendered_sst2|tiny_imagenet,8,3,0.625,0.9074666535894076,0.9074666535894076,0.0,0.0,0.9146666765213013,0.9146666765213013,0.0,5,3,10
clip_b32,eurosat,random,35,3,10,0.7,0,0.0,0,0.0,tiny_imagenet,tiny_imagenet,1,tiny_imagenet,tiny_imagenet,mnist,handwritten_digits,fashion_mnist|mnist|stl10,fashion_mnist|handwritten_digits|stl10,8,3,0.625,0.9074666535894076,0.9018533167115848,0.005613336877822839,0.5474642199497107,0.9146666765213013,0.9080740928649902,0.006592583656311102,5,3,10
clip_b32,eurosat,random,36,3,10,0.7,1,0.6666666666666666,1,0.6666666666666666,tiny_imagenet,tiny_imagenet,1,tiny_imagenet,tiny_imagenet,tiny_imagenet,tiny_imagenet,cifar100|mnist|tiny_imagenet,cifar100_shared_images|handwritten_digits|tiny_imagenet,8,3,0.625,0.9074666535894076,0.9074666535894076,0.0,0.0,0.9146666765213013,0.9146666765213013,0.0,5,3,10
clip_b32,eurosat,random,37,3,10,0.7,0,0.3333333333333333,0,0.3333333333333333,tiny_imagenet,tiny_imagenet,1,tiny_imagenet,tiny_imagenet,cifar100,cifar100_shared_images,cifar100|cifar100_coarse|usps,cifar100_shared_images|handwritten_digits,8,2,0.75,0.9074666535894076,0.902959988518556,0.004506665070851623,0.4395314108682753,0.9146666765213013,0.9094074010848999,0.005259275436401367,5,3,10
clip_b32,eurosat,random,38,3,10,0.7,0,0.0,0,0.0,tiny_imagenet,tiny_imagenet,1,tiny_imagenet,tiny_imagenet,stl10,stl10,cifar10|stl10|svhn,cifar10|stl10|svhn,8,3,0.625,0.9074666535894076,0.8984266555190086,0.009039998070399013,0.8816637233212716,0.9146666765213013,0.9031111359596252,0.01155554056167607,5,3,10
clip_b32,eurosat,random,39,3,10,0.7,0,0.0,0,0.0,tiny_imagenet,tiny_imagenet,1,tiny_imagenet,tiny_imagenet,mnist,handwritten_digits,fashion_mnist|mnist|stl10,fashion_mnist|handwritten_digits|stl10,8,3,0.625,0.9074666535894076,0.9018533167115848,0.005613336877822839,0.5474642199497107,0.9146666765213013,0.9080740928649902,0.006592583656311102,5,3,10
clip_b32,eurosat,random,40,3,10,0.7,0,0.0,0,0.0,tiny_imagenet,tiny_imagenet,1,tiny_imagenet,tiny_imagenet,mnist,handwritten_digits,mnist|svhn|usps,handwritten_digits|svhn,8,2,0.75,0.9074666535894076,0.9018533167115848,0.005613336877822839,0.5474642199497107,0.9146666765213013,0.9080740928649902,0.006592583656311102,5,3,10
clip_b32,eurosat,random,41,3,10,0.7,0,0.3333333333333333,0,0.3333333333333333,tiny_imagenet,tiny_imagenet,1,tiny_imagenet,tiny_imagenet,cifar100,cifar100_shared_images,cifar100|fashion_mnist|svhn,cifar100_shared_images|fashion_mnist|svhn,8,3,0.625,0.9074666535894076,0.902959988518556,0.004506665070851623,0.4395314108682753,0.9146666765213013,0.9094074010848999,0.005259275436401367,5,3,10
clip_b32,eurosat,random,42,3,10,0.7,0,0.3333333333333333,0,0.3333333333333333,tiny_imagenet,tiny_imagenet,1,tiny_imagenet,tiny_imagenet,rendered_sst2,rendered_sst2,cifar10|rendered_sst2|usps,cifar10|handwritten_digits|rendered_sst2,8,3,0.625,0.9074666535894076,0.9060266532739003,0.0014400003155072838,0.14044206977335333,0.9146666765213013,0.910962975025177,0.003703701496124312,5,3,10
clip_b32,eurosat,random,43,3,10,0.7,1,0.3333333333333333,1,0.3333333333333333,tiny_imagenet,tiny_imagenet,1,tiny_imagenet,tiny_imagenet,tiny_imagenet,tiny_imagenet,svhn|tiny_imagenet|usps,handwritten_digits|svhn|tiny_imagenet,8,3,0.625,0.9074666535894076,0.9074666535894076,0.0,0.0,0.9146666765213013,0.9146666765213013,0.0,5,3,10
clip_b32,eurosat,random,44,3,10,0.7,0,0.3333333333333333,0,0.3333333333333333,tiny_imagenet,tiny_imagenet,1,tiny_imagenet,tiny_imagenet,rendered_sst2,rendered_sst2,rendered_sst2|stl10|usps,handwritten_digits|rendered_sst2|stl10,8,3,0.625,0.9074666535894076,0.9060266532739003,0.0014400003155072838,0.14044206977335333,0.9146666765213013,0.910962975025177,0.003703701496124312,5,3,10
clip_b32,eurosat,random,45,3,10,0.7,0,0.0,0,0.0,tiny_imagenet,tiny_imagenet,1,tiny_imagenet,tiny_imagenet,mnist,handwritten_digits,cifar10|mnist|svhn,cifar10|handwritten_digits|svhn,8,3,0.625,0.9074666535894076,0.9018533167115848,0.005613336877822839,0.5474642199497107,0.9146666765213013,0.9080740928649902,0.006592583656311102,5,3,10
clip_b32,eurosat,random,46,3,10,0.7,0,0.0,0,0.3333333333333333,tiny_imagenet,tiny_imagenet,1,tiny_imagenet,tiny_imagenet,fashion_mnist,fashion_mnist,cifar100_coarse|fashion_mnist|usps,cifar100_shared_images|fashion_mnist|handwritten_digits,8,3,0.625,0.9074666535894076,0.8996533150951066,0.007813338494300992,0.7620286038568559,0.9146666765213013,0.9065185189247131,0.008148157596588157,5,3,10
clip_b32,eurosat,random,47,3,10,0.7,0,0.6666666666666666,0,0.6666666666666666,tiny_imagenet,tiny_imagenet,1,tiny_imagenet,tiny_imagenet,rendered_sst2,rendered_sst2,cifar10|cifar100|rendered_sst2,cifar10|cifar100_shared_images|rendered_sst2,8,3,0.625,0.9074666535894076,0.9060266532739003,0.0014400003155072838,0.14044206977335333,0.9146666765213013,0.910962975025177,0.003703701496124312,5,3,10
clip_b32,eurosat,random,48,3,10,0.7,0,0.0,0,0.0,tiny_imagenet,tiny_imagenet,1,tiny_imagenet,tiny_imagenet,fashion_mnist,fashion_mnist,fashion_mnist|svhn|usps,fashion_mnist|handwritten_digits|svhn,8,3,0.625,0.9074666535894076,0.8996533150951066,0.007813338494300992,0.7620286038568559,0.9146666765213013,0.9065185189247131,0.008148157596588157,5,3,10
clip_b32,eurosat,random,49,3,10,0.7,1,0.6666666666666666,1,0.6666666666666666,tiny_imagenet,tiny_imagenet,1,tiny_imagenet,tiny_imagenet,tiny_imagenet,tiny_imagenet,cifar100|fashion_mnist|tiny_imagenet,cifar100_shared_images|fashion_mnist|tiny_imagenet,8,3,0.625,0.9074666535894076,0.9074666535894076,0.0,0.0,0.9146666765213013,0.9146666765213013,0.0,5,3,10
clip_b32,eurosat,random,50,3,10,0.7,0,0.6666666666666666,0,0.6666666666666666,tiny_imagenet,tiny_imagenet,1,tiny_imagenet,tiny_imagenet,rendered_sst2,rendered_sst2,cifar100|rendered_sst2|stl10,cifar100_shared_images|rendered_sst2|stl10,8,3,0.625,0.9074666535894076,0.9060266532739003,0.0014400003155072838,0.14044206977335333,0.9146666765213013,0.910962975025177,0.003703701496124312,5,3,10
clip_b32,eurosat,random,51,3,10,0.7,1,0.6666666666666666,1,0.6666666666666666,tiny_imagenet,tiny_imagenet,1,tiny_imagenet,tiny_imagenet,tiny_imagenet,tiny_imagenet,rendered_sst2|stl10|tiny_imagenet,rendered_sst2|stl10|tiny_imagenet,8,3,0.625,0.9074666535894076,0.9074666535894076,0.0,0.0,0.9146666765213013,0.9146666765213013,0.0,5,3,10
clip_b32,eurosat,random,52,3,10,0.7,0,0.3333333333333333,0,0.3333333333333333,tiny_imagenet,tiny_imagenet,1,tiny_imagenet,tiny_imagenet,rendered_sst2,rendered_sst2,fashion_mnist|rendered_sst2|usps,fashion_mnist|handwritten_digits|rendered_sst2,8,3,0.625,0.9074666535894076,0.9060266532739003,0.0014400003155072838,0.14044206977335333,0.9146666765213013,0.910962975025177,0.003703701496124312,5,3,10
clip_b32,eurosat,random,53,3,10,0.7,0,0.3333333333333333,0,0.3333333333333333,tiny_imagenet,tiny_imagenet,1,tiny_imagenet,tiny_imagenet,rendered_sst2,rendered_sst2,mnist|rendered_sst2|stl10,handwritten_digits|rendered_sst2|stl10,8,3,0.625,0.9074666535894076,0.9060266532739003,0.0014400003155072838,0.14044206977335333,0.9146666765213013,0.910962975025177,0.003703701496124312,5,3,10
clip_b32,eurosat,random,54,3,10,0.7,1,0.3333333333333333,1,0.3333333333333333,tiny_imagenet,tiny_imagenet,1,tiny_imagenet,tiny_imagenet,tiny_imagenet,tiny_imagenet,cifar10|tiny_imagenet|usps,cifar10|handwritten_digits|tiny_imagenet,8,3,0.625,0.9074666535894076,0.9074666535894076,0.0,0.0,0.9146666765213013,0.9146666765213013,0.0,5,3,10
clip_b32,eurosat,random,55,3,10,0.7,0,0.0,0,0.0,tiny_imagenet,tiny_imagenet,1,tiny_imagenet,tiny_imagenet,mnist,handwritten_digits,fashion_mnist|mnist|svhn,fashion_mnist|handwritten_digits|svhn,8,3,0.625,0.9074666535894076,0.9018533167115848,0.005613336877822839,0.5474642199497107,0.9146666765213013,0.9080740928649902,0.006592583656311102,5,3,10
clip_b32,eurosat,random,56,3,10,0.7,0,0.0,0,0.0,tiny_imagenet,tiny_imagenet,1,tiny_imagenet,tiny_imagenet,mnist,handwritten_digits,cifar10|mnist|svhn,cifar10|handwritten_digits|svhn,8,3,0.625,0.9074666535894076,0.9018533167115848,0.005613336877822839,0.5474642199497107,0.9146666765213013,0.9080740928649902,0.006592583656311102,5,3,10
clip_b32,eurosat,random,57,3,10,0.7,0,0.0,0,0.3333333333333333,tiny_imagenet,tiny_imagenet,1,tiny_imagenet,tiny_imagenet,mnist,handwritten_digits,cifar100_coarse|fashion_mnist|mnist,cifar100_shared_images|fashion_mnist|handwritten_digits,8,3,0.625,0.9074666535894076,0.9018533167115848,0.005613336877822839,0.5474642199497107,0.9146666765213013,0.9080740928649902,0.006592583656311102,5,3,10
clip_b32,eurosat,random,58,3,10,0.7,1,0.3333333333333333,1,0.3333333333333333,tiny_imagenet,tiny_imagenet,1,tiny_imagenet,tiny_imagenet,tiny_imagenet,tiny_imagenet,cifar10|fashion_mnist|tiny_imagenet,cifar10|fashion_mnist|tiny_imagenet,8,3,0.625,0.9074666535894076,0.9074666535894076,0.0,0.0,0.9146666765213013,0.9146666765213013,0.0,5,3,10
clip_b32,eurosat,random,59,3,10,0.7,1,0.3333333333333333,1,0.6666666666666666,tiny_imagenet,tiny_imagenet,1,tiny_imagenet,tiny_imagenet,tiny_imagenet,tiny_imagenet,cifar100_coarse|svhn|tiny_imagenet,cifar100_shared_images|svhn|tiny_imagenet,8,3,0.625,0.9074666535894076,0.9074666535894076,0.0,0.0,0.9146666765213013,0.9146666765213013,0.0,5,3,10
clip_b32,eurosat,random,60,3,10,0.7,0,0.3333333333333333,0,0.3333333333333333,tiny_imagenet,tiny_imagenet,1,tiny_imagenet,tiny_imagenet,cifar100,cifar100_shared_images,cifar100|cifar100_coarse|svhn,cifar100_shared_images|svhn,8,2,0.75,0.9074666535894076,0.902959988518556,0.004506665070851623,0.4395314108682753,0.9146666765213013,0.9094074010848999,0.005259275436401367,5,3,10
clip_b32,eurosat,random,61,3,10,0.7,0,0.3333333333333333,0,0.3333333333333333,tiny_imagenet,tiny_imagenet,1,tiny_imagenet,tiny_imagenet,rendered_sst2,rendered_sst2,fashion_mnist|rendered_sst2|svhn,fashion_mnist|rendered_sst2|svhn,8,3,0.625,0.9074666535894076,0.9060266532739003,0.0014400003155072838,0.14044206977335333,0.9146666765213013,0.910962975025177,0.003703701496124312,5,3,10
clip_b32,eurosat,random,62,3,10,0.7,0,0.0,0,0.0,tiny_imagenet,tiny_imagenet,1,tiny_imagenet,tiny_imagenet,mnist,handwritten_digits,cifar10|mnist|svhn,cifar10|handwritten_digits|svhn,8,3,0.625,0.9074666535894076,0.9018533167115848,0.005613336877822839,0.5474642199497107,0.9146666765213013,0.9080740928649902,0.006592583656311102,5,3,10
clip_b32,eurosat,random,63,3,10,0.7,1,0.6666666666666666,1,0.6666666666666666,tiny_imagenet,tiny_imagenet,1,tiny_imagenet,tiny_imagenet,tiny_imagenet,tiny_imagenet,cifar100|cifar100_coarse|tiny_imagenet,cifar100_shared_images|tiny_imagenet,8,2,0.75,0.9074666535894076,0.9074666535894076,0.0,0.0,0.9146666765213013,0.9146666765213013,0.0,5,3,10
clip_b32,eurosat,random,64,3,10,0.7,0,0.0,0,0.3333333333333333,tiny_imagenet,tiny_imagenet,1,tiny_imagenet,tiny_imagenet,mnist,handwritten_digits,cifar100_coarse|mnist|svhn,cifar100_shared_images|handwritten_digits|svhn,8,3,0.625,0.9074666535894076,0.9018533167115848,0.005613336877822839,0.5474642199497107,0.9146666765213013,0.9080740928649902,0.006592583656311102,5,3,10
clip_b32,eurosat,random,65,3,10,0.7,0,0.0,0,0.0,tiny_imagenet,tiny_imagenet,1,tiny_imagenet,tiny_imagenet,mnist,handwritten_digits,cifar10|mnist|svhn,cifar10|handwritten_digits|svhn,8,3,0.625,0.9074666535894076,0.9018533167115848,0.005613336877822839,0.5474642199497107,0.9146666765213013,0.9080740928649902,0.006592583656311102,5,3,10
clip_b32,eurosat,random,66,3,10,0.7,0,0.0,0,0.0,tiny_imagenet,tiny_imagenet,1,tiny_imagenet,tiny_imagenet,mnist,handwritten_digits,cifar10|mnist|stl10,cifar10|handwritten_digits|stl10,8,3,0.625,0.9074666535894076,0.9018533167115848,0.005613336877822839,0.5474642199497107,0.9146666765213013,0.9080740928649902,0.006592583656311102,5,3,10
clip_b32,eurosat,random,67,3,10,0.7,0,0.3333333333333333,0,0.3333333333333333,tiny_imagenet,tiny_imagenet,1,tiny_imagenet,tiny_imagenet,cifar100,cifar100_shared_images,cifar100|cifar100_coarse|stl10,cifar100_shared_images|stl10,8,2,0.75,0.9074666535894076,0.902959988518556,0.004506665070851623,0.4395314108682753,0.9146666765213013,0.9094074010848999,0.005259275436401367,5,3,10
clip_b32,eurosat,random,68,3,10,0.7,0,0.3333333333333333,0,0.3333333333333333,tiny_imagenet,tiny_imagenet,1,tiny_imagenet,tiny_imagenet,rendered_sst2,rendered_sst2,mnist|rendered_sst2|stl10,handwritten_digits|rendered_sst2|stl10,8,3,0.625,0.9074666535894076,0.9060266532739003,0.0014400003155072838,0.14044206977335333,0.9146666765213013,0.910962975025177,0.003703701496124312,5,3,10
clip_b32,eurosat,random,69,3,10,0.7,1,0.3333333333333333,1,0.3333333333333333,tiny_imagenet,tiny_imagenet,1,tiny_imagenet,tiny_imagenet,tiny_imagenet,tiny_imagenet,cifar10|fashion_mnist|tiny_imagenet,cifar10|fashion_mnist|tiny_imagenet,8,3,0.625,0.9074666535894076,0.9074666535894076,0.0,0.0,0.9146666765213013,0.9146666765213013,0.0,5,3,10
clip_b32,eurosat,random,70,3,10,0.7,1,0.3333333333333333,1,0.3333333333333333,tiny_imagenet,tiny_imagenet,1,tiny_imagenet,tiny_imagenet,tiny_imagenet,tiny_imagenet,cifar10|mnist|tiny_imagenet,cifar10|handwritten_digits|tiny_imagenet,8,3,0.625,0.9074666535894076,0.9074666535894076,0.0,0.0,0.9146666765213013,0.9146666765213013,0.0,5,3,10
clip_b32,eurosat,random,71,3,10,0.7,1,0.3333333333333333,1,0.3333333333333333,tiny_imagenet,tiny_imagenet,1,tiny_imagenet,tiny_imagenet,tiny_imagenet,tiny_imagenet,mnist|svhn|tiny_imagenet,handwritten_digits|svhn|tiny_imagenet,8,3,0.625,0.9074666535894076,0.9074666535894076,0.0,0.0,0.9146666765213013,0.9146666765213013,0.0,5,3,10
clip_b32,eurosat,random,72,3,10,0.7,0,0.0,0,0.3333333333333333,tiny_imagenet,tiny_imagenet,1,tiny_imagenet,tiny_imagenet,mnist,handwritten_digits,cifar10|cifar100_coarse|mnist,cifar10|cifar100_shared_images|handwritten_digits,8,3,0.625,0.9074666535894076,0.9018533167115848,0.005613336877822839,0.5474642199497107,0.9146666765213013,0.9080740928649902,0.006592583656311102,5,3,10
clip_b32,eurosat,random,73,3,10,0.7,0,0.3333333333333333,0,0.3333333333333333,tiny_imagenet,tiny_imagenet,1,tiny_imagenet,tiny_imagenet,cifar100,cifar100_shared_images,cifar10|cifar100|usps,cifar10|cifar100_shared_images|handwritten_digits,8,3,0.625,0.9074666535894076,0.902959988518556,0.004506665070851623,0.4395314108682753,0.9146666765213013,0.9094074010848999,0.005259275436401367,5,3,10
clip_b32,eurosat,random,74,3,10,0.7,1,0.6666666666666666,1,1.0,tiny_imagenet,tiny_imagenet,1,tiny_imagenet,tiny_imagenet,tiny_imagenet,tiny_imagenet,cifar100_coarse|rendered_sst2|tiny_imagenet,cifar100_shared_images|rendered_sst2|tiny_imagenet,8,3,0.625,0.9074666535894076,0.9074666535894076,0.0,0.0,0.9146666765213013,0.9146666765213013,0.0,5,3,10
clip_b32,eurosat,random,75,3,10,0.7,0,0.3333333333333333,0,0.3333333333333333,tiny_imagenet,tiny_imagenet,1,tiny_imagenet,tiny_imagenet,rendered_sst2,rendered_sst2,fashion_mnist|rendered_sst2|svhn,fashion_mnist|rendered_sst2|svhn,8,3,0.625,0.9074666535894076,0.9060266532739003,0.0014400003155072838,0.14044206977335333,0.9146666765213013,0.910962975025177,0.003703701496124312,5,3,10
clip_b32,eurosat,random,76,3,10,0.7,0,0.3333333333333333,0,0.6666666666666666,tiny_imagenet,tiny_imagenet,1,tiny_imagenet,tiny_imagenet,rendered_sst2,rendered_sst2,cifar100_coarse|mnist|rendered_sst2,cifar100_shared_images|handwritten_digits|rendered_sst2,8,3,0.625,0.9074666535894076,0.9060266532739003,0.0014400003155072838,0.14044206977335333,0.9146666765213013,0.910962975025177,0.003703701496124312,5,3,10
clip_b32,eurosat,random,77,3,10,0.7,1,0.3333333333333333,1,0.6666666666666666,tiny_imagenet,tiny_imagenet,1,tiny_imagenet,tiny_imagenet,tiny_imagenet,tiny_imagenet,cifar100_coarse|mnist|tiny_imagenet,cifar100_shared_images|handwritten_digits|tiny_imagenet,8,3,0.625,0.9074666535894076,0.9074666535894076,0.0,0.0,0.9146666765213013,0.9146666765213013,0.0,5,3,10
clip_b32,eurosat,random,78,3,10,0.7,0,0.0,0,0.3333333333333333,tiny_imagenet,tiny_imagenet,1,tiny_imagenet,tiny_imagenet,mnist,handwritten_digits,cifar100_coarse|mnist|stl10,cifar100_shared_images|handwritten_digits|stl10,8,3,0.625,0.9074666535894076,0.9018533167115848,0.005613336877822839,0.5474642199497107,0.9146666765213013,0.9080740928649902,0.006592583656311102,5,3,10
clip_b32,eurosat,random,79,3,10,0.7,0,0.3333333333333333,0,0.3333333333333333,tiny_imagenet,tiny_imagenet,1,tiny_imagenet,tiny_imagenet,rendered_sst2,rendered_sst2,cifar10|rendered_sst2|svhn,cifar10|rendered_sst2|svhn,8,3,0.625,0.9074666535894076,0.9060266532739003,0.0014400003155072838,0.14044206977335333,0.9146666765213013,0.910962975025177,0.003703701496124312,5,3,10
clip_b32,eurosat,random,80,3,10,0.7,1,0.3333333333333333,1,0.3333333333333333,tiny_imagenet,tiny_imagenet,1,tiny_imagenet,tiny_imagenet,tiny_imagenet,tiny_imagenet,cifar10|stl10|tiny_imagenet,cifar10|stl10|tiny_imagenet,8,3,0.625,0.9074666535894076,0.9074666535894076,0.0,0.0,0.9146666765213013,0.9146666765213013,0.0,5,3,10
clip_b32,eurosat,random,81,3,10,0.7,0,0.6666666666666666,0,0.6666666666666666,tiny_imagenet,tiny_imagenet,1,tiny_imagenet,tiny_imagenet,rendered_sst2,rendered_sst2,cifar100|rendered_sst2|stl10,cifar100_shared_images|rendered_sst2|stl10,8,3,0.625,0.9074666535894076,0.9060266532739003,0.0014400003155072838,0.14044206977335333,0.9146666765213013,0.910962975025177,0.003703701496124312,5,3,10
clip_b32,eurosat,random,82,3,10,0.7,0,0.6666666666666666,0,0.6666666666666666,tiny_imagenet,tiny_imagenet,1,tiny_imagenet,tiny_imagenet,rendered_sst2,rendered_sst2,cifar100|rendered_sst2|usps,cifar100_shared_images|handwritten_digits|rendered_sst2,8,3,0.625,0.9074666535894076,0.9060266532739003,0.0014400003155072838,0.14044206977335333,0.9146666765213013,0.910962975025177,0.003703701496124312,5,3,10
clip_b32,eurosat,random,83,3,10,0.7,0,0.3333333333333333,0,0.3333333333333333,tiny_imagenet,tiny_imagenet,1,tiny_imagenet,tiny_imagenet,cifar100,cifar100_shared_images,cifar100|fashion_mnist|stl10,cifar100_shared_images|fashion_mnist|stl10,8,3,0.625,0.9074666535894076,0.902959988518556,0.004506665070851623,0.4395314108682753,0.9146666765213013,0.9094074010848999,0.005259275436401367,5,3,10
clip_b32,eurosat,random,84,3,10,0.7,1,0.6666666666666666,1,1.0,tiny_imagenet,tiny_imagenet,1,tiny_imagenet,tiny_imagenet,tiny_imagenet,tiny_imagenet,cifar100_coarse|rendered_sst2|tiny_imagenet,cifar100_shared_images|rendered_sst2|tiny_imagenet,8,3,0.625,0.9074666535894076,0.9074666535894076,0.0,0.0,0.9146666765213013,0.9146666765213013,0.0,5,3,10
clip_b32,eurosat,random,85,3,10,0.7,1,0.6666666666666666,1,0.6666666666666666,tiny_imagenet,tiny_imagenet,1,tiny_imagenet,tiny_imagenet,tiny_imagenet,tiny_imagenet,cifar100|mnist|tiny_imagenet,cifar100_shared_images|handwritten_digits|tiny_imagenet,8,3,0.625,0.9074666535894076,0.9074666535894076,0.0,0.0,0.9146666765213013,0.9146666765213013,0.0,5,3,10
clip_b32,eurosat,random,86,3,10,0.7,1,0.6666666666666666,1,0.6666666666666666,tiny_imagenet,tiny_imagenet,1,tiny_imagenet,tiny_imagenet,tiny_imagenet,tiny_imagenet,cifar10|rendered_sst2|tiny_imagenet,cifar10|rendered_sst2|tiny_imagenet,8,3,0.625,0.9074666535894076,0.9074666535894076,0.0,0.0,0.9146666765213013,0.9146666765213013,0.0,5,3,10
clip_b32,eurosat,random,87,3,10,0.7,0,0.6666666666666666,0,0.6666666666666666,tiny_imagenet,tiny_imagenet,1,tiny_imagenet,tiny_imagenet,rendered_sst2,rendered_sst2,cifar100|cifar100_coarse|rendered_sst2,cifar100_shared_images|rendered_sst2,8,2,0.75,0.9074666535894076,0.9060266532739003,0.0014400003155072838,0.14044206977335333,0.9146666765213013,0.910962975025177,0.003703701496124312,5,3,10
clip_b32,eurosat,random,88,3,10,0.7,1,0.3333333333333333,1,0.3333333333333333,tiny_imagenet,tiny_imagenet,1,tiny_imagenet,tiny_imagenet,tiny_imagenet,tiny_imagenet,fashion_mnist|tiny_imagenet|usps,fashion_mnist|handwritten_digits|tiny_imagenet,8,3,0.625,0.9074666535894076,0.9074666535894076,0.0,0.0,0.9146666765213013,0.9146666765213013,0.0,5,3,10
clip_b32,eurosat,random,89,3,10,0.7,0,0.0,0,0.3333333333333333,tiny_imagenet,tiny_imagenet,1,tiny_imagenet,tiny_imagenet,fashion_mnist,fashion_mnist,cifar100_coarse|fashion_mnist|svhn,cifar100_shared_images|fashion_mnist|svhn,8,3,0.625,0.9074666535894076,0.8996533150951066,0.007813338494300992,0.7620286038568559,0.9146666765213013,0.9065185189247131,0.008148157596588157,5,3,10
clip_b32,eurosat,random,90,3,10,0.7,0,0.0,0,0.0,tiny_imagenet,tiny_imagenet,1,tiny_imagenet,tiny_imagenet,mnist,handwritten_digits,mnist|svhn|usps,handwritten_digits|svhn,8,2,0.75,0.9074666535894076,0.9018533167115848,0.005613336877822839,0.5474642199497107,0.9146666765213013,0.9080740928649902,0.006592583656311102,5,3,10
clip_b32,eurosat,random,91,3,10,0.7,0,0.3333333333333333,0,0.3333333333333333,tiny_imagenet,tiny_imagenet,1,tiny_imagenet,tiny_imagenet,cifar100,cifar100_shared_images,cifar100|cifar100_coarse|fashion_mnist,cifar100_shared_images|fashion_mnist,8,2,0.75,0.9074666535894076,0.902959988518556,0.004506665070851623,0.4395314108682753,0.9146666765213013,0.9094074010848999,0.005259275436401367,5,3,10
clip_b32,eurosat,random,92,3,10,0.7,1,0.3333333333333333,1,0.3333333333333333,tiny_imagenet,tiny_imagenet,1,tiny_imagenet,tiny_imagenet,tiny_imagenet,tiny_imagenet,svhn|tiny_imagenet|usps,handwritten_digits|svhn|tiny_imagenet,8,3,0.625,0.9074666535894076,0.9074666535894076,0.0,0.0,0.9146666765213013,0.9146666765213013,0.0,5,3,10
clip_b32,eurosat,random,93,3,10,0.7,1,0.6666666666666666,1,0.6666666666666666,tiny_imagenet,tiny_imagenet,1,tiny_imagenet,tiny_imagenet,tiny_imagenet,tiny_imagenet,mnist|rendered_sst2|tiny_imagenet,handwritten_digits|rendered_sst2|tiny_imagenet,8,3,0.625,0.9074666535894076,0.9074666535894076,0.0,0.0,0.9146666765213013,0.9146666765213013,0.0,5,3,10
clip_b32,eurosat,random,94,3,10,0.7,0,0.3333333333333333,0,0.6666666666666666,tiny_imagenet,tiny_imagenet,1,tiny_imagenet,tiny_imagenet,rendered_sst2,rendered_sst2,cifar10|cifar100_coarse|rendered_sst2,cifar10|cifar100_shared_images|rendered_sst2,8,3,0.625,0.9074666535894076,0.9060266532739003,0.0014400003155072838,0.14044206977335333,0.9146666765213013,0.910962975025177,0.003703701496124312,5,3,10
clip_b32,eurosat,random,95,3,10,0.7,0,0.3333333333333333,0,0.3333333333333333,tiny_imagenet,tiny_imagenet,1,tiny_imagenet,tiny_imagenet,rendered_sst2,rendered_sst2,fashion_mnist|mnist|rendered_sst2,fashion_mnist|handwritten_digits|rendered_sst2,8,3,0.625,0.9074666535894076,0.9060266532739003,0.0014400003155072838,0.14044206977335333,0.9146666765213013,0.910962975025177,0.003703701496124312,5,3,10
clip_b32,eurosat,random,96,3,10,0.7,0,0.6666666666666666,0,0.6666666666666666,tiny_imagenet,tiny_imagenet,1,tiny_imagenet,tiny_imagenet,rendered_sst2,rendered_sst2,cifar100|rendered_sst2|stl10,cifar100_shared_images|rendered_sst2|stl10,8,3,0.625,0.9074666535894076,0.9060266532739003,0.0014400003155072838,0.14044206977335333,0.9146666765213013,0.910962975025177,0.003703701496124312,5,3,10
clip_b32,eurosat,random,97,3,10,0.7,1,0.3333333333333333,1,0.3333333333333333,tiny_imagenet,tiny_imagenet,1,tiny_imagenet,tiny_imagenet,tiny_imagenet,tiny_imagenet,mnist|stl10|tiny_imagenet,handwritten_digits|stl10|tiny_imagenet,8,3,0.625,0.9074666535894076,0.9074666535894076,0.0,0.0,0.9146666765213013,0.9146666765213013,0.0,5,3,10
clip_b32,eurosat,random,98,3,10,0.7,1,0.6666666666666666,1,0.6666666666666666,tiny_imagenet,tiny_imagenet,1,tiny_imagenet,tiny_imagenet,tiny_imagenet,tiny_imagenet,cifar100|cifar100_coarse|tiny_imagenet,cifar100_shared_images|tiny_imagenet,8,2,0.75,0.9074666535894076,0.9074666535894076,0.0,0.0,0.9146666765213013,0.9146666765213013,0.0,5,3,10
clip_b32,eurosat,random,99,3,10,0.7,1,0.6666666666666666,1,1.0,tiny_imagenet,tiny_imagenet,1,tiny_imagenet,tiny_imagenet,tiny_imagenet,tiny_imagenet,cifar100_coarse|rendered_sst2|tiny_imagenet,cifar100_shared_images|rendered_sst2|tiny_imagenet,8,3,0.625,0.9074666535894076,0.9074666535894076,0.0,0.0,0.9146666765213013,0.9146666765213013,0.0,5,3,10
clip_b32,eurosat,rank_only,-1,5,10,0.5,1,1.0,1,1.0,tiny_imagenet,tiny_imagenet,1,tiny_imagenet,tiny_imagenet,tiny_imagenet,tiny_imagenet,rendered_sst2|tiny_imagenet|stl10|cifar100_coarse|cifar100,cifar100_shared_images|rendered_sst2|stl10|tiny_imagenet,8,4,0.5,0.9074666535894076,0.9074666535894076,0.0,0.0,0.9146666765213013,0.9146666765213013,0.0,5,5,10
clip_b32,eurosat,facility_subspace,-1,5,10,0.5,0,0.6666666666666666,0,0.6666666666666666,tiny_imagenet,tiny_imagenet,1,tiny_imagenet,tiny_imagenet,rendered_sst2,rendered_sst2,cifar100|usps|rendered_sst2|fashion_mnist|cifar10,cifar10|cifar100_shared_images|fashion_mnist|handwritten_digits|rendered_sst2,8,5,0.375,0.9074666535894076,0.9060266532739003,0.0014400003155072838,0.14044206977335333,0.9146666765213013,0.910962975025177,0.003703701496124312,5,5,10
clip_b32,eurosat,kcenter_subspace,-1,5,10,0.5,0,0.3333333333333333,0,0.3333333333333333,tiny_imagenet,tiny_imagenet,1,tiny_imagenet,tiny_imagenet,rendered_sst2,rendered_sst2,rendered_sst2|stl10|mnist|fashion_mnist|svhn,fashion_mnist|handwritten_digits|rendered_sst2|stl10|svhn,8,5,0.375,0.9074666535894076,0.9060266532739003,0.0014400003155072838,0.14044206977335333,0.9146666765213013,0.910962975025177,0.003703701496124312,5,5,10
clip_b32,eurosat,dpp_subspace,-1,5,10,0.5,1,0.6666666666666666,1,1.0,tiny_imagenet,tiny_imagenet,1,tiny_imagenet,tiny_imagenet,tiny_imagenet,tiny_imagenet,rendered_sst2|tiny_imagenet|stl10|cifar100_coarse|cifar10,cifar10|cifar100_shared_images|rendered_sst2|stl10|tiny_imagenet,8,5,0.375,0.9074666535894076,0.9074666535894076,0.0,0.0,0.9146666765213013,0.9146666765213013,0.0,5,5,10
clip_b32,eurosat,pool_vendi_subspace,-1,5,10,0.5,0,0.3333333333333333,0,0.3333333333333333,tiny_imagenet,tiny_imagenet,1,tiny_imagenet,tiny_imagenet,rendered_sst2,rendered_sst2,rendered_sst2|stl10|mnist|fashion_mnist|svhn,fashion_mnist|handwritten_digits|rendered_sst2|stl10|svhn,8,5,0.375,0.9074666535894076,0.9060266532739003,0.0014400003155072838,0.14044206977335333,0.9146666765213013,0.910962975025177,0.003703701496124312,5,5,10
clip_b32,eurosat,full_merged_rank,-1,5,10,0.5,1,1.0,1,1.0,tiny_imagenet,tiny_imagenet,1,tiny_imagenet,tiny_imagenet,tiny_imagenet,tiny_imagenet,rendered_sst2|tiny_imagenet|stl10|cifar100_coarse|cifar100,cifar100_shared_images|rendered_sst2|stl10|tiny_imagenet,8,4,0.5,0.9074666535894076,0.9074666535894076,0.0,0.0,0.9146666765213013,0.9146666765213013,0.0,5,5,10
clip_b32,eurosat,random,0,5,10,0.5,0,0.6666666666666666,0,0.6666666666666666,tiny_imagenet,tiny_imagenet,1,tiny_imagenet,tiny_imagenet,rendered_sst2,rendered_sst2,cifar100|cifar100_coarse|mnist|rendered_sst2|stl10,cifar100_shared_images|handwritten_digits|rendered_sst2|stl10,8,4,0.5,0.9074666535894076,0.9060266532739003,0.0014400003155072838,0.14044206977335333,0.9146666765213013,0.910962975025177,0.003703701496124312,5,5,10
clip_b32,eurosat,random,1,5,10,0.5,1,0.6666666666666666,1,1.0,tiny_imagenet,tiny_imagenet,1,tiny_imagenet,tiny_imagenet,tiny_imagenet,tiny_imagenet,cifar100_coarse|fashion_mnist|mnist|rendered_sst2|tiny_imagenet,cifar100_shared_images|fashion_mnist|handwritten_digits|rendered_sst2|tiny_imagenet,8,5,0.375,0.9074666535894076,0.9074666535894076,0.0,0.0,0.9146666765213013,0.9146666765213013,0.0,5,5,10
clip_b32,eurosat,random,2,5,10,0.5,0,0.6666666666666666,0,0.6666666666666666,tiny_imagenet,tiny_imagenet,1,tiny_imagenet,tiny_imagenet,rendered_sst2,rendered_sst2,cifar10|cifar100|mnist|rendered_sst2|usps,cifar10|cifar100_shared_images|handwritten_digits|rendered_sst2,8,4,0.5,0.9074666535894076,0.9060266532739003,0.0014400003155072838,0.14044206977335333,0.9146666765213013,0.910962975025177,0.003703701496124312,5,5,10
clip_b32,eurosat,random,3,5,10,0.5,1,0.6666666666666666,1,0.6666666666666666,tiny_imagenet,tiny_imagenet,1,tiny_imagenet,tiny_imagenet,tiny_imagenet,tiny_imagenet,cifar10|cifar100|stl10|tiny_imagenet|usps,cifar10|cifar100_shared_images|handwritten_digits|stl10|tiny_imagenet,8,5,0.375,0.9074666535894076,0.9074666535894076,0.0,0.0,0.9146666765213013,0.9146666765213013,0.0,5,5,10
clip_b32,eurosat,random,4,5,10,0.5,0,0.0,0,0.3333333333333333,tiny_imagenet,tiny_imagenet,1,tiny_imagenet,tiny_imagenet,mnist,handwritten_digits,cifar10|cifar100_coarse|mnist|stl10|svhn,cifar10|cifar100_shared_images|handwritten_digits|stl10|svhn,8,5,0.375,0.9074666535894076,0.9018533167115848,0.005613336877822839,0.5474642199497107,0.9146666765213013,0.9080740928649902,0.006592583656311102,5,5,10
clip_b32,eurosat,random,5,5,10,0.5,1,0.6666666666666666,1,0.6666666666666666,tiny_imagenet,tiny_imagenet,1,tiny_imagenet,tiny_imagenet,tiny_imagenet,tiny_imagenet,cifar10|cifar100|fashion_mnist|tiny_imagenet|usps,cifar10|cifar100_shared_images|fashion_mnist|handwritten_digits|tiny_imagenet,8,5,0.375,0.9074666535894076,0.9074666535894076,0.0,0.0,0.9146666765213013,0.9146666765213013,0.0,5,5,10
clip_b32,eurosat,random,6,5,10,0.5,0,0.6666666666666666,0,0.6666666666666666,tiny_imagenet,tiny_imagenet,1,tiny_imagenet,tiny_imagenet,rendered_sst2,rendered_sst2,cifar10|cifar100|fashion_mnist|mnist|rendered_sst2,cifar10|cifar100_shared_images|fashion_mnist|handwritten_digits|rendered_sst2,8,5,0.375,0.9074666535894076,0.9060266532739003,0.0014400003155072838,0.14044206977335333,0.9146666765213013,0.910962975025177,0.003703701496124312,5,5,10
clip_b32,eurosat,random,7,5,10,0.5,0,0.3333333333333333,0,0.3333333333333333,tiny_imagenet,tiny_imagenet,1,tiny_imagenet,tiny_imagenet,cifar100,cifar100_shared_images,cifar10|cifar100|cifar100_coarse|fashion_mnist|usps,cifar10|cifar100_shared_images|fashion_mnist|handwritten_digits,8,4,0.5,0.9074666535894076,0.902959988518556,0.004506665070851623,0.4395314108682753,0.9146666765213013,0.9094074010848999,0.005259275436401367,5,5,10
clip_b32,eurosat,random,8,5,10,0.5,0,0.6666666666666666,0,0.6666666666666666,tiny_imagenet,tiny_imagenet,1,tiny_imagenet,tiny_imagenet,rendered_sst2,rendered_sst2,cifar100|fashion_mnist|mnist|rendered_sst2|usps,cifar100_shared_images|fashion_mnist|handwritten_digits|rendered_sst2,8,4,0.5,0.9074666535894076,0.9060266532739003,0.0014400003155072838,0.14044206977335333,0.9146666765213013,0.910962975025177,0.003703701496124312,5,5,10
clip_b32,eurosat,random,9,5,10,0.5,1,0.6666666666666666,1,0.6666666666666666,tiny_imagenet,tiny_imagenet,1,tiny_imagenet,tiny_imagenet,tiny_imagenet,tiny_imagenet,cifar10|cifar100|svhn|tiny_imagenet|usps,cifar10|cifar100_shared_images|handwritten_digits|svhn|tiny_imagenet,8,5,0.375,0.9074666535894076,0.9074666535894076,0.0,0.0,0.9146666765213013,0.9146666765213013,0.0,5,5,10
clip_b32,eurosat,random,10,5,10,0.5,1,0.6666666666666666,1,0.6666666666666666,tiny_imagenet,tiny_imagenet,1,tiny_imagenet,tiny_imagenet,tiny_imagenet,tiny_imagenet,cifar10|cifar100|stl10|tiny_imagenet|usps,cifar10|cifar100_shared_images|handwritten_digits|stl10|tiny_imagenet,8,5,0.375,0.9074666535894076,0.9074666535894076,0.0,0.0,0.9146666765213013,0.9146666765213013,0.0,5,5,10
clip_b32,eurosat,random,11,5,10,0.5,0,0.6666666666666666,0,0.6666666666666666,tiny_imagenet,tiny_imagenet,1,tiny_imagenet,tiny_imagenet,rendered_sst2,rendered_sst2,cifar100|cifar100_coarse|fashion_mnist|rendered_sst2|usps,cifar100_shared_images|fashion_mnist|handwritten_digits|rendered_sst2,8,4,0.5,0.9074666535894076,0.9060266532739003,0.0014400003155072838,0.14044206977335333,0.9146666765213013,0.910962975025177,0.003703701496124312,5,5,10
clip_b32,eurosat,random,12,5,10,0.5,0,0.3333333333333333,0,0.6666666666666666,tiny_imagenet,tiny_imagenet,1,tiny_imagenet,tiny_imagenet,rendered_sst2,rendered_sst2,cifar10|cifar100_coarse|rendered_sst2|stl10|usps,cifar10|cifar100_shared_images|handwritten_digits|rendered_sst2|stl10,8,5,0.375,0.9074666535894076,0.9060266532739003,0.0014400003155072838,0.14044206977335333,0.9146666765213013,0.910962975025177,0.003703701496124312,5,5,10
clip_b32,eurosat,random,13,5,10,0.5,0,0.6666666666666666,0,0.6666666666666666,tiny_imagenet,tiny_imagenet,1,tiny_imagenet,tiny_imagenet,rendered_sst2,rendered_sst2,cifar10|cifar100|mnist|rendered_sst2|usps,cifar10|cifar100_shared_images|handwritten_digits|rendered_sst2,8,4,0.5,0.9074666535894076,0.9060266532739003,0.0014400003155072838,0.14044206977335333,0.9146666765213013,0.910962975025177,0.003703701496124312,5,5,10
clip_b32,eurosat,random,14,5,10,0.5,1,0.6666666666666666,1,0.6666666666666666,tiny_imagenet,tiny_imagenet,1,tiny_imagenet,tiny_imagenet,tiny_imagenet,tiny_imagenet,cifar100|fashion_mnist|stl10|tiny_imagenet|usps,cifar100_shared_images|fashion_mnist|handwritten_digits|stl10|tiny_imagenet,8,5,0.375,0.9074666535894076,0.9074666535894076,0.0,0.0,0.9146666765213013,0.9146666765213013,0.0,5,5,10
clip_b32,eurosat,random,15,5,10,0.5,0,0.3333333333333333,0,0.3333333333333333,tiny_imagenet,tiny_imagenet,1,tiny_imagenet,tiny_imagenet,cifar100,cifar100_shared_images,cifar10|cifar100|stl10|svhn|usps,cifar10|cifar100_shared_images|handwritten_digits|stl10|svhn,8,5,0.375,0.9074666535894076,0.902959988518556,0.004506665070851623,0.4395314108682753,0.9146666765213013,0.9094074010848999,0.005259275436401367,5,5,10
clip_b32,eurosat,random,16,5,10,0.5,0,0.3333333333333333,0,0.6666666666666666,tiny_imagenet,tiny_imagenet,1,tiny_imagenet,tiny_imagenet,rendered_sst2,rendered_sst2,cifar100_coarse|fashion_mnist|mnist|rendered_sst2|usps,cifar100_shared_images|fashion_mnist|handwritten_digits|rendered_sst2,8,4,0.5,0.9074666535894076,0.9060266532739003,0.0014400003155072838,0.14044206977335333,0.9146666765213013,0.910962975025177,0.003703701496124312,5,5,10
clip_b32,eurosat,random,17,5,10,0.5,0,0.3333333333333333,0,0.3333333333333333,tiny_imagenet,tiny_imagenet,1,tiny_imagenet,tiny_imagenet,cifar100,cifar100_shared_images,cifar100|cifar100_coarse|fashion_mnist|stl10|usps,cifar100_shared_images|fashion_mnist|handwritten_digits|stl10,8,4,0.5,0.9074666535894076,0.902959988518556,0.004506665070851623,0.4395314108682753,0.9146666765213013,0.9094074010848999,0.005259275436401367,5,5,10
clip_b32,eurosat,random,18,5,10,0.5,1,0.3333333333333333,1,0.3333333333333333,tiny_imagenet,tiny_imagenet,1,tiny_imagenet,tiny_imagenet,tiny_imagenet,tiny_imagenet,cifar10|fashion_mnist|svhn|tiny_imagenet|usps,cifar10|fashion_mnist|handwritten_digits|svhn|tiny_imagenet,8,5,0.375,0.9074666535894076,0.9074666535894076,0.0,0.0,0.9146666765213013,0.9146666765213013,0.0,5,5,10
clip_b32,eurosat,random,19,5,10,0.5,0,0.6666666666666666,0,0.6666666666666666,tiny_imagenet,tiny_imagenet,1,tiny_imagenet,tiny_imagenet,rendered_sst2,rendered_sst2,cifar10|cifar100|fashion_mnist|mnist|rendered_sst2,cifar10|cifar100_shared_images|fashion_mnist|handwritten_digits|rendered_sst2,8,5,0.375,0.9074666535894076,0.9060266532739003,0.0014400003155072838,0.14044206977335333,0.9146666765213013,0.910962975025177,0.003703701496124312,5,5,10
clip_b32,eurosat,random,20,5,10,0.5,0,0.6666666666666666,0,0.6666666666666666,tiny_imagenet,tiny_imagenet,1,tiny_imagenet,tiny_imagenet,rendered_sst2,rendered_sst2,cifar10|cifar100|mnist|rendered_sst2|stl10,cifar10|cifar100_shared_images|handwritten_digits|rendered_sst2|stl10,8,5,0.375,0.9074666535894076,0.9060266532739003,0.0014400003155072838,0.14044206977335333,0.9146666765213013,0.910962975025177,0.003703701496124312,5,5,10
clip_b32,eurosat,random,21,5,10,0.5,0,0.3333333333333333,0,0.6666666666666666,tiny_imagenet,tiny_imagenet,1,tiny_imagenet,tiny_imagenet,rendered_sst2,rendered_sst2,cifar10|cifar100_coarse|rendered_sst2|stl10|svhn,cifar10|cifar100_shared_images|rendered_sst2|stl10|svhn,8,5,0.375,0.9074666535894076,0.9060266532739003,0.0014400003155072838,0.14044206977335333,0.9146666765213013,0.910962975025177,0.003703701496124312,5,5,10
clip_b32,eurosat,random,22,5,10,0.5,1,0.3333333333333333,1,0.6666666666666666,tiny_imagenet,tiny_imagenet,1,tiny_imagenet,tiny_imagenet,tiny_imagenet,tiny_imagenet,cifar10|cifar100_coarse|mnist|stl10|tiny_imagenet,cifar10|cifar100_shared_images|handwritten_digits|stl10|tiny_imagenet,8,5,0.375,0.9074666535894076,0.9074666535894076,0.0,0.0,0.9146666765213013,0.9146666765213013,0.0,5,5,10
clip_b32,eurosat,random,23,5,10,0.5,1,0.6666666666666666,1,1.0,tiny_imagenet,tiny_imagenet,1,tiny_imagenet,tiny_imagenet,tiny_imagenet,tiny_imagenet,cifar100_coarse|mnist|rendered_sst2|svhn|tiny_imagenet,cifar100_shared_images|handwritten_digits|rendered_sst2|svhn|tiny_imagenet,8,5,0.375,0.9074666535894076,0.9074666535894076,0.0,0.0,0.9146666765213013,0.9146666765213013,0.0,5,5,10
clip_b32,eurosat,random,24,5,10,0.5,0,0.3333333333333333,0,0.3333333333333333,tiny_imagenet,tiny_imagenet,1,tiny_imagenet,tiny_imagenet,cifar100,cifar100_shared_images,cifar100|cifar100_coarse|fashion_mnist|mnist|stl10,cifar100_shared_images|fashion_mnist|handwritten_digits|stl10,8,4,0.5,0.9074666535894076,0.902959988518556,0.004506665070851623,0.4395314108682753,0.9146666765213013,0.9094074010848999,0.005259275436401367,5,5,10
clip_b32,eurosat,random,25,5,10,0.5,0,0.3333333333333333,0,0.3333333333333333,tiny_imagenet,tiny_imagenet,1,tiny_imagenet,tiny_imagenet,cifar100,cifar100_shared_images,cifar100|cifar100_coarse|fashion_mnist|stl10|usps,cifar100_shared_images|fashion_mnist|handwritten_digits|stl10,8,4,0.5,0.9074666535894076,0.902959988518556,0.004506665070851623,0.4395314108682753,0.9146666765213013,0.9094074010848999,0.005259275436401367,5,5,10
clip_b32,eurosat,random,26,5,10,0.5,1,0.6666666666666666,1,1.0,tiny_imagenet,tiny_imagenet,1,tiny_imagenet,tiny_imagenet,tiny_imagenet,tiny_imagenet,cifar10|cifar100_coarse|mnist|rendered_sst2|tiny_imagenet,cifar10|cifar100_shared_images|handwritten_digits|rendered_sst2|tiny_imagenet,8,5,0.375,0.9074666535894076,0.9074666535894076,0.0,0.0,0.9146666765213013,0.9146666765213013,0.0,5,5,10
clip_b32,eurosat,random,27,5,10,0.5,1,1.0,1,1.0,tiny_imagenet,tiny_imagenet,1,tiny_imagenet,tiny_imagenet,tiny_imagenet,tiny_imagenet,cifar100|cifar100_coarse|mnist|rendered_sst2|tiny_imagenet,cifar100_shared_images|handwritten_digits|rendered_sst2|tiny_imagenet,8,4,0.5,0.9074666535894076,0.9074666535894076,0.0,0.0,0.9146666765213013,0.9146666765213013,0.0,5,5,10
clip_b32,eurosat,random,28,5,10,0.5,1,0.6666666666666666,1,0.6666666666666666,tiny_imagenet,tiny_imagenet,1,tiny_imagenet,tiny_imagenet,tiny_imagenet,tiny_imagenet,cifar10|fashion_mnist|mnist|rendered_sst2|tiny_imagenet,cifar10|fashion_mnist|handwritten_digits|rendered_sst2|tiny_imagenet,8,5,0.375,0.9074666535894076,0.9074666535894076,0.0,0.0,0.9146666765213013,0.9146666765213013,0.0,5,5,10
clip_b32,eurosat,random,29,5,10,0.5,1,0.6666666666666666,1,0.6666666666666666,tiny_imagenet,tiny_imagenet,1,tiny_imagenet,tiny_imagenet,tiny_imagenet,tiny_imagenet,cifar100|cifar100_coarse|svhn|tiny_imagenet|usps,cifar100_shared_images|handwritten_digits|svhn|tiny_imagenet,8,4,0.5,0.9074666535894076,0.9074666535894076,0.0,0.0,0.9146666765213013,0.9146666765213013,0.0,5,5,10
clip_b32,eurosat,random,30,5,10,0.5,0,0.6666666666666666,0,0.6666666666666666,tiny_imagenet,tiny_imagenet,1,tiny_imagenet,tiny_imagenet,rendered_sst2,rendered_sst2,cifar100|fashion_mnist|mnist|rendered_sst2|stl10,cifar100_shared_images|fashion_mnist|handwritten_digits|rendered_sst2|stl10,8,5,0.375,0.9074666535894076,0.9060266532739003,0.0014400003155072838,0.14044206977335333,0.9146666765213013,0.910962975025177,0.003703701496124312,5,5,10
clip_b32,eurosat,random,31,5,10,0.5,1,0.6666666666666666,1,0.6666666666666666,tiny_imagenet,tiny_imagenet,1,tiny_imagenet,tiny_imagenet,tiny_imagenet,tiny_imagenet,rendered_sst2|stl10|svhn|tiny_imagenet|usps,handwritten_digits|rendered_sst2|stl10|svhn|tiny_imagenet,8,5,0.375,0.9074666535894076,0.9074666535894076,0.0,0.0,0.9146666765213013,0.9146666765213013,0.0,5,5,10
clip_b32,eurosat,random,32,5,10,0.5,0,0.3333333333333333,0,0.3333333333333333,tiny_imagenet,tiny_imagenet,1,tiny_imagenet,tiny_imagenet,rendered_sst2,rendered_sst2,cifar10|rendered_sst2|stl10|svhn|usps,cifar10|handwritten_digits|rendered_sst2|stl10|svhn,8,5,0.375,0.9074666535894076,0.9060266532739003,0.0014400003155072838,0.14044206977335333,0.9146666765213013,0.910962975025177,0.003703701496124312,5,5,10
clip_b32,eurosat,random,33,5,10,0.5,1,0.3333333333333333,1,0.6666666666666666,tiny_imagenet,tiny_imagenet,1,tiny_imagenet,tiny_imagenet,tiny_imagenet,tiny_imagenet,cifar10|cifar100_coarse|stl10|svhn|tiny_imagenet,cifar10|cifar100_shared_images|stl10|svhn|tiny_imagenet,8,5,0.375,0.9074666535894076,0.9074666535894076,0.0,0.0,0.9146666765213013,0.9146666765213013,0.0,5,5,10
clip_b32,eurosat,random,34,5,10,0.5,0,0.3333333333333333,0,0.3333333333333333,tiny_imagenet,tiny_imagenet,1,tiny_imagenet,tiny_imagenet,rendered_sst2,rendered_sst2,cifar10|mnist|rendered_sst2|svhn|usps,cifar10|handwritten_digits|rendered_sst2|svhn,8,4,0.5,0.9074666535894076,0.9060266532739003,0.0014400003155072838,0.14044206977335333,0.9146666765213013,0.910962975025177,0.003703701496124312,5,5,10
clip_b32,eurosat,random,35,5,10,0.5,0,0.3333333333333333,0,0.3333333333333333,tiny_imagenet,tiny_imagenet,1,tiny_imagenet,tiny_imagenet,cifar100,cifar100_shared_images,cifar10|cifar100|cifar100_coarse|fashion_mnist|usps,cifar10|cifar100_shared_images|fashion_mnist|handwritten_digits,8,4,0.5,0.9074666535894076,0.902959988518556,0.004506665070851623,0.4395314108682753,0.9146666765213013,0.9094074010848999,0.005259275436401367,5,5,10
clip_b32,eurosat,random,36,5,10,0.5,0,0.3333333333333333,0,0.3333333333333333,tiny_imagenet,tiny_imagenet,1,tiny_imagenet,tiny_imagenet,cifar100,cifar100_shared_images,cifar100|fashion_mnist|stl10|svhn|usps,cifar100_shared_images|fashion_mnist|handwritten_digits|stl10|svhn,8,5,0.375,0.9074666535894076,0.902959988518556,0.004506665070851623,0.4395314108682753,0.9146666765213013,0.9094074010848999,0.005259275436401367,5,5,10
clip_b32,eurosat,random,37,5,10,0.5,0,0.6666666666666666,0,0.6666666666666666,tiny_imagenet,tiny_imagenet,1,tiny_imagenet,tiny_imagenet,rendered_sst2,rendered_sst2,cifar10|cifar100|fashion_mnist|rendered_sst2|stl10,cifar10|cifar100_shared_images|fashion_mnist|rendered_sst2|stl10,8,5,0.375,0.9074666535894076,0.9060266532739003,0.0014400003155072838,0.14044206977335333,0.9146666765213013,0.910962975025177,0.003703701496124312,5,5,10
clip_b32,eurosat,random,38,5,10,0.5,0,0.0,0,0.0,tiny_imagenet,tiny_imagenet,1,tiny_imagenet,tiny_imagenet,mnist,handwritten_digits,cifar10|fashion_mnist|mnist|svhn|usps,cifar10|fashion_mnist|handwritten_digits|svhn,8,4,0.5,0.9074666535894076,0.9018533167115848,0.005613336877822839,0.5474642199497107,0.9146666765213013,0.9080740928649902,0.006592583656311102,5,5,10
clip_b32,eurosat,random,39,5,10,0.5,0,0.0,0,0.3333333333333333,tiny_imagenet,tiny_imagenet,1,tiny_imagenet,tiny_imagenet,mnist,handwritten_digits,cifar10|cifar100_coarse|fashion_mnist|mnist|stl10,cifar10|cifar100_shared_images|fashion_mnist|handwritten_digits|stl10,8,5,0.375,0.9074666535894076,0.9018533167115848,0.005613336877822839,0.5474642199497107,0.9146666765213013,0.9080740928649902,0.006592583656311102,5,5,10
clip_b32,eurosat,random,40,5,10,0.5,0,0.6666666666666666,0,0.6666666666666666,tiny_imagenet,tiny_imagenet,1,tiny_imagenet,tiny_imagenet,rendered_sst2,rendered_sst2,cifar100|fashion_mnist|mnist|rendered_sst2|stl10,cifar100_shared_images|fashion_mnist|handwritten_digits|rendered_sst2|stl10,8,5,0.375,0.9074666535894076,0.9060266532739003,0.0014400003155072838,0.14044206977335333,0.9146666765213013,0.910962975025177,0.003703701496124312,5,5,10
clip_b32,eurosat,random,41,5,10,0.5,1,0.6666666666666666,1,0.6666666666666666,tiny_imagenet,tiny_imagenet,1,tiny_imagenet,tiny_imagenet,tiny_imagenet,tiny_imagenet,cifar10|fashion_mnist|rendered_sst2|svhn|tiny_imagenet,cifar10|fashion_mnist|rendered_sst2|svhn|tiny_imagenet,8,5,0.375,0.9074666535894076,0.9074666535894076,0.0,0.0,0.9146666765213013,0.9146666765213013,0.0,5,5,10
clip_b32,eurosat,random,42,5,10,0.5,0,0.6666666666666666,0,0.6666666666666666,tiny_imagenet,tiny_imagenet,1,tiny_imagenet,tiny_imagenet,rendered_sst2,rendered_sst2,cifar10|cifar100|mnist|rendered_sst2|svhn,cifar10|cifar100_shared_images|handwritten_digits|rendered_sst2|svhn,8,5,0.375,0.9074666535894076,0.9060266532739003,0.0014400003155072838,0.14044206977335333,0.9146666765213013,0.910962975025177,0.003703701496124312,5,5,10
clip_b32,eurosat,random,43,5,10,0.5,1,1.0,1,1.0,tiny_imagenet,tiny_imagenet,1,tiny_imagenet,tiny_imagenet,tiny_imagenet,tiny_imagenet,cifar100|mnist|rendered_sst2|tiny_imagenet|usps,cifar100_shared_images|handwritten_digits|rendered_sst2|tiny_imagenet,8,4,0.5,0.9074666535894076,0.9074666535894076,0.0,0.0,0.9146666765213013,0.9146666765213013,0.0,5,5,10
clip_b32,eurosat,random,44,5,10,0.5,0,0.3333333333333333,0,0.3333333333333333,tiny_imagenet,tiny_imagenet,1,tiny_imagenet,tiny_imagenet,rendered_sst2,rendered_sst2,cifar10|fashion_mnist|mnist|rendered_sst2|usps,cifar10|fashion_mnist|handwritten_digits|rendered_sst2,8,4,0.5,0.9074666535894076,0.9060266532739003,0.0014400003155072838,0.14044206977335333,0.9146666765213013,0.910962975025177,0.003703701496124312,5,5,10
clip_b32,eurosat,random,45,5,10,0.5,0,0.6666666666666666,0,0.6666666666666666,tiny_imagenet,tiny_imagenet,1,tiny_imagenet,tiny_imagenet,rendered_sst2,rendered_sst2,cifar100|cifar100_coarse|fashion_mnist|rendered_sst2|stl10,cifar100_shared_images|fashion_mnist|rendered_sst2|stl10,8,4,0.5,0.9074666535894076,0.9060266532739003,0.0014400003155072838,0.14044206977335333,0.9146666765213013,0.910962975025177,0.003703701496124312,5,5,10
clip_b32,eurosat,random,46,5,10,0.5,0,0.0,0,0.3333333333333333,tiny_imagenet,tiny_imagenet,1,tiny_imagenet,tiny_imagenet,mnist,handwritten_digits,cifar10|cifar100_coarse|mnist|svhn|usps,cifar10|cifar100_shared_images|handwritten_digits|svhn,8,4,0.5,0.9074666535894076,0.9018533167115848,0.005613336877822839,0.5474642199497107,0.9146666765213013,0.9080740928649902,0.006592583656311102,5,5,10
clip_b32,eurosat,random,47,5,10,0.5,1,1.0,1,1.0,tiny_imagenet,tiny_imagenet,1,tiny_imagenet,tiny_imagenet,tiny_imagenet,tiny_imagenet,cifar10|cifar100|rendered_sst2|svhn|tiny_imagenet,cifar10|cifar100_shared_images|rendered_sst2|svhn|tiny_imagenet,8,5,0.375,0.9074666535894076,0.9074666535894076,0.0,0.0,0.9146666765213013,0.9146666765213013,0.0,5,5,10
clip_b32,eurosat,random,48,5,10,0.5,1,0.6666666666666666,1,0.6666666666666666,tiny_imagenet,tiny_imagenet,1,tiny_imagenet,tiny_imagenet,tiny_imagenet,tiny_imagenet,cifar100|cifar100_coarse|fashion_mnist|stl10|tiny_imagenet,cifar100_shared_images|fashion_mnist|stl10|tiny_imagenet,8,4,0.5,0.9074666535894076,0.9074666535894076,0.0,0.0,0.9146666765213013,0.9146666765213013,0.0,5,5,10
clip_b32,eurosat,random,49,5,10,0.5,0,0.6666666666666666,0,0.6666666666666666,tiny_imagenet,tiny_imagenet,1,tiny_imagenet,tiny_imagenet,rendered_sst2,rendered_sst2,cifar10|cifar100|rendered_sst2|stl10|svhn,cifar10|cifar100_shared_images|rendered_sst2|stl10|svhn,8,5,0.375,0.9074666535894076,0.9060266532739003,0.0014400003155072838,0.14044206977335333,0.9146666765213013,0.910962975025177,0.003703701496124312,5,5,10
clip_b32,eurosat,random,50,5,10,0.5,0,0.6666666666666666,0,0.6666666666666666,tiny_imagenet,tiny_imagenet,1,tiny_imagenet,tiny_imagenet,rendered_sst2,rendered_sst2,cifar10|cifar100|cifar100_coarse|rendered_sst2|usps,cifar10|cifar100_shared_images|handwritten_digits|rendered_sst2,8,4,0.5,0.9074666535894076,0.9060266532739003,0.0014400003155072838,0.14044206977335333,0.9146666765213013,0.910962975025177,0.003703701496124312,5,5,10
clip_b32,eurosat,random,51,5,10,0.5,1,0.3333333333333333,1,0.3333333333333333,tiny_imagenet,tiny_imagenet,1,tiny_imagenet,tiny_imagenet,tiny_imagenet,tiny_imagenet,cifar10|fashion_mnist|stl10|tiny_imagenet|usps,cifar10|fashion_mnist|handwritten_digits|stl10|tiny_imagenet,8,5,0.375,0.9074666535894076,0.9074666535894076,0.0,0.0,0.9146666765213013,0.9146666765213013,0.0,5,5,10
clip_b32,eurosat,random,52,5,10,0.5,1,0.6666666666666666,1,0.6666666666666666,tiny_imagenet,tiny_imagenet,1,tiny_imagenet,tiny_imagenet,tiny_imagenet,tiny_imagenet,cifar10|cifar100|mnist|svhn|tiny_imagenet,cifar10|cifar100_shared_images|handwritten_digits|svhn|tiny_imagenet,8,5,0.375,0.9074666535894076,0.9074666535894076,0.0,0.0,0.9146666765213013,0.9146666765213013,0.0,5,5,10
clip_b32,eurosat,random,53,5,10,0.5,1,0.6666666666666666,1,0.6666666666666666,tiny_imagenet,tiny_imagenet,1,tiny_imagenet,tiny_imagenet,tiny_imagenet,tiny_imagenet,cifar100|mnist|stl10|svhn|tiny_imagenet,cifar100_shared_images|handwritten_digits|stl10|svhn|tiny_imagenet,8,5,0.375,0.9074666535894076,0.9074666535894076,0.0,0.0,0.9146666765213013,0.9146666765213013,0.0,5,5,10
clip_b32,eurosat,random,54,5,10,0.5,1,0.6666666666666666,1,0.6666666666666666,tiny_imagenet,tiny_imagenet,1,tiny_imagenet,tiny_imagenet,tiny_imagenet,tiny_imagenet,cifar10|cifar100|stl10|tiny_imagenet|usps,cifar10|cifar100_shared_images|handwritten_digits|stl10|tiny_imagenet,8,5,0.375,0.9074666535894076,0.9074666535894076,0.0,0.0,0.9146666765213013,0.9146666765213013,0.0,5,5,10
clip_b32,eurosat,random,55,5,10,0.5,1,0.6666666666666666,1,0.6666666666666666,tiny_imagenet,tiny_imagenet,1,tiny_imagenet,tiny_imagenet,tiny_imagenet,tiny_imagenet,fashion_mnist|mnist|rendered_sst2|tiny_imagenet|usps,fashion_mnist|handwritten_digits|rendered_sst2|tiny_imagenet,8,4,0.5,0.9074666535894076,0.9074666535894076,0.0,0.0,0.9146666765213013,0.9146666765213013,0.0,5,5,10
clip_b32,eurosat,random,56,5,10,0.5,1,0.6666666666666666,1,0.6666666666666666,tiny_imagenet,tiny_imagenet,1,tiny_imagenet,tiny_imagenet,tiny_imagenet,tiny_imagenet,cifar10|rendered_sst2|stl10|svhn|tiny_imagenet,cifar10|rendered_sst2|stl10|svhn|tiny_imagenet,8,5,0.375,0.9074666535894076,0.9074666535894076,0.0,0.0,0.9146666765213013,0.9146666765213013,0.0,5,5,10
clip_b32,eurosat,random,57,5,10,0.5,1,0.3333333333333333,1,0.6666666666666666,tiny_imagenet,tiny_imagenet,1,tiny_imagenet,tiny_imagenet,tiny_imagenet,tiny_imagenet,cifar100_coarse|fashion_mnist|mnist|stl10|tiny_imagenet,cifar100_shared_images|fashion_mnist|handwritten_digits|stl10|tiny_imagenet,8,5,0.375,0.9074666535894076,0.9074666535894076,0.0,0.0,0.9146666765213013,0.9146666765213013,0.0,5,5,10
clip_b32,eurosat,random,58,5,10,0.5,1,0.6666666666666666,1,0.6666666666666666,tiny_imagenet,tiny_imagenet,1,tiny_imagenet,tiny_imagenet,tiny_imagenet,tiny_imagenet,cifar10|mnist|rendered_sst2|tiny_imagenet|usps,cifar10|handwritten_digits|rendered_sst2|tiny_imagenet,8,4,0.5,0.9074666535894076,0.9074666535894076,0.0,0.0,0.9146666765213013,0.9146666765213013,0.0,5,5,10
clip_b32,eurosat,random,59,5,10,0.5,1,0.6666666666666666,1,0.6666666666666666,tiny_imagenet,tiny_imagenet,1,tiny_imagenet,tiny_imagenet,tiny_imagenet,tiny_imagenet,cifar10|cifar100|fashion_mnist|svhn|tiny_imagenet,cifar10|cifar100_shared_images|fashion_mnist|svhn|tiny_imagenet,8,5,0.375,0.9074666535894076,0.9074666535894076,0.0,0.0,0.9146666765213013,0.9146666765213013,0.0,5,5,10
clip_b32,eurosat,random,60,5,10,0.5,0,0.3333333333333333,0,0.3333333333333333,tiny_imagenet,tiny_imagenet,1,tiny_imagenet,tiny_imagenet,rendered_sst2,rendered_sst2,cifar10|fashion_mnist|mnist|rendered_sst2|usps,cifar10|fashion_mnist|handwritten_digits|rendered_sst2,8,4,0.5,0.9074666535894076,0.9060266532739003,0.0014400003155072838,0.14044206977335333,0.9146666765213013,0.910962975025177,0.003703701496124312,5,5,10
clip_b32,eurosat,random,61,5,10,0.5,0,0.6666666666666666,0,0.6666666666666666,tiny_imagenet,tiny_imagenet,1,tiny_imagenet,tiny_imagenet,rendered_sst2,rendered_sst2,cifar100|mnist|rendered_sst2|stl10|usps,cifar100_shared_images|handwritten_digits|rendered_sst2|stl10,8,4,0.5,0.9074666535894076,0.9060266532739003,0.0014400003155072838,0.14044206977335333,0.9146666765213013,0.910962975025177,0.003703701496124312,5,5,10
clip_b32,eurosat,random,62,5,10,0.5,1,0.6666666666666666,1,0.6666666666666666,tiny_imagenet,tiny_imagenet,1,tiny_imagenet,tiny_imagenet,tiny_imagenet,tiny_imagenet,cifar100|cifar100_coarse|fashion_mnist|tiny_imagenet|usps,cifar100_shared_images|fashion_mnist|handwritten_digits|tiny_imagenet,8,4,0.5,0.9074666535894076,0.9074666535894076,0.0,0.0,0.9146666765213013,0.9146666765213013,0.0,5,5,10
clip_b32,eurosat,random,63,5,10,0.5,0,0.3333333333333333,0,0.3333333333333333,tiny_imagenet,tiny_imagenet,1,tiny_imagenet,tiny_imagenet,cifar100,cifar100_shared_images,cifar10|cifar100|cifar100_coarse|fashion_mnist|usps,cifar10|cifar100_shared_images|fashion_mnist|handwritten_digits,8,4,0.5,0.9074666535894076,0.902959988518556,0.004506665070851623,0.4395314108682753,0.9146666765213013,0.9094074010848999,0.005259275436401367,5,5,10
clip_b32,eurosat,random,64,5,10,0.5,1,0.3333333333333333,1,0.6666666666666666,tiny_imagenet,tiny_imagenet,1,tiny_imagenet,tiny_imagenet,tiny_imagenet,tiny_imagenet,cifar10|cifar100_coarse|stl10|tiny_imagenet|usps,cifar10|cifar100_shared_images|handwritten_digits|stl10|tiny_imagenet,8,5,0.375,0.9074666535894076,0.9074666535894076,0.0,0.0,0.9146666765213013,0.9146666765213013,0.0,5,5,10
clip_b32,eurosat,random,65,5,10,0.5,1,0.6666666666666666,1,1.0,tiny_imagenet,tiny_imagenet,1,tiny_imagenet,tiny_imagenet,tiny_imagenet,tiny_imagenet,cifar10|cifar100_coarse|rendered_sst2|svhn|tiny_imagenet,cifar10|cifar100_shared_images|rendered_sst2|svhn|tiny_imagenet,8,5,0.375,0.9074666535894076,0.9074666535894076,0.0,0.0,0.9146666765213013,0.9146666765213013,0.0,5,5,10
clip_b32,eurosat,random,66,5,10,0.5,0,0.3333333333333333,0,0.3333333333333333,tiny_imagenet,tiny_imagenet,1,tiny_imagenet,tiny_imagenet,rendered_sst2,rendered_sst2,cifar10|fashion_mnist|rendered_sst2|stl10|usps,cifar10|fashion_mnist|handwritten_digits|rendered_sst2|stl10,8,5,0.375,0.9074666535894076,0.9060266532739003,0.0014400003155072838,0.14044206977335333,0.9146666765213013,0.910962975025177,0.003703701496124312,5,5,10
clip_b32,eurosat,random,67,5,10,0.5,1,0.6666666666666666,1,0.6666666666666666,tiny_imagenet,tiny_imagenet,1,tiny_imagenet,tiny_imagenet,tiny_imagenet,tiny_imagenet,cifar10|cifar100|cifar100_coarse|fashion_mnist|tiny_imagenet,cifar10|cifar100_shared_images|fashion_mnist|tiny_imagenet,8,4,0.5,0.9074666535894076,0.9074666535894076,0.0,0.0,0.9146666765213013,0.9146666765213013,0.0,5,5,10
clip_b32,eurosat,random,68,5,10,0.5,0,0.3333333333333333,0,0.3333333333333333,tiny_imagenet,tiny_imagenet,1,tiny_imagenet,tiny_imagenet,rendered_sst2,rendered_sst2,cifar10|fashion_mnist|rendered_sst2|stl10|svhn,cifar10|fashion_mnist|rendered_sst2|stl10|svhn,8,5,0.375,0.9074666535894076,0.9060266532739003,0.0014400003155072838,0.14044206977335333,0.9146666765213013,0.910962975025177,0.003703701496124312,5,5,10
clip_b32,eurosat,random,69,5,10,0.5,1,0.3333333333333333,1,0.3333333333333333,tiny_imagenet,tiny_imagenet,1,tiny_imagenet,tiny_imagenet,tiny_imagenet,tiny_imagenet,fashion_mnist|mnist|stl10|tiny_imagenet|usps,fashion_mnist|handwritten_digits|stl10|tiny_imagenet,8,4,0.5,0.9074666535894076,0.9074666535894076,0.0,0.0,0.9146666765213013,0.9146666765213013,0.0,5,5,10
clip_b32,eurosat,random,70,5,10,0.5,1,0.6666666666666666,1,0.6666666666666666,tiny_imagenet,tiny_imagenet,1,tiny_imagenet,tiny_imagenet,tiny_imagenet,tiny_imagenet,cifar10|rendered_sst2|svhn|tiny_imagenet|usps,cifar10|handwritten_digits|rendered_sst2|svhn|tiny_imagenet,8,5,0.375,0.9074666535894076,0.9074666535894076,0.0,0.0,0.9146666765213013,0.9146666765213013,0.0,5,5,10
clip_b32,eurosat,random,71,5,10,0.5,0,0.3333333333333333,0,0.3333333333333333,tiny_imagenet,tiny_imagenet,1,tiny_imagenet,tiny_imagenet,rendered_sst2,rendered_sst2,cifar10|mnist|rendered_sst2|stl10|usps,cifar10|handwritten_digits|rendered_sst2|stl10,8,4,0.5,0.9074666535894076,0.9060266532739003,0.0014400003155072838,0.14044206977335333,0.9146666765213013,0.910962975025177,0.003703701496124312,5,5,10
clip_b32,eurosat,random,72,5,10,0.5,0,0.3333333333333333,0,0.6666666666666666,tiny_imagenet,tiny_imagenet,1,tiny_imagenet,tiny_imagenet,rendered_sst2,rendered_sst2,cifar100_coarse|fashion_mnist|mnist|rendered_sst2|svhn,cifar100_shared_images|fashion_mnist|handwritten_digits|rendered_sst2|svhn,8,5,0.375,0.9074666535894076,0.9060266532739003,0.0014400003155072838,0.14044206977335333,0.9146666765213013,0.910962975025177,0.003703701496124312,5,5,10
clip_b32,eurosat,random,73,5,10,0.5,0,0.0,0,0.0,tiny_imagenet,tiny_imagenet,1,tiny_imagenet,tiny_imagenet,mnist,handwritten_digits,cifar10|fashion_mnist|mnist|stl10|usps,cifar10|fashion_mnist|handwritten_digits|stl10,8,4,0.5,0.9074666535894076,0.9018533167115848,0.005613336877822839,0.5474642199497107,0.9146666765213013,0.9080740928649902,0.006592583656311102,5,5,10
clip_b32,eurosat,random,74,5,10,0.5,0,0.6666666666666666,0,0.6666666666666666,tiny_imagenet,tiny_imagenet,1,tiny_imagenet,tiny_imagenet,rendered_sst2,rendered_sst2,cifar100|fashion_mnist|rendered_sst2|svhn|usps,cifar100_shared_images|fashion_mnist|handwritten_digits|rendered_sst2|svhn,8,5,0.375,0.9074666535894076,0.9060266532739003,0.0014400003155072838,0.14044206977335333,0.9146666765213013,0.910962975025177,0.003703701496124312,5,5,10
clip_b32,eurosat,random,75,5,10,0.5,0,0.3333333333333333,0,0.6666666666666666,tiny_imagenet,tiny_imagenet,1,tiny_imagenet,tiny_imagenet,rendered_sst2,rendered_sst2,cifar10|cifar100_coarse|rendered_sst2|stl10|svhn,cifar10|cifar100_shared_images|rendered_sst2|stl10|svhn,8,5,0.375,0.9074666535894076,0.9060266532739003,0.0014400003155072838,0.14044206977335333,0.9146666765213013,0.910962975025177,0.003703701496124312,5,5,10
clip_b32,eurosat,random,76,5,10,0.5,1,0.3333333333333333,1,0.3333333333333333,tiny_imagenet,tiny_imagenet,1,tiny_imagenet,tiny_imagenet,tiny_imagenet,tiny_imagenet,fashion_mnist|mnist|stl10|tiny_imagenet|usps,fashion_mnist|handwritten_digits|stl10|tiny_imagenet,8,4,0.5,0.9074666535894076,0.9074666535894076,0.0,0.0,0.9146666765213013,0.9146666765213013,0.0,5,5,10
clip_b32,eurosat,random,77,5,10,0.5,1,1.0,1,1.0,tiny_imagenet,tiny_imagenet,1,tiny_imagenet,tiny_imagenet,tiny_imagenet,tiny_imagenet,cifar100|cifar100_coarse|rendered_sst2|tiny_imagenet|usps,cifar100_shared_images|handwritten_digits|rendered_sst2|tiny_imagenet,8,4,0.5,0.9074666535894076,0.9074666535894076,0.0,0.0,0.9146666765213013,0.9146666765213013,0.0,5,5,10
clip_b32,eurosat,random,78,5,10,0.5,0,0.6666666666666666,0,0.6666666666666666,tiny_imagenet,tiny_imagenet,1,tiny_imagenet,tiny_imagenet,rendered_sst2,rendered_sst2,cifar100|cifar100_coarse|rendered_sst2|svhn|usps,cifar100_shared_images|handwritten_digits|rendered_sst2|svhn,8,4,0.5,0.9074666535894076,0.9060266532739003,0.0014400003155072838,0.14044206977335333,0.9146666765213013,0.910962975025177,0.003703701496124312,5,5,10
clip_b32,eurosat,random,79,5,10,0.5,0,0.0,0,0.3333333333333333,tiny_imagenet,tiny_imagenet,1,tiny_imagenet,tiny_imagenet,fashion_mnist,fashion_mnist,cifar10|cifar100_coarse|fashion_mnist|svhn|usps,cifar10|cifar100_shared_images|fashion_mnist|handwritten_digits|svhn,8,5,0.375,0.9074666535894076,0.8996533150951066,0.007813338494300992,0.7620286038568559,0.9146666765213013,0.9065185189247131,0.008148157596588157,5,5,10
clip_b32,eurosat,random,80,5,10,0.5,0,0.3333333333333333,0,0.3333333333333333,tiny_imagenet,tiny_imagenet,1,tiny_imagenet,tiny_imagenet,cifar100,cifar100_shared_images,cifar100|cifar100_coarse|stl10|svhn|usps,cifar100_shared_images|handwritten_digits|stl10|svhn,8,4,0.5,0.9074666535894076,0.902959988518556,0.004506665070851623,0.4395314108682753,0.9146666765213013,0.9094074010848999,0.005259275436401367,5,5,10
clip_b32,eurosat,random,81,5,10,0.5,1,0.6666666666666666,1,1.0,tiny_imagenet,tiny_imagenet,1,tiny_imagenet,tiny_imagenet,tiny_imagenet,tiny_imagenet,cifar10|cifar100_coarse|fashion_mnist|rendered_sst2|tiny_imagenet,cifar10|cifar100_shared_images|fashion_mnist|rendered_sst2|tiny_imagenet,8,5,0.375,0.9074666535894076,0.9074666535894076,0.0,0.0,0.9146666765213013,0.9146666765213013,0.0,5,5,10
clip_b32,eurosat,random,82,5,10,0.5,1,0.3333333333333333,1,0.3333333333333333,tiny_imagenet,tiny_imagenet,1,tiny_imagenet,tiny_imagenet,tiny_imagenet,tiny_imagenet,cifar10|fashion_mnist|stl10|svhn|tiny_imagenet,cifar10|fashion_mnist|stl10|svhn|tiny_imagenet,8,5,0.375,0.9074666535894076,0.9074666535894076,0.0,0.0,0.9146666765213013,0.9146666765213013,0.0,5,5,10
clip_b32,eurosat,random,83,5,10,0.5,0,0.3333333333333333,0,0.6666666666666666,tiny_imagenet,tiny_imagenet,1,tiny_imagenet,tiny_imagenet,rendered_sst2,rendered_sst2,cifar10|cifar100_coarse|rendered_sst2|svhn|usps,cifar10|cifar100_shared_images|handwritten_digits|rendered_sst2|svhn,8,5,0.375,0.9074666535894076,0.9060266532739003,0.0014400003155072838,0.14044206977335333,0.9146666765213013,0.910962975025177,0.003703701496124312,5,5,10
clip_b32,eurosat,random,84,5,10,0.5,0,0.0,0,0.3333333333333333,tiny_imagenet,tiny_imagenet,1,tiny_imagenet,tiny_imagenet,mnist,handwritten_digits,cifar100_coarse|fashion_mnist|mnist|stl10|usps,cifar100_shared_images|fashion_mnist|handwritten_digits|stl10,8,4,0.5,0.9074666535894076,0.9018533167115848,0.005613336877822839,0.5474642199497107,0.9146666765213013,0.9080740928649902,0.006592583656311102,5,5,10
clip_b32,eurosat,random,85,5,10,0.5,1,0.6666666666666666,1,1.0,tiny_imagenet,tiny_imagenet,1,tiny_imagenet,tiny_imagenet,tiny_imagenet,tiny_imagenet,cifar10|cifar100_coarse|mnist|rendered_sst2|tiny_imagenet,cifar10|cifar100_shared_images|handwritten_digits|rendered_sst2|tiny_imagenet,8,5,0.375,0.9074666535894076,0.9074666535894076,0.0,0.0,0.9146666765213013,0.9146666765213013,0.0,5,5,10
clip_b32,eurosat,random,86,5,10,0.5,1,1.0,1,1.0,tiny_imagenet,tiny_imagenet,1,tiny_imagenet,tiny_imagenet,tiny_imagenet,tiny_imagenet,cifar100|fashion_mnist|rendered_sst2|stl10|tiny_imagenet,cifar100_shared_images|fashion_mnist|rendered_sst2|stl10|tiny_imagenet,8,5,0.375,0.9074666535894076,0.9074666535894076,0.0,0.0,0.9146666765213013,0.9146666765213013,0.0,5,5,10
clip_b32,eurosat,random,87,5,10,0.5,0,0.6666666666666666,0,0.6666666666666666,tiny_imagenet,tiny_imagenet,1,tiny_imagenet,tiny_imagenet,rendered_sst2,rendered_sst2,cifar10|cifar100|fashion_mnist|rendered_sst2|usps,cifar10|cifar100_shared_images|fashion_mnist|handwritten_digits|rendered_sst2,8,5,0.375,0.9074666535894076,0.9060266532739003,0.0014400003155072838,0.14044206977335333,0.9146666765213013,0.910962975025177,0.003703701496124312,5,5,10
clip_b32,eurosat,random,88,5,10,0.5,1,0.6666666666666666,1,0.6666666666666666,tiny_imagenet,tiny_imagenet,1,tiny_imagenet,tiny_imagenet,tiny_imagenet,tiny_imagenet,cifar100|cifar100_coarse|stl10|tiny_imagenet|usps,cifar100_shared_images|handwritten_digits|stl10|tiny_imagenet,8,4,0.5,0.9074666535894076,0.9074666535894076,0.0,0.0,0.9146666765213013,0.9146666765213013,0.0,5,5,10
clip_b32,eurosat,random,89,5,10,0.5,0,0.0,0,0.3333333333333333,tiny_imagenet,tiny_imagenet,1,tiny_imagenet,tiny_imagenet,fashion_mnist,fashion_mnist,cifar10|cifar100_coarse|fashion_mnist|svhn|usps,cifar10|cifar100_shared_images|fashion_mnist|handwritten_digits|svhn,8,5,0.375,0.9074666535894076,0.8996533150951066,0.007813338494300992,0.7620286038568559,0.9146666765213013,0.9065185189247131,0.008148157596588157,5,5,10
clip_b32,eurosat,random,90,5,10,0.5,0,0.3333333333333333,0,0.6666666666666666,tiny_imagenet,tiny_imagenet,1,tiny_imagenet,tiny_imagenet,rendered_sst2,rendered_sst2,cifar10|cifar100_coarse|fashion_mnist|rendered_sst2|svhn,cifar10|cifar100_shared_images|fashion_mnist|rendered_sst2|svhn,8,5,0.375,0.9074666535894076,0.9060266532739003,0.0014400003155072838,0.14044206977335333,0.9146666765213013,0.910962975025177,0.003703701496124312,5,5,10
clip_b32,eurosat,random,91,5,10,0.5,1,0.3333333333333333,1,0.6666666666666666,tiny_imagenet,tiny_imagenet,1,tiny_imagenet,tiny_imagenet,tiny_imagenet,tiny_imagenet,cifar100_coarse|fashion_mnist|mnist|tiny_imagenet|usps,cifar100_shared_images|fashion_mnist|handwritten_digits|tiny_imagenet,8,4,0.5,0.9074666535894076,0.9074666535894076,0.0,0.0,0.9146666765213013,0.9146666765213013,0.0,5,5,10
clip_b32,eurosat,random,92,5,10,0.5,0,0.3333333333333333,0,0.3333333333333333,tiny_imagenet,tiny_imagenet,1,tiny_imagenet,tiny_imagenet,rendered_sst2,rendered_sst2,cifar10|mnist|rendered_sst2|stl10|svhn,cifar10|handwritten_digits|rendered_sst2|stl10|svhn,8,5,0.375,0.9074666535894076,0.9060266532739003,0.0014400003155072838,0.14044206977335333,0.9146666765213013,0.910962975025177,0.003703701496124312,5,5,10
clip_b32,eurosat,random,93,5,10,0.5,0,0.0,0,0.0,tiny_imagenet,tiny_imagenet,1,tiny_imagenet,tiny_imagenet,mnist,handwritten_digits,fashion_mnist|mnist|stl10|svhn|usps,fashion_mnist|handwritten_digits|stl10|svhn,8,4,0.5,0.9074666535894076,0.9018533167115848,0.005613336877822839,0.5474642199497107,0.9146666765213013,0.9080740928649902,0.006592583656311102,5,5,10
clip_b32,eurosat,random,94,5,10,0.5,1,0.3333333333333333,1,0.6666666666666666,tiny_imagenet,tiny_imagenet,1,tiny_imagenet,tiny_imagenet,tiny_imagenet,tiny_imagenet,cifar10|cifar100_coarse|fashion_mnist|mnist|tiny_imagenet,cifar10|cifar100_shared_images|fashion_mnist|handwritten_digits|tiny_imagenet,8,5,0.375,0.9074666535894076,0.9074666535894076,0.0,0.0,0.9146666765213013,0.9146666765213013,0.0,5,5,10
clip_b32,eurosat,random,95,5,10,0.5,1,0.3333333333333333,1,0.6666666666666666,tiny_imagenet,tiny_imagenet,1,tiny_imagenet,tiny_imagenet,tiny_imagenet,tiny_imagenet,cifar100_coarse|fashion_mnist|mnist|stl10|tiny_imagenet,cifar100_shared_images|fashion_mnist|handwritten_digits|stl10|tiny_imagenet,8,5,0.375,0.9074666535894076,0.9074666535894076,0.0,0.0,0.9146666765213013,0.9146666765213013,0.0,5,5,10
clip_b32,eurosat,random,96,5,10,0.5,1,0.6666666666666666,1,0.6666666666666666,tiny_imagenet,tiny_imagenet,1,tiny_imagenet,tiny_imagenet,tiny_imagenet,tiny_imagenet,cifar100|fashion_mnist|stl10|tiny_imagenet|usps,cifar100_shared_images|fashion_mnist|handwritten_digits|stl10|tiny_imagenet,8,5,0.375,0.9074666535894076,0.9074666535894076,0.0,0.0,0.9146666765213013,0.9146666765213013,0.0,5,5,10
clip_b32,eurosat,random,97,5,10,0.5,0,0.3333333333333333,0,0.3333333333333333,tiny_imagenet,tiny_imagenet,1,tiny_imagenet,tiny_imagenet,cifar100,cifar100_shared_images,cifar10|cifar100|mnist|stl10|usps,cifar10|cifar100_shared_images|handwritten_digits|stl10,8,4,0.5,0.9074666535894076,0.902959988518556,0.004506665070851623,0.4395314108682753,0.9146666765213013,0.9094074010848999,0.005259275436401367,5,5,10
clip_b32,eurosat,random,98,5,10,0.5,1,0.6666666666666666,1,0.6666666666666666,tiny_imagenet,tiny_imagenet,1,tiny_imagenet,tiny_imagenet,tiny_imagenet,tiny_imagenet,cifar100|cifar100_coarse|fashion_mnist|svhn|tiny_imagenet,cifar100_shared_images|fashion_mnist|svhn|tiny_imagenet,8,4,0.5,0.9074666535894076,0.9074666535894076,0.0,0.0,0.9146666765213013,0.9146666765213013,0.0,5,5,10
clip_b32,eurosat,random,99,5,10,0.5,1,0.6666666666666666,1,0.6666666666666666,tiny_imagenet,tiny_imagenet,1,tiny_imagenet,tiny_imagenet,tiny_imagenet,tiny_imagenet,cifar100|fashion_mnist|stl10|tiny_imagenet|usps,cifar100_shared_images|fashion_mnist|handwritten_digits|stl10|tiny_imagenet,8,5,0.375,0.9074666535894076,0.9074666535894076,0.0,0.0,0.9146666765213013,0.9146666765213013,0.0,5,5,10
clip_b32,flowers102,rank_only,-1,3,10,0.7,0,0.3333333333333333,0,0.3333333333333333,cifar100,cifar100,1,cifar100_shared_images,cifar100_shared_images,tiny_imagenet,tiny_imagenet,rendered_sst2|tiny_imagenet|stl10,rendered_sst2|stl10|tiny_imagenet,8,3,0.625,0.8360131406784056,0.8319608521461486,0.004052288532257031,0.16103900459850562,0.8469199538230896,0.8476799845695495,-0.0007600307464599165,5,3,10
clip_b32,flowers102,facility_subspace,-1,3,10,0.7,1,0.3333333333333333,1,0.6666666666666666,cifar100,cifar100,1,cifar100_shared_images,cifar100_shared_images,cifar100,cifar100_shared_images,cifar100|usps|rendered_sst2,cifar100_shared_images|handwritten_digits|rendered_sst2,8,3,0.625,0.8360131406784056,0.8360131406784056,0.0,0.0,0.8469199538230896,0.8469199538230896,0.0,5,3,10
clip_b32,flowers102,kcenter_subspace,-1,3,10,0.7,0,0.3333333333333333,0,0.3333333333333333,cifar100,cifar100,1,cifar100_shared_images,cifar100_shared_images,mnist,handwritten_digits,rendered_sst2|stl10|mnist,handwritten_digits|rendered_sst2|stl10,8,3,0.625,0.8360131406784056,0.825817060470581,0.010196080207824587,0.4051948903451005,0.8469199538230896,0.8370399713516236,0.009879982471466042,5,3,10
clip_b32,flowers102,dpp_subspace,-1,3,10,0.7,0,0.3333333333333333,0,0.3333333333333333,cifar100,cifar100,1,cifar100_shared_images,cifar100_shared_images,tiny_imagenet,tiny_imagenet,rendered_sst2|tiny_imagenet|stl10,rendered_sst2|stl10|tiny_imagenet,8,3,0.625,0.8360131406784056,0.8319608521461486,0.004052288532257031,0.16103900459850562,0.8469199538230896,0.8476799845695495,-0.0007600307464599165,5,3,10
clip_b32,flowers102,pool_vendi_subspace,-1,3,10,0.7,0,0.3333333333333333,0,0.3333333333333333,cifar100,cifar100,1,cifar100_shared_images,cifar100_shared_images,mnist,handwritten_digits,rendered_sst2|stl10|mnist,handwritten_digits|rendered_sst2|stl10,8,3,0.625,0.8360131406784056,0.825817060470581,0.010196080207824587,0.4051948903451005,0.8469199538230896,0.8370399713516236,0.009879982471466042,5,3,10
clip_b32,flowers102,full_merged_rank,-1,3,10,0.7,0,0.3333333333333333,0,0.3333333333333333,cifar100,cifar100,1,cifar100_shared_images,cifar100_shared_images,tiny_imagenet,tiny_imagenet,rendered_sst2|tiny_imagenet|stl10,rendered_sst2|stl10|tiny_imagenet,8,3,0.625,0.8360131406784056,0.8319608521461486,0.004052288532257031,0.16103900459850562,0.8469199538230896,0.8476799845695495,-0.0007600307464599165,5,3,10
clip_b32,flowers102,random,0,3,10,0.7,1,0.6666666666666666,1,0.6666666666666666,cifar100,cifar100,1,cifar100_shared_images,cifar100_shared_images,cifar100,cifar100_shared_images,cifar10|cifar100|tiny_imagenet,cifar10|cifar100_shared_images|tiny_imagenet,8,3,0.625,0.8360131406784056,0.8360131406784056,0.0,0.0,0.8469199538230896,0.8469199538230896,0.0,5,3,10
clip_b32,flowers102,random,1,3,10,0.7,0,0.0,1,0.3333333333333333,cifar100,cifar100,1,cifar100_shared_images,cifar100_shared_images,cifar10,cifar10,cifar10|cifar100_coarse|fashion_mnist,cifar10|cifar100_shared_images|fashion_mnist,8,3,0.625,0.8360131406784056,0.8221569307645161,0.013856209913889472,0.5506494007715371,0.8469199538230896,0.8387999534606934,0.00812000036239624,5,3,10
clip_b32,flowers102,random,2,3,10,0.7,1,0.3333333333333333,1,0.3333333333333333,cifar100,cifar100,1,cifar100_shared_images,cifar100_shared_images,cifar100,cifar100_shared_images,cifar100|rendered_sst2|stl10,cifar100_shared_images|rendered_sst2|stl10,8,3,0.625,0.8360131406784056,0.8360131406784056,0.0,0.0,0.8469199538230896,0.8469199538230896,0.0,5,3,10
clip_b32,flowers102,random,3,3,10,0.7,1,0.3333333333333333,1,0.3333333333333333,cifar100,cifar100,1,cifar100_shared_images,cifar100_shared_images,cifar100,cifar100_shared_images,cifar100|fashion_mnist|svhn,cifar100_shared_images|fashion_mnist|svhn,8,3,0.625,0.8360131406784056,0.8360131406784056,0.0,0.0,0.8469199538230896,0.8469199538230896,0.0,5,3,10
clip_b32,flowers102,random,4,3,10,0.7,0,0.3333333333333333,1,1.0,cifar100,cifar100,1,cifar100_shared_images,cifar100_shared_images,tiny_imagenet,tiny_imagenet,cifar100_coarse|tiny_imagenet|usps,cifar100_shared_images|handwritten_digits|tiny_imagenet,8,3,0.625,0.8360131406784056,0.8319608521461486,0.004052288532257031,0.16103900459850562,0.8469199538230896,0.8476799845695495,-0.0007600307464599165,5,3,10
clip_b32,flowers102,random,5,3,10,0.7,1,0.3333333333333333,1,0.6666666666666666,cifar100,cifar100,1,cifar100_shared_images,cifar100_shared_images,cifar100,cifar100_shared_images,cifar100|stl10|usps,cifar100_shared_images|handwritten_digits|stl10,8,3,0.625,0.8360131406784056,0.8360131406784056,0.0,0.0,0.8469199538230896,0.8469199538230896,0.0,5,3,10
clip_b32,flowers102,random,6,3,10,0.7,0,0.3333333333333333,0,0.3333333333333333,cifar100,cifar100,1,cifar100_shared_images,cifar100_shared_images,mnist,handwritten_digits,cifar10|fashion_mnist|mnist,cifar10|fashion_mnist|handwritten_digits,8,3,0.625,0.8360131406784056,0.825817060470581,0.010196080207824587,0.4051948903451005,0.8469199538230896,0.8370399713516236,0.009879982471466042,5,3,10
clip_b32,flowers102,random,7,3,10,0.7,0,0.3333333333333333,1,0.6666666666666666,cifar100,cifar100,1,cifar100_shared_images,cifar100_shared_images,mnist,handwritten_digits,cifar100_coarse|fashion_mnist|mnist,cifar100_shared_images|fashion_mnist|handwritten_digits,8,3,0.625,0.8360131406784056,0.825817060470581,0.010196080207824587,0.4051948903451005,0.8469199538230896,0.8370399713516236,0.009879982471466042,5,3,10
clip_b32,flowers102,random,8,3,10,0.7,0,0.0,0,0.3333333333333333,cifar100,cifar100,1,cifar100_shared_images,cifar100_shared_images,cifar10,cifar10,cifar10|svhn|usps,cifar10|handwritten_digits|svhn,8,3,0.625,0.8360131406784056,0.8221569307645161,0.013856209913889472,0.5506494007715371,0.8469199538230896,0.8387999534606934,0.00812000036239624,5,3,10
clip_b32,flowers102,random,9,3,10,0.7,1,1.0,1,1.0,cifar100,cifar100,1,cifar100_shared_images,cifar100_shared_images,cifar100,cifar100_shared_images,cifar100|mnist|tiny_imagenet,cifar100_shared_images|handwritten_digits|tiny_imagenet,8,3,0.625,0.8360131406784056,0.8360131406784056,0.0,0.0,0.8469199538230896,0.8469199538230896,0.0,5,3,10
clip_b32,flowers102,random,10,3,10,0.7,0,0.6666666666666666,0,0.6666666666666666,cifar100,cifar100,1,cifar100_shared_images,cifar100_shared_images,tiny_imagenet,tiny_imagenet,fashion_mnist|mnist|tiny_imagenet,fashion_mnist|handwritten_digits|tiny_imagenet,8,3,0.625,0.8360131406784056,0.8319608521461486,0.004052288532257031,0.16103900459850562,0.8469199538230896,0.8476799845695495,-0.0007600307464599165,5,3,10
clip_b32,flowers102,random,11,3,10,0.7,0,0.6666666666666666,0,0.6666666666666666,cifar100,cifar100,1,cifar100_shared_images,cifar100_shared_images,tiny_imagenet,tiny_imagenet,mnist|tiny_imagenet|usps,handwritten_digits|tiny_imagenet,8,2,0.75,0.8360131406784056,0.8319608521461486,0.004052288532257031,0.16103900459850562,0.8469199538230896,0.8476799845695495,-0.0007600307464599165,5,3,10
clip_b32,flowers102,random,12,3,10,0.7,1,0.3333333333333333,1,0.3333333333333333,cifar100,cifar100,1,cifar100_shared_images,cifar100_shared_images,cifar100,cifar100_shared_images,cifar100|rendered_sst2|svhn,cifar100_shared_images|rendered_sst2|svhn,8,3,0.625,0.8360131406784056,0.8360131406784056,0.0,0.0,0.8469199538230896,0.8469199538230896,0.0,5,3,10
clip_b32,flowers102,random,13,3,10,0.7,0,0.6666666666666666,0,0.6666666666666666,cifar100,cifar100,1,cifar100_shared_images,cifar100_shared_images,tiny_imagenet,tiny_imagenet,fashion_mnist|mnist|tiny_imagenet,fashion_mnist|handwritten_digits|tiny_imagenet,8,3,0.625,0.8360131406784056,0.8319608521461486,0.004052288532257031,0.16103900459850562,0.8469199538230896,0.8476799845695495,-0.0007600307464599165,5,3,10
clip_b32,flowers102,random,14,3,10,0.7,1,0.6666666666666666,1,0.6666666666666666,cifar100,cifar100,1,cifar100_shared_images,cifar100_shared_images,cifar100,cifar100_shared_images,cifar100|mnist|rendered_sst2,cifar100_shared_images|handwritten_digits|rendered_sst2,8,3,0.625,0.8360131406784056,0.8360131406784056,0.0,0.0,0.8469199538230896,0.8469199538230896,0.0,5,3,10
clip_b32,flowers102,random,15,3,10,0.7,0,0.0,1,0.3333333333333333,cifar100,cifar100,1,cifar100_shared_images,cifar100_shared_images,cifar100_coarse,cifar100_shared_images,cifar100_coarse|fashion_mnist|svhn,cifar100_shared_images|fashion_mnist|svhn,8,3,0.625,0.8360131406784056,0.8173203301429748,0.018692810535430815,0.7428571726351346,0.8469199538230896,0.8321199655532837,0.014799988269805886,5,3,10
clip_b32,flowers102,random,16,3,10,0.7,0,0.0,1,0.3333333333333333,cifar100,cifar100,1,cifar100_shared_images,cifar100_shared_images,cifar10,cifar10,cifar10|cifar100_coarse|rendered_sst2,cifar10|cifar100_shared_images|rendered_sst2,8,3,0.625,0.8360131406784056,0.8221569307645161,0.013856209913889472,0.5506494007715371,0.8469199538230896,0.8387999534606934,0.00812000036239624,5,3,10
clip_b32,flowers102,random,17,3,10,0.7,1,0.6666666666666666,1,0.6666666666666666,cifar100,cifar100,1,cifar100_shared_images,cifar100_shared_images,cifar100,cifar100_shared_images,cifar100|rendered_sst2|tiny_imagenet,cifar100_shared_images|rendered_sst2|tiny_imagenet,8,3,0.625,0.8360131406784056,0.8360131406784056,0.0,0.0,0.8469199538230896,0.8469199538230896,0.0,5,3,10
clip_b32,flowers102,random,18,3,10,0.7,0,0.6666666666666666,0,0.6666666666666666,cifar100,cifar100,1,cifar100_shared_images,cifar100_shared_images,tiny_imagenet,tiny_imagenet,fashion_mnist|mnist|tiny_imagenet,fashion_mnist|handwritten_digits|tiny_imagenet,8,3,0.625,0.8360131406784056,0.8319608521461486,0.004052288532257031,0.16103900459850562,0.8469199538230896,0.8476799845695495,-0.0007600307464599165,5,3,10
clip_b32,flowers102,random,19,3,10,0.7,1,0.3333333333333333,1,0.3333333333333333,cifar100,cifar100,1,cifar100_shared_images,cifar100_shared_images,cifar100,cifar100_shared_images,cifar100|cifar100_coarse|svhn,cifar100_shared_images|svhn,8,2,0.75,0.8360131406784056,0.8360131406784056,0.0,0.0,0.8469199538230896,0.8469199538230896,0.0,5,3,10
clip_b32,flowers102,random,20,3,10,0.7,0,0.3333333333333333,1,0.6666666666666666,cifar100,cifar100,1,cifar100_shared_images,cifar100_shared_images,mnist,handwritten_digits,cifar100_coarse|mnist|usps,cifar100_shared_images|handwritten_digits,8,2,0.75,0.8360131406784056,0.825817060470581,0.010196080207824587,0.4051948903451005,0.8469199538230896,0.8370399713516236,0.009879982471466042,5,3,10
clip_b32,flowers102,random,21,3,10,0.7,0,0.3333333333333333,0,0.3333333333333333,cifar100,cifar100,1,cifar100_shared_images,cifar100_shared_images,mnist,handwritten_digits,mnist|rendered_sst2|usps,handwritten_digits|rendered_sst2,8,2,0.75,0.8360131406784056,0.825817060470581,0.010196080207824587,0.4051948903451005,0.8469199538230896,0.8370399713516236,0.009879982471466042,5,3,10
clip_b32,flowers102,random,22,3,10,0.7,1,0.6666666666666666,1,0.6666666666666666,cifar100,cifar100,1,cifar100_shared_images,cifar100_shared_images,cifar100,cifar100_shared_images,cifar100|mnist|stl10,cifar100_shared_images|handwritten_digits|stl10,8,3,0.625,0.8360131406784056,0.8360131406784056,0.0,0.0,0.8469199538230896,0.8469199538230896,0.0,5,3,10
clip_b32,flowers102,random,23,3,10,0.7,1,0.6666666666666666,1,0.6666666666666666,cifar100,cifar100,1,cifar100_shared_images,cifar100_shared_images,cifar100,cifar100_shared_images,cifar100|stl10|tiny_imagenet,cifar100_shared_images|stl10|tiny_imagenet,8,3,0.625,0.8360131406784056,0.8360131406784056,0.0,0.0,0.8469199538230896,0.8469199538230896,0.0,5,3,10
clip_b32,flowers102,random,24,3,10,0.7,0,0.0,0,0.0,cifar100,cifar100,1,cifar100_shared_images,cifar100_shared_images,stl10,stl10,cifar10|rendered_sst2|stl10,cifar10|rendered_sst2|stl10,8,3,0.625,0.8360131406784056,0.8249673843383789,0.011045756340026691,0.43896124174671786,0.8469199538230896,0.8365999698638916,0.010319983959197976,5,3,10
clip_b32,flowers102,random,25,3,10,0.7,0,0.3333333333333333,1,0.6666666666666666,cifar100,cifar100,1,cifar100_shared_images,cifar100_shared_images,tiny_imagenet,tiny_imagenet,cifar100_coarse|fashion_mnist|tiny_imagenet,cifar100_shared_images|fashion_mnist|tiny_imagenet,8,3,0.625,0.8360131406784056,0.8319608521461486,0.004052288532257031,0.16103900459850562,0.8469199538230896,0.8476799845695495,-0.0007600307464599165,5,3,10
clip_b32,flowers102,random,26,3,10,0.7,0,0.3333333333333333,0,0.6666666666666666,cifar100,cifar100,1,cifar100_shared_images,cifar100_shared_images,tiny_imagenet,tiny_imagenet,stl10|tiny_imagenet|usps,handwritten_digits|stl10|tiny_imagenet,8,3,0.625,0.8360131406784056,0.8319608521461486,0.004052288532257031,0.16103900459850562,0.8469199538230896,0.8476799845695495,-0.0007600307464599165,5,3,10
clip_b32,flowers102,random,27,3,10,0.7,1,0.3333333333333333,1,0.3333333333333333,cifar100,cifar100,1,cifar100_shared_images,cifar100_shared_images,cifar100,cifar100_shared_images,cifar10|cifar100|fashion_mnist,cifar10|cifar100_shared_images|fashion_mnist,8,3,0.625,0.8360131406784056,0.8360131406784056,0.0,0.0,0.8469199538230896,0.8469199538230896,0.0,5,3,10
clip_b32,flowers102,random,28,3,10,0.7,0,0.0,0,0.0,cifar100,cifar100,1,cifar100_shared_images,cifar100_shared_images,stl10,stl10,rendered_sst2|stl10|svhn,rendered_sst2|stl10|svhn,8,3,0.625,0.8360131406784056,0.8249673843383789,0.011045756340026691,0.43896124174671786,0.8469199538230896,0.8365999698638916,0.010319983959197976,5,3,10
clip_b32,flowers102,random,29,3,10,0.7,0,0.3333333333333333,1,0.6666666666666666,cifar100,cifar100,1,cifar100_shared_images,cifar100_shared_images,mnist,handwritten_digits,cifar10|cifar100_coarse|mnist,cifar10|cifar100_shared_images|handwritten_digits,8,3,0.625,0.8360131406784056,0.825817060470581,0.010196080207824587,0.4051948903451005,0.8469199538230896,0.8370399713516236,0.009879982471466042,5,3,10
clip_b32,flowers102,random,30,3,10,0.7,0,0.3333333333333333,0,0.3333333333333333,cifar100,cifar100,1,cifar100_shared_images,cifar100_shared_images,mnist,handwritten_digits,mnist|rendered_sst2|stl10,handwritten_digits|rendered_sst2|stl10,8,3,0.625,0.8360131406784056,0.825817060470581,0.010196080207824587,0.4051948903451005,0.8469199538230896,0.8370399713516236,0.009879982471466042,5,3,10
clip_b32,flowers102,random,31,3,10,0.7,0,0.0,1,0.3333333333333333,cifar100,cifar100,1,cifar100_shared_images,cifar100_shared_images,cifar10,cifar10,cifar10|cifar100_coarse|rendered_sst2,cifar10|cifar100_shared_images|rendered_sst2,8,3,0.625,0.8360131406784056,0.8221569307645161,0.013856209913889472,0.5506494007715371,0.8469199538230896,0.8387999534606934,0.00812000036239624,5,3,10
clip_b32,flowers102,random,32,3,10,0.7,0,0.3333333333333333,1,0.6666666666666666,cifar100,cifar100,1,cifar100_shared_images,cifar100_shared_images,mnist,handwritten_digits,cifar100_coarse|mnist|stl10,cifar100_shared_images|handwritten_digits|stl10,8,3,0.625,0.8360131406784056,0.825817060470581,0.010196080207824587,0.4051948903451005,0.8469199538230896,0.8370399713516236,0.009879982471466042,5,3,10
clip_b32,flowers102,random,33,3,10,0.7,1,0.3333333333333333,1,0.3333333333333333,cifar100,cifar100,1,cifar100_shared_images,cifar100_shared_images,cifar100,cifar100_shared_images,cifar100|fashion_mnist|rendered_sst2,cifar100_shared_images|fashion_mnist|rendered_sst2,8,3,0.625,0.8360131406784056,0.8360131406784056,0.0,0.0,0.8469199538230896,0.8469199538230896,0.0,5,3,10
clip_b32,flowers102,random,34,3,10,0.7,0,0.3333333333333333,0,0.3333333333333333,cifar100,cifar100,1,cifar100_shared_images,cifar100_shared_images,mnist,handwritten_digits,cifar10|mnist|stl10,cifar10|handwritten_digits|stl10,8,3,0.625,0.8360131406784056,0.825817060470581,0.010196080207824587,0.4051948903451005,0.8469199538230896,0.8370399713516236,0.009879982471466042,5,3,10
clip_b32,flowers102,random,35,3,10,0.7,1,0.3333333333333333,1,0.3333333333333333,cifar100,cifar100,1,cifar100_shared_images,cifar100_shared_images,cifar100,cifar100_shared_images,cifar10|cifar100|svhn,cifar10|cifar100_shared_images|svhn,8,3,0.625,0.8360131406784056,0.8360131406784056,0.0,0.0,0.8469199538230896,0.8469199538230896,0.0,5,3,10
clip_b32,flowers102,random,36,3,10,0.7,1,0.6666666666666666,1,0.6666666666666666,cifar100,cifar100,1,cifar100_shared_images,cifar100_shared_images,cifar100,cifar100_shared_images,cifar100|rendered_sst2|tiny_imagenet,cifar100_shared_images|rendered_sst2|tiny_imagenet,8,3,0.625,0.8360131406784056,0.8360131406784056,0.0,0.0,0.8469199538230896,0.8469199538230896,0.0,5,3,10
clip_b32,flowers102,random,37,3,10,0.7,1,0.6666666666666666,1,0.6666666666666666,cifar100,cifar100,1,cifar100_shared_images,cifar100_shared_images,cifar100,cifar100_shared_images,cifar100|stl10|tiny_imagenet,cifar100_shared_images|stl10|tiny_imagenet,8,3,0.625,0.8360131406784056,0.8360131406784056,0.0,0.0,0.8469199538230896,0.8469199538230896,0.0,5,3,10
clip_b32,flowers102,random,38,3,10,0.7,1,0.3333333333333333,1,0.3333333333333333,cifar100,cifar100,1,cifar100_shared_images,cifar100_shared_images,cifar100,cifar100_shared_images,cifar100|rendered_sst2|stl10,cifar100_shared_images|rendered_sst2|stl10,8,3,0.625,0.8360131406784056,0.8360131406784056,0.0,0.0,0.8469199538230896,0.8469199538230896,0.0,5,3,10
clip_b32,flowers102,random,39,3,10,0.7,1,0.3333333333333333,1,0.6666666666666666,cifar100,cifar100,1,cifar100_shared_images,cifar100_shared_images,cifar100,cifar100_shared_images,cifar100|stl10|usps,cifar100_shared_images|handwritten_digits|stl10,8,3,0.625,0.8360131406784056,0.8360131406784056,0.0,0.0,0.8469199538230896,0.8469199538230896,0.0,5,3,10
clip_b32,flowers102,random,40,3,10,0.7,0,0.3333333333333333,1,0.6666666666666666,cifar100,cifar100,1,cifar100_shared_images,cifar100_shared_images,mnist,handwritten_digits,cifar100_coarse|fashion_mnist|mnist,cifar100_shared_images|fashion_mnist|handwritten_digits,8,3,0.625,0.8360131406784056,0.825817060470581,0.010196080207824587,0.4051948903451005,0.8469199538230896,0.8370399713516236,0.009879982471466042,5,3,10
clip_b32,flowers102,random,41,3,10,0.7,1,0.6666666666666666,1,0.6666666666666666,cifar100,cifar100,1,cifar100_shared_images,cifar100_shared_images,cifar100,cifar100_shared_images,cifar100|svhn|tiny_imagenet,cifar100_shared_images|svhn|tiny_imagenet,8,3,0.625,0.8360131406784056,0.8360131406784056,0.0,0.0,0.8469199538230896,0.8469199538230896,0.0,5,3,10
clip_b32,flowers102,random,42,3,10,0.7,0,0.3333333333333333,1,0.6666666666666666,cifar100,cifar100,1,cifar100_shared_images,cifar100_shared_images,mnist,handwritten_digits,cifar100_coarse|mnist|stl10,cifar100_shared_images|handwritten_digits|stl10,8,3,0.625,0.8360131406784056,0.825817060470581,0.010196080207824587,0.4051948903451005,0.8469199538230896,0.8370399713516236,0.009879982471466042,5,3,10
clip_b32,flowers102,random,43,3,10,0.7,1,0.3333333333333333,1,0.3333333333333333,cifar100,cifar100,1,cifar100_shared_images,cifar100_shared_images,cifar100,cifar100_shared_images,cifar10|cifar100|svhn,cifar10|cifar100_shared_images|svhn,8,3,0.625,0.8360131406784056,0.8360131406784056,0.0,0.0,0.8469199538230896,0.8469199538230896,0.0,5,3,10
clip_b32,flowers102,random,44,3,10,0.7,0,0.6666666666666666,0,0.6666666666666666,cifar100,cifar100,1,cifar100_shared_images,cifar100_shared_images,tiny_imagenet,tiny_imagenet,fashion_mnist|mnist|tiny_imagenet,fashion_mnist|handwritten_digits|tiny_imagenet,8,3,0.625,0.8360131406784056,0.8319608521461486,0.004052288532257031,0.16103900459850562,0.8469199538230896,0.8476799845695495,-0.0007600307464599165,5,3,10
clip_b32,flowers102,random,45,3,10,0.7,0,0.0,0,0.3333333333333333,cifar100,cifar100,1,cifar100_shared_images,cifar100_shared_images,cifar10,cifar10,cifar10|svhn|usps,cifar10|handwritten_digits|svhn,8,3,0.625,0.8360131406784056,0.8221569307645161,0.013856209913889472,0.5506494007715371,0.8469199538230896,0.8387999534606934,0.00812000036239624,5,3,10
clip_b32,flowers102,random,46,3,10,0.7,0,0.0,0,0.3333333333333333,cifar100,cifar100,1,cifar100_shared_images,cifar100_shared_images,cifar10,cifar10,cifar10|svhn|usps,cifar10|handwritten_digits|svhn,8,3,0.625,0.8360131406784056,0.8221569307645161,0.013856209913889472,0.5506494007715371,0.8469199538230896,0.8387999534606934,0.00812000036239624,5,3,10
clip_b32,flowers102,random,47,3,10,0.7,0,0.3333333333333333,0,0.3333333333333333,cifar100,cifar100,1,cifar100_shared_images,cifar100_shared_images,mnist,handwritten_digits,mnist|svhn|usps,handwritten_digits|svhn,8,2,0.75,0.8360131406784056,0.825817060470581,0.010196080207824587,0.4051948903451005,0.8469199538230896,0.8370399713516236,0.009879982471466042,5,3,10
clip_b32,flowers102,random,48,3,10,0.7,0,0.0,0,0.3333333333333333,cifar100,cifar100,1,cifar100_shared_images,cifar100_shared_images,stl10,stl10,cifar10|stl10|usps,cifar10|handwritten_digits|stl10,8,3,0.625,0.8360131406784056,0.8249673843383789,0.011045756340026691,0.43896124174671786,0.8469199538230896,0.8365999698638916,0.010319983959197976,5,3,10
clip_b32,flowers102,random,49,3,10,0.7,0,0.3333333333333333,0,0.3333333333333333,cifar100,cifar100,1,cifar100_shared_images,cifar100_shared_images,mnist,handwritten_digits,cifar10|mnist|svhn,cifar10|handwritten_digits|svhn,8,3,0.625,0.8360131406784056,0.825817060470581,0.010196080207824587,0.4051948903451005,0.8469199538230896,0.8370399713516236,0.009879982471466042,5,3,10
clip_b32,flowers102,random,50,3,10,0.7,0,0.0,0,0.0,cifar100,cifar100,1,cifar100_shared_images,cifar100_shared_images,stl10,stl10,fashion_mnist|rendered_sst2|stl10,fashion_mnist|rendered_sst2|stl10,8,3,0.625,0.8360131406784056,0.8249673843383789,0.011045756340026691,0.43896124174671786,0.8469199538230896,0.8365999698638916,0.010319983959197976,5,3,10
clip_b32,flowers102,random,51,3,10,0.7,0,0.3333333333333333,0,0.3333333333333333,cifar100,cifar100,1,cifar100_shared_images,cifar100_shared_images,tiny_imagenet,tiny_imagenet,rendered_sst2|stl10|tiny_imagenet,rendered_sst2|stl10|tiny_imagenet,8,3,0.625,0.8360131406784056,0.8319608521461486,0.004052288532257031,0.16103900459850562,0.8469199538230896,0.8476799845695495,-0.0007600307464599165,5,3,10
clip_b32,flowers102,random,52,3,10,0.7,0,0.0,1,0.6666666666666666,cifar100,cifar100,1,cifar100_shared_images,cifar100_shared_images,stl10,stl10,cifar100_coarse|stl10|usps,cifar100_shared_images|handwritten_digits|stl10,8,3,0.625,0.8360131406784056,0.8249673843383789,0.011045756340026691,0.43896124174671786,0.8469199538230896,0.8365999698638916,0.010319983959197976,5,3,10
clip_b32,flowers102,random,53,3,10,0.7,1,0.3333333333333333,1,0.3333333333333333,cifar100,cifar100,1,cifar100_shared_images,cifar100_shared_images,cifar100,cifar100_shared_images,cifar10|cifar100|rendered_sst2,cifar10|cifar100_shared_images|rendered_sst2,8,3,0.625,0.8360131406784056,0.8360131406784056,0.0,0.0,0.8469199538230896,0.8469199538230896,0.0,5,3,10
clip_b32,flowers102,random,54,3,10,0.7,0,0.0,0,0.0,cifar100,cifar100,1,cifar100_shared_images,cifar100_shared_images,cifar10,cifar10,cifar10|fashion_mnist|rendered_sst2,cifar10|fashion_mnist|rendered_sst2,8,3,0.625,0.8360131406784056,0.8221569307645161,0.013856209913889472,0.5506494007715371,0.8469199538230896,0.8387999534606934,0.00812000036239624,5,3,10
clip_b32,flowers102,random,55,3,10,0.7,1,1.0,1,1.0,cifar100,cifar100,1,cifar100_shared_images,cifar100_shared_images,cifar100,cifar100_shared_images,cifar100|mnist|tiny_imagenet,cifar100_shared_images|handwritten_digits|tiny_imagenet,8,3,0.625,0.8360131406784056,0.8360131406784056,0.0,0.0,0.8469199538230896,0.8469199538230896,0.0,5,3,10
clip_b32,flowers102,random,56,3,10,0.7,0,0.3333333333333333,1,0.6666666666666666,cifar100,cifar100,1,cifar100_shared_images,cifar100_shared_images,mnist,handwritten_digits,cifar10|cifar100_coarse|mnist,cifar10|cifar100_shared_images|handwritten_digits,8,3,0.625,0.8360131406784056,0.825817060470581,0.010196080207824587,0.4051948903451005,0.8469199538230896,0.8370399713516236,0.009879982471466042,5,3,10
clip_b32,flowers102,random,57,3,10,0.7,0,0.3333333333333333,0,0.6666666666666666,cifar100,cifar100,1,cifar100_shared_images,cifar100_shared_images,tiny_imagenet,tiny_imagenet,fashion_mnist|tiny_imagenet|usps,fashion_mnist|handwritten_digits|tiny_imagenet,8,3,0.625,0.8360131406784056,0.8319608521461486,0.004052288532257031,0.16103900459850562,0.8469199538230896,0.8476799845695495,-0.0007600307464599165,5,3,10
clip_b32,flowers102,random,58,3,10,0.7,1,0.6666666666666666,1,0.6666666666666666,cifar100,cifar100,1,cifar100_shared_images,cifar100_shared_images,cifar100,cifar100_shared_images,cifar100|svhn|tiny_imagenet,cifar100_shared_images|svhn|tiny_imagenet,8,3,0.625,0.8360131406784056,0.8360131406784056,0.0,0.0,0.8469199538230896,0.8469199538230896,0.0,5,3,10
clip_b32,flowers102,random,59,3,10,0.7,0,0.6666666666666666,0,0.6666666666666666,cifar100,cifar100,1,cifar100_shared_images,cifar100_shared_images,tiny_imagenet,tiny_imagenet,mnist|svhn|tiny_imagenet,handwritten_digits|svhn|tiny_imagenet,8,3,0.625,0.8360131406784056,0.8319608521461486,0.004052288532257031,0.16103900459850562,0.8469199538230896,0.8476799845695495,-0.0007600307464599165,5,3,10
clip_b32,flowers102,random,60,3,10,0.7,0,0.0,1,0.3333333333333333,cifar100,cifar100,1,cifar100_shared_images,cifar100_shared_images,stl10,stl10,cifar10|cifar100_coarse|stl10,cifar10|cifar100_shared_images|stl10,8,3,0.625,0.8360131406784056,0.8249673843383789,0.011045756340026691,0.43896124174671786,0.8469199538230896,0.8365999698638916,0.010319983959197976,5,3,10
clip_b32,flowers102,random,61,3,10,0.7,0,0.3333333333333333,0,0.6666666666666666,cifar100,cifar100,1,cifar100_shared_images,cifar100_shared_images,tiny_imagenet,tiny_imagenet,rendered_sst2|tiny_imagenet|usps,handwritten_digits|rendered_sst2|tiny_imagenet,8,3,0.625,0.8360131406784056,0.8319608521461486,0.004052288532257031,0.16103900459850562,0.8469199538230896,0.8476799845695495,-0.0007600307464599165,5,3,10
clip_b32,flowers102,random,62,3,10,0.7,0,0.3333333333333333,0,0.3333333333333333,cifar100,cifar100,1,cifar100_shared_images,cifar100_shared_images,tiny_imagenet,tiny_imagenet,fashion_mnist|svhn|tiny_imagenet,fashion_mnist|svhn|tiny_imagenet,8,3,0.625,0.8360131406784056,0.8319608521461486,0.004052288532257031,0.16103900459850562,0.8469199538230896,0.8476799845695495,-0.0007600307464599165,5,3,10
clip_b32,flowers102,random,63,3,10,0.7,0,0.0,0,0.0,cifar100,cifar100,1,cifar100_shared_images,cifar100_shared_images,cifar10,cifar10,cifar10|rendered_sst2|svhn,cifar10|rendered_sst2|svhn,8,3,0.625,0.8360131406784056,0.8221569307645161,0.013856209913889472,0.5506494007715371,0.8469199538230896,0.8387999534606934,0.00812000036239624,5,3,10
clip_b32,flowers102,random,64,3,10,0.7,0,0.3333333333333333,0,0.3333333333333333,cifar100,cifar100,1,cifar100_shared_images,cifar100_shared_images,mnist,handwritten_digits,mnist|rendered_sst2|svhn,handwritten_digits|rendered_sst2|svhn,8,3,0.625,0.8360131406784056,0.825817060470581,0.010196080207824587,0.4051948903451005,0.8469199538230896,0.8370399713516236,0.009879982471466042,5,3,10
clip_b32,flowers102,random,65,3,10,0.7,0,0.3333333333333333,1,0.6666666666666666,cifar100,cifar100,1,cifar100_shared_images,cifar100_shared_images,tiny_imagenet,tiny_imagenet,cifar100_coarse|stl10|tiny_imagenet,cifar100_shared_images|stl10|tiny_imagenet,8,3,0.625,0.8360131406784056,0.8319608521461486,0.004052288532257031,0.16103900459850562,0.8469199538230896,0.8476799845695495,-0.0007600307464599165,5,3,10
clip_b32,flowers102,random,66,3,10,0.7,0,0.3333333333333333,1,0.6666666666666666,cifar100,cifar100,1,cifar100_shared_images,cifar100_shared_images,tiny_imagenet,tiny_imagenet,cifar10|cifar100_coarse|tiny_imagenet,cifar10|cifar100_shared_images|tiny_imagenet,8,3,0.625,0.8360131406784056,0.8319608521461486,0.004052288532257031,0.16103900459850562,0.8469199538230896,0.8476799845695495,-0.0007600307464599165,5,3,10
clip_b32,flowers102,random,67,3,10,0.7,1,0.6666666666666666,1,0.6666666666666666,cifar100,cifar100,1,cifar100_shared_images,cifar100_shared_images,cifar100,cifar100_shared_images,cifar100|mnist|stl10,cifar100_shared_images|handwritten_digits|stl10,8,3,0.625,0.8360131406784056,0.8360131406784056,0.0,0.0,0.8469199538230896,0.8469199538230896,0.0,5,3,10
clip_b32,flowers102,random,68,3,10,0.7,0,0.0,1,0.6666666666666666,cifar100,cifar100,1,cifar100_shared_images,cifar100_shared_images,cifar10,cifar10,cifar10|cifar100_coarse|usps,cifar10|cifar100_shared_images|handwritten_digits,8,3,0.625,0.8360131406784056,0.8221569307645161,0.013856209913889472,0.5506494007715371,0.8469199538230896,0.8387999534606934,0.00812000036239624,5,3,10
clip_b32,flowers102,random,69,3,10,0.7,0,0.0,1,0.3333333333333333,cifar100,cifar100,1,cifar100_shared_images,cifar100_shared_images,cifar10,cifar10,cifar10|cifar100_coarse|svhn,cifar10|cifar100_shared_images|svhn,8,3,0.625,0.8360131406784056,0.8221569307645161,0.013856209913889472,0.5506494007715371,0.8469199538230896,0.8387999534606934,0.00812000036239624,5,3,10
clip_b32,flowers102,random,70,3,10,0.7,1,0.3333333333333333,1,0.3333333333333333,cifar100,cifar100,1,cifar100_shared_images,cifar100_shared_images,cifar100,cifar100_shared_images,cifar100|cifar100_coarse|rendered_sst2,cifar100_shared_images|rendered_sst2,8,2,0.75,0.8360131406784056,0.8360131406784056,0.0,0.0,0.8469199538230896,0.8469199538230896,0.0,5,3,10
clip_b32,flowers102,random,71,3,10,0.7,0,0.0,0,0.0,cifar100,cifar100,1,cifar100_shared_images,cifar100_shared_images,stl10,stl10,rendered_sst2|stl10|svhn,rendered_sst2|stl10|svhn,8,3,0.625,0.8360131406784056,0.8249673843383789,0.011045756340026691,0.43896124174671786,0.8469199538230896,0.8365999698638916,0.010319983959197976,5,3,10
clip_b32,flowers102,random,72,3,10,0.7,0,0.3333333333333333,0,0.3333333333333333,cifar100,cifar100,1,cifar100_shared_images,cifar100_shared_images,mnist,handwritten_digits,mnist|stl10|usps,handwritten_digits|stl10,8,2,0.75,0.8360131406784056,0.825817060470581,0.010196080207824587,0.4051948903451005,0.8469199538230896,0.8370399713516236,0.009879982471466042,5,3,10
clip_b32,flowers102,random,73,3,10,0.7,1,0.3333333333333333,1,0.3333333333333333,cifar100,cifar100,1,cifar100_shared_images,cifar100_shared_images,cifar100,cifar100_shared_images,cifar100|fashion_mnist|stl10,cifar100_shared_images|fashion_mnist|stl10,8,3,0.625,0.8360131406784056,0.8360131406784056,0.0,0.0,0.8469199538230896,0.8469199538230896,0.0,5,3,10
clip_b32,flowers102,random,74,3,10,0.7,0,0.3333333333333333,0,0.3333333333333333,cifar100,cifar100,1,cifar100_shared_images,cifar100_shared_images,tiny_imagenet,tiny_imagenet,rendered_sst2|stl10|tiny_imagenet,rendered_sst2|stl10|tiny_imagenet,8,3,0.625,0.8360131406784056,0.8319608521461486,0.004052288532257031,0.16103900459850562,0.8469199538230896,0.8476799845695495,-0.0007600307464599165,5,3,10
clip_b32,flowers102,random,75,3,10,0.7,0,0.3333333333333333,0,0.3333333333333333,cifar100,cifar100,1,cifar100_shared_images,cifar100_shared_images,mnist,handwritten_digits,cifar10|mnist|rendered_sst2,cifar10|handwritten_digits|rendered_sst2,8,3,0.625,0.8360131406784056,0.825817060470581,0.010196080207824587,0.4051948903451005,0.8469199538230896,0.8370399713516236,0.009879982471466042,5,3,10
clip_b32,flowers102,random,76,3,10,0.7,0,0.3333333333333333,1,0.6666666666666666,cifar100,cifar100,1,cifar100_shared_images,cifar100_shared_images,tiny_imagenet,tiny_imagenet,cifar100_coarse|rendered_sst2|tiny_imagenet,cifar100_shared_images|rendered_sst2|tiny_imagenet,8,3,0.625,0.8360131406784056,0.8319608521461486,0.004052288532257031,0.16103900459850562,0.8469199538230896,0.8476799845695495,-0.0007600307464599165,5,3,10
clip_b32,flowers102,random,77,3,10,0.7,1,0.6666666666666666,1,0.6666666666666666,cifar100,cifar100,1,cifar100_shared_images,cifar100_shared_images,cifar100,cifar100_shared_images,cifar10|cifar100|mnist,cifar10|cifar100_shared_images|handwritten_digits,8,3,0.625,0.8360131406784056,0.8360131406784056,0.0,0.0,0.8469199538230896,0.8469199538230896,0.0,5,3,10
clip_b32,flowers102,random,78,3,10,0.7,0,0.3333333333333333,0,0.3333333333333333,cifar100,cifar100,1,cifar100_shared_images,cifar100_shared_images,mnist,handwritten_digits,fashion_mnist|mnist|svhn,fashion_mnist|handwritten_digits|svhn,8,3,0.625,0.8360131406784056,0.825817060470581,0.010196080207824587,0.4051948903451005,0.8469199538230896,0.8370399713516236,0.009879982471466042,5,3,10
clip_b32,flowers102,random,79,3,10,0.7,0,0.3333333333333333,1,0.6666666666666666,cifar100,cifar100,1,cifar100_shared_images,cifar100_shared_images,mnist,handwritten_digits,cifar100_coarse|mnist|rendered_sst2,cifar100_shared_images|handwritten_digits|rendered_sst2,8,3,0.625,0.8360131406784056,0.825817060470581,0.010196080207824587,0.4051948903451005,0.8469199538230896,0.8370399713516236,0.009879982471466042,5,3,10
clip_b32,flowers102,random,80,3,10,0.7,0,0.0,0,0.3333333333333333,cifar100,cifar100,1,cifar100_shared_images,cifar100_shared_images,cifar10,cifar10,cifar10|svhn|usps,cifar10|handwritten_digits|svhn,8,3,0.625,0.8360131406784056,0.8221569307645161,0.013856209913889472,0.5506494007715371,0.8469199538230896,0.8387999534606934,0.00812000036239624,5,3,10
clip_b32,flowers102,random,81,3,10,0.7,0,0.0,0,0.0,cifar100,cifar100,1,cifar100_shared_images,cifar100_shared_images,stl10,stl10,cifar10|fashion_mnist|stl10,cifar10|fashion_mnist|stl10,8,3,0.625,0.8360131406784056,0.8249673843383789,0.011045756340026691,0.43896124174671786,0.8469199538230896,0.8365999698638916,0.010319983959197976,5,3,10
clip_b32,flowers102,random,82,3,10,0.7,1,0.6666666666666666,1,0.6666666666666666,cifar100,cifar100,1,cifar100_shared_images,cifar100_shared_images,cifar100,cifar100_shared_images,cifar100|mnist|rendered_sst2,cifar100_shared_images|handwritten_digits|rendered_sst2,8,3,0.625,0.8360131406784056,0.8360131406784056,0.0,0.0,0.8469199538230896,0.8469199538230896,0.0,5,3,10
clip_b32,flowers102,random,83,3,10,0.7,0,0.0,0,0.3333333333333333,cifar100,cifar100,1,cifar100_shared_images,cifar100_shared_images,rendered_sst2,rendered_sst2,fashion_mnist|rendered_sst2|usps,fashion_mnist|handwritten_digits|rendered_sst2,8,3,0.625,0.8360131406784056,0.8207843844095866,0.015228756268819033,0.605194751381123,0.8469199538230896,0.839639949798584,0.007280004024505571,5,3,10
clip_b32,flowers102,random,84,3,10,0.7,0,0.0,0,0.3333333333333333,cifar100,cifar100,1,cifar100_shared_images,cifar100_shared_images,cifar10,cifar10,cifar10|rendered_sst2|usps,cifar10|handwritten_digits|rendered_sst2,8,3,0.625,0.8360131406784056,0.8221569307645161,0.013856209913889472,0.5506494007715371,0.8469199538230896,0.8387999534606934,0.00812000036239624,5,3,10
clip_b32,flowers102,random,85,3,10,0.7,1,0.6666666666666666,1,0.6666666666666666,cifar100,cifar100,1,cifar100_shared_images,cifar100_shared_images,cifar100,cifar100_shared_images,cifar10|cifar100|mnist,cifar10|cifar100_shared_images|handwritten_digits,8,3,0.625,0.8360131406784056,0.8360131406784056,0.0,0.0,0.8469199538230896,0.8469199538230896,0.0,5,3,10
clip_b32,flowers102,random,86,3,10,0.7,0,0.0,1,0.6666666666666666,cifar100,cifar100,1,cifar100_shared_images,cifar100_shared_images,usps,handwritten_digits,cifar100_coarse|svhn|usps,cifar100_shared_images|handwritten_digits|svhn,8,3,0.625,0.8360131406784056,0.8173856894175211,0.018627451260884498,0.7402597779949368,0.8469199538230896,0.8241199612617492,0.022799992561340354,5,3,10
clip_b32,flowers102,random,87,3,10,0.7,1,0.3333333333333333,1,0.3333333333333333,cifar100,cifar100,1,cifar100_shared_images,cifar100_shared_images,cifar100,cifar100_shared_images,cifar100|fashion_mnist|svhn,cifar100_shared_images|fashion_mnist|svhn,8,3,0.625,0.8360131406784056,0.8360131406784056,0.0,0.0,0.8469199538230896,0.8469199538230896,0.0,5,3,10
clip_b32,flowers102,random,88,3,10,0.7,0,0.0,1,0.6666666666666666,cifar100,cifar100,1,cifar100_shared_images,cifar100_shared_images,usps,handwritten_digits,cifar100_coarse|fashion_mnist|usps,cifar100_shared_images|fashion_mnist|handwritten_digits,8,3,0.625,0.8360131406784056,0.8173856894175211,0.018627451260884498,0.7402597779949368,0.8469199538230896,0.8241199612617492,0.022799992561340354,5,3,10
clip_b32,flowers102,random,89,3,10,0.7,0,0.0,0,0.0,cifar100,cifar100,1,cifar100_shared_images,cifar100_shared_images,rendered_sst2,rendered_sst2,fashion_mnist|rendered_sst2|svhn,fashion_mnist|rendered_sst2|svhn,8,3,0.625,0.8360131406784056,0.8207843844095866,0.015228756268819033,0.605194751381123,0.8469199538230896,0.839639949798584,0.007280004024505571,5,3,10
clip_b32,flowers102,random,90,3,10,0.7,1,1.0,1,1.0,cifar100,cifar100,1,cifar100_shared_images,cifar100_shared_images,cifar100,cifar100_shared_images,cifar100|mnist|tiny_imagenet,cifar100_shared_images|handwritten_digits|tiny_imagenet,8,3,0.625,0.8360131406784056,0.8360131406784056,0.0,0.0,0.8469199538230896,0.8469199538230896,0.0,5,3,10
clip_b32,flowers102,random,91,3,10,0.7,0,0.3333333333333333,1,1.0,cifar100,cifar100,1,cifar100_shared_images,cifar100_shared_images,tiny_imagenet,tiny_imagenet,cifar100_coarse|tiny_imagenet|usps,cifar100_shared_images|handwritten_digits|tiny_imagenet,8,3,0.625,0.8360131406784056,0.8319608521461486,0.004052288532257031,0.16103900459850562,0.8469199538230896,0.8476799845695495,-0.0007600307464599165,5,3,10
clip_b32,flowers102,random,92,3,10,0.7,0,0.3333333333333333,1,0.6666666666666666,cifar100,cifar100,1,cifar100_shared_images,cifar100_shared_images,mnist,handwritten_digits,cifar100_coarse|fashion_mnist|mnist,cifar100_shared_images|fashion_mnist|handwritten_digits,8,3,0.625,0.8360131406784056,0.825817060470581,0.010196080207824587,0.4051948903451005,0.8469199538230896,0.8370399713516236,0.009879982471466042,5,3,10
clip_b32,flowers102,random,93,3,10,0.7,1,0.3333333333333333,1,0.3333333333333333,cifar100,cifar100,1,cifar100_shared_images,cifar100_shared_images,cifar100,cifar100_shared_images,cifar10|cifar100|stl10,cifar10|cifar100_shared_images|stl10,8,3,0.625,0.8360131406784056,0.8360131406784056,0.0,0.0,0.8469199538230896,0.8469199538230896,0.0,5,3,10
clip_b32,flowers102,random,94,3,10,0.7,0,0.0,0,0.3333333333333333,cifar100,cifar100,1,cifar100_shared_images,cifar100_shared_images,stl10,stl10,stl10|svhn|usps,handwritten_digits|stl10|svhn,8,3,0.625,0.8360131406784056,0.8249673843383789,0.011045756340026691,0.43896124174671786,0.8469199538230896,0.8365999698638916,0.010319983959197976,5,3,10
clip_b32,flowers102,random,95,3,10,0.7,1,0.3333333333333333,1,0.6666666666666666,cifar100,cifar100,1,cifar100_shared_images,cifar100_shared_images,cifar100,cifar100_shared_images,cifar100|stl10|usps,cifar100_shared_images|handwritten_digits|stl10,8,3,0.625,0.8360131406784056,0.8360131406784056,0.0,0.0,0.8469199538230896,0.8469199538230896,0.0,5,3,10
clip_b32,flowers102,random,96,3,10,0.7,0,0.0,1,0.6666666666666666,cifar100,cifar100,1,cifar100_shared_images,cifar100_shared_images,usps,handwritten_digits,cifar100_coarse|svhn|usps,cifar100_shared_images|handwritten_digits|svhn,8,3,0.625,0.8360131406784056,0.8173856894175211,0.018627451260884498,0.7402597779949368,0.8469199538230896,0.8241199612617492,0.022799992561340354,5,3,10
clip_b32,flowers102,random,97,3,10,0.7,1,0.3333333333333333,1,0.3333333333333333,cifar100,cifar100,1,cifar100_shared_images,cifar100_shared_images,cifar100,cifar100_shared_images,cifar100|cifar100_coarse|svhn,cifar100_shared_images|svhn,8,2,0.75,0.8360131406784056,0.8360131406784056,0.0,0.0,0.8469199538230896,0.8469199538230896,0.0,5,3,10
clip_b32,flowers102,random,98,3,10,0.7,0,0.0,0,0.3333333333333333,cifar100,cifar100,1,cifar100_shared_images,cifar100_shared_images,stl10,stl10,rendered_sst2|stl10|usps,handwritten_digits|rendered_sst2|stl10,8,3,0.625,0.8360131406784056,0.8249673843383789,0.011045756340026691,0.43896124174671786,0.8469199538230896,0.8365999698638916,0.010319983959197976,5,3,10
clip_b32,flowers102,random,99,3,10,0.7,1,0.6666666666666666,1,0.6666666666666666,cifar100,cifar100,1,cifar100_shared_images,cifar100_shared_images,cifar100,cifar100_shared_images,cifar100|fashion_mnist|tiny_imagenet,cifar100_shared_images|fashion_mnist|tiny_imagenet,8,3,0.625,0.8360131406784056,0.8360131406784056,0.0,0.0,0.8469199538230896,0.8469199538230896,0.0,5,3,10
clip_b32,flowers102,rank_only,-1,5,10,0.5,1,0.6666666666666666,1,0.6666666666666666,cifar100,cifar100,1,cifar100_shared_images,cifar100_shared_images,cifar100,cifar100_shared_images,rendered_sst2|tiny_imagenet|stl10|cifar100_coarse|cifar100,cifar100_shared_images|rendered_sst2|stl10|tiny_imagenet,8,4,0.5,0.8360131406784056,0.8360131406784056,0.0,0.0,0.8469199538230896,0.8469199538230896,0.0,5,5,10
clip_b32,flowers102,facility_subspace,-1,5,10,0.5,1,0.3333333333333333,1,0.6666666666666666,cifar100,cifar100,1,cifar100_shared_images,cifar100_shared_images,cifar100,cifar100_shared_images,cifar100|usps|rendered_sst2|fashion_mnist|cifar10,cifar10|cifar100_shared_images|fashion_mnist|handwritten_digits|rendered_sst2,8,5,0.375,0.8360131406784056,0.8360131406784056,0.0,0.0,0.8469199538230896,0.8469199538230896,0.0,5,5,10
clip_b32,flowers102,kcenter_subspace,-1,5,10,0.5,0,0.3333333333333333,0,0.3333333333333333,cifar100,cifar100,1,cifar100_shared_images,cifar100_shared_images,mnist,handwritten_digits,rendered_sst2|stl10|mnist|fashion_mnist|svhn,fashion_mnist|handwritten_digits|rendered_sst2|stl10|svhn,8,5,0.375,0.8360131406784056,0.825817060470581,0.010196080207824587,0.4051948903451005,0.8469199538230896,0.8370399713516236,0.009879982471466042,5,5,10
clip_b32,flowers102,dpp_subspace,-1,5,10,0.5,0,0.3333333333333333,1,0.6666666666666666,cifar100,cifar100,1,cifar100_shared_images,cifar100_shared_images,tiny_imagenet,tiny_imagenet,rendered_sst2|tiny_imagenet|stl10|cifar100_coarse|cifar10,cifar10|cifar100_shared_images|rendered_sst2|stl10|tiny_imagenet,8,5,0.375,0.8360131406784056,0.8319608521461486,0.004052288532257031,0.16103900459850562,0.8469199538230896,0.8476799845695495,-0.0007600307464599165,5,5,10
clip_b32,flowers102,pool_vendi_subspace,-1,5,10,0.5,0,0.3333333333333333,0,0.3333333333333333,cifar100,cifar100,1,cifar100_shared_images,cifar100_shared_images,mnist,handwritten_digits,rendered_sst2|stl10|mnist|fashion_mnist|svhn,fashion_mnist|handwritten_digits|rendered_sst2|stl10|svhn,8,5,0.375,0.8360131406784056,0.825817060470581,0.010196080207824587,0.4051948903451005,0.8469199538230896,0.8370399713516236,0.009879982471466042,5,5,10
clip_b32,flowers102,full_merged_rank,-1,5,10,0.5,1,0.6666666666666666,1,0.6666666666666666,cifar100,cifar100,1,cifar100_shared_images,cifar100_shared_images,cifar100,cifar100_shared_images,rendered_sst2|tiny_imagenet|stl10|cifar100_coarse|cifar100,cifar100_shared_images|rendered_sst2|stl10|tiny_imagenet,8,4,0.5,0.8360131406784056,0.8360131406784056,0.0,0.0,0.8469199538230896,0.8469199538230896,0.0,5,5,10
clip_b32,flowers102,random,0,5,10,0.5,0,0.3333333333333333,1,1.0,cifar100,cifar100,1,cifar100_shared_images,cifar100_shared_images,tiny_imagenet,tiny_imagenet,cifar100_coarse|rendered_sst2|svhn|tiny_imagenet|usps,cifar100_shared_images|handwritten_digits|rendered_sst2|svhn|tiny_imagenet,8,5,0.375,0.8360131406784056,0.8319608521461486,0.004052288532257031,0.16103900459850562,0.8469199538230896,0.8476799845695495,-0.0007600307464599165,5,5,10
clip_b32,flowers102,random,1,5,10,0.5,1,1.0,1,1.0,cifar100,cifar100,1,cifar100_shared_images,cifar100_shared_images,cifar100,cifar100_shared_images,cifar100|cifar100_coarse|mnist|stl10|tiny_imagenet,cifar100_shared_images|handwritten_digits|stl10|tiny_imagenet,8,4,0.5,0.8360131406784056,0.8360131406784056,0.0,0.0,0.8469199538230896,0.8469199538230896,0.0,5,5,10
clip_b32,flowers102,random,2,5,10,0.5,0,0.6666666666666666,0,0.6666666666666666,cifar100,cifar100,1,cifar100_shared_images,cifar100_shared_images,tiny_imagenet,tiny_imagenet,cifar10|fashion_mnist|mnist|rendered_sst2|tiny_imagenet,cifar10|fashion_mnist|handwritten_digits|rendered_sst2|tiny_imagenet,8,5,0.375,0.8360131406784056,0.8319608521461486,0.004052288532257031,0.16103900459850562,0.8469199538230896,0.8476799845695495,-0.0007600307464599165,5,5,10
clip_b32,flowers102,random,3,5,10,0.5,1,0.6666666666666666,1,0.6666666666666666,cifar100,cifar100,1,cifar100_shared_images,cifar100_shared_images,cifar100,cifar100_shared_images,cifar10|cifar100|fashion_mnist|mnist|stl10,cifar10|cifar100_shared_images|fashion_mnist|handwritten_digits|stl10,8,5,0.375,0.8360131406784056,0.8360131406784056,0.0,0.0,0.8469199538230896,0.8469199538230896,0.0,5,5,10
clip_b32,flowers102,random,4,5,10,0.5,0,0.3333333333333333,1,0.6666666666666666,cifar100,cifar100,1,cifar100_shared_images,cifar100_shared_images,mnist,handwritten_digits,cifar10|cifar100_coarse|fashion_mnist|mnist|svhn,cifar10|cifar100_shared_images|fashion_mnist|handwritten_digits|svhn,8,5,0.375,0.8360131406784056,0.825817060470581,0.010196080207824587,0.4051948903451005,0.8469199538230896,0.8370399713516236,0.009879982471466042,5,5,10
clip_b32,flowers102,random,5,5,10,0.5,0,0.0,1,0.6666666666666666,cifar100,cifar100,1,cifar100_shared_images,cifar100_shared_images,stl10,stl10,cifar10|cifar100_coarse|fashion_mnist|stl10|usps,cifar10|cifar100_shared_images|fashion_mnist|handwritten_digits|stl10,8,5,0.375,0.8360131406784056,0.8249673843383789,0.011045756340026691,0.43896124174671786,0.8469199538230896,0.8365999698638916,0.010319983959197976,5,5,10
clip_b32,flowers102,random,6,5,10,0.5,1,0.6666666666666666,1,0.6666666666666666,cifar100,cifar100,1,cifar100_shared_images,cifar100_shared_images,cifar100,cifar100_shared_images,cifar100|cifar100_coarse|mnist|stl10|svhn,cifar100_shared_images|handwritten_digits|stl10|svhn,8,4,0.5,0.8360131406784056,0.8360131406784056,0.0,0.0,0.8469199538230896,0.8469199538230896,0.0,5,5,10
clip_b32,flowers102,random,7,5,10,0.5,1,0.3333333333333333,1,0.6666666666666666,cifar100,cifar100,1,cifar100_shared_images,cifar100_shared_images,cifar100,cifar100_shared_images,cifar10|cifar100|cifar100_coarse|rendered_sst2|usps,cifar10|cifar100_shared_images|handwritten_digits|rendered_sst2,8,4,0.5,0.8360131406784056,0.8360131406784056,0.0,0.0,0.8469199538230896,0.8469199538230896,0.0,5,5,10
clip_b32,flowers102,random,8,5,10,0.5,0,0.6666666666666666,0,0.6666666666666666,cifar100,cifar100,1,cifar100_shared_images,cifar100_shared_images,tiny_imagenet,tiny_imagenet,fashion_mnist|mnist|rendered_sst2|tiny_imagenet|usps,fashion_mnist|handwritten_digits|rendered_sst2|tiny_imagenet,8,4,0.5,0.8360131406784056,0.8319608521461486,0.004052288532257031,0.16103900459850562,0.8469199538230896,0.8476799845695495,-0.0007600307464599165,5,5,10
clip_b32,flowers102,random,9,5,10,0.5,0,0.3333333333333333,1,0.6666666666666666,cifar100,cifar100,1,cifar100_shared_images,cifar100_shared_images,tiny_imagenet,tiny_imagenet,cifar10|cifar100_coarse|rendered_sst2|svhn|tiny_imagenet,cifar10|cifar100_shared_images|rendered_sst2|svhn|tiny_imagenet,8,5,0.375,0.8360131406784056,0.8319608521461486,0.004052288532257031,0.16103900459850562,0.8469199538230896,0.8476799845695495,-0.0007600307464599165,5,5,10
clip_b32,flowers102,random,10,5,10,0.5,0,0.3333333333333333,0,0.3333333333333333,cifar100,cifar100,1,cifar100_shared_images,cifar100_shared_images,mnist,handwritten_digits,cifar10|fashion_mnist|mnist|rendered_sst2|usps,cifar10|fashion_mnist|handwritten_digits|rendered_sst2,8,4,0.5,0.8360131406784056,0.825817060470581,0.010196080207824587,0.4051948903451005,0.8469199538230896,0.8370399713516236,0.009879982471466042,5,5,10
clip_b32,flowers102,random,11,5,10,0.5,0,0.6666666666666666,0,0.6666666666666666,cifar100,cifar100,1,cifar100_shared_images,cifar100_shared_images,tiny_imagenet,tiny_imagenet,cifar10|mnist|rendered_sst2|svhn|tiny_imagenet,cifar10|handwritten_digits|rendered_sst2|svhn|tiny_imagenet,8,5,0.375,0.8360131406784056,0.8319608521461486,0.004052288532257031,0.16103900459850562,0.8469199538230896,0.8476799845695495,-0.0007600307464599165,5,5,10
clip_b32,flowers102,random,12,5,10,0.5,0,0.3333333333333333,0,0.3333333333333333,cifar100,cifar100,1,cifar100_shared_images,cifar100_shared_images,mnist,handwritten_digits,fashion_mnist|mnist|rendered_sst2|stl10|usps,fashion_mnist|handwritten_digits|rendered_sst2|stl10,8,4,0.5,0.8360131406784056,0.825817060470581,0.010196080207824587,0.4051948903451005,0.8469199538230896,0.8370399713516236,0.009879982471466042,5,5,10
clip_b32,flowers102,random,13,5,10,0.5,1,0.3333333333333333,1,0.3333333333333333,cifar100,cifar100,1,cifar100_shared_images,cifar100_shared_images,cifar100,cifar100_shared_images,cifar10|cifar100|cifar100_coarse|rendered_sst2|stl10,cifar10|cifar100_shared_images|rendered_sst2|stl10,8,4,0.5,0.8360131406784056,0.8360131406784056,0.0,0.0,0.8469199538230896,0.8469199538230896,0.0,5,5,10
clip_b32,flowers102,random,14,5,10,0.5,0,0.3333333333333333,0,0.3333333333333333,cifar100,cifar100,1,cifar100_shared_images,cifar100_shared_images,mnist,handwritten_digits,fashion_mnist|mnist|stl10|svhn|usps,fashion_mnist|handwritten_digits|stl10|svhn,8,4,0.5,0.8360131406784056,0.825817060470581,0.010196080207824587,0.4051948903451005,0.8469199538230896,0.8370399713516236,0.009879982471466042,5,5,10
clip_b32,flowers102,random,15,5,10,0.5,1,0.6666666666666666,1,0.6666666666666666,cifar100,cifar100,1,cifar100_shared_images,cifar100_shared_images,cifar100,cifar100_shared_images,cifar10|cifar100|cifar100_coarse|stl10|tiny_imagenet,cifar10|cifar100_shared_images|stl10|tiny_imagenet,8,4,0.5,0.8360131406784056,0.8360131406784056,0.0,0.0,0.8469199538230896,0.8469199538230896,0.0,5,5,10
clip_b32,flowers102,random,16,5,10,0.5,1,0.6666666666666666,1,0.6666666666666666,cifar100,cifar100,1,cifar100_shared_images,cifar100_shared_images,cifar100,cifar100_shared_images,cifar10|cifar100|rendered_sst2|stl10|tiny_imagenet,cifar10|cifar100_shared_images|rendered_sst2|stl10|tiny_imagenet,8,5,0.375,0.8360131406784056,0.8360131406784056,0.0,0.0,0.8469199538230896,0.8469199538230896,0.0,5,5,10
clip_b32,flowers102,random,17,5,10,0.5,1,0.6666666666666666,1,0.6666666666666666,cifar100,cifar100,1,cifar100_shared_images,cifar100_shared_images,cifar100,cifar100_shared_images,cifar100|fashion_mnist|mnist|stl10|usps,cifar100_shared_images|fashion_mnist|handwritten_digits|stl10,8,4,0.5,0.8360131406784056,0.8360131406784056,0.0,0.0,0.8469199538230896,0.8469199538230896,0.0,5,5,10
clip_b32,flowers102,random,18,5,10,0.5,1,1.0,1,1.0,cifar100,cifar100,1,cifar100_shared_images,cifar100_shared_images,cifar100,cifar100_shared_images,cifar100|cifar100_coarse|fashion_mnist|mnist|tiny_imagenet,cifar100_shared_images|fashion_mnist|handwritten_digits|tiny_imagenet,8,4,0.5,0.8360131406784056,0.8360131406784056,0.0,0.0,0.8469199538230896,0.8469199538230896,0.0,5,5,10
clip_b32,flowers102,random,19,5,10,0.5,0,0.3333333333333333,0,0.6666666666666666,cifar100,cifar100,1,cifar100_shared_images,cifar100_shared_images,tiny_imagenet,tiny_imagenet,fashion_mnist|rendered_sst2|stl10|tiny_imagenet|usps,fashion_mnist|handwritten_digits|rendered_sst2|stl10|tiny_imagenet,8,5,0.375,0.8360131406784056,0.8319608521461486,0.004052288532257031,0.16103900459850562,0.8469199538230896,0.8476799845695495,-0.0007600307464599165,5,5,10
clip_b32,flowers102,random,20,5,10,0.5,1,0.3333333333333333,1,0.3333333333333333,cifar100,cifar100,1,cifar100_shared_images,cifar100_shared_images,cifar100,cifar100_shared_images,cifar100|cifar100_coarse|fashion_mnist|rendered_sst2|svhn,cifar100_shared_images|fashion_mnist|rendered_sst2|svhn,8,4,0.5,0.8360131406784056,0.8360131406784056,0.0,0.0,0.8469199538230896,0.8469199538230896,0.0,5,5,10
clip_b32,flowers102,random,21,5,10,0.5,0,0.3333333333333333,1,0.6666666666666666,cifar100,cifar100,1,cifar100_shared_images,cifar100_shared_images,mnist,handwritten_digits,cifar10|cifar100_coarse|mnist|rendered_sst2|svhn,cifar10|cifar100_shared_images|handwritten_digits|rendered_sst2|svhn,8,5,0.375,0.8360131406784056,0.825817060470581,0.010196080207824587,0.4051948903451005,0.8469199538230896,0.8370399713516236,0.009879982471466042,5,5,10
clip_b32,flowers102,random,22,5,10,0.5,0,0.3333333333333333,1,0.6666666666666666,cifar100,cifar100,1,cifar100_shared_images,cifar100_shared_images,mnist,handwritten_digits,cifar100_coarse|mnist|rendered_sst2|stl10|usps,cifar100_shared_images|handwritten_digits|rendered_sst2|stl10,8,4,0.5,0.8360131406784056,0.825817060470581,0.010196080207824587,0.4051948903451005,0.8469199538230896,0.8370399713516236,0.009879982471466042,5,5,10
clip_b32,flowers102,random,23,5,10,0.5,1,0.6666666666666666,1,0.6666666666666666,cifar100,cifar100,1,cifar100_shared_images,cifar100_shared_images,cifar100,cifar100_shared_images,cifar100|cifar100_coarse|fashion_mnist|mnist|rendered_sst2,cifar100_shared_images|fashion_mnist|handwritten_digits|rendered_sst2,8,4,0.5,0.8360131406784056,0.8360131406784056,0.0,0.0,0.8469199538230896,0.8469199538230896,0.0,5,5,10
clip_b32,flowers102,random,24,5,10,0.5,0,0.3333333333333333,0,0.3333333333333333,cifar100,cifar100,1,cifar100_shared_images,cifar100_shared_images,mnist,handwritten_digits,cifar10|fashion_mnist|mnist|stl10|usps,cifar10|fashion_mnist|handwritten_digits|stl10,8,4,0.5,0.8360131406784056,0.825817060470581,0.010196080207824587,0.4051948903451005,0.8469199538230896,0.8370399713516236,0.009879982471466042,5,5,10
clip_b32,flowers102,random,25,5,10,0.5,0,0.3333333333333333,1,0.6666666666666666,cifar100,cifar100,1,cifar100_shared_images,cifar100_shared_images,tiny_imagenet,tiny_imagenet,cifar100_coarse|fashion_mnist|rendered_sst2|stl10|tiny_imagenet,cifar100_shared_images|fashion_mnist|rendered_sst2|stl10|tiny_imagenet,8,5,0.375,0.8360131406784056,0.8319608521461486,0.004052288532257031,0.16103900459850562,0.8469199538230896,0.8476799845695495,-0.0007600307464599165,5,5,10
clip_b32,flowers102,random,26,5,10,0.5,0,0.3333333333333333,1,0.6666666666666666,cifar100,cifar100,1,cifar100_shared_images,cifar100_shared_images,mnist,handwritten_digits,cifar10|cifar100_coarse|mnist|svhn|usps,cifar10|cifar100_shared_images|handwritten_digits|svhn,8,4,0.5,0.8360131406784056,0.825817060470581,0.010196080207824587,0.4051948903451005,0.8469199538230896,0.8370399713516236,0.009879982471466042,5,5,10
clip_b32,flowers102,random,27,5,10,0.5,0,0.3333333333333333,1,0.6666666666666666,cifar100,cifar100,1,cifar100_shared_images,cifar100_shared_images,mnist,handwritten_digits,cifar10|cifar100_coarse|fashion_mnist|mnist|rendered_sst2,cifar10|cifar100_shared_images|fashion_mnist|handwritten_digits|rendered_sst2,8,5,0.375,0.8360131406784056,0.825817060470581,0.010196080207824587,0.4051948903451005,0.8469199538230896,0.8370399713516236,0.009879982471466042,5,5,10
clip_b32,flowers102,random,28,5,10,0.5,0,0.6666666666666666,1,1.0,cifar100,cifar100,1,cifar100_shared_images,cifar100_shared_images,tiny_imagenet,tiny_imagenet,cifar100_coarse|mnist|svhn|tiny_imagenet|usps,cifar100_shared_images|handwritten_digits|svhn|tiny_imagenet,8,4,0.5,0.8360131406784056,0.8319608521461486,0.004052288532257031,0.16103900459850562,0.8469199538230896,0.8476799845695495,-0.0007600307464599165,5,5,10
clip_b32,flowers102,random,29,5,10,0.5,0,0.3333333333333333,1,0.6666666666666666,cifar100,cifar100,1,cifar100_shared_images,cifar100_shared_images,mnist,handwritten_digits,cifar10|cifar100_coarse|mnist|stl10|svhn,cifar10|cifar100_shared_images|handwritten_digits|stl10|svhn,8,5,0.375,0.8360131406784056,0.825817060470581,0.010196080207824587,0.4051948903451005,0.8469199538230896,0.8370399713516236,0.009879982471466042,5,5,10
clip_b32,flowers102,random,30,5,10,0.5,1,0.3333333333333333,1,0.6666666666666666,cifar100,cifar100,1,cifar100_shared_images,cifar100_shared_images,cifar100,cifar100_shared_images,cifar10|cifar100|fashion_mnist|stl10|usps,cifar10|cifar100_shared_images|fashion_mnist|handwritten_digits|stl10,8,5,0.375,0.8360131406784056,0.8360131406784056,0.0,0.0,0.8469199538230896,0.8469199538230896,0.0,5,5,10
clip_b32,flowers102,random,31,5,10,0.5,1,0.6666666666666666,1,0.6666666666666666,cifar100,cifar100,1,cifar100_shared_images,cifar100_shared_images,cifar100,cifar100_shared_images,cifar100|rendered_sst2|stl10|svhn|tiny_imagenet,cifar100_shared_images|rendered_sst2|stl10|svhn|tiny_imagenet,8,5,0.375,0.8360131406784056,0.8360131406784056,0.0,0.0,0.8469199538230896,0.8469199538230896,0.0,5,5,10
clip_b32,flowers102,random,32,5,10,0.5,1,0.3333333333333333,1,0.6666666666666666,cifar100,cifar100,1,cifar100_shared_images,cifar100_shared_images,cifar100,cifar100_shared_images,cifar10|cifar100|fashion_mnist|svhn|usps,cifar10|cifar100_shared_images|fashion_mnist|handwritten_digits|svhn,8,5,0.375,0.8360131406784056,0.8360131406784056,0.0,0.0,0.8469199538230896,0.8469199538230896,0.0,5,5,10
clip_b32,flowers102,random,33,5,10,0.5,1,1.0,1,1.0,cifar100,cifar100,1,cifar100_shared_images,cifar100_shared_images,cifar100,cifar100_shared_images,cifar100|cifar100_coarse|mnist|svhn|tiny_imagenet,cifar100_shared_images|handwritten_digits|svhn|tiny_imagenet,8,4,0.5,0.8360131406784056,0.8360131406784056,0.0,0.0,0.8469199538230896,0.8469199538230896,0.0,5,5,10
clip_b32,flowers102,random,34,5,10,0.5,0,0.3333333333333333,1,1.0,cifar100,cifar100,1,cifar100_shared_images,cifar100_shared_images,tiny_imagenet,tiny_imagenet,cifar10|cifar100_coarse|fashion_mnist|tiny_imagenet|usps,cifar10|cifar100_shared_images|fashion_mnist|handwritten_digits|tiny_imagenet,8,5,0.375,0.8360131406784056,0.8319608521461486,0.004052288532257031,0.16103900459850562,0.8469199538230896,0.8476799845695495,-0.0007600307464599165,5,5,10
clip_b32,flowers102,random,35,5,10,0.5,1,0.6666666666666666,1,0.6666666666666666,cifar100,cifar100,1,cifar100_shared_images,cifar100_shared_images,cifar100,cifar100_shared_images,cifar10|cifar100|cifar100_coarse|mnist|svhn,cifar10|cifar100_shared_images|handwritten_digits|svhn,8,4,0.5,0.8360131406784056,0.8360131406784056,0.0,0.0,0.8469199538230896,0.8469199538230896,0.0,5,5,10
clip_b32,flowers102,random,36,5,10,0.5,0,0.6666666666666666,1,1.0,cifar100,cifar100,1,cifar100_shared_images,cifar100_shared_images,tiny_imagenet,tiny_imagenet,cifar100_coarse|mnist|svhn|tiny_imagenet|usps,cifar100_shared_images|handwritten_digits|svhn|tiny_imagenet,8,4,0.5,0.8360131406784056,0.8319608521461486,0.004052288532257031,0.16103900459850562,0.8469199538230896,0.8476799845695495,-0.0007600307464599165,5,5,10
clip_b32,flowers102,random,37,5,10,0.5,0,0.3333333333333333,0,0.3333333333333333,cifar100,cifar100,1,cifar100_shared_images,cifar100_shared_images,mnist,handwritten_digits,cifar10|fashion_mnist|mnist|svhn|usps,cifar10|fashion_mnist|handwritten_digits|svhn,8,4,0.5,0.8360131406784056,0.825817060470581,0.010196080207824587,0.4051948903451005,0.8469199538230896,0.8370399713516236,0.009879982471466042,5,5,10
clip_b32,flowers102,random,38,5,10,0.5,1,0.6666666666666666,1,0.6666666666666666,cifar100,cifar100,1,cifar100_shared_images,cifar100_shared_images,cifar100,cifar100_shared_images,cifar100|mnist|rendered_sst2|stl10|usps,cifar100_shared_images|handwritten_digits|rendered_sst2|stl10,8,4,0.5,0.8360131406784056,0.8360131406784056,0.0,0.0,0.8469199538230896,0.8469199538230896,0.0,5,5,10
clip_b32,flowers102,random,39,5,10,0.5,1,1.0,1,1.0,cifar100,cifar100,1,cifar100_shared_images,cifar100_shared_images,cifar100,cifar100_shared_images,cifar100|fashion_mnist|mnist|tiny_imagenet|usps,cifar100_shared_images|fashion_mnist|handwritten_digits|tiny_imagenet,8,4,0.5,0.8360131406784056,0.8360131406784056,0.0,0.0,0.8469199538230896,0.8469199538230896,0.0,5,5,10
clip_b32,flowers102,random,40,5,10,0.5,1,0.6666666666666666,1,0.6666666666666666,cifar100,cifar100,1,cifar100_shared_images,cifar100_shared_images,cifar100,cifar100_shared_images,cifar100|cifar100_coarse|fashion_mnist|mnist|svhn,cifar100_shared_images|fashion_mnist|handwritten_digits|svhn,8,4,0.5,0.8360131406784056,0.8360131406784056,0.0,0.0,0.8469199538230896,0.8469199538230896,0.0,5,5,10
clip_b32,flowers102,random,41,5,10,0.5,0,0.3333333333333333,1,0.6666666666666666,cifar100,cifar100,1,cifar100_shared_images,cifar100_shared_images,mnist,handwritten_digits,cifar100_coarse|mnist|rendered_sst2|stl10|svhn,cifar100_shared_images|handwritten_digits|rendered_sst2|stl10|svhn,8,5,0.375,0.8360131406784056,0.825817060470581,0.010196080207824587,0.4051948903451005,0.8469199538230896,0.8370399713516236,0.009879982471466042,5,5,10
clip_b32,flowers102,random,42,5,10,0.5,1,1.0,1,1.0,cifar100,cifar100,1,cifar100_shared_images,cifar100_shared_images,cifar100,cifar100_shared_images,cifar100|cifar100_coarse|mnist|tiny_imagenet|usps,cifar100_shared_images|handwritten_digits|tiny_imagenet,8,3,0.625,0.8360131406784056,0.8360131406784056,0.0,0.0,0.8469199538230896,0.8469199538230896,0.0,5,5,10
clip_b32,flowers102,random,43,5,10,0.5,0,0.3333333333333333,1,1.0,cifar100,cifar100,1,cifar100_shared_images,cifar100_shared_images,tiny_imagenet,tiny_imagenet,cifar10|cifar100_coarse|stl10|tiny_imagenet|usps,cifar10|cifar100_shared_images|handwritten_digits|stl10|tiny_imagenet,8,5,0.375,0.8360131406784056,0.8319608521461486,0.004052288532257031,0.16103900459850562,0.8469199538230896,0.8476799845695495,-0.0007600307464599165,5,5,10
clip_b32,flowers102,random,44,5,10,0.5,0,0.6666666666666666,1,1.0,cifar100,cifar100,1,cifar100_shared_images,cifar100_shared_images,tiny_imagenet,tiny_imagenet,cifar100_coarse|fashion_mnist|mnist|rendered_sst2|tiny_imagenet,cifar100_shared_images|fashion_mnist|handwritten_digits|rendered_sst2|tiny_imagenet,8,5,0.375,0.8360131406784056,0.8319608521461486,0.004052288532257031,0.16103900459850562,0.8469199538230896,0.8476799845695495,-0.0007600307464599165,5,5,10
clip_b32,flowers102,random,45,5,10,0.5,1,0.6666666666666666,1,0.6666666666666666,cifar100,cifar100,1,cifar100_shared_images,cifar100_shared_images,cifar100,cifar100_shared_images,cifar100|cifar100_coarse|stl10|svhn|tiny_imagenet,cifar100_shared_images|stl10|svhn|tiny_imagenet,8,4,0.5,0.8360131406784056,0.8360131406784056,0.0,0.0,0.8469199538230896,0.8469199538230896,0.0,5,5,10
clip_b32,flowers102,random,46,5,10,0.5,1,0.3333333333333333,1,0.6666666666666666,cifar100,cifar100,1,cifar100_shared_images,cifar100_shared_images,cifar100,cifar100_shared_images,cifar100|rendered_sst2|stl10|svhn|usps,cifar100_shared_images|handwritten_digits|rendered_sst2|stl10|svhn,8,5,0.375,0.8360131406784056,0.8360131406784056,0.0,0.0,0.8469199538230896,0.8469199538230896,0.0,5,5,10
clip_b32,flowers102,random,47,5,10,0.5,1,0.3333333333333333,1,0.6666666666666666,cifar100,cifar100,1,cifar100_shared_images,cifar100_shared_images,cifar100,cifar100_shared_images,cifar10|cifar100|cifar100_coarse|stl10|usps,cifar10|cifar100_shared_images|handwritten_digits|stl10,8,4,0.5,0.8360131406784056,0.8360131406784056,0.0,0.0,0.8469199538230896,0.8469199538230896,0.0,5,5,10
clip_b32,flowers102,random,48,5,10,0.5,1,1.0,1,1.0,cifar100,cifar100,1,cifar100_shared_images,cifar100_shared_images,cifar100,cifar100_shared_images,cifar100|mnist|rendered_sst2|stl10|tiny_imagenet,cifar100_shared_images|handwritten_digits|rendered_sst2|stl10|tiny_imagenet,8,5,0.375,0.8360131406784056,0.8360131406784056,0.0,0.0,0.8469199538230896,0.8469199538230896,0.0,5,5,10
clip_b32,flowers102,random,49,5,10,0.5,0,0.3333333333333333,1,1.0,cifar100,cifar100,1,cifar100_shared_images,cifar100_shared_images,tiny_imagenet,tiny_imagenet,cifar100_coarse|fashion_mnist|stl10|tiny_imagenet|usps,cifar100_shared_images|fashion_mnist|handwritten_digits|stl10|tiny_imagenet,8,5,0.375,0.8360131406784056,0.8319608521461486,0.004052288532257031,0.16103900459850562,0.8469199538230896,0.8476799845695495,-0.0007600307464599165,5,5,10
clip_b32,flowers102,random,50,5,10,0.5,0,0.3333333333333333,1,1.0,cifar100,cifar100,1,cifar100_shared_images,cifar100_shared_images,tiny_imagenet,tiny_imagenet,cifar100_coarse|rendered_sst2|svhn|tiny_imagenet|usps,cifar100_shared_images|handwritten_digits|rendered_sst2|svhn|tiny_imagenet,8,5,0.375,0.8360131406784056,0.8319608521461486,0.004052288532257031,0.16103900459850562,0.8469199538230896,0.8476799845695495,-0.0007600307464599165,5,5,10
clip_b32,flowers102,random,51,5,10,0.5,1,0.6666666666666666,1,0.6666666666666666,cifar100,cifar100,1,cifar100_shared_images,cifar100_shared_images,cifar100,cifar100_shared_images,cifar100|fashion_mnist|mnist|stl10|usps,cifar100_shared_images|fashion_mnist|handwritten_digits|stl10,8,4,0.5,0.8360131406784056,0.8360131406784056,0.0,0.0,0.8469199538230896,0.8469199538230896,0.0,5,5,10
clip_b32,flowers102,random,52,5,10,0.5,1,0.6666666666666666,1,0.6666666666666666,cifar100,cifar100,1,cifar100_shared_images,cifar100_shared_images,cifar100,cifar100_shared_images,cifar10|cifar100|mnist|rendered_sst2|usps,cifar10|cifar100_shared_images|handwritten_digits|rendered_sst2,8,4,0.5,0.8360131406784056,0.8360131406784056,0.0,0.0,0.8469199538230896,0.8469199538230896,0.0,5,5,10
clip_b32,flowers102,random,53,5,10,0.5,1,0.6666666666666666,1,0.6666666666666666,cifar100,cifar100,1,cifar100_shared_images,cifar100_shared_images,cifar100,cifar100_shared_images,cifar100|cifar100_coarse|fashion_mnist|stl10|tiny_imagenet,cifar100_shared_images|fashion_mnist|stl10|tiny_imagenet,8,4,0.5,0.8360131406784056,0.8360131406784056,0.0,0.0,0.8469199538230896,0.8469199538230896,0.0,5,5,10
clip_b32,flowers102,random,54,5,10,0.5,0,0.6666666666666666,0,0.6666666666666666,cifar100,cifar100,1,cifar100_shared_images,cifar100_shared_images,tiny_imagenet,tiny_imagenet,fashion_mnist|mnist|rendered_sst2|tiny_imagenet|usps,fashion_mnist|handwritten_digits|rendered_sst2|tiny_imagenet,8,4,0.5,0.8360131406784056,0.8319608521461486,0.004052288532257031,0.16103900459850562,0.8469199538230896,0.8476799845695495,-0.0007600307464599165,5,5,10
clip_b32,flowers102,random,55,5,10,0.5,0,0.3333333333333333,1,0.6666666666666666,cifar100,cifar100,1,cifar100_shared_images,cifar100_shared_images,tiny_imagenet,tiny_imagenet,cifar100_coarse|rendered_sst2|stl10|svhn|tiny_imagenet,cifar100_shared_images|rendered_sst2|stl10|svhn|tiny_imagenet,8,5,0.375,0.8360131406784056,0.8319608521461486,0.004052288532257031,0.16103900459850562,0.8469199538230896,0.8476799845695495,-0.0007600307464599165,5,5,10
clip_b32,flowers102,random,56,5,10,0.5,1,0.6666666666666666,1,1.0,cifar100,cifar100,1,cifar100_shared_images,cifar100_shared_images,cifar100,cifar100_shared_images,cifar100|cifar100_coarse|fashion_mnist|tiny_imagenet|usps,cifar100_shared_images|fashion_mnist|handwritten_digits|tiny_imagenet,8,4,0.5,0.8360131406784056,0.8360131406784056,0.0,0.0,0.8469199538230896,0.8469199538230896,0.0,5,5,10
clip_b32,flowers102,random,57,5,10,0.5,1,0.3333333333333333,1,0.3333333333333333,cifar100,cifar100,1,cifar100_shared_images,cifar100_shared_images,cifar100,cifar100_shared_images,cifar10|cifar100|cifar100_coarse|fashion_mnist|rendered_sst2,cifar10|cifar100_shared_images|fashion_mnist|rendered_sst2,8,4,0.5,0.8360131406784056,0.8360131406784056,0.0,0.0,0.8469199538230896,0.8469199538230896,0.0,5,5,10
clip_b32,flowers102,random,58,5,10,0.5,1,0.3333333333333333,1,0.3333333333333333,cifar100,cifar100,1,cifar100_shared_images,cifar100_shared_images,cifar100,cifar100_shared_images,cifar10|cifar100|fashion_mnist|rendered_sst2|svhn,cifar10|cifar100_shared_images|fashion_mnist|rendered_sst2|svhn,8,5,0.375,0.8360131406784056,0.8360131406784056,0.0,0.0,0.8469199538230896,0.8469199538230896,0.0,5,5,10
clip_b32,flowers102,random,59,5,10,0.5,1,0.6666666666666666,1,0.6666666666666666,cifar100,cifar100,1,cifar100_shared_images,cifar100_shared_images,cifar100,cifar100_shared_images,cifar10|cifar100|cifar100_coarse|fashion_mnist|tiny_imagenet,cifar10|cifar100_shared_images|fashion_mnist|tiny_imagenet,8,4,0.5,0.8360131406784056,0.8360131406784056,0.0,0.0,0.8469199538230896,0.8469199538230896,0.0,5,5,10
clip_b32,flowers102,random,60,5,10,0.5,1,0.6666666666666666,1,0.6666666666666666,cifar100,cifar100,1,cifar100_shared_images,cifar100_shared_images,cifar100,cifar100_shared_images,cifar100|cifar100_coarse|fashion_mnist|rendered_sst2|tiny_imagenet,cifar100_shared_images|fashion_mnist|rendered_sst2|tiny_imagenet,8,4,0.5,0.8360131406784056,0.8360131406784056,0.0,0.0,0.8469199538230896,0.8469199538230896,0.0,5,5,10
clip_b32,flowers102,random,61,5,10,0.5,1,0.6666666666666666,1,1.0,cifar100,cifar100,1,cifar100_shared_images,cifar100_shared_images,cifar100,cifar100_shared_images,cifar100|cifar100_coarse|svhn|tiny_imagenet|usps,cifar100_shared_images|handwritten_digits|svhn|tiny_imagenet,8,4,0.5,0.8360131406784056,0.8360131406784056,0.0,0.0,0.8469199538230896,0.8469199538230896,0.0,5,5,10
clip_b32,flowers102,random,62,5,10,0.5,1,0.3333333333333333,1,0.3333333333333333,cifar100,cifar100,1,cifar100_shared_images,cifar100_shared_images,cifar100,cifar100_shared_images,cifar10|cifar100|fashion_mnist|rendered_sst2|svhn,cifar10|cifar100_shared_images|fashion_mnist|rendered_sst2|svhn,8,5,0.375,0.8360131406784056,0.8360131406784056,0.0,0.0,0.8469199538230896,0.8469199538230896,0.0,5,5,10
clip_b32,flowers102,random,63,5,10,0.5,1,0.6666666666666666,1,0.6666666666666666,cifar100,cifar100,1,cifar100_shared_images,cifar100_shared_images,cifar100,cifar100_shared_images,cifar100|fashion_mnist|rendered_sst2|svhn|tiny_imagenet,cifar100_shared_images|fashion_mnist|rendered_sst2|svhn|tiny_imagenet,8,5,0.375,0.8360131406784056,0.8360131406784056,0.0,0.0,0.8469199538230896,0.8469199538230896,0.0,5,5,10
clip_b32,flowers102,random,64,5,10,0.5,0,0.0,0,0.3333333333333333,cifar100,cifar100,1,cifar100_shared_images,cifar100_shared_images,stl10,stl10,cifar10|rendered_sst2|stl10|svhn|usps,cifar10|handwritten_digits|rendered_sst2|stl10|svhn,8,5,0.375,0.8360131406784056,0.8249673843383789,0.011045756340026691,0.43896124174671786,0.8469199538230896,0.8365999698638916,0.010319983959197976,5,5,10
clip_b32,flowers102,random,65,5,10,0.5,0,0.0,1,0.6666666666666666,cifar100,cifar100,1,cifar100_shared_images,cifar100_shared_images,stl10,stl10,cifar100_coarse|fashion_mnist|stl10|svhn|usps,cifar100_shared_images|fashion_mnist|handwritten_digits|stl10|svhn,8,5,0.375,0.8360131406784056,0.8249673843383789,0.011045756340026691,0.43896124174671786,0.8469199538230896,0.8365999698638916,0.010319983959197976,5,5,10
clip_b32,flowers102,random,66,5,10,0.5,1,0.6666666666666666,1,1.0,cifar100,cifar100,1,cifar100_shared_images,cifar100_shared_images,cifar100,cifar100_shared_images,cifar100|fashion_mnist|rendered_sst2|tiny_imagenet|usps,cifar100_shared_images|fashion_mnist|handwritten_digits|rendered_sst2|tiny_imagenet,8,5,0.375,0.8360131406784056,0.8360131406784056,0.0,0.0,0.8469199538230896,0.8469199538230896,0.0,5,5,10
clip_b32,flowers102,random,67,5,10,0.5,0,0.0,0,0.3333333333333333,cifar100,cifar100,1,cifar100_shared_images,cifar100_shared_images,cifar10,cifar10,cifar10|fashion_mnist|rendered_sst2|svhn|usps,cifar10|fashion_mnist|handwritten_digits|rendered_sst2|svhn,8,5,0.375,0.8360131406784056,0.8221569307645161,0.013856209913889472,0.5506494007715371,0.8469199538230896,0.8387999534606934,0.00812000036239624,5,5,10
clip_b32,flowers102,random,68,5,10,0.5,1,0.6666666666666666,1,0.6666666666666666,cifar100,cifar100,1,cifar100_shared_images,cifar100_shared_images,cifar100,cifar100_shared_images,cifar10|cifar100|fashion_mnist|mnist|stl10,cifar10|cifar100_shared_images|fashion_mnist|handwritten_digits|stl10,8,5,0.375,0.8360131406784056,0.8360131406784056,0.0,0.0,0.8469199538230896,0.8469199538230896,0.0,5,5,10
clip_b32,flowers102,random,69,5,10,0.5,0,0.0,0,0.3333333333333333,cifar100,cifar100,1,cifar100_shared_images,cifar100_shared_images,cifar10,cifar10,cifar10|fashion_mnist|rendered_sst2|svhn|usps,cifar10|fashion_mnist|handwritten_digits|rendered_sst2|svhn,8,5,0.375,0.8360131406784056,0.8221569307645161,0.013856209913889472,0.5506494007715371,0.8469199538230896,0.8387999534606934,0.00812000036239624,5,5,10
clip_b32,flowers102,random,70,5,10,0.5,1,0.3333333333333333,1,0.6666666666666666,cifar100,cifar100,1,cifar100_shared_images,cifar100_shared_images,cifar100,cifar100_shared_images,cifar100|cifar100_coarse|fashion_mnist|svhn|usps,cifar100_shared_images|fashion_mnist|handwritten_digits|svhn,8,4,0.5,0.8360131406784056,0.8360131406784056,0.0,0.0,0.8469199538230896,0.8469199538230896,0.0,5,5,10
clip_b32,flowers102,random,71,5,10,0.5,1,1.0,1,1.0,cifar100,cifar100,1,cifar100_shared_images,cifar100_shared_images,cifar100,cifar100_shared_images,cifar100|cifar100_coarse|mnist|stl10|tiny_imagenet,cifar100_shared_images|handwritten_digits|stl10|tiny_imagenet,8,4,0.5,0.8360131406784056,0.8360131406784056,0.0,0.0,0.8469199538230896,0.8469199538230896,0.0,5,5,10
clip_b32,flowers102,random,72,5,10,0.5,1,0.6666666666666666,1,0.6666666666666666,cifar100,cifar100,1,cifar100_shared_images,cifar100_shared_images,cifar100,cifar100_shared_images,cifar100|fashion_mnist|mnist|rendered_sst2|svhn,cifar100_shared_images|fashion_mnist|handwritten_digits|rendered_sst2|svhn,8,5,0.375,0.8360131406784056,0.8360131406784056,0.0,0.0,0.8469199538230896,0.8469199538230896,0.0,5,5,10
clip_b32,flowers102,random,73,5,10,0.5,1,1.0,1,1.0,cifar100,cifar100,1,cifar100_shared_images,cifar100_shared_images,cifar100,cifar100_shared_images,cifar10|cifar100|mnist|tiny_imagenet|usps,cifar10|cifar100_shared_images|handwritten_digits|tiny_imagenet,8,4,0.5,0.8360131406784056,0.8360131406784056,0.0,0.0,0.8469199538230896,0.8469199538230896,0.0,5,5,10
clip_b32,flowers102,random,74,5,10,0.5,0,0.3333333333333333,0,0.6666666666666666,cifar100,cifar100,1,cifar100_shared_images,cifar100_shared_images,tiny_imagenet,tiny_imagenet,cifar10|rendered_sst2|svhn|tiny_imagenet|usps,cifar10|handwritten_digits|rendered_sst2|svhn|tiny_imagenet,8,5,0.375,0.8360131406784056,0.8319608521461486,0.004052288532257031,0.16103900459850562,0.8469199538230896,0.8476799845695495,-0.0007600307464599165,5,5,10
clip_b32,flowers102,random,75,5,10,0.5,0,0.6666666666666666,0,0.6666666666666666,cifar100,cifar100,1,cifar100_shared_images,cifar100_shared_images,tiny_imagenet,tiny_imagenet,cifar10|fashion_mnist|mnist|tiny_imagenet|usps,cifar10|fashion_mnist|handwritten_digits|tiny_imagenet,8,4,0.5,0.8360131406784056,0.8319608521461486,0.004052288532257031,0.16103900459850562,0.8469199538230896,0.8476799845695495,-0.0007600307464599165,5,5,10
clip_b32,flowers102,random,76,5,10,0.5,0,0.3333333333333333,1,0.6666666666666666,cifar100,cifar100,1,cifar100_shared_images,cifar100_shared_images,mnist,handwritten_digits,cifar10|cifar100_coarse|mnist|stl10|usps,cifar10|cifar100_shared_images|handwritten_digits|stl10,8,4,0.5,0.8360131406784056,0.825817060470581,0.010196080207824587,0.4051948903451005,0.8469199538230896,0.8370399713516236,0.009879982471466042,5,5,10
clip_b32,flowers102,random,77,5,10,0.5,1,1.0,1,1.0,cifar100,cifar100,1,cifar100_shared_images,cifar100_shared_images,cifar100,cifar100_shared_images,cifar100|mnist|svhn|tiny_imagenet|usps,cifar100_shared_images|handwritten_digits|svhn|tiny_imagenet,8,4,0.5,0.8360131406784056,0.8360131406784056,0.0,0.0,0.8469199538230896,0.8469199538230896,0.0,5,5,10
clip_b32,flowers102,random,78,5,10,0.5,0,0.6666666666666666,0,0.6666666666666666,cifar100,cifar100,1,cifar100_shared_images,cifar100_shared_images,tiny_imagenet,tiny_imagenet,fashion_mnist|mnist|stl10|svhn|tiny_imagenet,fashion_mnist|handwritten_digits|stl10|svhn|tiny_imagenet,8,5,0.375,0.8360131406784056,0.8319608521461486,0.004052288532257031,0.16103900459850562,0.8469199538230896,0.8476799845695495,-0.0007600307464599165,5,5,10
clip_b32,flowers102,random,79,5,10,0.5,0,0.3333333333333333,0,0.3333333333333333,cifar100,cifar100,1,cifar100_shared_images,cifar100_shared_images,tiny_imagenet,tiny_imagenet,cifar10|fashion_mnist|stl10|svhn|tiny_imagenet,cifar10|fashion_mnist|stl10|svhn|tiny_imagenet,8,5,0.375,0.8360131406784056,0.8319608521461486,0.004052288532257031,0.16103900459850562,0.8469199538230896,0.8476799845695495,-0.0007600307464599165,5,5,10
clip_b32,flowers102,random,80,5,10,0.5,1,0.6666666666666666,1,1.0,cifar100,cifar100,1,cifar100_shared_images,cifar100_shared_images,cifar100,cifar100_shared_images,cifar100|fashion_mnist|stl10|tiny_imagenet|usps,cifar100_shared_images|fashion_mnist|handwritten_digits|stl10|tiny_imagenet,8,5,0.375,0.8360131406784056,0.8360131406784056,0.0,0.0,0.8469199538230896,0.8469199538230896,0.0,5,5,10
clip_b32,flowers102,random,81,5,10,0.5,0,0.3333333333333333,0,0.6666666666666666,cifar100,cifar100,1,cifar100_shared_images,cifar100_shared_images,tiny_imagenet,tiny_imagenet,fashion_mnist|rendered_sst2|svhn|tiny_imagenet|usps,fashion_mnist|handwritten_digits|rendered_sst2|svhn|tiny_imagenet,8,5,0.375,0.8360131406784056,0.8319608521461486,0.004052288532257031,0.16103900459850562,0.8469199538230896,0.8476799845695495,-0.0007600307464599165,5,5,10
clip_b32,flowers102,random,82,5,10,0.5,0,0.0,1,0.3333333333333333,cifar100,cifar100,1,cifar100_shared_images,cifar100_shared_images,stl10,stl10,cifar10|cifar100_coarse|fashion_mnist|rendered_sst2|stl10,cifar10|cifar100_shared_images|fashion_mnist|rendered_sst2|stl10,8,5,0.375,0.8360131406784056,0.8249673843383789,0.011045756340026691,0.43896124174671786,0.8469199538230896,0.8365999698638916,0.010319983959197976,5,5,10
clip_b32,flowers102,random,83,5,10,0.5,0,0.0,1,0.6666666666666666,cifar100,cifar100,1,cifar100_shared_images,cifar100_shared_images,stl10,stl10,cifar100_coarse|fashion_mnist|rendered_sst2|stl10|usps,cifar100_shared_images|fashion_mnist|handwritten_digits|rendered_sst2|stl10,8,5,0.375,0.8360131406784056,0.8249673843383789,0.011045756340026691,0.43896124174671786,0.8469199538230896,0.8365999698638916,0.010319983959197976,5,5,10
clip_b32,flowers102,random,84,5,10,0.5,1,0.3333333333333333,1,0.3333333333333333,cifar100,cifar100,1,cifar100_shared_images,cifar100_shared_images,cifar100,cifar100_shared_images,cifar100|cifar100_coarse|fashion_mnist|rendered_sst2|svhn,cifar100_shared_images|fashion_mnist|rendered_sst2|svhn,8,4,0.5,0.8360131406784056,0.8360131406784056,0.0,0.0,0.8469199538230896,0.8469199538230896,0.0,5,5,10
clip_b32,flowers102,random,85,5,10,0.5,0,0.6666666666666666,0,0.6666666666666666,cifar100,cifar100,1,cifar100_shared_images,cifar100_shared_images,tiny_imagenet,tiny_imagenet,cifar10|fashion_mnist|mnist|rendered_sst2|tiny_imagenet,cifar10|fashion_mnist|handwritten_digits|rendered_sst2|tiny_imagenet,8,5,0.375,0.8360131406784056,0.8319608521461486,0.004052288532257031,0.16103900459850562,0.8469199538230896,0.8476799845695495,-0.0007600307464599165,5,5,10
clip_b32,flowers102,random,86,5,10,0.5,1,1.0,1,1.0,cifar100,cifar100,1,cifar100_shared_images,cifar100_shared_images,cifar100,cifar100_shared_images,cifar100|fashion_mnist|mnist|rendered_sst2|tiny_imagenet,cifar100_shared_images|fashion_mnist|handwritten_digits|rendered_sst2|tiny_imagenet,8,5,0.375,0.8360131406784056,0.8360131406784056,0.0,0.0,0.8469199538230896,0.8469199538230896,0.0,5,5,10
clip_b32,flowers102,random,87,5,10,0.5,1,0.6666666666666666,1,1.0,cifar100,cifar100,1,cifar100_shared_images,cifar100_shared_images,cifar100,cifar100_shared_images,cifar10|cifar100|fashion_mnist|tiny_imagenet|usps,cifar10|cifar100_shared_images|fashion_mnist|handwritten_digits|tiny_imagenet,8,5,0.375,0.8360131406784056,0.8360131406784056,0.0,0.0,0.8469199538230896,0.8469199538230896,0.0,5,5,10
clip_b32,flowers102,random,88,5,10,0.5,0,0.3333333333333333,1,0.6666666666666666,cifar100,cifar100,1,cifar100_shared_images,cifar100_shared_images,tiny_imagenet,tiny_imagenet,cifar10|cifar100_coarse|fashion_mnist|stl10|tiny_imagenet,cifar10|cifar100_shared_images|fashion_mnist|stl10|tiny_imagenet,8,5,0.375,0.8360131406784056,0.8319608521461486,0.004052288532257031,0.16103900459850562,0.8469199538230896,0.8476799845695495,-0.0007600307464599165,5,5,10
clip_b32,flowers102,random,89,5,10,0.5,1,0.6666666666666666,1,0.6666666666666666,cifar100,cifar100,1,cifar100_shared_images,cifar100_shared_images,cifar100,cifar100_shared_images,cifar10|cifar100|cifar100_coarse|fashion_mnist|tiny_imagenet,cifar10|cifar100_shared_images|fashion_mnist|tiny_imagenet,8,4,0.5,0.8360131406784056,0.8360131406784056,0.0,0.0,0.8469199538230896,0.8469199538230896,0.0,5,5,10
clip_b32,flowers102,random,90,5,10,0.5,1,0.6666666666666666,1,0.6666666666666666,cifar100,cifar100,1,cifar100_shared_images,cifar100_shared_images,cifar100,cifar100_shared_images,cifar10|cifar100|mnist|rendered_sst2|svhn,cifar10|cifar100_shared_images|handwritten_digits|rendered_sst2|svhn,8,5,0.375,0.8360131406784056,0.8360131406784056,0.0,0.0,0.8469199538230896,0.8469199538230896,0.0,5,5,10
clip_b32,flowers102,random,91,5,10,0.5,1,0.6666666666666666,1,0.6666666666666666,cifar100,cifar100,1,cifar100_shared_images,cifar100_shared_images,cifar100,cifar100_shared_images,cifar100|rendered_sst2|stl10|svhn|tiny_imagenet,cifar100_shared_images|rendered_sst2|stl10|svhn|tiny_imagenet,8,5,0.375,0.8360131406784056,0.8360131406784056,0.0,0.0,0.8469199538230896,0.8469199538230896,0.0,5,5,10
clip_b32,flowers102,random,92,5,10,0.5,0,0.0,1,0.3333333333333333,cifar100,cifar100,1,cifar100_shared_images,cifar100_shared_images,cifar10,cifar10,cifar10|cifar100_coarse|fashion_mnist|rendered_sst2|svhn,cifar10|cifar100_shared_images|fashion_mnist|rendered_sst2|svhn,8,5,0.375,0.8360131406784056,0.8221569307645161,0.013856209913889472,0.5506494007715371,0.8469199538230896,0.8387999534606934,0.00812000036239624,5,5,10
clip_b32,flowers102,random,93,5,10,0.5,1,0.6666666666666666,1,0.6666666666666666,cifar100,cifar100,1,cifar100_shared_images,cifar100_shared_images,cifar100,cifar100_shared_images,cifar100|cifar100_coarse|fashion_mnist|mnist|usps,cifar100_shared_images|fashion_mnist|handwritten_digits,8,3,0.625,0.8360131406784056,0.8360131406784056,0.0,0.0,0.8469199538230896,0.8469199538230896,0.0,5,5,10
clip_b32,flowers102,random,94,5,10,0.5,0,0.3333333333333333,0,0.3333333333333333,cifar100,cifar100,1,cifar100_shared_images,cifar100_shared_images,mnist,handwritten_digits,cifar10|fashion_mnist|mnist|rendered_sst2|stl10,cifar10|fashion_mnist|handwritten_digits|rendered_sst2|stl10,8,5,0.375,0.8360131406784056,0.825817060470581,0.010196080207824587,0.4051948903451005,0.8469199538230896,0.8370399713516236,0.009879982471466042,5,5,10
clip_b32,flowers102,random,95,5,10,0.5,0,0.6666666666666666,1,1.0,cifar100,cifar100,1,cifar100_shared_images,cifar100_shared_images,tiny_imagenet,tiny_imagenet,cifar10|cifar100_coarse|mnist|tiny_imagenet|usps,cifar10|cifar100_shared_images|handwritten_digits|tiny_imagenet,8,4,0.5,0.8360131406784056,0.8319608521461486,0.004052288532257031,0.16103900459850562,0.8469199538230896,0.8476799845695495,-0.0007600307464599165,5,5,10
clip_b32,flowers102,random,96,5,10,0.5,0,0.3333333333333333,0,0.3333333333333333,cifar100,cifar100,1,cifar100_shared_images,cifar100_shared_images,mnist,handwritten_digits,cifar10|mnist|rendered_sst2|stl10|svhn,cifar10|handwritten_digits|rendered_sst2|stl10|svhn,8,5,0.375,0.8360131406784056,0.825817060470581,0.010196080207824587,0.4051948903451005,0.8469199538230896,0.8370399713516236,0.009879982471466042,5,5,10
clip_b32,flowers102,random,97,5,10,0.5,1,0.3333333333333333,1,0.6666666666666666,cifar100,cifar100,1,cifar100_shared_images,cifar100_shared_images,cifar100,cifar100_shared_images,cifar10|cifar100|fashion_mnist|svhn|usps,cifar10|cifar100_shared_images|fashion_mnist|handwritten_digits|svhn,8,5,0.375,0.8360131406784056,0.8360131406784056,0.0,0.0,0.8469199538230896,0.8469199538230896,0.0,5,5,10
clip_b32,flowers102,random,98,5,10,0.5,1,0.6666666666666666,1,0.6666666666666666,cifar100,cifar100,1,cifar100_shared_images,cifar100_shared_images,cifar100,cifar100_shared_images,cifar100|cifar100_coarse|mnist|stl10|usps,cifar100_shared_images|handwritten_digits|stl10,8,3,0.625,0.8360131406784056,0.8360131406784056,0.0,0.0,0.8469199538230896,0.8469199538230896,0.0,5,5,10
clip_b32,flowers102,random,99,5,10,0.5,0,0.3333333333333333,0,0.3333333333333333,cifar100,cifar100,1,cifar100_shared_images,cifar100_shared_images,mnist,handwritten_digits,cifar10|fashion_mnist|mnist|stl10|usps,cifar10|fashion_mnist|handwritten_digits|stl10,8,4,0.5,0.8360131406784056,0.825817060470581,0.010196080207824587,0.4051948903451005,0.8469199538230896,0.8370399713516236,0.009879982471466042,5,5,10
clip_b32,food101,rank_only,-1,3,10,0.7,1,0.3333333333333333,1,0.5,tiny_imagenet,tiny_imagenet,1,tiny_imagenet,tiny_imagenet,tiny_imagenet,tiny_imagenet,rendered_sst2|tiny_imagenet|stl10,rendered_sst2|stl10|tiny_imagenet,8,3,0.625,0.6995333655516306,0.6995333655516306,0.0,0.0,0.7580799579620361,0.7580799579620361,0.0,5,3,10
clip_b32,food101,facility_subspace,-1,3,10,0.7,0,0.3333333333333333,0,0.5,tiny_imagenet,tiny_imagenet,1,tiny_imagenet,tiny_imagenet,cifar100,cifar100_shared_images,cifar100|usps|rendered_sst2,cifar100_shared_images|handwritten_digits|rendered_sst2,8,3,0.625,0.6995333655516306,0.6975066955884297,0.002026669963200889,0.0944100773677837,0.7580799579620361,0.7504799842834473,0.007599973678588778,5,3,10
clip_b32,food101,kcenter_subspace,-1,3,10,0.7,0,0.0,0,0.0,tiny_imagenet,tiny_imagenet,1,tiny_imagenet,tiny_imagenet,rendered_sst2,rendered_sst2,rendered_sst2|stl10|mnist,handwritten_digits|rendered_sst2|stl10,8,3,0.625,0.6995333655516306,0.6873867006619772,0.012146664889653436,0.5658383421154262,0.7580799579620361,0.7437999725341797,0.014279985427856356,5,3,10
clip_b32,food101,dpp_subspace,-1,3,10,0.7,1,0.3333333333333333,1,0.5,tiny_imagenet,tiny_imagenet,1,tiny_imagenet,tiny_imagenet,tiny_imagenet,tiny_imagenet,rendered_sst2|tiny_imagenet|stl10,rendered_sst2|stl10|tiny_imagenet,8,3,0.625,0.6995333655516306,0.6995333655516306,0.0,0.0,0.7580799579620361,0.7580799579620361,0.0,5,3,10
clip_b32,food101,pool_vendi_subspace,-1,3,10,0.7,0,0.0,0,0.0,tiny_imagenet,tiny_imagenet,1,tiny_imagenet,tiny_imagenet,rendered_sst2,rendered_sst2,rendered_sst2|stl10|mnist,handwritten_digits|rendered_sst2|stl10,8,3,0.625,0.6995333655516306,0.6873867006619772,0.012146664889653436,0.5658383421154262,0.7580799579620361,0.7437999725341797,0.014279985427856356,5,3,10
clip_b32,food101,full_merged_rank,-1,3,10,0.7,1,0.3333333333333333,1,0.5,tiny_imagenet,tiny_imagenet,1,tiny_imagenet,tiny_imagenet,tiny_imagenet,tiny_imagenet,rendered_sst2|tiny_imagenet|stl10,rendered_sst2|stl10|tiny_imagenet,8,3,0.625,0.6995333655516306,0.6995333655516306,0.0,0.0,0.7580799579620361,0.7580799579620361,0.0,5,3,10
clip_b32,food101,random,0,3,10,0.7,0,0.3333333333333333,0,0.5,tiny_imagenet,tiny_imagenet,1,tiny_imagenet,tiny_imagenet,cifar100,cifar100_shared_images,cifar10|cifar100|mnist,cifar10|cifar100_shared_images|handwritten_digits,8,3,0.625,0.6995333655516306,0.6975066955884297,0.002026669963200889,0.0944100773677837,0.7580799579620361,0.7504799842834473,0.007599973678588778,5,3,10
clip_b32,food101,random,1,3,10,0.7,0,0.3333333333333333,0,0.5,tiny_imagenet,tiny_imagenet,1,tiny_imagenet,tiny_imagenet,cifar100_coarse,cifar100_shared_images,cifar100_coarse|mnist|svhn,cifar100_shared_images|handwritten_digits|svhn,8,3,0.625,0.6995333655516306,0.6897733623107275,0.009760003240903092,0.4546584682333622,0.7580799579620361,0.7418399572372436,0.01624000072479248,5,3,10
clip_b32,food101,random,2,3,10,0.7,0,0.0,0,0.0,tiny_imagenet,tiny_imagenet,1,tiny_imagenet,tiny_imagenet,cifar10,cifar10,cifar10|fashion_mnist|rendered_sst2,cifar10|fashion_mnist|rendered_sst2,8,3,0.625,0.6995333655516306,0.6878400292555491,0.011693336296081491,0.5447205536401087,0.7580799579620361,0.7407199621200562,0.01735999584197989,5,3,10
clip_b32,food101,random,3,3,10,0.7,1,0.6666666666666666,1,1.0,tiny_imagenet,tiny_imagenet,1,tiny_imagenet,tiny_imagenet,tiny_imagenet,tiny_imagenet,cifar100|tiny_imagenet|usps,cifar100_shared_images|handwritten_digits|tiny_imagenet,8,3,0.625,0.6995333655516306,0.6995333655516306,0.0,0.0,0.7580799579620361,0.7580799579620361,0.0,5,3,10
clip_b32,food101,random,4,3,10,0.7,0,0.3333333333333333,0,0.5,tiny_imagenet,tiny_imagenet,1,tiny_imagenet,tiny_imagenet,cifar100,cifar100_shared_images,cifar100|stl10|svhn,cifar100_shared_images|stl10|svhn,8,3,0.625,0.6995333655516306,0.6975066955884297,0.002026669963200889,0.0944100773677837,0.7580799579620361,0.7504799842834473,0.007599973678588778,5,3,10
clip_b32,food101,random,5,3,10,0.7,0,0.3333333333333333,0,0.5,tiny_imagenet,tiny_imagenet,1,tiny_imagenet,tiny_imagenet,cifar100,cifar100_shared_images,cifar10|cifar100|usps,cifar10|cifar100_shared_images|handwritten_digits,8,3,0.625,0.6995333655516306,0.6975066955884297,0.002026669963200889,0.0944100773677837,0.7580799579620361,0.7504799842834473,0.007599973678588778,5,3,10
clip_b32,food101,random,6,3,10,0.7,0,0.0,0,0.0,tiny_imagenet,tiny_imagenet,1,tiny_imagenet,tiny_imagenet,stl10,stl10,fashion_mnist|stl10|svhn,fashion_mnist|stl10|svhn,8,3,0.625,0.6995333655516306,0.6850533644437791,0.014480001107851526,0.6745341124603966,0.7580799579620361,0.7406799674034119,0.01739999055862418,5,3,10
clip_b32,food101,random,7,3,10,0.7,0,0.3333333333333333,0,0.5,tiny_imagenet,tiny_imagenet,1,tiny_imagenet,tiny_imagenet,cifar100,cifar100_shared_images,cifar100|fashion_mnist|rendered_sst2,cifar100_shared_images|fashion_mnist|rendered_sst2,8,3,0.625,0.6995333655516306,0.6975066955884297,0.002026669963200889,0.0944100773677837,0.7580799579620361,0.7504799842834473,0.007599973678588778,5,3,10
clip_b32,food101,random,8,3,10,0.7,0,0.3333333333333333,0,0.5,tiny_imagenet,tiny_imagenet,1,tiny_imagenet,tiny_imagenet,cifar100,cifar100_shared_images,cifar10|cifar100|mnist,cifar10|cifar100_shared_images|handwritten_digits,8,3,0.625,0.6995333655516306,0.6975066955884297,0.002026669963200889,0.0944100773677837,0.7580799579620361,0.7504799842834473,0.007599973678588778,5,3,10
clip_b32,food101,random,9,3,10,0.7,0,0.3333333333333333,0,0.5,tiny_imagenet,tiny_imagenet,1,tiny_imagenet,tiny_imagenet,cifar100,cifar100_shared_images,cifar10|cifar100|svhn,cifar10|cifar100_shared_images|svhn,8,3,0.625,0.6995333655516306,0.6975066955884297,0.002026669963200889,0.0944100773677837,0.7580799579620361,0.7504799842834473,0.007599973678588778,5,3,10
clip_b32,food101,random,10,3,10,0.7,0,0.6666666666666666,0,0.5,tiny_imagenet,tiny_imagenet,1,tiny_imagenet,tiny_imagenet,cifar100,cifar100_shared_images,cifar100|cifar100_coarse|usps,cifar100_shared_images|handwritten_digits,8,2,0.75,0.6995333655516306,0.6975066955884297,0.002026669963200889,0.0944100773677837,0.7580799579620361,0.7504799842834473,0.007599973678588778,5,3,10
clip_b32,food101,random,11,3,10,0.7,0,0.3333333333333333,0,0.5,tiny_imagenet,tiny_imagenet,1,tiny_imagenet,tiny_imagenet,cifar100,cifar100_shared_images,cifar100|mnist|usps,cifar100_shared_images|handwritten_digits,8,2,0.75,0.6995333655516306,0.6975066955884297,0.002026669963200889,0.0944100773677837,0.7580799579620361,0.7504799842834473,0.007599973678588778,5,3,10
clip_b32,food101,random,12,3,10,0.7,1,0.3333333333333333,1,0.5,tiny_imagenet,tiny_imagenet,1,tiny_imagenet,tiny_imagenet,tiny_imagenet,tiny_imagenet,rendered_sst2|tiny_imagenet|usps,handwritten_digits|rendered_sst2|tiny_imagenet,8,3,0.625,0.6995333655516306,0.6995333655516306,0.0,0.0,0.7580799579620361,0.7580799579620361,0.0,5,3,10
clip_b32,food101,random,13,3,10,0.7,0,0.0,0,0.0,tiny_imagenet,tiny_imagenet,1,tiny_imagenet,tiny_imagenet,rendered_sst2,rendered_sst2,rendered_sst2|stl10|svhn,rendered_sst2|stl10|svhn,8,3,0.625,0.6995333655516306,0.6873867006619772,0.012146664889653436,0.5658383421154262,0.7580799579620361,0.7437999725341797,0.014279985427856356,5,3,10
clip_b32,food101,random,14,3,10,0.7,1,0.3333333333333333,1,0.5,tiny_imagenet,tiny_imagenet,1,tiny_imagenet,tiny_imagenet,tiny_imagenet,tiny_imagenet,cifar10|fashion_mnist|tiny_imagenet,cifar10|fashion_mnist|tiny_imagenet,8,3,0.625,0.6995333655516306,0.6995333655516306,0.0,0.0,0.7580799579620361,0.7580799579620361,0.0,5,3,10
clip_b32,food101,random,15,3,10,0.7,0,0.3333333333333333,0,0.5,tiny_imagenet,tiny_imagenet,1,tiny_imagenet,tiny_imagenet,cifar100_coarse,cifar100_shared_images,cifar100_coarse|fashion_mnist|usps,cifar100_shared_images|fashion_mnist|handwritten_digits,8,3,0.625,0.6995333655516306,0.6897733623107275,0.009760003240903092,0.4546584682333622,0.7580799579620361,0.7418399572372436,0.01624000072479248,5,3,10
clip_b32,food101,random,16,3,10,0.7,0,0.3333333333333333,0,0.5,tiny_imagenet,tiny_imagenet,1,tiny_imagenet,tiny_imagenet,cifar100,cifar100_shared_images,cifar10|cifar100|usps,cifar10|cifar100_shared_images|handwritten_digits,8,3,0.625,0.6995333655516306,0.6975066955884297,0.002026669963200889,0.0944100773677837,0.7580799579620361,0.7504799842834473,0.007599973678588778,5,3,10
clip_b32,food101,random,17,3,10,0.7,0,0.0,0,0.0,tiny_imagenet,tiny_imagenet,1,tiny_imagenet,tiny_imagenet,cifar10,cifar10,cifar10|rendered_sst2|usps,cifar10|handwritten_digits|rendered_sst2,8,3,0.625,0.6995333655516306,0.6878400292555491,0.011693336296081491,0.5447205536401087,0.7580799579620361,0.7407199621200562,0.01735999584197989,5,3,10
clip_b32,food101,random,18,3,10,0.7,0,0.6666666666666666,0,0.5,tiny_imagenet,tiny_imagenet,1,tiny_imagenet,tiny_imagenet,cifar100,cifar100_shared_images,cifar100|cifar100_coarse|stl10,cifar100_shared_images|stl10,8,2,0.75,0.6995333655516306,0.6975066955884297,0.002026669963200889,0.0944100773677837,0.7580799579620361,0.7504799842834473,0.007599973678588778,5,3,10
clip_b32,food101,random,19,3,10,0.7,0,0.6666666666666666,0,0.5,tiny_imagenet,tiny_imagenet,1,tiny_imagenet,tiny_imagenet,cifar100,cifar100_shared_images,cifar100|cifar100_coarse|usps,cifar100_shared_images|handwritten_digits,8,2,0.75,0.6995333655516306,0.6975066955884297,0.002026669963200889,0.0944100773677837,0.7580799579620361,0.7504799842834473,0.007599973678588778,5,3,10
clip_b32,food101,random,20,3,10,0.7,0,0.0,0,0.0,tiny_imagenet,tiny_imagenet,1,tiny_imagenet,tiny_imagenet,cifar10,cifar10,cifar10|fashion_mnist|usps,cifar10|fashion_mnist|handwritten_digits,8,3,0.625,0.6995333655516306,0.6878400292555491,0.011693336296081491,0.5447205536401087,0.7580799579620361,0.7407199621200562,0.01735999584197989,5,3,10
clip_b32,food101,random,21,3,10,0.7,0,0.3333333333333333,0,0.5,tiny_imagenet,tiny_imagenet,1,tiny_imagenet,tiny_imagenet,cifar100,cifar100_shared_images,cifar10|cifar100|mnist,cifar10|cifar100_shared_images|handwritten_digits,8,3,0.625,0.6995333655516306,0.6975066955884297,0.002026669963200889,0.0944100773677837,0.7580799579620361,0.7504799842834473,0.007599973678588778,5,3,10
clip_b32,food101,random,22,3,10,0.7,0,0.3333333333333333,0,0.5,tiny_imagenet,tiny_imagenet,1,tiny_imagenet,tiny_imagenet,cifar100,cifar100_shared_images,cifar10|cifar100|usps,cifar10|cifar100_shared_images|handwritten_digits,8,3,0.625,0.6995333655516306,0.6975066955884297,0.002026669963200889,0.0944100773677837,0.7580799579620361,0.7504799842834473,0.007599973678588778,5,3,10
clip_b32,food101,random,23,3,10,0.7,1,0.3333333333333333,1,0.5,tiny_imagenet,tiny_imagenet,1,tiny_imagenet,tiny_imagenet,tiny_imagenet,tiny_imagenet,cifar10|mnist|tiny_imagenet,cifar10|handwritten_digits|tiny_imagenet,8,3,0.625,0.6995333655516306,0.6995333655516306,0.0,0.0,0.7580799579620361,0.7580799579620361,0.0,5,3,10
clip_b32,food101,random,24,3,10,0.7,0,0.3333333333333333,0,0.5,tiny_imagenet,tiny_imagenet,1,tiny_imagenet,tiny_imagenet,cifar100_coarse,cifar100_shared_images,cifar10|cifar100_coarse|stl10,cifar10|cifar100_shared_images|stl10,8,3,0.625,0.6995333655516306,0.6897733623107275,0.009760003240903092,0.4546584682333622,0.7580799579620361,0.7418399572372436,0.01624000072479248,5,3,10
clip_b32,food101,random,25,3,10,0.7,0,0.3333333333333333,0,0.5,tiny_imagenet,tiny_imagenet,1,tiny_imagenet,tiny_imagenet,cifar100,cifar100_shared_images,cifar100|stl10|svhn,cifar100_shared_images|stl10|svhn,8,3,0.625,0.6995333655516306,0.6975066955884297,0.002026669963200889,0.0944100773677837,0.7580799579620361,0.7504799842834473,0.007599973678588778,5,3,10
clip_b32,food101,random,26,3,10,0.7,1,0.3333333333333333,1,0.5,tiny_imagenet,tiny_imagenet,1,tiny_imagenet,tiny_imagenet,tiny_imagenet,tiny_imagenet,svhn|tiny_imagenet|usps,handwritten_digits|svhn|tiny_imagenet,8,3,0.625,0.6995333655516306,0.6995333655516306,0.0,0.0,0.7580799579620361,0.7580799579620361,0.0,5,3,10
clip_b32,food101,random,27,3,10,0.7,0,0.0,0,0.0,tiny_imagenet,tiny_imagenet,1,tiny_imagenet,tiny_imagenet,cifar10,cifar10,cifar10|stl10|usps,cifar10|handwritten_digits|stl10,8,3,0.625,0.6995333655516306,0.6878400292555491,0.011693336296081491,0.5447205536401087,0.7580799579620361,0.7407199621200562,0.01735999584197989,5,3,10
clip_b32,food101,random,28,3,10,0.7,1,0.3333333333333333,1,0.5,tiny_imagenet,tiny_imagenet,1,tiny_imagenet,tiny_imagenet,tiny_imagenet,tiny_imagenet,fashion_mnist|svhn|tiny_imagenet,fashion_mnist|svhn|tiny_imagenet,8,3,0.625,0.6995333655516306,0.6995333655516306,0.0,0.0,0.7580799579620361,0.7580799579620361,0.0,5,3,10
clip_b32,food101,random,29,3,10,0.7,1,0.3333333333333333,1,0.5,tiny_imagenet,tiny_imagenet,1,tiny_imagenet,tiny_imagenet,tiny_imagenet,tiny_imagenet,rendered_sst2|stl10|tiny_imagenet,rendered_sst2|stl10|tiny_imagenet,8,3,0.625,0.6995333655516306,0.6995333655516306,0.0,0.0,0.7580799579620361,0.7580799579620361,0.0,5,3,10
clip_b32,food101,random,30,3,10,0.7,0,0.0,0,0.0,tiny_imagenet,tiny_imagenet,1,tiny_imagenet,tiny_imagenet,cifar10,cifar10,cifar10|mnist|rendered_sst2,cifar10|handwritten_digits|rendered_sst2,8,3,0.625,0.6995333655516306,0.6878400292555491,0.011693336296081491,0.5447205536401087,0.7580799579620361,0.7407199621200562,0.01735999584197989,5,3,10
clip_b32,food101,random,31,3,10,0.7,1,0.3333333333333333,1,0.5,tiny_imagenet,tiny_imagenet,1,tiny_imagenet,tiny_imagenet,tiny_imagenet,tiny_imagenet,rendered_sst2|tiny_imagenet|usps,handwritten_digits|rendered_sst2|tiny_imagenet,8,3,0.625,0.6995333655516306,0.6995333655516306,0.0,0.0,0.7580799579620361,0.7580799579620361,0.0,5,3,10
clip_b32,food101,random,32,3,10,0.7,0,0.0,0,0.0,tiny_imagenet,tiny_imagenet,1,tiny_imagenet,tiny_imagenet,cifar10,cifar10,cifar10|stl10|usps,cifar10|handwritten_digits|stl10,8,3,0.625,0.6995333655516306,0.6878400292555491,0.011693336296081491,0.5447205536401087,0.7580799579620361,0.7407199621200562,0.01735999584197989,5,3,10
clip_b32,food101,random,33,3,10,0.7,1,0.6666666666666666,1,1.0,tiny_imagenet,tiny_imagenet,1,tiny_imagenet,tiny_imagenet,tiny_imagenet,tiny_imagenet,cifar100_coarse|svhn|tiny_imagenet,cifar100_shared_images|svhn|tiny_imagenet,8,3,0.625,0.6995333655516306,0.6995333655516306,0.0,0.0,0.7580799579620361,0.7580799579620361,0.0,5,3,10
clip_b32,food101,random,34,3,10,0.7,0,0.0,0,0.0,tiny_imagenet,tiny_imagenet,1,tiny_imagenet,tiny_imagenet,mnist,handwritten_digits,fashion_mnist|mnist|svhn,fashion_mnist|handwritten_digits|svhn,8,3,0.625,0.6995333655516306,0.685093358985583,0.014440006566047603,0.6726710129648903,0.7580799579620361,0.7376799702644348,0.02039998769760132,5,3,10
clip_b32,food101,random,35,3,10,0.7,0,0.3333333333333333,0,0.5,tiny_imagenet,tiny_imagenet,1,tiny_imagenet,tiny_imagenet,cifar100,cifar100_shared_images,cifar100|fashion_mnist|mnist,cifar100_shared_images|fashion_mnist|handwritten_digits,8,3,0.625,0.6995333655516306,0.6975066955884297,0.002026669963200889,0.0944100773677837,0.7580799579620361,0.7504799842834473,0.007599973678588778,5,3,10
clip_b32,food101,random,36,3,10,0.7,0,0.3333333333333333,0,0.5,tiny_imagenet,tiny_imagenet,1,tiny_imagenet,tiny_imagenet,cifar100,cifar100_shared_images,cifar100|mnist|usps,cifar100_shared_images|handwritten_digits,8,2,0.75,0.6995333655516306,0.6975066955884297,0.002026669963200889,0.0944100773677837,0.7580799579620361,0.7504799842834473,0.007599973678588778,5,3,10
clip_b32,food101,random,37,3,10,0.7,0,0.6666666666666666,0,0.5,tiny_imagenet,tiny_imagenet,1,tiny_imagenet,tiny_imagenet,cifar100,cifar100_shared_images,cifar100|cifar100_coarse|usps,cifar100_shared_images|handwritten_digits,8,2,0.75,0.6995333655516306,0.6975066955884297,0.002026669963200889,0.0944100773677837,0.7580799579620361,0.7504799842834473,0.007599973678588778,5,3,10
clip_b32,food101,random,38,3,10,0.7,0,0.3333333333333333,0,0.5,tiny_imagenet,tiny_imagenet,1,tiny_imagenet,tiny_imagenet,cifar100_coarse,cifar100_shared_images,cifar100_coarse|fashion_mnist|mnist,cifar100_shared_images|fashion_mnist|handwritten_digits,8,3,0.625,0.6995333655516306,0.6897733623107275,0.009760003240903092,0.4546584682333622,0.7580799579620361,0.7418399572372436,0.01624000072479248,5,3,10
clip_b32,food101,random,39,3,10,0.7,1,0.3333333333333333,1,0.5,tiny_imagenet,tiny_imagenet,1,tiny_imagenet,tiny_imagenet,tiny_imagenet,tiny_imagenet,fashion_mnist|rendered_sst2|tiny_imagenet,fashion_mnist|rendered_sst2|tiny_imagenet,8,3,0.625,0.6995333655516306,0.6995333655516306,0.0,0.0,0.7580799579620361,0.7580799579620361,0.0,5,3,10
clip_b32,food101,random,40,3,10,0.7,1,0.3333333333333333,1,0.5,tiny_imagenet,tiny_imagenet,1,tiny_imagenet,tiny_imagenet,tiny_imagenet,tiny_imagenet,cifar10|rendered_sst2|tiny_imagenet,cifar10|rendered_sst2|tiny_imagenet,8,3,0.625,0.6995333655516306,0.6995333655516306,0.0,0.0,0.7580799579620361,0.7580799579620361,0.0,5,3,10
clip_b32,food101,random,41,3,10,0.7,0,0.6666666666666666,0,0.5,tiny_imagenet,tiny_imagenet,1,tiny_imagenet,tiny_imagenet,cifar100,cifar100_shared_images,cifar100|cifar100_coarse|usps,cifar100_shared_images|handwritten_digits,8,2,0.75,0.6995333655516306,0.6975066955884297,0.002026669963200889,0.0944100773677837,0.7580799579620361,0.7504799842834473,0.007599973678588778,5,3,10
clip_b32,food101,random,42,3,10,0.7,0,0.0,0,0.0,tiny_imagenet,tiny_imagenet,1,tiny_imagenet,tiny_imagenet,stl10,stl10,stl10|svhn|usps,handwritten_digits|stl10|svhn,8,3,0.625,0.6995333655516306,0.6850533644437791,0.014480001107851526,0.6745341124603966,0.7580799579620361,0.7406799674034119,0.01739999055862418,5,3,10
clip_b32,food101,random,43,3,10,0.7,0,0.3333333333333333,0,0.5,tiny_imagenet,tiny_imagenet,1,tiny_imagenet,tiny_imagenet,cifar100_coarse,cifar100_shared_images,cifar10|cifar100_coarse|stl10,cifar10|cifar100_shared_images|stl10,8,3,0.625,0.6995333655516306,0.6897733623107275,0.009760003240903092,0.4546584682333622,0.7580799579620361,0.7418399572372436,0.01624000072479248,5,3,10
clip_b32,food101,random,44,3,10,0.7,0,0.3333333333333333,0,0.5,tiny_imagenet,tiny_imagenet,1,tiny_imagenet,tiny_imagenet,cifar100_coarse,cifar100_shared_images,cifar100_coarse|mnist|stl10,cifar100_shared_images|handwritten_digits|stl10,8,3,0.625,0.6995333655516306,0.6897733623107275,0.009760003240903092,0.4546584682333622,0.7580799579620361,0.7418399572372436,0.01624000072479248,5,3,10
clip_b32,food101,random,45,3,10,0.7,0,0.3333333333333333,0,0.5,tiny_imagenet,tiny_imagenet,1,tiny_imagenet,tiny_imagenet,cifar100_coarse,cifar100_shared_images,cifar100_coarse|fashion_mnist|svhn,cifar100_shared_images|fashion_mnist|svhn,8,3,0.625,0.6995333655516306,0.6897733623107275,0.009760003240903092,0.4546584682333622,0.7580799579620361,0.7418399572372436,0.01624000072479248,5,3,10
clip_b32,food101,random,46,3,10,0.7,1,0.3333333333333333,1,0.5,tiny_imagenet,tiny_imagenet,1,tiny_imagenet,tiny_imagenet,tiny_imagenet,tiny_imagenet,rendered_sst2|tiny_imagenet|usps,handwritten_digits|rendered_sst2|tiny_imagenet,8,3,0.625,0.6995333655516306,0.6995333655516306,0.0,0.0,0.7580799579620361,0.7580799579620361,0.0,5,3,10
clip_b32,food101,random,47,3,10,0.7,0,0.0,0,0.0,tiny_imagenet,tiny_imagenet,1,tiny_imagenet,tiny_imagenet,stl10,stl10,fashion_mnist|stl10|usps,fashion_mnist|handwritten_digits|stl10,8,3,0.625,0.6995333655516306,0.6850533644437791,0.014480001107851526,0.6745341124603966,0.7580799579620361,0.7406799674034119,0.01739999055862418,5,3,10
clip_b32,food101,random,48,3,10,0.7,1,0.6666666666666666,1,1.0,tiny_imagenet,tiny_imagenet,1,tiny_imagenet,tiny_imagenet,tiny_imagenet,tiny_imagenet,cifar100|svhn|tiny_imagenet,cifar100_shared_images|svhn|tiny_imagenet,8,3,0.625,0.6995333655516306,0.6995333655516306,0.0,0.0,0.7580799579620361,0.7580799579620361,0.0,5,3,10
clip_b32,food101,random,49,3,10,0.7,0,0.0,0,0.0,tiny_imagenet,tiny_imagenet,1,tiny_imagenet,tiny_imagenet,rendered_sst2,rendered_sst2,fashion_mnist|rendered_sst2|stl10,fashion_mnist|rendered_sst2|stl10,8,3,0.625,0.6995333655516306,0.6873867006619772,0.012146664889653436,0.5658383421154262,0.7580799579620361,0.7437999725341797,0.014279985427856356,5,3,10
clip_b32,food101,random,50,3,10,0.7,1,0.3333333333333333,1,0.5,tiny_imagenet,tiny_imagenet,1,tiny_imagenet,tiny_imagenet,tiny_imagenet,tiny_imagenet,stl10|svhn|tiny_imagenet,stl10|svhn|tiny_imagenet,8,3,0.625,0.6995333655516306,0.6995333655516306,0.0,0.0,0.7580799579620361,0.7580799579620361,0.0,5,3,10
clip_b32,food101,random,51,3,10,0.7,0,0.0,0,0.0,tiny_imagenet,tiny_imagenet,1,tiny_imagenet,tiny_imagenet,rendered_sst2,rendered_sst2,rendered_sst2|svhn|usps,handwritten_digits|rendered_sst2|svhn,8,3,0.625,0.6995333655516306,0.6873867006619772,0.012146664889653436,0.5658383421154262,0.7580799579620361,0.7437999725341797,0.014279985427856356,5,3,10
clip_b32,food101,random,52,3,10,0.7,0,0.3333333333333333,0,0.5,tiny_imagenet,tiny_imagenet,1,tiny_imagenet,tiny_imagenet,cifar100,cifar100_shared_images,cifar100|fashion_mnist|svhn,cifar100_shared_images|fashion_mnist|svhn,8,3,0.625,0.6995333655516306,0.6975066955884297,0.002026669963200889,0.0944100773677837,0.7580799579620361,0.7504799842834473,0.007599973678588778,5,3,10
clip_b32,food101,random,53,3,10,0.7,0,0.3333333333333333,0,0.5,tiny_imagenet,tiny_imagenet,1,tiny_imagenet,tiny_imagenet,cifar100_coarse,cifar100_shared_images,cifar100_coarse|fashion_mnist|stl10,cifar100_shared_images|fashion_mnist|stl10,8,3,0.625,0.6995333655516306,0.6897733623107275,0.009760003240903092,0.4546584682333622,0.7580799579620361,0.7418399572372436,0.01624000072479248,5,3,10
clip_b32,food101,random,54,3,10,0.7,1,0.3333333333333333,1,0.5,tiny_imagenet,tiny_imagenet,1,tiny_imagenet,tiny_imagenet,tiny_imagenet,tiny_imagenet,rendered_sst2|tiny_imagenet|usps,handwritten_digits|rendered_sst2|tiny_imagenet,8,3,0.625,0.6995333655516306,0.6995333655516306,0.0,0.0,0.7580799579620361,0.7580799579620361,0.0,5,3,10
clip_b32,food101,random,55,3,10,0.7,1,0.3333333333333333,1,0.5,tiny_imagenet,tiny_imagenet,1,tiny_imagenet,tiny_imagenet,tiny_imagenet,tiny_imagenet,fashion_mnist|mnist|tiny_imagenet,fashion_mnist|handwritten_digits|tiny_imagenet,8,3,0.625,0.6995333655516306,0.6995333655516306,0.0,0.0,0.7580799579620361,0.7580799579620361,0.0,5,3,10
clip_b32,food101,random,56,3,10,0.7,1,0.6666666666666666,1,1.0,tiny_imagenet,tiny_imagenet,1,tiny_imagenet,tiny_imagenet,tiny_imagenet,tiny_imagenet,cifar100_coarse|fashion_mnist|tiny_imagenet,cifar100_shared_images|fashion_mnist|tiny_imagenet,8,3,0.625,0.6995333655516306,0.6995333655516306,0.0,0.0,0.7580799579620361,0.7580799579620361,0.0,5,3,10
clip_b32,food101,random,57,3,10,0.7,0,0.0,0,0.0,tiny_imagenet,tiny_imagenet,1,tiny_imagenet,tiny_imagenet,rendered_sst2,rendered_sst2,rendered_sst2|stl10|usps,handwritten_digits|rendered_sst2|stl10,8,3,0.625,0.6995333655516306,0.6873867006619772,0.012146664889653436,0.5658383421154262,0.7580799579620361,0.7437999725341797,0.014279985427856356,5,3,10
clip_b32,food101,random,58,3,10,0.7,1,0.3333333333333333,1,0.5,tiny_imagenet,tiny_imagenet,1,tiny_imagenet,tiny_imagenet,tiny_imagenet,tiny_imagenet,cifar10|stl10|tiny_imagenet,cifar10|stl10|tiny_imagenet,8,3,0.625,0.6995333655516306,0.6995333655516306,0.0,0.0,0.7580799579620361,0.7580799579620361,0.0,5,3,10
clip_b32,food101,random,59,3,10,0.7,0,0.0,0,0.0,tiny_imagenet,tiny_imagenet,1,tiny_imagenet,tiny_imagenet,rendered_sst2,rendered_sst2,fashion_mnist|rendered_sst2|svhn,fashion_mnist|rendered_sst2|svhn,8,3,0.625,0.6995333655516306,0.6873867006619772,0.012146664889653436,0.5658383421154262,0.7580799579620361,0.7437999725341797,0.014279985427856356,5,3,10
clip_b32,food101,random,60,3,10,0.7,0,0.0,0,0.0,tiny_imagenet,tiny_imagenet,1,tiny_imagenet,tiny_imagenet,stl10,stl10,fashion_mnist|stl10|usps,fashion_mnist|handwritten_digits|stl10,8,3,0.625,0.6995333655516306,0.6850533644437791,0.014480001107851526,0.6745341124603966,0.7580799579620361,0.7406799674034119,0.01739999055862418,5,3,10
clip_b32,food101,random,61,3,10,0.7,0,0.3333333333333333,0,0.5,tiny_imagenet,tiny_imagenet,1,tiny_imagenet,tiny_imagenet,cifar100,cifar100_shared_images,cifar100|rendered_sst2|usps,cifar100_shared_images|handwritten_digits|rendered_sst2,8,3,0.625,0.6995333655516306,0.6975066955884297,0.002026669963200889,0.0944100773677837,0.7580799579620361,0.7504799842834473,0.007599973678588778,5,3,10
clip_b32,food101,random,62,3,10,0.7,1,0.6666666666666666,1,1.0,tiny_imagenet,tiny_imagenet,1,tiny_imagenet,tiny_imagenet,tiny_imagenet,tiny_imagenet,cifar100|rendered_sst2|tiny_imagenet,cifar100_shared_images|rendered_sst2|tiny_imagenet,8,3,0.625,0.6995333655516306,0.6995333655516306,0.0,0.0,0.7580799579620361,0.7580799579620361,0.0,5,3,10
clip_b32,food101,random,63,3,10,0.7,0,0.3333333333333333,0,0.5,tiny_imagenet,tiny_imagenet,1,tiny_imagenet,tiny_imagenet,cifar100,cifar100_shared_images,cifar100|rendered_sst2|stl10,cifar100_shared_images|rendered_sst2|stl10,8,3,0.625,0.6995333655516306,0.6975066955884297,0.002026669963200889,0.0944100773677837,0.7580799579620361,0.7504799842834473,0.007599973678588778,5,3,10
clip_b32,food101,random,64,3,10,0.7,1,0.6666666666666666,1,1.0,tiny_imagenet,tiny_imagenet,1,tiny_imagenet,tiny_imagenet,tiny_imagenet,tiny_imagenet,cifar100|tiny_imagenet|usps,cifar100_shared_images|handwritten_digits|tiny_imagenet,8,3,0.625,0.6995333655516306,0.6995333655516306,0.0,0.0,0.7580799579620361,0.7580799579620361,0.0,5,3,10
clip_b32,food101,random,65,3,10,0.7,0,0.3333333333333333,0,0.5,tiny_imagenet,tiny_imagenet,1,tiny_imagenet,tiny_imagenet,cifar100_coarse,cifar100_shared_images,cifar100_coarse|fashion_mnist|svhn,cifar100_shared_images|fashion_mnist|svhn,8,3,0.625,0.6995333655516306,0.6897733623107275,0.009760003240903092,0.4546584682333622,0.7580799579620361,0.7418399572372436,0.01624000072479248,5,3,10
clip_b32,food101,random,66,3,10,0.7,0,0.6666666666666666,0,0.5,tiny_imagenet,tiny_imagenet,1,tiny_imagenet,tiny_imagenet,cifar100,cifar100_shared_images,cifar100|cifar100_coarse|mnist,cifar100_shared_images|handwritten_digits,8,2,0.75,0.6995333655516306,0.6975066955884297,0.002026669963200889,0.0944100773677837,0.7580799579620361,0.7504799842834473,0.007599973678588778,5,3,10
clip_b32,food101,random,67,3,10,0.7,0,0.3333333333333333,0,0.5,tiny_imagenet,tiny_imagenet,1,tiny_imagenet,tiny_imagenet,cifar100,cifar100_shared_images,cifar100|mnist|usps,cifar100_shared_images|handwritten_digits,8,2,0.75,0.6995333655516306,0.6975066955884297,0.002026669963200889,0.0944100773677837,0.7580799579620361,0.7504799842834473,0.007599973678588778,5,3,10
clip_b32,food101,random,68,3,10,0.7,0,0.0,0,0.0,tiny_imagenet,tiny_imagenet,1,tiny_imagenet,tiny_imagenet,cifar10,cifar10,cifar10|mnist|usps,cifar10|handwritten_digits,8,2,0.75,0.6995333655516306,0.6878400292555491,0.011693336296081491,0.5447205536401087,0.7580799579620361,0.7407199621200562,0.01735999584197989,5,3,10
clip_b32,food101,random,69,3,10,0.7,0,0.3333333333333333,0,0.5,tiny_imagenet,tiny_imagenet,1,tiny_imagenet,tiny_imagenet,cifar100_coarse,cifar100_shared_images,cifar100_coarse|fashion_mnist|usps,cifar100_shared_images|fashion_mnist|handwritten_digits,8,3,0.625,0.6995333655516306,0.6897733623107275,0.009760003240903092,0.4546584682333622,0.7580799579620361,0.7418399572372436,0.01624000072479248,5,3,10
clip_b32,food101,random,70,3,10,0.7,1,0.6666666666666666,1,1.0,tiny_imagenet,tiny_imagenet,1,tiny_imagenet,tiny_imagenet,tiny_imagenet,tiny_imagenet,cifar100|rendered_sst2|tiny_imagenet,cifar100_shared_images|rendered_sst2|tiny_imagenet,8,3,0.625,0.6995333655516306,0.6995333655516306,0.0,0.0,0.7580799579620361,0.7580799579620361,0.0,5,3,10
clip_b32,food101,random,71,3,10,0.7,0,0.3333333333333333,0,0.5,tiny_imagenet,tiny_imagenet,1,tiny_imagenet,tiny_imagenet,cifar100,cifar100_shared_images,cifar100|mnist|svhn,cifar100_shared_images|handwritten_digits|svhn,8,3,0.625,0.6995333655516306,0.6975066955884297,0.002026669963200889,0.0944100773677837,0.7580799579620361,0.7504799842834473,0.007599973678588778,5,3,10
clip_b32,food101,random,72,3,10,0.7,0,0.0,0,0.0,tiny_imagenet,tiny_imagenet,1,tiny_imagenet,tiny_imagenet,cifar10,cifar10,cifar10|fashion_mnist|rendered_sst2,cifar10|fashion_mnist|rendered_sst2,8,3,0.625,0.6995333655516306,0.6878400292555491,0.011693336296081491,0.5447205536401087,0.7580799579620361,0.7407199621200562,0.01735999584197989,5,3,10
clip_b32,food101,random,73,3,10,0.7,0,0.3333333333333333,0,0.5,tiny_imagenet,tiny_imagenet,1,tiny_imagenet,tiny_imagenet,cifar100,cifar100_shared_images,cifar100|mnist|usps,cifar100_shared_images|handwritten_digits,8,2,0.75,0.6995333655516306,0.6975066955884297,0.002026669963200889,0.0944100773677837,0.7580799579620361,0.7504799842834473,0.007599973678588778,5,3,10
clip_b32,food101,random,74,3,10,0.7,1,0.3333333333333333,1,0.5,tiny_imagenet,tiny_imagenet,1,tiny_imagenet,tiny_imagenet,tiny_imagenet,tiny_imagenet,cifar10|tiny_imagenet|usps,cifar10|handwritten_digits|tiny_imagenet,8,3,0.625,0.6995333655516306,0.6995333655516306,0.0,0.0,0.7580799579620361,0.7580799579620361,0.0,5,3,10
clip_b32,food101,random,75,3,10,0.7,0,0.0,0,0.0,tiny_imagenet,tiny_imagenet,1,tiny_imagenet,tiny_imagenet,cifar10,cifar10,cifar10|rendered_sst2|svhn,cifar10|rendered_sst2|svhn,8,3,0.625,0.6995333655516306,0.6878400292555491,0.011693336296081491,0.5447205536401087,0.7580799579620361,0.7407199621200562,0.01735999584197989,5,3,10
clip_b32,food101,random,76,3,10,0.7,0,0.0,0,0.0,tiny_imagenet,tiny_imagenet,1,tiny_imagenet,tiny_imagenet,svhn,svhn,fashion_mnist|svhn|usps,fashion_mnist|handwritten_digits|svhn,8,3,0.625,0.6995333655516306,0.6830933653831484,0.01644000016848224,0.7658384029047441,0.7580799579620361,0.7327199459075928,0.02536001205444327,5,3,10
clip_b32,food101,random,77,3,10,0.7,1,0.3333333333333333,1,0.5,tiny_imagenet,tiny_imagenet,1,tiny_imagenet,tiny_imagenet,tiny_imagenet,tiny_imagenet,fashion_mnist|stl10|tiny_imagenet,fashion_mnist|stl10|tiny_imagenet,8,3,0.625,0.6995333655516306,0.6995333655516306,0.0,0.0,0.7580799579620361,0.7580799579620361,0.0,5,3,10
clip_b32,food101,random,78,3,10,0.7,0,0.3333333333333333,0,0.5,tiny_imagenet,tiny_imagenet,1,tiny_imagenet,tiny_imagenet,cifar100,cifar100_shared_images,cifar100|mnist|svhn,cifar100_shared_images|handwritten_digits|svhn,8,3,0.625,0.6995333655516306,0.6975066955884297,0.002026669963200889,0.0944100773677837,0.7580799579620361,0.7504799842834473,0.007599973678588778,5,3,10
clip_b32,food101,random,79,3,10,0.7,1,0.3333333333333333,1,0.5,tiny_imagenet,tiny_imagenet,1,tiny_imagenet,tiny_imagenet,tiny_imagenet,tiny_imagenet,fashion_mnist|svhn|tiny_imagenet,fashion_mnist|svhn|tiny_imagenet,8,3,0.625,0.6995333655516306,0.6995333655516306,0.0,0.0,0.7580799579620361,0.7580799579620361,0.0,5,3,10
clip_b32,food101,random,80,3,10,0.7,0,0.0,0,0.0,tiny_imagenet,tiny_imagenet,1,tiny_imagenet,tiny_imagenet,mnist,handwritten_digits,fashion_mnist|mnist|stl10,fashion_mnist|handwritten_digits|stl10,8,3,0.625,0.6995333655516306,0.685093358985583,0.014440006566047603,0.6726710129648903,0.7580799579620361,0.7376799702644348,0.02039998769760132,5,3,10
clip_b32,food101,random,81,3,10,0.7,1,0.3333333333333333,1,0.5,tiny_imagenet,tiny_imagenet,1,tiny_imagenet,tiny_imagenet,tiny_imagenet,tiny_imagenet,fashion_mnist|rendered_sst2|tiny_imagenet,fashion_mnist|rendered_sst2|tiny_imagenet,8,3,0.625,0.6995333655516306,0.6995333655516306,0.0,0.0,0.7580799579620361,0.7580799579620361,0.0,5,3,10
clip_b32,food101,random,82,3,10,0.7,0,0.3333333333333333,0,0.5,tiny_imagenet,tiny_imagenet,1,tiny_imagenet,tiny_imagenet,cifar100_coarse,cifar100_shared_images,cifar100_coarse|rendered_sst2|stl10,cifar100_shared_images|rendered_sst2|stl10,8,3,0.625,0.6995333655516306,0.6897733623107275,0.009760003240903092,0.4546584682333622,0.7580799579620361,0.7418399572372436,0.01624000072479248,5,3,10
clip_b32,food101,random,83,3,10,0.7,0,0.0,0,0.0,tiny_imagenet,tiny_imagenet,1,tiny_imagenet,tiny_imagenet,cifar10,cifar10,cifar10|stl10|usps,cifar10|handwritten_digits|stl10,8,3,0.625,0.6995333655516306,0.6878400292555491,0.011693336296081491,0.5447205536401087,0.7580799579620361,0.7407199621200562,0.01735999584197989,5,3,10
clip_b32,food101,random,84,3,10,0.7,0,0.0,0,0.0,tiny_imagenet,tiny_imagenet,1,tiny_imagenet,tiny_imagenet,stl10,stl10,fashion_mnist|stl10|svhn,fashion_mnist|stl10|svhn,8,3,0.625,0.6995333655516306,0.6850533644437791,0.014480001107851526,0.6745341124603966,0.7580799579620361,0.7406799674034119,0.01739999055862418,5,3,10
clip_b32,food101,random,85,3,10,0.7,0,0.0,0,0.0,tiny_imagenet,tiny_imagenet,1,tiny_imagenet,tiny_imagenet,mnist,handwritten_digits,mnist|stl10|usps,handwritten_digits|stl10,8,2,0.75,0.6995333655516306,0.685093358985583,0.014440006566047603,0.6726710129648903,0.7580799579620361,0.7376799702644348,0.02039998769760132,5,3,10
clip_b32,food101,random,86,3,10,0.7,1,0.3333333333333333,1,0.5,tiny_imagenet,tiny_imagenet,1,tiny_imagenet,tiny_imagenet,tiny_imagenet,tiny_imagenet,cifar10|svhn|tiny_imagenet,cifar10|svhn|tiny_imagenet,8,3,0.625,0.6995333655516306,0.6995333655516306,0.0,0.0,0.7580799579620361,0.7580799579620361,0.0,5,3,10
clip_b32,food101,random,87,3,10,0.7,1,0.6666666666666666,1,1.0,tiny_imagenet,tiny_imagenet,1,tiny_imagenet,tiny_imagenet,tiny_imagenet,tiny_imagenet,cifar100_coarse|rendered_sst2|tiny_imagenet,cifar100_shared_images|rendered_sst2|tiny_imagenet,8,3,0.625,0.6995333655516306,0.6995333655516306,0.0,0.0,0.7580799579620361,0.7580799579620361,0.0,5,3,10
clip_b32,food101,random,88,3,10,0.7,1,0.6666666666666666,1,1.0,tiny_imagenet,tiny_imagenet,1,tiny_imagenet,tiny_imagenet,tiny_imagenet,tiny_imagenet,cifar100|stl10|tiny_imagenet,cifar100_shared_images|stl10|tiny_imagenet,8,3,0.625,0.6995333655516306,0.6995333655516306,0.0,0.0,0.7580799579620361,0.7580799579620361,0.0,5,3,10
clip_b32,food101,random,89,3,10,0.7,0,0.3333333333333333,0,0.5,tiny_imagenet,tiny_imagenet,1,tiny_imagenet,tiny_imagenet,cifar100_coarse,cifar100_shared_images,cifar10|cifar100_coarse|fashion_mnist,cifar10|cifar100_shared_images|fashion_mnist,8,3,0.625,0.6995333655516306,0.6897733623107275,0.009760003240903092,0.4546584682333622,0.7580799579620361,0.7418399572372436,0.01624000072479248,5,3,10
clip_b32,food101,random,90,3,10,0.7,0,0.6666666666666666,0,0.5,tiny_imagenet,tiny_imagenet,1,tiny_imagenet,tiny_imagenet,cifar100,cifar100_shared_images,cifar100|cifar100_coarse|svhn,cifar100_shared_images|svhn,8,2,0.75,0.6995333655516306,0.6975066955884297,0.002026669963200889,0.0944100773677837,0.7580799579620361,0.7504799842834473,0.007599973678588778,5,3,10
clip_b32,food101,random,91,3,10,0.7,0,0.3333333333333333,0,0.5,tiny_imagenet,tiny_imagenet,1,tiny_imagenet,tiny_imagenet,cifar100,cifar100_shared_images,cifar100|mnist|stl10,cifar100_shared_images|handwritten_digits|stl10,8,3,0.625,0.6995333655516306,0.6975066955884297,0.002026669963200889,0.0944100773677837,0.7580799579620361,0.7504799842834473,0.007599973678588778,5,3,10
clip_b32,food101,random,92,3,10,0.7,0,0.3333333333333333,0,0.5,tiny_imagenet,tiny_imagenet,1,tiny_imagenet,tiny_imagenet,cifar100,cifar100_shared_images,cifar100|fashion_mnist|rendered_sst2,cifar100_shared_images|fashion_mnist|rendered_sst2,8,3,0.625,0.6995333655516306,0.6975066955884297,0.002026669963200889,0.0944100773677837,0.7580799579620361,0.7504799842834473,0.007599973678588778,5,3,10
clip_b32,food101,random,93,3,10,0.7,0,0.3333333333333333,0,0.5,tiny_imagenet,tiny_imagenet,1,tiny_imagenet,tiny_imagenet,cifar100_coarse,cifar100_shared_images,cifar100_coarse|fashion_mnist|mnist,cifar100_shared_images|fashion_mnist|handwritten_digits,8,3,0.625,0.6995333655516306,0.6897733623107275,0.009760003240903092,0.4546584682333622,0.7580799579620361,0.7418399572372436,0.01624000072479248,5,3,10
clip_b32,food101,random,94,3,10,0.7,1,0.6666666666666666,1,1.0,tiny_imagenet,tiny_imagenet,1,tiny_imagenet,tiny_imagenet,tiny_imagenet,tiny_imagenet,cifar100_coarse|svhn|tiny_imagenet,cifar100_shared_images|svhn|tiny_imagenet,8,3,0.625,0.6995333655516306,0.6995333655516306,0.0,0.0,0.7580799579620361,0.7580799579620361,0.0,5,3,10
clip_b32,food101,random,95,3,10,0.7,1,0.3333333333333333,1,0.5,tiny_imagenet,tiny_imagenet,1,tiny_imagenet,tiny_imagenet,tiny_imagenet,tiny_imagenet,fashion_mnist|tiny_imagenet|usps,fashion_mnist|handwritten_digits|tiny_imagenet,8,3,0.625,0.6995333655516306,0.6995333655516306,0.0,0.0,0.7580799579620361,0.7580799579620361,0.0,5,3,10
clip_b32,food101,random,96,3,10,0.7,1,0.3333333333333333,1,0.5,tiny_imagenet,tiny_imagenet,1,tiny_imagenet,tiny_imagenet,tiny_imagenet,tiny_imagenet,rendered_sst2|tiny_imagenet|usps,handwritten_digits|rendered_sst2|tiny_imagenet,8,3,0.625,0.6995333655516306,0.6995333655516306,0.0,0.0,0.7580799579620361,0.7580799579620361,0.0,5,3,10
clip_b32,food101,random,97,3,10,0.7,0,0.3333333333333333,0,0.5,tiny_imagenet,tiny_imagenet,1,tiny_imagenet,tiny_imagenet,cifar100,cifar100_shared_images,cifar100|mnist|stl10,cifar100_shared_images|handwritten_digits|stl10,8,3,0.625,0.6995333655516306,0.6975066955884297,0.002026669963200889,0.0944100773677837,0.7580799579620361,0.7504799842834473,0.007599973678588778,5,3,10
clip_b32,food101,random,98,3,10,0.7,0,0.0,0,0.0,tiny_imagenet,tiny_imagenet,1,tiny_imagenet,tiny_imagenet,rendered_sst2,rendered_sst2,mnist|rendered_sst2|svhn,handwritten_digits|rendered_sst2|svhn,8,3,0.625,0.6995333655516306,0.6873867006619772,0.012146664889653436,0.5658383421154262,0.7580799579620361,0.7437999725341797,0.014279985427856356,5,3,10
clip_b32,food101,random,99,3,10,0.7,0,0.3333333333333333,0,0.5,tiny_imagenet,tiny_imagenet,1,tiny_imagenet,tiny_imagenet,cifar100,cifar100_shared_images,cifar100|rendered_sst2|usps,cifar100_shared_images|handwritten_digits|rendered_sst2,8,3,0.625,0.6995333655516306,0.6975066955884297,0.002026669963200889,0.0944100773677837,0.7580799579620361,0.7504799842834473,0.007599973678588778,5,3,10
clip_b32,food101,rank_only,-1,5,10,0.5,1,1.0,1,1.0,tiny_imagenet,tiny_imagenet,1,tiny_imagenet,tiny_imagenet,tiny_imagenet,tiny_imagenet,rendered_sst2|tiny_imagenet|stl10|cifar100_coarse|cifar100,cifar100_shared_images|rendered_sst2|stl10|tiny_imagenet,8,4,0.5,0.6995333655516306,0.6995333655516306,0.0,0.0,0.7580799579620361,0.7580799579620361,0.0,5,5,10
clip_b32,food101,facility_subspace,-1,5,10,0.5,0,0.3333333333333333,0,0.5,tiny_imagenet,tiny_imagenet,1,tiny_imagenet,tiny_imagenet,cifar100,cifar100_shared_images,cifar100|usps|rendered_sst2|fashion_mnist|cifar10,cifar10|cifar100_shared_images|fashion_mnist|handwritten_digits|rendered_sst2,8,5,0.375,0.6995333655516306,0.6975066955884297,0.002026669963200889,0.0944100773677837,0.7580799579620361,0.7504799842834473,0.007599973678588778,5,5,10
clip_b32,food101,kcenter_subspace,-1,5,10,0.5,0,0.0,0,0.0,tiny_imagenet,tiny_imagenet,1,tiny_imagenet,tiny_imagenet,rendered_sst2,rendered_sst2,rendered_sst2|stl10|mnist|fashion_mnist|svhn,fashion_mnist|handwritten_digits|rendered_sst2|stl10|svhn,8,5,0.375,0.6995333655516306,0.6873867006619772,0.012146664889653436,0.5658383421154262,0.7580799579620361,0.7437999725341797,0.014279985427856356,5,5,10
clip_b32,food101,dpp_subspace,-1,5,10,0.5,1,0.6666666666666666,1,1.0,tiny_imagenet,tiny_imagenet,1,tiny_imagenet,tiny_imagenet,tiny_imagenet,tiny_imagenet,rendered_sst2|tiny_imagenet|stl10|cifar100_coarse|cifar10,cifar10|cifar100_shared_images|rendered_sst2|stl10|tiny_imagenet,8,5,0.375,0.6995333655516306,0.6995333655516306,0.0,0.0,0.7580799579620361,0.7580799579620361,0.0,5,5,10
clip_b32,food101,pool_vendi_subspace,-1,5,10,0.5,0,0.0,0,0.0,tiny_imagenet,tiny_imagenet,1,tiny_imagenet,tiny_imagenet,rendered_sst2,rendered_sst2,rendered_sst2|stl10|mnist|fashion_mnist|svhn,fashion_mnist|handwritten_digits|rendered_sst2|stl10|svhn,8,5,0.375,0.6995333655516306,0.6873867006619772,0.012146664889653436,0.5658383421154262,0.7580799579620361,0.7437999725341797,0.014279985427856356,5,5,10
clip_b32,food101,full_merged_rank,-1,5,10,0.5,1,1.0,1,1.0,tiny_imagenet,tiny_imagenet,1,tiny_imagenet,tiny_imagenet,tiny_imagenet,tiny_imagenet,rendered_sst2|tiny_imagenet|stl10|cifar100_coarse|cifar100,cifar100_shared_images|rendered_sst2|stl10|tiny_imagenet,8,4,0.5,0.6995333655516306,0.6995333655516306,0.0,0.0,0.7580799579620361,0.7580799579620361,0.0,5,5,10
clip_b32,food101,random,0,5,10,0.5,0,0.0,0,0.0,tiny_imagenet,tiny_imagenet,1,tiny_imagenet,tiny_imagenet,cifar10,cifar10,cifar10|fashion_mnist|mnist|rendered_sst2|stl10,cifar10|fashion_mnist|handwritten_digits|rendered_sst2|stl10,8,5,0.375,0.6995333655516306,0.6878400292555491,0.011693336296081491,0.5447205536401087,0.7580799579620361,0.7407199621200562,0.01735999584197989,5,5,10
clip_b32,food101,random,1,5,10,0.5,1,0.3333333333333333,1,0.5,tiny_imagenet,tiny_imagenet,1,tiny_imagenet,tiny_imagenet,tiny_imagenet,tiny_imagenet,cifar10|rendered_sst2|stl10|svhn|tiny_imagenet,cifar10|rendered_sst2|stl10|svhn|tiny_imagenet,8,5,0.375,0.6995333655516306,0.6995333655516306,0.0,0.0,0.7580799579620361,0.7580799579620361,0.0,5,5,10
clip_b32,food101,random,2,5,10,0.5,1,1.0,1,1.0,tiny_imagenet,tiny_imagenet,1,tiny_imagenet,tiny_imagenet,tiny_imagenet,tiny_imagenet,cifar10|cifar100|cifar100_coarse|mnist|tiny_imagenet,cifar10|cifar100_shared_images|handwritten_digits|tiny_imagenet,8,4,0.5,0.6995333655516306,0.6995333655516306,0.0,0.0,0.7580799579620361,0.7580799579620361,0.0,5,5,10
clip_b32,food101,random,3,5,10,0.5,1,0.6666666666666666,1,1.0,tiny_imagenet,tiny_imagenet,1,tiny_imagenet,tiny_imagenet,tiny_imagenet,tiny_imagenet,cifar100_coarse|mnist|stl10|tiny_imagenet|usps,cifar100_shared_images|handwritten_digits|stl10|tiny_imagenet,8,4,0.5,0.6995333655516306,0.6995333655516306,0.0,0.0,0.7580799579620361,0.7580799579620361,0.0,5,5,10
clip_b32,food101,random,4,5,10,0.5,0,0.3333333333333333,0,0.5,tiny_imagenet,tiny_imagenet,1,tiny_imagenet,tiny_imagenet,cifar100,cifar100_shared_images,cifar100|mnist|rendered_sst2|stl10|usps,cifar100_shared_images|handwritten_digits|rendered_sst2|stl10,8,4,0.5,0.6995333655516306,0.6975066955884297,0.002026669963200889,0.0944100773677837,0.7580799579620361,0.7504799842834473,0.007599973678588778,5,5,10
clip_b32,food101,random,5,5,10,0.5,0,0.3333333333333333,0,0.5,tiny_imagenet,tiny_imagenet,1,tiny_imagenet,tiny_imagenet,cifar100_coarse,cifar100_shared_images,cifar10|cifar100_coarse|mnist|rendered_sst2|stl10,cifar10|cifar100_shared_images|handwritten_digits|rendered_sst2|stl10,8,5,0.375,0.6995333655516306,0.6897733623107275,0.009760003240903092,0.4546584682333622,0.7580799579620361,0.7418399572372436,0.01624000072479248,5,5,10
clip_b32,food101,random,6,5,10,0.5,1,0.6666666666666666,1,1.0,tiny_imagenet,tiny_imagenet,1,tiny_imagenet,tiny_imagenet,tiny_imagenet,tiny_imagenet,cifar10|cifar100|rendered_sst2|tiny_imagenet|usps,cifar10|cifar100_shared_images|handwritten_digits|rendered_sst2|tiny_imagenet,8,5,0.375,0.6995333655516306,0.6995333655516306,0.0,0.0,0.7580799579620361,0.7580799579620361,0.0,5,5,10
clip_b32,food101,random,7,5,10,0.5,1,0.6666666666666666,1,1.0,tiny_imagenet,tiny_imagenet,1,tiny_imagenet,tiny_imagenet,tiny_imagenet,tiny_imagenet,cifar10|cifar100|fashion_mnist|tiny_imagenet|usps,cifar10|cifar100_shared_images|fashion_mnist|handwritten_digits|tiny_imagenet,8,5,0.375,0.6995333655516306,0.6995333655516306,0.0,0.0,0.7580799579620361,0.7580799579620361,0.0,5,5,10
clip_b32,food101,random,8,5,10,0.5,1,0.6666666666666666,1,1.0,tiny_imagenet,tiny_imagenet,1,tiny_imagenet,tiny_imagenet,tiny_imagenet,tiny_imagenet,cifar100_coarse|mnist|rendered_sst2|svhn|tiny_imagenet,cifar100_shared_images|handwritten_digits|rendered_sst2|svhn|tiny_imagenet,8,5,0.375,0.6995333655516306,0.6995333655516306,0.0,0.0,0.7580799579620361,0.7580799579620361,0.0,5,5,10
clip_b32,food101,random,9,5,10,0.5,0,0.3333333333333333,0,0.5,tiny_imagenet,tiny_imagenet,1,tiny_imagenet,tiny_imagenet,cifar100_coarse,cifar100_shared_images,cifar10|cifar100_coarse|fashion_mnist|stl10|usps,cifar10|cifar100_shared_images|fashion_mnist|handwritten_digits|stl10,8,5,0.375,0.6995333655516306,0.6897733623107275,0.009760003240903092,0.4546584682333622,0.7580799579620361,0.7418399572372436,0.01624000072479248,5,5,10
clip_b32,food101,random,10,5,10,0.5,1,1.0,1,1.0,tiny_imagenet,tiny_imagenet,1,tiny_imagenet,tiny_imagenet,tiny_imagenet,tiny_imagenet,cifar100|cifar100_coarse|fashion_mnist|svhn|tiny_imagenet,cifar100_shared_images|fashion_mnist|svhn|tiny_imagenet,8,4,0.5,0.6995333655516306,0.6995333655516306,0.0,0.0,0.7580799579620361,0.7580799579620361,0.0,5,5,10
clip_b32,food101,random,11,5,10,0.5,1,0.3333333333333333,1,0.5,tiny_imagenet,tiny_imagenet,1,tiny_imagenet,tiny_imagenet,tiny_imagenet,tiny_imagenet,mnist|stl10|svhn|tiny_imagenet|usps,handwritten_digits|stl10|svhn|tiny_imagenet,8,4,0.5,0.6995333655516306,0.6995333655516306,0.0,0.0,0.7580799579620361,0.7580799579620361,0.0,5,5,10
clip_b32,food101,random,12,5,10,0.5,0,0.3333333333333333,0,0.5,tiny_imagenet,tiny_imagenet,1,tiny_imagenet,tiny_imagenet,cifar100_coarse,cifar100_shared_images,cifar100_coarse|rendered_sst2|stl10|svhn|usps,cifar100_shared_images|handwritten_digits|rendered_sst2|stl10|svhn,8,5,0.375,0.6995333655516306,0.6897733623107275,0.009760003240903092,0.4546584682333622,0.7580799579620361,0.7418399572372436,0.01624000072479248,5,5,10
clip_b32,food101,random,13,5,10,0.5,1,0.3333333333333333,1,0.5,tiny_imagenet,tiny_imagenet,1,tiny_imagenet,tiny_imagenet,tiny_imagenet,tiny_imagenet,cifar10|rendered_sst2|svhn|tiny_imagenet|usps,cifar10|handwritten_digits|rendered_sst2|svhn|tiny_imagenet,8,5,0.375,0.6995333655516306,0.6995333655516306,0.0,0.0,0.7580799579620361,0.7580799579620361,0.0,5,5,10
clip_b32,food101,random,14,5,10,0.5,0,0.6666666666666666,0,0.5,tiny_imagenet,tiny_imagenet,1,tiny_imagenet,tiny_imagenet,cifar100,cifar100_shared_images,cifar100|cifar100_coarse|mnist|rendered_sst2|usps,cifar100_shared_images|handwritten_digits|rendered_sst2,8,3,0.625,0.6995333655516306,0.6975066955884297,0.002026669963200889,0.0944100773677837,0.7580799579620361,0.7504799842834473,0.007599973678588778,5,5,10
clip_b32,food101,random,15,5,10,0.5,1,0.3333333333333333,1,0.5,tiny_imagenet,tiny_imagenet,1,tiny_imagenet,tiny_imagenet,tiny_imagenet,tiny_imagenet,cifar10|fashion_mnist|stl10|svhn|tiny_imagenet,cifar10|fashion_mnist|stl10|svhn|tiny_imagenet,8,5,0.375,0.6995333655516306,0.6995333655516306,0.0,0.0,0.7580799579620361,0.7580799579620361,0.0,5,5,10
clip_b32,food101,random,16,5,10,0.5,0,0.3333333333333333,0,0.5,tiny_imagenet,tiny_imagenet,1,tiny_imagenet,tiny_imagenet,cifar100_coarse,cifar100_shared_images,cifar100_coarse|fashion_mnist|rendered_sst2|svhn|usps,cifar100_shared_images|fashion_mnist|handwritten_digits|rendered_sst2|svhn,8,5,0.375,0.6995333655516306,0.6897733623107275,0.009760003240903092,0.4546584682333622,0.7580799579620361,0.7418399572372436,0.01624000072479248,5,5,10
clip_b32,food101,random,17,5,10,0.5,1,0.6666666666666666,1,1.0,tiny_imagenet,tiny_imagenet,1,tiny_imagenet,tiny_imagenet,tiny_imagenet,tiny_imagenet,cifar100|rendered_sst2|stl10|tiny_imagenet|usps,cifar100_shared_images|handwritten_digits|rendered_sst2|stl10|tiny_imagenet,8,5,0.375,0.6995333655516306,0.6995333655516306,0.0,0.0,0.7580799579620361,0.7580799579620361,0.0,5,5,10
clip_b32,food101,random,18,5,10,0.5,1,0.6666666666666666,1,1.0,tiny_imagenet,tiny_imagenet,1,tiny_imagenet,tiny_imagenet,tiny_imagenet,tiny_imagenet,cifar100|mnist|rendered_sst2|svhn|tiny_imagenet,cifar100_shared_images|handwritten_digits|rendered_sst2|svhn|tiny_imagenet,8,5,0.375,0.6995333655516306,0.6995333655516306,0.0,0.0,0.7580799579620361,0.7580799579620361,0.0,5,5,10
clip_b32,food101,random,19,5,10,0.5,0,0.6666666666666666,0,0.5,tiny_imagenet,tiny_imagenet,1,tiny_imagenet,tiny_imagenet,cifar100,cifar100_shared_images,cifar100|cifar100_coarse|fashion_mnist|mnist|rendered_sst2,cifar100_shared_images|fashion_mnist|handwritten_digits|rendered_sst2,8,4,0.5,0.6995333655516306,0.6975066955884297,0.002026669963200889,0.0944100773677837,0.7580799579620361,0.7504799842834473,0.007599973678588778,5,5,10
clip_b32,food101,random,20,5,10,0.5,0,0.6666666666666666,0,0.5,tiny_imagenet,tiny_imagenet,1,tiny_imagenet,tiny_imagenet,cifar100,cifar100_shared_images,cifar100|cifar100_coarse|mnist|rendered_sst2|usps,cifar100_shared_images|handwritten_digits|rendered_sst2,8,3,0.625,0.6995333655516306,0.6975066955884297,0.002026669963200889,0.0944100773677837,0.7580799579620361,0.7504799842834473,0.007599973678588778,5,5,10
clip_b32,food101,random,21,5,10,0.5,0,0.0,0,0.0,tiny_imagenet,tiny_imagenet,1,tiny_imagenet,tiny_imagenet,cifar10,cifar10,cifar10|mnist|rendered_sst2|stl10|usps,cifar10|handwritten_digits|rendered_sst2|stl10,8,4,0.5,0.6995333655516306,0.6878400292555491,0.011693336296081491,0.5447205536401087,0.7580799579620361,0.7407199621200562,0.01735999584197989,5,5,10
clip_b32,food101,random,22,5,10,0.5,0,0.6666666666666666,0,0.5,tiny_imagenet,tiny_imagenet,1,tiny_imagenet,tiny_imagenet,cifar100,cifar100_shared_images,cifar100|cifar100_coarse|rendered_sst2|svhn|usps,cifar100_shared_images|handwritten_digits|rendered_sst2|svhn,8,4,0.5,0.6995333655516306,0.6975066955884297,0.002026669963200889,0.0944100773677837,0.7580799579620361,0.7504799842834473,0.007599973678588778,5,5,10
clip_b32,food101,random,23,5,10,0.5,1,0.6666666666666666,1,1.0,tiny_imagenet,tiny_imagenet,1,tiny_imagenet,tiny_imagenet,tiny_imagenet,tiny_imagenet,cifar10|cifar100_coarse|mnist|rendered_sst2|tiny_imagenet,cifar10|cifar100_shared_images|handwritten_digits|rendered_sst2|tiny_imagenet,8,5,0.375,0.6995333655516306,0.6995333655516306,0.0,0.0,0.7580799579620361,0.7580799579620361,0.0,5,5,10
clip_b32,food101,random,24,5,10,0.5,0,0.0,0,0.0,tiny_imagenet,tiny_imagenet,1,tiny_imagenet,tiny_imagenet,cifar10,cifar10,cifar10|mnist|rendered_sst2|svhn|usps,cifar10|handwritten_digits|rendered_sst2|svhn,8,4,0.5,0.6995333655516306,0.6878400292555491,0.011693336296081491,0.5447205536401087,0.7580799579620361,0.7407199621200562,0.01735999584197989,5,5,10
clip_b32,food101,random,25,5,10,0.5,1,0.6666666666666666,1,1.0,tiny_imagenet,tiny_imagenet,1,tiny_imagenet,tiny_imagenet,tiny_imagenet,tiny_imagenet,cifar10|cifar100_coarse|fashion_mnist|stl10|tiny_imagenet,cifar10|cifar100_shared_images|fashion_mnist|stl10|tiny_imagenet,8,5,0.375,0.6995333655516306,0.6995333655516306,0.0,0.0,0.7580799579620361,0.7580799579620361,0.0,5,5,10
clip_b32,food101,random,26,5,10,0.5,0,0.3333333333333333,0,0.5,tiny_imagenet,tiny_imagenet,1,tiny_imagenet,tiny_imagenet,cifar100,cifar100_shared_images,cifar10|cifar100|mnist|rendered_sst2|svhn,cifar10|cifar100_shared_images|handwritten_digits|rendered_sst2|svhn,8,5,0.375,0.6995333655516306,0.6975066955884297,0.002026669963200889,0.0944100773677837,0.7580799579620361,0.7504799842834473,0.007599973678588778,5,5,10
clip_b32,food101,random,27,5,10,0.5,0,0.6666666666666666,0,0.5,tiny_imagenet,tiny_imagenet,1,tiny_imagenet,tiny_imagenet,cifar100,cifar100_shared_images,cifar10|cifar100|cifar100_coarse|fashion_mnist|rendered_sst2,cifar10|cifar100_shared_images|fashion_mnist|rendered_sst2,8,4,0.5,0.6995333655516306,0.6975066955884297,0.002026669963200889,0.0944100773677837,0.7580799579620361,0.7504799842834473,0.007599973678588778,5,5,10
clip_b32,food101,random,28,5,10,0.5,0,0.3333333333333333,0,0.5,tiny_imagenet,tiny_imagenet,1,tiny_imagenet,tiny_imagenet,cifar100,cifar100_shared_images,cifar100|mnist|rendered_sst2|svhn|usps,cifar100_shared_images|handwritten_digits|rendered_sst2|svhn,8,4,0.5,0.6995333655516306,0.6975066955884297,0.002026669963200889,0.0944100773677837,0.7580799579620361,0.7504799842834473,0.007599973678588778,5,5,10
clip_b32,food101,random,29,5,10,0.5,0,0.3333333333333333,0,0.5,tiny_imagenet,tiny_imagenet,1,tiny_imagenet,tiny_imagenet,cifar100,cifar100_shared_images,cifar100|fashion_mnist|rendered_sst2|stl10|usps,cifar100_shared_images|fashion_mnist|handwritten_digits|rendered_sst2|stl10,8,5,0.375,0.6995333655516306,0.6975066955884297,0.002026669963200889,0.0944100773677837,0.7580799579620361,0.7504799842834473,0.007599973678588778,5,5,10
clip_b32,food101,random,30,5,10,0.5,1,0.6666666666666666,1,1.0,tiny_imagenet,tiny_imagenet,1,tiny_imagenet,tiny_imagenet,tiny_imagenet,tiny_imagenet,cifar100_coarse|fashion_mnist|svhn|tiny_imagenet|usps,cifar100_shared_images|fashion_mnist|handwritten_digits|svhn|tiny_imagenet,8,5,0.375,0.6995333655516306,0.6995333655516306,0.0,0.0,0.7580799579620361,0.7580799579620361,0.0,5,5,10
clip_b32,food101,random,31,5,10,0.5,0,0.3333333333333333,0,0.5,tiny_imagenet,tiny_imagenet,1,tiny_imagenet,tiny_imagenet,cifar100,cifar100_shared_images,cifar10|cifar100|stl10|svhn|usps,cifar10|cifar100_shared_images|handwritten_digits|stl10|svhn,8,5,0.375,0.6995333655516306,0.6975066955884297,0.002026669963200889,0.0944100773677837,0.7580799579620361,0.7504799842834473,0.007599973678588778,5,5,10
clip_b32,food101,random,32,5,10,0.5,1,0.6666666666666666,1,1.0,tiny_imagenet,tiny_imagenet,1,tiny_imagenet,tiny_imagenet,tiny_imagenet,tiny_imagenet,cifar10|cifar100_coarse|fashion_mnist|rendered_sst2|tiny_imagenet,cifar10|cifar100_shared_images|fashion_mnist|rendered_sst2|tiny_imagenet,8,5,0.375,0.6995333655516306,0.6995333655516306,0.0,0.0,0.7580799579620361,0.7580799579620361,0.0,5,5,10
clip_b32,food101,random,33,5,10,0.5,1,0.6666666666666666,1,1.0,tiny_imagenet,tiny_imagenet,1,tiny_imagenet,tiny_imagenet,tiny_imagenet,tiny_imagenet,cifar10|cifar100|svhn|tiny_imagenet|usps,cifar10|cifar100_shared_images|handwritten_digits|svhn|tiny_imagenet,8,5,0.375,0.6995333655516306,0.6995333655516306,0.0,0.0,0.7580799579620361,0.7580799579620361,0.0,5,5,10
clip_b32,food101,random,34,5,10,0.5,0,0.3333333333333333,0,0.5,tiny_imagenet,tiny_imagenet,1,tiny_imagenet,tiny_imagenet,cifar100_coarse,cifar100_shared_images,cifar10|cifar100_coarse|mnist|stl10|usps,cifar10|cifar100_shared_images|handwritten_digits|stl10,8,4,0.5,0.6995333655516306,0.6897733623107275,0.009760003240903092,0.4546584682333622,0.7580799579620361,0.7418399572372436,0.01624000072479248,5,5,10
clip_b32,food101,random,35,5,10,0.5,0,0.0,0,0.0,tiny_imagenet,tiny_imagenet,1,tiny_imagenet,tiny_imagenet,cifar10,cifar10,cifar10|mnist|rendered_sst2|stl10|svhn,cifar10|handwritten_digits|rendered_sst2|stl10|svhn,8,5,0.375,0.6995333655516306,0.6878400292555491,0.011693336296081491,0.5447205536401087,0.7580799579620361,0.7407199621200562,0.01735999584197989,5,5,10
clip_b32,food101,random,36,5,10,0.5,1,0.3333333333333333,1,0.5,tiny_imagenet,tiny_imagenet,1,tiny_imagenet,tiny_imagenet,tiny_imagenet,tiny_imagenet,cifar10|fashion_mnist|stl10|svhn|tiny_imagenet,cifar10|fashion_mnist|stl10|svhn|tiny_imagenet,8,5,0.375,0.6995333655516306,0.6995333655516306,0.0,0.0,0.7580799579620361,0.7580799579620361,0.0,5,5,10
clip_b32,food101,random,37,5,10,0.5,0,0.6666666666666666,0,0.5,tiny_imagenet,tiny_imagenet,1,tiny_imagenet,tiny_imagenet,cifar100,cifar100_shared_images,cifar10|cifar100|cifar100_coarse|stl10|svhn,cifar10|cifar100_shared_images|stl10|svhn,8,4,0.5,0.6995333655516306,0.6975066955884297,0.002026669963200889,0.0944100773677837,0.7580799579620361,0.7504799842834473,0.007599973678588778,5,5,10
clip_b32,food101,random,38,5,10,0.5,1,1.0,1,1.0,tiny_imagenet,tiny_imagenet,1,tiny_imagenet,tiny_imagenet,tiny_imagenet,tiny_imagenet,cifar10|cifar100|cifar100_coarse|svhn|tiny_imagenet,cifar10|cifar100_shared_images|svhn|tiny_imagenet,8,4,0.5,0.6995333655516306,0.6995333655516306,0.0,0.0,0.7580799579620361,0.7580799579620361,0.0,5,5,10
clip_b32,food101,random,39,5,10,0.5,1,0.6666666666666666,1,1.0,tiny_imagenet,tiny_imagenet,1,tiny_imagenet,tiny_imagenet,tiny_imagenet,tiny_imagenet,cifar10|cifar100|fashion_mnist|svhn|tiny_imagenet,cifar10|cifar100_shared_images|fashion_mnist|svhn|tiny_imagenet,8,5,0.375,0.6995333655516306,0.6995333655516306,0.0,0.0,0.7580799579620361,0.7580799579620361,0.0,5,5,10
clip_b32,food101,random,40,5,10,0.5,1,0.3333333333333333,1,0.5,tiny_imagenet,tiny_imagenet,1,tiny_imagenet,tiny_imagenet,tiny_imagenet,tiny_imagenet,cifar10|stl10|svhn|tiny_imagenet|usps,cifar10|handwritten_digits|stl10|svhn|tiny_imagenet,8,5,0.375,0.6995333655516306,0.6995333655516306,0.0,0.0,0.7580799579620361,0.7580799579620361,0.0,5,5,10
clip_b32,food101,random,41,5,10,0.5,1,0.6666666666666666,1,1.0,tiny_imagenet,tiny_imagenet,1,tiny_imagenet,tiny_imagenet,tiny_imagenet,tiny_imagenet,cifar100_coarse|rendered_sst2|stl10|svhn|tiny_imagenet,cifar100_shared_images|rendered_sst2|stl10|svhn|tiny_imagenet,8,5,0.375,0.6995333655516306,0.6995333655516306,0.0,0.0,0.7580799579620361,0.7580799579620361,0.0,5,5,10
clip_b32,food101,random,42,5,10,0.5,0,0.3333333333333333,0,0.5,tiny_imagenet,tiny_imagenet,1,tiny_imagenet,tiny_imagenet,cifar100,cifar100_shared_images,cifar10|cifar100|fashion_mnist|mnist|svhn,cifar10|cifar100_shared_images|fashion_mnist|handwritten_digits|svhn,8,5,0.375,0.6995333655516306,0.6975066955884297,0.002026669963200889,0.0944100773677837,0.7580799579620361,0.7504799842834473,0.007599973678588778,5,5,10
clip_b32,food101,random,43,5,10,0.5,1,1.0,1,1.0,tiny_imagenet,tiny_imagenet,1,tiny_imagenet,tiny_imagenet,tiny_imagenet,tiny_imagenet,cifar100|cifar100_coarse|fashion_mnist|rendered_sst2|tiny_imagenet,cifar100_shared_images|fashion_mnist|rendered_sst2|tiny_imagenet,8,4,0.5,0.6995333655516306,0.6995333655516306,0.0,0.0,0.7580799579620361,0.7580799579620361,0.0,5,5,10
clip_b32,food101,random,44,5,10,0.5,0,0.0,0,0.0,tiny_imagenet,tiny_imagenet,1,tiny_imagenet,tiny_imagenet,cifar10,cifar10,cifar10|fashion_mnist|stl10|svhn|usps,cifar10|fashion_mnist|handwritten_digits|stl10|svhn,8,5,0.375,0.6995333655516306,0.6878400292555491,0.011693336296081491,0.5447205536401087,0.7580799579620361,0.7407199621200562,0.01735999584197989,5,5,10
clip_b32,food101,random,45,5,10,0.5,1,0.3333333333333333,1,0.5,tiny_imagenet,tiny_imagenet,1,tiny_imagenet,tiny_imagenet,tiny_imagenet,tiny_imagenet,fashion_mnist|stl10|svhn|tiny_imagenet|usps,fashion_mnist|handwritten_digits|stl10|svhn|tiny_imagenet,8,5,0.375,0.6995333655516306,0.6995333655516306,0.0,0.0,0.7580799579620361,0.7580799579620361,0.0,5,5,10
clip_b32,food101,random,46,5,10,0.5,0,0.6666666666666666,0,0.5,tiny_imagenet,tiny_imagenet,1,tiny_imagenet,tiny_imagenet,cifar100,cifar100_shared_images,cifar10|cifar100|cifar100_coarse|fashion_mnist|rendered_sst2,cifar10|cifar100_shared_images|fashion_mnist|rendered_sst2,8,4,0.5,0.6995333655516306,0.6975066955884297,0.002026669963200889,0.0944100773677837,0.7580799579620361,0.7504799842834473,0.007599973678588778,5,5,10
clip_b32,food101,random,47,5,10,0.5,0,0.3333333333333333,0,0.5,tiny_imagenet,tiny_imagenet,1,tiny_imagenet,tiny_imagenet,cifar100,cifar100_shared_images,cifar10|cifar100|mnist|rendered_sst2|svhn,cifar10|cifar100_shared_images|handwritten_digits|rendered_sst2|svhn,8,5,0.375,0.6995333655516306,0.6975066955884297,0.002026669963200889,0.0944100773677837,0.7580799579620361,0.7504799842834473,0.007599973678588778,5,5,10
clip_b32,food101,random,48,5,10,0.5,1,0.6666666666666666,1,1.0,tiny_imagenet,tiny_imagenet,1,tiny_imagenet,tiny_imagenet,tiny_imagenet,tiny_imagenet,cifar100|mnist|rendered_sst2|svhn|tiny_imagenet,cifar100_shared_images|handwritten_digits|rendered_sst2|svhn|tiny_imagenet,8,5,0.375,0.6995333655516306,0.6995333655516306,0.0,0.0,0.7580799579620361,0.7580799579620361,0.0,5,5,10
clip_b32,food101,random,49,5,10,0.5,0,0.6666666666666666,0,0.5,tiny_imagenet,tiny_imagenet,1,tiny_imagenet,tiny_imagenet,cifar100,cifar100_shared_images,cifar10|cifar100|cifar100_coarse|stl10|usps,cifar10|cifar100_shared_images|handwritten_digits|stl10,8,4,0.5,0.6995333655516306,0.6975066955884297,0.002026669963200889,0.0944100773677837,0.7580799579620361,0.7504799842834473,0.007599973678588778,5,5,10
clip_b32,food101,random,50,5,10,0.5,0,0.3333333333333333,0,0.5,tiny_imagenet,tiny_imagenet,1,tiny_imagenet,tiny_imagenet,cifar100,cifar100_shared_images,cifar10|cifar100|fashion_mnist|mnist|svhn,cifar10|cifar100_shared_images|fashion_mnist|handwritten_digits|svhn,8,5,0.375,0.6995333655516306,0.6975066955884297,0.002026669963200889,0.0944100773677837,0.7580799579620361,0.7504799842834473,0.007599973678588778,5,5,10
clip_b32,food101,random,51,5,10,0.5,1,0.3333333333333333,1,0.5,tiny_imagenet,tiny_imagenet,1,tiny_imagenet,tiny_imagenet,tiny_imagenet,tiny_imagenet,cifar10|fashion_mnist|mnist|stl10|tiny_imagenet,cifar10|fashion_mnist|handwritten_digits|stl10|tiny_imagenet,8,5,0.375,0.6995333655516306,0.6995333655516306,0.0,0.0,0.7580799579620361,0.7580799579620361,0.0,5,5,10
clip_b32,food101,random,52,5,10,0.5,1,0.6666666666666666,1,1.0,tiny_imagenet,tiny_imagenet,1,tiny_imagenet,tiny_imagenet,tiny_imagenet,tiny_imagenet,cifar100_coarse|rendered_sst2|svhn|tiny_imagenet|usps,cifar100_shared_images|handwritten_digits|rendered_sst2|svhn|tiny_imagenet,8,5,0.375,0.6995333655516306,0.6995333655516306,0.0,0.0,0.7580799579620361,0.7580799579620361,0.0,5,5,10
clip_b32,food101,random,53,5,10,0.5,1,0.6666666666666666,1,1.0,tiny_imagenet,tiny_imagenet,1,tiny_imagenet,tiny_imagenet,tiny_imagenet,tiny_imagenet,cifar100_coarse|mnist|stl10|tiny_imagenet|usps,cifar100_shared_images|handwritten_digits|stl10|tiny_imagenet,8,4,0.5,0.6995333655516306,0.6995333655516306,0.0,0.0,0.7580799579620361,0.7580799579620361,0.0,5,5,10
clip_b32,food101,random,54,5,10,0.5,0,0.3333333333333333,0,0.5,tiny_imagenet,tiny_imagenet,1,tiny_imagenet,tiny_imagenet,cifar100_coarse,cifar100_shared_images,cifar10|cifar100_coarse|fashion_mnist|rendered_sst2|stl10,cifar10|cifar100_shared_images|fashion_mnist|rendered_sst2|stl10,8,5,0.375,0.6995333655516306,0.6897733623107275,0.009760003240903092,0.4546584682333622,0.7580799579620361,0.7418399572372436,0.01624000072479248,5,5,10
clip_b32,food101,random,55,5,10,0.5,1,0.6666666666666666,1,1.0,tiny_imagenet,tiny_imagenet,1,tiny_imagenet,tiny_imagenet,tiny_imagenet,tiny_imagenet,cifar100|mnist|stl10|tiny_imagenet|usps,cifar100_shared_images|handwritten_digits|stl10|tiny_imagenet,8,4,0.5,0.6995333655516306,0.6995333655516306,0.0,0.0,0.7580799579620361,0.7580799579620361,0.0,5,5,10
clip_b32,food101,random,56,5,10,0.5,1,1.0,1,1.0,tiny_imagenet,tiny_imagenet,1,tiny_imagenet,tiny_imagenet,tiny_imagenet,tiny_imagenet,cifar100|cifar100_coarse|mnist|stl10|tiny_imagenet,cifar100_shared_images|handwritten_digits|stl10|tiny_imagenet,8,4,0.5,0.6995333655516306,0.6995333655516306,0.0,0.0,0.7580799579620361,0.7580799579620361,0.0,5,5,10
clip_b32,food101,random,57,5,10,0.5,1,0.3333333333333333,1,0.5,tiny_imagenet,tiny_imagenet,1,tiny_imagenet,tiny_imagenet,tiny_imagenet,tiny_imagenet,mnist|rendered_sst2|stl10|svhn|tiny_imagenet,handwritten_digits|rendered_sst2|stl10|svhn|tiny_imagenet,8,5,0.375,0.6995333655516306,0.6995333655516306,0.0,0.0,0.7580799579620361,0.7580799579620361,0.0,5,5,10
clip_b32,food101,random,58,5,10,0.5,1,0.3333333333333333,1,0.5,tiny_imagenet,tiny_imagenet,1,tiny_imagenet,tiny_imagenet,tiny_imagenet,tiny_imagenet,rendered_sst2|stl10|svhn|tiny_imagenet|usps,handwritten_digits|rendered_sst2|stl10|svhn|tiny_imagenet,8,5,0.375,0.6995333655516306,0.6995333655516306,0.0,0.0,0.7580799579620361,0.7580799579620361,0.0,5,5,10
clip_b32,food101,random,59,5,10,0.5,0,0.3333333333333333,0,0.5,tiny_imagenet,tiny_imagenet,1,tiny_imagenet,tiny_imagenet,cifar100_coarse,cifar100_shared_images,cifar10|cifar100_coarse|rendered_sst2|stl10|svhn,cifar10|cifar100_shared_images|rendered_sst2|stl10|svhn,8,5,0.375,0.6995333655516306,0.6897733623107275,0.009760003240903092,0.4546584682333622,0.7580799579620361,0.7418399572372436,0.01624000072479248,5,5,10
clip_b32,food101,random,60,5,10,0.5,1,0.6666666666666666,1,1.0,tiny_imagenet,tiny_imagenet,1,tiny_imagenet,tiny_imagenet,tiny_imagenet,tiny_imagenet,cifar10|cifar100_coarse|mnist|tiny_imagenet|usps,cifar10|cifar100_shared_images|handwritten_digits|tiny_imagenet,8,4,0.5,0.6995333655516306,0.6995333655516306,0.0,0.0,0.7580799579620361,0.7580799579620361,0.0,5,5,10
clip_b32,food101,random,61,5,10,0.5,1,0.6666666666666666,1,1.0,tiny_imagenet,tiny_imagenet,1,tiny_imagenet,tiny_imagenet,tiny_imagenet,tiny_imagenet,cifar100|fashion_mnist|rendered_sst2|stl10|tiny_imagenet,cifar100_shared_images|fashion_mnist|rendered_sst2|stl10|tiny_imagenet,8,5,0.375,0.6995333655516306,0.6995333655516306,0.0,0.0,0.7580799579620361,0.7580799579620361,0.0,5,5,10
clip_b32,food101,random,62,5,10,0.5,1,1.0,1,1.0,tiny_imagenet,tiny_imagenet,1,tiny_imagenet,tiny_imagenet,tiny_imagenet,tiny_imagenet,cifar100|cifar100_coarse|svhn|tiny_imagenet|usps,cifar100_shared_images|handwritten_digits|svhn|tiny_imagenet,8,4,0.5,0.6995333655516306,0.6995333655516306,0.0,0.0,0.7580799579620361,0.7580799579620361,0.0,5,5,10
clip_b32,food101,random,63,5,10,0.5,0,0.6666666666666666,0,0.5,tiny_imagenet,tiny_imagenet,1,tiny_imagenet,tiny_imagenet,cifar100,cifar100_shared_images,cifar10|cifar100|cifar100_coarse|mnist|svhn,cifar10|cifar100_shared_images|handwritten_digits|svhn,8,4,0.5,0.6995333655516306,0.6975066955884297,0.002026669963200889,0.0944100773677837,0.7580799579620361,0.7504799842834473,0.007599973678588778,5,5,10
clip_b32,food101,random,64,5,10,0.5,1,0.3333333333333333,1,0.5,tiny_imagenet,tiny_imagenet,1,tiny_imagenet,tiny_imagenet,tiny_imagenet,tiny_imagenet,cifar10|fashion_mnist|svhn|tiny_imagenet|usps,cifar10|fashion_mnist|handwritten_digits|svhn|tiny_imagenet,8,5,0.375,0.6995333655516306,0.6995333655516306,0.0,0.0,0.7580799579620361,0.7580799579620361,0.0,5,5,10
clip_b32,food101,random,65,5,10,0.5,0,0.3333333333333333,0,0.5,tiny_imagenet,tiny_imagenet,1,tiny_imagenet,tiny_imagenet,cifar100_coarse,cifar100_shared_images,cifar10|cifar100_coarse|fashion_mnist|mnist|svhn,cifar10|cifar100_shared_images|fashion_mnist|handwritten_digits|svhn,8,5,0.375,0.6995333655516306,0.6897733623107275,0.009760003240903092,0.4546584682333622,0.7580799579620361,0.7418399572372436,0.01624000072479248,5,5,10
clip_b32,food101,random,66,5,10,0.5,1,0.6666666666666666,1,1.0,tiny_imagenet,tiny_imagenet,1,tiny_imagenet,tiny_imagenet,tiny_imagenet,tiny_imagenet,cifar100|rendered_sst2|stl10|tiny_imagenet|usps,cifar100_shared_images|handwritten_digits|rendered_sst2|stl10|tiny_imagenet,8,5,0.375,0.6995333655516306,0.6995333655516306,0.0,0.0,0.7580799579620361,0.7580799579620361,0.0,5,5,10
clip_b32,food101,random,67,5,10,0.5,1,1.0,1,1.0,tiny_imagenet,tiny_imagenet,1,tiny_imagenet,tiny_imagenet,tiny_imagenet,tiny_imagenet,cifar100|cifar100_coarse|mnist|stl10|tiny_imagenet,cifar100_shared_images|handwritten_digits|stl10|tiny_imagenet,8,4,0.5,0.6995333655516306,0.6995333655516306,0.0,0.0,0.7580799579620361,0.7580799579620361,0.0,5,5,10
clip_b32,food101,random,68,5,10,0.5,0,0.6666666666666666,0,0.5,tiny_imagenet,tiny_imagenet,1,tiny_imagenet,tiny_imagenet,cifar100,cifar100_shared_images,cifar10|cifar100|cifar100_coarse|mnist|svhn,cifar10|cifar100_shared_images|handwritten_digits|svhn,8,4,0.5,0.6995333655516306,0.6975066955884297,0.002026669963200889,0.0944100773677837,0.7580799579620361,0.7504799842834473,0.007599973678588778,5,5,10
clip_b32,food101,random,69,5,10,0.5,1,0.6666666666666666,1,1.0,tiny_imagenet,tiny_imagenet,1,tiny_imagenet,tiny_imagenet,tiny_imagenet,tiny_imagenet,cifar10|cifar100|fashion_mnist|rendered_sst2|tiny_imagenet,cifar10|cifar100_shared_images|fashion_mnist|rendered_sst2|tiny_imagenet,8,5,0.375,0.6995333655516306,0.6995333655516306,0.0,0.0,0.7580799579620361,0.7580799579620361,0.0,5,5,10
clip_b32,food101,random,70,5,10,0.5,1,0.6666666666666666,1,1.0,tiny_imagenet,tiny_imagenet,1,tiny_imagenet,tiny_imagenet,tiny_imagenet,tiny_imagenet,cifar100_coarse|fashion_mnist|rendered_sst2|svhn|tiny_imagenet,cifar100_shared_images|fashion_mnist|rendered_sst2|svhn|tiny_imagenet,8,5,0.375,0.6995333655516306,0.6995333655516306,0.0,0.0,0.7580799579620361,0.7580799579620361,0.0,5,5,10
clip_b32,food101,random,71,5,10,0.5,1,0.3333333333333333,1,0.5,tiny_imagenet,tiny_imagenet,1,tiny_imagenet,tiny_imagenet,tiny_imagenet,tiny_imagenet,fashion_mnist|mnist|svhn|tiny_imagenet|usps,fashion_mnist|handwritten_digits|svhn|tiny_imagenet,8,4,0.5,0.6995333655516306,0.6995333655516306,0.0,0.0,0.7580799579620361,0.7580799579620361,0.0,5,5,10
clip_b32,food101,random,72,5,10,0.5,1,0.6666666666666666,1,1.0,tiny_imagenet,tiny_imagenet,1,tiny_imagenet,tiny_imagenet,tiny_imagenet,tiny_imagenet,cifar10|cifar100|rendered_sst2|svhn|tiny_imagenet,cifar10|cifar100_shared_images|rendered_sst2|svhn|tiny_imagenet,8,5,0.375,0.6995333655516306,0.6995333655516306,0.0,0.0,0.7580799579620361,0.7580799579620361,0.0,5,5,10
clip_b32,food101,random,73,5,10,0.5,0,0.3333333333333333,0,0.5,tiny_imagenet,tiny_imagenet,1,tiny_imagenet,tiny_imagenet,cifar100,cifar100_shared_images,cifar100|fashion_mnist|rendered_sst2|stl10|svhn,cifar100_shared_images|fashion_mnist|rendered_sst2|stl10|svhn,8,5,0.375,0.6995333655516306,0.6975066955884297,0.002026669963200889,0.0944100773677837,0.7580799579620361,0.7504799842834473,0.007599973678588778,5,5,10
clip_b32,food101,random,74,5,10,0.5,0,0.3333333333333333,0,0.5,tiny_imagenet,tiny_imagenet,1,tiny_imagenet,tiny_imagenet,cifar100_coarse,cifar100_shared_images,cifar100_coarse|fashion_mnist|mnist|rendered_sst2|usps,cifar100_shared_images|fashion_mnist|handwritten_digits|rendered_sst2,8,4,0.5,0.6995333655516306,0.6897733623107275,0.009760003240903092,0.4546584682333622,0.7580799579620361,0.7418399572372436,0.01624000072479248,5,5,10
clip_b32,food101,random,75,5,10,0.5,1,0.6666666666666666,1,1.0,tiny_imagenet,tiny_imagenet,1,tiny_imagenet,tiny_imagenet,tiny_imagenet,tiny_imagenet,cifar10|cifar100|fashion_mnist|rendered_sst2|tiny_imagenet,cifar10|cifar100_shared_images|fashion_mnist|rendered_sst2|tiny_imagenet,8,5,0.375,0.6995333655516306,0.6995333655516306,0.0,0.0,0.7580799579620361,0.7580799579620361,0.0,5,5,10
clip_b32,food101,random,76,5,10,0.5,0,0.6666666666666666,0,0.5,tiny_imagenet,tiny_imagenet,1,tiny_imagenet,tiny_imagenet,cifar100,cifar100_shared_images,cifar10|cifar100|cifar100_coarse|mnist|svhn,cifar10|cifar100_shared_images|handwritten_digits|svhn,8,4,0.5,0.6995333655516306,0.6975066955884297,0.002026669963200889,0.0944100773677837,0.7580799579620361,0.7504799842834473,0.007599973678588778,5,5,10
clip_b32,food101,random,77,5,10,0.5,0,0.6666666666666666,0,0.5,tiny_imagenet,tiny_imagenet,1,tiny_imagenet,tiny_imagenet,cifar100,cifar100_shared_images,cifar100|cifar100_coarse|mnist|stl10|usps,cifar100_shared_images|handwritten_digits|stl10,8,3,0.625,0.6995333655516306,0.6975066955884297,0.002026669963200889,0.0944100773677837,0.7580799579620361,0.7504799842834473,0.007599973678588778,5,5,10
clip_b32,food101,random,78,5,10,0.5,0,0.3333333333333333,0,0.5,tiny_imagenet,tiny_imagenet,1,tiny_imagenet,tiny_imagenet,cifar100_coarse,cifar100_shared_images,cifar100_coarse|fashion_mnist|rendered_sst2|stl10|svhn,cifar100_shared_images|fashion_mnist|rendered_sst2|stl10|svhn,8,5,0.375,0.6995333655516306,0.6897733623107275,0.009760003240903092,0.4546584682333622,0.7580799579620361,0.7418399572372436,0.01624000072479248,5,5,10
clip_b32,food101,random,79,5,10,0.5,0,0.6666666666666666,0,0.5,tiny_imagenet,tiny_imagenet,1,tiny_imagenet,tiny_imagenet,cifar100,cifar100_shared_images,cifar100|cifar100_coarse|fashion_mnist|svhn|usps,cifar100_shared_images|fashion_mnist|handwritten_digits|svhn,8,4,0.5,0.6995333655516306,0.6975066955884297,0.002026669963200889,0.0944100773677837,0.7580799579620361,0.7504799842834473,0.007599973678588778,5,5,10
clip_b32,food101,random,80,5,10,0.5,1,0.3333333333333333,1,0.5,tiny_imagenet,tiny_imagenet,1,tiny_imagenet,tiny_imagenet,tiny_imagenet,tiny_imagenet,cifar10|mnist|rendered_sst2|svhn|tiny_imagenet,cifar10|handwritten_digits|rendered_sst2|svhn|tiny_imagenet,8,5,0.375,0.6995333655516306,0.6995333655516306,0.0,0.0,0.7580799579620361,0.7580799579620361,0.0,5,5,10
clip_b32,food101,random,81,5,10,0.5,1,1.0,1,1.0,tiny_imagenet,tiny_imagenet,1,tiny_imagenet,tiny_imagenet,tiny_imagenet,tiny_imagenet,cifar100|cifar100_coarse|svhn|tiny_imagenet|usps,cifar100_shared_images|handwritten_digits|svhn|tiny_imagenet,8,4,0.5,0.6995333655516306,0.6995333655516306,0.0,0.0,0.7580799579620361,0.7580799579620361,0.0,5,5,10
clip_b32,food101,random,82,5,10,0.5,1,1.0,1,1.0,tiny_imagenet,tiny_imagenet,1,tiny_imagenet,tiny_imagenet,tiny_imagenet,tiny_imagenet,cifar100|cifar100_coarse|stl10|svhn|tiny_imagenet,cifar100_shared_images|stl10|svhn|tiny_imagenet,8,4,0.5,0.6995333655516306,0.6995333655516306,0.0,0.0,0.7580799579620361,0.7580799579620361,0.0,5,5,10
clip_b32,food101,random,83,5,10,0.5,1,0.6666666666666666,1,1.0,tiny_imagenet,tiny_imagenet,1,tiny_imagenet,tiny_imagenet,tiny_imagenet,tiny_imagenet,cifar100|mnist|stl10|tiny_imagenet|usps,cifar100_shared_images|handwritten_digits|stl10|tiny_imagenet,8,4,0.5,0.6995333655516306,0.6995333655516306,0.0,0.0,0.7580799579620361,0.7580799579620361,0.0,5,5,10
clip_b32,food101,random,84,5,10,0.5,1,0.6666666666666666,1,1.0,tiny_imagenet,tiny_imagenet,1,tiny_imagenet,tiny_imagenet,tiny_imagenet,tiny_imagenet,cifar10|cifar100_coarse|fashion_mnist|rendered_sst2|tiny_imagenet,cifar10|cifar100_shared_images|fashion_mnist|rendered_sst2|tiny_imagenet,8,5,0.375,0.6995333655516306,0.6995333655516306,0.0,0.0,0.7580799579620361,0.7580799579620361,0.0,5,5,10
clip_b32,food101,random,85,5,10,0.5,0,0.0,0,0.0,tiny_imagenet,tiny_imagenet,1,tiny_imagenet,tiny_imagenet,cifar10,cifar10,cifar10|mnist|rendered_sst2|svhn|usps,cifar10|handwritten_digits|rendered_sst2|svhn,8,4,0.5,0.6995333655516306,0.6878400292555491,0.011693336296081491,0.5447205536401087,0.7580799579620361,0.7407199621200562,0.01735999584197989,5,5,10
clip_b32,food101,random,86,5,10,0.5,1,0.6666666666666666,1,1.0,tiny_imagenet,tiny_imagenet,1,tiny_imagenet,tiny_imagenet,tiny_imagenet,tiny_imagenet,cifar10|cifar100|rendered_sst2|tiny_imagenet|usps,cifar10|cifar100_shared_images|handwritten_digits|rendered_sst2|tiny_imagenet,8,5,0.375,0.6995333655516306,0.6995333655516306,0.0,0.0,0.7580799579620361,0.7580799579620361,0.0,5,5,10
clip_b32,food101,random,87,5,10,0.5,1,0.3333333333333333,1,0.5,tiny_imagenet,tiny_imagenet,1,tiny_imagenet,tiny_imagenet,tiny_imagenet,tiny_imagenet,cifar10|fashion_mnist|stl10|tiny_imagenet|usps,cifar10|fashion_mnist|handwritten_digits|stl10|tiny_imagenet,8,5,0.375,0.6995333655516306,0.6995333655516306,0.0,0.0,0.7580799579620361,0.7580799579620361,0.0,5,5,10
clip_b32,food101,random,88,5,10,0.5,0,0.3333333333333333,0,0.5,tiny_imagenet,tiny_imagenet,1,tiny_imagenet,tiny_imagenet,cifar100_coarse,cifar100_shared_images,cifar10|cifar100_coarse|mnist|svhn|usps,cifar10|cifar100_shared_images|handwritten_digits|svhn,8,4,0.5,0.6995333655516306,0.6897733623107275,0.009760003240903092,0.4546584682333622,0.7580799579620361,0.7418399572372436,0.01624000072479248,5,5,10
clip_b32,food101,random,89,5,10,0.5,1,0.6666666666666666,1,1.0,tiny_imagenet,tiny_imagenet,1,tiny_imagenet,tiny_imagenet,tiny_imagenet,tiny_imagenet,cifar10|cifar100|fashion_mnist|svhn|tiny_imagenet,cifar10|cifar100_shared_images|fashion_mnist|svhn|tiny_imagenet,8,5,0.375,0.6995333655516306,0.6995333655516306,0.0,0.0,0.7580799579620361,0.7580799579620361,0.0,5,5,10
clip_b32,food101,random,90,5,10,0.5,1,0.3333333333333333,1,0.5,tiny_imagenet,tiny_imagenet,1,tiny_imagenet,tiny_imagenet,tiny_imagenet,tiny_imagenet,cifar10|fashion_mnist|mnist|tiny_imagenet|usps,cifar10|fashion_mnist|handwritten_digits|tiny_imagenet,8,4,0.5,0.6995333655516306,0.6995333655516306,0.0,0.0,0.7580799579620361,0.7580799579620361,0.0,5,5,10
clip_b32,food101,random,91,5,10,0.5,1,0.6666666666666666,1,1.0,tiny_imagenet,tiny_imagenet,1,tiny_imagenet,tiny_imagenet,tiny_imagenet,tiny_imagenet,cifar100_coarse|fashion_mnist|svhn|tiny_imagenet|usps,cifar100_shared_images|fashion_mnist|handwritten_digits|svhn|tiny_imagenet,8,5,0.375,0.6995333655516306,0.6995333655516306,0.0,0.0,0.7580799579620361,0.7580799579620361,0.0,5,5,10
clip_b32,food101,random,92,5,10,0.5,1,0.3333333333333333,1,0.5,tiny_imagenet,tiny_imagenet,1,tiny_imagenet,tiny_imagenet,tiny_imagenet,tiny_imagenet,cifar10|fashion_mnist|mnist|tiny_imagenet|usps,cifar10|fashion_mnist|handwritten_digits|tiny_imagenet,8,4,0.5,0.6995333655516306,0.6995333655516306,0.0,0.0,0.7580799579620361,0.7580799579620361,0.0,5,5,10
clip_b32,food101,random,93,5,10,0.5,1,0.6666666666666666,1,1.0,tiny_imagenet,tiny_imagenet,1,tiny_imagenet,tiny_imagenet,tiny_imagenet,tiny_imagenet,cifar10|cifar100_coarse|fashion_mnist|rendered_sst2|tiny_imagenet,cifar10|cifar100_shared_images|fashion_mnist|rendered_sst2|tiny_imagenet,8,5,0.375,0.6995333655516306,0.6995333655516306,0.0,0.0,0.7580799579620361,0.7580799579620361,0.0,5,5,10
clip_b32,food101,random,94,5,10,0.5,1,0.3333333333333333,1,0.5,tiny_imagenet,tiny_imagenet,1,tiny_imagenet,tiny_imagenet,tiny_imagenet,tiny_imagenet,cifar10|mnist|stl10|svhn|tiny_imagenet,cifar10|handwritten_digits|stl10|svhn|tiny_imagenet,8,5,0.375,0.6995333655516306,0.6995333655516306,0.0,0.0,0.7580799579620361,0.7580799579620361,0.0,5,5,10
clip_b32,food101,random,95,5,10,0.5,1,0.6666666666666666,1,1.0,tiny_imagenet,tiny_imagenet,1,tiny_imagenet,tiny_imagenet,tiny_imagenet,tiny_imagenet,cifar10|cifar100_coarse|rendered_sst2|stl10|tiny_imagenet,cifar10|cifar100_shared_images|rendered_sst2|stl10|tiny_imagenet,8,5,0.375,0.6995333655516306,0.6995333655516306,0.0,0.0,0.7580799579620361,0.7580799579620361,0.0,5,5,10
clip_b32,food101,random,96,5,10,0.5,1,0.6666666666666666,1,1.0,tiny_imagenet,tiny_imagenet,1,tiny_imagenet,tiny_imagenet,tiny_imagenet,tiny_imagenet,cifar100_coarse|fashion_mnist|mnist|rendered_sst2|tiny_imagenet,cifar100_shared_images|fashion_mnist|handwritten_digits|rendered_sst2|tiny_imagenet,8,5,0.375,0.6995333655516306,0.6995333655516306,0.0,0.0,0.7580799579620361,0.7580799579620361,0.0,5,5,10
clip_b32,food101,random,97,5,10,0.5,0,0.3333333333333333,0,0.5,tiny_imagenet,tiny_imagenet,1,tiny_imagenet,tiny_imagenet,cifar100,cifar100_shared_images,cifar100|mnist|rendered_sst2|stl10|svhn,cifar100_shared_images|handwritten_digits|rendered_sst2|stl10|svhn,8,5,0.375,0.6995333655516306,0.6975066955884297,0.002026669963200889,0.0944100773677837,0.7580799579620361,0.7504799842834473,0.007599973678588778,5,5,10
clip_b32,food101,random,98,5,10,0.5,1,0.6666666666666666,1,1.0,tiny_imagenet,tiny_imagenet,1,tiny_imagenet,tiny_imagenet,tiny_imagenet,tiny_imagenet,cifar100|mnist|svhn|tiny_imagenet|usps,cifar100_shared_images|handwritten_digits|svhn|tiny_imagenet,8,4,0.5,0.6995333655516306,0.6995333655516306,0.0,0.0,0.7580799579620361,0.7580799579620361,0.0,5,5,10
clip_b32,food101,random,99,5,10,0.5,1,0.3333333333333333,1,0.5,tiny_imagenet,tiny_imagenet,1,tiny_imagenet,tiny_imagenet,tiny_imagenet,tiny_imagenet,fashion_mnist|rendered_sst2|stl10|tiny_imagenet|usps,fashion_mnist|handwritten_digits|rendered_sst2|stl10|tiny_imagenet,8,5,0.375,0.6995333655516306,0.6995333655516306,0.0,0.0,0.7580799579620361,0.7580799579620361,0.0,5,5,10
clip_b32,gtsrb,rank_only,-1,3,10,0.7,1,0.6666666666666666,1,0.6666666666666666,tiny_imagenet,tiny_imagenet,1,tiny_imagenet,tiny_imagenet,tiny_imagenet,tiny_imagenet,rendered_sst2|tiny_imagenet|stl10,rendered_sst2|stl10|tiny_imagenet,8,3,0.625,0.8236933431657155,0.8236933431657155,0.0,0.0,0.7565199732780457,0.7565199732780457,0.0,5,3,10
clip_b32,gtsrb,facility_subspace,-1,3,10,0.7,0,0.3333333333333333,0,0.6666666666666666,tiny_imagenet,tiny_imagenet,1,tiny_imagenet,tiny_imagenet,rendered_sst2,rendered_sst2,cifar100|usps|rendered_sst2,cifar100_shared_images|handwritten_digits|rendered_sst2,8,3,0.625,0.8236933431657155,0.8198400141708057,0.003853328994909866,0.21033453777123218,0.7565199732780457,0.7523599624633789,0.00416001081466677,5,3,10
clip_b32,gtsrb,kcenter_subspace,-1,3,10,0.7,0,0.6666666666666666,0,0.6666666666666666,tiny_imagenet,tiny_imagenet,1,tiny_imagenet,tiny_imagenet,rendered_sst2,rendered_sst2,rendered_sst2|stl10|mnist,handwritten_digits|rendered_sst2|stl10,8,3,0.625,0.8236933431657155,0.8198400141708057,0.003853328994909866,0.21033453777123218,0.7565199732780457,0.7523599624633789,0.00416001081466677,5,3,10
clip_b32,gtsrb,dpp_subspace,-1,3,10,0.7,1,0.6666666666666666,1,0.6666666666666666,tiny_imagenet,tiny_imagenet,1,tiny_imagenet,tiny_imagenet,tiny_imagenet,tiny_imagenet,rendered_sst2|tiny_imagenet|stl10,rendered_sst2|stl10|tiny_imagenet,8,3,0.625,0.8236933431657155,0.8236933431657155,0.0,0.0,0.7565199732780457,0.7565199732780457,0.0,5,3,10
clip_b32,gtsrb,pool_vendi_subspace,-1,3,10,0.7,0,0.6666666666666666,0,0.6666666666666666,tiny_imagenet,tiny_imagenet,1,tiny_imagenet,tiny_imagenet,rendered_sst2,rendered_sst2,rendered_sst2|stl10|mnist,handwritten_digits|rendered_sst2|stl10,8,3,0.625,0.8236933431657155,0.8198400141708057,0.003853328994909866,0.21033453777123218,0.7565199732780457,0.7523599624633789,0.00416001081466677,5,3,10
clip_b32,gtsrb,full_merged_rank,-1,3,10,0.7,1,0.6666666666666666,1,0.6666666666666666,tiny_imagenet,tiny_imagenet,1,tiny_imagenet,tiny_imagenet,tiny_imagenet,tiny_imagenet,rendered_sst2|tiny_imagenet|stl10,rendered_sst2|stl10|tiny_imagenet,8,3,0.625,0.8236933431657155,0.8236933431657155,0.0,0.0,0.7565199732780457,0.7565199732780457,0.0,5,3,10
clip_b32,gtsrb,random,0,3,10,0.7,0,0.3333333333333333,0,0.3333333333333333,tiny_imagenet,tiny_imagenet,1,tiny_imagenet,tiny_imagenet,mnist,handwritten_digits,cifar100|mnist|svhn,cifar100_shared_images|handwritten_digits|svhn,8,3,0.625,0.8236933431657155,0.8190800116904576,0.004613331475257887,0.2518193864877976,0.7565199732780457,0.7527599573135376,0.0037600159645080344,5,3,10
clip_b32,gtsrb,random,1,3,10,0.7,1,0.3333333333333333,1,0.3333333333333333,tiny_imagenet,tiny_imagenet,1,tiny_imagenet,tiny_imagenet,tiny_imagenet,tiny_imagenet,cifar10|stl10|tiny_imagenet,cifar10|stl10|tiny_imagenet,8,3,0.625,0.8236933431657155,0.8236933431657155,0.0,0.0,0.7565199732780457,0.7565199732780457,0.0,5,3,10
clip_b32,gtsrb,random,2,3,10,0.7,1,0.6666666666666666,1,0.6666666666666666,tiny_imagenet,tiny_imagenet,1,tiny_imagenet,tiny_imagenet,tiny_imagenet,tiny_imagenet,cifar100_coarse|mnist|tiny_imagenet,cifar100_shared_images|handwritten_digits|tiny_imagenet,8,3,0.625,0.8236933431657155,0.8236933431657155,0.0,0.0,0.7565199732780457,0.7565199732780457,0.0,5,3,10
clip_b32,gtsrb,random,3,3,10,0.7,1,0.3333333333333333,1,0.6666666666666666,tiny_imagenet,tiny_imagenet,1,tiny_imagenet,tiny_imagenet,tiny_imagenet,tiny_imagenet,fashion_mnist|tiny_imagenet|usps,fashion_mnist|handwritten_digits|tiny_imagenet,8,3,0.625,0.8236933431657155,0.8236933431657155,0.0,0.0,0.7565199732780457,0.7565199732780457,0.0,5,3,10
clip_b32,gtsrb,random,4,3,10,0.7,0,0.6666666666666666,0,0.6666666666666666,tiny_imagenet,tiny_imagenet,1,tiny_imagenet,tiny_imagenet,rendered_sst2,rendered_sst2,fashion_mnist|mnist|rendered_sst2,fashion_mnist|handwritten_digits|rendered_sst2,8,3,0.625,0.8236933431657155,0.8198400141708057,0.003853328994909866,0.21033453777123218,0.7565199732780457,0.7523599624633789,0.00416001081466677,5,3,10
clip_b32,gtsrb,random,5,3,10,0.7,1,0.3333333333333333,1,0.3333333333333333,tiny_imagenet,tiny_imagenet,1,tiny_imagenet,tiny_imagenet,tiny_imagenet,tiny_imagenet,cifar100|cifar100_coarse|tiny_imagenet,cifar100_shared_images|tiny_imagenet,8,2,0.75,0.8236933431657155,0.8236933431657155,0.0,0.0,0.7565199732780457,0.7565199732780457,0.0,5,3,10
clip_b32,gtsrb,random,6,3,10,0.7,0,0.3333333333333333,0,0.3333333333333333,tiny_imagenet,tiny_imagenet,1,tiny_imagenet,tiny_imagenet,mnist,handwritten_digits,mnist|stl10|usps,handwritten_digits|stl10,8,2,0.75,0.8236933431657155,0.8190800116904576,0.004613331475257887,0.2518193864877976,0.7565199732780457,0.7527599573135376,0.0037600159645080344,5,3,10
clip_b32,gtsrb,random,7,3,10,0.7,0,0.3333333333333333,0,0.3333333333333333,tiny_imagenet,tiny_imagenet,1,tiny_imagenet,tiny_imagenet,mnist,handwritten_digits,cifar100|cifar100_coarse|mnist,cifar100_shared_images|handwritten_digits,8,2,0.75,0.8236933431657155,0.8190800116904576,0.004613331475257887,0.2518193864877976,0.7565199732780457,0.7527599573135376,0.0037600159645080344,5,3,10
clip_b32,gtsrb,random,8,3,10,0.7,0,0.0,0,0.0,tiny_imagenet,tiny_imagenet,1,tiny_imagenet,tiny_imagenet,cifar100,cifar100_shared_images,cifar10|cifar100|fashion_mnist,cifar10|cifar100_shared_images|fashion_mnist,8,3,0.625,0.8236933431657155,0.8155733439493179,0.008119999216397611,0.44323136803005037,0.7565199732780457,0.7551199436187744,0.001400029659271218,5,3,10
clip_b32,gtsrb,random,9,3,10,0.7,1,0.3333333333333333,1,0.3333333333333333,tiny_imagenet,tiny_imagenet,1,tiny_imagenet,tiny_imagenet,tiny_imagenet,tiny_imagenet,fashion_mnist|stl10|tiny_imagenet,fashion_mnist|stl10|tiny_imagenet,8,3,0.625,0.8236933431657155,0.8236933431657155,0.0,0.0,0.7565199732780457,0.7565199732780457,0.0,5,3,10
clip_b32,gtsrb,random,10,3,10,0.7,1,0.3333333333333333,1,0.6666666666666666,tiny_imagenet,tiny_imagenet,1,tiny_imagenet,tiny_imagenet,tiny_imagenet,tiny_imagenet,cifar100_coarse|tiny_imagenet|usps,cifar100_shared_images|handwritten_digits|tiny_imagenet,8,3,0.625,0.8236933431657155,0.8236933431657155,0.0,0.0,0.7565199732780457,0.7565199732780457,0.0,5,3,10
clip_b32,gtsrb,random,11,3,10,0.7,0,0.0,0,0.3333333333333333,tiny_imagenet,tiny_imagenet,1,tiny_imagenet,tiny_imagenet,usps,handwritten_digits,cifar10|fashion_mnist|usps,cifar10|fashion_mnist|handwritten_digits,8,3,0.625,0.8236933431657155,0.818613341999054,0.005080001166661519,0.27729262117990117,0.7565199732780457,0.7532399415969848,0.0032800316810608354,5,3,10
clip_b32,gtsrb,random,12,3,10,0.7,1,0.3333333333333333,1,0.3333333333333333,tiny_imagenet,tiny_imagenet,1,tiny_imagenet,tiny_imagenet,tiny_imagenet,tiny_imagenet,cifar10|fashion_mnist|tiny_imagenet,cifar10|fashion_mnist|tiny_imagenet,8,3,0.625,0.8236933431657155,0.8236933431657155,0.0,0.0,0.7565199732780457,0.7565199732780457,0.0,5,3,10
clip_b32,gtsrb,random,13,3,10,0.7,0,0.0,0,0.0,tiny_imagenet,tiny_imagenet,1,tiny_imagenet,tiny_imagenet,cifar100,cifar100_shared_images,cifar100|stl10|svhn,cifar100_shared_images|stl10|svhn,8,3,0.625,0.8236933431657155,0.8155733439493179,0.008119999216397611,0.44323136803005037,0.7565199732780457,0.7551199436187744,0.001400029659271218,5,3,10
clip_b32,gtsrb,random,14,3,10,0.7,0,0.0,0,0.0,tiny_imagenet,tiny_imagenet,1,tiny_imagenet,tiny_imagenet,svhn,svhn,cifar10|fashion_mnist|svhn,cifar10|fashion_mnist|svhn,8,3,0.625,0.8236933431657155,0.813293344461918,0.010399998703797486,0.5676854800288927,0.7565199732780457,0.7433199644088745,0.013200008869171165,5,3,10
clip_b32,gtsrb,random,15,3,10,0.7,1,0.3333333333333333,1,0.3333333333333333,tiny_imagenet,tiny_imagenet,1,tiny_imagenet,tiny_imagenet,tiny_imagenet,tiny_imagenet,fashion_mnist|svhn|tiny_imagenet,fashion_mnist|svhn|tiny_imagenet,8,3,0.625,0.8236933431657155,0.8236933431657155,0.0,0.0,0.7565199732780457,0.7565199732780457,0.0,5,3,10
clip_b32,gtsrb,random,16,3,10,0.7,0,0.0,0,0.0,tiny_imagenet,tiny_imagenet,1,tiny_imagenet,tiny_imagenet,svhn,svhn,cifar100_coarse|fashion_mnist|svhn,cifar100_shared_images|fashion_mnist|svhn,8,3,0.625,0.8236933431657155,0.813293344461918,0.010399998703797486,0.5676854800288927,0.7565199732780457,0.7433199644088745,0.013200008869171165,5,3,10
clip_b32,gtsrb,random,17,3,10,0.7,1,0.6666666666666666,1,0.6666666666666666,tiny_imagenet,tiny_imagenet,1,tiny_imagenet,tiny_imagenet,tiny_imagenet,tiny_imagenet,fashion_mnist|mnist|tiny_imagenet,fashion_mnist|handwritten_digits|tiny_imagenet,8,3,0.625,0.8236933431657155,0.8236933431657155,0.0,0.0,0.7565199732780457,0.7565199732780457,0.0,5,3,10
clip_b32,gtsrb,random,18,3,10,0.7,0,0.0,0,0.0,tiny_imagenet,tiny_imagenet,1,tiny_imagenet,tiny_imagenet,stl10,stl10,cifar10|stl10|svhn,cifar10|stl10|svhn,8,3,0.625,0.8236933431657155,0.8146800080323219,0.00901333513339364,0.4919942422678871,0.7565199732780457,0.7477999448776245,0.008720028400421187,5,3,10
clip_b32,gtsrb,random,19,3,10,0.7,0,0.6666666666666666,0,0.6666666666666666,tiny_imagenet,tiny_imagenet,1,tiny_imagenet,tiny_imagenet,rendered_sst2,rendered_sst2,cifar100|mnist|rendered_sst2,cifar100_shared_images|handwritten_digits|rendered_sst2,8,3,0.625,0.8236933431657155,0.8198400141708057,0.003853328994909866,0.21033453777123218,0.7565199732780457,0.7523599624633789,0.00416001081466677,5,3,10
clip_b32,gtsrb,random,20,3,10,0.7,1,0.6666666666666666,1,0.6666666666666666,tiny_imagenet,tiny_imagenet,1,tiny_imagenet,tiny_imagenet,tiny_imagenet,tiny_imagenet,rendered_sst2|stl10|tiny_imagenet,rendered_sst2|stl10|tiny_imagenet,8,3,0.625,0.8236933431657155,0.8236933431657155,0.0,0.0,0.7565199732780457,0.7565199732780457,0.0,5,3,10
clip_b32,gtsrb,random,21,3,10,0.7,0,0.0,0,0.3333333333333333,tiny_imagenet,tiny_imagenet,1,tiny_imagenet,tiny_imagenet,usps,handwritten_digits,cifar10|cifar100_coarse|usps,cifar10|cifar100_shared_images|handwritten_digits,8,3,0.625,0.8236933431657155,0.818613341999054,0.005080001166661519,0.27729262117990117,0.7565199732780457,0.7532399415969848,0.0032800316810608354,5,3,10
clip_b32,gtsrb,random,22,3,10,0.7,0,0.0,0,0.0,tiny_imagenet,tiny_imagenet,1,tiny_imagenet,tiny_imagenet,stl10,stl10,cifar10|fashion_mnist|stl10,cifar10|fashion_mnist|stl10,8,3,0.625,0.8236933431657155,0.8146800080323219,0.00901333513339364,0.4919942422678871,0.7565199732780457,0.7477999448776245,0.008720028400421187,5,3,10
clip_b32,gtsrb,random,23,3,10,0.7,0,0.3333333333333333,0,0.3333333333333333,tiny_imagenet,tiny_imagenet,1,tiny_imagenet,tiny_imagenet,mnist,handwritten_digits,fashion_mnist|mnist|svhn,fashion_mnist|handwritten_digits|svhn,8,3,0.625,0.8236933431657155,0.8190800116904576,0.004613331475257887,0.2518193864877976,0.7565199732780457,0.7527599573135376,0.0037600159645080344,5,3,10
clip_b32,gtsrb,random,24,3,10,0.7,0,0.3333333333333333,0,0.3333333333333333,tiny_imagenet,tiny_imagenet,1,tiny_imagenet,tiny_imagenet,mnist,handwritten_digits,mnist|svhn|usps,handwritten_digits|svhn,8,2,0.75,0.8236933431657155,0.8190800116904576,0.004613331475257887,0.2518193864877976,0.7565199732780457,0.7527599573135376,0.0037600159645080344,5,3,10
clip_b32,gtsrb,random,25,3,10,0.7,1,0.6666666666666666,1,0.6666666666666666,tiny_imagenet,tiny_imagenet,1,tiny_imagenet,tiny_imagenet,tiny_imagenet,tiny_imagenet,cifar100_coarse|mnist|tiny_imagenet,cifar100_shared_images|handwritten_digits|tiny_imagenet,8,3,0.625,0.8236933431657155,0.8236933431657155,0.0,0.0,0.7565199732780457,0.7565199732780457,0.0,5,3,10
clip_b32,gtsrb,random,26,3,10,0.7,1,0.3333333333333333,1,0.6666666666666666,tiny_imagenet,tiny_imagenet,1,tiny_imagenet,tiny_imagenet,tiny_imagenet,tiny_imagenet,cifar10|tiny_imagenet|usps,cifar10|handwritten_digits|tiny_imagenet,8,3,0.625,0.8236933431657155,0.8236933431657155,0.0,0.0,0.7565199732780457,0.7565199732780457,0.0,5,3,10
clip_b32,gtsrb,random,27,3,10,0.7,1,0.3333333333333333,1,0.3333333333333333,tiny_imagenet,tiny_imagenet,1,tiny_imagenet,tiny_imagenet,tiny_imagenet,tiny_imagenet,cifar10|stl10|tiny_imagenet,cifar10|stl10|tiny_imagenet,8,3,0.625,0.8236933431657155,0.8236933431657155,0.0,0.0,0.7565199732780457,0.7565199732780457,0.0,5,3,10
clip_b32,gtsrb,random,28,3,10,0.7,0,0.3333333333333333,0,0.3333333333333333,tiny_imagenet,tiny_imagenet,1,tiny_imagenet,tiny_imagenet,rendered_sst2,rendered_sst2,cifar10|cifar100|rendered_sst2,cifar10|cifar100_shared_images|rendered_sst2,8,3,0.625,0.8236933431657155,0.8198400141708057,0.003853328994909866,0.21033453777123218,0.7565199732780457,0.7523599624633789,0.00416001081466677,5,3,10
clip_b32,gtsrb,random,29,3,10,0.7,1,0.6666666666666666,1,0.6666666666666666,tiny_imagenet,tiny_imagenet,1,tiny_imagenet,tiny_imagenet,tiny_imagenet,tiny_imagenet,fashion_mnist|rendered_sst2|tiny_imagenet,fashion_mnist|rendered_sst2|tiny_imagenet,8,3,0.625,0.8236933431657155,0.8236933431657155,0.0,0.0,0.7565199732780457,0.7565199732780457,0.0,5,3,10
clip_b32,gtsrb,random,30,3,10,0.7,0,0.3333333333333333,0,0.3333333333333333,tiny_imagenet,tiny_imagenet,1,tiny_imagenet,tiny_imagenet,rendered_sst2,rendered_sst2,fashion_mnist|rendered_sst2|svhn,fashion_mnist|rendered_sst2|svhn,8,3,0.625,0.8236933431657155,0.8198400141708057,0.003853328994909866,0.21033453777123218,0.7565199732780457,0.7523599624633789,0.00416001081466677,5,3,10
clip_b32,gtsrb,random,31,3,10,0.7,0,0.0,0,0.3333333333333333,tiny_imagenet,tiny_imagenet,1,tiny_imagenet,tiny_imagenet,usps,handwritten_digits,cifar10|svhn|usps,cifar10|handwritten_digits|svhn,8,3,0.625,0.8236933431657155,0.818613341999054,0.005080001166661519,0.27729262117990117,0.7565199732780457,0.7532399415969848,0.0032800316810608354,5,3,10
clip_b32,gtsrb,random,32,3,10,0.7,0,0.3333333333333333,0,0.3333333333333333,tiny_imagenet,tiny_imagenet,1,tiny_imagenet,tiny_imagenet,mnist,handwritten_digits,cifar100|fashion_mnist|mnist,cifar100_shared_images|fashion_mnist|handwritten_digits,8,3,0.625,0.8236933431657155,0.8190800116904576,0.004613331475257887,0.2518193864877976,0.7565199732780457,0.7527599573135376,0.0037600159645080344,5,3,10
clip_b32,gtsrb,random,33,3,10,0.7,0,0.0,0,0.3333333333333333,tiny_imagenet,tiny_imagenet,1,tiny_imagenet,tiny_imagenet,usps,handwritten_digits,cifar100|cifar100_coarse|usps,cifar100_shared_images|handwritten_digits,8,2,0.75,0.8236933431657155,0.818613341999054,0.005080001166661519,0.27729262117990117,0.7565199732780457,0.7532399415969848,0.0032800316810608354,5,3,10
clip_b32,gtsrb,random,34,3,10,0.7,0,0.0,0,0.3333333333333333,tiny_imagenet,tiny_imagenet,1,tiny_imagenet,tiny_imagenet,usps,handwritten_digits,cifar100|fashion_mnist|usps,cifar100_shared_images|fashion_mnist|handwritten_digits,8,3,0.625,0.8236933431657155,0.818613341999054,0.005080001166661519,0.27729262117990117,0.7565199732780457,0.7532399415969848,0.0032800316810608354,5,3,10
clip_b32,gtsrb,random,35,3,10,0.7,1,0.3333333333333333,1,0.6666666666666666,tiny_imagenet,tiny_imagenet,1,tiny_imagenet,tiny_imagenet,tiny_imagenet,tiny_imagenet,svhn|tiny_imagenet|usps,handwritten_digits|svhn|tiny_imagenet,8,3,0.625,0.8236933431657155,0.8236933431657155,0.0,0.0,0.7565199732780457,0.7565199732780457,0.0,5,3,10
clip_b32,gtsrb,random,36,3,10,0.7,0,0.0,0,0.3333333333333333,tiny_imagenet,tiny_imagenet,1,tiny_imagenet,tiny_imagenet,usps,handwritten_digits,cifar10|cifar100|usps,cifar10|cifar100_shared_images|handwritten_digits,8,3,0.625,0.8236933431657155,0.818613341999054,0.005080001166661519,0.27729262117990117,0.7565199732780457,0.7532399415969848,0.0032800316810608354,5,3,10
clip_b32,gtsrb,random,37,3,10,0.7,0,0.3333333333333333,0,0.3333333333333333,tiny_imagenet,tiny_imagenet,1,tiny_imagenet,tiny_imagenet,rendered_sst2,rendered_sst2,cifar10|rendered_sst2|stl10,cifar10|rendered_sst2|stl10,8,3,0.625,0.8236933431657155,0.8198400141708057,0.003853328994909866,0.21033453777123218,0.7565199732780457,0.7523599624633789,0.00416001081466677,5,3,10
clip_b32,gtsrb,random,38,3,10,0.7,0,0.3333333333333333,0,0.3333333333333333,tiny_imagenet,tiny_imagenet,1,tiny_imagenet,tiny_imagenet,rendered_sst2,rendered_sst2,cifar10|rendered_sst2|stl10,cifar10|rendered_sst2|stl10,8,3,0.625,0.8236933431657155,0.8198400141708057,0.003853328994909866,0.21033453777123218,0.7565199732780457,0.7523599624633789,0.00416001081466677,5,3,10
clip_b32,gtsrb,random,39,3,10,0.7,0,0.0,0,0.0,tiny_imagenet,tiny_imagenet,1,tiny_imagenet,tiny_imagenet,cifar100,cifar100_shared_images,cifar100|fashion_mnist|svhn,cifar100_shared_images|fashion_mnist|svhn,8,3,0.625,0.8236933431657155,0.8155733439493179,0.008119999216397611,0.44323136803005037,0.7565199732780457,0.7551199436187744,0.001400029659271218,5,3,10
clip_b32,gtsrb,random,40,3,10,0.7,0,0.0,0,0.0,tiny_imagenet,tiny_imagenet,1,tiny_imagenet,tiny_imagenet,cifar100,cifar100_shared_images,cifar10|cifar100|fashion_mnist,cifar10|cifar100_shared_images|fashion_mnist,8,3,0.625,0.8236933431657155,0.8155733439493179,0.008119999216397611,0.44323136803005037,0.7565199732780457,0.7551199436187744,0.001400029659271218,5,3,10
clip_b32,gtsrb,random,41,3,10,0.7,0,0.0,0,0.0,tiny_imagenet,tiny_imagenet,1,tiny_imagenet,tiny_imagenet,cifar100,cifar100_shared_images,cifar100|cifar100_coarse|svhn,cifar100_shared_images|svhn,8,2,0.75,0.8236933431657155,0.8155733439493179,0.008119999216397611,0.44323136803005037,0.7565199732780457,0.7551199436187744,0.001400029659271218,5,3,10
clip_b32,gtsrb,random,42,3,10,0.7,1,0.3333333333333333,1,0.6666666666666666,tiny_imagenet,tiny_imagenet,1,tiny_imagenet,tiny_imagenet,tiny_imagenet,tiny_imagenet,cifar10|tiny_imagenet|usps,cifar10|handwritten_digits|tiny_imagenet,8,3,0.625,0.8236933431657155,0.8236933431657155,0.0,0.0,0.7565199732780457,0.7565199732780457,0.0,5,3,10
clip_b32,gtsrb,random,43,3,10,0.7,0,0.0,0,0.0,tiny_imagenet,tiny_imagenet,1,tiny_imagenet,tiny_imagenet,cifar100,cifar100_shared_images,cifar100|fashion_mnist|svhn,cifar100_shared_images|fashion_mnist|svhn,8,3,0.625,0.8236933431657155,0.8155733439493179,0.008119999216397611,0.44323136803005037,0.7565199732780457,0.7551199436187744,0.001400029659271218,5,3,10
clip_b32,gtsrb,random,44,3,10,0.7,0,0.6666666666666666,0,0.6666666666666666,tiny_imagenet,tiny_imagenet,1,tiny_imagenet,tiny_imagenet,rendered_sst2,rendered_sst2,mnist|rendered_sst2|usps,handwritten_digits|rendered_sst2,8,2,0.75,0.8236933431657155,0.8198400141708057,0.003853328994909866,0.21033453777123218,0.7565199732780457,0.7523599624633789,0.00416001081466677,5,3,10
clip_b32,gtsrb,random,45,3,10,0.7,0,0.0,0,0.3333333333333333,tiny_imagenet,tiny_imagenet,1,tiny_imagenet,tiny_imagenet,usps,handwritten_digits,cifar100|svhn|usps,cifar100_shared_images|handwritten_digits|svhn,8,3,0.625,0.8236933431657155,0.818613341999054,0.005080001166661519,0.27729262117990117,0.7565199732780457,0.7532399415969848,0.0032800316810608354,5,3,10
clip_b32,gtsrb,random,46,3,10,0.7,0,0.0,0,0.0,tiny_imagenet,tiny_imagenet,1,tiny_imagenet,tiny_imagenet,stl10,stl10,cifar100_coarse|stl10|svhn,cifar100_shared_images|stl10|svhn,8,3,0.625,0.8236933431657155,0.8146800080323219,0.00901333513339364,0.4919942422678871,0.7565199732780457,0.7477999448776245,0.008720028400421187,5,3,10
clip_b32,gtsrb,random,47,3,10,0.7,0,0.3333333333333333,0,0.3333333333333333,tiny_imagenet,tiny_imagenet,1,tiny_imagenet,tiny_imagenet,rendered_sst2,rendered_sst2,cifar10|cifar100_coarse|rendered_sst2,cifar10|cifar100_shared_images|rendered_sst2,8,3,0.625,0.8236933431657155,0.8198400141708057,0.003853328994909866,0.21033453777123218,0.7565199732780457,0.7523599624633789,0.00416001081466677,5,3,10
clip_b32,gtsrb,random,48,3,10,0.7,0,0.6666666666666666,0,0.6666666666666666,tiny_imagenet,tiny_imagenet,1,tiny_imagenet,tiny_imagenet,rendered_sst2,rendered_sst2,cifar100|mnist|rendered_sst2,cifar100_shared_images|handwritten_digits|rendered_sst2,8,3,0.625,0.8236933431657155,0.8198400141708057,0.003853328994909866,0.21033453777123218,0.7565199732780457,0.7523599624633789,0.00416001081466677,5,3,10
clip_b32,gtsrb,random,49,3,10,0.7,0,0.3333333333333333,0,0.3333333333333333,tiny_imagenet,tiny_imagenet,1,tiny_imagenet,tiny_imagenet,rendered_sst2,rendered_sst2,cifar10|cifar100|rendered_sst2,cifar10|cifar100_shared_images|rendered_sst2,8,3,0.625,0.8236933431657155,0.8198400141708057,0.003853328994909866,0.21033453777123218,0.7565199732780457,0.7523599624633789,0.00416001081466677,5,3,10
clip_b32,gtsrb,random,50,3,10,0.7,0,0.3333333333333333,0,0.3333333333333333,tiny_imagenet,tiny_imagenet,1,tiny_imagenet,tiny_imagenet,mnist,handwritten_digits,cifar10|mnist|svhn,cifar10|handwritten_digits|svhn,8,3,0.625,0.8236933431657155,0.8190800116904576,0.004613331475257887,0.2518193864877976,0.7565199732780457,0.7527599573135376,0.0037600159645080344,5,3,10
clip_b32,gtsrb,random,51,3,10,0.7,1,0.6666666666666666,1,0.6666666666666666,tiny_imagenet,tiny_imagenet,1,tiny_imagenet,tiny_imagenet,tiny_imagenet,tiny_imagenet,cifar100_coarse|mnist|tiny_imagenet,cifar100_shared_images|handwritten_digits|tiny_imagenet,8,3,0.625,0.8236933431657155,0.8236933431657155,0.0,0.0,0.7565199732780457,0.7565199732780457,0.0,5,3,10
clip_b32,gtsrb,random,52,3,10,0.7,0,0.3333333333333333,0,0.6666666666666666,tiny_imagenet,tiny_imagenet,1,tiny_imagenet,tiny_imagenet,rendered_sst2,rendered_sst2,cifar10|rendered_sst2|usps,cifar10|handwritten_digits|rendered_sst2,8,3,0.625,0.8236933431657155,0.8198400141708057,0.003853328994909866,0.21033453777123218,0.7565199732780457,0.7523599624633789,0.00416001081466677,5,3,10
clip_b32,gtsrb,random,53,3,10,0.7,1,0.3333333333333333,1,0.6666666666666666,tiny_imagenet,tiny_imagenet,1,tiny_imagenet,tiny_imagenet,tiny_imagenet,tiny_imagenet,fashion_mnist|tiny_imagenet|usps,fashion_mnist|handwritten_digits|tiny_imagenet,8,3,0.625,0.8236933431657155,0.8236933431657155,0.0,0.0,0.7565199732780457,0.7565199732780457,0.0,5,3,10
clip_b32,gtsrb,random,54,3,10,0.7,0,0.3333333333333333,0,0.3333333333333333,tiny_imagenet,tiny_imagenet,1,tiny_imagenet,tiny_imagenet,mnist,handwritten_digits,fashion_mnist|mnist|usps,fashion_mnist|handwritten_digits,8,2,0.75,0.8236933431657155,0.8190800116904576,0.004613331475257887,0.2518193864877976,0.7565199732780457,0.7527599573135376,0.0037600159645080344,5,3,10
clip_b32,gtsrb,random,55,3,10,0.7,0,0.0,0,0.3333333333333333,tiny_imagenet,tiny_imagenet,1,tiny_imagenet,tiny_imagenet,usps,handwritten_digits,cifar100|fashion_mnist|usps,cifar100_shared_images|fashion_mnist|handwritten_digits,8,3,0.625,0.8236933431657155,0.818613341999054,0.005080001166661519,0.27729262117990117,0.7565199732780457,0.7532399415969848,0.0032800316810608354,5,3,10
clip_b32,gtsrb,random,56,3,10,0.7,0,0.0,0,0.3333333333333333,tiny_imagenet,tiny_imagenet,1,tiny_imagenet,tiny_imagenet,usps,handwritten_digits,fashion_mnist|svhn|usps,fashion_mnist|handwritten_digits|svhn,8,3,0.625,0.8236933431657155,0.818613341999054,0.005080001166661519,0.27729262117990117,0.7565199732780457,0.7532399415969848,0.0032800316810608354,5,3,10
clip_b32,gtsrb,random,57,3,10,0.7,0,0.3333333333333333,0,0.6666666666666666,tiny_imagenet,tiny_imagenet,1,tiny_imagenet,tiny_imagenet,rendered_sst2,rendered_sst2,cifar10|rendered_sst2|usps,cifar10|handwritten_digits|rendered_sst2,8,3,0.625,0.8236933431657155,0.8198400141708057,0.003853328994909866,0.21033453777123218,0.7565199732780457,0.7523599624633789,0.00416001081466677,5,3,10
clip_b32,gtsrb,random,58,3,10,0.7,0,0.3333333333333333,0,0.6666666666666666,tiny_imagenet,tiny_imagenet,1,tiny_imagenet,tiny_imagenet,rendered_sst2,rendered_sst2,cifar10|rendered_sst2|usps,cifar10|handwritten_digits|rendered_sst2,8,3,0.625,0.8236933431657155,0.8198400141708057,0.003853328994909866,0.21033453777123218,0.7565199732780457,0.7523599624633789,0.00416001081466677,5,3,10
clip_b32,gtsrb,random,59,3,10,0.7,0,0.0,0,0.0,tiny_imagenet,tiny_imagenet,1,tiny_imagenet,tiny_imagenet,cifar100,cifar100_shared_images,cifar100|stl10|svhn,cifar100_shared_images|stl10|svhn,8,3,0.625,0.8236933431657155,0.8155733439493179,0.008119999216397611,0.44323136803005037,0.7565199732780457,0.7551199436187744,0.001400029659271218,5,3,10
clip_b32,gtsrb,random,60,3,10,0.7,0,0.3333333333333333,0,0.6666666666666666,tiny_imagenet,tiny_imagenet,1,tiny_imagenet,tiny_imagenet,rendered_sst2,rendered_sst2,rendered_sst2|stl10|usps,handwritten_digits|rendered_sst2|stl10,8,3,0.625,0.8236933431657155,0.8198400141708057,0.003853328994909866,0.21033453777123218,0.7565199732780457,0.7523599624633789,0.00416001081466677,5,3,10
clip_b32,gtsrb,random,61,3,10,0.7,0,0.6666666666666666,0,0.6666666666666666,tiny_imagenet,tiny_imagenet,1,tiny_imagenet,tiny_imagenet,rendered_sst2,rendered_sst2,cifar100|mnist|rendered_sst2,cifar100_shared_images|handwritten_digits|rendered_sst2,8,3,0.625,0.8236933431657155,0.8198400141708057,0.003853328994909866,0.21033453777123218,0.7565199732780457,0.7523599624633789,0.00416001081466677,5,3,10
clip_b32,gtsrb,random,62,3,10,0.7,0,0.3333333333333333,0,0.3333333333333333,tiny_imagenet,tiny_imagenet,1,tiny_imagenet,tiny_imagenet,mnist,handwritten_digits,fashion_mnist|mnist|stl10,fashion_mnist|handwritten_digits|stl10,8,3,0.625,0.8236933431657155,0.8190800116904576,0.004613331475257887,0.2518193864877976,0.7565199732780457,0.7527599573135376,0.0037600159645080344,5,3,10
clip_b32,gtsrb,random,63,3,10,0.7,1,0.6666666666666666,1,0.6666666666666666,tiny_imagenet,tiny_imagenet,1,tiny_imagenet,tiny_imagenet,tiny_imagenet,tiny_imagenet,cifar10|mnist|tiny_imagenet,cifar10|handwritten_digits|tiny_imagenet,8,3,0.625,0.8236933431657155,0.8236933431657155,0.0,0.0,0.7565199732780457,0.7565199732780457,0.0,5,3,10
clip_b32,gtsrb,random,64,3,10,0.7,0,0.0,0,0.3333333333333333,tiny_imagenet,tiny_imagenet,1,tiny_imagenet,tiny_imagenet,usps,handwritten_digits,cifar10|svhn|usps,cifar10|handwritten_digits|svhn,8,3,0.625,0.8236933431657155,0.818613341999054,0.005080001166661519,0.27729262117990117,0.7565199732780457,0.7532399415969848,0.0032800316810608354,5,3,10
clip_b32,gtsrb,random,65,3,10,0.7,0,0.3333333333333333,0,0.3333333333333333,tiny_imagenet,tiny_imagenet,1,tiny_imagenet,tiny_imagenet,rendered_sst2,rendered_sst2,cifar10|fashion_mnist|rendered_sst2,cifar10|fashion_mnist|rendered_sst2,8,3,0.625,0.8236933431657155,0.8198400141708057,0.003853328994909866,0.21033453777123218,0.7565199732780457,0.7523599624633789,0.00416001081466677,5,3,10
clip_b32,gtsrb,random,66,3,10,0.7,0,0.3333333333333333,0,0.3333333333333333,tiny_imagenet,tiny_imagenet,1,tiny_imagenet,tiny_imagenet,rendered_sst2,rendered_sst2,rendered_sst2|stl10|svhn,rendered_sst2|stl10|svhn,8,3,0.625,0.8236933431657155,0.8198400141708057,0.003853328994909866,0.21033453777123218,0.7565199732780457,0.7523599624633789,0.00416001081466677,5,3,10
clip_b32,gtsrb,random,67,3,10,0.7,1,1.0,1,1.0,tiny_imagenet,tiny_imagenet,1,tiny_imagenet,tiny_imagenet,tiny_imagenet,tiny_imagenet,mnist|rendered_sst2|tiny_imagenet,handwritten_digits|rendered_sst2|tiny_imagenet,8,3,0.625,0.8236933431657155,0.8236933431657155,0.0,0.0,0.7565199732780457,0.7565199732780457,0.0,5,3,10
clip_b32,gtsrb,random,68,3,10,0.7,0,0.0,0,0.3333333333333333,tiny_imagenet,tiny_imagenet,1,tiny_imagenet,tiny_imagenet,usps,handwritten_digits,cifar100|cifar100_coarse|usps,cifar100_shared_images|handwritten_digits,8,2,0.75,0.8236933431657155,0.818613341999054,0.005080001166661519,0.27729262117990117,0.7565199732780457,0.7532399415969848,0.0032800316810608354,5,3,10
clip_b32,gtsrb,random,69,3,10,0.7,0,0.6666666666666666,0,0.6666666666666666,tiny_imagenet,tiny_imagenet,1,tiny_imagenet,tiny_imagenet,rendered_sst2,rendered_sst2,cifar10|mnist|rendered_sst2,cifar10|handwritten_digits|rendered_sst2,8,3,0.625,0.8236933431657155,0.8198400141708057,0.003853328994909866,0.21033453777123218,0.7565199732780457,0.7523599624633789,0.00416001081466677,5,3,10
clip_b32,gtsrb,random,70,3,10,0.7,0,0.0,0,0.3333333333333333,tiny_imagenet,tiny_imagenet,1,tiny_imagenet,tiny_imagenet,usps,handwritten_digits,stl10|svhn|usps,handwritten_digits|stl10|svhn,8,3,0.625,0.8236933431657155,0.818613341999054,0.005080001166661519,0.27729262117990117,0.7565199732780457,0.7532399415969848,0.0032800316810608354,5,3,10
clip_b32,gtsrb,random,71,3,10,0.7,0,0.0,0,0.0,tiny_imagenet,tiny_imagenet,1,tiny_imagenet,tiny_imagenet,svhn,svhn,cifar10|cifar100_coarse|svhn,cifar10|cifar100_shared_images|svhn,8,3,0.625,0.8236933431657155,0.813293344461918,0.010399998703797486,0.5676854800288927,0.7565199732780457,0.7433199644088745,0.013200008869171165,5,3,10
clip_b32,gtsrb,random,72,3,10,0.7,0,0.0,0,0.0,tiny_imagenet,tiny_imagenet,1,tiny_imagenet,tiny_imagenet,cifar100,cifar100_shared_images,cifar100|cifar100_coarse|svhn,cifar100_shared_images|svhn,8,2,0.75,0.8236933431657155,0.8155733439493179,0.008119999216397611,0.44323136803005037,0.7565199732780457,0.7551199436187744,0.001400029659271218,5,3,10
clip_b32,gtsrb,random,73,3,10,0.7,1,0.3333333333333333,1,0.3333333333333333,tiny_imagenet,tiny_imagenet,1,tiny_imagenet,tiny_imagenet,tiny_imagenet,tiny_imagenet,fashion_mnist|svhn|tiny_imagenet,fashion_mnist|svhn|tiny_imagenet,8,3,0.625,0.8236933431657155,0.8236933431657155,0.0,0.0,0.7565199732780457,0.7565199732780457,0.0,5,3,10
clip_b32,gtsrb,random,74,3,10,0.7,0,0.0,0,0.3333333333333333,tiny_imagenet,tiny_imagenet,1,tiny_imagenet,tiny_imagenet,usps,handwritten_digits,cifar100|fashion_mnist|usps,cifar100_shared_images|fashion_mnist|handwritten_digits,8,3,0.625,0.8236933431657155,0.818613341999054,0.005080001166661519,0.27729262117990117,0.7565199732780457,0.7532399415969848,0.0032800316810608354,5,3,10
clip_b32,gtsrb,random,75,3,10,0.7,0,0.3333333333333333,0,0.3333333333333333,tiny_imagenet,tiny_imagenet,1,tiny_imagenet,tiny_imagenet,mnist,handwritten_digits,cifar100|cifar100_coarse|mnist,cifar100_shared_images|handwritten_digits,8,2,0.75,0.8236933431657155,0.8190800116904576,0.004613331475257887,0.2518193864877976,0.7565199732780457,0.7527599573135376,0.0037600159645080344,5,3,10
clip_b32,gtsrb,random,76,3,10,0.7,0,0.3333333333333333,0,0.3333333333333333,tiny_imagenet,tiny_imagenet,1,tiny_imagenet,tiny_imagenet,mnist,handwritten_digits,cifar100|mnist|stl10,cifar100_shared_images|handwritten_digits|stl10,8,3,0.625,0.8236933431657155,0.8190800116904576,0.004613331475257887,0.2518193864877976,0.7565199732780457,0.7527599573135376,0.0037600159645080344,5,3,10
clip_b32,gtsrb,random,77,3,10,0.7,0,0.3333333333333333,0,0.3333333333333333,tiny_imagenet,tiny_imagenet,1,tiny_imagenet,tiny_imagenet,rendered_sst2,rendered_sst2,cifar100_coarse|rendered_sst2|stl10,cifar100_shared_images|rendered_sst2|stl10,8,3,0.625,0.8236933431657155,0.8198400141708057,0.003853328994909866,0.21033453777123218,0.7565199732780457,0.7523599624633789,0.00416001081466677,5,3,10
clip_b32,gtsrb,random,78,3,10,0.7,1,1.0,1,1.0,tiny_imagenet,tiny_imagenet,1,tiny_imagenet,tiny_imagenet,tiny_imagenet,tiny_imagenet,mnist|rendered_sst2|tiny_imagenet,handwritten_digits|rendered_sst2|tiny_imagenet,8,3,0.625,0.8236933431657155,0.8236933431657155,0.0,0.0,0.7565199732780457,0.7565199732780457,0.0,5,3,10
clip_b32,gtsrb,random,79,3,10,0.7,0,0.3333333333333333,0,0.3333333333333333,tiny_imagenet,tiny_imagenet,1,tiny_imagenet,tiny_imagenet,mnist,handwritten_digits,mnist|svhn|usps,handwritten_digits|svhn,8,2,0.75,0.8236933431657155,0.8190800116904576,0.004613331475257887,0.2518193864877976,0.7565199732780457,0.7527599573135376,0.0037600159645080344,5,3,10
clip_b32,gtsrb,random,80,3,10,0.7,0,0.0,0,0.3333333333333333,tiny_imagenet,tiny_imagenet,1,tiny_imagenet,tiny_imagenet,usps,handwritten_digits,cifar100_coarse|fashion_mnist|usps,cifar100_shared_images|fashion_mnist|handwritten_digits,8,3,0.625,0.8236933431657155,0.818613341999054,0.005080001166661519,0.27729262117990117,0.7565199732780457,0.7532399415969848,0.0032800316810608354,5,3,10
clip_b32,gtsrb,random,81,3,10,0.7,0,0.0,0,0.0,tiny_imagenet,tiny_imagenet,1,tiny_imagenet,tiny_imagenet,cifar100,cifar100_shared_images,cifar100|fashion_mnist|stl10,cifar100_shared_images|fashion_mnist|stl10,8,3,0.625,0.8236933431657155,0.8155733439493179,0.008119999216397611,0.44323136803005037,0.7565199732780457,0.7551199436187744,0.001400029659271218,5,3,10
clip_b32,gtsrb,random,82,3,10,0.7,1,0.3333333333333333,1,0.3333333333333333,tiny_imagenet,tiny_imagenet,1,tiny_imagenet,tiny_imagenet,tiny_imagenet,tiny_imagenet,fashion_mnist|stl10|tiny_imagenet,fashion_mnist|stl10|tiny_imagenet,8,3,0.625,0.8236933431657155,0.8236933431657155,0.0,0.0,0.7565199732780457,0.7565199732780457,0.0,5,3,10
clip_b32,gtsrb,random,83,3,10,0.7,0,0.0,0,0.0,tiny_imagenet,tiny_imagenet,1,tiny_imagenet,tiny_imagenet,svhn,svhn,cifar100_coarse|fashion_mnist|svhn,cifar100_shared_images|fashion_mnist|svhn,8,3,0.625,0.8236933431657155,0.813293344461918,0.010399998703797486,0.5676854800288927,0.7565199732780457,0.7433199644088745,0.013200008869171165,5,3,10
clip_b32,gtsrb,random,84,3,10,0.7,0,0.3333333333333333,0,0.3333333333333333,tiny_imagenet,tiny_imagenet,1,tiny_imagenet,tiny_imagenet,rendered_sst2,rendered_sst2,rendered_sst2|stl10|svhn,rendered_sst2|stl10|svhn,8,3,0.625,0.8236933431657155,0.8198400141708057,0.003853328994909866,0.21033453777123218,0.7565199732780457,0.7523599624633789,0.00416001081466677,5,3,10
clip_b32,gtsrb,random,85,3,10,0.7,1,0.6666666666666666,1,0.6666666666666666,tiny_imagenet,tiny_imagenet,1,tiny_imagenet,tiny_imagenet,tiny_imagenet,tiny_imagenet,rendered_sst2|stl10|tiny_imagenet,rendered_sst2|stl10|tiny_imagenet,8,3,0.625,0.8236933431657155,0.8236933431657155,0.0,0.0,0.7565199732780457,0.7565199732780457,0.0,5,3,10
clip_b32,gtsrb,random,86,3,10,0.7,0,0.3333333333333333,0,0.3333333333333333,tiny_imagenet,tiny_imagenet,1,tiny_imagenet,tiny_imagenet,rendered_sst2,rendered_sst2,rendered_sst2|stl10|svhn,rendered_sst2|stl10|svhn,8,3,0.625,0.8236933431657155,0.8198400141708057,0.003853328994909866,0.21033453777123218,0.7565199732780457,0.7523599624633789,0.00416001081466677,5,3,10
clip_b32,gtsrb,random,87,3,10,0.7,0,0.0,0,0.0,tiny_imagenet,tiny_imagenet,1,tiny_imagenet,tiny_imagenet,stl10,stl10,cifar10|stl10|svhn,cifar10|stl10|svhn,8,3,0.625,0.8236933431657155,0.8146800080323219,0.00901333513339364,0.4919942422678871,0.7565199732780457,0.7477999448776245,0.008720028400421187,5,3,10
clip_b32,gtsrb,random,88,3,10,0.7,0,0.6666666666666666,0,0.6666666666666666,tiny_imagenet,tiny_imagenet,1,tiny_imagenet,tiny_imagenet,rendered_sst2,rendered_sst2,cifar100|mnist|rendered_sst2,cifar100_shared_images|handwritten_digits|rendered_sst2,8,3,0.625,0.8236933431657155,0.8198400141708057,0.003853328994909866,0.21033453777123218,0.7565199732780457,0.7523599624633789,0.00416001081466677,5,3,10
clip_b32,gtsrb,random,89,3,10,0.7,1,0.3333333333333333,1,0.3333333333333333,tiny_imagenet,tiny_imagenet,1,tiny_imagenet,tiny_imagenet,tiny_imagenet,tiny_imagenet,cifar100|stl10|tiny_imagenet,cifar100_shared_images|stl10|tiny_imagenet,8,3,0.625,0.8236933431657155,0.8236933431657155,0.0,0.0,0.7565199732780457,0.7565199732780457,0.0,5,3,10
clip_b32,gtsrb,random,90,3,10,0.7,0,0.0,0,0.0,tiny_imagenet,tiny_imagenet,1,tiny_imagenet,tiny_imagenet,stl10,stl10,cifar10|cifar100_coarse|stl10,cifar10|cifar100_shared_images|stl10,8,3,0.625,0.8236933431657155,0.8146800080323219,0.00901333513339364,0.4919942422678871,0.7565199732780457,0.7477999448776245,0.008720028400421187,5,3,10
clip_b32,gtsrb,random,91,3,10,0.7,0,0.3333333333333333,0,0.3333333333333333,tiny_imagenet,tiny_imagenet,1,tiny_imagenet,tiny_imagenet,mnist,handwritten_digits,cifar10|cifar100|mnist,cifar10|cifar100_shared_images|handwritten_digits,8,3,0.625,0.8236933431657155,0.8190800116904576,0.004613331475257887,0.2518193864877976,0.7565199732780457,0.7527599573135376,0.0037600159645080344,5,3,10
clip_b32,gtsrb,random,92,3,10,0.7,0,0.3333333333333333,0,0.3333333333333333,tiny_imagenet,tiny_imagenet,1,tiny_imagenet,tiny_imagenet,rendered_sst2,rendered_sst2,cifar10|cifar100_coarse|rendered_sst2,cifar10|cifar100_shared_images|rendered_sst2,8,3,0.625,0.8236933431657155,0.8198400141708057,0.003853328994909866,0.21033453777123218,0.7565199732780457,0.7523599624633789,0.00416001081466677,5,3,10
clip_b32,gtsrb,random,93,3,10,0.7,0,0.0,0,0.3333333333333333,tiny_imagenet,tiny_imagenet,1,tiny_imagenet,tiny_imagenet,usps,handwritten_digits,cifar100|svhn|usps,cifar100_shared_images|handwritten_digits|svhn,8,3,0.625,0.8236933431657155,0.818613341999054,0.005080001166661519,0.27729262117990117,0.7565199732780457,0.7532399415969848,0.0032800316810608354,5,3,10
clip_b32,gtsrb,random,94,3,10,0.7,0,0.3333333333333333,0,0.6666666666666666,tiny_imagenet,tiny_imagenet,1,tiny_imagenet,tiny_imagenet,rendered_sst2,rendered_sst2,cifar100|rendered_sst2|usps,cifar100_shared_images|handwritten_digits|rendered_sst2,8,3,0.625,0.8236933431657155,0.8198400141708057,0.003853328994909866,0.21033453777123218,0.7565199732780457,0.7523599624633789,0.00416001081466677,5,3,10
clip_b32,gtsrb,random,95,3,10,0.7,0,0.3333333333333333,0,0.3333333333333333,tiny_imagenet,tiny_imagenet,1,tiny_imagenet,tiny_imagenet,mnist,handwritten_digits,cifar10|cifar100|mnist,cifar10|cifar100_shared_images|handwritten_digits,8,3,0.625,0.8236933431657155,0.8190800116904576,0.004613331475257887,0.2518193864877976,0.7565199732780457,0.7527599573135376,0.0037600159645080344,5,3,10
clip_b32,gtsrb,random,96,3,10,0.7,0,0.0,0,0.0,tiny_imagenet,tiny_imagenet,1,tiny_imagenet,tiny_imagenet,stl10,stl10,cifar100_coarse|fashion_mnist|stl10,cifar100_shared_images|fashion_mnist|stl10,8,3,0.625,0.8236933431657155,0.8146800080323219,0.00901333513339364,0.4919942422678871,0.7565199732780457,0.7477999448776245,0.008720028400421187,5,3,10
clip_b32,gtsrb,random,97,3,10,0.7,1,0.3333333333333333,1,0.3333333333333333,tiny_imagenet,tiny_imagenet,1,tiny_imagenet,tiny_imagenet,tiny_imagenet,tiny_imagenet,cifar100|fashion_mnist|tiny_imagenet,cifar100_shared_images|fashion_mnist|tiny_imagenet,8,3,0.625,0.8236933431657155,0.8236933431657155,0.0,0.0,0.7565199732780457,0.7565199732780457,0.0,5,3,10
clip_b32,gtsrb,random,98,3,10,0.7,0,0.0,0,0.0,tiny_imagenet,tiny_imagenet,1,tiny_imagenet,tiny_imagenet,cifar100,cifar100_shared_images,cifar100|fashion_mnist|svhn,cifar100_shared_images|fashion_mnist|svhn,8,3,0.625,0.8236933431657155,0.8155733439493179,0.008119999216397611,0.44323136803005037,0.7565199732780457,0.7551199436187744,0.001400029659271218,5,3,10
clip_b32,gtsrb,random,99,3,10,0.7,1,0.3333333333333333,1,0.3333333333333333,tiny_imagenet,tiny_imagenet,1,tiny_imagenet,tiny_imagenet,tiny_imagenet,tiny_imagenet,fashion_mnist|stl10|tiny_imagenet,fashion_mnist|stl10|tiny_imagenet,8,3,0.625,0.8236933431657155,0.8236933431657155,0.0,0.0,0.7565199732780457,0.7565199732780457,0.0,5,3,10
clip_b32,gtsrb,rank_only,-1,5,10,0.5,1,0.6666666666666666,1,0.6666666666666666,tiny_imagenet,tiny_imagenet,1,tiny_imagenet,tiny_imagenet,tiny_imagenet,tiny_imagenet,rendered_sst2|tiny_imagenet|stl10|cifar100_coarse|cifar100,cifar100_shared_images|rendered_sst2|stl10|tiny_imagenet,8,4,0.5,0.8236933431657155,0.8236933431657155,0.0,0.0,0.7565199732780457,0.7565199732780457,0.0,5,5,10
clip_b32,gtsrb,facility_subspace,-1,5,10,0.5,0,0.3333333333333333,0,0.6666666666666666,tiny_imagenet,tiny_imagenet,1,tiny_imagenet,tiny_imagenet,rendered_sst2,rendered_sst2,cifar100|usps|rendered_sst2|fashion_mnist|cifar10,cifar10|cifar100_shared_images|fashion_mnist|handwritten_digits|rendered_sst2,8,5,0.375,0.8236933431657155,0.8198400141708057,0.003853328994909866,0.21033453777123218,0.7565199732780457,0.7523599624633789,0.00416001081466677,5,5,10
clip_b32,gtsrb,kcenter_subspace,-1,5,10,0.5,0,0.6666666666666666,0,0.6666666666666666,tiny_imagenet,tiny_imagenet,1,tiny_imagenet,tiny_imagenet,rendered_sst2,rendered_sst2,rendered_sst2|stl10|mnist|fashion_mnist|svhn,fashion_mnist|handwritten_digits|rendered_sst2|stl10|svhn,8,5,0.375,0.8236933431657155,0.8198400141708057,0.003853328994909866,0.21033453777123218,0.7565199732780457,0.7523599624633789,0.00416001081466677,5,5,10
clip_b32,gtsrb,dpp_subspace,-1,5,10,0.5,1,0.6666666666666666,1,0.6666666666666666,tiny_imagenet,tiny_imagenet,1,tiny_imagenet,tiny_imagenet,tiny_imagenet,tiny_imagenet,rendered_sst2|tiny_imagenet|stl10|cifar100_coarse|cifar10,cifar10|cifar100_shared_images|rendered_sst2|stl10|tiny_imagenet,8,5,0.375,0.8236933431657155,0.8236933431657155,0.0,0.0,0.7565199732780457,0.7565199732780457,0.0,5,5,10
clip_b32,gtsrb,pool_vendi_subspace,-1,5,10,0.5,0,0.6666666666666666,0,0.6666666666666666,tiny_imagenet,tiny_imagenet,1,tiny_imagenet,tiny_imagenet,rendered_sst2,rendered_sst2,rendered_sst2|stl10|mnist|fashion_mnist|svhn,fashion_mnist|handwritten_digits|rendered_sst2|stl10|svhn,8,5,0.375,0.8236933431657155,0.8198400141708057,0.003853328994909866,0.21033453777123218,0.7565199732780457,0.7523599624633789,0.00416001081466677,5,5,10
clip_b32,gtsrb,full_merged_rank,-1,5,10,0.5,1,0.6666666666666666,1,0.6666666666666666,tiny_imagenet,tiny_imagenet,1,tiny_imagenet,tiny_imagenet,tiny_imagenet,tiny_imagenet,rendered_sst2|tiny_imagenet|stl10|cifar100_coarse|cifar100,cifar100_shared_images|rendered_sst2|stl10|tiny_imagenet,8,4,0.5,0.8236933431657155,0.8236933431657155,0.0,0.0,0.7565199732780457,0.7565199732780457,0.0,5,5,10
clip_b32,gtsrb,random,0,5,10,0.5,0,0.6666666666666666,0,0.6666666666666666,tiny_imagenet,tiny_imagenet,1,tiny_imagenet,tiny_imagenet,rendered_sst2,rendered_sst2,cifar100|cifar100_coarse|mnist|rendered_sst2|stl10,cifar100_shared_images|handwritten_digits|rendered_sst2|stl10,8,4,0.5,0.8236933431657155,0.8198400141708057,0.003853328994909866,0.21033453777123218,0.7565199732780457,0.7523599624633789,0.00416001081466677,5,5,10
clip_b32,gtsrb,random,1,5,10,0.5,0,0.3333333333333333,0,0.3333333333333333,tiny_imagenet,tiny_imagenet,1,tiny_imagenet,tiny_imagenet,rendered_sst2,rendered_sst2,cifar100_coarse|fashion_mnist|rendered_sst2|stl10|svhn,cifar100_shared_images|fashion_mnist|rendered_sst2|stl10|svhn,8,5,0.375,0.8236933431657155,0.8198400141708057,0.003853328994909866,0.21033453777123218,0.7565199732780457,0.7523599624633789,0.00416001081466677,5,5,10
clip_b32,gtsrb,random,2,5,10,0.5,0,0.3333333333333333,0,0.3333333333333333,tiny_imagenet,tiny_imagenet,1,tiny_imagenet,tiny_imagenet,rendered_sst2,rendered_sst2,cifar10|cifar100|cifar100_coarse|rendered_sst2|svhn,cifar10|cifar100_shared_images|rendered_sst2|svhn,8,4,0.5,0.8236933431657155,0.8198400141708057,0.003853328994909866,0.21033453777123218,0.7565199732780457,0.7523599624633789,0.00416001081466677,5,5,10
clip_b32,gtsrb,random,3,5,10,0.5,1,1.0,1,1.0,tiny_imagenet,tiny_imagenet,1,tiny_imagenet,tiny_imagenet,tiny_imagenet,tiny_imagenet,cifar100|mnist|rendered_sst2|tiny_imagenet|usps,cifar100_shared_images|handwritten_digits|rendered_sst2|tiny_imagenet,8,4,0.5,0.8236933431657155,0.8236933431657155,0.0,0.0,0.7565199732780457,0.7565199732780457,0.0,5,5,10
clip_b32,gtsrb,random,4,5,10,0.5,0,0.3333333333333333,0,0.3333333333333333,tiny_imagenet,tiny_imagenet,1,tiny_imagenet,tiny_imagenet,mnist,handwritten_digits,cifar100|fashion_mnist|mnist|svhn|usps,cifar100_shared_images|fashion_mnist|handwritten_digits|svhn,8,4,0.5,0.8236933431657155,0.8190800116904576,0.004613331475257887,0.2518193864877976,0.7565199732780457,0.7527599573135376,0.0037600159645080344,5,5,10
clip_b32,gtsrb,random,5,5,10,0.5,0,0.0,0,0.0,tiny_imagenet,tiny_imagenet,1,tiny_imagenet,tiny_imagenet,cifar100,cifar100_shared_images,cifar10|cifar100|cifar100_coarse|fashion_mnist|svhn,cifar10|cifar100_shared_images|fashion_mnist|svhn,8,4,0.5,0.8236933431657155,0.8155733439493179,0.008119999216397611,0.44323136803005037,0.7565199732780457,0.7551199436187744,0.001400029659271218,5,5,10
clip_b32,gtsrb,random,6,5,10,0.5,0,0.3333333333333333,0,0.6666666666666666,tiny_imagenet,tiny_imagenet,1,tiny_imagenet,tiny_imagenet,rendered_sst2,rendered_sst2,cifar100|cifar100_coarse|rendered_sst2|svhn|usps,cifar100_shared_images|handwritten_digits|rendered_sst2|svhn,8,4,0.5,0.8236933431657155,0.8198400141708057,0.003853328994909866,0.21033453777123218,0.7565199732780457,0.7523599624633789,0.00416001081466677,5,5,10
clip_b32,gtsrb,random,7,5,10,0.5,0,0.6666666666666666,0,0.6666666666666666,tiny_imagenet,tiny_imagenet,1,tiny_imagenet,tiny_imagenet,rendered_sst2,rendered_sst2,cifar100|fashion_mnist|mnist|rendered_sst2|usps,cifar100_shared_images|fashion_mnist|handwritten_digits|rendered_sst2,8,4,0.5,0.8236933431657155,0.8198400141708057,0.003853328994909866,0.21033453777123218,0.7565199732780457,0.7523599624633789,0.00416001081466677,5,5,10
clip_b32,gtsrb,random,8,5,10,0.5,1,0.6666666666666666,1,0.6666666666666666,tiny_imagenet,tiny_imagenet,1,tiny_imagenet,tiny_imagenet,tiny_imagenet,tiny_imagenet,cifar10|cifar100_coarse|mnist|stl10|tiny_imagenet,cifar10|cifar100_shared_images|handwritten_digits|stl10|tiny_imagenet,8,5,0.375,0.8236933431657155,0.8236933431657155,0.0,0.0,0.7565199732780457,0.7565199732780457,0.0,5,5,10
clip_b32,gtsrb,random,9,5,10,0.5,1,0.6666666666666666,1,1.0,tiny_imagenet,tiny_imagenet,1,tiny_imagenet,tiny_imagenet,tiny_imagenet,tiny_imagenet,cifar100_coarse|rendered_sst2|stl10|tiny_imagenet|usps,cifar100_shared_images|handwritten_digits|rendered_sst2|stl10|tiny_imagenet,8,5,0.375,0.8236933431657155,0.8236933431657155,0.0,0.0,0.7565199732780457,0.7565199732780457,0.0,5,5,10
clip_b32,gtsrb,random,10,5,10,0.5,1,0.6666666666666666,1,0.6666666666666666,tiny_imagenet,tiny_imagenet,1,tiny_imagenet,tiny_imagenet,tiny_imagenet,tiny_imagenet,cifar100|fashion_mnist|mnist|svhn|tiny_imagenet,cifar100_shared_images|fashion_mnist|handwritten_digits|svhn|tiny_imagenet,8,5,0.375,0.8236933431657155,0.8236933431657155,0.0,0.0,0.7565199732780457,0.7565199732780457,0.0,5,5,10
clip_b32,gtsrb,random,11,5,10,0.5,0,0.3333333333333333,0,0.6666666666666666,tiny_imagenet,tiny_imagenet,1,tiny_imagenet,tiny_imagenet,rendered_sst2,rendered_sst2,cifar10|fashion_mnist|rendered_sst2|stl10|usps,cifar10|fashion_mnist|handwritten_digits|rendered_sst2|stl10,8,5,0.375,0.8236933431657155,0.8198400141708057,0.003853328994909866,0.21033453777123218,0.7565199732780457,0.7523599624633789,0.00416001081466677,5,5,10
clip_b32,gtsrb,random,12,5,10,0.5,1,0.3333333333333333,1,0.3333333333333333,tiny_imagenet,tiny_imagenet,1,tiny_imagenet,tiny_imagenet,tiny_imagenet,tiny_imagenet,cifar10|cifar100|fashion_mnist|svhn|tiny_imagenet,cifar10|cifar100_shared_images|fashion_mnist|svhn|tiny_imagenet,8,5,0.375,0.8236933431657155,0.8236933431657155,0.0,0.0,0.7565199732780457,0.7565199732780457,0.0,5,5,10
clip_b32,gtsrb,random,13,5,10,0.5,1,0.3333333333333333,1,0.3333333333333333,tiny_imagenet,tiny_imagenet,1,tiny_imagenet,tiny_imagenet,tiny_imagenet,tiny_imagenet,cifar10|cifar100_coarse|fashion_mnist|stl10|tiny_imagenet,cifar10|cifar100_shared_images|fashion_mnist|stl10|tiny_imagenet,8,5,0.375,0.8236933431657155,0.8236933431657155,0.0,0.0,0.7565199732780457,0.7565199732780457,0.0,5,5,10
clip_b32,gtsrb,random,14,5,10,0.5,1,0.6666666666666666,1,0.6666666666666666,tiny_imagenet,tiny_imagenet,1,tiny_imagenet,tiny_imagenet,tiny_imagenet,tiny_imagenet,cifar100_coarse|rendered_sst2|stl10|svhn|tiny_imagenet,cifar100_shared_images|rendered_sst2|stl10|svhn|tiny_imagenet,8,5,0.375,0.8236933431657155,0.8236933431657155,0.0,0.0,0.7565199732780457,0.7565199732780457,0.0,5,5,10
clip_b32,gtsrb,random,15,5,10,0.5,0,0.3333333333333333,0,0.6666666666666666,tiny_imagenet,tiny_imagenet,1,tiny_imagenet,tiny_imagenet,rendered_sst2,rendered_sst2,cifar100|fashion_mnist|rendered_sst2|stl10|usps,cifar100_shared_images|fashion_mnist|handwritten_digits|rendered_sst2|stl10,8,5,0.375,0.8236933431657155,0.8198400141708057,0.003853328994909866,0.21033453777123218,0.7565199732780457,0.7523599624633789,0.00416001081466677,5,5,10
clip_b32,gtsrb,random,16,5,10,0.5,0,0.6666666666666666,0,0.6666666666666666,tiny_imagenet,tiny_imagenet,1,tiny_imagenet,tiny_imagenet,rendered_sst2,rendered_sst2,cifar100|fashion_mnist|mnist|rendered_sst2|usps,cifar100_shared_images|fashion_mnist|handwritten_digits|rendered_sst2,8,4,0.5,0.8236933431657155,0.8198400141708057,0.003853328994909866,0.21033453777123218,0.7565199732780457,0.7523599624633789,0.00416001081466677,5,5,10
clip_b32,gtsrb,random,17,5,10,0.5,1,0.6666666666666666,1,0.6666666666666666,tiny_imagenet,tiny_imagenet,1,tiny_imagenet,tiny_imagenet,tiny_imagenet,tiny_imagenet,cifar100|fashion_mnist|rendered_sst2|svhn|tiny_imagenet,cifar100_shared_images|fashion_mnist|rendered_sst2|svhn|tiny_imagenet,8,5,0.375,0.8236933431657155,0.8236933431657155,0.0,0.0,0.7565199732780457,0.7565199732780457,0.0,5,5,10
clip_b32,gtsrb,random,18,5,10,0.5,0,0.3333333333333333,0,0.3333333333333333,tiny_imagenet,tiny_imagenet,1,tiny_imagenet,tiny_imagenet,mnist,handwritten_digits,cifar10|cifar100|fashion_mnist|mnist|stl10,cifar10|cifar100_shared_images|fashion_mnist|handwritten_digits|stl10,8,5,0.375,0.8236933431657155,0.8190800116904576,0.004613331475257887,0.2518193864877976,0.7565199732780457,0.7527599573135376,0.0037600159645080344,5,5,10
clip_b32,gtsrb,random,19,5,10,0.5,0,0.0,0,0.3333333333333333,tiny_imagenet,tiny_imagenet,1,tiny_imagenet,tiny_imagenet,usps,handwritten_digits,cifar10|fashion_mnist|stl10|svhn|usps,cifar10|fashion_mnist|handwritten_digits|stl10|svhn,8,5,0.375,0.8236933431657155,0.818613341999054,0.005080001166661519,0.27729262117990117,0.7565199732780457,0.7532399415969848,0.0032800316810608354,5,5,10
clip_b32,gtsrb,random,20,5,10,0.5,1,0.6666666666666666,1,0.6666666666666666,tiny_imagenet,tiny_imagenet,1,tiny_imagenet,tiny_imagenet,tiny_imagenet,tiny_imagenet,fashion_mnist|mnist|stl10|svhn|tiny_imagenet,fashion_mnist|handwritten_digits|stl10|svhn|tiny_imagenet,8,5,0.375,0.8236933431657155,0.8236933431657155,0.0,0.0,0.7565199732780457,0.7565199732780457,0.0,5,5,10
clip_b32,gtsrb,random,21,5,10,0.5,0,0.3333333333333333,0,0.6666666666666666,tiny_imagenet,tiny_imagenet,1,tiny_imagenet,tiny_imagenet,rendered_sst2,rendered_sst2,cifar10|cifar100_coarse|rendered_sst2|svhn|usps,cifar10|cifar100_shared_images|handwritten_digits|rendered_sst2|svhn,8,5,0.375,0.8236933431657155,0.8198400141708057,0.003853328994909866,0.21033453777123218,0.7565199732780457,0.7523599624633789,0.00416001081466677,5,5,10
clip_b32,gtsrb,random,22,5,10,0.5,1,0.3333333333333333,1,0.6666666666666666,tiny_imagenet,tiny_imagenet,1,tiny_imagenet,tiny_imagenet,tiny_imagenet,tiny_imagenet,cifar100|cifar100_coarse|fashion_mnist|tiny_imagenet|usps,cifar100_shared_images|fashion_mnist|handwritten_digits|tiny_imagenet,8,4,0.5,0.8236933431657155,0.8236933431657155,0.0,0.0,0.7565199732780457,0.7565199732780457,0.0,5,5,10
clip_b32,gtsrb,random,23,5,10,0.5,1,0.6666666666666666,1,0.6666666666666666,tiny_imagenet,tiny_imagenet,1,tiny_imagenet,tiny_imagenet,tiny_imagenet,tiny_imagenet,cifar100|rendered_sst2|stl10|svhn|tiny_imagenet,cifar100_shared_images|rendered_sst2|stl10|svhn|tiny_imagenet,8,5,0.375,0.8236933431657155,0.8236933431657155,0.0,0.0,0.7565199732780457,0.7565199732780457,0.0,5,5,10
clip_b32,gtsrb,random,24,5,10,0.5,1,0.6666666666666666,1,1.0,tiny_imagenet,tiny_imagenet,1,tiny_imagenet,tiny_imagenet,tiny_imagenet,tiny_imagenet,cifar100|rendered_sst2|stl10|tiny_imagenet|usps,cifar100_shared_images|handwritten_digits|rendered_sst2|stl10|tiny_imagenet,8,5,0.375,0.8236933431657155,0.8236933431657155,0.0,0.0,0.7565199732780457,0.7565199732780457,0.0,5,5,10
clip_b32,gtsrb,random,25,5,10,0.5,0,0.0,0,0.3333333333333333,tiny_imagenet,tiny_imagenet,1,tiny_imagenet,tiny_imagenet,usps,handwritten_digits,cifar10|cifar100|cifar100_coarse|fashion_mnist|usps,cifar10|cifar100_shared_images|fashion_mnist|handwritten_digits,8,4,0.5,0.8236933431657155,0.818613341999054,0.005080001166661519,0.27729262117990117,0.7565199732780457,0.7532399415969848,0.0032800316810608354,5,5,10
clip_b32,gtsrb,random,26,5,10,0.5,0,0.3333333333333333,0,0.3333333333333333,tiny_imagenet,tiny_imagenet,1,tiny_imagenet,tiny_imagenet,mnist,handwritten_digits,cifar10|cifar100_coarse|fashion_mnist|mnist|svhn,cifar10|cifar100_shared_images|fashion_mnist|handwritten_digits|svhn,8,5,0.375,0.8236933431657155,0.8190800116904576,0.004613331475257887,0.2518193864877976,0.7565199732780457,0.7527599573135376,0.0037600159645080344,5,5,10
clip_b32,gtsrb,random,27,5,10,0.5,0,0.0,0,0.3333333333333333,tiny_imagenet,tiny_imagenet,1,tiny_imagenet,tiny_imagenet,usps,handwritten_digits,cifar100|cifar100_coarse|fashion_mnist|stl10|usps,cifar100_shared_images|fashion_mnist|handwritten_digits|stl10,8,4,0.5,0.8236933431657155,0.818613341999054,0.005080001166661519,0.27729262117990117,0.7565199732780457,0.7532399415969848,0.0032800316810608354,5,5,10
clip_b32,gtsrb,random,28,5,10,0.5,0,0.6666666666666666,0,0.6666666666666666,tiny_imagenet,tiny_imagenet,1,tiny_imagenet,tiny_imagenet,rendered_sst2,rendered_sst2,cifar10|mnist|rendered_sst2|svhn|usps,cifar10|handwritten_digits|rendered_sst2|svhn,8,4,0.5,0.8236933431657155,0.8198400141708057,0.003853328994909866,0.21033453777123218,0.7565199732780457,0.7523599624633789,0.00416001081466677,5,5,10
clip_b32,gtsrb,random,29,5,10,0.5,1,0.3333333333333333,1,0.6666666666666666,tiny_imagenet,tiny_imagenet,1,tiny_imagenet,tiny_imagenet,tiny_imagenet,tiny_imagenet,cifar100_coarse|fashion_mnist|stl10|tiny_imagenet|usps,cifar100_shared_images|fashion_mnist|handwritten_digits|stl10|tiny_imagenet,8,5,0.375,0.8236933431657155,0.8236933431657155,0.0,0.0,0.7565199732780457,0.7565199732780457,0.0,5,5,10
clip_b32,gtsrb,random,30,5,10,0.5,1,0.6666666666666666,1,1.0,tiny_imagenet,tiny_imagenet,1,tiny_imagenet,tiny_imagenet,tiny_imagenet,tiny_imagenet,cifar100|rendered_sst2|stl10|tiny_imagenet|usps,cifar100_shared_images|handwritten_digits|rendered_sst2|stl10|tiny_imagenet,8,5,0.375,0.8236933431657155,0.8236933431657155,0.0,0.0,0.7565199732780457,0.7565199732780457,0.0,5,5,10
clip_b32,gtsrb,random,31,5,10,0.5,1,0.6666666666666666,1,0.6666666666666666,tiny_imagenet,tiny_imagenet,1,tiny_imagenet,tiny_imagenet,tiny_imagenet,tiny_imagenet,cifar10|cifar100|mnist|svhn|tiny_imagenet,cifar10|cifar100_shared_images|handwritten_digits|svhn|tiny_imagenet,8,5,0.375,0.8236933431657155,0.8236933431657155,0.0,0.0,0.7565199732780457,0.7565199732780457,0.0,5,5,10
clip_b32,gtsrb,random,32,5,10,0.5,0,0.3333333333333333,0,0.6666666666666666,tiny_imagenet,tiny_imagenet,1,tiny_imagenet,tiny_imagenet,rendered_sst2,rendered_sst2,cifar100|rendered_sst2|stl10|svhn|usps,cifar100_shared_images|handwritten_digits|rendered_sst2|stl10|svhn,8,5,0.375,0.8236933431657155,0.8198400141708057,0.003853328994909866,0.21033453777123218,0.7565199732780457,0.7523599624633789,0.00416001081466677,5,5,10
clip_b32,gtsrb,random,33,5,10,0.5,0,0.6666666666666666,0,0.6666666666666666,tiny_imagenet,tiny_imagenet,1,tiny_imagenet,tiny_imagenet,rendered_sst2,rendered_sst2,cifar100_coarse|mnist|rendered_sst2|stl10|usps,cifar100_shared_images|handwritten_digits|rendered_sst2|stl10,8,4,0.5,0.8236933431657155,0.8198400141708057,0.003853328994909866,0.21033453777123218,0.7565199732780457,0.7523599624633789,0.00416001081466677,5,5,10
clip_b32,gtsrb,random,34,5,10,0.5,0,0.3333333333333333,0,0.6666666666666666,tiny_imagenet,tiny_imagenet,1,tiny_imagenet,tiny_imagenet,rendered_sst2,rendered_sst2,cifar100|fashion_mnist|rendered_sst2|svhn|usps,cifar100_shared_images|fashion_mnist|handwritten_digits|rendered_sst2|svhn,8,5,0.375,0.8236933431657155,0.8198400141708057,0.003853328994909866,0.21033453777123218,0.7565199732780457,0.7523599624633789,0.00416001081466677,5,5,10
clip_b32,gtsrb,random,35,5,10,0.5,0,0.3333333333333333,0,0.3333333333333333,tiny_imagenet,tiny_imagenet,1,tiny_imagenet,tiny_imagenet,rendered_sst2,rendered_sst2,cifar10|cifar100|cifar100_coarse|rendered_sst2|svhn,cifar10|cifar100_shared_images|rendered_sst2|svhn,8,4,0.5,0.8236933431657155,0.8198400141708057,0.003853328994909866,0.21033453777123218,0.7565199732780457,0.7523599624633789,0.00416001081466677,5,5,10
clip_b32,gtsrb,random,36,5,10,0.5,1,0.6666666666666666,1,0.6666666666666666,tiny_imagenet,tiny_imagenet,1,tiny_imagenet,tiny_imagenet,tiny_imagenet,tiny_imagenet,fashion_mnist|mnist|stl10|svhn|tiny_imagenet,fashion_mnist|handwritten_digits|stl10|svhn|tiny_imagenet,8,5,0.375,0.8236933431657155,0.8236933431657155,0.0,0.0,0.7565199732780457,0.7565199732780457,0.0,5,5,10
clip_b32,gtsrb,random,37,5,10,0.5,0,0.3333333333333333,0,0.6666666666666666,tiny_imagenet,tiny_imagenet,1,tiny_imagenet,tiny_imagenet,rendered_sst2,rendered_sst2,cifar10|rendered_sst2|stl10|svhn|usps,cifar10|handwritten_digits|rendered_sst2|stl10|svhn,8,5,0.375,0.8236933431657155,0.8198400141708057,0.003853328994909866,0.21033453777123218,0.7565199732780457,0.7523599624633789,0.00416001081466677,5,5,10
clip_b32,gtsrb,random,38,5,10,0.5,1,0.6666666666666666,1,0.6666666666666666,tiny_imagenet,tiny_imagenet,1,tiny_imagenet,tiny_imagenet,tiny_imagenet,tiny_imagenet,cifar10|fashion_mnist|rendered_sst2|stl10|tiny_imagenet,cifar10|fashion_mnist|rendered_sst2|stl10|tiny_imagenet,8,5,0.375,0.8236933431657155,0.8236933431657155,0.0,0.0,0.7565199732780457,0.7565199732780457,0.0,5,5,10
clip_b32,gtsrb,random,39,5,10,0.5,0,0.3333333333333333,0,0.6666666666666666,tiny_imagenet,tiny_imagenet,1,tiny_imagenet,tiny_imagenet,rendered_sst2,rendered_sst2,cifar100|fashion_mnist|rendered_sst2|stl10|usps,cifar100_shared_images|fashion_mnist|handwritten_digits|rendered_sst2|stl10,8,5,0.375,0.8236933431657155,0.8198400141708057,0.003853328994909866,0.21033453777123218,0.7565199732780457,0.7523599624633789,0.00416001081466677,5,5,10
clip_b32,gtsrb,random,40,5,10,0.5,0,0.3333333333333333,0,0.3333333333333333,tiny_imagenet,tiny_imagenet,1,tiny_imagenet,tiny_imagenet,mnist,handwritten_digits,cifar10|cifar100|cifar100_coarse|mnist|svhn,cifar10|cifar100_shared_images|handwritten_digits|svhn,8,4,0.5,0.8236933431657155,0.8190800116904576,0.004613331475257887,0.2518193864877976,0.7565199732780457,0.7527599573135376,0.0037600159645080344,5,5,10
clip_b32,gtsrb,random,41,5,10,0.5,1,0.6666666666666666,1,0.6666666666666666,tiny_imagenet,tiny_imagenet,1,tiny_imagenet,tiny_imagenet,tiny_imagenet,tiny_imagenet,cifar100|cifar100_coarse|rendered_sst2|svhn|tiny_imagenet,cifar100_shared_images|rendered_sst2|svhn|tiny_imagenet,8,4,0.5,0.8236933431657155,0.8236933431657155,0.0,0.0,0.7565199732780457,0.7565199732780457,0.0,5,5,10
clip_b32,gtsrb,random,42,5,10,0.5,0,0.6666666666666666,0,0.6666666666666666,tiny_imagenet,tiny_imagenet,1,tiny_imagenet,tiny_imagenet,rendered_sst2,rendered_sst2,fashion_mnist|mnist|rendered_sst2|svhn|usps,fashion_mnist|handwritten_digits|rendered_sst2|svhn,8,4,0.5,0.8236933431657155,0.8198400141708057,0.003853328994909866,0.21033453777123218,0.7565199732780457,0.7523599624633789,0.00416001081466677,5,5,10
clip_b32,gtsrb,random,43,5,10,0.5,1,0.6666666666666666,1,0.6666666666666666,tiny_imagenet,tiny_imagenet,1,tiny_imagenet,tiny_imagenet,tiny_imagenet,tiny_imagenet,cifar100_coarse|fashion_mnist|mnist|tiny_imagenet|usps,cifar100_shared_images|fashion_mnist|handwritten_digits|tiny_imagenet,8,4,0.5,0.8236933431657155,0.8236933431657155,0.0,0.0,0.7565199732780457,0.7565199732780457,0.0,5,5,10
clip_b32,gtsrb,random,44,5,10,0.5,0,0.3333333333333333,0,0.6666666666666666,tiny_imagenet,tiny_imagenet,1,tiny_imagenet,tiny_imagenet,rendered_sst2,rendered_sst2,cifar10|cifar100_coarse|rendered_sst2|svhn|usps,cifar10|cifar100_shared_images|handwritten_digits|rendered_sst2|svhn,8,5,0.375,0.8236933431657155,0.8198400141708057,0.003853328994909866,0.21033453777123218,0.7565199732780457,0.7523599624633789,0.00416001081466677,5,5,10
clip_b32,gtsrb,random,45,5,10,0.5,0,0.6666666666666666,0,0.6666666666666666,tiny_imagenet,tiny_imagenet,1,tiny_imagenet,tiny_imagenet,rendered_sst2,rendered_sst2,cifar10|mnist|rendered_sst2|stl10|svhn,cifar10|handwritten_digits|rendered_sst2|stl10|svhn,8,5,0.375,0.8236933431657155,0.8198400141708057,0.003853328994909866,0.21033453777123218,0.7565199732780457,0.7523599624633789,0.00416001081466677,5,5,10
clip_b32,gtsrb,random,46,5,10,0.5,1,0.6666666666666666,1,0.6666666666666666,tiny_imagenet,tiny_imagenet,1,tiny_imagenet,tiny_imagenet,tiny_imagenet,tiny_imagenet,cifar10|cifar100|fashion_mnist|mnist|tiny_imagenet,cifar10|cifar100_shared_images|fashion_mnist|handwritten_digits|tiny_imagenet,8,5,0.375,0.8236933431657155,0.8236933431657155,0.0,0.0,0.7565199732780457,0.7565199732780457,0.0,5,5,10
clip_b32,gtsrb,random,47,5,10,0.5,1,0.6666666666666666,1,0.6666666666666666,tiny_imagenet,tiny_imagenet,1,tiny_imagenet,tiny_imagenet,tiny_imagenet,tiny_imagenet,cifar10|mnist|svhn|tiny_imagenet|usps,cifar10|handwritten_digits|svhn|tiny_imagenet,8,4,0.5,0.8236933431657155,0.8236933431657155,0.0,0.0,0.7565199732780457,0.7565199732780457,0.0,5,5,10
clip_b32,gtsrb,random,48,5,10,0.5,0,0.0,0,0.0,tiny_imagenet,tiny_imagenet,1,tiny_imagenet,tiny_imagenet,cifar100,cifar100_shared_images,cifar100|cifar100_coarse|fashion_mnist|stl10|svhn,cifar100_shared_images|fashion_mnist|stl10|svhn,8,4,0.5,0.8236933431657155,0.8155733439493179,0.008119999216397611,0.44323136803005037,0.7565199732780457,0.7551199436187744,0.001400029659271218,5,5,10
clip_b32,gtsrb,random,49,5,10,0.5,1,0.6666666666666666,1,0.6666666666666666,tiny_imagenet,tiny_imagenet,1,tiny_imagenet,tiny_imagenet,tiny_imagenet,tiny_imagenet,cifar100|cifar100_coarse|mnist|stl10|tiny_imagenet,cifar100_shared_images|handwritten_digits|stl10|tiny_imagenet,8,4,0.5,0.8236933431657155,0.8236933431657155,0.0,0.0,0.7565199732780457,0.7565199732780457,0.0,5,5,10
clip_b32,gtsrb,random,50,5,10,0.5,1,0.6666666666666666,1,0.6666666666666666,tiny_imagenet,tiny_imagenet,1,tiny_imagenet,tiny_imagenet,tiny_imagenet,tiny_imagenet,cifar100|cifar100_coarse|rendered_sst2|svhn|tiny_imagenet,cifar100_shared_images|rendered_sst2|svhn|tiny_imagenet,8,4,0.5,0.8236933431657155,0.8236933431657155,0.0,0.0,0.7565199732780457,0.7565199732780457,0.0,5,5,10
clip_b32,gtsrb,random,51,5,10,0.5,0,0.3333333333333333,0,0.3333333333333333,tiny_imagenet,tiny_imagenet,1,tiny_imagenet,tiny_imagenet,rendered_sst2,rendered_sst2,cifar10|cifar100|rendered_sst2|stl10|svhn,cifar10|cifar100_shared_images|rendered_sst2|stl10|svhn,8,5,0.375,0.8236933431657155,0.8198400141708057,0.003853328994909866,0.21033453777123218,0.7565199732780457,0.7523599624633789,0.00416001081466677,5,5,10
clip_b32,gtsrb,random,52,5,10,0.5,1,0.3333333333333333,1,0.3333333333333333,tiny_imagenet,tiny_imagenet,1,tiny_imagenet,tiny_imagenet,tiny_imagenet,tiny_imagenet,cifar100|cifar100_coarse|fashion_mnist|svhn|tiny_imagenet,cifar100_shared_images|fashion_mnist|svhn|tiny_imagenet,8,4,0.5,0.8236933431657155,0.8236933431657155,0.0,0.0,0.7565199732780457,0.7565199732780457,0.0,5,5,10
clip_b32,gtsrb,random,53,5,10,0.5,0,0.3333333333333333,0,0.6666666666666666,tiny_imagenet,tiny_imagenet,1,tiny_imagenet,tiny_imagenet,rendered_sst2,rendered_sst2,cifar10|rendered_sst2|stl10|svhn|usps,cifar10|handwritten_digits|rendered_sst2|stl10|svhn,8,5,0.375,0.8236933431657155,0.8198400141708057,0.003853328994909866,0.21033453777123218,0.7565199732780457,0.7523599624633789,0.00416001081466677,5,5,10
clip_b32,gtsrb,random,54,5,10,0.5,0,0.6666666666666666,0,0.6666666666666666,tiny_imagenet,tiny_imagenet,1,tiny_imagenet,tiny_imagenet,rendered_sst2,rendered_sst2,cifar100|fashion_mnist|mnist|rendered_sst2|svhn,cifar100_shared_images|fashion_mnist|handwritten_digits|rendered_sst2|svhn,8,5,0.375,0.8236933431657155,0.8198400141708057,0.003853328994909866,0.21033453777123218,0.7565199732780457,0.7523599624633789,0.00416001081466677,5,5,10
clip_b32,gtsrb,random,55,5,10,0.5,0,0.3333333333333333,0,0.3333333333333333,tiny_imagenet,tiny_imagenet,1,tiny_imagenet,tiny_imagenet,mnist,handwritten_digits,cifar10|cifar100|fashion_mnist|mnist|stl10,cifar10|cifar100_shared_images|fashion_mnist|handwritten_digits|stl10,8,5,0.375,0.8236933431657155,0.8190800116904576,0.004613331475257887,0.2518193864877976,0.7565199732780457,0.7527599573135376,0.0037600159645080344,5,5,10
clip_b32,gtsrb,random,56,5,10,0.5,0,0.6666666666666666,0,0.6666666666666666,tiny_imagenet,tiny_imagenet,1,tiny_imagenet,tiny_imagenet,rendered_sst2,rendered_sst2,cifar10|cifar100_coarse|mnist|rendered_sst2|usps,cifar10|cifar100_shared_images|handwritten_digits|rendered_sst2,8,4,0.5,0.8236933431657155,0.8198400141708057,0.003853328994909866,0.21033453777123218,0.7565199732780457,0.7523599624633789,0.00416001081466677,5,5,10
clip_b32,gtsrb,random,57,5,10,0.5,0,0.0,0,0.3333333333333333,tiny_imagenet,tiny_imagenet,1,tiny_imagenet,tiny_imagenet,usps,handwritten_digits,cifar100|cifar100_coarse|fashion_mnist|stl10|usps,cifar100_shared_images|fashion_mnist|handwritten_digits|stl10,8,4,0.5,0.8236933431657155,0.818613341999054,0.005080001166661519,0.27729262117990117,0.7565199732780457,0.7532399415969848,0.0032800316810608354,5,5,10
clip_b32,gtsrb,random,58,5,10,0.5,1,0.6666666666666666,1,1.0,tiny_imagenet,tiny_imagenet,1,tiny_imagenet,tiny_imagenet,tiny_imagenet,tiny_imagenet,cifar10|cifar100|rendered_sst2|tiny_imagenet|usps,cifar10|cifar100_shared_images|handwritten_digits|rendered_sst2|tiny_imagenet,8,5,0.375,0.8236933431657155,0.8236933431657155,0.0,0.0,0.7565199732780457,0.7565199732780457,0.0,5,5,10
clip_b32,gtsrb,random,59,5,10,0.5,1,0.3333333333333333,1,0.6666666666666666,tiny_imagenet,tiny_imagenet,1,tiny_imagenet,tiny_imagenet,tiny_imagenet,tiny_imagenet,cifar10|cifar100_coarse|stl10|tiny_imagenet|usps,cifar10|cifar100_shared_images|handwritten_digits|stl10|tiny_imagenet,8,5,0.375,0.8236933431657155,0.8236933431657155,0.0,0.0,0.7565199732780457,0.7565199732780457,0.0,5,5,10
clip_b32,gtsrb,random,60,5,10,0.5,1,1.0,1,1.0,tiny_imagenet,tiny_imagenet,1,tiny_imagenet,tiny_imagenet,tiny_imagenet,tiny_imagenet,mnist|rendered_sst2|stl10|svhn|tiny_imagenet,handwritten_digits|rendered_sst2|stl10|svhn|tiny_imagenet,8,5,0.375,0.8236933431657155,0.8236933431657155,0.0,0.0,0.7565199732780457,0.7565199732780457,0.0,5,5,10
clip_b32,gtsrb,random,61,5,10,0.5,0,0.3333333333333333,0,0.6666666666666666,tiny_imagenet,tiny_imagenet,1,tiny_imagenet,tiny_imagenet,rendered_sst2,rendered_sst2,cifar10|cifar100|rendered_sst2|svhn|usps,cifar10|cifar100_shared_images|handwritten_digits|rendered_sst2|svhn,8,5,0.375,0.8236933431657155,0.8198400141708057,0.003853328994909866,0.21033453777123218,0.7565199732780457,0.7523599624633789,0.00416001081466677,5,5,10
clip_b32,gtsrb,random,62,5,10,0.5,1,0.6666666666666666,1,0.6666666666666666,tiny_imagenet,tiny_imagenet,1,tiny_imagenet,tiny_imagenet,tiny_imagenet,tiny_imagenet,cifar100|cifar100_coarse|fashion_mnist|rendered_sst2|tiny_imagenet,cifar100_shared_images|fashion_mnist|rendered_sst2|tiny_imagenet,8,4,0.5,0.8236933431657155,0.8236933431657155,0.0,0.0,0.7565199732780457,0.7565199732780457,0.0,5,5,10
clip_b32,gtsrb,random,63,5,10,0.5,0,0.6666666666666666,0,0.6666666666666666,tiny_imagenet,tiny_imagenet,1,tiny_imagenet,tiny_imagenet,rendered_sst2,rendered_sst2,fashion_mnist|mnist|rendered_sst2|stl10|svhn,fashion_mnist|handwritten_digits|rendered_sst2|stl10|svhn,8,5,0.375,0.8236933431657155,0.8198400141708057,0.003853328994909866,0.21033453777123218,0.7565199732780457,0.7523599624633789,0.00416001081466677,5,5,10
clip_b32,gtsrb,random,64,5,10,0.5,0,0.3333333333333333,0,0.6666666666666666,tiny_imagenet,tiny_imagenet,1,tiny_imagenet,tiny_imagenet,rendered_sst2,rendered_sst2,cifar10|cifar100_coarse|rendered_sst2|stl10|usps,cifar10|cifar100_shared_images|handwritten_digits|rendered_sst2|stl10,8,5,0.375,0.8236933431657155,0.8198400141708057,0.003853328994909866,0.21033453777123218,0.7565199732780457,0.7523599624633789,0.00416001081466677,5,5,10
clip_b32,gtsrb,random,65,5,10,0.5,0,0.6666666666666666,0,0.6666666666666666,tiny_imagenet,tiny_imagenet,1,tiny_imagenet,tiny_imagenet,rendered_sst2,rendered_sst2,fashion_mnist|mnist|rendered_sst2|svhn|usps,fashion_mnist|handwritten_digits|rendered_sst2|svhn,8,4,0.5,0.8236933431657155,0.8198400141708057,0.003853328994909866,0.21033453777123218,0.7565199732780457,0.7523599624633789,0.00416001081466677,5,5,10
clip_b32,gtsrb,random,66,5,10,0.5,1,0.3333333333333333,1,0.6666666666666666,tiny_imagenet,tiny_imagenet,1,tiny_imagenet,tiny_imagenet,tiny_imagenet,tiny_imagenet,cifar10|cifar100|svhn|tiny_imagenet|usps,cifar10|cifar100_shared_images|handwritten_digits|svhn|tiny_imagenet,8,5,0.375,0.8236933431657155,0.8236933431657155,0.0,0.0,0.7565199732780457,0.7565199732780457,0.0,5,5,10
clip_b32,gtsrb,random,67,5,10,0.5,0,0.3333333333333333,0,0.3333333333333333,tiny_imagenet,tiny_imagenet,1,tiny_imagenet,tiny_imagenet,mnist,handwritten_digits,cifar10|cifar100|fashion_mnist|mnist|svhn,cifar10|cifar100_shared_images|fashion_mnist|handwritten_digits|svhn,8,5,0.375,0.8236933431657155,0.8190800116904576,0.004613331475257887,0.2518193864877976,0.7565199732780457,0.7527599573135376,0.0037600159645080344,5,5,10
clip_b32,gtsrb,random,68,5,10,0.5,1,0.6666666666666666,1,0.6666666666666666,tiny_imagenet,tiny_imagenet,1,tiny_imagenet,tiny_imagenet,tiny_imagenet,tiny_imagenet,cifar10|mnist|stl10|svhn|tiny_imagenet,cifar10|handwritten_digits|stl10|svhn|tiny_imagenet,8,5,0.375,0.8236933431657155,0.8236933431657155,0.0,0.0,0.7565199732780457,0.7565199732780457,0.0,5,5,10
clip_b32,gtsrb,random,69,5,10,0.5,0,0.6666666666666666,0,0.6666666666666666,tiny_imagenet,tiny_imagenet,1,tiny_imagenet,tiny_imagenet,rendered_sst2,rendered_sst2,cifar100|mnist|rendered_sst2|svhn|usps,cifar100_shared_images|handwritten_digits|rendered_sst2|svhn,8,4,0.5,0.8236933431657155,0.8198400141708057,0.003853328994909866,0.21033453777123218,0.7565199732780457,0.7523599624633789,0.00416001081466677,5,5,10
clip_b32,gtsrb,random,70,5,10,0.5,1,0.6666666666666666,1,0.6666666666666666,tiny_imagenet,tiny_imagenet,1,tiny_imagenet,tiny_imagenet,tiny_imagenet,tiny_imagenet,cifar100_coarse|fashion_mnist|rendered_sst2|svhn|tiny_imagenet,cifar100_shared_images|fashion_mnist|rendered_sst2|svhn|tiny_imagenet,8,5,0.375,0.8236933431657155,0.8236933431657155,0.0,0.0,0.7565199732780457,0.7565199732780457,0.0,5,5,10
clip_b32,gtsrb,random,71,5,10,0.5,0,0.3333333333333333,0,0.3333333333333333,tiny_imagenet,tiny_imagenet,1,tiny_imagenet,tiny_imagenet,mnist,handwritten_digits,cifar10|cifar100|mnist|svhn|usps,cifar10|cifar100_shared_images|handwritten_digits|svhn,8,4,0.5,0.8236933431657155,0.8190800116904576,0.004613331475257887,0.2518193864877976,0.7565199732780457,0.7527599573135376,0.0037600159645080344,5,5,10
clip_b32,gtsrb,random,72,5,10,0.5,1,1.0,1,1.0,tiny_imagenet,tiny_imagenet,1,tiny_imagenet,tiny_imagenet,tiny_imagenet,tiny_imagenet,cifar100|cifar100_coarse|mnist|rendered_sst2|tiny_imagenet,cifar100_shared_images|handwritten_digits|rendered_sst2|tiny_imagenet,8,4,0.5,0.8236933431657155,0.8236933431657155,0.0,0.0,0.7565199732780457,0.7565199732780457,0.0,5,5,10
clip_b32,gtsrb,random,73,5,10,0.5,1,0.6666666666666666,1,0.6666666666666666,tiny_imagenet,tiny_imagenet,1,tiny_imagenet,tiny_imagenet,tiny_imagenet,tiny_imagenet,cifar10|rendered_sst2|stl10|svhn|tiny_imagenet,cifar10|rendered_sst2|stl10|svhn|tiny_imagenet,8,5,0.375,0.8236933431657155,0.8236933431657155,0.0,0.0,0.7565199732780457,0.7565199732780457,0.0,5,5,10
clip_b32,gtsrb,random,74,5,10,0.5,1,0.6666666666666666,1,0.6666666666666666,tiny_imagenet,tiny_imagenet,1,tiny_imagenet,tiny_imagenet,tiny_imagenet,tiny_imagenet,cifar100_coarse|mnist|stl10|svhn|tiny_imagenet,cifar100_shared_images|handwritten_digits|stl10|svhn|tiny_imagenet,8,5,0.375,0.8236933431657155,0.8236933431657155,0.0,0.0,0.7565199732780457,0.7565199732780457,0.0,5,5,10
clip_b32,gtsrb,random,75,5,10,0.5,1,0.3333333333333333,1,0.3333333333333333,tiny_imagenet,tiny_imagenet,1,tiny_imagenet,tiny_imagenet,tiny_imagenet,tiny_imagenet,cifar100|cifar100_coarse|fashion_mnist|svhn|tiny_imagenet,cifar100_shared_images|fashion_mnist|svhn|tiny_imagenet,8,4,0.5,0.8236933431657155,0.8236933431657155,0.0,0.0,0.7565199732780457,0.7565199732780457,0.0,5,5,10
clip_b32,gtsrb,random,76,5,10,0.5,0,0.3333333333333333,0,0.3333333333333333,tiny_imagenet,tiny_imagenet,1,tiny_imagenet,tiny_imagenet,mnist,handwritten_digits,cifar10|cifar100|mnist|stl10|usps,cifar10|cifar100_shared_images|handwritten_digits|stl10,8,4,0.5,0.8236933431657155,0.8190800116904576,0.004613331475257887,0.2518193864877976,0.7565199732780457,0.7527599573135376,0.0037600159645080344,5,5,10
clip_b32,gtsrb,random,77,5,10,0.5,0,0.6666666666666666,0,0.6666666666666666,tiny_imagenet,tiny_imagenet,1,tiny_imagenet,tiny_imagenet,rendered_sst2,rendered_sst2,cifar10|mnist|rendered_sst2|stl10|svhn,cifar10|handwritten_digits|rendered_sst2|stl10|svhn,8,5,0.375,0.8236933431657155,0.8198400141708057,0.003853328994909866,0.21033453777123218,0.7565199732780457,0.7523599624633789,0.00416001081466677,5,5,10
clip_b32,gtsrb,random,78,5,10,0.5,1,0.6666666666666666,1,0.6666666666666666,tiny_imagenet,tiny_imagenet,1,tiny_imagenet,tiny_imagenet,tiny_imagenet,tiny_imagenet,cifar100|mnist|svhn|tiny_imagenet|usps,cifar100_shared_images|handwritten_digits|svhn|tiny_imagenet,8,4,0.5,0.8236933431657155,0.8236933431657155,0.0,0.0,0.7565199732780457,0.7565199732780457,0.0,5,5,10
clip_b32,gtsrb,random,79,5,10,0.5,0,0.3333333333333333,0,0.3333333333333333,tiny_imagenet,tiny_imagenet,1,tiny_imagenet,tiny_imagenet,mnist,handwritten_digits,cifar100|cifar100_coarse|fashion_mnist|mnist|stl10,cifar100_shared_images|fashion_mnist|handwritten_digits|stl10,8,4,0.5,0.8236933431657155,0.8190800116904576,0.004613331475257887,0.2518193864877976,0.7565199732780457,0.7527599573135376,0.0037600159645080344,5,5,10
clip_b32,gtsrb,random,80,5,10,0.5,1,0.6666666666666666,1,0.6666666666666666,tiny_imagenet,tiny_imagenet,1,tiny_imagenet,tiny_imagenet,tiny_imagenet,tiny_imagenet,cifar10|cifar100_coarse|mnist|svhn|tiny_imagenet,cifar10|cifar100_shared_images|handwritten_digits|svhn|tiny_imagenet,8,5,0.375,0.8236933431657155,0.8236933431657155,0.0,0.0,0.7565199732780457,0.7565199732780457,0.0,5,5,10
clip_b32,gtsrb,random,81,5,10,0.5,1,0.6666666666666666,1,0.6666666666666666,tiny_imagenet,tiny_imagenet,1,tiny_imagenet,tiny_imagenet,tiny_imagenet,tiny_imagenet,cifar10|cifar100|cifar100_coarse|mnist|tiny_imagenet,cifar10|cifar100_shared_images|handwritten_digits|tiny_imagenet,8,4,0.5,0.8236933431657155,0.8236933431657155,0.0,0.0,0.7565199732780457,0.7565199732780457,0.0,5,5,10
clip_b32,gtsrb,random,82,5,10,0.5,1,0.6666666666666666,1,0.6666666666666666,tiny_imagenet,tiny_imagenet,1,tiny_imagenet,tiny_imagenet,tiny_imagenet,tiny_imagenet,cifar100_coarse|mnist|stl10|tiny_imagenet|usps,cifar100_shared_images|handwritten_digits|stl10|tiny_imagenet,8,4,0.5,0.8236933431657155,0.8236933431657155,0.0,0.0,0.7565199732780457,0.7565199732780457,0.0,5,5,10
clip_b32,gtsrb,random,83,5,10,0.5,1,0.6666666666666666,1,1.0,tiny_imagenet,tiny_imagenet,1,tiny_imagenet,tiny_imagenet,tiny_imagenet,tiny_imagenet,cifar100_coarse|fashion_mnist|rendered_sst2|tiny_imagenet|usps,cifar100_shared_images|fashion_mnist|handwritten_digits|rendered_sst2|tiny_imagenet,8,5,0.375,0.8236933431657155,0.8236933431657155,0.0,0.0,0.7565199732780457,0.7565199732780457,0.0,5,5,10
clip_b32,gtsrb,random,84,5,10,0.5,1,0.6666666666666666,1,0.6666666666666666,tiny_imagenet,tiny_imagenet,1,tiny_imagenet,tiny_imagenet,tiny_imagenet,tiny_imagenet,cifar100|cifar100_coarse|mnist|svhn|tiny_imagenet,cifar100_shared_images|handwritten_digits|svhn|tiny_imagenet,8,4,0.5,0.8236933431657155,0.8236933431657155,0.0,0.0,0.7565199732780457,0.7565199732780457,0.0,5,5,10
clip_b32,gtsrb,random,85,5,10,0.5,1,0.6666666666666666,1,0.6666666666666666,tiny_imagenet,tiny_imagenet,1,tiny_imagenet,tiny_imagenet,tiny_imagenet,tiny_imagenet,cifar10|cifar100_coarse|rendered_sst2|svhn|tiny_imagenet,cifar10|cifar100_shared_images|rendered_sst2|svhn|tiny_imagenet,8,5,0.375,0.8236933431657155,0.8236933431657155,0.0,0.0,0.7565199732780457,0.7565199732780457,0.0,5,5,10
clip_b32,gtsrb,random,86,5,10,0.5,0,0.6666666666666666,0,0.6666666666666666,tiny_imagenet,tiny_imagenet,1,tiny_imagenet,tiny_imagenet,rendered_sst2,rendered_sst2,cifar100|mnist|rendered_sst2|stl10|svhn,cifar100_shared_images|handwritten_digits|rendered_sst2|stl10|svhn,8,5,0.375,0.8236933431657155,0.8198400141708057,0.003853328994909866,0.21033453777123218,0.7565199732780457,0.7523599624633789,0.00416001081466677,5,5,10
clip_b32,gtsrb,random,87,5,10,0.5,0,0.3333333333333333,0,0.6666666666666666,tiny_imagenet,tiny_imagenet,1,tiny_imagenet,tiny_imagenet,rendered_sst2,rendered_sst2,cifar10|cifar100_coarse|fashion_mnist|rendered_sst2|usps,cifar10|cifar100_shared_images|fashion_mnist|handwritten_digits|rendered_sst2,8,5,0.375,0.8236933431657155,0.8198400141708057,0.003853328994909866,0.21033453777123218,0.7565199732780457,0.7523599624633789,0.00416001081466677,5,5,10
clip_b32,gtsrb,random,88,5,10,0.5,0,0.0,0,0.3333333333333333,tiny_imagenet,tiny_imagenet,1,tiny_imagenet,tiny_imagenet,usps,handwritten_digits,cifar10|cifar100_coarse|stl10|svhn|usps,cifar10|cifar100_shared_images|handwritten_digits|stl10|svhn,8,5,0.375,0.8236933431657155,0.818613341999054,0.005080001166661519,0.27729262117990117,0.7565199732780457,0.7532399415969848,0.0032800316810608354,5,5,10
clip_b32,gtsrb,random,89,5,10,0.5,0,0.3333333333333333,0,0.3333333333333333,tiny_imagenet,tiny_imagenet,1,tiny_imagenet,tiny_imagenet,mnist,handwritten_digits,cifar100|cifar100_coarse|fashion_mnist|mnist|stl10,cifar100_shared_images|fashion_mnist|handwritten_digits|stl10,8,4,0.5,0.8236933431657155,0.8190800116904576,0.004613331475257887,0.2518193864877976,0.7565199732780457,0.7527599573135376,0.0037600159645080344,5,5,10
clip_b32,gtsrb,random,90,5,10,0.5,1,0.3333333333333333,1,0.6666666666666666,tiny_imagenet,tiny_imagenet,1,tiny_imagenet,tiny_imagenet,tiny_imagenet,tiny_imagenet,cifar100|cifar100_coarse|svhn|tiny_imagenet|usps,cifar100_shared_images|handwritten_digits|svhn|tiny_imagenet,8,4,0.5,0.8236933431657155,0.8236933431657155,0.0,0.0,0.7565199732780457,0.7565199732780457,0.0,5,5,10
clip_b32,gtsrb,random,91,5,10,0.5,0,0.3333333333333333,0,0.3333333333333333,tiny_imagenet,tiny_imagenet,1,tiny_imagenet,tiny_imagenet,mnist,handwritten_digits,cifar10|mnist|stl10|svhn|usps,cifar10|handwritten_digits|stl10|svhn,8,4,0.5,0.8236933431657155,0.8190800116904576,0.004613331475257887,0.2518193864877976,0.7565199732780457,0.7527599573135376,0.0037600159645080344,5,5,10
clip_b32,gtsrb,random,92,5,10,0.5,0,0.3333333333333333,0,0.6666666666666666,tiny_imagenet,tiny_imagenet,1,tiny_imagenet,tiny_imagenet,rendered_sst2,rendered_sst2,cifar100|rendered_sst2|stl10|svhn|usps,cifar100_shared_images|handwritten_digits|rendered_sst2|stl10|svhn,8,5,0.375,0.8236933431657155,0.8198400141708057,0.003853328994909866,0.21033453777123218,0.7565199732780457,0.7523599624633789,0.00416001081466677,5,5,10
clip_b32,gtsrb,random,93,5,10,0.5,0,0.3333333333333333,0,0.3333333333333333,tiny_imagenet,tiny_imagenet,1,tiny_imagenet,tiny_imagenet,mnist,handwritten_digits,cifar100|fashion_mnist|mnist|stl10|svhn,cifar100_shared_images|fashion_mnist|handwritten_digits|stl10|svhn,8,5,0.375,0.8236933431657155,0.8190800116904576,0.004613331475257887,0.2518193864877976,0.7565199732780457,0.7527599573135376,0.0037600159645080344,5,5,10
clip_b32,gtsrb,random,94,5,10,0.5,0,0.6666666666666666,0,0.6666666666666666,tiny_imagenet,tiny_imagenet,1,tiny_imagenet,tiny_imagenet,rendered_sst2,rendered_sst2,fashion_mnist|mnist|rendered_sst2|stl10|svhn,fashion_mnist|handwritten_digits|rendered_sst2|stl10|svhn,8,5,0.375,0.8236933431657155,0.8198400141708057,0.003853328994909866,0.21033453777123218,0.7565199732780457,0.7523599624633789,0.00416001081466677,5,5,10
clip_b32,gtsrb,random,95,5,10,0.5,1,0.6666666666666666,1,0.6666666666666666,tiny_imagenet,tiny_imagenet,1,tiny_imagenet,tiny_imagenet,tiny_imagenet,tiny_imagenet,fashion_mnist|mnist|svhn|tiny_imagenet|usps,fashion_mnist|handwritten_digits|svhn|tiny_imagenet,8,4,0.5,0.8236933431657155,0.8236933431657155,0.0,0.0,0.7565199732780457,0.7565199732780457,0.0,5,5,10
clip_b32,gtsrb,random,96,5,10,0.5,0,0.3333333333333333,0,0.3333333333333333,tiny_imagenet,tiny_imagenet,1,tiny_imagenet,tiny_imagenet,rendered_sst2,rendered_sst2,cifar100|cifar100_coarse|fashion_mnist|rendered_sst2|svhn,cifar100_shared_images|fashion_mnist|rendered_sst2|svhn,8,4,0.5,0.8236933431657155,0.8198400141708057,0.003853328994909866,0.21033453777123218,0.7565199732780457,0.7523599624633789,0.00416001081466677,5,5,10
clip_b32,gtsrb,random,97,5,10,0.5,0,0.6666666666666666,0,0.6666666666666666,tiny_imagenet,tiny_imagenet,1,tiny_imagenet,tiny_imagenet,rendered_sst2,rendered_sst2,cifar10|cifar100|cifar100_coarse|mnist|rendered_sst2,cifar10|cifar100_shared_images|handwritten_digits|rendered_sst2,8,4,0.5,0.8236933431657155,0.8198400141708057,0.003853328994909866,0.21033453777123218,0.7565199732780457,0.7523599624633789,0.00416001081466677,5,5,10
clip_b32,gtsrb,random,98,5,10,0.5,0,0.3333333333333333,0,0.6666666666666666,tiny_imagenet,tiny_imagenet,1,tiny_imagenet,tiny_imagenet,rendered_sst2,rendered_sst2,cifar10|cifar100|cifar100_coarse|rendered_sst2|usps,cifar10|cifar100_shared_images|handwritten_digits|rendered_sst2,8,4,0.5,0.8236933431657155,0.8198400141708057,0.003853328994909866,0.21033453777123218,0.7565199732780457,0.7523599624633789,0.00416001081466677,5,5,10
clip_b32,gtsrb,random,99,5,10,0.5,1,0.6666666666666666,1,1.0,tiny_imagenet,tiny_imagenet,1,tiny_imagenet,tiny_imagenet,tiny_imagenet,tiny_imagenet,cifar10|rendered_sst2|stl10|tiny_imagenet|usps,cifar10|handwritten_digits|rendered_sst2|stl10|tiny_imagenet,8,5,0.375,0.8236933431657155,0.8236933431657155,0.0,0.0,0.7565199732780457,0.7565199732780457,0.0,5,5,10
clip_b32,oxford_pets,rank_only,-1,3,10,0.7,1,0.6666666666666666,1,0.6666666666666666,tiny_imagenet,tiny_imagenet,1,tiny_imagenet,tiny_imagenet,tiny_imagenet,tiny_imagenet,rendered_sst2|tiny_imagenet|stl10,rendered_sst2|stl10|tiny_imagenet,8,3,0.625,0.845652180051674,0.845652180051674,0.0,0.0,0.8173344016075135,0.8173344016075135,0.0,5,3,10
clip_b32,oxford_pets,facility_subspace,-1,3,10,0.7,0,0.6666666666666666,0,0.6666666666666666,tiny_imagenet,tiny_imagenet,1,tiny_imagenet,tiny_imagenet,cifar100,cifar100_shared_images,cifar100|usps|rendered_sst2,cifar100_shared_images|handwritten_digits|rendered_sst2,8,3,0.625,0.845652180051674,0.8430797170070203,0.002572463044653639,0.11843199530709338,0.8173344016075135,0.8128645062446594,0.004469895362854026,5,3,10
clip_b32,oxford_pets,kcenter_subspace,-1,3,10,0.7,0,0.3333333333333333,0,0.3333333333333333,tiny_imagenet,tiny_imagenet,1,tiny_imagenet,tiny_imagenet,rendered_sst2,rendered_sst2,rendered_sst2|stl10|mnist,handwritten_digits|rendered_sst2|stl10,8,3,0.625,0.845652180051674,0.8396376881057369,0.006014491945937062,0.2768973818287351,0.8173344016075135,0.8039792537689209,0.013355147838592596,5,3,10
clip_b32,oxford_pets,dpp_subspace,-1,3,10,0.7,1,0.6666666666666666,1,0.6666666666666666,tiny_imagenet,tiny_imagenet,1,tiny_imagenet,tiny_imagenet,tiny_imagenet,tiny_imagenet,rendered_sst2|tiny_imagenet|stl10,rendered_sst2|stl10|tiny_imagenet,8,3,0.625,0.845652180051674,0.845652180051674,0.0,0.0,0.8173344016075135,0.8173344016075135,0.0,5,3,10
clip_b32,oxford_pets,pool_vendi_subspace,-1,3,10,0.7,0,0.3333333333333333,0,0.3333333333333333,tiny_imagenet,tiny_imagenet,1,tiny_imagenet,tiny_imagenet,rendered_sst2,rendered_sst2,rendered_sst2|stl10|mnist,handwritten_digits|rendered_sst2|stl10,8,3,0.625,0.845652180051674,0.8396376881057369,0.006014491945937062,0.2768973818287351,0.8173344016075135,0.8039792537689209,0.013355147838592596,5,3,10
clip_b32,oxford_pets,full_merged_rank,-1,3,10,0.7,1,0.6666666666666666,1,0.6666666666666666,tiny_imagenet,tiny_imagenet,1,tiny_imagenet,tiny_imagenet,tiny_imagenet,tiny_imagenet,rendered_sst2|tiny_imagenet|stl10,rendered_sst2|stl10|tiny_imagenet,8,3,0.625,0.845652180051674,0.845652180051674,0.0,0.0,0.8173344016075135,0.8173344016075135,0.0,5,3,10
clip_b32,oxford_pets,random,0,3,10,0.7,1,0.3333333333333333,1,0.6666666666666666,tiny_imagenet,tiny_imagenet,1,tiny_imagenet,tiny_imagenet,tiny_imagenet,tiny_imagenet,cifar100_coarse|tiny_imagenet|usps,cifar100_shared_images|handwritten_digits|tiny_imagenet,8,3,0.625,0.845652180051674,0.845652180051674,0.0,0.0,0.8173344016075135,0.8173344016075135,0.0,5,3,10
clip_b32,oxford_pets,random,1,3,10,0.7,0,0.0,0,0.3333333333333333,tiny_imagenet,tiny_imagenet,1,tiny_imagenet,tiny_imagenet,cifar100_coarse,cifar100_shared_images,cifar100_coarse|mnist|stl10,cifar100_shared_images|handwritten_digits|stl10,8,3,0.625,0.845652180051674,0.8378623266755671,0.007789853376106826,0.358632121226933,0.8173344016075135,0.7962387561798095,0.021095645427703924,5,3,10
clip_b32,oxford_pets,random,2,3,10,0.7,0,0.0,0,0.3333333333333333,tiny_imagenet,tiny_imagenet,1,tiny_imagenet,tiny_imagenet,cifar100_coarse,cifar100_shared_images,cifar100_coarse|fashion_mnist|usps,cifar100_shared_images|fashion_mnist|handwritten_digits,8,3,0.625,0.845652180051674,0.8378623266755671,0.007789853376106826,0.358632121226933,0.8173344016075135,0.7962387561798095,0.021095645427703924,5,3,10
clip_b32,oxford_pets,random,3,3,10,0.7,0,0.3333333333333333,0,0.3333333333333333,tiny_imagenet,tiny_imagenet,1,tiny_imagenet,tiny_imagenet,cifar100,cifar100_shared_images,cifar100|svhn|usps,cifar100_shared_images|handwritten_digits|svhn,8,3,0.625,0.845652180051674,0.8430797170070203,0.002572463044653639,0.11843199530709338,0.8173344016075135,0.8128645062446594,0.004469895362854026,5,3,10
clip_b32,oxford_pets,random,4,3,10,0.7,0,0.6666666666666666,0,0.6666666666666666,tiny_imagenet,tiny_imagenet,1,tiny_imagenet,tiny_imagenet,cifar100,cifar100_shared_images,cifar100|rendered_sst2|stl10,cifar100_shared_images|rendered_sst2|stl10,8,3,0.625,0.845652180051674,0.8430797170070203,0.002572463044653639,0.11843199530709338,0.8173344016075135,0.8128645062446594,0.004469895362854026,5,3,10
clip_b32,oxford_pets,random,5,3,10,0.7,0,0.0,0,0.0,tiny_imagenet,tiny_imagenet,1,tiny_imagenet,tiny_imagenet,mnist,handwritten_digits,mnist|svhn|usps,handwritten_digits|svhn,8,2,0.75,0.845652180051674,0.8343297171743884,0.011322462877285555,0.521267690563838,0.8173344016075135,0.7961297154426574,0.021204686164856046,5,3,10
clip_b32,oxford_pets,random,6,3,10,0.7,0,0.3333333333333333,0,0.3333333333333333,tiny_imagenet,tiny_imagenet,1,tiny_imagenet,tiny_imagenet,cifar100,cifar100_shared_images,cifar10|cifar100|fashion_mnist,cifar10|cifar100_shared_images|fashion_mnist,8,3,0.625,0.845652180051674,0.8430797170070203,0.002572463044653639,0.11843199530709338,0.8173344016075135,0.8128645062446594,0.004469895362854026,5,3,10
clip_b32,oxford_pets,random,7,3,10,0.7,1,0.6666666666666666,1,0.6666666666666666,tiny_imagenet,tiny_imagenet,1,tiny_imagenet,tiny_imagenet,tiny_imagenet,tiny_imagenet,cifar10|rendered_sst2|tiny_imagenet,cifar10|rendered_sst2|tiny_imagenet,8,3,0.625,0.845652180051674,0.845652180051674,0.0,0.0,0.8173344016075135,0.8173344016075135,0.0,5,3,10
clip_b32,oxford_pets,random,8,3,10,0.7,1,0.3333333333333333,1,0.6666666666666666,tiny_imagenet,tiny_imagenet,1,tiny_imagenet,tiny_imagenet,tiny_imagenet,tiny_imagenet,cifar100_coarse|fashion_mnist|tiny_imagenet,cifar100_shared_images|fashion_mnist|tiny_imagenet,8,3,0.625,0.845652180051674,0.845652180051674,0.0,0.0,0.8173344016075135,0.8173344016075135,0.0,5,3,10
clip_b32,oxford_pets,random,9,3,10,0.7,1,0.3333333333333333,1,0.6666666666666666,tiny_imagenet,tiny_imagenet,1,tiny_imagenet,tiny_imagenet,tiny_imagenet,tiny_imagenet,cifar100_coarse|svhn|tiny_imagenet,cifar100_shared_images|svhn|tiny_imagenet,8,3,0.625,0.845652180051674,0.845652180051674,0.0,0.0,0.8173344016075135,0.8173344016075135,0.0,5,3,10
clip_b32,oxford_pets,random,10,3,10,0.7,0,0.0,0,0.0,tiny_imagenet,tiny_imagenet,1,tiny_imagenet,tiny_imagenet,cifar10,cifar10,cifar10|fashion_mnist|stl10,cifar10|fashion_mnist|stl10,8,3,0.625,0.845652180051674,0.8375000025256389,0.008152177526035032,0.3753129330711014,0.8173344016075135,0.8022349357604981,0.01509946584701538,5,3,10
clip_b32,oxford_pets,random,11,3,10,0.7,1,1.0,1,1.0,tiny_imagenet,tiny_imagenet,1,tiny_imagenet,tiny_imagenet,tiny_imagenet,tiny_imagenet,cifar100|rendered_sst2|tiny_imagenet,cifar100_shared_images|rendered_sst2|tiny_imagenet,8,3,0.625,0.845652180051674,0.845652180051674,0.0,0.0,0.8173344016075135,0.8173344016075135,0.0,5,3,10
clip_b32,oxford_pets,random,12,3,10,0.7,0,0.3333333333333333,0,0.3333333333333333,tiny_imagenet,tiny_imagenet,1,tiny_imagenet,tiny_imagenet,cifar100,cifar100_shared_images,cifar100|cifar100_coarse|usps,cifar100_shared_images|handwritten_digits,8,2,0.75,0.845652180051674,0.8430797170070203,0.002572463044653639,0.11843199530709338,0.8173344016075135,0.8128645062446594,0.004469895362854026,5,3,10
clip_b32,oxford_pets,random,13,3,10,0.7,1,0.6666666666666666,1,0.6666666666666666,tiny_imagenet,tiny_imagenet,1,tiny_imagenet,tiny_imagenet,tiny_imagenet,tiny_imagenet,cifar10|rendered_sst2|tiny_imagenet,cifar10|rendered_sst2|tiny_imagenet,8,3,0.625,0.845652180051674,0.845652180051674,0.0,0.0,0.8173344016075135,0.8173344016075135,0.0,5,3,10
clip_b32,oxford_pets,random,14,3,10,0.7,0,0.6666666666666666,0,0.6666666666666666,tiny_imagenet,tiny_imagenet,1,tiny_imagenet,tiny_imagenet,cifar100,cifar100_shared_images,cifar100|cifar100_coarse|rendered_sst2,cifar100_shared_images|rendered_sst2,8,2,0.75,0.845652180051674,0.8430797170070203,0.002572463044653639,0.11843199530709338,0.8173344016075135,0.8128645062446594,0.004469895362854026,5,3,10
clip_b32,oxford_pets,random,15,3,10,0.7,0,0.3333333333333333,0,0.3333333333333333,tiny_imagenet,tiny_imagenet,1,tiny_imagenet,tiny_imagenet,cifar100,cifar100_shared_images,cifar100|cifar100_coarse|svhn,cifar100_shared_images|svhn,8,2,0.75,0.845652180051674,0.8430797170070203,0.002572463044653639,0.11843199530709338,0.8173344016075135,0.8128645062446594,0.004469895362854026,5,3,10
clip_b32,oxford_pets,random,16,3,10,0.7,0,0.0,0,0.3333333333333333,tiny_imagenet,tiny_imagenet,1,tiny_imagenet,tiny_imagenet,cifar100_coarse,cifar100_shared_images,cifar100_coarse|svhn|usps,cifar100_shared_images|handwritten_digits|svhn,8,3,0.625,0.845652180051674,0.8378623266755671,0.007789853376106826,0.358632121226933,0.8173344016075135,0.7962387561798095,0.021095645427703924,5,3,10
clip_b32,oxford_pets,random,17,3,10,0.7,0,0.0,0,0.0,tiny_imagenet,tiny_imagenet,1,tiny_imagenet,tiny_imagenet,cifar10,cifar10,cifar10|fashion_mnist|usps,cifar10|fashion_mnist|handwritten_digits,8,3,0.625,0.845652180051674,0.8375000025256389,0.008152177526035032,0.3753129330711014,0.8173344016075135,0.8022349357604981,0.01509946584701538,5,3,10
clip_b32,oxford_pets,random,18,3,10,0.7,0,0.0,0,0.0,tiny_imagenet,tiny_imagenet,1,tiny_imagenet,tiny_imagenet,stl10,stl10,mnist|stl10|svhn,handwritten_digits|stl10|svhn,8,3,0.625,0.845652180051674,0.8369021818635687,0.00874999818810529,0.4028356195454259,0.8173344016075135,0.802125895023346,0.015208506584167503,5,3,10
clip_b32,oxford_pets,random,19,3,10,0.7,0,0.6666666666666666,0,0.6666666666666666,tiny_imagenet,tiny_imagenet,1,tiny_imagenet,tiny_imagenet,cifar100,cifar100_shared_images,cifar100|rendered_sst2|stl10,cifar100_shared_images|rendered_sst2|stl10,8,3,0.625,0.845652180051674,0.8430797170070203,0.002572463044653639,0.11843199530709338,0.8173344016075135,0.8128645062446594,0.004469895362854026,5,3,10
clip_b32,oxford_pets,random,20,3,10,0.7,1,0.3333333333333333,1,0.3333333333333333,tiny_imagenet,tiny_imagenet,1,tiny_imagenet,tiny_imagenet,tiny_imagenet,tiny_imagenet,fashion_mnist|mnist|tiny_imagenet,fashion_mnist|handwritten_digits|tiny_imagenet,8,3,0.625,0.845652180051674,0.845652180051674,0.0,0.0,0.8173344016075135,0.8173344016075135,0.0,5,3,10
clip_b32,oxford_pets,random,21,3,10,0.7,1,0.6666666666666666,1,0.6666666666666666,tiny_imagenet,tiny_imagenet,1,tiny_imagenet,tiny_imagenet,tiny_imagenet,tiny_imagenet,cifar100|tiny_imagenet|usps,cifar100_shared_images|handwritten_digits|tiny_imagenet,8,3,0.625,0.845652180051674,0.845652180051674,0.0,0.0,0.8173344016075135,0.8173344016075135,0.0,5,3,10
clip_b32,oxford_pets,random,22,3,10,0.7,0,0.3333333333333333,0,0.3333333333333333,tiny_imagenet,tiny_imagenet,1,tiny_imagenet,tiny_imagenet,rendered_sst2,rendered_sst2,fashion_mnist|rendered_sst2|stl10,fashion_mnist|rendered_sst2|stl10,8,3,0.625,0.845652180051674,0.8396376881057369,0.006014491945937062,0.2768973818287351,0.8173344016075135,0.8039792537689209,0.013355147838592596,5,3,10
clip_b32,oxford_pets,random,23,3,10,0.7,0,0.3333333333333333,0,0.3333333333333333,tiny_imagenet,tiny_imagenet,1,tiny_imagenet,tiny_imagenet,rendered_sst2,rendered_sst2,cifar10|rendered_sst2|svhn,cifar10|rendered_sst2|svhn,8,3,0.625,0.845652180051674,0.8396376881057369,0.006014491945937062,0.2768973818287351,0.8173344016075135,0.8039792537689209,0.013355147838592596,5,3,10
clip_b32,oxford_pets,random,24,3,10,0.7,0,0.0,0,0.0,tiny_imagenet,tiny_imagenet,1,tiny_imagenet,tiny_imagenet,stl10,stl10,fashion_mnist|stl10|usps,fashion_mnist|handwritten_digits|stl10,8,3,0.625,0.845652180051674,0.8369021818635687,0.00874999818810529,0.4028356195454259,0.8173344016075135,0.802125895023346,0.015208506584167503,5,3,10
clip_b32,oxford_pets,random,25,3,10,0.7,1,0.3333333333333333,1,0.3333333333333333,tiny_imagenet,tiny_imagenet,1,tiny_imagenet,tiny_imagenet,tiny_imagenet,tiny_imagenet,svhn|tiny_imagenet|usps,handwritten_digits|svhn|tiny_imagenet,8,3,0.625,0.845652180051674,0.845652180051674,0.0,0.0,0.8173344016075135,0.8173344016075135,0.0,5,3,10
clip_b32,oxford_pets,random,26,3,10,0.7,0,0.3333333333333333,0,0.3333333333333333,tiny_imagenet,tiny_imagenet,1,tiny_imagenet,tiny_imagenet,rendered_sst2,rendered_sst2,rendered_sst2|stl10|usps,handwritten_digits|rendered_sst2|stl10,8,3,0.625,0.845652180051674,0.8396376881057369,0.006014491945937062,0.2768973818287351,0.8173344016075135,0.8039792537689209,0.013355147838592596,5,3,10
clip_b32,oxford_pets,random,27,3,10,0.7,0,0.6666666666666666,0,0.6666666666666666,tiny_imagenet,tiny_imagenet,1,tiny_imagenet,tiny_imagenet,cifar100,cifar100_shared_images,cifar100|rendered_sst2|usps,cifar100_shared_images|handwritten_digits|rendered_sst2,8,3,0.625,0.845652180051674,0.8430797170070203,0.002572463044653639,0.11843199530709338,0.8173344016075135,0.8128645062446594,0.004469895362854026,5,3,10
clip_b32,oxford_pets,random,28,3,10,0.7,0,0.3333333333333333,0,0.3333333333333333,tiny_imagenet,tiny_imagenet,1,tiny_imagenet,tiny_imagenet,cifar100,cifar100_shared_images,cifar100|mnist|stl10,cifar100_shared_images|handwritten_digits|stl10,8,3,0.625,0.845652180051674,0.8430797170070203,0.002572463044653639,0.11843199530709338,0.8173344016075135,0.8128645062446594,0.004469895362854026,5,3,10
clip_b32,oxford_pets,random,29,3,10,0.7,0,0.0,0,0.0,tiny_imagenet,tiny_imagenet,1,tiny_imagenet,tiny_imagenet,mnist,handwritten_digits,fashion_mnist|mnist|usps,fashion_mnist|handwritten_digits,8,2,0.75,0.845652180051674,0.8343297171743884,0.011322462877285555,0.521267690563838,0.8173344016075135,0.7961297154426574,0.021204686164856046,5,3,10
clip_b32,oxford_pets,random,30,3,10,0.7,0,0.0,0,0.0,tiny_imagenet,tiny_imagenet,1,tiny_imagenet,tiny_imagenet,cifar10,cifar10,cifar10|mnist|stl10,cifar10|handwritten_digits|stl10,8,3,0.625,0.845652180051674,0.8375000025256389,0.008152177526035032,0.3753129330711014,0.8173344016075135,0.8022349357604981,0.01509946584701538,5,3,10
clip_b32,oxford_pets,random,31,3,10,0.7,0,0.0,0,0.0,tiny_imagenet,tiny_imagenet,1,tiny_imagenet,tiny_imagenet,cifar10,cifar10,cifar10|mnist|usps,cifar10|handwritten_digits,8,2,0.75,0.845652180051674,0.8375000025256389,0.008152177526035032,0.3753129330711014,0.8173344016075135,0.8022349357604981,0.01509946584701538,5,3,10
clip_b32,oxford_pets,random,32,3,10,0.7,0,0.3333333333333333,0,0.3333333333333333,tiny_imagenet,tiny_imagenet,1,tiny_imagenet,tiny_imagenet,cifar100,cifar100_shared_images,cifar100|mnist|svhn,cifar100_shared_images|handwritten_digits|svhn,8,3,0.625,0.845652180051674,0.8430797170070203,0.002572463044653639,0.11843199530709338,0.8173344016075135,0.8128645062446594,0.004469895362854026,5,3,10
clip_b32,oxford_pets,random,33,3,10,0.7,0,0.3333333333333333,0,0.3333333333333333,tiny_imagenet,tiny_imagenet,1,tiny_imagenet,tiny_imagenet,rendered_sst2,rendered_sst2,cifar10|rendered_sst2|svhn,cifar10|rendered_sst2|svhn,8,3,0.625,0.845652180051674,0.8396376881057369,0.006014491945937062,0.2768973818287351,0.8173344016075135,0.8039792537689209,0.013355147838592596,5,3,10
clip_b32,oxford_pets,random,34,3,10,0.7,0,0.0,0,0.0,tiny_imagenet,tiny_imagenet,1,tiny_imagenet,tiny_imagenet,stl10,stl10,fashion_mnist|stl10|usps,fashion_mnist|handwritten_digits|stl10,8,3,0.625,0.845652180051674,0.8369021818635687,0.00874999818810529,0.4028356195454259,0.8173344016075135,0.802125895023346,0.015208506584167503,5,3,10
clip_b32,oxford_pets,random,35,3,10,0.7,0,0.3333333333333333,0,0.3333333333333333,tiny_imagenet,tiny_imagenet,1,tiny_imagenet,tiny_imagenet,rendered_sst2,rendered_sst2,rendered_sst2|stl10|svhn,rendered_sst2|stl10|svhn,8,3,0.625,0.845652180051674,0.8396376881057369,0.006014491945937062,0.2768973818287351,0.8173344016075135,0.8039792537689209,0.013355147838592596,5,3,10
clip_b32,oxford_pets,random,36,3,10,0.7,1,0.3333333333333333,1,0.3333333333333333,tiny_imagenet,tiny_imagenet,1,tiny_imagenet,tiny_imagenet,tiny_imagenet,tiny_imagenet,stl10|tiny_imagenet|usps,handwritten_digits|stl10|tiny_imagenet,8,3,0.625,0.845652180051674,0.845652180051674,0.0,0.0,0.8173344016075135,0.8173344016075135,0.0,5,3,10
clip_b32,oxford_pets,random,37,3,10,0.7,0,0.3333333333333333,0,0.3333333333333333,tiny_imagenet,tiny_imagenet,1,tiny_imagenet,tiny_imagenet,cifar100,cifar100_shared_images,cifar100|cifar100_coarse|mnist,cifar100_shared_images|handwritten_digits,8,2,0.75,0.845652180051674,0.8430797170070203,0.002572463044653639,0.11843199530709338,0.8173344016075135,0.8128645062446594,0.004469895362854026,5,3,10
clip_b32,oxford_pets,random,38,3,10,0.7,0,0.3333333333333333,0,0.3333333333333333,tiny_imagenet,tiny_imagenet,1,tiny_imagenet,tiny_imagenet,cifar100,cifar100_shared_images,cifar100|stl10|usps,cifar100_shared_images|handwritten_digits|stl10,8,3,0.625,0.845652180051674,0.8430797170070203,0.002572463044653639,0.11843199530709338,0.8173344016075135,0.8128645062446594,0.004469895362854026,5,3,10
clip_b32,oxford_pets,random,39,3,10,0.7,1,0.6666666666666666,1,0.6666666666666666,tiny_imagenet,tiny_imagenet,1,tiny_imagenet,tiny_imagenet,tiny_imagenet,tiny_imagenet,cifar10|cifar100|tiny_imagenet,cifar10|cifar100_shared_images|tiny_imagenet,8,3,0.625,0.845652180051674,0.845652180051674,0.0,0.0,0.8173344016075135,0.8173344016075135,0.0,5,3,10
clip_b32,oxford_pets,random,40,3,10,0.7,0,0.0,0,0.3333333333333333,tiny_imagenet,tiny_imagenet,1,tiny_imagenet,tiny_imagenet,cifar100_coarse,cifar100_shared_images,cifar100_coarse|svhn|usps,cifar100_shared_images|handwritten_digits|svhn,8,3,0.625,0.845652180051674,0.8378623266755671,0.007789853376106826,0.358632121226933,0.8173344016075135,0.7962387561798095,0.021095645427703924,5,3,10
clip_b32,oxford_pets,random,41,3,10,0.7,0,0.3333333333333333,0,0.3333333333333333,tiny_imagenet,tiny_imagenet,1,tiny_imagenet,tiny_imagenet,rendered_sst2,rendered_sst2,rendered_sst2|stl10|svhn,rendered_sst2|stl10|svhn,8,3,0.625,0.845652180051674,0.8396376881057369,0.006014491945937062,0.2768973818287351,0.8173344016075135,0.8039792537689209,0.013355147838592596,5,3,10
clip_b32,oxford_pets,random,42,3,10,0.7,0,0.6666666666666666,0,0.6666666666666666,tiny_imagenet,tiny_imagenet,1,tiny_imagenet,tiny_imagenet,cifar100,cifar100_shared_images,cifar10|cifar100|rendered_sst2,cifar10|cifar100_shared_images|rendered_sst2,8,3,0.625,0.845652180051674,0.8430797170070203,0.002572463044653639,0.11843199530709338,0.8173344016075135,0.8128645062446594,0.004469895362854026,5,3,10
clip_b32,oxford_pets,random,43,3,10,0.7,1,0.6666666666666666,1,0.6666666666666666,tiny_imagenet,tiny_imagenet,1,tiny_imagenet,tiny_imagenet,tiny_imagenet,tiny_imagenet,cifar100|svhn|tiny_imagenet,cifar100_shared_images|svhn|tiny_imagenet,8,3,0.625,0.845652180051674,0.845652180051674,0.0,0.0,0.8173344016075135,0.8173344016075135,0.0,5,3,10
clip_b32,oxford_pets,random,44,3,10,0.7,0,0.0,0,0.0,tiny_imagenet,tiny_imagenet,1,tiny_imagenet,tiny_imagenet,stl10,stl10,fashion_mnist|mnist|stl10,fashion_mnist|handwritten_digits|stl10,8,3,0.625,0.845652180051674,0.8369021818635687,0.00874999818810529,0.4028356195454259,0.8173344016075135,0.802125895023346,0.015208506584167503,5,3,10
clip_b32,oxford_pets,random,45,3,10,0.7,0,0.3333333333333333,0,0.3333333333333333,tiny_imagenet,tiny_imagenet,1,tiny_imagenet,tiny_imagenet,rendered_sst2,rendered_sst2,mnist|rendered_sst2|svhn,handwritten_digits|rendered_sst2|svhn,8,3,0.625,0.845652180051674,0.8396376881057369,0.006014491945937062,0.2768973818287351,0.8173344016075135,0.8039792537689209,0.013355147838592596,5,3,10
clip_b32,oxford_pets,random,46,3,10,0.7,1,0.6666666666666666,1,0.6666666666666666,tiny_imagenet,tiny_imagenet,1,tiny_imagenet,tiny_imagenet,tiny_imagenet,tiny_imagenet,cifar100|fashion_mnist|tiny_imagenet,cifar100_shared_images|fashion_mnist|tiny_imagenet,8,3,0.625,0.845652180051674,0.845652180051674,0.0,0.0,0.8173344016075135,0.8173344016075135,0.0,5,3,10
clip_b32,oxford_pets,random,47,3,10,0.7,1,0.3333333333333333,1,0.3333333333333333,tiny_imagenet,tiny_imagenet,1,tiny_imagenet,tiny_imagenet,tiny_imagenet,tiny_imagenet,stl10|svhn|tiny_imagenet,stl10|svhn|tiny_imagenet,8,3,0.625,0.845652180051674,0.845652180051674,0.0,0.0,0.8173344016075135,0.8173344016075135,0.0,5,3,10
clip_b32,oxford_pets,random,48,3,10,0.7,0,0.0,0,0.0,tiny_imagenet,tiny_imagenet,1,tiny_imagenet,tiny_imagenet,stl10,stl10,fashion_mnist|stl10|usps,fashion_mnist|handwritten_digits|stl10,8,3,0.625,0.845652180051674,0.8369021818635687,0.00874999818810529,0.4028356195454259,0.8173344016075135,0.802125895023346,0.015208506584167503,5,3,10
clip_b32,oxford_pets,random,49,3,10,0.7,1,0.3333333333333333,1,0.3333333333333333,tiny_imagenet,tiny_imagenet,1,tiny_imagenet,tiny_imagenet,tiny_imagenet,tiny_imagenet,mnist|svhn|tiny_imagenet,handwritten_digits|svhn|tiny_imagenet,8,3,0.625,0.845652180051674,0.845652180051674,0.0,0.0,0.8173344016075135,0.8173344016075135,0.0,5,3,10
clip_b32,oxford_pets,random,50,3,10,0.7,0,0.0,0,0.3333333333333333,tiny_imagenet,tiny_imagenet,1,tiny_imagenet,tiny_imagenet,cifar100_coarse,cifar100_shared_images,cifar100_coarse|fashion_mnist|stl10,cifar100_shared_images|fashion_mnist|stl10,8,3,0.625,0.845652180051674,0.8378623266755671,0.007789853376106826,0.358632121226933,0.8173344016075135,0.7962387561798095,0.021095645427703924,5,3,10
clip_b32,oxford_pets,random,51,3,10,0.7,0,0.3333333333333333,0,0.3333333333333333,tiny_imagenet,tiny_imagenet,1,tiny_imagenet,tiny_imagenet,cifar100,cifar100_shared_images,cifar100|mnist|stl10,cifar100_shared_images|handwritten_digits|stl10,8,3,0.625,0.845652180051674,0.8430797170070203,0.002572463044653639,0.11843199530709338,0.8173344016075135,0.8128645062446594,0.004469895362854026,5,3,10
clip_b32,oxford_pets,random,52,3,10,0.7,0,0.3333333333333333,0,0.6666666666666666,tiny_imagenet,tiny_imagenet,1,tiny_imagenet,tiny_imagenet,rendered_sst2,rendered_sst2,cifar100_coarse|rendered_sst2|usps,cifar100_shared_images|handwritten_digits|rendered_sst2,8,3,0.625,0.845652180051674,0.8396376881057369,0.006014491945937062,0.2768973818287351,0.8173344016075135,0.8039792537689209,0.013355147838592596,5,3,10
clip_b32,oxford_pets,random,53,3,10,0.7,0,0.3333333333333333,0,0.6666666666666666,tiny_imagenet,tiny_imagenet,1,tiny_imagenet,tiny_imagenet,rendered_sst2,rendered_sst2,cifar100_coarse|fashion_mnist|rendered_sst2,cifar100_shared_images|fashion_mnist|rendered_sst2,8,3,0.625,0.845652180051674,0.8396376881057369,0.006014491945937062,0.2768973818287351,0.8173344016075135,0.8039792537689209,0.013355147838592596,5,3,10
clip_b32,oxford_pets,random,54,3,10,0.7,0,0.3333333333333333,0,0.6666666666666666,tiny_imagenet,tiny_imagenet,1,tiny_imagenet,tiny_imagenet,rendered_sst2,rendered_sst2,cifar100_coarse|fashion_mnist|rendered_sst2,cifar100_shared_images|fashion_mnist|rendered_sst2,8,3,0.625,0.845652180051674,0.8396376881057369,0.006014491945937062,0.2768973818287351,0.8173344016075135,0.8039792537689209,0.013355147838592596,5,3,10
clip_b32,oxford_pets,random,55,3,10,0.7,0,0.3333333333333333,0,0.3333333333333333,tiny_imagenet,tiny_imagenet,1,tiny_imagenet,tiny_imagenet,rendered_sst2,rendered_sst2,mnist|rendered_sst2|usps,handwritten_digits|rendered_sst2,8,2,0.75,0.845652180051674,0.8396376881057369,0.006014491945937062,0.2768973818287351,0.8173344016075135,0.8039792537689209,0.013355147838592596,5,3,10
clip_b32,oxford_pets,random,56,3,10,0.7,0,0.6666666666666666,0,0.6666666666666666,tiny_imagenet,tiny_imagenet,1,tiny_imagenet,tiny_imagenet,cifar100,cifar100_shared_images,cifar10|cifar100|rendered_sst2,cifar10|cifar100_shared_images|rendered_sst2,8,3,0.625,0.845652180051674,0.8430797170070203,0.002572463044653639,0.11843199530709338,0.8173344016075135,0.8128645062446594,0.004469895362854026,5,3,10
clip_b32,oxford_pets,random,57,3,10,0.7,0,0.0,0,0.0,tiny_imagenet,tiny_imagenet,1,tiny_imagenet,tiny_imagenet,mnist,handwritten_digits,mnist|svhn|usps,handwritten_digits|svhn,8,2,0.75,0.845652180051674,0.8343297171743884,0.011322462877285555,0.521267690563838,0.8173344016075135,0.7961297154426574,0.021204686164856046,5,3,10
clip_b32,oxford_pets,random,58,3,10,0.7,1,0.3333333333333333,1,0.3333333333333333,tiny_imagenet,tiny_imagenet,1,tiny_imagenet,tiny_imagenet,tiny_imagenet,tiny_imagenet,svhn|tiny_imagenet|usps,handwritten_digits|svhn|tiny_imagenet,8,3,0.625,0.845652180051674,0.845652180051674,0.0,0.0,0.8173344016075135,0.8173344016075135,0.0,5,3,10
clip_b32,oxford_pets,random,59,3,10,0.7,0,0.0,0,0.0,tiny_imagenet,tiny_imagenet,1,tiny_imagenet,tiny_imagenet,cifar10,cifar10,cifar10|fashion_mnist|stl10,cifar10|fashion_mnist|stl10,8,3,0.625,0.845652180051674,0.8375000025256389,0.008152177526035032,0.3753129330711014,0.8173344016075135,0.8022349357604981,0.01509946584701538,5,3,10
clip_b32,oxford_pets,random,60,3,10,0.7,1,0.6666666666666666,1,0.6666666666666666,tiny_imagenet,tiny_imagenet,1,tiny_imagenet,tiny_imagenet,tiny_imagenet,tiny_imagenet,cifar10|rendered_sst2|tiny_imagenet,cifar10|rendered_sst2|tiny_imagenet,8,3,0.625,0.845652180051674,0.845652180051674,0.0,0.0,0.8173344016075135,0.8173344016075135,0.0,5,3,10
clip_b32,oxford_pets,random,61,3,10,0.7,0,0.3333333333333333,0,0.3333333333333333,tiny_imagenet,tiny_imagenet,1,tiny_imagenet,tiny_imagenet,rendered_sst2,rendered_sst2,cifar10|mnist|rendered_sst2,cifar10|handwritten_digits|rendered_sst2,8,3,0.625,0.845652180051674,0.8396376881057369,0.006014491945937062,0.2768973818287351,0.8173344016075135,0.8039792537689209,0.013355147838592596,5,3,10
clip_b32,oxford_pets,random,62,3,10,0.7,0,0.3333333333333333,0,0.3333333333333333,tiny_imagenet,tiny_imagenet,1,tiny_imagenet,tiny_imagenet,cifar100,cifar100_shared_images,cifar10|cifar100|stl10,cifar10|cifar100_shared_images|stl10,8,3,0.625,0.845652180051674,0.8430797170070203,0.002572463044653639,0.11843199530709338,0.8173344016075135,0.8128645062446594,0.004469895362854026,5,3,10
clip_b32,oxford_pets,random,63,3,10,0.7,0,0.3333333333333333,0,0.3333333333333333,tiny_imagenet,tiny_imagenet,1,tiny_imagenet,tiny_imagenet,cifar100,cifar100_shared_images,cifar100|fashion_mnist|svhn,cifar100_shared_images|fashion_mnist|svhn,8,3,0.625,0.845652180051674,0.8430797170070203,0.002572463044653639,0.11843199530709338,0.8173344016075135,0.8128645062446594,0.004469895362854026,5,3,10
clip_b32,oxford_pets,random,64,3,10,0.7,0,0.3333333333333333,0,0.3333333333333333,tiny_imagenet,tiny_imagenet,1,tiny_imagenet,tiny_imagenet,cifar100,cifar100_shared_images,cifar100|fashion_mnist|stl10,cifar100_shared_images|fashion_mnist|stl10,8,3,0.625,0.845652180051674,0.8430797170070203,0.002572463044653639,0.11843199530709338,0.8173344016075135,0.8128645062446594,0.004469895362854026,5,3,10
clip_b32,oxford_pets,random,65,3,10,0.7,0,0.0,0,0.3333333333333333,tiny_imagenet,tiny_imagenet,1,tiny_imagenet,tiny_imagenet,cifar100_coarse,cifar100_shared_images,cifar10|cifar100_coarse|mnist,cifar10|cifar100_shared_images|handwritten_digits,8,3,0.625,0.845652180051674,0.8378623266755671,0.007789853376106826,0.358632121226933,0.8173344016075135,0.7962387561798095,0.021095645427703924,5,3,10
clip_b32,oxford_pets,random,66,3,10,0.7,1,0.3333333333333333,1,0.6666666666666666,tiny_imagenet,tiny_imagenet,1,tiny_imagenet,tiny_imagenet,tiny_imagenet,tiny_imagenet,cifar100_coarse|svhn|tiny_imagenet,cifar100_shared_images|svhn|tiny_imagenet,8,3,0.625,0.845652180051674,0.845652180051674,0.0,0.0,0.8173344016075135,0.8173344016075135,0.0,5,3,10
clip_b32,oxford_pets,random,67,3,10,0.7,0,0.0,0,0.0,tiny_imagenet,tiny_imagenet,1,tiny_imagenet,tiny_imagenet,cifar10,cifar10,cifar10|stl10|usps,cifar10|handwritten_digits|stl10,8,3,0.625,0.845652180051674,0.8375000025256389,0.008152177526035032,0.3753129330711014,0.8173344016075135,0.8022349357604981,0.01509946584701538,5,3,10
clip_b32,oxford_pets,random,68,3,10,0.7,0,0.0,0,0.3333333333333333,tiny_imagenet,tiny_imagenet,1,tiny_imagenet,tiny_imagenet,cifar100_coarse,cifar100_shared_images,cifar10|cifar100_coarse|mnist,cifar10|cifar100_shared_images|handwritten_digits,8,3,0.625,0.845652180051674,0.8378623266755671,0.007789853376106826,0.358632121226933,0.8173344016075135,0.7962387561798095,0.021095645427703924,5,3,10
clip_b32,oxford_pets,random,69,3,10,0.7,0,0.0,0,0.3333333333333333,tiny_imagenet,tiny_imagenet,1,tiny_imagenet,tiny_imagenet,cifar100_coarse,cifar100_shared_images,cifar100_coarse|fashion_mnist|usps,cifar100_shared_images|fashion_mnist|handwritten_digits,8,3,0.625,0.845652180051674,0.8378623266755671,0.007789853376106826,0.358632121226933,0.8173344016075135,0.7962387561798095,0.021095645427703924,5,3,10
clip_b32,oxford_pets,random,70,3,10,0.7,0,0.0,0,0.0,tiny_imagenet,tiny_imagenet,1,tiny_imagenet,tiny_imagenet,cifar10,cifar10,cifar10|mnist|usps,cifar10|handwritten_digits,8,2,0.75,0.845652180051674,0.8375000025256389,0.008152177526035032,0.3753129330711014,0.8173344016075135,0.8022349357604981,0.01509946584701538,5,3,10
clip_b32,oxford_pets,random,71,3,10,0.7,1,0.3333333333333333,1,0.3333333333333333,tiny_imagenet,tiny_imagenet,1,tiny_imagenet,tiny_imagenet,tiny_imagenet,tiny_imagenet,cifar10|stl10|tiny_imagenet,cifar10|stl10|tiny_imagenet,8,3,0.625,0.845652180051674,0.845652180051674,0.0,0.0,0.8173344016075135,0.8173344016075135,0.0,5,3,10
clip_b32,oxford_pets,random,72,3,10,0.7,1,0.3333333333333333,1,0.3333333333333333,tiny_imagenet,tiny_imagenet,1,tiny_imagenet,tiny_imagenet,tiny_imagenet,tiny_imagenet,stl10|tiny_imagenet|usps,handwritten_digits|stl10|tiny_imagenet,8,3,0.625,0.845652180051674,0.845652180051674,0.0,0.0,0.8173344016075135,0.8173344016075135,0.0,5,3,10
clip_b32,oxford_pets,random,73,3,10,0.7,1,0.3333333333333333,1,0.3333333333333333,tiny_imagenet,tiny_imagenet,1,tiny_imagenet,tiny_imagenet,tiny_imagenet,tiny_imagenet,cifar10|stl10|tiny_imagenet,cifar10|stl10|tiny_imagenet,8,3,0.625,0.845652180051674,0.845652180051674,0.0,0.0,0.8173344016075135,0.8173344016075135,0.0,5,3,10
clip_b32,oxford_pets,random,74,3,10,0.7,0,0.6666666666666666,0,0.6666666666666666,tiny_imagenet,tiny_imagenet,1,tiny_imagenet,tiny_imagenet,cifar100,cifar100_shared_images,cifar100|cifar100_coarse|rendered_sst2,cifar100_shared_images|rendered_sst2,8,2,0.75,0.845652180051674,0.8430797170070203,0.002572463044653639,0.11843199530709338,0.8173344016075135,0.8128645062446594,0.004469895362854026,5,3,10
clip_b32,oxford_pets,random,75,3,10,0.7,0,0.0,0,0.3333333333333333,tiny_imagenet,tiny_imagenet,1,tiny_imagenet,tiny_imagenet,cifar100_coarse,cifar100_shared_images,cifar100_coarse|fashion_mnist|stl10,cifar100_shared_images|fashion_mnist|stl10,8,3,0.625,0.845652180051674,0.8378623266755671,0.007789853376106826,0.358632121226933,0.8173344016075135,0.7962387561798095,0.021095645427703924,5,3,10
clip_b32,oxford_pets,random,76,3,10,0.7,0,0.0,0,0.0,tiny_imagenet,tiny_imagenet,1,tiny_imagenet,tiny_imagenet,stl10,stl10,stl10|svhn|usps,handwritten_digits|stl10|svhn,8,3,0.625,0.845652180051674,0.8369021818635687,0.00874999818810529,0.4028356195454259,0.8173344016075135,0.802125895023346,0.015208506584167503,5,3,10
clip_b32,oxford_pets,random,77,3,10,0.7,0,0.0,0,0.0,tiny_imagenet,tiny_imagenet,1,tiny_imagenet,tiny_imagenet,cifar10,cifar10,cifar10|fashion_mnist|svhn,cifar10|fashion_mnist|svhn,8,3,0.625,0.845652180051674,0.8375000025256389,0.008152177526035032,0.3753129330711014,0.8173344016075135,0.8022349357604981,0.01509946584701538,5,3,10
clip_b32,oxford_pets,random,78,3,10,0.7,0,0.3333333333333333,0,0.3333333333333333,tiny_imagenet,tiny_imagenet,1,tiny_imagenet,tiny_imagenet,cifar100,cifar100_shared_images,cifar100|svhn|usps,cifar100_shared_images|handwritten_digits|svhn,8,3,0.625,0.845652180051674,0.8430797170070203,0.002572463044653639,0.11843199530709338,0.8173344016075135,0.8128645062446594,0.004469895362854026,5,3,10
clip_b32,oxford_pets,random,79,3,10,0.7,1,0.3333333333333333,1,0.3333333333333333,tiny_imagenet,tiny_imagenet,1,tiny_imagenet,tiny_imagenet,tiny_imagenet,tiny_imagenet,stl10|tiny_imagenet|usps,handwritten_digits|stl10|tiny_imagenet,8,3,0.625,0.845652180051674,0.845652180051674,0.0,0.0,0.8173344016075135,0.8173344016075135,0.0,5,3,10
clip_b32,oxford_pets,random,80,3,10,0.7,0,0.3333333333333333,0,0.3333333333333333,tiny_imagenet,tiny_imagenet,1,tiny_imagenet,tiny_imagenet,rendered_sst2,rendered_sst2,cifar10|fashion_mnist|rendered_sst2,cifar10|fashion_mnist|rendered_sst2,8,3,0.625,0.845652180051674,0.8396376881057369,0.006014491945937062,0.2768973818287351,0.8173344016075135,0.8039792537689209,0.013355147838592596,5,3,10
clip_b32,oxford_pets,random,81,3,10,0.7,0,0.3333333333333333,0,0.3333333333333333,tiny_imagenet,tiny_imagenet,1,tiny_imagenet,tiny_imagenet,rendered_sst2,rendered_sst2,cifar10|rendered_sst2|stl10,cifar10|rendered_sst2|stl10,8,3,0.625,0.845652180051674,0.8396376881057369,0.006014491945937062,0.2768973818287351,0.8173344016075135,0.8039792537689209,0.013355147838592596,5,3,10
clip_b32,oxford_pets,random,82,3,10,0.7,0,0.0,0,0.0,tiny_imagenet,tiny_imagenet,1,tiny_imagenet,tiny_imagenet,cifar10,cifar10,cifar10|mnist|svhn,cifar10|handwritten_digits|svhn,8,3,0.625,0.845652180051674,0.8375000025256389,0.008152177526035032,0.3753129330711014,0.8173344016075135,0.8022349357604981,0.01509946584701538,5,3,10
clip_b32,oxford_pets,random,83,3,10,0.7,0,0.0,0,0.0,tiny_imagenet,tiny_imagenet,1,tiny_imagenet,tiny_imagenet,cifar10,cifar10,cifar10|mnist|stl10,cifar10|handwritten_digits|stl10,8,3,0.625,0.845652180051674,0.8375000025256389,0.008152177526035032,0.3753129330711014,0.8173344016075135,0.8022349357604981,0.01509946584701538,5,3,10
clip_b32,oxford_pets,random,84,3,10,0.7,0,0.0,0,0.3333333333333333,tiny_imagenet,tiny_imagenet,1,tiny_imagenet,tiny_imagenet,cifar100_coarse,cifar100_shared_images,cifar100_coarse|stl10|svhn,cifar100_shared_images|stl10|svhn,8,3,0.625,0.845652180051674,0.8378623266755671,0.007789853376106826,0.358632121226933,0.8173344016075135,0.7962387561798095,0.021095645427703924,5,3,10
clip_b32,oxford_pets,random,85,3,10,0.7,1,0.6666666666666666,1,0.6666666666666666,tiny_imagenet,tiny_imagenet,1,tiny_imagenet,tiny_imagenet,tiny_imagenet,tiny_imagenet,cifar100|svhn|tiny_imagenet,cifar100_shared_images|svhn|tiny_imagenet,8,3,0.625,0.845652180051674,0.845652180051674,0.0,0.0,0.8173344016075135,0.8173344016075135,0.0,5,3,10
clip_b32,oxford_pets,random,86,3,10,0.7,0,0.0,0,0.0,tiny_imagenet,tiny_imagenet,1,tiny_imagenet,tiny_imagenet,cifar10,cifar10,cifar10|fashion_mnist|mnist,cifar10|fashion_mnist|handwritten_digits,8,3,0.625,0.845652180051674,0.8375000025256389,0.008152177526035032,0.3753129330711014,0.8173344016075135,0.8022349357604981,0.01509946584701538,5,3,10
clip_b32,oxford_pets,random,87,3,10,0.7,0,0.0,0,0.3333333333333333,tiny_imagenet,tiny_imagenet,1,tiny_imagenet,tiny_imagenet,cifar100_coarse,cifar100_shared_images,cifar100_coarse|fashion_mnist|usps,cifar100_shared_images|fashion_mnist|handwritten_digits,8,3,0.625,0.845652180051674,0.8378623266755671,0.007789853376106826,0.358632121226933,0.8173344016075135,0.7962387561798095,0.021095645427703924,5,3,10
clip_b32,oxford_pets,random,88,3,10,0.7,0,0.0,0,0.0,tiny_imagenet,tiny_imagenet,1,tiny_imagenet,tiny_imagenet,cifar10,cifar10,cifar10|fashion_mnist|stl10,cifar10|fashion_mnist|stl10,8,3,0.625,0.845652180051674,0.8375000025256389,0.008152177526035032,0.3753129330711014,0.8173344016075135,0.8022349357604981,0.01509946584701538,5,3,10
clip_b32,oxford_pets,random,89,3,10,0.7,1,0.6666666666666666,1,0.6666666666666666,tiny_imagenet,tiny_imagenet,1,tiny_imagenet,tiny_imagenet,tiny_imagenet,tiny_imagenet,cifar100|cifar100_coarse|tiny_imagenet,cifar100_shared_images|tiny_imagenet,8,2,0.75,0.845652180051674,0.845652180051674,0.0,0.0,0.8173344016075135,0.8173344016075135,0.0,5,3,10
clip_b32,oxford_pets,random,90,3,10,0.7,1,0.3333333333333333,1,0.3333333333333333,tiny_imagenet,tiny_imagenet,1,tiny_imagenet,tiny_imagenet,tiny_imagenet,tiny_imagenet,svhn|tiny_imagenet|usps,handwritten_digits|svhn|tiny_imagenet,8,3,0.625,0.845652180051674,0.845652180051674,0.0,0.0,0.8173344016075135,0.8173344016075135,0.0,5,3,10
clip_b32,oxford_pets,random,91,3,10,0.7,0,0.6666666666666666,0,0.6666666666666666,tiny_imagenet,tiny_imagenet,1,tiny_imagenet,tiny_imagenet,cifar100,cifar100_shared_images,cifar100|rendered_sst2|usps,cifar100_shared_images|handwritten_digits|rendered_sst2,8,3,0.625,0.845652180051674,0.8430797170070203,0.002572463044653639,0.11843199530709338,0.8173344016075135,0.8128645062446594,0.004469895362854026,5,3,10
clip_b32,oxford_pets,random,92,3,10,0.7,0,0.0,0,0.0,tiny_imagenet,tiny_imagenet,1,tiny_imagenet,tiny_imagenet,cifar10,cifar10,cifar10|svhn|usps,cifar10|handwritten_digits|svhn,8,3,0.625,0.845652180051674,0.8375000025256389,0.008152177526035032,0.3753129330711014,0.8173344016075135,0.8022349357604981,0.01509946584701538,5,3,10
clip_b32,oxford_pets,random,93,3,10,0.7,0,0.0,0,0.3333333333333333,tiny_imagenet,tiny_imagenet,1,tiny_imagenet,tiny_imagenet,cifar100_coarse,cifar100_shared_images,cifar100_coarse|fashion_mnist|svhn,cifar100_shared_images|fashion_mnist|svhn,8,3,0.625,0.845652180051674,0.8378623266755671,0.007789853376106826,0.358632121226933,0.8173344016075135,0.7962387561798095,0.021095645427703924,5,3,10
clip_b32,oxford_pets,random,94,3,10,0.7,1,0.3333333333333333,1,0.3333333333333333,tiny_imagenet,tiny_imagenet,1,tiny_imagenet,tiny_imagenet,tiny_imagenet,tiny_imagenet,mnist|tiny_imagenet|usps,handwritten_digits|tiny_imagenet,8,2,0.75,0.845652180051674,0.845652180051674,0.0,0.0,0.8173344016075135,0.8173344016075135,0.0,5,3,10
clip_b32,oxford_pets,random,95,3,10,0.7,0,0.3333333333333333,0,0.3333333333333333,tiny_imagenet,tiny_imagenet,1,tiny_imagenet,tiny_imagenet,rendered_sst2,rendered_sst2,fashion_mnist|mnist|rendered_sst2,fashion_mnist|handwritten_digits|rendered_sst2,8,3,0.625,0.845652180051674,0.8396376881057369,0.006014491945937062,0.2768973818287351,0.8173344016075135,0.8039792537689209,0.013355147838592596,5,3,10
clip_b32,oxford_pets,random,96,3,10,0.7,1,0.3333333333333333,1,0.3333333333333333,tiny_imagenet,tiny_imagenet,1,tiny_imagenet,tiny_imagenet,tiny_imagenet,tiny_imagenet,mnist|tiny_imagenet|usps,handwritten_digits|tiny_imagenet,8,2,0.75,0.845652180051674,0.845652180051674,0.0,0.0,0.8173344016075135,0.8173344016075135,0.0,5,3,10
clip_b32,oxford_pets,random,97,3,10,0.7,0,0.3333333333333333,0,0.3333333333333333,tiny_imagenet,tiny_imagenet,1,tiny_imagenet,tiny_imagenet,cifar100,cifar100_shared_images,cifar10|cifar100|cifar100_coarse,cifar10|cifar100_shared_images,8,2,0.75,0.845652180051674,0.8430797170070203,0.002572463044653639,0.11843199530709338,0.8173344016075135,0.8128645062446594,0.004469895362854026,5,3,10
clip_b32,oxford_pets,random,98,3,10,0.7,1,0.6666666666666666,1,0.6666666666666666,tiny_imagenet,tiny_imagenet,1,tiny_imagenet,tiny_imagenet,tiny_imagenet,tiny_imagenet,rendered_sst2|svhn|tiny_imagenet,rendered_sst2|svhn|tiny_imagenet,8,3,0.625,0.845652180051674,0.845652180051674,0.0,0.0,0.8173344016075135,0.8173344016075135,0.0,5,3,10
clip_b32,oxford_pets,random,99,3,10,0.7,0,0.3333333333333333,0,0.3333333333333333,tiny_imagenet,tiny_imagenet,1,tiny_imagenet,tiny_imagenet,rendered_sst2,rendered_sst2,mnist|rendered_sst2|usps,handwritten_digits|rendered_sst2,8,2,0.75,0.845652180051674,0.8396376881057369,0.006014491945937062,0.2768973818287351,0.8173344016075135,0.8039792537689209,0.013355147838592596,5,3,10
clip_b32,oxford_pets,rank_only,-1,5,10,0.5,1,1.0,1,1.0,tiny_imagenet,tiny_imagenet,1,tiny_imagenet,tiny_imagenet,tiny_imagenet,tiny_imagenet,rendered_sst2|tiny_imagenet|stl10|cifar100_coarse|cifar100,cifar100_shared_images|rendered_sst2|stl10|tiny_imagenet,8,4,0.5,0.845652180051674,0.845652180051674,0.0,0.0,0.8173344016075135,0.8173344016075135,0.0,5,5,10
clip_b32,oxford_pets,facility_subspace,-1,5,10,0.5,0,0.6666666666666666,0,0.6666666666666666,tiny_imagenet,tiny_imagenet,1,tiny_imagenet,tiny_imagenet,cifar100,cifar100_shared_images,cifar100|usps|rendered_sst2|fashion_mnist|cifar10,cifar10|cifar100_shared_images|fashion_mnist|handwritten_digits|rendered_sst2,8,5,0.375,0.845652180051674,0.8430797170070203,0.002572463044653639,0.11843199530709338,0.8173344016075135,0.8128645062446594,0.004469895362854026,5,5,10
clip_b32,oxford_pets,kcenter_subspace,-1,5,10,0.5,0,0.3333333333333333,0,0.3333333333333333,tiny_imagenet,tiny_imagenet,1,tiny_imagenet,tiny_imagenet,rendered_sst2,rendered_sst2,rendered_sst2|stl10|mnist|fashion_mnist|svhn,fashion_mnist|handwritten_digits|rendered_sst2|stl10|svhn,8,5,0.375,0.845652180051674,0.8396376881057369,0.006014491945937062,0.2768973818287351,0.8173344016075135,0.8039792537689209,0.013355147838592596,5,5,10
clip_b32,oxford_pets,dpp_subspace,-1,5,10,0.5,1,0.6666666666666666,1,1.0,tiny_imagenet,tiny_imagenet,1,tiny_imagenet,tiny_imagenet,tiny_imagenet,tiny_imagenet,rendered_sst2|tiny_imagenet|stl10|cifar100_coarse|cifar10,cifar10|cifar100_shared_images|rendered_sst2|stl10|tiny_imagenet,8,5,0.375,0.845652180051674,0.845652180051674,0.0,0.0,0.8173344016075135,0.8173344016075135,0.0,5,5,10
clip_b32,oxford_pets,pool_vendi_subspace,-1,5,10,0.5,0,0.3333333333333333,0,0.3333333333333333,tiny_imagenet,tiny_imagenet,1,tiny_imagenet,tiny_imagenet,rendered_sst2,rendered_sst2,rendered_sst2|stl10|mnist|fashion_mnist|svhn,fashion_mnist|handwritten_digits|rendered_sst2|stl10|svhn,8,5,0.375,0.845652180051674,0.8396376881057369,0.006014491945937062,0.2768973818287351,0.8173344016075135,0.8039792537689209,0.013355147838592596,5,5,10
clip_b32,oxford_pets,full_merged_rank,-1,5,10,0.5,1,1.0,1,1.0,tiny_imagenet,tiny_imagenet,1,tiny_imagenet,tiny_imagenet,tiny_imagenet,tiny_imagenet,rendered_sst2|tiny_imagenet|stl10|cifar100_coarse|cifar100,cifar100_shared_images|rendered_sst2|stl10|tiny_imagenet,8,4,0.5,0.845652180051674,0.845652180051674,0.0,0.0,0.8173344016075135,0.8173344016075135,0.0,5,5,10
clip_b32,oxford_pets,random,0,5,10,0.5,0,0.6666666666666666,0,0.6666666666666666,tiny_imagenet,tiny_imagenet,1,tiny_imagenet,tiny_imagenet,cifar100,cifar100_shared_images,cifar100|fashion_mnist|mnist|rendered_sst2|stl10,cifar100_shared_images|fashion_mnist|handwritten_digits|rendered_sst2|stl10,8,5,0.375,0.845652180051674,0.8430797170070203,0.002572463044653639,0.11843199530709338,0.8173344016075135,0.8128645062446594,0.004469895362854026,5,5,10
clip_b32,oxford_pets,random,1,5,10,0.5,1,1.0,1,1.0,tiny_imagenet,tiny_imagenet,1,tiny_imagenet,tiny_imagenet,tiny_imagenet,tiny_imagenet,cifar100|mnist|rendered_sst2|tiny_imagenet|usps,cifar100_shared_images|handwritten_digits|rendered_sst2|tiny_imagenet,8,4,0.5,0.845652180051674,0.845652180051674,0.0,0.0,0.8173344016075135,0.8173344016075135,0.0,5,5,10
clip_b32,oxford_pets,random,2,5,10,0.5,1,0.6666666666666666,1,0.6666666666666666,tiny_imagenet,tiny_imagenet,1,tiny_imagenet,tiny_imagenet,tiny_imagenet,tiny_imagenet,cifar10|fashion_mnist|rendered_sst2|stl10|tiny_imagenet,cifar10|fashion_mnist|rendered_sst2|stl10|tiny_imagenet,8,5,0.375,0.845652180051674,0.845652180051674,0.0,0.0,0.8173344016075135,0.8173344016075135,0.0,5,5,10
clip_b32,oxford_pets,random,3,5,10,0.5,0,0.3333333333333333,0,0.3333333333333333,tiny_imagenet,tiny_imagenet,1,tiny_imagenet,tiny_imagenet,cifar100,cifar100_shared_images,cifar100|cifar100_coarse|fashion_mnist|mnist|stl10,cifar100_shared_images|fashion_mnist|handwritten_digits|stl10,8,4,0.5,0.845652180051674,0.8430797170070203,0.002572463044653639,0.11843199530709338,0.8173344016075135,0.8128645062446594,0.004469895362854026,5,5,10
clip_b32,oxford_pets,random,4,5,10,0.5,0,0.3333333333333333,0,0.6666666666666666,tiny_imagenet,tiny_imagenet,1,tiny_imagenet,tiny_imagenet,rendered_sst2,rendered_sst2,cifar10|cifar100_coarse|rendered_sst2|stl10|usps,cifar10|cifar100_shared_images|handwritten_digits|rendered_sst2|stl10,8,5,0.375,0.845652180051674,0.8396376881057369,0.006014491945937062,0.2768973818287351,0.8173344016075135,0.8039792537689209,0.013355147838592596,5,5,10
clip_b32,oxford_pets,random,5,5,10,0.5,0,0.0,0,0.3333333333333333,tiny_imagenet,tiny_imagenet,1,tiny_imagenet,tiny_imagenet,cifar100_coarse,cifar100_shared_images,cifar100_coarse|fashion_mnist|stl10|svhn|usps,cifar100_shared_images|fashion_mnist|handwritten_digits|stl10|svhn,8,5,0.375,0.845652180051674,0.8378623266755671,0.007789853376106826,0.358632121226933,0.8173344016075135,0.7962387561798095,0.021095645427703924,5,5,10
clip_b32,oxford_pets,random,6,5,10,0.5,1,0.3333333333333333,1,0.6666666666666666,tiny_imagenet,tiny_imagenet,1,tiny_imagenet,tiny_imagenet,tiny_imagenet,tiny_imagenet,cifar10|cifar100_coarse|stl10|svhn|tiny_imagenet,cifar10|cifar100_shared_images|stl10|svhn|tiny_imagenet,8,5,0.375,0.845652180051674,0.845652180051674,0.0,0.0,0.8173344016075135,0.8173344016075135,0.0,5,5,10
clip_b32,oxford_pets,random,7,5,10,0.5,1,0.6666666666666666,1,0.6666666666666666,tiny_imagenet,tiny_imagenet,1,tiny_imagenet,tiny_imagenet,tiny_imagenet,tiny_imagenet,cifar10|fashion_mnist|rendered_sst2|svhn|tiny_imagenet,cifar10|fashion_mnist|rendered_sst2|svhn|tiny_imagenet,8,5,0.375,0.845652180051674,0.845652180051674,0.0,0.0,0.8173344016075135,0.8173344016075135,0.0,5,5,10
clip_b32,oxford_pets,random,8,5,10,0.5,1,0.3333333333333333,1,0.3333333333333333,tiny_imagenet,tiny_imagenet,1,tiny_imagenet,tiny_imagenet,tiny_imagenet,tiny_imagenet,cifar10|fashion_mnist|stl10|tiny_imagenet|usps,cifar10|fashion_mnist|handwritten_digits|stl10|tiny_imagenet,8,5,0.375,0.845652180051674,0.845652180051674,0.0,0.0,0.8173344016075135,0.8173344016075135,0.0,5,5,10
clip_b32,oxford_pets,random,9,5,10,0.5,0,0.6666666666666666,0,0.6666666666666666,tiny_imagenet,tiny_imagenet,1,tiny_imagenet,tiny_imagenet,cifar100,cifar100_shared_images,cifar10|cifar100|cifar100_coarse|rendered_sst2|svhn,cifar10|cifar100_shared_images|rendered_sst2|svhn,8,4,0.5,0.845652180051674,0.8430797170070203,0.002572463044653639,0.11843199530709338,0.8173344016075135,0.8128645062446594,0.004469895362854026,5,5,10
clip_b32,oxford_pets,random,10,5,10,0.5,1,0.3333333333333333,1,0.3333333333333333,tiny_imagenet,tiny_imagenet,1,tiny_imagenet,tiny_imagenet,tiny_imagenet,tiny_imagenet,cifar10|fashion_mnist|stl10|tiny_imagenet|usps,cifar10|fashion_mnist|handwritten_digits|stl10|tiny_imagenet,8,5,0.375,0.845652180051674,0.845652180051674,0.0,0.0,0.8173344016075135,0.8173344016075135,0.0,5,5,10
clip_b32,oxford_pets,random,11,5,10,0.5,0,0.6666666666666666,0,0.6666666666666666,tiny_imagenet,tiny_imagenet,1,tiny_imagenet,tiny_imagenet,cifar100,cifar100_shared_images,cifar100|cifar100_coarse|rendered_sst2|stl10|svhn,cifar100_shared_images|rendered_sst2|stl10|svhn,8,4,0.5,0.845652180051674,0.8430797170070203,0.002572463044653639,0.11843199530709338,0.8173344016075135,0.8128645062446594,0.004469895362854026,5,5,10
clip_b32,oxford_pets,random,12,5,10,0.5,1,0.6666666666666666,1,0.6666666666666666,tiny_imagenet,tiny_imagenet,1,tiny_imagenet,tiny_imagenet,tiny_imagenet,tiny_imagenet,cifar10|cifar100|fashion_mnist|tiny_imagenet|usps,cifar10|cifar100_shared_images|fashion_mnist|handwritten_digits|tiny_imagenet,8,5,0.375,0.845652180051674,0.845652180051674,0.0,0.0,0.8173344016075135,0.8173344016075135,0.0,5,5,10
clip_b32,oxford_pets,random,13,5,10,0.5,0,0.0,0,0.0,tiny_imagenet,tiny_imagenet,1,tiny_imagenet,tiny_imagenet,cifar10,cifar10,cifar10|fashion_mnist|mnist|stl10|svhn,cifar10|fashion_mnist|handwritten_digits|stl10|svhn,8,5,0.375,0.845652180051674,0.8375000025256389,0.008152177526035032,0.3753129330711014,0.8173344016075135,0.8022349357604981,0.01509946584701538,5,5,10
clip_b32,oxford_pets,random,14,5,10,0.5,1,0.3333333333333333,1,0.3333333333333333,tiny_imagenet,tiny_imagenet,1,tiny_imagenet,tiny_imagenet,tiny_imagenet,tiny_imagenet,cifar10|fashion_mnist|mnist|svhn|tiny_imagenet,cifar10|fashion_mnist|handwritten_digits|svhn|tiny_imagenet,8,5,0.375,0.845652180051674,0.845652180051674,0.0,0.0,0.8173344016075135,0.8173344016075135,0.0,5,5,10
clip_b32,oxford_pets,random,15,5,10,0.5,0,0.3333333333333333,0,0.3333333333333333,tiny_imagenet,tiny_imagenet,1,tiny_imagenet,tiny_imagenet,cifar100,cifar100_shared_images,cifar10|cifar100|cifar100_coarse|mnist|usps,cifar10|cifar100_shared_images|handwritten_digits,8,3,0.625,0.845652180051674,0.8430797170070203,0.002572463044653639,0.11843199530709338,0.8173344016075135,0.8128645062446594,0.004469895362854026,5,5,10
clip_b32,oxford_pets,random,16,5,10,0.5,1,0.6666666666666666,1,0.6666666666666666,tiny_imagenet,tiny_imagenet,1,tiny_imagenet,tiny_imagenet,tiny_imagenet,tiny_imagenet,mnist|rendered_sst2|svhn|tiny_imagenet|usps,handwritten_digits|rendered_sst2|svhn|tiny_imagenet,8,4,0.5,0.845652180051674,0.845652180051674,0.0,0.0,0.8173344016075135,0.8173344016075135,0.0,5,5,10
clip_b32,oxford_pets,random,17,5,10,0.5,0,0.6666666666666666,0,0.6666666666666666,tiny_imagenet,tiny_imagenet,1,tiny_imagenet,tiny_imagenet,cifar100,cifar100_shared_images,cifar10|cifar100|cifar100_coarse|mnist|rendered_sst2,cifar10|cifar100_shared_images|handwritten_digits|rendered_sst2,8,4,0.5,0.845652180051674,0.8430797170070203,0.002572463044653639,0.11843199530709338,0.8173344016075135,0.8128645062446594,0.004469895362854026,5,5,10
clip_b32,oxford_pets,random,18,5,10,0.5,0,0.3333333333333333,0,0.6666666666666666,tiny_imagenet,tiny_imagenet,1,tiny_imagenet,tiny_imagenet,rendered_sst2,rendered_sst2,cifar10|cifar100_coarse|rendered_sst2|stl10|usps,cifar10|cifar100_shared_images|handwritten_digits|rendered_sst2|stl10,8,5,0.375,0.845652180051674,0.8396376881057369,0.006014491945937062,0.2768973818287351,0.8173344016075135,0.8039792537689209,0.013355147838592596,5,5,10
clip_b32,oxford_pets,random,19,5,10,0.5,1,0.3333333333333333,1,0.6666666666666666,tiny_imagenet,tiny_imagenet,1,tiny_imagenet,tiny_imagenet,tiny_imagenet,tiny_imagenet,cifar10|cifar100_coarse|svhn|tiny_imagenet|usps,cifar10|cifar100_shared_images|handwritten_digits|svhn|tiny_imagenet,8,5,0.375,0.845652180051674,0.845652180051674,0.0,0.0,0.8173344016075135,0.8173344016075135,0.0,5,5,10
clip_b32,oxford_pets,random,20,5,10,0.5,1,0.6666666666666666,1,0.6666666666666666,tiny_imagenet,tiny_imagenet,1,tiny_imagenet,tiny_imagenet,tiny_imagenet,tiny_imagenet,cifar100|cifar100_coarse|svhn|tiny_imagenet|usps,cifar100_shared_images|handwritten_digits|svhn|tiny_imagenet,8,4,0.5,0.845652180051674,0.845652180051674,0.0,0.0,0.8173344016075135,0.8173344016075135,0.0,5,5,10
clip_b32,oxford_pets,random,21,5,10,0.5,0,0.0,0,0.0,tiny_imagenet,tiny_imagenet,1,tiny_imagenet,tiny_imagenet,cifar10,cifar10,cifar10|mnist|stl10|svhn|usps,cifar10|handwritten_digits|stl10|svhn,8,4,0.5,0.845652180051674,0.8375000025256389,0.008152177526035032,0.3753129330711014,0.8173344016075135,0.8022349357604981,0.01509946584701538,5,5,10
clip_b32,oxford_pets,random,22,5,10,0.5,1,0.6666666666666666,1,0.6666666666666666,tiny_imagenet,tiny_imagenet,1,tiny_imagenet,tiny_imagenet,tiny_imagenet,tiny_imagenet,cifar10|cifar100|cifar100_coarse|stl10|tiny_imagenet,cifar10|cifar100_shared_images|stl10|tiny_imagenet,8,4,0.5,0.845652180051674,0.845652180051674,0.0,0.0,0.8173344016075135,0.8173344016075135,0.0,5,5,10
clip_b32,oxford_pets,random,23,5,10,0.5,0,0.3333333333333333,0,0.3333333333333333,tiny_imagenet,tiny_imagenet,1,tiny_imagenet,tiny_imagenet,rendered_sst2,rendered_sst2,fashion_mnist|rendered_sst2|stl10|svhn|usps,fashion_mnist|handwritten_digits|rendered_sst2|stl10|svhn,8,5,0.375,0.845652180051674,0.8396376881057369,0.006014491945937062,0.2768973818287351,0.8173344016075135,0.8039792537689209,0.013355147838592596,5,5,10
clip_b32,oxford_pets,random,24,5,10,0.5,1,0.6666666666666666,1,0.6666666666666666,tiny_imagenet,tiny_imagenet,1,tiny_imagenet,tiny_imagenet,tiny_imagenet,tiny_imagenet,cifar100|cifar100_coarse|stl10|svhn|tiny_imagenet,cifar100_shared_images|stl10|svhn|tiny_imagenet,8,4,0.5,0.845652180051674,0.845652180051674,0.0,0.0,0.8173344016075135,0.8173344016075135,0.0,5,5,10
clip_b32,oxford_pets,random,25,5,10,0.5,0,0.3333333333333333,0,0.3333333333333333,tiny_imagenet,tiny_imagenet,1,tiny_imagenet,tiny_imagenet,cifar100,cifar100_shared_images,cifar10|cifar100|mnist|stl10|svhn,cifar10|cifar100_shared_images|handwritten_digits|stl10|svhn,8,5,0.375,0.845652180051674,0.8430797170070203,0.002572463044653639,0.11843199530709338,0.8173344016075135,0.8128645062446594,0.004469895362854026,5,5,10
clip_b32,oxford_pets,random,26,5,10,0.5,1,0.3333333333333333,1,0.3333333333333333,tiny_imagenet,tiny_imagenet,1,tiny_imagenet,tiny_imagenet,tiny_imagenet,tiny_imagenet,cifar10|fashion_mnist|mnist|svhn|tiny_imagenet,cifar10|fashion_mnist|handwritten_digits|svhn|tiny_imagenet,8,5,0.375,0.845652180051674,0.845652180051674,0.0,0.0,0.8173344016075135,0.8173344016075135,0.0,5,5,10
clip_b32,oxford_pets,random,27,5,10,0.5,1,0.6666666666666666,1,0.6666666666666666,tiny_imagenet,tiny_imagenet,1,tiny_imagenet,tiny_imagenet,tiny_imagenet,tiny_imagenet,mnist|rendered_sst2|stl10|svhn|tiny_imagenet,handwritten_digits|rendered_sst2|stl10|svhn|tiny_imagenet,8,5,0.375,0.845652180051674,0.845652180051674,0.0,0.0,0.8173344016075135,0.8173344016075135,0.0,5,5,10
clip_b32,oxford_pets,random,28,5,10,0.5,0,0.3333333333333333,0,0.3333333333333333,tiny_imagenet,tiny_imagenet,1,tiny_imagenet,tiny_imagenet,cifar100,cifar100_shared_images,cifar100|cifar100_coarse|stl10|svhn|usps,cifar100_shared_images|handwritten_digits|stl10|svhn,8,4,0.5,0.845652180051674,0.8430797170070203,0.002572463044653639,0.11843199530709338,0.8173344016075135,0.8128645062446594,0.004469895362854026,5,5,10
clip_b32,oxford_pets,random,29,5,10,0.5,0,0.6666666666666666,0,0.6666666666666666,tiny_imagenet,tiny_imagenet,1,tiny_imagenet,tiny_imagenet,cifar100,cifar100_shared_images,cifar10|cifar100|mnist|rendered_sst2|usps,cifar10|cifar100_shared_images|handwritten_digits|rendered_sst2,8,4,0.5,0.845652180051674,0.8430797170070203,0.002572463044653639,0.11843199530709338,0.8173344016075135,0.8128645062446594,0.004469895362854026,5,5,10
clip_b32,oxford_pets,random,30,5,10,0.5,1,0.6666666666666666,1,1.0,tiny_imagenet,tiny_imagenet,1,tiny_imagenet,tiny_imagenet,tiny_imagenet,tiny_imagenet,cifar100_coarse|mnist|rendered_sst2|tiny_imagenet|usps,cifar100_shared_images|handwritten_digits|rendered_sst2|tiny_imagenet,8,4,0.5,0.845652180051674,0.845652180051674,0.0,0.0,0.8173344016075135,0.8173344016075135,0.0,5,5,10
clip_b32,oxford_pets,random,31,5,10,0.5,1,0.3333333333333333,1,0.6666666666666666,tiny_imagenet,tiny_imagenet,1,tiny_imagenet,tiny_imagenet,tiny_imagenet,tiny_imagenet,cifar100_coarse|mnist|stl10|svhn|tiny_imagenet,cifar100_shared_images|handwritten_digits|stl10|svhn|tiny_imagenet,8,5,0.375,0.845652180051674,0.845652180051674,0.0,0.0,0.8173344016075135,0.8173344016075135,0.0,5,5,10
clip_b32,oxford_pets,random,32,5,10,0.5,1,0.6666666666666666,1,1.0,tiny_imagenet,tiny_imagenet,1,tiny_imagenet,tiny_imagenet,tiny_imagenet,tiny_imagenet,cifar10|cifar100_coarse|rendered_sst2|svhn|tiny_imagenet,cifar10|cifar100_shared_images|rendered_sst2|svhn|tiny_imagenet,8,5,0.375,0.845652180051674,0.845652180051674,0.0,0.0,0.8173344016075135,0.8173344016075135,0.0,5,5,10
clip_b32,oxford_pets,random,33,5,10,0.5,0,0.0,0,0.3333333333333333,tiny_imagenet,tiny_imagenet,1,tiny_imagenet,tiny_imagenet,cifar100_coarse,cifar100_shared_images,cifar10|cifar100_coarse|mnist|stl10|svhn,cifar10|cifar100_shared_images|handwritten_digits|stl10|svhn,8,5,0.375,0.845652180051674,0.8378623266755671,0.007789853376106826,0.358632121226933,0.8173344016075135,0.7962387561798095,0.021095645427703924,5,5,10
clip_b32,oxford_pets,random,34,5,10,0.5,0,0.3333333333333333,0,0.3333333333333333,tiny_imagenet,tiny_imagenet,1,tiny_imagenet,tiny_imagenet,rendered_sst2,rendered_sst2,mnist|rendered_sst2|stl10|svhn|usps,handwritten_digits|rendered_sst2|stl10|svhn,8,4,0.5,0.845652180051674,0.8396376881057369,0.006014491945937062,0.2768973818287351,0.8173344016075135,0.8039792537689209,0.013355147838592596,5,5,10
clip_b32,oxford_pets,random,35,5,10,0.5,1,0.3333333333333333,1,0.6666666666666666,tiny_imagenet,tiny_imagenet,1,tiny_imagenet,tiny_imagenet,tiny_imagenet,tiny_imagenet,cifar10|cifar100_coarse|svhn|tiny_imagenet|usps,cifar10|cifar100_shared_images|handwritten_digits|svhn|tiny_imagenet,8,5,0.375,0.845652180051674,0.845652180051674,0.0,0.0,0.8173344016075135,0.8173344016075135,0.0,5,5,10
clip_b32,oxford_pets,random,36,5,10,0.5,0,0.3333333333333333,0,0.3333333333333333,tiny_imagenet,tiny_imagenet,1,tiny_imagenet,tiny_imagenet,cifar100,cifar100_shared_images,cifar100|cifar100_coarse|fashion_mnist|stl10|usps,cifar100_shared_images|fashion_mnist|handwritten_digits|stl10,8,4,0.5,0.845652180051674,0.8430797170070203,0.002572463044653639,0.11843199530709338,0.8173344016075135,0.8128645062446594,0.004469895362854026,5,5,10
clip_b32,oxford_pets,random,37,5,10,0.5,1,1.0,1,1.0,tiny_imagenet,tiny_imagenet,1,tiny_imagenet,tiny_imagenet,tiny_imagenet,tiny_imagenet,cifar100|rendered_sst2|svhn|tiny_imagenet|usps,cifar100_shared_images|handwritten_digits|rendered_sst2|svhn|tiny_imagenet,8,5,0.375,0.845652180051674,0.845652180051674,0.0,0.0,0.8173344016075135,0.8173344016075135,0.0,5,5,10
clip_b32,oxford_pets,random,38,5,10,0.5,0,0.3333333333333333,0,0.3333333333333333,tiny_imagenet,tiny_imagenet,1,tiny_imagenet,tiny_imagenet,cifar100,cifar100_shared_images,cifar10|cifar100|fashion_mnist|mnist|usps,cifar10|cifar100_shared_images|fashion_mnist|handwritten_digits,8,4,0.5,0.845652180051674,0.8430797170070203,0.002572463044653639,0.11843199530709338,0.8173344016075135,0.8128645062446594,0.004469895362854026,5,5,10
clip_b32,oxford_pets,random,39,5,10,0.5,0,0.3333333333333333,0,0.3333333333333333,tiny_imagenet,tiny_imagenet,1,tiny_imagenet,tiny_imagenet,rendered_sst2,rendered_sst2,fashion_mnist|rendered_sst2|stl10|svhn|usps,fashion_mnist|handwritten_digits|rendered_sst2|stl10|svhn,8,5,0.375,0.845652180051674,0.8396376881057369,0.006014491945937062,0.2768973818287351,0.8173344016075135,0.8039792537689209,0.013355147838592596,5,5,10
clip_b32,oxford_pets,random,40,5,10,0.5,0,0.3333333333333333,0,0.6666666666666666,tiny_imagenet,tiny_imagenet,1,tiny_imagenet,tiny_imagenet,rendered_sst2,rendered_sst2,cifar100_coarse|mnist|rendered_sst2|stl10|svhn,cifar100_shared_images|handwritten_digits|rendered_sst2|stl10|svhn,8,5,0.375,0.845652180051674,0.8396376881057369,0.006014491945937062,0.2768973818287351,0.8173344016075135,0.8039792537689209,0.013355147838592596,5,5,10
clip_b32,oxford_pets,random,41,5,10,0.5,1,0.6666666666666666,1,0.6666666666666666,tiny_imagenet,tiny_imagenet,1,tiny_imagenet,tiny_imagenet,tiny_imagenet,tiny_imagenet,cifar100|mnist|svhn|tiny_imagenet|usps,cifar100_shared_images|handwritten_digits|svhn|tiny_imagenet,8,4,0.5,0.845652180051674,0.845652180051674,0.0,0.0,0.8173344016075135,0.8173344016075135,0.0,5,5,10
clip_b32,oxford_pets,random,42,5,10,0.5,0,0.3333333333333333,0,0.3333333333333333,tiny_imagenet,tiny_imagenet,1,tiny_imagenet,tiny_imagenet,cifar100,cifar100_shared_images,cifar10|cifar100|cifar100_coarse|mnist|svhn,cifar10|cifar100_shared_images|handwritten_digits|svhn,8,4,0.5,0.845652180051674,0.8430797170070203,0.002572463044653639,0.11843199530709338,0.8173344016075135,0.8128645062446594,0.004469895362854026,5,5,10
clip_b32,oxford_pets,random,43,5,10,0.5,0,0.3333333333333333,0,0.3333333333333333,tiny_imagenet,tiny_imagenet,1,tiny_imagenet,tiny_imagenet,cifar100,cifar100_shared_images,cifar10|cifar100|mnist|stl10|svhn,cifar10|cifar100_shared_images|handwritten_digits|stl10|svhn,8,5,0.375,0.845652180051674,0.8430797170070203,0.002572463044653639,0.11843199530709338,0.8173344016075135,0.8128645062446594,0.004469895362854026,5,5,10
clip_b32,oxford_pets,random,44,5,10,0.5,1,0.6666666666666666,1,0.6666666666666666,tiny_imagenet,tiny_imagenet,1,tiny_imagenet,tiny_imagenet,tiny_imagenet,tiny_imagenet,mnist|rendered_sst2|stl10|tiny_imagenet|usps,handwritten_digits|rendered_sst2|stl10|tiny_imagenet,8,4,0.5,0.845652180051674,0.845652180051674,0.0,0.0,0.8173344016075135,0.8173344016075135,0.0,5,5,10
clip_b32,oxford_pets,random,45,5,10,0.5,0,0.3333333333333333,0,0.3333333333333333,tiny_imagenet,tiny_imagenet,1,tiny_imagenet,tiny_imagenet,cifar100,cifar100_shared_images,cifar10|cifar100|cifar100_coarse|fashion_mnist|usps,cifar10|cifar100_shared_images|fashion_mnist|handwritten_digits,8,4,0.5,0.845652180051674,0.8430797170070203,0.002572463044653639,0.11843199530709338,0.8173344016075135,0.8128645062446594,0.004469895362854026,5,5,10
clip_b32,oxford_pets,random,46,5,10,0.5,1,0.6666666666666666,1,0.6666666666666666,tiny_imagenet,tiny_imagenet,1,tiny_imagenet,tiny_imagenet,tiny_imagenet,tiny_imagenet,cifar10|rendered_sst2|stl10|tiny_imagenet|usps,cifar10|handwritten_digits|rendered_sst2|stl10|tiny_imagenet,8,5,0.375,0.845652180051674,0.845652180051674,0.0,0.0,0.8173344016075135,0.8173344016075135,0.0,5,5,10
clip_b32,oxford_pets,random,47,5,10,0.5,0,0.3333333333333333,0,0.3333333333333333,tiny_imagenet,tiny_imagenet,1,tiny_imagenet,tiny_imagenet,cifar100,cifar100_shared_images,cifar100|cifar100_coarse|fashion_mnist|mnist|svhn,cifar100_shared_images|fashion_mnist|handwritten_digits|svhn,8,4,0.5,0.845652180051674,0.8430797170070203,0.002572463044653639,0.11843199530709338,0.8173344016075135,0.8128645062446594,0.004469895362854026,5,5,10
clip_b32,oxford_pets,random,48,5,10,0.5,0,0.3333333333333333,0,0.3333333333333333,tiny_imagenet,tiny_imagenet,1,tiny_imagenet,tiny_imagenet,rendered_sst2,rendered_sst2,cifar10|fashion_mnist|rendered_sst2|svhn|usps,cifar10|fashion_mnist|handwritten_digits|rendered_sst2|svhn,8,5,0.375,0.845652180051674,0.8396376881057369,0.006014491945937062,0.2768973818287351,0.8173344016075135,0.8039792537689209,0.013355147838592596,5,5,10
clip_b32,oxford_pets,random,49,5,10,0.5,1,1.0,1,1.0,tiny_imagenet,tiny_imagenet,1,tiny_imagenet,tiny_imagenet,tiny_imagenet,tiny_imagenet,cifar10|cifar100|fashion_mnist|rendered_sst2|tiny_imagenet,cifar10|cifar100_shared_images|fashion_mnist|rendered_sst2|tiny_imagenet,8,5,0.375,0.845652180051674,0.845652180051674,0.0,0.0,0.8173344016075135,0.8173344016075135,0.0,5,5,10
clip_b32,oxford_pets,random,50,5,10,0.5,1,0.6666666666666666,1,0.6666666666666666,tiny_imagenet,tiny_imagenet,1,tiny_imagenet,tiny_imagenet,tiny_imagenet,tiny_imagenet,cifar10|rendered_sst2|svhn|tiny_imagenet|usps,cifar10|handwritten_digits|rendered_sst2|svhn|tiny_imagenet,8,5,0.375,0.845652180051674,0.845652180051674,0.0,0.0,0.8173344016075135,0.8173344016075135,0.0,5,5,10
clip_b32,oxford_pets,random,51,5,10,0.5,0,0.6666666666666666,0,0.6666666666666666,tiny_imagenet,tiny_imagenet,1,tiny_imagenet,tiny_imagenet,cifar100,cifar100_shared_images,cifar100|fashion_mnist|rendered_sst2|svhn|usps,cifar100_shared_images|fashion_mnist|handwritten_digits|rendered_sst2|svhn,8,5,0.375,0.845652180051674,0.8430797170070203,0.002572463044653639,0.11843199530709338,0.8173344016075135,0.8128645062446594,0.004469895362854026,5,5,10
clip_b32,oxford_pets,random,52,5,10,0.5,0,0.0,0,0.3333333333333333,tiny_imagenet,tiny_imagenet,1,tiny_imagenet,tiny_imagenet,cifar100_coarse,cifar100_shared_images,cifar10|cifar100_coarse|mnist|stl10|usps,cifar10|cifar100_shared_images|handwritten_digits|stl10,8,4,0.5,0.845652180051674,0.8378623266755671,0.007789853376106826,0.358632121226933,0.8173344016075135,0.7962387561798095,0.021095645427703924,5,5,10
clip_b32,oxford_pets,random,53,5,10,0.5,0,0.3333333333333333,0,0.3333333333333333,tiny_imagenet,tiny_imagenet,1,tiny_imagenet,tiny_imagenet,cifar100,cifar100_shared_images,cifar10|cifar100|fashion_mnist|svhn|usps,cifar10|cifar100_shared_images|fashion_mnist|handwritten_digits|svhn,8,5,0.375,0.845652180051674,0.8430797170070203,0.002572463044653639,0.11843199530709338,0.8173344016075135,0.8128645062446594,0.004469895362854026,5,5,10
clip_b32,oxford_pets,random,54,5,10,0.5,1,0.6666666666666666,1,0.6666666666666666,tiny_imagenet,tiny_imagenet,1,tiny_imagenet,tiny_imagenet,tiny_imagenet,tiny_imagenet,cifar100|stl10|svhn|tiny_imagenet|usps,cifar100_shared_images|handwritten_digits|stl10|svhn|tiny_imagenet,8,5,0.375,0.845652180051674,0.845652180051674,0.0,0.0,0.8173344016075135,0.8173344016075135,0.0,5,5,10
clip_b32,oxford_pets,random,55,5,10,0.5,0,0.6666666666666666,0,0.6666666666666666,tiny_imagenet,tiny_imagenet,1,tiny_imagenet,tiny_imagenet,cifar100,cifar100_shared_images,cifar100|cifar100_coarse|fashion_mnist|rendered_sst2|svhn,cifar100_shared_images|fashion_mnist|rendered_sst2|svhn,8,4,0.5,0.845652180051674,0.8430797170070203,0.002572463044653639,0.11843199530709338,0.8173344016075135,0.8128645062446594,0.004469895362854026,5,5,10
clip_b32,oxford_pets,random,56,5,10,0.5,1,0.6666666666666666,1,0.6666666666666666,tiny_imagenet,tiny_imagenet,1,tiny_imagenet,tiny_imagenet,tiny_imagenet,tiny_imagenet,cifar100|mnist|stl10|svhn|tiny_imagenet,cifar100_shared_images|handwritten_digits|stl10|svhn|tiny_imagenet,8,5,0.375,0.845652180051674,0.845652180051674,0.0,0.0,0.8173344016075135,0.8173344016075135,0.0,5,5,10
clip_b32,oxford_pets,random,57,5,10,0.5,1,0.6666666666666666,1,0.6666666666666666,tiny_imagenet,tiny_imagenet,1,tiny_imagenet,tiny_imagenet,tiny_imagenet,tiny_imagenet,cifar10|cifar100|fashion_mnist|mnist|tiny_imagenet,cifar10|cifar100_shared_images|fashion_mnist|handwritten_digits|tiny_imagenet,8,5,0.375,0.845652180051674,0.845652180051674,0.0,0.0,0.8173344016075135,0.8173344016075135,0.0,5,5,10
clip_b32,oxford_pets,random,58,5,10,0.5,1,1.0,1,1.0,tiny_imagenet,tiny_imagenet,1,tiny_imagenet,tiny_imagenet,tiny_imagenet,tiny_imagenet,cifar100|rendered_sst2|stl10|svhn|tiny_imagenet,cifar100_shared_images|rendered_sst2|stl10|svhn|tiny_imagenet,8,5,0.375,0.845652180051674,0.845652180051674,0.0,0.0,0.8173344016075135,0.8173344016075135,0.0,5,5,10
clip_b32,oxford_pets,random,59,5,10,0.5,1,0.3333333333333333,1,0.3333333333333333,tiny_imagenet,tiny_imagenet,1,tiny_imagenet,tiny_imagenet,tiny_imagenet,tiny_imagenet,fashion_mnist|mnist|stl10|svhn|tiny_imagenet,fashion_mnist|handwritten_digits|stl10|svhn|tiny_imagenet,8,5,0.375,0.845652180051674,0.845652180051674,0.0,0.0,0.8173344016075135,0.8173344016075135,0.0,5,5,10
clip_b32,oxford_pets,random,60,5,10,0.5,1,0.6666666666666666,1,0.6666666666666666,tiny_imagenet,tiny_imagenet,1,tiny_imagenet,tiny_imagenet,tiny_imagenet,tiny_imagenet,cifar100|mnist|stl10|svhn|tiny_imagenet,cifar100_shared_images|handwritten_digits|stl10|svhn|tiny_imagenet,8,5,0.375,0.845652180051674,0.845652180051674,0.0,0.0,0.8173344016075135,0.8173344016075135,0.0,5,5,10
clip_b32,oxford_pets,random,61,5,10,0.5,1,0.3333333333333333,1,0.3333333333333333,tiny_imagenet,tiny_imagenet,1,tiny_imagenet,tiny_imagenet,tiny_imagenet,tiny_imagenet,fashion_mnist|stl10|svhn|tiny_imagenet|usps,fashion_mnist|handwritten_digits|stl10|svhn|tiny_imagenet,8,5,0.375,0.845652180051674,0.845652180051674,0.0,0.0,0.8173344016075135,0.8173344016075135,0.0,5,5,10
clip_b32,oxford_pets,random,62,5,10,0.5,1,0.3333333333333333,1,0.6666666666666666,tiny_imagenet,tiny_imagenet,1,tiny_imagenet,tiny_imagenet,tiny_imagenet,tiny_imagenet,cifar100_coarse|fashion_mnist|svhn|tiny_imagenet|usps,cifar100_shared_images|fashion_mnist|handwritten_digits|svhn|tiny_imagenet,8,5,0.375,0.845652180051674,0.845652180051674,0.0,0.0,0.8173344016075135,0.8173344016075135,0.0,5,5,10
clip_b32,oxford_pets,random,63,5,10,0.5,0,0.3333333333333333,0,0.6666666666666666,tiny_imagenet,tiny_imagenet,1,tiny_imagenet,tiny_imagenet,rendered_sst2,rendered_sst2,cifar100_coarse|rendered_sst2|stl10|svhn|usps,cifar100_shared_images|handwritten_digits|rendered_sst2|stl10|svhn,8,5,0.375,0.845652180051674,0.8396376881057369,0.006014491945937062,0.2768973818287351,0.8173344016075135,0.8039792537689209,0.013355147838592596,5,5,10
clip_b32,oxford_pets,random,64,5,10,0.5,1,0.6666666666666666,1,0.6666666666666666,tiny_imagenet,tiny_imagenet,1,tiny_imagenet,tiny_imagenet,tiny_imagenet,tiny_imagenet,fashion_mnist|rendered_sst2|stl10|svhn|tiny_imagenet,fashion_mnist|rendered_sst2|stl10|svhn|tiny_imagenet,8,5,0.375,0.845652180051674,0.845652180051674,0.0,0.0,0.8173344016075135,0.8173344016075135,0.0,5,5,10
clip_b32,oxford_pets,random,65,5,10,0.5,0,0.6666666666666666,0,0.6666666666666666,tiny_imagenet,tiny_imagenet,1,tiny_imagenet,tiny_imagenet,cifar100,cifar100_shared_images,cifar10|cifar100|rendered_sst2|svhn|usps,cifar10|cifar100_shared_images|handwritten_digits|rendered_sst2|svhn,8,5,0.375,0.845652180051674,0.8430797170070203,0.002572463044653639,0.11843199530709338,0.8173344016075135,0.8128645062446594,0.004469895362854026,5,5,10
clip_b32,oxford_pets,random,66,5,10,0.5,0,0.3333333333333333,0,0.3333333333333333,tiny_imagenet,tiny_imagenet,1,tiny_imagenet,tiny_imagenet,rendered_sst2,rendered_sst2,cifar10|fashion_mnist|rendered_sst2|stl10|usps,cifar10|fashion_mnist|handwritten_digits|rendered_sst2|stl10,8,5,0.375,0.845652180051674,0.8396376881057369,0.006014491945937062,0.2768973818287351,0.8173344016075135,0.8039792537689209,0.013355147838592596,5,5,10
clip_b32,oxford_pets,random,67,5,10,0.5,0,0.6666666666666666,0,0.6666666666666666,tiny_imagenet,tiny_imagenet,1,tiny_imagenet,tiny_imagenet,cifar100,cifar100_shared_images,cifar100|fashion_mnist|mnist|rendered_sst2|stl10,cifar100_shared_images|fashion_mnist|handwritten_digits|rendered_sst2|stl10,8,5,0.375,0.845652180051674,0.8430797170070203,0.002572463044653639,0.11843199530709338,0.8173344016075135,0.8128645062446594,0.004469895362854026,5,5,10
clip_b32,oxford_pets,random,68,5,10,0.5,1,0.3333333333333333,1,0.6666666666666666,tiny_imagenet,tiny_imagenet,1,tiny_imagenet,tiny_imagenet,tiny_imagenet,tiny_imagenet,cifar10|cifar100_coarse|mnist|svhn|tiny_imagenet,cifar10|cifar100_shared_images|handwritten_digits|svhn|tiny_imagenet,8,5,0.375,0.845652180051674,0.845652180051674,0.0,0.0,0.8173344016075135,0.8173344016075135,0.0,5,5,10
clip_b32,oxford_pets,random,69,5,10,0.5,0,0.6666666666666666,0,0.6666666666666666,tiny_imagenet,tiny_imagenet,1,tiny_imagenet,tiny_imagenet,cifar100,cifar100_shared_images,cifar10|cifar100|fashion_mnist|mnist|rendered_sst2,cifar10|cifar100_shared_images|fashion_mnist|handwritten_digits|rendered_sst2,8,5,0.375,0.845652180051674,0.8430797170070203,0.002572463044653639,0.11843199530709338,0.8173344016075135,0.8128645062446594,0.004469895362854026,5,5,10
clip_b32,oxford_pets,random,70,5,10,0.5,0,0.6666666666666666,0,0.6666666666666666,tiny_imagenet,tiny_imagenet,1,tiny_imagenet,tiny_imagenet,cifar100,cifar100_shared_images,cifar100|cifar100_coarse|fashion_mnist|rendered_sst2|stl10,cifar100_shared_images|fashion_mnist|rendered_sst2|stl10,8,4,0.5,0.845652180051674,0.8430797170070203,0.002572463044653639,0.11843199530709338,0.8173344016075135,0.8128645062446594,0.004469895362854026,5,5,10
clip_b32,oxford_pets,random,71,5,10,0.5,0,0.3333333333333333,0,0.3333333333333333,tiny_imagenet,tiny_imagenet,1,tiny_imagenet,tiny_imagenet,cifar100,cifar100_shared_images,cifar10|cifar100|cifar100_coarse|svhn|usps,cifar10|cifar100_shared_images|handwritten_digits|svhn,8,4,0.5,0.845652180051674,0.8430797170070203,0.002572463044653639,0.11843199530709338,0.8173344016075135,0.8128645062446594,0.004469895362854026,5,5,10
clip_b32,oxford_pets,random,72,5,10,0.5,1,0.6666666666666666,1,1.0,tiny_imagenet,tiny_imagenet,1,tiny_imagenet,tiny_imagenet,tiny_imagenet,tiny_imagenet,cifar10|cifar100_coarse|rendered_sst2|tiny_imagenet|usps,cifar10|cifar100_shared_images|handwritten_digits|rendered_sst2|tiny_imagenet,8,5,0.375,0.845652180051674,0.845652180051674,0.0,0.0,0.8173344016075135,0.8173344016075135,0.0,5,5,10
clip_b32,oxford_pets,random,73,5,10,0.5,0,0.3333333333333333,0,0.3333333333333333,tiny_imagenet,tiny_imagenet,1,tiny_imagenet,tiny_imagenet,cifar100,cifar100_shared_images,cifar10|cifar100|cifar100_coarse|fashion_mnist|svhn,cifar10|cifar100_shared_images|fashion_mnist|svhn,8,4,0.5,0.845652180051674,0.8430797170070203,0.002572463044653639,0.11843199530709338,0.8173344016075135,0.8128645062446594,0.004469895362854026,5,5,10
clip_b32,oxford_pets,random,74,5,10,0.5,1,0.6666666666666666,1,0.6666666666666666,tiny_imagenet,tiny_imagenet,1,tiny_imagenet,tiny_imagenet,tiny_imagenet,tiny_imagenet,cifar10|mnist|rendered_sst2|svhn|tiny_imagenet,cifar10|handwritten_digits|rendered_sst2|svhn|tiny_imagenet,8,5,0.375,0.845652180051674,0.845652180051674,0.0,0.0,0.8173344016075135,0.8173344016075135,0.0,5,5,10
clip_b32,oxford_pets,random,75,5,10,0.5,1,0.6666666666666666,1,0.6666666666666666,tiny_imagenet,tiny_imagenet,1,tiny_imagenet,tiny_imagenet,tiny_imagenet,tiny_imagenet,cifar100|cifar100_coarse|fashion_mnist|tiny_imagenet|usps,cifar100_shared_images|fashion_mnist|handwritten_digits|tiny_imagenet,8,4,0.5,0.845652180051674,0.845652180051674,0.0,0.0,0.8173344016075135,0.8173344016075135,0.0,5,5,10
clip_b32,oxford_pets,random,76,5,10,0.5,1,0.3333333333333333,1,0.3333333333333333,tiny_imagenet,tiny_imagenet,1,tiny_imagenet,tiny_imagenet,tiny_imagenet,tiny_imagenet,cifar10|fashion_mnist|stl10|svhn|tiny_imagenet,cifar10|fashion_mnist|stl10|svhn|tiny_imagenet,8,5,0.375,0.845652180051674,0.845652180051674,0.0,0.0,0.8173344016075135,0.8173344016075135,0.0,5,5,10
clip_b32,oxford_pets,random,77,5,10,0.5,1,0.6666666666666666,1,0.6666666666666666,tiny_imagenet,tiny_imagenet,1,tiny_imagenet,tiny_imagenet,tiny_imagenet,tiny_imagenet,cifar10|cifar100|mnist|stl10|tiny_imagenet,cifar10|cifar100_shared_images|handwritten_digits|stl10|tiny_imagenet,8,5,0.375,0.845652180051674,0.845652180051674,0.0,0.0,0.8173344016075135,0.8173344016075135,0.0,5,5,10
clip_b32,oxford_pets,random,78,5,10,0.5,1,0.6666666666666666,1,0.6666666666666666,tiny_imagenet,tiny_imagenet,1,tiny_imagenet,tiny_imagenet,tiny_imagenet,tiny_imagenet,cifar100|cifar100_coarse|fashion_mnist|svhn|tiny_imagenet,cifar100_shared_images|fashion_mnist|svhn|tiny_imagenet,8,4,0.5,0.845652180051674,0.845652180051674,0.0,0.0,0.8173344016075135,0.8173344016075135,0.0,5,5,10
clip_b32,oxford_pets,random,79,5,10,0.5,0,0.0,0,0.0,tiny_imagenet,tiny_imagenet,1,tiny_imagenet,tiny_imagenet,stl10,stl10,fashion_mnist|mnist|stl10|svhn|usps,fashion_mnist|handwritten_digits|stl10|svhn,8,4,0.5,0.845652180051674,0.8369021818635687,0.00874999818810529,0.4028356195454259,0.8173344016075135,0.802125895023346,0.015208506584167503,5,5,10
clip_b32,oxford_pets,random,80,5,10,0.5,1,0.6666666666666666,1,0.6666666666666666,tiny_imagenet,tiny_imagenet,1,tiny_imagenet,tiny_imagenet,tiny_imagenet,tiny_imagenet,cifar100|fashion_mnist|mnist|tiny_imagenet|usps,cifar100_shared_images|fashion_mnist|handwritten_digits|tiny_imagenet,8,4,0.5,0.845652180051674,0.845652180051674,0.0,0.0,0.8173344016075135,0.8173344016075135,0.0,5,5,10
clip_b32,oxford_pets,random,81,5,10,0.5,1,0.6666666666666666,1,0.6666666666666666,tiny_imagenet,tiny_imagenet,1,tiny_imagenet,tiny_imagenet,tiny_imagenet,tiny_imagenet,cifar10|fashion_mnist|rendered_sst2|stl10|tiny_imagenet,cifar10|fashion_mnist|rendered_sst2|stl10|tiny_imagenet,8,5,0.375,0.845652180051674,0.845652180051674,0.0,0.0,0.8173344016075135,0.8173344016075135,0.0,5,5,10
clip_b32,oxford_pets,random,82,5,10,0.5,1,0.6666666666666666,1,1.0,tiny_imagenet,tiny_imagenet,1,tiny_imagenet,tiny_imagenet,tiny_imagenet,tiny_imagenet,cifar100_coarse|fashion_mnist|rendered_sst2|stl10|tiny_imagenet,cifar100_shared_images|fashion_mnist|rendered_sst2|stl10|tiny_imagenet,8,5,0.375,0.845652180051674,0.845652180051674,0.0,0.0,0.8173344016075135,0.8173344016075135,0.0,5,5,10
clip_b32,oxford_pets,random,83,5,10,0.5,0,0.3333333333333333,0,0.3333333333333333,tiny_imagenet,tiny_imagenet,1,tiny_imagenet,tiny_imagenet,cifar100,cifar100_shared_images,cifar10|cifar100|mnist|stl10|svhn,cifar10|cifar100_shared_images|handwritten_digits|stl10|svhn,8,5,0.375,0.845652180051674,0.8430797170070203,0.002572463044653639,0.11843199530709338,0.8173344016075135,0.8128645062446594,0.004469895362854026,5,5,10
clip_b32,oxford_pets,random,84,5,10,0.5,1,0.6666666666666666,1,0.6666666666666666,tiny_imagenet,tiny_imagenet,1,tiny_imagenet,tiny_imagenet,tiny_imagenet,tiny_imagenet,cifar100|fashion_mnist|mnist|svhn|tiny_imagenet,cifar100_shared_images|fashion_mnist|handwritten_digits|svhn|tiny_imagenet,8,5,0.375,0.845652180051674,0.845652180051674,0.0,0.0,0.8173344016075135,0.8173344016075135,0.0,5,5,10
clip_b32,oxford_pets,random,85,5,10,0.5,1,0.6666666666666666,1,0.6666666666666666,tiny_imagenet,tiny_imagenet,1,tiny_imagenet,tiny_imagenet,tiny_imagenet,tiny_imagenet,cifar100|cifar100_coarse|fashion_mnist|tiny_imagenet|usps,cifar100_shared_images|fashion_mnist|handwritten_digits|tiny_imagenet,8,4,0.5,0.845652180051674,0.845652180051674,0.0,0.0,0.8173344016075135,0.8173344016075135,0.0,5,5,10
clip_b32,oxford_pets,random,86,5,10,0.5,0,0.6666666666666666,0,0.6666666666666666,tiny_imagenet,tiny_imagenet,1,tiny_imagenet,tiny_imagenet,cifar100,cifar100_shared_images,cifar100|mnist|rendered_sst2|svhn|usps,cifar100_shared_images|handwritten_digits|rendered_sst2|svhn,8,4,0.5,0.845652180051674,0.8430797170070203,0.002572463044653639,0.11843199530709338,0.8173344016075135,0.8128645062446594,0.004469895362854026,5,5,10
clip_b32,oxford_pets,random,87,5,10,0.5,1,0.6666666666666666,1,0.6666666666666666,tiny_imagenet,tiny_imagenet,1,tiny_imagenet,tiny_imagenet,tiny_imagenet,tiny_imagenet,cifar10|cifar100|cifar100_coarse|stl10|tiny_imagenet,cifar10|cifar100_shared_images|stl10|tiny_imagenet,8,4,0.5,0.845652180051674,0.845652180051674,0.0,0.0,0.8173344016075135,0.8173344016075135,0.0,5,5,10
clip_b32,oxford_pets,random,88,5,10,0.5,0,0.6666666666666666,0,0.6666666666666666,tiny_imagenet,tiny_imagenet,1,tiny_imagenet,tiny_imagenet,cifar100,cifar100_shared_images,cifar10|cifar100|mnist|rendered_sst2|svhn,cifar10|cifar100_shared_images|handwritten_digits|rendered_sst2|svhn,8,5,0.375,0.845652180051674,0.8430797170070203,0.002572463044653639,0.11843199530709338,0.8173344016075135,0.8128645062446594,0.004469895362854026,5,5,10
clip_b32,oxford_pets,random,89,5,10,0.5,1,0.6666666666666666,1,0.6666666666666666,tiny_imagenet,tiny_imagenet,1,tiny_imagenet,tiny_imagenet,tiny_imagenet,tiny_imagenet,cifar100|cifar100_coarse|stl10|svhn|tiny_imagenet,cifar100_shared_images|stl10|svhn|tiny_imagenet,8,4,0.5,0.845652180051674,0.845652180051674,0.0,0.0,0.8173344016075135,0.8173344016075135,0.0,5,5,10
clip_b32,oxford_pets,random,90,5,10,0.5,0,0.0,0,0.0,tiny_imagenet,tiny_imagenet,1,tiny_imagenet,tiny_imagenet,cifar10,cifar10,cifar10|mnist|stl10|svhn|usps,cifar10|handwritten_digits|stl10|svhn,8,4,0.5,0.845652180051674,0.8375000025256389,0.008152177526035032,0.3753129330711014,0.8173344016075135,0.8022349357604981,0.01509946584701538,5,5,10
clip_b32,oxford_pets,random,91,5,10,0.5,1,0.3333333333333333,1,0.6666666666666666,tiny_imagenet,tiny_imagenet,1,tiny_imagenet,tiny_imagenet,tiny_imagenet,tiny_imagenet,cifar100_coarse|fashion_mnist|stl10|svhn|tiny_imagenet,cifar100_shared_images|fashion_mnist|stl10|svhn|tiny_imagenet,8,5,0.375,0.845652180051674,0.845652180051674,0.0,0.0,0.8173344016075135,0.8173344016075135,0.0,5,5,10
clip_b32,oxford_pets,random,92,5,10,0.5,0,0.3333333333333333,0,0.3333333333333333,tiny_imagenet,tiny_imagenet,1,tiny_imagenet,tiny_imagenet,rendered_sst2,rendered_sst2,cifar10|mnist|rendered_sst2|stl10|svhn,cifar10|handwritten_digits|rendered_sst2|stl10|svhn,8,5,0.375,0.845652180051674,0.8396376881057369,0.006014491945937062,0.2768973818287351,0.8173344016075135,0.8039792537689209,0.013355147838592596,5,5,10
clip_b32,oxford_pets,random,93,5,10,0.5,0,0.0,0,0.3333333333333333,tiny_imagenet,tiny_imagenet,1,tiny_imagenet,tiny_imagenet,cifar100_coarse,cifar100_shared_images,cifar10|cifar100_coarse|fashion_mnist|mnist|usps,cifar10|cifar100_shared_images|fashion_mnist|handwritten_digits,8,4,0.5,0.845652180051674,0.8378623266755671,0.007789853376106826,0.358632121226933,0.8173344016075135,0.7962387561798095,0.021095645427703924,5,5,10
clip_b32,oxford_pets,random,94,5,10,0.5,1,0.6666666666666666,1,0.6666666666666666,tiny_imagenet,tiny_imagenet,1,tiny_imagenet,tiny_imagenet,tiny_imagenet,tiny_imagenet,cifar10|fashion_mnist|mnist|rendered_sst2|tiny_imagenet,cifar10|fashion_mnist|handwritten_digits|rendered_sst2|tiny_imagenet,8,5,0.375,0.845652180051674,0.845652180051674,0.0,0.0,0.8173344016075135,0.8173344016075135,0.0,5,5,10
clip_b32,oxford_pets,random,95,5,10,0.5,1,0.6666666666666666,1,0.6666666666666666,tiny_imagenet,tiny_imagenet,1,tiny_imagenet,tiny_imagenet,tiny_imagenet,tiny_imagenet,cifar10|mnist|rendered_sst2|stl10|tiny_imagenet,cifar10|handwritten_digits|rendered_sst2|stl10|tiny_imagenet,8,5,0.375,0.845652180051674,0.845652180051674,0.0,0.0,0.8173344016075135,0.8173344016075135,0.0,5,5,10
clip_b32,oxford_pets,random,96,5,10,0.5,1,0.6666666666666666,1,0.6666666666666666,tiny_imagenet,tiny_imagenet,1,tiny_imagenet,tiny_imagenet,tiny_imagenet,tiny_imagenet,cifar100|fashion_mnist|stl10|svhn|tiny_imagenet,cifar100_shared_images|fashion_mnist|stl10|svhn|tiny_imagenet,8,5,0.375,0.845652180051674,0.845652180051674,0.0,0.0,0.8173344016075135,0.8173344016075135,0.0,5,5,10
clip_b32,oxford_pets,random,97,5,10,0.5,1,0.6666666666666666,1,0.6666666666666666,tiny_imagenet,tiny_imagenet,1,tiny_imagenet,tiny_imagenet,tiny_imagenet,tiny_imagenet,mnist|rendered_sst2|stl10|svhn|tiny_imagenet,handwritten_digits|rendered_sst2|stl10|svhn|tiny_imagenet,8,5,0.375,0.845652180051674,0.845652180051674,0.0,0.0,0.8173344016075135,0.8173344016075135,0.0,5,5,10
clip_b32,oxford_pets,random,98,5,10,0.5,0,0.3333333333333333,0,0.3333333333333333,tiny_imagenet,tiny_imagenet,1,tiny_imagenet,tiny_imagenet,cifar100,cifar100_shared_images,cifar10|cifar100|cifar100_coarse|stl10|svhn,cifar10|cifar100_shared_images|stl10|svhn,8,4,0.5,0.845652180051674,0.8430797170070203,0.002572463044653639,0.11843199530709338,0.8173344016075135,0.8128645062446594,0.004469895362854026,5,5,10
clip_b32,oxford_pets,random,99,5,10,0.5,1,0.6666666666666666,1,0.6666666666666666,tiny_imagenet,tiny_imagenet,1,tiny_imagenet,tiny_imagenet,tiny_imagenet,tiny_imagenet,cifar10|cifar100|fashion_mnist|svhn|tiny_imagenet,cifar10|cifar100_shared_images|fashion_mnist|svhn|tiny_imagenet,8,5,0.375,0.845652180051674,0.845652180051674,0.0,0.0,0.8173344016075135,0.8173344016075135,0.0,5,5,10
