encoder,target,method,replicate,shortlist_size,candidate_count,removed_fraction,best_candidate_recall,top3_candidate_recall,oracle_source,oracle_sources,oracle_source_count,selected_source,shortlist,oracle_validation_accuracy,selected_validation_accuracy,validation_regret,normalized_validation_regret,oracle_selected_test_accuracy,selected_test_accuracy,test_regret_vs_exhaustive_validation_selection,adapter_seeds,stage2_evaluations,exhaustive_stage2_evaluations
resnet50,beans,rank_only,-1,3,21,0.8571428571428572,0,0.0,rendered_sst2,rendered_sst2,1,tiny_imagenet,tiny_imagenet|cifar100_coarse|cifar100,0.8826923608779907,0.869230842590332,0.013461518287658736,0.3111107437697772,0.86875,0.853125,0.015625,5,3,21
resnet50,beans,facility_subspace,-1,3,21,0.8571428571428572,0,0.3333333333333333,rendered_sst2,rendered_sst2,1,organcmnist,organcmnist|cifar100|svhn,0.8826923608779907,0.8730770111083984,0.00961534976959233,0.22222148753955337,0.86875,0.8578125,0.010937500000000044,5,3,21
resnet50,beans,kcenter_subspace,-1,3,21,0.8571428571428572,1,0.3333333333333333,rendered_sst2,rendered_sst2,1,rendered_sst2,tiny_imagenet|rendered_sst2|usps,0.8826923608779907,0.8826923608779907,0.0,0.0,0.86875,0.86875,0.0,5,3,21
resnet50,beans,dpp_subspace,-1,3,21,0.8571428571428572,0,0.0,rendered_sst2,rendered_sst2,1,tiny_imagenet,tiny_imagenet|stl10|cifar100_coarse,0.8826923608779907,0.869230842590332,0.013461518287658736,0.3111107437697772,0.86875,0.853125,0.015625,5,3,21
resnet50,beans,pool_vendi_subspace,-1,3,21,0.8571428571428572,1,0.3333333333333333,rendered_sst2,rendered_sst2,1,rendered_sst2,tiny_imagenet|rendered_sst2|usps,0.8826923608779907,0.8826923608779907,0.0,0.0,0.86875,0.86875,0.0,5,3,21
resnet50,beans,full_merged_rank,-1,3,21,0.8571428571428572,0,0.0,rendered_sst2,rendered_sst2,1,tiny_imagenet,tiny_imagenet|stl10|cifar100_coarse,0.8826923608779907,0.869230842590332,0.013461518287658736,0.3111107437697772,0.86875,0.853125,0.015625,5,3,21
resnet50,beans,random,0,3,21,0.8571428571428572,0,0.0,rendered_sst2,rendered_sst2,1,breastmnist,breastmnist|cifar100|dermamnist,0.8826923608779907,0.8721154451370239,0.010576915740966863,0.24444435260911224,0.86875,0.875,-0.006249999999999978,5,3,21
resnet50,beans,random,1,3,21,0.8571428571428572,0,0.0,rendered_sst2,rendered_sst2,1,pathmnist,mnist|pathmnist|svhn,0.8826923608779907,0.8615385174751282,0.021153843402862527,0.4888889807242221,0.86875,0.8671875,0.0015625000000000222,5,3,21
resnet50,beans,random,2,3,21,0.8571428571428572,0,0.0,rendered_sst2,rendered_sst2,1,stl10,cifar100_coarse|pathmnist|stl10,0.8826923608779907,0.8625000715255737,0.020192289352417014,0.466666391160666,0.86875,0.8984375,-0.029687499999999978,5,3,21
resnet50,beans,random,3,3,21,0.8571428571428572,0,0.0,rendered_sst2,rendered_sst2,1,breastmnist,breastmnist|cifar10|tissuemnist,0.8826923608779907,0.8721154451370239,0.010576915740966863,0.24444435260911224,0.86875,0.875,-0.006249999999999978,5,3,21
resnet50,beans,random,4,3,21,0.8571428571428572,0,0.3333333333333333,rendered_sst2,rendered_sst2,1,organcmnist,bloodmnist|breastmnist|organcmnist,0.8826923608779907,0.8730770111083984,0.00961534976959233,0.22222148753955337,0.86875,0.8578125,0.010937500000000044,5,3,21
resnet50,beans,random,5,3,21,0.8571428571428572,0,0.0,rendered_sst2,rendered_sst2,1,cifar10,bloodmnist|cifar10|octmnist,0.8826923608779907,0.8625000596046448,0.020192301273345925,0.4666666666666662,0.86875,0.8859375,-0.017187500000000022,5,3,21
resnet50,beans,random,6,3,21,0.8571428571428572,0,0.0,rendered_sst2,rendered_sst2,1,stl10,fashion_mnist|stl10|usps,0.8826923608779907,0.8625000715255737,0.020192289352417014,0.466666391160666,0.86875,0.8984375,-0.029687499999999978,5,3,21
resnet50,beans,random,7,3,21,0.8571428571428572,0,0.3333333333333333,rendered_sst2,rendered_sst2,1,pneumoniamnist,bloodmnist|dermamnist|pneumoniamnist,0.8826923608779907,0.8759616017341614,0.006730759143829368,0.1555553718848886,0.86875,0.8859375,-0.017187500000000022,5,3,21
resnet50,beans,random,8,3,21,0.8571428571428572,0,0.0,rendered_sst2,rendered_sst2,1,organamnist,mnist|organamnist|svhn,0.8826923608779907,0.8701923966407776,0.012499964237213113,0.2888881542062185,0.86875,0.8640625,0.004687500000000067,5,3,21
resnet50,beans,random,9,3,21,0.8571428571428572,0,0.0,rendered_sst2,rendered_sst2,1,breastmnist,bloodmnist|breastmnist|cifar10,0.8826923608779907,0.8721154451370239,0.010576915740966863,0.24444435260911224,0.86875,0.875,-0.006249999999999978,5,3,21
resnet50,beans,random,10,3,21,0.8571428571428572,0,0.0,rendered_sst2,rendered_sst2,1,tiny_imagenet,bloodmnist|cifar100|tiny_imagenet,0.8826923608779907,0.869230842590332,0.013461518287658736,0.3111107437697772,0.86875,0.853125,0.015625,5,3,21
resnet50,beans,random,11,3,21,0.8571428571428572,0,0.3333333333333333,rendered_sst2,rendered_sst2,1,pneumoniamnist,dermamnist|organsmnist|pneumoniamnist,0.8826923608779907,0.8759616017341614,0.006730759143829368,0.1555553718848886,0.86875,0.8859375,-0.017187500000000022,5,3,21
resnet50,beans,random,12,3,21,0.8571428571428572,0,0.0,rendered_sst2,rendered_sst2,1,pathmnist,bloodmnist|cifar100_coarse|pathmnist,0.8826923608779907,0.8615385174751282,0.021153843402862527,0.4888889807242221,0.86875,0.8671875,0.0015625000000000222,5,3,21
resnet50,beans,random,13,3,21,0.8571428571428572,0,0.0,rendered_sst2,rendered_sst2,1,organamnist,cifar10|dermamnist|organamnist,0.8826923608779907,0.8701923966407776,0.012499964237213113,0.2888881542062185,0.86875,0.8640625,0.004687500000000067,5,3,21
resnet50,beans,random,14,3,21,0.8571428571428572,0,0.3333333333333333,rendered_sst2,rendered_sst2,1,pneumoniamnist,pneumoniamnist|retinamnist|tissuemnist,0.8826923608779907,0.8759616017341614,0.006730759143829368,0.1555553718848886,0.86875,0.8859375,-0.017187500000000022,5,3,21
resnet50,beans,random,15,3,21,0.8571428571428572,0,0.3333333333333333,rendered_sst2,rendered_sst2,1,organcmnist,dermamnist|organcmnist|usps,0.8826923608779907,0.8730770111083984,0.00961534976959233,0.22222148753955337,0.86875,0.8578125,0.010937500000000044,5,3,21
resnet50,beans,random,16,3,21,0.8571428571428572,0,0.0,rendered_sst2,rendered_sst2,1,breastmnist,breastmnist|organsmnist|pathmnist,0.8826923608779907,0.8721154451370239,0.010576915740966863,0.24444435260911224,0.86875,0.875,-0.006249999999999978,5,3,21
resnet50,beans,random,17,3,21,0.8571428571428572,1,0.3333333333333333,rendered_sst2,rendered_sst2,1,rendered_sst2,mnist|rendered_sst2|stl10,0.8826923608779907,0.8826923608779907,0.0,0.0,0.86875,0.86875,0.0,5,3,21
resnet50,beans,random,18,3,21,0.8571428571428572,0,0.3333333333333333,rendered_sst2,rendered_sst2,1,organcmnist,cifar100|organcmnist|usps,0.8826923608779907,0.8730770111083984,0.00961534976959233,0.22222148753955337,0.86875,0.8578125,0.010937500000000044,5,3,21
resnet50,beans,random,19,3,21,0.8571428571428572,0,0.0,rendered_sst2,rendered_sst2,1,breastmnist,breastmnist|fashion_mnist|organsmnist,0.8826923608779907,0.8721154451370239,0.010576915740966863,0.24444435260911224,0.86875,0.875,-0.006249999999999978,5,3,21
resnet50,beans,random,20,3,21,0.8571428571428572,0,0.3333333333333333,rendered_sst2,rendered_sst2,1,organcmnist,cifar10|cifar100_coarse|organcmnist,0.8826923608779907,0.8730770111083984,0.00961534976959233,0.22222148753955337,0.86875,0.8578125,0.010937500000000044,5,3,21
resnet50,beans,random,21,3,21,0.8571428571428572,0,0.3333333333333333,rendered_sst2,rendered_sst2,1,organcmnist,cifar100|dermamnist|organcmnist,0.8826923608779907,0.8730770111083984,0.00961534976959233,0.22222148753955337,0.86875,0.8578125,0.010937500000000044,5,3,21
resnet50,beans,random,22,3,21,0.8571428571428572,0,0.0,rendered_sst2,rendered_sst2,1,breastmnist,breastmnist|cifar100|stl10,0.8826923608779907,0.8721154451370239,0.010576915740966863,0.24444435260911224,0.86875,0.875,-0.006249999999999978,5,3,21
resnet50,beans,random,23,3,21,0.8571428571428572,0,0.0,rendered_sst2,rendered_sst2,1,octmnist,octmnist|retinamnist|svhn,0.8826923608779907,0.8528846621513366,0.02980769872665412,0.6888892562302253,0.86875,0.878125,-0.009375000000000022,5,3,21
resnet50,beans,random,24,3,21,0.8571428571428572,0,0.3333333333333333,rendered_sst2,rendered_sst2,1,organcmnist,cifar10|cifar100_coarse|organcmnist,0.8826923608779907,0.8730770111083984,0.00961534976959233,0.22222148753955337,0.86875,0.8578125,0.010937500000000044,5,3,21
resnet50,beans,random,25,3,21,0.8571428571428572,0,0.0,rendered_sst2,rendered_sst2,1,pathmnist,cifar100|octmnist|pathmnist,0.8826923608779907,0.8615385174751282,0.021153843402862527,0.4888889807242221,0.86875,0.8671875,0.0015625000000000222,5,3,21
resnet50,beans,random,26,3,21,0.8571428571428572,0,0.3333333333333333,rendered_sst2,rendered_sst2,1,pneumoniamnist,bloodmnist|cifar100|pneumoniamnist,0.8826923608779907,0.8759616017341614,0.006730759143829368,0.1555553718848886,0.86875,0.8859375,-0.017187500000000022,5,3,21
resnet50,beans,random,27,3,21,0.8571428571428572,0,0.3333333333333333,rendered_sst2,rendered_sst2,1,organcmnist,organcmnist|tiny_imagenet|tissuemnist,0.8826923608779907,0.8730770111083984,0.00961534976959233,0.22222148753955337,0.86875,0.8578125,0.010937500000000044,5,3,21
resnet50,beans,random,28,3,21,0.8571428571428572,0,0.3333333333333333,rendered_sst2,rendered_sst2,1,organcmnist,cifar100|fashion_mnist|organcmnist,0.8826923608779907,0.8730770111083984,0.00961534976959233,0.22222148753955337,0.86875,0.8578125,0.010937500000000044,5,3,21
resnet50,beans,random,29,3,21,0.8571428571428572,0,0.0,rendered_sst2,rendered_sst2,1,cifar10,cifar10|dermamnist|mnist,0.8826923608779907,0.8625000596046448,0.020192301273345925,0.4666666666666662,0.86875,0.8859375,-0.017187500000000022,5,3,21
resnet50,beans,random,30,3,21,0.8571428571428572,1,0.3333333333333333,rendered_sst2,rendered_sst2,1,rendered_sst2,rendered_sst2|tissuemnist|usps,0.8826923608779907,0.8826923608779907,0.0,0.0,0.86875,0.86875,0.0,5,3,21
resnet50,beans,random,31,3,21,0.8571428571428572,0,0.0,rendered_sst2,rendered_sst2,1,pathmnist,cifar100_coarse|dermamnist|pathmnist,0.8826923608779907,0.8615385174751282,0.021153843402862527,0.4888889807242221,0.86875,0.8671875,0.0015625000000000222,5,3,21
resnet50,beans,random,32,3,21,0.8571428571428572,0,0.0,rendered_sst2,rendered_sst2,1,breastmnist,breastmnist|pathmnist|svhn,0.8826923608779907,0.8721154451370239,0.010576915740966863,0.24444435260911224,0.86875,0.875,-0.006249999999999978,5,3,21
resnet50,beans,random,33,3,21,0.8571428571428572,0,0.0,rendered_sst2,rendered_sst2,1,bloodmnist,bloodmnist|cifar100_coarse|mnist,0.8826923608779907,0.8500000715255738,0.03269228935241697,0.7555553718848875,0.86875,0.871875,-0.0031249999999999334,5,3,21
resnet50,beans,random,34,3,21,0.8571428571428572,0,0.0,rendered_sst2,rendered_sst2,1,organsmnist,cifar10|cifar100_coarse|organsmnist,0.8826923608779907,0.8663462162017822,0.01634614467620854,0.37777768594244504,0.86875,0.8671875,0.0015625000000000222,5,3,21
resnet50,beans,random,35,3,21,0.8571428571428572,1,0.3333333333333333,rendered_sst2,rendered_sst2,1,rendered_sst2,pathmnist|rendered_sst2|stl10,0.8826923608779907,0.8826923608779907,0.0,0.0,0.86875,0.86875,0.0,5,3,21
resnet50,beans,random,36,3,21,0.8571428571428572,0,0.3333333333333333,rendered_sst2,rendered_sst2,1,organcmnist,bloodmnist|cifar100|organcmnist,0.8826923608779907,0.8730770111083984,0.00961534976959233,0.22222148753955337,0.86875,0.8578125,0.010937500000000044,5,3,21
resnet50,beans,random,37,3,21,0.8571428571428572,1,0.3333333333333333,rendered_sst2,rendered_sst2,1,rendered_sst2,mnist|octmnist|rendered_sst2,0.8826923608779907,0.8826923608779907,0.0,0.0,0.86875,0.86875,0.0,5,3,21
resnet50,beans,random,38,3,21,0.8571428571428572,0,0.0,rendered_sst2,rendered_sst2,1,fashion_mnist,cifar100_coarse|fashion_mnist|mnist,0.8826923608779907,0.8596154570579528,0.02307690382003791,0.5333330578273336,0.86875,0.8828125,-0.014062499999999978,5,3,21
resnet50,beans,random,39,3,21,0.8571428571428572,0,0.3333333333333333,rendered_sst2,rendered_sst2,1,pneumoniamnist,pathmnist|pneumoniamnist|tiny_imagenet,0.8826923608779907,0.8759616017341614,0.006730759143829368,0.1555553718848886,0.86875,0.8859375,-0.017187500000000022,5,3,21
resnet50,beans,random,40,3,21,0.8571428571428572,0,0.0,rendered_sst2,rendered_sst2,1,breastmnist,breastmnist|cifar10|tissuemnist,0.8826923608779907,0.8721154451370239,0.010576915740966863,0.24444435260911224,0.86875,0.875,-0.006249999999999978,5,3,21
resnet50,beans,random,41,3,21,0.8571428571428572,0,0.3333333333333333,rendered_sst2,rendered_sst2,1,pneumoniamnist,pneumoniamnist|retinamnist|svhn,0.8826923608779907,0.8759616017341614,0.006730759143829368,0.1555553718848886,0.86875,0.8859375,-0.017187500000000022,5,3,21
resnet50,beans,random,42,3,21,0.8571428571428572,0,0.0,rendered_sst2,rendered_sst2,1,cifar10,cifar10|fashion_mnist|svhn,0.8826923608779907,0.8625000596046448,0.020192301273345925,0.4666666666666662,0.86875,0.8859375,-0.017187500000000022,5,3,21
resnet50,beans,random,43,3,21,0.8571428571428572,0,0.3333333333333333,rendered_sst2,rendered_sst2,1,organcmnist,dermamnist|organcmnist|tiny_imagenet,0.8826923608779907,0.8730770111083984,0.00961534976959233,0.22222148753955337,0.86875,0.8578125,0.010937500000000044,5,3,21
resnet50,beans,random,44,3,21,0.8571428571428572,0,0.0,rendered_sst2,rendered_sst2,1,tissuemnist,bloodmnist|stl10|tissuemnist,0.8826923608779907,0.864423143863678,0.018269217014312722,0.4222220385515542,0.86875,0.865625,0.0031250000000000444,5,3,21
resnet50,beans,random,45,3,21,0.8571428571428572,0,0.3333333333333333,rendered_sst2,rendered_sst2,1,pneumoniamnist,breastmnist|organsmnist|pneumoniamnist,0.8826923608779907,0.8759616017341614,0.006730759143829368,0.1555553718848886,0.86875,0.8859375,-0.017187500000000022,5,3,21
resnet50,beans,random,46,3,21,0.8571428571428572,0,0.0,rendered_sst2,rendered_sst2,1,tiny_imagenet,octmnist|retinamnist|tiny_imagenet,0.8826923608779907,0.869230842590332,0.013461518287658736,0.3111107437697772,0.86875,0.853125,0.015625,5,3,21
resnet50,beans,random,47,3,21,0.8571428571428572,0,0.0,rendered_sst2,rendered_sst2,1,stl10,fashion_mnist|pathmnist|stl10,0.8826923608779907,0.8625000715255737,0.020192289352417014,0.466666391160666,0.86875,0.8984375,-0.029687499999999978,5,3,21
resnet50,beans,random,48,3,21,0.8571428571428572,0,0.0,rendered_sst2,rendered_sst2,1,stl10,cifar100_coarse|mnist|stl10,0.8826923608779907,0.8625000715255737,0.020192289352417014,0.466666391160666,0.86875,0.8984375,-0.029687499999999978,5,3,21
resnet50,beans,random,49,3,21,0.8571428571428572,0,0.0,rendered_sst2,rendered_sst2,1,tissuemnist,octmnist|svhn|tissuemnist,0.8826923608779907,0.864423143863678,0.018269217014312722,0.4222220385515542,0.86875,0.865625,0.0031250000000000444,5,3,21
resnet50,beans,random,50,3,21,0.8571428571428572,0,0.0,rendered_sst2,rendered_sst2,1,organamnist,cifar10|cifar100_coarse|organamnist,0.8826923608779907,0.8701923966407776,0.012499964237213113,0.2888881542062185,0.86875,0.8640625,0.004687500000000067,5,3,21
resnet50,beans,random,51,3,21,0.8571428571428572,0,0.0,rendered_sst2,rendered_sst2,1,stl10,cifar10|stl10|usps,0.8826923608779907,0.8625000715255737,0.020192289352417014,0.466666391160666,0.86875,0.8984375,-0.029687499999999978,5,3,21
resnet50,beans,random,52,3,21,0.8571428571428572,0,0.0,rendered_sst2,rendered_sst2,1,pathmnist,octmnist|pathmnist|retinamnist,0.8826923608779907,0.8615385174751282,0.021153843402862527,0.4888889807242221,0.86875,0.8671875,0.0015625000000000222,5,3,21
resnet50,beans,random,53,3,21,0.8571428571428572,0,0.0,rendered_sst2,rendered_sst2,1,tissuemnist,cifar100|stl10|tissuemnist,0.8826923608779907,0.864423143863678,0.018269217014312722,0.4222220385515542,0.86875,0.865625,0.0031250000000000444,5,3,21
resnet50,beans,random,54,3,21,0.8571428571428572,1,0.3333333333333333,rendered_sst2,rendered_sst2,1,rendered_sst2,octmnist|rendered_sst2|svhn,0.8826923608779907,0.8826923608779907,0.0,0.0,0.86875,0.86875,0.0,5,3,21
resnet50,beans,random,55,3,21,0.8571428571428572,0,0.0,rendered_sst2,rendered_sst2,1,organamnist,mnist|octmnist|organamnist,0.8826923608779907,0.8701923966407776,0.012499964237213113,0.2888881542062185,0.86875,0.8640625,0.004687500000000067,5,3,21
resnet50,beans,random,56,3,21,0.8571428571428572,0,0.0,rendered_sst2,rendered_sst2,1,organamnist,octmnist|organamnist|tiny_imagenet,0.8826923608779907,0.8701923966407776,0.012499964237213113,0.2888881542062185,0.86875,0.8640625,0.004687500000000067,5,3,21
resnet50,beans,random,57,3,21,0.8571428571428572,1,0.3333333333333333,rendered_sst2,rendered_sst2,1,rendered_sst2,mnist|rendered_sst2|retinamnist,0.8826923608779907,0.8826923608779907,0.0,0.0,0.86875,0.86875,0.0,5,3,21
resnet50,beans,random,58,3,21,0.8571428571428572,0,0.0,rendered_sst2,rendered_sst2,1,organsmnist,organsmnist|svhn|usps,0.8826923608779907,0.8663462162017822,0.01634614467620854,0.37777768594244504,0.86875,0.8671875,0.0015625000000000222,5,3,21
resnet50,beans,random,59,3,21,0.8571428571428572,0,0.0,rendered_sst2,rendered_sst2,1,pathmnist,dermamnist|pathmnist|retinamnist,0.8826923608779907,0.8615385174751282,0.021153843402862527,0.4888889807242221,0.86875,0.8671875,0.0015625000000000222,5,3,21
resnet50,beans,random,60,3,21,0.8571428571428572,0,0.0,rendered_sst2,rendered_sst2,1,organamnist,cifar100_coarse|dermamnist|organamnist,0.8826923608779907,0.8701923966407776,0.012499964237213113,0.2888881542062185,0.86875,0.8640625,0.004687500000000067,5,3,21
resnet50,beans,random,61,3,21,0.8571428571428572,0,0.0,rendered_sst2,rendered_sst2,1,usps,cifar10|svhn|usps,0.8826923608779907,0.8625000715255737,0.020192289352417014,0.466666391160666,0.86875,0.8953125,-0.026562499999999933,5,3,21
resnet50,beans,random,62,3,21,0.8571428571428572,0,0.0,rendered_sst2,rendered_sst2,1,organamnist,cifar10|organamnist|tiny_imagenet,0.8826923608779907,0.8701923966407776,0.012499964237213113,0.2888881542062185,0.86875,0.8640625,0.004687500000000067,5,3,21
resnet50,beans,random,63,3,21,0.8571428571428572,0,0.0,rendered_sst2,rendered_sst2,1,cifar10,cifar10|cifar100_coarse|octmnist,0.8826923608779907,0.8625000596046448,0.020192301273345925,0.4666666666666662,0.86875,0.8859375,-0.017187500000000022,5,3,21
resnet50,beans,random,64,3,21,0.8571428571428572,0,0.3333333333333333,rendered_sst2,rendered_sst2,1,pneumoniamnist,cifar10|organsmnist|pneumoniamnist,0.8826923608779907,0.8759616017341614,0.006730759143829368,0.1555553718848886,0.86875,0.8859375,-0.017187500000000022,5,3,21
resnet50,beans,random,65,3,21,0.8571428571428572,0,0.0,rendered_sst2,rendered_sst2,1,organamnist,fashion_mnist|organamnist|tissuemnist,0.8826923608779907,0.8701923966407776,0.012499964237213113,0.2888881542062185,0.86875,0.8640625,0.004687500000000067,5,3,21
resnet50,beans,random,66,3,21,0.8571428571428572,0,0.6666666666666666,rendered_sst2,rendered_sst2,1,pneumoniamnist,fashion_mnist|organcmnist|pneumoniamnist,0.8826923608779907,0.8759616017341614,0.006730759143829368,0.1555553718848886,0.86875,0.8859375,-0.017187500000000022,5,3,21
resnet50,beans,random,67,3,21,0.8571428571428572,0,0.0,rendered_sst2,rendered_sst2,1,cifar10,bloodmnist|cifar10|dermamnist,0.8826923608779907,0.8625000596046448,0.020192301273345925,0.4666666666666662,0.86875,0.8859375,-0.017187500000000022,5,3,21
resnet50,beans,random,68,3,21,0.8571428571428572,0,0.3333333333333333,rendered_sst2,rendered_sst2,1,organcmnist,breastmnist|organamnist|organcmnist,0.8826923608779907,0.8730770111083984,0.00961534976959233,0.22222148753955337,0.86875,0.8578125,0.010937500000000044,5,3,21
resnet50,beans,random,69,3,21,0.8571428571428572,1,0.6666666666666666,rendered_sst2,rendered_sst2,1,rendered_sst2,bloodmnist|pneumoniamnist|rendered_sst2,0.8826923608779907,0.8826923608779907,0.0,0.0,0.86875,0.86875,0.0,5,3,21
resnet50,beans,random,70,3,21,0.8571428571428572,0,0.0,rendered_sst2,rendered_sst2,1,breastmnist,breastmnist|retinamnist|stl10,0.8826923608779907,0.8721154451370239,0.010576915740966863,0.24444435260911224,0.86875,0.875,-0.006249999999999978,5,3,21
resnet50,beans,random,71,3,21,0.8571428571428572,0,0.3333333333333333,rendered_sst2,rendered_sst2,1,pneumoniamnist,breastmnist|cifar100_coarse|pneumoniamnist,0.8826923608779907,0.8759616017341614,0.006730759143829368,0.1555553718848886,0.86875,0.8859375,-0.017187500000000022,5,3,21
resnet50,beans,random,72,3,21,0.8571428571428572,1,0.6666666666666666,rendered_sst2,rendered_sst2,1,rendered_sst2,organamnist|organcmnist|rendered_sst2,0.8826923608779907,0.8826923608779907,0.0,0.0,0.86875,0.86875,0.0,5,3,21
resnet50,beans,random,73,3,21,0.8571428571428572,0,0.0,rendered_sst2,rendered_sst2,1,tiny_imagenet,cifar100_coarse|fashion_mnist|tiny_imagenet,0.8826923608779907,0.869230842590332,0.013461518287658736,0.3111107437697772,0.86875,0.853125,0.015625,5,3,21
resnet50,beans,random,74,3,21,0.8571428571428572,0,0.0,rendered_sst2,rendered_sst2,1,breastmnist,breastmnist|dermamnist|fashion_mnist,0.8826923608779907,0.8721154451370239,0.010576915740966863,0.24444435260911224,0.86875,0.875,-0.006249999999999978,5,3,21
resnet50,beans,random,75,3,21,0.8571428571428572,0,0.0,rendered_sst2,rendered_sst2,1,usps,cifar10|retinamnist|usps,0.8826923608779907,0.8625000715255737,0.020192289352417014,0.466666391160666,0.86875,0.8953125,-0.026562499999999933,5,3,21
resnet50,beans,random,76,3,21,0.8571428571428572,1,0.3333333333333333,rendered_sst2,rendered_sst2,1,rendered_sst2,octmnist|organsmnist|rendered_sst2,0.8826923608779907,0.8826923608779907,0.0,0.0,0.86875,0.86875,0.0,5,3,21
resnet50,beans,random,77,3,21,0.8571428571428572,0,0.0,rendered_sst2,rendered_sst2,1,breastmnist,breastmnist|organsmnist|svhn,0.8826923608779907,0.8721154451370239,0.010576915740966863,0.24444435260911224,0.86875,0.875,-0.006249999999999978,5,3,21
resnet50,beans,random,78,3,21,0.8571428571428572,0,0.0,rendered_sst2,rendered_sst2,1,breastmnist,breastmnist|fashion_mnist|octmnist,0.8826923608779907,0.8721154451370239,0.010576915740966863,0.24444435260911224,0.86875,0.875,-0.006249999999999978,5,3,21
resnet50,beans,random,79,3,21,0.8571428571428572,0,0.0,rendered_sst2,rendered_sst2,1,tissuemnist,pathmnist|tissuemnist|usps,0.8826923608779907,0.864423143863678,0.018269217014312722,0.4222220385515542,0.86875,0.865625,0.0031250000000000444,5,3,21
resnet50,beans,random,80,3,21,0.8571428571428572,0,0.0,rendered_sst2,rendered_sst2,1,tiny_imagenet,fashion_mnist|stl10|tiny_imagenet,0.8826923608779907,0.869230842590332,0.013461518287658736,0.3111107437697772,0.86875,0.853125,0.015625,5,3,21
resnet50,beans,random,81,3,21,0.8571428571428572,0,0.3333333333333333,rendered_sst2,rendered_sst2,1,pneumoniamnist,breastmnist|pneumoniamnist|svhn,0.8826923608779907,0.8759616017341614,0.006730759143829368,0.1555553718848886,0.86875,0.8859375,-0.017187500000000022,5,3,21
resnet50,beans,random,82,3,21,0.8571428571428572,0,0.3333333333333333,rendered_sst2,rendered_sst2,1,organcmnist,breastmnist|organcmnist|tissuemnist,0.8826923608779907,0.8730770111083984,0.00961534976959233,0.22222148753955337,0.86875,0.8578125,0.010937500000000044,5,3,21
resnet50,beans,random,83,3,21,0.8571428571428572,0,0.0,rendered_sst2,rendered_sst2,1,dermamnist,cifar100|dermamnist|fashion_mnist,0.8826923608779907,0.8605769753456116,0.022115385532379128,0.5111112947817781,0.86875,0.871875,-0.0031249999999999334,5,3,21
resnet50,beans,random,84,3,21,0.8571428571428572,0,0.0,rendered_sst2,rendered_sst2,1,organamnist,dermamnist|organamnist|retinamnist,0.8826923608779907,0.8701923966407776,0.012499964237213113,0.2888881542062185,0.86875,0.8640625,0.004687500000000067,5,3,21
resnet50,beans,random,85,3,21,0.8571428571428572,0,0.3333333333333333,rendered_sst2,rendered_sst2,1,organcmnist,cifar100_coarse|octmnist|organcmnist,0.8826923608779907,0.8730770111083984,0.00961534976959233,0.22222148753955337,0.86875,0.8578125,0.010937500000000044,5,3,21
resnet50,beans,random,86,3,21,0.8571428571428572,0,0.0,rendered_sst2,rendered_sst2,1,organsmnist,mnist|octmnist|organsmnist,0.8826923608779907,0.8663462162017822,0.01634614467620854,0.37777768594244504,0.86875,0.8671875,0.0015625000000000222,5,3,21
resnet50,beans,random,87,3,21,0.8571428571428572,0,0.0,rendered_sst2,rendered_sst2,1,cifar10,cifar10|fashion_mnist|svhn,0.8826923608779907,0.8625000596046448,0.020192301273345925,0.4666666666666662,0.86875,0.8859375,-0.017187500000000022,5,3,21
resnet50,beans,random,88,3,21,0.8571428571428572,0,0.3333333333333333,rendered_sst2,rendered_sst2,1,organcmnist,breastmnist|mnist|organcmnist,0.8826923608779907,0.8730770111083984,0.00961534976959233,0.22222148753955337,0.86875,0.8578125,0.010937500000000044,5,3,21
resnet50,beans,random,89,3,21,0.8571428571428572,0,0.0,rendered_sst2,rendered_sst2,1,tiny_imagenet,dermamnist|fashion_mnist|tiny_imagenet,0.8826923608779907,0.869230842590332,0.013461518287658736,0.3111107437697772,0.86875,0.853125,0.015625,5,3,21
resnet50,beans,random,90,3,21,0.8571428571428572,1,0.3333333333333333,rendered_sst2,rendered_sst2,1,rendered_sst2,fashion_mnist|octmnist|rendered_sst2,0.8826923608779907,0.8826923608779907,0.0,0.0,0.86875,0.86875,0.0,5,3,21
resnet50,beans,random,91,3,21,0.8571428571428572,0,0.0,rendered_sst2,rendered_sst2,1,cifar100,cifar100|octmnist|svhn,0.8826923608779907,0.8528846621513366,0.02980769872665412,0.6888892562302253,0.86875,0.884375,-0.015625,5,3,21
resnet50,beans,random,92,3,21,0.8571428571428572,0,0.0,rendered_sst2,rendered_sst2,1,organsmnist,dermamnist|organsmnist|pathmnist,0.8826923608779907,0.8663462162017822,0.01634614467620854,0.37777768594244504,0.86875,0.8671875,0.0015625000000000222,5,3,21
resnet50,beans,random,93,3,21,0.8571428571428572,1,0.3333333333333333,rendered_sst2,rendered_sst2,1,rendered_sst2,dermamnist|rendered_sst2|tiny_imagenet,0.8826923608779907,0.8826923608779907,0.0,0.0,0.86875,0.86875,0.0,5,3,21
resnet50,beans,random,94,3,21,0.8571428571428572,0,0.3333333333333333,rendered_sst2,rendered_sst2,1,pneumoniamnist,mnist|pneumoniamnist|svhn,0.8826923608779907,0.8759616017341614,0.006730759143829368,0.1555553718848886,0.86875,0.8859375,-0.017187500000000022,5,3,21
resnet50,beans,random,95,3,21,0.8571428571428572,0,0.3333333333333333,rendered_sst2,rendered_sst2,1,pneumoniamnist,cifar100|dermamnist|pneumoniamnist,0.8826923608779907,0.8759616017341614,0.006730759143829368,0.1555553718848886,0.86875,0.8859375,-0.017187500000000022,5,3,21
resnet50,beans,random,96,3,21,0.8571428571428572,0,0.3333333333333333,rendered_sst2,rendered_sst2,1,pneumoniamnist,organamnist|pneumoniamnist|usps,0.8826923608779907,0.8759616017341614,0.006730759143829368,0.1555553718848886,0.86875,0.8859375,-0.017187500000000022,5,3,21
resnet50,beans,random,97,3,21,0.8571428571428572,0,0.3333333333333333,rendered_sst2,rendered_sst2,1,pneumoniamnist,pneumoniamnist|stl10|tissuemnist,0.8826923608779907,0.8759616017341614,0.006730759143829368,0.1555553718848886,0.86875,0.8859375,-0.017187500000000022,5,3,21
resnet50,beans,random,98,3,21,0.8571428571428572,0,0.3333333333333333,rendered_sst2,rendered_sst2,1,organcmnist,bloodmnist|organcmnist|pathmnist,0.8826923608779907,0.8730770111083984,0.00961534976959233,0.22222148753955337,0.86875,0.8578125,0.010937500000000044,5,3,21
resnet50,beans,random,99,3,21,0.8571428571428572,0,0.0,rendered_sst2,rendered_sst2,1,organamnist,cifar10|cifar100_coarse|organamnist,0.8826923608779907,0.8701923966407776,0.012499964237213113,0.2888881542062185,0.86875,0.8640625,0.004687500000000067,5,3,21
resnet50,beans,rank_only,-1,5,21,0.7619047619047619,0,0.0,rendered_sst2,rendered_sst2,1,tiny_imagenet,tiny_imagenet|cifar100_coarse|cifar100|stl10|cifar10,0.8826923608779907,0.869230842590332,0.013461518287658736,0.3111107437697772,0.86875,0.853125,0.015625,5,5,21
resnet50,beans,facility_subspace,-1,5,21,0.7619047619047619,1,0.6666666666666666,rendered_sst2,rendered_sst2,1,rendered_sst2,organcmnist|cifar100|svhn|rendered_sst2|retinamnist,0.8826923608779907,0.8826923608779907,0.0,0.0,0.86875,0.86875,0.0,5,5,21
resnet50,beans,kcenter_subspace,-1,5,21,0.7619047619047619,1,0.3333333333333333,rendered_sst2,rendered_sst2,1,rendered_sst2,tiny_imagenet|rendered_sst2|usps|retinamnist|pathmnist,0.8826923608779907,0.8826923608779907,0.0,0.0,0.86875,0.86875,0.0,5,5,21
resnet50,beans,dpp_subspace,-1,5,21,0.7619047619047619,0,0.0,rendered_sst2,rendered_sst2,1,tiny_imagenet,tiny_imagenet|stl10|cifar100_coarse|cifar10|organsmnist,0.8826923608779907,0.869230842590332,0.013461518287658736,0.3111107437697772,0.86875,0.853125,0.015625,5,5,21
resnet50,beans,pool_vendi_subspace,-1,5,21,0.7619047619047619,1,0.3333333333333333,rendered_sst2,rendered_sst2,1,rendered_sst2,tiny_imagenet|rendered_sst2|usps|retinamnist|pathmnist,0.8826923608779907,0.8826923608779907,0.0,0.0,0.86875,0.86875,0.0,5,5,21
resnet50,beans,full_merged_rank,-1,5,21,0.7619047619047619,0,0.0,rendered_sst2,rendered_sst2,1,tiny_imagenet,tiny_imagenet|stl10|cifar100_coarse|cifar100|cifar10,0.8826923608779907,0.869230842590332,0.013461518287658736,0.3111107437697772,0.86875,0.853125,0.015625,5,5,21
resnet50,beans,random,0,5,21,0.7619047619047619,0,0.0,rendered_sst2,rendered_sst2,1,breastmnist,bloodmnist|breastmnist|mnist|tiny_imagenet|usps,0.8826923608779907,0.8721154451370239,0.010576915740966863,0.24444435260911224,0.86875,0.875,-0.006249999999999978,5,5,21
resnet50,beans,random,1,5,21,0.7619047619047619,1,0.3333333333333333,rendered_sst2,rendered_sst2,1,rendered_sst2,cifar10|dermamnist|organamnist|organsmnist|rendered_sst2,0.8826923608779907,0.8826923608779907,0.0,0.0,0.86875,0.86875,0.0,5,5,21
resnet50,beans,random,2,5,21,0.7619047619047619,0,0.0,rendered_sst2,rendered_sst2,1,breastmnist,breastmnist|cifar10|mnist|organsmnist|usps,0.8826923608779907,0.8721154451370239,0.010576915740966863,0.24444435260911224,0.86875,0.875,-0.006249999999999978,5,5,21
resnet50,beans,random,3,5,21,0.7619047619047619,0,0.0,rendered_sst2,rendered_sst2,1,breastmnist,breastmnist|cifar100|stl10|tissuemnist|usps,0.8826923608779907,0.8721154451370239,0.010576915740966863,0.24444435260911224,0.86875,0.875,-0.006249999999999978,5,5,21
resnet50,beans,random,4,5,21,0.7619047619047619,0,0.0,rendered_sst2,rendered_sst2,1,tiny_imagenet,bloodmnist|organsmnist|retinamnist|tiny_imagenet|tissuemnist,0.8826923608779907,0.869230842590332,0.013461518287658736,0.3111107437697772,0.86875,0.853125,0.015625,5,5,21
resnet50,beans,random,5,5,21,0.7619047619047619,1,0.3333333333333333,rendered_sst2,rendered_sst2,1,rendered_sst2,breastmnist|organamnist|organsmnist|rendered_sst2|retinamnist,0.8826923608779907,0.8826923608779907,0.0,0.0,0.86875,0.86875,0.0,5,5,21
resnet50,beans,random,6,5,21,0.7619047619047619,1,0.3333333333333333,rendered_sst2,rendered_sst2,1,rendered_sst2,breastmnist|cifar10|fashion_mnist|rendered_sst2|stl10,0.8826923608779907,0.8826923608779907,0.0,0.0,0.86875,0.86875,0.0,5,5,21
resnet50,beans,random,7,5,21,0.7619047619047619,0,0.6666666666666666,rendered_sst2,rendered_sst2,1,pneumoniamnist,cifar100_coarse|octmnist|organcmnist|pneumoniamnist|svhn,0.8826923608779907,0.8759616017341614,0.006730759143829368,0.1555553718848886,0.86875,0.8859375,-0.017187500000000022,5,5,21
resnet50,beans,random,8,5,21,0.7619047619047619,0,0.0,rendered_sst2,rendered_sst2,1,organamnist,cifar10|fashion_mnist|octmnist|organamnist|tiny_imagenet,0.8826923608779907,0.8701923966407776,0.012499964237213113,0.2888881542062185,0.86875,0.8640625,0.004687500000000067,5,5,21
resnet50,beans,random,9,5,21,0.7619047619047619,0,0.0,rendered_sst2,rendered_sst2,1,breastmnist,breastmnist|cifar10|cifar100|pathmnist|usps,0.8826923608779907,0.8721154451370239,0.010576915740966863,0.24444435260911224,0.86875,0.875,-0.006249999999999978,5,5,21
resnet50,beans,random,10,5,21,0.7619047619047619,1,0.3333333333333333,rendered_sst2,rendered_sst2,1,rendered_sst2,breastmnist|fashion_mnist|mnist|pathmnist|rendered_sst2,0.8826923608779907,0.8826923608779907,0.0,0.0,0.86875,0.86875,0.0,5,5,21
resnet50,beans,random,11,5,21,0.7619047619047619,0,0.3333333333333333,rendered_sst2,rendered_sst2,1,pneumoniamnist,cifar100|organsmnist|pneumoniamnist|retinamnist|usps,0.8826923608779907,0.8759616017341614,0.006730759143829368,0.1555553718848886,0.86875,0.8859375,-0.017187500000000022,5,5,21
resnet50,beans,random,12,5,21,0.7619047619047619,0,0.3333333333333333,rendered_sst2,rendered_sst2,1,pneumoniamnist,dermamnist|organamnist|pneumoniamnist|retinamnist|tissuemnist,0.8826923608779907,0.8759616017341614,0.006730759143829368,0.1555553718848886,0.86875,0.8859375,-0.017187500000000022,5,5,21
resnet50,beans,random,13,5,21,0.7619047619047619,0,0.6666666666666666,rendered_sst2,rendered_sst2,1,pneumoniamnist,cifar10|dermamnist|organcmnist|pneumoniamnist|tissuemnist,0.8826923608779907,0.8759616017341614,0.006730759143829368,0.1555553718848886,0.86875,0.8859375,-0.017187500000000022,5,5,21
resnet50,beans,random,14,5,21,0.7619047619047619,0,0.3333333333333333,rendered_sst2,rendered_sst2,1,pneumoniamnist,octmnist|organamnist|organsmnist|pneumoniamnist|usps,0.8826923608779907,0.8759616017341614,0.006730759143829368,0.1555553718848886,0.86875,0.8859375,-0.017187500000000022,5,5,21
resnet50,beans,random,15,5,21,0.7619047619047619,0,0.0,rendered_sst2,rendered_sst2,1,tiny_imagenet,cifar100|stl10|svhn|tiny_imagenet|usps,0.8826923608779907,0.869230842590332,0.013461518287658736,0.3111107437697772,0.86875,0.853125,0.015625,5,5,21
resnet50,beans,random,16,5,21,0.7619047619047619,0,0.6666666666666666,rendered_sst2,rendered_sst2,1,pneumoniamnist,cifar100|cifar100_coarse|organcmnist|pneumoniamnist|usps,0.8826923608779907,0.8759616017341614,0.006730759143829368,0.1555553718848886,0.86875,0.8859375,-0.017187500000000022,5,5,21
resnet50,beans,random,17,5,21,0.7619047619047619,0,0.0,rendered_sst2,rendered_sst2,1,usps,cifar100|cifar100_coarse|fashion_mnist|pathmnist|usps,0.8826923608779907,0.8625000715255737,0.020192289352417014,0.466666391160666,0.86875,0.8953125,-0.026562499999999933,5,5,21
resnet50,beans,random,18,5,21,0.7619047619047619,1,0.3333333333333333,rendered_sst2,rendered_sst2,1,rendered_sst2,cifar100|cifar100_coarse|organamnist|rendered_sst2|tiny_imagenet,0.8826923608779907,0.8826923608779907,0.0,0.0,0.86875,0.86875,0.0,5,5,21
resnet50,beans,random,19,5,21,0.7619047619047619,1,1.0,rendered_sst2,rendered_sst2,1,rendered_sst2,mnist|organcmnist|pneumoniamnist|rendered_sst2|svhn,0.8826923608779907,0.8826923608779907,0.0,0.0,0.86875,0.86875,0.0,5,5,21
resnet50,beans,random,20,5,21,0.7619047619047619,1,0.3333333333333333,rendered_sst2,rendered_sst2,1,rendered_sst2,bloodmnist|cifar10|organamnist|rendered_sst2|stl10,0.8826923608779907,0.8826923608779907,0.0,0.0,0.86875,0.86875,0.0,5,5,21
resnet50,beans,random,21,5,21,0.7619047619047619,1,0.3333333333333333,rendered_sst2,rendered_sst2,1,rendered_sst2,breastmnist|cifar100|rendered_sst2|stl10|svhn,0.8826923608779907,0.8826923608779907,0.0,0.0,0.86875,0.86875,0.0,5,5,21
resnet50,beans,random,22,5,21,0.7619047619047619,0,0.3333333333333333,rendered_sst2,rendered_sst2,1,organcmnist,bloodmnist|cifar10|dermamnist|organcmnist|stl10,0.8826923608779907,0.8730770111083984,0.00961534976959233,0.22222148753955337,0.86875,0.8578125,0.010937500000000044,5,5,21
resnet50,beans,random,23,5,21,0.7619047619047619,0,0.3333333333333333,rendered_sst2,rendered_sst2,1,organcmnist,fashion_mnist|organcmnist|svhn|tiny_imagenet|tissuemnist,0.8826923608779907,0.8730770111083984,0.00961534976959233,0.22222148753955337,0.86875,0.8578125,0.010937500000000044,5,5,21
resnet50,beans,random,24,5,21,0.7619047619047619,1,0.3333333333333333,rendered_sst2,rendered_sst2,1,rendered_sst2,cifar100_coarse|organsmnist|rendered_sst2|retinamnist|stl10,0.8826923608779907,0.8826923608779907,0.0,0.0,0.86875,0.86875,0.0,5,5,21
resnet50,beans,random,25,5,21,0.7619047619047619,1,0.3333333333333333,rendered_sst2,rendered_sst2,1,rendered_sst2,cifar10|rendered_sst2|retinamnist|stl10|svhn,0.8826923608779907,0.8826923608779907,0.0,0.0,0.86875,0.86875,0.0,5,5,21
resnet50,beans,random,26,5,21,0.7619047619047619,0,0.3333333333333333,rendered_sst2,rendered_sst2,1,organcmnist,cifar10|octmnist|organamnist|organcmnist|tissuemnist,0.8826923608779907,0.8730770111083984,0.00961534976959233,0.22222148753955337,0.86875,0.8578125,0.010937500000000044,5,5,21
resnet50,beans,random,27,5,21,0.7619047619047619,0,0.0,rendered_sst2,rendered_sst2,1,organamnist,bloodmnist|cifar100|organamnist|tissuemnist|usps,0.8826923608779907,0.8701923966407776,0.012499964237213113,0.2888881542062185,0.86875,0.8640625,0.004687500000000067,5,5,21
resnet50,beans,random,28,5,21,0.7619047619047619,0,0.0,rendered_sst2,rendered_sst2,1,tissuemnist,cifar100_coarse|dermamnist|retinamnist|tissuemnist|usps,0.8826923608779907,0.864423143863678,0.018269217014312722,0.4222220385515542,0.86875,0.865625,0.0031250000000000444,5,5,21
resnet50,beans,random,29,5,21,0.7619047619047619,0,0.3333333333333333,rendered_sst2,rendered_sst2,1,pneumoniamnist,mnist|octmnist|pathmnist|pneumoniamnist|stl10,0.8826923608779907,0.8759616017341614,0.006730759143829368,0.1555553718848886,0.86875,0.8859375,-0.017187500000000022,5,5,21
resnet50,beans,random,30,5,21,0.7619047619047619,0,0.0,rendered_sst2,rendered_sst2,1,breastmnist,breastmnist|mnist|organamnist|pathmnist|tiny_imagenet,0.8826923608779907,0.8721154451370239,0.010576915740966863,0.24444435260911224,0.86875,0.875,-0.006249999999999978,5,5,21
resnet50,beans,random,31,5,21,0.7619047619047619,1,0.3333333333333333,rendered_sst2,rendered_sst2,1,rendered_sst2,bloodmnist|fashion_mnist|mnist|rendered_sst2|tiny_imagenet,0.8826923608779907,0.8826923608779907,0.0,0.0,0.86875,0.86875,0.0,5,5,21
resnet50,beans,random,32,5,21,0.7619047619047619,0,0.0,rendered_sst2,rendered_sst2,1,tissuemnist,cifar10|pathmnist|retinamnist|stl10|tissuemnist,0.8826923608779907,0.864423143863678,0.018269217014312722,0.4222220385515542,0.86875,0.865625,0.0031250000000000444,5,5,21
resnet50,beans,random,33,5,21,0.7619047619047619,1,0.6666666666666666,rendered_sst2,rendered_sst2,1,rendered_sst2,breastmnist|cifar100|octmnist|pneumoniamnist|rendered_sst2,0.8826923608779907,0.8826923608779907,0.0,0.0,0.86875,0.86875,0.0,5,5,21
resnet50,beans,random,34,5,21,0.7619047619047619,0,0.0,rendered_sst2,rendered_sst2,1,organamnist,bloodmnist|dermamnist|octmnist|organamnist|pathmnist,0.8826923608779907,0.8701923966407776,0.012499964237213113,0.2888881542062185,0.86875,0.8640625,0.004687500000000067,5,5,21
resnet50,beans,random,35,5,21,0.7619047619047619,1,0.6666666666666666,rendered_sst2,rendered_sst2,1,rendered_sst2,cifar10|dermamnist|organcmnist|rendered_sst2|retinamnist,0.8826923608779907,0.8826923608779907,0.0,0.0,0.86875,0.86875,0.0,5,5,21
resnet50,beans,random,36,5,21,0.7619047619047619,0,0.0,rendered_sst2,rendered_sst2,1,tiny_imagenet,bloodmnist|dermamnist|organsmnist|pathmnist|tiny_imagenet,0.8826923608779907,0.869230842590332,0.013461518287658736,0.3111107437697772,0.86875,0.853125,0.015625,5,5,21
resnet50,beans,random,37,5,21,0.7619047619047619,1,0.6666666666666666,rendered_sst2,rendered_sst2,1,rendered_sst2,organcmnist|organsmnist|rendered_sst2|retinamnist|usps,0.8826923608779907,0.8826923608779907,0.0,0.0,0.86875,0.86875,0.0,5,5,21
resnet50,beans,random,38,5,21,0.7619047619047619,0,0.3333333333333333,rendered_sst2,rendered_sst2,1,organcmnist,bloodmnist|organamnist|organcmnist|retinamnist|tiny_imagenet,0.8826923608779907,0.8730770111083984,0.00961534976959233,0.22222148753955337,0.86875,0.8578125,0.010937500000000044,5,5,21
resnet50,beans,random,39,5,21,0.7619047619047619,0,0.0,rendered_sst2,rendered_sst2,1,tiny_imagenet,fashion_mnist|mnist|retinamnist|stl10|tiny_imagenet,0.8826923608779907,0.869230842590332,0.013461518287658736,0.3111107437697772,0.86875,0.853125,0.015625,5,5,21
resnet50,beans,random,40,5,21,0.7619047619047619,0,0.0,rendered_sst2,rendered_sst2,1,tiny_imagenet,cifar100|fashion_mnist|pathmnist|retinamnist|tiny_imagenet,0.8826923608779907,0.869230842590332,0.013461518287658736,0.3111107437697772,0.86875,0.853125,0.015625,5,5,21
resnet50,beans,random,41,5,21,0.7619047619047619,0,0.6666666666666666,rendered_sst2,rendered_sst2,1,pneumoniamnist,cifar10|cifar100|organamnist|organcmnist|pneumoniamnist,0.8826923608779907,0.8759616017341614,0.006730759143829368,0.1555553718848886,0.86875,0.8859375,-0.017187500000000022,5,5,21
resnet50,beans,random,42,5,21,0.7619047619047619,0,0.0,rendered_sst2,rendered_sst2,1,breastmnist,breastmnist|fashion_mnist|mnist|organsmnist|tiny_imagenet,0.8826923608779907,0.8721154451370239,0.010576915740966863,0.24444435260911224,0.86875,0.875,-0.006249999999999978,5,5,21
resnet50,beans,random,43,5,21,0.7619047619047619,0,0.3333333333333333,rendered_sst2,rendered_sst2,1,pneumoniamnist,breastmnist|mnist|organsmnist|pneumoniamnist|svhn,0.8826923608779907,0.8759616017341614,0.006730759143829368,0.1555553718848886,0.86875,0.8859375,-0.017187500000000022,5,5,21
resnet50,beans,random,44,5,21,0.7619047619047619,0,0.0,rendered_sst2,rendered_sst2,1,organsmnist,cifar100_coarse|dermamnist|organsmnist|pathmnist|stl10,0.8826923608779907,0.8663462162017822,0.01634614467620854,0.37777768594244504,0.86875,0.8671875,0.0015625000000000222,5,5,21
resnet50,beans,random,45,5,21,0.7619047619047619,1,0.3333333333333333,rendered_sst2,rendered_sst2,1,rendered_sst2,bloodmnist|octmnist|rendered_sst2|stl10|tiny_imagenet,0.8826923608779907,0.8826923608779907,0.0,0.0,0.86875,0.86875,0.0,5,5,21
resnet50,beans,random,46,5,21,0.7619047619047619,0,0.0,rendered_sst2,rendered_sst2,1,tissuemnist,cifar100_coarse|fashion_mnist|pathmnist|svhn|tissuemnist,0.8826923608779907,0.864423143863678,0.018269217014312722,0.4222220385515542,0.86875,0.865625,0.0031250000000000444,5,5,21
resnet50,beans,random,47,5,21,0.7619047619047619,0,0.0,rendered_sst2,rendered_sst2,1,tiny_imagenet,bloodmnist|cifar100_coarse|fashion_mnist|mnist|tiny_imagenet,0.8826923608779907,0.869230842590332,0.013461518287658736,0.3111107437697772,0.86875,0.853125,0.015625,5,5,21
resnet50,beans,random,48,5,21,0.7619047619047619,0,0.3333333333333333,rendered_sst2,rendered_sst2,1,organcmnist,cifar10|organcmnist|organsmnist|retinamnist|svhn,0.8826923608779907,0.8730770111083984,0.00961534976959233,0.22222148753955337,0.86875,0.8578125,0.010937500000000044,5,5,21
resnet50,beans,random,49,5,21,0.7619047619047619,0,0.3333333333333333,rendered_sst2,rendered_sst2,1,pneumoniamnist,breastmnist|organsmnist|pneumoniamnist|retinamnist|tiny_imagenet,0.8826923608779907,0.8759616017341614,0.006730759143829368,0.1555553718848886,0.86875,0.8859375,-0.017187500000000022,5,5,21
resnet50,beans,random,50,5,21,0.7619047619047619,1,0.3333333333333333,rendered_sst2,rendered_sst2,1,rendered_sst2,cifar10|cifar100|mnist|rendered_sst2|retinamnist,0.8826923608779907,0.8826923608779907,0.0,0.0,0.86875,0.86875,0.0,5,5,21
resnet50,beans,random,51,5,21,0.7619047619047619,0,0.3333333333333333,rendered_sst2,rendered_sst2,1,organcmnist,cifar10|organcmnist|svhn|tiny_imagenet|tissuemnist,0.8826923608779907,0.8730770111083984,0.00961534976959233,0.22222148753955337,0.86875,0.8578125,0.010937500000000044,5,5,21
resnet50,beans,random,52,5,21,0.7619047619047619,0,0.0,rendered_sst2,rendered_sst2,1,tissuemnist,bloodmnist|dermamnist|fashion_mnist|retinamnist|tissuemnist,0.8826923608779907,0.864423143863678,0.018269217014312722,0.4222220385515542,0.86875,0.865625,0.0031250000000000444,5,5,21
resnet50,beans,random,53,5,21,0.7619047619047619,0,0.3333333333333333,rendered_sst2,rendered_sst2,1,organcmnist,dermamnist|mnist|organcmnist|retinamnist|tissuemnist,0.8826923608779907,0.8730770111083984,0.00961534976959233,0.22222148753955337,0.86875,0.8578125,0.010937500000000044,5,5,21
resnet50,beans,random,54,5,21,0.7619047619047619,0,0.0,rendered_sst2,rendered_sst2,1,organamnist,bloodmnist|dermamnist|fashion_mnist|octmnist|organamnist,0.8826923608779907,0.8701923966407776,0.012499964237213113,0.2888881542062185,0.86875,0.8640625,0.004687500000000067,5,5,21
resnet50,beans,random,55,5,21,0.7619047619047619,0,0.0,rendered_sst2,rendered_sst2,1,organamnist,cifar10|organamnist|pathmnist|svhn|tiny_imagenet,0.8826923608779907,0.8701923966407776,0.012499964237213113,0.2888881542062185,0.86875,0.8640625,0.004687500000000067,5,5,21
resnet50,beans,random,56,5,21,0.7619047619047619,1,0.3333333333333333,rendered_sst2,rendered_sst2,1,rendered_sst2,bloodmnist|breastmnist|cifar100_coarse|octmnist|rendered_sst2,0.8826923608779907,0.8826923608779907,0.0,0.0,0.86875,0.86875,0.0,5,5,21
resnet50,beans,random,57,5,21,0.7619047619047619,1,0.3333333333333333,rendered_sst2,rendered_sst2,1,rendered_sst2,rendered_sst2|retinamnist|svhn|tissuemnist|usps,0.8826923608779907,0.8826923608779907,0.0,0.0,0.86875,0.86875,0.0,5,5,21
resnet50,beans,random,58,5,21,0.7619047619047619,0,0.0,rendered_sst2,rendered_sst2,1,organamnist,fashion_mnist|organamnist|pathmnist|svhn|tiny_imagenet,0.8826923608779907,0.8701923966407776,0.012499964237213113,0.2888881542062185,0.86875,0.8640625,0.004687500000000067,5,5,21
resnet50,beans,random,59,5,21,0.7619047619047619,0,0.0,rendered_sst2,rendered_sst2,1,pathmnist,bloodmnist|fashion_mnist|mnist|pathmnist|svhn,0.8826923608779907,0.8615385174751282,0.021153843402862527,0.4888889807242221,0.86875,0.8671875,0.0015625000000000222,5,5,21
resnet50,beans,random,60,5,21,0.7619047619047619,0,0.6666666666666666,rendered_sst2,rendered_sst2,1,pneumoniamnist,cifar100|fashion_mnist|organcmnist|pneumoniamnist|tiny_imagenet,0.8826923608779907,0.8759616017341614,0.006730759143829368,0.1555553718848886,0.86875,0.8859375,-0.017187500000000022,5,5,21
resnet50,beans,random,61,5,21,0.7619047619047619,0,0.3333333333333333,rendered_sst2,rendered_sst2,1,pneumoniamnist,breastmnist|pneumoniamnist|stl10|svhn|tissuemnist,0.8826923608779907,0.8759616017341614,0.006730759143829368,0.1555553718848886,0.86875,0.8859375,-0.017187500000000022,5,5,21
resnet50,beans,random,62,5,21,0.7619047619047619,0,0.0,rendered_sst2,rendered_sst2,1,tissuemnist,cifar100_coarse|mnist|stl10|svhn|tissuemnist,0.8826923608779907,0.864423143863678,0.018269217014312722,0.4222220385515542,0.86875,0.865625,0.0031250000000000444,5,5,21
resnet50,beans,random,63,5,21,0.7619047619047619,0,0.0,rendered_sst2,rendered_sst2,1,breastmnist,breastmnist|cifar100_coarse|fashion_mnist|pathmnist|tissuemnist,0.8826923608779907,0.8721154451370239,0.010576915740966863,0.24444435260911224,0.86875,0.875,-0.006249999999999978,5,5,21
resnet50,beans,random,64,5,21,0.7619047619047619,0,0.0,rendered_sst2,rendered_sst2,1,organamnist,cifar10|octmnist|organamnist|pathmnist|usps,0.8826923608779907,0.8701923966407776,0.012499964237213113,0.2888881542062185,0.86875,0.8640625,0.004687500000000067,5,5,21
resnet50,beans,random,65,5,21,0.7619047619047619,0,0.0,rendered_sst2,rendered_sst2,1,breastmnist,breastmnist|cifar100|mnist|svhn|tissuemnist,0.8826923608779907,0.8721154451370239,0.010576915740966863,0.24444435260911224,0.86875,0.875,-0.006249999999999978,5,5,21
resnet50,beans,random,66,5,21,0.7619047619047619,0,0.0,rendered_sst2,rendered_sst2,1,breastmnist,breastmnist|cifar100|dermamnist|organsmnist|retinamnist,0.8826923608779907,0.8721154451370239,0.010576915740966863,0.24444435260911224,0.86875,0.875,-0.006249999999999978,5,5,21
resnet50,beans,random,67,5,21,0.7619047619047619,0,0.0,rendered_sst2,rendered_sst2,1,breastmnist,breastmnist|dermamnist|octmnist|organamnist|tissuemnist,0.8826923608779907,0.8721154451370239,0.010576915740966863,0.24444435260911224,0.86875,0.875,-0.006249999999999978,5,5,21
resnet50,beans,random,68,5,21,0.7619047619047619,0,0.0,rendered_sst2,rendered_sst2,1,pathmnist,cifar100|fashion_mnist|mnist|octmnist|pathmnist,0.8826923608779907,0.8615385174751282,0.021153843402862527,0.4888889807242221,0.86875,0.8671875,0.0015625000000000222,5,5,21
resnet50,beans,random,69,5,21,0.7619047619047619,0,0.3333333333333333,rendered_sst2,rendered_sst2,1,pneumoniamnist,bloodmnist|octmnist|pathmnist|pneumoniamnist|retinamnist,0.8826923608779907,0.8759616017341614,0.006730759143829368,0.1555553718848886,0.86875,0.8859375,-0.017187500000000022,5,5,21
resnet50,beans,random,70,5,21,0.7619047619047619,0,0.0,rendered_sst2,rendered_sst2,1,organamnist,bloodmnist|cifar10|mnist|organamnist|organsmnist,0.8826923608779907,0.8701923966407776,0.012499964237213113,0.2888881542062185,0.86875,0.8640625,0.004687500000000067,5,5,21
resnet50,beans,random,71,5,21,0.7619047619047619,0,0.0,rendered_sst2,rendered_sst2,1,stl10,bloodmnist|dermamnist|retinamnist|stl10|usps,0.8826923608779907,0.8625000715255737,0.020192289352417014,0.466666391160666,0.86875,0.8984375,-0.029687499999999978,5,5,21
resnet50,beans,random,72,5,21,0.7619047619047619,0,0.3333333333333333,rendered_sst2,rendered_sst2,1,organcmnist,cifar10|octmnist|organamnist|organcmnist|svhn,0.8826923608779907,0.8730770111083984,0.00961534976959233,0.22222148753955337,0.86875,0.8578125,0.010937500000000044,5,5,21
resnet50,beans,random,73,5,21,0.7619047619047619,0,0.3333333333333333,rendered_sst2,rendered_sst2,1,pneumoniamnist,cifar100_coarse|pneumoniamnist|stl10|svhn|tiny_imagenet,0.8826923608779907,0.8759616017341614,0.006730759143829368,0.1555553718848886,0.86875,0.8859375,-0.017187500000000022,5,5,21
resnet50,beans,random,74,5,21,0.7619047619047619,0,0.3333333333333333,rendered_sst2,rendered_sst2,1,pneumoniamnist,bloodmnist|mnist|pneumoniamnist|retinamnist|stl10,0.8826923608779907,0.8759616017341614,0.006730759143829368,0.1555553718848886,0.86875,0.8859375,-0.017187500000000022,5,5,21
resnet50,beans,random,75,5,21,0.7619047619047619,0,0.3333333333333333,rendered_sst2,rendered_sst2,1,pneumoniamnist,breastmnist|organamnist|pathmnist|pneumoniamnist|svhn,0.8826923608779907,0.8759616017341614,0.006730759143829368,0.1555553718848886,0.86875,0.8859375,-0.017187500000000022,5,5,21
resnet50,beans,random,76,5,21,0.7619047619047619,0,0.0,rendered_sst2,rendered_sst2,1,stl10,bloodmnist|cifar10|mnist|stl10|svhn,0.8826923608779907,0.8625000715255737,0.020192289352417014,0.466666391160666,0.86875,0.8984375,-0.029687499999999978,5,5,21
resnet50,beans,random,77,5,21,0.7619047619047619,0,0.3333333333333333,rendered_sst2,rendered_sst2,1,pneumoniamnist,octmnist|pneumoniamnist|tiny_imagenet|tissuemnist|usps,0.8826923608779907,0.8759616017341614,0.006730759143829368,0.1555553718848886,0.86875,0.8859375,-0.017187500000000022,5,5,21
resnet50,beans,random,78,5,21,0.7619047619047619,0,0.3333333333333333,rendered_sst2,rendered_sst2,1,organcmnist,bloodmnist|dermamnist|fashion_mnist|organcmnist|svhn,0.8826923608779907,0.8730770111083984,0.00961534976959233,0.22222148753955337,0.86875,0.8578125,0.010937500000000044,5,5,21
resnet50,beans,random,79,5,21,0.7619047619047619,0,0.3333333333333333,rendered_sst2,rendered_sst2,1,pneumoniamnist,bloodmnist|dermamnist|organsmnist|pneumoniamnist|tissuemnist,0.8826923608779907,0.8759616017341614,0.006730759143829368,0.1555553718848886,0.86875,0.8859375,-0.017187500000000022,5,5,21
resnet50,beans,random,80,5,21,0.7619047619047619,0,0.3333333333333333,rendered_sst2,rendered_sst2,1,organcmnist,cifar100|mnist|organcmnist|svhn|usps,0.8826923608779907,0.8730770111083984,0.00961534976959233,0.22222148753955337,0.86875,0.8578125,0.010937500000000044,5,5,21
resnet50,beans,random,81,5,21,0.7619047619047619,0,0.3333333333333333,rendered_sst2,rendered_sst2,1,organcmnist,bloodmnist|breastmnist|fashion_mnist|organamnist|organcmnist,0.8826923608779907,0.8730770111083984,0.00961534976959233,0.22222148753955337,0.86875,0.8578125,0.010937500000000044,5,5,21
resnet50,beans,random,82,5,21,0.7619047619047619,1,0.6666666666666666,rendered_sst2,rendered_sst2,1,rendered_sst2,mnist|octmnist|pneumoniamnist|rendered_sst2|stl10,0.8826923608779907,0.8826923608779907,0.0,0.0,0.86875,0.86875,0.0,5,5,21
resnet50,beans,random,83,5,21,0.7619047619047619,0,0.6666666666666666,rendered_sst2,rendered_sst2,1,pneumoniamnist,fashion_mnist|octmnist|organcmnist|pneumoniamnist|retinamnist,0.8826923608779907,0.8759616017341614,0.006730759143829368,0.1555553718848886,0.86875,0.8859375,-0.017187500000000022,5,5,21
resnet50,beans,random,84,5,21,0.7619047619047619,0,0.0,rendered_sst2,rendered_sst2,1,breastmnist,breastmnist|organamnist|retinamnist|svhn|tissuemnist,0.8826923608779907,0.8721154451370239,0.010576915740966863,0.24444435260911224,0.86875,0.875,-0.006249999999999978,5,5,21
resnet50,beans,random,85,5,21,0.7619047619047619,0,0.3333333333333333,rendered_sst2,rendered_sst2,1,pneumoniamnist,fashion_mnist|pathmnist|pneumoniamnist|retinamnist|stl10,0.8826923608779907,0.8759616017341614,0.006730759143829368,0.1555553718848886,0.86875,0.8859375,-0.017187500000000022,5,5,21
resnet50,beans,random,86,5,21,0.7619047619047619,0,0.0,rendered_sst2,rendered_sst2,1,organsmnist,dermamnist|organsmnist|stl10|svhn|usps,0.8826923608779907,0.8663462162017822,0.01634614467620854,0.37777768594244504,0.86875,0.8671875,0.0015625000000000222,5,5,21
resnet50,beans,random,87,5,21,0.7619047619047619,0,0.3333333333333333,rendered_sst2,rendered_sst2,1,pneumoniamnist,dermamnist|mnist|octmnist|organsmnist|pneumoniamnist,0.8826923608779907,0.8759616017341614,0.006730759143829368,0.1555553718848886,0.86875,0.8859375,-0.017187500000000022,5,5,21
resnet50,beans,random,88,5,21,0.7619047619047619,1,0.6666666666666666,rendered_sst2,rendered_sst2,1,rendered_sst2,bloodmnist|cifar100|organcmnist|rendered_sst2|tissuemnist,0.8826923608779907,0.8826923608779907,0.0,0.0,0.86875,0.86875,0.0,5,5,21
resnet50,beans,random,89,5,21,0.7619047619047619,0,0.0,rendered_sst2,rendered_sst2,1,tiny_imagenet,cifar100_coarse|retinamnist|tiny_imagenet|tissuemnist|usps,0.8826923608779907,0.869230842590332,0.013461518287658736,0.3111107437697772,0.86875,0.853125,0.015625,5,5,21
resnet50,beans,random,90,5,21,0.7619047619047619,0,0.0,rendered_sst2,rendered_sst2,1,tiny_imagenet,cifar100_coarse|mnist|stl10|svhn|tiny_imagenet,0.8826923608779907,0.869230842590332,0.013461518287658736,0.3111107437697772,0.86875,0.853125,0.015625,5,5,21
resnet50,beans,random,91,5,21,0.7619047619047619,0,0.3333333333333333,rendered_sst2,rendered_sst2,1,pneumoniamnist,breastmnist|cifar100_coarse|pneumoniamnist|stl10|tiny_imagenet,0.8826923608779907,0.8759616017341614,0.006730759143829368,0.1555553718848886,0.86875,0.8859375,-0.017187500000000022,5,5,21
resnet50,beans,random,92,5,21,0.7619047619047619,0,0.3333333333333333,rendered_sst2,rendered_sst2,1,organcmnist,organcmnist|organsmnist|stl10|tiny_imagenet|usps,0.8826923608779907,0.8730770111083984,0.00961534976959233,0.22222148753955337,0.86875,0.8578125,0.010937500000000044,5,5,21
resnet50,beans,random,93,5,21,0.7619047619047619,0,0.0,rendered_sst2,rendered_sst2,1,breastmnist,breastmnist|cifar100|dermamnist|mnist|organamnist,0.8826923608779907,0.8721154451370239,0.010576915740966863,0.24444435260911224,0.86875,0.875,-0.006249999999999978,5,5,21
resnet50,beans,random,94,5,21,0.7619047619047619,1,0.3333333333333333,rendered_sst2,rendered_sst2,1,rendered_sst2,cifar100|dermamnist|rendered_sst2|svhn|tiny_imagenet,0.8826923608779907,0.8826923608779907,0.0,0.0,0.86875,0.86875,0.0,5,5,21
resnet50,beans,random,95,5,21,0.7619047619047619,0,0.0,rendered_sst2,rendered_sst2,1,breastmnist,bloodmnist|breastmnist|cifar100_coarse|dermamnist|organamnist,0.8826923608779907,0.8721154451370239,0.010576915740966863,0.24444435260911224,0.86875,0.875,-0.006249999999999978,5,5,21
resnet50,beans,random,96,5,21,0.7619047619047619,0,0.6666666666666666,rendered_sst2,rendered_sst2,1,pneumoniamnist,bloodmnist|dermamnist|mnist|organcmnist|pneumoniamnist,0.8826923608779907,0.8759616017341614,0.006730759143829368,0.1555553718848886,0.86875,0.8859375,-0.017187500000000022,5,5,21
resnet50,beans,random,97,5,21,0.7619047619047619,1,0.3333333333333333,rendered_sst2,rendered_sst2,1,rendered_sst2,breastmnist|pathmnist|rendered_sst2|svhn|tiny_imagenet,0.8826923608779907,0.8826923608779907,0.0,0.0,0.86875,0.86875,0.0,5,5,21
resnet50,beans,random,98,5,21,0.7619047619047619,1,0.3333333333333333,rendered_sst2,rendered_sst2,1,rendered_sst2,fashion_mnist|organamnist|organsmnist|rendered_sst2|stl10,0.8826923608779907,0.8826923608779907,0.0,0.0,0.86875,0.86875,0.0,5,5,21
resnet50,beans,random,99,5,21,0.7619047619047619,1,0.6666666666666666,rendered_sst2,rendered_sst2,1,rendered_sst2,breastmnist|fashion_mnist|pneumoniamnist|rendered_sst2|tiny_imagenet,0.8826923608779907,0.8826923608779907,0.0,0.0,0.86875,0.86875,0.0,5,5,21
resnet50,beans,rank_only,-1,10,21,0.5238095238095238,0,0.3333333333333333,rendered_sst2,rendered_sst2,1,organcmnist,tiny_imagenet|cifar100_coarse|cifar100|stl10|cifar10|organcmnist|organsmnist|organamnist|svhn|fashion_mnist,0.8826923608779907,0.8730770111083984,0.00961534976959233,0.22222148753955337,0.86875,0.8578125,0.010937500000000044,5,10,21
resnet50,beans,facility_subspace,-1,10,21,0.5238095238095238,1,0.6666666666666666,rendered_sst2,rendered_sst2,1,rendered_sst2,organcmnist|cifar100|svhn|rendered_sst2|retinamnist|stl10|breastmnist|mnist|dermamnist|fashion_mnist,0.8826923608779907,0.8826923608779907,0.0,0.0,0.86875,0.86875,0.0,5,10,21
resnet50,beans,kcenter_subspace,-1,10,21,0.5238095238095238,1,0.3333333333333333,rendered_sst2,rendered_sst2,1,rendered_sst2,tiny_imagenet|rendered_sst2|usps|retinamnist|pathmnist|fashion_mnist|breastmnist|stl10|bloodmnist|mnist,0.8826923608779907,0.8826923608779907,0.0,0.0,0.86875,0.86875,0.0,5,10,21
resnet50,beans,dpp_subspace,-1,10,21,0.5238095238095238,0,0.0,rendered_sst2,rendered_sst2,1,organamnist,tiny_imagenet|stl10|cifar100_coarse|cifar10|organsmnist|fashion_mnist|svhn|cifar100|bloodmnist|organamnist,0.8826923608779907,0.8701923966407776,0.012499964237213113,0.2888881542062185,0.86875,0.8640625,0.004687500000000067,5,10,21
resnet50,beans,pool_vendi_subspace,-1,10,21,0.5238095238095238,1,0.3333333333333333,rendered_sst2,rendered_sst2,1,rendered_sst2,tiny_imagenet|rendered_sst2|usps|retinamnist|pathmnist|stl10|fashion_mnist|bloodmnist|mnist|breastmnist,0.8826923608779907,0.8826923608779907,0.0,0.0,0.86875,0.86875,0.0,5,10,21
resnet50,beans,full_merged_rank,-1,10,21,0.5238095238095238,0,0.3333333333333333,rendered_sst2,rendered_sst2,1,organcmnist,tiny_imagenet|stl10|cifar100_coarse|cifar100|cifar10|organcmnist|organsmnist|fashion_mnist|breastmnist|svhn,0.8826923608779907,0.8730770111083984,0.00961534976959233,0.22222148753955337,0.86875,0.8578125,0.010937500000000044,5,10,21
resnet50,beans,random,0,10,21,0.5238095238095238,1,0.3333333333333333,rendered_sst2,rendered_sst2,1,rendered_sst2,bloodmnist|cifar10|dermamnist|fashion_mnist|organamnist|organsmnist|pathmnist|rendered_sst2|svhn|tissuemnist,0.8826923608779907,0.8826923608779907,0.0,0.0,0.86875,0.86875,0.0,5,10,21
resnet50,beans,random,1,10,21,0.5238095238095238,1,0.3333333333333333,rendered_sst2,rendered_sst2,1,rendered_sst2,bloodmnist|breastmnist|cifar100|cifar100_coarse|dermamnist|fashion_mnist|mnist|organsmnist|rendered_sst2|retinamnist,0.8826923608779907,0.8826923608779907,0.0,0.0,0.86875,0.86875,0.0,5,10,21
resnet50,beans,random,2,10,21,0.5238095238095238,1,0.6666666666666666,rendered_sst2,rendered_sst2,1,rendered_sst2,cifar100_coarse|fashion_mnist|octmnist|organamnist|organcmnist|organsmnist|rendered_sst2|stl10|tiny_imagenet|usps,0.8826923608779907,0.8826923608779907,0.0,0.0,0.86875,0.86875,0.0,5,10,21
resnet50,beans,random,3,10,21,0.5238095238095238,0,0.0,rendered_sst2,rendered_sst2,1,organamnist,bloodmnist|cifar10|cifar100_coarse|mnist|octmnist|organamnist|organsmnist|pathmnist|stl10|tissuemnist,0.8826923608779907,0.8701923966407776,0.012499964237213113,0.2888881542062185,0.86875,0.8640625,0.004687500000000067,5,10,21
resnet50,beans,random,4,10,21,0.5238095238095238,0,0.3333333333333333,rendered_sst2,rendered_sst2,1,pneumoniamnist,bloodmnist|dermamnist|organamnist|organsmnist|pathmnist|pneumoniamnist|stl10|tiny_imagenet|tissuemnist|usps,0.8826923608779907,0.8759616017341614,0.006730759143829368,0.1555553718848886,0.86875,0.8859375,-0.017187500000000022,5,10,21
resnet50,beans,random,5,10,21,0.5238095238095238,0,0.3333333333333333,rendered_sst2,rendered_sst2,1,organcmnist,breastmnist|cifar100_coarse|fashion_mnist|mnist|organcmnist|retinamnist|stl10|tiny_imagenet|tissuemnist|usps,0.8826923608779907,0.8730770111083984,0.00961534976959233,0.22222148753955337,0.86875,0.8578125,0.010937500000000044,5,10,21
resnet50,beans,random,6,10,21,0.5238095238095238,1,0.3333333333333333,rendered_sst2,rendered_sst2,1,rendered_sst2,breastmnist|cifar10|cifar100|cifar100_coarse|octmnist|pathmnist|rendered_sst2|stl10|svhn|tiny_imagenet,0.8826923608779907,0.8826923608779907,0.0,0.0,0.86875,0.86875,0.0,5,10,21
resnet50,beans,random,7,10,21,0.5238095238095238,1,0.3333333333333333,rendered_sst2,rendered_sst2,1,rendered_sst2,bloodmnist|cifar100_coarse|dermamnist|fashion_mnist|mnist|pathmnist|rendered_sst2|retinamnist|tiny_imagenet|usps,0.8826923608779907,0.8826923608779907,0.0,0.0,0.86875,0.86875,0.0,5,10,21
resnet50,beans,random,8,10,21,0.5238095238095238,0,0.6666666666666666,rendered_sst2,rendered_sst2,1,pneumoniamnist,bloodmnist|cifar100_coarse|fashion_mnist|mnist|organamnist|organcmnist|pneumoniamnist|retinamnist|svhn|tiny_imagenet,0.8826923608779907,0.8759616017341614,0.006730759143829368,0.1555553718848886,0.86875,0.8859375,-0.017187500000000022,5,10,21
resnet50,beans,random,9,10,21,0.5238095238095238,0,0.0,rendered_sst2,rendered_sst2,1,breastmnist,breastmnist|cifar100|dermamnist|fashion_mnist|mnist|organamnist|retinamnist|stl10|tiny_imagenet|usps,0.8826923608779907,0.8721154451370239,0.010576915740966863,0.24444435260911224,0.86875,0.875,-0.006249999999999978,5,10,21
resnet50,beans,random,10,10,21,0.5238095238095238,0,0.3333333333333333,rendered_sst2,rendered_sst2,1,pneumoniamnist,breastmnist|cifar100_coarse|dermamnist|fashion_mnist|pneumoniamnist|retinamnist|stl10|svhn|tiny_imagenet|tissuemnist,0.8826923608779907,0.8759616017341614,0.006730759143829368,0.1555553718848886,0.86875,0.8859375,-0.017187500000000022,5,10,21
resnet50,beans,random,11,10,21,0.5238095238095238,0,0.3333333333333333,rendered_sst2,rendered_sst2,1,organcmnist,bloodmnist|breastmnist|cifar100_coarse|dermamnist|octmnist|organcmnist|pathmnist|stl10|svhn|tissuemnist,0.8826923608779907,0.8730770111083984,0.00961534976959233,0.22222148753955337,0.86875,0.8578125,0.010937500000000044,5,10,21
resnet50,beans,random,12,10,21,0.5238095238095238,0,0.6666666666666666,rendered_sst2,rendered_sst2,1,pneumoniamnist,bloodmnist|fashion_mnist|mnist|organamnist|organcmnist|organsmnist|pathmnist|pneumoniamnist|stl10|svhn,0.8826923608779907,0.8759616017341614,0.006730759143829368,0.1555553718848886,0.86875,0.8859375,-0.017187500000000022,5,10,21
resnet50,beans,random,13,10,21,0.5238095238095238,0,0.6666666666666666,rendered_sst2,rendered_sst2,1,pneumoniamnist,cifar100|cifar100_coarse|fashion_mnist|mnist|octmnist|organcmnist|organsmnist|pneumoniamnist|tissuemnist|usps,0.8826923608779907,0.8759616017341614,0.006730759143829368,0.1555553718848886,0.86875,0.8859375,-0.017187500000000022,5,10,21
resnet50,beans,random,14,10,21,0.5238095238095238,0,0.6666666666666666,rendered_sst2,rendered_sst2,1,pneumoniamnist,breastmnist|mnist|octmnist|organamnist|organcmnist|pathmnist|pneumoniamnist|stl10|svhn|tiny_imagenet,0.8826923608779907,0.8759616017341614,0.006730759143829368,0.1555553718848886,0.86875,0.8859375,-0.017187500000000022,5,10,21
resnet50,beans,random,15,10,21,0.5238095238095238,1,1.0,rendered_sst2,rendered_sst2,1,rendered_sst2,breastmnist|dermamnist|mnist|organcmnist|pathmnist|pneumoniamnist|rendered_sst2|retinamnist|stl10|tiny_imagenet,0.8826923608779907,0.8826923608779907,0.0,0.0,0.86875,0.86875,0.0,5,10,21
resnet50,beans,random,16,10,21,0.5238095238095238,1,0.6666666666666666,rendered_sst2,rendered_sst2,1,rendered_sst2,bloodmnist|cifar100_coarse|fashion_mnist|mnist|organcmnist|rendered_sst2|retinamnist|tiny_imagenet|tissuemnist|usps,0.8826923608779907,0.8826923608779907,0.0,0.0,0.86875,0.86875,0.0,5,10,21
resnet50,beans,random,17,10,21,0.5238095238095238,0,0.3333333333333333,rendered_sst2,rendered_sst2,1,organcmnist,bloodmnist|breastmnist|cifar10|cifar100_coarse|dermamnist|organcmnist|pathmnist|svhn|tissuemnist|usps,0.8826923608779907,0.8730770111083984,0.00961534976959233,0.22222148753955337,0.86875,0.8578125,0.010937500000000044,5,10,21
resnet50,beans,random,18,10,21,0.5238095238095238,1,0.6666666666666666,rendered_sst2,rendered_sst2,1,rendered_sst2,bloodmnist|cifar10|dermamnist|fashion_mnist|mnist|pneumoniamnist|rendered_sst2|retinamnist|svhn|tiny_imagenet,0.8826923608779907,0.8826923608779907,0.0,0.0,0.86875,0.86875,0.0,5,10,21
resnet50,beans,random,19,10,21,0.5238095238095238,0,0.3333333333333333,rendered_sst2,rendered_sst2,1,pneumoniamnist,bloodmnist|cifar100|cifar100_coarse|mnist|organsmnist|pneumoniamnist|retinamnist|svhn|tissuemnist|usps,0.8826923608779907,0.8759616017341614,0.006730759143829368,0.1555553718848886,0.86875,0.8859375,-0.017187500000000022,5,10,21
resnet50,beans,random,20,10,21,0.5238095238095238,1,0.6666666666666666,rendered_sst2,rendered_sst2,1,rendered_sst2,bloodmnist|breastmnist|cifar10|dermamnist|mnist|pathmnist|pneumoniamnist|rendered_sst2|retinamnist|tiny_imagenet,0.8826923608779907,0.8826923608779907,0.0,0.0,0.86875,0.86875,0.0,5,10,21
resnet50,beans,random,21,10,21,0.5238095238095238,1,0.6666666666666666,rendered_sst2,rendered_sst2,1,rendered_sst2,bloodmnist|breastmnist|cifar10|cifar100|cifar100_coarse|dermamnist|fashion_mnist|organcmnist|rendered_sst2|stl10,0.8826923608779907,0.8826923608779907,0.0,0.0,0.86875,0.86875,0.0,5,10,21
resnet50,beans,random,22,10,21,0.5238095238095238,0,0.6666666666666666,rendered_sst2,rendered_sst2,1,pneumoniamnist,bloodmnist|breastmnist|cifar10|cifar100_coarse|octmnist|organamnist|organcmnist|pneumoniamnist|svhn|tiny_imagenet,0.8826923608779907,0.8759616017341614,0.006730759143829368,0.1555553718848886,0.86875,0.8859375,-0.017187500000000022,5,10,21
resnet50,beans,random,23,10,21,0.5238095238095238,1,1.0,rendered_sst2,rendered_sst2,1,rendered_sst2,mnist|organamnist|organcmnist|pathmnist|pneumoniamnist|rendered_sst2|retinamnist|stl10|svhn|tissuemnist,0.8826923608779907,0.8826923608779907,0.0,0.0,0.86875,0.86875,0.0,5,10,21
resnet50,beans,random,24,10,21,0.5238095238095238,0,0.0,rendered_sst2,rendered_sst2,1,breastmnist,bloodmnist|breastmnist|cifar100_coarse|dermamnist|fashion_mnist|octmnist|organamnist|retinamnist|tiny_imagenet|tissuemnist,0.8826923608779907,0.8721154451370239,0.010576915740966863,0.24444435260911224,0.86875,0.875,-0.006249999999999978,5,10,21
resnet50,beans,random,25,10,21,0.5238095238095238,1,0.6666666666666666,rendered_sst2,rendered_sst2,1,rendered_sst2,cifar10|cifar100|dermamnist|fashion_mnist|mnist|octmnist|pneumoniamnist|rendered_sst2|retinamnist|tiny_imagenet,0.8826923608779907,0.8826923608779907,0.0,0.0,0.86875,0.86875,0.0,5,10,21
resnet50,beans,random,26,10,21,0.5238095238095238,0,0.3333333333333333,rendered_sst2,rendered_sst2,1,pneumoniamnist,bloodmnist|cifar100|cifar100_coarse|mnist|octmnist|organamnist|pneumoniamnist|retinamnist|stl10|usps,0.8826923608779907,0.8759616017341614,0.006730759143829368,0.1555553718848886,0.86875,0.8859375,-0.017187500000000022,5,10,21
resnet50,beans,random,27,10,21,0.5238095238095238,0,0.6666666666666666,rendered_sst2,rendered_sst2,1,pneumoniamnist,cifar100|cifar100_coarse|fashion_mnist|mnist|organcmnist|organsmnist|pneumoniamnist|retinamnist|svhn|tiny_imagenet,0.8826923608779907,0.8759616017341614,0.006730759143829368,0.1555553718848886,0.86875,0.8859375,-0.017187500000000022,5,10,21
resnet50,beans,random,28,10,21,0.5238095238095238,0,0.3333333333333333,rendered_sst2,rendered_sst2,1,organcmnist,breastmnist|cifar10|cifar100_coarse|dermamnist|fashion_mnist|mnist|organcmnist|organsmnist|retinamnist|usps,0.8826923608779907,0.8730770111083984,0.00961534976959233,0.22222148753955337,0.86875,0.8578125,0.010937500000000044,5,10,21
resnet50,beans,random,29,10,21,0.5238095238095238,0,0.3333333333333333,rendered_sst2,rendered_sst2,1,pneumoniamnist,bloodmnist|cifar10|dermamnist|octmnist|organsmnist|pneumoniamnist|stl10|svhn|tiny_imagenet|tissuemnist,0.8826923608779907,0.8759616017341614,0.006730759143829368,0.1555553718848886,0.86875,0.8859375,-0.017187500000000022,5,10,21
resnet50,beans,random,30,10,21,0.5238095238095238,1,0.6666666666666666,rendered_sst2,rendered_sst2,1,rendered_sst2,bloodmnist|dermamnist|organamnist|pathmnist|pneumoniamnist|rendered_sst2|stl10|svhn|tiny_imagenet|tissuemnist,0.8826923608779907,0.8826923608779907,0.0,0.0,0.86875,0.86875,0.0,5,10,21
resnet50,beans,random,31,10,21,0.5238095238095238,1,0.3333333333333333,rendered_sst2,rendered_sst2,1,rendered_sst2,breastmnist|cifar100|fashion_mnist|mnist|octmnist|organamnist|organsmnist|rendered_sst2|retinamnist|tissuemnist,0.8826923608779907,0.8826923608779907,0.0,0.0,0.86875,0.86875,0.0,5,10,21
resnet50,beans,random,32,10,21,0.5238095238095238,1,0.3333333333333333,rendered_sst2,rendered_sst2,1,rendered_sst2,breastmnist|dermamnist|mnist|organamnist|pathmnist|rendered_sst2|stl10|svhn|tiny_imagenet|tissuemnist,0.8826923608779907,0.8826923608779907,0.0,0.0,0.86875,0.86875,0.0,5,10,21
resnet50,beans,random,33,10,21,0.5238095238095238,0,0.6666666666666666,rendered_sst2,rendered_sst2,1,pneumoniamnist,breastmnist|cifar10|cifar100|cifar100_coarse|organamnist|organcmnist|pneumoniamnist|stl10|svhn|tissuemnist,0.8826923608779907,0.8759616017341614,0.006730759143829368,0.1555553718848886,0.86875,0.8859375,-0.017187500000000022,5,10,21
resnet50,beans,random,34,10,21,0.5238095238095238,1,0.6666666666666666,rendered_sst2,rendered_sst2,1,rendered_sst2,bloodmnist|breastmnist|fashion_mnist|organcmnist|organsmnist|rendered_sst2|retinamnist|stl10|svhn|tiny_imagenet,0.8826923608779907,0.8826923608779907,0.0,0.0,0.86875,0.86875,0.0,5,10,21
resnet50,beans,random,35,10,21,0.5238095238095238,1,1.0,rendered_sst2,rendered_sst2,1,rendered_sst2,bloodmnist|breastmnist|cifar100|cifar100_coarse|organcmnist|pneumoniamnist|rendered_sst2|retinamnist|svhn|tiny_imagenet,0.8826923608779907,0.8826923608779907,0.0,0.0,0.86875,0.86875,0.0,5,10,21
resnet50,beans,random,36,10,21,0.5238095238095238,1,1.0,rendered_sst2,rendered_sst2,1,rendered_sst2,bloodmnist|cifar10|cifar100|organcmnist|organsmnist|pneumoniamnist|rendered_sst2|stl10|tiny_imagenet|usps,0.8826923608779907,0.8826923608779907,0.0,0.0,0.86875,0.86875,0.0,5,10,21
resnet50,beans,random,37,10,21,0.5238095238095238,0,0.3333333333333333,rendered_sst2,rendered_sst2,1,organcmnist,bloodmnist|cifar100|cifar100_coarse|dermamnist|octmnist|organamnist|organcmnist|organsmnist|retinamnist|stl10,0.8826923608779907,0.8730770111083984,0.00961534976959233,0.22222148753955337,0.86875,0.8578125,0.010937500000000044,5,10,21
resnet50,beans,random,38,10,21,0.5238095238095238,0,0.6666666666666666,rendered_sst2,rendered_sst2,1,pneumoniamnist,breastmnist|cifar100|cifar100_coarse|fashion_mnist|mnist|organcmnist|pathmnist|pneumoniamnist|stl10|usps,0.8826923608779907,0.8759616017341614,0.006730759143829368,0.1555553718848886,0.86875,0.8859375,-0.017187500000000022,5,10,21
resnet50,beans,random,39,10,21,0.5238095238095238,1,0.3333333333333333,rendered_sst2,rendered_sst2,1,rendered_sst2,breastmnist|cifar100_coarse|mnist|octmnist|organamnist|pathmnist|rendered_sst2|retinamnist|tiny_imagenet|usps,0.8826923608779907,0.8826923608779907,0.0,0.0,0.86875,0.86875,0.0,5,10,21
resnet50,beans,random,40,10,21,0.5238095238095238,0,0.3333333333333333,rendered_sst2,rendered_sst2,1,organcmnist,bloodmnist|cifar100|cifar100_coarse|fashion_mnist|mnist|organcmnist|organsmnist|retinamnist|tissuemnist|usps,0.8826923608779907,0.8730770111083984,0.00961534976959233,0.22222148753955337,0.86875,0.8578125,0.010937500000000044,5,10,21
resnet50,beans,random,41,10,21,0.5238095238095238,1,0.6666666666666666,rendered_sst2,rendered_sst2,1,rendered_sst2,breastmnist|cifar100|dermamnist|mnist|organcmnist|pathmnist|rendered_sst2|retinamnist|stl10|svhn,0.8826923608779907,0.8826923608779907,0.0,0.0,0.86875,0.86875,0.0,5,10,21
resnet50,beans,random,42,10,21,0.5238095238095238,0,0.3333333333333333,rendered_sst2,rendered_sst2,1,pneumoniamnist,breastmnist|dermamnist|fashion_mnist|octmnist|organsmnist|pathmnist|pneumoniamnist|retinamnist|stl10|usps,0.8826923608779907,0.8759616017341614,0.006730759143829368,0.1555553718848886,0.86875,0.8859375,-0.017187500000000022,5,10,21
resnet50,beans,random,43,10,21,0.5238095238095238,0,0.3333333333333333,rendered_sst2,rendered_sst2,1,organcmnist,breastmnist|dermamnist|mnist|octmnist|organamnist|organcmnist|pathmnist|retinamnist|svhn|tiny_imagenet,0.8826923608779907,0.8730770111083984,0.00961534976959233,0.22222148753955337,0.86875,0.8578125,0.010937500000000044,5,10,21
resnet50,beans,random,44,10,21,0.5238095238095238,0,0.3333333333333333,rendered_sst2,rendered_sst2,1,organcmnist,bloodmnist|cifar100_coarse|mnist|octmnist|organcmnist|retinamnist|stl10|tiny_imagenet|tissuemnist|usps,0.8826923608779907,0.8730770111083984,0.00961534976959233,0.22222148753955337,0.86875,0.8578125,0.010937500000000044,5,10,21
resnet50,beans,random,45,10,21,0.5238095238095238,1,1.0,rendered_sst2,rendered_sst2,1,rendered_sst2,breastmnist|cifar100|octmnist|organcmnist|pneumoniamnist|rendered_sst2|retinamnist|stl10|tissuemnist|usps,0.8826923608779907,0.8826923608779907,0.0,0.0,0.86875,0.86875,0.0,5,10,21
resnet50,beans,random,46,10,21,0.5238095238095238,1,0.6666666666666666,rendered_sst2,rendered_sst2,1,rendered_sst2,breastmnist|mnist|octmnist|organamnist|organcmnist|organsmnist|rendered_sst2|retinamnist|stl10|tissuemnist,0.8826923608779907,0.8826923608779907,0.0,0.0,0.86875,0.86875,0.0,5,10,21
resnet50,beans,random,47,10,21,0.5238095238095238,0,0.3333333333333333,rendered_sst2,rendered_sst2,1,pneumoniamnist,cifar10|cifar100|cifar100_coarse|fashion_mnist|octmnist|organamnist|organsmnist|pathmnist|pneumoniamnist|tiny_imagenet,0.8826923608779907,0.8759616017341614,0.006730759143829368,0.1555553718848886,0.86875,0.8859375,-0.017187500000000022,5,10,21
resnet50,beans,random,48,10,21,0.5238095238095238,0,0.3333333333333333,rendered_sst2,rendered_sst2,1,pneumoniamnist,bloodmnist|breastmnist|cifar100_coarse|dermamnist|mnist|octmnist|organamnist|pneumoniamnist|stl10|usps,0.8826923608779907,0.8759616017341614,0.006730759143829368,0.1555553718848886,0.86875,0.8859375,-0.017187500000000022,5,10,21
resnet50,beans,random,49,10,21,0.5238095238095238,1,0.3333333333333333,rendered_sst2,rendered_sst2,1,rendered_sst2,bloodmnist|breastmnist|cifar10|cifar100|fashion_mnist|mnist|pathmnist|rendered_sst2|stl10|usps,0.8826923608779907,0.8826923608779907,0.0,0.0,0.86875,0.86875,0.0,5,10,21
resnet50,beans,random,50,10,21,0.5238095238095238,0,0.3333333333333333,rendered_sst2,rendered_sst2,1,organcmnist,bloodmnist|cifar10|cifar100_coarse|dermamnist|mnist|octmnist|organcmnist|organsmnist|tiny_imagenet|usps,0.8826923608779907,0.8730770111083984,0.00961534976959233,0.22222148753955337,0.86875,0.8578125,0.010937500000000044,5,10,21
resnet50,beans,random,51,10,21,0.5238095238095238,0,0.6666666666666666,rendered_sst2,rendered_sst2,1,pneumoniamnist,breastmnist|cifar10|cifar100|dermamnist|fashion_mnist|octmnist|organamnist|organcmnist|pathmnist|pneumoniamnist,0.8826923608779907,0.8759616017341614,0.006730759143829368,0.1555553718848886,0.86875,0.8859375,-0.017187500000000022,5,10,21
resnet50,beans,random,52,10,21,0.5238095238095238,1,0.3333333333333333,rendered_sst2,rendered_sst2,1,rendered_sst2,cifar10|cifar100|cifar100_coarse|fashion_mnist|octmnist|organsmnist|rendered_sst2|retinamnist|stl10|tiny_imagenet,0.8826923608779907,0.8826923608779907,0.0,0.0,0.86875,0.86875,0.0,5,10,21
resnet50,beans,random,53,10,21,0.5238095238095238,1,0.6666666666666666,rendered_sst2,rendered_sst2,1,rendered_sst2,mnist|organamnist|organsmnist|pathmnist|pneumoniamnist|rendered_sst2|retinamnist|stl10|tiny_imagenet|tissuemnist,0.8826923608779907,0.8826923608779907,0.0,0.0,0.86875,0.86875,0.0,5,10,21
resnet50,beans,random,54,10,21,0.5238095238095238,1,0.6666666666666666,rendered_sst2,rendered_sst2,1,rendered_sst2,bloodmnist|breastmnist|cifar10|octmnist|organamnist|organcmnist|organsmnist|rendered_sst2|tiny_imagenet|tissuemnist,0.8826923608779907,0.8826923608779907,0.0,0.0,0.86875,0.86875,0.0,5,10,21
resnet50,beans,random,55,10,21,0.5238095238095238,0,0.6666666666666666,rendered_sst2,rendered_sst2,1,pneumoniamnist,bloodmnist|dermamnist|mnist|octmnist|organcmnist|organsmnist|pathmnist|pneumoniamnist|retinamnist|usps,0.8826923608779907,0.8759616017341614,0.006730759143829368,0.1555553718848886,0.86875,0.8859375,-0.017187500000000022,5,10,21
resnet50,beans,random,56,10,21,0.5238095238095238,0,0.0,rendered_sst2,rendered_sst2,1,organsmnist,cifar10|cifar100|cifar100_coarse|mnist|octmnist|organsmnist|retinamnist|stl10|svhn|tissuemnist,0.8826923608779907,0.8663462162017822,0.01634614467620854,0.37777768594244504,0.86875,0.8671875,0.0015625000000000222,5,10,21
resnet50,beans,random,57,10,21,0.5238095238095238,0,0.3333333333333333,rendered_sst2,rendered_sst2,1,organcmnist,bloodmnist|breastmnist|dermamnist|fashion_mnist|mnist|organamnist|organcmnist|organsmnist|retinamnist|tiny_imagenet,0.8826923608779907,0.8730770111083984,0.00961534976959233,0.22222148753955337,0.86875,0.8578125,0.010937500000000044,5,10,21
resnet50,beans,random,58,10,21,0.5238095238095238,0,0.6666666666666666,rendered_sst2,rendered_sst2,1,pneumoniamnist,bloodmnist|breastmnist|cifar100_coarse|fashion_mnist|organamnist|organcmnist|pathmnist|pneumoniamnist|tiny_imagenet|usps,0.8826923608779907,0.8759616017341614,0.006730759143829368,0.1555553718848886,0.86875,0.8859375,-0.017187500000000022,5,10,21
resnet50,beans,random,59,10,21,0.5238095238095238,0,0.0,rendered_sst2,rendered_sst2,1,breastmnist,bloodmnist|breastmnist|cifar100|cifar100_coarse|mnist|organamnist|organsmnist|pathmnist|stl10|tissuemnist,0.8826923608779907,0.8721154451370239,0.010576915740966863,0.24444435260911224,0.86875,0.875,-0.006249999999999978,5,10,21
resnet50,beans,random,60,10,21,0.5238095238095238,0,0.3333333333333333,rendered_sst2,rendered_sst2,1,organcmnist,bloodmnist|breastmnist|cifar10|cifar100_coarse|fashion_mnist|octmnist|organcmnist|stl10|tiny_imagenet|tissuemnist,0.8826923608779907,0.8730770111083984,0.00961534976959233,0.22222148753955337,0.86875,0.8578125,0.010937500000000044,5,10,21
resnet50,beans,random,61,10,21,0.5238095238095238,1,0.6666666666666666,rendered_sst2,rendered_sst2,1,rendered_sst2,breastmnist|cifar10|fashion_mnist|octmnist|organamnist|organsmnist|pneumoniamnist|rendered_sst2|retinamnist|tissuemnist,0.8826923608779907,0.8826923608779907,0.0,0.0,0.86875,0.86875,0.0,5,10,21
resnet50,beans,random,62,10,21,0.5238095238095238,1,0.6666666666666666,rendered_sst2,rendered_sst2,1,rendered_sst2,cifar100|cifar100_coarse|mnist|organamnist|organcmnist|pathmnist|rendered_sst2|svhn|tissuemnist|usps,0.8826923608779907,0.8826923608779907,0.0,0.0,0.86875,0.86875,0.0,5,10,21
resnet50,beans,random,63,10,21,0.5238095238095238,1,0.6666666666666666,rendered_sst2,rendered_sst2,1,rendered_sst2,bloodmnist|cifar10|cifar100|fashion_mnist|pneumoniamnist|rendered_sst2|retinamnist|stl10|svhn|tissuemnist,0.8826923608779907,0.8826923608779907,0.0,0.0,0.86875,0.86875,0.0,5,10,21
resnet50,beans,random,64,10,21,0.5238095238095238,0,0.3333333333333333,rendered_sst2,rendered_sst2,1,organcmnist,breastmnist|cifar100_coarse|dermamnist|fashion_mnist|mnist|organamnist|organcmnist|organsmnist|retinamnist|tiny_imagenet,0.8826923608779907,0.8730770111083984,0.00961534976959233,0.22222148753955337,0.86875,0.8578125,0.010937500000000044,5,10,21
resnet50,beans,random,65,10,21,0.5238095238095238,0,0.3333333333333333,rendered_sst2,rendered_sst2,1,organcmnist,cifar10|cifar100|cifar100_coarse|dermamnist|fashion_mnist|octmnist|organcmnist|pathmnist|tiny_imagenet|tissuemnist,0.8826923608779907,0.8730770111083984,0.00961534976959233,0.22222148753955337,0.86875,0.8578125,0.010937500000000044,5,10,21
resnet50,beans,random,66,10,21,0.5238095238095238,0,0.6666666666666666,rendered_sst2,rendered_sst2,1,pneumoniamnist,bloodmnist|dermamnist|fashion_mnist|octmnist|organcmnist|organsmnist|pneumoniamnist|stl10|tiny_imagenet|usps,0.8826923608779907,0.8759616017341614,0.006730759143829368,0.1555553718848886,0.86875,0.8859375,-0.017187500000000022,5,10,21
resnet50,beans,random,67,10,21,0.5238095238095238,0,0.3333333333333333,rendered_sst2,rendered_sst2,1,organcmnist,cifar10|dermamnist|mnist|organamnist|organcmnist|pathmnist|stl10|svhn|tiny_imagenet|usps,0.8826923608779907,0.8730770111083984,0.00961534976959233,0.22222148753955337,0.86875,0.8578125,0.010937500000000044,5,10,21
resnet50,beans,random,68,10,21,0.5238095238095238,1,0.6666666666666666,rendered_sst2,rendered_sst2,1,rendered_sst2,bloodmnist|cifar10|cifar100|cifar100_coarse|dermamnist|organcmnist|organsmnist|rendered_sst2|svhn|usps,0.8826923608779907,0.8826923608779907,0.0,0.0,0.86875,0.86875,0.0,5,10,21
resnet50,beans,random,69,10,21,0.5238095238095238,0,0.3333333333333333,rendered_sst2,rendered_sst2,1,pneumoniamnist,breastmnist|cifar100|dermamnist|fashion_mnist|mnist|octmnist|pneumoniamnist|retinamnist|tiny_imagenet|tissuemnist,0.8826923608779907,0.8759616017341614,0.006730759143829368,0.1555553718848886,0.86875,0.8859375,-0.017187500000000022,5,10,21
resnet50,beans,random,70,10,21,0.5238095238095238,1,0.6666666666666666,rendered_sst2,rendered_sst2,1,rendered_sst2,bloodmnist|cifar100_coarse|organamnist|organsmnist|pneumoniamnist|rendered_sst2|svhn|tiny_imagenet|tissuemnist|usps,0.8826923608779907,0.8826923608779907,0.0,0.0,0.86875,0.86875,0.0,5,10,21
resnet50,beans,random,71,10,21,0.5238095238095238,0,0.3333333333333333,rendered_sst2,rendered_sst2,1,organcmnist,breastmnist|cifar100|cifar100_coarse|organamnist|organcmnist|retinamnist|stl10|tiny_imagenet|tissuemnist|usps,0.8826923608779907,0.8730770111083984,0.00961534976959233,0.22222148753955337,0.86875,0.8578125,0.010937500000000044,5,10,21
resnet50,beans,random,72,10,21,0.5238095238095238,0,0.3333333333333333,rendered_sst2,rendered_sst2,1,pneumoniamnist,bloodmnist|cifar10|cifar100|cifar100_coarse|octmnist|pathmnist|pneumoniamnist|svhn|tiny_imagenet|usps,0.8826923608779907,0.8759616017341614,0.006730759143829368,0.1555553718848886,0.86875,0.8859375,-0.017187500000000022,5,10,21
resnet50,beans,random,73,10,21,0.5238095238095238,1,0.3333333333333333,rendered_sst2,rendered_sst2,1,rendered_sst2,bloodmnist|breastmnist|fashion_mnist|octmnist|organamnist|organsmnist|rendered_sst2|retinamnist|svhn|usps,0.8826923608779907,0.8826923608779907,0.0,0.0,0.86875,0.86875,0.0,5,10,21
resnet50,beans,random,74,10,21,0.5238095238095238,0,0.0,rendered_sst2,rendered_sst2,1,tiny_imagenet,cifar100_coarse|fashion_mnist|mnist|organsmnist|pathmnist|retinamnist|svhn|tiny_imagenet|tissuemnist|usps,0.8826923608779907,0.869230842590332,0.013461518287658736,0.3111107437697772,0.86875,0.853125,0.015625,5,10,21
resnet50,beans,random,75,10,21,0.5238095238095238,1,0.3333333333333333,rendered_sst2,rendered_sst2,1,rendered_sst2,cifar10|cifar100|cifar100_coarse|dermamnist|fashion_mnist|mnist|organsmnist|rendered_sst2|retinamnist|usps,0.8826923608779907,0.8826923608779907,0.0,0.0,0.86875,0.86875,0.0,5,10,21
resnet50,beans,random,76,10,21,0.5238095238095238,0,0.3333333333333333,rendered_sst2,rendered_sst2,1,pneumoniamnist,bloodmnist|breastmnist|cifar100_coarse|mnist|octmnist|organamnist|pneumoniamnist|retinamnist|stl10|svhn,0.8826923608779907,0.8759616017341614,0.006730759143829368,0.1555553718848886,0.86875,0.8859375,-0.017187500000000022,5,10,21
resnet50,beans,random,77,10,21,0.5238095238095238,0,0.3333333333333333,rendered_sst2,rendered_sst2,1,organcmnist,bloodmnist|breastmnist|cifar100|cifar100_coarse|fashion_mnist|octmnist|organcmnist|retinamnist|stl10|usps,0.8826923608779907,0.8730770111083984,0.00961534976959233,0.22222148753955337,0.86875,0.8578125,0.010937500000000044,5,10,21
resnet50,beans,random,78,10,21,0.5238095238095238,1,0.6666666666666666,rendered_sst2,rendered_sst2,1,rendered_sst2,cifar10|cifar100|fashion_mnist|organamnist|pathmnist|pneumoniamnist|rendered_sst2|stl10|svhn|tissuemnist,0.8826923608779907,0.8826923608779907,0.0,0.0,0.86875,0.86875,0.0,5,10,21
resnet50,beans,random,79,10,21,0.5238095238095238,0,0.0,rendered_sst2,rendered_sst2,1,organamnist,bloodmnist|cifar100_coarse|mnist|organamnist|organsmnist|pathmnist|retinamnist|stl10|svhn|usps,0.8826923608779907,0.8701923966407776,0.012499964237213113,0.2888881542062185,0.86875,0.8640625,0.004687500000000067,5,10,21
resnet50,beans,random,80,10,21,0.5238095238095238,0,0.6666666666666666,rendered_sst2,rendered_sst2,1,pneumoniamnist,cifar10|cifar100|cifar100_coarse|dermamnist|mnist|organamnist|organcmnist|pneumoniamnist|stl10|tiny_imagenet,0.8826923608779907,0.8759616017341614,0.006730759143829368,0.1555553718848886,0.86875,0.8859375,-0.017187500000000022,5,10,21
resnet50,beans,random,81,10,21,0.5238095238095238,0,0.6666666666666666,rendered_sst2,rendered_sst2,1,pneumoniamnist,bloodmnist|breastmnist|cifar10|fashion_mnist|octmnist|organcmnist|organsmnist|pathmnist|pneumoniamnist|svhn,0.8826923608779907,0.8759616017341614,0.006730759143829368,0.1555553718848886,0.86875,0.8859375,-0.017187500000000022,5,10,21
resnet50,beans,random,82,10,21,0.5238095238095238,0,0.6666666666666666,rendered_sst2,rendered_sst2,1,pneumoniamnist,bloodmnist|breastmnist|cifar100|mnist|octmnist|organcmnist|pneumoniamnist|stl10|tiny_imagenet|tissuemnist,0.8826923608779907,0.8759616017341614,0.006730759143829368,0.1555553718848886,0.86875,0.8859375,-0.017187500000000022,5,10,21
resnet50,beans,random,83,10,21,0.5238095238095238,0,0.6666666666666666,rendered_sst2,rendered_sst2,1,pneumoniamnist,bloodmnist|cifar10|cifar100|dermamnist|octmnist|organcmnist|pneumoniamnist|stl10|tiny_imagenet|tissuemnist,0.8826923608779907,0.8759616017341614,0.006730759143829368,0.1555553718848886,0.86875,0.8859375,-0.017187500000000022,5,10,21
resnet50,beans,random,84,10,21,0.5238095238095238,0,0.3333333333333333,rendered_sst2,rendered_sst2,1,organcmnist,bloodmnist|cifar10|cifar100|cifar100_coarse|mnist|octmnist|organcmnist|organsmnist|pathmnist|tissuemnist,0.8826923608779907,0.8730770111083984,0.00961534976959233,0.22222148753955337,0.86875,0.8578125,0.010937500000000044,5,10,21
resnet50,beans,random,85,10,21,0.5238095238095238,0,0.3333333333333333,rendered_sst2,rendered_sst2,1,pneumoniamnist,breastmnist|cifar100|cifar100_coarse|fashion_mnist|octmnist|pathmnist|pneumoniamnist|retinamnist|tiny_imagenet|usps,0.8826923608779907,0.8759616017341614,0.006730759143829368,0.1555553718848886,0.86875,0.8859375,-0.017187500000000022,5,10,21
resnet50,beans,random,86,10,21,0.5238095238095238,0,0.3333333333333333,rendered_sst2,rendered_sst2,1,pneumoniamnist,breastmnist|cifar10|cifar100_coarse|mnist|pathmnist|pneumoniamnist|retinamnist|svhn|tiny_imagenet|usps,0.8826923608779907,0.8759616017341614,0.006730759143829368,0.1555553718848886,0.86875,0.8859375,-0.017187500000000022,5,10,21
resnet50,beans,random,87,10,21,0.5238095238095238,0,0.0,rendered_sst2,rendered_sst2,1,breastmnist,breastmnist|cifar10|cifar100|dermamnist|fashion_mnist|mnist|organamnist|retinamnist|tiny_imagenet|tissuemnist,0.8826923608779907,0.8721154451370239,0.010576915740966863,0.24444435260911224,0.86875,0.875,-0.006249999999999978,5,10,21
resnet50,beans,random,88,10,21,0.5238095238095238,0,0.3333333333333333,rendered_sst2,rendered_sst2,1,pneumoniamnist,bloodmnist|breastmnist|cifar100|dermamnist|octmnist|organamnist|pneumoniamnist|stl10|svhn|usps,0.8826923608779907,0.8759616017341614,0.006730759143829368,0.1555553718848886,0.86875,0.8859375,-0.017187500000000022,5,10,21
resnet50,beans,random,89,10,21,0.5238095238095238,0,0.0,rendered_sst2,rendered_sst2,1,organamnist,bloodmnist|cifar10|cifar100|cifar100_coarse|dermamnist|fashion_mnist|organamnist|organsmnist|tiny_imagenet|tissuemnist,0.8826923608779907,0.8701923966407776,0.012499964237213113,0.2888881542062185,0.86875,0.8640625,0.004687500000000067,5,10,21
resnet50,beans,random,90,10,21,0.5238095238095238,0,0.0,rendered_sst2,rendered_sst2,1,organamnist,cifar10|dermamnist|octmnist|organamnist|organsmnist|pathmnist|retinamnist|stl10|svhn|tissuemnist,0.8826923608779907,0.8701923966407776,0.012499964237213113,0.2888881542062185,0.86875,0.8640625,0.004687500000000067,5,10,21
resnet50,beans,random,91,10,21,0.5238095238095238,0,0.0,rendered_sst2,rendered_sst2,1,tiny_imagenet,bloodmnist|cifar10|fashion_mnist|mnist|octmnist|pathmnist|stl10|svhn|tiny_imagenet|tissuemnist,0.8826923608779907,0.869230842590332,0.013461518287658736,0.3111107437697772,0.86875,0.853125,0.015625,5,10,21
resnet50,beans,random,92,10,21,0.5238095238095238,1,0.6666666666666666,rendered_sst2,rendered_sst2,1,rendered_sst2,cifar10|cifar100|dermamnist|organsmnist|pathmnist|pneumoniamnist|rendered_sst2|retinamnist|stl10|tissuemnist,0.8826923608779907,0.8826923608779907,0.0,0.0,0.86875,0.86875,0.0,5,10,21
resnet50,beans,random,93,10,21,0.5238095238095238,0,0.0,rendered_sst2,rendered_sst2,1,breastmnist,breastmnist|cifar10|cifar100_coarse|dermamnist|organamnist|organsmnist|pathmnist|stl10|tissuemnist|usps,0.8826923608779907,0.8721154451370239,0.010576915740966863,0.24444435260911224,0.86875,0.875,-0.006249999999999978,5,10,21
resnet50,beans,random,94,10,21,0.5238095238095238,1,1.0,rendered_sst2,rendered_sst2,1,rendered_sst2,breastmnist|dermamnist|mnist|octmnist|organamnist|organcmnist|pneumoniamnist|rendered_sst2|stl10|tiny_imagenet,0.8826923608779907,0.8826923608779907,0.0,0.0,0.86875,0.86875,0.0,5,10,21
resnet50,beans,random,95,10,21,0.5238095238095238,0,0.3333333333333333,rendered_sst2,rendered_sst2,1,pneumoniamnist,breastmnist|cifar100_coarse|mnist|octmnist|organsmnist|pathmnist|pneumoniamnist|retinamnist|stl10|tissuemnist,0.8826923608779907,0.8759616017341614,0.006730759143829368,0.1555553718848886,0.86875,0.8859375,-0.017187500000000022,5,10,21
resnet50,beans,random,96,10,21,0.5238095238095238,1,0.6666666666666666,rendered_sst2,rendered_sst2,1,rendered_sst2,breastmnist|cifar10|cifar100_coarse|fashion_mnist|organsmnist|pneumoniamnist|rendered_sst2|svhn|tiny_imagenet|tissuemnist,0.8826923608779907,0.8826923608779907,0.0,0.0,0.86875,0.86875,0.0,5,10,21
resnet50,beans,random,97,10,21,0.5238095238095238,0,0.3333333333333333,rendered_sst2,rendered_sst2,1,pneumoniamnist,bloodmnist|breastmnist|cifar100|cifar100_coarse|mnist|pneumoniamnist|stl10|svhn|tissuemnist|usps,0.8826923608779907,0.8759616017341614,0.006730759143829368,0.1555553718848886,0.86875,0.8859375,-0.017187500000000022,5,10,21
resnet50,beans,random,98,10,21,0.5238095238095238,1,0.3333333333333333,rendered_sst2,rendered_sst2,1,rendered_sst2,cifar10|cifar100_coarse|mnist|octmnist|rendered_sst2|retinamnist|svhn|tiny_imagenet|tissuemnist|usps,0.8826923608779907,0.8826923608779907,0.0,0.0,0.86875,0.86875,0.0,5,10,21
resnet50,beans,random,99,10,21,0.5238095238095238,1,0.3333333333333333,rendered_sst2,rendered_sst2,1,rendered_sst2,bloodmnist|breastmnist|cifar100|octmnist|organamnist|organsmnist|rendered_sst2|stl10|tissuemnist|usps,0.8826923608779907,0.8826923608779907,0.0,0.0,0.86875,0.86875,0.0,5,10,21
resnet50,dtd,rank_only,-1,3,21,0.8571428571428572,0,0.25,cifar10,cifar10,1,cifar100,tiny_imagenet|cifar100_coarse|cifar100,0.6252659916877746,0.6242021679878235,0.0010638236999511719,0.017937107964948282,0.6276595711708068,0.6397871971130371,-0.012127625942230269,5,3,21
resnet50,dtd,facility_subspace,-1,3,21,0.8571428571428572,0,0.25,cifar10,cifar10,1,cifar100,organcmnist|cifar100|svhn,0.6252659916877746,0.6242021679878235,0.0010638236999511719,0.017937107964948282,0.6276595711708068,0.6397871971130371,-0.012127625942230269,5,3,21
resnet50,dtd,kcenter_subspace,-1,3,21,0.8571428571428572,0,0.0,cifar10,cifar10,1,tiny_imagenet,tiny_imagenet|rendered_sst2|usps,0.6252659916877746,0.6220744729042054,0.0031915187835692693,0.053812127888925525,0.6276595711708068,0.6438297748565673,-0.016170203685760498,5,3,21
resnet50,dtd,dpp_subspace,-1,3,21,0.8571428571428572,0,0.25,cifar10,cifar10,1,stl10,tiny_imagenet|stl10|cifar100_coarse,0.6252659916877746,0.6228723645210266,0.002393627166748069,0.04035889491817491,0.6276595711708068,0.6314893364906311,-0.003829765319824263,5,3,21
resnet50,dtd,pool_vendi_subspace,-1,3,21,0.8571428571428572,0,0.0,cifar10,cifar10,1,tiny_imagenet,tiny_imagenet|rendered_sst2|usps,0.6252659916877746,0.6220744729042054,0.0031915187835692693,0.053812127888925525,0.6276595711708068,0.6438297748565673,-0.016170203685760498,5,3,21
resnet50,dtd,full_merged_rank,-1,3,21,0.8571428571428572,0,0.25,cifar10,cifar10,1,stl10,tiny_imagenet|stl10|cifar100_coarse,0.6252659916877746,0.6228723645210266,0.002393627166748069,0.04035889491817491,0.6276595711708068,0.6314893364906311,-0.003829765319824263,5,3,21
resnet50,dtd,random,0,3,21,0.8571428571428572,0,0.0,cifar10,cifar10,1,fashion_mnist,breastmnist|cifar100_coarse|fashion_mnist,0.6252659916877746,0.6164893984794617,0.008776593208312922,0.14798194470490403,0.6276595711708068,0.6259574294090271,0.0017021417617797407,5,3,21
resnet50,dtd,random,1,3,21,0.8571428571428572,1,0.25,cifar10,cifar10,1,cifar10,cifar10|cifar100_coarse|fashion_mnist,0.6252659916877746,0.6252659916877746,0.0,0.0,0.6276595711708068,0.6276595711708068,0.0,5,3,21
resnet50,dtd,random,2,3,21,0.8571428571428572,0,0.0,cifar10,cifar10,1,pathmnist,breastmnist|pathmnist|svhn,0.6252659916877746,0.6143617391586303,0.010904252529144287,0.18385636163332217,0.6276595711708068,0.6264893770217895,0.0011701941490173118,5,3,21
resnet50,dtd,random,3,3,21,0.8571428571428572,0,0.0,cifar10,cifar10,1,dermamnist,breastmnist|dermamnist|rendered_sst2,0.6252659916877746,0.6154255509376526,0.009840440750122026,0.16591945466689356,0.6276595711708068,0.6298935890197754,-0.0022340178489685947,5,3,21
resnet50,dtd,random,4,3,21,0.8571428571428572,0,0.0,cifar10,cifar10,1,fashion_mnist,fashion_mnist|rendered_sst2|usps,0.6252659916877746,0.6164893984794617,0.008776593208312922,0.14798194470490403,0.6276595711708068,0.6259574294090271,0.0017021417617797407,5,3,21
resnet50,dtd,random,5,3,21,0.8571428571428572,0,0.25,cifar10,cifar10,1,organsmnist,mnist|organsmnist|tiny_imagenet,0.6252659916877746,0.6228723645210266,0.002393627166748069,0.04035889491817491,0.6276595711708068,0.6252127528190613,0.002446818351745539,5,3,21
resnet50,dtd,random,6,3,21,0.8571428571428572,0,0.0,cifar10,cifar10,1,tissuemnist,cifar100_coarse|pneumoniamnist|tissuemnist,0.6252659916877746,0.6074468493461609,0.017819142341613747,0.300448166401047,0.6276595711708068,0.6155318975448608,0.012127673625946023,5,3,21
resnet50,dtd,random,7,3,21,0.8571428571428572,0,0.0,cifar10,cifar10,1,svhn,cifar100_coarse|organamnist|svhn,0.6252659916877746,0.6119680881500245,0.013297903537750178,0.22421565854853648,0.6276595711708068,0.6177659511566163,0.009893620014190585,5,3,21
resnet50,dtd,random,8,3,21,0.8571428571428572,0,0.25,cifar10,cifar10,1,cifar100,cifar100|organamnist|rendered_sst2,0.6252659916877746,0.6242021679878235,0.0010638236999511719,0.017937107964948282,0.6276595711708068,0.6397871971130371,-0.012127625942230269,5,3,21
resnet50,dtd,random,9,3,21,0.8571428571428572,1,0.25,cifar10,cifar10,1,cifar10,cifar10|organamnist|tissuemnist,0.6252659916877746,0.6252659916877746,0.0,0.0,0.6276595711708068,0.6276595711708068,0.0,5,3,21
resnet50,dtd,random,10,3,21,0.8571428571428572,0,0.0,cifar10,cifar10,1,tiny_imagenet,fashion_mnist|organcmnist|tiny_imagenet,0.6252659916877746,0.6220744729042054,0.0031915187835692693,0.053812127888925525,0.6276595711708068,0.6438297748565673,-0.016170203685760498,5,3,21
resnet50,dtd,random,11,3,21,0.8571428571428572,0,0.0,cifar10,cifar10,1,fashion_mnist,fashion_mnist|pathmnist|retinamnist,0.6252659916877746,0.6164893984794617,0.008776593208312922,0.14798194470490403,0.6276595711708068,0.6259574294090271,0.0017021417617797407,5,3,21
resnet50,dtd,random,12,3,21,0.8571428571428572,0,0.0,cifar10,cifar10,1,tissuemnist,rendered_sst2|tissuemnist|usps,0.6252659916877746,0.6074468493461609,0.017819142341613747,0.300448166401047,0.6276595711708068,0.6155318975448608,0.012127673625946023,5,3,21
resnet50,dtd,random,13,3,21,0.8571428571428572,0,0.25,cifar10,cifar10,1,organsmnist,organsmnist|svhn|tissuemnist,0.6252659916877746,0.6228723645210266,0.002393627166748069,0.04035889491817491,0.6276595711708068,0.6252127528190613,0.002446818351745539,5,3,21
resnet50,dtd,random,14,3,21,0.8571428571428572,0,0.0,cifar10,cifar10,1,tissuemnist,rendered_sst2|retinamnist|tissuemnist,0.6252659916877746,0.6074468493461609,0.017819142341613747,0.300448166401047,0.6276595711708068,0.6155318975448608,0.012127673625946023,5,3,21
resnet50,dtd,random,15,3,21,0.8571428571428572,0,0.25,cifar10,cifar10,1,stl10,dermamnist|stl10|tissuemnist,0.6252659916877746,0.6228723645210266,0.002393627166748069,0.04035889491817491,0.6276595711708068,0.6314893364906311,-0.003829765319824263,5,3,21
resnet50,dtd,random,16,3,21,0.8571428571428572,0,0.0,cifar10,cifar10,1,mnist,mnist|octmnist|tissuemnist,0.6252659916877746,0.6106383085250855,0.014627683162689142,0.24663704350472182,0.6276595711708068,0.6230850696563721,0.004574501514434726,5,3,21
resnet50,dtd,random,17,3,21,0.8571428571428572,0,0.0,cifar10,cifar10,1,fashion_mnist,fashion_mnist|mnist|usps,0.6252659916877746,0.6164893984794617,0.008776593208312922,0.14798194470490403,0.6276595711708068,0.6259574294090271,0.0017021417617797407,5,3,21
resnet50,dtd,random,18,3,21,0.8571428571428572,0,0.0,cifar10,cifar10,1,dermamnist,dermamnist|organcmnist|pneumoniamnist,0.6252659916877746,0.6154255509376526,0.009840440750122026,0.16591945466689356,0.6276595711708068,0.6298935890197754,-0.0022340178489685947,5,3,21
resnet50,dtd,random,19,3,21,0.8571428571428572,1,0.5,cifar10,cifar10,1,cifar10,bloodmnist|cifar10|cifar100,0.6252659916877746,0.6252659916877746,0.0,0.0,0.6276595711708068,0.6276595711708068,0.0,5,3,21
resnet50,dtd,random,20,3,21,0.8571428571428572,0,0.25,cifar10,cifar10,1,organsmnist,mnist|organamnist|organsmnist,0.6252659916877746,0.6228723645210266,0.002393627166748069,0.04035889491817491,0.6276595711708068,0.6252127528190613,0.002446818351745539,5,3,21
resnet50,dtd,random,21,3,21,0.8571428571428572,0,0.0,cifar10,cifar10,1,cifar100_coarse,cifar100_coarse|octmnist|organcmnist,0.6252659916877746,0.6063830137252808,0.01888297796249383,0.31838547536451495,0.6276595711708068,0.6255319118499756,0.0021276593208312544,5,3,21
resnet50,dtd,random,22,3,21,0.8571428571428572,0,0.25,cifar10,cifar10,1,organsmnist,organamnist|organsmnist|usps,0.6252659916877746,0.6228723645210266,0.002393627166748069,0.04035889491817491,0.6276595711708068,0.6252127528190613,0.002446818351745539,5,3,21
resnet50,dtd,random,23,3,21,0.8571428571428572,1,0.25,cifar10,cifar10,1,cifar10,cifar10|mnist|rendered_sst2,0.6252659916877746,0.6252659916877746,0.0,0.0,0.6276595711708068,0.6276595711708068,0.0,5,3,21
resnet50,dtd,random,24,3,21,0.8571428571428572,0,0.0,cifar10,cifar10,1,tiny_imagenet,fashion_mnist|organamnist|tiny_imagenet,0.6252659916877746,0.6220744729042054,0.0031915187835692693,0.053812127888925525,0.6276595711708068,0.6438297748565673,-0.016170203685760498,5,3,21
resnet50,dtd,random,25,3,21,0.8571428571428572,0,0.0,cifar10,cifar10,1,dermamnist,bloodmnist|dermamnist|retinamnist,0.6252659916877746,0.6154255509376526,0.009840440750122026,0.16591945466689356,0.6276595711708068,0.6298935890197754,-0.0022340178489685947,5,3,21
resnet50,dtd,random,26,3,21,0.8571428571428572,0,0.0,cifar10,cifar10,1,organamnist,cifar100_coarse|organamnist|tissuemnist,0.6252659916877746,0.6079787492752076,0.017287242412567072,0.29147981341709256,0.6276595711708068,0.6354255080223083,-0.007765936851501509,5,3,21
resnet50,dtd,random,27,3,21,0.8571428571428572,0,0.0,cifar10,cifar10,1,organamnist,organamnist|retinamnist|usps,0.6252659916877746,0.6079787492752076,0.017287242412567072,0.29147981341709256,0.6276595711708068,0.6354255080223083,-0.007765936851501509,5,3,21
resnet50,dtd,random,28,3,21,0.8571428571428572,0,0.0,cifar10,cifar10,1,bloodmnist,bloodmnist|retinamnist|tissuemnist,0.6252659916877746,0.6151595950126648,0.010106396675109819,0.17040373165813064,0.6276595711708068,0.6188297510147095,0.008829820156097345,5,3,21
resnet50,dtd,random,29,3,21,0.8571428571428572,0,0.0,cifar10,cifar10,1,tiny_imagenet,bloodmnist|pathmnist|tiny_imagenet,0.6252659916877746,0.6220744729042054,0.0031915187835692693,0.053812127888925525,0.6276595711708068,0.6438297748565673,-0.016170203685760498,5,3,21
resnet50,dtd,random,30,3,21,0.8571428571428572,0,0.25,cifar10,cifar10,1,stl10,bloodmnist|cifar100_coarse|stl10,0.6252659916877746,0.6228723645210266,0.002393627166748069,0.04035889491817491,0.6276595711708068,0.6314893364906311,-0.003829765319824263,5,3,21
resnet50,dtd,random,31,3,21,0.8571428571428572,0,0.25,cifar10,cifar10,1,cifar100,cifar100|pneumoniamnist|tiny_imagenet,0.6252659916877746,0.6242021679878235,0.0010638236999511719,0.017937107964948282,0.6276595711708068,0.6397871971130371,-0.012127625942230269,5,3,21
resnet50,dtd,random,32,3,21,0.8571428571428572,0,0.25,cifar10,cifar10,1,organsmnist,fashion_mnist|organsmnist|retinamnist,0.6252659916877746,0.6228723645210266,0.002393627166748069,0.04035889491817491,0.6276595711708068,0.6252127528190613,0.002446818351745539,5,3,21
resnet50,dtd,random,33,3,21,0.8571428571428572,0,0.25,cifar10,cifar10,1,cifar100,cifar100|fashion_mnist|pathmnist,0.6252659916877746,0.6242021679878235,0.0010638236999511719,0.017937107964948282,0.6276595711708068,0.6397871971130371,-0.012127625942230269,5,3,21
resnet50,dtd,random,34,3,21,0.8571428571428572,1,0.5,cifar10,cifar10,1,cifar10,cifar10|cifar100|organcmnist,0.6252659916877746,0.6252659916877746,0.0,0.0,0.6276595711708068,0.6276595711708068,0.0,5,3,21
resnet50,dtd,random,35,3,21,0.8571428571428572,1,0.25,cifar10,cifar10,1,cifar10,cifar10|svhn|tiny_imagenet,0.6252659916877746,0.6252659916877746,0.0,0.0,0.6276595711708068,0.6276595711708068,0.0,5,3,21
resnet50,dtd,random,36,3,21,0.8571428571428572,0,0.0,cifar10,cifar10,1,organamnist,breastmnist|organamnist|organcmnist,0.6252659916877746,0.6079787492752076,0.017287242412567072,0.29147981341709256,0.6276595711708068,0.6354255080223083,-0.007765936851501509,5,3,21
resnet50,dtd,random,37,3,21,0.8571428571428572,0,0.25,cifar10,cifar10,1,stl10,fashion_mnist|pathmnist|stl10,0.6252659916877746,0.6228723645210266,0.002393627166748069,0.04035889491817491,0.6276595711708068,0.6314893364906311,-0.003829765319824263,5,3,21
resnet50,dtd,random,38,3,21,0.8571428571428572,0,0.0,cifar10,cifar10,1,bloodmnist,bloodmnist|octmnist|organcmnist,0.6252659916877746,0.6151595950126648,0.010106396675109819,0.17040373165813064,0.6276595711708068,0.6188297510147095,0.008829820156097345,5,3,21
resnet50,dtd,random,39,3,21,0.8571428571428572,0,0.25,cifar10,cifar10,1,organsmnist,organsmnist|svhn|usps,0.6252659916877746,0.6228723645210266,0.002393627166748069,0.04035889491817491,0.6276595711708068,0.6252127528190613,0.002446818351745539,5,3,21
resnet50,dtd,random,40,3,21,0.8571428571428572,1,0.25,cifar10,cifar10,1,cifar10,cifar10|mnist|retinamnist,0.6252659916877746,0.6252659916877746,0.0,0.0,0.6276595711708068,0.6276595711708068,0.0,5,3,21
resnet50,dtd,random,41,3,21,0.8571428571428572,0,0.25,cifar10,cifar10,1,cifar100,cifar100|mnist|organcmnist,0.6252659916877746,0.6242021679878235,0.0010638236999511719,0.017937107964948282,0.6276595711708068,0.6397871971130371,-0.012127625942230269,5,3,21
resnet50,dtd,random,42,3,21,0.8571428571428572,0,0.0,cifar10,cifar10,1,tiny_imagenet,organcmnist|retinamnist|tiny_imagenet,0.6252659916877746,0.6220744729042054,0.0031915187835692693,0.053812127888925525,0.6276595711708068,0.6438297748565673,-0.016170203685760498,5,3,21
resnet50,dtd,random,43,3,21,0.8571428571428572,0,0.0,cifar10,cifar10,1,dermamnist,bloodmnist|dermamnist|pneumoniamnist,0.6252659916877746,0.6154255509376526,0.009840440750122026,0.16591945466689356,0.6276595711708068,0.6298935890197754,-0.0022340178489685947,5,3,21
resnet50,dtd,random,44,3,21,0.8571428571428572,1,0.5,cifar10,cifar10,1,cifar10,cifar10|stl10|tiny_imagenet,0.6252659916877746,0.6252659916877746,0.0,0.0,0.6276595711708068,0.6276595711708068,0.0,5,3,21
resnet50,dtd,random,45,3,21,0.8571428571428572,0,0.25,cifar10,cifar10,1,stl10,pneumoniamnist|stl10|tiny_imagenet,0.6252659916877746,0.6228723645210266,0.002393627166748069,0.04035889491817491,0.6276595711708068,0.6314893364906311,-0.003829765319824263,5,3,21
resnet50,dtd,random,46,3,21,0.8571428571428572,0,0.5,cifar10,cifar10,1,organsmnist,bloodmnist|organsmnist|stl10,0.6252659916877746,0.6228723645210266,0.002393627166748069,0.04035889491817491,0.6276595711708068,0.6252127528190613,0.002446818351745539,5,3,21
resnet50,dtd,random,47,3,21,0.8571428571428572,0,0.0,cifar10,cifar10,1,pneumoniamnist,breastmnist|pneumoniamnist|rendered_sst2,0.6252659916877746,0.6042553424835205,0.021010649204254106,0.3542600932914528,0.6276595711708068,0.6127659440040588,0.014893627166748025,5,3,21
resnet50,dtd,random,48,3,21,0.8571428571428572,0,0.0,cifar10,cifar10,1,mnist,mnist|organamnist|tissuemnist,0.6252659916877746,0.6106383085250855,0.014627683162689142,0.24663704350472182,0.6276595711708068,0.6230850696563721,0.004574501514434726,5,3,21
resnet50,dtd,random,49,3,21,0.8571428571428572,0,0.0,cifar10,cifar10,1,dermamnist,cifar100_coarse|dermamnist|tissuemnist,0.6252659916877746,0.6154255509376526,0.009840440750122026,0.16591945466689356,0.6276595711708068,0.6298935890197754,-0.0022340178489685947,5,3,21
resnet50,dtd,random,50,3,21,0.8571428571428572,0,0.0,cifar10,cifar10,1,dermamnist,dermamnist|organcmnist|pathmnist,0.6252659916877746,0.6154255509376526,0.009840440750122026,0.16591945466689356,0.6276595711708068,0.6298935890197754,-0.0022340178489685947,5,3,21
resnet50,dtd,random,51,3,21,0.8571428571428572,0,0.5,cifar10,cifar10,1,organsmnist,octmnist|organsmnist|stl10,0.6252659916877746,0.6228723645210266,0.002393627166748069,0.04035889491817491,0.6276595711708068,0.6252127528190613,0.002446818351745539,5,3,21
resnet50,dtd,random,52,3,21,0.8571428571428572,0,0.0,cifar10,cifar10,1,bloodmnist,bloodmnist|octmnist|pathmnist,0.6252659916877746,0.6151595950126648,0.010106396675109819,0.17040373165813064,0.6276595711708068,0.6188297510147095,0.008829820156097345,5,3,21
resnet50,dtd,random,53,3,21,0.8571428571428572,0,0.0,cifar10,cifar10,1,fashion_mnist,fashion_mnist|organamnist|organcmnist,0.6252659916877746,0.6164893984794617,0.008776593208312922,0.14798194470490403,0.6276595711708068,0.6259574294090271,0.0017021417617797407,5,3,21
resnet50,dtd,random,54,3,21,0.8571428571428572,0,0.25,cifar10,cifar10,1,stl10,mnist|octmnist|stl10,0.6252659916877746,0.6228723645210266,0.002393627166748069,0.04035889491817491,0.6276595711708068,0.6314893364906311,-0.003829765319824263,5,3,21
resnet50,dtd,random,55,3,21,0.8571428571428572,0,0.25,cifar10,cifar10,1,stl10,cifar100_coarse|stl10|tiny_imagenet,0.6252659916877746,0.6228723645210266,0.002393627166748069,0.04035889491817491,0.6276595711708068,0.6314893364906311,-0.003829765319824263,5,3,21
resnet50,dtd,random,56,3,21,0.8571428571428572,0,0.25,cifar10,cifar10,1,stl10,cifar100_coarse|stl10|tiny_imagenet,0.6252659916877746,0.6228723645210266,0.002393627166748069,0.04035889491817491,0.6276595711708068,0.6314893364906311,-0.003829765319824263,5,3,21
resnet50,dtd,random,57,3,21,0.8571428571428572,0,0.0,cifar10,cifar10,1,tiny_imagenet,mnist|organamnist|tiny_imagenet,0.6252659916877746,0.6220744729042054,0.0031915187835692693,0.053812127888925525,0.6276595711708068,0.6438297748565673,-0.016170203685760498,5,3,21
resnet50,dtd,random,58,3,21,0.8571428571428572,1,0.25,cifar10,cifar10,1,cifar10,cifar10|pneumoniamnist|tissuemnist,0.6252659916877746,0.6252659916877746,0.0,0.0,0.6276595711708068,0.6276595711708068,0.0,5,3,21
resnet50,dtd,random,59,3,21,0.8571428571428572,0,0.25,cifar10,cifar10,1,organsmnist,bloodmnist|cifar100_coarse|organsmnist,0.6252659916877746,0.6228723645210266,0.002393627166748069,0.04035889491817491,0.6276595711708068,0.6252127528190613,0.002446818351745539,5,3,21
resnet50,dtd,random,60,3,21,0.8571428571428572,0,0.0,cifar10,cifar10,1,fashion_mnist,breastmnist|fashion_mnist|svhn,0.6252659916877746,0.6164893984794617,0.008776593208312922,0.14798194470490403,0.6276595711708068,0.6259574294090271,0.0017021417617797407,5,3,21
resnet50,dtd,random,61,3,21,0.8571428571428572,0,0.0,cifar10,cifar10,1,tiny_imagenet,organcmnist|retinamnist|tiny_imagenet,0.6252659916877746,0.6220744729042054,0.0031915187835692693,0.053812127888925525,0.6276595711708068,0.6438297748565673,-0.016170203685760498,5,3,21
resnet50,dtd,random,62,3,21,0.8571428571428572,0,0.0,cifar10,cifar10,1,svhn,pneumoniamnist|svhn|tissuemnist,0.6252659916877746,0.6119680881500245,0.013297903537750178,0.22421565854853648,0.6276595711708068,0.6177659511566163,0.009893620014190585,5,3,21
resnet50,dtd,random,63,3,21,0.8571428571428572,1,0.25,cifar10,cifar10,1,cifar10,cifar10|octmnist|usps,0.6252659916877746,0.6252659916877746,0.0,0.0,0.6276595711708068,0.6276595711708068,0.0,5,3,21
resnet50,dtd,random,64,3,21,0.8571428571428572,0,0.0,cifar10,cifar10,1,tiny_imagenet,breastmnist|fashion_mnist|tiny_imagenet,0.6252659916877746,0.6220744729042054,0.0031915187835692693,0.053812127888925525,0.6276595711708068,0.6438297748565673,-0.016170203685760498,5,3,21
resnet50,dtd,random,65,3,21,0.8571428571428572,0,0.0,cifar10,cifar10,1,dermamnist,dermamnist|octmnist|organcmnist,0.6252659916877746,0.6154255509376526,0.009840440750122026,0.16591945466689356,0.6276595711708068,0.6298935890197754,-0.0022340178489685947,5,3,21
resnet50,dtd,random,66,3,21,0.8571428571428572,0,0.0,cifar10,cifar10,1,cifar100_coarse,cifar100_coarse|octmnist|rendered_sst2,0.6252659916877746,0.6063830137252808,0.01888297796249383,0.31838547536451495,0.6276595711708068,0.6255319118499756,0.0021276593208312544,5,3,21
resnet50,dtd,random,67,3,21,0.8571428571428572,0,0.0,cifar10,cifar10,1,tiny_imagenet,octmnist|retinamnist|tiny_imagenet,0.6252659916877746,0.6220744729042054,0.0031915187835692693,0.053812127888925525,0.6276595711708068,0.6438297748565673,-0.016170203685760498,5,3,21
resnet50,dtd,random,68,3,21,0.8571428571428572,0,0.25,cifar10,cifar10,1,stl10,retinamnist|stl10|usps,0.6252659916877746,0.6228723645210266,0.002393627166748069,0.04035889491817491,0.6276595711708068,0.6314893364906311,-0.003829765319824263,5,3,21
resnet50,dtd,random,69,3,21,0.8571428571428572,0,0.0,cifar10,cifar10,1,mnist,cifar100_coarse|mnist|organamnist,0.6252659916877746,0.6106383085250855,0.014627683162689142,0.24663704350472182,0.6276595711708068,0.6230850696563721,0.004574501514434726,5,3,21
resnet50,dtd,random,70,3,21,0.8571428571428572,1,0.25,cifar10,cifar10,1,cifar10,cifar10|fashion_mnist|rendered_sst2,0.6252659916877746,0.6252659916877746,0.0,0.0,0.6276595711708068,0.6276595711708068,0.0,5,3,21
resnet50,dtd,random,71,3,21,0.8571428571428572,0,0.25,cifar10,cifar10,1,cifar100,cifar100|pneumoniamnist|svhn,0.6252659916877746,0.6242021679878235,0.0010638236999511719,0.017937107964948282,0.6276595711708068,0.6397871971130371,-0.012127625942230269,5,3,21
resnet50,dtd,random,72,3,21,0.8571428571428572,0,0.0,cifar10,cifar10,1,dermamnist,dermamnist|organcmnist|retinamnist,0.6252659916877746,0.6154255509376526,0.009840440750122026,0.16591945466689356,0.6276595711708068,0.6298935890197754,-0.0022340178489685947,5,3,21
resnet50,dtd,random,73,3,21,0.8571428571428572,1,0.25,cifar10,cifar10,1,cifar10,cifar10|pneumoniamnist|tissuemnist,0.6252659916877746,0.6252659916877746,0.0,0.0,0.6276595711708068,0.6276595711708068,0.0,5,3,21
resnet50,dtd,random,74,3,21,0.8571428571428572,1,0.25,cifar10,cifar10,1,cifar10,cifar10|fashion_mnist|octmnist,0.6252659916877746,0.6252659916877746,0.0,0.0,0.6276595711708068,0.6276595711708068,0.0,5,3,21
resnet50,dtd,random,75,3,21,0.8571428571428572,0,0.25,cifar10,cifar10,1,stl10,bloodmnist|stl10|svhn,0.6252659916877746,0.6228723645210266,0.002393627166748069,0.04035889491817491,0.6276595711708068,0.6314893364906311,-0.003829765319824263,5,3,21
resnet50,dtd,random,76,3,21,0.8571428571428572,0,0.25,cifar10,cifar10,1,cifar100,cifar100|octmnist|pneumoniamnist,0.6252659916877746,0.6242021679878235,0.0010638236999511719,0.017937107964948282,0.6276595711708068,0.6397871971130371,-0.012127625942230269,5,3,21
resnet50,dtd,random,77,3,21,0.8571428571428572,0,0.0,cifar10,cifar10,1,fashion_mnist,fashion_mnist|organamnist|pneumoniamnist,0.6252659916877746,0.6164893984794617,0.008776593208312922,0.14798194470490403,0.6276595711708068,0.6259574294090271,0.0017021417617797407,5,3,21
resnet50,dtd,random,78,3,21,0.8571428571428572,0,0.25,cifar10,cifar10,1,stl10,organamnist|rendered_sst2|stl10,0.6252659916877746,0.6228723645210266,0.002393627166748069,0.04035889491817491,0.6276595711708068,0.6314893364906311,-0.003829765319824263,5,3,21
resnet50,dtd,random,79,3,21,0.8571428571428572,0,0.25,cifar10,cifar10,1,organsmnist,organsmnist|pathmnist|tissuemnist,0.6252659916877746,0.6228723645210266,0.002393627166748069,0.04035889491817491,0.6276595711708068,0.6252127528190613,0.002446818351745539,5,3,21
resnet50,dtd,random,80,3,21,0.8571428571428572,1,0.25,cifar10,cifar10,1,cifar10,cifar10|svhn|tiny_imagenet,0.6252659916877746,0.6252659916877746,0.0,0.0,0.6276595711708068,0.6276595711708068,0.0,5,3,21
resnet50,dtd,random,81,3,21,0.8571428571428572,0,0.25,cifar10,cifar10,1,organsmnist,fashion_mnist|organsmnist|rendered_sst2,0.6252659916877746,0.6228723645210266,0.002393627166748069,0.04035889491817491,0.6276595711708068,0.6252127528190613,0.002446818351745539,5,3,21
resnet50,dtd,random,82,3,21,0.8571428571428572,0,0.0,cifar10,cifar10,1,mnist,cifar100_coarse|mnist|retinamnist,0.6252659916877746,0.6106383085250855,0.014627683162689142,0.24663704350472182,0.6276595711708068,0.6230850696563721,0.004574501514434726,5,3,21
resnet50,dtd,random,83,3,21,0.8571428571428572,0,0.25,cifar10,cifar10,1,organsmnist,organsmnist|tissuemnist|usps,0.6252659916877746,0.6228723645210266,0.002393627166748069,0.04035889491817491,0.6276595711708068,0.6252127528190613,0.002446818351745539,5,3,21
resnet50,dtd,random,84,3,21,0.8571428571428572,0,0.5,cifar10,cifar10,1,organsmnist,octmnist|organsmnist|stl10,0.6252659916877746,0.6228723645210266,0.002393627166748069,0.04035889491817491,0.6276595711708068,0.6252127528190613,0.002446818351745539,5,3,21
resnet50,dtd,random,85,3,21,0.8571428571428572,0,0.0,cifar10,cifar10,1,tiny_imagenet,bloodmnist|breastmnist|tiny_imagenet,0.6252659916877746,0.6220744729042054,0.0031915187835692693,0.053812127888925525,0.6276595711708068,0.6438297748565673,-0.016170203685760498,5,3,21
resnet50,dtd,random,86,3,21,0.8571428571428572,0,0.25,cifar10,cifar10,1,stl10,pneumoniamnist|stl10|tissuemnist,0.6252659916877746,0.6228723645210266,0.002393627166748069,0.04035889491817491,0.6276595711708068,0.6314893364906311,-0.003829765319824263,5,3,21
resnet50,dtd,random,87,3,21,0.8571428571428572,0,0.0,cifar10,cifar10,1,pathmnist,pathmnist|rendered_sst2|tissuemnist,0.6252659916877746,0.6143617391586303,0.010904252529144287,0.18385636163332217,0.6276595711708068,0.6264893770217895,0.0011701941490173118,5,3,21
resnet50,dtd,random,88,3,21,0.8571428571428572,0,0.0,cifar10,cifar10,1,cifar100_coarse,cifar100_coarse|organcmnist|rendered_sst2,0.6252659916877746,0.6063830137252808,0.01888297796249383,0.31838547536451495,0.6276595711708068,0.6255319118499756,0.0021276593208312544,5,3,21
resnet50,dtd,random,89,3,21,0.8571428571428572,0,0.0,cifar10,cifar10,1,usps,octmnist|rendered_sst2|usps,0.6252659916877746,0.6071808815002442,0.01808511018753045,0.30493264439080375,0.6276595711708068,0.621276569366455,0.006383001804351807,5,3,21
resnet50,dtd,random,90,3,21,0.8571428571428572,0,0.0,cifar10,cifar10,1,fashion_mnist,bloodmnist|fashion_mnist|tissuemnist,0.6252659916877746,0.6164893984794617,0.008776593208312922,0.14798194470490403,0.6276595711708068,0.6259574294090271,0.0017021417617797407,5,3,21
resnet50,dtd,random,91,3,21,0.8571428571428572,0,0.0,cifar10,cifar10,1,organamnist,breastmnist|cifar100_coarse|organamnist,0.6252659916877746,0.6079787492752076,0.017287242412567072,0.29147981341709256,0.6276595711708068,0.6354255080223083,-0.007765936851501509,5,3,21
resnet50,dtd,random,92,3,21,0.8571428571428572,0,0.25,cifar10,cifar10,1,stl10,organamnist|stl10|usps,0.6252659916877746,0.6228723645210266,0.002393627166748069,0.04035889491817491,0.6276595711708068,0.6314893364906311,-0.003829765319824263,5,3,21
resnet50,dtd,random,93,3,21,0.8571428571428572,0,0.0,cifar10,cifar10,1,pathmnist,pathmnist|pneumoniamnist|retinamnist,0.6252659916877746,0.6143617391586303,0.010904252529144287,0.18385636163332217,0.6276595711708068,0.6264893770217895,0.0011701941490173118,5,3,21
resnet50,dtd,random,94,3,21,0.8571428571428572,0,0.0,cifar10,cifar10,1,usps,breastmnist|octmnist|usps,0.6252659916877746,0.6071808815002442,0.01808511018753045,0.30493264439080375,0.6276595711708068,0.621276569366455,0.006383001804351807,5,3,21
resnet50,dtd,random,95,3,21,0.8571428571428572,0,0.0,cifar10,cifar10,1,tissuemnist,cifar100_coarse|rendered_sst2|tissuemnist,0.6252659916877746,0.6074468493461609,0.017819142341613747,0.300448166401047,0.6276595711708068,0.6155318975448608,0.012127673625946023,5,3,21
resnet50,dtd,random,96,3,21,0.8571428571428572,0,0.25,cifar10,cifar10,1,organsmnist,cifar100_coarse|dermamnist|organsmnist,0.6252659916877746,0.6228723645210266,0.002393627166748069,0.04035889491817491,0.6276595711708068,0.6252127528190613,0.002446818351745539,5,3,21
resnet50,dtd,random,97,3,21,0.8571428571428572,0,0.0,cifar10,cifar10,1,fashion_mnist,fashion_mnist|octmnist|usps,0.6252659916877746,0.6164893984794617,0.008776593208312922,0.14798194470490403,0.6276595711708068,0.6259574294090271,0.0017021417617797407,5,3,21
resnet50,dtd,random,98,3,21,0.8571428571428572,0,0.0,cifar10,cifar10,1,pathmnist,breastmnist|pathmnist|usps,0.6252659916877746,0.6143617391586303,0.010904252529144287,0.18385636163332217,0.6276595711708068,0.6264893770217895,0.0011701941490173118,5,3,21
resnet50,dtd,random,99,3,21,0.8571428571428572,0,0.25,cifar10,cifar10,1,organsmnist,breastmnist|organsmnist|svhn,0.6252659916877746,0.6228723645210266,0.002393627166748069,0.04035889491817491,0.6276595711708068,0.6252127528190613,0.002446818351745539,5,3,21
resnet50,dtd,rank_only,-1,5,21,0.7619047619047619,1,0.75,cifar10,cifar10,1,cifar10,tiny_imagenet|cifar100_coarse|cifar100|stl10|cifar10,0.6252659916877746,0.6252659916877746,0.0,0.0,0.6276595711708068,0.6276595711708068,0.0,5,5,21
resnet50,dtd,facility_subspace,-1,5,21,0.7619047619047619,0,0.25,cifar10,cifar10,1,cifar100,organcmnist|cifar100|svhn|rendered_sst2|retinamnist,0.6252659916877746,0.6242021679878235,0.0010638236999511719,0.017937107964948282,0.6276595711708068,0.6397871971130371,-0.012127625942230269,5,5,21
resnet50,dtd,kcenter_subspace,-1,5,21,0.7619047619047619,0,0.0,cifar10,cifar10,1,tiny_imagenet,tiny_imagenet|rendered_sst2|usps|retinamnist|pathmnist,0.6252659916877746,0.6220744729042054,0.0031915187835692693,0.053812127888925525,0.6276595711708068,0.6438297748565673,-0.016170203685760498,5,5,21
resnet50,dtd,dpp_subspace,-1,5,21,0.7619047619047619,1,0.75,cifar10,cifar10,1,cifar10,tiny_imagenet|stl10|cifar100_coarse|cifar10|organsmnist,0.6252659916877746,0.6252659916877746,0.0,0.0,0.6276595711708068,0.6276595711708068,0.0,5,5,21
resnet50,dtd,pool_vendi_subspace,-1,5,21,0.7619047619047619,0,0.0,cifar10,cifar10,1,tiny_imagenet,tiny_imagenet|rendered_sst2|usps|retinamnist|pathmnist,0.6252659916877746,0.6220744729042054,0.0031915187835692693,0.053812127888925525,0.6276595711708068,0.6438297748565673,-0.016170203685760498,5,5,21
resnet50,dtd,full_merged_rank,-1,5,21,0.7619047619047619,1,0.75,cifar10,cifar10,1,cifar10,tiny_imagenet|stl10|cifar100_coarse|cifar100|cifar10,0.6252659916877746,0.6252659916877746,0.0,0.0,0.6276595711708068,0.6276595711708068,0.0,5,5,21
resnet50,dtd,random,0,5,21,0.7619047619047619,1,0.25,cifar10,cifar10,1,cifar10,cifar10|cifar100_coarse|dermamnist|octmnist|pneumoniamnist,0.6252659916877746,0.6252659916877746,0.0,0.0,0.6276595711708068,0.6276595711708068,0.0,5,5,21
resnet50,dtd,random,1,5,21,0.7619047619047619,0,0.25,cifar10,cifar10,1,organsmnist,dermamnist|mnist|organsmnist|retinamnist|tissuemnist,0.6252659916877746,0.6228723645210266,0.002393627166748069,0.04035889491817491,0.6276595711708068,0.6252127528190613,0.002446818351745539,5,5,21
resnet50,dtd,random,2,5,21,0.7619047619047619,0,0.0,cifar10,cifar10,1,dermamnist,cifar100_coarse|dermamnist|organcmnist|retinamnist|svhn,0.6252659916877746,0.6154255509376526,0.009840440750122026,0.16591945466689356,0.6276595711708068,0.6298935890197754,-0.0022340178489685947,5,5,21
resnet50,dtd,random,3,5,21,0.7619047619047619,1,0.5,cifar10,cifar10,1,cifar10,breastmnist|cifar10|cifar100|organamnist|usps,0.6252659916877746,0.6252659916877746,0.0,0.0,0.6276595711708068,0.6276595711708068,0.0,5,5,21
resnet50,dtd,random,4,5,21,0.7619047619047619,0,0.25,cifar10,cifar10,1,cifar100,cifar100|octmnist|retinamnist|svhn|tissuemnist,0.6252659916877746,0.6242021679878235,0.0010638236999511719,0.017937107964948282,0.6276595711708068,0.6397871971130371,-0.012127625942230269,5,5,21
resnet50,dtd,random,5,5,21,0.7619047619047619,0,0.25,cifar10,cifar10,1,organsmnist,dermamnist|octmnist|organamnist|organsmnist|pneumoniamnist,0.6252659916877746,0.6228723645210266,0.002393627166748069,0.04035889491817491,0.6276595711708068,0.6252127528190613,0.002446818351745539,5,5,21
resnet50,dtd,random,6,5,21,0.7619047619047619,0,0.25,cifar10,cifar10,1,cifar100,bloodmnist|cifar100|fashion_mnist|organcmnist|tissuemnist,0.6252659916877746,0.6242021679878235,0.0010638236999511719,0.017937107964948282,0.6276595711708068,0.6397871971130371,-0.012127625942230269,5,5,21
resnet50,dtd,random,7,5,21,0.7619047619047619,0,0.25,cifar10,cifar10,1,stl10,bloodmnist|organamnist|rendered_sst2|stl10|svhn,0.6252659916877746,0.6228723645210266,0.002393627166748069,0.04035889491817491,0.6276595711708068,0.6314893364906311,-0.003829765319824263,5,5,21
resnet50,dtd,random,8,5,21,0.7619047619047619,0,0.5,cifar10,cifar10,1,cifar100,cifar100|mnist|organsmnist|pathmnist|pneumoniamnist,0.6252659916877746,0.6242021679878235,0.0010638236999511719,0.017937107964948282,0.6276595711708068,0.6397871971130371,-0.012127625942230269,5,5,21
resnet50,dtd,random,9,5,21,0.7619047619047619,0,0.25,cifar10,cifar10,1,cifar100,breastmnist|cifar100|cifar100_coarse|fashion_mnist|svhn,0.6252659916877746,0.6242021679878235,0.0010638236999511719,0.017937107964948282,0.6276595711708068,0.6397871971130371,-0.012127625942230269,5,5,21
resnet50,dtd,random,10,5,21,0.7619047619047619,0,0.0,cifar10,cifar10,1,fashion_mnist,dermamnist|fashion_mnist|organamnist|pneumoniamnist|usps,0.6252659916877746,0.6164893984794617,0.008776593208312922,0.14798194470490403,0.6276595711708068,0.6259574294090271,0.0017021417617797407,5,5,21
resnet50,dtd,random,11,5,21,0.7619047619047619,0,0.0,cifar10,cifar10,1,fashion_mnist,breastmnist|fashion_mnist|octmnist|pathmnist|tissuemnist,0.6252659916877746,0.6164893984794617,0.008776593208312922,0.14798194470490403,0.6276595711708068,0.6259574294090271,0.0017021417617797407,5,5,21
resnet50,dtd,random,12,5,21,0.7619047619047619,0,0.5,cifar10,cifar10,1,organsmnist,cifar100_coarse|fashion_mnist|mnist|organsmnist|stl10,0.6252659916877746,0.6228723645210266,0.002393627166748069,0.04035889491817491,0.6276595711708068,0.6252127528190613,0.002446818351745539,5,5,21
resnet50,dtd,random,13,5,21,0.7619047619047619,0,0.75,cifar10,cifar10,1,cifar100,cifar100|dermamnist|fashion_mnist|organsmnist|stl10,0.6252659916877746,0.6242021679878235,0.0010638236999511719,0.017937107964948282,0.6276595711708068,0.6397871971130371,-0.012127625942230269,5,5,21
resnet50,dtd,random,14,5,21,0.7619047619047619,0,0.0,cifar10,cifar10,1,pathmnist,breastmnist|pathmnist|svhn|tissuemnist|usps,0.6252659916877746,0.6143617391586303,0.010904252529144287,0.18385636163332217,0.6276595711708068,0.6264893770217895,0.0011701941490173118,5,5,21
resnet50,dtd,random,15,5,21,0.7619047619047619,1,0.5,cifar10,cifar10,1,cifar10,cifar10|cifar100|dermamnist|mnist|rendered_sst2,0.6252659916877746,0.6252659916877746,0.0,0.0,0.6276595711708068,0.6276595711708068,0.0,5,5,21
resnet50,dtd,random,16,5,21,0.7619047619047619,0,0.0,cifar10,cifar10,1,svhn,breastmnist|organcmnist|pneumoniamnist|svhn|usps,0.6252659916877746,0.6119680881500245,0.013297903537750178,0.22421565854853648,0.6276595711708068,0.6177659511566163,0.009893620014190585,5,5,21
resnet50,dtd,random,17,5,21,0.7619047619047619,0,0.25,cifar10,cifar10,1,cifar100,bloodmnist|cifar100|fashion_mnist|mnist|octmnist,0.6252659916877746,0.6242021679878235,0.0010638236999511719,0.017937107964948282,0.6276595711708068,0.6397871971130371,-0.012127625942230269,5,5,21
resnet50,dtd,random,18,5,21,0.7619047619047619,0,0.25,cifar10,cifar10,1,cifar100,bloodmnist|cifar100|mnist|retinamnist|tissuemnist,0.6252659916877746,0.6242021679878235,0.0010638236999511719,0.017937107964948282,0.6276595711708068,0.6397871971130371,-0.012127625942230269,5,5,21
resnet50,dtd,random,19,5,21,0.7619047619047619,0,0.0,cifar10,cifar10,1,pathmnist,cifar100_coarse|octmnist|organamnist|pathmnist|pneumoniamnist,0.6252659916877746,0.6143617391586303,0.010904252529144287,0.18385636163332217,0.6276595711708068,0.6264893770217895,0.0011701941490173118,5,5,21
resnet50,dtd,random,20,5,21,0.7619047619047619,0,0.0,cifar10,cifar10,1,pathmnist,breastmnist|octmnist|organamnist|pathmnist|pneumoniamnist,0.6252659916877746,0.6143617391586303,0.010904252529144287,0.18385636163332217,0.6276595711708068,0.6264893770217895,0.0011701941490173118,5,5,21
resnet50,dtd,random,21,5,21,0.7619047619047619,1,0.75,cifar10,cifar10,1,cifar10,cifar10|cifar100|pneumoniamnist|stl10|tiny_imagenet,0.6252659916877746,0.6252659916877746,0.0,0.0,0.6276595711708068,0.6276595711708068,0.0,5,5,21
resnet50,dtd,random,22,5,21,0.7619047619047619,0,0.25,cifar10,cifar10,1,stl10,fashion_mnist|organcmnist|pneumoniamnist|stl10|tissuemnist,0.6252659916877746,0.6228723645210266,0.002393627166748069,0.04035889491817491,0.6276595711708068,0.6314893364906311,-0.003829765319824263,5,5,21
resnet50,dtd,random,23,5,21,0.7619047619047619,0,0.25,cifar10,cifar10,1,stl10,fashion_mnist|octmnist|organamnist|stl10|svhn,0.6252659916877746,0.6228723645210266,0.002393627166748069,0.04035889491817491,0.6276595711708068,0.6314893364906311,-0.003829765319824263,5,5,21
resnet50,dtd,random,24,5,21,0.7619047619047619,0,0.25,cifar10,cifar10,1,organsmnist,breastmnist|organsmnist|pathmnist|svhn|tissuemnist,0.6252659916877746,0.6228723645210266,0.002393627166748069,0.04035889491817491,0.6276595711708068,0.6252127528190613,0.002446818351745539,5,5,21
resnet50,dtd,random,25,5,21,0.7619047619047619,0,0.75,cifar10,cifar10,1,cifar100,cifar100|organsmnist|retinamnist|stl10|tiny_imagenet,0.6252659916877746,0.6242021679878235,0.0010638236999511719,0.017937107964948282,0.6276595711708068,0.6397871971130371,-0.012127625942230269,5,5,21
resnet50,dtd,random,26,5,21,0.7619047619047619,1,0.25,cifar10,cifar10,1,cifar10,cifar10|cifar100_coarse|dermamnist|svhn|usps,0.6252659916877746,0.6252659916877746,0.0,0.0,0.6276595711708068,0.6276595711708068,0.0,5,5,21
resnet50,dtd,random,27,5,21,0.7619047619047619,1,0.75,cifar10,cifar10,1,cifar10,cifar10|cifar100|dermamnist|octmnist|organsmnist,0.6252659916877746,0.6252659916877746,0.0,0.0,0.6276595711708068,0.6276595711708068,0.0,5,5,21
resnet50,dtd,random,28,5,21,0.7619047619047619,1,0.5,cifar10,cifar10,1,cifar10,cifar10|cifar100|dermamnist|mnist|usps,0.6252659916877746,0.6252659916877746,0.0,0.0,0.6276595711708068,0.6276595711708068,0.0,5,5,21
resnet50,dtd,random,29,5,21,0.7619047619047619,0,0.0,cifar10,cifar10,1,dermamnist,breastmnist|cifar100_coarse|dermamnist|svhn|tissuemnist,0.6252659916877746,0.6154255509376526,0.009840440750122026,0.16591945466689356,0.6276595711708068,0.6298935890197754,-0.0022340178489685947,5,5,21
resnet50,dtd,random,30,5,21,0.7619047619047619,0,0.25,cifar10,cifar10,1,cifar100,bloodmnist|cifar100|octmnist|pathmnist|tiny_imagenet,0.6252659916877746,0.6242021679878235,0.0010638236999511719,0.017937107964948282,0.6276595711708068,0.6397871971130371,-0.012127625942230269,5,5,21
resnet50,dtd,random,31,5,21,0.7619047619047619,0,0.75,cifar10,cifar10,1,cifar100,cifar100|fashion_mnist|mnist|organsmnist|stl10,0.6252659916877746,0.6242021679878235,0.0010638236999511719,0.017937107964948282,0.6276595711708068,0.6397871971130371,-0.012127625942230269,5,5,21
resnet50,dtd,random,32,5,21,0.7619047619047619,1,0.5,cifar10,cifar10,1,cifar10,cifar10|dermamnist|organcmnist|organsmnist|rendered_sst2,0.6252659916877746,0.6252659916877746,0.0,0.0,0.6276595711708068,0.6276595711708068,0.0,5,5,21
resnet50,dtd,random,33,5,21,0.7619047619047619,0,0.0,cifar10,cifar10,1,pathmnist,breastmnist|cifar100_coarse|mnist|pathmnist|retinamnist,0.6252659916877746,0.6143617391586303,0.010904252529144287,0.18385636163332217,0.6276595711708068,0.6264893770217895,0.0011701941490173118,5,5,21
resnet50,dtd,random,34,5,21,0.7619047619047619,0,0.0,cifar10,cifar10,1,tiny_imagenet,breastmnist|fashion_mnist|pneumoniamnist|tiny_imagenet|tissuemnist,0.6252659916877746,0.6220744729042054,0.0031915187835692693,0.053812127888925525,0.6276595711708068,0.6438297748565673,-0.016170203685760498,5,5,21
resnet50,dtd,random,35,5,21,0.7619047619047619,0,0.25,cifar10,cifar10,1,stl10,breastmnist|rendered_sst2|stl10|svhn|usps,0.6252659916877746,0.6228723645210266,0.002393627166748069,0.04035889491817491,0.6276595711708068,0.6314893364906311,-0.003829765319824263,5,5,21
resnet50,dtd,random,36,5,21,0.7619047619047619,0,0.0,cifar10,cifar10,1,svhn,mnist|organamnist|organcmnist|rendered_sst2|svhn,0.6252659916877746,0.6119680881500245,0.013297903537750178,0.22421565854853648,0.6276595711708068,0.6177659511566163,0.009893620014190585,5,5,21
resnet50,dtd,random,37,5,21,0.7619047619047619,0,0.0,cifar10,cifar10,1,tiny_imagenet,bloodmnist|organcmnist|tiny_imagenet|tissuemnist|usps,0.6252659916877746,0.6220744729042054,0.0031915187835692693,0.053812127888925525,0.6276595711708068,0.6438297748565673,-0.016170203685760498,5,5,21
resnet50,dtd,random,38,5,21,0.7619047619047619,0,0.25,cifar10,cifar10,1,organsmnist,mnist|organcmnist|organsmnist|pneumoniamnist|rendered_sst2,0.6252659916877746,0.6228723645210266,0.002393627166748069,0.04035889491817491,0.6276595711708068,0.6252127528190613,0.002446818351745539,5,5,21
resnet50,dtd,random,39,5,21,0.7619047619047619,0,0.25,cifar10,cifar10,1,stl10,dermamnist|pneumoniamnist|retinamnist|stl10|tissuemnist,0.6252659916877746,0.6228723645210266,0.002393627166748069,0.04035889491817491,0.6276595711708068,0.6314893364906311,-0.003829765319824263,5,5,21
resnet50,dtd,random,40,5,21,0.7619047619047619,0,0.25,cifar10,cifar10,1,cifar100,cifar100|cifar100_coarse|organamnist|tiny_imagenet|tissuemnist,0.6252659916877746,0.6242021679878235,0.0010638236999511719,0.017937107964948282,0.6276595711708068,0.6397871971130371,-0.012127625942230269,5,5,21
resnet50,dtd,random,41,5,21,0.7619047619047619,0,0.25,cifar10,cifar10,1,organsmnist,dermamnist|organsmnist|rendered_sst2|svhn|tissuemnist,0.6252659916877746,0.6228723645210266,0.002393627166748069,0.04035889491817491,0.6276595711708068,0.6252127528190613,0.002446818351745539,5,5,21
resnet50,dtd,random,42,5,21,0.7619047619047619,0,0.25,cifar10,cifar10,1,cifar100,cifar100|mnist|octmnist|retinamnist|tiny_imagenet,0.6252659916877746,0.6242021679878235,0.0010638236999511719,0.017937107964948282,0.6276595711708068,0.6397871971130371,-0.012127625942230269,5,5,21
resnet50,dtd,random,43,5,21,0.7619047619047619,0,0.25,cifar10,cifar10,1,stl10,breastmnist|mnist|organamnist|stl10|usps,0.6252659916877746,0.6228723645210266,0.002393627166748069,0.04035889491817491,0.6276595711708068,0.6314893364906311,-0.003829765319824263,5,5,21
resnet50,dtd,random,44,5,21,0.7619047619047619,1,0.5,cifar10,cifar10,1,cifar10,bloodmnist|cifar10|cifar100|organamnist|retinamnist,0.6252659916877746,0.6252659916877746,0.0,0.0,0.6276595711708068,0.6276595711708068,0.0,5,5,21
resnet50,dtd,random,45,5,21,0.7619047619047619,0,0.25,cifar10,cifar10,1,organsmnist,bloodmnist|cifar100_coarse|fashion_mnist|organsmnist|svhn,0.6252659916877746,0.6228723645210266,0.002393627166748069,0.04035889491817491,0.6276595711708068,0.6252127528190613,0.002446818351745539,5,5,21
resnet50,dtd,random,46,5,21,0.7619047619047619,0,0.25,cifar10,cifar10,1,stl10,cifar100_coarse|organamnist|stl10|svhn|tiny_imagenet,0.6252659916877746,0.6228723645210266,0.002393627166748069,0.04035889491817491,0.6276595711708068,0.6314893364906311,-0.003829765319824263,5,5,21
resnet50,dtd,random,47,5,21,0.7619047619047619,1,0.25,cifar10,cifar10,1,cifar10,bloodmnist|cifar10|dermamnist|svhn|usps,0.6252659916877746,0.6252659916877746,0.0,0.0,0.6276595711708068,0.6276595711708068,0.0,5,5,21
resnet50,dtd,random,48,5,21,0.7619047619047619,0,0.0,cifar10,cifar10,1,fashion_mnist,fashion_mnist|mnist|organamnist|organcmnist|usps,0.6252659916877746,0.6164893984794617,0.008776593208312922,0.14798194470490403,0.6276595711708068,0.6259574294090271,0.0017021417617797407,5,5,21
resnet50,dtd,random,49,5,21,0.7619047619047619,0,0.25,cifar10,cifar10,1,stl10,breastmnist|mnist|pneumoniamnist|stl10|tiny_imagenet,0.6252659916877746,0.6228723645210266,0.002393627166748069,0.04035889491817491,0.6276595711708068,0.6314893364906311,-0.003829765319824263,5,5,21
resnet50,dtd,random,50,5,21,0.7619047619047619,0,0.0,cifar10,cifar10,1,pathmnist,mnist|octmnist|organamnist|pathmnist|pneumoniamnist,0.6252659916877746,0.6143617391586303,0.010904252529144287,0.18385636163332217,0.6276595711708068,0.6264893770217895,0.0011701941490173118,5,5,21
resnet50,dtd,random,51,5,21,0.7619047619047619,0,0.5,cifar10,cifar10,1,cifar100,breastmnist|cifar100|octmnist|organsmnist|retinamnist,0.6252659916877746,0.6242021679878235,0.0010638236999511719,0.017937107964948282,0.6276595711708068,0.6397871971130371,-0.012127625942230269,5,5,21
resnet50,dtd,random,52,5,21,0.7619047619047619,1,0.25,cifar10,cifar10,1,cifar10,cifar10|cifar100_coarse|fashion_mnist|organcmnist|usps,0.6252659916877746,0.6252659916877746,0.0,0.0,0.6276595711708068,0.6276595711708068,0.0,5,5,21
resnet50,dtd,random,53,5,21,0.7619047619047619,0,0.0,cifar10,cifar10,1,dermamnist,bloodmnist|dermamnist|organamnist|rendered_sst2|retinamnist,0.6252659916877746,0.6154255509376526,0.009840440750122026,0.16591945466689356,0.6276595711708068,0.6298935890197754,-0.0022340178489685947,5,5,21
resnet50,dtd,random,54,5,21,0.7619047619047619,0,0.0,cifar10,cifar10,1,svhn,cifar100_coarse|mnist|svhn|tissuemnist|usps,0.6252659916877746,0.6119680881500245,0.013297903537750178,0.22421565854853648,0.6276595711708068,0.6177659511566163,0.009893620014190585,5,5,21
resnet50,dtd,random,55,5,21,0.7619047619047619,0,0.5,cifar10,cifar10,1,organsmnist,breastmnist|organcmnist|organsmnist|rendered_sst2|stl10,0.6252659916877746,0.6228723645210266,0.002393627166748069,0.04035889491817491,0.6276595711708068,0.6252127528190613,0.002446818351745539,5,5,21
resnet50,dtd,random,56,5,21,0.7619047619047619,0,0.25,cifar10,cifar10,1,stl10,cifar100_coarse|octmnist|organcmnist|stl10|svhn,0.6252659916877746,0.6228723645210266,0.002393627166748069,0.04035889491817491,0.6276595711708068,0.6314893364906311,-0.003829765319824263,5,5,21
resnet50,dtd,random,57,5,21,0.7619047619047619,0,0.5,cifar10,cifar10,1,cifar100,cifar100|dermamnist|mnist|organsmnist|pneumoniamnist,0.6252659916877746,0.6242021679878235,0.0010638236999511719,0.017937107964948282,0.6276595711708068,0.6397871971130371,-0.012127625942230269,5,5,21
resnet50,dtd,random,58,5,21,0.7619047619047619,0,0.0,cifar10,cifar10,1,fashion_mnist,cifar100_coarse|dermamnist|fashion_mnist|mnist|tissuemnist,0.6252659916877746,0.6164893984794617,0.008776593208312922,0.14798194470490403,0.6276595711708068,0.6259574294090271,0.0017021417617797407,5,5,21
resnet50,dtd,random,59,5,21,0.7619047619047619,0,0.25,cifar10,cifar10,1,stl10,octmnist|stl10|svhn|tissuemnist|usps,0.6252659916877746,0.6228723645210266,0.002393627166748069,0.04035889491817491,0.6276595711708068,0.6314893364906311,-0.003829765319824263,5,5,21
resnet50,dtd,random,60,5,21,0.7619047619047619,0,0.25,cifar10,cifar10,1,organsmnist,cifar100_coarse|dermamnist|fashion_mnist|octmnist|organsmnist,0.6252659916877746,0.6228723645210266,0.002393627166748069,0.04035889491817491,0.6276595711708068,0.6252127528190613,0.002446818351745539,5,5,21
resnet50,dtd,random,61,5,21,0.7619047619047619,0,0.0,cifar10,cifar10,1,fashion_mnist,bloodmnist|fashion_mnist|octmnist|pathmnist|tissuemnist,0.6252659916877746,0.6164893984794617,0.008776593208312922,0.14798194470490403,0.6276595711708068,0.6259574294090271,0.0017021417617797407,5,5,21
resnet50,dtd,random,62,5,21,0.7619047619047619,0,0.0,cifar10,cifar10,1,tiny_imagenet,octmnist|organamnist|retinamnist|tiny_imagenet|usps,0.6252659916877746,0.6220744729042054,0.0031915187835692693,0.053812127888925525,0.6276595711708068,0.6438297748565673,-0.016170203685760498,5,5,21
resnet50,dtd,random,63,5,21,0.7619047619047619,0,0.25,cifar10,cifar10,1,stl10,dermamnist|organcmnist|stl10|tissuemnist|usps,0.6252659916877746,0.6228723645210266,0.002393627166748069,0.04035889491817491,0.6276595711708068,0.6314893364906311,-0.003829765319824263,5,5,21
resnet50,dtd,random,64,5,21,0.7619047619047619,0,0.0,cifar10,cifar10,1,tiny_imagenet,cifar100_coarse|mnist|organamnist|rendered_sst2|tiny_imagenet,0.6252659916877746,0.6220744729042054,0.0031915187835692693,0.053812127888925525,0.6276595711708068,0.6438297748565673,-0.016170203685760498,5,5,21
resnet50,dtd,random,65,5,21,0.7619047619047619,0,0.0,cifar10,cifar10,1,tiny_imagenet,bloodmnist|organcmnist|svhn|tiny_imagenet|tissuemnist,0.6252659916877746,0.6220744729042054,0.0031915187835692693,0.053812127888925525,0.6276595711708068,0.6438297748565673,-0.016170203685760498,5,5,21
resnet50,dtd,random,66,5,21,0.7619047619047619,0,0.0,cifar10,cifar10,1,dermamnist,bloodmnist|dermamnist|octmnist|organcmnist|usps,0.6252659916877746,0.6154255509376526,0.009840440750122026,0.16591945466689356,0.6276595711708068,0.6298935890197754,-0.0022340178489685947,5,5,21
resnet50,dtd,random,67,5,21,0.7619047619047619,1,0.5,cifar10,cifar10,1,cifar10,cifar10|organcmnist|rendered_sst2|stl10|tiny_imagenet,0.6252659916877746,0.6252659916877746,0.0,0.0,0.6276595711708068,0.6276595711708068,0.0,5,5,21
resnet50,dtd,random,68,5,21,0.7619047619047619,0,0.0,cifar10,cifar10,1,dermamnist,breastmnist|dermamnist|organcmnist|pathmnist|pneumoniamnist,0.6252659916877746,0.6154255509376526,0.009840440750122026,0.16591945466689356,0.6276595711708068,0.6298935890197754,-0.0022340178489685947,5,5,21
resnet50,dtd,random,69,5,21,0.7619047619047619,0,0.25,cifar10,cifar10,1,organsmnist,organamnist|organcmnist|organsmnist|pathmnist|pneumoniamnist,0.6252659916877746,0.6228723645210266,0.002393627166748069,0.04035889491817491,0.6276595711708068,0.6252127528190613,0.002446818351745539,5,5,21
resnet50,dtd,random,70,5,21,0.7619047619047619,1,0.5,cifar10,cifar10,1,cifar10,cifar10|cifar100_coarse|dermamnist|organsmnist|pneumoniamnist,0.6252659916877746,0.6252659916877746,0.0,0.0,0.6276595711708068,0.6276595711708068,0.0,5,5,21
resnet50,dtd,random,71,5,21,0.7619047619047619,0,0.0,cifar10,cifar10,1,svhn,breastmnist|cifar100_coarse|organamnist|organcmnist|svhn,0.6252659916877746,0.6119680881500245,0.013297903537750178,0.22421565854853648,0.6276595711708068,0.6177659511566163,0.009893620014190585,5,5,21
resnet50,dtd,random,72,5,21,0.7619047619047619,0,0.0,cifar10,cifar10,1,fashion_mnist,breastmnist|fashion_mnist|mnist|pathmnist|pneumoniamnist,0.6252659916877746,0.6164893984794617,0.008776593208312922,0.14798194470490403,0.6276595711708068,0.6259574294090271,0.0017021417617797407,5,5,21
resnet50,dtd,random,73,5,21,0.7619047619047619,0,0.0,cifar10,cifar10,1,tiny_imagenet,pathmnist|pneumoniamnist|svhn|tiny_imagenet|usps,0.6252659916877746,0.6220744729042054,0.0031915187835692693,0.053812127888925525,0.6276595711708068,0.6438297748565673,-0.016170203685760498,5,5,21
resnet50,dtd,random,74,5,21,0.7619047619047619,0,0.25,cifar10,cifar10,1,cifar100,cifar100|organcmnist|pneumoniamnist|svhn|usps,0.6252659916877746,0.6242021679878235,0.0010638236999511719,0.017937107964948282,0.6276595711708068,0.6397871971130371,-0.012127625942230269,5,5,21
resnet50,dtd,random,75,5,21,0.7619047619047619,0,0.25,cifar10,cifar10,1,organsmnist,breastmnist|mnist|octmnist|organsmnist|pathmnist,0.6252659916877746,0.6228723645210266,0.002393627166748069,0.04035889491817491,0.6276595711708068,0.6252127528190613,0.002446818351745539,5,5,21
resnet50,dtd,random,76,5,21,0.7619047619047619,0,0.25,cifar10,cifar10,1,stl10,bloodmnist|dermamnist|organamnist|stl10|tissuemnist,0.6252659916877746,0.6228723645210266,0.002393627166748069,0.04035889491817491,0.6276595711708068,0.6314893364906311,-0.003829765319824263,5,5,21
resnet50,dtd,random,77,5,21,0.7619047619047619,1,0.25,cifar10,cifar10,1,cifar10,cifar10|fashion_mnist|octmnist|retinamnist|tissuemnist,0.6252659916877746,0.6252659916877746,0.0,0.0,0.6276595711708068,0.6276595711708068,0.0,5,5,21
resnet50,dtd,random,78,5,21,0.7619047619047619,0,0.25,cifar10,cifar10,1,stl10,bloodmnist|breastmnist|cifar100_coarse|stl10|tissuemnist,0.6252659916877746,0.6228723645210266,0.002393627166748069,0.04035889491817491,0.6276595711708068,0.6314893364906311,-0.003829765319824263,5,5,21
resnet50,dtd,random,79,5,21,0.7619047619047619,1,0.5,cifar10,cifar10,1,cifar10,cifar10|dermamnist|organamnist|organsmnist|rendered_sst2,0.6252659916877746,0.6252659916877746,0.0,0.0,0.6276595711708068,0.6276595711708068,0.0,5,5,21
resnet50,dtd,random,80,5,21,0.7619047619047619,0,0.0,cifar10,cifar10,1,bloodmnist,bloodmnist|mnist|octmnist|organamnist|svhn,0.6252659916877746,0.6151595950126648,0.010106396675109819,0.17040373165813064,0.6276595711708068,0.6188297510147095,0.008829820156097345,5,5,21
resnet50,dtd,random,81,5,21,0.7619047619047619,0,0.5,cifar10,cifar10,1,organsmnist,breastmnist|organsmnist|stl10|tiny_imagenet|usps,0.6252659916877746,0.6228723645210266,0.002393627166748069,0.04035889491817491,0.6276595711708068,0.6252127528190613,0.002446818351745539,5,5,21
resnet50,dtd,random,82,5,21,0.7619047619047619,0,0.25,cifar10,cifar10,1,stl10,dermamnist|pneumoniamnist|rendered_sst2|stl10|tiny_imagenet,0.6252659916877746,0.6228723645210266,0.002393627166748069,0.04035889491817491,0.6276595711708068,0.6314893364906311,-0.003829765319824263,5,5,21
resnet50,dtd,random,83,5,21,0.7619047619047619,0,0.5,cifar10,cifar10,1,organsmnist,breastmnist|fashion_mnist|organsmnist|pathmnist|stl10,0.6252659916877746,0.6228723645210266,0.002393627166748069,0.04035889491817491,0.6276595711708068,0.6252127528190613,0.002446818351745539,5,5,21
resnet50,dtd,random,84,5,21,0.7619047619047619,1,0.5,cifar10,cifar10,1,cifar10,cifar10|organsmnist|pneumoniamnist|retinamnist|tissuemnist,0.6252659916877746,0.6252659916877746,0.0,0.0,0.6276595711708068,0.6276595711708068,0.0,5,5,21
resnet50,dtd,random,85,5,21,0.7619047619047619,0,0.0,cifar10,cifar10,1,tiny_imagenet,bloodmnist|dermamnist|octmnist|organcmnist|tiny_imagenet,0.6252659916877746,0.6220744729042054,0.0031915187835692693,0.053812127888925525,0.6276595711708068,0.6438297748565673,-0.016170203685760498,5,5,21
resnet50,dtd,random,86,5,21,0.7619047619047619,0,0.0,cifar10,cifar10,1,tiny_imagenet,cifar100_coarse|mnist|octmnist|organcmnist|tiny_imagenet,0.6252659916877746,0.6220744729042054,0.0031915187835692693,0.053812127888925525,0.6276595711708068,0.6438297748565673,-0.016170203685760498,5,5,21
resnet50,dtd,random,87,5,21,0.7619047619047619,1,0.75,cifar10,cifar10,1,cifar10,breastmnist|cifar10|cifar100|octmnist|organsmnist,0.6252659916877746,0.6252659916877746,0.0,0.0,0.6276595711708068,0.6276595711708068,0.0,5,5,21
resnet50,dtd,random,88,5,21,0.7619047619047619,1,0.25,cifar10,cifar10,1,cifar10,cifar10|cifar100_coarse|pneumoniamnist|tissuemnist|usps,0.6252659916877746,0.6252659916877746,0.0,0.0,0.6276595711708068,0.6276595711708068,0.0,5,5,21
resnet50,dtd,random,89,5,21,0.7619047619047619,0,0.25,cifar10,cifar10,1,stl10,bloodmnist|fashion_mnist|organcmnist|pneumoniamnist|stl10,0.6252659916877746,0.6228723645210266,0.002393627166748069,0.04035889491817491,0.6276595711708068,0.6314893364906311,-0.003829765319824263,5,5,21
resnet50,dtd,random,90,5,21,0.7619047619047619,0,0.25,cifar10,cifar10,1,organsmnist,bloodmnist|fashion_mnist|organsmnist|pathmnist|tissuemnist,0.6252659916877746,0.6228723645210266,0.002393627166748069,0.04035889491817491,0.6276595711708068,0.6252127528190613,0.002446818351745539,5,5,21
resnet50,dtd,random,91,5,21,0.7619047619047619,0,0.25,cifar10,cifar10,1,stl10,cifar100_coarse|mnist|pathmnist|retinamnist|stl10,0.6252659916877746,0.6228723645210266,0.002393627166748069,0.04035889491817491,0.6276595711708068,0.6314893364906311,-0.003829765319824263,5,5,21
resnet50,dtd,random,92,5,21,0.7619047619047619,0,0.25,cifar10,cifar10,1,cifar100,cifar100|mnist|octmnist|organamnist|pathmnist,0.6252659916877746,0.6242021679878235,0.0010638236999511719,0.017937107964948282,0.6276595711708068,0.6397871971130371,-0.012127625942230269,5,5,21
resnet50,dtd,random,93,5,21,0.7619047619047619,0,0.25,cifar10,cifar10,1,organsmnist,organsmnist|rendered_sst2|retinamnist|tiny_imagenet|tissuemnist,0.6252659916877746,0.6228723645210266,0.002393627166748069,0.04035889491817491,0.6276595711708068,0.6252127528190613,0.002446818351745539,5,5,21
resnet50,dtd,random,94,5,21,0.7619047619047619,0,0.0,cifar10,cifar10,1,fashion_mnist,breastmnist|fashion_mnist|mnist|octmnist|pneumoniamnist,0.6252659916877746,0.6164893984794617,0.008776593208312922,0.14798194470490403,0.6276595711708068,0.6259574294090271,0.0017021417617797407,5,5,21
resnet50,dtd,random,95,5,21,0.7619047619047619,0,0.25,cifar10,cifar10,1,organsmnist,dermamnist|octmnist|organsmnist|pathmnist|tiny_imagenet,0.6252659916877746,0.6228723645210266,0.002393627166748069,0.04035889491817491,0.6276595711708068,0.6252127528190613,0.002446818351745539,5,5,21
resnet50,dtd,random,96,5,21,0.7619047619047619,0,0.0,cifar10,cifar10,1,pathmnist,breastmnist|cifar100_coarse|organamnist|pathmnist|pneumoniamnist,0.6252659916877746,0.6143617391586303,0.010904252529144287,0.18385636163332217,0.6276595711708068,0.6264893770217895,0.0011701941490173118,5,5,21
resnet50,dtd,random,97,5,21,0.7619047619047619,1,0.5,cifar10,cifar10,1,cifar10,bloodmnist|cifar10|cifar100|rendered_sst2|retinamnist,0.6252659916877746,0.6252659916877746,0.0,0.0,0.6276595711708068,0.6276595711708068,0.0,5,5,21
resnet50,dtd,random,98,5,21,0.7619047619047619,0,0.25,cifar10,cifar10,1,stl10,breastmnist|mnist|stl10|svhn|tiny_imagenet,0.6252659916877746,0.6228723645210266,0.002393627166748069,0.04035889491817491,0.6276595711708068,0.6314893364906311,-0.003829765319824263,5,5,21
resnet50,dtd,random,99,5,21,0.7619047619047619,0,0.25,cifar10,cifar10,1,cifar100,cifar100|cifar100_coarse|fashion_mnist|mnist|rendered_sst2,0.6252659916877746,0.6242021679878235,0.0010638236999511719,0.017937107964948282,0.6276595711708068,0.6397871971130371,-0.012127625942230269,5,5,21
resnet50,dtd,rank_only,-1,10,21,0.5238095238095238,1,1.0,cifar10,cifar10,1,cifar10,tiny_imagenet|cifar100_coarse|cifar100|stl10|cifar10|organcmnist|organsmnist|organamnist|svhn|fashion_mnist,0.6252659916877746,0.6252659916877746,0.0,0.0,0.6276595711708068,0.6276595711708068,0.0,5,10,21
resnet50,dtd,facility_subspace,-1,10,21,0.5238095238095238,0,0.5,cifar10,cifar10,1,cifar100,organcmnist|cifar100|svhn|rendered_sst2|retinamnist|stl10|breastmnist|mnist|dermamnist|fashion_mnist,0.6252659916877746,0.6242021679878235,0.0010638236999511719,0.017937107964948282,0.6276595711708068,0.6397871971130371,-0.012127625942230269,5,10,21
resnet50,dtd,kcenter_subspace,-1,10,21,0.5238095238095238,0,0.25,cifar10,cifar10,1,stl10,tiny_imagenet|rendered_sst2|usps|retinamnist|pathmnist|fashion_mnist|breastmnist|stl10|bloodmnist|mnist,0.6252659916877746,0.6228723645210266,0.002393627166748069,0.04035889491817491,0.6276595711708068,0.6314893364906311,-0.003829765319824263,5,10,21
resnet50,dtd,dpp_subspace,-1,10,21,0.5238095238095238,1,1.0,cifar10,cifar10,1,cifar10,tiny_imagenet|stl10|cifar100_coarse|cifar10|organsmnist|fashion_mnist|svhn|cifar100|bloodmnist|organamnist,0.6252659916877746,0.6252659916877746,0.0,0.0,0.6276595711708068,0.6276595711708068,0.0,5,10,21
resnet50,dtd,pool_vendi_subspace,-1,10,21,0.5238095238095238,0,0.25,cifar10,cifar10,1,stl10,tiny_imagenet|rendered_sst2|usps|retinamnist|pathmnist|stl10|fashion_mnist|bloodmnist|mnist|breastmnist,0.6252659916877746,0.6228723645210266,0.002393627166748069,0.04035889491817491,0.6276595711708068,0.6314893364906311,-0.003829765319824263,5,10,21
resnet50,dtd,full_merged_rank,-1,10,21,0.5238095238095238,1,1.0,cifar10,cifar10,1,cifar10,tiny_imagenet|stl10|cifar100_coarse|cifar100|cifar10|organcmnist|organsmnist|fashion_mnist|breastmnist|svhn,0.6252659916877746,0.6252659916877746,0.0,0.0,0.6276595711708068,0.6276595711708068,0.0,5,10,21
resnet50,dtd,random,0,10,21,0.5238095238095238,0,0.5,cifar10,cifar10,1,cifar100,breastmnist|cifar100|cifar100_coarse|dermamnist|fashion_mnist|octmnist|retinamnist|stl10|tiny_imagenet|usps,0.6252659916877746,0.6242021679878235,0.0010638236999511719,0.017937107964948282,0.6276595711708068,0.6397871971130371,-0.012127625942230269,5,10,21
resnet50,dtd,random,1,10,21,0.5238095238095238,0,0.25,cifar10,cifar10,1,organsmnist,bloodmnist|breastmnist|cifar100_coarse|dermamnist|fashion_mnist|mnist|octmnist|organsmnist|pathmnist|usps,0.6252659916877746,0.6228723645210266,0.002393627166748069,0.04035889491817491,0.6276595711708068,0.6252127528190613,0.002446818351745539,5,10,21
resnet50,dtd,random,2,10,21,0.5238095238095238,0,0.5,cifar10,cifar10,1,cifar100,bloodmnist|cifar100|cifar100_coarse|dermamnist|mnist|octmnist|organamnist|organcmnist|organsmnist|pneumoniamnist,0.6252659916877746,0.6242021679878235,0.0010638236999511719,0.017937107964948282,0.6276595711708068,0.6397871971130371,-0.012127625942230269,5,10,21
resnet50,dtd,random,3,10,21,0.5238095238095238,0,0.25,cifar10,cifar10,1,organsmnist,bloodmnist|fashion_mnist|mnist|octmnist|organcmnist|organsmnist|pneumoniamnist|rendered_sst2|tiny_imagenet|usps,0.6252659916877746,0.6228723645210266,0.002393627166748069,0.04035889491817491,0.6276595711708068,0.6252127528190613,0.002446818351745539,5,10,21
resnet50,dtd,random,4,10,21,0.5238095238095238,0,0.0,cifar10,cifar10,1,dermamnist,bloodmnist|breastmnist|dermamnist|mnist|octmnist|pathmnist|pneumoniamnist|rendered_sst2|retinamnist|usps,0.6252659916877746,0.6154255509376526,0.009840440750122026,0.16591945466689356,0.6276595711708068,0.6298935890197754,-0.0022340178489685947,5,10,21
resnet50,dtd,random,5,10,21,0.5238095238095238,1,0.75,cifar10,cifar10,1,cifar10,breastmnist|cifar10|cifar100|dermamnist|mnist|octmnist|organamnist|organcmnist|organsmnist|rendered_sst2,0.6252659916877746,0.6252659916877746,0.0,0.0,0.6276595711708068,0.6276595711708068,0.0,5,10,21
resnet50,dtd,random,6,10,21,0.5238095238095238,1,0.75,cifar10,cifar10,1,cifar10,cifar10|dermamnist|organamnist|organcmnist|organsmnist|pathmnist|rendered_sst2|stl10|tiny_imagenet|tissuemnist,0.6252659916877746,0.6252659916877746,0.0,0.0,0.6276595711708068,0.6276595711708068,0.0,5,10,21
resnet50,dtd,random,7,10,21,0.5238095238095238,0,0.5,cifar10,cifar10,1,cifar100,breastmnist|cifar100|cifar100_coarse|fashion_mnist|mnist|octmnist|pneumoniamnist|retinamnist|stl10|tissuemnist,0.6252659916877746,0.6242021679878235,0.0010638236999511719,0.017937107964948282,0.6276595711708068,0.6397871971130371,-0.012127625942230269,5,10,21
resnet50,dtd,random,8,10,21,0.5238095238095238,1,0.5,cifar10,cifar10,1,cifar10,cifar10|cifar100_coarse|dermamnist|mnist|octmnist|organamnist|pneumoniamnist|retinamnist|stl10|tiny_imagenet,0.6252659916877746,0.6252659916877746,0.0,0.0,0.6276595711708068,0.6276595711708068,0.0,5,10,21
resnet50,dtd,random,9,10,21,0.5238095238095238,0,0.25,cifar10,cifar10,1,organsmnist,breastmnist|dermamnist|octmnist|organamnist|organcmnist|organsmnist|pathmnist|pneumoniamnist|svhn|usps,0.6252659916877746,0.6228723645210266,0.002393627166748069,0.04035889491817491,0.6276595711708068,0.6252127528190613,0.002446818351745539,5,10,21
resnet50,dtd,random,10,10,21,0.5238095238095238,1,0.5,cifar10,cifar10,1,cifar10,breastmnist|cifar10|cifar100|cifar100_coarse|dermamnist|organamnist|pneumoniamnist|rendered_sst2|retinamnist|tiny_imagenet,0.6252659916877746,0.6252659916877746,0.0,0.0,0.6276595711708068,0.6276595711708068,0.0,5,10,21
resnet50,dtd,random,11,10,21,0.5238095238095238,0,0.5,cifar10,cifar10,1,organsmnist,bloodmnist|cifar100_coarse|octmnist|organcmnist|organsmnist|pathmnist|rendered_sst2|stl10|tiny_imagenet|usps,0.6252659916877746,0.6228723645210266,0.002393627166748069,0.04035889491817491,0.6276595711708068,0.6252127528190613,0.002446818351745539,5,10,21
resnet50,dtd,random,12,10,21,0.5238095238095238,0,0.25,cifar10,cifar10,1,stl10,bloodmnist|dermamnist|fashion_mnist|octmnist|organamnist|pathmnist|pneumoniamnist|stl10|svhn|tissuemnist,0.6252659916877746,0.6228723645210266,0.002393627166748069,0.04035889491817491,0.6276595711708068,0.6314893364906311,-0.003829765319824263,5,10,21
resnet50,dtd,random,13,10,21,0.5238095238095238,1,0.75,cifar10,cifar10,1,cifar10,breastmnist|cifar10|mnist|octmnist|organsmnist|pathmnist|pneumoniamnist|stl10|svhn|usps,0.6252659916877746,0.6252659916877746,0.0,0.0,0.6276595711708068,0.6276595711708068,0.0,5,10,21
resnet50,dtd,random,14,10,21,0.5238095238095238,0,0.25,cifar10,cifar10,1,organsmnist,fashion_mnist|mnist|octmnist|organamnist|organcmnist|organsmnist|pathmnist|retinamnist|tissuemnist|usps,0.6252659916877746,0.6228723645210266,0.002393627166748069,0.04035889491817491,0.6276595711708068,0.6252127528190613,0.002446818351745539,5,10,21
resnet50,dtd,random,15,10,21,0.5238095238095238,0,0.25,cifar10,cifar10,1,cifar100,bloodmnist|breastmnist|cifar100|cifar100_coarse|fashion_mnist|organcmnist|rendered_sst2|retinamnist|tiny_imagenet|usps,0.6252659916877746,0.6242021679878235,0.0010638236999511719,0.017937107964948282,0.6276595711708068,0.6397871971130371,-0.012127625942230269,5,10,21
resnet50,dtd,random,16,10,21,0.5238095238095238,1,0.5,cifar10,cifar10,1,cifar10,cifar10|cifar100_coarse|dermamnist|fashion_mnist|mnist|octmnist|pneumoniamnist|retinamnist|stl10|tiny_imagenet,0.6252659916877746,0.6252659916877746,0.0,0.0,0.6276595711708068,0.6276595711708068,0.0,5,10,21
resnet50,dtd,random,17,10,21,0.5238095238095238,0,0.5,cifar10,cifar10,1,cifar100,breastmnist|cifar100|dermamnist|fashion_mnist|mnist|octmnist|organamnist|organsmnist|retinamnist|svhn,0.6252659916877746,0.6242021679878235,0.0010638236999511719,0.017937107964948282,0.6276595711708068,0.6397871971130371,-0.012127625942230269,5,10,21
resnet50,dtd,random,18,10,21,0.5238095238095238,0,0.5,cifar10,cifar10,1,organsmnist,dermamnist|fashion_mnist|organamnist|organsmnist|retinamnist|stl10|svhn|tiny_imagenet|tissuemnist|usps,0.6252659916877746,0.6228723645210266,0.002393627166748069,0.04035889491817491,0.6276595711708068,0.6252127528190613,0.002446818351745539,5,10,21
resnet50,dtd,random,19,10,21,0.5238095238095238,1,0.5,cifar10,cifar10,1,cifar10,cifar10|cifar100|cifar100_coarse|fashion_mnist|mnist|organamnist|pathmnist|pneumoniamnist|retinamnist|tiny_imagenet,0.6252659916877746,0.6252659916877746,0.0,0.0,0.6276595711708068,0.6276595711708068,0.0,5,10,21
resnet50,dtd,random,20,10,21,0.5238095238095238,1,0.5,cifar10,cifar10,1,cifar10,bloodmnist|cifar10|cifar100|dermamnist|mnist|octmnist|organamnist|organcmnist|retinamnist|svhn,0.6252659916877746,0.6252659916877746,0.0,0.0,0.6276595711708068,0.6276595711708068,0.0,5,10,21
resnet50,dtd,random,21,10,21,0.5238095238095238,1,0.5,cifar10,cifar10,1,cifar10,breastmnist|cifar10|cifar100_coarse|dermamnist|fashion_mnist|organsmnist|pathmnist|retinamnist|svhn|tissuemnist,0.6252659916877746,0.6252659916877746,0.0,0.0,0.6276595711708068,0.6276595711708068,0.0,5,10,21
resnet50,dtd,random,22,10,21,0.5238095238095238,1,0.25,cifar10,cifar10,1,cifar10,cifar10|fashion_mnist|mnist|organamnist|pathmnist|rendered_sst2|retinamnist|svhn|tissuemnist|usps,0.6252659916877746,0.6252659916877746,0.0,0.0,0.6276595711708068,0.6276595711708068,0.0,5,10,21
resnet50,dtd,random,23,10,21,0.5238095238095238,1,0.5,cifar10,cifar10,1,cifar10,cifar10|cifar100_coarse|dermamnist|fashion_mnist|mnist|octmnist|rendered_sst2|retinamnist|stl10|tiny_imagenet,0.6252659916877746,0.6252659916877746,0.0,0.0,0.6276595711708068,0.6276595711708068,0.0,5,10,21
resnet50,dtd,random,24,10,21,0.5238095238095238,1,0.75,cifar10,cifar10,1,cifar10,breastmnist|cifar10|cifar100|cifar100_coarse|dermamnist|fashion_mnist|pneumoniamnist|stl10|tissuemnist|usps,0.6252659916877746,0.6252659916877746,0.0,0.0,0.6276595711708068,0.6276595711708068,0.0,5,10,21
resnet50,dtd,random,25,10,21,0.5238095238095238,0,0.5,cifar10,cifar10,1,cifar100,cifar100|fashion_mnist|mnist|octmnist|organamnist|organcmnist|rendered_sst2|stl10|tiny_imagenet|tissuemnist,0.6252659916877746,0.6242021679878235,0.0010638236999511719,0.017937107964948282,0.6276595711708068,0.6397871971130371,-0.012127625942230269,5,10,21
resnet50,dtd,random,26,10,21,0.5238095238095238,1,0.5,cifar10,cifar10,1,cifar10,bloodmnist|cifar10|cifar100_coarse|fashion_mnist|mnist|organsmnist|pathmnist|retinamnist|tiny_imagenet|tissuemnist,0.6252659916877746,0.6252659916877746,0.0,0.0,0.6276595711708068,0.6276595711708068,0.0,5,10,21
resnet50,dtd,random,27,10,21,0.5238095238095238,1,0.5,cifar10,cifar10,1,cifar10,cifar10|cifar100|cifar100_coarse|dermamnist|mnist|organcmnist|rendered_sst2|retinamnist|svhn|tiny_imagenet,0.6252659916877746,0.6252659916877746,0.0,0.0,0.6276595711708068,0.6276595711708068,0.0,5,10,21
resnet50,dtd,random,28,10,21,0.5238095238095238,1,1.0,cifar10,cifar10,1,cifar10,bloodmnist|breastmnist|cifar10|cifar100|fashion_mnist|mnist|organsmnist|pathmnist|stl10|tiny_imagenet,0.6252659916877746,0.6252659916877746,0.0,0.0,0.6276595711708068,0.6276595711708068,0.0,5,10,21
resnet50,dtd,random,29,10,21,0.5238095238095238,0,0.5,cifar10,cifar10,1,organsmnist,bloodmnist|breastmnist|cifar100_coarse|fashion_mnist|octmnist|organamnist|organsmnist|pneumoniamnist|stl10|svhn,0.6252659916877746,0.6228723645210266,0.002393627166748069,0.04035889491817491,0.6276595711708068,0.6252127528190613,0.002446818351745539,5,10,21
resnet50,dtd,random,30,10,21,0.5238095238095238,1,0.75,cifar10,cifar10,1,cifar10,bloodmnist|cifar10|dermamnist|mnist|organcmnist|organsmnist|pneumoniamnist|retinamnist|stl10|svhn,0.6252659916877746,0.6252659916877746,0.0,0.0,0.6276595711708068,0.6276595711708068,0.0,5,10,21
resnet50,dtd,random,31,10,21,0.5238095238095238,1,0.5,cifar10,cifar10,1,cifar10,cifar10|dermamnist|fashion_mnist|mnist|octmnist|organamnist|organsmnist|pneumoniamnist|tiny_imagenet|usps,0.6252659916877746,0.6252659916877746,0.0,0.0,0.6276595711708068,0.6276595711708068,0.0,5,10,21
resnet50,dtd,random,32,10,21,0.5238095238095238,0,0.75,cifar10,cifar10,1,cifar100,bloodmnist|cifar100|cifar100_coarse|dermamnist|mnist|organamnist|organcmnist|organsmnist|pathmnist|stl10,0.6252659916877746,0.6242021679878235,0.0010638236999511719,0.017937107964948282,0.6276595711708068,0.6397871971130371,-0.012127625942230269,5,10,21
resnet50,dtd,random,33,10,21,0.5238095238095238,1,1.0,cifar10,cifar10,1,cifar10,bloodmnist|cifar10|cifar100|fashion_mnist|organcmnist|organsmnist|pathmnist|rendered_sst2|stl10|tissuemnist,0.6252659916877746,0.6252659916877746,0.0,0.0,0.6276595711708068,0.6276595711708068,0.0,5,10,21
resnet50,dtd,random,34,10,21,0.5238095238095238,0,0.5,cifar10,cifar10,1,cifar100,bloodmnist|breastmnist|cifar100|organcmnist|organsmnist|pathmnist|rendered_sst2|svhn|tiny_imagenet|usps,0.6252659916877746,0.6242021679878235,0.0010638236999511719,0.017937107964948282,0.6276595711708068,0.6397871971130371,-0.012127625942230269,5,10,21
resnet50,dtd,random,35,10,21,0.5238095238095238,0,0.25,cifar10,cifar10,1,organsmnist,bloodmnist|breastmnist|cifar100_coarse|octmnist|organamnist|organsmnist|pneumoniamnist|retinamnist|svhn|tiny_imagenet,0.6252659916877746,0.6228723645210266,0.002393627166748069,0.04035889491817491,0.6276595711708068,0.6252127528190613,0.002446818351745539,5,10,21
resnet50,dtd,random,36,10,21,0.5238095238095238,0,0.25,cifar10,cifar10,1,stl10,cifar100_coarse|dermamnist|fashion_mnist|octmnist|organamnist|pathmnist|rendered_sst2|retinamnist|stl10|svhn,0.6252659916877746,0.6228723645210266,0.002393627166748069,0.04035889491817491,0.6276595711708068,0.6314893364906311,-0.003829765319824263,5,10,21
resnet50,dtd,random,37,10,21,0.5238095238095238,0,0.5,cifar10,cifar10,1,cifar100,bloodmnist|cifar100|cifar100_coarse|fashion_mnist|octmnist|organamnist|organcmnist|organsmnist|pneumoniamnist|rendered_sst2,0.6252659916877746,0.6242021679878235,0.0010638236999511719,0.017937107964948282,0.6276595711708068,0.6397871971130371,-0.012127625942230269,5,10,21
resnet50,dtd,random,38,10,21,0.5238095238095238,1,0.75,cifar10,cifar10,1,cifar10,breastmnist|cifar10|cifar100|cifar100_coarse|dermamnist|organamnist|organsmnist|pathmnist|retinamnist|svhn,0.6252659916877746,0.6252659916877746,0.0,0.0,0.6276595711708068,0.6276595711708068,0.0,5,10,21
resnet50,dtd,random,39,10,21,0.5238095238095238,1,0.5,cifar10,cifar10,1,cifar10,breastmnist|cifar10|dermamnist|octmnist|organamnist|organsmnist|pneumoniamnist|retinamnist|svhn|usps,0.6252659916877746,0.6252659916877746,0.0,0.0,0.6276595711708068,0.6276595711708068,0.0,5,10,21
resnet50,dtd,random,40,10,21,0.5238095238095238,0,0.25,cifar10,cifar10,1,organsmnist,bloodmnist|fashion_mnist|mnist|octmnist|organamnist|organcmnist|organsmnist|pathmnist|tiny_imagenet|usps,0.6252659916877746,0.6228723645210266,0.002393627166748069,0.04035889491817491,0.6276595711708068,0.6252127528190613,0.002446818351745539,5,10,21
resnet50,dtd,random,41,10,21,0.5238095238095238,1,0.75,cifar10,cifar10,1,cifar10,cifar10|cifar100_coarse|dermamnist|fashion_mnist|mnist|organamnist|organsmnist|stl10|svhn|tiny_imagenet,0.6252659916877746,0.6252659916877746,0.0,0.0,0.6276595711708068,0.6276595711708068,0.0,5,10,21
resnet50,dtd,random,42,10,21,0.5238095238095238,0,0.5,cifar10,cifar10,1,organsmnist,cifar100_coarse|fashion_mnist|mnist|organamnist|organsmnist|pathmnist|retinamnist|stl10|svhn|tissuemnist,0.6252659916877746,0.6228723645210266,0.002393627166748069,0.04035889491817491,0.6276595711708068,0.6252127528190613,0.002446818351745539,5,10,21
resnet50,dtd,random,43,10,21,0.5238095238095238,0,0.25,cifar10,cifar10,1,cifar100,bloodmnist|breastmnist|cifar100|cifar100_coarse|fashion_mnist|mnist|organamnist|pathmnist|retinamnist|svhn,0.6252659916877746,0.6242021679878235,0.0010638236999511719,0.017937107964948282,0.6276595711708068,0.6397871971130371,-0.012127625942230269,5,10,21
resnet50,dtd,random,44,10,21,0.5238095238095238,1,1.0,cifar10,cifar10,1,cifar10,bloodmnist|cifar10|cifar100|mnist|organsmnist|pathmnist|pneumoniamnist|retinamnist|stl10|usps,0.6252659916877746,0.6252659916877746,0.0,0.0,0.6276595711708068,0.6276595711708068,0.0,5,10,21
resnet50,dtd,random,45,10,21,0.5238095238095238,0,0.25,cifar10,cifar10,1,cifar100,bloodmnist|cifar100|cifar100_coarse|dermamnist|fashion_mnist|octmnist|organamnist|pneumoniamnist|tissuemnist|usps,0.6252659916877746,0.6242021679878235,0.0010638236999511719,0.017937107964948282,0.6276595711708068,0.6397871971130371,-0.012127625942230269,5,10,21
resnet50,dtd,random,46,10,21,0.5238095238095238,0,0.25,cifar10,cifar10,1,cifar100,breastmnist|cifar100|fashion_mnist|mnist|octmnist|organamnist|organcmnist|pneumoniamnist|retinamnist|tiny_imagenet,0.6252659916877746,0.6242021679878235,0.0010638236999511719,0.017937107964948282,0.6276595711708068,0.6397871971130371,-0.012127625942230269,5,10,21
resnet50,dtd,random,47,10,21,0.5238095238095238,0,0.5,cifar10,cifar10,1,cifar100,bloodmnist|cifar100|cifar100_coarse|fashion_mnist|organamnist|organcmnist|pathmnist|stl10|svhn|usps,0.6252659916877746,0.6242021679878235,0.0010638236999511719,0.017937107964948282,0.6276595711708068,0.6397871971130371,-0.012127625942230269,5,10,21
resnet50,dtd,random,48,10,21,0.5238095238095238,0,0.5,cifar10,cifar10,1,cifar100,bloodmnist|cifar100|dermamnist|fashion_mnist|mnist|octmnist|organamnist|retinamnist|stl10|svhn,0.6252659916877746,0.6242021679878235,0.0010638236999511719,0.017937107964948282,0.6276595711708068,0.6397871971130371,-0.012127625942230269,5,10,21
resnet50,dtd,random,49,10,21,0.5238095238095238,0,0.5,cifar10,cifar10,1,organsmnist,breastmnist|mnist|octmnist|organsmnist|pathmnist|rendered_sst2|retinamnist|stl10|svhn|usps,0.6252659916877746,0.6228723645210266,0.002393627166748069,0.04035889491817491,0.6276595711708068,0.6252127528190613,0.002446818351745539,5,10,21
resnet50,dtd,random,50,10,21,0.5238095238095238,0,0.5,cifar10,cifar10,1,cifar100,cifar100|fashion_mnist|mnist|octmnist|organamnist|organsmnist|pneumoniamnist|svhn|tiny_imagenet|usps,0.6252659916877746,0.6242021679878235,0.0010638236999511719,0.017937107964948282,0.6276595711708068,0.6397871971130371,-0.012127625942230269,5,10,21
resnet50,dtd,random,51,10,21,0.5238095238095238,1,0.5,cifar10,cifar10,1,cifar10,bloodmnist|breastmnist|cifar10|cifar100_coarse|octmnist|pathmnist|stl10|svhn|tiny_imagenet|usps,0.6252659916877746,0.6252659916877746,0.0,0.0,0.6276595711708068,0.6276595711708068,0.0,5,10,21
resnet50,dtd,random,52,10,21,0.5238095238095238,0,0.0,cifar10,cifar10,1,fashion_mnist,bloodmnist|breastmnist|cifar100_coarse|fashion_mnist|octmnist|organamnist|organcmnist|pathmnist|svhn|tissuemnist,0.6252659916877746,0.6164893984794617,0.008776593208312922,0.14798194470490403,0.6276595711708068,0.6259574294090271,0.0017021417617797407,5,10,21
resnet50,dtd,random,53,10,21,0.5238095238095238,0,0.0,cifar10,cifar10,1,tiny_imagenet,cifar100_coarse|fashion_mnist|mnist|octmnist|organcmnist|rendered_sst2|retinamnist|svhn|tiny_imagenet|tissuemnist,0.6252659916877746,0.6220744729042054,0.0031915187835692693,0.053812127888925525,0.6276595711708068,0.6438297748565673,-0.016170203685760498,5,10,21
resnet50,dtd,random,54,10,21,0.5238095238095238,1,0.75,cifar10,cifar10,1,cifar10,cifar10|cifar100_coarse|mnist|organcmnist|organsmnist|pneumoniamnist|retinamnist|stl10|tiny_imagenet|usps,0.6252659916877746,0.6252659916877746,0.0,0.0,0.6276595711708068,0.6276595711708068,0.0,5,10,21
resnet50,dtd,random,55,10,21,0.5238095238095238,1,1.0,cifar10,cifar10,1,cifar10,breastmnist|cifar10|cifar100|organsmnist|pathmnist|rendered_sst2|stl10|tiny_imagenet|tissuemnist|usps,0.6252659916877746,0.6252659916877746,0.0,0.0,0.6276595711708068,0.6276595711708068,0.0,5,10,21
resnet50,dtd,random,56,10,21,0.5238095238095238,0,0.5,cifar10,cifar10,1,cifar100,breastmnist|cifar100|cifar100_coarse|dermamnist|octmnist|organcmnist|organsmnist|svhn|tissuemnist|usps,0.6252659916877746,0.6242021679878235,0.0010638236999511719,0.017937107964948282,0.6276595711708068,0.6397871971130371,-0.012127625942230269,5,10,21
resnet50,dtd,random,57,10,21,0.5238095238095238,1,0.25,cifar10,cifar10,1,cifar10,bloodmnist|breastmnist|cifar10|cifar100_coarse|dermamnist|organamnist|pathmnist|pneumoniamnist|svhn|tissuemnist,0.6252659916877746,0.6252659916877746,0.0,0.0,0.6276595711708068,0.6276595711708068,0.0,5,10,21
resnet50,dtd,random,58,10,21,0.5238095238095238,0,0.0,cifar10,cifar10,1,tiny_imagenet,cifar100_coarse|dermamnist|fashion_mnist|mnist|octmnist|pathmnist|rendered_sst2|tiny_imagenet|tissuemnist|usps,0.6252659916877746,0.6220744729042054,0.0031915187835692693,0.053812127888925525,0.6276595711708068,0.6438297748565673,-0.016170203685760498,5,10,21
resnet50,dtd,random,59,10,21,0.5238095238095238,0,0.25,cifar10,cifar10,1,stl10,bloodmnist|dermamnist|mnist|octmnist|organamnist|organcmnist|rendered_sst2|retinamnist|stl10|tissuemnist,0.6252659916877746,0.6228723645210266,0.002393627166748069,0.04035889491817491,0.6276595711708068,0.6314893364906311,-0.003829765319824263,5,10,21
resnet50,dtd,random,60,10,21,0.5238095238095238,1,0.5,cifar10,cifar10,1,cifar10,bloodmnist|breastmnist|cifar10|cifar100_coarse|organamnist|organcmnist|organsmnist|rendered_sst2|svhn|tiny_imagenet,0.6252659916877746,0.6252659916877746,0.0,0.0,0.6276595711708068,0.6276595711708068,0.0,5,10,21
resnet50,dtd,random,61,10,21,0.5238095238095238,1,0.75,cifar10,cifar10,1,cifar10,bloodmnist|cifar10|dermamnist|mnist|octmnist|organsmnist|rendered_sst2|stl10|tiny_imagenet|usps,0.6252659916877746,0.6252659916877746,0.0,0.0,0.6276595711708068,0.6276595711708068,0.0,5,10,21
resnet50,dtd,random,62,10,21,0.5238095238095238,1,0.5,cifar10,cifar10,1,cifar10,bloodmnist|cifar10|cifar100_coarse|mnist|organcmnist|retinamnist|stl10|tiny_imagenet|tissuemnist|usps,0.6252659916877746,0.6252659916877746,0.0,0.0,0.6276595711708068,0.6276595711708068,0.0,5,10,21
resnet50,dtd,random,63,10,21,0.5238095238095238,0,0.5,cifar10,cifar10,1,cifar100,bloodmnist|cifar100|cifar100_coarse|octmnist|organamnist|organcmnist|organsmnist|rendered_sst2|retinamnist|usps,0.6252659916877746,0.6242021679878235,0.0010638236999511719,0.017937107964948282,0.6276595711708068,0.6397871971130371,-0.012127625942230269,5,10,21
resnet50,dtd,random,64,10,21,0.5238095238095238,0,0.5,cifar10,cifar10,1,cifar100,breastmnist|cifar100|cifar100_coarse|fashion_mnist|octmnist|organamnist|organsmnist|pneumoniamnist|rendered_sst2|usps,0.6252659916877746,0.6242021679878235,0.0010638236999511719,0.017937107964948282,0.6276595711708068,0.6397871971130371,-0.012127625942230269,5,10,21
resnet50,dtd,random,65,10,21,0.5238095238095238,0,0.5,cifar10,cifar10,1,cifar100,breastmnist|cifar100|fashion_mnist|mnist|octmnist|organamnist|organsmnist|pathmnist|pneumoniamnist|tissuemnist,0.6252659916877746,0.6242021679878235,0.0010638236999511719,0.017937107964948282,0.6276595711708068,0.6397871971130371,-0.012127625942230269,5,10,21
resnet50,dtd,random,66,10,21,0.5238095238095238,0,0.25,cifar10,cifar10,1,organsmnist,bloodmnist|breastmnist|dermamnist|fashion_mnist|mnist|octmnist|organamnist|organsmnist|pathmnist|svhn,0.6252659916877746,0.6228723645210266,0.002393627166748069,0.04035889491817491,0.6276595711708068,0.6252127528190613,0.002446818351745539,5,10,21
resnet50,dtd,random,67,10,21,0.5238095238095238,0,0.5,cifar10,cifar10,1,cifar100,bloodmnist|breastmnist|cifar100|cifar100_coarse|organcmnist|pathmnist|rendered_sst2|stl10|tiny_imagenet|usps,0.6252659916877746,0.6242021679878235,0.0010638236999511719,0.017937107964948282,0.6276595711708068,0.6397871971130371,-0.012127625942230269,5,10,21
resnet50,dtd,random,68,10,21,0.5238095238095238,1,0.5,cifar10,cifar10,1,cifar10,cifar10|cifar100|mnist|octmnist|pneumoniamnist|retinamnist|svhn|tiny_imagenet|tissuemnist|usps,0.6252659916877746,0.6252659916877746,0.0,0.0,0.6276595711708068,0.6276595711708068,0.0,5,10,21
resnet50,dtd,random,69,10,21,0.5238095238095238,1,0.75,cifar10,cifar10,1,cifar10,breastmnist|cifar10|cifar100|fashion_mnist|mnist|octmnist|organcmnist|stl10|svhn|tissuemnist,0.6252659916877746,0.6252659916877746,0.0,0.0,0.6276595711708068,0.6276595711708068,0.0,5,10,21
resnet50,dtd,random,70,10,21,0.5238095238095238,0,0.5,cifar10,cifar10,1,cifar100,bloodmnist|breastmnist|cifar100|mnist|pneumoniamnist|rendered_sst2|stl10|svhn|tiny_imagenet|tissuemnist,0.6252659916877746,0.6242021679878235,0.0010638236999511719,0.017937107964948282,0.6276595711708068,0.6397871971130371,-0.012127625942230269,5,10,21
resnet50,dtd,random,71,10,21,0.5238095238095238,0,0.25,cifar10,cifar10,1,stl10,breastmnist|cifar100_coarse|octmnist|organcmnist|pathmnist|rendered_sst2|stl10|svhn|tissuemnist|usps,0.6252659916877746,0.6228723645210266,0.002393627166748069,0.04035889491817491,0.6276595711708068,0.6314893364906311,-0.003829765319824263,5,10,21
resnet50,dtd,random,72,10,21,0.5238095238095238,1,0.25,cifar10,cifar10,1,cifar10,bloodmnist|cifar10|dermamnist|mnist|octmnist|rendered_sst2|retinamnist|svhn|tissuemnist|usps,0.6252659916877746,0.6252659916877746,0.0,0.0,0.6276595711708068,0.6276595711708068,0.0,5,10,21
resnet50,dtd,random,73,10,21,0.5238095238095238,0,0.25,cifar10,cifar10,1,organsmnist,bloodmnist|breastmnist|dermamnist|octmnist|organamnist|organcmnist|organsmnist|pneumoniamnist|rendered_sst2|svhn,0.6252659916877746,0.6228723645210266,0.002393627166748069,0.04035889491817491,0.6276595711708068,0.6252127528190613,0.002446818351745539,5,10,21
resnet50,dtd,random,74,10,21,0.5238095238095238,1,0.75,cifar10,cifar10,1,cifar10,cifar10|cifar100|dermamnist|octmnist|organsmnist|pathmnist|pneumoniamnist|rendered_sst2|retinamnist|usps,0.6252659916877746,0.6252659916877746,0.0,0.0,0.6276595711708068,0.6276595711708068,0.0,5,10,21
resnet50,dtd,random,75,10,21,0.5238095238095238,1,0.75,cifar10,cifar10,1,cifar10,breastmnist|cifar10|cifar100|cifar100_coarse|dermamnist|organcmnist|organsmnist|pathmnist|rendered_sst2|retinamnist,0.6252659916877746,0.6252659916877746,0.0,0.0,0.6276595711708068,0.6276595711708068,0.0,5,10,21
resnet50,dtd,random,76,10,21,0.5238095238095238,0,0.5,cifar10,cifar10,1,cifar100,breastmnist|cifar100|fashion_mnist|octmnist|organsmnist|rendered_sst2|retinamnist|svhn|tissuemnist|usps,0.6252659916877746,0.6242021679878235,0.0010638236999511719,0.017937107964948282,0.6276595711708068,0.6397871971130371,-0.012127625942230269,5,10,21
resnet50,dtd,random,77,10,21,0.5238095238095238,1,0.5,cifar10,cifar10,1,cifar10,bloodmnist|cifar10|dermamnist|fashion_mnist|organamnist|pathmnist|retinamnist|stl10|svhn|usps,0.6252659916877746,0.6252659916877746,0.0,0.0,0.6276595711708068,0.6276595711708068,0.0,5,10,21
resnet50,dtd,random,78,10,21,0.5238095238095238,0,0.5,cifar10,cifar10,1,cifar100,bloodmnist|cifar100|cifar100_coarse|fashion_mnist|organamnist|organcmnist|organsmnist|rendered_sst2|retinamnist|tissuemnist,0.6252659916877746,0.6242021679878235,0.0010638236999511719,0.017937107964948282,0.6276595711708068,0.6397871971130371,-0.012127625942230269,5,10,21
resnet50,dtd,random,79,10,21,0.5238095238095238,1,1.0,cifar10,cifar10,1,cifar10,breastmnist|cifar10|cifar100|dermamnist|organsmnist|pathmnist|rendered_sst2|stl10|svhn|tissuemnist,0.6252659916877746,0.6252659916877746,0.0,0.0,0.6276595711708068,0.6276595711708068,0.0,5,10,21
resnet50,dtd,random,80,10,21,0.5238095238095238,1,0.75,cifar10,cifar10,1,cifar10,cifar10|cifar100|cifar100_coarse|fashion_mnist|mnist|organamnist|organcmnist|pneumoniamnist|stl10|tiny_imagenet,0.6252659916877746,0.6252659916877746,0.0,0.0,0.6276595711708068,0.6276595711708068,0.0,5,10,21
resnet50,dtd,random,81,10,21,0.5238095238095238,0,0.25,cifar10,cifar10,1,organsmnist,bloodmnist|cifar100_coarse|octmnist|organamnist|organcmnist|organsmnist|pneumoniamnist|retinamnist|tiny_imagenet|tissuemnist,0.6252659916877746,0.6228723645210266,0.002393627166748069,0.04035889491817491,0.6276595711708068,0.6252127528190613,0.002446818351745539,5,10,21
resnet50,dtd,random,82,10,21,0.5238095238095238,0,0.0,cifar10,cifar10,1,tiny_imagenet,bloodmnist|cifar100_coarse|mnist|octmnist|organcmnist|rendered_sst2|retinamnist|svhn|tiny_imagenet|tissuemnist,0.6252659916877746,0.6220744729042054,0.0031915187835692693,0.053812127888925525,0.6276595711708068,0.6438297748565673,-0.016170203685760498,5,10,21
resnet50,dtd,random,83,10,21,0.5238095238095238,0,0.5,cifar10,cifar10,1,cifar100,bloodmnist|cifar100|dermamnist|organcmnist|retinamnist|stl10|svhn|tiny_imagenet|tissuemnist|usps,0.6252659916877746,0.6242021679878235,0.0010638236999511719,0.017937107964948282,0.6276595711708068,0.6397871971130371,-0.012127625942230269,5,10,21
resnet50,dtd,random,84,10,21,0.5238095238095238,0,0.25,cifar10,cifar10,1,stl10,bloodmnist|breastmnist|cifar100_coarse|dermamnist|fashion_mnist|octmnist|rendered_sst2|stl10|tissuemnist|usps,0.6252659916877746,0.6228723645210266,0.002393627166748069,0.04035889491817491,0.6276595711708068,0.6314893364906311,-0.003829765319824263,5,10,21
resnet50,dtd,random,85,10,21,0.5238095238095238,0,0.5,cifar10,cifar10,1,cifar100,bloodmnist|breastmnist|cifar100|dermamnist|organcmnist|organsmnist|retinamnist|tiny_imagenet|tissuemnist|usps,0.6252659916877746,0.6242021679878235,0.0010638236999511719,0.017937107964948282,0.6276595711708068,0.6397871971130371,-0.012127625942230269,5,10,21
resnet50,dtd,random,86,10,21,0.5238095238095238,1,0.75,cifar10,cifar10,1,cifar10,bloodmnist|cifar10|cifar100_coarse|fashion_mnist|mnist|organsmnist|rendered_sst2|retinamnist|stl10|usps,0.6252659916877746,0.6252659916877746,0.0,0.0,0.6276595711708068,0.6276595711708068,0.0,5,10,21
resnet50,dtd,random,87,10,21,0.5238095238095238,0,0.25,cifar10,cifar10,1,organsmnist,breastmnist|dermamnist|fashion_mnist|mnist|organamnist|organsmnist|pathmnist|svhn|tissuemnist|usps,0.6252659916877746,0.6228723645210266,0.002393627166748069,0.04035889491817491,0.6276595711708068,0.6252127528190613,0.002446818351745539,5,10,21
resnet50,dtd,random,88,10,21,0.5238095238095238,0,0.75,cifar10,cifar10,1,cifar100,breastmnist|cifar100|cifar100_coarse|dermamnist|organamnist|organsmnist|pathmnist|stl10|tiny_imagenet|tissuemnist,0.6252659916877746,0.6242021679878235,0.0010638236999511719,0.017937107964948282,0.6276595711708068,0.6397871971130371,-0.012127625942230269,5,10,21
resnet50,dtd,random,89,10,21,0.5238095238095238,1,0.25,cifar10,cifar10,1,cifar10,breastmnist|cifar10|dermamnist|fashion_mnist|mnist|octmnist|organcmnist|pathmnist|svhn|tiny_imagenet,0.6252659916877746,0.6252659916877746,0.0,0.0,0.6276595711708068,0.6276595711708068,0.0,5,10,21
resnet50,dtd,random,90,10,21,0.5238095238095238,1,0.5,cifar10,cifar10,1,cifar10,bloodmnist|cifar10|cifar100|cifar100_coarse|octmnist|organamnist|organcmnist|pneumoniamnist|rendered_sst2|tiny_imagenet,0.6252659916877746,0.6252659916877746,0.0,0.0,0.6276595711708068,0.6276595711708068,0.0,5,10,21
resnet50,dtd,random,91,10,21,0.5238095238095238,0,0.0,cifar10,cifar10,1,fashion_mnist,breastmnist|cifar100_coarse|dermamnist|fashion_mnist|mnist|organamnist|organcmnist|pneumoniamnist|retinamnist|tissuemnist,0.6252659916877746,0.6164893984794617,0.008776593208312922,0.14798194470490403,0.6276595711708068,0.6259574294090271,0.0017021417617797407,5,10,21
resnet50,dtd,random,92,10,21,0.5238095238095238,0,0.5,cifar10,cifar10,1,cifar100,cifar100|cifar100_coarse|dermamnist|fashion_mnist|mnist|organcmnist|retinamnist|stl10|svhn|tissuemnist,0.6252659916877746,0.6242021679878235,0.0010638236999511719,0.017937107964948282,0.6276595711708068,0.6397871971130371,-0.012127625942230269,5,10,21
resnet50,dtd,random,93,10,21,0.5238095238095238,0,0.25,cifar10,cifar10,1,organsmnist,breastmnist|cifar100_coarse|mnist|octmnist|organsmnist|pathmnist|pneumoniamnist|rendered_sst2|svhn|usps,0.6252659916877746,0.6228723645210266,0.002393627166748069,0.04035889491817491,0.6276595711708068,0.6252127528190613,0.002446818351745539,5,10,21
resnet50,dtd,random,94,10,21,0.5238095238095238,1,0.75,cifar10,cifar10,1,cifar10,cifar10|cifar100|dermamnist|organamnist|organcmnist|organsmnist|pathmnist|pneumoniamnist|svhn|usps,0.6252659916877746,0.6252659916877746,0.0,0.0,0.6276595711708068,0.6276595711708068,0.0,5,10,21
resnet50,dtd,random,95,10,21,0.5238095238095238,0,0.5,cifar10,cifar10,1,organsmnist,cifar100_coarse|mnist|octmnist|organamnist|organsmnist|pneumoniamnist|stl10|svhn|tissuemnist|usps,0.6252659916877746,0.6228723645210266,0.002393627166748069,0.04035889491817491,0.6276595711708068,0.6252127528190613,0.002446818351745539,5,10,21
resnet50,dtd,random,96,10,21,0.5238095238095238,1,0.5,cifar10,cifar10,1,cifar10,bloodmnist|breastmnist|cifar10|cifar100_coarse|mnist|organamnist|pathmnist|rendered_sst2|stl10|svhn,0.6252659916877746,0.6252659916877746,0.0,0.0,0.6276595711708068,0.6276595711708068,0.0,5,10,21
resnet50,dtd,random,97,10,21,0.5238095238095238,1,0.25,cifar10,cifar10,1,cifar10,breastmnist|cifar10|dermamnist|fashion_mnist|mnist|pneumoniamnist|rendered_sst2|retinamnist|tissuemnist|usps,0.6252659916877746,0.6252659916877746,0.0,0.0,0.6276595711708068,0.6276595711708068,0.0,5,10,21
resnet50,dtd,random,98,10,21,0.5238095238095238,0,0.5,cifar10,cifar10,1,cifar100,bloodmnist|breastmnist|cifar100|cifar100_coarse|dermamnist|octmnist|organsmnist|retinamnist|tiny_imagenet|tissuemnist,0.6252659916877746,0.6242021679878235,0.0010638236999511719,0.017937107964948282,0.6276595711708068,0.6397871971130371,-0.012127625942230269,5,10,21
resnet50,dtd,random,99,10,21,0.5238095238095238,0,0.25,cifar10,cifar10,1,cifar100,bloodmnist|cifar100|dermamnist|mnist|organamnist|pathmnist|pneumoniamnist|retinamnist|tiny_imagenet|tissuemnist,0.6252659916877746,0.6242021679878235,0.0010638236999511719,0.017937107964948282,0.6276595711708068,0.6397871971130371,-0.012127625942230269,5,10,21
resnet50,eurosat,rank_only,-1,3,21,0.8571428571428572,0,0.0,bloodmnist,bloodmnist,1,tiny_imagenet,tiny_imagenet|cifar100_coarse|cifar100,0.8960238099098206,0.8914512395858765,0.004572570323944092,0.2804880634897881,0.9073333382606507,0.9098518490791321,-0.002518510818481423,5,3,21
resnet50,eurosat,facility_subspace,-1,3,21,0.8571428571428572,0,0.0,bloodmnist,bloodmnist,1,cifar100,organcmnist|cifar100|svhn,0.8960238099098206,0.8900595784187317,0.005964231491088823,0.36585456813649425,0.9073333382606507,0.9061481595039368,0.0011851787567138672,5,3,21
resnet50,eurosat,kcenter_subspace,-1,3,21,0.8571428571428572,0,0.3333333333333333,bloodmnist,bloodmnist,1,usps,tiny_imagenet|rendered_sst2|usps,0.8960238099098206,0.8926440596580505,0.003379750251770064,0.20731875860586543,0.9073333382606507,0.908740758895874,-0.0014074206352233665,5,3,21
resnet50,eurosat,dpp_subspace,-1,3,21,0.8571428571428572,0,0.0,bloodmnist,bloodmnist,1,tiny_imagenet,tiny_imagenet|stl10|cifar100_coarse,0.8960238099098206,0.8914512395858765,0.004572570323944092,0.2804880634897881,0.9073333382606507,0.9098518490791321,-0.002518510818481423,5,3,21
resnet50,eurosat,pool_vendi_subspace,-1,3,21,0.8571428571428572,0,0.3333333333333333,bloodmnist,bloodmnist,1,usps,tiny_imagenet|rendered_sst2|usps,0.8960238099098206,0.8926440596580505,0.003379750251770064,0.20731875860586543,0.9073333382606507,0.908740758895874,-0.0014074206352233665,5,3,21
resnet50,eurosat,full_merged_rank,-1,3,21,0.8571428571428572,0,0.0,bloodmnist,bloodmnist,1,tiny_imagenet,tiny_imagenet|stl10|cifar100_coarse,0.8960238099098206,0.8914512395858765,0.004572570323944092,0.2804880634897881,0.9073333382606507,0.9098518490791321,-0.002518510818481423,5,3,21
resnet50,eurosat,random,0,3,21,0.8571428571428572,1,0.3333333333333333,bloodmnist,bloodmnist,1,bloodmnist,bloodmnist|rendered_sst2|retinamnist,0.8960238099098206,0.8960238099098206,0.0,0.0,0.9073333382606507,0.9073333382606507,0.0,5,3,21
resnet50,eurosat,random,1,3,21,0.8571428571428572,0,0.0,bloodmnist,bloodmnist,1,cifar100_coarse,cifar100_coarse|organsmnist|tissuemnist,0.8960238099098206,0.8834989547729493,0.012524855136871293,0.7682926918444717,0.9073333382606507,0.9045185327529908,0.00281480550765989,5,3,21
resnet50,eurosat,random,2,3,21,0.8571428571428572,0,0.0,bloodmnist,bloodmnist,1,mnist,mnist|rendered_sst2|svhn,0.8960238099098206,0.8858846187591553,0.010139191150665305,0.6219526195826486,0.9073333382606507,0.904888904094696,0.0024444341659546343,5,3,21
resnet50,eurosat,random,3,3,21,0.8571428571428572,0,0.0,bloodmnist,bloodmnist,1,cifar100,cifar100|pathmnist|rendered_sst2,0.8960238099098206,0.8900595784187317,0.005964231491088823,0.36585456813649425,0.9073333382606507,0.9061481595039368,0.0011851787567138672,5,3,21
resnet50,eurosat,random,4,3,21,0.8571428571428572,1,0.3333333333333333,bloodmnist,bloodmnist,1,bloodmnist,bloodmnist|pathmnist|tissuemnist,0.8960238099098206,0.8960238099098206,0.0,0.0,0.9073333382606507,0.9073333382606507,0.0,5,3,21
resnet50,eurosat,random,5,3,21,0.8571428571428572,1,0.3333333333333333,bloodmnist,bloodmnist,1,bloodmnist,bloodmnist|organsmnist|tiny_imagenet,0.8960238099098206,0.8960238099098206,0.0,0.0,0.9073333382606507,0.9073333382606507,0.0,5,3,21
resnet50,eurosat,random,6,3,21,0.8571428571428572,0,0.0,bloodmnist,bloodmnist,1,fashion_mnist,fashion_mnist|mnist|pathmnist,0.8960238099098206,0.8910536050796509,0.004970204830169633,0.3048795380273996,0.9073333382606507,0.9047407269477844,0.0025926113128662553,5,3,21
resnet50,eurosat,random,7,3,21,0.8571428571428572,0,0.0,bloodmnist,bloodmnist,1,tiny_imagenet,cifar100_coarse|mnist|tiny_imagenet,0.8960238099098206,0.8914512395858765,0.004572570323944092,0.2804880634897881,0.9073333382606507,0.9098518490791321,-0.002518510818481423,5,3,21
resnet50,eurosat,random,8,3,21,0.8571428571428572,0,0.3333333333333333,bloodmnist,bloodmnist,1,octmnist,octmnist|organcmnist|organsmnist,0.8960238099098206,0.8932405233383178,0.00278328657150273,0.17073081555245592,0.9073333382606507,0.904888904094696,0.0024444341659546343,5,3,21
resnet50,eurosat,random,9,3,21,0.8571428571428572,0,0.0,bloodmnist,bloodmnist,1,fashion_mnist,breastmnist|fashion_mnist|rendered_sst2,0.8960238099098206,0.8910536050796509,0.004970204830169633,0.3048795380273996,0.9073333382606507,0.9047407269477844,0.0025926113128662553,5,3,21
resnet50,eurosat,random,10,3,21,0.8571428571428572,0,0.0,bloodmnist,bloodmnist,1,cifar100,cifar100|cifar100_coarse|organamnist,0.8960238099098206,0.8900595784187317,0.005964231491088823,0.36585456813649425,0.9073333382606507,0.9061481595039368,0.0011851787567138672,5,3,21
resnet50,eurosat,random,11,3,21,0.8571428571428572,0,0.3333333333333333,bloodmnist,bloodmnist,1,octmnist,octmnist|retinamnist|tiny_imagenet,0.8960238099098206,0.8932405233383178,0.00278328657150273,0.17073081555245592,0.9073333382606507,0.904888904094696,0.0024444341659546343,5,3,21
resnet50,eurosat,random,12,3,21,0.8571428571428572,1,0.6666666666666666,bloodmnist,bloodmnist,1,bloodmnist,bloodmnist|fashion_mnist|usps,0.8960238099098206,0.8960238099098206,0.0,0.0,0.9073333382606507,0.9073333382606507,0.0,5,3,21
resnet50,eurosat,random,13,3,21,0.8571428571428572,0,0.3333333333333333,bloodmnist,bloodmnist,1,usps,mnist|organcmnist|usps,0.8960238099098206,0.8926440596580505,0.003379750251770064,0.20731875860586543,0.9073333382606507,0.908740758895874,-0.0014074206352233665,5,3,21
resnet50,eurosat,random,14,3,21,0.8571428571428572,1,0.3333333333333333,bloodmnist,bloodmnist,1,bloodmnist,bloodmnist|cifar10|svhn,0.8960238099098206,0.8960238099098206,0.0,0.0,0.9073333382606507,0.9073333382606507,0.0,5,3,21
resnet50,eurosat,random,15,3,21,0.8571428571428572,0,0.0,bloodmnist,bloodmnist,1,breastmnist,breastmnist|cifar100_coarse|tissuemnist,0.8960238099098206,0.8906560063362121,0.005367803573608443,0.32926881882405473,0.9073333382606507,0.9034814834594727,0.0038518548011780007,5,3,21
resnet50,eurosat,random,16,3,21,0.8571428571428572,1,0.3333333333333333,bloodmnist,bloodmnist,1,bloodmnist,bloodmnist|organamnist|svhn,0.8960238099098206,0.8960238099098206,0.0,0.0,0.9073333382606507,0.9073333382606507,0.0,5,3,21
resnet50,eurosat,random,17,3,21,0.8571428571428572,0,0.0,bloodmnist,bloodmnist,1,fashion_mnist,cifar10|fashion_mnist|svhn,0.8960238099098206,0.8910536050796509,0.004970204830169633,0.3048795380273996,0.9073333382606507,0.9047407269477844,0.0025926113128662553,5,3,21
resnet50,eurosat,random,18,3,21,0.8571428571428572,0,0.0,bloodmnist,bloodmnist,1,pathmnist,cifar100_coarse|organsmnist|pathmnist,0.8960238099098206,0.8850893974304199,0.010934412479400635,0.670732643669923,0.9073333382606507,0.9064444661140442,0.0008888721466064897,5,3,21
resnet50,eurosat,random,19,3,21,0.8571428571428572,0,0.0,bloodmnist,bloodmnist,1,tiny_imagenet,cifar100_coarse|rendered_sst2|tiny_imagenet,0.8960238099098206,0.8914512395858765,0.004572570323944092,0.2804880634897881,0.9073333382606507,0.9098518490791321,-0.002518510818481423,5,3,21
resnet50,eurosat,random,20,3,21,0.8571428571428572,0,0.3333333333333333,bloodmnist,bloodmnist,1,octmnist,cifar100|octmnist|organamnist,0.8960238099098206,0.8932405233383178,0.00278328657150273,0.17073081555245592,0.9073333382606507,0.904888904094696,0.0024444341659546343,5,3,21
resnet50,eurosat,random,21,3,21,0.8571428571428572,1,0.3333333333333333,bloodmnist,bloodmnist,1,bloodmnist,bloodmnist|organcmnist|organsmnist,0.8960238099098206,0.8960238099098206,0.0,0.0,0.9073333382606507,0.9073333382606507,0.0,5,3,21
resnet50,eurosat,random,22,3,21,0.8571428571428572,0,0.0,bloodmnist,bloodmnist,1,cifar10,cifar10|rendered_sst2|tissuemnist,0.8960238099098206,0.8848906040191651,0.011133205890655473,0.682926918444751,0.9073333382606507,0.899407422542572,0.007925915718078658,5,3,21
resnet50,eurosat,random,23,3,21,0.8571428571428572,0,0.0,bloodmnist,bloodmnist,1,cifar100,cifar100|organamnist|organcmnist,0.8960238099098206,0.8900595784187317,0.005964231491088823,0.36585456813649425,0.9073333382606507,0.9061481595039368,0.0011851787567138672,5,3,21
resnet50,eurosat,random,24,3,21,0.8571428571428572,0,0.3333333333333333,bloodmnist,bloodmnist,1,octmnist,mnist|octmnist|organamnist,0.8960238099098206,0.8932405233383178,0.00278328657150273,0.17073081555245592,0.9073333382606507,0.904888904094696,0.0024444341659546343,5,3,21
resnet50,eurosat,random,25,3,21,0.8571428571428572,0,0.3333333333333333,bloodmnist,bloodmnist,1,octmnist,octmnist|organcmnist|tissuemnist,0.8960238099098206,0.8932405233383178,0.00278328657150273,0.17073081555245592,0.9073333382606507,0.904888904094696,0.0024444341659546343,5,3,21
resnet50,eurosat,random,26,3,21,0.8571428571428572,0,0.0,bloodmnist,bloodmnist,1,fashion_mnist,cifar100|fashion_mnist|organamnist,0.8960238099098206,0.8910536050796509,0.004970204830169633,0.3048795380273996,0.9073333382606507,0.9047407269477844,0.0025926113128662553,5,3,21
resnet50,eurosat,random,27,3,21,0.8571428571428572,0,0.0,bloodmnist,bloodmnist,1,tiny_imagenet,mnist|organamnist|tiny_imagenet,0.8960238099098206,0.8914512395858765,0.004572570323944092,0.2804880634897881,0.9073333382606507,0.9098518490791321,-0.002518510818481423,5,3,21
resnet50,eurosat,random,28,3,21,0.8571428571428572,0,0.0,bloodmnist,bloodmnist,1,fashion_mnist,cifar100|fashion_mnist|retinamnist,0.8960238099098206,0.8910536050796509,0.004970204830169633,0.3048795380273996,0.9073333382606507,0.9047407269477844,0.0025926113128662553,5,3,21
resnet50,eurosat,random,29,3,21,0.8571428571428572,0,0.0,bloodmnist,bloodmnist,1,stl10,organsmnist|rendered_sst2|stl10,0.8960238099098206,0.8876739025115967,0.008349907398223833,0.5121953716453096,0.9073333382606507,0.9071111083030701,0.0002222299575805886,5,3,21
resnet50,eurosat,random,30,3,21,0.8571428571428572,0,0.6666666666666666,bloodmnist,bloodmnist,1,octmnist,dermamnist|octmnist|usps,0.8960238099098206,0.8932405233383178,0.00278328657150273,0.17073081555245592,0.9073333382606507,0.904888904094696,0.0024444341659546343,5,3,21
resnet50,eurosat,random,31,3,21,0.8571428571428572,0,0.0,bloodmnist,bloodmnist,1,stl10,organamnist|rendered_sst2|stl10,0.8960238099098206,0.8876739025115967,0.008349907398223833,0.5121953716453096,0.9073333382606507,0.9071111083030701,0.0002222299575805886,5,3,21
resnet50,eurosat,random,32,3,21,0.8571428571428572,0,0.0,bloodmnist,bloodmnist,1,cifar100,cifar100|dermamnist|pathmnist,0.8960238099098206,0.8900595784187317,0.005964231491088823,0.36585456813649425,0.9073333382606507,0.9061481595039368,0.0011851787567138672,5,3,21
resnet50,eurosat,random,33,3,21,0.8571428571428572,1,0.3333333333333333,bloodmnist,bloodmnist,1,bloodmnist,bloodmnist|cifar100|cifar100_coarse,0.8960238099098206,0.8960238099098206,0.0,0.0,0.9073333382606507,0.9073333382606507,0.0,5,3,21
resnet50,eurosat,random,34,3,21,0.8571428571428572,1,0.6666666666666666,bloodmnist,bloodmnist,1,bloodmnist,bloodmnist|octmnist|organamnist,0.8960238099098206,0.8960238099098206,0.0,0.0,0.9073333382606507,0.9073333382606507,0.0,5,3,21
resnet50,eurosat,random,35,3,21,0.8571428571428572,1,0.3333333333333333,bloodmnist,bloodmnist,1,bloodmnist,bloodmnist|organsmnist|rendered_sst2,0.8960238099098206,0.8960238099098206,0.0,0.0,0.9073333382606507,0.9073333382606507,0.0,5,3,21
resnet50,eurosat,random,36,3,21,0.8571428571428572,0,0.0,bloodmnist,bloodmnist,1,dermamnist,dermamnist|organamnist|pneumoniamnist,0.8960238099098206,0.8898607730865479,0.006163036823272683,0.3780495741583146,0.9073333382606507,0.9097777724266052,-0.0024444341659545232,5,3,21
resnet50,eurosat,random,37,3,21,0.8571428571428572,0,0.0,bloodmnist,bloodmnist,1,fashion_mnist,cifar100|fashion_mnist|organcmnist,0.8960238099098206,0.8910536050796509,0.004970204830169633,0.3048795380273996,0.9073333382606507,0.9047407269477844,0.0025926113128662553,5,3,21
resnet50,eurosat,random,38,3,21,0.8571428571428572,0,0.0,bloodmnist,bloodmnist,1,cifar100,cifar10|cifar100|dermamnist,0.8960238099098206,0.8900595784187317,0.005964231491088823,0.36585456813649425,0.9073333382606507,0.9061481595039368,0.0011851787567138672,5,3,21
resnet50,eurosat,random,39,3,21,0.8571428571428572,0,0.0,bloodmnist,bloodmnist,1,mnist,mnist|rendered_sst2|retinamnist,0.8960238099098206,0.8858846187591553,0.010139191150665305,0.6219526195826486,0.9073333382606507,0.904888904094696,0.0024444341659546343,5,3,21
resnet50,eurosat,random,40,3,21,0.8571428571428572,1,0.6666666666666666,bloodmnist,bloodmnist,1,bloodmnist,bloodmnist|stl10|usps,0.8960238099098206,0.8960238099098206,0.0,0.0,0.9073333382606507,0.9073333382606507,0.0,5,3,21
resnet50,eurosat,random,41,3,21,0.8571428571428572,0,0.0,bloodmnist,bloodmnist,1,fashion_mnist,fashion_mnist|organamnist|rendered_sst2,0.8960238099098206,0.8910536050796509,0.004970204830169633,0.3048795380273996,0.9073333382606507,0.9047407269477844,0.0025926113128662553,5,3,21
resnet50,eurosat,random,42,3,21,0.8571428571428572,0,0.3333333333333333,bloodmnist,bloodmnist,1,usps,breastmnist|retinamnist|usps,0.8960238099098206,0.8926440596580505,0.003379750251770064,0.20731875860586543,0.9073333382606507,0.908740758895874,-0.0014074206352233665,5,3,21
resnet50,eurosat,random,43,3,21,0.8571428571428572,1,0.3333333333333333,bloodmnist,bloodmnist,1,bloodmnist,bloodmnist|fashion_mnist|svhn,0.8960238099098206,0.8960238099098206,0.0,0.0,0.9073333382606507,0.9073333382606507,0.0,5,3,21
resnet50,eurosat,random,44,3,21,0.8571428571428572,1,0.3333333333333333,bloodmnist,bloodmnist,1,bloodmnist,bloodmnist|breastmnist|rendered_sst2,0.8960238099098206,0.8960238099098206,0.0,0.0,0.9073333382606507,0.9073333382606507,0.0,5,3,21
resnet50,eurosat,random,45,3,21,0.8571428571428572,0,0.0,bloodmnist,bloodmnist,1,fashion_mnist,fashion_mnist|mnist|tissuemnist,0.8960238099098206,0.8910536050796509,0.004970204830169633,0.3048795380273996,0.9073333382606507,0.9047407269477844,0.0025926113128662553,5,3,21
resnet50,eurosat,random,46,3,21,0.8571428571428572,0,0.3333333333333333,bloodmnist,bloodmnist,1,octmnist,cifar100_coarse|octmnist|tissuemnist,0.8960238099098206,0.8932405233383178,0.00278328657150273,0.17073081555245592,0.9073333382606507,0.904888904094696,0.0024444341659546343,5,3,21
resnet50,eurosat,random,47,3,21,0.8571428571428572,0,0.0,bloodmnist,bloodmnist,1,tiny_imagenet,dermamnist|pneumoniamnist|tiny_imagenet,0.8960238099098206,0.8914512395858765,0.004572570323944092,0.2804880634897881,0.9073333382606507,0.9098518490791321,-0.002518510818481423,5,3,21
resnet50,eurosat,random,48,3,21,0.8571428571428572,0,0.0,bloodmnist,bloodmnist,1,dermamnist,dermamnist|mnist|organsmnist,0.8960238099098206,0.8898607730865479,0.006163036823272683,0.3780495741583146,0.9073333382606507,0.9097777724266052,-0.0024444341659545232,5,3,21
resnet50,eurosat,random,49,3,21,0.8571428571428572,0,0.0,bloodmnist,bloodmnist,1,stl10,mnist|stl10|svhn,0.8960238099098206,0.8876739025115967,0.008349907398223833,0.5121953716453096,0.9073333382606507,0.9071111083030701,0.0002222299575805886,5,3,21
resnet50,eurosat,random,50,3,21,0.8571428571428572,0,0.0,bloodmnist,bloodmnist,1,fashion_mnist,dermamnist|fashion_mnist|retinamnist,0.8960238099098206,0.8910536050796509,0.004970204830169633,0.3048795380273996,0.9073333382606507,0.9047407269477844,0.0025926113128662553,5,3,21
resnet50,eurosat,random,51,3,21,0.8571428571428572,0,0.0,bloodmnist,bloodmnist,1,tiny_imagenet,mnist|tiny_imagenet|tissuemnist,0.8960238099098206,0.8914512395858765,0.004572570323944092,0.2804880634897881,0.9073333382606507,0.9098518490791321,-0.002518510818481423,5,3,21
resnet50,eurosat,random,52,3,21,0.8571428571428572,0,0.0,bloodmnist,bloodmnist,1,tiny_imagenet,cifar10|cifar100|tiny_imagenet,0.8960238099098206,0.8914512395858765,0.004572570323944092,0.2804880634897881,0.9073333382606507,0.9098518490791321,-0.002518510818481423,5,3,21
resnet50,eurosat,random,53,3,21,0.8571428571428572,0,0.3333333333333333,bloodmnist,bloodmnist,1,octmnist,octmnist|organsmnist|tiny_imagenet,0.8960238099098206,0.8932405233383178,0.00278328657150273,0.17073081555245592,0.9073333382606507,0.904888904094696,0.0024444341659546343,5,3,21
resnet50,eurosat,random,54,3,21,0.8571428571428572,0,0.3333333333333333,bloodmnist,bloodmnist,1,usps,organcmnist|tiny_imagenet|usps,0.8960238099098206,0.8926440596580505,0.003379750251770064,0.20731875860586543,0.9073333382606507,0.908740758895874,-0.0014074206352233665,5,3,21
resnet50,eurosat,random,55,3,21,0.8571428571428572,0,0.3333333333333333,bloodmnist,bloodmnist,1,usps,stl10|svhn|usps,0.8960238099098206,0.8926440596580505,0.003379750251770064,0.20731875860586543,0.9073333382606507,0.908740758895874,-0.0014074206352233665,5,3,21
resnet50,eurosat,random,56,3,21,0.8571428571428572,0,0.0,bloodmnist,bloodmnist,1,fashion_mnist,dermamnist|fashion_mnist|organcmnist,0.8960238099098206,0.8910536050796509,0.004970204830169633,0.3048795380273996,0.9073333382606507,0.9047407269477844,0.0025926113128662553,5,3,21
resnet50,eurosat,random,57,3,21,0.8571428571428572,1,0.6666666666666666,bloodmnist,bloodmnist,1,bloodmnist,bloodmnist|dermamnist|usps,0.8960238099098206,0.8960238099098206,0.0,0.0,0.9073333382606507,0.9073333382606507,0.0,5,3,21
resnet50,eurosat,random,58,3,21,0.8571428571428572,0,0.0,bloodmnist,bloodmnist,1,cifar100,cifar100|retinamnist|svhn,0.8960238099098206,0.8900595784187317,0.005964231491088823,0.36585456813649425,0.9073333382606507,0.9061481595039368,0.0011851787567138672,5,3,21
resnet50,eurosat,random,59,3,21,0.8571428571428572,0,0.0,bloodmnist,bloodmnist,1,pneumoniamnist,cifar100_coarse|pneumoniamnist|svhn,0.8960238099098206,0.8850893974304199,0.010934412479400635,0.670732643669923,0.9073333382606507,0.8946666479110718,0.012666690349578902,5,3,21
resnet50,eurosat,random,60,3,21,0.8571428571428572,1,0.3333333333333333,bloodmnist,bloodmnist,1,bloodmnist,bloodmnist|cifar10|stl10,0.8960238099098206,0.8960238099098206,0.0,0.0,0.9073333382606507,0.9073333382606507,0.0,5,3,21
resnet50,eurosat,random,61,3,21,0.8571428571428572,0,0.0,bloodmnist,bloodmnist,1,cifar100,cifar100|pneumoniamnist|svhn,0.8960238099098206,0.8900595784187317,0.005964231491088823,0.36585456813649425,0.9073333382606507,0.9061481595039368,0.0011851787567138672,5,3,21
resnet50,eurosat,random,62,3,21,0.8571428571428572,1,0.6666666666666666,bloodmnist,bloodmnist,1,bloodmnist,bloodmnist|cifar100_coarse|octmnist,0.8960238099098206,0.8960238099098206,0.0,0.0,0.9073333382606507,0.9073333382606507,0.0,5,3,21
resnet50,eurosat,random,63,3,21,0.8571428571428572,0,0.0,bloodmnist,bloodmnist,1,pathmnist,pathmnist|pneumoniamnist|svhn,0.8960238099098206,0.8850893974304199,0.010934412479400635,0.670732643669923,0.9073333382606507,0.9064444661140442,0.0008888721466064897,5,3,21
resnet50,eurosat,random,64,3,21,0.8571428571428572,0,0.3333333333333333,bloodmnist,bloodmnist,1,octmnist,dermamnist|octmnist|pathmnist,0.8960238099098206,0.8932405233383178,0.00278328657150273,0.17073081555245592,0.9073333382606507,0.904888904094696,0.0024444341659546343,5,3,21
resnet50,eurosat,random,65,3,21,0.8571428571428572,1,0.3333333333333333,bloodmnist,bloodmnist,1,bloodmnist,bloodmnist|breastmnist|svhn,0.8960238099098206,0.8960238099098206,0.0,0.0,0.9073333382606507,0.9073333382606507,0.0,5,3,21
resnet50,eurosat,random,66,3,21,0.8571428571428572,0,0.0,bloodmnist,bloodmnist,1,stl10,organamnist|retinamnist|stl10,0.8960238099098206,0.8876739025115967,0.008349907398223833,0.5121953716453096,0.9073333382606507,0.9071111083030701,0.0002222299575805886,5,3,21
resnet50,eurosat,random,67,3,21,0.8571428571428572,0,0.0,bloodmnist,bloodmnist,1,stl10,mnist|retinamnist|stl10,0.8960238099098206,0.8876739025115967,0.008349907398223833,0.5121953716453096,0.9073333382606507,0.9071111083030701,0.0002222299575805886,5,3,21
resnet50,eurosat,random,68,3,21,0.8571428571428572,0,0.0,bloodmnist,bloodmnist,1,stl10,organamnist|pathmnist|stl10,0.8960238099098206,0.8876739025115967,0.008349907398223833,0.5121953716453096,0.9073333382606507,0.9071111083030701,0.0002222299575805886,5,3,21
resnet50,eurosat,random,69,3,21,0.8571428571428572,0,0.0,bloodmnist,bloodmnist,1,pathmnist,organcmnist|pathmnist|svhn,0.8960238099098206,0.8850893974304199,0.010934412479400635,0.670732643669923,0.9073333382606507,0.9064444661140442,0.0008888721466064897,5,3,21
resnet50,eurosat,random,70,3,21,0.8571428571428572,0,0.0,bloodmnist,bloodmnist,1,tiny_imagenet,organcmnist|pneumoniamnist|tiny_imagenet,0.8960238099098206,0.8914512395858765,0.004572570323944092,0.2804880634897881,0.9073333382606507,0.9098518490791321,-0.002518510818481423,5,3,21
resnet50,eurosat,random,71,3,21,0.8571428571428572,0,0.0,bloodmnist,bloodmnist,1,pneumoniamnist,pneumoniamnist|rendered_sst2|retinamnist,0.8960238099098206,0.8850893974304199,0.010934412479400635,0.670732643669923,0.9073333382606507,0.8946666479110718,0.012666690349578902,5,3,21
resnet50,eurosat,random,72,3,21,0.8571428571428572,0,0.0,bloodmnist,bloodmnist,1,pneumoniamnist,cifar100_coarse|organsmnist|pneumoniamnist,0.8960238099098206,0.8850893974304199,0.010934412479400635,0.670732643669923,0.9073333382606507,0.8946666479110718,0.012666690349578902,5,3,21
resnet50,eurosat,random,73,3,21,0.8571428571428572,0,0.0,bloodmnist,bloodmnist,1,tiny_imagenet,organsmnist|retinamnist|tiny_imagenet,0.8960238099098206,0.8914512395858765,0.004572570323944092,0.2804880634897881,0.9073333382606507,0.9098518490791321,-0.002518510818481423,5,3,21
resnet50,eurosat,random,74,3,21,0.8571428571428572,0,0.0,bloodmnist,bloodmnist,1,fashion_mnist,fashion_mnist|pneumoniamnist|stl10,0.8960238099098206,0.8910536050796509,0.004970204830169633,0.3048795380273996,0.9073333382606507,0.9047407269477844,0.0025926113128662553,5,3,21
resnet50,eurosat,random,75,3,21,0.8571428571428572,0,0.3333333333333333,bloodmnist,bloodmnist,1,usps,mnist|tissuemnist|usps,0.8960238099098206,0.8926440596580505,0.003379750251770064,0.20731875860586543,0.9073333382606507,0.908740758895874,-0.0014074206352233665,5,3,21
resnet50,eurosat,random,76,3,21,0.8571428571428572,0,0.3333333333333333,bloodmnist,bloodmnist,1,octmnist,octmnist|organsmnist|stl10,0.8960238099098206,0.8932405233383178,0.00278328657150273,0.17073081555245592,0.9073333382606507,0.904888904094696,0.0024444341659546343,5,3,21
resnet50,eurosat,random,77,3,21,0.8571428571428572,0,0.3333333333333333,bloodmnist,bloodmnist,1,usps,fashion_mnist|svhn|usps,0.8960238099098206,0.8926440596580505,0.003379750251770064,0.20731875860586543,0.9073333382606507,0.908740758895874,-0.0014074206352233665,5,3,21
resnet50,eurosat,random,78,3,21,0.8571428571428572,0,0.0,bloodmnist,bloodmnist,1,cifar100,cifar10|cifar100|mnist,0.8960238099098206,0.8900595784187317,0.005964231491088823,0.36585456813649425,0.9073333382606507,0.9061481595039368,0.0011851787567138672,5,3,21
resnet50,eurosat,random,79,3,21,0.8571428571428572,0,0.3333333333333333,bloodmnist,bloodmnist,1,usps,breastmnist|fashion_mnist|usps,0.8960238099098206,0.8926440596580505,0.003379750251770064,0.20731875860586543,0.9073333382606507,0.908740758895874,-0.0014074206352233665,5,3,21
resnet50,eurosat,random,80,3,21,0.8571428571428572,0,0.0,bloodmnist,bloodmnist,1,stl10,pneumoniamnist|retinamnist|stl10,0.8960238099098206,0.8876739025115967,0.008349907398223833,0.5121953716453096,0.9073333382606507,0.9071111083030701,0.0002222299575805886,5,3,21
resnet50,eurosat,random,81,3,21,0.8571428571428572,1,0.3333333333333333,bloodmnist,bloodmnist,1,bloodmnist,bloodmnist|cifar100_coarse|organcmnist,0.8960238099098206,0.8960238099098206,0.0,0.0,0.9073333382606507,0.9073333382606507,0.0,5,3,21
resnet50,eurosat,random,82,3,21,0.8571428571428572,0,0.0,bloodmnist,bloodmnist,1,tiny_imagenet,breastmnist|organsmnist|tiny_imagenet,0.8960238099098206,0.8914512395858765,0.004572570323944092,0.2804880634897881,0.9073333382606507,0.9098518490791321,-0.002518510818481423,5,3,21
resnet50,eurosat,random,83,3,21,0.8571428571428572,0,0.0,bloodmnist,bloodmnist,1,fashion_mnist,fashion_mnist|organcmnist|rendered_sst2,0.8960238099098206,0.8910536050796509,0.004970204830169633,0.3048795380273996,0.9073333382606507,0.9047407269477844,0.0025926113128662553,5,3,21
resnet50,eurosat,random,84,3,21,0.8571428571428572,0,0.0,bloodmnist,bloodmnist,1,pneumoniamnist,pneumoniamnist|svhn|tissuemnist,0.8960238099098206,0.8850893974304199,0.010934412479400635,0.670732643669923,0.9073333382606507,0.8946666479110718,0.012666690349578902,5,3,21
resnet50,eurosat,random,85,3,21,0.8571428571428572,0,0.0,bloodmnist,bloodmnist,1,organcmnist,cifar100_coarse|organcmnist|tissuemnist,0.8960238099098206,0.883896553516388,0.012127256393432595,0.7439034110478234,0.9073333382606507,0.9044444322586059,0.002888906002044722,5,3,21
resnet50,eurosat,random,86,3,21,0.8571428571428572,1,0.3333333333333333,bloodmnist,bloodmnist,1,bloodmnist,bloodmnist|pathmnist|tiny_imagenet,0.8960238099098206,0.8960238099098206,0.0,0.0,0.9073333382606507,0.9073333382606507,0.0,5,3,21
resnet50,eurosat,random,87,3,21,0.8571428571428572,0,0.0,bloodmnist,bloodmnist,1,breastmnist,breastmnist|cifar100|organsmnist,0.8960238099098206,0.8906560063362121,0.005367803573608443,0.32926881882405473,0.9073333382606507,0.9034814834594727,0.0038518548011780007,5,3,21
resnet50,eurosat,random,88,3,21,0.8571428571428572,0,0.3333333333333333,bloodmnist,bloodmnist,1,octmnist,cifar100_coarse|fashion_mnist|octmnist,0.8960238099098206,0.8932405233383178,0.00278328657150273,0.17073081555245592,0.9073333382606507,0.904888904094696,0.0024444341659546343,5,3,21
resnet50,eurosat,random,89,3,21,0.8571428571428572,0,0.0,bloodmnist,bloodmnist,1,tiny_imagenet,pneumoniamnist|tiny_imagenet|tissuemnist,0.8960238099098206,0.8914512395858765,0.004572570323944092,0.2804880634897881,0.9073333382606507,0.9098518490791321,-0.002518510818481423,5,3,21
resnet50,eurosat,random,90,3,21,0.8571428571428572,0,0.0,bloodmnist,bloodmnist,1,fashion_mnist,fashion_mnist|mnist|organamnist,0.8960238099098206,0.8910536050796509,0.004970204830169633,0.3048795380273996,0.9073333382606507,0.9047407269477844,0.0025926113128662553,5,3,21
resnet50,eurosat,random,91,3,21,0.8571428571428572,0,0.0,bloodmnist,bloodmnist,1,tiny_imagenet,cifar10|pathmnist|tiny_imagenet,0.8960238099098206,0.8914512395858765,0.004572570323944092,0.2804880634897881,0.9073333382606507,0.9098518490791321,-0.002518510818481423,5,3,21
resnet50,eurosat,random,92,3,21,0.8571428571428572,0,0.0,bloodmnist,bloodmnist,1,mnist,mnist|pathmnist|rendered_sst2,0.8960238099098206,0.8858846187591553,0.010139191150665305,0.6219526195826486,0.9073333382606507,0.904888904094696,0.0024444341659546343,5,3,21
resnet50,eurosat,random,93,3,21,0.8571428571428572,0,0.0,bloodmnist,bloodmnist,1,breastmnist,breastmnist|organsmnist|rendered_sst2,0.8960238099098206,0.8906560063362121,0.005367803573608443,0.32926881882405473,0.9073333382606507,0.9034814834594727,0.0038518548011780007,5,3,21
resnet50,eurosat,random,94,3,21,0.8571428571428572,0,0.0,bloodmnist,bloodmnist,1,breastmnist,breastmnist|rendered_sst2|tissuemnist,0.8960238099098206,0.8906560063362121,0.005367803573608443,0.32926881882405473,0.9073333382606507,0.9034814834594727,0.0038518548011780007,5,3,21
resnet50,eurosat,random,95,3,21,0.8571428571428572,1,0.3333333333333333,bloodmnist,bloodmnist,1,bloodmnist,bloodmnist|pathmnist|tiny_imagenet,0.8960238099098206,0.8960238099098206,0.0,0.0,0.9073333382606507,0.9073333382606507,0.0,5,3,21
resnet50,eurosat,random,96,3,21,0.8571428571428572,1,0.3333333333333333,bloodmnist,bloodmnist,1,bloodmnist,bloodmnist|mnist|tiny_imagenet,0.8960238099098206,0.8960238099098206,0.0,0.0,0.9073333382606507,0.9073333382606507,0.0,5,3,21
resnet50,eurosat,random,97,3,21,0.8571428571428572,1,0.6666666666666666,bloodmnist,bloodmnist,1,bloodmnist,bloodmnist|octmnist|stl10,0.8960238099098206,0.8960238099098206,0.0,0.0,0.9073333382606507,0.9073333382606507,0.0,5,3,21
resnet50,eurosat,random,98,3,21,0.8571428571428572,0,0.0,bloodmnist,bloodmnist,1,dermamnist,dermamnist|rendered_sst2|tissuemnist,0.8960238099098206,0.8898607730865479,0.006163036823272683,0.3780495741583146,0.9073333382606507,0.9097777724266052,-0.0024444341659545232,5,3,21
resnet50,eurosat,random,99,3,21,0.8571428571428572,0,0.0,bloodmnist,bloodmnist,1,cifar100,cifar100|retinamnist|stl10,0.8960238099098206,0.8900595784187317,0.005964231491088823,0.36585456813649425,0.9073333382606507,0.9061481595039368,0.0011851787567138672,5,3,21
resnet50,eurosat,rank_only,-1,5,21,0.7619047619047619,0,0.0,bloodmnist,bloodmnist,1,tiny_imagenet,tiny_imagenet|cifar100_coarse|cifar100|stl10|cifar10,0.8960238099098206,0.8914512395858765,0.004572570323944092,0.2804880634897881,0.9073333382606507,0.9098518490791321,-0.002518510818481423,5,5,21
resnet50,eurosat,facility_subspace,-1,5,21,0.7619047619047619,0,0.0,bloodmnist,bloodmnist,1,cifar100,organcmnist|cifar100|svhn|rendered_sst2|retinamnist,0.8960238099098206,0.8900595784187317,0.005964231491088823,0.36585456813649425,0.9073333382606507,0.9061481595039368,0.0011851787567138672,5,5,21
resnet50,eurosat,kcenter_subspace,-1,5,21,0.7619047619047619,0,0.3333333333333333,bloodmnist,bloodmnist,1,usps,tiny_imagenet|rendered_sst2|usps|retinamnist|pathmnist,0.8960238099098206,0.8926440596580505,0.003379750251770064,0.20731875860586543,0.9073333382606507,0.908740758895874,-0.0014074206352233665,5,5,21
resnet50,eurosat,dpp_subspace,-1,5,21,0.7619047619047619,0,0.0,bloodmnist,bloodmnist,1,tiny_imagenet,tiny_imagenet|stl10|cifar100_coarse|cifar10|organsmnist,0.8960238099098206,0.8914512395858765,0.004572570323944092,0.2804880634897881,0.9073333382606507,0.9098518490791321,-0.002518510818481423,5,5,21
resnet50,eurosat,pool_vendi_subspace,-1,5,21,0.7619047619047619,0,0.3333333333333333,bloodmnist,bloodmnist,1,usps,tiny_imagenet|rendered_sst2|usps|retinamnist|pathmnist,0.8960238099098206,0.8926440596580505,0.003379750251770064,0.20731875860586543,0.9073333382606507,0.908740758895874,-0.0014074206352233665,5,5,21
resnet50,eurosat,full_merged_rank,-1,5,21,0.7619047619047619,0,0.0,bloodmnist,bloodmnist,1,tiny_imagenet,tiny_imagenet|stl10|cifar100_coarse|cifar100|cifar10,0.8960238099098206,0.8914512395858765,0.004572570323944092,0.2804880634897881,0.9073333382606507,0.9098518490791321,-0.002518510818481423,5,5,21
resnet50,eurosat,random,0,5,21,0.7619047619047619,1,0.6666666666666666,bloodmnist,bloodmnist,1,bloodmnist,bloodmnist|cifar100_coarse|organamnist|rendered_sst2|usps,0.8960238099098206,0.8960238099098206,0.0,0.0,0.9073333382606507,0.9073333382606507,0.0,5,5,21
resnet50,eurosat,random,1,5,21,0.7619047619047619,1,0.3333333333333333,bloodmnist,bloodmnist,1,bloodmnist,bloodmnist|cifar10|pathmnist|stl10|tiny_imagenet,0.8960238099098206,0.8960238099098206,0.0,0.0,0.9073333382606507,0.9073333382606507,0.0,5,5,21
resnet50,eurosat,random,2,5,21,0.7619047619047619,1,0.3333333333333333,bloodmnist,bloodmnist,1,bloodmnist,bloodmnist|breastmnist|dermamnist|organcmnist|stl10,0.8960238099098206,0.8960238099098206,0.0,0.0,0.9073333382606507,0.9073333382606507,0.0,5,5,21
resnet50,eurosat,random,3,5,21,0.7619047619047619,0,0.3333333333333333,bloodmnist,bloodmnist,1,octmnist,cifar100|octmnist|organcmnist|retinamnist|tiny_imagenet,0.8960238099098206,0.8932405233383178,0.00278328657150273,0.17073081555245592,0.9073333382606507,0.904888904094696,0.0024444341659546343,5,5,21
resnet50,eurosat,random,4,5,21,0.7619047619047619,0,0.0,bloodmnist,bloodmnist,1,stl10,cifar100_coarse|pneumoniamnist|retinamnist|stl10|tissuemnist,0.8960238099098206,0.8876739025115967,0.008349907398223833,0.5121953716453096,0.9073333382606507,0.9071111083030701,0.0002222299575805886,5,5,21
resnet50,eurosat,random,5,5,21,0.7619047619047619,0,0.0,bloodmnist,bloodmnist,1,tiny_imagenet,breastmnist|fashion_mnist|mnist|rendered_sst2|tiny_imagenet,0.8960238099098206,0.8914512395858765,0.004572570323944092,0.2804880634897881,0.9073333382606507,0.9098518490791321,-0.002518510818481423,5,5,21
resnet50,eurosat,random,6,5,21,0.7619047619047619,0,0.0,bloodmnist,bloodmnist,1,cifar100,cifar100|dermamnist|mnist|organcmnist|pneumoniamnist,0.8960238099098206,0.8900595784187317,0.005964231491088823,0.36585456813649425,0.9073333382606507,0.9061481595039368,0.0011851787567138672,5,5,21
resnet50,eurosat,random,7,5,21,0.7619047619047619,1,0.3333333333333333,bloodmnist,bloodmnist,1,bloodmnist,bloodmnist|dermamnist|organsmnist|rendered_sst2|tissuemnist,0.8960238099098206,0.8960238099098206,0.0,0.0,0.9073333382606507,0.9073333382606507,0.0,5,5,21
resnet50,eurosat,random,8,5,21,0.7619047619047619,0,0.6666666666666666,bloodmnist,bloodmnist,1,octmnist,breastmnist|cifar10|octmnist|stl10|usps,0.8960238099098206,0.8932405233383178,0.00278328657150273,0.17073081555245592,0.9073333382606507,0.904888904094696,0.0024444341659546343,5,5,21
resnet50,eurosat,random,9,5,21,0.7619047619047619,0,0.3333333333333333,bloodmnist,bloodmnist,1,usps,cifar100_coarse|organsmnist|svhn|tissuemnist|usps,0.8960238099098206,0.8926440596580505,0.003379750251770064,0.20731875860586543,0.9073333382606507,0.908740758895874,-0.0014074206352233665,5,5,21
resnet50,eurosat,random,10,5,21,0.7619047619047619,0,0.3333333333333333,bloodmnist,bloodmnist,1,octmnist,octmnist|organamnist|pathmnist|stl10|svhn,0.8960238099098206,0.8932405233383178,0.00278328657150273,0.17073081555245592,0.9073333382606507,0.904888904094696,0.0024444341659546343,5,5,21
resnet50,eurosat,random,11,5,21,0.7619047619047619,1,0.3333333333333333,bloodmnist,bloodmnist,1,bloodmnist,bloodmnist|pneumoniamnist|retinamnist|stl10|tissuemnist,0.8960238099098206,0.8960238099098206,0.0,0.0,0.9073333382606507,0.9073333382606507,0.0,5,5,21
resnet50,eurosat,random,12,5,21,0.7619047619047619,0,0.0,bloodmnist,bloodmnist,1,cifar100,cifar100|dermamnist|mnist|pneumoniamnist|rendered_sst2,0.8960238099098206,0.8900595784187317,0.005964231491088823,0.36585456813649425,0.9073333382606507,0.9061481595039368,0.0011851787567138672,5,5,21
resnet50,eurosat,random,13,5,21,0.7619047619047619,0,0.0,bloodmnist,bloodmnist,1,breastmnist,breastmnist|mnist|organcmnist|retinamnist|svhn,0.8960238099098206,0.8906560063362121,0.005367803573608443,0.32926881882405473,0.9073333382606507,0.9034814834594727,0.0038518548011780007,5,5,21
resnet50,eurosat,random,14,5,21,0.7619047619047619,0,0.0,bloodmnist,bloodmnist,1,fashion_mnist,cifar100_coarse|fashion_mnist|organamnist|rendered_sst2|retinamnist,0.8960238099098206,0.8910536050796509,0.004970204830169633,0.3048795380273996,0.9073333382606507,0.9047407269477844,0.0025926113128662553,5,5,21
resnet50,eurosat,random,15,5,21,0.7619047619047619,0,0.0,bloodmnist,bloodmnist,1,breastmnist,breastmnist|cifar10|cifar100|organcmnist|svhn,0.8960238099098206,0.8906560063362121,0.005367803573608443,0.32926881882405473,0.9073333382606507,0.9034814834594727,0.0038518548011780007,5,5,21
resnet50,eurosat,random,16,5,21,0.7619047619047619,0,0.3333333333333333,bloodmnist,bloodmnist,1,octmnist,breastmnist|cifar10|octmnist|pathmnist|rendered_sst2,0.8960238099098206,0.8932405233383178,0.00278328657150273,0.17073081555245592,0.9073333382606507,0.904888904094696,0.0024444341659546343,5,5,21
resnet50,eurosat,random,17,5,21,0.7619047619047619,1,0.3333333333333333,bloodmnist,bloodmnist,1,bloodmnist,bloodmnist|fashion_mnist|organamnist|rendered_sst2|stl10,0.8960238099098206,0.8960238099098206,0.0,0.0,0.9073333382606507,0.9073333382606507,0.0,5,5,21
resnet50,eurosat,random,18,5,21,0.7619047619047619,0,0.3333333333333333,bloodmnist,bloodmnist,1,octmnist,cifar100|mnist|octmnist|organamnist|stl10,0.8960238099098206,0.8932405233383178,0.00278328657150273,0.17073081555245592,0.9073333382606507,0.904888904094696,0.0024444341659546343,5,5,21
resnet50,eurosat,random,19,5,21,0.7619047619047619,0,0.0,bloodmnist,bloodmnist,1,fashion_mnist,dermamnist|fashion_mnist|organcmnist|stl10|tissuemnist,0.8960238099098206,0.8910536050796509,0.004970204830169633,0.3048795380273996,0.9073333382606507,0.9047407269477844,0.0025926113128662553,5,5,21
resnet50,eurosat,random,20,5,21,0.7619047619047619,1,0.6666666666666666,bloodmnist,bloodmnist,1,bloodmnist,bloodmnist|cifar10|rendered_sst2|svhn|usps,0.8960238099098206,0.8960238099098206,0.0,0.0,0.9073333382606507,0.9073333382606507,0.0,5,5,21
resnet50,eurosat,random,21,5,21,0.7619047619047619,0,0.3333333333333333,bloodmnist,bloodmnist,1,usps,cifar100_coarse|organcmnist|rendered_sst2|stl10|usps,0.8960238099098206,0.8926440596580505,0.003379750251770064,0.20731875860586543,0.9073333382606507,0.908740758895874,-0.0014074206352233665,5,5,21
resnet50,eurosat,random,22,5,21,0.7619047619047619,0,0.0,bloodmnist,bloodmnist,1,fashion_mnist,cifar100_coarse|dermamnist|fashion_mnist|mnist|svhn,0.8960238099098206,0.8910536050796509,0.004970204830169633,0.3048795380273996,0.9073333382606507,0.9047407269477844,0.0025926113128662553,5,5,21
resnet50,eurosat,random,23,5,21,0.7619047619047619,0,0.3333333333333333,bloodmnist,bloodmnist,1,octmnist,cifar10|octmnist|organcmnist|rendered_sst2|tissuemnist,0.8960238099098206,0.8932405233383178,0.00278328657150273,0.17073081555245592,0.9073333382606507,0.904888904094696,0.0024444341659546343,5,5,21
resnet50,eurosat,random,24,5,21,0.7619047619047619,0,0.3333333333333333,bloodmnist,bloodmnist,1,octmnist,cifar100_coarse|dermamnist|octmnist|svhn|tiny_imagenet,0.8960238099098206,0.8932405233383178,0.00278328657150273,0.17073081555245592,0.9073333382606507,0.904888904094696,0.0024444341659546343,5,5,21
resnet50,eurosat,random,25,5,21,0.7619047619047619,0,0.0,bloodmnist,bloodmnist,1,dermamnist,cifar100_coarse|dermamnist|organsmnist|pneumoniamnist|stl10,0.8960238099098206,0.8898607730865479,0.006163036823272683,0.3780495741583146,0.9073333382606507,0.9097777724266052,-0.0024444341659545232,5,5,21
resnet50,eurosat,random,26,5,21,0.7619047619047619,0,0.6666666666666666,bloodmnist,bloodmnist,1,octmnist,cifar100|octmnist|organamnist|tiny_imagenet|usps,0.8960238099098206,0.8932405233383178,0.00278328657150273,0.17073081555245592,0.9073333382606507,0.904888904094696,0.0024444341659546343,5,5,21
resnet50,eurosat,random,27,5,21,0.7619047619047619,0,0.0,bloodmnist,bloodmnist,1,cifar100,cifar10|cifar100|pathmnist|retinamnist|tissuemnist,0.8960238099098206,0.8900595784187317,0.005964231491088823,0.36585456813649425,0.9073333382606507,0.9061481595039368,0.0011851787567138672,5,5,21
resnet50,eurosat,random,28,5,21,0.7619047619047619,1,0.3333333333333333,bloodmnist,bloodmnist,1,bloodmnist,bloodmnist|cifar100|organsmnist|pneumoniamnist|stl10,0.8960238099098206,0.8960238099098206,0.0,0.0,0.9073333382606507,0.9073333382606507,0.0,5,5,21
resnet50,eurosat,random,29,5,21,0.7619047619047619,0,0.3333333333333333,bloodmnist,bloodmnist,1,octmnist,breastmnist|cifar100_coarse|octmnist|rendered_sst2|stl10,0.8960238099098206,0.8932405233383178,0.00278328657150273,0.17073081555245592,0.9073333382606507,0.904888904094696,0.0024444341659546343,5,5,21
resnet50,eurosat,random,30,5,21,0.7619047619047619,0,0.0,bloodmnist,bloodmnist,1,tiny_imagenet,cifar100|organsmnist|rendered_sst2|svhn|tiny_imagenet,0.8960238099098206,0.8914512395858765,0.004572570323944092,0.2804880634897881,0.9073333382606507,0.9098518490791321,-0.002518510818481423,5,5,21
resnet50,eurosat,random,31,5,21,0.7619047619047619,0,0.3333333333333333,bloodmnist,bloodmnist,1,usps,fashion_mnist|organcmnist|rendered_sst2|tissuemnist|usps,0.8960238099098206,0.8926440596580505,0.003379750251770064,0.20731875860586543,0.9073333382606507,0.908740758895874,-0.0014074206352233665,5,5,21
resnet50,eurosat,random,32,5,21,0.7619047619047619,0,0.0,bloodmnist,bloodmnist,1,tiny_imagenet,fashion_mnist|pathmnist|rendered_sst2|svhn|tiny_imagenet,0.8960238099098206,0.8914512395858765,0.004572570323944092,0.2804880634897881,0.9073333382606507,0.9098518490791321,-0.002518510818481423,5,5,21
resnet50,eurosat,random,33,5,21,0.7619047619047619,0,0.3333333333333333,bloodmnist,bloodmnist,1,usps,organamnist|organcmnist|organsmnist|pneumoniamnist|usps,0.8960238099098206,0.8926440596580505,0.003379750251770064,0.20731875860586543,0.9073333382606507,0.908740758895874,-0.0014074206352233665,5,5,21
resnet50,eurosat,random,34,5,21,0.7619047619047619,1,0.3333333333333333,bloodmnist,bloodmnist,1,bloodmnist,bloodmnist|breastmnist|organcmnist|organsmnist|tiny_imagenet,0.8960238099098206,0.8960238099098206,0.0,0.0,0.9073333382606507,0.9073333382606507,0.0,5,5,21
resnet50,eurosat,random,35,5,21,0.7619047619047619,0,0.0,bloodmnist,bloodmnist,1,fashion_mnist,breastmnist|fashion_mnist|organcmnist|retinamnist|stl10,0.8960238099098206,0.8910536050796509,0.004970204830169633,0.3048795380273996,0.9073333382606507,0.9047407269477844,0.0025926113128662553,5,5,21
resnet50,eurosat,random,36,5,21,0.7619047619047619,0,0.3333333333333333,bloodmnist,bloodmnist,1,usps,breastmnist|organamnist|pathmnist|tissuemnist|usps,0.8960238099098206,0.8926440596580505,0.003379750251770064,0.20731875860586543,0.9073333382606507,0.908740758895874,-0.0014074206352233665,5,5,21
resnet50,eurosat,random,37,5,21,0.7619047619047619,0,0.3333333333333333,bloodmnist,bloodmnist,1,octmnist,octmnist|organcmnist|retinamnist|svhn|tiny_imagenet,0.8960238099098206,0.8932405233383178,0.00278328657150273,0.17073081555245592,0.9073333382606507,0.904888904094696,0.0024444341659546343,5,5,21
resnet50,eurosat,random,38,5,21,0.7619047619047619,1,0.3333333333333333,bloodmnist,bloodmnist,1,bloodmnist,bloodmnist|cifar100_coarse|pathmnist|stl10|svhn,0.8960238099098206,0.8960238099098206,0.0,0.0,0.9073333382606507,0.9073333382606507,0.0,5,5,21
resnet50,eurosat,random,39,5,21,0.7619047619047619,0,0.0,bloodmnist,bloodmnist,1,tiny_imagenet,mnist|organamnist|organcmnist|rendered_sst2|tiny_imagenet,0.8960238099098206,0.8914512395858765,0.004572570323944092,0.2804880634897881,0.9073333382606507,0.9098518490791321,-0.002518510818481423,5,5,21
resnet50,eurosat,random,40,5,21,0.7619047619047619,0,0.0,bloodmnist,bloodmnist,1,pneumoniamnist,organamnist|pneumoniamnist|rendered_sst2|svhn|tissuemnist,0.8960238099098206,0.8850893974304199,0.010934412479400635,0.670732643669923,0.9073333382606507,0.8946666479110718,0.012666690349578902,5,5,21
resnet50,eurosat,random,41,5,21,0.7619047619047619,0,0.3333333333333333,bloodmnist,bloodmnist,1,octmnist,cifar100|dermamnist|octmnist|rendered_sst2|tissuemnist,0.8960238099098206,0.8932405233383178,0.00278328657150273,0.17073081555245592,0.9073333382606507,0.904888904094696,0.0024444341659546343,5,5,21
resnet50,eurosat,random,42,5,21,0.7619047619047619,0,0.0,bloodmnist,bloodmnist,1,fashion_mnist,breastmnist|fashion_mnist|organamnist|organcmnist|retinamnist,0.8960238099098206,0.8910536050796509,0.004970204830169633,0.3048795380273996,0.9073333382606507,0.9047407269477844,0.0025926113128662553,5,5,21
resnet50,eurosat,random,43,5,21,0.7619047619047619,0,0.0,bloodmnist,bloodmnist,1,tiny_imagenet,breastmnist|organamnist|rendered_sst2|svhn|tiny_imagenet,0.8960238099098206,0.8914512395858765,0.004572570323944092,0.2804880634897881,0.9073333382606507,0.9098518490791321,-0.002518510818481423,5,5,21
resnet50,eurosat,random,44,5,21,0.7619047619047619,0,0.0,bloodmnist,bloodmnist,1,cifar100,cifar100|cifar100_coarse|mnist|rendered_sst2|svhn,0.8960238099098206,0.8900595784187317,0.005964231491088823,0.36585456813649425,0.9073333382606507,0.9061481595039368,0.0011851787567138672,5,5,21
resnet50,eurosat,random,45,5,21,0.7619047619047619,0,0.0,bloodmnist,bloodmnist,1,cifar100,cifar100|pathmnist|retinamnist|stl10|tissuemnist,0.8960238099098206,0.8900595784187317,0.005964231491088823,0.36585456813649425,0.9073333382606507,0.9061481595039368,0.0011851787567138672,5,5,21
resnet50,eurosat,random,46,5,21,0.7619047619047619,0,0.0,bloodmnist,bloodmnist,1,cifar100,cifar100|mnist|organamnist|retinamnist|stl10,0.8960238099098206,0.8900595784187317,0.005964231491088823,0.36585456813649425,0.9073333382606507,0.9061481595039368,0.0011851787567138672,5,5,21
resnet50,eurosat,random,47,5,21,0.7619047619047619,0,0.3333333333333333,bloodmnist,bloodmnist,1,octmnist,dermamnist|octmnist|organcmnist|rendered_sst2|tiny_imagenet,0.8960238099098206,0.8932405233383178,0.00278328657150273,0.17073081555245592,0.9073333382606507,0.904888904094696,0.0024444341659546343,5,5,21
resnet50,eurosat,random,48,5,21,0.7619047619047619,0,0.0,bloodmnist,bloodmnist,1,fashion_mnist,cifar10|fashion_mnist|organsmnist|pathmnist|svhn,0.8960238099098206,0.8910536050796509,0.004970204830169633,0.3048795380273996,0.9073333382606507,0.9047407269477844,0.0025926113128662553,5,5,21
resnet50,eurosat,random,49,5,21,0.7619047619047619,0,0.0,bloodmnist,bloodmnist,1,mnist,mnist|organcmnist|pathmnist|pneumoniamnist|retinamnist,0.8960238099098206,0.8858846187591553,0.010139191150665305,0.6219526195826486,0.9073333382606507,0.904888904094696,0.0024444341659546343,5,5,21
resnet50,eurosat,random,50,5,21,0.7619047619047619,0,0.0,bloodmnist,bloodmnist,1,fashion_mnist,fashion_mnist|mnist|organsmnist|rendered_sst2|stl10,0.8960238099098206,0.8910536050796509,0.004970204830169633,0.3048795380273996,0.9073333382606507,0.9047407269477844,0.0025926113128662553,5,5,21
resnet50,eurosat,random,51,5,21,0.7619047619047619,0,0.0,bloodmnist,bloodmnist,1,tiny_imagenet,cifar100_coarse|pathmnist|pneumoniamnist|stl10|tiny_imagenet,0.8960238099098206,0.8914512395858765,0.004572570323944092,0.2804880634897881,0.9073333382606507,0.9098518490791321,-0.002518510818481423,5,5,21
resnet50,eurosat,random,52,5,21,0.7619047619047619,0,0.0,bloodmnist,bloodmnist,1,tiny_imagenet,cifar100_coarse|fashion_mnist|pathmnist|retinamnist|tiny_imagenet,0.8960238099098206,0.8914512395858765,0.004572570323944092,0.2804880634897881,0.9073333382606507,0.9098518490791321,-0.002518510818481423,5,5,21
resnet50,eurosat,random,53,5,21,0.7619047619047619,0,0.3333333333333333,bloodmnist,bloodmnist,1,usps,breastmnist|fashion_mnist|pneumoniamnist|svhn|usps,0.8960238099098206,0.8926440596580505,0.003379750251770064,0.20731875860586543,0.9073333382606507,0.908740758895874,-0.0014074206352233665,5,5,21
resnet50,eurosat,random,54,5,21,0.7619047619047619,1,0.3333333333333333,bloodmnist,bloodmnist,1,bloodmnist,bloodmnist|dermamnist|mnist|organcmnist|pathmnist,0.8960238099098206,0.8960238099098206,0.0,0.0,0.9073333382606507,0.9073333382606507,0.0,5,5,21
resnet50,eurosat,random,55,5,21,0.7619047619047619,0,0.0,bloodmnist,bloodmnist,1,fashion_mnist,cifar10|fashion_mnist|organcmnist|pathmnist|retinamnist,0.8960238099098206,0.8910536050796509,0.004970204830169633,0.3048795380273996,0.9073333382606507,0.9047407269477844,0.0025926113128662553,5,5,21
resnet50,eurosat,random,56,5,21,0.7619047619047619,1,0.6666666666666666,bloodmnist,bloodmnist,1,bloodmnist,bloodmnist|dermamnist|organcmnist|pathmnist|usps,0.8960238099098206,0.8960238099098206,0.0,0.0,0.9073333382606507,0.9073333382606507,0.0,5,5,21
resnet50,eurosat,random,57,5,21,0.7619047619047619,0,0.3333333333333333,bloodmnist,bloodmnist,1,usps,cifar10|organcmnist|svhn|tiny_imagenet|usps,0.8960238099098206,0.8926440596580505,0.003379750251770064,0.20731875860586543,0.9073333382606507,0.908740758895874,-0.0014074206352233665,5,5,21
resnet50,eurosat,random,58,5,21,0.7619047619047619,1,0.6666666666666666,bloodmnist,bloodmnist,1,bloodmnist,bloodmnist|octmnist|organcmnist|pathmnist|stl10,0.8960238099098206,0.8960238099098206,0.0,0.0,0.9073333382606507,0.9073333382606507,0.0,5,5,21
resnet50,eurosat,random,59,5,21,0.7619047619047619,0,0.0,bloodmnist,bloodmnist,1,dermamnist,cifar100_coarse|dermamnist|mnist|svhn|tissuemnist,0.8960238099098206,0.8898607730865479,0.006163036823272683,0.3780495741583146,0.9073333382606507,0.9097777724266052,-0.0024444341659545232,5,5,21
resnet50,eurosat,random,60,5,21,0.7619047619047619,0,0.0,bloodmnist,bloodmnist,1,fashion_mnist,breastmnist|cifar100|fashion_mnist|mnist|tissuemnist,0.8960238099098206,0.8910536050796509,0.004970204830169633,0.3048795380273996,0.9073333382606507,0.9047407269477844,0.0025926113128662553,5,5,21
resnet50,eurosat,random,61,5,21,0.7619047619047619,1,0.6666666666666666,bloodmnist,bloodmnist,1,bloodmnist,bloodmnist|cifar100_coarse|mnist|octmnist|organamnist,0.8960238099098206,0.8960238099098206,0.0,0.0,0.9073333382606507,0.9073333382606507,0.0,5,5,21
resnet50,eurosat,random,62,5,21,0.7619047619047619,0,0.3333333333333333,bloodmnist,bloodmnist,1,octmnist,cifar100|fashion_mnist|octmnist|organcmnist|tissuemnist,0.8960238099098206,0.8932405233383178,0.00278328657150273,0.17073081555245592,0.9073333382606507,0.904888904094696,0.0024444341659546343,5,5,21
resnet50,eurosat,random,63,5,21,0.7619047619047619,0,0.0,bloodmnist,bloodmnist,1,fashion_mnist,dermamnist|fashion_mnist|organcmnist|pathmnist|stl10,0.8960238099098206,0.8910536050796509,0.004970204830169633,0.3048795380273996,0.9073333382606507,0.9047407269477844,0.0025926113128662553,5,5,21
resnet50,eurosat,random,64,5,21,0.7619047619047619,0,0.3333333333333333,bloodmnist,bloodmnist,1,usps,dermamnist|stl10|svhn|tissuemnist|usps,0.8960238099098206,0.8926440596580505,0.003379750251770064,0.20731875860586543,0.9073333382606507,0.908740758895874,-0.0014074206352233665,5,5,21
resnet50,eurosat,random,65,5,21,0.7619047619047619,1,0.3333333333333333,bloodmnist,bloodmnist,1,bloodmnist,bloodmnist|breastmnist|cifar10|cifar100|tiny_imagenet,0.8960238099098206,0.8960238099098206,0.0,0.0,0.9073333382606507,0.9073333382606507,0.0,5,5,21
resnet50,eurosat,random,66,5,21,0.7619047619047619,1,0.6666666666666666,bloodmnist,bloodmnist,1,bloodmnist,bloodmnist|cifar100|pathmnist|svhn|usps,0.8960238099098206,0.8960238099098206,0.0,0.0,0.9073333382606507,0.9073333382606507,0.0,5,5,21
resnet50,eurosat,random,67,5,21,0.7619047619047619,0,0.3333333333333333,bloodmnist,bloodmnist,1,octmnist,cifar100_coarse|mnist|octmnist|organcmnist|tissuemnist,0.8960238099098206,0.8932405233383178,0.00278328657150273,0.17073081555245592,0.9073333382606507,0.904888904094696,0.0024444341659546343,5,5,21
resnet50,eurosat,random,68,5,21,0.7619047619047619,1,0.6666666666666666,bloodmnist,bloodmnist,1,bloodmnist,bloodmnist|pneumoniamnist|rendered_sst2|svhn|usps,0.8960238099098206,0.8960238099098206,0.0,0.0,0.9073333382606507,0.9073333382606507,0.0,5,5,21
resnet50,eurosat,random,69,5,21,0.7619047619047619,0,0.0,bloodmnist,bloodmnist,1,tiny_imagenet,cifar10|pathmnist|rendered_sst2|tiny_imagenet|tissuemnist,0.8960238099098206,0.8914512395858765,0.004572570323944092,0.2804880634897881,0.9073333382606507,0.9098518490791321,-0.002518510818481423,5,5,21
resnet50,eurosat,random,70,5,21,0.7619047619047619,0,0.3333333333333333,bloodmnist,bloodmnist,1,usps,cifar10|fashion_mnist|retinamnist|stl10|usps,0.8960238099098206,0.8926440596580505,0.003379750251770064,0.20731875860586543,0.9073333382606507,0.908740758895874,-0.0014074206352233665,5,5,21
resnet50,eurosat,random,71,5,21,0.7619047619047619,0,0.3333333333333333,bloodmnist,bloodmnist,1,octmnist,cifar100_coarse|dermamnist|octmnist|organamnist|rendered_sst2,0.8960238099098206,0.8932405233383178,0.00278328657150273,0.17073081555245592,0.9073333382606507,0.904888904094696,0.0024444341659546343,5,5,21
resnet50,eurosat,random,72,5,21,0.7619047619047619,0,0.3333333333333333,bloodmnist,bloodmnist,1,octmnist,cifar100_coarse|octmnist|organamnist|pneumoniamnist|retinamnist,0.8960238099098206,0.8932405233383178,0.00278328657150273,0.17073081555245592,0.9073333382606507,0.904888904094696,0.0024444341659546343,5,5,21
resnet50,eurosat,random,73,5,21,0.7619047619047619,0,0.0,bloodmnist,bloodmnist,1,dermamnist,cifar100_coarse|dermamnist|organcmnist|pneumoniamnist|svhn,0.8960238099098206,0.8898607730865479,0.006163036823272683,0.3780495741583146,0.9073333382606507,0.9097777724266052,-0.0024444341659545232,5,5,21
resnet50,eurosat,random,74,5,21,0.7619047619047619,0,0.3333333333333333,bloodmnist,bloodmnist,1,octmnist,breastmnist|cifar100_coarse|octmnist|organsmnist|retinamnist,0.8960238099098206,0.8932405233383178,0.00278328657150273,0.17073081555245592,0.9073333382606507,0.904888904094696,0.0024444341659546343,5,5,21
resnet50,eurosat,random,75,5,21,0.7619047619047619,1,0.3333333333333333,bloodmnist,bloodmnist,1,bloodmnist,bloodmnist|organamnist|retinamnist|tiny_imagenet|tissuemnist,0.8960238099098206,0.8960238099098206,0.0,0.0,0.9073333382606507,0.9073333382606507,0.0,5,5,21
resnet50,eurosat,random,76,5,21,0.7619047619047619,0,0.0,bloodmnist,bloodmnist,1,dermamnist,dermamnist|mnist|pathmnist|rendered_sst2|stl10,0.8960238099098206,0.8898607730865479,0.006163036823272683,0.3780495741583146,0.9073333382606507,0.9097777724266052,-0.0024444341659545232,5,5,21
resnet50,eurosat,random,77,5,21,0.7619047619047619,0,0.0,bloodmnist,bloodmnist,1,fashion_mnist,fashion_mnist|mnist|organamnist|organcmnist|pathmnist,0.8960238099098206,0.8910536050796509,0.004970204830169633,0.3048795380273996,0.9073333382606507,0.9047407269477844,0.0025926113128662553,5,5,21
resnet50,eurosat,random,78,5,21,0.7619047619047619,1,0.3333333333333333,bloodmnist,bloodmnist,1,bloodmnist,bloodmnist|breastmnist|cifar100_coarse|dermamnist|stl10,0.8960238099098206,0.8960238099098206,0.0,0.0,0.9073333382606507,0.9073333382606507,0.0,5,5,21
resnet50,eurosat,random,79,5,21,0.7619047619047619,0,0.3333333333333333,bloodmnist,bloodmnist,1,usps,cifar10|cifar100|cifar100_coarse|stl10|usps,0.8960238099098206,0.8926440596580505,0.003379750251770064,0.20731875860586543,0.9073333382606507,0.908740758895874,-0.0014074206352233665,5,5,21
resnet50,eurosat,random,80,5,21,0.7619047619047619,1,0.3333333333333333,bloodmnist,bloodmnist,1,bloodmnist,bloodmnist|cifar10|organsmnist|pathmnist|tiny_imagenet,0.8960238099098206,0.8960238099098206,0.0,0.0,0.9073333382606507,0.9073333382606507,0.0,5,5,21
resnet50,eurosat,random,81,5,21,0.7619047619047619,1,0.3333333333333333,bloodmnist,bloodmnist,1,bloodmnist,bloodmnist|fashion_mnist|pathmnist|pneumoniamnist|svhn,0.8960238099098206,0.8960238099098206,0.0,0.0,0.9073333382606507,0.9073333382606507,0.0,5,5,21
resnet50,eurosat,random,82,5,21,0.7619047619047619,0,0.0,bloodmnist,bloodmnist,1,fashion_mnist,cifar100|fashion_mnist|pneumoniamnist|stl10|svhn,0.8960238099098206,0.8910536050796509,0.004970204830169633,0.3048795380273996,0.9073333382606507,0.9047407269477844,0.0025926113128662553,5,5,21
resnet50,eurosat,random,83,5,21,0.7619047619047619,0,0.3333333333333333,bloodmnist,bloodmnist,1,usps,cifar100_coarse|dermamnist|pathmnist|stl10|usps,0.8960238099098206,0.8926440596580505,0.003379750251770064,0.20731875860586543,0.9073333382606507,0.908740758895874,-0.0014074206352233665,5,5,21
resnet50,eurosat,random,84,5,21,0.7619047619047619,0,0.3333333333333333,bloodmnist,bloodmnist,1,usps,breastmnist|organcmnist|organsmnist|pathmnist|usps,0.8960238099098206,0.8926440596580505,0.003379750251770064,0.20731875860586543,0.9073333382606507,0.908740758895874,-0.0014074206352233665,5,5,21
resnet50,eurosat,random,85,5,21,0.7619047619047619,0,0.0,bloodmnist,bloodmnist,1,fashion_mnist,cifar10|dermamnist|fashion_mnist|organamnist|pathmnist,0.8960238099098206,0.8910536050796509,0.004970204830169633,0.3048795380273996,0.9073333382606507,0.9047407269477844,0.0025926113128662553,5,5,21
resnet50,eurosat,random,86,5,21,0.7619047619047619,1,0.6666666666666666,bloodmnist,bloodmnist,1,bloodmnist,bloodmnist|breastmnist|octmnist|pneumoniamnist|tiny_imagenet,0.8960238099098206,0.8960238099098206,0.0,0.0,0.9073333382606507,0.9073333382606507,0.0,5,5,21
resnet50,eurosat,random,87,5,21,0.7619047619047619,0,0.3333333333333333,bloodmnist,bloodmnist,1,octmnist,cifar10|octmnist|organamnist|rendered_sst2|stl10,0.8960238099098206,0.8932405233383178,0.00278328657150273,0.17073081555245592,0.9073333382606507,0.904888904094696,0.0024444341659546343,5,5,21
resnet50,eurosat,random,88,5,21,0.7619047619047619,0,0.0,bloodmnist,bloodmnist,1,tiny_imagenet,cifar100|organsmnist|rendered_sst2|svhn|tiny_imagenet,0.8960238099098206,0.8914512395858765,0.004572570323944092,0.2804880634897881,0.9073333382606507,0.9098518490791321,-0.002518510818481423,5,5,21
resnet50,eurosat,random,89,5,21,0.7619047619047619,0,0.0,bloodmnist,bloodmnist,1,stl10,mnist|organcmnist|pneumoniamnist|stl10|tissuemnist,0.8960238099098206,0.8876739025115967,0.008349907398223833,0.5121953716453096,0.9073333382606507,0.9071111083030701,0.0002222299575805886,5,5,21
resnet50,eurosat,random,90,5,21,0.7619047619047619,0,0.0,bloodmnist,bloodmnist,1,breastmnist,breastmnist|cifar10|cifar100|mnist|pneumoniamnist,0.8960238099098206,0.8906560063362121,0.005367803573608443,0.32926881882405473,0.9073333382606507,0.9034814834594727,0.0038518548011780007,5,5,21
resnet50,eurosat,random,91,5,21,0.7619047619047619,0,0.3333333333333333,bloodmnist,bloodmnist,1,usps,fashion_mnist|organsmnist|rendered_sst2|retinamnist|usps,0.8960238099098206,0.8926440596580505,0.003379750251770064,0.20731875860586543,0.9073333382606507,0.908740758895874,-0.0014074206352233665,5,5,21
resnet50,eurosat,random,92,5,21,0.7619047619047619,1,0.3333333333333333,bloodmnist,bloodmnist,1,bloodmnist,bloodmnist|dermamnist|mnist|pathmnist|stl10,0.8960238099098206,0.8960238099098206,0.0,0.0,0.9073333382606507,0.9073333382606507,0.0,5,5,21
resnet50,eurosat,random,93,5,21,0.7619047619047619,0,0.3333333333333333,bloodmnist,bloodmnist,1,usps,breastmnist|cifar100|mnist|tissuemnist|usps,0.8960238099098206,0.8926440596580505,0.003379750251770064,0.20731875860586543,0.9073333382606507,0.908740758895874,-0.0014074206352233665,5,5,21
resnet50,eurosat,random,94,5,21,0.7619047619047619,0,0.0,bloodmnist,bloodmnist,1,pathmnist,cifar100_coarse|organamnist|organsmnist|pathmnist|svhn,0.8960238099098206,0.8850893974304199,0.010934412479400635,0.670732643669923,0.9073333382606507,0.9064444661140442,0.0008888721466064897,5,5,21
resnet50,eurosat,random,95,5,21,0.7619047619047619,0,0.3333333333333333,bloodmnist,bloodmnist,1,octmnist,octmnist|organamnist|rendered_sst2|retinamnist|tissuemnist,0.8960238099098206,0.8932405233383178,0.00278328657150273,0.17073081555245592,0.9073333382606507,0.904888904094696,0.0024444341659546343,5,5,21
resnet50,eurosat,random,96,5,21,0.7619047619047619,0,0.3333333333333333,bloodmnist,bloodmnist,1,usps,mnist|organsmnist|pathmnist|retinamnist|usps,0.8960238099098206,0.8926440596580505,0.003379750251770064,0.20731875860586543,0.9073333382606507,0.908740758895874,-0.0014074206352233665,5,5,21
resnet50,eurosat,random,97,5,21,0.7619047619047619,0,0.3333333333333333,bloodmnist,bloodmnist,1,usps,organamnist|organcmnist|pathmnist|tiny_imagenet|usps,0.8960238099098206,0.8926440596580505,0.003379750251770064,0.20731875860586543,0.9073333382606507,0.908740758895874,-0.0014074206352233665,5,5,21
resnet50,eurosat,random,98,5,21,0.7619047619047619,0,0.0,bloodmnist,bloodmnist,1,tiny_imagenet,mnist|pneumoniamnist|svhn|tiny_imagenet|tissuemnist,0.8960238099098206,0.8914512395858765,0.004572570323944092,0.2804880634897881,0.9073333382606507,0.9098518490791321,-0.002518510818481423,5,5,21
resnet50,eurosat,random,99,5,21,0.7619047619047619,0,0.0,bloodmnist,bloodmnist,1,breastmnist,breastmnist|cifar100|organamnist|organcmnist|pathmnist,0.8960238099098206,0.8906560063362121,0.005367803573608443,0.32926881882405473,0.9073333382606507,0.9034814834594727,0.0038518548011780007,5,5,21
resnet50,eurosat,rank_only,-1,10,21,0.5238095238095238,0,0.0,bloodmnist,bloodmnist,1,tiny_imagenet,tiny_imagenet|cifar100_coarse|cifar100|stl10|cifar10|organcmnist|organsmnist|organamnist|svhn|fashion_mnist,0.8960238099098206,0.8914512395858765,0.004572570323944092,0.2804880634897881,0.9073333382606507,0.9098518490791321,-0.002518510818481423,5,10,21
resnet50,eurosat,facility_subspace,-1,10,21,0.5238095238095238,0,0.0,bloodmnist,bloodmnist,1,fashion_mnist,organcmnist|cifar100|svhn|rendered_sst2|retinamnist|stl10|breastmnist|mnist|dermamnist|fashion_mnist,0.8960238099098206,0.8910536050796509,0.004970204830169633,0.3048795380273996,0.9073333382606507,0.9047407269477844,0.0025926113128662553,5,10,21
resnet50,eurosat,kcenter_subspace,-1,10,21,0.5238095238095238,1,0.6666666666666666,bloodmnist,bloodmnist,1,bloodmnist,tiny_imagenet|rendered_sst2|usps|retinamnist|pathmnist|fashion_mnist|breastmnist|stl10|bloodmnist|mnist,0.8960238099098206,0.8960238099098206,0.0,0.0,0.9073333382606507,0.9073333382606507,0.0,5,10,21
resnet50,eurosat,dpp_subspace,-1,10,21,0.5238095238095238,1,0.3333333333333333,bloodmnist,bloodmnist,1,bloodmnist,tiny_imagenet|stl10|cifar100_coarse|cifar10|organsmnist|fashion_mnist|svhn|cifar100|bloodmnist|organamnist,0.8960238099098206,0.8960238099098206,0.0,0.0,0.9073333382606507,0.9073333382606507,0.0,5,10,21
resnet50,eurosat,pool_vendi_subspace,-1,10,21,0.5238095238095238,1,0.6666666666666666,bloodmnist,bloodmnist,1,bloodmnist,tiny_imagenet|rendered_sst2|usps|retinamnist|pathmnist|stl10|fashion_mnist|bloodmnist|mnist|breastmnist,0.8960238099098206,0.8960238099098206,0.0,0.0,0.9073333382606507,0.9073333382606507,0.0,5,10,21
resnet50,eurosat,full_merged_rank,-1,10,21,0.5238095238095238,0,0.0,bloodmnist,bloodmnist,1,tiny_imagenet,tiny_imagenet|stl10|cifar100_coarse|cifar100|cifar10|organcmnist|organsmnist|fashion_mnist|breastmnist|svhn,0.8960238099098206,0.8914512395858765,0.004572570323944092,0.2804880634897881,0.9073333382606507,0.9098518490791321,-0.002518510818481423,5,10,21
resnet50,eurosat,random,0,10,21,0.5238095238095238,1,0.3333333333333333,bloodmnist,bloodmnist,1,bloodmnist,bloodmnist|breastmnist|cifar100_coarse|fashion_mnist|organamnist|organsmnist|rendered_sst2|retinamnist|svhn|tissuemnist,0.8960238099098206,0.8960238099098206,0.0,0.0,0.9073333382606507,0.9073333382606507,0.0,5,10,21
resnet50,eurosat,random,1,10,21,0.5238095238095238,0,0.0,bloodmnist,bloodmnist,1,fashion_mnist,breastmnist|cifar100|cifar100_coarse|dermamnist|fashion_mnist|organcmnist|pneumoniamnist|rendered_sst2|retinamnist|stl10,0.8960238099098206,0.8910536050796509,0.004970204830169633,0.3048795380273996,0.9073333382606507,0.9047407269477844,0.0025926113128662553,5,10,21
resnet50,eurosat,random,2,10,21,0.5238095238095238,0,0.6666666666666666,bloodmnist,bloodmnist,1,octmnist,breastmnist|dermamnist|fashion_mnist|mnist|octmnist|pathmnist|stl10|svhn|tiny_imagenet|usps,0.8960238099098206,0.8932405233383178,0.00278328657150273,0.17073081555245592,0.9073333382606507,0.904888904094696,0.0024444341659546343,5,10,21
resnet50,eurosat,random,3,10,21,0.5238095238095238,1,0.3333333333333333,bloodmnist,bloodmnist,1,bloodmnist,bloodmnist|cifar100_coarse|organamnist|pneumoniamnist|rendered_sst2|retinamnist|stl10|svhn|tiny_imagenet|tissuemnist,0.8960238099098206,0.8960238099098206,0.0,0.0,0.9073333382606507,0.9073333382606507,0.0,5,10,21
resnet50,eurosat,random,4,10,21,0.5238095238095238,0,0.0,bloodmnist,bloodmnist,1,tiny_imagenet,cifar10|fashion_mnist|mnist|organamnist|organcmnist|pneumoniamnist|rendered_sst2|stl10|tiny_imagenet|tissuemnist,0.8960238099098206,0.8914512395858765,0.004572570323944092,0.2804880634897881,0.9073333382606507,0.9098518490791321,-0.002518510818481423,5,10,21
resnet50,eurosat,random,5,10,21,0.5238095238095238,1,0.6666666666666666,bloodmnist,bloodmnist,1,bloodmnist,bloodmnist|cifar10|fashion_mnist|octmnist|organamnist|organcmnist|organsmnist|pneumoniamnist|rendered_sst2|tiny_imagenet,0.8960238099098206,0.8960238099098206,0.0,0.0,0.9073333382606507,0.9073333382606507,0.0,5,10,21
resnet50,eurosat,random,6,10,21,0.5238095238095238,1,1.0,bloodmnist,bloodmnist,1,bloodmnist,bloodmnist|cifar10|cifar100|fashion_mnist|octmnist|organamnist|organcmnist|organsmnist|tiny_imagenet|usps,0.8960238099098206,0.8960238099098206,0.0,0.0,0.9073333382606507,0.9073333382606507,0.0,5,10,21
resnet50,eurosat,random,7,10,21,0.5238095238095238,0,0.6666666666666666,bloodmnist,bloodmnist,1,octmnist,cifar10|fashion_mnist|mnist|octmnist|organamnist|organsmnist|rendered_sst2|stl10|svhn|usps,0.8960238099098206,0.8932405233383178,0.00278328657150273,0.17073081555245592,0.9073333382606507,0.904888904094696,0.0024444341659546343,5,10,21
resnet50,eurosat,random,8,10,21,0.5238095238095238,0,0.3333333333333333,bloodmnist,bloodmnist,1,usps,cifar100_coarse|dermamnist|fashion_mnist|mnist|organamnist|pneumoniamnist|svhn|tiny_imagenet|tissuemnist|usps,0.8960238099098206,0.8926440596580505,0.003379750251770064,0.20731875860586543,0.9073333382606507,0.908740758895874,-0.0014074206352233665,5,10,21
resnet50,eurosat,random,9,10,21,0.5238095238095238,0,0.0,bloodmnist,bloodmnist,1,tiny_imagenet,cifar100_coarse|dermamnist|mnist|organsmnist|pathmnist|retinamnist|stl10|svhn|tiny_imagenet|tissuemnist,0.8960238099098206,0.8914512395858765,0.004572570323944092,0.2804880634897881,0.9073333382606507,0.9098518490791321,-0.002518510818481423,5,10,21
resnet50,eurosat,random,10,10,21,0.5238095238095238,0,0.3333333333333333,bloodmnist,bloodmnist,1,usps,cifar10|dermamnist|organsmnist|pathmnist|pneumoniamnist|stl10|svhn|tiny_imagenet|tissuemnist|usps,0.8960238099098206,0.8926440596580505,0.003379750251770064,0.20731875860586543,0.9073333382606507,0.908740758895874,-0.0014074206352233665,5,10,21
resnet50,eurosat,random,11,10,21,0.5238095238095238,0,0.3333333333333333,bloodmnist,bloodmnist,1,octmnist,breastmnist|cifar10|dermamnist|fashion_mnist|octmnist|organamnist|organcmnist|pathmnist|retinamnist|svhn,0.8960238099098206,0.8932405233383178,0.00278328657150273,0.17073081555245592,0.9073333382606507,0.904888904094696,0.0024444341659546343,5,10,21
resnet50,eurosat,random,12,10,21,0.5238095238095238,0,0.3333333333333333,bloodmnist,bloodmnist,1,octmnist,breastmnist|cifar100_coarse|fashion_mnist|octmnist|organsmnist|pneumoniamnist|rendered_sst2|svhn|tiny_imagenet|tissuemnist,0.8960238099098206,0.8932405233383178,0.00278328657150273,0.17073081555245592,0.9073333382606507,0.904888904094696,0.0024444341659546343,5,10,21
resnet50,eurosat,random,13,10,21,0.5238095238095238,0,0.0,bloodmnist,bloodmnist,1,tiny_imagenet,cifar10|cifar100|fashion_mnist|mnist|organsmnist|rendered_sst2|retinamnist|stl10|svhn|tiny_imagenet,0.8960238099098206,0.8914512395858765,0.004572570323944092,0.2804880634897881,0.9073333382606507,0.9098518490791321,-0.002518510818481423,5,10,21
resnet50,eurosat,random,14,10,21,0.5238095238095238,1,0.6666666666666666,bloodmnist,bloodmnist,1,bloodmnist,bloodmnist|cifar10|octmnist|organamnist|organsmnist|rendered_sst2|stl10|svhn|tiny_imagenet|tissuemnist,0.8960238099098206,0.8960238099098206,0.0,0.0,0.9073333382606507,0.9073333382606507,0.0,5,10,21
resnet50,eurosat,random,15,10,21,0.5238095238095238,1,0.6666666666666666,bloodmnist,bloodmnist,1,bloodmnist,bloodmnist|cifar100|cifar100_coarse|dermamnist|octmnist|organcmnist|pneumoniamnist|rendered_sst2|svhn|tiny_imagenet,0.8960238099098206,0.8960238099098206,0.0,0.0,0.9073333382606507,0.9073333382606507,0.0,5,10,21
resnet50,eurosat,random,16,10,21,0.5238095238095238,0,0.3333333333333333,bloodmnist,bloodmnist,1,octmnist,breastmnist|cifar10|cifar100|mnist|octmnist|organcmnist|pneumoniamnist|stl10|tiny_imagenet|tissuemnist,0.8960238099098206,0.8932405233383178,0.00278328657150273,0.17073081555245592,0.9073333382606507,0.904888904094696,0.0024444341659546343,5,10,21
resnet50,eurosat,random,17,10,21,0.5238095238095238,0,0.6666666666666666,bloodmnist,bloodmnist,1,octmnist,breastmnist|fashion_mnist|mnist|octmnist|organsmnist|pneumoniamnist|retinamnist|stl10|tiny_imagenet|usps,0.8960238099098206,0.8932405233383178,0.00278328657150273,0.17073081555245592,0.9073333382606507,0.904888904094696,0.0024444341659546343,5,10,21
resnet50,eurosat,random,18,10,21,0.5238095238095238,0,0.3333333333333333,bloodmnist,bloodmnist,1,octmnist,cifar100|cifar100_coarse|fashion_mnist|mnist|octmnist|organcmnist|organsmnist|rendered_sst2|svhn|tissuemnist,0.8960238099098206,0.8932405233383178,0.00278328657150273,0.17073081555245592,0.9073333382606507,0.904888904094696,0.0024444341659546343,5,10,21
resnet50,eurosat,random,19,10,21,0.5238095238095238,1,1.0,bloodmnist,bloodmnist,1,bloodmnist,bloodmnist|fashion_mnist|octmnist|organcmnist|organsmnist|pneumoniamnist|retinamnist|stl10|svhn|usps,0.8960238099098206,0.8960238099098206,0.0,0.0,0.9073333382606507,0.9073333382606507,0.0,5,10,21
resnet50,eurosat,random,20,10,21,0.5238095238095238,1,1.0,bloodmnist,bloodmnist,1,bloodmnist,bloodmnist|cifar100_coarse|dermamnist|fashion_mnist|octmnist|organcmnist|pathmnist|rendered_sst2|stl10|usps,0.8960238099098206,0.8960238099098206,0.0,0.0,0.9073333382606507,0.9073333382606507,0.0,5,10,21
resnet50,eurosat,random,21,10,21,0.5238095238095238,1,0.3333333333333333,bloodmnist,bloodmnist,1,bloodmnist,bloodmnist|dermamnist|fashion_mnist|mnist|pneumoniamnist|rendered_sst2|stl10|svhn|tiny_imagenet|tissuemnist,0.8960238099098206,0.8960238099098206,0.0,0.0,0.9073333382606507,0.9073333382606507,0.0,5,10,21
resnet50,eurosat,random,22,10,21,0.5238095238095238,1,0.3333333333333333,bloodmnist,bloodmnist,1,bloodmnist,bloodmnist|cifar10|cifar100|cifar100_coarse|organamnist|organsmnist|rendered_sst2|stl10|tiny_imagenet|tissuemnist,0.8960238099098206,0.8960238099098206,0.0,0.0,0.9073333382606507,0.9073333382606507,0.0,5,10,21
resnet50,eurosat,random,23,10,21,0.5238095238095238,1,0.3333333333333333,bloodmnist,bloodmnist,1,bloodmnist,bloodmnist|breastmnist|cifar10|dermamnist|fashion_mnist|organamnist|organcmnist|retinamnist|stl10|tissuemnist,0.8960238099098206,0.8960238099098206,0.0,0.0,0.9073333382606507,0.9073333382606507,0.0,5,10,21
resnet50,eurosat,random,24,10,21,0.5238095238095238,1,1.0,bloodmnist,bloodmnist,1,bloodmnist,bloodmnist|cifar10|cifar100|dermamnist|octmnist|organamnist|pneumoniamnist|retinamnist|tissuemnist|usps,0.8960238099098206,0.8960238099098206,0.0,0.0,0.9073333382606507,0.9073333382606507,0.0,5,10,21
resnet50,eurosat,random,25,10,21,0.5238095238095238,1,0.3333333333333333,bloodmnist,bloodmnist,1,bloodmnist,bloodmnist|cifar10|fashion_mnist|organamnist|organcmnist|organsmnist|pathmnist|pneumoniamnist|rendered_sst2|svhn,0.8960238099098206,0.8960238099098206,0.0,0.0,0.9073333382606507,0.9073333382606507,0.0,5,10,21
resnet50,eurosat,random,26,10,21,0.5238095238095238,1,0.3333333333333333,bloodmnist,bloodmnist,1,bloodmnist,bloodmnist|cifar100|cifar100_coarse|dermamnist|mnist|organsmnist|rendered_sst2|retinamnist|stl10|tissuemnist,0.8960238099098206,0.8960238099098206,0.0,0.0,0.9073333382606507,0.9073333382606507,0.0,5,10,21
resnet50,eurosat,random,27,10,21,0.5238095238095238,0,0.3333333333333333,bloodmnist,bloodmnist,1,octmnist,breastmnist|cifar100|cifar100_coarse|octmnist|organamnist|organsmnist|pathmnist|rendered_sst2|svhn|tissuemnist,0.8960238099098206,0.8932405233383178,0.00278328657150273,0.17073081555245592,0.9073333382606507,0.904888904094696,0.0024444341659546343,5,10,21
resnet50,eurosat,random,28,10,21,0.5238095238095238,1,0.6666666666666666,bloodmnist,bloodmnist,1,bloodmnist,bloodmnist|cifar100|mnist|octmnist|organamnist|organcmnist|organsmnist|rendered_sst2|stl10|svhn,0.8960238099098206,0.8960238099098206,0.0,0.0,0.9073333382606507,0.9073333382606507,0.0,5,10,21
resnet50,eurosat,random,29,10,21,0.5238095238095238,0,0.6666666666666666,bloodmnist,bloodmnist,1,octmnist,breastmnist|cifar100|fashion_mnist|mnist|octmnist|organcmnist|organsmnist|pneumoniamnist|tissuemnist|usps,0.8960238099098206,0.8932405233383178,0.00278328657150273,0.17073081555245592,0.9073333382606507,0.904888904094696,0.0024444341659546343,5,10,21
resnet50,eurosat,random,30,10,21,0.5238095238095238,0,0.3333333333333333,bloodmnist,bloodmnist,1,usps,cifar100|cifar100_coarse|mnist|pathmnist|rendered_sst2|stl10|svhn|tiny_imagenet|tissuemnist|usps,0.8960238099098206,0.8926440596580505,0.003379750251770064,0.20731875860586543,0.9073333382606507,0.908740758895874,-0.0014074206352233665,5,10,21
resnet50,eurosat,random,31,10,21,0.5238095238095238,1,0.6666666666666666,bloodmnist,bloodmnist,1,bloodmnist,bloodmnist|breastmnist|cifar100_coarse|dermamnist|mnist|organsmnist|pathmnist|svhn|tissuemnist|usps,0.8960238099098206,0.8960238099098206,0.0,0.0,0.9073333382606507,0.9073333382606507,0.0,5,10,21
resnet50,eurosat,random,32,10,21,0.5238095238095238,1,0.3333333333333333,bloodmnist,bloodmnist,1,bloodmnist,bloodmnist|cifar10|cifar100_coarse|dermamnist|mnist|organcmnist|pathmnist|stl10|svhn|tissuemnist,0.8960238099098206,0.8960238099098206,0.0,0.0,0.9073333382606507,0.9073333382606507,0.0,5,10,21
resnet50,eurosat,random,33,10,21,0.5238095238095238,0,0.3333333333333333,bloodmnist,bloodmnist,1,octmnist,breastmnist|cifar10|cifar100|mnist|octmnist|organsmnist|pathmnist|stl10|svhn|tiny_imagenet,0.8960238099098206,0.8932405233383178,0.00278328657150273,0.17073081555245592,0.9073333382606507,0.904888904094696,0.0024444341659546343,5,10,21
resnet50,eurosat,random,34,10,21,0.5238095238095238,1,0.6666666666666666,bloodmnist,bloodmnist,1,bloodmnist,bloodmnist|breastmnist|cifar10|dermamnist|organamnist|organcmnist|rendered_sst2|retinamnist|tiny_imagenet|usps,0.8960238099098206,0.8960238099098206,0.0,0.0,0.9073333382606507,0.9073333382606507,0.0,5,10,21
resnet50,eurosat,random,35,10,21,0.5238095238095238,0,0.0,bloodmnist,bloodmnist,1,fashion_mnist,cifar10|cifar100|cifar100_coarse|fashion_mnist|organamnist|organcmnist|organsmnist|pathmnist|pneumoniamnist|svhn,0.8960238099098206,0.8910536050796509,0.004970204830169633,0.3048795380273996,0.9073333382606507,0.9047407269477844,0.0025926113128662553,5,10,21
resnet50,eurosat,random,36,10,21,0.5238095238095238,1,0.6666666666666666,bloodmnist,bloodmnist,1,bloodmnist,bloodmnist|cifar100|mnist|octmnist|organcmnist|organsmnist|rendered_sst2|svhn|tiny_imagenet|tissuemnist,0.8960238099098206,0.8960238099098206,0.0,0.0,0.9073333382606507,0.9073333382606507,0.0,5,10,21
resnet50,eurosat,random,37,10,21,0.5238095238095238,1,1.0,bloodmnist,bloodmnist,1,bloodmnist,bloodmnist|cifar100|cifar100_coarse|fashion_mnist|octmnist|organcmnist|organsmnist|rendered_sst2|tissuemnist|usps,0.8960238099098206,0.8960238099098206,0.0,0.0,0.9073333382606507,0.9073333382606507,0.0,5,10,21
resnet50,eurosat,random,38,10,21,0.5238095238095238,1,0.6666666666666666,bloodmnist,bloodmnist,1,bloodmnist,bloodmnist|cifar10|cifar100_coarse|dermamnist|mnist|organamnist|stl10|svhn|tissuemnist|usps,0.8960238099098206,0.8960238099098206,0.0,0.0,0.9073333382606507,0.9073333382606507,0.0,5,10,21
resnet50,eurosat,random,39,10,21,0.5238095238095238,0,0.0,bloodmnist,bloodmnist,1,cifar100,cifar10|cifar100|mnist|organsmnist|pathmnist|pneumoniamnist|rendered_sst2|retinamnist|stl10|tissuemnist,0.8960238099098206,0.8900595784187317,0.005964231491088823,0.36585456813649425,0.9073333382606507,0.9061481595039368,0.0011851787567138672,5,10,21
resnet50,eurosat,random,40,10,21,0.5238095238095238,1,1.0,bloodmnist,bloodmnist,1,bloodmnist,bloodmnist|cifar100|cifar100_coarse|dermamnist|octmnist|organamnist|organcmnist|stl10|tiny_imagenet|usps,0.8960238099098206,0.8960238099098206,0.0,0.0,0.9073333382606507,0.9073333382606507,0.0,5,10,21
resnet50,eurosat,random,41,10,21,0.5238095238095238,1,0.3333333333333333,bloodmnist,bloodmnist,1,bloodmnist,bloodmnist|breastmnist|cifar10|dermamnist|fashion_mnist|organcmnist|pneumoniamnist|rendered_sst2|retinamnist|stl10,0.8960238099098206,0.8960238099098206,0.0,0.0,0.9073333382606507,0.9073333382606507,0.0,5,10,21
resnet50,eurosat,random,42,10,21,0.5238095238095238,0,0.3333333333333333,bloodmnist,bloodmnist,1,octmnist,cifar10|cifar100|cifar100_coarse|mnist|octmnist|pneumoniamnist|rendered_sst2|retinamnist|stl10|tiny_imagenet,0.8960238099098206,0.8932405233383178,0.00278328657150273,0.17073081555245592,0.9073333382606507,0.904888904094696,0.0024444341659546343,5,10,21
resnet50,eurosat,random,43,10,21,0.5238095238095238,1,0.6666666666666666,bloodmnist,bloodmnist,1,bloodmnist,bloodmnist|cifar10|cifar100|organamnist|organcmnist|rendered_sst2|retinamnist|stl10|svhn|usps,0.8960238099098206,0.8960238099098206,0.0,0.0,0.9073333382606507,0.9073333382606507,0.0,5,10,21
resnet50,eurosat,random,44,10,21,0.5238095238095238,1,0.6666666666666666,bloodmnist,bloodmnist,1,bloodmnist,bloodmnist|breastmnist|fashion_mnist|organamnist|pathmnist|pneumoniamnist|rendered_sst2|svhn|tiny_imagenet|usps,0.8960238099098206,0.8960238099098206,0.0,0.0,0.9073333382606507,0.9073333382606507,0.0,5,10,21
resnet50,eurosat,random,45,10,21,0.5238095238095238,0,0.3333333333333333,bloodmnist,bloodmnist,1,octmnist,breastmnist|cifar100|cifar100_coarse|dermamnist|fashion_mnist|octmnist|organcmnist|organsmnist|pathmnist|svhn,0.8960238099098206,0.8932405233383178,0.00278328657150273,0.17073081555245592,0.9073333382606507,0.904888904094696,0.0024444341659546343,5,10,21
resnet50,eurosat,random,46,10,21,0.5238095238095238,0,0.3333333333333333,bloodmnist,bloodmnist,1,octmnist,cifar10|dermamnist|fashion_mnist|octmnist|organcmnist|organsmnist|pneumoniamnist|stl10|svhn|tissuemnist,0.8960238099098206,0.8932405233383178,0.00278328657150273,0.17073081555245592,0.9073333382606507,0.904888904094696,0.0024444341659546343,5,10,21
resnet50,eurosat,random,47,10,21,0.5238095238095238,0,0.6666666666666666,bloodmnist,bloodmnist,1,octmnist,breastmnist|cifar100|dermamnist|fashion_mnist|octmnist|organcmnist|organsmnist|tiny_imagenet|tissuemnist|usps,0.8960238099098206,0.8932405233383178,0.00278328657150273,0.17073081555245592,0.9073333382606507,0.904888904094696,0.0024444341659546343,5,10,21
resnet50,eurosat,random,48,10,21,0.5238095238095238,0,0.6666666666666666,bloodmnist,bloodmnist,1,octmnist,cifar100_coarse|mnist|octmnist|organcmnist|organsmnist|stl10|svhn|tiny_imagenet|tissuemnist|usps,0.8960238099098206,0.8932405233383178,0.00278328657150273,0.17073081555245592,0.9073333382606507,0.904888904094696,0.0024444341659546343,5,10,21
resnet50,eurosat,random,49,10,21,0.5238095238095238,0,0.3333333333333333,bloodmnist,bloodmnist,1,usps,cifar100|organamnist|organsmnist|pneumoniamnist|rendered_sst2|retinamnist|stl10|svhn|tissuemnist|usps,0.8960238099098206,0.8926440596580505,0.003379750251770064,0.20731875860586543,0.9073333382606507,0.908740758895874,-0.0014074206352233665,5,10,21
resnet50,eurosat,random,50,10,21,0.5238095238095238,1,1.0,bloodmnist,bloodmnist,1,bloodmnist,bloodmnist|breastmnist|cifar100_coarse|octmnist|organsmnist|pathmnist|pneumoniamnist|stl10|svhn|usps,0.8960238099098206,0.8960238099098206,0.0,0.0,0.9073333382606507,0.9073333382606507,0.0,5,10,21
resnet50,eurosat,random,51,10,21,0.5238095238095238,0,0.3333333333333333,bloodmnist,bloodmnist,1,octmnist,breastmnist|cifar100|cifar100_coarse|dermamnist|mnist|octmnist|organsmnist|pathmnist|pneumoniamnist|tiny_imagenet,0.8960238099098206,0.8932405233383178,0.00278328657150273,0.17073081555245592,0.9073333382606507,0.904888904094696,0.0024444341659546343,5,10,21
resnet50,eurosat,random,52,10,21,0.5238095238095238,1,0.6666666666666666,bloodmnist,bloodmnist,1,bloodmnist,bloodmnist|breastmnist|cifar100_coarse|octmnist|pathmnist|pneumoniamnist|rendered_sst2|retinamnist|tiny_imagenet|tissuemnist,0.8960238099098206,0.8960238099098206,0.0,0.0,0.9073333382606507,0.9073333382606507,0.0,5,10,21
resnet50,eurosat,random,53,10,21,0.5238095238095238,0,0.3333333333333333,bloodmnist,bloodmnist,1,octmnist,breastmnist|cifar10|cifar100|cifar100_coarse|octmnist|organcmnist|retinamnist|stl10|svhn|tiny_imagenet,0.8960238099098206,0.8932405233383178,0.00278328657150273,0.17073081555245592,0.9073333382606507,0.904888904094696,0.0024444341659546343,5,10,21
resnet50,eurosat,random,54,10,21,0.5238095238095238,0,0.6666666666666666,bloodmnist,bloodmnist,1,octmnist,cifar100_coarse|dermamnist|fashion_mnist|octmnist|organamnist|organcmnist|pneumoniamnist|svhn|tissuemnist|usps,0.8960238099098206,0.8932405233383178,0.00278328657150273,0.17073081555245592,0.9073333382606507,0.904888904094696,0.0024444341659546343,5,10,21
resnet50,eurosat,random,55,10,21,0.5238095238095238,0,0.3333333333333333,bloodmnist,bloodmnist,1,octmnist,cifar100|cifar100_coarse|fashion_mnist|mnist|octmnist|pathmnist|pneumoniamnist|rendered_sst2|retinamnist|svhn,0.8960238099098206,0.8932405233383178,0.00278328657150273,0.17073081555245592,0.9073333382606507,0.904888904094696,0.0024444341659546343,5,10,21
resnet50,eurosat,random,56,10,21,0.5238095238095238,1,0.6666666666666666,bloodmnist,bloodmnist,1,bloodmnist,bloodmnist|cifar100|cifar100_coarse|dermamnist|organamnist|pathmnist|pneumoniamnist|svhn|tissuemnist|usps,0.8960238099098206,0.8960238099098206,0.0,0.0,0.9073333382606507,0.9073333382606507,0.0,5,10,21
resnet50,eurosat,random,57,10,21,0.5238095238095238,0,0.3333333333333333,bloodmnist,bloodmnist,1,octmnist,cifar10|dermamnist|mnist|octmnist|organcmnist|pneumoniamnist|rendered_sst2|retinamnist|tiny_imagenet|tissuemnist,0.8960238099098206,0.8932405233383178,0.00278328657150273,0.17073081555245592,0.9073333382606507,0.904888904094696,0.0024444341659546343,5,10,21
resnet50,eurosat,random,58,10,21,0.5238095238095238,0,0.3333333333333333,bloodmnist,bloodmnist,1,usps,breastmnist|cifar10|dermamnist|organsmnist|rendered_sst2|retinamnist|stl10|svhn|tiny_imagenet|usps,0.8960238099098206,0.8926440596580505,0.003379750251770064,0.20731875860586543,0.9073333382606507,0.908740758895874,-0.0014074206352233665,5,10,21
resnet50,eurosat,random,59,10,21,0.5238095238095238,1,0.3333333333333333,bloodmnist,bloodmnist,1,bloodmnist,bloodmnist|cifar100|dermamnist|fashion_mnist|mnist|organamnist|organcmnist|pathmnist|pneumoniamnist|rendered_sst2,0.8960238099098206,0.8960238099098206,0.0,0.0,0.9073333382606507,0.9073333382606507,0.0,5,10,21
resnet50,eurosat,random,60,10,21,0.5238095238095238,0,0.3333333333333333,bloodmnist,bloodmnist,1,usps,cifar10|cifar100_coarse|organamnist|organcmnist|pathmnist|rendered_sst2|retinamnist|stl10|tiny_imagenet|usps,0.8960238099098206,0.8926440596580505,0.003379750251770064,0.20731875860586543,0.9073333382606507,0.908740758895874,-0.0014074206352233665,5,10,21
resnet50,eurosat,random,61,10,21,0.5238095238095238,1,1.0,bloodmnist,bloodmnist,1,bloodmnist,bloodmnist|cifar100|dermamnist|mnist|octmnist|organcmnist|rendered_sst2|retinamnist|tissuemnist|usps,0.8960238099098206,0.8960238099098206,0.0,0.0,0.9073333382606507,0.9073333382606507,0.0,5,10,21
resnet50,eurosat,random,62,10,21,0.5238095238095238,1,0.6666666666666666,bloodmnist,bloodmnist,1,bloodmnist,bloodmnist|breastmnist|cifar10|fashion_mnist|octmnist|organamnist|organsmnist|rendered_sst2|retinamnist|tissuemnist,0.8960238099098206,0.8960238099098206,0.0,0.0,0.9073333382606507,0.9073333382606507,0.0,5,10,21
resnet50,eurosat,random,63,10,21,0.5238095238095238,0,0.3333333333333333,bloodmnist,bloodmnist,1,usps,breastmnist|cifar100|cifar100_coarse|dermamnist|organcmnist|pneumoniamnist|retinamnist|tiny_imagenet|tissuemnist|usps,0.8960238099098206,0.8926440596580505,0.003379750251770064,0.20731875860586543,0.9073333382606507,0.908740758895874,-0.0014074206352233665,5,10,21
resnet50,eurosat,random,64,10,21,0.5238095238095238,0,0.3333333333333333,bloodmnist,bloodmnist,1,usps,cifar10|dermamnist|fashion_mnist|organamnist|pneumoniamnist|retinamnist|stl10|svhn|tiny_imagenet|usps,0.8960238099098206,0.8926440596580505,0.003379750251770064,0.20731875860586543,0.9073333382606507,0.908740758895874,-0.0014074206352233665,5,10,21
resnet50,eurosat,random,65,10,21,0.5238095238095238,1,0.3333333333333333,bloodmnist,bloodmnist,1,bloodmnist,bloodmnist|breastmnist|cifar100|cifar100_coarse|fashion_mnist|organamnist|organsmnist|pathmnist|pneumoniamnist|svhn,0.8960238099098206,0.8960238099098206,0.0,0.0,0.9073333382606507,0.9073333382606507,0.0,5,10,21
resnet50,eurosat,random,66,10,21,0.5238095238095238,0,0.6666666666666666,bloodmnist,bloodmnist,1,octmnist,breastmnist|mnist|octmnist|organamnist|organcmnist|retinamnist|stl10|tiny_imagenet|tissuemnist|usps,0.8960238099098206,0.8932405233383178,0.00278328657150273,0.17073081555245592,0.9073333382606507,0.904888904094696,0.0024444341659546343,5,10,21
resnet50,eurosat,random,67,10,21,0.5238095238095238,1,0.6666666666666666,bloodmnist,bloodmnist,1,bloodmnist,bloodmnist|cifar10|cifar100_coarse|fashion_mnist|organamnist|pathmnist|pneumoniamnist|stl10|tiny_imagenet|usps,0.8960238099098206,0.8960238099098206,0.0,0.0,0.9073333382606507,0.9073333382606507,0.0,5,10,21
resnet50,eurosat,random,68,10,21,0.5238095238095238,0,0.3333333333333333,bloodmnist,bloodmnist,1,octmnist,cifar10|cifar100|dermamnist|fashion_mnist|mnist|octmnist|organsmnist|pneumoniamnist|stl10|tissuemnist,0.8960238099098206,0.8932405233383178,0.00278328657150273,0.17073081555245592,0.9073333382606507,0.904888904094696,0.0024444341659546343,5,10,21
resnet50,eurosat,random,69,10,21,0.5238095238095238,1,0.3333333333333333,bloodmnist,bloodmnist,1,bloodmnist,bloodmnist|breastmnist|cifar10|dermamnist|fashion_mnist|pneumoniamnist|rendered_sst2|retinamnist|tiny_imagenet|tissuemnist,0.8960238099098206,0.8960238099098206,0.0,0.0,0.9073333382606507,0.9073333382606507,0.0,5,10,21
resnet50,eurosat,random,70,10,21,0.5238095238095238,0,0.6666666666666666,bloodmnist,bloodmnist,1,octmnist,cifar100_coarse|fashion_mnist|mnist|octmnist|organamnist|organsmnist|pneumoniamnist|tiny_imagenet|tissuemnist|usps,0.8960238099098206,0.8932405233383178,0.00278328657150273,0.17073081555245592,0.9073333382606507,0.904888904094696,0.0024444341659546343,5,10,21
resnet50,eurosat,random,71,10,21,0.5238095238095238,0,0.3333333333333333,bloodmnist,bloodmnist,1,octmnist,breastmnist|cifar100|dermamnist|mnist|octmnist|organamnist|organsmnist|pneumoniamnist|stl10|tissuemnist,0.8960238099098206,0.8932405233383178,0.00278328657150273,0.17073081555245592,0.9073333382606507,0.904888904094696,0.0024444341659546343,5,10,21
resnet50,eurosat,random,72,10,21,0.5238095238095238,0,0.0,bloodmnist,bloodmnist,1,tiny_imagenet,breastmnist|cifar100|cifar100_coarse|dermamnist|mnist|organcmnist|pathmnist|pneumoniamnist|rendered_sst2|tiny_imagenet,0.8960238099098206,0.8914512395858765,0.004572570323944092,0.2804880634897881,0.9073333382606507,0.9098518490791321,-0.002518510818481423,5,10,21
resnet50,eurosat,random,73,10,21,0.5238095238095238,1,0.6666666666666666,bloodmnist,bloodmnist,1,bloodmnist,bloodmnist|breastmnist|cifar10|fashion_mnist|organamnist|organcmnist|organsmnist|pathmnist|rendered_sst2|usps,0.8960238099098206,0.8960238099098206,0.0,0.0,0.9073333382606507,0.9073333382606507,0.0,5,10,21
resnet50,eurosat,random,74,10,21,0.5238095238095238,0,0.6666666666666666,bloodmnist,bloodmnist,1,octmnist,breastmnist|cifar100|cifar100_coarse|dermamnist|octmnist|organsmnist|rendered_sst2|retinamnist|svhn|usps,0.8960238099098206,0.8932405233383178,0.00278328657150273,0.17073081555245592,0.9073333382606507,0.904888904094696,0.0024444341659546343,5,10,21
resnet50,eurosat,random,75,10,21,0.5238095238095238,1,0.3333333333333333,bloodmnist,bloodmnist,1,bloodmnist,bloodmnist|cifar10|cifar100|dermamnist|mnist|organcmnist|pathmnist|rendered_sst2|stl10|tiny_imagenet,0.8960238099098206,0.8960238099098206,0.0,0.0,0.9073333382606507,0.9073333382606507,0.0,5,10,21
resnet50,eurosat,random,76,10,21,0.5238095238095238,0,0.3333333333333333,bloodmnist,bloodmnist,1,octmnist,cifar100|cifar100_coarse|fashion_mnist|octmnist|organamnist|organcmnist|pathmnist|retinamnist|tiny_imagenet|tissuemnist,0.8960238099098206,0.8932405233383178,0.00278328657150273,0.17073081555245592,0.9073333382606507,0.904888904094696,0.0024444341659546343,5,10,21
resnet50,eurosat,random,77,10,21,0.5238095238095238,1,0.6666666666666666,bloodmnist,bloodmnist,1,bloodmnist,bloodmnist|breastmnist|cifar10|cifar100|fashion_mnist|octmnist|organamnist|organcmnist|pneumoniamnist|rendered_sst2,0.8960238099098206,0.8960238099098206,0.0,0.0,0.9073333382606507,0.9073333382606507,0.0,5,10,21
resnet50,eurosat,random,78,10,21,0.5238095238095238,1,0.3333333333333333,bloodmnist,bloodmnist,1,bloodmnist,bloodmnist|breastmnist|cifar10|cifar100_coarse|mnist|organcmnist|organsmnist|pathmnist|rendered_sst2|svhn,0.8960238099098206,0.8960238099098206,0.0,0.0,0.9073333382606507,0.9073333382606507,0.0,5,10,21
resnet50,eurosat,random,79,10,21,0.5238095238095238,0,0.3333333333333333,bloodmnist,bloodmnist,1,usps,breastmnist|cifar100_coarse|dermamnist|fashion_mnist|organamnist|organcmnist|pathmnist|retinamnist|svhn|usps,0.8960238099098206,0.8926440596580505,0.003379750251770064,0.20731875860586543,0.9073333382606507,0.908740758895874,-0.0014074206352233665,5,10,21
resnet50,eurosat,random,80,10,21,0.5238095238095238,1,1.0,bloodmnist,bloodmnist,1,bloodmnist,bloodmnist|cifar100|cifar100_coarse|dermamnist|octmnist|organcmnist|pneumoniamnist|svhn|tiny_imagenet|usps,0.8960238099098206,0.8960238099098206,0.0,0.0,0.9073333382606507,0.9073333382606507,0.0,5,10,21
resnet50,eurosat,random,81,10,21,0.5238095238095238,1,0.6666666666666666,bloodmnist,bloodmnist,1,bloodmnist,bloodmnist|breastmnist|cifar10|cifar100|cifar100_coarse|organamnist|pneumoniamnist|rendered_sst2|retinamnist|usps,0.8960238099098206,0.8960238099098206,0.0,0.0,0.9073333382606507,0.9073333382606507,0.0,5,10,21
resnet50,eurosat,random,82,10,21,0.5238095238095238,1,0.6666666666666666,bloodmnist,bloodmnist,1,bloodmnist,bloodmnist|breastmnist|cifar10|dermamnist|pathmnist|retinamnist|stl10|tiny_imagenet|tissuemnist|usps,0.8960238099098206,0.8960238099098206,0.0,0.0,0.9073333382606507,0.9073333382606507,0.0,5,10,21
resnet50,eurosat,random,83,10,21,0.5238095238095238,0,0.3333333333333333,bloodmnist,bloodmnist,1,usps,cifar100|cifar100_coarse|mnist|pathmnist|retinamnist|stl10|svhn|tiny_imagenet|tissuemnist|usps,0.8960238099098206,0.8926440596580505,0.003379750251770064,0.20731875860586543,0.9073333382606507,0.908740758895874,-0.0014074206352233665,5,10,21
resnet50,eurosat,random,84,10,21,0.5238095238095238,1,1.0,bloodmnist,bloodmnist,1,bloodmnist,bloodmnist|fashion_mnist|mnist|octmnist|organcmnist|organsmnist|pathmnist|svhn|tiny_imagenet|usps,0.8960238099098206,0.8960238099098206,0.0,0.0,0.9073333382606507,0.9073333382606507,0.0,5,10,21
resnet50,eurosat,random,85,10,21,0.5238095238095238,0,0.0,bloodmnist,bloodmnist,1,fashion_mnist,breastmnist|cifar10|fashion_mnist|organcmnist|organsmnist|pathmnist|pneumoniamnist|retinamnist|stl10|tissuemnist,0.8960238099098206,0.8910536050796509,0.004970204830169633,0.3048795380273996,0.9073333382606507,0.9047407269477844,0.0025926113128662553,5,10,21
resnet50,eurosat,random,86,10,21,0.5238095238095238,1,0.6666666666666666,bloodmnist,bloodmnist,1,bloodmnist,bloodmnist|breastmnist|fashion_mnist|mnist|octmnist|organamnist|organcmnist|organsmnist|pneumoniamnist|stl10,0.8960238099098206,0.8960238099098206,0.0,0.0,0.9073333382606507,0.9073333382606507,0.0,5,10,21
resnet50,eurosat,random,87,10,21,0.5238095238095238,1,1.0,bloodmnist,bloodmnist,1,bloodmnist,bloodmnist|breastmnist|cifar100|fashion_mnist|mnist|octmnist|svhn|tiny_imagenet|tissuemnist|usps,0.8960238099098206,0.8960238099098206,0.0,0.0,0.9073333382606507,0.9073333382606507,0.0,5,10,21
resnet50,eurosat,random,88,10,21,0.5238095238095238,0,0.3333333333333333,bloodmnist,bloodmnist,1,usps,breastmnist|cifar10|cifar100|cifar100_coarse|dermamnist|fashion_mnist|organamnist|rendered_sst2|retinamnist|usps,0.8960238099098206,0.8926440596580505,0.003379750251770064,0.20731875860586543,0.9073333382606507,0.908740758895874,-0.0014074206352233665,5,10,21
resnet50,eurosat,random,89,10,21,0.5238095238095238,0,0.3333333333333333,bloodmnist,bloodmnist,1,octmnist,cifar10|cifar100|cifar100_coarse|mnist|octmnist|organamnist|organsmnist|pneumoniamnist|svhn|tissuemnist,0.8960238099098206,0.8932405233383178,0.00278328657150273,0.17073081555245592,0.9073333382606507,0.904888904094696,0.0024444341659546343,5,10,21
resnet50,eurosat,random,90,10,21,0.5238095238095238,0,0.3333333333333333,bloodmnist,bloodmnist,1,usps,cifar10|cifar100_coarse|dermamnist|fashion_mnist|mnist|organcmnist|retinamnist|stl10|svhn|usps,0.8960238099098206,0.8926440596580505,0.003379750251770064,0.20731875860586543,0.9073333382606507,0.908740758895874,-0.0014074206352233665,5,10,21
resnet50,eurosat,random,91,10,21,0.5238095238095238,1,1.0,bloodmnist,bloodmnist,1,bloodmnist,bloodmnist|breastmnist|fashion_mnist|mnist|octmnist|pneumoniamnist|retinamnist|svhn|tissuemnist|usps,0.8960238099098206,0.8960238099098206,0.0,0.0,0.9073333382606507,0.9073333382606507,0.0,5,10,21
resnet50,eurosat,random,92,10,21,0.5238095238095238,0,0.3333333333333333,bloodmnist,bloodmnist,1,usps,breastmnist|cifar10|cifar100|fashion_mnist|mnist|organamnist|pneumoniamnist|tiny_imagenet|tissuemnist|usps,0.8960238099098206,0.8926440596580505,0.003379750251770064,0.20731875860586543,0.9073333382606507,0.908740758895874,-0.0014074206352233665,5,10,21
resnet50,eurosat,random,93,10,21,0.5238095238095238,1,0.6666666666666666,bloodmnist,bloodmnist,1,bloodmnist,bloodmnist|dermamnist|octmnist|organamnist|organcmnist|pneumoniamnist|rendered_sst2|retinamnist|svhn|tiny_imagenet,0.8960238099098206,0.8960238099098206,0.0,0.0,0.9073333382606507,0.9073333382606507,0.0,5,10,21
resnet50,eurosat,random,94,10,21,0.5238095238095238,1,0.6666666666666666,bloodmnist,bloodmnist,1,bloodmnist,bloodmnist|cifar100_coarse|dermamnist|mnist|octmnist|organamnist|organcmnist|rendered_sst2|retinamnist|stl10,0.8960238099098206,0.8960238099098206,0.0,0.0,0.9073333382606507,0.9073333382606507,0.0,5,10,21
resnet50,eurosat,random,95,10,21,0.5238095238095238,0,0.3333333333333333,bloodmnist,bloodmnist,1,octmnist,breastmnist|cifar10|octmnist|organamnist|organcmnist|pathmnist|rendered_sst2|retinamnist|svhn|tiny_imagenet,0.8960238099098206,0.8932405233383178,0.00278328657150273,0.17073081555245592,0.9073333382606507,0.904888904094696,0.0024444341659546343,5,10,21
resnet50,eurosat,random,96,10,21,0.5238095238095238,0,0.3333333333333333,bloodmnist,bloodmnist,1,octmnist,breastmnist|cifar100_coarse|dermamnist|mnist|octmnist|retinamnist|stl10|svhn|tiny_imagenet|tissuemnist,0.8960238099098206,0.8932405233383178,0.00278328657150273,0.17073081555245592,0.9073333382606507,0.904888904094696,0.0024444341659546343,5,10,21
resnet50,eurosat,random,97,10,21,0.5238095238095238,1,0.6666666666666666,bloodmnist,bloodmnist,1,bloodmnist,bloodmnist|cifar10|cifar100_coarse|dermamnist|fashion_mnist|octmnist|organamnist|organcmnist|organsmnist|stl10,0.8960238099098206,0.8960238099098206,0.0,0.0,0.9073333382606507,0.9073333382606507,0.0,5,10,21
resnet50,eurosat,random,98,10,21,0.5238095238095238,1,0.3333333333333333,bloodmnist,bloodmnist,1,bloodmnist,bloodmnist|cifar100_coarse|organamnist|organcmnist|organsmnist|pneumoniamnist|rendered_sst2|stl10|tiny_imagenet|tissuemnist,0.8960238099098206,0.8960238099098206,0.0,0.0,0.9073333382606507,0.9073333382606507,0.0,5,10,21
resnet50,eurosat,random,99,10,21,0.5238095238095238,1,0.6666666666666666,bloodmnist,bloodmnist,1,bloodmnist,bloodmnist|cifar10|organamnist|organcmnist|organsmnist|pneumoniamnist|retinamnist|stl10|svhn|usps,0.8960238099098206,0.8960238099098206,0.0,0.0,0.9073333382606507,0.9073333382606507,0.0,5,10,21
resnet50,flowers102,rank_only,-1,3,21,0.8571428571428572,1,0.3333333333333333,tiny_imagenet,tiny_imagenet,1,tiny_imagenet,tiny_imagenet|cifar100_coarse|cifar100,0.6647059559822083,0.6647059559822083,0.0,0.0,0.6865599632263184,0.6865599632263184,0.0,5,3,21
resnet50,flowers102,facility_subspace,-1,3,21,0.8571428571428572,0,0.0,tiny_imagenet,tiny_imagenet,1,cifar100,organcmnist|cifar100|svhn,0.6647059559822083,0.6294118404388428,0.03529411554336548,0.6315787115916732,0.6865599632263184,0.6912399768829346,-0.004680013656616189,5,3,21
resnet50,flowers102,kcenter_subspace,-1,3,21,0.8571428571428572,1,0.3333333333333333,tiny_imagenet,tiny_imagenet,1,tiny_imagenet,tiny_imagenet|rendered_sst2|usps,0.6647059559822083,0.6647059559822083,0.0,0.0,0.6865599632263184,0.6865599632263184,0.0,5,3,21
resnet50,flowers102,dpp_subspace,-1,3,21,0.8571428571428572,1,0.3333333333333333,tiny_imagenet,tiny_imagenet,1,tiny_imagenet,tiny_imagenet|stl10|cifar100_coarse,0.6647059559822083,0.6647059559822083,0.0,0.0,0.6865599632263184,0.6865599632263184,0.0,5,3,21
resnet50,flowers102,pool_vendi_subspace,-1,3,21,0.8571428571428572,1,0.3333333333333333,tiny_imagenet,tiny_imagenet,1,tiny_imagenet,tiny_imagenet|rendered_sst2|usps,0.6647059559822083,0.6647059559822083,0.0,0.0,0.6865599632263184,0.6865599632263184,0.0,5,3,21
resnet50,flowers102,full_merged_rank,-1,3,21,0.8571428571428572,1,0.3333333333333333,tiny_imagenet,tiny_imagenet,1,tiny_imagenet,tiny_imagenet|stl10|cifar100_coarse,0.6647059559822083,0.6647059559822083,0.0,0.0,0.6865599632263184,0.6865599632263184,0.0,5,3,21
resnet50,flowers102,random,0,3,21,0.8571428571428572,0,0.0,tiny_imagenet,tiny_imagenet,1,dermamnist,breastmnist|cifar100|dermamnist,0.6647059559822083,0.6323530197143554,0.03235293626785285,0.5789470989619134,0.6865599632263184,0.6637999892234803,0.022759974002838135,5,3,21
resnet50,flowers102,random,1,3,21,0.8571428571428572,0,0.0,tiny_imagenet,tiny_imagenet,1,cifar10,cifar10|fashion_mnist|organcmnist,0.6647059559822083,0.6372549891471863,0.027450966835022017,0.4912276734717048,0.6865599632263184,0.6822399854660034,0.004319977760315008,5,3,21
resnet50,flowers102,random,2,3,21,0.8571428571428572,0,0.3333333333333333,tiny_imagenet,tiny_imagenet,1,octmnist,octmnist|organcmnist|svhn,0.6647059559822083,0.6392157554626465,0.025490200519561745,0.4561402872548957,0.6865599632263184,0.669599974155426,0.016959989070892356,5,3,21
resnet50,flowers102,random,3,3,21,0.8571428571428572,0,0.3333333333333333,tiny_imagenet,tiny_imagenet,1,mnist,dermamnist|mnist|tissuemnist,0.6647059559822083,0.6392157316207886,0.025490224361419678,0.4561407138985354,0.6865599632263184,0.6693199872970581,0.0172399759292603,5,3,21
resnet50,flowers102,random,4,3,21,0.8571428571428572,0,0.0,tiny_imagenet,tiny_imagenet,1,bloodmnist,bloodmnist|organcmnist|pathmnist,0.6647059559822083,0.6372549653053283,0.02745099067687995,0.4912281001153445,0.6865599632263184,0.6715199470520019,0.015040016174316495,5,3,21
resnet50,flowers102,random,5,3,21,0.8571428571428572,0,0.3333333333333333,tiny_imagenet,tiny_imagenet,1,mnist,cifar10|dermamnist|mnist,0.6647059559822083,0.6392157316207886,0.025490224361419678,0.4561407138985354,0.6865599632263184,0.6693199872970581,0.0172399759292603,5,3,21
resnet50,flowers102,random,6,3,21,0.8571428571428572,0,0.0,tiny_imagenet,tiny_imagenet,1,cifar100_coarse,cifar100_coarse|organsmnist|pneumoniamnist,0.6647059559822083,0.6352941751480102,0.029411780834198042,0.5263159129757913,0.6865599632263184,0.6806799530982971,0.005880010128021307,5,3,21
resnet50,flowers102,random,7,3,21,0.8571428571428572,0,0.0,tiny_imagenet,tiny_imagenet,1,cifar100_coarse,cifar100_coarse|organcmnist|organsmnist,0.6647059559822083,0.6352941751480102,0.029411780834198042,0.5263159129757913,0.6865599632263184,0.6806799530982971,0.005880010128021307,5,3,21
resnet50,flowers102,random,8,3,21,0.8571428571428572,0,0.0,tiny_imagenet,tiny_imagenet,1,bloodmnist,bloodmnist|organsmnist|rendered_sst2,0.6647059559822083,0.6372549653053283,0.02745099067687995,0.4912281001153445,0.6865599632263184,0.6715199470520019,0.015040016174316495,5,3,21
resnet50,flowers102,random,9,3,21,0.8571428571428572,0,0.0,tiny_imagenet,tiny_imagenet,1,dermamnist,dermamnist|organsmnist|retinamnist,0.6647059559822083,0.6323530197143554,0.03235293626785285,0.5789470989619134,0.6865599632263184,0.6637999892234803,0.022759974002838135,5,3,21
resnet50,flowers102,random,10,3,21,0.8571428571428572,0,0.0,tiny_imagenet,tiny_imagenet,1,pathmnist,pathmnist|rendered_sst2|usps,0.6647059559822083,0.6352941870689393,0.02941176891326902,0.5263156996539705,0.6865599632263184,0.6761199474334717,0.010440015792846702,5,3,21
resnet50,flowers102,random,11,3,21,0.8571428571428572,0,0.0,tiny_imagenet,tiny_imagenet,1,cifar10,cifar10|cifar100_coarse|organamnist,0.6647059559822083,0.6372549891471863,0.027450966835022017,0.4912276734717048,0.6865599632263184,0.6822399854660034,0.004319977760315008,5,3,21
resnet50,flowers102,random,12,3,21,0.8571428571428572,0,0.0,tiny_imagenet,tiny_imagenet,1,stl10,dermamnist|pneumoniamnist|stl10,0.6647059559822083,0.6333334088325501,0.0313725471496582,0.5614032991925985,0.6865599632263184,0.6994399547576904,-0.012879991531371981,5,3,21
resnet50,flowers102,random,13,3,21,0.8571428571428572,0,0.0,tiny_imagenet,tiny_imagenet,1,dermamnist,breastmnist|dermamnist|fashion_mnist,0.6647059559822083,0.6323530197143554,0.03235293626785285,0.5789470989619134,0.6865599632263184,0.6637999892234803,0.022759974002838135,5,3,21
resnet50,flowers102,random,14,3,21,0.8571428571428572,1,0.3333333333333333,tiny_imagenet,tiny_imagenet,1,tiny_imagenet,cifar100|retinamnist|tiny_imagenet,0.6647059559822083,0.6647059559822083,0.0,0.0,0.6865599632263184,0.6865599632263184,0.0,5,3,21
resnet50,flowers102,random,15,3,21,0.8571428571428572,0,0.0,tiny_imagenet,tiny_imagenet,1,pathmnist,breastmnist|pathmnist|tissuemnist,0.6647059559822083,0.6352941870689393,0.02941176891326902,0.5263156996539705,0.6865599632263184,0.6761199474334717,0.010440015792846702,5,3,21
resnet50,flowers102,random,16,3,21,0.8571428571428572,0,0.3333333333333333,tiny_imagenet,tiny_imagenet,1,octmnist,dermamnist|octmnist|organsmnist,0.6647059559822083,0.6392157554626465,0.025490200519561745,0.4561402872548957,0.6865599632263184,0.669599974155426,0.016959989070892356,5,3,21
resnet50,flowers102,random,17,3,21,0.8571428571428572,0,0.0,tiny_imagenet,tiny_imagenet,1,pathmnist,organsmnist|pathmnist|svhn,0.6647059559822083,0.6352941870689393,0.02941176891326902,0.5263156996539705,0.6865599632263184,0.6761199474334717,0.010440015792846702,5,3,21
resnet50,flowers102,random,18,3,21,0.8571428571428572,0,0.0,tiny_imagenet,tiny_imagenet,1,pathmnist,organamnist|pathmnist|usps,0.6647059559822083,0.6352941870689393,0.02941176891326902,0.5263156996539705,0.6865599632263184,0.6761199474334717,0.010440015792846702,5,3,21
resnet50,flowers102,random,19,3,21,0.8571428571428572,0,0.0,tiny_imagenet,tiny_imagenet,1,bloodmnist,bloodmnist|breastmnist|pneumoniamnist,0.6647059559822083,0.6372549653053283,0.02745099067687995,0.4912281001153445,0.6865599632263184,0.6715199470520019,0.015040016174316495,5,3,21
resnet50,flowers102,random,20,3,21,0.8571428571428572,0,0.0,tiny_imagenet,tiny_imagenet,1,cifar100_coarse,cifar100_coarse|organcmnist|pneumoniamnist,0.6647059559822083,0.6352941751480102,0.029411780834198042,0.5263159129757913,0.6865599632263184,0.6806799530982971,0.005880010128021307,5,3,21
resnet50,flowers102,random,21,3,21,0.8571428571428572,1,0.3333333333333333,tiny_imagenet,tiny_imagenet,1,tiny_imagenet,organsmnist|tiny_imagenet|usps,0.6647059559822083,0.6647059559822083,0.0,0.0,0.6865599632263184,0.6865599632263184,0.0,5,3,21
resnet50,flowers102,random,22,3,21,0.8571428571428572,0,0.0,tiny_imagenet,tiny_imagenet,1,usps,cifar100|organamnist|usps,0.6647059559822083,0.633333420753479,0.03137253522872929,0.5614030858707796,0.6865599632263184,0.6861199855804443,0.00043997764587411226,5,3,21
resnet50,flowers102,random,23,3,21,0.8571428571428572,0,0.0,tiny_imagenet,tiny_imagenet,1,cifar10,cifar10|dermamnist|organsmnist,0.6647059559822083,0.6372549891471863,0.027450966835022017,0.4912276734717048,0.6865599632263184,0.6822399854660034,0.004319977760315008,5,3,21
resnet50,flowers102,random,24,3,21,0.8571428571428572,1,0.3333333333333333,tiny_imagenet,tiny_imagenet,1,tiny_imagenet,cifar100|svhn|tiny_imagenet,0.6647059559822083,0.6647059559822083,0.0,0.0,0.6865599632263184,0.6865599632263184,0.0,5,3,21
resnet50,flowers102,random,25,3,21,0.8571428571428572,0,0.0,tiny_imagenet,tiny_imagenet,1,dermamnist,cifar100|dermamnist|pneumoniamnist,0.6647059559822083,0.6323530197143554,0.03235293626785285,0.5789470989619134,0.6865599632263184,0.6637999892234803,0.022759974002838135,5,3,21
resnet50,flowers102,random,26,3,21,0.8571428571428572,0,0.3333333333333333,tiny_imagenet,tiny_imagenet,1,mnist,dermamnist|mnist|organamnist,0.6647059559822083,0.6392157316207886,0.025490224361419678,0.4561407138985354,0.6865599632263184,0.6693199872970581,0.0172399759292603,5,3,21
resnet50,flowers102,random,27,3,21,0.8571428571428572,0,0.0,tiny_imagenet,tiny_imagenet,1,usps,svhn|tissuemnist|usps,0.6647059559822083,0.633333420753479,0.03137253522872929,0.5614030858707796,0.6865599632263184,0.6861199855804443,0.00043997764587411226,5,3,21
resnet50,flowers102,random,28,3,21,0.8571428571428572,0,0.0,tiny_imagenet,tiny_imagenet,1,cifar100_coarse,cifar100_coarse|organsmnist|usps,0.6647059559822083,0.6352941751480102,0.029411780834198042,0.5263159129757913,0.6865599632263184,0.6806799530982971,0.005880010128021307,5,3,21
resnet50,flowers102,random,29,3,21,0.8571428571428572,0,0.6666666666666666,tiny_imagenet,tiny_imagenet,1,octmnist,mnist|octmnist|pneumoniamnist,0.6647059559822083,0.6392157554626465,0.025490200519561745,0.4561402872548957,0.6865599632263184,0.669599974155426,0.016959989070892356,5,3,21
resnet50,flowers102,random,30,3,21,0.8571428571428572,0,0.6666666666666666,tiny_imagenet,tiny_imagenet,1,octmnist,fashion_mnist|mnist|octmnist,0.6647059559822083,0.6392157554626465,0.025490200519561745,0.4561402872548957,0.6865599632263184,0.669599974155426,0.016959989070892356,5,3,21
resnet50,flowers102,random,31,3,21,0.8571428571428572,0,0.0,tiny_imagenet,tiny_imagenet,1,bloodmnist,bloodmnist|breastmnist|pneumoniamnist,0.6647059559822083,0.6372549653053283,0.02745099067687995,0.4912281001153445,0.6865599632263184,0.6715199470520019,0.015040016174316495,5,3,21
resnet50,flowers102,random,32,3,21,0.8571428571428572,1,0.3333333333333333,tiny_imagenet,tiny_imagenet,1,tiny_imagenet,pneumoniamnist|svhn|tiny_imagenet,0.6647059559822083,0.6647059559822083,0.0,0.0,0.6865599632263184,0.6865599632263184,0.0,5,3,21
resnet50,flowers102,random,33,3,21,0.8571428571428572,0,0.0,tiny_imagenet,tiny_imagenet,1,cifar100_coarse,breastmnist|cifar100_coarse|organamnist,0.6647059559822083,0.6352941751480102,0.029411780834198042,0.5263159129757913,0.6865599632263184,0.6806799530982971,0.005880010128021307,5,3,21
resnet50,flowers102,random,34,3,21,0.8571428571428572,0,0.0,tiny_imagenet,tiny_imagenet,1,cifar100_coarse,cifar100_coarse|fashion_mnist|organamnist,0.6647059559822083,0.6352941751480102,0.029411780834198042,0.5263159129757913,0.6865599632263184,0.6806799530982971,0.005880010128021307,5,3,21
resnet50,flowers102,random,35,3,21,0.8571428571428572,0,0.3333333333333333,tiny_imagenet,tiny_imagenet,1,octmnist,cifar100|octmnist|retinamnist,0.6647059559822083,0.6392157554626465,0.025490200519561745,0.4561402872548957,0.6865599632263184,0.669599974155426,0.016959989070892356,5,3,21
resnet50,flowers102,random,36,3,21,0.8571428571428572,1,0.3333333333333333,tiny_imagenet,tiny_imagenet,1,tiny_imagenet,cifar100|cifar100_coarse|tiny_imagenet,0.6647059559822083,0.6647059559822083,0.0,0.0,0.6865599632263184,0.6865599632263184,0.0,5,3,21
resnet50,flowers102,random,37,3,21,0.8571428571428572,0,0.0,tiny_imagenet,tiny_imagenet,1,cifar10,bloodmnist|cifar10|retinamnist,0.6647059559822083,0.6372549891471863,0.027450966835022017,0.4912276734717048,0.6865599632263184,0.6822399854660034,0.004319977760315008,5,3,21
resnet50,flowers102,random,38,3,21,0.8571428571428572,0,0.0,tiny_imagenet,tiny_imagenet,1,usps,pneumoniamnist|rendered_sst2|usps,0.6647059559822083,0.633333420753479,0.03137253522872929,0.5614030858707796,0.6865599632263184,0.6861199855804443,0.00043997764587411226,5,3,21
resnet50,flowers102,random,39,3,21,0.8571428571428572,0,0.0,tiny_imagenet,tiny_imagenet,1,bloodmnist,bloodmnist|retinamnist|stl10,0.6647059559822083,0.6372549653053283,0.02745099067687995,0.4912281001153445,0.6865599632263184,0.6715199470520019,0.015040016174316495,5,3,21
resnet50,flowers102,random,40,3,21,0.8571428571428572,0,0.3333333333333333,tiny_imagenet,tiny_imagenet,1,octmnist,fashion_mnist|octmnist|rendered_sst2,0.6647059559822083,0.6392157554626465,0.025490200519561745,0.4561402872548957,0.6865599632263184,0.669599974155426,0.016959989070892356,5,3,21
resnet50,flowers102,random,41,3,21,0.8571428571428572,0,0.0,tiny_imagenet,tiny_imagenet,1,stl10,organsmnist|stl10|tissuemnist,0.6647059559822083,0.6333334088325501,0.0313725471496582,0.5614032991925985,0.6865599632263184,0.6994399547576904,-0.012879991531371981,5,3,21
resnet50,flowers102,random,42,3,21,0.8571428571428572,0,0.0,tiny_imagenet,tiny_imagenet,1,dermamnist,cifar100|dermamnist|pneumoniamnist,0.6647059559822083,0.6323530197143554,0.03235293626785285,0.5789470989619134,0.6865599632263184,0.6637999892234803,0.022759974002838135,5,3,21
resnet50,flowers102,random,43,3,21,0.8571428571428572,0,0.0,tiny_imagenet,tiny_imagenet,1,usps,dermamnist|svhn|usps,0.6647059559822083,0.633333420753479,0.03137253522872929,0.5614030858707796,0.6865599632263184,0.6861199855804443,0.00043997764587411226,5,3,21
resnet50,flowers102,random,44,3,21,0.8571428571428572,0,0.3333333333333333,tiny_imagenet,tiny_imagenet,1,octmnist,cifar100|octmnist|pathmnist,0.6647059559822083,0.6392157554626465,0.025490200519561745,0.4561402872548957,0.6865599632263184,0.669599974155426,0.016959989070892356,5,3,21
resnet50,flowers102,random,45,3,21,0.8571428571428572,0,0.3333333333333333,tiny_imagenet,tiny_imagenet,1,mnist,mnist|organsmnist|stl10,0.6647059559822083,0.6392157316207886,0.025490224361419678,0.4561407138985354,0.6865599632263184,0.6693199872970581,0.0172399759292603,5,3,21
resnet50,flowers102,random,46,3,21,0.8571428571428572,1,0.3333333333333333,tiny_imagenet,tiny_imagenet,1,tiny_imagenet,bloodmnist|dermamnist|tiny_imagenet,0.6647059559822083,0.6647059559822083,0.0,0.0,0.6865599632263184,0.6865599632263184,0.0,5,3,21
resnet50,flowers102,random,47,3,21,0.8571428571428572,0,0.3333333333333333,tiny_imagenet,tiny_imagenet,1,octmnist,cifar100_coarse|fashion_mnist|octmnist,0.6647059559822083,0.6392157554626465,0.025490200519561745,0.4561402872548957,0.6865599632263184,0.669599974155426,0.016959989070892356,5,3,21
resnet50,flowers102,random,48,3,21,0.8571428571428572,0,0.0,tiny_imagenet,tiny_imagenet,1,dermamnist,dermamnist|rendered_sst2|retinamnist,0.6647059559822083,0.6323530197143554,0.03235293626785285,0.5789470989619134,0.6865599632263184,0.6637999892234803,0.022759974002838135,5,3,21
resnet50,flowers102,random,49,3,21,0.8571428571428572,0,0.3333333333333333,tiny_imagenet,tiny_imagenet,1,mnist,cifar100_coarse|mnist|rendered_sst2,0.6647059559822083,0.6392157316207886,0.025490224361419678,0.4561407138985354,0.6865599632263184,0.6693199872970581,0.0172399759292603,5,3,21
resnet50,flowers102,random,50,3,21,0.8571428571428572,0,0.0,tiny_imagenet,tiny_imagenet,1,dermamnist,dermamnist|organcmnist|retinamnist,0.6647059559822083,0.6323530197143554,0.03235293626785285,0.5789470989619134,0.6865599632263184,0.6637999892234803,0.022759974002838135,5,3,21
resnet50,flowers102,random,51,3,21,0.8571428571428572,1,0.3333333333333333,tiny_imagenet,tiny_imagenet,1,tiny_imagenet,cifar100_coarse|pneumoniamnist|tiny_imagenet,0.6647059559822083,0.6647059559822083,0.0,0.0,0.6865599632263184,0.6865599632263184,0.0,5,3,21
resnet50,flowers102,random,52,3,21,0.8571428571428572,0,0.3333333333333333,tiny_imagenet,tiny_imagenet,1,octmnist,octmnist|organamnist|rendered_sst2,0.6647059559822083,0.6392157554626465,0.025490200519561745,0.4561402872548957,0.6865599632263184,0.669599974155426,0.016959989070892356,5,3,21
resnet50,flowers102,random,53,3,21,0.8571428571428572,0,0.0,tiny_imagenet,tiny_imagenet,1,pathmnist,pathmnist|rendered_sst2|retinamnist,0.6647059559822083,0.6352941870689393,0.02941176891326902,0.5263156996539705,0.6865599632263184,0.6761199474334717,0.010440015792846702,5,3,21
resnet50,flowers102,random,54,3,21,0.8571428571428572,0,0.0,tiny_imagenet,tiny_imagenet,1,cifar10,breastmnist|cifar10|organcmnist,0.6647059559822083,0.6372549891471863,0.027450966835022017,0.4912276734717048,0.6865599632263184,0.6822399854660034,0.004319977760315008,5,3,21
resnet50,flowers102,random,55,3,21,0.8571428571428572,0,0.0,tiny_imagenet,tiny_imagenet,1,bloodmnist,bloodmnist|organamnist|organcmnist,0.6647059559822083,0.6372549653053283,0.02745099067687995,0.4912281001153445,0.6865599632263184,0.6715199470520019,0.015040016174316495,5,3,21
resnet50,flowers102,random,56,3,21,0.8571428571428572,0,0.3333333333333333,tiny_imagenet,tiny_imagenet,1,octmnist,octmnist|organcmnist|rendered_sst2,0.6647059559822083,0.6392157554626465,0.025490200519561745,0.4561402872548957,0.6865599632263184,0.669599974155426,0.016959989070892356,5,3,21
resnet50,flowers102,random,57,3,21,0.8571428571428572,0,0.0,tiny_imagenet,tiny_imagenet,1,usps,organamnist|pneumoniamnist|usps,0.6647059559822083,0.633333420753479,0.03137253522872929,0.5614030858707796,0.6865599632263184,0.6861199855804443,0.00043997764587411226,5,3,21
resnet50,flowers102,random,58,3,21,0.8571428571428572,0,0.0,tiny_imagenet,tiny_imagenet,1,cifar10,cifar10|dermamnist|fashion_mnist,0.6647059559822083,0.6372549891471863,0.027450966835022017,0.4912276734717048,0.6865599632263184,0.6822399854660034,0.004319977760315008,5,3,21
resnet50,flowers102,random,59,3,21,0.8571428571428572,0,0.0,tiny_imagenet,tiny_imagenet,1,pathmnist,organamnist|pathmnist|retinamnist,0.6647059559822083,0.6352941870689393,0.02941176891326902,0.5263156996539705,0.6865599632263184,0.6761199474334717,0.010440015792846702,5,3,21
resnet50,flowers102,random,60,3,21,0.8571428571428572,1,0.3333333333333333,tiny_imagenet,tiny_imagenet,1,tiny_imagenet,rendered_sst2|retinamnist|tiny_imagenet,0.6647059559822083,0.6647059559822083,0.0,0.0,0.6865599632263184,0.6865599632263184,0.0,5,3,21
resnet50,flowers102,random,61,3,21,0.8571428571428572,0,0.0,tiny_imagenet,tiny_imagenet,1,cifar10,bloodmnist|cifar10|usps,0.6647059559822083,0.6372549891471863,0.027450966835022017,0.4912276734717048,0.6865599632263184,0.6822399854660034,0.004319977760315008,5,3,21
resnet50,flowers102,random,62,3,21,0.8571428571428572,0,0.0,tiny_imagenet,tiny_imagenet,1,dermamnist,cifar100|dermamnist|rendered_sst2,0.6647059559822083,0.6323530197143554,0.03235293626785285,0.5789470989619134,0.6865599632263184,0.6637999892234803,0.022759974002838135,5,3,21
resnet50,flowers102,random,63,3,21,0.8571428571428572,0,0.3333333333333333,tiny_imagenet,tiny_imagenet,1,octmnist,bloodmnist|octmnist|retinamnist,0.6647059559822083,0.6392157554626465,0.025490200519561745,0.4561402872548957,0.6865599632263184,0.669599974155426,0.016959989070892356,5,3,21
resnet50,flowers102,random,64,3,21,0.8571428571428572,0,0.0,tiny_imagenet,tiny_imagenet,1,cifar10,cifar10|fashion_mnist|organsmnist,0.6647059559822083,0.6372549891471863,0.027450966835022017,0.4912276734717048,0.6865599632263184,0.6822399854660034,0.004319977760315008,5,3,21
resnet50,flowers102,random,65,3,21,0.8571428571428572,0,0.0,tiny_imagenet,tiny_imagenet,1,rendered_sst2,organamnist|rendered_sst2|retinamnist,0.6647059559822083,0.6264706373214721,0.03823531866073615,0.6842107508650748,0.6865599632263184,0.6505599856376648,0.03599997758865359,5,3,21
resnet50,flowers102,random,66,3,21,0.8571428571428572,0,0.0,tiny_imagenet,tiny_imagenet,1,cifar100,cifar100|fashion_mnist|organcmnist,0.6647059559822083,0.6294118404388428,0.03529411554336548,0.6315787115916732,0.6865599632263184,0.6912399768829346,-0.004680013656616189,5,3,21
resnet50,flowers102,random,67,3,21,0.8571428571428572,0,0.0,tiny_imagenet,tiny_imagenet,1,dermamnist,dermamnist|rendered_sst2|tissuemnist,0.6647059559822083,0.6323530197143554,0.03235293626785285,0.5789470989619134,0.6865599632263184,0.6637999892234803,0.022759974002838135,5,3,21
resnet50,flowers102,random,68,3,21,0.8571428571428572,0,0.0,tiny_imagenet,tiny_imagenet,1,bloodmnist,bloodmnist|dermamnist|pneumoniamnist,0.6647059559822083,0.6372549653053283,0.02745099067687995,0.4912281001153445,0.6865599632263184,0.6715199470520019,0.015040016174316495,5,3,21
resnet50,flowers102,random,69,3,21,0.8571428571428572,0,0.3333333333333333,tiny_imagenet,tiny_imagenet,1,octmnist,bloodmnist|octmnist|usps,0.6647059559822083,0.6392157554626465,0.025490200519561745,0.4561402872548957,0.6865599632263184,0.669599974155426,0.016959989070892356,5,3,21
resnet50,flowers102,random,70,3,21,0.8571428571428572,0,0.0,tiny_imagenet,tiny_imagenet,1,stl10,pneumoniamnist|stl10|tissuemnist,0.6647059559822083,0.6333334088325501,0.0313725471496582,0.5614032991925985,0.6865599632263184,0.6994399547576904,-0.012879991531371981,5,3,21
resnet50,flowers102,random,71,3,21,0.8571428571428572,0,0.0,tiny_imagenet,tiny_imagenet,1,breastmnist,breastmnist|fashion_mnist|organcmnist,0.6647059559822083,0.6284314274787903,0.03627452850341795,0.649122938004626,0.6865599632263184,0.6625199675559997,0.02403999567031867,5,3,21
resnet50,flowers102,random,72,3,21,0.8571428571428572,0,0.0,tiny_imagenet,tiny_imagenet,1,cifar100_coarse,cifar100_coarse|dermamnist|pneumoniamnist,0.6647059559822083,0.6352941751480102,0.029411780834198042,0.5263159129757913,0.6865599632263184,0.6806799530982971,0.005880010128021307,5,3,21
resnet50,flowers102,random,73,3,21,0.8571428571428572,1,0.6666666666666666,tiny_imagenet,tiny_imagenet,1,tiny_imagenet,cifar100_coarse|octmnist|tiny_imagenet,0.6647059559822083,0.6647059559822083,0.0,0.0,0.6865599632263184,0.6865599632263184,0.0,5,3,21
resnet50,flowers102,random,74,3,21,0.8571428571428572,0,0.0,tiny_imagenet,tiny_imagenet,1,cifar10,cifar10|pathmnist|tissuemnist,0.6647059559822083,0.6372549891471863,0.027450966835022017,0.4912276734717048,0.6865599632263184,0.6822399854660034,0.004319977760315008,5,3,21
resnet50,flowers102,random,75,3,21,0.8571428571428572,0,0.0,tiny_imagenet,tiny_imagenet,1,pathmnist,fashion_mnist|pathmnist|retinamnist,0.6647059559822083,0.6352941870689393,0.02941176891326902,0.5263156996539705,0.6865599632263184,0.6761199474334717,0.010440015792846702,5,3,21
resnet50,flowers102,random,76,3,21,0.8571428571428572,0,0.0,tiny_imagenet,tiny_imagenet,1,cifar100_coarse,breastmnist|cifar100_coarse|dermamnist,0.6647059559822083,0.6352941751480102,0.029411780834198042,0.5263159129757913,0.6865599632263184,0.6806799530982971,0.005880010128021307,5,3,21
resnet50,flowers102,random,77,3,21,0.8571428571428572,1,0.3333333333333333,tiny_imagenet,tiny_imagenet,1,tiny_imagenet,dermamnist|stl10|tiny_imagenet,0.6647059559822083,0.6647059559822083,0.0,0.0,0.6865599632263184,0.6865599632263184,0.0,5,3,21
resnet50,flowers102,random,78,3,21,0.8571428571428572,0,0.0,tiny_imagenet,tiny_imagenet,1,cifar10,cifar10|organsmnist|svhn,0.6647059559822083,0.6372549891471863,0.027450966835022017,0.4912276734717048,0.6865599632263184,0.6822399854660034,0.004319977760315008,5,3,21
resnet50,flowers102,random,79,3,21,0.8571428571428572,0,0.0,tiny_imagenet,tiny_imagenet,1,pathmnist,organsmnist|pathmnist|usps,0.6647059559822083,0.6352941870689393,0.02941176891326902,0.5263156996539705,0.6865599632263184,0.6761199474334717,0.010440015792846702,5,3,21
resnet50,flowers102,random,80,3,21,0.8571428571428572,0,0.0,tiny_imagenet,tiny_imagenet,1,breastmnist,breastmnist|fashion_mnist|rendered_sst2,0.6647059559822083,0.6284314274787903,0.03627452850341795,0.649122938004626,0.6865599632263184,0.6625199675559997,0.02403999567031867,5,3,21
resnet50,flowers102,random,81,3,21,0.8571428571428572,0,0.0,tiny_imagenet,tiny_imagenet,1,stl10,cifar100|organcmnist|stl10,0.6647059559822083,0.6333334088325501,0.0313725471496582,0.5614032991925985,0.6865599632263184,0.6994399547576904,-0.012879991531371981,5,3,21
resnet50,flowers102,random,82,3,21,0.8571428571428572,0,0.0,tiny_imagenet,tiny_imagenet,1,cifar100_coarse,cifar100_coarse|dermamnist|rendered_sst2,0.6647059559822083,0.6352941751480102,0.029411780834198042,0.5263159129757913,0.6865599632263184,0.6806799530982971,0.005880010128021307,5,3,21
resnet50,flowers102,random,83,3,21,0.8571428571428572,0,0.0,tiny_imagenet,tiny_imagenet,1,stl10,organcmnist|pneumoniamnist|stl10,0.6647059559822083,0.6333334088325501,0.0313725471496582,0.5614032991925985,0.6865599632263184,0.6994399547576904,-0.012879991531371981,5,3,21
resnet50,flowers102,random,84,3,21,0.8571428571428572,1,0.3333333333333333,tiny_imagenet,tiny_imagenet,1,tiny_imagenet,cifar100_coarse|tiny_imagenet|tissuemnist,0.6647059559822083,0.6647059559822083,0.0,0.0,0.6865599632263184,0.6865599632263184,0.0,5,3,21
resnet50,flowers102,random,85,3,21,0.8571428571428572,0,0.0,tiny_imagenet,tiny_imagenet,1,bloodmnist,bloodmnist|rendered_sst2|stl10,0.6647059559822083,0.6372549653053283,0.02745099067687995,0.4912281001153445,0.6865599632263184,0.6715199470520019,0.015040016174316495,5,3,21
resnet50,flowers102,random,86,3,21,0.8571428571428572,0,0.0,tiny_imagenet,tiny_imagenet,1,cifar100,breastmnist|cifar100|organcmnist,0.6647059559822083,0.6294118404388428,0.03529411554336548,0.6315787115916732,0.6865599632263184,0.6912399768829346,-0.004680013656616189,5,3,21
resnet50,flowers102,random,87,3,21,0.8571428571428572,0,0.0,tiny_imagenet,tiny_imagenet,1,bloodmnist,bloodmnist|cifar100_coarse|organcmnist,0.6647059559822083,0.6372549653053283,0.02745099067687995,0.4912281001153445,0.6865599632263184,0.6715199470520019,0.015040016174316495,5,3,21
resnet50,flowers102,random,88,3,21,0.8571428571428572,0,0.0,tiny_imagenet,tiny_imagenet,1,pathmnist,pathmnist|retinamnist|usps,0.6647059559822083,0.6352941870689393,0.02941176891326902,0.5263156996539705,0.6865599632263184,0.6761199474334717,0.010440015792846702,5,3,21
resnet50,flowers102,random,89,3,21,0.8571428571428572,0,0.3333333333333333,tiny_imagenet,tiny_imagenet,1,octmnist,octmnist|pathmnist|retinamnist,0.6647059559822083,0.6392157554626465,0.025490200519561745,0.4561402872548957,0.6865599632263184,0.669599974155426,0.016959989070892356,5,3,21
resnet50,flowers102,random,90,3,21,0.8571428571428572,0,0.0,tiny_imagenet,tiny_imagenet,1,bloodmnist,bloodmnist|breastmnist|cifar100_coarse,0.6647059559822083,0.6372549653053283,0.02745099067687995,0.4912281001153445,0.6865599632263184,0.6715199470520019,0.015040016174316495,5,3,21
resnet50,flowers102,random,91,3,21,0.8571428571428572,1,0.3333333333333333,tiny_imagenet,tiny_imagenet,1,tiny_imagenet,organcmnist|organsmnist|tiny_imagenet,0.6647059559822083,0.6647059559822083,0.0,0.0,0.6865599632263184,0.6865599632263184,0.0,5,3,21
resnet50,flowers102,random,92,3,21,0.8571428571428572,0,0.0,tiny_imagenet,tiny_imagenet,1,pathmnist,organcmnist|pathmnist|usps,0.6647059559822083,0.6352941870689393,0.02941176891326902,0.5263156996539705,0.6865599632263184,0.6761199474334717,0.010440015792846702,5,3,21
resnet50,flowers102,random,93,3,21,0.8571428571428572,0,0.0,tiny_imagenet,tiny_imagenet,1,bloodmnist,bloodmnist|breastmnist|pathmnist,0.6647059559822083,0.6372549653053283,0.02745099067687995,0.4912281001153445,0.6865599632263184,0.6715199470520019,0.015040016174316495,5,3,21
resnet50,flowers102,random,94,3,21,0.8571428571428572,0,0.0,tiny_imagenet,tiny_imagenet,1,pathmnist,pathmnist|svhn|usps,0.6647059559822083,0.6352941870689393,0.02941176891326902,0.5263156996539705,0.6865599632263184,0.6761199474334717,0.010440015792846702,5,3,21
resnet50,flowers102,random,95,3,21,0.8571428571428572,1,0.3333333333333333,tiny_imagenet,tiny_imagenet,1,tiny_imagenet,rendered_sst2|tiny_imagenet|usps,0.6647059559822083,0.6647059559822083,0.0,0.0,0.6865599632263184,0.6865599632263184,0.0,5,3,21
resnet50,flowers102,random,96,3,21,0.8571428571428572,0,0.0,tiny_imagenet,tiny_imagenet,1,breastmnist,breastmnist|fashion_mnist|tissuemnist,0.6647059559822083,0.6284314274787903,0.03627452850341795,0.649122938004626,0.6865599632263184,0.6625199675559997,0.02403999567031867,5,3,21
resnet50,flowers102,random,97,3,21,0.8571428571428572,0,0.0,tiny_imagenet,tiny_imagenet,1,pathmnist,pathmnist|pneumoniamnist|svhn,0.6647059559822083,0.6352941870689393,0.02941176891326902,0.5263156996539705,0.6865599632263184,0.6761199474334717,0.010440015792846702,5,3,21
resnet50,flowers102,random,98,3,21,0.8571428571428572,1,0.6666666666666666,tiny_imagenet,tiny_imagenet,1,tiny_imagenet,octmnist|rendered_sst2|tiny_imagenet,0.6647059559822083,0.6647059559822083,0.0,0.0,0.6865599632263184,0.6865599632263184,0.0,5,3,21
resnet50,flowers102,random,99,3,21,0.8571428571428572,0,0.0,tiny_imagenet,tiny_imagenet,1,breastmnist,breastmnist|organamnist|retinamnist,0.6647059559822083,0.6284314274787903,0.03627452850341795,0.649122938004626,0.6865599632263184,0.6625199675559997,0.02403999567031867,5,3,21
resnet50,flowers102,rank_only,-1,5,21,0.7619047619047619,1,0.3333333333333333,tiny_imagenet,tiny_imagenet,1,tiny_imagenet,tiny_imagenet|cifar100_coarse|cifar100|stl10|cifar10,0.6647059559822083,0.6647059559822083,0.0,0.0,0.6865599632263184,0.6865599632263184,0.0,5,5,21
resnet50,flowers102,facility_subspace,-1,5,21,0.7619047619047619,0,0.0,tiny_imagenet,tiny_imagenet,1,cifar100,organcmnist|cifar100|svhn|rendered_sst2|retinamnist,0.6647059559822083,0.6294118404388428,0.03529411554336548,0.6315787115916732,0.6865599632263184,0.6912399768829346,-0.004680013656616189,5,5,21
resnet50,flowers102,kcenter_subspace,-1,5,21,0.7619047619047619,1,0.3333333333333333,tiny_imagenet,tiny_imagenet,1,tiny_imagenet,tiny_imagenet|rendered_sst2|usps|retinamnist|pathmnist,0.6647059559822083,0.6647059559822083,0.0,0.0,0.6865599632263184,0.6865599632263184,0.0,5,5,21
resnet50,flowers102,dpp_subspace,-1,5,21,0.7619047619047619,1,0.3333333333333333,tiny_imagenet,tiny_imagenet,1,tiny_imagenet,tiny_imagenet|stl10|cifar100_coarse|cifar10|organsmnist,0.6647059559822083,0.6647059559822083,0.0,0.0,0.6865599632263184,0.6865599632263184,0.0,5,5,21
resnet50,flowers102,pool_vendi_subspace,-1,5,21,0.7619047619047619,1,0.3333333333333333,tiny_imagenet,tiny_imagenet,1,tiny_imagenet,tiny_imagenet|rendered_sst2|usps|retinamnist|pathmnist,0.6647059559822083,0.6647059559822083,0.0,0.0,0.6865599632263184,0.6865599632263184,0.0,5,5,21
resnet50,flowers102,full_merged_rank,-1,5,21,0.7619047619047619,1,0.3333333333333333,tiny_imagenet,tiny_imagenet,1,tiny_imagenet,tiny_imagenet|stl10|cifar100_coarse|cifar100|cifar10,0.6647059559822083,0.6647059559822083,0.0,0.0,0.6865599632263184,0.6865599632263184,0.0,5,5,21
resnet50,flowers102,random,0,5,21,0.7619047619047619,1,0.6666666666666666,tiny_imagenet,tiny_imagenet,1,tiny_imagenet,octmnist|pathmnist|retinamnist|tiny_imagenet|usps,0.6647059559822083,0.6647059559822083,0.0,0.0,0.6865599632263184,0.6865599632263184,0.0,5,5,21
resnet50,flowers102,random,1,5,21,0.7619047619047619,0,0.0,tiny_imagenet,tiny_imagenet,1,stl10,breastmnist|cifar100|rendered_sst2|stl10|tissuemnist,0.6647059559822083,0.6333334088325501,0.0313725471496582,0.5614032991925985,0.6865599632263184,0.6994399547576904,-0.012879991531371981,5,5,21
resnet50,flowers102,random,2,5,21,0.7619047619047619,0,0.0,tiny_imagenet,tiny_imagenet,1,bloodmnist,bloodmnist|fashion_mnist|organamnist|organcmnist|organsmnist,0.6647059559822083,0.6372549653053283,0.02745099067687995,0.4912281001153445,0.6865599632263184,0.6715199470520019,0.015040016174316495,5,5,21
resnet50,flowers102,random,3,5,21,0.7619047619047619,0,0.0,tiny_imagenet,tiny_imagenet,1,cifar10,breastmnist|cifar10|cifar100_coarse|organamnist|stl10,0.6647059559822083,0.6372549891471863,0.027450966835022017,0.4912276734717048,0.6865599632263184,0.6822399854660034,0.004319977760315008,5,5,21
resnet50,flowers102,random,4,5,21,0.7619047619047619,0,0.0,tiny_imagenet,tiny_imagenet,1,cifar10,breastmnist|cifar10|dermamnist|retinamnist|tissuemnist,0.6647059559822083,0.6372549891471863,0.027450966835022017,0.4912276734717048,0.6865599632263184,0.6822399854660034,0.004319977760315008,5,5,21
resnet50,flowers102,random,5,5,21,0.7619047619047619,0,0.0,tiny_imagenet,tiny_imagenet,1,cifar10,cifar10|cifar100|pneumoniamnist|stl10|usps,0.6647059559822083,0.6372549891471863,0.027450966835022017,0.4912276734717048,0.6865599632263184,0.6822399854660034,0.004319977760315008,5,5,21
resnet50,flowers102,random,6,5,21,0.7619047619047619,0,0.3333333333333333,tiny_imagenet,tiny_imagenet,1,mnist,cifar100|cifar100_coarse|mnist|rendered_sst2|usps,0.6647059559822083,0.6392157316207886,0.025490224361419678,0.4561407138985354,0.6865599632263184,0.6693199872970581,0.0172399759292603,5,5,21
resnet50,flowers102,random,7,5,21,0.7619047619047619,0,0.3333333333333333,tiny_imagenet,tiny_imagenet,1,mnist,cifar100_coarse|mnist|organamnist|organsmnist|rendered_sst2,0.6647059559822083,0.6392157316207886,0.025490224361419678,0.4561407138985354,0.6865599632263184,0.6693199872970581,0.0172399759292603,5,5,21
resnet50,flowers102,random,8,5,21,0.7619047619047619,0,0.3333333333333333,tiny_imagenet,tiny_imagenet,1,mnist,cifar100|mnist|rendered_sst2|retinamnist|usps,0.6647059559822083,0.6392157316207886,0.025490224361419678,0.4561407138985354,0.6865599632263184,0.6693199872970581,0.0172399759292603,5,5,21
resnet50,flowers102,random,9,5,21,0.7619047619047619,1,0.6666666666666666,tiny_imagenet,tiny_imagenet,1,tiny_imagenet,octmnist|organsmnist|stl10|svhn|tiny_imagenet,0.6647059559822083,0.6647059559822083,0.0,0.0,0.6865599632263184,0.6865599632263184,0.0,5,5,21
resnet50,flowers102,random,10,5,21,0.7619047619047619,1,1.0,tiny_imagenet,tiny_imagenet,1,tiny_imagenet,mnist|octmnist|organcmnist|pneumoniamnist|tiny_imagenet,0.6647059559822083,0.6647059559822083,0.0,0.0,0.6865599632263184,0.6865599632263184,0.0,5,5,21
resnet50,flowers102,random,11,5,21,0.7619047619047619,1,0.3333333333333333,tiny_imagenet,tiny_imagenet,1,tiny_imagenet,bloodmnist|fashion_mnist|stl10|tiny_imagenet|tissuemnist,0.6647059559822083,0.6647059559822083,0.0,0.0,0.6865599632263184,0.6865599632263184,0.0,5,5,21
resnet50,flowers102,random,12,5,21,0.7619047619047619,0,0.3333333333333333,tiny_imagenet,tiny_imagenet,1,octmnist,breastmnist|octmnist|organcmnist|pathmnist|pneumoniamnist,0.6647059559822083,0.6392157554626465,0.025490200519561745,0.4561402872548957,0.6865599632263184,0.669599974155426,0.016959989070892356,5,5,21
resnet50,flowers102,random,13,5,21,0.7619047619047619,0,0.0,tiny_imagenet,tiny_imagenet,1,dermamnist,cifar100|dermamnist|organcmnist|rendered_sst2|retinamnist,0.6647059559822083,0.6323530197143554,0.03235293626785285,0.5789470989619134,0.6865599632263184,0.6637999892234803,0.022759974002838135,5,5,21
resnet50,flowers102,random,14,5,21,0.7619047619047619,0,0.3333333333333333,tiny_imagenet,tiny_imagenet,1,mnist,bloodmnist|fashion_mnist|mnist|pneumoniamnist|retinamnist,0.6647059559822083,0.6392157316207886,0.025490224361419678,0.4561407138985354,0.6865599632263184,0.6693199872970581,0.0172399759292603,5,5,21
resnet50,flowers102,random,15,5,21,0.7619047619047619,0,0.0,tiny_imagenet,tiny_imagenet,1,cifar10,breastmnist|cifar10|organcmnist|stl10|tissuemnist,0.6647059559822083,0.6372549891471863,0.027450966835022017,0.4912276734717048,0.6865599632263184,0.6822399854660034,0.004319977760315008,5,5,21
resnet50,flowers102,random,16,5,21,0.7619047619047619,0,0.3333333333333333,tiny_imagenet,tiny_imagenet,1,mnist,cifar100_coarse|mnist|pneumoniamnist|rendered_sst2|tissuemnist,0.6647059559822083,0.6392157316207886,0.025490224361419678,0.4561407138985354,0.6865599632263184,0.6693199872970581,0.0172399759292603,5,5,21
resnet50,flowers102,random,17,5,21,0.7619047619047619,0,0.3333333333333333,tiny_imagenet,tiny_imagenet,1,octmnist,cifar100|octmnist|organamnist|rendered_sst2|tissuemnist,0.6647059559822083,0.6392157554626465,0.025490200519561745,0.4561402872548957,0.6865599632263184,0.669599974155426,0.016959989070892356,5,5,21
resnet50,flowers102,random,18,5,21,0.7619047619047619,0,0.0,tiny_imagenet,tiny_imagenet,1,cifar10,breastmnist|cifar10|cifar100_coarse|dermamnist|pneumoniamnist,0.6647059559822083,0.6372549891471863,0.027450966835022017,0.4912276734717048,0.6865599632263184,0.6822399854660034,0.004319977760315008,5,5,21
resnet50,flowers102,random,19,5,21,0.7619047619047619,1,0.3333333333333333,tiny_imagenet,tiny_imagenet,1,tiny_imagenet,breastmnist|organcmnist|pneumoniamnist|svhn|tiny_imagenet,0.6647059559822083,0.6647059559822083,0.0,0.0,0.6865599632263184,0.6865599632263184,0.0,5,5,21
resnet50,flowers102,random,20,5,21,0.7619047619047619,1,0.6666666666666666,tiny_imagenet,tiny_imagenet,1,tiny_imagenet,bloodmnist|octmnist|pneumoniamnist|tiny_imagenet|usps,0.6647059559822083,0.6647059559822083,0.0,0.0,0.6865599632263184,0.6865599632263184,0.0,5,5,21
resnet50,flowers102,random,21,5,21,0.7619047619047619,0,0.0,tiny_imagenet,tiny_imagenet,1,bloodmnist,bloodmnist|cifar100_coarse|fashion_mnist|pneumoniamnist|retinamnist,0.6647059559822083,0.6372549653053283,0.02745099067687995,0.4912281001153445,0.6865599632263184,0.6715199470520019,0.015040016174316495,5,5,21
resnet50,flowers102,random,22,5,21,0.7619047619047619,0,0.0,tiny_imagenet,tiny_imagenet,1,usps,fashion_mnist|organsmnist|rendered_sst2|svhn|usps,0.6647059559822083,0.633333420753479,0.03137253522872929,0.5614030858707796,0.6865599632263184,0.6861199855804443,0.00043997764587411226,5,5,21
resnet50,flowers102,random,23,5,21,0.7619047619047619,0,0.3333333333333333,tiny_imagenet,tiny_imagenet,1,mnist,cifar10|cifar100_coarse|mnist|pathmnist|rendered_sst2,0.6647059559822083,0.6392157316207886,0.025490224361419678,0.4561407138985354,0.6865599632263184,0.6693199872970581,0.0172399759292603,5,5,21
resnet50,flowers102,random,24,5,21,0.7619047619047619,1,0.6666666666666666,tiny_imagenet,tiny_imagenet,1,tiny_imagenet,cifar100|cifar100_coarse|octmnist|retinamnist|tiny_imagenet,0.6647059559822083,0.6647059559822083,0.0,0.0,0.6865599632263184,0.6865599632263184,0.0,5,5,21
resnet50,flowers102,random,25,5,21,0.7619047619047619,0,0.3333333333333333,tiny_imagenet,tiny_imagenet,1,mnist,cifar10|mnist|rendered_sst2|tissuemnist|usps,0.6647059559822083,0.6392157316207886,0.025490224361419678,0.4561407138985354,0.6865599632263184,0.6693199872970581,0.0172399759292603,5,5,21
resnet50,flowers102,random,26,5,21,0.7619047619047619,0,0.3333333333333333,tiny_imagenet,tiny_imagenet,1,mnist,bloodmnist|breastmnist|cifar100|mnist|usps,0.6647059559822083,0.6392157316207886,0.025490224361419678,0.4561407138985354,0.6865599632263184,0.6693199872970581,0.0172399759292603,5,5,21
resnet50,flowers102,random,27,5,21,0.7619047619047619,0,0.3333333333333333,tiny_imagenet,tiny_imagenet,1,mnist,cifar10|cifar100_coarse|dermamnist|mnist|organcmnist,0.6647059559822083,0.6392157316207886,0.025490224361419678,0.4561407138985354,0.6865599632263184,0.6693199872970581,0.0172399759292603,5,5,21
resnet50,flowers102,random,28,5,21,0.7619047619047619,0,0.3333333333333333,tiny_imagenet,tiny_imagenet,1,mnist,mnist|pathmnist|pneumoniamnist|retinamnist|usps,0.6647059559822083,0.6392157316207886,0.025490224361419678,0.4561407138985354,0.6865599632263184,0.6693199872970581,0.0172399759292603,5,5,21
resnet50,flowers102,random,29,5,21,0.7619047619047619,0,0.0,tiny_imagenet,tiny_imagenet,1,cifar100_coarse,cifar100_coarse|pneumoniamnist|svhn|tissuemnist|usps,0.6647059559822083,0.6352941751480102,0.029411780834198042,0.5263159129757913,0.6865599632263184,0.6806799530982971,0.005880010128021307,5,5,21
resnet50,flowers102,random,30,5,21,0.7619047619047619,0,0.3333333333333333,tiny_imagenet,tiny_imagenet,1,octmnist,fashion_mnist|octmnist|organamnist|organcmnist|tissuemnist,0.6647059559822083,0.6392157554626465,0.025490200519561745,0.4561402872548957,0.6865599632263184,0.669599974155426,0.016959989070892356,5,5,21
resnet50,flowers102,random,31,5,21,0.7619047619047619,0,0.0,tiny_imagenet,tiny_imagenet,1,bloodmnist,bloodmnist|breastmnist|dermamnist|organamnist|pneumoniamnist,0.6647059559822083,0.6372549653053283,0.02745099067687995,0.4912281001153445,0.6865599632263184,0.6715199470520019,0.015040016174316495,5,5,21
resnet50,flowers102,random,32,5,21,0.7619047619047619,0,0.3333333333333333,tiny_imagenet,tiny_imagenet,1,octmnist,bloodmnist|cifar10|cifar100_coarse|octmnist|tissuemnist,0.6647059559822083,0.6392157554626465,0.025490200519561745,0.4561402872548957,0.6865599632263184,0.669599974155426,0.016959989070892356,5,5,21
resnet50,flowers102,random,33,5,21,0.7619047619047619,0,0.0,tiny_imagenet,tiny_imagenet,1,bloodmnist,bloodmnist|dermamnist|fashion_mnist|tissuemnist|usps,0.6647059559822083,0.6372549653053283,0.02745099067687995,0.4912281001153445,0.6865599632263184,0.6715199470520019,0.015040016174316495,5,5,21
resnet50,flowers102,random,34,5,21,0.7619047619047619,0,0.0,tiny_imagenet,tiny_imagenet,1,bloodmnist,bloodmnist|breastmnist|fashion_mnist|organcmnist|pathmnist,0.6647059559822083,0.6372549653053283,0.02745099067687995,0.4912281001153445,0.6865599632263184,0.6715199470520019,0.015040016174316495,5,5,21
resnet50,flowers102,random,35,5,21,0.7619047619047619,0,0.3333333333333333,tiny_imagenet,tiny_imagenet,1,octmnist,fashion_mnist|octmnist|organcmnist|rendered_sst2|usps,0.6647059559822083,0.6392157554626465,0.025490200519561745,0.4561402872548957,0.6865599632263184,0.669599974155426,0.016959989070892356,5,5,21
resnet50,flowers102,random,36,5,21,0.7619047619047619,0,0.0,tiny_imagenet,tiny_imagenet,1,usps,dermamnist|fashion_mnist|retinamnist|stl10|usps,0.6647059559822083,0.633333420753479,0.03137253522872929,0.5614030858707796,0.6865599632263184,0.6861199855804443,0.00043997764587411226,5,5,21
resnet50,flowers102,random,37,5,21,0.7619047619047619,0,0.6666666666666666,tiny_imagenet,tiny_imagenet,1,octmnist,breastmnist|mnist|octmnist|pneumoniamnist|tissuemnist,0.6647059559822083,0.6392157554626465,0.025490200519561745,0.4561402872548957,0.6865599632263184,0.669599974155426,0.016959989070892356,5,5,21
resnet50,flowers102,random,38,5,21,0.7619047619047619,1,0.6666666666666666,tiny_imagenet,tiny_imagenet,1,tiny_imagenet,breastmnist|octmnist|retinamnist|stl10|tiny_imagenet,0.6647059559822083,0.6647059559822083,0.0,0.0,0.6865599632263184,0.6865599632263184,0.0,5,5,21
resnet50,flowers102,random,39,5,21,0.7619047619047619,0,0.3333333333333333,tiny_imagenet,tiny_imagenet,1,mnist,cifar100_coarse|dermamnist|mnist|stl10|usps,0.6647059559822083,0.6392157316207886,0.025490224361419678,0.4561407138985354,0.6865599632263184,0.6693199872970581,0.0172399759292603,5,5,21
resnet50,flowers102,random,40,5,21,0.7619047619047619,1,0.6666666666666666,tiny_imagenet,tiny_imagenet,1,tiny_imagenet,cifar100_coarse|octmnist|pathmnist|stl10|tiny_imagenet,0.6647059559822083,0.6647059559822083,0.0,0.0,0.6865599632263184,0.6865599632263184,0.0,5,5,21
resnet50,flowers102,random,41,5,21,0.7619047619047619,0,0.3333333333333333,tiny_imagenet,tiny_imagenet,1,octmnist,octmnist|organsmnist|pathmnist|pneumoniamnist|rendered_sst2,0.6647059559822083,0.6392157554626465,0.025490200519561745,0.4561402872548957,0.6865599632263184,0.669599974155426,0.016959989070892356,5,5,21
resnet50,flowers102,random,42,5,21,0.7619047619047619,0,0.3333333333333333,tiny_imagenet,tiny_imagenet,1,mnist,breastmnist|mnist|stl10|tissuemnist|usps,0.6647059559822083,0.6392157316207886,0.025490224361419678,0.4561407138985354,0.6865599632263184,0.6693199872970581,0.0172399759292603,5,5,21
resnet50,flowers102,random,43,5,21,0.7619047619047619,0,0.0,tiny_imagenet,tiny_imagenet,1,bloodmnist,bloodmnist|pathmnist|retinamnist|svhn|usps,0.6647059559822083,0.6372549653053283,0.02745099067687995,0.4912281001153445,0.6865599632263184,0.6715199470520019,0.015040016174316495,5,5,21
resnet50,flowers102,random,44,5,21,0.7619047619047619,0,0.3333333333333333,tiny_imagenet,tiny_imagenet,1,octmnist,breastmnist|cifar10|cifar100_coarse|octmnist|retinamnist,0.6647059559822083,0.6392157554626465,0.025490200519561745,0.4561402872548957,0.6865599632263184,0.669599974155426,0.016959989070892356,5,5,21
resnet50,flowers102,random,45,5,21,0.7619047619047619,0,0.0,tiny_imagenet,tiny_imagenet,1,cifar100,breastmnist|cifar100|organcmnist|retinamnist|tissuemnist,0.6647059559822083,0.6294118404388428,0.03529411554336548,0.6315787115916732,0.6865599632263184,0.6912399768829346,-0.004680013656616189,5,5,21
resnet50,flowers102,random,46,5,21,0.7619047619047619,1,0.3333333333333333,tiny_imagenet,tiny_imagenet,1,tiny_imagenet,bloodmnist|dermamnist|fashion_mnist|retinamnist|tiny_imagenet,0.6647059559822083,0.6647059559822083,0.0,0.0,0.6865599632263184,0.6865599632263184,0.0,5,5,21
resnet50,flowers102,random,47,5,21,0.7619047619047619,0,0.3333333333333333,tiny_imagenet,tiny_imagenet,1,mnist,cifar10|cifar100|cifar100_coarse|mnist|rendered_sst2,0.6647059559822083,0.6392157316207886,0.025490224361419678,0.4561407138985354,0.6865599632263184,0.6693199872970581,0.0172399759292603,5,5,21
resnet50,flowers102,random,48,5,21,0.7619047619047619,0,0.0,tiny_imagenet,tiny_imagenet,1,stl10,breastmnist|organamnist|rendered_sst2|retinamnist|stl10,0.6647059559822083,0.6333334088325501,0.0313725471496582,0.5614032991925985,0.6865599632263184,0.6994399547576904,-0.012879991531371981,5,5,21
resnet50,flowers102,random,49,5,21,0.7619047619047619,1,0.3333333333333333,tiny_imagenet,tiny_imagenet,1,tiny_imagenet,cifar10|cifar100|pathmnist|stl10|tiny_imagenet,0.6647059559822083,0.6647059559822083,0.0,0.0,0.6865599632263184,0.6865599632263184,0.0,5,5,21
resnet50,flowers102,random,50,5,21,0.7619047619047619,0,0.0,tiny_imagenet,tiny_imagenet,1,pathmnist,organamnist|organsmnist|pathmnist|retinamnist|stl10,0.6647059559822083,0.6352941870689393,0.02941176891326902,0.5263156996539705,0.6865599632263184,0.6761199474334717,0.010440015792846702,5,5,21
resnet50,flowers102,random,51,5,21,0.7619047619047619,0,0.0,tiny_imagenet,tiny_imagenet,1,pathmnist,dermamnist|organamnist|pathmnist|rendered_sst2|usps,0.6647059559822083,0.6352941870689393,0.02941176891326902,0.5263156996539705,0.6865599632263184,0.6761199474334717,0.010440015792846702,5,5,21
resnet50,flowers102,random,52,5,21,0.7619047619047619,0,0.0,tiny_imagenet,tiny_imagenet,1,pathmnist,breastmnist|cifar100_coarse|fashion_mnist|pathmnist|pneumoniamnist,0.6647059559822083,0.6352941870689393,0.02941176891326902,0.5263156996539705,0.6865599632263184,0.6761199474334717,0.010440015792846702,5,5,21
resnet50,flowers102,random,53,5,21,0.7619047619047619,1,0.6666666666666666,tiny_imagenet,tiny_imagenet,1,tiny_imagenet,bloodmnist|octmnist|organsmnist|pathmnist|tiny_imagenet,0.6647059559822083,0.6647059559822083,0.0,0.0,0.6865599632263184,0.6865599632263184,0.0,5,5,21
resnet50,flowers102,random,54,5,21,0.7619047619047619,0,0.0,tiny_imagenet,tiny_imagenet,1,cifar10,cifar10|pathmnist|pneumoniamnist|retinamnist|svhn,0.6647059559822083,0.6372549891471863,0.027450966835022017,0.4912276734717048,0.6865599632263184,0.6822399854660034,0.004319977760315008,5,5,21
resnet50,flowers102,random,55,5,21,0.7619047619047619,0,0.0,tiny_imagenet,tiny_imagenet,1,usps,cifar100|dermamnist|retinamnist|tissuemnist|usps,0.6647059559822083,0.633333420753479,0.03137253522872929,0.5614030858707796,0.6865599632263184,0.6861199855804443,0.00043997764587411226,5,5,21
resnet50,flowers102,random,56,5,21,0.7619047619047619,1,0.3333333333333333,tiny_imagenet,tiny_imagenet,1,tiny_imagenet,cifar10|organamnist|organcmnist|pneumoniamnist|tiny_imagenet,0.6647059559822083,0.6647059559822083,0.0,0.0,0.6865599632263184,0.6865599632263184,0.0,5,5,21
resnet50,flowers102,random,57,5,21,0.7619047619047619,0,0.0,tiny_imagenet,tiny_imagenet,1,stl10,breastmnist|organcmnist|pneumoniamnist|stl10|tissuemnist,0.6647059559822083,0.6333334088325501,0.0313725471496582,0.5614032991925985,0.6865599632263184,0.6994399547576904,-0.012879991531371981,5,5,21
resnet50,flowers102,random,58,5,21,0.7619047619047619,0,0.0,tiny_imagenet,tiny_imagenet,1,tissuemnist,fashion_mnist|organcmnist|rendered_sst2|retinamnist|tissuemnist,0.6647059559822083,0.6274510383605957,0.03725491762161259,0.6666667377739409,0.6865599632263184,0.6640399813652038,0.02251998186111459,5,5,21
resnet50,flowers102,random,59,5,21,0.7619047619047619,1,0.6666666666666666,tiny_imagenet,tiny_imagenet,1,tiny_imagenet,breastmnist|cifar100_coarse|octmnist|svhn|tiny_imagenet,0.6647059559822083,0.6647059559822083,0.0,0.0,0.6865599632263184,0.6865599632263184,0.0,5,5,21
resnet50,flowers102,random,60,5,21,0.7619047619047619,0,0.0,tiny_imagenet,tiny_imagenet,1,stl10,breastmnist|cifar100|organamnist|retinamnist|stl10,0.6647059559822083,0.6333334088325501,0.0313725471496582,0.5614032991925985,0.6865599632263184,0.6994399547576904,-0.012879991531371981,5,5,21
resnet50,flowers102,random,61,5,21,0.7619047619047619,0,0.3333333333333333,tiny_imagenet,tiny_imagenet,1,mnist,breastmnist|cifar10|mnist|stl10|usps,0.6647059559822083,0.6392157316207886,0.025490224361419678,0.4561407138985354,0.6865599632263184,0.6693199872970581,0.0172399759292603,5,5,21
resnet50,flowers102,random,62,5,21,0.7619047619047619,0,0.3333333333333333,tiny_imagenet,tiny_imagenet,1,octmnist,cifar10|fashion_mnist|octmnist|organamnist|organcmnist,0.6647059559822083,0.6392157554626465,0.025490200519561745,0.4561402872548957,0.6865599632263184,0.669599974155426,0.016959989070892356,5,5,21
resnet50,flowers102,random,63,5,21,0.7619047619047619,1,0.3333333333333333,tiny_imagenet,tiny_imagenet,1,tiny_imagenet,cifar100|dermamnist|retinamnist|tiny_imagenet|usps,0.6647059559822083,0.6647059559822083,0.0,0.0,0.6865599632263184,0.6865599632263184,0.0,5,5,21
resnet50,flowers102,random,64,5,21,0.7619047619047619,0,0.3333333333333333,tiny_imagenet,tiny_imagenet,1,mnist,bloodmnist|cifar100_coarse|dermamnist|mnist|rendered_sst2,0.6647059559822083,0.6392157316207886,0.025490224361419678,0.4561407138985354,0.6865599632263184,0.6693199872970581,0.0172399759292603,5,5,21
resnet50,flowers102,random,65,5,21,0.7619047619047619,0,0.6666666666666666,tiny_imagenet,tiny_imagenet,1,octmnist,fashion_mnist|mnist|octmnist|pathmnist|retinamnist,0.6647059559822083,0.6392157554626465,0.025490200519561745,0.4561402872548957,0.6865599632263184,0.669599974155426,0.016959989070892356,5,5,21
resnet50,flowers102,random,66,5,21,0.7619047619047619,0,0.0,tiny_imagenet,tiny_imagenet,1,pathmnist,cifar100|dermamnist|organsmnist|pathmnist|tissuemnist,0.6647059559822083,0.6352941870689393,0.02941176891326902,0.5263156996539705,0.6865599632263184,0.6761199474334717,0.010440015792846702,5,5,21
resnet50,flowers102,random,67,5,21,0.7619047619047619,1,0.3333333333333333,tiny_imagenet,tiny_imagenet,1,tiny_imagenet,cifar10|stl10|svhn|tiny_imagenet|usps,0.6647059559822083,0.6647059559822083,0.0,0.0,0.6865599632263184,0.6865599632263184,0.0,5,5,21
resnet50,flowers102,random,68,5,21,0.7619047619047619,0,0.0,tiny_imagenet,tiny_imagenet,1,bloodmnist,bloodmnist|breastmnist|cifar100|pathmnist|svhn,0.6647059559822083,0.6372549653053283,0.02745099067687995,0.4912281001153445,0.6865599632263184,0.6715199470520019,0.015040016174316495,5,5,21
resnet50,flowers102,random,69,5,21,0.7619047619047619,1,0.3333333333333333,tiny_imagenet,tiny_imagenet,1,tiny_imagenet,cifar100|dermamnist|pathmnist|pneumoniamnist|tiny_imagenet,0.6647059559822083,0.6647059559822083,0.0,0.0,0.6865599632263184,0.6865599632263184,0.0,5,5,21
resnet50,flowers102,random,70,5,21,0.7619047619047619,0,0.3333333333333333,tiny_imagenet,tiny_imagenet,1,octmnist,cifar100_coarse|fashion_mnist|octmnist|pathmnist|svhn,0.6647059559822083,0.6392157554626465,0.025490200519561745,0.4561402872548957,0.6865599632263184,0.669599974155426,0.016959989070892356,5,5,21
resnet50,flowers102,random,71,5,21,0.7619047619047619,0,0.3333333333333333,tiny_imagenet,tiny_imagenet,1,mnist,cifar10|mnist|organamnist|organsmnist|rendered_sst2,0.6647059559822083,0.6392157316207886,0.025490224361419678,0.4561407138985354,0.6865599632263184,0.6693199872970581,0.0172399759292603,5,5,21
resnet50,flowers102,random,72,5,21,0.7619047619047619,0,0.0,tiny_imagenet,tiny_imagenet,1,cifar100,cifar100|organamnist|organsmnist|svhn|tissuemnist,0.6647059559822083,0.6294118404388428,0.03529411554336548,0.6315787115916732,0.6865599632263184,0.6912399768829346,-0.004680013656616189,5,5,21
resnet50,flowers102,random,73,5,21,0.7619047619047619,0,0.0,tiny_imagenet,tiny_imagenet,1,cifar10,breastmnist|cifar10|fashion_mnist|organsmnist|rendered_sst2,0.6647059559822083,0.6372549891471863,0.027450966835022017,0.4912276734717048,0.6865599632263184,0.6822399854660034,0.004319977760315008,5,5,21
resnet50,flowers102,random,74,5,21,0.7619047619047619,0,0.3333333333333333,tiny_imagenet,tiny_imagenet,1,octmnist,octmnist|organamnist|pathmnist|pneumoniamnist|stl10,0.6647059559822083,0.6392157554626465,0.025490200519561745,0.4561402872548957,0.6865599632263184,0.669599974155426,0.016959989070892356,5,5,21
resnet50,flowers102,random,75,5,21,0.7619047619047619,1,1.0,tiny_imagenet,tiny_imagenet,1,tiny_imagenet,fashion_mnist|mnist|octmnist|retinamnist|tiny_imagenet,0.6647059559822083,0.6647059559822083,0.0,0.0,0.6865599632263184,0.6865599632263184,0.0,5,5,21
resnet50,flowers102,random,76,5,21,0.7619047619047619,0,0.0,tiny_imagenet,tiny_imagenet,1,cifar100_coarse,cifar100|cifar100_coarse|organcmnist|svhn|tissuemnist,0.6647059559822083,0.6352941751480102,0.029411780834198042,0.5263159129757913,0.6865599632263184,0.6806799530982971,0.005880010128021307,5,5,21
resnet50,flowers102,random,77,5,21,0.7619047619047619,0,0.0,tiny_imagenet,tiny_imagenet,1,pathmnist,cifar100_coarse|dermamnist|organcmnist|pathmnist|retinamnist,0.6647059559822083,0.6352941870689393,0.02941176891326902,0.5263156996539705,0.6865599632263184,0.6761199474334717,0.010440015792846702,5,5,21
resnet50,flowers102,random,78,5,21,0.7619047619047619,0,0.3333333333333333,tiny_imagenet,tiny_imagenet,1,octmnist,cifar10|octmnist|organsmnist|retinamnist|stl10,0.6647059559822083,0.6392157554626465,0.025490200519561745,0.4561402872548957,0.6865599632263184,0.669599974155426,0.016959989070892356,5,5,21
resnet50,flowers102,random,79,5,21,0.7619047619047619,0,0.3333333333333333,tiny_imagenet,tiny_imagenet,1,mnist,cifar100_coarse|mnist|organcmnist|rendered_sst2|retinamnist,0.6647059559822083,0.6392157316207886,0.025490224361419678,0.4561407138985354,0.6865599632263184,0.6693199872970581,0.0172399759292603,5,5,21
resnet50,flowers102,random,80,5,21,0.7619047619047619,0,0.3333333333333333,tiny_imagenet,tiny_imagenet,1,mnist,cifar100|mnist|organamnist|organcmnist|svhn,0.6647059559822083,0.6392157316207886,0.025490224361419678,0.4561407138985354,0.6865599632263184,0.6693199872970581,0.0172399759292603,5,5,21
resnet50,flowers102,random,81,5,21,0.7619047619047619,0,0.0,tiny_imagenet,tiny_imagenet,1,cifar10,breastmnist|cifar10|organsmnist|pathmnist|pneumoniamnist,0.6647059559822083,0.6372549891471863,0.027450966835022017,0.4912276734717048,0.6865599632263184,0.6822399854660034,0.004319977760315008,5,5,21
resnet50,flowers102,random,82,5,21,0.7619047619047619,0,0.0,tiny_imagenet,tiny_imagenet,1,cifar10,cifar10|cifar100|fashion_mnist|organamnist|organcmnist,0.6647059559822083,0.6372549891471863,0.027450966835022017,0.4912276734717048,0.6865599632263184,0.6822399854660034,0.004319977760315008,5,5,21
resnet50,flowers102,random,83,5,21,0.7619047619047619,0,0.0,tiny_imagenet,tiny_imagenet,1,pathmnist,cifar100_coarse|organsmnist|pathmnist|pneumoniamnist|svhn,0.6647059559822083,0.6352941870689393,0.02941176891326902,0.5263156996539705,0.6865599632263184,0.6761199474334717,0.010440015792846702,5,5,21
resnet50,flowers102,random,84,5,21,0.7619047619047619,0,0.3333333333333333,tiny_imagenet,tiny_imagenet,1,octmnist,bloodmnist|octmnist|pneumoniamnist|stl10|tissuemnist,0.6647059559822083,0.6392157554626465,0.025490200519561745,0.4561402872548957,0.6865599632263184,0.669599974155426,0.016959989070892356,5,5,21
resnet50,flowers102,random,85,5,21,0.7619047619047619,0,0.3333333333333333,tiny_imagenet,tiny_imagenet,1,mnist,cifar10|mnist|organcmnist|rendered_sst2|retinamnist,0.6647059559822083,0.6392157316207886,0.025490224361419678,0.4561407138985354,0.6865599632263184,0.6693199872970581,0.0172399759292603,5,5,21
resnet50,flowers102,random,86,5,21,0.7619047619047619,0,0.0,tiny_imagenet,tiny_imagenet,1,bloodmnist,bloodmnist|cifar100|organcmnist|pneumoniamnist|tissuemnist,0.6647059559822083,0.6372549653053283,0.02745099067687995,0.4912281001153445,0.6865599632263184,0.6715199470520019,0.015040016174316495,5,5,21
resnet50,flowers102,random,87,5,21,0.7619047619047619,0,0.3333333333333333,tiny_imagenet,tiny_imagenet,1,octmnist,cifar100|dermamnist|octmnist|organsmnist|rendered_sst2,0.6647059559822083,0.6392157554626465,0.025490200519561745,0.4561402872548957,0.6865599632263184,0.669599974155426,0.016959989070892356,5,5,21
resnet50,flowers102,random,88,5,21,0.7619047619047619,0,0.0,tiny_imagenet,tiny_imagenet,1,pathmnist,breastmnist|fashion_mnist|organsmnist|pathmnist|tissuemnist,0.6647059559822083,0.6352941870689393,0.02941176891326902,0.5263156996539705,0.6865599632263184,0.6761199474334717,0.010440015792846702,5,5,21
resnet50,flowers102,random,89,5,21,0.7619047619047619,0,0.0,tiny_imagenet,tiny_imagenet,1,bloodmnist,bloodmnist|cifar100|cifar100_coarse|organcmnist|svhn,0.6647059559822083,0.6372549653053283,0.02745099067687995,0.4912281001153445,0.6865599632263184,0.6715199470520019,0.015040016174316495,5,5,21
resnet50,flowers102,random,90,5,21,0.7619047619047619,0,0.3333333333333333,tiny_imagenet,tiny_imagenet,1,mnist,breastmnist|fashion_mnist|mnist|pneumoniamnist|usps,0.6647059559822083,0.6392157316207886,0.025490224361419678,0.4561407138985354,0.6865599632263184,0.6693199872970581,0.0172399759292603,5,5,21
resnet50,flowers102,random,91,5,21,0.7619047619047619,1,1.0,tiny_imagenet,tiny_imagenet,1,tiny_imagenet,mnist|octmnist|organsmnist|svhn|tiny_imagenet,0.6647059559822083,0.6647059559822083,0.0,0.0,0.6865599632263184,0.6865599632263184,0.0,5,5,21
resnet50,flowers102,random,92,5,21,0.7619047619047619,1,0.6666666666666666,tiny_imagenet,tiny_imagenet,1,tiny_imagenet,dermamnist|octmnist|organsmnist|svhn|tiny_imagenet,0.6647059559822083,0.6647059559822083,0.0,0.0,0.6865599632263184,0.6865599632263184,0.0,5,5,21
resnet50,flowers102,random,93,5,21,0.7619047619047619,0,0.0,tiny_imagenet,tiny_imagenet,1,usps,breastmnist|cifar100|fashion_mnist|stl10|usps,0.6647059559822083,0.633333420753479,0.03137253522872929,0.5614030858707796,0.6865599632263184,0.6861199855804443,0.00043997764587411226,5,5,21
resnet50,flowers102,random,94,5,21,0.7619047619047619,0,0.3333333333333333,tiny_imagenet,tiny_imagenet,1,octmnist,fashion_mnist|octmnist|organcmnist|pathmnist|retinamnist,0.6647059559822083,0.6392157554626465,0.025490200519561745,0.4561402872548957,0.6865599632263184,0.669599974155426,0.016959989070892356,5,5,21
resnet50,flowers102,random,95,5,21,0.7619047619047619,1,0.6666666666666666,tiny_imagenet,tiny_imagenet,1,tiny_imagenet,bloodmnist|octmnist|stl10|svhn|tiny_imagenet,0.6647059559822083,0.6647059559822083,0.0,0.0,0.6865599632263184,0.6865599632263184,0.0,5,5,21
resnet50,flowers102,random,96,5,21,0.7619047619047619,1,0.3333333333333333,tiny_imagenet,tiny_imagenet,1,tiny_imagenet,fashion_mnist|organamnist|stl10|tiny_imagenet|usps,0.6647059559822083,0.6647059559822083,0.0,0.0,0.6865599632263184,0.6865599632263184,0.0,5,5,21
resnet50,flowers102,random,97,5,21,0.7619047619047619,1,0.6666666666666666,tiny_imagenet,tiny_imagenet,1,tiny_imagenet,cifar100|octmnist|pathmnist|stl10|tiny_imagenet,0.6647059559822083,0.6647059559822083,0.0,0.0,0.6865599632263184,0.6865599632263184,0.0,5,5,21
resnet50,flowers102,random,98,5,21,0.7619047619047619,1,0.6666666666666666,tiny_imagenet,tiny_imagenet,1,tiny_imagenet,breastmnist|mnist|organsmnist|stl10|tiny_imagenet,0.6647059559822083,0.6647059559822083,0.0,0.0,0.6865599632263184,0.6865599632263184,0.0,5,5,21
resnet50,flowers102,random,99,5,21,0.7619047619047619,0,0.0,tiny_imagenet,tiny_imagenet,1,bloodmnist,bloodmnist|breastmnist|pneumoniamnist|tissuemnist|usps,0.6647059559822083,0.6372549653053283,0.02745099067687995,0.4912281001153445,0.6865599632263184,0.6715199470520019,0.015040016174316495,5,5,21
resnet50,flowers102,rank_only,-1,10,21,0.5238095238095238,1,0.3333333333333333,tiny_imagenet,tiny_imagenet,1,tiny_imagenet,tiny_imagenet|cifar100_coarse|cifar100|stl10|cifar10|organcmnist|organsmnist|organamnist|svhn|fashion_mnist,0.6647059559822083,0.6647059559822083,0.0,0.0,0.6865599632263184,0.6865599632263184,0.0,5,10,21
resnet50,flowers102,facility_subspace,-1,10,21,0.5238095238095238,0,0.3333333333333333,tiny_imagenet,tiny_imagenet,1,mnist,organcmnist|cifar100|svhn|rendered_sst2|retinamnist|stl10|breastmnist|mnist|dermamnist|fashion_mnist,0.6647059559822083,0.6392157316207886,0.025490224361419678,0.4561407138985354,0.6865599632263184,0.6693199872970581,0.0172399759292603,5,10,21
resnet50,flowers102,kcenter_subspace,-1,10,21,0.5238095238095238,1,0.6666666666666666,tiny_imagenet,tiny_imagenet,1,tiny_imagenet,tiny_imagenet|rendered_sst2|usps|retinamnist|pathmnist|fashion_mnist|breastmnist|stl10|bloodmnist|mnist,0.6647059559822083,0.6647059559822083,0.0,0.0,0.6865599632263184,0.6865599632263184,0.0,5,10,21
resnet50,flowers102,dpp_subspace,-1,10,21,0.5238095238095238,1,0.3333333333333333,tiny_imagenet,tiny_imagenet,1,tiny_imagenet,tiny_imagenet|stl10|cifar100_coarse|cifar10|organsmnist|fashion_mnist|svhn|cifar100|bloodmnist|organamnist,0.6647059559822083,0.6647059559822083,0.0,0.0,0.6865599632263184,0.6865599632263184,0.0,5,10,21
resnet50,flowers102,pool_vendi_subspace,-1,10,21,0.5238095238095238,1,0.6666666666666666,tiny_imagenet,tiny_imagenet,1,tiny_imagenet,tiny_imagenet|rendered_sst2|usps|retinamnist|pathmnist|stl10|fashion_mnist|bloodmnist|mnist|breastmnist,0.6647059559822083,0.6647059559822083,0.0,0.0,0.6865599632263184,0.6865599632263184,0.0,5,10,21
resnet50,flowers102,full_merged_rank,-1,10,21,0.5238095238095238,1,0.3333333333333333,tiny_imagenet,tiny_imagenet,1,tiny_imagenet,tiny_imagenet|stl10|cifar100_coarse|cifar100|cifar10|organcmnist|organsmnist|fashion_mnist|breastmnist|svhn,0.6647059559822083,0.6647059559822083,0.0,0.0,0.6865599632263184,0.6865599632263184,0.0,5,10,21
resnet50,flowers102,random,0,10,21,0.5238095238095238,0,0.0,tiny_imagenet,tiny_imagenet,1,cifar10,bloodmnist|breastmnist|cifar10|cifar100|fashion_mnist|organamnist|organsmnist|rendered_sst2|retinamnist|tissuemnist,0.6647059559822083,0.6372549891471863,0.027450966835022017,0.4912276734717048,0.6865599632263184,0.6822399854660034,0.004319977760315008,5,10,21
resnet50,flowers102,random,1,10,21,0.5238095238095238,0,0.3333333333333333,tiny_imagenet,tiny_imagenet,1,octmnist,bloodmnist|breastmnist|cifar10|cifar100|dermamnist|octmnist|organcmnist|pathmnist|retinamnist|tissuemnist,0.6647059559822083,0.6392157554626465,0.025490200519561745,0.4561402872548957,0.6865599632263184,0.669599974155426,0.016959989070892356,5,10,21
resnet50,flowers102,random,2,10,21,0.5238095238095238,0,0.0,tiny_imagenet,tiny_imagenet,1,cifar100_coarse,cifar100|cifar100_coarse|dermamnist|fashion_mnist|organamnist|organsmnist|pneumoniamnist|stl10|svhn|usps,0.6647059559822083,0.6352941751480102,0.029411780834198042,0.5263159129757913,0.6865599632263184,0.6806799530982971,0.005880010128021307,5,10,21
resnet50,flowers102,random,3,10,21,0.5238095238095238,0,0.0,tiny_imagenet,tiny_imagenet,1,cifar10,breastmnist|cifar10|cifar100|dermamnist|fashion_mnist|organsmnist|pathmnist|svhn|tissuemnist|usps,0.6647059559822083,0.6372549891471863,0.027450966835022017,0.4912276734717048,0.6865599632263184,0.6822399854660034,0.004319977760315008,5,10,21
resnet50,flowers102,random,4,10,21,0.5238095238095238,1,0.6666666666666666,tiny_imagenet,tiny_imagenet,1,tiny_imagenet,cifar10|cifar100|cifar100_coarse|mnist|organsmnist|rendered_sst2|retinamnist|stl10|tiny_imagenet|tissuemnist,0.6647059559822083,0.6647059559822083,0.0,0.0,0.6865599632263184,0.6865599632263184,0.0,5,10,21
resnet50,flowers102,random,5,10,21,0.5238095238095238,0,0.6666666666666666,tiny_imagenet,tiny_imagenet,1,octmnist,cifar10|cifar100|cifar100_coarse|dermamnist|fashion_mnist|mnist|octmnist|organcmnist|stl10|tissuemnist,0.6647059559822083,0.6392157554626465,0.025490200519561745,0.4561402872548957,0.6865599632263184,0.669599974155426,0.016959989070892356,5,10,21
resnet50,flowers102,random,6,10,21,0.5238095238095238,1,0.6666666666666666,tiny_imagenet,tiny_imagenet,1,tiny_imagenet,bloodmnist|cifar100|mnist|organsmnist|pathmnist|rendered_sst2|retinamnist|svhn|tiny_imagenet|tissuemnist,0.6647059559822083,0.6647059559822083,0.0,0.0,0.6865599632263184,0.6865599632263184,0.0,5,10,21
resnet50,flowers102,random,7,10,21,0.5238095238095238,1,0.6666666666666666,tiny_imagenet,tiny_imagenet,1,tiny_imagenet,bloodmnist|cifar100|dermamnist|octmnist|organamnist|organcmnist|pathmnist|retinamnist|tiny_imagenet|usps,0.6647059559822083,0.6647059559822083,0.0,0.0,0.6865599632263184,0.6865599632263184,0.0,5,10,21
resnet50,flowers102,random,8,10,21,0.5238095238095238,0,0.3333333333333333,tiny_imagenet,tiny_imagenet,1,mnist,bloodmnist|cifar10|cifar100|dermamnist|mnist|organamnist|pathmnist|stl10|svhn|usps,0.6647059559822083,0.6392157316207886,0.025490224361419678,0.4561407138985354,0.6865599632263184,0.6693199872970581,0.0172399759292603,5,10,21
resnet50,flowers102,random,9,10,21,0.5238095238095238,0,0.6666666666666666,tiny_imagenet,tiny_imagenet,1,octmnist,breastmnist|cifar10|mnist|octmnist|pneumoniamnist|rendered_sst2|retinamnist|stl10|svhn|usps,0.6647059559822083,0.6392157554626465,0.025490200519561745,0.4561402872548957,0.6865599632263184,0.669599974155426,0.016959989070892356,5,10,21
resnet50,flowers102,random,10,10,21,0.5238095238095238,0,0.3333333333333333,tiny_imagenet,tiny_imagenet,1,mnist,breastmnist|cifar10|cifar100|cifar100_coarse|fashion_mnist|mnist|organsmnist|pneumoniamnist|retinamnist|tissuemnist,0.6647059559822083,0.6392157316207886,0.025490224361419678,0.4561407138985354,0.6865599632263184,0.6693199872970581,0.0172399759292603,5,10,21
resnet50,flowers102,random,11,10,21,0.5238095238095238,1,0.6666666666666666,tiny_imagenet,tiny_imagenet,1,tiny_imagenet,bloodmnist|fashion_mnist|mnist|organamnist|organcmnist|pathmnist|rendered_sst2|retinamnist|svhn|tiny_imagenet,0.6647059559822083,0.6647059559822083,0.0,0.0,0.6865599632263184,0.6865599632263184,0.0,5,10,21
resnet50,flowers102,random,12,10,21,0.5238095238095238,0,0.0,tiny_imagenet,tiny_imagenet,1,cifar10,bloodmnist|breastmnist|cifar10|cifar100_coarse|dermamnist|organcmnist|organsmnist|rendered_sst2|tissuemnist|usps,0.6647059559822083,0.6372549891471863,0.027450966835022017,0.4912276734717048,0.6865599632263184,0.6822399854660034,0.004319977760315008,5,10,21
resnet50,flowers102,random,13,10,21,0.5238095238095238,0,0.3333333333333333,tiny_imagenet,tiny_imagenet,1,mnist,cifar10|cifar100_coarse|dermamnist|mnist|organcmnist|organsmnist|pathmnist|pneumoniamnist|retinamnist|svhn,0.6647059559822083,0.6392157316207886,0.025490224361419678,0.4561407138985354,0.6865599632263184,0.6693199872970581,0.0172399759292603,5,10,21
resnet50,flowers102,random,14,10,21,0.5238095238095238,0,0.6666666666666666,tiny_imagenet,tiny_imagenet,1,octmnist,bloodmnist|breastmnist|cifar100_coarse|fashion_mnist|mnist|octmnist|organamnist|retinamnist|stl10|svhn,0.6647059559822083,0.6392157554626465,0.025490200519561745,0.4561402872548957,0.6865599632263184,0.669599974155426,0.016959989070892356,5,10,21
resnet50,flowers102,random,15,10,21,0.5238095238095238,1,0.3333333333333333,tiny_imagenet,tiny_imagenet,1,tiny_imagenet,breastmnist|cifar10|cifar100|dermamnist|organamnist|organcmnist|pathmnist|svhn|tiny_imagenet|tissuemnist,0.6647059559822083,0.6647059559822083,0.0,0.0,0.6865599632263184,0.6865599632263184,0.0,5,10,21
resnet50,flowers102,random,16,10,21,0.5238095238095238,0,0.3333333333333333,tiny_imagenet,tiny_imagenet,1,octmnist,bloodmnist|cifar10|cifar100|octmnist|organcmnist|pathmnist|stl10|svhn|tissuemnist|usps,0.6647059559822083,0.6392157554626465,0.025490200519561745,0.4561402872548957,0.6865599632263184,0.669599974155426,0.016959989070892356,5,10,21
resnet50,flowers102,random,17,10,21,0.5238095238095238,0,0.3333333333333333,tiny_imagenet,tiny_imagenet,1,mnist,cifar100|cifar100_coarse|dermamnist|mnist|organamnist|pathmnist|rendered_sst2|retinamnist|svhn|usps,0.6647059559822083,0.6392157316207886,0.025490224361419678,0.4561407138985354,0.6865599632263184,0.6693199872970581,0.0172399759292603,5,10,21
resnet50,flowers102,random,18,10,21,0.5238095238095238,1,0.6666666666666666,tiny_imagenet,tiny_imagenet,1,tiny_imagenet,bloodmnist|dermamnist|fashion_mnist|octmnist|organcmnist|pathmnist|pneumoniamnist|svhn|tiny_imagenet|usps,0.6647059559822083,0.6647059559822083,0.0,0.0,0.6865599632263184,0.6865599632263184,0.0,5,10,21
resnet50,flowers102,random,19,10,21,0.5238095238095238,0,0.3333333333333333,tiny_imagenet,tiny_imagenet,1,mnist,bloodmnist|cifar10|dermamnist|mnist|organcmnist|organsmnist|pneumoniamnist|retinamnist|svhn|usps,0.6647059559822083,0.6392157316207886,0.025490224361419678,0.4561407138985354,0.6865599632263184,0.6693199872970581,0.0172399759292603,5,10,21
resnet50,flowers102,random,20,10,21,0.5238095238095238,0,0.0,tiny_imagenet,tiny_imagenet,1,pathmnist,breastmnist|cifar100|dermamnist|fashion_mnist|organamnist|organcmnist|pathmnist|stl10|tissuemnist|usps,0.6647059559822083,0.6352941870689393,0.02941176891326902,0.5263156996539705,0.6865599632263184,0.6761199474334717,0.010440015792846702,5,10,21
resnet50,flowers102,random,21,10,21,0.5238095238095238,0,0.6666666666666666,tiny_imagenet,tiny_imagenet,1,octmnist,bloodmnist|breastmnist|cifar100|dermamnist|mnist|octmnist|organamnist|organcmnist|pathmnist|stl10,0.6647059559822083,0.6392157554626465,0.025490200519561745,0.4561402872548957,0.6865599632263184,0.669599974155426,0.016959989070892356,5,10,21
resnet50,flowers102,random,22,10,21,0.5238095238095238,1,1.0,tiny_imagenet,tiny_imagenet,1,tiny_imagenet,dermamnist|fashion_mnist|mnist|octmnist|organcmnist|organsmnist|pathmnist|rendered_sst2|tiny_imagenet|usps,0.6647059559822083,0.6647059559822083,0.0,0.0,0.6865599632263184,0.6865599632263184,0.0,5,10,21
resnet50,flowers102,random,23,10,21,0.5238095238095238,0,0.3333333333333333,tiny_imagenet,tiny_imagenet,1,octmnist,bloodmnist|breastmnist|cifar10|octmnist|organamnist|organcmnist|pathmnist|pneumoniamnist|retinamnist|svhn,0.6647059559822083,0.6392157554626465,0.025490200519561745,0.4561402872548957,0.6865599632263184,0.669599974155426,0.016959989070892356,5,10,21
resnet50,flowers102,random,24,10,21,0.5238095238095238,1,1.0,tiny_imagenet,tiny_imagenet,1,tiny_imagenet,bloodmnist|cifar10|cifar100|cifar100_coarse|mnist|octmnist|stl10|svhn|tiny_imagenet|tissuemnist,0.6647059559822083,0.6647059559822083,0.0,0.0,0.6865599632263184,0.6865599632263184,0.0,5,10,21
resnet50,flowers102,random,25,10,21,0.5238095238095238,0,0.6666666666666666,tiny_imagenet,tiny_imagenet,1,octmnist,bloodmnist|breastmnist|cifar10|mnist|octmnist|organamnist|organsmnist|pneumoniamnist|retinamnist|svhn,0.6647059559822083,0.6392157554626465,0.025490200519561745,0.4561402872548957,0.6865599632263184,0.669599974155426,0.016959989070892356,5,10,21
resnet50,flowers102,random,26,10,21,0.5238095238095238,0,0.0,tiny_imagenet,tiny_imagenet,1,cifar10,cifar10|dermamnist|organamnist|organcmnist|organsmnist|rendered_sst2|retinamnist|stl10|svhn|tissuemnist,0.6647059559822083,0.6372549891471863,0.027450966835022017,0.4912276734717048,0.6865599632263184,0.6822399854660034,0.004319977760315008,5,10,21
resnet50,flowers102,random,27,10,21,0.5238095238095238,1,1.0,tiny_imagenet,tiny_imagenet,1,tiny_imagenet,bloodmnist|cifar100|cifar100_coarse|mnist|octmnist|retinamnist|stl10|tiny_imagenet|tissuemnist|usps,0.6647059559822083,0.6647059559822083,0.0,0.0,0.6865599632263184,0.6865599632263184,0.0,5,10,21
resnet50,flowers102,random,28,10,21,0.5238095238095238,0,0.0,tiny_imagenet,tiny_imagenet,1,cifar100_coarse,breastmnist|cifar100_coarse|dermamnist|organcmnist|pneumoniamnist|retinamnist|stl10|svhn|tissuemnist|usps,0.6647059559822083,0.6352941751480102,0.029411780834198042,0.5263159129757913,0.6865599632263184,0.6806799530982971,0.005880010128021307,5,10,21
resnet50,flowers102,random,29,10,21,0.5238095238095238,0,0.6666666666666666,tiny_imagenet,tiny_imagenet,1,octmnist,breastmnist|cifar10|dermamnist|fashion_mnist|mnist|octmnist|organamnist|organsmnist|stl10|svhn,0.6647059559822083,0.6392157554626465,0.025490200519561745,0.4561402872548957,0.6865599632263184,0.669599974155426,0.016959989070892356,5,10,21
resnet50,flowers102,random,30,10,21,0.5238095238095238,0,0.0,tiny_imagenet,tiny_imagenet,1,usps,breastmnist|fashion_mnist|organamnist|organcmnist|pneumoniamnist|retinamnist|stl10|svhn|tissuemnist|usps,0.6647059559822083,0.633333420753479,0.03137253522872929,0.5614030858707796,0.6865599632263184,0.6861199855804443,0.00043997764587411226,5,10,21
resnet50,flowers102,random,31,10,21,0.5238095238095238,0,0.6666666666666666,tiny_imagenet,tiny_imagenet,1,octmnist,bloodmnist|dermamnist|fashion_mnist|mnist|octmnist|organcmnist|organsmnist|rendered_sst2|svhn|usps,0.6647059559822083,0.6392157554626465,0.025490200519561745,0.4561402872548957,0.6865599632263184,0.669599974155426,0.016959989070892356,5,10,21
resnet50,flowers102,random,32,10,21,0.5238095238095238,0,0.3333333333333333,tiny_imagenet,tiny_imagenet,1,mnist,bloodmnist|breastmnist|cifar10|cifar100_coarse|dermamnist|fashion_mnist|mnist|organamnist|organcmnist|svhn,0.6647059559822083,0.6392157316207886,0.025490224361419678,0.4561407138985354,0.6865599632263184,0.6693199872970581,0.0172399759292603,5,10,21
resnet50,flowers102,random,33,10,21,0.5238095238095238,0,0.0,tiny_imagenet,tiny_imagenet,1,pathmnist,cifar100_coarse|dermamnist|organamnist|organcmnist|pathmnist|rendered_sst2|retinamnist|stl10|svhn|tissuemnist,0.6647059559822083,0.6352941870689393,0.02941176891326902,0.5263156996539705,0.6865599632263184,0.6761199474334717,0.010440015792846702,5,10,21
resnet50,flowers102,random,34,10,21,0.5238095238095238,0,0.3333333333333333,tiny_imagenet,tiny_imagenet,1,octmnist,bloodmnist|dermamnist|octmnist|organamnist|organcmnist|pathmnist|rendered_sst2|stl10|svhn|tissuemnist,0.6647059559822083,0.6392157554626465,0.025490200519561745,0.4561402872548957,0.6865599632263184,0.669599974155426,0.016959989070892356,5,10,21
resnet50,flowers102,random,35,10,21,0.5238095238095238,0,0.6666666666666666,tiny_imagenet,tiny_imagenet,1,octmnist,bloodmnist|cifar100_coarse|dermamnist|fashion_mnist|mnist|octmnist|organsmnist|rendered_sst2|retinamnist|usps,0.6647059559822083,0.6392157554626465,0.025490200519561745,0.4561402872548957,0.6865599632263184,0.669599974155426,0.016959989070892356,5,10,21
resnet50,flowers102,random,36,10,21,0.5238095238095238,1,0.3333333333333333,tiny_imagenet,tiny_imagenet,1,tiny_imagenet,breastmnist|cifar100_coarse|organamnist|pathmnist|pneumoniamnist|stl10|svhn|tiny_imagenet|tissuemnist|usps,0.6647059559822083,0.6647059559822083,0.0,0.0,0.6865599632263184,0.6865599632263184,0.0,5,10,21
resnet50,flowers102,random,37,10,21,0.5238095238095238,0,0.3333333333333333,tiny_imagenet,tiny_imagenet,1,octmnist,cifar100|cifar100_coarse|dermamnist|fashion_mnist|octmnist|organcmnist|organsmnist|pneumoniamnist|retinamnist|svhn,0.6647059559822083,0.6392157554626465,0.025490200519561745,0.4561402872548957,0.6865599632263184,0.669599974155426,0.016959989070892356,5,10,21
resnet50,flowers102,random,38,10,21,0.5238095238095238,1,0.6666666666666666,tiny_imagenet,tiny_imagenet,1,tiny_imagenet,breastmnist|cifar10|cifar100|octmnist|organamnist|pathmnist|retinamnist|svhn|tiny_imagenet|usps,0.6647059559822083,0.6647059559822083,0.0,0.0,0.6865599632263184,0.6865599632263184,0.0,5,10,21
resnet50,flowers102,random,39,10,21,0.5238095238095238,1,0.6666666666666666,tiny_imagenet,tiny_imagenet,1,tiny_imagenet,cifar100_coarse|dermamnist|mnist|organamnist|organcmnist|organsmnist|pathmnist|svhn|tiny_imagenet|tissuemnist,0.6647059559822083,0.6647059559822083,0.0,0.0,0.6865599632263184,0.6865599632263184,0.0,5,10,21
resnet50,flowers102,random,40,10,21,0.5238095238095238,1,1.0,tiny_imagenet,tiny_imagenet,1,tiny_imagenet,cifar10|cifar100|cifar100_coarse|mnist|octmnist|organcmnist|svhn|tiny_imagenet|tissuemnist|usps,0.6647059559822083,0.6647059559822083,0.0,0.0,0.6865599632263184,0.6865599632263184,0.0,5,10,21
resnet50,flowers102,random,41,10,21,0.5238095238095238,0,0.0,tiny_imagenet,tiny_imagenet,1,cifar10,cifar10|cifar100|cifar100_coarse|dermamnist|organamnist|organcmnist|organsmnist|pneumoniamnist|stl10|usps,0.6647059559822083,0.6372549891471863,0.027450966835022017,0.4912276734717048,0.6865599632263184,0.6822399854660034,0.004319977760315008,5,10,21
resnet50,flowers102,random,42,10,21,0.5238095238095238,0,0.0,tiny_imagenet,tiny_imagenet,1,cifar10,breastmnist|cifar10|cifar100_coarse|fashion_mnist|organamnist|organsmnist|pathmnist|pneumoniamnist|retinamnist|usps,0.6647059559822083,0.6372549891471863,0.027450966835022017,0.4912276734717048,0.6865599632263184,0.6822399854660034,0.004319977760315008,5,10,21
resnet50,flowers102,random,43,10,21,0.5238095238095238,0,0.3333333333333333,tiny_imagenet,tiny_imagenet,1,octmnist,breastmnist|cifar10|dermamnist|octmnist|organamnist|pathmnist|pneumoniamnist|stl10|svhn|tissuemnist,0.6647059559822083,0.6392157554626465,0.025490200519561745,0.4561402872548957,0.6865599632263184,0.669599974155426,0.016959989070892356,5,10,21
resnet50,flowers102,random,44,10,21,0.5238095238095238,1,0.6666666666666666,tiny_imagenet,tiny_imagenet,1,tiny_imagenet,bloodmnist|breastmnist|cifar10|octmnist|organamnist|organcmnist|pathmnist|retinamnist|svhn|tiny_imagenet,0.6647059559822083,0.6647059559822083,0.0,0.0,0.6865599632263184,0.6865599632263184,0.0,5,10,21
resnet50,flowers102,random,45,10,21,0.5238095238095238,0,0.3333333333333333,tiny_imagenet,tiny_imagenet,1,mnist,cifar100|fashion_mnist|mnist|organamnist|organcmnist|pathmnist|rendered_sst2|retinamnist|tissuemnist|usps,0.6647059559822083,0.6392157316207886,0.025490224361419678,0.4561407138985354,0.6865599632263184,0.6693199872970581,0.0172399759292603,5,10,21
resnet50,flowers102,random,46,10,21,0.5238095238095238,0,0.0,tiny_imagenet,tiny_imagenet,1,cifar10,bloodmnist|breastmnist|cifar10|cifar100|dermamnist|fashion_mnist|organamnist|organcmnist|rendered_sst2|svhn,0.6647059559822083,0.6372549891471863,0.027450966835022017,0.4912276734717048,0.6865599632263184,0.6822399854660034,0.004319977760315008,5,10,21
resnet50,flowers102,random,47,10,21,0.5238095238095238,1,0.3333333333333333,tiny_imagenet,tiny_imagenet,1,tiny_imagenet,bloodmnist|cifar10|cifar100|dermamnist|fashion_mnist|organamnist|organsmnist|pneumoniamnist|tiny_imagenet|usps,0.6647059559822083,0.6647059559822083,0.0,0.0,0.6865599632263184,0.6865599632263184,0.0,5,10,21
resnet50,flowers102,random,48,10,21,0.5238095238095238,1,0.3333333333333333,tiny_imagenet,tiny_imagenet,1,tiny_imagenet,bloodmnist|breastmnist|cifar100|cifar100_coarse|organamnist|organsmnist|pathmnist|stl10|tiny_imagenet|tissuemnist,0.6647059559822083,0.6647059559822083,0.0,0.0,0.6865599632263184,0.6865599632263184,0.0,5,10,21
resnet50,flowers102,random,49,10,21,0.5238095238095238,0,0.6666666666666666,tiny_imagenet,tiny_imagenet,1,octmnist,breastmnist|cifar100_coarse|fashion_mnist|mnist|octmnist|organamnist|organcmnist|organsmnist|retinamnist|usps,0.6647059559822083,0.6392157554626465,0.025490200519561745,0.4561402872548957,0.6865599632263184,0.669599974155426,0.016959989070892356,5,10,21
resnet50,flowers102,random,50,10,21,0.5238095238095238,0,0.3333333333333333,tiny_imagenet,tiny_imagenet,1,octmnist,breastmnist|cifar100|cifar100_coarse|octmnist|organamnist|organsmnist|pathmnist|pneumoniamnist|svhn|usps,0.6647059559822083,0.6392157554626465,0.025490200519561745,0.4561402872548957,0.6865599632263184,0.669599974155426,0.016959989070892356,5,10,21
resnet50,flowers102,random,51,10,21,0.5238095238095238,0,0.0,tiny_imagenet,tiny_imagenet,1,pathmnist,breastmnist|cifar100|cifar100_coarse|fashion_mnist|organamnist|organsmnist|pathmnist|pneumoniamnist|stl10|tissuemnist,0.6647059559822083,0.6352941870689393,0.02941176891326902,0.5263156996539705,0.6865599632263184,0.6761199474334717,0.010440015792846702,5,10,21
resnet50,flowers102,random,52,10,21,0.5238095238095238,0,0.3333333333333333,tiny_imagenet,tiny_imagenet,1,octmnist,bloodmnist|cifar100|fashion_mnist|octmnist|organamnist|pneumoniamnist|retinamnist|svhn|tissuemnist|usps,0.6647059559822083,0.6392157554626465,0.025490200519561745,0.4561402872548957,0.6865599632263184,0.669599974155426,0.016959989070892356,5,10,21
resnet50,flowers102,random,53,10,21,0.5238095238095238,1,1.0,tiny_imagenet,tiny_imagenet,1,tiny_imagenet,bloodmnist|cifar100_coarse|dermamnist|mnist|octmnist|pathmnist|retinamnist|stl10|svhn|tiny_imagenet,0.6647059559822083,0.6647059559822083,0.0,0.0,0.6865599632263184,0.6865599632263184,0.0,5,10,21
resnet50,flowers102,random,54,10,21,0.5238095238095238,1,0.3333333333333333,tiny_imagenet,tiny_imagenet,1,tiny_imagenet,breastmnist|cifar10|cifar100|fashion_mnist|organamnist|rendered_sst2|retinamnist|svhn|tiny_imagenet|usps,0.6647059559822083,0.6647059559822083,0.0,0.0,0.6865599632263184,0.6865599632263184,0.0,5,10,21
resnet50,flowers102,random,55,10,21,0.5238095238095238,0,0.0,tiny_imagenet,tiny_imagenet,1,bloodmnist,bloodmnist|cifar100|cifar100_coarse|dermamnist|fashion_mnist|organamnist|pathmnist|rendered_sst2|retinamnist|usps,0.6647059559822083,0.6372549653053283,0.02745099067687995,0.4912281001153445,0.6865599632263184,0.6715199470520019,0.015040016174316495,5,10,21
resnet50,flowers102,random,56,10,21,0.5238095238095238,0,0.3333333333333333,tiny_imagenet,tiny_imagenet,1,mnist,bloodmnist|fashion_mnist|mnist|organcmnist|organsmnist|pathmnist|pneumoniamnist|retinamnist|stl10|tissuemnist,0.6647059559822083,0.6392157316207886,0.025490224361419678,0.4561407138985354,0.6865599632263184,0.6693199872970581,0.0172399759292603,5,10,21
resnet50,flowers102,random,57,10,21,0.5238095238095238,0,0.3333333333333333,tiny_imagenet,tiny_imagenet,1,mnist,breastmnist|cifar10|cifar100_coarse|fashion_mnist|mnist|organcmnist|organsmnist|pathmnist|pneumoniamnist|tissuemnist,0.6647059559822083,0.6392157316207886,0.025490224361419678,0.4561407138985354,0.6865599632263184,0.6693199872970581,0.0172399759292603,5,10,21
resnet50,flowers102,random,58,10,21,0.5238095238095238,0,0.3333333333333333,tiny_imagenet,tiny_imagenet,1,mnist,bloodmnist|breastmnist|cifar100|cifar100_coarse|mnist|organsmnist|pathmnist|retinamnist|stl10|svhn,0.6647059559822083,0.6392157316207886,0.025490224361419678,0.4561407138985354,0.6865599632263184,0.6693199872970581,0.0172399759292603,5,10,21
resnet50,flowers102,random,59,10,21,0.5238095238095238,1,0.6666666666666666,tiny_imagenet,tiny_imagenet,1,tiny_imagenet,cifar100_coarse|dermamnist|fashion_mnist|mnist|organcmnist|organsmnist|pneumoniamnist|stl10|tiny_imagenet|usps,0.6647059559822083,0.6647059559822083,0.0,0.0,0.6865599632263184,0.6865599632263184,0.0,5,10,21
resnet50,flowers102,random,60,10,21,0.5238095238095238,1,0.6666666666666666,tiny_imagenet,tiny_imagenet,1,tiny_imagenet,cifar10|cifar100_coarse|octmnist|organamnist|organcmnist|organsmnist|pneumoniamnist|rendered_sst2|tiny_imagenet|usps,0.6647059559822083,0.6647059559822083,0.0,0.0,0.6865599632263184,0.6865599632263184,0.0,5,10,21
resnet50,flowers102,random,61,10,21,0.5238095238095238,0,0.3333333333333333,tiny_imagenet,tiny_imagenet,1,mnist,breastmnist|cifar100|dermamnist|fashion_mnist|mnist|organamnist|pneumoniamnist|stl10|tissuemnist|usps,0.6647059559822083,0.6392157316207886,0.025490224361419678,0.4561407138985354,0.6865599632263184,0.6693199872970581,0.0172399759292603,5,10,21
resnet50,flowers102,random,62,10,21,0.5238095238095238,0,0.6666666666666666,tiny_imagenet,tiny_imagenet,1,octmnist,bloodmnist|cifar10|dermamnist|fashion_mnist|mnist|octmnist|organcmnist|rendered_sst2|retinamnist|svhn,0.6647059559822083,0.6392157554626465,0.025490200519561745,0.4561402872548957,0.6865599632263184,0.669599974155426,0.016959989070892356,5,10,21
resnet50,flowers102,random,63,10,21,0.5238095238095238,0,0.3333333333333333,tiny_imagenet,tiny_imagenet,1,octmnist,dermamnist|octmnist|organamnist|organcmnist|organsmnist|pathmnist|pneumoniamnist|stl10|svhn|usps,0.6647059559822083,0.6392157554626465,0.025490200519561745,0.4561402872548957,0.6865599632263184,0.669599974155426,0.016959989070892356,5,10,21
resnet50,flowers102,random,64,10,21,0.5238095238095238,0,0.6666666666666666,tiny_imagenet,tiny_imagenet,1,octmnist,bloodmnist|cifar100|dermamnist|mnist|octmnist|organamnist|organsmnist|pathmnist|pneumoniamnist|svhn,0.6647059559822083,0.6392157554626465,0.025490200519561745,0.4561402872548957,0.6865599632263184,0.669599974155426,0.016959989070892356,5,10,21
resnet50,flowers102,random,65,10,21,0.5238095238095238,0,0.3333333333333333,tiny_imagenet,tiny_imagenet,1,octmnist,cifar10|cifar100_coarse|fashion_mnist|octmnist|organamnist|organsmnist|pneumoniamnist|rendered_sst2|stl10|tissuemnist,0.6647059559822083,0.6392157554626465,0.025490200519561745,0.4561402872548957,0.6865599632263184,0.669599974155426,0.016959989070892356,5,10,21
resnet50,flowers102,random,66,10,21,0.5238095238095238,0,0.0,tiny_imagenet,tiny_imagenet,1,cifar10,bloodmnist|breastmnist|cifar10|cifar100|cifar100_coarse|fashion_mnist|organsmnist|pathmnist|pneumoniamnist|svhn,0.6647059559822083,0.6372549891471863,0.027450966835022017,0.4912276734717048,0.6865599632263184,0.6822399854660034,0.004319977760315008,5,10,21
resnet50,flowers102,random,67,10,21,0.5238095238095238,1,0.3333333333333333,tiny_imagenet,tiny_imagenet,1,tiny_imagenet,bloodmnist|breastmnist|cifar10|cifar100_coarse|fashion_mnist|organamnist|pneumoniamnist|stl10|tiny_imagenet|usps,0.6647059559822083,0.6647059559822083,0.0,0.0,0.6865599632263184,0.6865599632263184,0.0,5,10,21
resnet50,flowers102,random,68,10,21,0.5238095238095238,0,0.3333333333333333,tiny_imagenet,tiny_imagenet,1,octmnist,breastmnist|cifar100|cifar100_coarse|dermamnist|fashion_mnist|octmnist|pneumoniamnist|rendered_sst2|svhn|tissuemnist,0.6647059559822083,0.6392157554626465,0.025490200519561745,0.4561402872548957,0.6865599632263184,0.669599974155426,0.016959989070892356,5,10,21
resnet50,flowers102,random,69,10,21,0.5238095238095238,1,0.6666666666666666,tiny_imagenet,tiny_imagenet,1,tiny_imagenet,bloodmnist|breastmnist|cifar100|dermamnist|octmnist|pneumoniamnist|svhn|tiny_imagenet|tissuemnist|usps,0.6647059559822083,0.6647059559822083,0.0,0.0,0.6865599632263184,0.6865599632263184,0.0,5,10,21
resnet50,flowers102,random,70,10,21,0.5238095238095238,0,0.3333333333333333,tiny_imagenet,tiny_imagenet,1,mnist,cifar10|dermamnist|mnist|organcmnist|organsmnist|pathmnist|pneumoniamnist|retinamnist|svhn|tissuemnist,0.6647059559822083,0.6392157316207886,0.025490224361419678,0.4561407138985354,0.6865599632263184,0.6693199872970581,0.0172399759292603,5,10,21
resnet50,flowers102,random,71,10,21,0.5238095238095238,0,0.0,tiny_imagenet,tiny_imagenet,1,cifar10,bloodmnist|cifar10|dermamnist|fashion_mnist|organamnist|pathmnist|retinamnist|stl10|svhn|usps,0.6647059559822083,0.6372549891471863,0.027450966835022017,0.4912276734717048,0.6865599632263184,0.6822399854660034,0.004319977760315008,5,10,21
resnet50,flowers102,random,72,10,21,0.5238095238095238,0,0.3333333333333333,tiny_imagenet,tiny_imagenet,1,mnist,bloodmnist|breastmnist|fashion_mnist|mnist|organcmnist|organsmnist|pathmnist|retinamnist|stl10|usps,0.6647059559822083,0.6392157316207886,0.025490224361419678,0.4561407138985354,0.6865599632263184,0.6693199872970581,0.0172399759292603,5,10,21
resnet50,flowers102,random,73,10,21,0.5238095238095238,0,0.3333333333333333,tiny_imagenet,tiny_imagenet,1,octmnist,breastmnist|dermamnist|octmnist|organcmnist|organsmnist|pathmnist|pneumoniamnist|retinamnist|svhn|tissuemnist,0.6647059559822083,0.6392157554626465,0.025490200519561745,0.4561402872548957,0.6865599632263184,0.669599974155426,0.016959989070892356,5,10,21
resnet50,flowers102,random,74,10,21,0.5238095238095238,1,1.0,tiny_imagenet,tiny_imagenet,1,tiny_imagenet,cifar100|cifar100_coarse|fashion_mnist|mnist|octmnist|organsmnist|rendered_sst2|retinamnist|svhn|tiny_imagenet,0.6647059559822083,0.6647059559822083,0.0,0.0,0.6865599632263184,0.6865599632263184,0.0,5,10,21
resnet50,flowers102,random,75,10,21,0.5238095238095238,1,0.6666666666666666,tiny_imagenet,tiny_imagenet,1,tiny_imagenet,cifar100|mnist|organcmnist|organsmnist|retinamnist|stl10|svhn|tiny_imagenet|tissuemnist|usps,0.6647059559822083,0.6647059559822083,0.0,0.0,0.6865599632263184,0.6865599632263184,0.0,5,10,21
resnet50,flowers102,random,76,10,21,0.5238095238095238,0,0.3333333333333333,tiny_imagenet,tiny_imagenet,1,mnist,cifar100|cifar100_coarse|dermamnist|mnist|organcmnist|organsmnist|rendered_sst2|stl10|svhn|usps,0.6647059559822083,0.6392157316207886,0.025490224361419678,0.4561407138985354,0.6865599632263184,0.6693199872970581,0.0172399759292603,5,10,21
resnet50,flowers102,random,77,10,21,0.5238095238095238,0,0.3333333333333333,tiny_imagenet,tiny_imagenet,1,octmnist,bloodmnist|breastmnist|cifar100|cifar100_coarse|octmnist|organsmnist|rendered_sst2|svhn|tissuemnist|usps,0.6647059559822083,0.6392157554626465,0.025490200519561745,0.4561402872548957,0.6865599632263184,0.669599974155426,0.016959989070892356,5,10,21
resnet50,flowers102,random,78,10,21,0.5238095238095238,1,0.6666666666666666,tiny_imagenet,tiny_imagenet,1,tiny_imagenet,bloodmnist|breastmnist|cifar100|dermamnist|mnist|pathmnist|rendered_sst2|retinamnist|stl10|tiny_imagenet,0.6647059559822083,0.6647059559822083,0.0,0.0,0.6865599632263184,0.6865599632263184,0.0,5,10,21
resnet50,flowers102,random,79,10,21,0.5238095238095238,1,0.6666666666666666,tiny_imagenet,tiny_imagenet,1,tiny_imagenet,bloodmnist|cifar100|dermamnist|octmnist|organamnist|organcmnist|organsmnist|pathmnist|rendered_sst2|tiny_imagenet,0.6647059559822083,0.6647059559822083,0.0,0.0,0.6865599632263184,0.6865599632263184,0.0,5,10,21
resnet50,flowers102,random,80,10,21,0.5238095238095238,0,0.3333333333333333,tiny_imagenet,tiny_imagenet,1,octmnist,bloodmnist|breastmnist|cifar10|cifar100|cifar100_coarse|dermamnist|fashion_mnist|octmnist|organcmnist|usps,0.6647059559822083,0.6392157554626465,0.025490200519561745,0.4561402872548957,0.6865599632263184,0.669599974155426,0.016959989070892356,5,10,21
resnet50,flowers102,random,81,10,21,0.5238095238095238,0,0.3333333333333333,tiny_imagenet,tiny_imagenet,1,mnist,breastmnist|cifar100_coarse|dermamnist|fashion_mnist|mnist|organamnist|organcmnist|organsmnist|pneumoniamnist|usps,0.6647059559822083,0.6392157316207886,0.025490224361419678,0.4561407138985354,0.6865599632263184,0.6693199872970581,0.0172399759292603,5,10,21
resnet50,flowers102,random,82,10,21,0.5238095238095238,0,0.0,tiny_imagenet,tiny_imagenet,1,pathmnist,cifar100|cifar100_coarse|fashion_mnist|organcmnist|organsmnist|pathmnist|pneumoniamnist|stl10|tissuemnist|usps,0.6647059559822083,0.6352941870689393,0.02941176891326902,0.5263156996539705,0.6865599632263184,0.6761199474334717,0.010440015792846702,5,10,21
resnet50,flowers102,random,83,10,21,0.5238095238095238,0,0.3333333333333333,tiny_imagenet,tiny_imagenet,1,mnist,bloodmnist|breastmnist|dermamnist|fashion_mnist|mnist|organcmnist|pathmnist|pneumoniamnist|rendered_sst2|usps,0.6647059559822083,0.6392157316207886,0.025490224361419678,0.4561407138985354,0.6865599632263184,0.6693199872970581,0.0172399759292603,5,10,21
resnet50,flowers102,random,84,10,21,0.5238095238095238,1,0.6666666666666666,tiny_imagenet,tiny_imagenet,1,tiny_imagenet,cifar100_coarse|octmnist|organamnist|organcmnist|organsmnist|pathmnist|svhn|tiny_imagenet|tissuemnist|usps,0.6647059559822083,0.6647059559822083,0.0,0.0,0.6865599632263184,0.6865599632263184,0.0,5,10,21
resnet50,flowers102,random,85,10,21,0.5238095238095238,0,0.6666666666666666,tiny_imagenet,tiny_imagenet,1,octmnist,cifar10|cifar100|dermamnist|mnist|octmnist|organcmnist|retinamnist|stl10|svhn|usps,0.6647059559822083,0.6392157554626465,0.025490200519561745,0.4561402872548957,0.6865599632263184,0.669599974155426,0.016959989070892356,5,10,21
resnet50,flowers102,random,86,10,21,0.5238095238095238,0,0.3333333333333333,tiny_imagenet,tiny_imagenet,1,octmnist,bloodmnist|cifar100|cifar100_coarse|fashion_mnist|octmnist|organamnist|organcmnist|pneumoniamnist|retinamnist|usps,0.6647059559822083,0.6392157554626465,0.025490200519561745,0.4561402872548957,0.6865599632263184,0.669599974155426,0.016959989070892356,5,10,21
resnet50,flowers102,random,87,10,21,0.5238095238095238,0,0.3333333333333333,tiny_imagenet,tiny_imagenet,1,octmnist,bloodmnist|cifar10|cifar100|octmnist|organamnist|organcmnist|pneumoniamnist|retinamnist|tissuemnist|usps,0.6647059559822083,0.6392157554626465,0.025490200519561745,0.4561402872548957,0.6865599632263184,0.669599974155426,0.016959989070892356,5,10,21
resnet50,flowers102,random,88,10,21,0.5238095238095238,1,1.0,tiny_imagenet,tiny_imagenet,1,tiny_imagenet,breastmnist|cifar10|dermamnist|fashion_mnist|mnist|octmnist|organamnist|pneumoniamnist|stl10|tiny_imagenet,0.6647059559822083,0.6647059559822083,0.0,0.0,0.6865599632263184,0.6865599632263184,0.0,5,10,21
resnet50,flowers102,random,89,10,21,0.5238095238095238,0,0.0,tiny_imagenet,tiny_imagenet,1,bloodmnist,bloodmnist|breastmnist|cifar100|cifar100_coarse|fashion_mnist|organamnist|organsmnist|rendered_sst2|tissuemnist|usps,0.6647059559822083,0.6372549653053283,0.02745099067687995,0.4912281001153445,0.6865599632263184,0.6715199470520019,0.015040016174316495,5,10,21
resnet50,flowers102,random,90,10,21,0.5238095238095238,0,0.3333333333333333,tiny_imagenet,tiny_imagenet,1,mnist,cifar100_coarse|dermamnist|mnist|organcmnist|organsmnist|pneumoniamnist|rendered_sst2|retinamnist|stl10|tissuemnist,0.6647059559822083,0.6392157316207886,0.025490224361419678,0.4561407138985354,0.6865599632263184,0.6693199872970581,0.0172399759292603,5,10,21
resnet50,flowers102,random,91,10,21,0.5238095238095238,1,0.6666666666666666,tiny_imagenet,tiny_imagenet,1,tiny_imagenet,breastmnist|cifar100|fashion_mnist|mnist|organcmnist|pneumoniamnist|stl10|svhn|tiny_imagenet|tissuemnist,0.6647059559822083,0.6647059559822083,0.0,0.0,0.6865599632263184,0.6865599632263184,0.0,5,10,21
resnet50,flowers102,random,92,10,21,0.5238095238095238,1,0.6666666666666666,tiny_imagenet,tiny_imagenet,1,tiny_imagenet,breastmnist|cifar100|cifar100_coarse|fashion_mnist|mnist|pneumoniamnist|rendered_sst2|tiny_imagenet|tissuemnist|usps,0.6647059559822083,0.6647059559822083,0.0,0.0,0.6865599632263184,0.6865599632263184,0.0,5,10,21
resnet50,flowers102,random,93,10,21,0.5238095238095238,0,0.3333333333333333,tiny_imagenet,tiny_imagenet,1,octmnist,cifar100_coarse|octmnist|organamnist|organcmnist|organsmnist|pathmnist|pneumoniamnist|retinamnist|stl10|tissuemnist,0.6647059559822083,0.6392157554626465,0.025490200519561745,0.4561402872548957,0.6865599632263184,0.669599974155426,0.016959989070892356,5,10,21
resnet50,flowers102,random,94,10,21,0.5238095238095238,0,0.0,tiny_imagenet,tiny_imagenet,1,pathmnist,cifar100|cifar100_coarse|dermamnist|organamnist|pathmnist|retinamnist|stl10|svhn|tissuemnist|usps,0.6647059559822083,0.6352941870689393,0.02941176891326902,0.5263156996539705,0.6865599632263184,0.6761199474334717,0.010440015792846702,5,10,21
resnet50,flowers102,random,95,10,21,0.5238095238095238,1,0.6666666666666666,tiny_imagenet,tiny_imagenet,1,tiny_imagenet,bloodmnist|breastmnist|cifar100_coarse|dermamnist|mnist|pathmnist|pneumoniamnist|rendered_sst2|svhn|tiny_imagenet,0.6647059559822083,0.6647059559822083,0.0,0.0,0.6865599632263184,0.6865599632263184,0.0,5,10,21
resnet50,flowers102,random,96,10,21,0.5238095238095238,1,0.3333333333333333,tiny_imagenet,tiny_imagenet,1,tiny_imagenet,bloodmnist|cifar10|cifar100|dermamnist|organcmnist|pneumoniamnist|rendered_sst2|tiny_imagenet|tissuemnist|usps,0.6647059559822083,0.6647059559822083,0.0,0.0,0.6865599632263184,0.6865599632263184,0.0,5,10,21
resnet50,flowers102,random,97,10,21,0.5238095238095238,1,0.6666666666666666,tiny_imagenet,tiny_imagenet,1,tiny_imagenet,bloodmnist|cifar10|cifar100|mnist|organcmnist|rendered_sst2|retinamnist|svhn|tiny_imagenet|usps,0.6647059559822083,0.6647059559822083,0.0,0.0,0.6865599632263184,0.6865599632263184,0.0,5,10,21
resnet50,flowers102,random,98,10,21,0.5238095238095238,0,0.0,tiny_imagenet,tiny_imagenet,1,cifar10,bloodmnist|breastmnist|cifar10|cifar100|cifar100_coarse|organsmnist|pathmnist|pneumoniamnist|rendered_sst2|retinamnist,0.6647059559822083,0.6372549891471863,0.027450966835022017,0.4912276734717048,0.6865599632263184,0.6822399854660034,0.004319977760315008,5,10,21
resnet50,flowers102,random,99,10,21,0.5238095238095238,1,0.6666666666666666,tiny_imagenet,tiny_imagenet,1,tiny_imagenet,bloodmnist|dermamnist|fashion_mnist|octmnist|organsmnist|pneumoniamnist|rendered_sst2|stl10|tiny_imagenet|tissuemnist,0.6647059559822083,0.6647059559822083,0.0,0.0,0.6865599632263184,0.6865599632263184,0.0,5,10,21
resnet50,food101,rank_only,-1,3,21,0.8571428571428572,0,0.3333333333333333,mnist,mnist,1,tiny_imagenet,tiny_imagenet|cifar100_coarse|cifar100,0.4069307088851929,0.40653467178344727,0.0003960371017456277,0.006060566811309783,0.4400799751281738,0.450439989566803,-0.010360014438629161,5,3,21
resnet50,food101,facility_subspace,-1,3,21,0.8571428571428572,0,0.0,mnist,mnist,1,svhn,organcmnist|cifar100|svhn,0.4069307088851929,0.40554456114768983,0.0013861477375030629,0.021212257479045534,0.4400799751281738,0.43923998475074766,0.0008399903774261586,5,3,21
resnet50,food101,kcenter_subspace,-1,3,21,0.8571428571428572,0,0.3333333333333333,mnist,mnist,1,tiny_imagenet,tiny_imagenet|rendered_sst2|usps,0.4069307088851929,0.40653467178344727,0.0003960371017456277,0.006060566811309783,0.4400799751281738,0.450439989566803,-0.010360014438629161,5,3,21
resnet50,food101,dpp_subspace,-1,3,21,0.8571428571428572,0,0.3333333333333333,mnist,mnist,1,tiny_imagenet,tiny_imagenet|stl10|cifar100_coarse,0.4069307088851929,0.40653467178344727,0.0003960371017456277,0.006060566811309783,0.4400799751281738,0.450439989566803,-0.010360014438629161,5,3,21
resnet50,food101,pool_vendi_subspace,-1,3,21,0.8571428571428572,0,0.3333333333333333,mnist,mnist,1,tiny_imagenet,tiny_imagenet|rendered_sst2|usps,0.4069307088851929,0.40653467178344727,0.0003960371017456277,0.006060566811309783,0.4400799751281738,0.450439989566803,-0.010360014438629161,5,3,21
resnet50,food101,full_merged_rank,-1,3,21,0.8571428571428572,0,0.3333333333333333,mnist,mnist,1,tiny_imagenet,tiny_imagenet|stl10|cifar100_coarse,0.4069307088851929,0.40653467178344727,0.0003960371017456277,0.006060566811309783,0.4400799751281738,0.450439989566803,-0.010360014438629161,5,3,21
resnet50,food101,random,0,3,21,0.8571428571428572,0,0.0,mnist,mnist,1,pathmnist,octmnist|pathmnist|pneumoniamnist,0.4069307088851929,0.40633665919303896,0.0005940496921539307,0.00909075900381006,0.4400799751281738,0.4420799672603607,-0.0019999921321868785,5,3,21
resnet50,food101,random,1,3,21,0.8571428571428572,0,0.3333333333333333,mnist,mnist,1,tiny_imagenet,pathmnist|rendered_sst2|tiny_imagenet,0.4069307088851929,0.40653467178344727,0.0003960371017456277,0.006060566811309783,0.4400799751281738,0.450439989566803,-0.010360014438629161,5,3,21
resnet50,food101,random,2,3,21,0.8571428571428572,0,0.0,mnist,mnist,1,organamnist,octmnist|organamnist|organsmnist,0.4069307088851929,0.40574259757995607,0.0011881113052368275,0.0181817004339285,0.4400799751281738,0.4352399706840515,0.004840004444122303,5,3,21
resnet50,food101,random,3,3,21,0.8571428571428572,0,0.0,mnist,mnist,1,cifar10,cifar10|dermamnist|fashion_mnist,0.4069307088851929,0.4037623882293701,0.003168320655822787,0.04848489934309247,0.4400799751281738,0.4504799902439117,-0.010400015115737904,5,3,21
resnet50,food101,random,4,3,21,0.8571428571428572,0,0.0,mnist,mnist,1,usps,bloodmnist|rendered_sst2|usps,0.4069307088851929,0.40297031998634336,0.003960388898849532,0.06060594175255742,0.4400799751281738,0.4401599884033203,-8.001327514650658e-05,5,3,21
resnet50,food101,random,5,3,21,0.8571428571428572,1,0.3333333333333333,mnist,mnist,1,mnist,cifar100|fashion_mnist|mnist,0.4069307088851929,0.4069307088851929,0.0,0.0,0.4400799751281738,0.4400799751281738,0.0,5,3,21
resnet50,food101,random,6,3,21,0.8571428571428572,0,0.3333333333333333,mnist,mnist,1,tiny_imagenet,organsmnist|retinamnist|tiny_imagenet,0.4069307088851929,0.40653467178344727,0.0003960371017456277,0.006060566811309783,0.4400799751281738,0.450439989566803,-0.010360014438629161,5,3,21
resnet50,food101,random,7,3,21,0.8571428571428572,0,0.0,mnist,mnist,1,cifar10,breastmnist|cifar10|usps,0.4069307088851929,0.4037623882293701,0.003168320655822787,0.04848489934309247,0.4400799751281738,0.4504799902439117,-0.010400015115737904,5,3,21
resnet50,food101,random,8,3,21,0.8571428571428572,0,0.3333333333333333,mnist,mnist,1,tissuemnist,bloodmnist|breastmnist|tissuemnist,0.4069307088851929,0.4067326903343201,0.00019801855087281384,0.0030302834056548916,0.4400799751281738,0.4406399726867676,-0.0005599975585937611,5,3,21
resnet50,food101,random,9,3,21,0.8571428571428572,1,0.3333333333333333,mnist,mnist,1,mnist,cifar100_coarse|mnist|pathmnist,0.4069307088851929,0.4069307088851929,0.0,0.0,0.4400799751281738,0.4400799751281738,0.0,5,3,21
resnet50,food101,random,10,3,21,0.8571428571428572,0,0.0,mnist,mnist,1,pathmnist,bloodmnist|pathmnist|svhn,0.4069307088851929,0.40633665919303896,0.0005940496921539307,0.00909075900381006,0.4400799751281738,0.4420799672603607,-0.0019999921321868785,5,3,21
resnet50,food101,random,11,3,21,0.8571428571428572,0,0.3333333333333333,mnist,mnist,1,tiny_imagenet,retinamnist|svhn|tiny_imagenet,0.4069307088851929,0.40653467178344727,0.0003960371017456277,0.006060566811309783,0.4400799751281738,0.450439989566803,-0.010360014438629161,5,3,21
resnet50,food101,random,12,3,21,0.8571428571428572,0,0.3333333333333333,mnist,mnist,1,tissuemnist,cifar100|fashion_mnist|tissuemnist,0.4069307088851929,0.4067326903343201,0.00019801855087281384,0.0030302834056548916,0.4400799751281738,0.4406399726867676,-0.0005599975585937611,5,3,21
resnet50,food101,random,13,3,21,0.8571428571428572,0,0.0,mnist,mnist,1,cifar100_coarse,bloodmnist|cifar100_coarse|organsmnist,0.4069307088851929,0.40059407949447634,0.006336629390716553,0.09696961625987571,0.4400799751281738,0.4421999752521515,-0.0021200001239776722,5,3,21
resnet50,food101,random,14,3,21,0.8571428571428572,0,0.0,mnist,mnist,1,stl10,dermamnist|fashion_mnist|stl10,0.4069307088851929,0.4049505114555359,0.0019801974296569935,0.030303016482855594,0.4400799751281738,0.4590799808502197,-0.01900000572204591,5,3,21
resnet50,food101,random,15,3,21,0.8571428571428572,0,0.0,mnist,mnist,1,stl10,bloodmnist|cifar100_coarse|stl10,0.4069307088851929,0.4049505114555359,0.0019801974296569935,0.030303016482855594,0.4400799751281738,0.4590799808502197,-0.01900000572204591,5,3,21
resnet50,food101,random,16,3,21,0.8571428571428572,0,0.0,mnist,mnist,1,pathmnist,breastmnist|cifar100_coarse|pathmnist,0.4069307088851929,0.40633665919303896,0.0005940496921539307,0.00909075900381006,0.4400799751281738,0.4420799672603607,-0.0019999921321868785,5,3,21
resnet50,food101,random,17,3,21,0.8571428571428572,0,0.0,mnist,mnist,1,organamnist,organamnist|organsmnist|usps,0.4069307088851929,0.40574259757995607,0.0011881113052368275,0.0181817004339285,0.4400799751281738,0.4352399706840515,0.004840004444122303,5,3,21
resnet50,food101,random,18,3,21,0.8571428571428572,0,0.3333333333333333,mnist,mnist,1,tiny_imagenet,cifar100|pathmnist|tiny_imagenet,0.4069307088851929,0.40653467178344727,0.0003960371017456277,0.006060566811309783,0.4400799751281738,0.450439989566803,-0.010360014438629161,5,3,21
resnet50,food101,random,19,3,21,0.8571428571428572,1,0.3333333333333333,mnist,mnist,1,mnist,bloodmnist|mnist|stl10,0.4069307088851929,0.4069307088851929,0.0,0.0,0.4400799751281738,0.4400799751281738,0.0,5,3,21
resnet50,food101,random,20,3,21,0.8571428571428572,0,0.0,mnist,mnist,1,cifar10,cifar10|retinamnist|usps,0.4069307088851929,0.4037623882293701,0.003168320655822787,0.04848489934309247,0.4400799751281738,0.4504799902439117,-0.010400015115737904,5,3,21
resnet50,food101,random,21,3,21,0.8571428571428572,0,0.3333333333333333,mnist,mnist,1,tiny_imagenet,dermamnist|pneumoniamnist|tiny_imagenet,0.4069307088851929,0.40653467178344727,0.0003960371017456277,0.006060566811309783,0.4400799751281738,0.450439989566803,-0.010360014438629161,5,3,21
resnet50,food101,random,22,3,21,0.8571428571428572,0,0.0,mnist,mnist,1,cifar10,breastmnist|cifar10|organsmnist,0.4069307088851929,0.4037623882293701,0.003168320655822787,0.04848489934309247,0.4400799751281738,0.4504799902439117,-0.010400015115737904,5,3,21
resnet50,food101,random,23,3,21,0.8571428571428572,0,0.3333333333333333,mnist,mnist,1,tissuemnist,bloodmnist|pathmnist|tissuemnist,0.4069307088851929,0.4067326903343201,0.00019801855087281384,0.0030302834056548916,0.4400799751281738,0.4406399726867676,-0.0005599975585937611,5,3,21
resnet50,food101,random,24,3,21,0.8571428571428572,1,0.3333333333333333,mnist,mnist,1,mnist,cifar100|mnist|pneumoniamnist,0.4069307088851929,0.4069307088851929,0.0,0.0,0.4400799751281738,0.4400799751281738,0.0,5,3,21
resnet50,food101,random,25,3,21,0.8571428571428572,0,0.0,mnist,mnist,1,fashion_mnist,fashion_mnist|organcmnist|rendered_sst2,0.4069307088851929,0.40000001192092893,0.00693069696426396,0.10606064890314877,0.4400799751281738,0.44199998378753663,-0.0019200086593628152,5,3,21
resnet50,food101,random,26,3,21,0.8571428571428572,1,0.3333333333333333,mnist,mnist,1,mnist,cifar10|cifar100|mnist,0.4069307088851929,0.4069307088851929,0.0,0.0,0.4400799751281738,0.4400799751281738,0.0,5,3,21
resnet50,food101,random,27,3,21,0.8571428571428572,0,0.0,mnist,mnist,1,stl10,dermamnist|rendered_sst2|stl10,0.4069307088851929,0.4049505114555359,0.0019801974296569935,0.030303016482855594,0.4400799751281738,0.4590799808502197,-0.01900000572204591,5,3,21
resnet50,food101,random,28,3,21,0.8571428571428572,0,0.0,mnist,mnist,1,pathmnist,breastmnist|dermamnist|pathmnist,0.4069307088851929,0.40633665919303896,0.0005940496921539307,0.00909075900381006,0.4400799751281738,0.4420799672603607,-0.0019999921321868785,5,3,21
resnet50,food101,random,29,3,21,0.8571428571428572,0,0.3333333333333333,mnist,mnist,1,tissuemnist,pneumoniamnist|svhn|tissuemnist,0.4069307088851929,0.4067326903343201,0.00019801855087281384,0.0030302834056548916,0.4400799751281738,0.4406399726867676,-0.0005599975585937611,5,3,21
resnet50,food101,random,30,3,21,0.8571428571428572,0,0.0,mnist,mnist,1,pathmnist,breastmnist|cifar100_coarse|pathmnist,0.4069307088851929,0.40633665919303896,0.0005940496921539307,0.00909075900381006,0.4400799751281738,0.4420799672603607,-0.0019999921321868785,5,3,21
resnet50,food101,random,31,3,21,0.8571428571428572,1,0.3333333333333333,mnist,mnist,1,mnist,fashion_mnist|mnist|octmnist,0.4069307088851929,0.4069307088851929,0.0,0.0,0.4400799751281738,0.4400799751281738,0.0,5,3,21
resnet50,food101,random,32,3,21,0.8571428571428572,0,0.0,mnist,mnist,1,cifar10,cifar10|organsmnist|usps,0.4069307088851929,0.4037623882293701,0.003168320655822787,0.04848489934309247,0.4400799751281738,0.4504799902439117,-0.010400015115737904,5,3,21
resnet50,food101,random,33,3,21,0.8571428571428572,1,0.3333333333333333,mnist,mnist,1,mnist,mnist|octmnist|organsmnist,0.4069307088851929,0.4069307088851929,0.0,0.0,0.4400799751281738,0.4400799751281738,0.0,5,3,21
resnet50,food101,random,34,3,21,0.8571428571428572,0,0.0,mnist,mnist,1,pathmnist,bloodmnist|organsmnist|pathmnist,0.4069307088851929,0.40633665919303896,0.0005940496921539307,0.00909075900381006,0.4400799751281738,0.4420799672603607,-0.0019999921321868785,5,3,21
resnet50,food101,random,35,3,21,0.8571428571428572,0,0.0,mnist,mnist,1,usps,cifar100_coarse|rendered_sst2|usps,0.4069307088851929,0.40297031998634336,0.003960388898849532,0.06060594175255742,0.4400799751281738,0.4401599884033203,-8.001327514650658e-05,5,3,21
resnet50,food101,random,36,3,21,0.8571428571428572,0,0.0,mnist,mnist,1,cifar100,cifar100|organcmnist|usps,0.4069307088851929,0.4045544683933258,0.0023762404918670765,0.036363674507319144,0.4400799751281738,0.447599983215332,-0.007520008087158192,5,3,21
resnet50,food101,random,37,3,21,0.8571428571428572,0,0.3333333333333333,mnist,mnist,1,tiny_imagenet,pneumoniamnist|stl10|tiny_imagenet,0.4069307088851929,0.40653467178344727,0.0003960371017456277,0.006060566811309783,0.4400799751281738,0.450439989566803,-0.010360014438629161,5,3,21
resnet50,food101,random,38,3,21,0.8571428571428572,0,0.3333333333333333,mnist,mnist,1,tissuemnist,cifar100|pathmnist|tissuemnist,0.4069307088851929,0.4067326903343201,0.00019801855087281384,0.0030302834056548916,0.4400799751281738,0.4406399726867676,-0.0005599975585937611,5,3,21
resnet50,food101,random,39,3,21,0.8571428571428572,0,0.0,mnist,mnist,1,dermamnist,breastmnist|dermamnist|organsmnist,0.4069307088851929,0.40019803643226626,0.006732672452926636,0.10303027428433927,0.4400799751281738,0.4424399733543396,-0.0023599982261657826,5,3,21
resnet50,food101,random,40,3,21,0.8571428571428572,0,0.0,mnist,mnist,1,svhn,breastmnist|dermamnist|svhn,0.4069307088851929,0.40554456114768983,0.0013861477375030629,0.021212257479045534,0.4400799751281738,0.43923998475074766,0.0008399903774261586,5,3,21
resnet50,food101,random,41,3,21,0.8571428571428572,0,0.3333333333333333,mnist,mnist,1,tissuemnist,bloodmnist|retinamnist|tissuemnist,0.4069307088851929,0.4067326903343201,0.00019801855087281384,0.0030302834056548916,0.4400799751281738,0.4406399726867676,-0.0005599975585937611,5,3,21
resnet50,food101,random,42,3,21,0.8571428571428572,0,0.0,mnist,mnist,1,octmnist,octmnist|organcmnist|pneumoniamnist,0.4069307088851929,0.4011881411075592,0.005742567777633711,0.08787867482975813,0.4400799751281738,0.4341599762439728,0.005919998884201028,5,3,21
resnet50,food101,random,43,3,21,0.8571428571428572,1,0.3333333333333333,mnist,mnist,1,mnist,cifar10|mnist|organcmnist,0.4069307088851929,0.4069307088851929,0.0,0.0,0.4400799751281738,0.4400799751281738,0.0,5,3,21
resnet50,food101,random,44,3,21,0.8571428571428572,1,0.6666666666666666,mnist,mnist,1,mnist,breastmnist|mnist|tissuemnist,0.4069307088851929,0.4069307088851929,0.0,0.0,0.4400799751281738,0.4400799751281738,0.0,5,3,21
resnet50,food101,random,45,3,21,0.8571428571428572,0,0.0,mnist,mnist,1,svhn,bloodmnist|retinamnist|svhn,0.4069307088851929,0.40554456114768983,0.0013861477375030629,0.021212257479045534,0.4400799751281738,0.43923998475074766,0.0008399903774261586,5,3,21
resnet50,food101,random,46,3,21,0.8571428571428572,0,0.0,mnist,mnist,1,usps,breastmnist|fashion_mnist|usps,0.4069307088851929,0.40297031998634336,0.003960388898849532,0.06060594175255742,0.4400799751281738,0.4401599884033203,-8.001327514650658e-05,5,3,21
resnet50,food101,random,47,3,21,0.8571428571428572,0,0.0,mnist,mnist,1,cifar100,cifar100|retinamnist|usps,0.4069307088851929,0.4045544683933258,0.0023762404918670765,0.036363674507319144,0.4400799751281738,0.447599983215332,-0.007520008087158192,5,3,21
resnet50,food101,random,48,3,21,0.8571428571428572,0,0.0,mnist,mnist,1,stl10,pneumoniamnist|stl10|usps,0.4069307088851929,0.4049505114555359,0.0019801974296569935,0.030303016482855594,0.4400799751281738,0.4590799808502197,-0.01900000572204591,5,3,21
resnet50,food101,random,49,3,21,0.8571428571428572,0,0.0,mnist,mnist,1,octmnist,dermamnist|octmnist|rendered_sst2,0.4069307088851929,0.4011881411075592,0.005742567777633711,0.08787867482975813,0.4400799751281738,0.4341599762439728,0.005919998884201028,5,3,21
resnet50,food101,random,50,3,21,0.8571428571428572,1,0.3333333333333333,mnist,mnist,1,mnist,bloodmnist|cifar100|mnist,0.4069307088851929,0.4069307088851929,0.0,0.0,0.4400799751281738,0.4400799751281738,0.0,5,3,21
resnet50,food101,random,51,3,21,0.8571428571428572,0,0.3333333333333333,mnist,mnist,1,tiny_imagenet,organcmnist|retinamnist|tiny_imagenet,0.4069307088851929,0.40653467178344727,0.0003960371017456277,0.006060566811309783,0.4400799751281738,0.450439989566803,-0.010360014438629161,5,3,21
resnet50,food101,random,52,3,21,0.8571428571428572,1,0.3333333333333333,mnist,mnist,1,mnist,breastmnist|cifar100|mnist,0.4069307088851929,0.4069307088851929,0.0,0.0,0.4400799751281738,0.4400799751281738,0.0,5,3,21
resnet50,food101,random,53,3,21,0.8571428571428572,0,0.0,mnist,mnist,1,svhn,bloodmnist|rendered_sst2|svhn,0.4069307088851929,0.40554456114768983,0.0013861477375030629,0.021212257479045534,0.4400799751281738,0.43923998475074766,0.0008399903774261586,5,3,21
resnet50,food101,random,54,3,21,0.8571428571428572,0,0.3333333333333333,mnist,mnist,1,tiny_imagenet,fashion_mnist|svhn|tiny_imagenet,0.4069307088851929,0.40653467178344727,0.0003960371017456277,0.006060566811309783,0.4400799751281738,0.450439989566803,-0.010360014438629161,5,3,21
resnet50,food101,random,55,3,21,0.8571428571428572,0,0.0,mnist,mnist,1,organamnist,dermamnist|organamnist|organcmnist,0.4069307088851929,0.40574259757995607,0.0011881113052368275,0.0181817004339285,0.4400799751281738,0.4352399706840515,0.004840004444122303,5,3,21
resnet50,food101,random,56,3,21,0.8571428571428572,0,0.0,mnist,mnist,1,pathmnist,breastmnist|pathmnist|svhn,0.4069307088851929,0.40633665919303896,0.0005940496921539307,0.00909075900381006,0.4400799751281738,0.4420799672603607,-0.0019999921321868785,5,3,21
resnet50,food101,random,57,3,21,0.8571428571428572,0,0.3333333333333333,mnist,mnist,1,tissuemnist,fashion_mnist|retinamnist|tissuemnist,0.4069307088851929,0.4067326903343201,0.00019801855087281384,0.0030302834056548916,0.4400799751281738,0.4406399726867676,-0.0005599975585937611,5,3,21
resnet50,food101,random,58,3,21,0.8571428571428572,1,0.3333333333333333,mnist,mnist,1,mnist,fashion_mnist|mnist|pneumoniamnist,0.4069307088851929,0.4069307088851929,0.0,0.0,0.4400799751281738,0.4400799751281738,0.0,5,3,21
resnet50,food101,random,59,3,21,0.8571428571428572,0,0.3333333333333333,mnist,mnist,1,tissuemnist,cifar100|pneumoniamnist|tissuemnist,0.4069307088851929,0.4067326903343201,0.00019801855087281384,0.0030302834056548916,0.4400799751281738,0.4406399726867676,-0.0005599975585937611,5,3,21
resnet50,food101,random,60,3,21,0.8571428571428572,0,0.3333333333333333,mnist,mnist,1,tissuemnist,breastmnist|pneumoniamnist|tissuemnist,0.4069307088851929,0.4067326903343201,0.00019801855087281384,0.0030302834056548916,0.4400799751281738,0.4406399726867676,-0.0005599975585937611,5,3,21
resnet50,food101,random,61,3,21,0.8571428571428572,0,0.3333333333333333,mnist,mnist,1,tissuemnist,breastmnist|fashion_mnist|tissuemnist,0.4069307088851929,0.4067326903343201,0.00019801855087281384,0.0030302834056548916,0.4400799751281738,0.4406399726867676,-0.0005599975585937611,5,3,21
resnet50,food101,random,62,3,21,0.8571428571428572,0,0.0,mnist,mnist,1,cifar100,cifar10|cifar100|organsmnist,0.4069307088851929,0.4045544683933258,0.0023762404918670765,0.036363674507319144,0.4400799751281738,0.447599983215332,-0.007520008087158192,5,3,21
resnet50,food101,random,63,3,21,0.8571428571428572,1,0.3333333333333333,mnist,mnist,1,mnist,cifar100_coarse|mnist|organcmnist,0.4069307088851929,0.4069307088851929,0.0,0.0,0.4400799751281738,0.4400799751281738,0.0,5,3,21
resnet50,food101,random,64,3,21,0.8571428571428572,1,0.3333333333333333,mnist,mnist,1,mnist,cifar100|mnist|retinamnist,0.4069307088851929,0.4069307088851929,0.0,0.0,0.4400799751281738,0.4400799751281738,0.0,5,3,21
resnet50,food101,random,65,3,21,0.8571428571428572,0,0.0,mnist,mnist,1,stl10,octmnist|rendered_sst2|stl10,0.4069307088851929,0.4049505114555359,0.0019801974296569935,0.030303016482855594,0.4400799751281738,0.4590799808502197,-0.01900000572204591,5,3,21
resnet50,food101,random,66,3,21,0.8571428571428572,0,0.3333333333333333,mnist,mnist,1,tissuemnist,breastmnist|dermamnist|tissuemnist,0.4069307088851929,0.4067326903343201,0.00019801855087281384,0.0030302834056548916,0.4400799751281738,0.4406399726867676,-0.0005599975585937611,5,3,21
resnet50,food101,random,67,3,21,0.8571428571428572,0,0.0,mnist,mnist,1,stl10,rendered_sst2|retinamnist|stl10,0.4069307088851929,0.4049505114555359,0.0019801974296569935,0.030303016482855594,0.4400799751281738,0.4590799808502197,-0.01900000572204591,5,3,21
resnet50,food101,random,68,3,21,0.8571428571428572,0,0.0,mnist,mnist,1,cifar100,cifar100|cifar100_coarse|retinamnist,0.4069307088851929,0.4045544683933258,0.0023762404918670765,0.036363674507319144,0.4400799751281738,0.447599983215332,-0.007520008087158192,5,3,21
resnet50,food101,random,69,3,21,0.8571428571428572,0,0.0,mnist,mnist,1,stl10,retinamnist|stl10|usps,0.4069307088851929,0.4049505114555359,0.0019801974296569935,0.030303016482855594,0.4400799751281738,0.4590799808502197,-0.01900000572204591,5,3,21
resnet50,food101,random,70,3,21,0.8571428571428572,0,0.3333333333333333,mnist,mnist,1,tissuemnist,stl10|svhn|tissuemnist,0.4069307088851929,0.4067326903343201,0.00019801855087281384,0.0030302834056548916,0.4400799751281738,0.4406399726867676,-0.0005599975585937611,5,3,21
resnet50,food101,random,71,3,21,0.8571428571428572,0,0.0,mnist,mnist,1,svhn,cifar100_coarse|retinamnist|svhn,0.4069307088851929,0.40554456114768983,0.0013861477375030629,0.021212257479045534,0.4400799751281738,0.43923998475074766,0.0008399903774261586,5,3,21
resnet50,food101,random,72,3,21,0.8571428571428572,0,0.0,mnist,mnist,1,pathmnist,breastmnist|dermamnist|pathmnist,0.4069307088851929,0.40633665919303896,0.0005940496921539307,0.00909075900381006,0.4400799751281738,0.4420799672603607,-0.0019999921321868785,5,3,21
resnet50,food101,random,73,3,21,0.8571428571428572,0,0.0,mnist,mnist,1,cifar100,bloodmnist|cifar100|organcmnist,0.4069307088851929,0.4045544683933258,0.0023762404918670765,0.036363674507319144,0.4400799751281738,0.447599983215332,-0.007520008087158192,5,3,21
resnet50,food101,random,74,3,21,0.8571428571428572,0,0.3333333333333333,mnist,mnist,1,tissuemnist,rendered_sst2|stl10|tissuemnist,0.4069307088851929,0.4067326903343201,0.00019801855087281384,0.0030302834056548916,0.4400799751281738,0.4406399726867676,-0.0005599975585937611,5,3,21
resnet50,food101,random,75,3,21,0.8571428571428572,0,0.0,mnist,mnist,1,svhn,cifar100_coarse|octmnist|svhn,0.4069307088851929,0.40554456114768983,0.0013861477375030629,0.021212257479045534,0.4400799751281738,0.43923998475074766,0.0008399903774261586,5,3,21
resnet50,food101,random,76,3,21,0.8571428571428572,0,0.0,mnist,mnist,1,octmnist,dermamnist|octmnist|rendered_sst2,0.4069307088851929,0.4011881411075592,0.005742567777633711,0.08787867482975813,0.4400799751281738,0.4341599762439728,0.005919998884201028,5,3,21
resnet50,food101,random,77,3,21,0.8571428571428572,0,0.6666666666666666,mnist,mnist,1,tissuemnist,breastmnist|tiny_imagenet|tissuemnist,0.4069307088851929,0.4067326903343201,0.00019801855087281384,0.0030302834056548916,0.4400799751281738,0.4406399726867676,-0.0005599975585937611,5,3,21
resnet50,food101,random,78,3,21,0.8571428571428572,0,0.0,mnist,mnist,1,organamnist,organamnist|pneumoniamnist|stl10,0.4069307088851929,0.40574259757995607,0.0011881113052368275,0.0181817004339285,0.4400799751281738,0.4352399706840515,0.004840004444122303,5,3,21
resnet50,food101,random,79,3,21,0.8571428571428572,0,0.0,mnist,mnist,1,octmnist,fashion_mnist|octmnist|pneumoniamnist,0.4069307088851929,0.4011881411075592,0.005742567777633711,0.08787867482975813,0.4400799751281738,0.4341599762439728,0.005919998884201028,5,3,21
resnet50,food101,random,80,3,21,0.8571428571428572,1,0.6666666666666666,mnist,mnist,1,mnist,fashion_mnist|mnist|tissuemnist,0.4069307088851929,0.4069307088851929,0.0,0.0,0.4400799751281738,0.4400799751281738,0.0,5,3,21
resnet50,food101,random,81,3,21,0.8571428571428572,1,0.3333333333333333,mnist,mnist,1,mnist,dermamnist|mnist|organamnist,0.4069307088851929,0.4069307088851929,0.0,0.0,0.4400799751281738,0.4400799751281738,0.0,5,3,21
resnet50,food101,random,82,3,21,0.8571428571428572,0,0.0,mnist,mnist,1,organamnist,bloodmnist|breastmnist|organamnist,0.4069307088851929,0.40574259757995607,0.0011881113052368275,0.0181817004339285,0.4400799751281738,0.4352399706840515,0.004840004444122303,5,3,21
resnet50,food101,random,83,3,21,0.8571428571428572,1,0.3333333333333333,mnist,mnist,1,mnist,cifar100_coarse|mnist|organcmnist,0.4069307088851929,0.4069307088851929,0.0,0.0,0.4400799751281738,0.4400799751281738,0.0,5,3,21
resnet50,food101,random,84,3,21,0.8571428571428572,0,0.3333333333333333,mnist,mnist,1,tissuemnist,organsmnist|svhn|tissuemnist,0.4069307088851929,0.4067326903343201,0.00019801855087281384,0.0030302834056548916,0.4400799751281738,0.4406399726867676,-0.0005599975585937611,5,3,21
resnet50,food101,random,85,3,21,0.8571428571428572,0,0.0,mnist,mnist,1,cifar100_coarse,cifar100_coarse|dermamnist|rendered_sst2,0.4069307088851929,0.40059407949447634,0.006336629390716553,0.09696961625987571,0.4400799751281738,0.4421999752521515,-0.0021200001239776722,5,3,21
resnet50,food101,random,86,3,21,0.8571428571428572,0,0.3333333333333333,mnist,mnist,1,tissuemnist,fashion_mnist|pneumoniamnist|tissuemnist,0.4069307088851929,0.4067326903343201,0.00019801855087281384,0.0030302834056548916,0.4400799751281738,0.4406399726867676,-0.0005599975585937611,5,3,21
resnet50,food101,random,87,3,21,0.8571428571428572,1,0.6666666666666666,mnist,mnist,1,mnist,cifar10|mnist|tissuemnist,0.4069307088851929,0.4069307088851929,0.0,0.0,0.4400799751281738,0.4400799751281738,0.0,5,3,21
resnet50,food101,random,88,3,21,0.8571428571428572,0,0.0,mnist,mnist,1,pathmnist,bloodmnist|breastmnist|pathmnist,0.4069307088851929,0.40633665919303896,0.0005940496921539307,0.00909075900381006,0.4400799751281738,0.4420799672603607,-0.0019999921321868785,5,3,21
resnet50,food101,random,89,3,21,0.8571428571428572,0,0.0,mnist,mnist,1,cifar100,bloodmnist|cifar100|pneumoniamnist,0.4069307088851929,0.4045544683933258,0.0023762404918670765,0.036363674507319144,0.4400799751281738,0.447599983215332,-0.007520008087158192,5,3,21
resnet50,food101,random,90,3,21,0.8571428571428572,0,0.0,mnist,mnist,1,stl10,organsmnist|stl10|usps,0.4069307088851929,0.4049505114555359,0.0019801974296569935,0.030303016482855594,0.4400799751281738,0.4590799808502197,-0.01900000572204591,5,3,21
resnet50,food101,random,91,3,21,0.8571428571428572,0,0.0,mnist,mnist,1,organamnist,bloodmnist|organamnist|organcmnist,0.4069307088851929,0.40574259757995607,0.0011881113052368275,0.0181817004339285,0.4400799751281738,0.4352399706840515,0.004840004444122303,5,3,21
resnet50,food101,random,92,3,21,0.8571428571428572,0,0.0,mnist,mnist,1,svhn,breastmnist|octmnist|svhn,0.4069307088851929,0.40554456114768983,0.0013861477375030629,0.021212257479045534,0.4400799751281738,0.43923998475074766,0.0008399903774261586,5,3,21
resnet50,food101,random,93,3,21,0.8571428571428572,0,0.3333333333333333,mnist,mnist,1,tiny_imagenet,cifar10|octmnist|tiny_imagenet,0.4069307088851929,0.40653467178344727,0.0003960371017456277,0.006060566811309783,0.4400799751281738,0.450439989566803,-0.010360014438629161,5,3,21
resnet50,food101,random,94,3,21,0.8571428571428572,1,0.3333333333333333,mnist,mnist,1,mnist,dermamnist|mnist|usps,0.4069307088851929,0.4069307088851929,0.0,0.0,0.4400799751281738,0.4400799751281738,0.0,5,3,21
resnet50,food101,random,95,3,21,0.8571428571428572,0,0.0,mnist,mnist,1,svhn,fashion_mnist|organcmnist|svhn,0.4069307088851929,0.40554456114768983,0.0013861477375030629,0.021212257479045534,0.4400799751281738,0.43923998475074766,0.0008399903774261586,5,3,21
resnet50,food101,random,96,3,21,0.8571428571428572,0,0.0,mnist,mnist,1,cifar100,cifar10|cifar100|dermamnist,0.4069307088851929,0.4045544683933258,0.0023762404918670765,0.036363674507319144,0.4400799751281738,0.447599983215332,-0.007520008087158192,5,3,21
resnet50,food101,random,97,3,21,0.8571428571428572,0,0.3333333333333333,mnist,mnist,1,tiny_imagenet,fashion_mnist|organcmnist|tiny_imagenet,0.4069307088851929,0.40653467178344727,0.0003960371017456277,0.006060566811309783,0.4400799751281738,0.450439989566803,-0.010360014438629161,5,3,21
resnet50,food101,random,98,3,21,0.8571428571428572,0,0.0,mnist,mnist,1,cifar10,cifar10|cifar100_coarse|rendered_sst2,0.4069307088851929,0.4037623882293701,0.003168320655822787,0.04848489934309247,0.4400799751281738,0.4504799902439117,-0.010400015115737904,5,3,21
resnet50,food101,random,99,3,21,0.8571428571428572,0,0.3333333333333333,mnist,mnist,1,tiny_imagenet,fashion_mnist|organamnist|tiny_imagenet,0.4069307088851929,0.40653467178344727,0.0003960371017456277,0.006060566811309783,0.4400799751281738,0.450439989566803,-0.010360014438629161,5,3,21
resnet50,food101,rank_only,-1,5,21,0.7619047619047619,0,0.3333333333333333,mnist,mnist,1,tiny_imagenet,tiny_imagenet|cifar100_coarse|cifar100|stl10|cifar10,0.4069307088851929,0.40653467178344727,0.0003960371017456277,0.006060566811309783,0.4400799751281738,0.450439989566803,-0.010360014438629161,5,5,21
resnet50,food101,facility_subspace,-1,5,21,0.7619047619047619,0,0.0,mnist,mnist,1,svhn,organcmnist|cifar100|svhn|rendered_sst2|retinamnist,0.4069307088851929,0.40554456114768983,0.0013861477375030629,0.021212257479045534,0.4400799751281738,0.43923998475074766,0.0008399903774261586,5,5,21
resnet50,food101,kcenter_subspace,-1,5,21,0.7619047619047619,0,0.3333333333333333,mnist,mnist,1,tiny_imagenet,tiny_imagenet|rendered_sst2|usps|retinamnist|pathmnist,0.4069307088851929,0.40653467178344727,0.0003960371017456277,0.006060566811309783,0.4400799751281738,0.450439989566803,-0.010360014438629161,5,5,21
resnet50,food101,dpp_subspace,-1,5,21,0.7619047619047619,0,0.3333333333333333,mnist,mnist,1,tiny_imagenet,tiny_imagenet|stl10|cifar100_coarse|cifar10|organsmnist,0.4069307088851929,0.40653467178344727,0.0003960371017456277,0.006060566811309783,0.4400799751281738,0.450439989566803,-0.010360014438629161,5,5,21
resnet50,food101,pool_vendi_subspace,-1,5,21,0.7619047619047619,0,0.3333333333333333,mnist,mnist,1,tiny_imagenet,tiny_imagenet|rendered_sst2|usps|retinamnist|pathmnist,0.4069307088851929,0.40653467178344727,0.0003960371017456277,0.006060566811309783,0.4400799751281738,0.450439989566803,-0.010360014438629161,5,5,21
resnet50,food101,full_merged_rank,-1,5,21,0.7619047619047619,0,0.3333333333333333,mnist,mnist,1,tiny_imagenet,tiny_imagenet|stl10|cifar100_coarse|cifar100|cifar10,0.4069307088851929,0.40653467178344727,0.0003960371017456277,0.006060566811309783,0.4400799751281738,0.450439989566803,-0.010360014438629161,5,5,21
resnet50,food101,random,0,5,21,0.7619047619047619,0,0.0,mnist,mnist,1,organamnist,bloodmnist|fashion_mnist|organamnist|organcmnist|rendered_sst2,0.4069307088851929,0.40574259757995607,0.0011881113052368275,0.0181817004339285,0.4400799751281738,0.4352399706840515,0.004840004444122303,5,5,21
resnet50,food101,random,1,5,21,0.7619047619047619,0,0.0,mnist,mnist,1,cifar100,bloodmnist|cifar10|cifar100|dermamnist|retinamnist,0.4069307088851929,0.4045544683933258,0.0023762404918670765,0.036363674507319144,0.4400799751281738,0.447599983215332,-0.007520008087158192,5,5,21
resnet50,food101,random,2,5,21,0.7619047619047619,1,0.6666666666666666,mnist,mnist,1,mnist,cifar10|mnist|pneumoniamnist|stl10|tiny_imagenet,0.4069307088851929,0.4069307088851929,0.0,0.0,0.4400799751281738,0.4400799751281738,0.0,5,5,21
resnet50,food101,random,3,5,21,0.7619047619047619,1,0.3333333333333333,mnist,mnist,1,mnist,cifar100_coarse|mnist|organsmnist|pathmnist|pneumoniamnist,0.4069307088851929,0.4069307088851929,0.0,0.0,0.4400799751281738,0.4400799751281738,0.0,5,5,21
resnet50,food101,random,4,5,21,0.7619047619047619,0,0.3333333333333333,mnist,mnist,1,tiny_imagenet,breastmnist|cifar10|cifar100_coarse|organcmnist|tiny_imagenet,0.4069307088851929,0.40653467178344727,0.0003960371017456277,0.006060566811309783,0.4400799751281738,0.450439989566803,-0.010360014438629161,5,5,21
resnet50,food101,random,5,5,21,0.7619047619047619,0,0.3333333333333333,mnist,mnist,1,tissuemnist,bloodmnist|breastmnist|cifar100_coarse|organamnist|tissuemnist,0.4069307088851929,0.4067326903343201,0.00019801855087281384,0.0030302834056548916,0.4400799751281738,0.4406399726867676,-0.0005599975585937611,5,5,21
resnet50,food101,random,6,5,21,0.7619047619047619,1,0.3333333333333333,mnist,mnist,1,mnist,cifar100_coarse|dermamnist|fashion_mnist|mnist|organamnist,0.4069307088851929,0.4069307088851929,0.0,0.0,0.4400799751281738,0.4400799751281738,0.0,5,5,21
resnet50,food101,random,7,5,21,0.7619047619047619,0,0.0,mnist,mnist,1,organamnist,cifar100_coarse|dermamnist|organamnist|pneumoniamnist|stl10,0.4069307088851929,0.40574259757995607,0.0011881113052368275,0.0181817004339285,0.4400799751281738,0.4352399706840515,0.004840004444122303,5,5,21
resnet50,food101,random,8,5,21,0.7619047619047619,0,0.0,mnist,mnist,1,organamnist,cifar10|cifar100|organamnist|rendered_sst2|stl10,0.4069307088851929,0.40574259757995607,0.0011881113052368275,0.0181817004339285,0.4400799751281738,0.4352399706840515,0.004840004444122303,5,5,21
resnet50,food101,random,9,5,21,0.7619047619047619,0,0.3333333333333333,mnist,mnist,1,tissuemnist,cifar100_coarse|pathmnist|rendered_sst2|svhn|tissuemnist,0.4069307088851929,0.4067326903343201,0.00019801855087281384,0.0030302834056548916,0.4400799751281738,0.4406399726867676,-0.0005599975585937611,5,5,21
resnet50,food101,random,10,5,21,0.7619047619047619,1,0.3333333333333333,mnist,mnist,1,mnist,cifar100|fashion_mnist|mnist|organcmnist|usps,0.4069307088851929,0.4069307088851929,0.0,0.0,0.4400799751281738,0.4400799751281738,0.0,5,5,21
resnet50,food101,random,11,5,21,0.7619047619047619,0,0.0,mnist,mnist,1,pathmnist,cifar100|dermamnist|fashion_mnist|pathmnist|svhn,0.4069307088851929,0.40633665919303896,0.0005940496921539307,0.00909075900381006,0.4400799751281738,0.4420799672603607,-0.0019999921321868785,5,5,21
resnet50,food101,random,12,5,21,0.7619047619047619,0,0.3333333333333333,mnist,mnist,1,tiny_imagenet,octmnist|pneumoniamnist|retinamnist|stl10|tiny_imagenet,0.4069307088851929,0.40653467178344727,0.0003960371017456277,0.006060566811309783,0.4400799751281738,0.450439989566803,-0.010360014438629161,5,5,21
resnet50,food101,random,13,5,21,0.7619047619047619,1,0.6666666666666666,mnist,mnist,1,mnist,mnist|pathmnist|pneumoniamnist|stl10|tissuemnist,0.4069307088851929,0.4069307088851929,0.0,0.0,0.4400799751281738,0.4400799751281738,0.0,5,5,21
resnet50,food101,random,14,5,21,0.7619047619047619,1,0.3333333333333333,mnist,mnist,1,mnist,bloodmnist|cifar100_coarse|mnist|octmnist|svhn,0.4069307088851929,0.4069307088851929,0.0,0.0,0.4400799751281738,0.4400799751281738,0.0,5,5,21
resnet50,food101,random,15,5,21,0.7619047619047619,0,0.0,mnist,mnist,1,pathmnist,bloodmnist|breastmnist|cifar100|fashion_mnist|pathmnist,0.4069307088851929,0.40633665919303896,0.0005940496921539307,0.00909075900381006,0.4400799751281738,0.4420799672603607,-0.0019999921321868785,5,5,21
resnet50,food101,random,16,5,21,0.7619047619047619,0,0.0,mnist,mnist,1,cifar100,bloodmnist|cifar10|cifar100|fashion_mnist|rendered_sst2,0.4069307088851929,0.4045544683933258,0.0023762404918670765,0.036363674507319144,0.4400799751281738,0.447599983215332,-0.007520008087158192,5,5,21
resnet50,food101,random,17,5,21,0.7619047619047619,0,0.0,mnist,mnist,1,usps,breastmnist|octmnist|organsmnist|pneumoniamnist|usps,0.4069307088851929,0.40297031998634336,0.003960388898849532,0.06060594175255742,0.4400799751281738,0.4401599884033203,-8.001327514650658e-05,5,5,21
resnet50,food101,random,18,5,21,0.7619047619047619,0,0.3333333333333333,mnist,mnist,1,tiny_imagenet,dermamnist|organsmnist|pathmnist|rendered_sst2|tiny_imagenet,0.4069307088851929,0.40653467178344727,0.0003960371017456277,0.006060566811309783,0.4400799751281738,0.450439989566803,-0.010360014438629161,5,5,21
resnet50,food101,random,19,5,21,0.7619047619047619,0,0.0,mnist,mnist,1,pathmnist,cifar100|organamnist|pathmnist|retinamnist|usps,0.4069307088851929,0.40633665919303896,0.0005940496921539307,0.00909075900381006,0.4400799751281738,0.4420799672603607,-0.0019999921321868785,5,5,21
resnet50,food101,random,20,5,21,0.7619047619047619,1,0.3333333333333333,mnist,mnist,1,mnist,breastmnist|mnist|organcmnist|pathmnist|usps,0.4069307088851929,0.4069307088851929,0.0,0.0,0.4400799751281738,0.4400799751281738,0.0,5,5,21
resnet50,food101,random,21,5,21,0.7619047619047619,0,0.0,mnist,mnist,1,pathmnist,breastmnist|cifar100|cifar100_coarse|pathmnist|retinamnist,0.4069307088851929,0.40633665919303896,0.0005940496921539307,0.00909075900381006,0.4400799751281738,0.4420799672603607,-0.0019999921321868785,5,5,21
resnet50,food101,random,22,5,21,0.7619047619047619,0,0.0,mnist,mnist,1,svhn,cifar10|cifar100|dermamnist|octmnist|svhn,0.4069307088851929,0.40554456114768983,0.0013861477375030629,0.021212257479045534,0.4400799751281738,0.43923998475074766,0.0008399903774261586,5,5,21
resnet50,food101,random,23,5,21,0.7619047619047619,0,0.3333333333333333,mnist,mnist,1,tiny_imagenet,breastmnist|octmnist|retinamnist|tiny_imagenet|usps,0.4069307088851929,0.40653467178344727,0.0003960371017456277,0.006060566811309783,0.4400799751281738,0.450439989566803,-0.010360014438629161,5,5,21
resnet50,food101,random,24,5,21,0.7619047619047619,0,0.0,mnist,mnist,1,organcmnist,breastmnist|organcmnist|organsmnist|rendered_sst2|retinamnist,0.4069307088851929,0.39960396885871885,0.007326740026474043,0.11212130692761231,0.4400799751281738,0.43611997961997984,0.003959995508193981,5,5,21
resnet50,food101,random,25,5,21,0.7619047619047619,0,0.0,mnist,mnist,1,pathmnist,bloodmnist|cifar100|pathmnist|svhn|usps,0.4069307088851929,0.40633665919303896,0.0005940496921539307,0.00909075900381006,0.4400799751281738,0.4420799672603607,-0.0019999921321868785,5,5,21
resnet50,food101,random,26,5,21,0.7619047619047619,0,0.3333333333333333,mnist,mnist,1,tiny_imagenet,organcmnist|pathmnist|rendered_sst2|tiny_imagenet|usps,0.4069307088851929,0.40653467178344727,0.0003960371017456277,0.006060566811309783,0.4400799751281738,0.450439989566803,-0.010360014438629161,5,5,21
resnet50,food101,random,27,5,21,0.7619047619047619,1,0.3333333333333333,mnist,mnist,1,mnist,bloodmnist|cifar100_coarse|mnist|organamnist|rendered_sst2,0.4069307088851929,0.4069307088851929,0.0,0.0,0.4400799751281738,0.4400799751281738,0.0,5,5,21
resnet50,food101,random,28,5,21,0.7619047619047619,0,0.0,mnist,mnist,1,pathmnist,bloodmnist|octmnist|organsmnist|pathmnist|svhn,0.4069307088851929,0.40633665919303896,0.0005940496921539307,0.00909075900381006,0.4400799751281738,0.4420799672603607,-0.0019999921321868785,5,5,21
resnet50,food101,random,29,5,21,0.7619047619047619,1,1.0,mnist,mnist,1,mnist,breastmnist|cifar100|mnist|tiny_imagenet|tissuemnist,0.4069307088851929,0.4069307088851929,0.0,0.0,0.4400799751281738,0.4400799751281738,0.0,5,5,21
resnet50,food101,random,30,5,21,0.7619047619047619,0,0.3333333333333333,mnist,mnist,1,tissuemnist,breastmnist|dermamnist|organsmnist|pneumoniamnist|tissuemnist,0.4069307088851929,0.4067326903343201,0.00019801855087281384,0.0030302834056548916,0.4400799751281738,0.4406399726867676,-0.0005599975585937611,5,5,21
resnet50,food101,random,31,5,21,0.7619047619047619,1,0.3333333333333333,mnist,mnist,1,mnist,cifar100_coarse|mnist|organcmnist|pathmnist|svhn,0.4069307088851929,0.4069307088851929,0.0,0.0,0.4400799751281738,0.4400799751281738,0.0,5,5,21
resnet50,food101,random,32,5,21,0.7619047619047619,0,0.0,mnist,mnist,1,pathmnist,cifar10|pathmnist|retinamnist|svhn|usps,0.4069307088851929,0.40633665919303896,0.0005940496921539307,0.00909075900381006,0.4400799751281738,0.4420799672603607,-0.0019999921321868785,5,5,21
resnet50,food101,random,33,5,21,0.7619047619047619,0,0.3333333333333333,mnist,mnist,1,tiny_imagenet,breastmnist|cifar10|pathmnist|rendered_sst2|tiny_imagenet,0.4069307088851929,0.40653467178344727,0.0003960371017456277,0.006060566811309783,0.4400799751281738,0.450439989566803,-0.010360014438629161,5,5,21
resnet50,food101,random,34,5,21,0.7619047619047619,1,0.6666666666666666,mnist,mnist,1,mnist,cifar100|dermamnist|mnist|organsmnist|tiny_imagenet,0.4069307088851929,0.4069307088851929,0.0,0.0,0.4400799751281738,0.4400799751281738,0.0,5,5,21
resnet50,food101,random,35,5,21,0.7619047619047619,0,0.3333333333333333,mnist,mnist,1,tissuemnist,bloodmnist|dermamnist|organcmnist|organsmnist|tissuemnist,0.4069307088851929,0.4067326903343201,0.00019801855087281384,0.0030302834056548916,0.4400799751281738,0.4406399726867676,-0.0005599975585937611,5,5,21
resnet50,food101,random,36,5,21,0.7619047619047619,0,0.0,mnist,mnist,1,stl10,bloodmnist|breastmnist|cifar100|rendered_sst2|stl10,0.4069307088851929,0.4049505114555359,0.0019801974296569935,0.030303016482855594,0.4400799751281738,0.4590799808502197,-0.01900000572204591,5,5,21
resnet50,food101,random,37,5,21,0.7619047619047619,0,0.0,mnist,mnist,1,organamnist,breastmnist|cifar100|organamnist|pneumoniamnist|svhn,0.4069307088851929,0.40574259757995607,0.0011881113052368275,0.0181817004339285,0.4400799751281738,0.4352399706840515,0.004840004444122303,5,5,21
resnet50,food101,random,38,5,21,0.7619047619047619,1,0.3333333333333333,mnist,mnist,1,mnist,cifar100|fashion_mnist|mnist|pneumoniamnist|svhn,0.4069307088851929,0.4069307088851929,0.0,0.0,0.4400799751281738,0.4400799751281738,0.0,5,5,21
resnet50,food101,random,39,5,21,0.7619047619047619,0,0.0,mnist,mnist,1,pathmnist,cifar100|cifar100_coarse|pathmnist|pneumoniamnist|retinamnist,0.4069307088851929,0.40633665919303896,0.0005940496921539307,0.00909075900381006,0.4400799751281738,0.4420799672603607,-0.0019999921321868785,5,5,21
resnet50,food101,random,40,5,21,0.7619047619047619,0,0.0,mnist,mnist,1,organamnist,dermamnist|organamnist|pneumoniamnist|stl10|usps,0.4069307088851929,0.40574259757995607,0.0011881113052368275,0.0181817004339285,0.4400799751281738,0.4352399706840515,0.004840004444122303,5,5,21
resnet50,food101,random,41,5,21,0.7619047619047619,0,0.3333333333333333,mnist,mnist,1,tiny_imagenet,breastmnist|cifar10|organcmnist|pneumoniamnist|tiny_imagenet,0.4069307088851929,0.40653467178344727,0.0003960371017456277,0.006060566811309783,0.4400799751281738,0.450439989566803,-0.010360014438629161,5,5,21
resnet50,food101,random,42,5,21,0.7619047619047619,1,0.3333333333333333,mnist,mnist,1,mnist,mnist|octmnist|pneumoniamnist|rendered_sst2|usps,0.4069307088851929,0.4069307088851929,0.0,0.0,0.4400799751281738,0.4400799751281738,0.0,5,5,21
resnet50,food101,random,43,5,21,0.7619047619047619,0,0.3333333333333333,mnist,mnist,1,tissuemnist,cifar100_coarse|dermamnist|pathmnist|tissuemnist|usps,0.4069307088851929,0.4067326903343201,0.00019801855087281384,0.0030302834056548916,0.4400799751281738,0.4406399726867676,-0.0005599975585937611,5,5,21
resnet50,food101,random,44,5,21,0.7619047619047619,1,0.3333333333333333,mnist,mnist,1,mnist,cifar100_coarse|fashion_mnist|mnist|octmnist|organsmnist,0.4069307088851929,0.4069307088851929,0.0,0.0,0.4400799751281738,0.4400799751281738,0.0,5,5,21
resnet50,food101,random,45,5,21,0.7619047619047619,0,0.3333333333333333,mnist,mnist,1,tissuemnist,dermamnist|octmnist|svhn|tissuemnist|usps,0.4069307088851929,0.4067326903343201,0.00019801855087281384,0.0030302834056548916,0.4400799751281738,0.4406399726867676,-0.0005599975585937611,5,5,21
resnet50,food101,random,46,5,21,0.7619047619047619,1,0.3333333333333333,mnist,mnist,1,mnist,cifar100|cifar100_coarse|mnist|pneumoniamnist|retinamnist,0.4069307088851929,0.4069307088851929,0.0,0.0,0.4400799751281738,0.4400799751281738,0.0,5,5,21
resnet50,food101,random,47,5,21,0.7619047619047619,0,0.0,mnist,mnist,1,stl10,bloodmnist|cifar100_coarse|pneumoniamnist|stl10|usps,0.4069307088851929,0.4049505114555359,0.0019801974296569935,0.030303016482855594,0.4400799751281738,0.4590799808502197,-0.01900000572204591,5,5,21
resnet50,food101,random,48,5,21,0.7619047619047619,1,0.3333333333333333,mnist,mnist,1,mnist,mnist|octmnist|organamnist|pathmnist|svhn,0.4069307088851929,0.4069307088851929,0.0,0.0,0.4400799751281738,0.4400799751281738,0.0,5,5,21
resnet50,food101,random,49,5,21,0.7619047619047619,0,0.0,mnist,mnist,1,cifar10,cifar10|fashion_mnist|organsmnist|pneumoniamnist|usps,0.4069307088851929,0.4037623882293701,0.003168320655822787,0.04848489934309247,0.4400799751281738,0.4504799902439117,-0.010400015115737904,5,5,21
resnet50,food101,random,50,5,21,0.7619047619047619,0,0.0,mnist,mnist,1,cifar100,breastmnist|cifar100|organcmnist|retinamnist|usps,0.4069307088851929,0.4045544683933258,0.0023762404918670765,0.036363674507319144,0.4400799751281738,0.447599983215332,-0.007520008087158192,5,5,21
resnet50,food101,random,51,5,21,0.7619047619047619,0,0.0,mnist,mnist,1,svhn,bloodmnist|dermamnist|organcmnist|retinamnist|svhn,0.4069307088851929,0.40554456114768983,0.0013861477375030629,0.021212257479045534,0.4400799751281738,0.43923998475074766,0.0008399903774261586,5,5,21
resnet50,food101,random,52,5,21,0.7619047619047619,0,0.3333333333333333,mnist,mnist,1,tiny_imagenet,cifar100|dermamnist|organamnist|pathmnist|tiny_imagenet,0.4069307088851929,0.40653467178344727,0.0003960371017456277,0.006060566811309783,0.4400799751281738,0.450439989566803,-0.010360014438629161,5,5,21
resnet50,food101,random,53,5,21,0.7619047619047619,1,1.0,mnist,mnist,1,mnist,dermamnist|mnist|organsmnist|tiny_imagenet|tissuemnist,0.4069307088851929,0.4069307088851929,0.0,0.0,0.4400799751281738,0.4400799751281738,0.0,5,5,21
resnet50,food101,random,54,5,21,0.7619047619047619,1,0.6666666666666666,mnist,mnist,1,mnist,cifar100|mnist|organsmnist|pathmnist|tissuemnist,0.4069307088851929,0.4069307088851929,0.0,0.0,0.4400799751281738,0.4400799751281738,0.0,5,5,21
resnet50,food101,random,55,5,21,0.7619047619047619,1,0.3333333333333333,mnist,mnist,1,mnist,mnist|organamnist|organsmnist|pneumoniamnist|retinamnist,0.4069307088851929,0.4069307088851929,0.0,0.0,0.4400799751281738,0.4400799751281738,0.0,5,5,21
resnet50,food101,random,56,5,21,0.7619047619047619,1,0.3333333333333333,mnist,mnist,1,mnist,cifar10|cifar100_coarse|mnist|pathmnist|rendered_sst2,0.4069307088851929,0.4069307088851929,0.0,0.0,0.4400799751281738,0.4400799751281738,0.0,5,5,21
resnet50,food101,random,57,5,21,0.7619047619047619,0,0.3333333333333333,mnist,mnist,1,tissuemnist,cifar100_coarse|dermamnist|fashion_mnist|organsmnist|tissuemnist,0.4069307088851929,0.4067326903343201,0.00019801855087281384,0.0030302834056548916,0.4400799751281738,0.4406399726867676,-0.0005599975585937611,5,5,21
resnet50,food101,random,58,5,21,0.7619047619047619,1,0.6666666666666666,mnist,mnist,1,mnist,bloodmnist|mnist|organsmnist|tiny_imagenet|usps,0.4069307088851929,0.4069307088851929,0.0,0.0,0.4400799751281738,0.4400799751281738,0.0,5,5,21
resnet50,food101,random,59,5,21,0.7619047619047619,0,0.0,mnist,mnist,1,pathmnist,bloodmnist|pathmnist|pneumoniamnist|stl10|usps,0.4069307088851929,0.40633665919303896,0.0005940496921539307,0.00909075900381006,0.4400799751281738,0.4420799672603607,-0.0019999921321868785,5,5,21
resnet50,food101,random,60,5,21,0.7619047619047619,0,0.3333333333333333,mnist,mnist,1,tiny_imagenet,octmnist|organcmnist|pathmnist|stl10|tiny_imagenet,0.4069307088851929,0.40653467178344727,0.0003960371017456277,0.006060566811309783,0.4400799751281738,0.450439989566803,-0.010360014438629161,5,5,21
resnet50,food101,random,61,5,21,0.7619047619047619,0,0.3333333333333333,mnist,mnist,1,tissuemnist,breastmnist|stl10|svhn|tissuemnist|usps,0.4069307088851929,0.4067326903343201,0.00019801855087281384,0.0030302834056548916,0.4400799751281738,0.4406399726867676,-0.0005599975585937611,5,5,21
resnet50,food101,random,62,5,21,0.7619047619047619,1,0.3333333333333333,mnist,mnist,1,mnist,fashion_mnist|mnist|organamnist|organcmnist|svhn,0.4069307088851929,0.4069307088851929,0.0,0.0,0.4400799751281738,0.4400799751281738,0.0,5,5,21
resnet50,food101,random,63,5,21,0.7619047619047619,0,0.0,mnist,mnist,1,pathmnist,bloodmnist|octmnist|organsmnist|pathmnist|usps,0.4069307088851929,0.40633665919303896,0.0005940496921539307,0.00909075900381006,0.4400799751281738,0.4420799672603607,-0.0019999921321868785,5,5,21
resnet50,food101,random,64,5,21,0.7619047619047619,0,0.3333333333333333,mnist,mnist,1,tiny_imagenet,pneumoniamnist|rendered_sst2|stl10|tiny_imagenet|usps,0.4069307088851929,0.40653467178344727,0.0003960371017456277,0.006060566811309783,0.4400799751281738,0.450439989566803,-0.010360014438629161,5,5,21
resnet50,food101,random,65,5,21,0.7619047619047619,0,0.0,mnist,mnist,1,stl10,breastmnist|fashion_mnist|organcmnist|retinamnist|stl10,0.4069307088851929,0.4049505114555359,0.0019801974296569935,0.030303016482855594,0.4400799751281738,0.4590799808502197,-0.01900000572204591,5,5,21
resnet50,food101,random,66,5,21,0.7619047619047619,0,0.0,mnist,mnist,1,svhn,cifar100|dermamnist|pneumoniamnist|rendered_sst2|svhn,0.4069307088851929,0.40554456114768983,0.0013861477375030629,0.021212257479045534,0.4400799751281738,0.43923998475074766,0.0008399903774261586,5,5,21
resnet50,food101,random,67,5,21,0.7619047619047619,0,0.3333333333333333,mnist,mnist,1,tissuemnist,cifar100|octmnist|svhn|tissuemnist|usps,0.4069307088851929,0.4067326903343201,0.00019801855087281384,0.0030302834056548916,0.4400799751281738,0.4406399726867676,-0.0005599975585937611,5,5,21
resnet50,food101,random,68,5,21,0.7619047619047619,1,0.6666666666666666,mnist,mnist,1,mnist,cifar100|cifar100_coarse|dermamnist|mnist|tissuemnist,0.4069307088851929,0.4069307088851929,0.0,0.0,0.4400799751281738,0.4400799751281738,0.0,5,5,21
resnet50,food101,random,69,5,21,0.7619047619047619,0,0.3333333333333333,mnist,mnist,1,tiny_imagenet,cifar10|organsmnist|rendered_sst2|svhn|tiny_imagenet,0.4069307088851929,0.40653467178344727,0.0003960371017456277,0.006060566811309783,0.4400799751281738,0.450439989566803,-0.010360014438629161,5,5,21
resnet50,food101,random,70,5,21,0.7619047619047619,0,0.3333333333333333,mnist,mnist,1,tissuemnist,cifar100|fashion_mnist|organamnist|retinamnist|tissuemnist,0.4069307088851929,0.4067326903343201,0.00019801855087281384,0.0030302834056548916,0.4400799751281738,0.4406399726867676,-0.0005599975585937611,5,5,21
resnet50,food101,random,71,5,21,0.7619047619047619,0,0.0,mnist,mnist,1,pathmnist,cifar10|octmnist|organcmnist|pathmnist|pneumoniamnist,0.4069307088851929,0.40633665919303896,0.0005940496921539307,0.00909075900381006,0.4400799751281738,0.4420799672603607,-0.0019999921321868785,5,5,21
resnet50,food101,random,72,5,21,0.7619047619047619,1,0.3333333333333333,mnist,mnist,1,mnist,dermamnist|mnist|organcmnist|retinamnist|stl10,0.4069307088851929,0.4069307088851929,0.0,0.0,0.4400799751281738,0.4400799751281738,0.0,5,5,21
resnet50,food101,random,73,5,21,0.7619047619047619,0,0.3333333333333333,mnist,mnist,1,tiny_imagenet,bloodmnist|cifar10|retinamnist|stl10|tiny_imagenet,0.4069307088851929,0.40653467178344727,0.0003960371017456277,0.006060566811309783,0.4400799751281738,0.450439989566803,-0.010360014438629161,5,5,21
resnet50,food101,random,74,5,21,0.7619047619047619,1,0.3333333333333333,mnist,mnist,1,mnist,cifar100_coarse|mnist|organamnist|pathmnist|rendered_sst2,0.4069307088851929,0.4069307088851929,0.0,0.0,0.4400799751281738,0.4400799751281738,0.0,5,5,21
resnet50,food101,random,75,5,21,0.7619047619047619,1,0.3333333333333333,mnist,mnist,1,mnist,bloodmnist|cifar100_coarse|mnist|octmnist|rendered_sst2,0.4069307088851929,0.4069307088851929,0.0,0.0,0.4400799751281738,0.4400799751281738,0.0,5,5,21
resnet50,food101,random,76,5,21,0.7619047619047619,0,0.0,mnist,mnist,1,pathmnist,cifar10|octmnist|pathmnist|pneumoniamnist|usps,0.4069307088851929,0.40633665919303896,0.0005940496921539307,0.00909075900381006,0.4400799751281738,0.4420799672603607,-0.0019999921321868785,5,5,21
resnet50,food101,random,77,5,21,0.7619047619047619,0,0.3333333333333333,mnist,mnist,1,tiny_imagenet,bloodmnist|breastmnist|fashion_mnist|organsmnist|tiny_imagenet,0.4069307088851929,0.40653467178344727,0.0003960371017456277,0.006060566811309783,0.4400799751281738,0.450439989566803,-0.010360014438629161,5,5,21
resnet50,food101,random,78,5,21,0.7619047619047619,0,0.0,mnist,mnist,1,svhn,cifar10|octmnist|organcmnist|retinamnist|svhn,0.4069307088851929,0.40554456114768983,0.0013861477375030629,0.021212257479045534,0.4400799751281738,0.43923998475074766,0.0008399903774261586,5,5,21
resnet50,food101,random,79,5,21,0.7619047619047619,0,0.0,mnist,mnist,1,stl10,dermamnist|organsmnist|pneumoniamnist|stl10|usps,0.4069307088851929,0.4049505114555359,0.0019801974296569935,0.030303016482855594,0.4400799751281738,0.4590799808502197,-0.01900000572204591,5,5,21
resnet50,food101,random,80,5,21,0.7619047619047619,0,0.3333333333333333,mnist,mnist,1,tissuemnist,organcmnist|organsmnist|pathmnist|tissuemnist|usps,0.4069307088851929,0.4067326903343201,0.00019801855087281384,0.0030302834056548916,0.4400799751281738,0.4406399726867676,-0.0005599975585937611,5,5,21
resnet50,food101,random,81,5,21,0.7619047619047619,0,0.0,mnist,mnist,1,stl10,cifar100|cifar100_coarse|rendered_sst2|stl10|usps,0.4069307088851929,0.4049505114555359,0.0019801974296569935,0.030303016482855594,0.4400799751281738,0.4590799808502197,-0.01900000572204591,5,5,21
resnet50,food101,random,82,5,21,0.7619047619047619,0,0.3333333333333333,mnist,mnist,1,tissuemnist,fashion_mnist|organamnist|rendered_sst2|svhn|tissuemnist,0.4069307088851929,0.4067326903343201,0.00019801855087281384,0.0030302834056548916,0.4400799751281738,0.4406399726867676,-0.0005599975585937611,5,5,21
resnet50,food101,random,83,5,21,0.7619047619047619,0,0.0,mnist,mnist,1,stl10,breastmnist|cifar10|cifar100_coarse|organcmnist|stl10,0.4069307088851929,0.4049505114555359,0.0019801974296569935,0.030303016482855594,0.4400799751281738,0.4590799808502197,-0.01900000572204591,5,5,21
resnet50,food101,random,84,5,21,0.7619047619047619,0,0.6666666666666666,mnist,mnist,1,tissuemnist,cifar100_coarse|organamnist|pneumoniamnist|tiny_imagenet|tissuemnist,0.4069307088851929,0.4067326903343201,0.00019801855087281384,0.0030302834056548916,0.4400799751281738,0.4406399726867676,-0.0005599975585937611,5,5,21
resnet50,food101,random,85,5,21,0.7619047619047619,0,0.3333333333333333,mnist,mnist,1,tiny_imagenet,cifar100_coarse|fashion_mnist|stl10|svhn|tiny_imagenet,0.4069307088851929,0.40653467178344727,0.0003960371017456277,0.006060566811309783,0.4400799751281738,0.450439989566803,-0.010360014438629161,5,5,21
resnet50,food101,random,86,5,21,0.7619047619047619,0,0.3333333333333333,mnist,mnist,1,tiny_imagenet,breastmnist|organamnist|pathmnist|stl10|tiny_imagenet,0.4069307088851929,0.40653467178344727,0.0003960371017456277,0.006060566811309783,0.4400799751281738,0.450439989566803,-0.010360014438629161,5,5,21
resnet50,food101,random,87,5,21,0.7619047619047619,0,0.3333333333333333,mnist,mnist,1,tiny_imagenet,breastmnist|organsmnist|pathmnist|retinamnist|tiny_imagenet,0.4069307088851929,0.40653467178344727,0.0003960371017456277,0.006060566811309783,0.4400799751281738,0.450439989566803,-0.010360014438629161,5,5,21
resnet50,food101,random,88,5,21,0.7619047619047619,0,0.0,mnist,mnist,1,organamnist,cifar10|organamnist|organcmnist|stl10|usps,0.4069307088851929,0.40574259757995607,0.0011881113052368275,0.0181817004339285,0.4400799751281738,0.4352399706840515,0.004840004444122303,5,5,21
resnet50,food101,random,89,5,21,0.7619047619047619,1,0.3333333333333333,mnist,mnist,1,mnist,dermamnist|fashion_mnist|mnist|organamnist|svhn,0.4069307088851929,0.4069307088851929,0.0,0.0,0.4400799751281738,0.4400799751281738,0.0,5,5,21
resnet50,food101,random,90,5,21,0.7619047619047619,1,0.3333333333333333,mnist,mnist,1,mnist,breastmnist|cifar100_coarse|dermamnist|mnist|pneumoniamnist,0.4069307088851929,0.4069307088851929,0.0,0.0,0.4400799751281738,0.4400799751281738,0.0,5,5,21
resnet50,food101,random,91,5,21,0.7619047619047619,0,0.3333333333333333,mnist,mnist,1,tiny_imagenet,organcmnist|retinamnist|stl10|svhn|tiny_imagenet,0.4069307088851929,0.40653467178344727,0.0003960371017456277,0.006060566811309783,0.4400799751281738,0.450439989566803,-0.010360014438629161,5,5,21
resnet50,food101,random,92,5,21,0.7619047619047619,1,1.0,mnist,mnist,1,mnist,cifar100_coarse|mnist|organsmnist|tiny_imagenet|tissuemnist,0.4069307088851929,0.4069307088851929,0.0,0.0,0.4400799751281738,0.4400799751281738,0.0,5,5,21
resnet50,food101,random,93,5,21,0.7619047619047619,1,0.3333333333333333,mnist,mnist,1,mnist,breastmnist|fashion_mnist|mnist|retinamnist|stl10,0.4069307088851929,0.4069307088851929,0.0,0.0,0.4400799751281738,0.4400799751281738,0.0,5,5,21
resnet50,food101,random,94,5,21,0.7619047619047619,1,0.3333333333333333,mnist,mnist,1,mnist,mnist|organamnist|organcmnist|pathmnist|stl10,0.4069307088851929,0.4069307088851929,0.0,0.0,0.4400799751281738,0.4400799751281738,0.0,5,5,21
resnet50,food101,random,95,5,21,0.7619047619047619,0,0.3333333333333333,mnist,mnist,1,tissuemnist,cifar100|octmnist|organcmnist|pathmnist|tissuemnist,0.4069307088851929,0.4067326903343201,0.00019801855087281384,0.0030302834056548916,0.4400799751281738,0.4406399726867676,-0.0005599975585937611,5,5,21
resnet50,food101,random,96,5,21,0.7619047619047619,0,0.0,mnist,mnist,1,cifar100_coarse,breastmnist|cifar100_coarse|dermamnist|organsmnist|retinamnist,0.4069307088851929,0.40059407949447634,0.006336629390716553,0.09696961625987571,0.4400799751281738,0.4421999752521515,-0.0021200001239776722,5,5,21
resnet50,food101,random,97,5,21,0.7619047619047619,1,0.6666666666666666,mnist,mnist,1,mnist,cifar10|dermamnist|mnist|tiny_imagenet|usps,0.4069307088851929,0.4069307088851929,0.0,0.0,0.4400799751281738,0.4400799751281738,0.0,5,5,21
resnet50,food101,random,98,5,21,0.7619047619047619,1,0.3333333333333333,mnist,mnist,1,mnist,mnist|octmnist|organsmnist|stl10|svhn,0.4069307088851929,0.4069307088851929,0.0,0.0,0.4400799751281738,0.4400799751281738,0.0,5,5,21
resnet50,food101,random,99,5,21,0.7619047619047619,1,0.6666666666666666,mnist,mnist,1,mnist,breastmnist|cifar100|fashion_mnist|mnist|tiny_imagenet,0.4069307088851929,0.4069307088851929,0.0,0.0,0.4400799751281738,0.4400799751281738,0.0,5,5,21
resnet50,food101,rank_only,-1,10,21,0.5238095238095238,0,0.3333333333333333,mnist,mnist,1,tiny_imagenet,tiny_imagenet|cifar100_coarse|cifar100|stl10|cifar10|organcmnist|organsmnist|organamnist|svhn|fashion_mnist,0.4069307088851929,0.40653467178344727,0.0003960371017456277,0.006060566811309783,0.4400799751281738,0.450439989566803,-0.010360014438629161,5,10,21
resnet50,food101,facility_subspace,-1,10,21,0.5238095238095238,1,0.3333333333333333,mnist,mnist,1,mnist,organcmnist|cifar100|svhn|rendered_sst2|retinamnist|stl10|breastmnist|mnist|dermamnist|fashion_mnist,0.4069307088851929,0.4069307088851929,0.0,0.0,0.4400799751281738,0.4400799751281738,0.0,5,10,21
resnet50,food101,kcenter_subspace,-1,10,21,0.5238095238095238,1,0.6666666666666666,mnist,mnist,1,mnist,tiny_imagenet|rendered_sst2|usps|retinamnist|pathmnist|fashion_mnist|breastmnist|stl10|bloodmnist|mnist,0.4069307088851929,0.4069307088851929,0.0,0.0,0.4400799751281738,0.4400799751281738,0.0,5,10,21
resnet50,food101,dpp_subspace,-1,10,21,0.5238095238095238,0,0.3333333333333333,mnist,mnist,1,tiny_imagenet,tiny_imagenet|stl10|cifar100_coarse|cifar10|organsmnist|fashion_mnist|svhn|cifar100|bloodmnist|organamnist,0.4069307088851929,0.40653467178344727,0.0003960371017456277,0.006060566811309783,0.4400799751281738,0.450439989566803,-0.010360014438629161,5,10,21
resnet50,food101,pool_vendi_subspace,-1,10,21,0.5238095238095238,1,0.6666666666666666,mnist,mnist,1,mnist,tiny_imagenet|rendered_sst2|usps|retinamnist|pathmnist|stl10|fashion_mnist|bloodmnist|mnist|breastmnist,0.4069307088851929,0.4069307088851929,0.0,0.0,0.4400799751281738,0.4400799751281738,0.0,5,10,21
resnet50,food101,full_merged_rank,-1,10,21,0.5238095238095238,0,0.3333333333333333,mnist,mnist,1,tiny_imagenet,tiny_imagenet|stl10|cifar100_coarse|cifar100|cifar10|organcmnist|organsmnist|fashion_mnist|breastmnist|svhn,0.4069307088851929,0.40653467178344727,0.0003960371017456277,0.006060566811309783,0.4400799751281738,0.450439989566803,-0.010360014438629161,5,10,21
resnet50,food101,random,0,10,21,0.5238095238095238,0,0.6666666666666666,mnist,mnist,1,tissuemnist,cifar100|cifar100_coarse|dermamnist|fashion_mnist|octmnist|pneumoniamnist|svhn|tiny_imagenet|tissuemnist|usps,0.4069307088851929,0.4067326903343201,0.00019801855087281384,0.0030302834056548916,0.4400799751281738,0.4406399726867676,-0.0005599975585937611,5,10,21
resnet50,food101,random,1,10,21,0.5238095238095238,1,0.6666666666666666,mnist,mnist,1,mnist,breastmnist|cifar100|mnist|organcmnist|organsmnist|pathmnist|pneumoniamnist|stl10|tiny_imagenet|usps,0.4069307088851929,0.4069307088851929,0.0,0.0,0.4400799751281738,0.4400799751281738,0.0,5,10,21
resnet50,food101,random,2,10,21,0.5238095238095238,1,0.6666666666666666,mnist,mnist,1,mnist,cifar100|dermamnist|fashion_mnist|mnist|organamnist|pathmnist|retinamnist|stl10|tissuemnist|usps,0.4069307088851929,0.4069307088851929,0.0,0.0,0.4400799751281738,0.4400799751281738,0.0,5,10,21
resnet50,food101,random,3,10,21,0.5238095238095238,0,0.0,mnist,mnist,1,svhn,breastmnist|cifar100|dermamnist|octmnist|organsmnist|rendered_sst2|retinamnist|stl10|svhn|usps,0.4069307088851929,0.40554456114768983,0.0013861477375030629,0.021212257479045534,0.4400799751281738,0.43923998475074766,0.0008399903774261586,5,10,21
resnet50,food101,random,4,10,21,0.5238095238095238,1,0.6666666666666666,mnist,mnist,1,mnist,breastmnist|cifar10|dermamnist|mnist|organcmnist|pathmnist|stl10|svhn|tissuemnist|usps,0.4069307088851929,0.4069307088851929,0.0,0.0,0.4400799751281738,0.4400799751281738,0.0,5,10,21
resnet50,food101,random,5,10,21,0.5238095238095238,0,0.3333333333333333,mnist,mnist,1,tissuemnist,bloodmnist|cifar10|dermamnist|fashion_mnist|pathmnist|rendered_sst2|stl10|svhn|tissuemnist|usps,0.4069307088851929,0.4067326903343201,0.00019801855087281384,0.0030302834056548916,0.4400799751281738,0.4406399726867676,-0.0005599975585937611,5,10,21
resnet50,food101,random,6,10,21,0.5238095238095238,1,0.6666666666666666,mnist,mnist,1,mnist,cifar100_coarse|dermamnist|mnist|octmnist|organamnist|pathmnist|pneumoniamnist|rendered_sst2|svhn|tiny_imagenet,0.4069307088851929,0.4069307088851929,0.0,0.0,0.4400799751281738,0.4400799751281738,0.0,5,10,21
resnet50,food101,random,7,10,21,0.5238095238095238,0,0.6666666666666666,mnist,mnist,1,tissuemnist,breastmnist|cifar100|dermamnist|octmnist|organsmnist|pathmnist|stl10|svhn|tiny_imagenet|tissuemnist,0.4069307088851929,0.4067326903343201,0.00019801855087281384,0.0030302834056548916,0.4400799751281738,0.4406399726867676,-0.0005599975585937611,5,10,21
resnet50,food101,random,8,10,21,0.5238095238095238,0,0.3333333333333333,mnist,mnist,1,tiny_imagenet,bloodmnist|cifar10|octmnist|organcmnist|organsmnist|rendered_sst2|retinamnist|svhn|tiny_imagenet|usps,0.4069307088851929,0.40653467178344727,0.0003960371017456277,0.006060566811309783,0.4400799751281738,0.450439989566803,-0.010360014438629161,5,10,21
resnet50,food101,random,9,10,21,0.5238095238095238,1,0.3333333333333333,mnist,mnist,1,mnist,bloodmnist|breastmnist|mnist|octmnist|organcmnist|organsmnist|rendered_sst2|retinamnist|stl10|usps,0.4069307088851929,0.4069307088851929,0.0,0.0,0.4400799751281738,0.4400799751281738,0.0,5,10,21
resnet50,food101,random,10,10,21,0.5238095238095238,0,0.3333333333333333,mnist,mnist,1,tissuemnist,breastmnist|cifar100|fashion_mnist|octmnist|pathmnist|rendered_sst2|retinamnist|stl10|tissuemnist|usps,0.4069307088851929,0.4067326903343201,0.00019801855087281384,0.0030302834056548916,0.4400799751281738,0.4406399726867676,-0.0005599975585937611,5,10,21
resnet50,food101,random,11,10,21,0.5238095238095238,1,1.0,mnist,mnist,1,mnist,bloodmnist|breastmnist|cifar100_coarse|mnist|organcmnist|organsmnist|svhn|tiny_imagenet|tissuemnist|usps,0.4069307088851929,0.4069307088851929,0.0,0.0,0.4400799751281738,0.4400799751281738,0.0,5,10,21
resnet50,food101,random,12,10,21,0.5238095238095238,0,0.3333333333333333,mnist,mnist,1,tiny_imagenet,breastmnist|cifar100_coarse|organamnist|organsmnist|pathmnist|pneumoniamnist|rendered_sst2|retinamnist|stl10|tiny_imagenet,0.4069307088851929,0.40653467178344727,0.0003960371017456277,0.006060566811309783,0.4400799751281738,0.450439989566803,-0.010360014438629161,5,10,21
resnet50,food101,random,13,10,21,0.5238095238095238,0,0.3333333333333333,mnist,mnist,1,tissuemnist,bloodmnist|breastmnist|dermamnist|organamnist|organsmnist|pneumoniamnist|rendered_sst2|stl10|svhn|tissuemnist,0.4069307088851929,0.4067326903343201,0.00019801855087281384,0.0030302834056548916,0.4400799751281738,0.4406399726867676,-0.0005599975585937611,5,10,21
resnet50,food101,random,14,10,21,0.5238095238095238,0,0.0,mnist,mnist,1,pathmnist,bloodmnist|breastmnist|cifar100|dermamnist|octmnist|organsmnist|pathmnist|pneumoniamnist|retinamnist|svhn,0.4069307088851929,0.40633665919303896,0.0005940496921539307,0.00909075900381006,0.4400799751281738,0.4420799672603607,-0.0019999921321868785,5,10,21
resnet50,food101,random,15,10,21,0.5238095238095238,0,0.0,mnist,mnist,1,stl10,bloodmnist|cifar10|cifar100|cifar100_coarse|fashion_mnist|octmnist|organsmnist|pneumoniamnist|retinamnist|stl10,0.4069307088851929,0.4049505114555359,0.0019801974296569935,0.030303016482855594,0.4400799751281738,0.4590799808502197,-0.01900000572204591,5,10,21
resnet50,food101,random,16,10,21,0.5238095238095238,0,0.3333333333333333,mnist,mnist,1,tissuemnist,cifar100|cifar100_coarse|dermamnist|organamnist|organcmnist|organsmnist|pathmnist|pneumoniamnist|rendered_sst2|tissuemnist,0.4069307088851929,0.4067326903343201,0.00019801855087281384,0.0030302834056548916,0.4400799751281738,0.4406399726867676,-0.0005599975585937611,5,10,21
resnet50,food101,random,17,10,21,0.5238095238095238,0,0.3333333333333333,mnist,mnist,1,tissuemnist,bloodmnist|breastmnist|cifar100_coarse|fashion_mnist|organcmnist|organsmnist|rendered_sst2|retinamnist|tissuemnist|usps,0.4069307088851929,0.4067326903343201,0.00019801855087281384,0.0030302834056548916,0.4400799751281738,0.4406399726867676,-0.0005599975585937611,5,10,21
resnet50,food101,random,18,10,21,0.5238095238095238,0,0.0,mnist,mnist,1,stl10,bloodmnist|breastmnist|cifar10|dermamnist|fashion_mnist|octmnist|pneumoniamnist|retinamnist|stl10|usps,0.4069307088851929,0.4049505114555359,0.0019801974296569935,0.030303016482855594,0.4400799751281738,0.4590799808502197,-0.01900000572204591,5,10,21
resnet50,food101,random,19,10,21,0.5238095238095238,1,1.0,mnist,mnist,1,mnist,breastmnist|cifar100_coarse|dermamnist|mnist|organamnist|organcmnist|pneumoniamnist|retinamnist|tiny_imagenet|tissuemnist,0.4069307088851929,0.4069307088851929,0.0,0.0,0.4400799751281738,0.4400799751281738,0.0,5,10,21
resnet50,food101,random,20,10,21,0.5238095238095238,1,0.3333333333333333,mnist,mnist,1,mnist,breastmnist|cifar10|cifar100_coarse|dermamnist|fashion_mnist|mnist|organamnist|organcmnist|stl10|svhn,0.4069307088851929,0.4069307088851929,0.0,0.0,0.4400799751281738,0.4400799751281738,0.0,5,10,21
resnet50,food101,random,21,10,21,0.5238095238095238,1,0.3333333333333333,mnist,mnist,1,mnist,breastmnist|dermamnist|fashion_mnist|mnist|octmnist|organcmnist|pathmnist|rendered_sst2|svhn|usps,0.4069307088851929,0.4069307088851929,0.0,0.0,0.4400799751281738,0.4400799751281738,0.0,5,10,21
resnet50,food101,random,22,10,21,0.5238095238095238,0,0.3333333333333333,mnist,mnist,1,tissuemnist,bloodmnist|breastmnist|cifar100_coarse|dermamnist|organamnist|organcmnist|organsmnist|retinamnist|svhn|tissuemnist,0.4069307088851929,0.4067326903343201,0.00019801855087281384,0.0030302834056548916,0.4400799751281738,0.4406399726867676,-0.0005599975585937611,5,10,21
resnet50,food101,random,23,10,21,0.5238095238095238,0,0.6666666666666666,mnist,mnist,1,tissuemnist,cifar100|fashion_mnist|octmnist|organamnist|organcmnist|retinamnist|stl10|tiny_imagenet|tissuemnist|usps,0.4069307088851929,0.4067326903343201,0.00019801855087281384,0.0030302834056548916,0.4400799751281738,0.4406399726867676,-0.0005599975585937611,5,10,21
resnet50,food101,random,24,10,21,0.5238095238095238,0,0.6666666666666666,mnist,mnist,1,tissuemnist,bloodmnist|breastmnist|fashion_mnist|organcmnist|organsmnist|pathmnist|retinamnist|stl10|tiny_imagenet|tissuemnist,0.4069307088851929,0.4067326903343201,0.00019801855087281384,0.0030302834056548916,0.4400799751281738,0.4406399726867676,-0.0005599975585937611,5,10,21
resnet50,food101,random,25,10,21,0.5238095238095238,0,0.3333333333333333,mnist,mnist,1,tissuemnist,cifar100_coarse|dermamnist|fashion_mnist|octmnist|organamnist|organcmnist|organsmnist|pathmnist|tissuemnist|usps,0.4069307088851929,0.4067326903343201,0.00019801855087281384,0.0030302834056548916,0.4400799751281738,0.4406399726867676,-0.0005599975585937611,5,10,21
resnet50,food101,random,26,10,21,0.5238095238095238,1,0.3333333333333333,mnist,mnist,1,mnist,breastmnist|cifar10|cifar100_coarse|mnist|organsmnist|pathmnist|pneumoniamnist|rendered_sst2|svhn|usps,0.4069307088851929,0.4069307088851929,0.0,0.0,0.4400799751281738,0.4400799751281738,0.0,5,10,21
resnet50,food101,random,27,10,21,0.5238095238095238,0,0.3333333333333333,mnist,mnist,1,tiny_imagenet,bloodmnist|cifar100|organamnist|organcmnist|pneumoniamnist|rendered_sst2|retinamnist|svhn|tiny_imagenet|usps,0.4069307088851929,0.40653467178344727,0.0003960371017456277,0.006060566811309783,0.4400799751281738,0.450439989566803,-0.010360014438629161,5,10,21
resnet50,food101,random,28,10,21,0.5238095238095238,0,0.0,mnist,mnist,1,organamnist,bloodmnist|cifar10|cifar100|cifar100_coarse|fashion_mnist|octmnist|organamnist|pneumoniamnist|rendered_sst2|stl10,0.4069307088851929,0.40574259757995607,0.0011881113052368275,0.0181817004339285,0.4400799751281738,0.4352399706840515,0.004840004444122303,5,10,21
resnet50,food101,random,29,10,21,0.5238095238095238,0,0.3333333333333333,mnist,mnist,1,tissuemnist,bloodmnist|cifar10|dermamnist|organamnist|pathmnist|pneumoniamnist|stl10|svhn|tissuemnist|usps,0.4069307088851929,0.4067326903343201,0.00019801855087281384,0.0030302834056548916,0.4400799751281738,0.4406399726867676,-0.0005599975585937611,5,10,21
resnet50,food101,random,30,10,21,0.5238095238095238,0,0.6666666666666666,mnist,mnist,1,tissuemnist,cifar100_coarse|octmnist|organcmnist|pathmnist|rendered_sst2|retinamnist|stl10|tiny_imagenet|tissuemnist|usps,0.4069307088851929,0.4067326903343201,0.00019801855087281384,0.0030302834056548916,0.4400799751281738,0.4406399726867676,-0.0005599975585937611,5,10,21
resnet50,food101,random,31,10,21,0.5238095238095238,0,0.3333333333333333,mnist,mnist,1,tiny_imagenet,cifar100|cifar100_coarse|dermamnist|organamnist|pneumoniamnist|rendered_sst2|retinamnist|stl10|svhn|tiny_imagenet,0.4069307088851929,0.40653467178344727,0.0003960371017456277,0.006060566811309783,0.4400799751281738,0.450439989566803,-0.010360014438629161,5,10,21
resnet50,food101,random,32,10,21,0.5238095238095238,1,0.3333333333333333,mnist,mnist,1,mnist,bloodmnist|breastmnist|cifar10|mnist|octmnist|organamnist|organcmnist|pneumoniamnist|rendered_sst2|stl10,0.4069307088851929,0.4069307088851929,0.0,0.0,0.4400799751281738,0.4400799751281738,0.0,5,10,21
resnet50,food101,random,33,10,21,0.5238095238095238,0,0.0,mnist,mnist,1,pathmnist,bloodmnist|cifar100|cifar100_coarse|dermamnist|octmnist|organcmnist|pathmnist|stl10|svhn|usps,0.4069307088851929,0.40633665919303896,0.0005940496921539307,0.00909075900381006,0.4400799751281738,0.4420799672603607,-0.0019999921321868785,5,10,21
resnet50,food101,random,34,10,21,0.5238095238095238,1,0.6666666666666666,mnist,mnist,1,mnist,bloodmnist|breastmnist|cifar10|mnist|octmnist|pathmnist|pneumoniamnist|retinamnist|stl10|tissuemnist,0.4069307088851929,0.4069307088851929,0.0,0.0,0.4400799751281738,0.4400799751281738,0.0,5,10,21
resnet50,food101,random,35,10,21,0.5238095238095238,0,0.3333333333333333,mnist,mnist,1,tissuemnist,breastmnist|cifar100_coarse|dermamnist|organamnist|organsmnist|pathmnist|pneumoniamnist|stl10|tissuemnist|usps,0.4069307088851929,0.4067326903343201,0.00019801855087281384,0.0030302834056548916,0.4400799751281738,0.4406399726867676,-0.0005599975585937611,5,10,21
resnet50,food101,random,36,10,21,0.5238095238095238,1,0.6666666666666666,mnist,mnist,1,mnist,bloodmnist|cifar100_coarse|dermamnist|mnist|octmnist|pathmnist|rendered_sst2|stl10|svhn|tissuemnist,0.4069307088851929,0.4069307088851929,0.0,0.0,0.4400799751281738,0.4400799751281738,0.0,5,10,21
resnet50,food101,random,37,10,21,0.5238095238095238,1,0.6666666666666666,mnist,mnist,1,mnist,bloodmnist|cifar10|cifar100_coarse|fashion_mnist|mnist|organamnist|rendered_sst2|stl10|svhn|tiny_imagenet,0.4069307088851929,0.4069307088851929,0.0,0.0,0.4400799751281738,0.4400799751281738,0.0,5,10,21
resnet50,food101,random,38,10,21,0.5238095238095238,0,0.3333333333333333,mnist,mnist,1,tiny_imagenet,breastmnist|cifar100_coarse|dermamnist|organamnist|organsmnist|pathmnist|retinamnist|svhn|tiny_imagenet|usps,0.4069307088851929,0.40653467178344727,0.0003960371017456277,0.006060566811309783,0.4400799751281738,0.450439989566803,-0.010360014438629161,5,10,21
resnet50,food101,random,39,10,21,0.5238095238095238,0,0.3333333333333333,mnist,mnist,1,tissuemnist,breastmnist|cifar10|dermamnist|fashion_mnist|octmnist|organsmnist|pneumoniamnist|retinamnist|stl10|tissuemnist,0.4069307088851929,0.4067326903343201,0.00019801855087281384,0.0030302834056548916,0.4400799751281738,0.4406399726867676,-0.0005599975585937611,5,10,21
resnet50,food101,random,40,10,21,0.5238095238095238,0,0.3333333333333333,mnist,mnist,1,tiny_imagenet,breastmnist|fashion_mnist|octmnist|organcmnist|organsmnist|pneumoniamnist|retinamnist|svhn|tiny_imagenet|usps,0.4069307088851929,0.40653467178344727,0.0003960371017456277,0.006060566811309783,0.4400799751281738,0.450439989566803,-0.010360014438629161,5,10,21
resnet50,food101,random,41,10,21,0.5238095238095238,0,0.3333333333333333,mnist,mnist,1,tiny_imagenet,breastmnist|cifar100|cifar100_coarse|fashion_mnist|organcmnist|pathmnist|rendered_sst2|stl10|svhn|tiny_imagenet,0.4069307088851929,0.40653467178344727,0.0003960371017456277,0.006060566811309783,0.4400799751281738,0.450439989566803,-0.010360014438629161,5,10,21
resnet50,food101,random,42,10,21,0.5238095238095238,0,0.3333333333333333,mnist,mnist,1,tiny_imagenet,bloodmnist|cifar10|cifar100|fashion_mnist|organamnist|organsmnist|pathmnist|retinamnist|svhn|tiny_imagenet,0.4069307088851929,0.40653467178344727,0.0003960371017456277,0.006060566811309783,0.4400799751281738,0.450439989566803,-0.010360014438629161,5,10,21
resnet50,food101,random,43,10,21,0.5238095238095238,0,0.0,mnist,mnist,1,pathmnist,breastmnist|cifar10|cifar100_coarse|dermamnist|organamnist|organcmnist|organsmnist|pathmnist|stl10|usps,0.4069307088851929,0.40633665919303896,0.0005940496921539307,0.00909075900381006,0.4400799751281738,0.4420799672603607,-0.0019999921321868785,5,10,21
resnet50,food101,random,44,10,21,0.5238095238095238,0,0.3333333333333333,mnist,mnist,1,tiny_imagenet,cifar10|cifar100|cifar100_coarse|organamnist|organcmnist|rendered_sst2|stl10|svhn|tiny_imagenet|usps,0.4069307088851929,0.40653467178344727,0.0003960371017456277,0.006060566811309783,0.4400799751281738,0.450439989566803,-0.010360014438629161,5,10,21
resnet50,food101,random,45,10,21,0.5238095238095238,0,0.0,mnist,mnist,1,svhn,breastmnist|cifar100|cifar100_coarse|dermamnist|fashion_mnist|octmnist|rendered_sst2|retinamnist|stl10|svhn,0.4069307088851929,0.40554456114768983,0.0013861477375030629,0.021212257479045534,0.4400799751281738,0.43923998475074766,0.0008399903774261586,5,10,21
resnet50,food101,random,46,10,21,0.5238095238095238,0,0.6666666666666666,mnist,mnist,1,tissuemnist,bloodmnist|breastmnist|cifar100_coarse|fashion_mnist|organamnist|organcmnist|pneumoniamnist|retinamnist|tiny_imagenet|tissuemnist,0.4069307088851929,0.4067326903343201,0.00019801855087281384,0.0030302834056548916,0.4400799751281738,0.4406399726867676,-0.0005599975585937611,5,10,21
resnet50,food101,random,47,10,21,0.5238095238095238,0,0.6666666666666666,mnist,mnist,1,tissuemnist,breastmnist|cifar10|fashion_mnist|octmnist|organamnist|organcmnist|pathmnist|pneumoniamnist|tiny_imagenet|tissuemnist,0.4069307088851929,0.4067326903343201,0.00019801855087281384,0.0030302834056548916,0.4400799751281738,0.4406399726867676,-0.0005599975585937611,5,10,21
resnet50,food101,random,48,10,21,0.5238095238095238,0,0.6666666666666666,mnist,mnist,1,tissuemnist,bloodmnist|breastmnist|dermamnist|octmnist|organamnist|organcmnist|stl10|svhn|tiny_imagenet|tissuemnist,0.4069307088851929,0.4067326903343201,0.00019801855087281384,0.0030302834056548916,0.4400799751281738,0.4406399726867676,-0.0005599975585937611,5,10,21
resnet50,food101,random,49,10,21,0.5238095238095238,1,0.3333333333333333,mnist,mnist,1,mnist,cifar10|fashion_mnist|mnist|octmnist|organamnist|pathmnist|pneumoniamnist|rendered_sst2|retinamnist|stl10,0.4069307088851929,0.4069307088851929,0.0,0.0,0.4400799751281738,0.4400799751281738,0.0,5,10,21
resnet50,food101,random,50,10,21,0.5238095238095238,1,0.6666666666666666,mnist,mnist,1,mnist,cifar10|cifar100|fashion_mnist|mnist|octmnist|pathmnist|pneumoniamnist|retinamnist|tiny_imagenet|usps,0.4069307088851929,0.4069307088851929,0.0,0.0,0.4400799751281738,0.4400799751281738,0.0,5,10,21
resnet50,food101,random,51,10,21,0.5238095238095238,1,0.3333333333333333,mnist,mnist,1,mnist,bloodmnist|breastmnist|cifar10|cifar100|dermamnist|fashion_mnist|mnist|organcmnist|rendered_sst2|svhn,0.4069307088851929,0.4069307088851929,0.0,0.0,0.4400799751281738,0.4400799751281738,0.0,5,10,21
resnet50,food101,random,52,10,21,0.5238095238095238,0,0.6666666666666666,mnist,mnist,1,tissuemnist,breastmnist|cifar10|cifar100_coarse|organamnist|organcmnist|organsmnist|pathmnist|pneumoniamnist|tiny_imagenet|tissuemnist,0.4069307088851929,0.4067326903343201,0.00019801855087281384,0.0030302834056548916,0.4400799751281738,0.4406399726867676,-0.0005599975585937611,5,10,21
resnet50,food101,random,53,10,21,0.5238095238095238,0,0.6666666666666666,mnist,mnist,1,tissuemnist,bloodmnist|breastmnist|dermamnist|octmnist|organamnist|organcmnist|rendered_sst2|stl10|tiny_imagenet|tissuemnist,0.4069307088851929,0.4067326903343201,0.00019801855087281384,0.0030302834056548916,0.4400799751281738,0.4406399726867676,-0.0005599975585937611,5,10,21
resnet50,food101,random,54,10,21,0.5238095238095238,0,0.6666666666666666,mnist,mnist,1,tissuemnist,bloodmnist|cifar10|cifar100|dermamnist|organsmnist|pneumoniamnist|rendered_sst2|tiny_imagenet|tissuemnist|usps,0.4069307088851929,0.4067326903343201,0.00019801855087281384,0.0030302834056548916,0.4400799751281738,0.4406399726867676,-0.0005599975585937611,5,10,21
resnet50,food101,random,55,10,21,0.5238095238095238,0,0.0,mnist,mnist,1,pathmnist,cifar100|dermamnist|octmnist|organcmnist|organsmnist|pathmnist|rendered_sst2|stl10|svhn|usps,0.4069307088851929,0.40633665919303896,0.0005940496921539307,0.00909075900381006,0.4400799751281738,0.4420799672603607,-0.0019999921321868785,5,10,21
resnet50,food101,random,56,10,21,0.5238095238095238,0,0.6666666666666666,mnist,mnist,1,tissuemnist,breastmnist|dermamnist|fashion_mnist|organcmnist|organsmnist|retinamnist|stl10|tiny_imagenet|tissuemnist|usps,0.4069307088851929,0.4067326903343201,0.00019801855087281384,0.0030302834056548916,0.4400799751281738,0.4406399726867676,-0.0005599975585937611,5,10,21
resnet50,food101,random,57,10,21,0.5238095238095238,0,0.3333333333333333,mnist,mnist,1,tiny_imagenet,bloodmnist|cifar10|cifar100|dermamnist|fashion_mnist|organcmnist|pathmnist|rendered_sst2|stl10|tiny_imagenet,0.4069307088851929,0.40653467178344727,0.0003960371017456277,0.006060566811309783,0.4400799751281738,0.450439989566803,-0.010360014438629161,5,10,21
resnet50,food101,random,58,10,21,0.5238095238095238,1,1.0,mnist,mnist,1,mnist,cifar10|cifar100|cifar100_coarse|mnist|organsmnist|pathmnist|retinamnist|tiny_imagenet|tissuemnist|usps,0.4069307088851929,0.4069307088851929,0.0,0.0,0.4400799751281738,0.4400799751281738,0.0,5,10,21
resnet50,food101,random,59,10,21,0.5238095238095238,1,0.6666666666666666,mnist,mnist,1,mnist,cifar10|cifar100_coarse|dermamnist|fashion_mnist|mnist|organcmnist|organsmnist|retinamnist|tiny_imagenet|usps,0.4069307088851929,0.4069307088851929,0.0,0.0,0.4400799751281738,0.4400799751281738,0.0,5,10,21
resnet50,food101,random,60,10,21,0.5238095238095238,1,0.6666666666666666,mnist,mnist,1,mnist,bloodmnist|breastmnist|cifar10|cifar100_coarse|fashion_mnist|mnist|octmnist|organcmnist|pneumoniamnist|tiny_imagenet,0.4069307088851929,0.4069307088851929,0.0,0.0,0.4400799751281738,0.4400799751281738,0.0,5,10,21
resnet50,food101,random,61,10,21,0.5238095238095238,1,0.6666666666666666,mnist,mnist,1,mnist,cifar10|cifar100|fashion_mnist|mnist|octmnist|pathmnist|rendered_sst2|retinamnist|tiny_imagenet|usps,0.4069307088851929,0.4069307088851929,0.0,0.0,0.4400799751281738,0.4400799751281738,0.0,5,10,21
resnet50,food101,random,62,10,21,0.5238095238095238,1,0.6666666666666666,mnist,mnist,1,mnist,breastmnist|cifar10|dermamnist|fashion_mnist|mnist|organamnist|organsmnist|stl10|tissuemnist|usps,0.4069307088851929,0.4069307088851929,0.0,0.0,0.4400799751281738,0.4400799751281738,0.0,5,10,21
resnet50,food101,random,63,10,21,0.5238095238095238,0,0.3333333333333333,mnist,mnist,1,tissuemnist,bloodmnist|cifar100_coarse|fashion_mnist|pathmnist|pneumoniamnist|rendered_sst2|stl10|svhn|tissuemnist|usps,0.4069307088851929,0.4067326903343201,0.00019801855087281384,0.0030302834056548916,0.4400799751281738,0.4406399726867676,-0.0005599975585937611,5,10,21
resnet50,food101,random,64,10,21,0.5238095238095238,1,0.6666666666666666,mnist,mnist,1,mnist,bloodmnist|cifar100_coarse|dermamnist|fashion_mnist|mnist|organsmnist|pathmnist|retinamnist|svhn|tiny_imagenet,0.4069307088851929,0.4069307088851929,0.0,0.0,0.4400799751281738,0.4400799751281738,0.0,5,10,21
resnet50,food101,random,65,10,21,0.5238095238095238,1,0.6666666666666666,mnist,mnist,1,mnist,cifar100|fashion_mnist|mnist|organsmnist|pathmnist|retinamnist|stl10|svhn|tissuemnist|usps,0.4069307088851929,0.4069307088851929,0.0,0.0,0.4400799751281738,0.4400799751281738,0.0,5,10,21
resnet50,food101,random,66,10,21,0.5238095238095238,0,0.3333333333333333,mnist,mnist,1,tiny_imagenet,bloodmnist|cifar100|cifar100_coarse|fashion_mnist|octmnist|organamnist|organcmnist|rendered_sst2|tiny_imagenet|usps,0.4069307088851929,0.40653467178344727,0.0003960371017456277,0.006060566811309783,0.4400799751281738,0.450439989566803,-0.010360014438629161,5,10,21
resnet50,food101,random,67,10,21,0.5238095238095238,1,0.6666666666666666,mnist,mnist,1,mnist,breastmnist|cifar10|dermamnist|mnist|organamnist|organsmnist|pathmnist|retinamnist|svhn|tiny_imagenet,0.4069307088851929,0.4069307088851929,0.0,0.0,0.4400799751281738,0.4400799751281738,0.0,5,10,21
resnet50,food101,random,68,10,21,0.5238095238095238,0,0.6666666666666666,mnist,mnist,1,tissuemnist,breastmnist|dermamnist|octmnist|organsmnist|pathmnist|stl10|svhn|tiny_imagenet|tissuemnist|usps,0.4069307088851929,0.4067326903343201,0.00019801855087281384,0.0030302834056548916,0.4400799751281738,0.4406399726867676,-0.0005599975585937611,5,10,21
resnet50,food101,random,69,10,21,0.5238095238095238,0,0.0,mnist,mnist,1,cifar100,bloodmnist|cifar10|cifar100|cifar100_coarse|dermamnist|fashion_mnist|octmnist|organcmnist|retinamnist|usps,0.4069307088851929,0.4045544683933258,0.0023762404918670765,0.036363674507319144,0.4400799751281738,0.447599983215332,-0.007520008087158192,5,10,21
resnet50,food101,random,70,10,21,0.5238095238095238,0,0.3333333333333333,mnist,mnist,1,tiny_imagenet,breastmnist|cifar100|octmnist|organamnist|organcmnist|pathmnist|rendered_sst2|retinamnist|stl10|tiny_imagenet,0.4069307088851929,0.40653467178344727,0.0003960371017456277,0.006060566811309783,0.4400799751281738,0.450439989566803,-0.010360014438629161,5,10,21
resnet50,food101,random,71,10,21,0.5238095238095238,1,0.6666666666666666,mnist,mnist,1,mnist,breastmnist|cifar10|cifar100|dermamnist|mnist|organcmnist|organsmnist|pathmnist|rendered_sst2|tissuemnist,0.4069307088851929,0.4069307088851929,0.0,0.0,0.4400799751281738,0.4400799751281738,0.0,5,10,21
resnet50,food101,random,72,10,21,0.5238095238095238,0,0.6666666666666666,mnist,mnist,1,tissuemnist,bloodmnist|breastmnist|dermamnist|organamnist|organcmnist|rendered_sst2|retinamnist|svhn|tiny_imagenet|tissuemnist,0.4069307088851929,0.4067326903343201,0.00019801855087281384,0.0030302834056548916,0.4400799751281738,0.4406399726867676,-0.0005599975585937611,5,10,21
resnet50,food101,random,73,10,21,0.5238095238095238,1,0.6666666666666666,mnist,mnist,1,mnist,breastmnist|cifar10|fashion_mnist|mnist|organamnist|organcmnist|organsmnist|pneumoniamnist|rendered_sst2|tiny_imagenet,0.4069307088851929,0.4069307088851929,0.0,0.0,0.4400799751281738,0.4400799751281738,0.0,5,10,21
resnet50,food101,random,74,10,21,0.5238095238095238,0,0.3333333333333333,mnist,mnist,1,tissuemnist,cifar100|cifar100_coarse|octmnist|organamnist|organcmnist|pathmnist|rendered_sst2|retinamnist|tissuemnist|usps,0.4069307088851929,0.4067326903343201,0.00019801855087281384,0.0030302834056548916,0.4400799751281738,0.4406399726867676,-0.0005599975585937611,5,10,21
resnet50,food101,random,75,10,21,0.5238095238095238,0,0.3333333333333333,mnist,mnist,1,tiny_imagenet,cifar100|cifar100_coarse|fashion_mnist|octmnist|organsmnist|pneumoniamnist|rendered_sst2|svhn|tiny_imagenet|usps,0.4069307088851929,0.40653467178344727,0.0003960371017456277,0.006060566811309783,0.4400799751281738,0.450439989566803,-0.010360014438629161,5,10,21
resnet50,food101,random,76,10,21,0.5238095238095238,0,0.0,mnist,mnist,1,pathmnist,breastmnist|cifar10|cifar100_coarse|dermamnist|octmnist|organcmnist|pathmnist|pneumoniamnist|retinamnist|stl10,0.4069307088851929,0.40633665919303896,0.0005940496921539307,0.00909075900381006,0.4400799751281738,0.4420799672603607,-0.0019999921321868785,5,10,21
resnet50,food101,random,77,10,21,0.5238095238095238,1,0.3333333333333333,mnist,mnist,1,mnist,cifar100|fashion_mnist|mnist|organamnist|organcmnist|pathmnist|rendered_sst2|retinamnist|stl10|svhn,0.4069307088851929,0.4069307088851929,0.0,0.0,0.4400799751281738,0.4400799751281738,0.0,5,10,21
resnet50,food101,random,78,10,21,0.5238095238095238,0,0.6666666666666666,mnist,mnist,1,tissuemnist,bloodmnist|cifar100_coarse|dermamnist|fashion_mnist|organamnist|organcmnist|pathmnist|stl10|tiny_imagenet|tissuemnist,0.4069307088851929,0.4067326903343201,0.00019801855087281384,0.0030302834056548916,0.4400799751281738,0.4406399726867676,-0.0005599975585937611,5,10,21
resnet50,food101,random,79,10,21,0.5238095238095238,1,0.3333333333333333,mnist,mnist,1,mnist,breastmnist|cifar100|dermamnist|fashion_mnist|mnist|octmnist|organamnist|organsmnist|stl10|svhn,0.4069307088851929,0.4069307088851929,0.0,0.0,0.4400799751281738,0.4400799751281738,0.0,5,10,21
resnet50,food101,random,80,10,21,0.5238095238095238,1,0.3333333333333333,mnist,mnist,1,mnist,breastmnist|cifar10|cifar100_coarse|dermamnist|fashion_mnist|mnist|organsmnist|pathmnist|pneumoniamnist|rendered_sst2,0.4069307088851929,0.4069307088851929,0.0,0.0,0.4400799751281738,0.4400799751281738,0.0,5,10,21
resnet50,food101,random,81,10,21,0.5238095238095238,0,0.3333333333333333,mnist,mnist,1,tissuemnist,breastmnist|cifar100|dermamnist|octmnist|organamnist|pathmnist|pneumoniamnist|rendered_sst2|svhn|tissuemnist,0.4069307088851929,0.4067326903343201,0.00019801855087281384,0.0030302834056548916,0.4400799751281738,0.4406399726867676,-0.0005599975585937611,5,10,21
resnet50,food101,random,82,10,21,0.5238095238095238,1,0.6666666666666666,mnist,mnist,1,mnist,cifar100_coarse|mnist|octmnist|organcmnist|organsmnist|pneumoniamnist|rendered_sst2|retinamnist|stl10|tiny_imagenet,0.4069307088851929,0.4069307088851929,0.0,0.0,0.4400799751281738,0.4400799751281738,0.0,5,10,21
resnet50,food101,random,83,10,21,0.5238095238095238,0,0.3333333333333333,mnist,mnist,1,tiny_imagenet,cifar10|cifar100|cifar100_coarse|dermamnist|octmnist|organamnist|pathmnist|rendered_sst2|stl10|tiny_imagenet,0.4069307088851929,0.40653467178344727,0.0003960371017456277,0.006060566811309783,0.4400799751281738,0.450439989566803,-0.010360014438629161,5,10,21
resnet50,food101,random,84,10,21,0.5238095238095238,1,1.0,mnist,mnist,1,mnist,breastmnist|cifar10|cifar100|fashion_mnist|mnist|pneumoniamnist|stl10|tiny_imagenet|tissuemnist|usps,0.4069307088851929,0.4069307088851929,0.0,0.0,0.4400799751281738,0.4400799751281738,0.0,5,10,21
resnet50,food101,random,85,10,21,0.5238095238095238,1,0.3333333333333333,mnist,mnist,1,mnist,bloodmnist|breastmnist|cifar100|dermamnist|mnist|octmnist|organamnist|organsmnist|pneumoniamnist|retinamnist,0.4069307088851929,0.4069307088851929,0.0,0.0,0.4400799751281738,0.4400799751281738,0.0,5,10,21
resnet50,food101,random,86,10,21,0.5238095238095238,1,0.6666666666666666,mnist,mnist,1,mnist,bloodmnist|cifar10|mnist|octmnist|organamnist|pneumoniamnist|stl10|svhn|tiny_imagenet|usps,0.4069307088851929,0.4069307088851929,0.0,0.0,0.4400799751281738,0.4400799751281738,0.0,5,10,21
resnet50,food101,random,87,10,21,0.5238095238095238,0,0.3333333333333333,mnist,mnist,1,tissuemnist,bloodmnist|cifar10|cifar100_coarse|organcmnist|organsmnist|pathmnist|stl10|svhn|tissuemnist|usps,0.4069307088851929,0.4067326903343201,0.00019801855087281384,0.0030302834056548916,0.4400799751281738,0.4406399726867676,-0.0005599975585937611,5,10,21
resnet50,food101,random,88,10,21,0.5238095238095238,1,0.6666666666666666,mnist,mnist,1,mnist,bloodmnist|cifar100|dermamnist|fashion_mnist|mnist|rendered_sst2|retinamnist|stl10|tiny_imagenet|usps,0.4069307088851929,0.4069307088851929,0.0,0.0,0.4400799751281738,0.4400799751281738,0.0,5,10,21
resnet50,food101,random,89,10,21,0.5238095238095238,0,0.3333333333333333,mnist,mnist,1,tiny_imagenet,breastmnist|cifar10|cifar100|cifar100_coarse|fashion_mnist|organamnist|organcmnist|retinamnist|stl10|tiny_imagenet,0.4069307088851929,0.40653467178344727,0.0003960371017456277,0.006060566811309783,0.4400799751281738,0.450439989566803,-0.010360014438629161,5,10,21
resnet50,food101,random,90,10,21,0.5238095238095238,1,0.3333333333333333,mnist,mnist,1,mnist,bloodmnist|breastmnist|cifar10|cifar100|dermamnist|mnist|organamnist|organsmnist|stl10|usps,0.4069307088851929,0.4069307088851929,0.0,0.0,0.4400799751281738,0.4400799751281738,0.0,5,10,21
resnet50,food101,random,91,10,21,0.5238095238095238,1,0.6666666666666666,mnist,mnist,1,mnist,bloodmnist|fashion_mnist|mnist|octmnist|organamnist|organsmnist|retinamnist|stl10|tiny_imagenet|usps,0.4069307088851929,0.4069307088851929,0.0,0.0,0.4400799751281738,0.4400799751281738,0.0,5,10,21
resnet50,food101,random,92,10,21,0.5238095238095238,1,0.3333333333333333,mnist,mnist,1,mnist,cifar10|cifar100|dermamnist|fashion_mnist|mnist|octmnist|organamnist|pneumoniamnist|rendered_sst2|usps,0.4069307088851929,0.4069307088851929,0.0,0.0,0.4400799751281738,0.4400799751281738,0.0,5,10,21
resnet50,food101,random,93,10,21,0.5238095238095238,0,0.6666666666666666,mnist,mnist,1,tissuemnist,breastmnist|cifar10|cifar100_coarse|fashion_mnist|organsmnist|pneumoniamnist|retinamnist|stl10|tiny_imagenet|tissuemnist,0.4069307088851929,0.4067326903343201,0.00019801855087281384,0.0030302834056548916,0.4400799751281738,0.4406399726867676,-0.0005599975585937611,5,10,21
resnet50,food101,random,94,10,21,0.5238095238095238,1,0.6666666666666666,mnist,mnist,1,mnist,breastmnist|cifar10|cifar100|dermamnist|mnist|octmnist|organamnist|pathmnist|stl10|tissuemnist,0.4069307088851929,0.4069307088851929,0.0,0.0,0.4400799751281738,0.4400799751281738,0.0,5,10,21
resnet50,food101,random,95,10,21,0.5238095238095238,1,0.3333333333333333,mnist,mnist,1,mnist,bloodmnist|cifar100|dermamnist|mnist|organamnist|organsmnist|retinamnist|stl10|svhn|usps,0.4069307088851929,0.4069307088851929,0.0,0.0,0.4400799751281738,0.4400799751281738,0.0,5,10,21
resnet50,food101,random,96,10,21,0.5238095238095238,1,0.6666666666666666,mnist,mnist,1,mnist,breastmnist|dermamnist|mnist|octmnist|organcmnist|organsmnist|pathmnist|retinamnist|tissuemnist|usps,0.4069307088851929,0.4069307088851929,0.0,0.0,0.4400799751281738,0.4400799751281738,0.0,5,10,21
resnet50,food101,random,97,10,21,0.5238095238095238,1,0.3333333333333333,mnist,mnist,1,mnist,breastmnist|cifar10|cifar100|cifar100_coarse|mnist|organamnist|organcmnist|organsmnist|pneumoniamnist|retinamnist,0.4069307088851929,0.4069307088851929,0.0,0.0,0.4400799751281738,0.4400799751281738,0.0,5,10,21
resnet50,food101,random,98,10,21,0.5238095238095238,1,0.3333333333333333,mnist,mnist,1,mnist,bloodmnist|cifar10|cifar100|dermamnist|fashion_mnist|mnist|octmnist|organcmnist|pathmnist|pneumoniamnist,0.4069307088851929,0.4069307088851929,0.0,0.0,0.4400799751281738,0.4400799751281738,0.0,5,10,21
resnet50,food101,random,99,10,21,0.5238095238095238,1,0.6666666666666666,mnist,mnist,1,mnist,bloodmnist|breastmnist|cifar10|cifar100_coarse|dermamnist|mnist|organsmnist|rendered_sst2|retinamnist|tissuemnist,0.4069307088851929,0.4069307088851929,0.0,0.0,0.4400799751281738,0.4400799751281738,0.0,5,10,21
resnet50,gtsrb,rank_only,-1,3,21,0.8571428571428572,1,0.6666666666666666,cifar100,cifar100,1,cifar100,tiny_imagenet|cifar100_coarse|cifar100,0.6763028621673584,0.6763028621673584,0.0,0.0,0.5835999727249146,0.5835999727249146,0.0,5,3,21
resnet50,gtsrb,facility_subspace,-1,3,21,0.8571428571428572,1,0.3333333333333333,cifar100,cifar100,1,cifar100,organcmnist|cifar100|svhn,0.6763028621673584,0.6763028621673584,0.0,0.0,0.5835999727249146,0.5835999727249146,0.0,5,3,21
resnet50,gtsrb,kcenter_subspace,-1,3,21,0.8571428571428572,0,0.3333333333333333,cifar100,cifar100,1,tiny_imagenet,tiny_imagenet|rendered_sst2|usps,0.6763028621673584,0.674139654636383,0.0021632075309753196,0.0384612368391766,0.5835999727249146,0.5874399900436401,-0.0038400173187255193,5,3,21
resnet50,gtsrb,dpp_subspace,-1,3,21,0.8571428571428572,0,0.3333333333333333,cifar100,cifar100,1,tiny_imagenet,tiny_imagenet|stl10|cifar100_coarse,0.6763028621673584,0.674139654636383,0.0021632075309753196,0.0384612368391766,0.5835999727249146,0.5874399900436401,-0.0038400173187255193,5,3,21
resnet50,gtsrb,pool_vendi_subspace,-1,3,21,0.8571428571428572,0,0.3333333333333333,cifar100,cifar100,1,tiny_imagenet,tiny_imagenet|rendered_sst2|usps,0.6763028621673584,0.674139654636383,0.0021632075309753196,0.0384612368391766,0.5835999727249146,0.5874399900436401,-0.0038400173187255193,5,3,21
resnet50,gtsrb,full_merged_rank,-1,3,21,0.8571428571428572,0,0.3333333333333333,cifar100,cifar100,1,tiny_imagenet,tiny_imagenet|stl10|cifar100_coarse,0.6763028621673584,0.674139654636383,0.0021632075309753196,0.0384612368391766,0.5835999727249146,0.5874399900436401,-0.0038400173187255193,5,3,21
resnet50,gtsrb,random,0,3,21,0.8571428571428572,0,0.0,cifar100,cifar100,1,pneumoniamnist,bloodmnist|organsmnist|pneumoniamnist,0.6763028621673584,0.6619469285011291,0.014355933666229226,0.25524456478542584,0.5835999727249146,0.5761199712753295,0.00748000144958505,5,3,21
resnet50,gtsrb,random,1,3,21,0.8571428571428572,0,0.3333333333333333,cifar100,cifar100,1,dermamnist,dermamnist|organcmnist|retinamnist,0.6763028621673584,0.6666666984558105,0.009636163711547852,0.17132834895587712,0.5835999727249146,0.5871199607849121,-0.0035199880599975364,5,3,21
resnet50,gtsrb,random,2,3,21,0.8571428571428572,0,0.0,cifar100,cifar100,1,organamnist,organamnist|organsmnist|svhn,0.6763028621673584,0.6605703234672546,0.015732538700103715,0.2797202248798496,0.5835999727249146,0.5679199934005738,0.015679979324340843,5,3,21
resnet50,gtsrb,random,3,3,21,0.8571428571428572,0,0.0,cifar100,cifar100,1,stl10,octmnist|organsmnist|stl10,0.6763028621673584,0.6645034790039063,0.011799383163452082,0.20978979774590154,0.5835999727249146,0.5735999822616578,0.009999990463256836,5,3,21
resnet50,gtsrb,random,4,3,21,0.8571428571428572,0,0.0,cifar100,cifar100,1,pneumoniamnist,organcmnist|pneumoniamnist|rendered_sst2,0.6763028621673584,0.6619469285011291,0.014355933666229226,0.25524456478542584,0.5835999727249146,0.5761199712753295,0.00748000144958505,5,3,21
resnet50,gtsrb,random,5,3,21,0.8571428571428572,0,0.3333333333333333,cifar100,cifar100,1,dermamnist,dermamnist|pathmnist|retinamnist,0.6763028621673584,0.6666666984558105,0.009636163711547852,0.17132834895587712,0.5835999727249146,0.5871199607849121,-0.0035199880599975364,5,3,21
resnet50,gtsrb,random,6,3,21,0.8571428571428572,0,0.0,cifar100,cifar100,1,breastmnist,breastmnist|pathmnist|usps,0.6763028621673584,0.6586037516593933,0.01769911050796502,0.3146853324713987,0.5835999727249146,0.5869999527931213,-0.0033999800682067427,5,3,21
resnet50,gtsrb,random,7,3,21,0.8571428571428572,1,0.6666666666666666,cifar100,cifar100,1,cifar100,cifar100|dermamnist|octmnist,0.6763028621673584,0.6763028621673584,0.0,0.0,0.5835999727249146,0.5835999727249146,0.0,5,3,21
resnet50,gtsrb,random,8,3,21,0.8571428571428572,1,0.3333333333333333,cifar100,cifar100,1,cifar100,cifar100|rendered_sst2|stl10,0.6763028621673584,0.6763028621673584,0.0,0.0,0.5835999727249146,0.5835999727249146,0.0,5,3,21
resnet50,gtsrb,random,9,3,21,0.8571428571428572,0,0.3333333333333333,cifar100,cifar100,1,tiny_imagenet,rendered_sst2|svhn|tiny_imagenet,0.6763028621673584,0.674139654636383,0.0021632075309753196,0.0384612368391766,0.5835999727249146,0.5874399900436401,-0.0038400173187255193,5,3,21
resnet50,gtsrb,random,10,3,21,0.8571428571428572,0,0.0,cifar100,cifar100,1,cifar10,cifar10|organsmnist|pathmnist,0.6763028621673584,0.6637168288230896,0.012586033344268777,0.22377622229404961,0.5835999727249146,0.574079966545105,0.009520006179809637,5,3,21
resnet50,gtsrb,random,11,3,21,0.8571428571428572,0,0.0,cifar100,cifar100,1,mnist,bloodmnist|mnist|octmnist,0.6763028621673584,0.6637168288230896,0.012586033344268777,0.22377622229404961,0.5835999727249146,0.5789199709892273,0.004680001735687278,5,3,21
resnet50,gtsrb,random,12,3,21,0.8571428571428572,0,0.0,cifar100,cifar100,1,cifar10,cifar10|cifar100_coarse|mnist,0.6763028621673584,0.6637168288230896,0.012586033344268777,0.22377622229404961,0.5835999727249146,0.574079966545105,0.009520006179809637,5,3,21
resnet50,gtsrb,random,13,3,21,0.8571428571428572,0,0.0,cifar100,cifar100,1,breastmnist,bloodmnist|breastmnist|organsmnist,0.6763028621673584,0.6586037516593933,0.01769911050796502,0.3146853324713987,0.5835999727249146,0.5869999527931213,-0.0033999800682067427,5,3,21
resnet50,gtsrb,random,14,3,21,0.8571428571428572,0,0.0,cifar100,cifar100,1,organamnist,bloodmnist|organamnist|tissuemnist,0.6763028621673584,0.6605703234672546,0.015732538700103715,0.2797202248798496,0.5835999727249146,0.5679199934005738,0.015679979324340843,5,3,21
resnet50,gtsrb,random,15,3,21,0.8571428571428572,1,0.3333333333333333,cifar100,cifar100,1,cifar100,cifar10|cifar100|mnist,0.6763028621673584,0.6763028621673584,0.0,0.0,0.5835999727249146,0.5835999727249146,0.0,5,3,21
resnet50,gtsrb,random,16,3,21,0.8571428571428572,0,0.3333333333333333,cifar100,cifar100,1,dermamnist,bloodmnist|dermamnist|svhn,0.6763028621673584,0.6666666984558105,0.009636163711547852,0.17132834895587712,0.5835999727249146,0.5871199607849121,-0.0035199880599975364,5,3,21
resnet50,gtsrb,random,17,3,21,0.8571428571428572,0,0.0,cifar100,cifar100,1,mnist,mnist|octmnist|organsmnist,0.6763028621673584,0.6637168288230896,0.012586033344268777,0.22377622229404961,0.5835999727249146,0.5789199709892273,0.004680001735687278,5,3,21
resnet50,gtsrb,random,18,3,21,0.8571428571428572,0,0.0,cifar100,cifar100,1,cifar100_coarse,cifar100_coarse|svhn|tissuemnist,0.6763028621673584,0.6538839936256409,0.022418868541717485,0.39860133635009964,0.5835999727249146,0.5710799932479859,0.012519979476928733,5,3,21
resnet50,gtsrb,random,19,3,21,0.8571428571428572,0,0.3333333333333333,cifar100,cifar100,1,tiny_imagenet,mnist|tiny_imagenet|tissuemnist,0.6763028621673584,0.674139654636383,0.0021632075309753196,0.0384612368391766,0.5835999727249146,0.5874399900436401,-0.0038400173187255193,5,3,21
resnet50,gtsrb,random,20,3,21,0.8571428571428572,1,0.3333333333333333,cifar100,cifar100,1,cifar100,cifar100|organcmnist|organsmnist,0.6763028621673584,0.6763028621673584,0.0,0.0,0.5835999727249146,0.5835999727249146,0.0,5,3,21
resnet50,gtsrb,random,21,3,21,0.8571428571428572,0,0.3333333333333333,cifar100,cifar100,1,dermamnist,dermamnist|mnist|organamnist,0.6763028621673584,0.6666666984558105,0.009636163711547852,0.17132834895587712,0.5835999727249146,0.5871199607849121,-0.0035199880599975364,5,3,21
resnet50,gtsrb,random,22,3,21,0.8571428571428572,1,0.3333333333333333,cifar100,cifar100,1,cifar100,cifar100|cifar100_coarse|pneumoniamnist,0.6763028621673584,0.6763028621673584,0.0,0.0,0.5835999727249146,0.5835999727249146,0.0,5,3,21
resnet50,gtsrb,random,23,3,21,0.8571428571428572,0,0.6666666666666666,cifar100,cifar100,1,tiny_imagenet,dermamnist|organsmnist|tiny_imagenet,0.6763028621673584,0.674139654636383,0.0021632075309753196,0.0384612368391766,0.5835999727249146,0.5874399900436401,-0.0038400173187255193,5,3,21
resnet50,gtsrb,random,24,3,21,0.8571428571428572,0,0.0,cifar100,cifar100,1,stl10,organsmnist|retinamnist|stl10,0.6763028621673584,0.6645034790039063,0.011799383163452082,0.20978979774590154,0.5835999727249146,0.5735999822616578,0.009999990463256836,5,3,21
resnet50,gtsrb,random,25,3,21,0.8571428571428572,0,0.0,cifar100,cifar100,1,organcmnist,organcmnist|rendered_sst2|retinamnist,0.6763028621673584,0.6595870375633239,0.016715824604034424,0.2972027786756251,0.5835999727249146,0.5684799551963806,0.01512001752853398,5,3,21
resnet50,gtsrb,random,26,3,21,0.8571428571428572,0,0.0,cifar100,cifar100,1,mnist,mnist|organamnist|rendered_sst2,0.6763028621673584,0.6637168288230896,0.012586033344268777,0.22377622229404961,0.5835999727249146,0.5789199709892273,0.004680001735687278,5,3,21
resnet50,gtsrb,random,27,3,21,0.8571428571428572,1,0.6666666666666666,cifar100,cifar100,1,cifar100,cifar100|dermamnist|mnist,0.6763028621673584,0.6763028621673584,0.0,0.0,0.5835999727249146,0.5835999727249146,0.0,5,3,21
resnet50,gtsrb,random,28,3,21,0.8571428571428572,1,0.3333333333333333,cifar100,cifar100,1,cifar100,cifar100|fashion_mnist|organamnist,0.6763028621673584,0.6763028621673584,0.0,0.0,0.5835999727249146,0.5835999727249146,0.0,5,3,21
resnet50,gtsrb,random,29,3,21,0.8571428571428572,0,0.0,cifar100,cifar100,1,pathmnist,bloodmnist|pathmnist|tissuemnist,0.6763028621673584,0.6544739723205566,0.021828889846801758,0.3881116769021264,0.5835999727249146,0.5785199761390686,0.005079996585846014,5,3,21
resnet50,gtsrb,random,30,3,21,0.8571428571428572,0,0.3333333333333333,cifar100,cifar100,1,tiny_imagenet,bloodmnist|cifar10|tiny_imagenet,0.6763028621673584,0.674139654636383,0.0021632075309753196,0.0384612368391766,0.5835999727249146,0.5874399900436401,-0.0038400173187255193,5,3,21
resnet50,gtsrb,random,31,3,21,0.8571428571428572,0,0.0,cifar100,cifar100,1,mnist,cifar100_coarse|mnist|tissuemnist,0.6763028621673584,0.6637168288230896,0.012586033344268777,0.22377622229404961,0.5835999727249146,0.5789199709892273,0.004680001735687278,5,3,21
resnet50,gtsrb,random,32,3,21,0.8571428571428572,0,0.3333333333333333,cifar100,cifar100,1,dermamnist,cifar10|dermamnist|stl10,0.6763028621673584,0.6666666984558105,0.009636163711547852,0.17132834895587712,0.5835999727249146,0.5871199607849121,-0.0035199880599975364,5,3,21
resnet50,gtsrb,random,33,3,21,0.8571428571428572,1,0.3333333333333333,cifar100,cifar100,1,cifar100,cifar100|organcmnist|retinamnist,0.6763028621673584,0.6763028621673584,0.0,0.0,0.5835999727249146,0.5835999727249146,0.0,5,3,21
resnet50,gtsrb,random,34,3,21,0.8571428571428572,0,0.0,cifar100,cifar100,1,stl10,breastmnist|cifar10|stl10,0.6763028621673584,0.6645034790039063,0.011799383163452082,0.20978979774590154,0.5835999727249146,0.5735999822616578,0.009999990463256836,5,3,21
resnet50,gtsrb,random,35,3,21,0.8571428571428572,0,0.3333333333333333,cifar100,cifar100,1,tiny_imagenet,pathmnist|stl10|tiny_imagenet,0.6763028621673584,0.674139654636383,0.0021632075309753196,0.0384612368391766,0.5835999727249146,0.5874399900436401,-0.0038400173187255193,5,3,21
resnet50,gtsrb,random,36,3,21,0.8571428571428572,1,0.3333333333333333,cifar100,cifar100,1,cifar100,cifar100|fashion_mnist|pathmnist,0.6763028621673584,0.6763028621673584,0.0,0.0,0.5835999727249146,0.5835999727249146,0.0,5,3,21
resnet50,gtsrb,random,37,3,21,0.8571428571428572,0,0.0,cifar100,cifar100,1,pneumoniamnist,breastmnist|organcmnist|pneumoniamnist,0.6763028621673584,0.6619469285011291,0.014355933666229226,0.25524456478542584,0.5835999727249146,0.5761199712753295,0.00748000144958505,5,3,21
resnet50,gtsrb,random,38,3,21,0.8571428571428572,0,0.3333333333333333,cifar100,cifar100,1,dermamnist,dermamnist|organamnist|organcmnist,0.6763028621673584,0.6666666984558105,0.009636163711547852,0.17132834895587712,0.5835999727249146,0.5871199607849121,-0.0035199880599975364,5,3,21
resnet50,gtsrb,random,39,3,21,0.8571428571428572,0,0.0,cifar100,cifar100,1,mnist,mnist|organsmnist|pathmnist,0.6763028621673584,0.6637168288230896,0.012586033344268777,0.22377622229404961,0.5835999727249146,0.5789199709892273,0.004680001735687278,5,3,21
resnet50,gtsrb,random,40,3,21,0.8571428571428572,0,0.0,cifar100,cifar100,1,mnist,breastmnist|mnist|organamnist,0.6763028621673584,0.6637168288230896,0.012586033344268777,0.22377622229404961,0.5835999727249146,0.5789199709892273,0.004680001735687278,5,3,21
resnet50,gtsrb,random,41,3,21,0.8571428571428572,0,0.0,cifar100,cifar100,1,mnist,mnist|organamnist|retinamnist,0.6763028621673584,0.6637168288230896,0.012586033344268777,0.22377622229404961,0.5835999727249146,0.5789199709892273,0.004680001735687278,5,3,21
resnet50,gtsrb,random,42,3,21,0.8571428571428572,0,0.3333333333333333,cifar100,cifar100,1,dermamnist,cifar10|dermamnist|svhn,0.6763028621673584,0.6666666984558105,0.009636163711547852,0.17132834895587712,0.5835999727249146,0.5871199607849121,-0.0035199880599975364,5,3,21
resnet50,gtsrb,random,43,3,21,0.8571428571428572,0,0.0,cifar100,cifar100,1,octmnist,bloodmnist|octmnist|organamnist,0.6763028621673584,0.6631268739700318,0.013175988197326571,0.23426545784032524,0.5835999727249146,0.5792799592018127,0.004320013523101851,5,3,21
resnet50,gtsrb,random,44,3,21,0.8571428571428572,0,0.0,cifar100,cifar100,1,stl10,organamnist|retinamnist|stl10,0.6763028621673584,0.6645034790039063,0.011799383163452082,0.20978979774590154,0.5835999727249146,0.5735999822616578,0.009999990463256836,5,3,21
resnet50,gtsrb,random,45,3,21,0.8571428571428572,1,0.3333333333333333,cifar100,cifar100,1,cifar100,cifar100|organsmnist|retinamnist,0.6763028621673584,0.6763028621673584,0.0,0.0,0.5835999727249146,0.5835999727249146,0.0,5,3,21
resnet50,gtsrb,random,46,3,21,0.8571428571428572,0,0.0,cifar100,cifar100,1,stl10,octmnist|pathmnist|stl10,0.6763028621673584,0.6645034790039063,0.011799383163452082,0.20978979774590154,0.5835999727249146,0.5735999822616578,0.009999990463256836,5,3,21
resnet50,gtsrb,random,47,3,21,0.8571428571428572,0,0.0,cifar100,cifar100,1,mnist,fashion_mnist|mnist|organamnist,0.6763028621673584,0.6637168288230896,0.012586033344268777,0.22377622229404961,0.5835999727249146,0.5789199709892273,0.004680001735687278,5,3,21
resnet50,gtsrb,random,48,3,21,0.8571428571428572,0,0.3333333333333333,cifar100,cifar100,1,dermamnist,breastmnist|dermamnist|pneumoniamnist,0.6763028621673584,0.6666666984558105,0.009636163711547852,0.17132834895587712,0.5835999727249146,0.5871199607849121,-0.0035199880599975364,5,3,21
resnet50,gtsrb,random,49,3,21,0.8571428571428572,0,0.0,cifar100,cifar100,1,organcmnist,bloodmnist|organcmnist|retinamnist,0.6763028621673584,0.6595870375633239,0.016715824604034424,0.2972027786756251,0.5835999727249146,0.5684799551963806,0.01512001752853398,5,3,21
resnet50,gtsrb,random,50,3,21,0.8571428571428572,0,0.3333333333333333,cifar100,cifar100,1,tiny_imagenet,cifar10|cifar100_coarse|tiny_imagenet,0.6763028621673584,0.674139654636383,0.0021632075309753196,0.0384612368391766,0.5835999727249146,0.5874399900436401,-0.0038400173187255193,5,3,21
resnet50,gtsrb,random,51,3,21,0.8571428571428572,1,0.3333333333333333,cifar100,cifar100,1,cifar100,cifar100|fashion_mnist|organsmnist,0.6763028621673584,0.6763028621673584,0.0,0.0,0.5835999727249146,0.5835999727249146,0.0,5,3,21
resnet50,gtsrb,random,52,3,21,0.8571428571428572,0,0.0,cifar100,cifar100,1,pathmnist,bloodmnist|pathmnist|tissuemnist,0.6763028621673584,0.6544739723205566,0.021828889846801758,0.3881116769021264,0.5835999727249146,0.5785199761390686,0.005079996585846014,5,3,21
resnet50,gtsrb,random,53,3,21,0.8571428571428572,0,0.0,cifar100,cifar100,1,stl10,octmnist|rendered_sst2|stl10,0.6763028621673584,0.6645034790039063,0.011799383163452082,0.20978979774590154,0.5835999727249146,0.5735999822616578,0.009999990463256836,5,3,21
resnet50,gtsrb,random,54,3,21,0.8571428571428572,0,0.0,cifar100,cifar100,1,cifar10,cifar10|pneumoniamnist|svhn,0.6763028621673584,0.6637168288230896,0.012586033344268777,0.22377622229404961,0.5835999727249146,0.574079966545105,0.009520006179809637,5,3,21
resnet50,gtsrb,random,55,3,21,0.8571428571428572,0,0.0,cifar100,cifar100,1,organcmnist,organcmnist|organsmnist|rendered_sst2,0.6763028621673584,0.6595870375633239,0.016715824604034424,0.2972027786756251,0.5835999727249146,0.5684799551963806,0.01512001752853398,5,3,21
resnet50,gtsrb,random,56,3,21,0.8571428571428572,0,0.0,cifar100,cifar100,1,stl10,organamnist|stl10|usps,0.6763028621673584,0.6645034790039063,0.011799383163452082,0.20978979774590154,0.5835999727249146,0.5735999822616578,0.009999990463256836,5,3,21
resnet50,gtsrb,random,57,3,21,0.8571428571428572,0,0.0,cifar100,cifar100,1,stl10,stl10|svhn|tissuemnist,0.6763028621673584,0.6645034790039063,0.011799383163452082,0.20978979774590154,0.5835999727249146,0.5735999822616578,0.009999990463256836,5,3,21
resnet50,gtsrb,random,58,3,21,0.8571428571428572,0,0.0,cifar100,cifar100,1,octmnist,octmnist|organamnist|svhn,0.6763028621673584,0.6631268739700318,0.013175988197326571,0.23426545784032524,0.5835999727249146,0.5792799592018127,0.004320013523101851,5,3,21
resnet50,gtsrb,random,59,3,21,0.8571428571428572,0,0.0,cifar100,cifar100,1,cifar10,cifar10|organsmnist|tissuemnist,0.6763028621673584,0.6637168288230896,0.012586033344268777,0.22377622229404961,0.5835999727249146,0.574079966545105,0.009520006179809637,5,3,21
resnet50,gtsrb,random,60,3,21,0.8571428571428572,0,0.0,cifar100,cifar100,1,mnist,cifar100_coarse|mnist|usps,0.6763028621673584,0.6637168288230896,0.012586033344268777,0.22377622229404961,0.5835999727249146,0.5789199709892273,0.004680001735687278,5,3,21
resnet50,gtsrb,random,61,3,21,0.8571428571428572,0,0.6666666666666666,cifar100,cifar100,1,tiny_imagenet,dermamnist|organamnist|tiny_imagenet,0.6763028621673584,0.674139654636383,0.0021632075309753196,0.0384612368391766,0.5835999727249146,0.5874399900436401,-0.0038400173187255193,5,3,21
resnet50,gtsrb,random,62,3,21,0.8571428571428572,0,0.0,cifar100,cifar100,1,pathmnist,organsmnist|pathmnist|tissuemnist,0.6763028621673584,0.6544739723205566,0.021828889846801758,0.3881116769021264,0.5835999727249146,0.5785199761390686,0.005079996585846014,5,3,21
resnet50,gtsrb,random,63,3,21,0.8571428571428572,0,0.0,cifar100,cifar100,1,mnist,mnist|organamnist|usps,0.6763028621673584,0.6637168288230896,0.012586033344268777,0.22377622229404961,0.5835999727249146,0.5789199709892273,0.004680001735687278,5,3,21
resnet50,gtsrb,random,64,3,21,0.8571428571428572,1,0.3333333333333333,cifar100,cifar100,1,cifar100,cifar100|cifar100_coarse|organsmnist,0.6763028621673584,0.6763028621673584,0.0,0.0,0.5835999727249146,0.5835999727249146,0.0,5,3,21
resnet50,gtsrb,random,65,3,21,0.8571428571428572,0,0.0,cifar100,cifar100,1,stl10,fashion_mnist|organcmnist|stl10,0.6763028621673584,0.6645034790039063,0.011799383163452082,0.20978979774590154,0.5835999727249146,0.5735999822616578,0.009999990463256836,5,3,21
resnet50,gtsrb,random,66,3,21,0.8571428571428572,0,0.0,cifar100,cifar100,1,organcmnist,organcmnist|rendered_sst2|svhn,0.6763028621673584,0.6595870375633239,0.016715824604034424,0.2972027786756251,0.5835999727249146,0.5684799551963806,0.01512001752853398,5,3,21
resnet50,gtsrb,random,67,3,21,0.8571428571428572,1,0.3333333333333333,cifar100,cifar100,1,cifar100,cifar100|cifar100_coarse|octmnist,0.6763028621673584,0.6763028621673584,0.0,0.0,0.5835999727249146,0.5835999727249146,0.0,5,3,21
resnet50,gtsrb,random,68,3,21,0.8571428571428572,0,0.0,cifar100,cifar100,1,cifar100_coarse,cifar100_coarse|tissuemnist|usps,0.6763028621673584,0.6538839936256409,0.022418868541717485,0.39860133635009964,0.5835999727249146,0.5710799932479859,0.012519979476928733,5,3,21
resnet50,gtsrb,random,69,3,21,0.8571428571428572,0,0.3333333333333333,cifar100,cifar100,1,tiny_imagenet,bloodmnist|mnist|tiny_imagenet,0.6763028621673584,0.674139654636383,0.0021632075309753196,0.0384612368391766,0.5835999727249146,0.5874399900436401,-0.0038400173187255193,5,3,21
resnet50,gtsrb,random,70,3,21,0.8571428571428572,1,0.3333333333333333,cifar100,cifar100,1,cifar100,cifar100|cifar100_coarse|fashion_mnist,0.6763028621673584,0.6763028621673584,0.0,0.0,0.5835999727249146,0.5835999727249146,0.0,5,3,21
resnet50,gtsrb,random,71,3,21,0.8571428571428572,0,0.0,cifar100,cifar100,1,mnist,cifar100_coarse|mnist|rendered_sst2,0.6763028621673584,0.6637168288230896,0.012586033344268777,0.22377622229404961,0.5835999727249146,0.5789199709892273,0.004680001735687278,5,3,21
resnet50,gtsrb,random,72,3,21,0.8571428571428572,0,0.0,cifar100,cifar100,1,organsmnist,organsmnist|retinamnist|svhn,0.6763028621673584,0.6530973434448242,0.02320551872253418,0.4125877608982477,0.5835999727249146,0.5696000099182129,0.013999962806701682,5,3,21
resnet50,gtsrb,random,73,3,21,0.8571428571428572,0,0.0,cifar100,cifar100,1,organamnist,organamnist|rendered_sst2|svhn,0.6763028621673584,0.6605703234672546,0.015732538700103715,0.2797202248798496,0.5835999727249146,0.5679199934005738,0.015679979324340843,5,3,21
resnet50,gtsrb,random,74,3,21,0.8571428571428572,0,0.3333333333333333,cifar100,cifar100,1,dermamnist,dermamnist|octmnist|tissuemnist,0.6763028621673584,0.6666666984558105,0.009636163711547852,0.17132834895587712,0.5835999727249146,0.5871199607849121,-0.0035199880599975364,5,3,21
resnet50,gtsrb,random,75,3,21,0.8571428571428572,0,0.3333333333333333,cifar100,cifar100,1,tiny_imagenet,octmnist|retinamnist|tiny_imagenet,0.6763028621673584,0.674139654636383,0.0021632075309753196,0.0384612368391766,0.5835999727249146,0.5874399900436401,-0.0038400173187255193,5,3,21
resnet50,gtsrb,random,76,3,21,0.8571428571428572,0,0.0,cifar100,cifar100,1,stl10,pathmnist|stl10|usps,0.6763028621673584,0.6645034790039063,0.011799383163452082,0.20978979774590154,0.5835999727249146,0.5735999822616578,0.009999990463256836,5,3,21
resnet50,gtsrb,random,77,3,21,0.8571428571428572,0,0.3333333333333333,cifar100,cifar100,1,tiny_imagenet,fashion_mnist|stl10|tiny_imagenet,0.6763028621673584,0.674139654636383,0.0021632075309753196,0.0384612368391766,0.5835999727249146,0.5874399900436401,-0.0038400173187255193,5,3,21
resnet50,gtsrb,random,78,3,21,0.8571428571428572,1,0.3333333333333333,cifar100,cifar100,1,cifar100,cifar100|fashion_mnist|rendered_sst2,0.6763028621673584,0.6763028621673584,0.0,0.0,0.5835999727249146,0.5835999727249146,0.0,5,3,21
resnet50,gtsrb,random,79,3,21,0.8571428571428572,0,0.3333333333333333,cifar100,cifar100,1,dermamnist,dermamnist|organsmnist|usps,0.6763028621673584,0.6666666984558105,0.009636163711547852,0.17132834895587712,0.5835999727249146,0.5871199607849121,-0.0035199880599975364,5,3,21
resnet50,gtsrb,random,80,3,21,0.8571428571428572,0,0.0,cifar100,cifar100,1,breastmnist,breastmnist|fashion_mnist|svhn,0.6763028621673584,0.6586037516593933,0.01769911050796502,0.3146853324713987,0.5835999727249146,0.5869999527931213,-0.0033999800682067427,5,3,21
resnet50,gtsrb,random,81,3,21,0.8571428571428572,0,0.0,cifar100,cifar100,1,organcmnist,organcmnist|pathmnist|tissuemnist,0.6763028621673584,0.6595870375633239,0.016715824604034424,0.2972027786756251,0.5835999727249146,0.5684799551963806,0.01512001752853398,5,3,21
resnet50,gtsrb,random,82,3,21,0.8571428571428572,0,0.0,cifar100,cifar100,1,mnist,breastmnist|mnist|organsmnist,0.6763028621673584,0.6637168288230896,0.012586033344268777,0.22377622229404961,0.5835999727249146,0.5789199709892273,0.004680001735687278,5,3,21
resnet50,gtsrb,random,83,3,21,0.8571428571428572,0,0.3333333333333333,cifar100,cifar100,1,dermamnist,bloodmnist|dermamnist|stl10,0.6763028621673584,0.6666666984558105,0.009636163711547852,0.17132834895587712,0.5835999727249146,0.5871199607849121,-0.0035199880599975364,5,3,21
resnet50,gtsrb,random,84,3,21,0.8571428571428572,0,0.0,cifar100,cifar100,1,organcmnist,organcmnist|retinamnist|svhn,0.6763028621673584,0.6595870375633239,0.016715824604034424,0.2972027786756251,0.5835999727249146,0.5684799551963806,0.01512001752853398,5,3,21
resnet50,gtsrb,random,85,3,21,0.8571428571428572,0,0.0,cifar100,cifar100,1,organcmnist,bloodmnist|organcmnist|svhn,0.6763028621673584,0.6595870375633239,0.016715824604034424,0.2972027786756251,0.5835999727249146,0.5684799551963806,0.01512001752853398,5,3,21
resnet50,gtsrb,random,86,3,21,0.8571428571428572,0,0.0,cifar100,cifar100,1,pneumoniamnist,pneumoniamnist|retinamnist|tissuemnist,0.6763028621673584,0.6619469285011291,0.014355933666229226,0.25524456478542584,0.5835999727249146,0.5761199712753295,0.00748000144958505,5,3,21
resnet50,gtsrb,random,87,3,21,0.8571428571428572,0,0.3333333333333333,cifar100,cifar100,1,tiny_imagenet,mnist|svhn|tiny_imagenet,0.6763028621673584,0.674139654636383,0.0021632075309753196,0.0384612368391766,0.5835999727249146,0.5874399900436401,-0.0038400173187255193,5,3,21
resnet50,gtsrb,random,88,3,21,0.8571428571428572,0,0.0,cifar100,cifar100,1,mnist,mnist|organsmnist|svhn,0.6763028621673584,0.6637168288230896,0.012586033344268777,0.22377622229404961,0.5835999727249146,0.5789199709892273,0.004680001735687278,5,3,21
resnet50,gtsrb,random,89,3,21,0.8571428571428572,0,0.3333333333333333,cifar100,cifar100,1,dermamnist,dermamnist|mnist|tissuemnist,0.6763028621673584,0.6666666984558105,0.009636163711547852,0.17132834895587712,0.5835999727249146,0.5871199607849121,-0.0035199880599975364,5,3,21
resnet50,gtsrb,random,90,3,21,0.8571428571428572,0,0.3333333333333333,cifar100,cifar100,1,tiny_imagenet,organcmnist|svhn|tiny_imagenet,0.6763028621673584,0.674139654636383,0.0021632075309753196,0.0384612368391766,0.5835999727249146,0.5874399900436401,-0.0038400173187255193,5,3,21
resnet50,gtsrb,random,91,3,21,0.8571428571428572,0,0.0,cifar100,cifar100,1,octmnist,breastmnist|fashion_mnist|octmnist,0.6763028621673584,0.6631268739700318,0.013175988197326571,0.23426545784032524,0.5835999727249146,0.5792799592018127,0.004320013523101851,5,3,21
resnet50,gtsrb,random,92,3,21,0.8571428571428572,0,0.0,cifar100,cifar100,1,pneumoniamnist,pathmnist|pneumoniamnist|tissuemnist,0.6763028621673584,0.6619469285011291,0.014355933666229226,0.25524456478542584,0.5835999727249146,0.5761199712753295,0.00748000144958505,5,3,21
resnet50,gtsrb,random,93,3,21,0.8571428571428572,0,0.6666666666666666,cifar100,cifar100,1,tiny_imagenet,dermamnist|rendered_sst2|tiny_imagenet,0.6763028621673584,0.674139654636383,0.0021632075309753196,0.0384612368391766,0.5835999727249146,0.5874399900436401,-0.0038400173187255193,5,3,21
resnet50,gtsrb,random,94,3,21,0.8571428571428572,0,0.0,cifar100,cifar100,1,pneumoniamnist,cifar100_coarse|organcmnist|pneumoniamnist,0.6763028621673584,0.6619469285011291,0.014355933666229226,0.25524456478542584,0.5835999727249146,0.5761199712753295,0.00748000144958505,5,3,21
resnet50,gtsrb,random,95,3,21,0.8571428571428572,1,0.3333333333333333,cifar100,cifar100,1,cifar100,cifar100|fashion_mnist|organcmnist,0.6763028621673584,0.6763028621673584,0.0,0.0,0.5835999727249146,0.5835999727249146,0.0,5,3,21
resnet50,gtsrb,random,96,3,21,0.8571428571428572,0,0.0,cifar100,cifar100,1,breastmnist,breastmnist|organsmnist|retinamnist,0.6763028621673584,0.6586037516593933,0.01769911050796502,0.3146853324713987,0.5835999727249146,0.5869999527931213,-0.0033999800682067427,5,3,21
resnet50,gtsrb,random,97,3,21,0.8571428571428572,0,0.6666666666666666,cifar100,cifar100,1,tiny_imagenet,dermamnist|octmnist|tiny_imagenet,0.6763028621673584,0.674139654636383,0.0021632075309753196,0.0384612368391766,0.5835999727249146,0.5874399900436401,-0.0038400173187255193,5,3,21
resnet50,gtsrb,random,98,3,21,0.8571428571428572,0,0.3333333333333333,cifar100,cifar100,1,dermamnist,dermamnist|organsmnist|stl10,0.6763028621673584,0.6666666984558105,0.009636163711547852,0.17132834895587712,0.5835999727249146,0.5871199607849121,-0.0035199880599975364,5,3,21
resnet50,gtsrb,random,99,3,21,0.8571428571428572,0,0.0,cifar100,cifar100,1,pathmnist,bloodmnist|pathmnist|rendered_sst2,0.6763028621673584,0.6544739723205566,0.021828889846801758,0.3881116769021264,0.5835999727249146,0.5785199761390686,0.005079996585846014,5,3,21
resnet50,gtsrb,rank_only,-1,5,21,0.7619047619047619,1,0.6666666666666666,cifar100,cifar100,1,cifar100,tiny_imagenet|cifar100_coarse|cifar100|stl10|cifar10,0.6763028621673584,0.6763028621673584,0.0,0.0,0.5835999727249146,0.5835999727249146,0.0,5,5,21
resnet50,gtsrb,facility_subspace,-1,5,21,0.7619047619047619,1,0.3333333333333333,cifar100,cifar100,1,cifar100,organcmnist|cifar100|svhn|rendered_sst2|retinamnist,0.6763028621673584,0.6763028621673584,0.0,0.0,0.5835999727249146,0.5835999727249146,0.0,5,5,21
resnet50,gtsrb,kcenter_subspace,-1,5,21,0.7619047619047619,0,0.3333333333333333,cifar100,cifar100,1,tiny_imagenet,tiny_imagenet|rendered_sst2|usps|retinamnist|pathmnist,0.6763028621673584,0.674139654636383,0.0021632075309753196,0.0384612368391766,0.5835999727249146,0.5874399900436401,-0.0038400173187255193,5,5,21
resnet50,gtsrb,dpp_subspace,-1,5,21,0.7619047619047619,0,0.3333333333333333,cifar100,cifar100,1,tiny_imagenet,tiny_imagenet|stl10|cifar100_coarse|cifar10|organsmnist,0.6763028621673584,0.674139654636383,0.0021632075309753196,0.0384612368391766,0.5835999727249146,0.5874399900436401,-0.0038400173187255193,5,5,21
resnet50,gtsrb,pool_vendi_subspace,-1,5,21,0.7619047619047619,0,0.3333333333333333,cifar100,cifar100,1,tiny_imagenet,tiny_imagenet|rendered_sst2|usps|retinamnist|pathmnist,0.6763028621673584,0.674139654636383,0.0021632075309753196,0.0384612368391766,0.5835999727249146,0.5874399900436401,-0.0038400173187255193,5,5,21
resnet50,gtsrb,full_merged_rank,-1,5,21,0.7619047619047619,1,0.6666666666666666,cifar100,cifar100,1,cifar100,tiny_imagenet|stl10|cifar100_coarse|cifar100|cifar10,0.6763028621673584,0.6763028621673584,0.0,0.0,0.5835999727249146,0.5835999727249146,0.0,5,5,21
resnet50,gtsrb,random,0,5,21,0.7619047619047619,0,0.3333333333333333,cifar100,cifar100,1,tiny_imagenet,breastmnist|pneumoniamnist|stl10|tiny_imagenet|tissuemnist,0.6763028621673584,0.674139654636383,0.0021632075309753196,0.0384612368391766,0.5835999727249146,0.5874399900436401,-0.0038400173187255193,5,5,21
resnet50,gtsrb,random,1,5,21,0.7619047619047619,0,0.3333333333333333,cifar100,cifar100,1,dermamnist,dermamnist|pathmnist|pneumoniamnist|rendered_sst2|tissuemnist,0.6763028621673584,0.6666666984558105,0.009636163711547852,0.17132834895587712,0.5835999727249146,0.5871199607849121,-0.0035199880599975364,5,5,21
resnet50,gtsrb,random,2,5,21,0.7619047619047619,0,0.0,cifar100,cifar100,1,stl10,breastmnist|cifar100_coarse|organamnist|pneumoniamnist|stl10,0.6763028621673584,0.6645034790039063,0.011799383163452082,0.20978979774590154,0.5835999727249146,0.5735999822616578,0.009999990463256836,5,5,21
resnet50,gtsrb,random,3,5,21,0.7619047619047619,0,0.0,cifar100,cifar100,1,octmnist,fashion_mnist|octmnist|organsmnist|rendered_sst2|usps,0.6763028621673584,0.6631268739700318,0.013175988197326571,0.23426545784032524,0.5835999727249146,0.5792799592018127,0.004320013523101851,5,5,21
resnet50,gtsrb,random,4,5,21,0.7619047619047619,0,0.0,cifar100,cifar100,1,mnist,bloodmnist|fashion_mnist|mnist|octmnist|tissuemnist,0.6763028621673584,0.6637168288230896,0.012586033344268777,0.22377622229404961,0.5835999727249146,0.5789199709892273,0.004680001735687278,5,5,21
resnet50,gtsrb,random,5,5,21,0.7619047619047619,0,0.0,cifar100,cifar100,1,stl10,breastmnist|cifar10|organsmnist|pathmnist|stl10,0.6763028621673584,0.6645034790039063,0.011799383163452082,0.20978979774590154,0.5835999727249146,0.5735999822616578,0.009999990463256836,5,5,21
resnet50,gtsrb,random,6,5,21,0.7619047619047619,0,0.0,cifar100,cifar100,1,octmnist,bloodmnist|cifar100_coarse|fashion_mnist|octmnist|organsmnist,0.6763028621673584,0.6631268739700318,0.013175988197326571,0.23426545784032524,0.5835999727249146,0.5792799592018127,0.004320013523101851,5,5,21
resnet50,gtsrb,random,7,5,21,0.7619047619047619,0,0.3333333333333333,cifar100,cifar100,1,dermamnist,dermamnist|octmnist|organsmnist|pneumoniamnist|stl10,0.6763028621673584,0.6666666984558105,0.009636163711547852,0.17132834895587712,0.5835999727249146,0.5871199607849121,-0.0035199880599975364,5,5,21
resnet50,gtsrb,random,8,5,21,0.7619047619047619,0,0.0,cifar100,cifar100,1,pneumoniamnist,breastmnist|organcmnist|organsmnist|pneumoniamnist|tissuemnist,0.6763028621673584,0.6619469285011291,0.014355933666229226,0.25524456478542584,0.5835999727249146,0.5761199712753295,0.00748000144958505,5,5,21
resnet50,gtsrb,random,9,5,21,0.7619047619047619,1,0.3333333333333333,cifar100,cifar100,1,cifar100,cifar100|cifar100_coarse|fashion_mnist|organamnist|rendered_sst2,0.6763028621673584,0.6763028621673584,0.0,0.0,0.5835999727249146,0.5835999727249146,0.0,5,5,21
resnet50,gtsrb,random,10,5,21,0.7619047619047619,0,0.0,cifar100,cifar100,1,cifar10,cifar10|cifar100_coarse|fashion_mnist|pneumoniamnist|rendered_sst2,0.6763028621673584,0.6637168288230896,0.012586033344268777,0.22377622229404961,0.5835999727249146,0.574079966545105,0.009520006179809637,5,5,21
resnet50,gtsrb,random,11,5,21,0.7619047619047619,0,0.3333333333333333,cifar100,cifar100,1,dermamnist,cifar10|cifar100_coarse|dermamnist|pneumoniamnist|tissuemnist,0.6763028621673584,0.6666666984558105,0.009636163711547852,0.17132834895587712,0.5835999727249146,0.5871199607849121,-0.0035199880599975364,5,5,21
resnet50,gtsrb,random,12,5,21,0.7619047619047619,0,0.0,cifar100,cifar100,1,organamnist,bloodmnist|organamnist|organcmnist|rendered_sst2|usps,0.6763028621673584,0.6605703234672546,0.015732538700103715,0.2797202248798496,0.5835999727249146,0.5679199934005738,0.015679979324340843,5,5,21
resnet50,gtsrb,random,13,5,21,0.7619047619047619,1,0.6666666666666666,cifar100,cifar100,1,cifar100,cifar100|dermamnist|fashion_mnist|organamnist|stl10,0.6763028621673584,0.6763028621673584,0.0,0.0,0.5835999727249146,0.5835999727249146,0.0,5,5,21
resnet50,gtsrb,random,14,5,21,0.7619047619047619,0,0.0,cifar100,cifar100,1,pathmnist,cifar100_coarse|fashion_mnist|organsmnist|pathmnist|tissuemnist,0.6763028621673584,0.6544739723205566,0.021828889846801758,0.3881116769021264,0.5835999727249146,0.5785199761390686,0.005079996585846014,5,5,21
resnet50,gtsrb,random,15,5,21,0.7619047619047619,0,0.3333333333333333,cifar100,cifar100,1,tiny_imagenet,mnist|octmnist|organcmnist|pathmnist|tiny_imagenet,0.6763028621673584,0.674139654636383,0.0021632075309753196,0.0384612368391766,0.5835999727249146,0.5874399900436401,-0.0038400173187255193,5,5,21
resnet50,gtsrb,random,16,5,21,0.7619047619047619,0,0.3333333333333333,cifar100,cifar100,1,dermamnist,dermamnist|organsmnist|pneumoniamnist|retinamnist|stl10,0.6763028621673584,0.6666666984558105,0.009636163711547852,0.17132834895587712,0.5835999727249146,0.5871199607849121,-0.0035199880599975364,5,5,21
resnet50,gtsrb,random,17,5,21,0.7619047619047619,0,0.0,cifar100,cifar100,1,mnist,breastmnist|fashion_mnist|mnist|pathmnist|rendered_sst2,0.6763028621673584,0.6637168288230896,0.012586033344268777,0.22377622229404961,0.5835999727249146,0.5789199709892273,0.004680001735687278,5,5,21
resnet50,gtsrb,random,18,5,21,0.7619047619047619,0,0.3333333333333333,cifar100,cifar100,1,dermamnist,bloodmnist|breastmnist|dermamnist|fashion_mnist|pneumoniamnist,0.6763028621673584,0.6666666984558105,0.009636163711547852,0.17132834895587712,0.5835999727249146,0.5871199607849121,-0.0035199880599975364,5,5,21
resnet50,gtsrb,random,19,5,21,0.7619047619047619,0,0.3333333333333333,cifar100,cifar100,1,dermamnist,bloodmnist|dermamnist|organcmnist|pneumoniamnist|svhn,0.6763028621673584,0.6666666984558105,0.009636163711547852,0.17132834895587712,0.5835999727249146,0.5871199607849121,-0.0035199880599975364,5,5,21
resnet50,gtsrb,random,20,5,21,0.7619047619047619,1,0.6666666666666666,cifar100,cifar100,1,cifar100,cifar10|cifar100|dermamnist|fashion_mnist|octmnist,0.6763028621673584,0.6763028621673584,0.0,0.0,0.5835999727249146,0.5835999727249146,0.0,5,5,21
resnet50,gtsrb,random,21,5,21,0.7619047619047619,0,0.0,cifar100,cifar100,1,mnist,bloodmnist|mnist|octmnist|rendered_sst2|usps,0.6763028621673584,0.6637168288230896,0.012586033344268777,0.22377622229404961,0.5835999727249146,0.5789199709892273,0.004680001735687278,5,5,21
resnet50,gtsrb,random,22,5,21,0.7619047619047619,0,0.0,cifar100,cifar100,1,pneumoniamnist,fashion_mnist|pathmnist|pneumoniamnist|retinamnist|tissuemnist,0.6763028621673584,0.6619469285011291,0.014355933666229226,0.25524456478542584,0.5835999727249146,0.5761199712753295,0.00748000144958505,5,5,21
resnet50,gtsrb,random,23,5,21,0.7619047619047619,1,0.3333333333333333,cifar100,cifar100,1,cifar100,bloodmnist|cifar100|mnist|organcmnist|svhn,0.6763028621673584,0.6763028621673584,0.0,0.0,0.5835999727249146,0.5835999727249146,0.0,5,5,21
resnet50,gtsrb,random,24,5,21,0.7619047619047619,1,0.3333333333333333,cifar100,cifar100,1,cifar100,cifar100|mnist|organcmnist|rendered_sst2|usps,0.6763028621673584,0.6763028621673584,0.0,0.0,0.5835999727249146,0.5835999727249146,0.0,5,5,21
resnet50,gtsrb,random,25,5,21,0.7619047619047619,0,0.0,cifar100,cifar100,1,organamnist,cifar100_coarse|organamnist|organcmnist|organsmnist|rendered_sst2,0.6763028621673584,0.6605703234672546,0.015732538700103715,0.2797202248798496,0.5835999727249146,0.5679199934005738,0.015679979324340843,5,5,21
resnet50,gtsrb,random,26,5,21,0.7619047619047619,1,0.3333333333333333,cifar100,cifar100,1,cifar100,bloodmnist|cifar100|octmnist|organcmnist|svhn,0.6763028621673584,0.6763028621673584,0.0,0.0,0.5835999727249146,0.5835999727249146,0.0,5,5,21
resnet50,gtsrb,random,27,5,21,0.7619047619047619,1,0.3333333333333333,cifar100,cifar100,1,cifar100,bloodmnist|cifar100|organsmnist|pneumoniamnist|svhn,0.6763028621673584,0.6763028621673584,0.0,0.0,0.5835999727249146,0.5835999727249146,0.0,5,5,21
resnet50,gtsrb,random,28,5,21,0.7619047619047619,0,0.0,cifar100,cifar100,1,stl10,breastmnist|cifar10|organamnist|rendered_sst2|stl10,0.6763028621673584,0.6645034790039063,0.011799383163452082,0.20978979774590154,0.5835999727249146,0.5735999822616578,0.009999990463256836,5,5,21
resnet50,gtsrb,random,29,5,21,0.7619047619047619,0,0.0,cifar100,cifar100,1,stl10,cifar100_coarse|mnist|pneumoniamnist|rendered_sst2|stl10,0.6763028621673584,0.6645034790039063,0.011799383163452082,0.20978979774590154,0.5835999727249146,0.5735999822616578,0.009999990463256836,5,5,21
resnet50,gtsrb,random,30,5,21,0.7619047619047619,0,0.0,cifar100,cifar100,1,stl10,cifar10|mnist|pathmnist|retinamnist|stl10,0.6763028621673584,0.6645034790039063,0.011799383163452082,0.20978979774590154,0.5835999727249146,0.5735999822616578,0.009999990463256836,5,5,21
resnet50,gtsrb,random,31,5,21,0.7619047619047619,0,0.0,cifar100,cifar100,1,cifar10,cifar10|fashion_mnist|organcmnist|pathmnist|usps,0.6763028621673584,0.6637168288230896,0.012586033344268777,0.22377622229404961,0.5835999727249146,0.574079966545105,0.009520006179809637,5,5,21
resnet50,gtsrb,random,32,5,21,0.7619047619047619,0,0.6666666666666666,cifar100,cifar100,1,tiny_imagenet,dermamnist|organcmnist|stl10|tiny_imagenet|usps,0.6763028621673584,0.674139654636383,0.0021632075309753196,0.0384612368391766,0.5835999727249146,0.5874399900436401,-0.0038400173187255193,5,5,21
resnet50,gtsrb,random,33,5,21,0.7619047619047619,1,0.6666666666666666,cifar100,cifar100,1,cifar100,bloodmnist|breastmnist|cifar100|dermamnist|pathmnist,0.6763028621673584,0.6763028621673584,0.0,0.0,0.5835999727249146,0.5835999727249146,0.0,5,5,21
resnet50,gtsrb,random,34,5,21,0.7619047619047619,0,0.6666666666666666,cifar100,cifar100,1,tiny_imagenet,breastmnist|dermamnist|organsmnist|pathmnist|tiny_imagenet,0.6763028621673584,0.674139654636383,0.0021632075309753196,0.0384612368391766,0.5835999727249146,0.5874399900436401,-0.0038400173187255193,5,5,21
resnet50,gtsrb,random,35,5,21,0.7619047619047619,0,0.3333333333333333,cifar100,cifar100,1,tiny_imagenet,bloodmnist|pathmnist|rendered_sst2|retinamnist|tiny_imagenet,0.6763028621673584,0.674139654636383,0.0021632075309753196,0.0384612368391766,0.5835999727249146,0.5874399900436401,-0.0038400173187255193,5,5,21
resnet50,gtsrb,random,36,5,21,0.7619047619047619,0,0.3333333333333333,cifar100,cifar100,1,tiny_imagenet,fashion_mnist|mnist|organcmnist|rendered_sst2|tiny_imagenet,0.6763028621673584,0.674139654636383,0.0021632075309753196,0.0384612368391766,0.5835999727249146,0.5874399900436401,-0.0038400173187255193,5,5,21
resnet50,gtsrb,random,37,5,21,0.7619047619047619,0,0.3333333333333333,cifar100,cifar100,1,tiny_imagenet,mnist|octmnist|organsmnist|tiny_imagenet|usps,0.6763028621673584,0.674139654636383,0.0021632075309753196,0.0384612368391766,0.5835999727249146,0.5874399900436401,-0.0038400173187255193,5,5,21
resnet50,gtsrb,random,38,5,21,0.7619047619047619,0,0.3333333333333333,cifar100,cifar100,1,dermamnist,breastmnist|dermamnist|fashion_mnist|pathmnist|stl10,0.6763028621673584,0.6666666984558105,0.009636163711547852,0.17132834895587712,0.5835999727249146,0.5871199607849121,-0.0035199880599975364,5,5,21
resnet50,gtsrb,random,39,5,21,0.7619047619047619,0,0.0,cifar100,cifar100,1,octmnist,breastmnist|octmnist|pneumoniamnist|rendered_sst2|tissuemnist,0.6763028621673584,0.6631268739700318,0.013175988197326571,0.23426545784032524,0.5835999727249146,0.5792799592018127,0.004320013523101851,5,5,21
resnet50,gtsrb,random,40,5,21,0.7619047619047619,0,0.6666666666666666,cifar100,cifar100,1,tiny_imagenet,cifar10|dermamnist|fashion_mnist|rendered_sst2|tiny_imagenet,0.6763028621673584,0.674139654636383,0.0021632075309753196,0.0384612368391766,0.5835999727249146,0.5874399900436401,-0.0038400173187255193,5,5,21
resnet50,gtsrb,random,41,5,21,0.7619047619047619,0,0.3333333333333333,cifar100,cifar100,1,dermamnist,breastmnist|dermamnist|mnist|retinamnist|tissuemnist,0.6763028621673584,0.6666666984558105,0.009636163711547852,0.17132834895587712,0.5835999727249146,0.5871199607849121,-0.0035199880599975364,5,5,21
resnet50,gtsrb,random,42,5,21,0.7619047619047619,0,0.3333333333333333,cifar100,cifar100,1,tiny_imagenet,octmnist|organsmnist|stl10|svhn|tiny_imagenet,0.6763028621673584,0.674139654636383,0.0021632075309753196,0.0384612368391766,0.5835999727249146,0.5874399900436401,-0.0038400173187255193,5,5,21
resnet50,gtsrb,random,43,5,21,0.7619047619047619,0,0.0,cifar100,cifar100,1,octmnist,breastmnist|octmnist|organcmnist|retinamnist|svhn,0.6763028621673584,0.6631268739700318,0.013175988197326571,0.23426545784032524,0.5835999727249146,0.5792799592018127,0.004320013523101851,5,5,21
resnet50,gtsrb,random,44,5,21,0.7619047619047619,1,0.6666666666666666,cifar100,cifar100,1,cifar100,breastmnist|cifar100|organsmnist|tiny_imagenet|tissuemnist,0.6763028621673584,0.6763028621673584,0.0,0.0,0.5835999727249146,0.5835999727249146,0.0,5,5,21
resnet50,gtsrb,random,45,5,21,0.7619047619047619,1,0.3333333333333333,cifar100,cifar100,1,cifar100,bloodmnist|cifar100|cifar100_coarse|rendered_sst2|tissuemnist,0.6763028621673584,0.6763028621673584,0.0,0.0,0.5835999727249146,0.5835999727249146,0.0,5,5,21
resnet50,gtsrb,random,46,5,21,0.7619047619047619,0,0.3333333333333333,cifar100,cifar100,1,tiny_imagenet,fashion_mnist|rendered_sst2|svhn|tiny_imagenet|usps,0.6763028621673584,0.674139654636383,0.0021632075309753196,0.0384612368391766,0.5835999727249146,0.5874399900436401,-0.0038400173187255193,5,5,21
resnet50,gtsrb,random,47,5,21,0.7619047619047619,0,0.0,cifar100,cifar100,1,organcmnist,breastmnist|cifar100_coarse|organcmnist|pathmnist|svhn,0.6763028621673584,0.6595870375633239,0.016715824604034424,0.2972027786756251,0.5835999727249146,0.5684799551963806,0.01512001752853398,5,5,21
resnet50,gtsrb,random,48,5,21,0.7619047619047619,0,0.0,cifar100,cifar100,1,cifar10,cifar10|octmnist|organamnist|pneumoniamnist|retinamnist,0.6763028621673584,0.6637168288230896,0.012586033344268777,0.22377622229404961,0.5835999727249146,0.574079966545105,0.009520006179809637,5,5,21
resnet50,gtsrb,random,49,5,21,0.7619047619047619,0,0.3333333333333333,cifar100,cifar100,1,tiny_imagenet,fashion_mnist|octmnist|organsmnist|retinamnist|tiny_imagenet,0.6763028621673584,0.674139654636383,0.0021632075309753196,0.0384612368391766,0.5835999727249146,0.5874399900436401,-0.0038400173187255193,5,5,21
resnet50,gtsrb,random,50,5,21,0.7619047619047619,1,0.6666666666666666,cifar100,cifar100,1,cifar100,bloodmnist|cifar10|cifar100|dermamnist|tissuemnist,0.6763028621673584,0.6763028621673584,0.0,0.0,0.5835999727249146,0.5835999727249146,0.0,5,5,21
resnet50,gtsrb,random,51,5,21,0.7619047619047619,0,0.0,cifar100,cifar100,1,pathmnist,bloodmnist|pathmnist|rendered_sst2|retinamnist|svhn,0.6763028621673584,0.6544739723205566,0.021828889846801758,0.3881116769021264,0.5835999727249146,0.5785199761390686,0.005079996585846014,5,5,21
resnet50,gtsrb,random,52,5,21,0.7619047619047619,0,0.3333333333333333,cifar100,cifar100,1,dermamnist,breastmnist|dermamnist|octmnist|organsmnist|tissuemnist,0.6763028621673584,0.6666666984558105,0.009636163711547852,0.17132834895587712,0.5835999727249146,0.5871199607849121,-0.0035199880599975364,5,5,21
resnet50,gtsrb,random,53,5,21,0.7619047619047619,0,0.0,cifar100,cifar100,1,stl10,bloodmnist|cifar100_coarse|octmnist|stl10|tissuemnist,0.6763028621673584,0.6645034790039063,0.011799383163452082,0.20978979774590154,0.5835999727249146,0.5735999822616578,0.009999990463256836,5,5,21
resnet50,gtsrb,random,54,5,21,0.7619047619047619,0,0.0,cifar100,cifar100,1,cifar10,breastmnist|cifar10|fashion_mnist|octmnist|rendered_sst2,0.6763028621673584,0.6637168288230896,0.012586033344268777,0.22377622229404961,0.5835999727249146,0.574079966545105,0.009520006179809637,5,5,21
resnet50,gtsrb,random,55,5,21,0.7619047619047619,1,0.3333333333333333,cifar100,cifar100,1,cifar100,cifar10|cifar100|octmnist|organamnist|rendered_sst2,0.6763028621673584,0.6763028621673584,0.0,0.0,0.5835999727249146,0.5835999727249146,0.0,5,5,21
resnet50,gtsrb,random,56,5,21,0.7619047619047619,0,0.0,cifar100,cifar100,1,organamnist,organamnist|organsmnist|pathmnist|retinamnist|tissuemnist,0.6763028621673584,0.6605703234672546,0.015732538700103715,0.2797202248798496,0.5835999727249146,0.5679199934005738,0.015679979324340843,5,5,21
resnet50,gtsrb,random,57,5,21,0.7619047619047619,0,0.0,cifar100,cifar100,1,stl10,cifar10|mnist|retinamnist|stl10|svhn,0.6763028621673584,0.6645034790039063,0.011799383163452082,0.20978979774590154,0.5835999727249146,0.5735999822616578,0.009999990463256836,5,5,21
resnet50,gtsrb,random,58,5,21,0.7619047619047619,0,0.0,cifar100,cifar100,1,mnist,mnist|organamnist|rendered_sst2|svhn|usps,0.6763028621673584,0.6637168288230896,0.012586033344268777,0.22377622229404961,0.5835999727249146,0.5789199709892273,0.004680001735687278,5,5,21
resnet50,gtsrb,random,59,5,21,0.7619047619047619,0,0.3333333333333333,cifar100,cifar100,1,tiny_imagenet,bloodmnist|cifar100_coarse|mnist|svhn|tiny_imagenet,0.6763028621673584,0.674139654636383,0.0021632075309753196,0.0384612368391766,0.5835999727249146,0.5874399900436401,-0.0038400173187255193,5,5,21
resnet50,gtsrb,random,60,5,21,0.7619047619047619,0,0.3333333333333333,cifar100,cifar100,1,dermamnist,cifar100_coarse|dermamnist|fashion_mnist|pathmnist|svhn,0.6763028621673584,0.6666666984558105,0.009636163711547852,0.17132834895587712,0.5835999727249146,0.5871199607849121,-0.0035199880599975364,5,5,21
resnet50,gtsrb,random,61,5,21,0.7619047619047619,0,0.0,cifar100,cifar100,1,cifar10,cifar10|fashion_mnist|octmnist|organamnist|rendered_sst2,0.6763028621673584,0.6637168288230896,0.012586033344268777,0.22377622229404961,0.5835999727249146,0.574079966545105,0.009520006179809637,5,5,21
resnet50,gtsrb,random,62,5,21,0.7619047619047619,0,0.3333333333333333,cifar100,cifar100,1,dermamnist,dermamnist|organcmnist|organsmnist|retinamnist|stl10,0.6763028621673584,0.6666666984558105,0.009636163711547852,0.17132834895587712,0.5835999727249146,0.5871199607849121,-0.0035199880599975364,5,5,21
resnet50,gtsrb,random,63,5,21,0.7619047619047619,0,0.0,cifar100,cifar100,1,stl10,organamnist|organcmnist|pathmnist|pneumoniamnist|stl10,0.6763028621673584,0.6645034790039063,0.011799383163452082,0.20978979774590154,0.5835999727249146,0.5735999822616578,0.009999990463256836,5,5,21
resnet50,gtsrb,random,64,5,21,0.7619047619047619,1,0.3333333333333333,cifar100,cifar100,1,cifar100,cifar10|cifar100|mnist|organsmnist|pathmnist,0.6763028621673584,0.6763028621673584,0.0,0.0,0.5835999727249146,0.5835999727249146,0.0,5,5,21
resnet50,gtsrb,random,65,5,21,0.7619047619047619,0,0.0,cifar100,cifar100,1,stl10,fashion_mnist|organsmnist|rendered_sst2|stl10|tissuemnist,0.6763028621673584,0.6645034790039063,0.011799383163452082,0.20978979774590154,0.5835999727249146,0.5735999822616578,0.009999990463256836,5,5,21
resnet50,gtsrb,random,66,5,21,0.7619047619047619,0,0.0,cifar100,cifar100,1,stl10,bloodmnist|breastmnist|cifar100_coarse|retinamnist|stl10,0.6763028621673584,0.6645034790039063,0.011799383163452082,0.20978979774590154,0.5835999727249146,0.5735999822616578,0.009999990463256836,5,5,21
resnet50,gtsrb,random,67,5,21,0.7619047619047619,0,0.3333333333333333,cifar100,cifar100,1,tiny_imagenet,cifar100_coarse|octmnist|organamnist|svhn|tiny_imagenet,0.6763028621673584,0.674139654636383,0.0021632075309753196,0.0384612368391766,0.5835999727249146,0.5874399900436401,-0.0038400173187255193,5,5,21
resnet50,gtsrb,random,68,5,21,0.7619047619047619,0,0.0,cifar100,cifar100,1,pneumoniamnist,breastmnist|cifar100_coarse|pathmnist|pneumoniamnist|retinamnist,0.6763028621673584,0.6619469285011291,0.014355933666229226,0.25524456478542584,0.5835999727249146,0.5761199712753295,0.00748000144958505,5,5,21
resnet50,gtsrb,random,69,5,21,0.7619047619047619,0,0.3333333333333333,cifar100,cifar100,1,dermamnist,dermamnist|fashion_mnist|octmnist|rendered_sst2|retinamnist,0.6763028621673584,0.6666666984558105,0.009636163711547852,0.17132834895587712,0.5835999727249146,0.5871199607849121,-0.0035199880599975364,5,5,21
resnet50,gtsrb,random,70,5,21,0.7619047619047619,0,0.3333333333333333,cifar100,cifar100,1,dermamnist,breastmnist|cifar100_coarse|dermamnist|mnist|usps,0.6763028621673584,0.6666666984558105,0.009636163711547852,0.17132834895587712,0.5835999727249146,0.5871199607849121,-0.0035199880599975364,5,5,21
resnet50,gtsrb,random,71,5,21,0.7619047619047619,1,0.3333333333333333,cifar100,cifar100,1,cifar100,cifar100|cifar100_coarse|fashion_mnist|organcmnist|tissuemnist,0.6763028621673584,0.6763028621673584,0.0,0.0,0.5835999727249146,0.5835999727249146,0.0,5,5,21
resnet50,gtsrb,random,72,5,21,0.7619047619047619,1,0.3333333333333333,cifar100,cifar100,1,cifar100,cifar100|cifar100_coarse|octmnist|organsmnist|retinamnist,0.6763028621673584,0.6763028621673584,0.0,0.0,0.5835999727249146,0.5835999727249146,0.0,5,5,21
resnet50,gtsrb,random,73,5,21,0.7619047619047619,0,0.3333333333333333,cifar100,cifar100,1,dermamnist,dermamnist|mnist|retinamnist|stl10|tissuemnist,0.6763028621673584,0.6666666984558105,0.009636163711547852,0.17132834895587712,0.5835999727249146,0.5871199607849121,-0.0035199880599975364,5,5,21
resnet50,gtsrb,random,74,5,21,0.7619047619047619,1,0.3333333333333333,cifar100,cifar100,1,cifar100,cifar100|cifar100_coarse|fashion_mnist|organamnist|rendered_sst2,0.6763028621673584,0.6763028621673584,0.0,0.0,0.5835999727249146,0.5835999727249146,0.0,5,5,21
resnet50,gtsrb,random,75,5,21,0.7619047619047619,1,1.0,cifar100,cifar100,1,cifar100,cifar100|dermamnist|fashion_mnist|octmnist|tiny_imagenet,0.6763028621673584,0.6763028621673584,0.0,0.0,0.5835999727249146,0.5835999727249146,0.0,5,5,21
resnet50,gtsrb,random,76,5,21,0.7619047619047619,0,0.0,cifar100,cifar100,1,cifar10,cifar10|mnist|organamnist|organcmnist|organsmnist,0.6763028621673584,0.6637168288230896,0.012586033344268777,0.22377622229404961,0.5835999727249146,0.574079966545105,0.009520006179809637,5,5,21
resnet50,gtsrb,random,77,5,21,0.7619047619047619,1,0.6666666666666666,cifar100,cifar100,1,cifar100,cifar100|fashion_mnist|pneumoniamnist|tiny_imagenet|usps,0.6763028621673584,0.6763028621673584,0.0,0.0,0.5835999727249146,0.5835999727249146,0.0,5,5,21
resnet50,gtsrb,random,78,5,21,0.7619047619047619,1,0.3333333333333333,cifar100,cifar100,1,cifar100,breastmnist|cifar100|mnist|octmnist|pathmnist,0.6763028621673584,0.6763028621673584,0.0,0.0,0.5835999727249146,0.5835999727249146,0.0,5,5,21
resnet50,gtsrb,random,79,5,21,0.7619047619047619,0,0.3333333333333333,cifar100,cifar100,1,tiny_imagenet,octmnist|organsmnist|rendered_sst2|tiny_imagenet|usps,0.6763028621673584,0.674139654636383,0.0021632075309753196,0.0384612368391766,0.5835999727249146,0.5874399900436401,-0.0038400173187255193,5,5,21
resnet50,gtsrb,random,80,5,21,0.7619047619047619,0,0.3333333333333333,cifar100,cifar100,1,tiny_imagenet,bloodmnist|cifar100_coarse|pathmnist|tiny_imagenet|tissuemnist,0.6763028621673584,0.674139654636383,0.0021632075309753196,0.0384612368391766,0.5835999727249146,0.5874399900436401,-0.0038400173187255193,5,5,21
resnet50,gtsrb,random,81,5,21,0.7619047619047619,0,0.0,cifar100,cifar100,1,pathmnist,bloodmnist|cifar100_coarse|pathmnist|tissuemnist|usps,0.6763028621673584,0.6544739723205566,0.021828889846801758,0.3881116769021264,0.5835999727249146,0.5785199761390686,0.005079996585846014,5,5,21
resnet50,gtsrb,random,82,5,21,0.7619047619047619,0,0.3333333333333333,cifar100,cifar100,1,dermamnist,cifar10|dermamnist|mnist|organamnist|rendered_sst2,0.6763028621673584,0.6666666984558105,0.009636163711547852,0.17132834895587712,0.5835999727249146,0.5871199607849121,-0.0035199880599975364,5,5,21
resnet50,gtsrb,random,83,5,21,0.7619047619047619,1,0.3333333333333333,cifar100,cifar100,1,cifar100,cifar100|octmnist|organcmnist|pathmnist|retinamnist,0.6763028621673584,0.6763028621673584,0.0,0.0,0.5835999727249146,0.5835999727249146,0.0,5,5,21
resnet50,gtsrb,random,84,5,21,0.7619047619047619,0,0.3333333333333333,cifar100,cifar100,1,tiny_imagenet,fashion_mnist|octmnist|organcmnist|rendered_sst2|tiny_imagenet,0.6763028621673584,0.674139654636383,0.0021632075309753196,0.0384612368391766,0.5835999727249146,0.5874399900436401,-0.0038400173187255193,5,5,21
resnet50,gtsrb,random,85,5,21,0.7619047619047619,0,0.0,cifar100,cifar100,1,octmnist,octmnist|organamnist|pneumoniamnist|retinamnist|svhn,0.6763028621673584,0.6631268739700318,0.013175988197326571,0.23426545784032524,0.5835999727249146,0.5792799592018127,0.004320013523101851,5,5,21
resnet50,gtsrb,random,86,5,21,0.7619047619047619,0,0.0,cifar100,cifar100,1,mnist,bloodmnist|fashion_mnist|mnist|retinamnist|tissuemnist,0.6763028621673584,0.6637168288230896,0.012586033344268777,0.22377622229404961,0.5835999727249146,0.5789199709892273,0.004680001735687278,5,5,21
resnet50,gtsrb,random,87,5,21,0.7619047619047619,0,0.0,cifar100,cifar100,1,octmnist,bloodmnist|octmnist|pathmnist|rendered_sst2|svhn,0.6763028621673584,0.6631268739700318,0.013175988197326571,0.23426545784032524,0.5835999727249146,0.5792799592018127,0.004320013523101851,5,5,21
resnet50,gtsrb,random,88,5,21,0.7619047619047619,1,0.3333333333333333,cifar100,cifar100,1,cifar100,breastmnist|cifar100|mnist|pathmnist|svhn,0.6763028621673584,0.6763028621673584,0.0,0.0,0.5835999727249146,0.5835999727249146,0.0,5,5,21
resnet50,gtsrb,random,89,5,21,0.7619047619047619,1,0.3333333333333333,cifar100,cifar100,1,cifar100,cifar100|organcmnist|pneumoniamnist|stl10|svhn,0.6763028621673584,0.6763028621673584,0.0,0.0,0.5835999727249146,0.5835999727249146,0.0,5,5,21
resnet50,gtsrb,random,90,5,21,0.7619047619047619,0,0.0,cifar100,cifar100,1,stl10,octmnist|pathmnist|retinamnist|stl10|tissuemnist,0.6763028621673584,0.6645034790039063,0.011799383163452082,0.20978979774590154,0.5835999727249146,0.5735999822616578,0.009999990463256836,5,5,21
resnet50,gtsrb,random,91,5,21,0.7619047619047619,0,0.0,cifar100,cifar100,1,organamnist,breastmnist|fashion_mnist|organamnist|organsmnist|svhn,0.6763028621673584,0.6605703234672546,0.015732538700103715,0.2797202248798496,0.5835999727249146,0.5679199934005738,0.015679979324340843,5,5,21
resnet50,gtsrb,random,92,5,21,0.7619047619047619,1,0.3333333333333333,cifar100,cifar100,1,cifar100,cifar100|cifar100_coarse|mnist|stl10|svhn,0.6763028621673584,0.6763028621673584,0.0,0.0,0.5835999727249146,0.5835999727249146,0.0,5,5,21
resnet50,gtsrb,random,93,5,21,0.7619047619047619,0,0.0,cifar100,cifar100,1,mnist,cifar100_coarse|mnist|octmnist|pathmnist|retinamnist,0.6763028621673584,0.6637168288230896,0.012586033344268777,0.22377622229404961,0.5835999727249146,0.5789199709892273,0.004680001735687278,5,5,21
resnet50,gtsrb,random,94,5,21,0.7619047619047619,0,0.0,cifar100,cifar100,1,cifar10,cifar10|mnist|pneumoniamnist|svhn|usps,0.6763028621673584,0.6637168288230896,0.012586033344268777,0.22377622229404961,0.5835999727249146,0.574079966545105,0.009520006179809637,5,5,21
resnet50,gtsrb,random,95,5,21,0.7619047619047619,1,0.3333333333333333,cifar100,cifar100,1,cifar100,cifar10|cifar100|mnist|retinamnist|tissuemnist,0.6763028621673584,0.6763028621673584,0.0,0.0,0.5835999727249146,0.5835999727249146,0.0,5,5,21
resnet50,gtsrb,random,96,5,21,0.7619047619047619,0,0.3333333333333333,cifar100,cifar100,1,dermamnist,dermamnist|fashion_mnist|rendered_sst2|tissuemnist|usps,0.6763028621673584,0.6666666984558105,0.009636163711547852,0.17132834895587712,0.5835999727249146,0.5871199607849121,-0.0035199880599975364,5,5,21
resnet50,gtsrb,random,97,5,21,0.7619047619047619,0,0.3333333333333333,cifar100,cifar100,1,dermamnist,cifar10|dermamnist|fashion_mnist|organsmnist|pathmnist,0.6763028621673584,0.6666666984558105,0.009636163711547852,0.17132834895587712,0.5835999727249146,0.5871199607849121,-0.0035199880599975364,5,5,21
resnet50,gtsrb,random,98,5,21,0.7619047619047619,0,0.0,cifar100,cifar100,1,mnist,fashion_mnist|mnist|organcmnist|organsmnist|rendered_sst2,0.6763028621673584,0.6637168288230896,0.012586033344268777,0.22377622229404961,0.5835999727249146,0.5789199709892273,0.004680001735687278,5,5,21
resnet50,gtsrb,random,99,5,21,0.7619047619047619,0,0.0,cifar100,cifar100,1,mnist,breastmnist|mnist|organamnist|pneumoniamnist|tissuemnist,0.6763028621673584,0.6637168288230896,0.012586033344268777,0.22377622229404961,0.5835999727249146,0.5789199709892273,0.004680001735687278,5,5,21
resnet50,gtsrb,rank_only,-1,10,21,0.5238095238095238,1,0.6666666666666666,cifar100,cifar100,1,cifar100,tiny_imagenet|cifar100_coarse|cifar100|stl10|cifar10|organcmnist|organsmnist|organamnist|svhn|fashion_mnist,0.6763028621673584,0.6763028621673584,0.0,0.0,0.5835999727249146,0.5835999727249146,0.0,5,10,21
resnet50,gtsrb,facility_subspace,-1,10,21,0.5238095238095238,1,0.6666666666666666,cifar100,cifar100,1,cifar100,organcmnist|cifar100|svhn|rendered_sst2|retinamnist|stl10|breastmnist|mnist|dermamnist|fashion_mnist,0.6763028621673584,0.6763028621673584,0.0,0.0,0.5835999727249146,0.5835999727249146,0.0,5,10,21
resnet50,gtsrb,kcenter_subspace,-1,10,21,0.5238095238095238,0,0.3333333333333333,cifar100,cifar100,1,tiny_imagenet,tiny_imagenet|rendered_sst2|usps|retinamnist|pathmnist|fashion_mnist|breastmnist|stl10|bloodmnist|mnist,0.6763028621673584,0.674139654636383,0.0021632075309753196,0.0384612368391766,0.5835999727249146,0.5874399900436401,-0.0038400173187255193,5,10,21
resnet50,gtsrb,dpp_subspace,-1,10,21,0.5238095238095238,1,0.6666666666666666,cifar100,cifar100,1,cifar100,tiny_imagenet|stl10|cifar100_coarse|cifar10|organsmnist|fashion_mnist|svhn|cifar100|bloodmnist|organamnist,0.6763028621673584,0.6763028621673584,0.0,0.0,0.5835999727249146,0.5835999727249146,0.0,5,10,21
resnet50,gtsrb,pool_vendi_subspace,-1,10,21,0.5238095238095238,0,0.3333333333333333,cifar100,cifar100,1,tiny_imagenet,tiny_imagenet|rendered_sst2|usps|retinamnist|pathmnist|stl10|fashion_mnist|bloodmnist|mnist|breastmnist,0.6763028621673584,0.674139654636383,0.0021632075309753196,0.0384612368391766,0.5835999727249146,0.5874399900436401,-0.0038400173187255193,5,10,21
resnet50,gtsrb,full_merged_rank,-1,10,21,0.5238095238095238,1,0.6666666666666666,cifar100,cifar100,1,cifar100,tiny_imagenet|stl10|cifar100_coarse|cifar100|cifar10|organcmnist|organsmnist|fashion_mnist|breastmnist|svhn,0.6763028621673584,0.6763028621673584,0.0,0.0,0.5835999727249146,0.5835999727249146,0.0,5,10,21
resnet50,gtsrb,random,0,10,21,0.5238095238095238,1,0.6666666666666666,cifar100,cifar100,1,cifar100,breastmnist|cifar10|cifar100|octmnist|organamnist|organsmnist|rendered_sst2|svhn|tiny_imagenet|tissuemnist,0.6763028621673584,0.6763028621673584,0.0,0.0,0.5835999727249146,0.5835999727249146,0.0,5,10,21
resnet50,gtsrb,random,1,10,21,0.5238095238095238,0,0.3333333333333333,cifar100,cifar100,1,tiny_imagenet,cifar10|mnist|octmnist|organamnist|organcmnist|organsmnist|pathmnist|pneumoniamnist|tiny_imagenet|tissuemnist,0.6763028621673584,0.674139654636383,0.0021632075309753196,0.0384612368391766,0.5835999727249146,0.5874399900436401,-0.0038400173187255193,5,10,21
resnet50,gtsrb,random,2,10,21,0.5238095238095238,1,0.6666666666666666,cifar100,cifar100,1,cifar100,bloodmnist|breastmnist|cifar100|cifar100_coarse|dermamnist|fashion_mnist|organcmnist|rendered_sst2|tissuemnist|usps,0.6763028621673584,0.6763028621673584,0.0,0.0,0.5835999727249146,0.5835999727249146,0.0,5,10,21
resnet50,gtsrb,random,3,10,21,0.5238095238095238,0,0.6666666666666666,cifar100,cifar100,1,tiny_imagenet,cifar10|cifar100_coarse|dermamnist|octmnist|organamnist|organcmnist|organsmnist|pneumoniamnist|stl10|tiny_imagenet,0.6763028621673584,0.674139654636383,0.0021632075309753196,0.0384612368391766,0.5835999727249146,0.5874399900436401,-0.0038400173187255193,5,10,21
resnet50,gtsrb,random,4,10,21,0.5238095238095238,0,0.6666666666666666,cifar100,cifar100,1,tiny_imagenet,bloodmnist|cifar10|dermamnist|octmnist|organamnist|organcmnist|pathmnist|rendered_sst2|tiny_imagenet|tissuemnist,0.6763028621673584,0.674139654636383,0.0021632075309753196,0.0384612368391766,0.5835999727249146,0.5874399900436401,-0.0038400173187255193,5,10,21
resnet50,gtsrb,random,5,10,21,0.5238095238095238,0,0.0,cifar100,cifar100,1,stl10,breastmnist|fashion_mnist|octmnist|organamnist|organsmnist|pathmnist|pneumoniamnist|rendered_sst2|stl10|tissuemnist,0.6763028621673584,0.6645034790039063,0.011799383163452082,0.20978979774590154,0.5835999727249146,0.5735999822616578,0.009999990463256836,5,10,21
resnet50,gtsrb,random,6,10,21,0.5238095238095238,1,1.0,cifar100,cifar100,1,cifar100,cifar100|cifar100_coarse|dermamnist|fashion_mnist|mnist|octmnist|organamnist|pneumoniamnist|tiny_imagenet|tissuemnist,0.6763028621673584,0.6763028621673584,0.0,0.0,0.5835999727249146,0.5835999727249146,0.0,5,10,21
resnet50,gtsrb,random,7,10,21,0.5238095238095238,0,0.6666666666666666,cifar100,cifar100,1,tiny_imagenet,bloodmnist|cifar100_coarse|dermamnist|fashion_mnist|organcmnist|pathmnist|rendered_sst2|stl10|svhn|tiny_imagenet,0.6763028621673584,0.674139654636383,0.0021632075309753196,0.0384612368391766,0.5835999727249146,0.5874399900436401,-0.0038400173187255193,5,10,21
resnet50,gtsrb,random,8,10,21,0.5238095238095238,1,0.6666666666666666,cifar100,cifar100,1,cifar100,breastmnist|cifar10|cifar100|dermamnist|mnist|pneumoniamnist|rendered_sst2|retinamnist|svhn|tissuemnist,0.6763028621673584,0.6763028621673584,0.0,0.0,0.5835999727249146,0.5835999727249146,0.0,5,10,21
resnet50,gtsrb,random,9,10,21,0.5238095238095238,0,0.6666666666666666,cifar100,cifar100,1,tiny_imagenet,breastmnist|cifar100_coarse|dermamnist|octmnist|organsmnist|pathmnist|rendered_sst2|stl10|tiny_imagenet|usps,0.6763028621673584,0.674139654636383,0.0021632075309753196,0.0384612368391766,0.5835999727249146,0.5874399900436401,-0.0038400173187255193,5,10,21
resnet50,gtsrb,random,10,10,21,0.5238095238095238,0,0.0,cifar100,cifar100,1,stl10,bloodmnist|fashion_mnist|organcmnist|pathmnist|pneumoniamnist|rendered_sst2|stl10|svhn|tissuemnist|usps,0.6763028621673584,0.6645034790039063,0.011799383163452082,0.20978979774590154,0.5835999727249146,0.5735999822616578,0.009999990463256836,5,10,21
resnet50,gtsrb,random,11,10,21,0.5238095238095238,0,0.3333333333333333,cifar100,cifar100,1,dermamnist,breastmnist|cifar10|cifar100_coarse|dermamnist|fashion_mnist|mnist|pneumoniamnist|svhn|tissuemnist|usps,0.6763028621673584,0.6666666984558105,0.009636163711547852,0.17132834895587712,0.5835999727249146,0.5871199607849121,-0.0035199880599975364,5,10,21
resnet50,gtsrb,random,12,10,21,0.5238095238095238,1,0.3333333333333333,cifar100,cifar100,1,cifar100,breastmnist|cifar100|fashion_mnist|mnist|octmnist|organcmnist|pathmnist|pneumoniamnist|svhn|tissuemnist,0.6763028621673584,0.6763028621673584,0.0,0.0,0.5835999727249146,0.5835999727249146,0.0,5,10,21
resnet50,gtsrb,random,13,10,21,0.5238095238095238,1,0.6666666666666666,cifar100,cifar100,1,cifar100,breastmnist|cifar10|cifar100|dermamnist|fashion_mnist|octmnist|organcmnist|retinamnist|stl10|usps,0.6763028621673584,0.6763028621673584,0.0,0.0,0.5835999727249146,0.5835999727249146,0.0,5,10,21
resnet50,gtsrb,random,14,10,21,0.5238095238095238,0,0.0,cifar100,cifar100,1,cifar10,bloodmnist|cifar10|cifar100_coarse|fashion_mnist|mnist|organamnist|organcmnist|pneumoniamnist|retinamnist|usps,0.6763028621673584,0.6637168288230896,0.012586033344268777,0.22377622229404961,0.5835999727249146,0.574079966545105,0.009520006179809637,5,10,21
resnet50,gtsrb,random,15,10,21,0.5238095238095238,1,1.0,cifar100,cifar100,1,cifar100,bloodmnist|breastmnist|cifar100|dermamnist|octmnist|pneumoniamnist|stl10|svhn|tiny_imagenet|usps,0.6763028621673584,0.6763028621673584,0.0,0.0,0.5835999727249146,0.5835999727249146,0.0,5,10,21
resnet50,gtsrb,random,16,10,21,0.5238095238095238,1,0.3333333333333333,cifar100,cifar100,1,cifar100,cifar100|fashion_mnist|mnist|octmnist|organamnist|organcmnist|organsmnist|stl10|svhn|tissuemnist,0.6763028621673584,0.6763028621673584,0.0,0.0,0.5835999727249146,0.5835999727249146,0.0,5,10,21
resnet50,gtsrb,random,17,10,21,0.5238095238095238,0,0.6666666666666666,cifar100,cifar100,1,tiny_imagenet,bloodmnist|dermamnist|fashion_mnist|mnist|octmnist|organamnist|stl10|svhn|tiny_imagenet|usps,0.6763028621673584,0.674139654636383,0.0021632075309753196,0.0384612368391766,0.5835999727249146,0.5874399900436401,-0.0038400173187255193,5,10,21
resnet50,gtsrb,random,18,10,21,0.5238095238095238,1,0.3333333333333333,cifar100,cifar100,1,cifar100,breastmnist|cifar100|cifar100_coarse|fashion_mnist|octmnist|organcmnist|organsmnist|pneumoniamnist|stl10|svhn,0.6763028621673584,0.6763028621673584,0.0,0.0,0.5835999727249146,0.5835999727249146,0.0,5,10,21
resnet50,gtsrb,random,19,10,21,0.5238095238095238,1,1.0,cifar100,cifar100,1,cifar100,cifar10|cifar100|dermamnist|fashion_mnist|organsmnist|pneumoniamnist|rendered_sst2|svhn|tiny_imagenet|tissuemnist,0.6763028621673584,0.6763028621673584,0.0,0.0,0.5835999727249146,0.5835999727249146,0.0,5,10,21
resnet50,gtsrb,random,20,10,21,0.5238095238095238,1,0.3333333333333333,cifar100,cifar100,1,cifar100,cifar10|cifar100|cifar100_coarse|octmnist|organcmnist|organsmnist|pneumoniamnist|retinamnist|svhn|tissuemnist,0.6763028621673584,0.6763028621673584,0.0,0.0,0.5835999727249146,0.5835999727249146,0.0,5,10,21
resnet50,gtsrb,random,21,10,21,0.5238095238095238,0,0.3333333333333333,cifar100,cifar100,1,tiny_imagenet,bloodmnist|cifar10|cifar100_coarse|organcmnist|organsmnist|pneumoniamnist|rendered_sst2|svhn|tiny_imagenet|usps,0.6763028621673584,0.674139654636383,0.0021632075309753196,0.0384612368391766,0.5835999727249146,0.5874399900436401,-0.0038400173187255193,5,10,21
resnet50,gtsrb,random,22,10,21,0.5238095238095238,0,0.3333333333333333,cifar100,cifar100,1,tiny_imagenet,bloodmnist|breastmnist|cifar10|cifar100_coarse|fashion_mnist|organcmnist|pneumoniamnist|retinamnist|tiny_imagenet|usps,0.6763028621673584,0.674139654636383,0.0021632075309753196,0.0384612368391766,0.5835999727249146,0.5874399900436401,-0.0038400173187255193,5,10,21
resnet50,gtsrb,random,23,10,21,0.5238095238095238,0,0.3333333333333333,cifar100,cifar100,1,tiny_imagenet,cifar10|cifar100_coarse|mnist|octmnist|organcmnist|organsmnist|retinamnist|stl10|svhn|tiny_imagenet,0.6763028621673584,0.674139654636383,0.0021632075309753196,0.0384612368391766,0.5835999727249146,0.5874399900436401,-0.0038400173187255193,5,10,21
resnet50,gtsrb,random,24,10,21,0.5238095238095238,0,0.0,cifar100,cifar100,1,cifar10,bloodmnist|breastmnist|cifar10|cifar100_coarse|organsmnist|pathmnist|pneumoniamnist|rendered_sst2|svhn|usps,0.6763028621673584,0.6637168288230896,0.012586033344268777,0.22377622229404961,0.5835999727249146,0.574079966545105,0.009520006179809637,5,10,21
resnet50,gtsrb,random,25,10,21,0.5238095238095238,0,0.3333333333333333,cifar100,cifar100,1,dermamnist,breastmnist|cifar10|cifar100_coarse|dermamnist|mnist|octmnist|organcmnist|pneumoniamnist|tissuemnist|usps,0.6763028621673584,0.6666666984558105,0.009636163711547852,0.17132834895587712,0.5835999727249146,0.5871199607849121,-0.0035199880599975364,5,10,21
resnet50,gtsrb,random,26,10,21,0.5238095238095238,1,0.6666666666666666,cifar100,cifar100,1,cifar100,bloodmnist|cifar10|cifar100|cifar100_coarse|pathmnist|pneumoniamnist|rendered_sst2|retinamnist|tiny_imagenet|tissuemnist,0.6763028621673584,0.6763028621673584,0.0,0.0,0.5835999727249146,0.5835999727249146,0.0,5,10,21
resnet50,gtsrb,random,27,10,21,0.5238095238095238,0,0.0,cifar100,cifar100,1,stl10,bloodmnist|cifar10|fashion_mnist|organcmnist|organsmnist|pathmnist|pneumoniamnist|retinamnist|stl10|tissuemnist,0.6763028621673584,0.6645034790039063,0.011799383163452082,0.20978979774590154,0.5835999727249146,0.5735999822616578,0.009999990463256836,5,10,21
resnet50,gtsrb,random,28,10,21,0.5238095238095238,0,0.3333333333333333,cifar100,cifar100,1,dermamnist,bloodmnist|dermamnist|fashion_mnist|mnist|octmnist|organcmnist|pneumoniamnist|rendered_sst2|stl10|usps,0.6763028621673584,0.6666666984558105,0.009636163711547852,0.17132834895587712,0.5835999727249146,0.5871199607849121,-0.0035199880599975364,5,10,21
resnet50,gtsrb,random,29,10,21,0.5238095238095238,0,0.3333333333333333,cifar100,cifar100,1,tiny_imagenet,cifar10|cifar100_coarse|mnist|octmnist|organamnist|organsmnist|rendered_sst2|stl10|tiny_imagenet|usps,0.6763028621673584,0.674139654636383,0.0021632075309753196,0.0384612368391766,0.5835999727249146,0.5874399900436401,-0.0038400173187255193,5,10,21
resnet50,gtsrb,random,30,10,21,0.5238095238095238,0,0.3333333333333333,cifar100,cifar100,1,dermamnist,cifar10|dermamnist|fashion_mnist|organamnist|organsmnist|pathmnist|pneumoniamnist|retinamnist|stl10|tissuemnist,0.6763028621673584,0.6666666984558105,0.009636163711547852,0.17132834895587712,0.5835999727249146,0.5871199607849121,-0.0035199880599975364,5,10,21
resnet50,gtsrb,random,31,10,21,0.5238095238095238,1,1.0,cifar100,cifar100,1,cifar100,cifar100|cifar100_coarse|dermamnist|fashion_mnist|mnist|organamnist|organsmnist|stl10|tiny_imagenet|tissuemnist,0.6763028621673584,0.6763028621673584,0.0,0.0,0.5835999727249146,0.5835999727249146,0.0,5,10,21
resnet50,gtsrb,random,32,10,21,0.5238095238095238,1,1.0,cifar100,cifar100,1,cifar100,cifar10|cifar100|dermamnist|fashion_mnist|mnist|organcmnist|organsmnist|pathmnist|retinamnist|tiny_imagenet,0.6763028621673584,0.6763028621673584,0.0,0.0,0.5835999727249146,0.5835999727249146,0.0,5,10,21
resnet50,gtsrb,random,33,10,21,0.5238095238095238,1,0.6666666666666666,cifar100,cifar100,1,cifar100,bloodmnist|cifar100|dermamnist|fashion_mnist|organamnist|organsmnist|rendered_sst2|retinamnist|tissuemnist|usps,0.6763028621673584,0.6763028621673584,0.0,0.0,0.5835999727249146,0.5835999727249146,0.0,5,10,21
resnet50,gtsrb,random,34,10,21,0.5238095238095238,1,0.3333333333333333,cifar100,cifar100,1,cifar100,bloodmnist|cifar10|cifar100|cifar100_coarse|mnist|organamnist|pathmnist|pneumoniamnist|svhn|tissuemnist,0.6763028621673584,0.6763028621673584,0.0,0.0,0.5835999727249146,0.5835999727249146,0.0,5,10,21
resnet50,gtsrb,random,35,10,21,0.5238095238095238,0,0.3333333333333333,cifar100,cifar100,1,tiny_imagenet,bloodmnist|breastmnist|cifar10|cifar100_coarse|fashion_mnist|organsmnist|pathmnist|pneumoniamnist|rendered_sst2|tiny_imagenet,0.6763028621673584,0.674139654636383,0.0021632075309753196,0.0384612368391766,0.5835999727249146,0.5874399900436401,-0.0038400173187255193,5,10,21
resnet50,gtsrb,random,36,10,21,0.5238095238095238,0,0.3333333333333333,cifar100,cifar100,1,dermamnist,bloodmnist|cifar100_coarse|dermamnist|organamnist|organcmnist|pathmnist|retinamnist|svhn|tissuemnist|usps,0.6763028621673584,0.6666666984558105,0.009636163711547852,0.17132834895587712,0.5835999727249146,0.5871199607849121,-0.0035199880599975364,5,10,21
resnet50,gtsrb,random,37,10,21,0.5238095238095238,1,0.6666666666666666,cifar100,cifar100,1,cifar100,cifar100|cifar100_coarse|dermamnist|mnist|octmnist|organamnist|pathmnist|stl10|svhn|tissuemnist,0.6763028621673584,0.6763028621673584,0.0,0.0,0.5835999727249146,0.5835999727249146,0.0,5,10,21
resnet50,gtsrb,random,38,10,21,0.5238095238095238,0,0.6666666666666666,cifar100,cifar100,1,tiny_imagenet,bloodmnist|cifar100_coarse|dermamnist|fashion_mnist|organamnist|pathmnist|stl10|tiny_imagenet|tissuemnist|usps,0.6763028621673584,0.674139654636383,0.0021632075309753196,0.0384612368391766,0.5835999727249146,0.5874399900436401,-0.0038400173187255193,5,10,21
resnet50,gtsrb,random,39,10,21,0.5238095238095238,0,0.3333333333333333,cifar100,cifar100,1,tiny_imagenet,breastmnist|fashion_mnist|mnist|octmnist|organamnist|organsmnist|pathmnist|rendered_sst2|tiny_imagenet|usps,0.6763028621673584,0.674139654636383,0.0021632075309753196,0.0384612368391766,0.5835999727249146,0.5874399900436401,-0.0038400173187255193,5,10,21
resnet50,gtsrb,random,40,10,21,0.5238095238095238,1,0.6666666666666666,cifar100,cifar100,1,cifar100,breastmnist|cifar10|cifar100|fashion_mnist|organamnist|organcmnist|organsmnist|stl10|tiny_imagenet|usps,0.6763028621673584,0.6763028621673584,0.0,0.0,0.5835999727249146,0.5835999727249146,0.0,5,10,21
resnet50,gtsrb,random,41,10,21,0.5238095238095238,0,0.6666666666666666,cifar100,cifar100,1,tiny_imagenet,breastmnist|cifar100_coarse|dermamnist|mnist|organsmnist|pathmnist|svhn|tiny_imagenet|tissuemnist|usps,0.6763028621673584,0.674139654636383,0.0021632075309753196,0.0384612368391766,0.5835999727249146,0.5874399900436401,-0.0038400173187255193,5,10,21
resnet50,gtsrb,random,42,10,21,0.5238095238095238,1,0.6666666666666666,cifar100,cifar100,1,cifar100,bloodmnist|cifar100|cifar100_coarse|dermamnist|fashion_mnist|octmnist|pathmnist|rendered_sst2|retinamnist|usps,0.6763028621673584,0.6763028621673584,0.0,0.0,0.5835999727249146,0.5835999727249146,0.0,5,10,21
resnet50,gtsrb,random,43,10,21,0.5238095238095238,1,0.6666666666666666,cifar100,cifar100,1,cifar100,cifar10|cifar100|dermamnist|mnist|organcmnist|organsmnist|pathmnist|retinamnist|tissuemnist|usps,0.6763028621673584,0.6763028621673584,0.0,0.0,0.5835999727249146,0.5835999727249146,0.0,5,10,21
resnet50,gtsrb,random,44,10,21,0.5238095238095238,1,1.0,cifar100,cifar100,1,cifar100,cifar10|cifar100|dermamnist|fashion_mnist|mnist|organsmnist|rendered_sst2|retinamnist|tiny_imagenet|tissuemnist,0.6763028621673584,0.6763028621673584,0.0,0.0,0.5835999727249146,0.5835999727249146,0.0,5,10,21
resnet50,gtsrb,random,45,10,21,0.5238095238095238,1,0.6666666666666666,cifar100,cifar100,1,cifar100,cifar10|cifar100|cifar100_coarse|dermamnist|mnist|organsmnist|pathmnist|svhn|tissuemnist|usps,0.6763028621673584,0.6763028621673584,0.0,0.0,0.5835999727249146,0.5835999727249146,0.0,5,10,21
resnet50,gtsrb,random,46,10,21,0.5238095238095238,0,0.0,cifar100,cifar100,1,stl10,cifar10|organamnist|organcmnist|organsmnist|pathmnist|pneumoniamnist|rendered_sst2|retinamnist|stl10|tissuemnist,0.6763028621673584,0.6645034790039063,0.011799383163452082,0.20978979774590154,0.5835999727249146,0.5735999822616578,0.009999990463256836,5,10,21
resnet50,gtsrb,random,47,10,21,0.5238095238095238,1,0.3333333333333333,cifar100,cifar100,1,cifar100,breastmnist|cifar10|cifar100|mnist|octmnist|organcmnist|pathmnist|pneumoniamnist|svhn|tissuemnist,0.6763028621673584,0.6763028621673584,0.0,0.0,0.5835999727249146,0.5835999727249146,0.0,5,10,21
resnet50,gtsrb,random,48,10,21,0.5238095238095238,0,0.0,cifar100,cifar100,1,cifar10,bloodmnist|breastmnist|cifar10|cifar100_coarse|fashion_mnist|organsmnist|pathmnist|retinamnist|svhn|tissuemnist,0.6763028621673584,0.6637168288230896,0.012586033344268777,0.22377622229404961,0.5835999727249146,0.574079966545105,0.009520006179809637,5,10,21
resnet50,gtsrb,random,49,10,21,0.5238095238095238,0,0.0,cifar100,cifar100,1,cifar10,bloodmnist|breastmnist|cifar10|mnist|octmnist|organcmnist|pneumoniamnist|rendered_sst2|svhn|usps,0.6763028621673584,0.6637168288230896,0.012586033344268777,0.22377622229404961,0.5835999727249146,0.574079966545105,0.009520006179809637,5,10,21
resnet50,gtsrb,random,50,10,21,0.5238095238095238,1,0.6666666666666666,cifar100,cifar100,1,cifar100,breastmnist|cifar10|cifar100|cifar100_coarse|dermamnist|fashion_mnist|pneumoniamnist|rendered_sst2|svhn|usps,0.6763028621673584,0.6763028621673584,0.0,0.0,0.5835999727249146,0.5835999727249146,0.0,5,10,21
resnet50,gtsrb,random,51,10,21,0.5238095238095238,1,0.6666666666666666,cifar100,cifar100,1,cifar100,cifar10|cifar100|dermamnist|fashion_mnist|mnist|octmnist|organamnist|organcmnist|rendered_sst2|stl10,0.6763028621673584,0.6763028621673584,0.0,0.0,0.5835999727249146,0.5835999727249146,0.0,5,10,21
resnet50,gtsrb,random,52,10,21,0.5238095238095238,0,0.3333333333333333,cifar100,cifar100,1,dermamnist,bloodmnist|cifar100_coarse|dermamnist|organamnist|organcmnist|pathmnist|pneumoniamnist|retinamnist|svhn|tissuemnist,0.6763028621673584,0.6666666984558105,0.009636163711547852,0.17132834895587712,0.5835999727249146,0.5871199607849121,-0.0035199880599975364,5,10,21
resnet50,gtsrb,random,53,10,21,0.5238095238095238,0,0.3333333333333333,cifar100,cifar100,1,tiny_imagenet,cifar10|cifar100_coarse|mnist|organcmnist|organsmnist|pathmnist|pneumoniamnist|rendered_sst2|tiny_imagenet|usps,0.6763028621673584,0.674139654636383,0.0021632075309753196,0.0384612368391766,0.5835999727249146,0.5874399900436401,-0.0038400173187255193,5,10,21
resnet50,gtsrb,random,54,10,21,0.5238095238095238,1,0.3333333333333333,cifar100,cifar100,1,cifar100,cifar10|cifar100|mnist|organamnist|pneumoniamnist|rendered_sst2|retinamnist|stl10|tissuemnist|usps,0.6763028621673584,0.6763028621673584,0.0,0.0,0.5835999727249146,0.5835999727249146,0.0,5,10,21
resnet50,gtsrb,random,55,10,21,0.5238095238095238,1,0.6666666666666666,cifar100,cifar100,1,cifar100,breastmnist|cifar10|cifar100|cifar100_coarse|mnist|organsmnist|pathmnist|stl10|tiny_imagenet|tissuemnist,0.6763028621673584,0.6763028621673584,0.0,0.0,0.5835999727249146,0.5835999727249146,0.0,5,10,21
resnet50,gtsrb,random,56,10,21,0.5238095238095238,0,0.3333333333333333,cifar100,cifar100,1,dermamnist,breastmnist|cifar10|cifar100_coarse|dermamnist|mnist|octmnist|organsmnist|pathmnist|pneumoniamnist|usps,0.6763028621673584,0.6666666984558105,0.009636163711547852,0.17132834895587712,0.5835999727249146,0.5871199607849121,-0.0035199880599975364,5,10,21
resnet50,gtsrb,random,57,10,21,0.5238095238095238,0,0.3333333333333333,cifar100,cifar100,1,tiny_imagenet,breastmnist|cifar10|mnist|octmnist|organcmnist|organsmnist|pathmnist|pneumoniamnist|rendered_sst2|tiny_imagenet,0.6763028621673584,0.674139654636383,0.0021632075309753196,0.0384612368391766,0.5835999727249146,0.5874399900436401,-0.0038400173187255193,5,10,21
resnet50,gtsrb,random,58,10,21,0.5238095238095238,0,0.3333333333333333,cifar100,cifar100,1,tiny_imagenet,breastmnist|cifar10|cifar100_coarse|fashion_mnist|mnist|octmnist|pneumoniamnist|svhn|tiny_imagenet|usps,0.6763028621673584,0.674139654636383,0.0021632075309753196,0.0384612368391766,0.5835999727249146,0.5874399900436401,-0.0038400173187255193,5,10,21
resnet50,gtsrb,random,59,10,21,0.5238095238095238,1,1.0,cifar100,cifar100,1,cifar100,breastmnist|cifar10|cifar100|dermamnist|fashion_mnist|octmnist|pneumoniamnist|svhn|tiny_imagenet|tissuemnist,0.6763028621673584,0.6763028621673584,0.0,0.0,0.5835999727249146,0.5835999727249146,0.0,5,10,21
resnet50,gtsrb,random,60,10,21,0.5238095238095238,1,0.6666666666666666,cifar100,cifar100,1,cifar100,breastmnist|cifar10|cifar100|dermamnist|organcmnist|organsmnist|pathmnist|pneumoniamnist|rendered_sst2|tissuemnist,0.6763028621673584,0.6763028621673584,0.0,0.0,0.5835999727249146,0.5835999727249146,0.0,5,10,21
resnet50,gtsrb,random,61,10,21,0.5238095238095238,0,0.3333333333333333,cifar100,cifar100,1,tiny_imagenet,bloodmnist|fashion_mnist|mnist|octmnist|organamnist|organcmnist|pathmnist|stl10|tiny_imagenet|tissuemnist,0.6763028621673584,0.674139654636383,0.0021632075309753196,0.0384612368391766,0.5835999727249146,0.5874399900436401,-0.0038400173187255193,5,10,21
resnet50,gtsrb,random,62,10,21,0.5238095238095238,1,0.6666666666666666,cifar100,cifar100,1,cifar100,cifar10|cifar100|cifar100_coarse|dermamnist|mnist|organcmnist|pathmnist|pneumoniamnist|rendered_sst2|svhn,0.6763028621673584,0.6763028621673584,0.0,0.0,0.5835999727249146,0.5835999727249146,0.0,5,10,21
resnet50,gtsrb,random,63,10,21,0.5238095238095238,1,0.3333333333333333,cifar100,cifar100,1,cifar100,breastmnist|cifar100|cifar100_coarse|octmnist|organamnist|organsmnist|pathmnist|rendered_sst2|tissuemnist|usps,0.6763028621673584,0.6763028621673584,0.0,0.0,0.5835999727249146,0.5835999727249146,0.0,5,10,21
resnet50,gtsrb,random,64,10,21,0.5238095238095238,1,0.6666666666666666,cifar100,cifar100,1,cifar100,bloodmnist|breastmnist|cifar10|cifar100|mnist|organcmnist|pathmnist|retinamnist|svhn|tiny_imagenet,0.6763028621673584,0.6763028621673584,0.0,0.0,0.5835999727249146,0.5835999727249146,0.0,5,10,21
resnet50,gtsrb,random,65,10,21,0.5238095238095238,1,1.0,cifar100,cifar100,1,cifar100,bloodmnist|cifar100|dermamnist|octmnist|organcmnist|organsmnist|pneumoniamnist|rendered_sst2|tiny_imagenet|usps,0.6763028621673584,0.6763028621673584,0.0,0.0,0.5835999727249146,0.5835999727249146,0.0,5,10,21
resnet50,gtsrb,random,66,10,21,0.5238095238095238,0,0.3333333333333333,cifar100,cifar100,1,tiny_imagenet,bloodmnist|cifar10|cifar100_coarse|octmnist|pathmnist|pneumoniamnist|rendered_sst2|retinamnist|tiny_imagenet|tissuemnist,0.6763028621673584,0.674139654636383,0.0021632075309753196,0.0384612368391766,0.5835999727249146,0.5874399900436401,-0.0038400173187255193,5,10,21
resnet50,gtsrb,random,67,10,21,0.5238095238095238,0,0.3333333333333333,cifar100,cifar100,1,tiny_imagenet,bloodmnist|cifar100_coarse|fashion_mnist|mnist|octmnist|organcmnist|organsmnist|pathmnist|svhn|tiny_imagenet,0.6763028621673584,0.674139654636383,0.0021632075309753196,0.0384612368391766,0.5835999727249146,0.5874399900436401,-0.0038400173187255193,5,10,21
resnet50,gtsrb,random,68,10,21,0.5238095238095238,1,0.3333333333333333,cifar100,cifar100,1,cifar100,bloodmnist|breastmnist|cifar100|octmnist|organamnist|organsmnist|retinamnist|svhn|tissuemnist|usps,0.6763028621673584,0.6763028621673584,0.0,0.0,0.5835999727249146,0.5835999727249146,0.0,5,10,21
resnet50,gtsrb,random,69,10,21,0.5238095238095238,1,0.6666666666666666,cifar100,cifar100,1,cifar100,breastmnist|cifar10|cifar100|dermamnist|fashion_mnist|organcmnist|pathmnist|stl10|svhn|tissuemnist,0.6763028621673584,0.6763028621673584,0.0,0.0,0.5835999727249146,0.5835999727249146,0.0,5,10,21
resnet50,gtsrb,random,70,10,21,0.5238095238095238,0,0.3333333333333333,cifar100,cifar100,1,dermamnist,cifar10|cifar100_coarse|dermamnist|mnist|organcmnist|pathmnist|retinamnist|stl10|svhn|usps,0.6763028621673584,0.6666666984558105,0.009636163711547852,0.17132834895587712,0.5835999727249146,0.5871199607849121,-0.0035199880599975364,5,10,21
resnet50,gtsrb,random,71,10,21,0.5238095238095238,0,0.6666666666666666,cifar100,cifar100,1,tiny_imagenet,cifar10|dermamnist|fashion_mnist|organamnist|pathmnist|pneumoniamnist|rendered_sst2|stl10|tiny_imagenet|tissuemnist,0.6763028621673584,0.674139654636383,0.0021632075309753196,0.0384612368391766,0.5835999727249146,0.5874399900436401,-0.0038400173187255193,5,10,21
resnet50,gtsrb,random,72,10,21,0.5238095238095238,1,0.6666666666666666,cifar100,cifar100,1,cifar100,cifar100|dermamnist|organamnist|organcmnist|organsmnist|pathmnist|stl10|svhn|tissuemnist|usps,0.6763028621673584,0.6763028621673584,0.0,0.0,0.5835999727249146,0.5835999727249146,0.0,5,10,21
resnet50,gtsrb,random,73,10,21,0.5238095238095238,0,0.3333333333333333,cifar100,cifar100,1,tiny_imagenet,bloodmnist|breastmnist|cifar10|organamnist|organsmnist|pneumoniamnist|stl10|svhn|tiny_imagenet|tissuemnist,0.6763028621673584,0.674139654636383,0.0021632075309753196,0.0384612368391766,0.5835999727249146,0.5874399900436401,-0.0038400173187255193,5,10,21
resnet50,gtsrb,random,74,10,21,0.5238095238095238,1,0.6666666666666666,cifar100,cifar100,1,cifar100,cifar10|cifar100|cifar100_coarse|dermamnist|fashion_mnist|octmnist|organsmnist|rendered_sst2|stl10|svhn,0.6763028621673584,0.6763028621673584,0.0,0.0,0.5835999727249146,0.5835999727249146,0.0,5,10,21
resnet50,gtsrb,random,75,10,21,0.5238095238095238,1,0.3333333333333333,cifar100,cifar100,1,cifar100,bloodmnist|breastmnist|cifar10|cifar100|organamnist|retinamnist|stl10|svhn|tissuemnist|usps,0.6763028621673584,0.6763028621673584,0.0,0.0,0.5835999727249146,0.5835999727249146,0.0,5,10,21
resnet50,gtsrb,random,76,10,21,0.5238095238095238,1,0.3333333333333333,cifar100,cifar100,1,cifar100,bloodmnist|cifar10|cifar100|fashion_mnist|mnist|octmnist|organcmnist|organsmnist|svhn|tissuemnist,0.6763028621673584,0.6763028621673584,0.0,0.0,0.5835999727249146,0.5835999727249146,0.0,5,10,21
resnet50,gtsrb,random,77,10,21,0.5238095238095238,1,1.0,cifar100,cifar100,1,cifar100,breastmnist|cifar10|cifar100|cifar100_coarse|dermamnist|organcmnist|organsmnist|retinamnist|tiny_imagenet|tissuemnist,0.6763028621673584,0.6763028621673584,0.0,0.0,0.5835999727249146,0.5835999727249146,0.0,5,10,21
resnet50,gtsrb,random,78,10,21,0.5238095238095238,0,0.6666666666666666,cifar100,cifar100,1,tiny_imagenet,bloodmnist|breastmnist|dermamnist|organamnist|pathmnist|pneumoniamnist|retinamnist|stl10|tiny_imagenet|usps,0.6763028621673584,0.674139654636383,0.0021632075309753196,0.0384612368391766,0.5835999727249146,0.5874399900436401,-0.0038400173187255193,5,10,21
resnet50,gtsrb,random,79,10,21,0.5238095238095238,1,1.0,cifar100,cifar100,1,cifar100,bloodmnist|cifar10|cifar100|cifar100_coarse|dermamnist|fashion_mnist|organamnist|organcmnist|tiny_imagenet|tissuemnist,0.6763028621673584,0.6763028621673584,0.0,0.0,0.5835999727249146,0.5835999727249146,0.0,5,10,21
resnet50,gtsrb,random,80,10,21,0.5238095238095238,0,0.0,cifar100,cifar100,1,octmnist,bloodmnist|breastmnist|cifar100_coarse|fashion_mnist|octmnist|organcmnist|pneumoniamnist|svhn|tissuemnist|usps,0.6763028621673584,0.6631268739700318,0.013175988197326571,0.23426545784032524,0.5835999727249146,0.5792799592018127,0.004320013523101851,5,10,21
resnet50,gtsrb,random,81,10,21,0.5238095238095238,0,0.3333333333333333,cifar100,cifar100,1,dermamnist,bloodmnist|dermamnist|mnist|organamnist|organcmnist|pathmnist|rendered_sst2|retinamnist|stl10|tissuemnist,0.6763028621673584,0.6666666984558105,0.009636163711547852,0.17132834895587712,0.5835999727249146,0.5871199607849121,-0.0035199880599975364,5,10,21
resnet50,gtsrb,random,82,10,21,0.5238095238095238,0,0.0,cifar100,cifar100,1,cifar10,cifar10|cifar100_coarse|octmnist|organcmnist|organsmnist|pathmnist|pneumoniamnist|retinamnist|svhn|usps,0.6763028621673584,0.6637168288230896,0.012586033344268777,0.22377622229404961,0.5835999727249146,0.574079966545105,0.009520006179809637,5,10,21
resnet50,gtsrb,random,83,10,21,0.5238095238095238,0,0.3333333333333333,cifar100,cifar100,1,tiny_imagenet,bloodmnist|cifar100_coarse|fashion_mnist|organamnist|pathmnist|pneumoniamnist|rendered_sst2|stl10|tiny_imagenet|tissuemnist,0.6763028621673584,0.674139654636383,0.0021632075309753196,0.0384612368391766,0.5835999727249146,0.5874399900436401,-0.0038400173187255193,5,10,21
resnet50,gtsrb,random,84,10,21,0.5238095238095238,1,0.3333333333333333,cifar100,cifar100,1,cifar100,bloodmnist|cifar10|cifar100|fashion_mnist|octmnist|organsmnist|pneumoniamnist|retinamnist|tissuemnist|usps,0.6763028621673584,0.6763028621673584,0.0,0.0,0.5835999727249146,0.5835999727249146,0.0,5,10,21
resnet50,gtsrb,random,85,10,21,0.5238095238095238,1,1.0,cifar100,cifar100,1,cifar100,bloodmnist|breastmnist|cifar10|cifar100|dermamnist|fashion_mnist|octmnist|organcmnist|svhn|tiny_imagenet,0.6763028621673584,0.6763028621673584,0.0,0.0,0.5835999727249146,0.5835999727249146,0.0,5,10,21
resnet50,gtsrb,random,86,10,21,0.5238095238095238,1,0.3333333333333333,cifar100,cifar100,1,cifar100,bloodmnist|cifar100|fashion_mnist|octmnist|organamnist|pathmnist|pneumoniamnist|rendered_sst2|retinamnist|usps,0.6763028621673584,0.6763028621673584,0.0,0.0,0.5835999727249146,0.5835999727249146,0.0,5,10,21
resnet50,gtsrb,random,87,10,21,0.5238095238095238,0,0.3333333333333333,cifar100,cifar100,1,tiny_imagenet,cifar10|octmnist|organamnist|organcmnist|organsmnist|retinamnist|svhn|tiny_imagenet|tissuemnist|usps,0.6763028621673584,0.674139654636383,0.0021632075309753196,0.0384612368391766,0.5835999727249146,0.5874399900436401,-0.0038400173187255193,5,10,21
resnet50,gtsrb,random,88,10,21,0.5238095238095238,1,0.6666666666666666,cifar100,cifar100,1,cifar100,breastmnist|cifar10|cifar100|cifar100_coarse|dermamnist|organamnist|retinamnist|svhn|tissuemnist|usps,0.6763028621673584,0.6763028621673584,0.0,0.0,0.5835999727249146,0.5835999727249146,0.0,5,10,21
resnet50,gtsrb,random,89,10,21,0.5238095238095238,1,0.6666666666666666,cifar100,cifar100,1,cifar100,bloodmnist|breastmnist|cifar100|cifar100_coarse|dermamnist|organamnist|organsmnist|pathmnist|pneumoniamnist|rendered_sst2,0.6763028621673584,0.6763028621673584,0.0,0.0,0.5835999727249146,0.5835999727249146,0.0,5,10,21
resnet50,gtsrb,random,90,10,21,0.5238095238095238,1,1.0,cifar100,cifar100,1,cifar100,breastmnist|cifar100|dermamnist|mnist|organamnist|organsmnist|pneumoniamnist|rendered_sst2|stl10|tiny_imagenet,0.6763028621673584,0.6763028621673584,0.0,0.0,0.5835999727249146,0.5835999727249146,0.0,5,10,21
resnet50,gtsrb,random,91,10,21,0.5238095238095238,0,0.0,cifar100,cifar100,1,cifar10,bloodmnist|breastmnist|cifar10|cifar100_coarse|mnist|organcmnist|organsmnist|retinamnist|svhn|tissuemnist,0.6763028621673584,0.6637168288230896,0.012586033344268777,0.22377622229404961,0.5835999727249146,0.574079966545105,0.009520006179809637,5,10,21
resnet50,gtsrb,random,92,10,21,0.5238095238095238,0,0.3333333333333333,cifar100,cifar100,1,dermamnist,breastmnist|cifar10|dermamnist|octmnist|organamnist|organcmnist|organsmnist|pathmnist|pneumoniamnist|retinamnist,0.6763028621673584,0.6666666984558105,0.009636163711547852,0.17132834895587712,0.5835999727249146,0.5871199607849121,-0.0035199880599975364,5,10,21
resnet50,gtsrb,random,93,10,21,0.5238095238095238,1,0.6666666666666666,cifar100,cifar100,1,cifar100,cifar100|cifar100_coarse|dermamnist|fashion_mnist|mnist|octmnist|pathmnist|stl10|tissuemnist|usps,0.6763028621673584,0.6763028621673584,0.0,0.0,0.5835999727249146,0.5835999727249146,0.0,5,10,21
resnet50,gtsrb,random,94,10,21,0.5238095238095238,0,0.6666666666666666,cifar100,cifar100,1,tiny_imagenet,breastmnist|cifar10|dermamnist|fashion_mnist|mnist|organamnist|organsmnist|tiny_imagenet|tissuemnist|usps,0.6763028621673584,0.674139654636383,0.0021632075309753196,0.0384612368391766,0.5835999727249146,0.5874399900436401,-0.0038400173187255193,5,10,21
resnet50,gtsrb,random,95,10,21,0.5238095238095238,0,0.0,cifar100,cifar100,1,stl10,bloodmnist|breastmnist|cifar100_coarse|fashion_mnist|mnist|octmnist|organcmnist|pneumoniamnist|rendered_sst2|stl10,0.6763028621673584,0.6645034790039063,0.011799383163452082,0.20978979774590154,0.5835999727249146,0.5735999822616578,0.009999990463256836,5,10,21
resnet50,gtsrb,random,96,10,21,0.5238095238095238,1,0.6666666666666666,cifar100,cifar100,1,cifar100,bloodmnist|cifar100|octmnist|organamnist|organcmnist|pneumoniamnist|rendered_sst2|svhn|tiny_imagenet|usps,0.6763028621673584,0.6763028621673584,0.0,0.0,0.5835999727249146,0.5835999727249146,0.0,5,10,21
resnet50,gtsrb,random,97,10,21,0.5238095238095238,0,0.3333333333333333,cifar100,cifar100,1,tiny_imagenet,breastmnist|cifar100_coarse|fashion_mnist|octmnist|organamnist|organcmnist|pathmnist|rendered_sst2|svhn|tiny_imagenet,0.6763028621673584,0.674139654636383,0.0021632075309753196,0.0384612368391766,0.5835999727249146,0.5874399900436401,-0.0038400173187255193,5,10,21
resnet50,gtsrb,random,98,10,21,0.5238095238095238,1,0.6666666666666666,cifar100,cifar100,1,cifar100,cifar100|dermamnist|fashion_mnist|mnist|octmnist|organsmnist|pathmnist|pneumoniamnist|rendered_sst2|tissuemnist,0.6763028621673584,0.6763028621673584,0.0,0.0,0.5835999727249146,0.5835999727249146,0.0,5,10,21
resnet50,gtsrb,random,99,10,21,0.5238095238095238,0,0.3333333333333333,cifar100,cifar100,1,tiny_imagenet,breastmnist|mnist|octmnist|organamnist|pneumoniamnist|rendered_sst2|stl10|svhn|tiny_imagenet|usps,0.6763028621673584,0.674139654636383,0.0021632075309753196,0.0384612368391766,0.5835999727249146,0.5874399900436401,-0.0038400173187255193,5,10,21
resnet50,oxford_pets,rank_only,-1,3,21,0.8571428571428572,1,0.3333333333333333,tiny_imagenet,tiny_imagenet,1,tiny_imagenet,tiny_imagenet|cifar100_coarse|cifar100,0.9225980639457703,0.9225980639457703,0.0,0.0,0.8959388852119445,0.8959388852119445,0.0,5,3,21
resnet50,oxford_pets,facility_subspace,-1,3,21,0.8571428571428572,0,0.0,tiny_imagenet,tiny_imagenet,1,cifar100,organcmnist|cifar100|svhn,0.9225980639457703,0.9109606862068176,0.011637377738952681,0.2263162470340185,0.8959388852119445,0.8942490577697754,0.0016898274421691672,5,3,21
resnet50,oxford_pets,kcenter_subspace,-1,3,21,0.8571428571428572,1,0.3333333333333333,tiny_imagenet,tiny_imagenet,1,tiny_imagenet,tiny_imagenet|rendered_sst2|usps,0.9225980639457703,0.9225980639457703,0.0,0.0,0.8959388852119445,0.8959388852119445,0.0,5,3,21
resnet50,oxford_pets,dpp_subspace,-1,3,21,0.8571428571428572,1,0.6666666666666666,tiny_imagenet,tiny_imagenet,1,tiny_imagenet,tiny_imagenet|stl10|cifar100_coarse,0.9225980639457703,0.9225980639457703,0.0,0.0,0.8959388852119445,0.8959388852119445,0.0,5,3,21
resnet50,oxford_pets,pool_vendi_subspace,-1,3,21,0.8571428571428572,1,0.3333333333333333,tiny_imagenet,tiny_imagenet,1,tiny_imagenet,tiny_imagenet|rendered_sst2|usps,0.9225980639457703,0.9225980639457703,0.0,0.0,0.8959388852119445,0.8959388852119445,0.0,5,3,21
resnet50,oxford_pets,full_merged_rank,-1,3,21,0.8571428571428572,1,0.6666666666666666,tiny_imagenet,tiny_imagenet,1,tiny_imagenet,tiny_imagenet|stl10|cifar100_coarse,0.9225980639457703,0.9225980639457703,0.0,0.0,0.8959388852119445,0.8959388852119445,0.0,5,3,21
resnet50,oxford_pets,random,0,3,21,0.8571428571428572,0,0.0,tiny_imagenet,tiny_imagenet,1,svhn,retinamnist|svhn|usps,0.9225980639457703,0.9087956070899963,0.01380245685577397,0.268421314966171,0.8959388852119445,0.8894521236419678,0.00648676156997674,5,3,21
resnet50,oxford_pets,random,1,3,21,0.8571428571428572,0,0.0,tiny_imagenet,tiny_imagenet,1,organamnist,organamnist|retinamnist|tissuemnist,0.9225980639457703,0.9123138666152955,0.010284197330474809,0.20000046366113702,0.8959388852119445,0.8911419630050659,0.004796922206878662,5,3,21
resnet50,oxford_pets,random,2,3,21,0.8571428571428572,1,0.3333333333333333,tiny_imagenet,tiny_imagenet,1,tiny_imagenet,cifar100|pneumoniamnist|tiny_imagenet,0.9225980639457703,0.9225980639457703,0.0,0.0,0.8959388852119445,0.8959388852119445,0.0,5,3,21
resnet50,oxford_pets,random,3,3,21,0.8571428571428572,0,0.3333333333333333,tiny_imagenet,tiny_imagenet,1,fashion_mnist,bloodmnist|dermamnist|fashion_mnist,0.9225980639457703,0.9147495985031128,0.007848465442657493,0.15263191449161337,0.8959388852119445,0.8909239053726197,0.005014979839324862,5,3,21
resnet50,oxford_pets,random,4,3,21,0.8571428571428572,0,0.0,tiny_imagenet,tiny_imagenet,1,mnist,bloodmnist|mnist|rendered_sst2,0.9225980639457703,0.9077130556106567,0.014885008335113525,0.2894740807628153,0.8959388852119445,0.8889070272445678,0.007031857967376709,5,3,21
resnet50,oxford_pets,random,5,3,21,0.8571428571428572,1,0.3333333333333333,tiny_imagenet,tiny_imagenet,1,tiny_imagenet,bloodmnist|tiny_imagenet|tissuemnist,0.9225980639457703,0.9225980639457703,0.0,0.0,0.8959388852119445,0.8959388852119445,0.0,5,3,21
resnet50,oxford_pets,random,6,3,21,0.8571428571428572,0,0.3333333333333333,tiny_imagenet,tiny_imagenet,1,fashion_mnist,bloodmnist|fashion_mnist|tissuemnist,0.9225980639457703,0.9147495985031128,0.007848465442657493,0.15263191449161337,0.8959388852119445,0.8909239053726197,0.005014979839324862,5,3,21
resnet50,oxford_pets,random,7,3,21,0.8571428571428572,0,0.0,tiny_imagenet,tiny_imagenet,1,octmnist,breastmnist|octmnist|retinamnist,0.9225980639457703,0.9090662479400635,0.013531816005706743,0.2631580655593657,0.8959388852119445,0.8908149003982544,0.005123984813690141,5,3,21
resnet50,oxford_pets,random,8,3,21,0.8571428571428572,0,0.0,tiny_imagenet,tiny_imagenet,1,mnist,bloodmnist|mnist|rendered_sst2,0.9225980639457703,0.9077130556106567,0.014885008335113525,0.2894740807628153,0.8959388852119445,0.8889070272445678,0.007031857967376709,5,3,21
resnet50,oxford_pets,random,9,3,21,0.8571428571428572,0,0.0,tiny_imagenet,tiny_imagenet,1,pathmnist,pathmnist|pneumoniamnist|retinamnist,0.9225980639457703,0.9093368649482727,0.013261198997497559,0.257895279813701,0.8959388852119445,0.8908148884773255,0.005123996734619052,5,3,21
resnet50,oxford_pets,random,10,3,21,0.8571428571428572,0,0.0,tiny_imagenet,tiny_imagenet,1,organamnist,cifar100_coarse|organamnist|rendered_sst2,0.9225980639457703,0.9123138666152955,0.010284197330474809,0.20000046366113702,0.8959388852119445,0.8911419630050659,0.004796922206878662,5,3,21
resnet50,oxford_pets,random,11,3,21,0.8571428571428572,0,0.3333333333333333,tiny_imagenet,tiny_imagenet,1,fashion_mnist,fashion_mnist|organsmnist|usps,0.9225980639457703,0.9147495985031128,0.007848465442657493,0.15263191449161337,0.8959388852119445,0.8909239053726197,0.005014979839324862,5,3,21
resnet50,oxford_pets,random,12,3,21,0.8571428571428572,1,0.6666666666666666,tiny_imagenet,tiny_imagenet,1,tiny_imagenet,fashion_mnist|pneumoniamnist|tiny_imagenet,0.9225980639457703,0.9225980639457703,0.0,0.0,0.8959388852119445,0.8959388852119445,0.0,5,3,21
resnet50,oxford_pets,random,13,3,21,0.8571428571428572,0,0.0,tiny_imagenet,tiny_imagenet,1,cifar100_coarse,bloodmnist|cifar100_coarse|organsmnist,0.9225980639457703,0.9079836726188659,0.014614391326904341,0.28421129501715053,0.8959388852119445,0.8872716903686524,0.008667194843292148,5,3,21
resnet50,oxford_pets,random,14,3,21,0.8571428571428572,1,0.6666666666666666,tiny_imagenet,tiny_imagenet,1,tiny_imagenet,stl10|tiny_imagenet|tissuemnist,0.9225980639457703,0.9225980639457703,0.0,0.0,0.8959388852119445,0.8959388852119445,0.0,5,3,21
resnet50,oxford_pets,random,15,3,21,0.8571428571428572,1,0.3333333333333333,tiny_imagenet,tiny_imagenet,1,tiny_imagenet,bloodmnist|mnist|tiny_imagenet,0.9225980639457703,0.9225980639457703,0.0,0.0,0.8959388852119445,0.8959388852119445,0.0,5,3,21
resnet50,oxford_pets,random,16,3,21,0.8571428571428572,0,0.0,tiny_imagenet,tiny_imagenet,1,pathmnist,bloodmnist|mnist|pathmnist,0.9225980639457703,0.9093368649482727,0.013261198997497559,0.257895279813701,0.8959388852119445,0.8908148884773255,0.005123996734619052,5,3,21
resnet50,oxford_pets,random,17,3,21,0.8571428571428572,0,0.3333333333333333,tiny_imagenet,tiny_imagenet,1,fashion_mnist,fashion_mnist|organcmnist|rendered_sst2,0.9225980639457703,0.9147495985031128,0.007848465442657493,0.15263191449161337,0.8959388852119445,0.8909239053726197,0.005014979839324862,5,3,21
resnet50,oxford_pets,random,18,3,21,0.8571428571428572,0,0.3333333333333333,tiny_imagenet,tiny_imagenet,1,stl10,breastmnist|cifar100_coarse|stl10,0.9225980639457703,0.9152908563613892,0.007307207584381081,0.14210587933914334,0.8959388852119445,0.8841100692749023,0.011828815937042214,5,3,21
resnet50,oxford_pets,random,19,3,21,0.8571428571428572,0,0.0,tiny_imagenet,tiny_imagenet,1,octmnist,cifar100_coarse|octmnist|usps,0.9225980639457703,0.9090662479400635,0.013531816005706743,0.2631580655593657,0.8959388852119445,0.8908149003982544,0.005123984813690141,5,3,21
resnet50,oxford_pets,random,20,3,21,0.8571428571428572,0,0.0,tiny_imagenet,tiny_imagenet,1,cifar100_coarse,cifar100_coarse|mnist|usps,0.9225980639457703,0.9079836726188659,0.014614391326904341,0.28421129501715053,0.8959388852119445,0.8872716903686524,0.008667194843292148,5,3,21
resnet50,oxford_pets,random,21,3,21,0.8571428571428572,0,0.6666666666666666,tiny_imagenet,tiny_imagenet,1,stl10,cifar10|fashion_mnist|stl10,0.9225980639457703,0.9152908563613892,0.007307207584381081,0.14210587933914334,0.8959388852119445,0.8841100692749023,0.011828815937042214,5,3,21
resnet50,oxford_pets,random,22,3,21,0.8571428571428572,0,0.3333333333333333,tiny_imagenet,tiny_imagenet,1,stl10,breastmnist|rendered_sst2|stl10,0.9225980639457703,0.9152908563613892,0.007307207584381081,0.14210587933914334,0.8959388852119445,0.8841100692749023,0.011828815937042214,5,3,21
resnet50,oxford_pets,random,23,3,21,0.8571428571428572,0,0.0,tiny_imagenet,tiny_imagenet,1,dermamnist,cifar100_coarse|dermamnist|svhn,0.9225980639457703,0.9096075177192688,0.01299054622650142,0.2526317985763276,0.8959388852119445,0.8850912570953369,0.010847628116607666,5,3,21
resnet50,oxford_pets,random,24,3,21,0.8571428571428572,0,0.3333333333333333,tiny_imagenet,tiny_imagenet,1,stl10,cifar10|pathmnist|stl10,0.9225980639457703,0.9152908563613892,0.007307207584381081,0.14210587933914334,0.8959388852119445,0.8841100692749023,0.011828815937042214,5,3,21
resnet50,oxford_pets,random,25,3,21,0.8571428571428572,1,0.3333333333333333,tiny_imagenet,tiny_imagenet,1,tiny_imagenet,breastmnist|pneumoniamnist|tiny_imagenet,0.9225980639457703,0.9225980639457703,0.0,0.0,0.8959388852119445,0.8959388852119445,0.0,5,3,21
resnet50,oxford_pets,random,26,3,21,0.8571428571428572,1,0.3333333333333333,tiny_imagenet,tiny_imagenet,1,tiny_imagenet,breastmnist|tiny_imagenet|tissuemnist,0.9225980639457703,0.9225980639457703,0.0,0.0,0.8959388852119445,0.8959388852119445,0.0,5,3,21
resnet50,oxford_pets,random,27,3,21,0.8571428571428572,0,0.0,tiny_imagenet,tiny_imagenet,1,organamnist,organamnist|pneumoniamnist|svhn,0.9225980639457703,0.9123138666152955,0.010284197330474809,0.20000046366113702,0.8959388852119445,0.8911419630050659,0.004796922206878662,5,3,21
resnet50,oxford_pets,random,28,3,21,0.8571428571428572,0,0.0,tiny_imagenet,tiny_imagenet,1,octmnist,mnist|octmnist|rendered_sst2,0.9225980639457703,0.9090662479400635,0.013531816005706743,0.2631580655593657,0.8959388852119445,0.8908149003982544,0.005123984813690141,5,3,21
resnet50,oxford_pets,random,29,3,21,0.8571428571428572,0,0.0,tiny_imagenet,tiny_imagenet,1,octmnist,breastmnist|octmnist|organcmnist,0.9225980639457703,0.9090662479400635,0.013531816005706743,0.2631580655593657,0.8959388852119445,0.8908149003982544,0.005123984813690141,5,3,21
resnet50,oxford_pets,random,30,3,21,0.8571428571428572,0,0.3333333333333333,tiny_imagenet,tiny_imagenet,1,stl10,cifar10|stl10|usps,0.9225980639457703,0.9152908563613892,0.007307207584381081,0.14210587933914334,0.8959388852119445,0.8841100692749023,0.011828815937042214,5,3,21
resnet50,oxford_pets,random,31,3,21,0.8571428571428572,0,0.3333333333333333,tiny_imagenet,tiny_imagenet,1,stl10,cifar10|retinamnist|stl10,0.9225980639457703,0.9152908563613892,0.007307207584381081,0.14210587933914334,0.8959388852119445,0.8841100692749023,0.011828815937042214,5,3,21
resnet50,oxford_pets,random,32,3,21,0.8571428571428572,0,0.0,tiny_imagenet,tiny_imagenet,1,dermamnist,bloodmnist|cifar100_coarse|dermamnist,0.9225980639457703,0.9096075177192688,0.01299054622650142,0.2526317985763276,0.8959388852119445,0.8850912570953369,0.010847628116607666,5,3,21
resnet50,oxford_pets,random,33,3,21,0.8571428571428572,0,0.0,tiny_imagenet,tiny_imagenet,1,cifar10,cifar10|mnist|tissuemnist,0.9225980639457703,0.9125844955444335,0.010013568401336714,0.19473744608490418,0.8959388852119445,0.8885799407958984,0.00735894441604612,5,3,21
resnet50,oxford_pets,random,34,3,21,0.8571428571428572,0,0.0,tiny_imagenet,tiny_imagenet,1,retinamnist,cifar100_coarse|rendered_sst2|retinamnist,0.9225980639457703,0.9082543253898621,0.014343738555908203,0.2789478137797772,0.8959388852119445,0.8838920354843139,0.012046849727630593,5,3,21
resnet50,oxford_pets,random,35,3,21,0.8571428571428572,0,0.0,tiny_imagenet,tiny_imagenet,1,organsmnist,organsmnist|rendered_sst2|tissuemnist,0.9225980639457703,0.9077130556106567,0.014885008335113525,0.2894740807628153,0.8959388852119445,0.8795856833457947,0.016353201866149858,5,3,21
resnet50,oxford_pets,random,36,3,21,0.8571428571428572,1,0.3333333333333333,tiny_imagenet,tiny_imagenet,1,tiny_imagenet,dermamnist|octmnist|tiny_imagenet,0.9225980639457703,0.9225980639457703,0.0,0.0,0.8959388852119445,0.8959388852119445,0.0,5,3,21
resnet50,oxford_pets,random,37,3,21,0.8571428571428572,0,0.3333333333333333,tiny_imagenet,tiny_imagenet,1,stl10,octmnist|organsmnist|stl10,0.9225980639457703,0.9152908563613892,0.007307207584381081,0.14210587933914334,0.8959388852119445,0.8841100692749023,0.011828815937042214,5,3,21
resnet50,oxford_pets,random,38,3,21,0.8571428571428572,0,0.0,tiny_imagenet,tiny_imagenet,1,cifar10,breastmnist|cifar10|organcmnist,0.9225980639457703,0.9125844955444335,0.010013568401336714,0.19473744608490418,0.8959388852119445,0.8885799407958984,0.00735894441604612,5,3,21
resnet50,oxford_pets,random,39,3,21,0.8571428571428572,1,0.3333333333333333,tiny_imagenet,tiny_imagenet,1,tiny_imagenet,cifar10|organamnist|tiny_imagenet,0.9225980639457703,0.9225980639457703,0.0,0.0,0.8959388852119445,0.8959388852119445,0.0,5,3,21
resnet50,oxford_pets,random,40,3,21,0.8571428571428572,0,0.0,tiny_imagenet,tiny_imagenet,1,cifar100,cifar100|organsmnist|tissuemnist,0.9225980639457703,0.9109606862068176,0.011637377738952681,0.2263162470340185,0.8959388852119445,0.8942490577697754,0.0016898274421691672,5,3,21
resnet50,oxford_pets,random,41,3,21,0.8571428571428572,1,0.3333333333333333,tiny_imagenet,tiny_imagenet,1,tiny_imagenet,dermamnist|svhn|tiny_imagenet,0.9225980639457703,0.9225980639457703,0.0,0.0,0.8959388852119445,0.8959388852119445,0.0,5,3,21
resnet50,oxford_pets,random,42,3,21,0.8571428571428572,0,0.0,tiny_imagenet,tiny_imagenet,1,organamnist,organamnist|pathmnist|svhn,0.9225980639457703,0.9123138666152955,0.010284197330474809,0.20000046366113702,0.8959388852119445,0.8911419630050659,0.004796922206878662,5,3,21
resnet50,oxford_pets,random,43,3,21,0.8571428571428572,0,0.3333333333333333,tiny_imagenet,tiny_imagenet,1,fashion_mnist,fashion_mnist|organcmnist|pathmnist,0.9225980639457703,0.9147495985031128,0.007848465442657493,0.15263191449161337,0.8959388852119445,0.8909239053726197,0.005014979839324862,5,3,21
resnet50,oxford_pets,random,44,3,21,0.8571428571428572,0,0.0,tiny_imagenet,tiny_imagenet,1,cifar100_coarse,bloodmnist|cifar100_coarse|mnist,0.9225980639457703,0.9079836726188659,0.014614391326904341,0.28421129501715053,0.8959388852119445,0.8872716903686524,0.008667194843292148,5,3,21
resnet50,oxford_pets,random,45,3,21,0.8571428571428572,0,0.0,tiny_imagenet,tiny_imagenet,1,organcmnist,organcmnist|organsmnist|retinamnist,0.9225980639457703,0.908254337310791,0.014343726634979292,0.2789475819492091,0.8959388852119445,0.887053644657135,0.008885240554809548,5,3,21
resnet50,oxford_pets,random,46,3,21,0.8571428571428572,0,0.0,tiny_imagenet,tiny_imagenet,1,retinamnist,bloodmnist|mnist|retinamnist,0.9225980639457703,0.9082543253898621,0.014343738555908203,0.2789478137797772,0.8959388852119445,0.8838920354843139,0.012046849727630593,5,3,21
resnet50,oxford_pets,random,47,3,21,0.8571428571428572,0,0.3333333333333333,tiny_imagenet,tiny_imagenet,1,stl10,mnist|stl10|svhn,0.9225980639457703,0.9152908563613892,0.007307207584381081,0.14210587933914334,0.8959388852119445,0.8841100692749023,0.011828815937042214,5,3,21
resnet50,oxford_pets,random,48,3,21,0.8571428571428572,0,0.0,tiny_imagenet,tiny_imagenet,1,pathmnist,organcmnist|organsmnist|pathmnist,0.9225980639457703,0.9093368649482727,0.013261198997497559,0.257895279813701,0.8959388852119445,0.8908148884773255,0.005123996734619052,5,3,21
resnet50,oxford_pets,random,49,3,21,0.8571428571428572,0,0.0,tiny_imagenet,tiny_imagenet,1,octmnist,octmnist|rendered_sst2|retinamnist,0.9225980639457703,0.9090662479400635,0.013531816005706743,0.2631580655593657,0.8959388852119445,0.8908149003982544,0.005123984813690141,5,3,21
resnet50,oxford_pets,random,50,3,21,0.8571428571428572,0,0.0,tiny_imagenet,tiny_imagenet,1,organamnist,breastmnist|organamnist|organcmnist,0.9225980639457703,0.9123138666152955,0.010284197330474809,0.20000046366113702,0.8959388852119445,0.8911419630050659,0.004796922206878662,5,3,21
resnet50,oxford_pets,random,51,3,21,0.8571428571428572,0,0.0,tiny_imagenet,tiny_imagenet,1,dermamnist,dermamnist|mnist|pneumoniamnist,0.9225980639457703,0.9096075177192688,0.01299054622650142,0.2526317985763276,0.8959388852119445,0.8850912570953369,0.010847628116607666,5,3,21
resnet50,oxford_pets,random,52,3,21,0.8571428571428572,0,0.0,tiny_imagenet,tiny_imagenet,1,cifar10,cifar10|organsmnist|rendered_sst2,0.9225980639457703,0.9125844955444335,0.010013568401336714,0.19473744608490418,0.8959388852119445,0.8885799407958984,0.00735894441604612,5,3,21
resnet50,oxford_pets,random,53,3,21,0.8571428571428572,0,0.0,tiny_imagenet,tiny_imagenet,1,dermamnist,dermamnist|pneumoniamnist|rendered_sst2,0.9225980639457703,0.9096075177192688,0.01299054622650142,0.2526317985763276,0.8959388852119445,0.8850912570953369,0.010847628116607666,5,3,21
resnet50,oxford_pets,random,54,3,21,0.8571428571428572,0,0.0,tiny_imagenet,tiny_imagenet,1,dermamnist,dermamnist|pneumoniamnist|rendered_sst2,0.9225980639457703,0.9096075177192688,0.01299054622650142,0.2526317985763276,0.8959388852119445,0.8850912570953369,0.010847628116607666,5,3,21
resnet50,oxford_pets,random,55,3,21,0.8571428571428572,0,0.0,tiny_imagenet,tiny_imagenet,1,svhn,bloodmnist|pneumoniamnist|svhn,0.9225980639457703,0.9087956070899963,0.01380245685577397,0.268421314966171,0.8959388852119445,0.8894521236419678,0.00648676156997674,5,3,21
resnet50,oxford_pets,random,56,3,21,0.8571428571428572,0,0.0,tiny_imagenet,tiny_imagenet,1,cifar100,cifar100|pathmnist|rendered_sst2,0.9225980639457703,0.9109606862068176,0.011637377738952681,0.2263162470340185,0.8959388852119445,0.8942490577697754,0.0016898274421691672,5,3,21
resnet50,oxford_pets,random,57,3,21,0.8571428571428572,0,0.3333333333333333,tiny_imagenet,tiny_imagenet,1,stl10,organamnist|stl10|usps,0.9225980639457703,0.9152908563613892,0.007307207584381081,0.14210587933914334,0.8959388852119445,0.8841100692749023,0.011828815937042214,5,3,21
resnet50,oxford_pets,random,58,3,21,0.8571428571428572,0,0.0,tiny_imagenet,tiny_imagenet,1,dermamnist,dermamnist|svhn|tissuemnist,0.9225980639457703,0.9096075177192688,0.01299054622650142,0.2526317985763276,0.8959388852119445,0.8850912570953369,0.010847628116607666,5,3,21
resnet50,oxford_pets,random,59,3,21,0.8571428571428572,0,0.0,tiny_imagenet,tiny_imagenet,1,cifar100_coarse,cifar100_coarse|pneumoniamnist|rendered_sst2,0.9225980639457703,0.9079836726188659,0.014614391326904341,0.28421129501715053,0.8959388852119445,0.8872716903686524,0.008667194843292148,5,3,21
resnet50,oxford_pets,random,60,3,21,0.8571428571428572,0,0.0,tiny_imagenet,tiny_imagenet,1,organsmnist,bloodmnist|organsmnist|tissuemnist,0.9225980639457703,0.9077130556106567,0.014885008335113525,0.2894740807628153,0.8959388852119445,0.8795856833457947,0.016353201866149858,5,3,21
resnet50,oxford_pets,random,61,3,21,0.8571428571428572,0,0.3333333333333333,tiny_imagenet,tiny_imagenet,1,stl10,breastmnist|retinamnist|stl10,0.9225980639457703,0.9152908563613892,0.007307207584381081,0.14210587933914334,0.8959388852119445,0.8841100692749023,0.011828815937042214,5,3,21
resnet50,oxford_pets,random,62,3,21,0.8571428571428572,0,0.0,tiny_imagenet,tiny_imagenet,1,organamnist,organamnist|rendered_sst2|svhn,0.9225980639457703,0.9123138666152955,0.010284197330474809,0.20000046366113702,0.8959388852119445,0.8911419630050659,0.004796922206878662,5,3,21
resnet50,oxford_pets,random,63,3,21,0.8571428571428572,0,0.3333333333333333,tiny_imagenet,tiny_imagenet,1,fashion_mnist,cifar100|fashion_mnist|usps,0.9225980639457703,0.9147495985031128,0.007848465442657493,0.15263191449161337,0.8959388852119445,0.8909239053726197,0.005014979839324862,5,3,21
resnet50,oxford_pets,random,64,3,21,0.8571428571428572,1,0.3333333333333333,tiny_imagenet,tiny_imagenet,1,tiny_imagenet,retinamnist|tiny_imagenet|tissuemnist,0.9225980639457703,0.9225980639457703,0.0,0.0,0.8959388852119445,0.8959388852119445,0.0,5,3,21
resnet50,oxford_pets,random,65,3,21,0.8571428571428572,0,0.0,tiny_imagenet,tiny_imagenet,1,dermamnist,cifar100_coarse|dermamnist|tissuemnist,0.9225980639457703,0.9096075177192688,0.01299054622650142,0.2526317985763276,0.8959388852119445,0.8850912570953369,0.010847628116607666,5,3,21
resnet50,oxford_pets,random,66,3,21,0.8571428571428572,0,0.3333333333333333,tiny_imagenet,tiny_imagenet,1,fashion_mnist,bloodmnist|breastmnist|fashion_mnist,0.9225980639457703,0.9147495985031128,0.007848465442657493,0.15263191449161337,0.8959388852119445,0.8909239053726197,0.005014979839324862,5,3,21
resnet50,oxford_pets,random,67,3,21,0.8571428571428572,0,0.0,tiny_imagenet,tiny_imagenet,1,organamnist,cifar100|cifar100_coarse|organamnist,0.9225980639457703,0.9123138666152955,0.010284197330474809,0.20000046366113702,0.8959388852119445,0.8911419630050659,0.004796922206878662,5,3,21
resnet50,oxford_pets,random,68,3,21,0.8571428571428572,0,0.0,tiny_imagenet,tiny_imagenet,1,organamnist,cifar100|octmnist|organamnist,0.9225980639457703,0.9123138666152955,0.010284197330474809,0.20000046366113702,0.8959388852119445,0.8911419630050659,0.004796922206878662,5,3,21
resnet50,oxford_pets,random,69,3,21,0.8571428571428572,1,0.6666666666666666,tiny_imagenet,tiny_imagenet,1,tiny_imagenet,dermamnist|fashion_mnist|tiny_imagenet,0.9225980639457703,0.9225980639457703,0.0,0.0,0.8959388852119445,0.8959388852119445,0.0,5,3,21
resnet50,oxford_pets,random,70,3,21,0.8571428571428572,1,0.3333333333333333,tiny_imagenet,tiny_imagenet,1,tiny_imagenet,breastmnist|tiny_imagenet|tissuemnist,0.9225980639457703,0.9225980639457703,0.0,0.0,0.8959388852119445,0.8959388852119445,0.0,5,3,21
resnet50,oxford_pets,random,71,3,21,0.8571428571428572,1,0.3333333333333333,tiny_imagenet,tiny_imagenet,1,tiny_imagenet,octmnist|organamnist|tiny_imagenet,0.9225980639457703,0.9225980639457703,0.0,0.0,0.8959388852119445,0.8959388852119445,0.0,5,3,21
resnet50,oxford_pets,random,72,3,21,0.8571428571428572,0,0.0,tiny_imagenet,tiny_imagenet,1,organamnist,organamnist|organcmnist|tissuemnist,0.9225980639457703,0.9123138666152955,0.010284197330474809,0.20000046366113702,0.8959388852119445,0.8911419630050659,0.004796922206878662,5,3,21
resnet50,oxford_pets,random,73,3,21,0.8571428571428572,0,0.0,tiny_imagenet,tiny_imagenet,1,cifar10,breastmnist|cifar10|dermamnist,0.9225980639457703,0.9125844955444335,0.010013568401336714,0.19473744608490418,0.8959388852119445,0.8885799407958984,0.00735894441604612,5,3,21
resnet50,oxford_pets,random,74,3,21,0.8571428571428572,0,0.0,tiny_imagenet,tiny_imagenet,1,breastmnist,breastmnist|tissuemnist|usps,0.9225980639457703,0.904736065864563,0.017861998081207253,0.34736866508480896,0.8959388852119445,0.8850367546081543,0.010902130603790194,5,3,21
resnet50,oxford_pets,random,75,3,21,0.8571428571428572,0,0.0,tiny_imagenet,tiny_imagenet,1,organamnist,bloodmnist|cifar100|organamnist,0.9225980639457703,0.9123138666152955,0.010284197330474809,0.20000046366113702,0.8959388852119445,0.8911419630050659,0.004796922206878662,5,3,21
resnet50,oxford_pets,random,76,3,21,0.8571428571428572,0,0.0,tiny_imagenet,tiny_imagenet,1,dermamnist,cifar100_coarse|dermamnist|octmnist,0.9225980639457703,0.9096075177192688,0.01299054622650142,0.2526317985763276,0.8959388852119445,0.8850912570953369,0.010847628116607666,5,3,21
resnet50,oxford_pets,random,77,3,21,0.8571428571428572,0,0.0,tiny_imagenet,tiny_imagenet,1,dermamnist,dermamnist|organsmnist|tissuemnist,0.9225980639457703,0.9096075177192688,0.01299054622650142,0.2526317985763276,0.8959388852119445,0.8850912570953369,0.010847628116607666,5,3,21
resnet50,oxford_pets,random,78,3,21,0.8571428571428572,0,0.3333333333333333,tiny_imagenet,tiny_imagenet,1,fashion_mnist,fashion_mnist|pneumoniamnist|tissuemnist,0.9225980639457703,0.9147495985031128,0.007848465442657493,0.15263191449161337,0.8959388852119445,0.8909239053726197,0.005014979839324862,5,3,21
resnet50,oxford_pets,random,79,3,21,0.8571428571428572,0,0.3333333333333333,tiny_imagenet,tiny_imagenet,1,stl10,dermamnist|organsmnist|stl10,0.9225980639457703,0.9152908563613892,0.007307207584381081,0.14210587933914334,0.8959388852119445,0.8841100692749023,0.011828815937042214,5,3,21
resnet50,oxford_pets,random,80,3,21,0.8571428571428572,0,0.3333333333333333,tiny_imagenet,tiny_imagenet,1,stl10,cifar100_coarse|pneumoniamnist|stl10,0.9225980639457703,0.9152908563613892,0.007307207584381081,0.14210587933914334,0.8959388852119445,0.8841100692749023,0.011828815937042214,5,3,21
resnet50,oxford_pets,random,81,3,21,0.8571428571428572,1,0.3333333333333333,tiny_imagenet,tiny_imagenet,1,tiny_imagenet,bloodmnist|pneumoniamnist|tiny_imagenet,0.9225980639457703,0.9225980639457703,0.0,0.0,0.8959388852119445,0.8959388852119445,0.0,5,3,21
resnet50,oxford_pets,random,82,3,21,0.8571428571428572,0,0.0,tiny_imagenet,tiny_imagenet,1,organamnist,cifar100|organamnist|organcmnist,0.9225980639457703,0.9123138666152955,0.010284197330474809,0.20000046366113702,0.8959388852119445,0.8911419630050659,0.004796922206878662,5,3,21
resnet50,oxford_pets,random,83,3,21,0.8571428571428572,0,0.0,tiny_imagenet,tiny_imagenet,1,organamnist,dermamnist|organamnist|rendered_sst2,0.9225980639457703,0.9123138666152955,0.010284197330474809,0.20000046366113702,0.8959388852119445,0.8911419630050659,0.004796922206878662,5,3,21
resnet50,oxford_pets,random,84,3,21,0.8571428571428572,0,0.0,tiny_imagenet,tiny_imagenet,1,cifar10,cifar10|cifar100_coarse|dermamnist,0.9225980639457703,0.9125844955444335,0.010013568401336714,0.19473744608490418,0.8959388852119445,0.8885799407958984,0.00735894441604612,5,3,21
resnet50,oxford_pets,random,85,3,21,0.8571428571428572,0,0.3333333333333333,tiny_imagenet,tiny_imagenet,1,stl10,cifar100_coarse|rendered_sst2|stl10,0.9225980639457703,0.9152908563613892,0.007307207584381081,0.14210587933914334,0.8959388852119445,0.8841100692749023,0.011828815937042214,5,3,21
resnet50,oxford_pets,random,86,3,21,0.8571428571428572,0,0.3333333333333333,tiny_imagenet,tiny_imagenet,1,fashion_mnist,bloodmnist|fashion_mnist|pneumoniamnist,0.9225980639457703,0.9147495985031128,0.007848465442657493,0.15263191449161337,0.8959388852119445,0.8909239053726197,0.005014979839324862,5,3,21
resnet50,oxford_pets,random,87,3,21,0.8571428571428572,0,0.3333333333333333,tiny_imagenet,tiny_imagenet,1,fashion_mnist,bloodmnist|fashion_mnist|organamnist,0.9225980639457703,0.9147495985031128,0.007848465442657493,0.15263191449161337,0.8959388852119445,0.8909239053726197,0.005014979839324862,5,3,21
resnet50,oxford_pets,random,88,3,21,0.8571428571428572,0,0.0,tiny_imagenet,tiny_imagenet,1,octmnist,octmnist|organcmnist|usps,0.9225980639457703,0.9090662479400635,0.013531816005706743,0.2631580655593657,0.8959388852119445,0.8908149003982544,0.005123984813690141,5,3,21
resnet50,oxford_pets,random,89,3,21,0.8571428571428572,0,0.0,tiny_imagenet,tiny_imagenet,1,svhn,cifar100_coarse|rendered_sst2|svhn,0.9225980639457703,0.9087956070899963,0.01380245685577397,0.268421314966171,0.8959388852119445,0.8894521236419678,0.00648676156997674,5,3,21
resnet50,oxford_pets,random,90,3,21,0.8571428571428572,0,0.0,tiny_imagenet,tiny_imagenet,1,cifar10,bloodmnist|cifar10|organsmnist,0.9225980639457703,0.9125844955444335,0.010013568401336714,0.19473744608490418,0.8959388852119445,0.8885799407958984,0.00735894441604612,5,3,21
resnet50,oxford_pets,random,91,3,21,0.8571428571428572,1,0.6666666666666666,tiny_imagenet,tiny_imagenet,1,tiny_imagenet,fashion_mnist|svhn|tiny_imagenet,0.9225980639457703,0.9225980639457703,0.0,0.0,0.8959388852119445,0.8959388852119445,0.0,5,3,21
resnet50,oxford_pets,random,92,3,21,0.8571428571428572,1,0.3333333333333333,tiny_imagenet,tiny_imagenet,1,tiny_imagenet,organsmnist|pathmnist|tiny_imagenet,0.9225980639457703,0.9225980639457703,0.0,0.0,0.8959388852119445,0.8959388852119445,0.0,5,3,21
resnet50,oxford_pets,random,93,3,21,0.8571428571428572,0,0.3333333333333333,tiny_imagenet,tiny_imagenet,1,stl10,cifar100|mnist|stl10,0.9225980639457703,0.9152908563613892,0.007307207584381081,0.14210587933914334,0.8959388852119445,0.8841100692749023,0.011828815937042214,5,3,21
resnet50,oxford_pets,random,94,3,21,0.8571428571428572,0,0.3333333333333333,tiny_imagenet,tiny_imagenet,1,stl10,cifar10|pneumoniamnist|stl10,0.9225980639457703,0.9152908563613892,0.007307207584381081,0.14210587933914334,0.8959388852119445,0.8841100692749023,0.011828815937042214,5,3,21
resnet50,oxford_pets,random,95,3,21,0.8571428571428572,0,0.0,tiny_imagenet,tiny_imagenet,1,dermamnist,breastmnist|dermamnist|octmnist,0.9225980639457703,0.9096075177192688,0.01299054622650142,0.2526317985763276,0.8959388852119445,0.8850912570953369,0.010847628116607666,5,3,21
resnet50,oxford_pets,random,96,3,21,0.8571428571428572,0,0.0,tiny_imagenet,tiny_imagenet,1,dermamnist,dermamnist|organcmnist|svhn,0.9225980639457703,0.9096075177192688,0.01299054622650142,0.2526317985763276,0.8959388852119445,0.8850912570953369,0.010847628116607666,5,3,21
resnet50,oxford_pets,random,97,3,21,0.8571428571428572,1,0.3333333333333333,tiny_imagenet,tiny_imagenet,1,tiny_imagenet,breastmnist|cifar100_coarse|tiny_imagenet,0.9225980639457703,0.9225980639457703,0.0,0.0,0.8959388852119445,0.8959388852119445,0.0,5,3,21
resnet50,oxford_pets,random,98,3,21,0.8571428571428572,0,0.3333333333333333,tiny_imagenet,tiny_imagenet,1,fashion_mnist,breastmnist|fashion_mnist|rendered_sst2,0.9225980639457703,0.9147495985031128,0.007848465442657493,0.15263191449161337,0.8959388852119445,0.8909239053726197,0.005014979839324862,5,3,21
resnet50,oxford_pets,random,99,3,21,0.8571428571428572,0,0.0,tiny_imagenet,tiny_imagenet,1,cifar100,bloodmnist|cifar100|rendered_sst2,0.9225980639457703,0.9109606862068176,0.011637377738952681,0.2263162470340185,0.8959388852119445,0.8942490577697754,0.0016898274421691672,5,3,21
resnet50,oxford_pets,rank_only,-1,5,21,0.7619047619047619,1,0.6666666666666666,tiny_imagenet,tiny_imagenet,1,tiny_imagenet,tiny_imagenet|cifar100_coarse|cifar100|stl10|cifar10,0.9225980639457703,0.9225980639457703,0.0,0.0,0.8959388852119445,0.8959388852119445,0.0,5,5,21
resnet50,oxford_pets,facility_subspace,-1,5,21,0.7619047619047619,0,0.0,tiny_imagenet,tiny_imagenet,1,cifar100,organcmnist|cifar100|svhn|rendered_sst2|retinamnist,0.9225980639457703,0.9109606862068176,0.011637377738952681,0.2263162470340185,0.8959388852119445,0.8942490577697754,0.0016898274421691672,5,5,21
resnet50,oxford_pets,kcenter_subspace,-1,5,21,0.7619047619047619,1,0.3333333333333333,tiny_imagenet,tiny_imagenet,1,tiny_imagenet,tiny_imagenet|rendered_sst2|usps|retinamnist|pathmnist,0.9225980639457703,0.9225980639457703,0.0,0.0,0.8959388852119445,0.8959388852119445,0.0,5,5,21
resnet50,oxford_pets,dpp_subspace,-1,5,21,0.7619047619047619,1,0.6666666666666666,tiny_imagenet,tiny_imagenet,1,tiny_imagenet,tiny_imagenet|stl10|cifar100_coarse|cifar10|organsmnist,0.9225980639457703,0.9225980639457703,0.0,0.0,0.8959388852119445,0.8959388852119445,0.0,5,5,21
resnet50,oxford_pets,pool_vendi_subspace,-1,5,21,0.7619047619047619,1,0.3333333333333333,tiny_imagenet,tiny_imagenet,1,tiny_imagenet,tiny_imagenet|rendered_sst2|usps|retinamnist|pathmnist,0.9225980639457703,0.9225980639457703,0.0,0.0,0.8959388852119445,0.8959388852119445,0.0,5,5,21
resnet50,oxford_pets,full_merged_rank,-1,5,21,0.7619047619047619,1,0.6666666666666666,tiny_imagenet,tiny_imagenet,1,tiny_imagenet,tiny_imagenet|stl10|cifar100_coarse|cifar100|cifar10,0.9225980639457703,0.9225980639457703,0.0,0.0,0.8959388852119445,0.8959388852119445,0.0,5,5,21
resnet50,oxford_pets,random,0,5,21,0.7619047619047619,0,0.0,tiny_imagenet,tiny_imagenet,1,cifar10,cifar10|dermamnist|organamnist|organsmnist|retinamnist,0.9225980639457703,0.9125844955444335,0.010013568401336714,0.19473744608490418,0.8959388852119445,0.8885799407958984,0.00735894441604612,5,5,21
resnet50,oxford_pets,random,1,5,21,0.7619047619047619,1,0.3333333333333333,tiny_imagenet,tiny_imagenet,1,tiny_imagenet,cifar10|octmnist|pathmnist|pneumoniamnist|tiny_imagenet,0.9225980639457703,0.9225980639457703,0.0,0.0,0.8959388852119445,0.8959388852119445,0.0,5,5,21
resnet50,oxford_pets,random,2,5,21,0.7619047619047619,0,0.0,tiny_imagenet,tiny_imagenet,1,svhn,cifar100_coarse|organcmnist|rendered_sst2|svhn|tissuemnist,0.9225980639457703,0.9087956070899963,0.01380245685577397,0.268421314966171,0.8959388852119445,0.8894521236419678,0.00648676156997674,5,5,21
resnet50,oxford_pets,random,3,5,21,0.7619047619047619,0,0.3333333333333333,tiny_imagenet,tiny_imagenet,1,stl10,cifar100|mnist|rendered_sst2|retinamnist|stl10,0.9225980639457703,0.9152908563613892,0.007307207584381081,0.14210587933914334,0.8959388852119445,0.8841100692749023,0.011828815937042214,5,5,21
resnet50,oxford_pets,random,4,5,21,0.7619047619047619,0,0.6666666666666666,tiny_imagenet,tiny_imagenet,1,stl10,cifar10|fashion_mnist|pathmnist|pneumoniamnist|stl10,0.9225980639457703,0.9152908563613892,0.007307207584381081,0.14210587933914334,0.8959388852119445,0.8841100692749023,0.011828815937042214,5,5,21
resnet50,oxford_pets,random,5,5,21,0.7619047619047619,0,0.0,tiny_imagenet,tiny_imagenet,1,organamnist,cifar100|organamnist|pneumoniamnist|rendered_sst2|usps,0.9225980639457703,0.9123138666152955,0.010284197330474809,0.20000046366113702,0.8959388852119445,0.8911419630050659,0.004796922206878662,5,5,21
resnet50,oxford_pets,random,6,5,21,0.7619047619047619,1,0.3333333333333333,tiny_imagenet,tiny_imagenet,1,tiny_imagenet,cifar10|cifar100_coarse|organamnist|rendered_sst2|tiny_imagenet,0.9225980639457703,0.9225980639457703,0.0,0.0,0.8959388852119445,0.8959388852119445,0.0,5,5,21
resnet50,oxford_pets,random,7,5,21,0.7619047619047619,0,0.3333333333333333,tiny_imagenet,tiny_imagenet,1,fashion_mnist,bloodmnist|cifar10|fashion_mnist|rendered_sst2|svhn,0.9225980639457703,0.9147495985031128,0.007848465442657493,0.15263191449161337,0.8959388852119445,0.8909239053726197,0.005014979839324862,5,5,21
resnet50,oxford_pets,random,8,5,21,0.7619047619047619,0,0.3333333333333333,tiny_imagenet,tiny_imagenet,1,fashion_mnist,fashion_mnist|rendered_sst2|svhn|tissuemnist|usps,0.9225980639457703,0.9147495985031128,0.007848465442657493,0.15263191449161337,0.8959388852119445,0.8909239053726197,0.005014979839324862,5,5,21
resnet50,oxford_pets,random,9,5,21,0.7619047619047619,0,0.0,tiny_imagenet,tiny_imagenet,1,cifar10,cifar10|cifar100_coarse|dermamnist|organcmnist|retinamnist,0.9225980639457703,0.9125844955444335,0.010013568401336714,0.19473744608490418,0.8959388852119445,0.8885799407958984,0.00735894441604612,5,5,21
resnet50,oxford_pets,random,10,5,21,0.7619047619047619,1,0.3333333333333333,tiny_imagenet,tiny_imagenet,1,tiny_imagenet,bloodmnist|cifar100_coarse|dermamnist|octmnist|tiny_imagenet,0.9225980639457703,0.9225980639457703,0.0,0.0,0.8959388852119445,0.8959388852119445,0.0,5,5,21
resnet50,oxford_pets,random,11,5,21,0.7619047619047619,0,0.3333333333333333,tiny_imagenet,tiny_imagenet,1,fashion_mnist,breastmnist|fashion_mnist|mnist|svhn|tissuemnist,0.9225980639457703,0.9147495985031128,0.007848465442657493,0.15263191449161337,0.8959388852119445,0.8909239053726197,0.005014979839324862,5,5,21
resnet50,oxford_pets,random,12,5,21,0.7619047619047619,0,0.0,tiny_imagenet,tiny_imagenet,1,octmnist,mnist|octmnist|organsmnist|rendered_sst2|tissuemnist,0.9225980639457703,0.9090662479400635,0.013531816005706743,0.2631580655593657,0.8959388852119445,0.8908149003982544,0.005123984813690141,5,5,21
resnet50,oxford_pets,random,13,5,21,0.7619047619047619,0,0.3333333333333333,tiny_imagenet,tiny_imagenet,1,stl10,cifar10|cifar100_coarse|dermamnist|octmnist|stl10,0.9225980639457703,0.9152908563613892,0.007307207584381081,0.14210587933914334,0.8959388852119445,0.8841100692749023,0.011828815937042214,5,5,21
resnet50,oxford_pets,random,14,5,21,0.7619047619047619,1,0.3333333333333333,tiny_imagenet,tiny_imagenet,1,tiny_imagenet,breastmnist|organcmnist|organsmnist|pathmnist|tiny_imagenet,0.9225980639457703,0.9225980639457703,0.0,0.0,0.8959388852119445,0.8959388852119445,0.0,5,5,21
resnet50,oxford_pets,random,15,5,21,0.7619047619047619,0,0.0,tiny_imagenet,tiny_imagenet,1,svhn,cifar100_coarse|organsmnist|pneumoniamnist|svhn|usps,0.9225980639457703,0.9087956070899963,0.01380245685577397,0.268421314966171,0.8959388852119445,0.8894521236419678,0.00648676156997674,5,5,21
resnet50,oxford_pets,random,16,5,21,0.7619047619047619,0,0.0,tiny_imagenet,tiny_imagenet,1,cifar100,bloodmnist|cifar100|octmnist|pneumoniamnist|svhn,0.9225980639457703,0.9109606862068176,0.011637377738952681,0.2263162470340185,0.8959388852119445,0.8942490577697754,0.0016898274421691672,5,5,21
resnet50,oxford_pets,random,17,5,21,0.7619047619047619,0,0.0,tiny_imagenet,tiny_imagenet,1,dermamnist,dermamnist|mnist|retinamnist|svhn|usps,0.9225980639457703,0.9096075177192688,0.01299054622650142,0.2526317985763276,0.8959388852119445,0.8850912570953369,0.010847628116607666,5,5,21
resnet50,oxford_pets,random,18,5,21,0.7619047619047619,0,0.0,tiny_imagenet,tiny_imagenet,1,octmnist,bloodmnist|mnist|octmnist|organsmnist|rendered_sst2,0.9225980639457703,0.9090662479400635,0.013531816005706743,0.2631580655593657,0.8959388852119445,0.8908149003982544,0.005123984813690141,5,5,21
resnet50,oxford_pets,random,19,5,21,0.7619047619047619,0,0.6666666666666666,tiny_imagenet,tiny_imagenet,1,stl10,bloodmnist|fashion_mnist|retinamnist|stl10|svhn,0.9225980639457703,0.9152908563613892,0.007307207584381081,0.14210587933914334,0.8959388852119445,0.8841100692749023,0.011828815937042214,5,5,21
resnet50,oxford_pets,random,20,5,21,0.7619047619047619,0,0.0,tiny_imagenet,tiny_imagenet,1,svhn,bloodmnist|breastmnist|organcmnist|svhn|tissuemnist,0.9225980639457703,0.9087956070899963,0.01380245685577397,0.268421314966171,0.8959388852119445,0.8894521236419678,0.00648676156997674,5,5,21
resnet50,oxford_pets,random,21,5,21,0.7619047619047619,1,0.3333333333333333,tiny_imagenet,tiny_imagenet,1,tiny_imagenet,cifar100|organcmnist|rendered_sst2|retinamnist|tiny_imagenet,0.9225980639457703,0.9225980639457703,0.0,0.0,0.8959388852119445,0.8959388852119445,0.0,5,5,21
resnet50,oxford_pets,random,22,5,21,0.7619047619047619,0,0.6666666666666666,tiny_imagenet,tiny_imagenet,1,stl10,cifar100_coarse|dermamnist|fashion_mnist|rendered_sst2|stl10,0.9225980639457703,0.9152908563613892,0.007307207584381081,0.14210587933914334,0.8959388852119445,0.8841100692749023,0.011828815937042214,5,5,21
resnet50,oxford_pets,random,23,5,21,0.7619047619047619,0,0.0,tiny_imagenet,tiny_imagenet,1,organamnist,octmnist|organamnist|organcmnist|retinamnist|svhn,0.9225980639457703,0.9123138666152955,0.010284197330474809,0.20000046366113702,0.8959388852119445,0.8911419630050659,0.004796922206878662,5,5,21
resnet50,oxford_pets,random,24,5,21,0.7619047619047619,0,0.3333333333333333,tiny_imagenet,tiny_imagenet,1,stl10,breastmnist|organamnist|organsmnist|stl10|tissuemnist,0.9225980639457703,0.9152908563613892,0.007307207584381081,0.14210587933914334,0.8959388852119445,0.8841100692749023,0.011828815937042214,5,5,21
resnet50,oxford_pets,random,25,5,21,0.7619047619047619,1,0.3333333333333333,tiny_imagenet,tiny_imagenet,1,tiny_imagenet,bloodmnist|cifar100_coarse|pneumoniamnist|retinamnist|tiny_imagenet,0.9225980639457703,0.9225980639457703,0.0,0.0,0.8959388852119445,0.8959388852119445,0.0,5,5,21
resnet50,oxford_pets,random,26,5,21,0.7619047619047619,1,0.6666666666666666,tiny_imagenet,tiny_imagenet,1,tiny_imagenet,dermamnist|rendered_sst2|stl10|tiny_imagenet|tissuemnist,0.9225980639457703,0.9225980639457703,0.0,0.0,0.8959388852119445,0.8959388852119445,0.0,5,5,21
resnet50,oxford_pets,random,27,5,21,0.7619047619047619,1,0.3333333333333333,tiny_imagenet,tiny_imagenet,1,tiny_imagenet,breastmnist|svhn|tiny_imagenet|tissuemnist|usps,0.9225980639457703,0.9225980639457703,0.0,0.0,0.8959388852119445,0.8959388852119445,0.0,5,5,21
resnet50,oxford_pets,random,28,5,21,0.7619047619047619,0,0.3333333333333333,tiny_imagenet,tiny_imagenet,1,stl10,breastmnist|cifar10|organsmnist|stl10|svhn,0.9225980639457703,0.9152908563613892,0.007307207584381081,0.14210587933914334,0.8959388852119445,0.8841100692749023,0.011828815937042214,5,5,21
resnet50,oxford_pets,random,29,5,21,0.7619047619047619,0,0.0,tiny_imagenet,tiny_imagenet,1,organcmnist,bloodmnist|breastmnist|organcmnist|retinamnist|usps,0.9225980639457703,0.908254337310791,0.014343726634979292,0.2789475819492091,0.8959388852119445,0.887053644657135,0.008885240554809548,5,5,21
resnet50,oxford_pets,random,30,5,21,0.7619047619047619,1,0.3333333333333333,tiny_imagenet,tiny_imagenet,1,tiny_imagenet,organsmnist|pathmnist|rendered_sst2|tiny_imagenet|tissuemnist,0.9225980639457703,0.9225980639457703,0.0,0.0,0.8959388852119445,0.8959388852119445,0.0,5,5,21
resnet50,oxford_pets,random,31,5,21,0.7619047619047619,0,0.3333333333333333,tiny_imagenet,tiny_imagenet,1,stl10,cifar100_coarse|organamnist|stl10|svhn|usps,0.9225980639457703,0.9152908563613892,0.007307207584381081,0.14210587933914334,0.8959388852119445,0.8841100692749023,0.011828815937042214,5,5,21
resnet50,oxford_pets,random,32,5,21,0.7619047619047619,0,0.0,tiny_imagenet,tiny_imagenet,1,cifar100,breastmnist|cifar100|cifar100_coarse|mnist|retinamnist,0.9225980639457703,0.9109606862068176,0.011637377738952681,0.2263162470340185,0.8959388852119445,0.8942490577697754,0.0016898274421691672,5,5,21
resnet50,oxford_pets,random,33,5,21,0.7619047619047619,0,0.0,tiny_imagenet,tiny_imagenet,1,cifar10,bloodmnist|cifar10|dermamnist|organamnist|pneumoniamnist,0.9225980639457703,0.9125844955444335,0.010013568401336714,0.19473744608490418,0.8959388852119445,0.8885799407958984,0.00735894441604612,5,5,21
resnet50,oxford_pets,random,34,5,21,0.7619047619047619,0,0.0,tiny_imagenet,tiny_imagenet,1,cifar100,breastmnist|cifar100|cifar100_coarse|tissuemnist|usps,0.9225980639457703,0.9109606862068176,0.011637377738952681,0.2263162470340185,0.8959388852119445,0.8942490577697754,0.0016898274421691672,5,5,21
resnet50,oxford_pets,random,35,5,21,0.7619047619047619,0,0.0,tiny_imagenet,tiny_imagenet,1,organcmnist,breastmnist|cifar100_coarse|organcmnist|organsmnist|rendered_sst2,0.9225980639457703,0.908254337310791,0.014343726634979292,0.2789475819492091,0.8959388852119445,0.887053644657135,0.008885240554809548,5,5,21
resnet50,oxford_pets,random,36,5,21,0.7619047619047619,0,0.0,tiny_imagenet,tiny_imagenet,1,pathmnist,bloodmnist|breastmnist|mnist|pathmnist|tissuemnist,0.9225980639457703,0.9093368649482727,0.013261198997497559,0.257895279813701,0.8959388852119445,0.8908148884773255,0.005123996734619052,5,5,21
resnet50,oxford_pets,random,37,5,21,0.7619047619047619,1,0.3333333333333333,tiny_imagenet,tiny_imagenet,1,tiny_imagenet,cifar100_coarse|octmnist|organamnist|pneumoniamnist|tiny_imagenet,0.9225980639457703,0.9225980639457703,0.0,0.0,0.8959388852119445,0.8959388852119445,0.0,5,5,21
resnet50,oxford_pets,random,38,5,21,0.7619047619047619,0,0.3333333333333333,tiny_imagenet,tiny_imagenet,1,stl10,bloodmnist|mnist|pathmnist|pneumoniamnist|stl10,0.9225980639457703,0.9152908563613892,0.007307207584381081,0.14210587933914334,0.8959388852119445,0.8841100692749023,0.011828815937042214,5,5,21
resnet50,oxford_pets,random,39,5,21,0.7619047619047619,0,0.3333333333333333,tiny_imagenet,tiny_imagenet,1,stl10,cifar10|dermamnist|pneumoniamnist|rendered_sst2|stl10,0.9225980639457703,0.9152908563613892,0.007307207584381081,0.14210587933914334,0.8959388852119445,0.8841100692749023,0.011828815937042214,5,5,21
resnet50,oxford_pets,random,40,5,21,0.7619047619047619,0,0.0,tiny_imagenet,tiny_imagenet,1,dermamnist,cifar100_coarse|dermamnist|mnist|organcmnist|pneumoniamnist,0.9225980639457703,0.9096075177192688,0.01299054622650142,0.2526317985763276,0.8959388852119445,0.8850912570953369,0.010847628116607666,5,5,21
resnet50,oxford_pets,random,41,5,21,0.7619047619047619,0,0.3333333333333333,tiny_imagenet,tiny_imagenet,1,stl10,bloodmnist|octmnist|pneumoniamnist|stl10|svhn,0.9225980639457703,0.9152908563613892,0.007307207584381081,0.14210587933914334,0.8959388852119445,0.8841100692749023,0.011828815937042214,5,5,21
resnet50,oxford_pets,random,42,5,21,0.7619047619047619,0,0.0,tiny_imagenet,tiny_imagenet,1,cifar100,bloodmnist|cifar100|octmnist|pneumoniamnist|retinamnist,0.9225980639457703,0.9109606862068176,0.011637377738952681,0.2263162470340185,0.8959388852119445,0.8942490577697754,0.0016898274421691672,5,5,21
resnet50,oxford_pets,random,43,5,21,0.7619047619047619,0,0.3333333333333333,tiny_imagenet,tiny_imagenet,1,fashion_mnist,cifar100|fashion_mnist|mnist|pathmnist|pneumoniamnist,0.9225980639457703,0.9147495985031128,0.007848465442657493,0.15263191449161337,0.8959388852119445,0.8909239053726197,0.005014979839324862,5,5,21
resnet50,oxford_pets,random,44,5,21,0.7619047619047619,0,0.3333333333333333,tiny_imagenet,tiny_imagenet,1,fashion_mnist,breastmnist|fashion_mnist|organcmnist|pathmnist|tissuemnist,0.9225980639457703,0.9147495985031128,0.007848465442657493,0.15263191449161337,0.8959388852119445,0.8909239053726197,0.005014979839324862,5,5,21
resnet50,oxford_pets,random,45,5,21,0.7619047619047619,0,0.3333333333333333,tiny_imagenet,tiny_imagenet,1,stl10,cifar100_coarse|pathmnist|pneumoniamnist|stl10|usps,0.9225980639457703,0.9152908563613892,0.007307207584381081,0.14210587933914334,0.8959388852119445,0.8841100692749023,0.011828815937042214,5,5,21
resnet50,oxford_pets,random,46,5,21,0.7619047619047619,0,0.0,tiny_imagenet,tiny_imagenet,1,pathmnist,breastmnist|pathmnist|retinamnist|svhn|usps,0.9225980639457703,0.9093368649482727,0.013261198997497559,0.257895279813701,0.8959388852119445,0.8908148884773255,0.005123996734619052,5,5,21
resnet50,oxford_pets,random,47,5,21,0.7619047619047619,0,0.0,tiny_imagenet,tiny_imagenet,1,cifar100,cifar100|octmnist|pathmnist|svhn|tissuemnist,0.9225980639457703,0.9109606862068176,0.011637377738952681,0.2263162470340185,0.8959388852119445,0.8942490577697754,0.0016898274421691672,5,5,21
resnet50,oxford_pets,random,48,5,21,0.7619047619047619,0,0.3333333333333333,tiny_imagenet,tiny_imagenet,1,stl10,bloodmnist|cifar10|dermamnist|rendered_sst2|stl10,0.9225980639457703,0.9152908563613892,0.007307207584381081,0.14210587933914334,0.8959388852119445,0.8841100692749023,0.011828815937042214,5,5,21
resnet50,oxford_pets,random,49,5,21,0.7619047619047619,0,0.3333333333333333,tiny_imagenet,tiny_imagenet,1,stl10,breastmnist|cifar100_coarse|mnist|organamnist|stl10,0.9225980639457703,0.9152908563613892,0.007307207584381081,0.14210587933914334,0.8959388852119445,0.8841100692749023,0.011828815937042214,5,5,21
resnet50,oxford_pets,random,50,5,21,0.7619047619047619,0,0.0,tiny_imagenet,tiny_imagenet,1,organamnist,cifar100_coarse|mnist|organamnist|organcmnist|svhn,0.9225980639457703,0.9123138666152955,0.010284197330474809,0.20000046366113702,0.8959388852119445,0.8911419630050659,0.004796922206878662,5,5,21
resnet50,oxford_pets,random,51,5,21,0.7619047619047619,0,0.3333333333333333,tiny_imagenet,tiny_imagenet,1,fashion_mnist,breastmnist|fashion_mnist|organsmnist|rendered_sst2|svhn,0.9225980639457703,0.9147495985031128,0.007848465442657493,0.15263191449161337,0.8959388852119445,0.8909239053726197,0.005014979839324862,5,5,21
resnet50,oxford_pets,random,52,5,21,0.7619047619047619,0,0.0,tiny_imagenet,tiny_imagenet,1,cifar10,bloodmnist|cifar10|cifar100_coarse|octmnist|organcmnist,0.9225980639457703,0.9125844955444335,0.010013568401336714,0.19473744608490418,0.8959388852119445,0.8885799407958984,0.00735894441604612,5,5,21
resnet50,oxford_pets,random,53,5,21,0.7619047619047619,0,0.0,tiny_imagenet,tiny_imagenet,1,organamnist,cifar100|organamnist|organcmnist|pathmnist|tissuemnist,0.9225980639457703,0.9123138666152955,0.010284197330474809,0.20000046366113702,0.8959388852119445,0.8911419630050659,0.004796922206878662,5,5,21
resnet50,oxford_pets,random,54,5,21,0.7619047619047619,0,0.0,tiny_imagenet,tiny_imagenet,1,cifar10,cifar10|cifar100|octmnist|pathmnist|retinamnist,0.9225980639457703,0.9125844955444335,0.010013568401336714,0.19473744608490418,0.8959388852119445,0.8885799407958984,0.00735894441604612,5,5,21
resnet50,oxford_pets,random,55,5,21,0.7619047619047619,0,0.6666666666666666,tiny_imagenet,tiny_imagenet,1,stl10,bloodmnist|dermamnist|fashion_mnist|octmnist|stl10,0.9225980639457703,0.9152908563613892,0.007307207584381081,0.14210587933914334,0.8959388852119445,0.8841100692749023,0.011828815937042214,5,5,21
resnet50,oxford_pets,random,56,5,21,0.7619047619047619,0,0.0,tiny_imagenet,tiny_imagenet,1,cifar100,cifar100|cifar100_coarse|octmnist|retinamnist|tissuemnist,0.9225980639457703,0.9109606862068176,0.011637377738952681,0.2263162470340185,0.8959388852119445,0.8942490577697754,0.0016898274421691672,5,5,21
resnet50,oxford_pets,random,57,5,21,0.7619047619047619,1,0.3333333333333333,tiny_imagenet,tiny_imagenet,1,tiny_imagenet,dermamnist|mnist|organcmnist|svhn|tiny_imagenet,0.9225980639457703,0.9225980639457703,0.0,0.0,0.8959388852119445,0.8959388852119445,0.0,5,5,21
resnet50,oxford_pets,random,58,5,21,0.7619047619047619,0,0.0,tiny_imagenet,tiny_imagenet,1,organamnist,bloodmnist|cifar100|mnist|organamnist|usps,0.9225980639457703,0.9123138666152955,0.010284197330474809,0.20000046366113702,0.8959388852119445,0.8911419630050659,0.004796922206878662,5,5,21
resnet50,oxford_pets,random,59,5,21,0.7619047619047619,0,0.3333333333333333,tiny_imagenet,tiny_imagenet,1,fashion_mnist,breastmnist|fashion_mnist|mnist|tissuemnist|usps,0.9225980639457703,0.9147495985031128,0.007848465442657493,0.15263191449161337,0.8959388852119445,0.8909239053726197,0.005014979839324862,5,5,21
resnet50,oxford_pets,random,60,5,21,0.7619047619047619,1,0.3333333333333333,tiny_imagenet,tiny_imagenet,1,tiny_imagenet,breastmnist|cifar100_coarse|octmnist|pneumoniamnist|tiny_imagenet,0.9225980639457703,0.9225980639457703,0.0,0.0,0.8959388852119445,0.8959388852119445,0.0,5,5,21
resnet50,oxford_pets,random,61,5,21,0.7619047619047619,0,0.3333333333333333,tiny_imagenet,tiny_imagenet,1,fashion_mnist,cifar100|fashion_mnist|organamnist|organcmnist|tissuemnist,0.9225980639457703,0.9147495985031128,0.007848465442657493,0.15263191449161337,0.8959388852119445,0.8909239053726197,0.005014979839324862,5,5,21
resnet50,oxford_pets,random,62,5,21,0.7619047619047619,1,0.3333333333333333,tiny_imagenet,tiny_imagenet,1,tiny_imagenet,cifar100_coarse|dermamnist|pathmnist|svhn|tiny_imagenet,0.9225980639457703,0.9225980639457703,0.0,0.0,0.8959388852119445,0.8959388852119445,0.0,5,5,21
resnet50,oxford_pets,random,63,5,21,0.7619047619047619,1,0.3333333333333333,tiny_imagenet,tiny_imagenet,1,tiny_imagenet,bloodmnist|cifar10|octmnist|tiny_imagenet|usps,0.9225980639457703,0.9225980639457703,0.0,0.0,0.8959388852119445,0.8959388852119445,0.0,5,5,21
resnet50,oxford_pets,random,64,5,21,0.7619047619047619,1,0.3333333333333333,tiny_imagenet,tiny_imagenet,1,tiny_imagenet,cifar10|cifar100_coarse|organamnist|organcmnist|tiny_imagenet,0.9225980639457703,0.9225980639457703,0.0,0.0,0.8959388852119445,0.8959388852119445,0.0,5,5,21
resnet50,oxford_pets,random,65,5,21,0.7619047619047619,0,0.0,tiny_imagenet,tiny_imagenet,1,cifar100,cifar100|cifar100_coarse|octmnist|pathmnist|tissuemnist,0.9225980639457703,0.9109606862068176,0.011637377738952681,0.2263162470340185,0.8959388852119445,0.8942490577697754,0.0016898274421691672,5,5,21
resnet50,oxford_pets,random,66,5,21,0.7619047619047619,0,0.0,tiny_imagenet,tiny_imagenet,1,cifar10,bloodmnist|cifar10|cifar100_coarse|dermamnist|organsmnist,0.9225980639457703,0.9125844955444335,0.010013568401336714,0.19473744608490418,0.8959388852119445,0.8885799407958984,0.00735894441604612,5,5,21
resnet50,oxford_pets,random,67,5,21,0.7619047619047619,1,0.3333333333333333,tiny_imagenet,tiny_imagenet,1,tiny_imagenet,cifar10|dermamnist|tiny_imagenet|tissuemnist|usps,0.9225980639457703,0.9225980639457703,0.0,0.0,0.8959388852119445,0.8959388852119445,0.0,5,5,21
resnet50,oxford_pets,random,68,5,21,0.7619047619047619,0,0.0,tiny_imagenet,tiny_imagenet,1,dermamnist,bloodmnist|dermamnist|mnist|pathmnist|rendered_sst2,0.9225980639457703,0.9096075177192688,0.01299054622650142,0.2526317985763276,0.8959388852119445,0.8850912570953369,0.010847628116607666,5,5,21
resnet50,oxford_pets,random,69,5,21,0.7619047619047619,0,0.0,tiny_imagenet,tiny_imagenet,1,cifar100,cifar100|cifar100_coarse|pathmnist|retinamnist|tissuemnist,0.9225980639457703,0.9109606862068176,0.011637377738952681,0.2263162470340185,0.8959388852119445,0.8942490577697754,0.0016898274421691672,5,5,21
resnet50,oxford_pets,random,70,5,21,0.7619047619047619,1,0.3333333333333333,tiny_imagenet,tiny_imagenet,1,tiny_imagenet,cifar10|cifar100|cifar100_coarse|mnist|tiny_imagenet,0.9225980639457703,0.9225980639457703,0.0,0.0,0.8959388852119445,0.8959388852119445,0.0,5,5,21
resnet50,oxford_pets,random,71,5,21,0.7619047619047619,0,0.0,tiny_imagenet,tiny_imagenet,1,pathmnist,breastmnist|mnist|octmnist|pathmnist|rendered_sst2,0.9225980639457703,0.9093368649482727,0.013261198997497559,0.257895279813701,0.8959388852119445,0.8908148884773255,0.005123996734619052,5,5,21
resnet50,oxford_pets,random,72,5,21,0.7619047619047619,0,0.6666666666666666,tiny_imagenet,tiny_imagenet,1,stl10,fashion_mnist|organamnist|organsmnist|pathmnist|stl10,0.9225980639457703,0.9152908563613892,0.007307207584381081,0.14210587933914334,0.8959388852119445,0.8841100692749023,0.011828815937042214,5,5,21
resnet50,oxford_pets,random,73,5,21,0.7619047619047619,0,0.0,tiny_imagenet,tiny_imagenet,1,cifar10,bloodmnist|breastmnist|cifar10|cifar100_coarse|dermamnist,0.9225980639457703,0.9125844955444335,0.010013568401336714,0.19473744608490418,0.8959388852119445,0.8885799407958984,0.00735894441604612,5,5,21
resnet50,oxford_pets,random,74,5,21,0.7619047619047619,1,0.6666666666666666,tiny_imagenet,tiny_imagenet,1,tiny_imagenet,octmnist|stl10|svhn|tiny_imagenet|usps,0.9225980639457703,0.9225980639457703,0.0,0.0,0.8959388852119445,0.8959388852119445,0.0,5,5,21
resnet50,oxford_pets,random,75,5,21,0.7619047619047619,1,0.3333333333333333,tiny_imagenet,tiny_imagenet,1,tiny_imagenet,breastmnist|cifar10|organamnist|pathmnist|tiny_imagenet,0.9225980639457703,0.9225980639457703,0.0,0.0,0.8959388852119445,0.8959388852119445,0.0,5,5,21
resnet50,oxford_pets,random,76,5,21,0.7619047619047619,1,0.3333333333333333,tiny_imagenet,tiny_imagenet,1,tiny_imagenet,breastmnist|octmnist|pneumoniamnist|tiny_imagenet|usps,0.9225980639457703,0.9225980639457703,0.0,0.0,0.8959388852119445,0.8959388852119445,0.0,5,5,21
resnet50,oxford_pets,random,77,5,21,0.7619047619047619,0,0.0,tiny_imagenet,tiny_imagenet,1,svhn,bloodmnist|mnist|organcmnist|svhn|tissuemnist,0.9225980639457703,0.9087956070899963,0.01380245685577397,0.268421314966171,0.8959388852119445,0.8894521236419678,0.00648676156997674,5,5,21
resnet50,oxford_pets,random,78,5,21,0.7619047619047619,0,0.0,tiny_imagenet,tiny_imagenet,1,cifar10,cifar10|cifar100|organsmnist|rendered_sst2|retinamnist,0.9225980639457703,0.9125844955444335,0.010013568401336714,0.19473744608490418,0.8959388852119445,0.8885799407958984,0.00735894441604612,5,5,21
resnet50,oxford_pets,random,79,5,21,0.7619047619047619,0,0.0,tiny_imagenet,tiny_imagenet,1,organamnist,bloodmnist|breastmnist|cifar100|organamnist|retinamnist,0.9225980639457703,0.9123138666152955,0.010284197330474809,0.20000046366113702,0.8959388852119445,0.8911419630050659,0.004796922206878662,5,5,21
resnet50,oxford_pets,random,80,5,21,0.7619047619047619,0,0.0,tiny_imagenet,tiny_imagenet,1,cifar100,cifar100|pathmnist|pneumoniamnist|retinamnist|svhn,0.9225980639457703,0.9109606862068176,0.011637377738952681,0.2263162470340185,0.8959388852119445,0.8942490577697754,0.0016898274421691672,5,5,21
resnet50,oxford_pets,random,81,5,21,0.7619047619047619,1,0.3333333333333333,tiny_imagenet,tiny_imagenet,1,tiny_imagenet,breastmnist|cifar100_coarse|organsmnist|svhn|tiny_imagenet,0.9225980639457703,0.9225980639457703,0.0,0.0,0.8959388852119445,0.8959388852119445,0.0,5,5,21
resnet50,oxford_pets,random,82,5,21,0.7619047619047619,1,0.3333333333333333,tiny_imagenet,tiny_imagenet,1,tiny_imagenet,bloodmnist|breastmnist|mnist|organcmnist|tiny_imagenet,0.9225980639457703,0.9225980639457703,0.0,0.0,0.8959388852119445,0.8959388852119445,0.0,5,5,21
resnet50,oxford_pets,random,83,5,21,0.7619047619047619,0,0.6666666666666666,tiny_imagenet,tiny_imagenet,1,stl10,fashion_mnist|mnist|organcmnist|retinamnist|stl10,0.9225980639457703,0.9152908563613892,0.007307207584381081,0.14210587933914334,0.8959388852119445,0.8841100692749023,0.011828815937042214,5,5,21
resnet50,oxford_pets,random,84,5,21,0.7619047619047619,0,0.3333333333333333,tiny_imagenet,tiny_imagenet,1,fashion_mnist,bloodmnist|cifar100|fashion_mnist|retinamnist|svhn,0.9225980639457703,0.9147495985031128,0.007848465442657493,0.15263191449161337,0.8959388852119445,0.8909239053726197,0.005014979839324862,5,5,21
resnet50,oxford_pets,random,85,5,21,0.7619047619047619,0,0.0,tiny_imagenet,tiny_imagenet,1,organamnist,octmnist|organamnist|rendered_sst2|svhn|usps,0.9225980639457703,0.9123138666152955,0.010284197330474809,0.20000046366113702,0.8959388852119445,0.8911419630050659,0.004796922206878662,5,5,21
resnet50,oxford_pets,random,86,5,21,0.7619047619047619,0,0.3333333333333333,tiny_imagenet,tiny_imagenet,1,stl10,pathmnist|rendered_sst2|retinamnist|stl10|tissuemnist,0.9225980639457703,0.9152908563613892,0.007307207584381081,0.14210587933914334,0.8959388852119445,0.8841100692749023,0.011828815937042214,5,5,21
resnet50,oxford_pets,random,87,5,21,0.7619047619047619,0,0.0,tiny_imagenet,tiny_imagenet,1,cifar10,breastmnist|cifar10|cifar100_coarse|mnist|tissuemnist,0.9225980639457703,0.9125844955444335,0.010013568401336714,0.19473744608490418,0.8959388852119445,0.8885799407958984,0.00735894441604612,5,5,21
resnet50,oxford_pets,random,88,5,21,0.7619047619047619,0,0.3333333333333333,tiny_imagenet,tiny_imagenet,1,stl10,cifar10|organamnist|rendered_sst2|retinamnist|stl10,0.9225980639457703,0.9152908563613892,0.007307207584381081,0.14210587933914334,0.8959388852119445,0.8841100692749023,0.011828815937042214,5,5,21
resnet50,oxford_pets,random,89,5,21,0.7619047619047619,1,0.6666666666666666,tiny_imagenet,tiny_imagenet,1,tiny_imagenet,cifar100|dermamnist|organamnist|stl10|tiny_imagenet,0.9225980639457703,0.9225980639457703,0.0,0.0,0.8959388852119445,0.8959388852119445,0.0,5,5,21
resnet50,oxford_pets,random,90,5,21,0.7619047619047619,0,0.0,tiny_imagenet,tiny_imagenet,1,octmnist,bloodmnist|breastmnist|octmnist|rendered_sst2|tissuemnist,0.9225980639457703,0.9090662479400635,0.013531816005706743,0.2631580655593657,0.8959388852119445,0.8908149003982544,0.005123984813690141,5,5,21
resnet50,oxford_pets,random,91,5,21,0.7619047619047619,0,0.0,tiny_imagenet,tiny_imagenet,1,octmnist,octmnist|organcmnist|pneumoniamnist|retinamnist|tissuemnist,0.9225980639457703,0.9090662479400635,0.013531816005706743,0.2631580655593657,0.8959388852119445,0.8908149003982544,0.005123984813690141,5,5,21
resnet50,oxford_pets,random,92,5,21,0.7619047619047619,0,0.0,tiny_imagenet,tiny_imagenet,1,organamnist,cifar100|cifar100_coarse|dermamnist|mnist|organamnist,0.9225980639457703,0.9123138666152955,0.010284197330474809,0.20000046366113702,0.8959388852119445,0.8911419630050659,0.004796922206878662,5,5,21
resnet50,oxford_pets,random,93,5,21,0.7619047619047619,1,0.3333333333333333,tiny_imagenet,tiny_imagenet,1,tiny_imagenet,breastmnist|cifar10|octmnist|pathmnist|tiny_imagenet,0.9225980639457703,0.9225980639457703,0.0,0.0,0.8959388852119445,0.8959388852119445,0.0,5,5,21
resnet50,oxford_pets,random,94,5,21,0.7619047619047619,1,0.3333333333333333,tiny_imagenet,tiny_imagenet,1,tiny_imagenet,cifar100|cifar100_coarse|dermamnist|pathmnist|tiny_imagenet,0.9225980639457703,0.9225980639457703,0.0,0.0,0.8959388852119445,0.8959388852119445,0.0,5,5,21
resnet50,oxford_pets,random,95,5,21,0.7619047619047619,0,0.0,tiny_imagenet,tiny_imagenet,1,octmnist,bloodmnist|octmnist|organsmnist|retinamnist|tissuemnist,0.9225980639457703,0.9090662479400635,0.013531816005706743,0.2631580655593657,0.8959388852119445,0.8908149003982544,0.005123984813690141,5,5,21
resnet50,oxford_pets,random,96,5,21,0.7619047619047619,0,0.0,tiny_imagenet,tiny_imagenet,1,organamnist,cifar100_coarse|dermamnist|organamnist|svhn|usps,0.9225980639457703,0.9123138666152955,0.010284197330474809,0.20000046366113702,0.8959388852119445,0.8911419630050659,0.004796922206878662,5,5,21
resnet50,oxford_pets,random,97,5,21,0.7619047619047619,0,0.0,tiny_imagenet,tiny_imagenet,1,organamnist,breastmnist|organamnist|organcmnist|pneumoniamnist|svhn,0.9225980639457703,0.9123138666152955,0.010284197330474809,0.20000046366113702,0.8959388852119445,0.8911419630050659,0.004796922206878662,5,5,21
resnet50,oxford_pets,random,98,5,21,0.7619047619047619,0,0.3333333333333333,tiny_imagenet,tiny_imagenet,1,fashion_mnist,bloodmnist|breastmnist|cifar10|fashion_mnist|rendered_sst2,0.9225980639457703,0.9147495985031128,0.007848465442657493,0.15263191449161337,0.8959388852119445,0.8909239053726197,0.005014979839324862,5,5,21
resnet50,oxford_pets,random,99,5,21,0.7619047619047619,1,0.3333333333333333,tiny_imagenet,tiny_imagenet,1,tiny_imagenet,cifar100|organcmnist|organsmnist|tiny_imagenet|usps,0.9225980639457703,0.9225980639457703,0.0,0.0,0.8959388852119445,0.8959388852119445,0.0,5,5,21
resnet50,oxford_pets,rank_only,-1,10,21,0.5238095238095238,1,1.0,tiny_imagenet,tiny_imagenet,1,tiny_imagenet,tiny_imagenet|cifar100_coarse|cifar100|stl10|cifar10|organcmnist|organsmnist|organamnist|svhn|fashion_mnist,0.9225980639457703,0.9225980639457703,0.0,0.0,0.8959388852119445,0.8959388852119445,0.0,5,10,21
resnet50,oxford_pets,facility_subspace,-1,10,21,0.5238095238095238,0,0.6666666666666666,tiny_imagenet,tiny_imagenet,1,stl10,organcmnist|cifar100|svhn|rendered_sst2|retinamnist|stl10|breastmnist|mnist|dermamnist|fashion_mnist,0.9225980639457703,0.9152908563613892,0.007307207584381081,0.14210587933914334,0.8959388852119445,0.8841100692749023,0.011828815937042214,5,10,21
resnet50,oxford_pets,kcenter_subspace,-1,10,21,0.5238095238095238,1,1.0,tiny_imagenet,tiny_imagenet,1,tiny_imagenet,tiny_imagenet|rendered_sst2|usps|retinamnist|pathmnist|fashion_mnist|breastmnist|stl10|bloodmnist|mnist,0.9225980639457703,0.9225980639457703,0.0,0.0,0.8959388852119445,0.8959388852119445,0.0,5,10,21
resnet50,oxford_pets,dpp_subspace,-1,10,21,0.5238095238095238,1,1.0,tiny_imagenet,tiny_imagenet,1,tiny_imagenet,tiny_imagenet|stl10|cifar100_coarse|cifar10|organsmnist|fashion_mnist|svhn|cifar100|bloodmnist|organamnist,0.9225980639457703,0.9225980639457703,0.0,0.0,0.8959388852119445,0.8959388852119445,0.0,5,10,21
resnet50,oxford_pets,pool_vendi_subspace,-1,10,21,0.5238095238095238,1,1.0,tiny_imagenet,tiny_imagenet,1,tiny_imagenet,tiny_imagenet|rendered_sst2|usps|retinamnist|pathmnist|stl10|fashion_mnist|bloodmnist|mnist|breastmnist,0.9225980639457703,0.9225980639457703,0.0,0.0,0.8959388852119445,0.8959388852119445,0.0,5,10,21
resnet50,oxford_pets,full_merged_rank,-1,10,21,0.5238095238095238,1,1.0,tiny_imagenet,tiny_imagenet,1,tiny_imagenet,tiny_imagenet|stl10|cifar100_coarse|cifar100|cifar10|organcmnist|organsmnist|fashion_mnist|breastmnist|svhn,0.9225980639457703,0.9225980639457703,0.0,0.0,0.8959388852119445,0.8959388852119445,0.0,5,10,21
resnet50,oxford_pets,random,0,10,21,0.5238095238095238,1,0.3333333333333333,tiny_imagenet,tiny_imagenet,1,tiny_imagenet,cifar10|cifar100|mnist|octmnist|organcmnist|pathmnist|rendered_sst2|svhn|tiny_imagenet|tissuemnist,0.9225980639457703,0.9225980639457703,0.0,0.0,0.8959388852119445,0.8959388852119445,0.0,5,10,21
resnet50,oxford_pets,random,1,10,21,0.5238095238095238,0,0.6666666666666666,tiny_imagenet,tiny_imagenet,1,stl10,cifar10|cifar100|fashion_mnist|mnist|organamnist|organcmnist|pathmnist|pneumoniamnist|stl10|tissuemnist,0.9225980639457703,0.9152908563613892,0.007307207584381081,0.14210587933914334,0.8959388852119445,0.8841100692749023,0.011828815937042214,5,10,21
resnet50,oxford_pets,random,2,10,21,0.5238095238095238,1,0.6666666666666666,tiny_imagenet,tiny_imagenet,1,tiny_imagenet,cifar10|fashion_mnist|organcmnist|organsmnist|pathmnist|rendered_sst2|svhn|tiny_imagenet|tissuemnist|usps,0.9225980639457703,0.9225980639457703,0.0,0.0,0.8959388852119445,0.8959388852119445,0.0,5,10,21
resnet50,oxford_pets,random,3,10,21,0.5238095238095238,0,0.0,tiny_imagenet,tiny_imagenet,1,cifar10,bloodmnist|breastmnist|cifar10|cifar100|dermamnist|mnist|organamnist|organsmnist|pneumoniamnist|tissuemnist,0.9225980639457703,0.9125844955444335,0.010013568401336714,0.19473744608490418,0.8959388852119445,0.8885799407958984,0.00735894441604612,5,10,21
resnet50,oxford_pets,random,4,10,21,0.5238095238095238,1,0.6666666666666666,tiny_imagenet,tiny_imagenet,1,tiny_imagenet,cifar100|cifar100_coarse|mnist|pathmnist|rendered_sst2|stl10|svhn|tiny_imagenet|tissuemnist|usps,0.9225980639457703,0.9225980639457703,0.0,0.0,0.8959388852119445,0.8959388852119445,0.0,5,10,21
resnet50,oxford_pets,random,5,10,21,0.5238095238095238,1,0.6666666666666666,tiny_imagenet,tiny_imagenet,1,tiny_imagenet,breastmnist|cifar10|cifar100_coarse|fashion_mnist|mnist|octmnist|organamnist|pneumoniamnist|svhn|tiny_imagenet,0.9225980639457703,0.9225980639457703,0.0,0.0,0.8959388852119445,0.8959388852119445,0.0,5,10,21
resnet50,oxford_pets,random,6,10,21,0.5238095238095238,1,0.6666666666666666,tiny_imagenet,tiny_imagenet,1,tiny_imagenet,bloodmnist|breastmnist|cifar10|octmnist|organamnist|organcmnist|pneumoniamnist|stl10|tiny_imagenet|tissuemnist,0.9225980639457703,0.9225980639457703,0.0,0.0,0.8959388852119445,0.8959388852119445,0.0,5,10,21
resnet50,oxford_pets,random,7,10,21,0.5238095238095238,1,1.0,tiny_imagenet,tiny_imagenet,1,tiny_imagenet,breastmnist|cifar10|cifar100_coarse|fashion_mnist|mnist|organcmnist|pathmnist|rendered_sst2|stl10|tiny_imagenet,0.9225980639457703,0.9225980639457703,0.0,0.0,0.8959388852119445,0.8959388852119445,0.0,5,10,21
resnet50,oxford_pets,random,8,10,21,0.5238095238095238,0,0.3333333333333333,tiny_imagenet,tiny_imagenet,1,fashion_mnist,breastmnist|cifar10|cifar100|cifar100_coarse|fashion_mnist|organcmnist|organsmnist|pneumoniamnist|tissuemnist|usps,0.9225980639457703,0.9147495985031128,0.007848465442657493,0.15263191449161337,0.8959388852119445,0.8909239053726197,0.005014979839324862,5,10,21
resnet50,oxford_pets,random,9,10,21,0.5238095238095238,0,0.3333333333333333,tiny_imagenet,tiny_imagenet,1,fashion_mnist,bloodmnist|breastmnist|cifar100|fashion_mnist|mnist|octmnist|organamnist|organcmnist|pathmnist|rendered_sst2,0.9225980639457703,0.9147495985031128,0.007848465442657493,0.15263191449161337,0.8959388852119445,0.8909239053726197,0.005014979839324862,5,10,21
resnet50,oxford_pets,random,10,10,21,0.5238095238095238,0,0.3333333333333333,tiny_imagenet,tiny_imagenet,1,fashion_mnist,fashion_mnist|mnist|octmnist|organcmnist|organsmnist|pneumoniamnist|rendered_sst2|retinamnist|svhn|usps,0.9225980639457703,0.9147495985031128,0.007848465442657493,0.15263191449161337,0.8959388852119445,0.8909239053726197,0.005014979839324862,5,10,21
resnet50,oxford_pets,random,11,10,21,0.5238095238095238,0,0.3333333333333333,tiny_imagenet,tiny_imagenet,1,fashion_mnist,breastmnist|cifar10|cifar100_coarse|dermamnist|fashion_mnist|octmnist|organamnist|organcmnist|organsmnist|tissuemnist,0.9225980639457703,0.9147495985031128,0.007848465442657493,0.15263191449161337,0.8959388852119445,0.8909239053726197,0.005014979839324862,5,10,21
resnet50,oxford_pets,random,12,10,21,0.5238095238095238,1,0.3333333333333333,tiny_imagenet,tiny_imagenet,1,tiny_imagenet,breastmnist|cifar10|cifar100|cifar100_coarse|mnist|organcmnist|pathmnist|retinamnist|tiny_imagenet|usps,0.9225980639457703,0.9225980639457703,0.0,0.0,0.8959388852119445,0.8959388852119445,0.0,5,10,21
resnet50,oxford_pets,random,13,10,21,0.5238095238095238,0,0.3333333333333333,tiny_imagenet,tiny_imagenet,1,fashion_mnist,breastmnist|cifar100|cifar100_coarse|fashion_mnist|octmnist|organcmnist|organsmnist|rendered_sst2|retinamnist|tissuemnist,0.9225980639457703,0.9147495985031128,0.007848465442657493,0.15263191449161337,0.8959388852119445,0.8909239053726197,0.005014979839324862,5,10,21
resnet50,oxford_pets,random,14,10,21,0.5238095238095238,1,0.3333333333333333,tiny_imagenet,tiny_imagenet,1,tiny_imagenet,breastmnist|cifar100_coarse|mnist|octmnist|organcmnist|organsmnist|pathmnist|rendered_sst2|tiny_imagenet|usps,0.9225980639457703,0.9225980639457703,0.0,0.0,0.8959388852119445,0.8959388852119445,0.0,5,10,21
resnet50,oxford_pets,random,15,10,21,0.5238095238095238,1,0.3333333333333333,tiny_imagenet,tiny_imagenet,1,tiny_imagenet,breastmnist|cifar10|cifar100|cifar100_coarse|mnist|octmnist|organamnist|pneumoniamnist|retinamnist|tiny_imagenet,0.9225980639457703,0.9225980639457703,0.0,0.0,0.8959388852119445,0.8959388852119445,0.0,5,10,21
resnet50,oxford_pets,random,16,10,21,0.5238095238095238,0,0.3333333333333333,tiny_imagenet,tiny_imagenet,1,stl10,breastmnist|dermamnist|octmnist|organcmnist|organsmnist|pneumoniamnist|retinamnist|stl10|svhn|tissuemnist,0.9225980639457703,0.9152908563613892,0.007307207584381081,0.14210587933914334,0.8959388852119445,0.8841100692749023,0.011828815937042214,5,10,21
resnet50,oxford_pets,random,17,10,21,0.5238095238095238,0,0.6666666666666666,tiny_imagenet,tiny_imagenet,1,stl10,bloodmnist|cifar100_coarse|fashion_mnist|octmnist|organsmnist|pneumoniamnist|rendered_sst2|stl10|tissuemnist|usps,0.9225980639457703,0.9152908563613892,0.007307207584381081,0.14210587933914334,0.8959388852119445,0.8841100692749023,0.011828815937042214,5,10,21
resnet50,oxford_pets,random,18,10,21,0.5238095238095238,0,0.6666666666666666,tiny_imagenet,tiny_imagenet,1,stl10,breastmnist|cifar100_coarse|dermamnist|fashion_mnist|mnist|organsmnist|rendered_sst2|retinamnist|stl10|usps,0.9225980639457703,0.9152908563613892,0.007307207584381081,0.14210587933914334,0.8959388852119445,0.8841100692749023,0.011828815937042214,5,10,21
resnet50,oxford_pets,random,19,10,21,0.5238095238095238,1,0.6666666666666666,tiny_imagenet,tiny_imagenet,1,tiny_imagenet,bloodmnist|fashion_mnist|mnist|organsmnist|pathmnist|pneumoniamnist|rendered_sst2|retinamnist|svhn|tiny_imagenet,0.9225980639457703,0.9225980639457703,0.0,0.0,0.8959388852119445,0.8959388852119445,0.0,5,10,21
resnet50,oxford_pets,random,20,10,21,0.5238095238095238,0,0.6666666666666666,tiny_imagenet,tiny_imagenet,1,stl10,breastmnist|cifar10|cifar100_coarse|fashion_mnist|mnist|octmnist|stl10|svhn|tissuemnist|usps,0.9225980639457703,0.9152908563613892,0.007307207584381081,0.14210587933914334,0.8959388852119445,0.8841100692749023,0.011828815937042214,5,10,21
resnet50,oxford_pets,random,21,10,21,0.5238095238095238,0,0.3333333333333333,tiny_imagenet,tiny_imagenet,1,stl10,bloodmnist|breastmnist|mnist|octmnist|organsmnist|pathmnist|pneumoniamnist|retinamnist|stl10|svhn,0.9225980639457703,0.9152908563613892,0.007307207584381081,0.14210587933914334,0.8959388852119445,0.8841100692749023,0.011828815937042214,5,10,21
resnet50,oxford_pets,random,22,10,21,0.5238095238095238,0,0.0,tiny_imagenet,tiny_imagenet,1,cifar10,bloodmnist|cifar10|mnist|octmnist|organcmnist|pathmnist|pneumoniamnist|retinamnist|svhn|tissuemnist,0.9225980639457703,0.9125844955444335,0.010013568401336714,0.19473744608490418,0.8959388852119445,0.8885799407958984,0.00735894441604612,5,10,21
resnet50,oxford_pets,random,23,10,21,0.5238095238095238,0,0.3333333333333333,tiny_imagenet,tiny_imagenet,1,fashion_mnist,breastmnist|cifar100_coarse|fashion_mnist|mnist|octmnist|organamnist|organcmnist|rendered_sst2|retinamnist|svhn,0.9225980639457703,0.9147495985031128,0.007848465442657493,0.15263191449161337,0.8959388852119445,0.8909239053726197,0.005014979839324862,5,10,21
resnet50,oxford_pets,random,24,10,21,0.5238095238095238,1,0.3333333333333333,tiny_imagenet,tiny_imagenet,1,tiny_imagenet,bloodmnist|cifar10|cifar100_coarse|dermamnist|mnist|organcmnist|organsmnist|rendered_sst2|svhn|tiny_imagenet,0.9225980639457703,0.9225980639457703,0.0,0.0,0.8959388852119445,0.8959388852119445,0.0,5,10,21
resnet50,oxford_pets,random,25,10,21,0.5238095238095238,0,0.6666666666666666,tiny_imagenet,tiny_imagenet,1,stl10,breastmnist|cifar10|cifar100|dermamnist|fashion_mnist|organsmnist|pathmnist|rendered_sst2|stl10|tissuemnist,0.9225980639457703,0.9152908563613892,0.007307207584381081,0.14210587933914334,0.8959388852119445,0.8841100692749023,0.011828815937042214,5,10,21
resnet50,oxford_pets,random,26,10,21,0.5238095238095238,0,0.6666666666666666,tiny_imagenet,tiny_imagenet,1,stl10,cifar100|dermamnist|fashion_mnist|organcmnist|organsmnist|pathmnist|pneumoniamnist|rendered_sst2|stl10|svhn,0.9225980639457703,0.9152908563613892,0.007307207584381081,0.14210587933914334,0.8959388852119445,0.8841100692749023,0.011828815937042214,5,10,21
resnet50,oxford_pets,random,27,10,21,0.5238095238095238,1,0.6666666666666666,tiny_imagenet,tiny_imagenet,1,tiny_imagenet,bloodmnist|breastmnist|cifar100_coarse|fashion_mnist|mnist|pathmnist|rendered_sst2|retinamnist|svhn|tiny_imagenet,0.9225980639457703,0.9225980639457703,0.0,0.0,0.8959388852119445,0.8959388852119445,0.0,5,10,21
resnet50,oxford_pets,random,28,10,21,0.5238095238095238,0,0.0,tiny_imagenet,tiny_imagenet,1,organamnist,bloodmnist|cifar100|mnist|organamnist|organcmnist|pathmnist|pneumoniamnist|retinamnist|tissuemnist|usps,0.9225980639457703,0.9123138666152955,0.010284197330474809,0.20000046366113702,0.8959388852119445,0.8911419630050659,0.004796922206878662,5,10,21
resnet50,oxford_pets,random,29,10,21,0.5238095238095238,1,0.6666666666666666,tiny_imagenet,tiny_imagenet,1,tiny_imagenet,bloodmnist|cifar10|dermamnist|fashion_mnist|organamnist|organcmnist|organsmnist|pneumoniamnist|tiny_imagenet|usps,0.9225980639457703,0.9225980639457703,0.0,0.0,0.8959388852119445,0.8959388852119445,0.0,5,10,21
resnet50,oxford_pets,random,30,10,21,0.5238095238095238,1,1.0,tiny_imagenet,tiny_imagenet,1,tiny_imagenet,bloodmnist|breastmnist|cifar10|fashion_mnist|octmnist|organcmnist|pneumoniamnist|stl10|svhn|tiny_imagenet,0.9225980639457703,0.9225980639457703,0.0,0.0,0.8959388852119445,0.8959388852119445,0.0,5,10,21
resnet50,oxford_pets,random,31,10,21,0.5238095238095238,0,0.6666666666666666,tiny_imagenet,tiny_imagenet,1,stl10,cifar100|cifar100_coarse|dermamnist|fashion_mnist|organamnist|organsmnist|pathmnist|pneumoniamnist|stl10|usps,0.9225980639457703,0.9152908563613892,0.007307207584381081,0.14210587933914334,0.8959388852119445,0.8841100692749023,0.011828815937042214,5,10,21
resnet50,oxford_pets,random,32,10,21,0.5238095238095238,0,0.0,tiny_imagenet,tiny_imagenet,1,cifar10,cifar10|cifar100|mnist|octmnist|organcmnist|organsmnist|pathmnist|pneumoniamnist|rendered_sst2|retinamnist,0.9225980639457703,0.9125844955444335,0.010013568401336714,0.19473744608490418,0.8959388852119445,0.8885799407958984,0.00735894441604612,5,10,21
resnet50,oxford_pets,random,33,10,21,0.5238095238095238,0,0.0,tiny_imagenet,tiny_imagenet,1,cifar10,cifar10|cifar100|cifar100_coarse|octmnist|organamnist|organcmnist|organsmnist|pneumoniamnist|tissuemnist|usps,0.9225980639457703,0.9125844955444335,0.010013568401336714,0.19473744608490418,0.8959388852119445,0.8885799407958984,0.00735894441604612,5,10,21
resnet50,oxford_pets,random,34,10,21,0.5238095238095238,1,1.0,tiny_imagenet,tiny_imagenet,1,tiny_imagenet,cifar100_coarse|dermamnist|fashion_mnist|octmnist|organcmnist|retinamnist|stl10|svhn|tiny_imagenet|tissuemnist,0.9225980639457703,0.9225980639457703,0.0,0.0,0.8959388852119445,0.8959388852119445,0.0,5,10,21
resnet50,oxford_pets,random,35,10,21,0.5238095238095238,1,0.6666666666666666,tiny_imagenet,tiny_imagenet,1,tiny_imagenet,cifar100|cifar100_coarse|fashion_mnist|mnist|octmnist|organamnist|organcmnist|svhn|tiny_imagenet|tissuemnist,0.9225980639457703,0.9225980639457703,0.0,0.0,0.8959388852119445,0.8959388852119445,0.0,5,10,21
resnet50,oxford_pets,random,36,10,21,0.5238095238095238,0,0.0,tiny_imagenet,tiny_imagenet,1,cifar10,cifar10|cifar100_coarse|dermamnist|mnist|organamnist|organcmnist|pneumoniamnist|retinamnist|tissuemnist|usps,0.9225980639457703,0.9125844955444335,0.010013568401336714,0.19473744608490418,0.8959388852119445,0.8885799407958984,0.00735894441604612,5,10,21
resnet50,oxford_pets,random,37,10,21,0.5238095238095238,1,0.6666666666666666,tiny_imagenet,tiny_imagenet,1,tiny_imagenet,cifar100|fashion_mnist|octmnist|organamnist|pathmnist|rendered_sst2|retinamnist|svhn|tiny_imagenet|tissuemnist,0.9225980639457703,0.9225980639457703,0.0,0.0,0.8959388852119445,0.8959388852119445,0.0,5,10,21
resnet50,oxford_pets,random,38,10,21,0.5238095238095238,1,0.6666666666666666,tiny_imagenet,tiny_imagenet,1,tiny_imagenet,bloodmnist|cifar100_coarse|fashion_mnist|octmnist|organamnist|organcmnist|retinamnist|svhn|tiny_imagenet|tissuemnist,0.9225980639457703,0.9225980639457703,0.0,0.0,0.8959388852119445,0.8959388852119445,0.0,5,10,21
resnet50,oxford_pets,random,39,10,21,0.5238095238095238,0,0.3333333333333333,tiny_imagenet,tiny_imagenet,1,stl10,bloodmnist|dermamnist|octmnist|organsmnist|pathmnist|pneumoniamnist|rendered_sst2|stl10|svhn|tissuemnist,0.9225980639457703,0.9152908563613892,0.007307207584381081,0.14210587933914334,0.8959388852119445,0.8841100692749023,0.011828815937042214,5,10,21
resnet50,oxford_pets,random,40,10,21,0.5238095238095238,1,0.6666666666666666,tiny_imagenet,tiny_imagenet,1,tiny_imagenet,breastmnist|mnist|octmnist|organamnist|organcmnist|pneumoniamnist|stl10|svhn|tiny_imagenet|usps,0.9225980639457703,0.9225980639457703,0.0,0.0,0.8959388852119445,0.8959388852119445,0.0,5,10,21
resnet50,oxford_pets,random,41,10,21,0.5238095238095238,0,0.3333333333333333,tiny_imagenet,tiny_imagenet,1,fashion_mnist,breastmnist|cifar10|cifar100_coarse|dermamnist|fashion_mnist|mnist|octmnist|rendered_sst2|retinamnist|svhn,0.9225980639457703,0.9147495985031128,0.007848465442657493,0.15263191449161337,0.8959388852119445,0.8909239053726197,0.005014979839324862,5,10,21
resnet50,oxford_pets,random,42,10,21,0.5238095238095238,0,0.3333333333333333,tiny_imagenet,tiny_imagenet,1,stl10,cifar100|dermamnist|mnist|organcmnist|organsmnist|pathmnist|pneumoniamnist|stl10|svhn|tissuemnist,0.9225980639457703,0.9152908563613892,0.007307207584381081,0.14210587933914334,0.8959388852119445,0.8841100692749023,0.011828815937042214,5,10,21
resnet50,oxford_pets,random,43,10,21,0.5238095238095238,0,0.6666666666666666,tiny_imagenet,tiny_imagenet,1,stl10,breastmnist|dermamnist|fashion_mnist|mnist|octmnist|organamnist|pathmnist|rendered_sst2|stl10|usps,0.9225980639457703,0.9152908563613892,0.007307207584381081,0.14210587933914334,0.8959388852119445,0.8841100692749023,0.011828815937042214,5,10,21
resnet50,oxford_pets,random,44,10,21,0.5238095238095238,0,0.0,tiny_imagenet,tiny_imagenet,1,cifar10,bloodmnist|breastmnist|cifar10|cifar100_coarse|dermamnist|mnist|organamnist|organcmnist|svhn|tissuemnist,0.9225980639457703,0.9125844955444335,0.010013568401336714,0.19473744608490418,0.8959388852119445,0.8885799407958984,0.00735894441604612,5,10,21
resnet50,oxford_pets,random,45,10,21,0.5238095238095238,0,0.3333333333333333,tiny_imagenet,tiny_imagenet,1,stl10,breastmnist|cifar10|cifar100|mnist|pathmnist|pneumoniamnist|rendered_sst2|stl10|svhn|usps,0.9225980639457703,0.9152908563613892,0.007307207584381081,0.14210587933914334,0.8959388852119445,0.8841100692749023,0.011828815937042214,5,10,21
resnet50,oxford_pets,random,46,10,21,0.5238095238095238,0,0.0,tiny_imagenet,tiny_imagenet,1,dermamnist,bloodmnist|breastmnist|cifar100_coarse|dermamnist|pathmnist|pneumoniamnist|rendered_sst2|retinamnist|svhn|tissuemnist,0.9225980639457703,0.9096075177192688,0.01299054622650142,0.2526317985763276,0.8959388852119445,0.8850912570953369,0.010847628116607666,5,10,21
resnet50,oxford_pets,random,47,10,21,0.5238095238095238,0,0.6666666666666666,tiny_imagenet,tiny_imagenet,1,stl10,bloodmnist|breastmnist|cifar10|cifar100|fashion_mnist|organamnist|pathmnist|pneumoniamnist|stl10|svhn,0.9225980639457703,0.9152908563613892,0.007307207584381081,0.14210587933914334,0.8959388852119445,0.8841100692749023,0.011828815937042214,5,10,21
resnet50,oxford_pets,random,48,10,21,0.5238095238095238,0,0.3333333333333333,tiny_imagenet,tiny_imagenet,1,fashion_mnist,breastmnist|cifar10|cifar100|cifar100_coarse|fashion_mnist|octmnist|organsmnist|pathmnist|rendered_sst2|retinamnist,0.9225980639457703,0.9147495985031128,0.007848465442657493,0.15263191449161337,0.8959388852119445,0.8909239053726197,0.005014979839324862,5,10,21
resnet50,oxford_pets,random,49,10,21,0.5238095238095238,1,0.6666666666666666,tiny_imagenet,tiny_imagenet,1,tiny_imagenet,cifar10|fashion_mnist|mnist|organcmnist|pathmnist|rendered_sst2|retinamnist|tiny_imagenet|tissuemnist|usps,0.9225980639457703,0.9225980639457703,0.0,0.0,0.8959388852119445,0.8959388852119445,0.0,5,10,21
resnet50,oxford_pets,random,50,10,21,0.5238095238095238,0,0.0,tiny_imagenet,tiny_imagenet,1,organamnist,breastmnist|cifar100|cifar100_coarse|dermamnist|octmnist|organamnist|pneumoniamnist|retinamnist|svhn|usps,0.9225980639457703,0.9123138666152955,0.010284197330474809,0.20000046366113702,0.8959388852119445,0.8911419630050659,0.004796922206878662,5,10,21
resnet50,oxford_pets,random,51,10,21,0.5238095238095238,1,0.3333333333333333,tiny_imagenet,tiny_imagenet,1,tiny_imagenet,breastmnist|cifar10|cifar100_coarse|dermamnist|mnist|organcmnist|rendered_sst2|svhn|tiny_imagenet|usps,0.9225980639457703,0.9225980639457703,0.0,0.0,0.8959388852119445,0.8959388852119445,0.0,5,10,21
resnet50,oxford_pets,random,52,10,21,0.5238095238095238,0,0.0,tiny_imagenet,tiny_imagenet,1,cifar10,bloodmnist|breastmnist|cifar10|cifar100_coarse|octmnist|organamnist|organsmnist|pneumoniamnist|svhn|tissuemnist,0.9225980639457703,0.9125844955444335,0.010013568401336714,0.19473744608490418,0.8959388852119445,0.8885799407958984,0.00735894441604612,5,10,21
resnet50,oxford_pets,random,53,10,21,0.5238095238095238,1,0.6666666666666666,tiny_imagenet,tiny_imagenet,1,tiny_imagenet,dermamnist|fashion_mnist|octmnist|pathmnist|pneumoniamnist|rendered_sst2|retinamnist|svhn|tiny_imagenet|tissuemnist,0.9225980639457703,0.9225980639457703,0.0,0.0,0.8959388852119445,0.8959388852119445,0.0,5,10,21
resnet50,oxford_pets,random,54,10,21,0.5238095238095238,1,0.3333333333333333,tiny_imagenet,tiny_imagenet,1,tiny_imagenet,breastmnist|cifar10|cifar100|organcmnist|organsmnist|pathmnist|retinamnist|svhn|tiny_imagenet|usps,0.9225980639457703,0.9225980639457703,0.0,0.0,0.8959388852119445,0.8959388852119445,0.0,5,10,21
resnet50,oxford_pets,random,55,10,21,0.5238095238095238,0,0.3333333333333333,tiny_imagenet,tiny_imagenet,1,fashion_mnist,bloodmnist|cifar10|dermamnist|fashion_mnist|mnist|organcmnist|organsmnist|rendered_sst2|tissuemnist|usps,0.9225980639457703,0.9147495985031128,0.007848465442657493,0.15263191449161337,0.8959388852119445,0.8909239053726197,0.005014979839324862,5,10,21
resnet50,oxford_pets,random,56,10,21,0.5238095238095238,0,0.6666666666666666,tiny_imagenet,tiny_imagenet,1,stl10,bloodmnist|breastmnist|cifar100_coarse|fashion_mnist|octmnist|organcmnist|organsmnist|pneumoniamnist|stl10|svhn,0.9225980639457703,0.9152908563613892,0.007307207584381081,0.14210587933914334,0.8959388852119445,0.8841100692749023,0.011828815937042214,5,10,21
resnet50,oxford_pets,random,57,10,21,0.5238095238095238,0,0.3333333333333333,tiny_imagenet,tiny_imagenet,1,fashion_mnist,breastmnist|cifar100|dermamnist|fashion_mnist|octmnist|organcmnist|rendered_sst2|retinamnist|svhn|usps,0.9225980639457703,0.9147495985031128,0.007848465442657493,0.15263191449161337,0.8959388852119445,0.8909239053726197,0.005014979839324862,5,10,21
resnet50,oxford_pets,random,58,10,21,0.5238095238095238,1,0.6666666666666666,tiny_imagenet,tiny_imagenet,1,tiny_imagenet,bloodmnist|cifar10|organcmnist|pathmnist|retinamnist|stl10|svhn|tiny_imagenet|tissuemnist|usps,0.9225980639457703,0.9225980639457703,0.0,0.0,0.8959388852119445,0.8959388852119445,0.0,5,10,21
resnet50,oxford_pets,random,59,10,21,0.5238095238095238,1,0.6666666666666666,tiny_imagenet,tiny_imagenet,1,tiny_imagenet,breastmnist|cifar10|mnist|pathmnist|pneumoniamnist|rendered_sst2|stl10|svhn|tiny_imagenet|tissuemnist,0.9225980639457703,0.9225980639457703,0.0,0.0,0.8959388852119445,0.8959388852119445,0.0,5,10,21
resnet50,oxford_pets,random,60,10,21,0.5238095238095238,1,0.3333333333333333,tiny_imagenet,tiny_imagenet,1,tiny_imagenet,breastmnist|mnist|octmnist|organsmnist|pathmnist|rendered_sst2|retinamnist|svhn|tiny_imagenet|usps,0.9225980639457703,0.9225980639457703,0.0,0.0,0.8959388852119445,0.8959388852119445,0.0,5,10,21
resnet50,oxford_pets,random,61,10,21,0.5238095238095238,1,0.3333333333333333,tiny_imagenet,tiny_imagenet,1,tiny_imagenet,breastmnist|cifar100|cifar100_coarse|organamnist|organsmnist|pathmnist|retinamnist|svhn|tiny_imagenet|usps,0.9225980639457703,0.9225980639457703,0.0,0.0,0.8959388852119445,0.8959388852119445,0.0,5,10,21
resnet50,oxford_pets,random,62,10,21,0.5238095238095238,1,0.6666666666666666,tiny_imagenet,tiny_imagenet,1,tiny_imagenet,bloodmnist|breastmnist|dermamnist|fashion_mnist|octmnist|organcmnist|pneumoniamnist|retinamnist|tiny_imagenet|usps,0.9225980639457703,0.9225980639457703,0.0,0.0,0.8959388852119445,0.8959388852119445,0.0,5,10,21
resnet50,oxford_pets,random,63,10,21,0.5238095238095238,0,0.6666666666666666,tiny_imagenet,tiny_imagenet,1,stl10,cifar100|cifar100_coarse|dermamnist|fashion_mnist|mnist|organcmnist|pathmnist|stl10|svhn|usps,0.9225980639457703,0.9152908563613892,0.007307207584381081,0.14210587933914334,0.8959388852119445,0.8841100692749023,0.011828815937042214,5,10,21
resnet50,oxford_pets,random,64,10,21,0.5238095238095238,0,0.6666666666666666,tiny_imagenet,tiny_imagenet,1,stl10,cifar10|cifar100|fashion_mnist|octmnist|pathmnist|pneumoniamnist|rendered_sst2|stl10|tissuemnist|usps,0.9225980639457703,0.9152908563613892,0.007307207584381081,0.14210587933914334,0.8959388852119445,0.8841100692749023,0.011828815937042214,5,10,21
resnet50,oxford_pets,random,65,10,21,0.5238095238095238,0,0.3333333333333333,tiny_imagenet,tiny_imagenet,1,stl10,bloodmnist|breastmnist|cifar10|dermamnist|organamnist|organcmnist|organsmnist|pathmnist|stl10|usps,0.9225980639457703,0.9152908563613892,0.007307207584381081,0.14210587933914334,0.8959388852119445,0.8841100692749023,0.011828815937042214,5,10,21
resnet50,oxford_pets,random,66,10,21,0.5238095238095238,0,0.6666666666666666,tiny_imagenet,tiny_imagenet,1,stl10,cifar10|fashion_mnist|octmnist|organamnist|organcmnist|rendered_sst2|retinamnist|stl10|svhn|usps,0.9225980639457703,0.9152908563613892,0.007307207584381081,0.14210587933914334,0.8959388852119445,0.8841100692749023,0.011828815937042214,5,10,21
resnet50,oxford_pets,random,67,10,21,0.5238095238095238,1,0.3333333333333333,tiny_imagenet,tiny_imagenet,1,tiny_imagenet,bloodmnist|cifar10|cifar100|dermamnist|organamnist|rendered_sst2|retinamnist|svhn|tiny_imagenet|tissuemnist,0.9225980639457703,0.9225980639457703,0.0,0.0,0.8959388852119445,0.8959388852119445,0.0,5,10,21
resnet50,oxford_pets,random,68,10,21,0.5238095238095238,1,1.0,tiny_imagenet,tiny_imagenet,1,tiny_imagenet,bloodmnist|fashion_mnist|organamnist|organcmnist|organsmnist|pneumoniamnist|stl10|svhn|tiny_imagenet|usps,0.9225980639457703,0.9225980639457703,0.0,0.0,0.8959388852119445,0.8959388852119445,0.0,5,10,21
resnet50,oxford_pets,random,69,10,21,0.5238095238095238,1,0.6666666666666666,tiny_imagenet,tiny_imagenet,1,tiny_imagenet,bloodmnist|breastmnist|cifar100|dermamnist|fashion_mnist|pneumoniamnist|retinamnist|tiny_imagenet|tissuemnist|usps,0.9225980639457703,0.9225980639457703,0.0,0.0,0.8959388852119445,0.8959388852119445,0.0,5,10,21
resnet50,oxford_pets,random,70,10,21,0.5238095238095238,0,0.3333333333333333,tiny_imagenet,tiny_imagenet,1,fashion_mnist,cifar10|cifar100_coarse|fashion_mnist|organamnist|organsmnist|pathmnist|rendered_sst2|retinamnist|svhn|tissuemnist,0.9225980639457703,0.9147495985031128,0.007848465442657493,0.15263191449161337,0.8959388852119445,0.8909239053726197,0.005014979839324862,5,10,21
resnet50,oxford_pets,random,71,10,21,0.5238095238095238,0,0.3333333333333333,tiny_imagenet,tiny_imagenet,1,stl10,bloodmnist|cifar10|cifar100_coarse|mnist|organcmnist|organsmnist|rendered_sst2|retinamnist|stl10|svhn,0.9225980639457703,0.9152908563613892,0.007307207584381081,0.14210587933914334,0.8959388852119445,0.8841100692749023,0.011828815937042214,5,10,21
resnet50,oxford_pets,random,72,10,21,0.5238095238095238,1,1.0,tiny_imagenet,tiny_imagenet,1,tiny_imagenet,cifar100|cifar100_coarse|fashion_mnist|organcmnist|organsmnist|pneumoniamnist|retinamnist|stl10|svhn|tiny_imagenet,0.9225980639457703,0.9225980639457703,0.0,0.0,0.8959388852119445,0.8959388852119445,0.0,5,10,21
resnet50,oxford_pets,random,73,10,21,0.5238095238095238,0,0.3333333333333333,tiny_imagenet,tiny_imagenet,1,fashion_mnist,cifar10|cifar100|fashion_mnist|mnist|organamnist|organcmnist|pathmnist|retinamnist|tissuemnist|usps,0.9225980639457703,0.9147495985031128,0.007848465442657493,0.15263191449161337,0.8959388852119445,0.8909239053726197,0.005014979839324862,5,10,21
resnet50,oxford_pets,random,74,10,21,0.5238095238095238,0,0.0,tiny_imagenet,tiny_imagenet,1,cifar100,cifar100|cifar100_coarse|dermamnist|organcmnist|organsmnist|pathmnist|pneumoniamnist|rendered_sst2|svhn|tissuemnist,0.9225980639457703,0.9109606862068176,0.011637377738952681,0.2263162470340185,0.8959388852119445,0.8942490577697754,0.0016898274421691672,5,10,21
resnet50,oxford_pets,random,75,10,21,0.5238095238095238,1,1.0,tiny_imagenet,tiny_imagenet,1,tiny_imagenet,cifar10|cifar100|cifar100_coarse|fashion_mnist|mnist|organamnist|organcmnist|stl10|tiny_imagenet|tissuemnist,0.9225980639457703,0.9225980639457703,0.0,0.0,0.8959388852119445,0.8959388852119445,0.0,5,10,21
resnet50,oxford_pets,random,76,10,21,0.5238095238095238,0,0.0,tiny_imagenet,tiny_imagenet,1,cifar10,bloodmnist|breastmnist|cifar10|dermamnist|mnist|pathmnist|rendered_sst2|retinamnist|tissuemnist|usps,0.9225980639457703,0.9125844955444335,0.010013568401336714,0.19473744608490418,0.8959388852119445,0.8885799407958984,0.00735894441604612,5,10,21
resnet50,oxford_pets,random,77,10,21,0.5238095238095238,1,0.3333333333333333,tiny_imagenet,tiny_imagenet,1,tiny_imagenet,breastmnist|cifar10|dermamnist|mnist|organamnist|organsmnist|rendered_sst2|tiny_imagenet|tissuemnist|usps,0.9225980639457703,0.9225980639457703,0.0,0.0,0.8959388852119445,0.8959388852119445,0.0,5,10,21
resnet50,oxford_pets,random,78,10,21,0.5238095238095238,0,0.3333333333333333,tiny_imagenet,tiny_imagenet,1,fashion_mnist,bloodmnist|breastmnist|cifar10|cifar100_coarse|dermamnist|fashion_mnist|mnist|rendered_sst2|svhn|tissuemnist,0.9225980639457703,0.9147495985031128,0.007848465442657493,0.15263191449161337,0.8959388852119445,0.8909239053726197,0.005014979839324862,5,10,21
resnet50,oxford_pets,random,79,10,21,0.5238095238095238,1,0.3333333333333333,tiny_imagenet,tiny_imagenet,1,tiny_imagenet,cifar100|cifar100_coarse|dermamnist|mnist|octmnist|organamnist|pathmnist|svhn|tiny_imagenet|tissuemnist,0.9225980639457703,0.9225980639457703,0.0,0.0,0.8959388852119445,0.8959388852119445,0.0,5,10,21
resnet50,oxford_pets,random,80,10,21,0.5238095238095238,1,0.3333333333333333,tiny_imagenet,tiny_imagenet,1,tiny_imagenet,bloodmnist|cifar100|octmnist|organamnist|organcmnist|organsmnist|pathmnist|pneumoniamnist|rendered_sst2|tiny_imagenet,0.9225980639457703,0.9225980639457703,0.0,0.0,0.8959388852119445,0.8959388852119445,0.0,5,10,21
resnet50,oxford_pets,random,81,10,21,0.5238095238095238,1,0.6666666666666666,tiny_imagenet,tiny_imagenet,1,tiny_imagenet,dermamnist|mnist|organamnist|organcmnist|pathmnist|pneumoniamnist|retinamnist|stl10|tiny_imagenet|usps,0.9225980639457703,0.9225980639457703,0.0,0.0,0.8959388852119445,0.8959388852119445,0.0,5,10,21
resnet50,oxford_pets,random,82,10,21,0.5238095238095238,0,0.0,tiny_imagenet,tiny_imagenet,1,cifar10,bloodmnist|breastmnist|cifar10|octmnist|organamnist|organsmnist|pneumoniamnist|rendered_sst2|retinamnist|tissuemnist,0.9225980639457703,0.9125844955444335,0.010013568401336714,0.19473744608490418,0.8959388852119445,0.8885799407958984,0.00735894441604612,5,10,21
resnet50,oxford_pets,random,83,10,21,0.5238095238095238,0,0.3333333333333333,tiny_imagenet,tiny_imagenet,1,fashion_mnist,breastmnist|cifar10|fashion_mnist|octmnist|organamnist|organsmnist|pneumoniamnist|rendered_sst2|svhn|usps,0.9225980639457703,0.9147495985031128,0.007848465442657493,0.15263191449161337,0.8959388852119445,0.8909239053726197,0.005014979839324862,5,10,21
resnet50,oxford_pets,random,84,10,21,0.5238095238095238,0,0.3333333333333333,tiny_imagenet,tiny_imagenet,1,stl10,bloodmnist|breastmnist|cifar10|cifar100_coarse|pneumoniamnist|rendered_sst2|retinamnist|stl10|svhn|tissuemnist,0.9225980639457703,0.9152908563613892,0.007307207584381081,0.14210587933914334,0.8959388852119445,0.8841100692749023,0.011828815937042214,5,10,21
resnet50,oxford_pets,random,85,10,21,0.5238095238095238,0,0.6666666666666666,tiny_imagenet,tiny_imagenet,1,stl10,bloodmnist|breastmnist|fashion_mnist|octmnist|organsmnist|pathmnist|rendered_sst2|retinamnist|stl10|tissuemnist,0.9225980639457703,0.9152908563613892,0.007307207584381081,0.14210587933914334,0.8959388852119445,0.8841100692749023,0.011828815937042214,5,10,21
resnet50,oxford_pets,random,86,10,21,0.5238095238095238,0,0.3333333333333333,tiny_imagenet,tiny_imagenet,1,fashion_mnist,bloodmnist|breastmnist|cifar100|dermamnist|fashion_mnist|octmnist|pathmnist|rendered_sst2|retinamnist|svhn,0.9225980639457703,0.9147495985031128,0.007848465442657493,0.15263191449161337,0.8959388852119445,0.8909239053726197,0.005014979839324862,5,10,21
resnet50,oxford_pets,random,87,10,21,0.5238095238095238,0,0.0,tiny_imagenet,tiny_imagenet,1,cifar10,bloodmnist|cifar10|cifar100|cifar100_coarse|mnist|octmnist|organamnist|pneumoniamnist|rendered_sst2|svhn,0.9225980639457703,0.9125844955444335,0.010013568401336714,0.19473744608490418,0.8959388852119445,0.8885799407958984,0.00735894441604612,5,10,21
resnet50,oxford_pets,random,88,10,21,0.5238095238095238,1,0.6666666666666666,tiny_imagenet,tiny_imagenet,1,tiny_imagenet,breastmnist|cifar100|fashion_mnist|mnist|octmnist|organamnist|organsmnist|pathmnist|tiny_imagenet|tissuemnist,0.9225980639457703,0.9225980639457703,0.0,0.0,0.8959388852119445,0.8959388852119445,0.0,5,10,21
resnet50,oxford_pets,random,89,10,21,0.5238095238095238,1,0.6666666666666666,tiny_imagenet,tiny_imagenet,1,tiny_imagenet,bloodmnist|octmnist|organsmnist|pathmnist|rendered_sst2|stl10|svhn|tiny_imagenet|tissuemnist|usps,0.9225980639457703,0.9225980639457703,0.0,0.0,0.8959388852119445,0.8959388852119445,0.0,5,10,21
resnet50,oxford_pets,random,90,10,21,0.5238095238095238,1,1.0,tiny_imagenet,tiny_imagenet,1,tiny_imagenet,bloodmnist|breastmnist|cifar100_coarse|dermamnist|fashion_mnist|mnist|organamnist|rendered_sst2|stl10|tiny_imagenet,0.9225980639457703,0.9225980639457703,0.0,0.0,0.8959388852119445,0.8959388852119445,0.0,5,10,21
resnet50,oxford_pets,random,91,10,21,0.5238095238095238,0,0.3333333333333333,tiny_imagenet,tiny_imagenet,1,fashion_mnist,bloodmnist|cifar10|cifar100_coarse|dermamnist|fashion_mnist|octmnist|organsmnist|pneumoniamnist|svhn|usps,0.9225980639457703,0.9147495985031128,0.007848465442657493,0.15263191449161337,0.8959388852119445,0.8909239053726197,0.005014979839324862,5,10,21
resnet50,oxford_pets,random,92,10,21,0.5238095238095238,1,0.6666666666666666,tiny_imagenet,tiny_imagenet,1,tiny_imagenet,cifar10|cifar100_coarse|dermamnist|octmnist|organamnist|organcmnist|rendered_sst2|stl10|svhn|tiny_imagenet,0.9225980639457703,0.9225980639457703,0.0,0.0,0.8959388852119445,0.8959388852119445,0.0,5,10,21
resnet50,oxford_pets,random,93,10,21,0.5238095238095238,0,0.6666666666666666,tiny_imagenet,tiny_imagenet,1,stl10,breastmnist|cifar10|dermamnist|fashion_mnist|organamnist|pathmnist|retinamnist|stl10|svhn|usps,0.9225980639457703,0.9152908563613892,0.007307207584381081,0.14210587933914334,0.8959388852119445,0.8841100692749023,0.011828815937042214,5,10,21
resnet50,oxford_pets,random,94,10,21,0.5238095238095238,1,0.6666666666666666,tiny_imagenet,tiny_imagenet,1,tiny_imagenet,bloodmnist|breastmnist|cifar10|cifar100|octmnist|pneumoniamnist|rendered_sst2|stl10|tiny_imagenet|usps,0.9225980639457703,0.9225980639457703,0.0,0.0,0.8959388852119445,0.8959388852119445,0.0,5,10,21
resnet50,oxford_pets,random,95,10,21,0.5238095238095238,1,0.6666666666666666,tiny_imagenet,tiny_imagenet,1,tiny_imagenet,bloodmnist|breastmnist|cifar100|fashion_mnist|mnist|organamnist|retinamnist|tiny_imagenet|tissuemnist|usps,0.9225980639457703,0.9225980639457703,0.0,0.0,0.8959388852119445,0.8959388852119445,0.0,5,10,21
resnet50,oxford_pets,random,96,10,21,0.5238095238095238,0,0.3333333333333333,tiny_imagenet,tiny_imagenet,1,fashion_mnist,bloodmnist|breastmnist|cifar10|cifar100_coarse|fashion_mnist|organamnist|pathmnist|rendered_sst2|retinamnist|usps,0.9225980639457703,0.9147495985031128,0.007848465442657493,0.15263191449161337,0.8959388852119445,0.8909239053726197,0.005014979839324862,5,10,21
resnet50,oxford_pets,random,97,10,21,0.5238095238095238,1,1.0,tiny_imagenet,tiny_imagenet,1,tiny_imagenet,bloodmnist|cifar10|cifar100|cifar100_coarse|fashion_mnist|organsmnist|rendered_sst2|stl10|tiny_imagenet|tissuemnist,0.9225980639457703,0.9225980639457703,0.0,0.0,0.8959388852119445,0.8959388852119445,0.0,5,10,21
resnet50,oxford_pets,random,98,10,21,0.5238095238095238,0,0.6666666666666666,tiny_imagenet,tiny_imagenet,1,stl10,breastmnist|cifar10|dermamnist|fashion_mnist|organamnist|organsmnist|pathmnist|retinamnist|stl10|tissuemnist,0.9225980639457703,0.9152908563613892,0.007307207584381081,0.14210587933914334,0.8959388852119445,0.8841100692749023,0.011828815937042214,5,10,21
resnet50,oxford_pets,random,99,10,21,0.5238095238095238,0,0.0,tiny_imagenet,tiny_imagenet,1,cifar10,bloodmnist|breastmnist|cifar10|mnist|octmnist|organamnist|organcmnist|pathmnist|rendered_sst2|svhn,0.9225980639457703,0.9125844955444335,0.010013568401336714,0.19473744608490418,0.8959388852119445,0.8885799407958984,0.00735894441604612,5,10,21
